# WaveFront *.obj file (generated by Autodesk ATF)

mtllib L2.mtl

g Body2

v 0.326205 -0.001042 0.090800
v 0.326280 -0.000809 0.090800
v 0.326383 -0.000577 0.090800
v 0.326506 -0.000378 0.090800
v 0.326647 -0.000212 0.090800
v 0.326808 -0.000079 0.090800
v 0.326997 0.000023 0.090800
v 0.327204 0.000095 0.090800
v 0.327432 0.000139 0.090800
v 0.327679 0.000153 0.090800
v 0.327983 0.000126 0.090800
v 0.328246 0.000046 0.090800
v 0.328361 -0.000015 0.090800
v 0.328465 -0.000089 0.090800
v 0.328559 -0.000177 0.090800
v 0.328642 -0.000278 0.090800
v 0.328738 -0.000435 0.090800
v 0.328816 -0.000615 0.090800
v 0.328877 -0.000817 0.090800
v 0.328919 -0.001042 0.090800
v 0.330864 0.000319 0.090800
v 0.330635 0.000752 0.090800
v 0.330355 0.001137 0.090800
v 0.330022 0.001474 0.090800
v 0.329636 0.001763 0.090800
v 0.329199 0.002003 0.090800
v 0.328712 0.002175 0.090800
v 0.328174 0.002277 0.090800
v 0.327585 0.002312 0.090800
v 0.327072 0.002278 0.090800
v 0.326571 0.002179 0.090800
v 0.326085 0.002013 0.090800
v 0.325612 0.001780 0.090800
v 0.325167 0.001494 0.090800
v 0.324765 0.001150 0.090800
v 0.324406 0.000747 0.090800
v 0.324089 0.000286 0.090800
v 0.323838 -0.000220 0.090800
v 0.323658 -0.000776 0.090800
v 0.323550 -0.001382 0.090800
v 0.323515 -0.002038 0.090800
v 0.323550 -0.002702 0.090800
v 0.323658 -0.003316 0.090800
v 0.323838 -0.003881 0.090800
v 0.324089 -0.004395 0.090800
v 0.324402 -0.004849 0.090800
v 0.324765 -0.005246 0.090800
v 0.325179 -0.005587 0.090800
v 0.325643 -0.005873 0.090800
v 0.326155 -0.006098 0.090800
v 0.326696 -0.006259 0.090800
v 0.327266 -0.006355 0.090800
v 0.327865 -0.006387 0.090800
v 0.328237 -0.006372 0.090800
v 0.328622 -0.006325 0.090800
v 0.329021 -0.006247 0.090800
v 0.329434 -0.006138 0.090800
v 0.329845 -0.006000 0.090800
v 0.330238 -0.005835 0.090800
v 0.330614 -0.005643 0.090800
v 0.330973 -0.005425 0.090800
v 0.330102 -0.003731 0.090800
v 0.329605 -0.003951 0.090800
v 0.329139 -0.004113 0.090800
v 0.328696 -0.004200 0.090800
v 0.328238 -0.004229 0.090800
v 0.327895 -0.004216 0.090800
v 0.327581 -0.004176 0.090800
v 0.327297 -0.004108 0.090800
v 0.327042 -0.004014 0.090800
v 0.326822 -0.003882 0.090800
v 0.326630 -0.003719 0.090800
v 0.326465 -0.003525 0.090800
v 0.326327 -0.003300 0.090800
v 0.326248 -0.003111 0.090800
v 0.326186 -0.002902 0.090800
v 0.331174 -0.002902 0.090800
v 0.331205 -0.002706 0.090800
v 0.331237 -0.002420 0.090800
v 0.331271 -0.002067 0.090800
v 0.331283 -0.001706 0.090800
v 0.331257 -0.001162 0.090800
v 0.331178 -0.000644 0.090800
v 0.331047 -0.000150 0.090800
vt -0.001119 0.001229 0.000000
vt -0.003309 0.002324 0.000000
vt -0.001193 0.000996 0.000000
vt -0.003561 0.001818 0.000000
vt -0.003741 0.001262 0.000000
vt -0.002993 0.002785 0.000000
vt -0.001016 0.001461 0.000000
vt -0.002634 0.003187 0.000000
vt -0.000893 0.001660 0.000000
vt -0.002232 0.003532 0.000000
vt -0.000752 0.001826 0.000000
vt -0.001787 0.003818 0.000000
vt -0.000591 0.001959 0.000000
vt -0.001314 0.004051 0.000000
vt -0.000402 0.002061 0.000000
vt -0.000827 0.004217 0.000000
vt -0.000194 0.002133 0.000000
vt -0.000327 0.004316 0.000000
vt 0.000033 0.002177 0.000000
vt 0.000186 0.004349 0.000000
vt 0.000280 0.002191 0.000000
vt 0.000775 0.004315 0.000000
vt 0.000585 0.002164 0.000000
vt 0.001313 0.004212 0.000000
vt 0.000847 0.002083 0.000000
vt 0.001800 0.004041 0.000000
vt 0.000962 0.002023 0.000000
vt 0.001066 0.001949 0.000000
vt 0.002237 0.003801 0.000000
vt 0.001160 0.001861 0.000000
vt 0.002623 0.003512 0.000000
vt 0.001243 0.001760 0.000000
vt 0.002956 0.003175 0.000000
vt 0.001339 0.001603 0.000000
vt 0.003237 0.002790 0.000000
vt 0.001417 0.001423 0.000000
vt 0.003465 0.002357 0.000000
vt 0.001478 0.001221 0.000000
vt 0.003648 0.001888 0.000000
vt 0.001521 0.000996 0.000000
vt 0.003779 0.001394 0.000000
vt 0.003858 0.000875 0.000000
vt 0.003884 0.000332 0.000000
vt 0.003873 -0.000029 0.000000
vt 0.003838 -0.000382 0.000000
vt 0.003807 -0.000669 0.000000
vt 0.003775 -0.000864 0.000000
vt -0.001213 -0.000864 0.000000
vt -0.003884 -0.000000 0.000000
vt -0.003848 0.000656 0.000000
vt -0.003848 -0.000664 0.000000
vt -0.003741 -0.001278 0.000000
vt -0.003561 -0.001843 0.000000
vt -0.001151 -0.001073 0.000000
vt -0.003309 -0.002357 0.000000
vt -0.001072 -0.001262 0.000000
vt -0.002997 -0.002811 0.000000
vt -0.002634 -0.003208 0.000000
vt -0.000934 -0.001487 0.000000
vt -0.002220 -0.003549 0.000000
vt -0.000769 -0.001681 0.000000
vt -0.001756 -0.003835 0.000000
vt -0.000577 -0.001844 0.000000
vt -0.001244 -0.004060 0.000000
vt -0.000357 -0.001976 0.000000
vt -0.000703 -0.004221 0.000000
vt -0.000102 -0.002070 0.000000
vt -0.000133 -0.004317 0.000000
vt 0.000183 -0.002138 0.000000
vt 0.000466 -0.004349 0.000000
vt 0.000496 -0.002178 0.000000
vt 0.000838 -0.004334 0.000000
vt 0.000839 -0.002192 0.000000
vt 0.001224 -0.004287 0.000000
vt 0.001297 -0.002163 0.000000
vt 0.001623 -0.004210 0.000000
vt 0.002035 -0.004101 0.000000
vt 0.001740 -0.002075 0.000000
vt 0.002446 -0.003963 0.000000
vt 0.002206 -0.001914 0.000000
vt 0.002840 -0.003798 0.000000
vt 0.003215 -0.003606 0.000000
vt 0.003574 -0.003387 0.000000
vt 0.002703 -0.001694 0.000000
vn 0.000000 0.000000 1.000000
vn 0.000000 0.000000 1.000000
vn 0.000000 0.000000 1.000000
vn 0.000000 0.000000 1.000000
vn 0.000000 0.000000 1.000000
vn 0.000000 0.000000 1.000000
vn 0.000000 0.000000 1.000000
vn 0.000000 0.000000 1.000000
vn 0.000000 0.000000 1.000000
vn 0.000000 0.000000 1.000000
vn 0.000000 0.000000 1.000000
vn 0.000000 0.000000 1.000000
vn 0.000000 0.000000 1.000000
vn 0.000000 0.000000 1.000000
vn 0.000000 0.000000 1.000000
vn 0.000000 0.000000 1.000000
vn 0.000000 0.000000 1.000000
vn 0.000000 0.000000 1.000000
vn 0.000000 0.000000 1.000000
vn 0.000000 0.000000 1.000000
vn 0.000000 0.000000 1.000000
vn 0.000000 0.000000 1.000000
vn 0.000000 0.000000 1.000000
vn 0.000000 0.000000 1.000000
vn 0.000000 0.000000 1.000000
vn 0.000000 0.000000 1.000000
vn 0.000000 0.000000 1.000000
vn 0.000000 0.000000 1.000000
vn 0.000000 0.000000 1.000000
vn 0.000000 0.000000 1.000000
vn 0.000000 0.000000 1.000000
vn 0.000000 0.000000 1.000000
vn 0.000000 0.000000 1.000000
vn 0.000000 0.000000 1.000000
vn 0.000000 0.000000 1.000000
vn 0.000000 0.000000 1.000000
vn 0.000000 0.000000 1.000000
vn 0.000000 0.000000 1.000000
vn 0.000000 0.000000 1.000000
vn 0.000000 0.000000 1.000000
vn 0.000000 0.000000 1.000000
vn 0.000000 0.000000 1.000000
vn 0.000000 0.000000 1.000000
vn 0.000000 0.000000 1.000000
vn 0.000000 0.000000 1.000000
vn 0.000000 0.000000 1.000000
vn 0.000000 0.000000 1.000000
vn 0.000000 0.000000 1.000000
vn 0.000000 0.000000 1.000000
vn 0.000000 0.000000 1.000000
vn 0.000000 0.000000 1.000000
vn 0.000000 0.000000 1.000000
vn 0.000000 0.000000 1.000000
vn 0.000000 0.000000 1.000000
vn 0.000000 0.000000 1.000000
vn 0.000000 0.000000 1.000000
vn 0.000000 0.000000 1.000000
vn 0.000000 0.000000 1.000000
vn 0.000000 0.000000 1.000000
vn 0.000000 0.000000 1.000000
vn 0.000000 0.000000 1.000000
vn 0.000000 0.000000 1.000000
vn 0.000000 0.000000 1.000000
vn 0.000000 0.000000 1.000000
vn 0.000000 0.000000 1.000000
vn 0.000000 0.000000 1.000000
vn 0.000000 0.000000 1.000000
vn 0.000000 0.000000 1.000000
vn 0.000000 0.000000 1.000000
vn 0.000000 0.000000 1.000000
vn 0.000000 0.000000 1.000000
vn 0.000000 0.000000 1.000000
vn 0.000000 0.000000 1.000000
vn 0.000000 0.000000 1.000000
vn 0.000000 0.000000 1.000000
vn 0.000000 0.000000 1.000000
vn 0.000000 0.000000 1.000000
vn 0.000000 0.000000 1.000000
vn 0.000000 0.000000 1.000000
vn 0.000000 0.000000 1.000000
vn 0.000000 0.000000 1.000000
vn 0.000000 0.000000 1.000000
vn 0.000000 0.000000 1.000000
vn 0.000000 0.000000 1.000000
usemtl Paint_-_Enamel_Glossy_(Grey)
f 2/1/1 37/2/2 1/3/3
f 1/3/3 37/2/2 38/4/4
f 1/3/3 38/4/4 39/5/5
f 37/2/2 2/1/1 36/6/6
f 36/6/6 2/1/1 3/7/7
f 36/6/6 3/7/7 35/8/8
f 35/8/8 3/7/7 4/9/9
f 35/8/8 4/9/9 34/10/10
f 34/10/10 4/9/9 5/11/11
f 34/10/10 5/11/11 33/12/12
f 33/12/12 5/11/11 6/13/13
f 33/12/12 6/13/13 32/14/14
f 32/14/14 6/13/13 7/15/15
f 32/14/14 7/15/15 31/16/16
f 31/16/16 7/15/15 8/17/17
f 31/16/16 8/17/17 30/18/18
f 30/18/18 8/17/17 9/19/19
f 30/18/18 9/19/19 29/20/20
f 29/20/20 9/19/19 10/21/21
f 29/20/20 10/21/21 28/22/22
f 28/22/22 10/21/21 11/23/23
f 28/22/22 11/23/23 27/24/24
f 27/24/24 11/23/23 12/25/25
f 27/24/24 12/25/25 26/26/26
f 26/26/26 12/25/25 13/27/27
f 26/26/26 13/27/27 14/28/28
f 26/26/26 14/28/28 25/29/29
f 25/29/29 14/28/28 15/30/30
f 25/29/29 15/30/30 24/31/31
f 24/31/31 15/30/30 16/32/32
f 24/31/31 16/32/32 23/33/33
f 23/33/33 16/32/32 17/34/34
f 23/33/33 17/34/34 22/35/35
f 22/35/35 17/34/34 18/36/36
f 22/35/35 18/36/36 21/37/37
f 21/37/37 18/36/36 19/38/38
f 21/37/37 19/38/38 84/39/39
f 84/39/39 19/38/38 20/40/40
f 84/39/39 20/40/40 83/41/41
f 83/41/41 20/40/40 82/42/42
f 82/42/42 20/40/40 81/43/43
f 81/43/43 20/40/40 80/44/44
f 80/44/44 20/40/40 79/45/45
f 79/45/45 20/40/40 78/46/46
f 78/46/46 20/40/40 77/47/47
f 77/47/47 20/40/40 76/48/48
f 76/48/48 20/40/40 1/3/3
f 76/48/48 1/3/3 41/49/49
f 41/49/49 1/3/3 40/50/50
f 40/50/50 1/3/3 39/5/5
f 41/49/49 42/51/51 76/48/48
f 76/48/48 42/51/51 43/52/52
f 76/48/48 43/52/52 44/53/53
f 76/48/48 44/53/53 75/54/54
f 75/54/54 44/53/53 45/55/55
f 75/54/54 45/55/55 74/56/56
f 74/56/56 45/55/55 46/57/57
f 74/56/56 46/57/57 47/58/58
f 74/56/56 47/58/58 73/59/59
f 73/59/59 47/58/58 48/60/60
f 73/59/59 48/60/60 72/61/61
f 72/61/61 48/60/60 49/62/62
f 72/61/61 49/62/62 71/63/63
f 71/63/63 49/62/62 50/64/64
f 71/63/63 50/64/64 70/65/65
f 70/65/65 50/64/64 51/66/66
f 70/65/65 51/66/66 69/67/67
f 69/67/67 51/66/66 52/68/68
f 69/67/67 52/68/68 68/69/69
f 68/69/69 52/68/68 53/70/70
f 68/69/69 53/70/70 67/71/71
f 67/71/71 53/70/70 54/72/72
f 67/71/71 54/72/72 66/73/73
f 66/73/73 54/72/72 55/74/74
f 66/73/73 55/74/74 65/75/75
f 65/75/75 55/74/74 56/76/76
f 65/75/75 56/76/76 57/77/77
f 65/75/75 57/77/77 64/78/78
f 64/78/78 57/77/77 58/79/79
f 64/78/78 58/79/79 63/80/80
f 63/80/80 58/79/79 59/81/81
f 63/80/80 59/81/81 60/82/82
f 61/83/83 62/84/84 60/82/82
f 60/82/82 62/84/84 63/80/80
g Body3

v 0.304466 -0.001042 0.090800
v 0.304541 -0.000809 0.090800
v 0.304644 -0.000577 0.090800
v 0.304766 -0.000378 0.090800
v 0.304908 -0.000212 0.090800
v 0.305069 -0.000079 0.090800
v 0.305257 0.000023 0.090800
v 0.305465 0.000095 0.090800
v 0.305692 0.000139 0.090800
v 0.305939 0.000153 0.090800
v 0.306244 0.000126 0.090800
v 0.306506 0.000046 0.090800
v 0.306621 -0.000015 0.090800
v 0.306726 -0.000089 0.090800
v 0.306819 -0.000177 0.090800
v 0.306902 -0.000278 0.090800
v 0.306998 -0.000435 0.090800
v 0.307076 -0.000615 0.090800
v 0.307137 -0.000817 0.090800
v 0.307180 -0.001042 0.090800
v 0.309124 0.000319 0.090800
v 0.308896 0.000752 0.090800
v 0.308615 0.001137 0.090800
v 0.308282 0.001474 0.090800
v 0.307897 0.001763 0.090800
v 0.307460 0.002003 0.090800
v 0.306972 0.002175 0.090800
v 0.306434 0.002277 0.090800
v 0.305846 0.002312 0.090800
v 0.305332 0.002278 0.090800
v 0.304832 0.002179 0.090800
v 0.304345 0.002013 0.090800
v 0.303873 0.001780 0.090800
v 0.303428 0.001494 0.090800
v 0.303026 0.001150 0.090800
v 0.302666 0.000747 0.090800
v 0.302350 0.000286 0.090800
v 0.302098 -0.000220 0.090800
v 0.301919 -0.000776 0.090800
v 0.301811 -0.001382 0.090800
v 0.301775 -0.002038 0.090800
v 0.301811 -0.002702 0.090800
v 0.301919 -0.003316 0.090800
v 0.302098 -0.003881 0.090800
v 0.302350 -0.004395 0.090800
v 0.302663 -0.004849 0.090800
v 0.303026 -0.005246 0.090800
v 0.303439 -0.005587 0.090800
v 0.303904 -0.005873 0.090800
v 0.304415 -0.006098 0.090800
v 0.304956 -0.006259 0.090800
v 0.305526 -0.006355 0.090800
v 0.306126 -0.006387 0.090800
v 0.306497 -0.006372 0.090800
v 0.306883 -0.006325 0.090800
v 0.307282 -0.006247 0.090800
v 0.307695 -0.006138 0.090800
v 0.308105 -0.006000 0.090800
v 0.308499 -0.005835 0.090800
v 0.308875 -0.005643 0.090800
v 0.309233 -0.005425 0.090800
v 0.308363 -0.003731 0.090800
v 0.307866 -0.003951 0.090800
v 0.307400 -0.004113 0.090800
v 0.306957 -0.004200 0.090800
v 0.306499 -0.004229 0.090800
v 0.306156 -0.004216 0.090800
v 0.305842 -0.004176 0.090800
v 0.305557 -0.004108 0.090800
v 0.305302 -0.004014 0.090800
v 0.305083 -0.003882 0.090800
v 0.304890 -0.003719 0.090800
v 0.304725 -0.003525 0.090800
v 0.304587 -0.003300 0.090800
v 0.304509 -0.003111 0.090800
v 0.304446 -0.002902 0.090800
v 0.309435 -0.002902 0.090800
v 0.309466 -0.002706 0.090800
v 0.309497 -0.002420 0.090800
v 0.309532 -0.002067 0.090800
v 0.309544 -0.001706 0.090800
v 0.309517 -0.001162 0.090800
v 0.309439 -0.000644 0.090800
v 0.309308 -0.000150 0.090800
vt -0.001119 0.001229 0.000000
vt -0.003309 0.002324 0.000000
vt -0.001193 0.000996 0.000000
vt -0.003561 0.001818 0.000000
vt -0.003741 0.001262 0.000000
vt -0.002993 0.002785 0.000000
vt -0.001016 0.001461 0.000000
vt -0.002634 0.003187 0.000000
vt -0.000893 0.001660 0.000000
vt -0.002232 0.003532 0.000000
vt -0.000752 0.001826 0.000000
vt -0.001787 0.003818 0.000000
vt -0.000591 0.001959 0.000000
vt -0.001314 0.004051 0.000000
vt -0.000402 0.002061 0.000000
vt -0.000827 0.004217 0.000000
vt -0.000194 0.002133 0.000000
vt -0.000327 0.004316 0.000000
vt 0.000033 0.002177 0.000000
vt 0.000186 0.004349 0.000000
vt 0.000280 0.002191 0.000000
vt 0.000775 0.004315 0.000000
vt 0.000585 0.002164 0.000000
vt 0.001313 0.004212 0.000000
vt 0.000847 0.002083 0.000000
vt 0.001800 0.004041 0.000000
vt 0.000962 0.002023 0.000000
vt 0.001066 0.001949 0.000000
vt 0.002237 0.003801 0.000000
vt 0.001160 0.001861 0.000000
vt 0.002623 0.003512 0.000000
vt 0.001243 0.001760 0.000000
vt 0.002956 0.003175 0.000000
vt 0.001339 0.001603 0.000000
vt 0.003237 0.002790 0.000000
vt 0.001417 0.001423 0.000000
vt 0.003465 0.002357 0.000000
vt 0.001478 0.001221 0.000000
vt 0.003648 0.001888 0.000000
vt 0.001521 0.000996 0.000000
vt 0.003779 0.001394 0.000000
vt 0.003858 0.000875 0.000000
vt 0.003884 0.000332 0.000000
vt 0.003873 -0.000029 0.000000
vt 0.003838 -0.000382 0.000000
vt 0.003807 -0.000669 0.000000
vt 0.003775 -0.000864 0.000000
vt -0.001213 -0.000864 0.000000
vt -0.003884 -0.000000 0.000000
vt -0.003848 0.000656 0.000000
vt -0.003848 -0.000664 0.000000
vt -0.003741 -0.001278 0.000000
vt -0.003561 -0.001843 0.000000
vt -0.001151 -0.001073 0.000000
vt -0.003309 -0.002357 0.000000
vt -0.001072 -0.001262 0.000000
vt -0.002997 -0.002811 0.000000
vt -0.002634 -0.003208 0.000000
vt -0.000934 -0.001487 0.000000
vt -0.002220 -0.003549 0.000000
vt -0.000769 -0.001681 0.000000
vt -0.001756 -0.003835 0.000000
vt -0.000577 -0.001844 0.000000
vt -0.001244 -0.004060 0.000000
vt -0.000357 -0.001976 0.000000
vt -0.000703 -0.004221 0.000000
vt -0.000102 -0.002070 0.000000
vt -0.000133 -0.004317 0.000000
vt 0.000183 -0.002138 0.000000
vt 0.000466 -0.004349 0.000000
vt 0.000496 -0.002178 0.000000
vt 0.000838 -0.004334 0.000000
vt 0.000839 -0.002192 0.000000
vt 0.001224 -0.004287 0.000000
vt 0.001297 -0.002163 0.000000
vt 0.001623 -0.004210 0.000000
vt 0.002035 -0.004101 0.000000
vt 0.001740 -0.002075 0.000000
vt 0.002446 -0.003963 0.000000
vt 0.002206 -0.001914 0.000000
vt 0.002840 -0.003798 0.000000
vt 0.003215 -0.003606 0.000000
vt 0.003574 -0.003387 0.000000
vt 0.002703 -0.001694 0.000000
vn 0.000000 0.000000 1.000000
vn 0.000000 0.000000 1.000000
vn 0.000000 0.000000 1.000000
vn 0.000000 0.000000 1.000000
vn 0.000000 0.000000 1.000000
vn 0.000000 0.000000 1.000000
vn 0.000000 0.000000 1.000000
vn 0.000000 0.000000 1.000000
vn 0.000000 0.000000 1.000000
vn 0.000000 0.000000 1.000000
vn 0.000000 0.000000 1.000000
vn 0.000000 0.000000 1.000000
vn 0.000000 0.000000 1.000000
vn 0.000000 0.000000 1.000000
vn 0.000000 0.000000 1.000000
vn 0.000000 0.000000 1.000000
vn 0.000000 0.000000 1.000000
vn 0.000000 0.000000 1.000000
vn 0.000000 0.000000 1.000000
vn 0.000000 0.000000 1.000000
vn 0.000000 0.000000 1.000000
vn 0.000000 0.000000 1.000000
vn 0.000000 0.000000 1.000000
vn 0.000000 0.000000 1.000000
vn 0.000000 0.000000 1.000000
vn 0.000000 0.000000 1.000000
vn 0.000000 0.000000 1.000000
vn 0.000000 0.000000 1.000000
vn 0.000000 0.000000 1.000000
vn 0.000000 0.000000 1.000000
vn 0.000000 0.000000 1.000000
vn 0.000000 0.000000 1.000000
vn 0.000000 0.000000 1.000000
vn 0.000000 0.000000 1.000000
vn 0.000000 0.000000 1.000000
vn 0.000000 0.000000 1.000000
vn 0.000000 0.000000 1.000000
vn 0.000000 0.000000 1.000000
vn 0.000000 0.000000 1.000000
vn 0.000000 0.000000 1.000000
vn 0.000000 0.000000 1.000000
vn 0.000000 0.000000 1.000000
vn 0.000000 0.000000 1.000000
vn 0.000000 0.000000 1.000000
vn 0.000000 0.000000 1.000000
vn 0.000000 0.000000 1.000000
vn 0.000000 0.000000 1.000000
vn 0.000000 0.000000 1.000000
vn 0.000000 0.000000 1.000000
vn 0.000000 0.000000 1.000000
vn 0.000000 0.000000 1.000000
vn 0.000000 0.000000 1.000000
vn 0.000000 0.000000 1.000000
vn 0.000000 0.000000 1.000000
vn 0.000000 0.000000 1.000000
vn 0.000000 0.000000 1.000000
vn 0.000000 0.000000 1.000000
vn 0.000000 0.000000 1.000000
vn 0.000000 0.000000 1.000000
vn 0.000000 0.000000 1.000000
vn 0.000000 0.000000 1.000000
vn 0.000000 0.000000 1.000000
vn 0.000000 0.000000 1.000000
vn 0.000000 0.000000 1.000000
vn 0.000000 0.000000 1.000000
vn 0.000000 0.000000 1.000000
vn 0.000000 0.000000 1.000000
vn 0.000000 0.000000 1.000000
vn 0.000000 0.000000 1.000000
vn 0.000000 0.000000 1.000000
vn 0.000000 0.000000 1.000000
vn 0.000000 0.000000 1.000000
vn 0.000000 0.000000 1.000000
vn 0.000000 0.000000 1.000000
vn 0.000000 0.000000 1.000000
vn 0.000000 0.000000 1.000000
vn 0.000000 0.000000 1.000000
vn 0.000000 0.000000 1.000000
vn 0.000000 0.000000 1.000000
vn 0.000000 0.000000 1.000000
vn 0.000000 0.000000 1.000000
vn 0.000000 0.000000 1.000000
vn 0.000000 0.000000 1.000000
vn 0.000000 0.000000 1.000000
f 86/85/85 121/86/86 85/87/87
f 85/87/87 121/86/86 122/88/88
f 85/87/87 122/88/88 123/89/89
f 121/86/86 86/85/85 120/90/90
f 120/90/90 86/85/85 87/91/91
f 120/90/90 87/91/91 119/92/92
f 119/92/92 87/91/91 88/93/93
f 119/92/92 88/93/93 118/94/94
f 118/94/94 88/93/93 89/95/95
f 118/94/94 89/95/95 117/96/96
f 117/96/96 89/95/95 90/97/97
f 117/96/96 90/97/97 116/98/98
f 116/98/98 90/97/97 91/99/99
f 116/98/98 91/99/99 115/100/100
f 115/100/100 91/99/99 92/101/101
f 115/100/100 92/101/101 114/102/102
f 114/102/102 92/101/101 93/103/103
f 114/102/102 93/103/103 113/104/104
f 113/104/104 93/103/103 94/105/105
f 113/104/104 94/105/105 112/106/106
f 112/106/106 94/105/105 95/107/107
f 112/106/106 95/107/107 111/108/108
f 111/108/108 95/107/107 96/109/109
f 111/108/108 96/109/109 110/110/110
f 110/110/110 96/109/109 97/111/111
f 110/110/110 97/111/111 98/112/112
f 110/110/110 98/112/112 109/113/113
f 109/113/113 98/112/112 99/114/114
f 109/113/113 99/114/114 108/115/115
f 108/115/115 99/114/114 100/116/116
f 108/115/115 100/116/116 107/117/117
f 107/117/117 100/116/116 101/118/118
f 107/117/117 101/118/118 106/119/119
f 106/119/119 101/118/118 102/120/120
f 106/119/119 102/120/120 105/121/121
f 105/121/121 102/120/120 103/122/122
f 105/121/121 103/122/122 168/123/123
f 168/123/123 103/122/122 104/124/124
f 168/123/123 104/124/124 167/125/125
f 167/125/125 104/124/124 166/126/126
f 166/126/126 104/124/124 165/127/127
f 165/127/127 104/124/124 164/128/128
f 164/128/128 104/124/124 163/129/129
f 163/129/129 104/124/124 162/130/130
f 162/130/130 104/124/124 161/131/131
f 161/131/131 104/124/124 160/132/132
f 160/132/132 104/124/124 85/87/87
f 160/132/132 85/87/87 125/133/133
f 125/133/133 85/87/87 124/134/134
f 124/134/134 85/87/87 123/89/89
f 125/133/133 126/135/135 160/132/132
f 160/132/132 126/135/135 127/136/136
f 160/132/132 127/136/136 128/137/137
f 160/132/132 128/137/137 159/138/138
f 159/138/138 128/137/137 129/139/139
f 159/138/138 129/139/139 158/140/140
f 158/140/140 129/139/139 130/141/141
f 158/140/140 130/141/141 131/142/142
f 158/140/140 131/142/142 157/143/143
f 157/143/143 131/142/142 132/144/144
f 157/143/143 132/144/144 156/145/145
f 156/145/145 132/144/144 133/146/146
f 156/145/145 133/146/146 155/147/147
f 155/147/147 133/146/146 134/148/148
f 155/147/147 134/148/148 154/149/149
f 154/149/149 134/148/148 135/150/150
f 154/149/149 135/150/150 153/151/151
f 153/151/151 135/150/150 136/152/152
f 153/151/151 136/152/152 152/153/153
f 152/153/153 136/152/152 137/154/154
f 152/153/153 137/154/154 151/155/155
f 151/155/155 137/154/154 138/156/156
f 151/155/155 138/156/156 150/157/157
f 150/157/157 138/156/156 139/158/158
f 150/157/157 139/158/158 149/159/159
f 149/159/159 139/158/158 140/160/160
f 149/159/159 140/160/160 141/161/161
f 149/159/159 141/161/161 148/162/162
f 148/162/162 141/161/161 142/163/163
f 148/162/162 142/163/163 147/164/164
f 147/164/164 142/163/163 143/165/165
f 147/164/164 143/165/165 144/166/166
f 145/167/167 146/168/168 144/166/166
f 144/166/166 146/168/168 147/164/164
g Body4

v 0.284619 -0.000942 0.090800
v 0.284781 -0.001689 0.090800
v 0.282966 -0.001689 0.090800
v 0.283128 -0.000942 0.090800
v 0.283302 -0.000129 0.090800
v 0.283485 0.000751 0.090800
v 0.283664 0.001639 0.090800
v 0.283827 0.002478 0.090800
v 0.284060 0.001639 0.090800
v 0.284262 0.000751 0.090800
v 0.284452 -0.000129 0.090800
v 0.285536 0.004603 0.090800
v 0.282304 0.004603 0.090800
v 0.279259 -0.006188 0.090800
v 0.281993 -0.006188 0.090800
v 0.282489 -0.003897 0.090800
v 0.285258 -0.003897 0.090800
v 0.285753 -0.006188 0.090800
v 0.288581 -0.006188 0.090800
vt 0.000861 -0.000896 0.000000
vt 0.004661 -0.005395 0.000000
vt 0.000699 -0.000149 0.000000
vt 0.001616 0.005395 0.000000
vt 0.000532 0.000664 0.000000
vt 0.000342 0.001544 0.000000
vt 0.000140 0.002432 0.000000
vt -0.000093 0.003270 0.000000
vt -0.001616 0.005395 0.000000
vt -0.000256 0.002432 0.000000
vt -0.000435 0.001544 0.000000
vt -0.000618 0.000664 0.000000
vt -0.000792 -0.000149 0.000000
vt -0.004661 -0.005395 0.000000
vt -0.000954 -0.000896 0.000000
vt -0.001431 -0.003104 0.000000
vt 0.001338 -0.003104 0.000000
vt 0.001833 -0.005395 0.000000
vt -0.001927 -0.005395 0.000000
vn 0.000000 0.000000 1.000000
vn 0.000000 0.000000 1.000000
vn 0.000000 0.000000 1.000000
vn 0.000000 0.000000 1.000000
vn 0.000000 0.000000 1.000000
vn 0.000000 0.000000 1.000000
vn 0.000000 0.000000 1.000000
vn 0.000000 0.000000 1.000000
vn 0.000000 0.000000 1.000000
vn 0.000000 0.000000 1.000000
vn 0.000000 0.000000 1.000000
vn 0.000000 0.000000 1.000000
vn 0.000000 0.000000 1.000000
vn 0.000000 0.000000 1.000000
vn 0.000000 0.000000 1.000000
vn 0.000000 0.000000 1.000000
vn 0.000000 0.000000 1.000000
vn 0.000000 0.000000 1.000000
vn 0.000000 0.000000 1.000000
f 170/169/169 187/170/170 169/171/171
f 169/171/171 187/170/170 180/172/172
f 169/171/171 180/172/172 179/173/173
f 179/173/173 180/172/172 178/174/174
f 178/174/174 180/172/172 177/175/175
f 177/175/175 180/172/172 176/176/176
f 176/176/176 180/172/172 181/177/177
f 176/176/176 181/177/177 175/178/178
f 175/178/178 181/177/177 174/179/179
f 174/179/179 181/177/177 173/180/180
f 173/180/180 181/177/177 172/181/181
f 172/181/181 181/177/177 182/182/182
f 172/181/181 182/182/182 171/183/183
f 171/183/183 182/182/182 184/184/184
f 171/183/183 184/184/184 170/169/169
f 170/169/169 184/184/184 185/185/185
f 170/169/169 185/185/185 187/170/170
f 187/170/170 185/185/185 186/186/186
f 182/182/182 183/187/187 184/184/184
g Body5

v 0.264429 -0.002782 0.090800
v 0.262319 -0.002782 0.090800
v 0.262147 -0.002799 0.090800
v 0.261986 -0.002849 0.090800
v 0.261840 -0.002928 0.090800
v 0.261713 -0.003033 0.090800
v 0.261609 -0.003159 0.090800
v 0.261530 -0.003305 0.090800
v 0.261480 -0.003466 0.090800
v 0.261462 -0.003639 0.090800
v 0.261462 -0.005748 0.090800
v 0.261480 -0.005921 0.090800
v 0.261530 -0.006082 0.090800
v 0.261609 -0.006227 0.090800
v 0.261713 -0.006354 0.090800
v 0.261840 -0.006459 0.090800
v 0.261986 -0.006538 0.090800
v 0.262147 -0.006588 0.090800
v 0.262319 -0.006605 0.090800
v 0.264429 -0.006605 0.090800
v 0.264602 -0.006588 0.090800
v 0.264763 -0.006538 0.090800
v 0.264908 -0.006459 0.090800
v 0.265035 -0.006354 0.090800
v 0.265140 -0.006227 0.090800
v 0.265219 -0.006082 0.090800
v 0.265268 -0.005921 0.090800
v 0.265286 -0.005748 0.090800
v 0.265286 -0.003639 0.090800
v 0.265268 -0.003466 0.090800
v 0.265219 -0.003305 0.090800
v 0.265140 -0.003159 0.090800
v 0.265035 -0.003033 0.090800
v 0.264908 -0.002928 0.090800
v 0.264763 -0.002849 0.090800
v 0.264602 -0.002799 0.090800
vt -0.001055 0.001912 0.000000
vt 0.001912 0.001055 0.000000
vt 0.001055 0.001912 0.000000
vt 0.001894 0.001228 0.000000
vt 0.001844 0.001388 0.000000
vt -0.001228 0.001894 0.000000
vt -0.001388 0.001844 0.000000
vt -0.001534 0.001765 0.000000
vt -0.001661 0.001661 0.000000
vt -0.001765 0.001534 0.000000
vt -0.001844 0.001388 0.000000
vt -0.001894 0.001228 0.000000
vt -0.001912 0.001055 0.000000
vt 0.001912 -0.001055 0.000000
vt 0.001055 -0.001912 0.000000
vt -0.001912 -0.001055 0.000000
vt -0.001055 -0.001912 0.000000
vt -0.001228 -0.001894 0.000000
vt -0.001388 -0.001844 0.000000
vt -0.001534 -0.001765 0.000000
vt -0.001661 -0.001661 0.000000
vt -0.001765 -0.001534 0.000000
vt -0.001844 -0.001388 0.000000
vt -0.001894 -0.001228 0.000000
vt 0.001228 -0.001894 0.000000
vt 0.001388 -0.001844 0.000000
vt 0.001534 -0.001765 0.000000
vt 0.001661 -0.001661 0.000000
vt 0.001765 -0.001534 0.000000
vt 0.001844 -0.001388 0.000000
vt 0.001894 -0.001228 0.000000
vt 0.001765 0.001534 0.000000
vt 0.001661 0.001661 0.000000
vt 0.001534 0.001765 0.000000
vt 0.001388 0.001844 0.000000
vt 0.001228 0.001894 0.000000
vn 0.000000 0.000000 1.000000
vn 0.000000 0.000000 1.000000
vn 0.000000 0.000000 1.000000
vn 0.000000 0.000000 1.000000
vn 0.000000 0.000000 1.000000
vn 0.000000 0.000000 1.000000
vn 0.000000 0.000000 1.000000
vn 0.000000 0.000000 1.000000
vn 0.000000 0.000000 1.000000
vn 0.000000 0.000000 1.000000
vn 0.000000 0.000000 1.000000
vn 0.000000 0.000000 1.000000
vn 0.000000 0.000000 1.000000
vn 0.000000 0.000000 1.000000
vn 0.000000 0.000000 1.000000
vn 0.000000 0.000000 1.000000
vn 0.000000 0.000000 1.000000
vn 0.000000 0.000000 1.000000
vn 0.000000 0.000000 1.000000
vn 0.000000 0.000000 1.000000
vn 0.000000 0.000000 1.000000
vn 0.000000 0.000000 1.000000
vn 0.000000 0.000000 1.000000
vn 0.000000 0.000000 1.000000
vn 0.000000 0.000000 1.000000
vn 0.000000 0.000000 1.000000
vn 0.000000 0.000000 1.000000
vn 0.000000 0.000000 1.000000
vn 0.000000 0.000000 1.000000
vn 0.000000 0.000000 1.000000
vn 0.000000 0.000000 1.000000
vn 0.000000 0.000000 1.000000
vn 0.000000 0.000000 1.000000
vn 0.000000 0.000000 1.000000
vn 0.000000 0.000000 1.000000
vn 0.000000 0.000000 1.000000
f 189/188/188 216/189/189 188/190/190
f 188/190/190 216/189/189 217/191/191
f 188/190/190 217/191/191 218/192/192
f 190/193/193 191/194/194 189/188/188
f 189/188/188 191/194/194 192/195/195
f 189/188/188 192/195/195 193/196/196
f 193/196/196 194/197/197 189/188/188
f 189/188/188 194/197/197 195/198/198
f 189/188/188 195/198/198 196/199/199
f 196/199/199 197/200/200 189/188/188
f 189/188/188 197/200/200 215/201/201
f 189/188/188 215/201/201 216/189/189
f 215/201/201 197/200/200 207/202/202
f 207/202/202 197/200/200 198/203/203
f 207/202/202 198/203/203 206/204/204
f 206/204/204 198/203/203 205/205/205
f 205/205/205 198/203/203 204/206/206
f 204/206/206 198/203/203 203/207/207
f 203/207/207 198/203/203 202/208/208
f 202/208/208 198/203/203 201/209/209
f 201/209/209 198/203/203 200/210/210
f 200/210/210 198/203/203 199/211/211
f 207/202/202 208/212/212 215/201/201
f 215/201/201 208/212/212 209/213/213
f 215/201/201 209/213/213 210/214/214
f 210/214/214 211/215/215 215/201/201
f 215/201/201 211/215/215 212/216/216
f 215/201/201 212/216/216 213/217/217
f 213/217/217 214/218/218 215/201/201
f 218/192/192 219/219/219 188/190/190
f 188/190/190 219/219/219 220/220/220
f 188/190/190 220/220/220 221/221/221
f 221/221/221 222/222/222 188/190/190
f 188/190/190 222/222/222 223/223/223
g Body1

v 0.008153 -0.002057 0.090800
v 0.024237 -0.002057 0.090800
v 0.040321 -0.002057 0.090800
v 0.056405 -0.002057 0.090800
v 0.072488 -0.002057 0.090800
v 0.088572 -0.002057 0.090800
v 0.089039 -0.002010 0.090800
v 0.089443 -0.001880 0.090800
v 0.089785 -0.001677 0.090800
v 0.090065 -0.001414 0.090800
v 0.090283 -0.001103 0.090800
v 0.090438 -0.000755 0.090800
v 0.090532 -0.000384 0.090800
v 0.090563 0.000000 0.090800
v 0.090532 0.000384 0.090800
v 0.090438 0.000755 0.090800
v 0.090283 0.001103 0.090800
v 0.090065 0.001414 0.090800
v 0.089785 0.001677 0.090800
v 0.089443 0.001880 0.090800
v 0.089039 0.002010 0.090800
v 0.088572 0.002057 0.090800
v 0.072488 0.002057 0.090800
v 0.056405 0.002057 0.090800
v 0.040321 0.002057 0.090800
v 0.024237 0.002057 0.090800
v 0.008153 0.002057 0.090800
v 0.007686 0.002010 0.090800
v 0.007282 0.001880 0.090800
v 0.006940 0.001677 0.090800
v 0.006660 0.001414 0.090800
v 0.006442 0.001103 0.090800
v 0.006287 0.000755 0.090800
v 0.006193 0.000384 0.090800
v 0.006162 -0.000000 0.090800
v 0.006193 -0.000384 0.090800
v 0.006287 -0.000755 0.090800
v 0.006442 -0.001103 0.090800
v 0.006660 -0.001414 0.090800
v 0.006940 -0.001677 0.090800
v 0.007282 -0.001880 0.090800
v 0.007686 -0.002010 0.090800
v 0.087595 -0.001889 0.090800
v 0.083557 -0.001889 0.090800
v 0.079518 -0.001889 0.090800
v 0.075479 -0.001889 0.090800
v 0.071440 -0.001889 0.090800
v 0.066783 -0.001889 0.090800
v 0.062127 -0.001889 0.090800
v 0.057470 -0.001889 0.090800
v 0.052814 -0.001889 0.090800
v 0.048157 -0.001889 0.090800
v 0.043501 -0.001889 0.090800
v 0.038844 -0.001889 0.090800
v 0.034188 -0.001889 0.090800
v 0.029531 -0.001889 0.090800
v 0.024875 -0.001889 0.090800
v 0.020218 -0.001889 0.090800
v 0.015561 -0.001889 0.090800
v 0.010905 -0.001889 0.090800
v 0.087595 0.000864 0.090800
v 0.083557 0.000864 0.090800
v 0.079518 0.000864 0.090800
v 0.075479 0.000864 0.090800
v 0.071440 0.000864 0.090800
v 0.066783 0.000864 0.090800
v 0.062127 0.000864 0.090800
v 0.057470 0.000864 0.090800
v 0.052814 0.000864 0.090800
v 0.048157 0.000864 0.090800
v 0.043501 0.000864 0.090800
v 0.038844 0.000864 0.090800
v 0.034188 0.000864 0.090800
v 0.029531 0.000864 0.090800
v 0.024875 0.000864 0.090800
v 0.020218 0.000864 0.090800
v 0.015561 0.000864 0.090800
v 0.010905 0.000864 0.090800
v 0.087595 0.001296 0.090800
v 0.083557 0.001296 0.090800
v 0.079518 0.001296 0.090800
v 0.075479 0.001296 0.090800
v 0.071440 0.001296 0.090800
v 0.066783 0.001296 0.090800
v 0.062127 0.001296 0.090800
v 0.057470 0.001296 0.090800
v 0.052814 0.001296 0.090800
v 0.048157 0.001296 0.090800
v 0.043501 0.001296 0.090800
v 0.038844 0.001296 0.090800
v 0.034188 0.001296 0.090800
v 0.029531 0.001296 0.090800
v 0.024875 0.001296 0.090800
v 0.020218 0.001296 0.090800
v 0.015561 0.001296 0.090800
v 0.010905 0.001296 0.090800
v 0.087595 0.001814 0.090800
v 0.083557 0.001814 0.090800
v 0.079518 0.001814 0.090800
v 0.075479 0.001814 0.090800
v 0.071440 0.001814 0.090800
v 0.066783 0.001814 0.090800
v 0.062127 0.001814 0.090800
v 0.057470 0.001814 0.090800
v 0.052814 0.001814 0.090800
v 0.048157 0.001814 0.090800
v 0.043501 0.001814 0.090800
v 0.038844 0.001814 0.090800
v 0.034188 0.001814 0.090800
v 0.029531 0.001814 0.090800
v 0.024875 0.001814 0.090800
v 0.020218 0.001814 0.090800
v 0.015561 0.001814 0.090800
v 0.010905 0.001814 0.090800
vt 0.024126 0.002057 0.000000
vt 0.032801 0.001889 0.000000
vt 0.040210 0.002057 0.000000
vt 0.037458 0.001889 0.000000
vt 0.041081 0.001880 0.000000
vt 0.041423 0.001677 0.000000
vt 0.041703 0.001414 0.000000
vt 0.041920 0.001103 0.000000
vt 0.042076 0.000755 0.000000
vt 0.037458 -0.000864 0.000000
vt 0.042169 0.000384 0.000000
vt 0.042200 0.000000 0.000000
vt 0.042169 -0.000384 0.000000
vt 0.042076 -0.000755 0.000000
vt 0.041920 -0.001103 0.000000
vt 0.037458 -0.001296 0.000000
vt 0.041703 -0.001414 0.000000
vt 0.041423 -0.001677 0.000000
vt 0.037458 -0.001814 0.000000
vt 0.041081 -0.001880 0.000000
vt 0.040210 -0.002057 0.000000
vt 0.040676 -0.002010 0.000000
vt 0.008042 0.002057 0.000000
vt 0.014175 0.001889 0.000000
vt 0.018831 0.001889 0.000000
vt 0.023488 0.001889 0.000000
vt 0.023488 -0.000864 0.000000
vt 0.028145 -0.000864 0.000000
vt 0.028145 -0.001296 0.000000
vt 0.032801 -0.001296 0.000000
vt 0.032801 -0.001814 0.000000
vt -0.008042 0.002057 0.000000
vt 0.000205 0.001889 0.000000
vt 0.004862 0.001889 0.000000
vt 0.009518 0.001889 0.000000
vt 0.009518 -0.000864 0.000000
vt 0.014175 -0.000864 0.000000
vt 0.014175 -0.001296 0.000000
vt 0.018831 -0.001296 0.000000
vt 0.018831 -0.001814 0.000000
vt 0.023488 -0.001814 0.000000
vt 0.024126 -0.002057 0.000000
vt 0.028145 -0.001814 0.000000
vt -0.024126 0.002057 0.000000
vt -0.013764 0.001889 0.000000
vt -0.009108 0.001889 0.000000
vt -0.004451 0.001889 0.000000
vt -0.004451 -0.000864 0.000000
vt 0.000205 -0.000864 0.000000
vt 0.000205 -0.001296 0.000000
vt 0.004862 -0.001296 0.000000
vt 0.004862 -0.001814 0.000000
vt 0.008042 -0.002057 0.000000
vt 0.000205 -0.001814 0.000000
vt -0.008042 -0.002057 0.000000
vt -0.004451 -0.001814 0.000000
vt -0.009108 -0.001814 0.000000
vt -0.009108 -0.001296 0.000000
vt -0.013764 -0.001296 0.000000
vt -0.013764 -0.000864 0.000000
vt -0.018421 -0.000864 0.000000
vt -0.018421 0.001889 0.000000
vt -0.023077 0.001889 0.000000
vt -0.027116 0.001889 0.000000
vt -0.031155 0.001889 0.000000
vt -0.027116 -0.000864 0.000000
vt -0.031155 -0.000864 0.000000
vt -0.027116 -0.001296 0.000000
vt -0.031155 -0.001296 0.000000
vt -0.027116 -0.001814 0.000000
vt -0.031155 -0.001814 0.000000
vt -0.024126 -0.002057 0.000000
vt -0.040210 -0.002057 0.000000
vt -0.035194 -0.001814 0.000000
vt -0.039233 -0.001814 0.000000
vt -0.039233 -0.001296 0.000000
vt -0.041423 -0.001677 0.000000
vt -0.041703 -0.001414 0.000000
vt -0.041920 -0.001103 0.000000
vt -0.039233 -0.000864 0.000000
vt -0.042076 -0.000755 0.000000
vt -0.042169 -0.000384 0.000000
vt -0.042200 -0.000000 0.000000
vt -0.035194 -0.000864 0.000000
vt -0.042169 0.000384 0.000000
vt -0.042076 0.000755 0.000000
vt -0.035194 0.001889 0.000000
vt -0.041920 0.001103 0.000000
vt -0.041703 0.001414 0.000000
vt -0.039233 0.001889 0.000000
vt -0.041423 0.001677 0.000000
vt -0.041081 0.001880 0.000000
vt -0.040676 0.002010 0.000000
vt -0.040210 0.002057 0.000000
vt -0.041081 -0.001880 0.000000
vt -0.040676 -0.002010 0.000000
vt -0.013764 -0.001814 0.000000
vt -0.018421 -0.001814 0.000000
vt -0.023077 -0.001814 0.000000
vt -0.023077 -0.001296 0.000000
vt 0.014175 -0.001814 0.000000
vt 0.009518 -0.001814 0.000000
vt 0.009518 -0.001296 0.000000
vt 0.004862 -0.000864 0.000000
vt 0.040676 0.002010 0.000000
vt -0.023077 -0.000864 0.000000
vt -0.009108 -0.000864 0.000000
vt 0.018831 -0.000864 0.000000
vt 0.028145 0.001889 0.000000
vt 0.032801 -0.000864 0.000000
vt -0.035194 -0.001296 0.000000
vt -0.018421 -0.001296 0.000000
vt -0.004451 -0.001296 0.000000
vt 0.023488 -0.001296 0.000000
vn 0.000000 0.000000 1.000000
vn 0.000000 0.000000 1.000000
vn 0.000000 0.000000 1.000000
vn 0.000000 0.000000 1.000000
vn 0.000000 0.000000 1.000000
vn 0.000000 0.000000 1.000000
vn 0.000000 0.000000 1.000000
vn 0.000000 0.000000 1.000000
vn 0.000000 0.000000 1.000000
vn 0.000000 0.000000 1.000000
vn 0.000000 0.000000 1.000000
vn 0.000000 0.000000 1.000000
vn 0.000000 0.000000 1.000000
vn 0.000000 0.000000 1.000000
vn 0.000000 0.000000 1.000000
vn 0.000000 0.000000 1.000000
vn 0.000000 0.000000 1.000000
vn 0.000000 0.000000 1.000000
vn 0.000000 0.000000 1.000000
vn 0.000000 0.000000 1.000000
vn 0.000000 0.000000 1.000000
vn 0.000000 0.000000 1.000000
vn 0.000000 0.000000 1.000000
vn -0.000000 -0.000000 1.000000
vn -0.000000 -0.000000 1.000000
vn 0.000000 0.000000 1.000000
vn 0.000000 0.000000 1.000000
vn 0.000000 0.000000 1.000000
vn 0.000000 0.000000 1.000000
vn 0.000000 0.000000 1.000000
vn 0.000000 0.000000 1.000000
vn 0.000000 0.000000 1.000000
vn 0.000000 0.000000 1.000000
vn 0.000000 0.000000 1.000000
vn 0.000000 0.000000 1.000000
vn 0.000000 0.000000 1.000000
vn -0.000000 -0.000000 1.000000
vn -0.000000 0.000000 1.000000
vn -0.000000 0.000000 1.000000
vn -0.000000 0.000000 1.000000
vn 0.000000 0.000000 1.000000
vn 0.000000 0.000000 1.000000
vn 0.000000 0.000000 1.000000
vn -0.000000 0.000000 1.000000
vn 0.000000 0.000000 1.000000
vn 0.000000 0.000000 1.000000
vn 0.000000 0.000000 1.000000
vn 0.000000 0.000000 1.000000
vn 0.000000 0.000000 1.000000
vn 0.000000 0.000000 1.000000
vn 0.000000 0.000000 1.000000
vn 0.000000 0.000000 1.000000
vn 0.000000 0.000000 1.000000
vn 0.000000 0.000000 1.000000
vn 0.000000 0.000000 1.000000
vn 0.000000 0.000000 1.000000
vn 0.000000 0.000000 1.000000
vn 0.000000 0.000000 1.000000
vn 0.000000 0.000000 1.000000
vn 0.000000 0.000000 1.000000
vn 0.000000 0.000000 1.000000
vn 0.000000 0.000000 1.000000
vn -0.000000 -0.000000 1.000000
vn -0.000000 0.000000 1.000000
vn -0.000000 0.000000 1.000000
vn -0.000000 -0.000000 1.000000
vn -0.000000 0.000000 1.000000
vn -0.000000 0.000000 1.000000
vn -0.000000 0.000000 1.000000
vn 0.000000 0.000000 1.000000
vn 0.000000 0.000000 1.000000
vn -0.000000 -0.000000 1.000000
vn 0.000000 0.000000 1.000000
vn 0.000000 0.000000 1.000000
vn 0.000000 0.000000 1.000000
vn 0.000000 0.000000 1.000000
vn 0.000000 0.000000 1.000000
vn 0.000000 0.000000 1.000000
vn 0.000000 0.000000 1.000000
vn 0.000000 0.000000 1.000000
vn 0.000000 0.000000 1.000000
vn 0.000000 0.000000 1.000000
vn 0.000000 0.000000 1.000000
vn 0.000000 0.000000 1.000000
vn 0.000000 0.000000 1.000000
vn 0.000000 0.000000 1.000000
vn 0.000000 0.000000 1.000000
vn 0.000000 0.000000 1.000000
vn 0.000000 0.000000 1.000000
vn 0.000000 0.000000 1.000000
vn 0.000000 0.000000 1.000000
vn 0.000000 0.000000 1.000000
vn 0.000000 0.000000 1.000000
vn 0.000000 0.000000 1.000000
vn 0.000000 0.000000 1.000000
vn 0.000000 0.000000 1.000000
vn 0.000000 0.000000 1.000000
vn 0.000000 0.000000 1.000000
vn -0.000000 0.000000 1.000000
vn -0.000000 0.000000 1.000000
vn -0.000000 0.000000 1.000000
vn 0.000000 0.000000 1.000000
vn 0.000000 0.000000 1.000000
vn 0.000000 0.000000 1.000000
vn 0.000000 0.000000 1.000000
vn -0.000000 0.000000 1.000000
vn 0.000000 0.000000 1.000000
vn -0.000000 0.000000 1.000000
vn 0.000000 0.000000 1.000000
vn 0.000000 0.000000 1.000000
vn 0.000000 0.000000 1.000000
vn 0.000000 0.000000 1.000000
vn 0.000000 0.000000 1.000000
vn 0.000000 0.000000 1.000000
usemtl Paint_-_Enamel_Glossy_(Red)
f 225/224/224 282/225/225 224/226/226
f 224/226/226 282/225/225 283/227/227
f 224/226/226 283/227/227 264/228/228
f 264/228/228 283/227/227 263/229/229
f 263/229/229 283/227/227 262/230/230
f 262/230/230 283/227/227 261/231/231
f 261/231/231 283/227/227 260/232/232
f 260/232/232 283/227/227 301/233/233
f 260/232/232 301/233/233 259/234/234
f 259/234/234 301/233/233 258/235/235
f 258/235/235 301/233/233 257/236/236
f 257/236/236 301/233/233 256/237/237
f 256/237/237 301/233/233 255/238/238
f 255/238/238 301/233/233 319/239/239
f 255/238/238 319/239/239 254/240/240
f 254/240/240 319/239/239 253/241/241
f 253/241/241 319/239/239 337/242/242
f 253/241/241 337/242/242 252/243/243
f 252/243/243 337/242/242 250/244/244
f 252/243/243 250/244/244 251/245/245
f 226/246/246 278/247/247 225/224/224
f 225/224/224 278/247/247 279/248/248
f 225/224/224 279/248/248 280/249/249
f 280/249/249 279/248/248 298/250/250
f 280/249/249 298/250/250 299/251/251
f 299/251/251 298/250/250 317/252/252
f 299/251/251 317/252/252 318/253/253
f 318/253/253 317/252/252 336/254/254
f 318/253/253 336/254/254 337/242/242
f 337/242/242 336/254/254 250/244/244
f 227/255/255 275/256/256 226/246/246
f 226/246/246 275/256/256 276/257/257
f 226/246/246 276/257/257 277/258/258
f 277/258/258 276/257/257 295/259/259
f 277/258/258 295/259/259 296/260/260
f 296/260/260 295/259/259 314/261/261
f 296/260/260 314/261/261 315/262/262
f 315/262/262 314/261/261 333/263/263
f 315/262/262 333/263/263 334/264/264
f 334/264/264 333/263/263 249/265/265
f 334/264/264 249/265/265 335/266/266
f 335/266/266 249/265/265 336/254/254
f 335/266/266 336/254/254 317/252/252
f 228/267/267 272/268/268 227/255/255
f 227/255/255 272/268/268 273/269/269
f 227/255/255 273/269/269 274/270/270
f 274/270/270 273/269/269 292/271/271
f 274/270/270 292/271/271 293/272/272
f 293/272/272 292/271/271 311/273/273
f 293/272/272 311/273/273 312/274/274
f 312/274/274 311/273/273 330/275/275
f 312/274/274 330/275/275 248/276/276
f 248/276/276 330/275/275 329/277/277
f 248/276/276 329/277/277 247/278/278
f 247/278/278 329/277/277 328/279/279
f 247/278/278 328/279/279 327/280/280
f 327/280/280 328/279/279 309/281/281
f 327/280/280 309/281/281 308/282/282
f 308/282/282 309/281/281 290/283/283
f 308/282/282 290/283/283 289/284/284
f 289/284/284 290/283/283 271/285/285
f 289/284/284 271/285/285 270/286/286
f 270/286/286 271/285/285 228/267/267
f 270/286/286 228/267/267 269/287/287
f 269/287/287 228/267/267 268/288/288
f 269/287/287 268/288/288 287/289/289
f 287/289/289 268/288/288 286/290/290
f 287/289/289 286/290/290 305/291/291
f 305/291/291 286/290/290 304/292/292
f 305/291/291 304/292/292 323/293/293
f 323/293/293 304/292/292 322/294/294
f 323/293/293 322/294/294 246/295/295
f 246/295/295 322/294/294 245/296/296
f 245/296/296 322/294/294 321/297/297
f 245/296/296 321/297/297 320/298/298
f 320/298/298 321/297/297 302/299/299
f 320/298/298 302/299/299 242/300/300
f 242/300/300 302/299/299 241/301/301
f 241/301/301 302/299/299 240/302/302
f 240/302/302 302/299/299 284/303/303
f 240/302/302 284/303/303 239/304/304
f 239/304/304 284/303/303 238/305/305
f 238/305/305 284/303/303 237/306/306
f 237/306/306 284/303/303 285/307/307
f 237/306/306 285/307/307 236/308/308
f 236/308/308 285/307/307 235/309/309
f 235/309/309 285/307/307 267/310/310
f 235/309/309 267/310/310 234/311/311
f 234/311/311 267/310/310 233/312/312
f 233/312/312 267/310/310 266/313/313
f 233/312/312 266/313/313 232/314/314
f 232/314/314 266/313/313 231/315/315
f 231/315/315 266/313/313 230/316/316
f 230/316/316 266/313/313 229/317/317
f 229/317/317 266/313/313 267/310/310
f 229/317/317 267/310/310 268/288/288
f 268/288/288 267/310/310 286/290/290
f 228/267/267 229/317/317 268/288/288
f 242/300/300 243/318/318 320/298/298
f 320/298/298 243/318/318 244/319/319
f 320/298/298 244/319/319 245/296/296
f 247/278/278 326/320/320 246/295/295
f 246/295/295 326/320/320 325/321/321
f 246/295/295 325/321/321 324/322/322
f 324/322/322 325/321/321 306/323/323
f 324/322/322 306/323/323 305/291/291
f 305/291/291 306/323/323 287/289/289
f 249/265/265 332/324/324 248/276/276
f 248/276/276 332/324/324 331/325/325
f 248/276/276 331/325/325 312/274/274
f 312/274/274 331/325/325 313/326/326
f 312/274/274 313/326/326 294/327/327
f 294/327/327 313/326/326 295/259/259
f 294/327/327 295/259/259 276/257/257
f 249/265/265 250/244/244 336/254/254
f 264/228/228 265/328/328 224/226/226
f 272/268/268 228/267/267 271/285/285
f 270/286/286 269/287/287 288/329/329
f 288/329/329 269/287/287 287/289/289
f 288/329/329 287/289/289 306/323/323
f 271/285/285 290/283/283 272/268/268
f 272/268/268 290/283/283 291/330/330
f 272/268/268 291/330/330 273/269/269
f 273/269/269 291/330/330 292/271/271
f 275/256/256 227/255/255 274/270/270
f 294/327/327 276/257/257 275/256/256
f 294/327/327 275/256/256 293/272/272
f 293/272/272 275/256/256 274/270/270
f 278/247/247 226/246/246 277/258/258
f 277/258/258 296/260/260 278/247/247
f 278/247/247 296/260/260 297/331/331
f 278/247/247 297/331/331 279/248/248
f 279/248/248 297/331/331 298/250/250
f 282/225/225 225/224/224 281/332/332
f 281/332/332 225/224/224 280/249/249
f 281/332/332 280/249/249 299/251/251
f 301/233/233 283/227/227 282/225/225
f 282/225/225 281/332/332 300/333/333
f 300/333/333 281/332/332 299/251/251
f 300/333/333 299/251/251 318/253/253
f 304/292/292 286/290/290 285/307/307
f 285/307/307 286/290/290 267/310/310
f 285/307/307 284/303/303 303/334/334
f 303/334/334 284/303/303 302/299/299
f 303/334/334 302/299/299 321/297/297
f 270/286/286 288/329/329 289/284/284
f 289/284/284 288/329/329 307/335/335
f 289/284/284 307/335/335 308/282/282
f 308/282/282 307/335/335 326/320/320
f 308/282/282 326/320/320 327/280/280
f 327/280/280 326/320/320 247/278/278
f 307/335/335 288/329/329 306/323/323
f 290/283/283 309/281/281 291/330/330
f 291/330/330 309/281/281 310/336/336
f 291/330/330 310/336/336 292/271/271
f 292/271/271 310/336/336 311/273/273
f 312/274/274 294/327/327 293/272/272
f 314/261/261 295/259/259 313/326/326
f 296/260/260 315/262/262 297/331/331
f 297/331/331 315/262/262 316/337/337
f 297/331/331 316/337/337 298/250/250
f 298/250/250 316/337/337 317/252/252
f 319/239/239 301/233/233 300/333/333
f 300/333/333 301/233/233 282/225/225
f 319/239/239 300/333/333 318/253/253
f 322/294/294 304/292/292 303/334/334
f 303/334/334 304/292/292 285/307/307
f 322/294/294 303/334/334 321/297/297
f 324/322/322 305/291/291 323/293/293
f 326/320/320 307/335/335 325/321/321
f 325/321/321 307/335/335 306/323/323
f 309/281/281 328/279/279 310/336/336
f 310/336/336 328/279/279 329/277/277
f 310/336/336 329/277/277 311/273/273
f 311/273/273 329/277/277 330/275/275
f 331/325/325 332/324/324 313/326/326
f 313/326/326 332/324/324 314/261/261
f 335/266/266 317/252/252 316/337/337
f 335/266/266 316/337/337 334/264/264
f 334/264/264 316/337/337 315/262/262
f 337/242/242 319/239/239 318/253/253
f 246/295/295 324/322/322 323/293/293
f 249/265/265 333/263/263 332/324/324
f 332/324/324 333/263/263 314/261/261
g Body6

v 0.253965 -0.006955 0.090800
v 0.253957 -0.006970 0.090800
v 0.253951 -0.006985 0.090800
v 0.253948 -0.007001 0.090800
v 0.253947 -0.007016 0.090800
v 0.253948 -0.007031 0.090800
v 0.253952 -0.007046 0.090800
v 0.253958 -0.007060 0.090800
v 0.253965 -0.007073 0.090800
v 0.253985 -0.007097 0.090800
v 0.254012 -0.007116 0.090800
v 0.254044 -0.007128 0.090800
v 0.254081 -0.007133 0.090800
v 0.258110 -0.007133 0.090800
v 0.258130 -0.007131 0.090800
v 0.258148 -0.007127 0.090800
v 0.258166 -0.007121 0.090800
v 0.258183 -0.007113 0.090800
v 0.258198 -0.007103 0.090800
v 0.258212 -0.007090 0.090800
v 0.258223 -0.007076 0.090800
v 0.258232 -0.007061 0.090800
v 0.262582 0.001948 0.090800
v 0.262582 0.005868 0.090800
v 0.262580 0.005890 0.090800
v 0.262574 0.005910 0.090800
v 0.262565 0.005928 0.090800
v 0.262552 0.005943 0.090800
v 0.262538 0.005957 0.090800
v 0.262521 0.005968 0.090800
v 0.262502 0.005977 0.090800
v 0.262483 0.005983 0.090800
v 0.262462 0.005986 0.090800
v 0.262441 0.005987 0.090800
v 0.262421 0.005985 0.090800
v 0.262400 0.005980 0.090800
v 0.262381 0.005971 0.090800
v 0.262363 0.005960 0.090800
v 0.262347 0.005945 0.090800
v 0.262333 0.005927 0.090800
vt -0.004291 -0.006420 0.000000
vt -0.004290 -0.006510 0.000000
vt -0.004283 -0.006405 0.000000
vt -0.004283 -0.006523 0.000000
vt -0.004262 -0.006547 0.000000
vt -0.004297 -0.006435 0.000000
vt -0.004299 -0.006481 0.000000
vt -0.004296 -0.006496 0.000000
vt -0.004300 -0.006451 0.000000
vt -0.004301 -0.006466 0.000000
vt -0.004236 -0.006566 0.000000
vt -0.004204 -0.006578 0.000000
vt -0.004167 -0.006583 0.000000
vt -0.000138 -0.006583 0.000000
vt -0.000016 -0.006511 0.000000
vt 0.004334 0.002498 0.000000
vt -0.000118 -0.006581 0.000000
vt -0.000099 -0.006577 0.000000
vt -0.000081 -0.006571 0.000000
vt -0.000065 -0.006563 0.000000
vt -0.000049 -0.006553 0.000000
vt -0.000036 -0.006540 0.000000
vt -0.000025 -0.006526 0.000000
vt 0.004085 0.006477 0.000000
vt 0.004334 0.006418 0.000000
vt 0.004173 0.006535 0.000000
vt 0.004194 0.006537 0.000000
vt 0.004215 0.006536 0.000000
vt 0.004235 0.006533 0.000000
vt 0.004255 0.006527 0.000000
vt 0.004273 0.006518 0.000000
vt 0.004290 0.006507 0.000000
vt 0.004305 0.006493 0.000000
vt 0.004317 0.006478 0.000000
vt 0.004326 0.006460 0.000000
vt 0.004332 0.006440 0.000000
vt 0.004153 0.006530 0.000000
vt 0.004133 0.006521 0.000000
vt 0.004115 0.006510 0.000000
vt 0.004099 0.006495 0.000000
vn 0.000000 0.000000 1.000000
vn 0.000000 0.000000 1.000000
vn 0.000000 0.000000 1.000000
vn 0.000000 0.000000 1.000000
vn 0.000000 0.000000 1.000000
vn 0.000000 0.000000 1.000000
vn 0.000000 0.000000 1.000000
vn 0.000000 0.000000 1.000000
vn 0.000000 0.000000 1.000000
vn 0.000000 0.000000 1.000000
vn 0.000000 0.000000 1.000000
vn 0.000000 0.000000 1.000000
vn 0.000000 0.000000 1.000000
vn 0.000000 0.000000 1.000000
vn 0.000000 0.000000 1.000000
vn 0.000000 0.000000 1.000000
vn 0.000000 0.000000 1.000000
vn 0.000000 0.000000 1.000000
vn 0.000000 0.000000 1.000000
vn 0.000000 0.000000 1.000000
vn 0.000000 0.000000 1.000000
vn 0.000000 0.000000 1.000000
vn 0.000000 0.000000 1.000000
vn 0.000000 0.000000 1.000000
vn 0.000000 0.000000 1.000000
vn 0.000000 0.000000 1.000000
vn 0.000000 0.000000 1.000000
vn 0.000000 0.000000 1.000000
vn 0.000000 0.000000 1.000000
vn 0.000000 0.000000 1.000000
vn 0.000000 0.000000 1.000000
vn 0.000000 0.000000 1.000000
vn 0.000000 0.000000 1.000000
vn 0.000000 0.000000 1.000000
vn 0.000000 0.000000 1.000000
vn 0.000000 0.000000 1.000000
vn 0.000000 0.000000 1.000000
vn 0.000000 0.000000 1.000000
vn 0.000000 0.000000 1.000000
vn 0.000000 0.000000 1.000000
usemtl Paint_-_Enamel_Glossy_(Grey)
f 339/338/338 345/339/339 338/340/340
f 338/340/340 345/339/339 346/341/341
f 338/340/340 346/341/341 347/342/342
f 340/343/343 343/344/344 339/338/338
f 339/338/338 343/344/344 344/345/345
f 339/338/338 344/345/345 345/339/339
f 340/343/343 341/346/346 343/344/344
f 343/344/344 341/346/346 342/347/347
f 347/342/342 348/348/348 338/340/340
f 338/340/340 348/348/348 349/349/349
f 338/340/340 349/349/349 350/350/350
f 350/350/350 351/351/351 338/340/340
f 338/340/340 351/351/351 359/352/352
f 338/340/340 359/352/352 360/353/353
f 351/351/351 352/354/354 359/352/352
f 359/352/352 352/354/354 353/355/355
f 359/352/352 353/355/355 354/356/356
f 354/356/356 355/357/357 359/352/352
f 359/352/352 355/357/357 356/358/358
f 359/352/352 356/358/358 357/359/359
f 357/359/359 358/360/360 359/352/352
f 338/340/340 360/353/353 377/361/361
f 377/361/361 360/353/353 361/362/362
f 377/361/361 361/362/362 372/363/363
f 372/363/363 361/362/362 371/364/364
f 371/364/364 361/362/362 370/365/365
f 370/365/365 361/362/362 369/366/366
f 369/366/366 361/362/362 368/367/367
f 368/367/367 361/362/362 367/368/368
f 367/368/368 361/362/362 366/369/369
f 366/369/369 361/362/362 365/370/370
f 365/370/370 361/362/362 364/371/371
f 364/371/371 361/362/362 363/372/372
f 363/372/372 361/362/362 362/373/373
f 372/363/363 373/374/374 377/361/361
f 377/361/361 373/374/374 374/375/375
f 377/361/361 374/375/375 375/376/376
f 375/376/376 376/377/377 377/361/361
g Body7

v 0.268517 -0.007061 0.090800
v 0.268526 -0.007076 0.090800
v 0.268537 -0.007090 0.090800
v 0.268551 -0.007103 0.090800
v 0.268566 -0.007113 0.090800
v 0.268582 -0.007121 0.090800
v 0.268600 -0.007127 0.090800
v 0.268619 -0.007131 0.090800
v 0.268639 -0.007133 0.090800
v 0.272668 -0.007133 0.090800
v 0.272705 -0.007128 0.090800
v 0.272737 -0.007116 0.090800
v 0.272763 -0.007097 0.090800
v 0.272784 -0.007073 0.090800
v 0.272791 -0.007060 0.090800
v 0.272797 -0.007046 0.090800
v 0.272800 -0.007031 0.090800
v 0.272802 -0.007016 0.090800
v 0.272801 -0.007001 0.090800
v 0.272798 -0.006985 0.090800
v 0.272792 -0.006970 0.090800
v 0.272784 -0.006955 0.090800
v 0.264430 0.005906 0.090800
v 0.264416 0.005924 0.090800
v 0.264400 0.005938 0.090800
v 0.264382 0.005950 0.090800
v 0.264362 0.005958 0.090800
v 0.264342 0.005963 0.090800
v 0.264321 0.005965 0.090800
v 0.264300 0.005964 0.090800
v 0.264280 0.005961 0.090800
v 0.264260 0.005955 0.090800
v 0.264242 0.005946 0.090800
v 0.264225 0.005935 0.090800
v 0.264210 0.005922 0.090800
v 0.264198 0.005906 0.090800
v 0.264189 0.005888 0.090800
v 0.264183 0.005868 0.090800
v 0.264181 0.005846 0.090800
v 0.264192 0.001872 0.090800
vt 0.000018 -0.006516 0.000000
vt 0.000029 -0.006530 0.000000
vt 0.000009 -0.006500 0.000000
vt 0.000042 -0.006542 0.000000
vt 0.000058 -0.006552 0.000000
vt 0.000074 -0.006560 0.000000
vt 0.000092 -0.006567 0.000000
vt 0.000111 -0.006570 0.000000
vt 0.000131 -0.006572 0.000000
vt 0.004276 -0.006394 0.000000
vt -0.004316 0.002433 0.000000
vt -0.004078 0.006467 0.000000
vt -0.004327 0.006407 0.000000
vt -0.004166 0.006524 0.000000
vt -0.004187 0.006526 0.000000
vt 0.004160 -0.006572 0.000000
vt 0.004197 -0.006567 0.000000
vt 0.004229 -0.006555 0.000000
vt 0.004255 -0.006536 0.000000
vt 0.004276 -0.006512 0.000000
vt 0.004283 -0.006499 0.000000
vt 0.004284 -0.006409 0.000000
vt 0.004289 -0.006485 0.000000
vt 0.004292 -0.006470 0.000000
vt 0.004294 -0.006455 0.000000
vt 0.004293 -0.006440 0.000000
vt 0.004290 -0.006424 0.000000
vt -0.004092 0.006485 0.000000
vt -0.004109 0.006499 0.000000
vt -0.004127 0.006510 0.000000
vt -0.004146 0.006519 0.000000
vt -0.004208 0.006525 0.000000
vt -0.004228 0.006522 0.000000
vt -0.004248 0.006516 0.000000
vt -0.004266 0.006507 0.000000
vt -0.004283 0.006496 0.000000
vt -0.004298 0.006483 0.000000
vt -0.004310 0.006467 0.000000
vt -0.004319 0.006449 0.000000
vt -0.004325 0.006429 0.000000
vn 0.000000 0.000000 1.000000
vn 0.000000 0.000000 1.000000
vn 0.000000 0.000000 1.000000
vn 0.000000 0.000000 1.000000
vn 0.000000 0.000000 1.000000
vn 0.000000 0.000000 1.000000
vn 0.000000 0.000000 1.000000
vn 0.000000 0.000000 1.000000
vn 0.000000 0.000000 1.000000
vn 0.000000 0.000000 1.000000
vn 0.000000 0.000000 1.000000
vn 0.000000 0.000000 1.000000
vn 0.000000 0.000000 1.000000
vn 0.000000 0.000000 1.000000
vn 0.000000 0.000000 1.000000
vn 0.000000 0.000000 1.000000
vn 0.000000 0.000000 1.000000
vn 0.000000 0.000000 1.000000
vn 0.000000 0.000000 1.000000
vn 0.000000 0.000000 1.000000
vn 0.000000 0.000000 1.000000
vn 0.000000 0.000000 1.000000
vn 0.000000 0.000000 1.000000
vn 0.000000 0.000000 1.000000
vn 0.000000 0.000000 1.000000
vn 0.000000 0.000000 1.000000
vn 0.000000 0.000000 1.000000
vn 0.000000 0.000000 1.000000
vn 0.000000 0.000000 1.000000
vn 0.000000 0.000000 1.000000
vn 0.000000 0.000000 1.000000
vn 0.000000 0.000000 1.000000
vn 0.000000 0.000000 1.000000
vn 0.000000 0.000000 1.000000
vn 0.000000 0.000000 1.000000
vn 0.000000 0.000000 1.000000
vn 0.000000 0.000000 1.000000
vn 0.000000 0.000000 1.000000
vn 0.000000 0.000000 1.000000
vn 0.000000 0.000000 1.000000
f 379/378/378 380/379/379 378/380/380
f 378/380/380 380/379/379 381/381/381
f 378/380/380 381/381/381 382/382/382
f 382/382/382 383/383/383 378/380/380
f 378/380/380 383/383/383 384/384/384
f 378/380/380 384/384/384 385/385/385
f 385/385/385 386/386/386 378/380/380
f 378/380/380 386/386/386 399/387/387
f 378/380/380 399/387/387 417/388/388
f 417/388/388 399/387/387 400/389/389
f 417/388/388 400/389/389 416/390/390
f 416/390/390 400/389/389 405/391/391
f 416/390/390 405/391/391 406/392/392
f 386/386/386 387/393/393 399/387/387
f 399/387/387 387/393/393 388/394/394
f 399/387/387 388/394/394 389/395/395
f 389/395/395 390/396/396 399/387/387
f 399/387/387 390/396/396 391/397/397
f 399/387/387 391/397/397 392/398/398
f 399/387/387 392/398/398 398/399/399
f 398/399/399 392/398/398 393/400/400
f 398/399/399 393/400/400 394/401/401
f 395/402/402 396/403/403 394/401/401
f 394/401/401 396/403/403 397/404/404
f 394/401/401 397/404/404 398/399/399
f 401/405/405 402/406/406 400/389/389
f 400/389/389 402/406/406 403/407/407
f 400/389/389 403/407/407 404/408/408
f 404/408/408 405/391/391 400/389/389
f 406/392/392 407/409/409 416/390/390
f 416/390/390 407/409/409 408/410/410
f 416/390/390 408/410/410 409/411/411
f 409/411/411 410/412/412 416/390/390
f 416/390/390 410/412/412 411/413/413
f 416/390/390 411/413/413 412/414/414
f 412/414/414 413/415/415 416/390/390
f 416/390/390 413/415/415 414/416/416
f 416/390/390 414/416/416 415/417/417
g Body8

v 0.291154 0.004603 0.090800
v 0.291154 0.002212 0.090800
v 0.293453 0.002212 0.090800
v 0.293453 -0.003798 0.090800
v 0.291154 -0.003798 0.090800
v 0.291154 -0.006188 0.090800
v 0.298425 -0.006188 0.090800
v 0.298425 -0.003798 0.090800
v 0.296126 -0.003798 0.090800
v 0.296126 0.002212 0.090800
v 0.298425 0.002212 0.090800
v 0.298425 0.004603 0.090800
vt -0.003636 0.003005 0.000000
vt -0.001336 0.003005 0.000000
vt -0.003636 0.005395 0.000000
vt 0.003636 0.005395 0.000000
vt 0.001336 0.003005 0.000000
vt 0.003636 0.003005 0.000000
vt 0.001336 -0.003005 0.000000
vt -0.001336 -0.003005 0.000000
vt 0.003636 -0.005395 0.000000
vt -0.003636 -0.005395 0.000000
vt -0.003636 -0.003005 0.000000
vt 0.003636 -0.003005 0.000000
vn 0.000000 0.000000 1.000000
vn 0.000000 0.000000 1.000000
vn 0.000000 0.000000 1.000000
vn 0.000000 0.000000 1.000000
vn 0.000000 0.000000 1.000000
vn 0.000000 0.000000 1.000000
vn 0.000000 0.000000 1.000000
vn 0.000000 0.000000 1.000000
vn 0.000000 0.000000 1.000000
vn 0.000000 0.000000 1.000000
vn 0.000000 0.000000 1.000000
vn 0.000000 0.000000 1.000000
f 419/418/418 420/419/419 418/420/420
f 418/420/420 420/419/419 429/421/421
f 429/421/421 420/419/419 427/422/422
f 429/421/421 427/422/422 428/423/423
f 427/422/422 420/419/419 426/424/424
f 426/424/424 420/419/419 421/425/425
f 426/424/424 421/425/425 424/426/426
f 424/426/426 421/425/425 423/427/427
f 423/427/427 421/425/425 422/428/428
f 424/426/426 425/429/429 426/424/424
g Body9

v 0.318269 0.002112 0.090800
v 0.317259 -0.001507 0.090800
v 0.316933 -0.002768 0.090800
v 0.316622 -0.004096 0.090800
v 0.316412 -0.003424 0.090800
v 0.316249 -0.002768 0.090800
v 0.315923 -0.001507 0.090800
v 0.314913 0.002112 0.090800
v 0.312241 0.002112 0.090800
v 0.315037 -0.006188 0.090800
v 0.318113 -0.006188 0.090800
v 0.320817 0.002112 0.090800
vt 0.001740 0.004150 0.000000
vt 0.000730 0.000531 0.000000
vt 0.004288 0.004150 0.000000
vt 0.001585 -0.004150 0.000000
vt 0.000404 -0.000730 0.000000
vt 0.000093 -0.002058 0.000000
vt -0.001492 -0.004150 0.000000
vt -0.000116 -0.001386 0.000000
vt -0.000280 -0.000730 0.000000
vt -0.000606 0.000531 0.000000
vt -0.004288 0.004150 0.000000
vt -0.001616 0.004150 0.000000
vn 0.000000 0.000000 1.000000
vn 0.000000 0.000000 1.000000
vn 0.000000 0.000000 1.000000
vn 0.000000 0.000000 1.000000
vn 0.000000 0.000000 1.000000
vn 0.000000 0.000000 1.000000
vn 0.000000 0.000000 1.000000
vn 0.000000 0.000000 1.000000
vn 0.000000 0.000000 1.000000
vn 0.000000 0.000000 1.000000
vn 0.000000 0.000000 1.000000
vn 0.000000 0.000000 1.000000
f 430/430/430 431/431/431 441/432/432
f 441/432/432 431/431/431 440/433/433
f 440/433/433 431/431/431 432/434/434
f 440/433/433 432/434/434 433/435/435
f 440/433/433 433/435/435 439/436/436
f 439/436/436 433/435/435 434/437/437
f 439/436/436 434/437/437 435/438/438
f 435/438/438 436/439/439 439/436/436
f 439/436/436 436/439/439 438/440/440
f 438/440/440 436/439/439 437/441/441
g Body10

v 0.338082 -0.000311 0.090800
v 0.337181 -0.000311 0.090800
v 0.337181 0.002345 0.090800
v 0.338082 0.002345 0.090800
v 0.338454 0.002328 0.090800
v 0.338777 0.002278 0.090800
v 0.339052 0.002195 0.090800
v 0.339278 0.002079 0.090800
v 0.339377 0.002006 0.090800
v 0.339462 0.001920 0.090800
v 0.339534 0.001819 0.090800
v 0.339593 0.001706 0.090800
v 0.339672 0.001438 0.090800
v 0.339698 0.001117 0.090800
v 0.339672 0.000789 0.090800
v 0.339593 0.000502 0.090800
v 0.339462 0.000257 0.090800
v 0.339278 0.000054 0.090800
v 0.339052 -0.000106 0.090800
v 0.338778 -0.000220 0.090800
v 0.338454 -0.000288 0.090800
v 0.339885 -0.006188 0.090800
v 0.342868 -0.006188 0.090800
v 0.340669 -0.001992 0.090800
v 0.340979 -0.001790 0.090800
v 0.341263 -0.001556 0.090800
v 0.341519 -0.001290 0.090800
v 0.341749 -0.000992 0.090800
v 0.341994 -0.000555 0.090800
v 0.342168 -0.000058 0.090800
v 0.342273 0.000499 0.090800
v 0.342308 0.001117 0.090800
v 0.342273 0.001753 0.090800
v 0.342168 0.002316 0.090800
v 0.341994 0.002807 0.090800
v 0.341749 0.003225 0.090800
v 0.341447 0.003578 0.090800
v 0.341100 0.003872 0.090800
v 0.340709 0.004109 0.090800
v 0.340273 0.004288 0.090800
v 0.339804 0.004426 0.090800
v 0.339314 0.004524 0.090800
v 0.338802 0.004583 0.090800
v 0.338269 0.004603 0.090800
v 0.334509 0.004603 0.090800
v 0.334509 -0.006188 0.090800
v 0.337181 -0.006188 0.090800
v 0.337181 -0.002569 0.090800
v 0.338146 -0.002569 0.090800
vt -0.001508 0.000481 0.000000
vt -0.001507 -0.001776 0.000000
vt -0.000606 0.000481 0.000000
vt -0.000542 -0.001776 0.000000
vt -0.000234 0.000504 0.000000
vt 0.000089 0.000573 0.000000
vt 0.000364 0.000687 0.000000
vt 0.001981 -0.001199 0.000000
vt 0.000590 0.000847 0.000000
vt 0.000774 0.001050 0.000000
vt 0.002291 -0.000997 0.000000
vt 0.000905 0.001295 0.000000
vt 0.002574 -0.000764 0.000000
vt 0.002831 -0.000498 0.000000
vt -0.001508 0.003137 0.000000
vt -0.004179 0.005396 0.000000
vt -0.004179 -0.005395 0.000000
vt -0.001507 -0.005395 0.000000
vt -0.000420 0.005396 0.000000
vt -0.000606 0.003137 0.000000
vt -0.000234 0.003121 0.000000
vt 0.000113 0.005376 0.000000
vt 0.000089 0.003071 0.000000
vt 0.000625 0.005317 0.000000
vt 0.000364 0.002988 0.000000
vt 0.001115 0.005218 0.000000
vt 0.000590 0.002872 0.000000
vt 0.000688 0.002799 0.000000
vt 0.001584 0.005080 0.000000
vt 0.000774 0.002712 0.000000
vt 0.002020 0.004902 0.000000
vt 0.000846 0.002612 0.000000
vt 0.002412 0.004665 0.000000
vt 0.000905 0.002498 0.000000
vt 0.002758 0.004370 0.000000
vt 0.003060 0.004018 0.000000
vt 0.000983 0.002231 0.000000
vt 0.003305 0.003599 0.000000
vt 0.003480 0.003109 0.000000
vt 0.003585 0.002545 0.000000
vt 0.001009 0.001909 0.000000
vt 0.003620 0.001909 0.000000
vt 0.003585 0.001292 0.000000
vt 0.000983 0.001581 0.000000
vt 0.003480 0.000734 0.000000
vt 0.003305 0.000237 0.000000
vt 0.003060 -0.000199 0.000000
vt 0.004179 -0.005396 0.000000
vt 0.001196 -0.005395 0.000000
vn 0.000000 0.000000 1.000000
vn 0.000000 0.000000 1.000000
vn 0.000000 0.000000 1.000000
vn 0.000000 0.000000 1.000000
vn 0.000000 0.000000 1.000000
vn 0.000000 0.000000 1.000000
vn 0.000000 0.000000 1.000000
vn 0.000000 0.000000 1.000000
vn 0.000000 0.000000 1.000000
vn 0.000000 0.000000 1.000000
vn 0.000000 0.000000 1.000000
vn 0.000000 0.000000 1.000000
vn 0.000000 0.000000 1.000000
vn 0.000000 0.000000 1.000000
vn 0.000000 0.000000 1.000000
vn 0.000000 0.000000 1.000000
vn 0.000000 0.000000 1.000000
vn 0.000000 0.000000 1.000000
vn 0.000000 0.000000 1.000000
vn 0.000000 0.000000 1.000000
vn 0.000000 0.000000 1.000000
vn 0.000000 0.000000 1.000000
vn 0.000000 0.000000 1.000000
vn 0.000000 0.000000 1.000000
vn 0.000000 0.000000 1.000000
vn 0.000000 0.000000 1.000000
vn 0.000000 0.000000 1.000000
vn 0.000000 0.000000 1.000000
vn 0.000000 0.000000 1.000000
vn 0.000000 0.000000 1.000000
vn 0.000000 0.000000 1.000000
vn 0.000000 0.000000 1.000000
vn 0.000000 0.000000 1.000000
vn 0.000000 0.000000 1.000000
vn 0.000000 0.000000 1.000000
vn 0.000000 0.000000 1.000000
vn 0.000000 0.000000 1.000000
vn 0.000000 0.000000 1.000000
vn 0.000000 0.000000 1.000000
vn 0.000000 0.000000 1.000000
vn 0.000000 0.000000 1.000000
vn 0.000000 0.000000 1.000000
vn 0.000000 0.000000 1.000000
vn 0.000000 0.000000 1.000000
vn 0.000000 0.000000 1.000000
vn 0.000000 0.000000 1.000000
vn 0.000000 0.000000 1.000000
vn 0.000000 0.000000 1.000000
vn 0.000000 0.000000 1.000000
f 443/442/442 489/443/443 442/444/444
f 442/444/444 489/443/443 490/445/445
f 442/444/444 490/445/445 462/446/446
f 462/446/446 490/445/445 461/447/447
f 461/447/447 490/445/445 460/448/448
f 460/448/448 490/445/445 465/449/449
f 460/448/448 465/449/449 459/450/450
f 459/450/450 465/449/449 458/451/451
f 458/451/451 465/449/449 466/452/452
f 458/451/451 466/452/452 457/453/453
f 457/453/453 466/452/452 467/454/454
f 457/453/453 467/454/454 468/455/455
f 444/456/456 486/457/457 443/442/442
f 443/442/442 486/457/457 487/458/458
f 443/442/442 487/458/458 489/443/443
f 489/443/443 487/458/458 488/459/459
f 486/457/457 444/456/456 485/460/460
f 485/460/460 444/456/456 445/461/461
f 485/460/460 445/461/461 446/462/462
f 485/460/460 446/462/462 484/463/463
f 484/463/463 446/462/462 447/464/464
f 484/463/463 447/464/464 483/465/465
f 483/465/465 447/464/464 448/466/466
f 483/465/465 448/466/466 482/467/467
f 482/467/467 448/466/466 449/468/468
f 482/467/467 449/468/468 450/469/469
f 482/467/467 450/469/469 481/470/470
f 481/470/470 450/469/469 451/471/471
f 481/470/470 451/471/471 480/472/472
f 480/472/472 451/471/471 452/473/473
f 480/472/472 452/473/473 479/474/474
f 479/474/474 452/473/473 453/475/475
f 479/474/474 453/475/475 478/476/476
f 478/476/476 453/475/475 477/477/477
f 477/477/477 453/475/475 454/478/478
f 477/477/477 454/478/478 476/479/479
f 476/479/479 454/478/478 475/480/480
f 475/480/480 454/478/478 474/481/481
f 474/481/481 454/478/478 455/482/482
f 474/481/481 455/482/482 473/483/483
f 473/483/483 455/482/482 472/484/484
f 472/484/484 455/482/482 456/485/485
f 472/484/484 456/485/485 471/486/486
f 471/486/486 456/485/485 470/487/487
f 470/487/487 456/485/485 469/488/488
f 469/488/488 456/485/485 457/453/453
f 469/488/488 457/453/453 468/455/455
f 464/489/489 465/449/449 463/490/490
f 463/490/490 465/449/449 490/445/445
g MeshBody1

v -0.040000 -0.000000 0.075300
v -0.039999 0.000200 0.075300
v -0.039997 -0.000000 0.075500
v -0.039818 -0.000000 0.085712
v -0.039300 -0.000000 0.075500
v -0.039300 -0.000000 0.076800
v -0.039300 0.000200 0.075300
v -0.039273 0.001492 0.076800
v -0.039209 0.001497 0.075299
v -0.039200 -0.000000 0.075300
v -0.039171 0.001500 0.076800
v -0.039157 0.008167 0.075300
v -0.039126 -0.008316 0.075300
v -0.038785 -0.000000 0.040500
v -0.038784 0.000200 0.040500
v -0.038556 0.001494 0.075300
v -0.038474 -0.000000 0.076800
v -0.038470 0.001500 0.075300
v -0.038333 -0.000000 0.084864
v -0.038095 0.000200 0.040807
v -0.038095 0.001500 0.040807
v -0.038039 -0.012360 0.075500
v -0.038039 0.012360 0.075500
v -0.037997 -0.000000 0.040851
v -0.037997 0.001500 0.040851
v -0.037968 0.007919 0.040500
v -0.037937 -0.008064 0.040500
v -0.037903 0.010013 0.086088
v -0.037882 -0.009057 0.083100
v -0.037869 -0.012305 0.085712
v -0.037869 0.012305 0.085712
v -0.037853 0.008939 0.083101
v -0.037834 -0.010276 0.086094
v -0.037796 -0.007190 0.076800
v -0.037796 0.007190 0.076800
v -0.037785 -0.007382 0.075300
v -0.037785 0.007382 0.075300
v -0.037710 -0.008638 0.086407
v -0.037681 -0.007290 0.071800
v -0.037679 0.007287 0.071800
v -0.037672 -0.007089 0.084864
v -0.037672 0.007089 0.084864
v -0.037477 0.008181 0.086614
v -0.037376 -0.012144 0.075500
v -0.037376 -0.012144 0.076800
v -0.037376 0.012144 0.075500
v -0.037376 0.012144 0.076800
v -0.037360 0.001496 0.041180
v -0.037335 0.011097 0.083100
v -0.037314 -0.009386 0.076800
v -0.037298 0.009607 0.076800
v -0.037281 -0.012113 0.075300
v -0.037281 -0.012113 0.076800
v -0.037276 -0.009609 0.071800
v -0.037276 0.009543 0.071800
v -0.037252 -0.011185 0.083101
v -0.037232 -0.000000 0.039000
v -0.037232 0.000200 0.039000
v -0.037231 0.009394 0.071800
v -0.037229 -0.009383 0.071800
v -0.037228 -0.009975 0.076800
v -0.037228 0.009975 0.076800
v -0.037114 0.001500 0.040799
v -0.037026 0.009484 0.083100
v -0.037026 0.009669 0.076800
v -0.036976 0.011375 0.086408
v -0.036949 0.000200 0.039700
v -0.036949 0.001500 0.039700
v -0.036944 -0.009835 0.076800
v -0.036936 0.010485 0.071801
v -0.036912 -0.009955 0.083100
v -0.036909 -0.000000 0.039800
v -0.036909 0.001500 0.039800
v -0.036885 0.013269 0.075300
v -0.036885 0.013269 0.076800
v -0.036879 -0.010624 0.071800
v -0.036865 -0.008529 0.076800
v -0.036825 0.008460 0.076800
v -0.036814 -0.007714 0.083100
v -0.036814 -0.007714 0.087066
v -0.036778 0.008468 0.071800
v -0.036735 -0.008409 0.071800
v -0.036726 -0.006765 0.041154
v -0.036718 -0.008362 0.071800
v -0.036674 0.001498 0.040500
v -0.036669 0.008324 0.071800
v -0.036669 -0.010828 0.071800
v -0.036644 0.007183 0.041146
v -0.036604 0.010907 0.071800
v -0.036601 0.006825 0.039000
v -0.036590 -0.010883 0.076800
v -0.036590 0.008270 0.076800
v -0.036570 -0.009666 0.076800
v -0.036539 -0.011656 0.086622
v -0.036538 0.010916 0.076800
v -0.036537 -0.009825 0.071800
v -0.036537 0.009328 0.071800
v -0.036511 -0.008267 0.076800
v -0.036493 -0.006673 0.071800
v -0.036493 0.006673 0.075300
v -0.036489 -0.010875 0.076800
v -0.036463 -0.008509 0.083100
v -0.036459 0.010040 0.076800
v -0.036440 -0.006505 0.085672
v -0.036440 0.006505 0.085672
v -0.036413 -0.012500 0.075300
v -0.036413 0.012500 0.075300
v -0.036402 0.009068 0.076800
v -0.036367 -0.008319 0.039001
v -0.036327 -0.012671 0.076800
v -0.036327 0.012671 0.076800
v -0.036326 0.010170 0.071800
v -0.036304 0.007467 0.083100
v -0.036302 -0.008416 0.076800
v -0.036278 -0.008960 0.076800
v -0.036274 -0.012528 0.071800
v -0.036274 0.012528 0.071800
v -0.036229 0.009672 0.039262
v -0.036226 0.009680 0.046679
v -0.036217 0.009593 0.046364
v -0.036209 0.009418 0.039185
v -0.036201 0.009441 0.044690
v -0.036191 0.011046 0.076800
v -0.036169 0.012697 0.084864
v -0.036164 0.009723 0.046681
v -0.036164 -0.008804 0.071800
v -0.036143 0.005928 0.040500
v -0.036136 0.009269 0.041161
v -0.036118 -0.010749 0.076800
v -0.036118 0.008403 0.076800
v -0.036118 0.010749 0.083100
v -0.036109 0.009164 0.038999
v -0.036098 0.009916 0.039208
v -0.036097 0.009885 0.045394
v -0.036024 -0.000000 0.088042
v -0.036018 0.011085 0.071800
v -0.035998 -0.010781 0.083100
v -0.035998 0.008371 0.083100
v -0.035998 0.010781 0.076800
v -0.035988 -0.010356 0.071800
v -0.035988 0.008796 0.071800
v -0.035929 0.010035 0.041160
v -0.035894 -0.012801 0.084977
v -0.035846 0.010066 0.039000
v -0.035821 -0.010454 0.076800
v -0.035739 -0.011076 0.071800
v -0.035739 -0.011076 0.076800
v -0.035739 -0.008076 0.071800
v -0.035739 -0.008076 0.076800
v -0.035739 0.008076 0.071800
v -0.035739 0.008076 0.076800
v -0.035739 0.011726 0.083100
v -0.035739 0.011726 0.087066
v -0.035704 -0.006531 0.075300
v -0.035681 -0.008656 0.040502
v -0.035675 0.006534 0.071800
v -0.035605 0.006374 0.076800
v -0.035593 0.008754 0.076800
v -0.035546 -0.008764 0.076800
v -0.035546 0.010389 0.076800
v -0.035525 -0.000000 0.086588
v -0.035482 0.010371 0.071800
v -0.035477 0.009145 0.040503
v -0.035474 -0.008062 0.076800
v -0.035467 -0.006362 0.076800
v -0.035433 0.010014 0.040694
v -0.035386 -0.008080 0.071800
v -0.035374 0.016130 0.040519
v -0.035371 0.009957 0.039000
v -0.035325 0.009234 0.039000
v -0.035323 0.007412 0.088019
v -0.035314 0.012057 0.041155
v -0.035308 -0.012076 0.041157
v -0.035284 -0.016269 0.040503
v -0.035245 0.009812 0.040499
v -0.035210 -0.007413 0.083100
v -0.035210 0.018981 0.075300
v -0.035174 -0.011686 0.083100
v -0.035153 -0.019086 0.075300
v -0.035139 -0.010187 0.071800
v -0.035139 0.008966 0.071800
v -0.035059 0.001354 0.075300
v -0.035044 0.001303 0.076800
v -0.035020 -0.009112 0.071800
v -0.034999 -0.007452 0.088101
v -0.034989 0.008277 0.076800
v -0.034959 0.009823 0.071800
v -0.034948 0.006683 0.075300
v -0.034940 -0.012468 0.075300
v -0.034940 0.012468 0.071800
v -0.034913 0.010491 0.083100
v -0.034913 -0.008662 0.083100
v -0.034905 -0.006534 0.086592
v -0.034894 0.006536 0.086593
v -0.034888 -0.010883 0.071800
v -0.034875 0.010907 0.076800
v -0.034870 0.001630 0.076800
v -0.034858 -0.009598 0.076800
v -0.034858 0.009554 0.076800
v -0.034853 0.001676 0.075300
v -0.034825 0.010403 0.076800
v -0.034825 -0.008750 0.076800
v -0.034811 0.012586 0.085672
v -0.034809 -0.010828 0.076800
v -0.034809 0.008325 0.076800
v -0.034792 0.010849 0.071800
v -0.034745 0.008340 0.071800
v -0.034706 -0.010719 0.071800
v -0.034706 0.008433 0.071800
v -0.034706 -0.008433 0.076800
v -0.034706 0.010719 0.076800
v -0.034672 0.008853 0.076800
v -0.034672 -0.010300 0.076800
v -0.034664 0.007714 0.083100
v -0.034596 -0.010609 0.076800
v -0.034596 -0.008543 0.071800
v -0.034596 0.010609 0.071800
v -0.034579 -0.010139 0.083100
v -0.034579 0.009014 0.083100
v -0.034562 -0.008616 0.076800
v -0.034543 0.013893 0.039000
v -0.034514 -0.008677 0.071800
v -0.034500 -0.000000 0.039800
v -0.034500 -0.000000 0.040500
v -0.034500 0.001500 0.039800
v -0.034500 0.001500 0.040500
v -0.034296 -0.011242 0.088024
v -0.034239 -0.009576 0.071800
v -0.034239 -0.009576 0.076800
v -0.034239 0.009576 0.071800
v -0.034233 0.009253 0.076800
v -0.034220 0.009614 0.071800
v -0.034207 -0.009699 0.071800
v -0.034203 -0.009609 0.076800
v -0.034203 0.009543 0.076800
v -0.034200 0.011185 0.083100
v -0.034187 0.012196 0.075300
v -0.034162 -0.012179 0.071800
v -0.034057 -0.006996 0.071800
v -0.034038 0.011050 0.088098
v -0.034021 -0.012282 0.076800
v -0.033924 0.012244 0.076800
v -0.033877 -0.010651 0.083100
v -0.033834 -0.018370 0.075300
v -0.033778 0.014425 0.040498
v -0.033688 0.008679 0.088180
v -0.033660 -0.011967 0.086595
v -0.033612 -0.007461 0.075300
v -0.033612 0.007461 0.071800
v -0.033607 -0.011687 0.075300
v -0.033607 0.011687 0.071800
v -0.033604 0.011890 0.086618
v -0.033596 0.009002 0.083100
v -0.033596 -0.009002 0.083100
v -0.033541 -0.000028 0.075300
v -0.033514 -0.009327 0.088181
v -0.033513 -0.000048 0.076800
v -0.033500 -0.000000 0.039000
v -0.033500 -0.000000 0.040500
v -0.033499 0.000200 0.039000
v -0.033499 0.000200 0.039700
v -0.033484 -0.007377 0.076800
v -0.033484 -0.007377 0.086726
v -0.033484 0.007377 0.076800
v -0.033484 0.007377 0.086726
v -0.033466 0.001500 0.039700
v -0.033466 0.001500 0.040500
v -0.033397 0.019152 0.075300
v -0.033382 0.002879 0.076800
v -0.033354 0.002897 0.075300
v -0.033001 -0.000050 0.077962
v -0.033000 0.000050 0.076238
v -0.032996 0.008175 0.075300
v -0.032989 -0.000860 0.077046
v -0.032989 0.000859 0.077154
v -0.032976 -0.017447 0.041158
v -0.032976 0.017447 0.041158
v -0.032879 -0.001572 0.043631
v -0.032849 -0.001835 0.046600
v -0.032849 -0.001835 0.064600
v -0.032839 0.010345 0.075300
v -0.032829 -0.001935 0.046586
v -0.032708 0.010506 0.086719
v -0.032703 0.003720 0.046566
v -0.032703 0.003597 0.046600
v -0.032703 0.003597 0.064600
v -0.032697 -0.008761 0.076800
v -0.032697 -0.008761 0.086774
v -0.032697 0.008761 0.076800
v -0.032697 0.008761 0.086774
v -0.032687 -0.010354 0.076800
v -0.032687 -0.010354 0.086726
v -0.032687 0.010354 0.076800
v -0.032663 -0.009418 0.075300
v -0.032663 0.009418 0.071800
v -0.032663 -0.009727 0.071800
v -0.032660 0.004072 0.043631
v -0.032646 -0.018156 0.038998
v -0.032516 0.001242 0.046600
v -0.032515 0.001386 0.043600
v -0.032499 -0.005730 0.070600
v -0.032499 -0.005730 0.083600
v -0.032499 0.005730 0.070600
v -0.032499 0.005730 0.083600
v -0.032358 -0.023509 0.075500
v -0.032358 0.023509 0.075500
v -0.032214 -0.023405 0.085712
v -0.032214 0.023405 0.085712
v -0.032193 -0.006872 0.043623
v -0.032143 -0.006995 0.046575
v -0.032129 -0.000519 0.043600
v -0.032129 -0.000519 0.046600
v -0.032099 -0.007217 0.046600
v -0.032099 -0.007217 0.064600
v -0.032016 0.003311 0.046600
v -0.032000 -0.000000 0.084600
v -0.031993 -0.000000 0.069592
v -0.031901 0.003478 0.043600
v -0.031794 -0.023100 0.075500
v -0.031794 -0.023100 0.076800
v -0.031794 0.023100 0.075500
v -0.031794 0.023100 0.076800
v -0.031713 -0.023041 0.075300
v -0.031713 -0.023041 0.076800
v -0.031677 0.009249 0.046400
v -0.031665 0.008930 0.046600
v -0.031665 0.008930 0.064600
v -0.031587 -0.005558 0.084548
v -0.031567 -0.022569 0.040497
v -0.031534 0.004990 0.084621
v -0.031533 0.009034 0.046600
v -0.031526 -0.006450 0.076701
v -0.031480 -0.011458 0.039000
v -0.031480 -0.011458 0.040500
v -0.031455 0.009672 0.043613
v -0.031445 0.006746 0.084534
v -0.031426 0.011604 0.039000
v -0.031426 0.011604 0.040500
v -0.031416 0.006860 0.076701
v -0.031407 -0.019073 0.040500
v -0.031375 0.001870 0.046903
v -0.031351 -0.001751 0.046600
v -0.031351 -0.001751 0.064600
v -0.031319 0.000670 0.069516
v -0.031308 0.003214 0.051600
v -0.031300 -0.006996 0.084573
v -0.031291 -0.003180 0.064600
v -0.031266 -0.003185 0.051600
v -0.031246 0.007093 0.069601
v -0.031246 -0.007093 0.069601
v -0.031241 0.003155 0.064600
v -0.031229 0.004254 0.076699
v -0.031228 -0.004430 0.076700
v -0.031218 -0.011301 0.075300
v -0.031218 -0.011301 0.076800
v -0.031212 0.003433 0.046600
v -0.031212 0.003433 0.064600
v -0.031202 0.000631 0.046599
v -0.031165 0.023776 0.075300
v -0.031165 0.023776 0.076800
v -0.031163 0.023090 0.040500
v -0.031135 0.020417 0.039000
v -0.031089 -0.004827 0.046886
v -0.031053 -0.022503 0.084822
v -0.031041 0.022501 0.084825
v -0.031037 0.010609 0.046600
v -0.030910 -0.004675 0.069545
v -0.030886 -0.022941 0.076800
v -0.030886 0.022941 0.076800
v -0.030846 -0.009193 0.046600
v -0.030804 -0.008994 0.043600
v -0.030767 -0.003796 0.084600
v -0.030685 0.004408 0.043600
v -0.030685 0.004408 0.046600
v -0.030680 0.006827 0.069298
v -0.030679 -0.012158 0.043800
v -0.030635 -0.006888 0.046600
v -0.030635 -0.006888 0.064600
v -0.030577 0.007225 0.046891
v -0.030570 -0.011163 0.043600
v -0.030540 0.005873 0.069600
v -0.030522 -0.002001 0.043600
v -0.030516 -0.011296 0.046600
v -0.030506 0.003622 0.084600
v -0.030473 -0.012402 0.046600
v -0.030473 -0.012402 0.064600
v -0.030428 -0.012505 0.046583
v -0.030421 -0.005193 0.046600
v -0.030397 0.013351 0.075300
v -0.030397 0.013351 0.076800
v -0.030383 -0.005755 0.069600
v -0.030383 -0.005755 0.076700
v -0.030383 0.005755 0.076700
v -0.030358 -0.005027 0.043600
v -0.030350 0.006213 0.069600
v -0.030294 -0.023500 0.084815
v -0.030291 0.023500 0.084835
v -0.030288 -0.012633 0.043600
v -0.030258 -0.003460 0.076700
v -0.030224 -0.002090 0.046600
v -0.030221 0.008523 0.046600
v -0.030221 0.008523 0.064600
v -0.030187 0.009024 0.064601
v -0.030186 0.006620 0.043600
v -0.030092 0.006843 0.046600
v -0.030071 -0.009040 0.051600
v -0.030071 -0.009040 0.064600
v -0.030071 0.009040 0.051600
v -0.030058 -0.008086 0.046599
v -0.030038 -0.006754 0.069600
v -0.030038 -0.004757 0.076700
v -0.030038 0.004757 0.069600
v -0.030038 0.006754 0.076700
v -0.030036 -0.007671 0.043600
v -0.030036 -0.007671 0.046600
v -0.030018 0.005562 0.046600
v -0.029985 0.005716 0.069600
v -0.029984 0.005822 0.064600
v -0.029979 0.005408 0.051600
v -0.029975 -0.022210 0.041158
v -0.029975 0.022210 0.041158
v -0.029966 -0.005552 0.064600
v -0.029932 -0.006860 0.076700
v -0.029932 0.004650 0.076700
v -0.029932 -0.004650 0.069600
v -0.029929 -0.006095 0.046600
v -0.029890 -0.006194 0.069600
v -0.029829 0.011171 0.043600
v -0.029771 0.014065 0.046552
v -0.029766 -0.006476 0.051600
v -0.029763 0.014020 0.046600
v -0.029763 0.014020 0.064600
v -0.029763 -0.008346 0.076700
v -0.029742 -0.009675 0.069558
v -0.029719 0.010881 0.046600
v -0.029654 -0.004922 0.051600
v -0.029654 -0.004922 0.069600
v -0.029569 0.014475 0.043635
v -0.029565 0.013591 0.046600
v -0.029527 -0.004827 0.046600
v -0.029516 0.004879 0.064600
v -0.029510 0.013723 0.043600
v -0.029492 -0.008417 0.084600
v -0.029485 -0.012775 0.043600
v -0.029480 0.008421 0.084600
v -0.029440 -0.006733 0.064600
v -0.029425 0.004825 0.069600
v -0.029280 0.006801 0.051600
v -0.029280 0.006801 0.069600
v -0.029273 -0.004759 0.064600
v -0.029271 0.022015 0.040500
v -0.029263 0.011126 0.069536
v -0.029246 0.007211 0.069600
v -0.029213 0.010989 0.046600
v -0.029209 0.008463 0.076700
v -0.029144 -0.021175 0.088042
v -0.029144 0.021175 0.088042
v -0.029127 0.006840 0.046600
v -0.029127 0.006840 0.064600
v -0.029084 -0.011836 0.046600
v -0.029084 -0.011836 0.064600
v -0.029032 -0.006803 0.069600
v -0.029000 0.004705 0.046600
v -0.028984 -0.012289 0.046907
v -0.028956 0.007295 0.043600
v -0.028910 -0.004215 0.046600
v -0.028894 0.004703 0.051600
v -0.028890 0.012358 0.046892
v -0.028883 -0.006856 0.046600
v -0.028755 -0.004225 0.043600
v -0.028709 -0.013321 0.046600
v -0.028664 0.003047 0.076700
v -0.028621 -0.007211 0.069600
v -0.028621 0.004299 0.069600
v -0.028621 -0.004299 0.076700
v -0.028621 0.007211 0.076700
v -0.028579 -0.016500 0.070600
v -0.028579 -0.016500 0.083600
v -0.028579 0.016500 0.070600
v -0.028579 0.016500 0.083600
v -0.028510 -0.014855 0.069605
v -0.028494 -0.006712 0.051600
v -0.028492 0.014873 0.069603
v -0.028476 -0.007172 0.076700
v -0.028476 0.004338 0.076700
v -0.028476 -0.004338 0.069600
v -0.028466 0.004812 0.064600
v -0.028406 0.013381 0.046600
v -0.028406 0.013381 0.064600
v -0.028393 0.003088 0.084600
v -0.028373 0.004864 0.069600
v -0.028362 -0.003094 0.084600
v -0.028346 0.028222 0.075300
v -0.028324 -0.004897 0.069600
v -0.028324 -0.004897 0.051600
v -0.028322 0.007169 0.046600
v -0.028312 0.015311 0.046600
v -0.028284 -0.028284 0.075300
v -0.028241 -0.004962 0.046600
v -0.028142 0.015422 0.043600
v -0.028129 0.009381 0.046600
v -0.028129 0.009381 0.043600
v -0.028097 -0.003165 0.076700
v -0.028090 -0.017156 0.043617
v -0.028083 -0.005090 0.064600
v -0.028065 -0.006390 0.064600
v -0.028057 0.005172 0.046600
v -0.028042 0.006315 0.051600
v -0.028016 -0.017248 0.046600
v -0.028016 -0.017248 0.064600
v -0.028003 0.005263 0.051600
v -0.027990 0.006223 0.046600
v -0.027987 -0.017313 0.046581
v -0.027899 -0.005957 0.046600
v -0.027897 -0.006112 0.069600
v -0.027888 0.006102 0.069600
v -0.027878 -0.005865 0.051600
v -0.027849 0.005949 0.064600
v -0.027811 0.008280 0.069610
v -0.027803 0.006751 0.069589
v -0.027799 -0.000482 0.077836
v -0.027799 0.000482 0.076364
v -0.027787 -0.000726 0.076649
v -0.027787 0.000726 0.077551
v -0.027697 0.004105 0.043600
v -0.027697 0.004105 0.046600
v -0.027689 -0.004899 0.043600
v -0.027677 -0.006480 0.076700
v -0.027677 -0.005030 0.069600
v -0.027677 0.005030 0.076700
v -0.027666 0.014897 0.051600
v -0.027663 -0.004903 0.046600
v -0.027656 0.014881 0.064600
v -0.027655 -0.014871 0.051600
v -0.027655 -0.014871 0.064600
v -0.027619 0.006960 0.069598
v -0.027608 -0.008050 0.076700
v -0.027599 -0.014767 0.069542
v -0.027596 0.007530 0.046681
v -0.027578 0.022496 0.086585
v -0.027570 -0.014613 0.046604
v -0.027568 -0.022497 0.086590
v -0.027545 0.008276 0.069592
v -0.027516 -0.006213 0.069600
v -0.027516 -0.005298 0.076700
v -0.027516 0.005298 0.069600
v -0.027516 0.006213 0.076700
v -0.027506 0.006410 0.043600
v -0.027491 -0.001447 0.043600
v -0.027485 0.027365 0.040500
v -0.027478 0.007504 0.050100
v -0.027477 0.007528 0.069292
v -0.027466 0.007807 0.066100
v -0.027454 0.007346 0.070108
v -0.027433 0.006056 0.046600
v -0.027433 -0.013529 0.043600
v -0.027407 0.007934 0.043600
v -0.027374 0.007078 0.076700
v -0.027366 0.007892 0.076700
v -0.027340 0.007032 0.046600
v -0.027319 -0.000000 0.077100
v -0.027304 0.006636 0.046602
v -0.027281 -0.027581 0.040499
v -0.027265 -0.001234 0.046600
v -0.027262 0.008075 0.084600
v -0.027240 0.006975 0.043600
v -0.027223 -0.027223 0.075300
v -0.027222 0.016725 0.084621
v -0.027213 -0.016803 0.084624
v -0.027209 0.008164 0.046600
v -0.027191 -0.016969 0.076701
v -0.027160 -0.006806 0.043600
v -0.027160 -0.006806 0.046600
v -0.027143 0.008288 0.046712
v -0.027137 0.017144 0.076700
v -0.027135 0.006891 0.066100
v -0.027118 0.008185 0.050100
v -0.027103 0.008236 0.070116
v -0.027102 0.006313 0.069602
v -0.027096 0.008197 0.069292
v -0.027049 0.018728 0.046600
v -0.027049 0.018728 0.064600
v -0.026971 0.007163 0.050100
v -0.026971 0.007163 0.064600
v -0.026961 0.007909 0.051600
v -0.026961 0.007909 0.066100
v -0.026946 0.006770 0.046925
v -0.026921 0.006793 0.070108
v -0.026914 -0.007580 0.084600
v -0.026908 0.007125 0.051600
v -0.026908 0.007125 0.066100
v -0.026904 0.006758 0.069275
v -0.026897 0.007945 0.050100
v -0.026897 0.007945 0.064600
v -0.026888 0.019001 0.043637
v -0.026877 0.018990 0.046580
v -0.026871 0.006743 0.050100
v -0.026866 0.016001 0.069554
v -0.026823 -0.015064 0.076700
v -0.026823 -0.015064 0.084600
v -0.026823 0.015064 0.084600
v -0.026744 0.002963 0.043600
v -0.026744 0.002963 0.046600
v -0.026739 -0.016462 0.046600
v -0.026739 -0.016462 0.064600
v -0.026687 0.027748 0.075300
v -0.026663 0.015815 0.043600
v -0.026663 0.015815 0.046600
v -0.026638 -0.004430 0.076700
v -0.026624 0.023500 0.086596
v -0.026557 -0.023500 0.086621
v -0.026547 0.014564 0.076700
v -0.026524 -0.013257 0.046600
v -0.026517 0.006800 0.076700
v -0.026510 0.026143 0.039000
v -0.026491 0.006793 0.043600
v -0.026470 0.006801 0.084600
v -0.026461 0.002129 0.046619
v -0.026454 0.004632 0.076700
v -0.026448 0.001614 0.046966
v -0.026437 0.002184 0.064628
v -0.026437 0.001080 0.043600
v -0.026436 -0.002194 0.051566
v -0.026434 0.008290 0.066100
v -0.026433 -0.001316 0.046829
v -0.026431 0.001205 0.046600
v -0.026422 0.002202 0.051570
v -0.026418 0.006819 0.046600
v -0.026416 -0.002210 0.064643
v -0.026414 0.002648 0.069582
v -0.026385 -0.002731 0.046658
v -0.026379 -0.026381 0.041158
v -0.026366 0.006842 0.066100
v -0.026366 -0.020176 0.075300
v -0.026366 -0.020176 0.076800
v -0.026355 0.006471 0.069591
v -0.026354 0.004887 0.084600
v -0.026353 -0.004594 0.069600
v -0.026343 -0.006591 0.076700
v -0.026343 -0.004919 0.084600
v -0.026331 -0.026324 0.039000
v -0.026315 0.008751 0.069603
v -0.026307 0.008231 0.043600
v -0.026305 0.018407 0.084551
v -0.026290 -0.002503 0.069600
v -0.026287 -0.002436 0.065100
v -0.026282 -0.002497 0.069300
v -0.026274 0.001999 0.050187
v -0.026257 0.007490 0.050100
v -0.026257 0.007490 0.064600
v -0.026256 0.007564 0.051600
v -0.026256 0.007564 0.066100
v -0.026246 -0.018466 0.084557
v -0.026237 0.002224 0.047965
v -0.026235 0.008141 0.046600
v -0.026228 0.001281 0.047574
v -0.026216 0.002097 0.059600
v -0.026214 0.017168 0.046699
v -0.026194 -0.002863 0.050187
v -0.026194 -0.002623 0.047953
v -0.026192 0.008104 0.084600
v -0.026173 0.008135 0.050100
v -0.026155 -0.002756 0.059600
v -0.026154 0.008066 0.070108
v -0.026151 0.008105 0.069275
v -0.026151 0.006411 0.046600
v -0.026125 -0.002727 0.047590
v -0.026121 0.008074 0.046925
v -0.026120 -0.004453 0.047234
v -0.026118 -0.016439 0.046600
v -0.026089 0.001674 0.046603
v -0.026054 0.007127 0.046908
v -0.026044 0.004705 0.046829
v -0.026040 0.007151 0.069292
v -0.026035 0.007086 0.070120
v -0.026027 0.007173 0.050100
v -0.026026 -0.016664 0.043600
v -0.025967 0.008367 0.069589
v -0.025960 0.007351 0.043600
v -0.025955 0.007371 0.084600
v -0.025952 0.009184 0.043600
v -0.025946 -0.016847 0.076700
v -0.025946 -0.015932 0.069600
v -0.025946 0.015932 0.076700
v -0.025946 0.016847 0.069600
v -0.025945 0.007427 0.046600
v -0.025939 0.007484 0.066100
v -0.025932 0.006681 0.046593
v -0.025887 -0.000752 0.060101
v -0.025853 0.008253 0.046610
v -0.025853 -0.018684 0.076700
v -0.025849 0.006582 0.069602
v -0.025842 -0.007497 0.043600
v -0.025842 -0.007497 0.046600
v -0.025816 0.017874 0.046600
v -0.025816 0.017874 0.064600
v -0.025807 0.026987 0.041162
v -0.025790 -0.002390 0.064600
v -0.025784 0.015664 0.069600
v -0.025784 -0.017114 0.069600
v -0.025784 -0.015664 0.076700
v -0.025784 0.017114 0.076700
v -0.025775 -0.006132 0.046820
v -0.025733 0.005914 0.047467
v -0.025662 -0.021533 0.039000
v -0.025662 -0.021533 0.040500
v -0.025662 0.009294 0.046600
v -0.025648 -0.018159 0.046909
v -0.025634 -0.015317 0.043600
v -0.025627 0.016469 0.051600
v -0.025627 0.016469 0.069600
v -0.025593 0.001459 0.047853
v -0.025591 0.021618 0.039000
v -0.025591 0.021618 0.040500
v -0.025591 0.001486 0.046644
v -0.025583 0.007183 0.069569
v -0.025565 -0.001926 0.046644
v -0.025557 -0.001955 0.047847
v -0.025556 0.006921 0.064654
v -0.025555 -0.016155 0.069600
v -0.025526 -0.016053 0.064600
v -0.025513 -0.015896 0.051600
v -0.025510 -0.002916 0.046737
v -0.025507 0.002938 0.046737
v -0.025491 -0.001488 0.047371
v -0.025491 0.003077 0.047463
v -0.025480 0.016010 0.064600
v -0.025460 0.006793 0.050187
v -0.025453 0.017599 0.046600
v -0.025440 -0.007562 0.046630
v -0.025432 -0.015759 0.046600
v -0.025427 0.007912 0.046600
v -0.025409 0.007166 0.046900
v -0.025392 0.007225 0.065100
v -0.025385 0.006879 0.059600
v -0.025381 0.007007 0.047965
v -0.025375 -0.007283 0.069300
v -0.025366 0.002992 0.047100
v -0.025364 -0.013799 0.084600
v -0.025355 0.017668 0.043600
v -0.025355 0.007606 0.069590
v -0.025342 0.017132 0.046600
v -0.025342 0.017132 0.064600
v -0.025338 0.007643 0.046829
v -0.025337 0.008099 0.064600
v -0.025326 0.021467 0.075300
v -0.025326 0.021467 0.076800
v -0.025289 0.008080 0.051573
v -0.025286 -0.008077 0.064627
v -0.025277 -0.026542 0.040499
v -0.025271 0.015576 0.046600
v -0.025268 -0.007404 0.047965
v -0.025261 -0.008067 0.051561
v -0.025253 -0.015134 0.069600
v -0.025244 -0.017161 0.069600
v -0.025226 0.019057 0.076700
v -0.025222 -0.007628 0.050187
v -0.025203 -0.007515 0.059600
v -0.025189 0.004752 0.047852
v -0.025178 0.004815 0.046648
v -0.025158 -0.017293 0.046600
v -0.025158 -0.017293 0.064600
v -0.025134 -0.007191 0.046603
v -0.025126 -0.021268 0.043636
v -0.025116 -0.005185 0.046621
v -0.025099 -0.013728 0.076700
v -0.025099 0.013728 0.084600
v -0.025096 -0.014957 0.046600
v -0.025090 -0.005252 0.047852
v -0.025043 -0.005668 0.047463
v -0.025022 -0.017374 0.051600
v -0.025017 -0.020098 0.043600
v -0.025000 -0.018800 0.069548
v -0.024986 -0.017806 0.069600
v -0.024986 -0.014972 0.076700
v -0.024986 0.014972 0.069600
v -0.024986 0.017806 0.076700
v -0.024980 -0.020298 0.046600
v -0.024931 -0.021492 0.046567
v -0.024911 0.007088 0.064600
v -0.024902 0.006748 0.060100
v -0.024895 0.015402 0.051600
v -0.024895 0.015402 0.069600
v -0.024880 -0.009001 0.046600
v -0.024846 -0.008937 0.047467
v -0.024845 -0.011857 0.043600
v -0.024844 -0.006000 0.046850
v -0.024841 -0.017845 0.076700
v -0.024841 0.017845 0.069600
v -0.024841 0.014933 0.076700
v -0.024839 -0.015383 0.069600
v -0.024838 -0.009120 0.043600
v -0.024814 -0.018581 0.043600
v -0.024814 -0.018581 0.046600
v -0.024795 -0.021624 0.046600
v -0.024795 -0.021624 0.064600
v -0.024764 0.015313 0.064600
v -0.024736 -0.015357 0.064600
v -0.024717 -0.011574 0.046600
v -0.024705 0.017427 0.051600
v -0.024705 0.017427 0.069600
v -0.024587 -0.009899 0.069599
v -0.024576 -0.000146 0.064760
v -0.024477 0.020613 0.084600
v -0.024453 -0.010123 0.046829
v -0.024448 0.007439 0.043600
v -0.024413 0.010408 0.047100
v -0.024391 0.007901 0.046648
v -0.024383 0.007914 0.047850
v -0.024341 -0.019859 0.051600
v -0.024329 -0.019857 0.064600
v -0.024322 0.019860 0.051600
v -0.024322 0.019860 0.064600
v -0.024294 -0.015363 0.051600
v -0.024237 -0.008359 0.047852
v -0.024236 -0.000214 0.069543
v -0.024231 -0.008369 0.046645
v -0.024192 -0.015392 0.046600
v -0.024179 0.008639 0.046737
v -0.024147 -0.020998 0.069600
v -0.024131 0.008771 0.047463
v -0.024107 0.017871 0.046600
v -0.024071 -0.014972 0.069600
v -0.024065 0.017334 0.046600
v -0.024065 0.017334 0.064600
v -0.024048 -0.003804 0.043601
v -0.024029 0.008659 0.047100
v -0.024027 0.004282 0.043601
v -0.024027 -0.011341 0.069536
v -0.024018 0.014392 0.043600
v -0.024018 0.014392 0.046600
v -0.024011 0.011114 0.043600
v -0.024009 0.010344 0.046603
v -0.023982 -0.014918 0.043600
v -0.023971 -0.022012 0.043600
v -0.023960 0.017821 0.043600
v -0.023958 0.011228 0.046600
v -0.023957 0.019050 0.084600
v -0.023957 0.013728 0.076700
v -0.023957 -0.019050 0.076700
v -0.023949 -0.017321 0.069600
v -0.023903 0.011545 0.046620
v -0.023901 0.015529 0.046600
v -0.023871 -0.022114 0.046600
v -0.023867 -0.010053 0.060101
v -0.023832 0.020275 0.069544
v -0.023831 -0.002841 0.084600
v -0.023805 -0.017167 0.046600
v -0.023803 -0.017645 0.069600
v -0.023803 -0.015134 0.076700
v -0.023803 0.015134 0.069600
v -0.023803 0.017645 0.076700
v -0.023795 -0.020072 0.046600
v -0.023778 0.011355 0.050187
v -0.023760 0.001500 0.044100
v -0.023738 -0.015694 0.064600
v -0.023718 0.017061 0.051600
v -0.023718 0.017061 0.069600
v -0.023695 -0.017056 0.051600
v -0.023692 -0.018979 0.084600
v -0.023688 0.011426 0.059600
v -0.023681 -0.015116 0.046600
v -0.023674 0.012010 0.069581
v -0.023665 -0.020638 0.046600
v -0.023665 -0.020638 0.064600
v -0.023651 0.011559 0.047953
v -0.023618 -0.012106 0.046637
v -0.023616 0.012123 0.064637
v -0.023614 0.015774 0.069600
v -0.023610 -0.003081 0.044099
v -0.023609 0.015776 0.051600
v -0.023608 -0.017005 0.064600
v -0.023605 -0.012142 0.051564
v -0.023602 0.001440 0.053101
v -0.023598 0.012154 0.051567
v -0.023598 0.022925 0.046600
v -0.023598 0.022925 0.064600
v -0.023595 -0.012152 0.064633
v -0.023591 0.022964 0.046560
v -0.023575 0.012972 0.043600
v -0.023575 0.012972 0.046600
v -0.023566 -0.015819 0.069600
v -0.023546 -0.016031 0.051600
v -0.023510 -0.011722 0.064817
v -0.023509 -0.032358 0.075500
v -0.023509 0.032358 0.075500
v -0.023505 -0.016158 0.046600
v -0.023487 0.016496 0.046600
v -0.023477 -0.011908 0.047953
v -0.023461 0.016149 0.064600
v -0.023452 0.011830 0.047590
v -0.023430 -0.003184 0.053102
v -0.023424 -0.017388 0.076700
v -0.023424 0.015391 0.076700
v -0.023424 0.017388 0.069600
v -0.023405 -0.032214 0.085712
v -0.023405 0.032214 0.085712
v -0.023394 -0.012018 0.059600
v -0.023391 -0.012132 0.050187
v -0.023342 -0.001736 0.052701
v -0.023297 0.023266 0.043653
v -0.023273 -0.015664 0.069600
v -0.023260 0.021794 0.046600
v -0.023236 -0.001727 0.039900
v -0.023232 0.002851 0.052701
v -0.023203 -0.014094 0.084600
v -0.023203 0.014094 0.084600
v -0.023169 0.020688 0.043600
v -0.023140 -0.012844 0.046829
v -0.023126 0.002840 0.039900
v -0.023111 0.011103 0.047854
v -0.023111 -0.016847 0.069600
v -0.023111 -0.015932 0.076700
v -0.023111 0.015932 0.069600
v -0.023111 0.016847 0.076700
v -0.023108 -0.011193 0.047463
v -0.023100 -0.031794 0.075500
v -0.023100 -0.031794 0.076800
v -0.023100 0.031794 0.075500
v -0.023100 0.031794 0.076800
v -0.023087 -0.031165 0.040500
v -0.023077 0.011178 0.046641
v -0.023063 -0.001130 0.070612
v -0.023047 -0.011319 0.046737
v -0.023041 -0.031713 0.075300
v -0.023041 -0.031713 0.076800
v -0.023032 0.006748 0.084600
v -0.023027 0.006033 0.044100
v -0.023005 -0.009529 0.064600
v -0.022960 0.016448 0.043600
v -0.022956 -0.011197 0.047100
v -0.022949 0.013183 0.046829
v -0.022929 0.003438 0.060100
v -0.022926 -0.011483 0.046627
v -0.022916 0.016477 0.046600
v -0.022897 0.028760 0.040500
v -0.022876 -0.011560 0.047849
v -0.022872 -0.002567 0.083597
v -0.022870 0.003577 0.062578
v -0.022870 0.006010 0.053100
v -0.022762 0.009270 0.064760
v -0.022757 -0.013102 0.047574
v -0.022723 0.004735 0.062575
v -0.022604 0.023438 0.043600
v -0.022570 -0.007593 0.044099
v -0.022555 -0.006256 0.052701
v -0.022544 0.032068 0.075300
v -0.022544 0.032068 0.076800
v -0.022543 -0.009337 0.065100
v -0.022522 0.021880 0.046600
v -0.022522 0.021880 0.064600
v -0.022509 -0.014564 0.076700
v -0.022509 0.018214 0.076700
v -0.022491 0.022918 0.069602
v -0.022488 -0.016682 0.043600
v -0.022488 -0.016682 0.046600
v -0.022481 0.009071 0.069542
v -0.022453 -0.006227 0.039900
v -0.022406 0.012988 0.060101
v -0.022395 -0.031284 0.076800
v -0.022395 0.031284 0.076800
v -0.022390 0.002521 0.062574
v -0.022361 -0.007686 0.053102
v -0.022353 0.019296 0.046600
v -0.022352 -0.023086 0.043600
v -0.022352 -0.023086 0.046600
v -0.022343 0.005470 0.060100
v -0.022316 -0.022117 0.046886
v -0.022313 -0.031169 0.084864
v -0.022313 0.031169 0.084864
v -0.022309 -0.009463 0.069544
v -0.022235 0.022289 0.046907
v -0.022233 -0.017714 0.084600
v -0.022233 0.017714 0.084600
v -0.022230 0.007329 0.052701
v -0.022229 -0.010044 0.043598
v -0.022209 0.005510 0.062586
v -0.022161 -0.007160 0.060100
v -0.022128 0.007297 0.039900
v -0.022089 -0.007007 0.062580
v -0.022085 0.014623 0.069598
v -0.022083 0.023897 0.046600
v -0.022008 0.006789 0.083594
v -0.021938 -0.017225 0.076700
v -0.021938 -0.015553 0.084600
v -0.021938 0.015553 0.076700
v -0.021923 0.004166 0.060059
v -0.021902 -0.001496 0.060057
v -0.021894 0.003499 0.054316
v -0.021889 -0.001770 0.054119
v -0.021886 0.018997 0.043600
v -0.021867 0.015818 0.084600
v -0.021817 -0.005887 0.062576
v -0.021790 0.003323 0.060053
v -0.021781 0.001945 0.060100
v -0.021779 -0.002011 0.060080
v -0.021761 -0.001038 0.054126
v -0.021755 0.004161 0.061500
v -0.021755 0.004161 0.062600
v -0.021716 -0.008133 0.062578
v -0.021678 0.001934 0.062583
v -0.021648 -0.000896 0.060078
v -0.021630 0.010433 0.043742
v -0.021628 0.008040 0.070612
v -0.021594 0.013891 0.046737
v -0.021576 0.004782 0.060029
v -0.021569 0.004800 0.054329
v -0.021554 0.004206 0.054095
v -0.021530 -0.002390 0.054447
v -0.021525 -0.015398 0.046829
v -0.021518 0.014009 0.047463
v -0.021516 -0.005389 0.060100
v -0.021489 -0.002420 0.059754
v -0.021443 0.013877 0.047100
v -0.021415 0.006023 0.062571
v -0.021404 0.003065 0.061500
v -0.021404 0.003065 0.062600
v -0.021400 0.014131 0.046623
v -0.021372 0.015258 0.047574
v -0.021368 0.014170 0.047852
v -0.021317 0.015766 0.046680
v -0.021296 0.015713 0.046829
v -0.021287 0.015531 0.050187
v -0.021285 -0.022974 0.069528
v -0.021256 -0.015859 0.069533
v -0.021252 -0.005188 0.062577
v -0.021212 -0.025279 0.070600
v -0.021212 -0.025279 0.083600
v -0.021212 0.025279 0.070600
v -0.021212 0.025279 0.083600
v -0.021210 0.010444 0.053105
v -0.021186 0.015584 0.059600
v -0.021175 -0.029144 0.088042
v -0.021175 0.029144 0.088042
v -0.021150 0.002705 0.060050
v -0.021140 -0.025243 0.043632
v -0.021136 0.015703 0.047965
v -0.021124 -0.006739 0.060052
v -0.021103 -0.002513 0.054112
v -0.021101 -0.014558 0.047850
v -0.021086 -0.016146 0.046654
v -0.021086 -0.014587 0.046645
v -0.021079 -0.006628 0.054329
v -0.021073 0.016092 0.069520
v -0.021068 0.015910 0.065100
v -0.021066 -0.000578 0.054125
v -0.021057 -0.000587 0.060070
v -0.021028 0.005164 0.060054
v -0.021006 -0.016816 0.043600
v -0.021006 -0.016816 0.046600
v -0.020989 -0.008920 0.060100
v -0.020983 0.005012 0.061500
v -0.020983 0.005012 0.062600
v -0.020975 -0.025362 0.046568
v -0.020929 -0.007649 0.060056
v -0.020921 -0.007275 0.061500
v -0.020921 -0.007275 0.062600
v -0.020901 -0.010537 0.052701
v -0.020898 -0.025410 0.046600
v -0.020898 -0.025410 0.064600
v -0.020887 -0.016032 0.047965
v -0.020882 0.032803 0.040501
v -0.020880 -0.016161 0.069600
v -0.020867 -0.008934 0.062577
v -0.020848 0.030848 0.039000
v -0.020813 -0.002533 0.060081
v -0.020806 -0.010487 0.039900
v -0.020800 -0.011973 0.084600
v -0.020799 -0.023133 0.046600
v -0.020792 -0.006872 0.054095
v -0.020787 -0.016112 0.059600
v -0.020778 0.001678 0.062580
v -0.020770 -0.006026 0.060048
v -0.020766 -0.010126 0.070612
v -0.020763 -0.016224 0.050187
v -0.020710 -0.007916 0.054316
v -0.020707 -0.011766 0.044100
v -0.020704 0.002615 0.054321
v -0.020677 -0.006151 0.061500
v -0.020677 -0.006151 0.062600
v -0.020669 0.015608 0.064600
v -0.020622 0.006228 0.060100
v -0.020595 0.002967 0.054086
v -0.020562 -0.031223 0.041190
v -0.020554 0.005197 0.054325
v -0.020503 -0.016419 0.047590
v -0.020436 -0.011893 0.053103
v -0.020436 0.023542 0.046599
v -0.020423 -0.004761 0.062582
v -0.020407 0.005167 0.059954
v -0.020399 -0.005776 0.054325
v -0.020380 0.002664 0.059992
v -0.020373 0.011525 0.052701
v -0.020372 -0.002340 0.054126
v -0.020346 -0.008129 0.060051
v -0.020310 -0.017135 0.064628
v -0.020309 -0.000807 0.060091
v -0.020305 0.017149 0.051572
v -0.020302 0.004769 0.054096
v -0.020298 0.024980 0.046600
v -0.020292 -0.004689 0.060100
v -0.020291 0.017095 0.064644
v -0.020282 -0.000852 0.054105
v -0.020280 0.002822 0.061500
v -0.020280 0.002822 0.062600
v -0.020279 0.011473 0.039900
v -0.020269 -0.017117 0.051557
v -0.020263 -0.005724 0.059990
v -0.020201 0.006141 0.062586
v -0.020167 -0.022997 0.043600
v -0.020098 0.025017 0.043600
v -0.020092 0.018427 0.043600
v -0.020069 -0.008047 0.061500
v -0.020069 -0.008047 0.062600
v -0.020063 -0.016952 0.046608
v -0.020038 -0.001932 0.060085
v -0.020033 0.023992 0.069580
v -0.019972 -0.016136 0.047463
v -0.019958 -0.001618 0.054125
v -0.019945 -0.024252 0.046600
v -0.019945 -0.024252 0.064600
v -0.019930 -0.001492 0.059762
v -0.019928 -0.011488 0.083600
v -0.019915 0.001682 0.060100
v -0.019909 0.031637 0.041148
v -0.019885 0.005006 0.060054
v -0.019884 -0.016245 0.046737
v -0.019882 0.029521 0.086585
v -0.019860 0.024322 0.051600
v -0.019860 0.024322 0.064600
v -0.019860 -0.024322 0.051600
v -0.019860 -0.024322 0.064600
v -0.019859 0.004769 0.061500
v -0.019859 0.004769 0.062600
v -0.019835 0.018448 0.046600
v -0.019834 0.002884 0.060050
v -0.019824 -0.016105 0.047100
v -0.019810 -0.007837 0.054096
v -0.019737 0.003894 0.054098
v -0.019731 -0.009162 0.062585
v -0.019717 -0.006016 0.054096
v -0.019691 -0.029636 0.086585
v -0.019647 -0.024141 0.046599
v -0.019615 0.001893 0.062576
v -0.019582 -0.005800 0.061500
v -0.019582 -0.005800 0.062600
v -0.019575 -0.008201 0.060060
v -0.019566 -0.017868 0.047234
v -0.019550 -0.005643 0.060050
v -0.019542 -0.017837 0.046600
v -0.019521 0.003227 0.054322
v -0.019511 0.004590 0.054322
v -0.019508 0.003673 0.061500
v -0.019508 0.003673 0.062600
v -0.019503 0.026496 0.046600
v -0.019503 0.026496 0.064600
v -0.019457 -0.017930 0.043600
v -0.019442 0.016707 0.047852
v -0.019401 0.016758 0.046641
v -0.019397 0.003480 0.060054
v -0.019379 0.004273 0.060058
v -0.019366 0.018038 0.046829
v -0.019360 -0.009158 0.060100
v -0.019317 0.026755 0.046400
v -0.019238 -0.008087 0.054321
v -0.019231 -0.004737 0.062573
v -0.019192 -0.005780 0.054322
v -0.019150 -0.017044 0.046644
v -0.019135 0.035126 0.075300
v -0.019124 0.026787 0.043631
v -0.019104 -0.017093 0.047853
v -0.019097 0.005607 0.060100
v -0.019086 -0.035153 0.075300
v -0.019066 -0.027179 0.075300
v -0.019066 -0.027179 0.076800
v -0.019060 0.014260 0.044100
v -0.019050 -0.023957 0.084600
v -0.019050 0.023957 0.076700
v -0.019030 -0.009045 0.062577
v -0.018996 0.005481 0.062583
v -0.018979 -0.023692 0.076700
v -0.018979 0.023692 0.084600
v -0.018974 -0.007696 0.061500
v -0.018974 -0.007696 0.062600
v -0.018956 -0.007898 0.060056
v -0.018905 -0.006004 0.060060
v -0.018894 -0.006972 0.054092
v -0.018789 -0.021700 0.046600
v -0.018749 0.026947 0.046599
v -0.018731 -0.006572 0.061500
v -0.018731 -0.006572 0.062600
v -0.018684 -0.025853 0.076700
v -0.018684 0.025853 0.076700
v -0.018677 0.002778 0.060100
v -0.018671 0.014494 0.053114
v -0.018663 -0.004927 0.060100
v -0.018661 -0.007494 0.060049
v -0.018637 -0.026135 0.069600
v -0.018624 -0.017996 0.060101
v -0.018621 0.002874 0.062576
v -0.018614 0.025288 0.046600
v -0.018614 0.025288 0.064600
v -0.018581 0.024814 0.043600
v -0.018581 0.024814 0.046600
v -0.018567 -0.019525 0.046600
v -0.018533 -0.000158 0.060151
v -0.018532 -0.006716 0.060048
v -0.018530 0.015252 0.084600
v -0.018520 -0.006966 0.054322
v -0.018506 -0.034085 0.040500
v -0.018498 0.000298 0.064300
v -0.018471 0.026259 0.084589
v -0.018444 -0.014412 0.052701
v -0.018433 -0.026297 0.084592
v -0.018416 -0.020462 0.043600
v -0.018391 0.004242 0.062575
v -0.018370 -0.033834 0.075300
v -0.018361 -0.014345 0.039900
v -0.018344 0.002646 0.060148
v -0.018332 0.004149 0.060100
v -0.018287 -0.003035 0.060146
v -0.018258 -0.005320 0.062584
v -0.018170 0.019260 0.047405
v -0.018167 0.014197 0.060100
v -0.018155 0.013740 0.062584
v -0.018152 0.027798 0.075300
v -0.018152 0.027798 0.076800
v -0.018129 -0.003686 0.064300
v -0.018107 -0.008370 0.062574
v -0.018094 0.018044 0.047358
v -0.018070 0.019178 0.050187
v -0.018070 0.019412 0.046667
v -0.018063 -0.015527 0.044100
v -0.018025 0.012917 0.062539
v -0.018001 0.004267 0.064300
v -0.017998 0.000290 0.064800
v -0.017979 0.012796 0.060100
v -0.017961 0.019212 0.059600
v -0.017920 -0.019509 0.069474
v -0.017913 0.014714 0.062583
v -0.017901 0.019487 0.043600
v -0.017887 0.018421 0.046737
v -0.017879 0.019322 0.047953
v -0.017871 -0.024107 0.046600
v -0.017845 -0.024841 0.069600
v -0.017845 -0.024216 0.076700
v -0.017845 0.024216 0.069600
v -0.017836 0.034118 0.075300
v -0.017835 0.016657 0.043600
v -0.017821 -0.023960 0.043600
v -0.017810 0.019572 0.046600
v -0.017806 0.024071 0.076700
v -0.017798 -0.008105 0.060100
v -0.017786 -0.019510 0.069600
v -0.017786 -0.019510 0.065100
v -0.017760 0.005314 0.060148
v -0.017753 0.019702 0.069533
v -0.017733 0.015278 0.052701
v -0.017728 -0.015645 0.053104
v -0.017725 -0.006134 0.062577
v -0.017714 -0.022233 0.076700
v -0.017714 -0.022233 0.084600
v -0.017688 0.019478 0.046644
v -0.017672 -0.019754 0.046698
v -0.017668 -0.025355 0.043600
v -0.017652 -0.006227 0.060100
v -0.017651 0.015209 0.039900
v -0.017645 0.025253 0.069600
v -0.017645 0.025253 0.076700
v -0.017620 0.018846 0.060100
v -0.017610 -0.005777 0.060148
v -0.017599 -0.025453 0.046600
v -0.017596 -0.007314 0.062582
v -0.017590 -0.019585 0.047953
v -0.017535 0.012162 0.062588
v -0.017487 0.024622 0.064600
v -0.017482 0.017275 0.064760
v -0.017478 -0.019873 0.046829
v -0.017476 0.015024 0.083591
v -0.017472 -0.019657 0.059600
v -0.017449 -0.019140 0.064600
v -0.017440 -0.024599 0.046600
v -0.017429 -0.019763 0.050187
v -0.017427 -0.024705 0.051600
v -0.017427 -0.024705 0.069600
v -0.017388 -0.025633 0.076700
v -0.017388 -0.023424 0.069600
v -0.017374 0.025022 0.069600
v -0.017374 0.025022 0.051600
v -0.017349 -0.017170 0.043601
v -0.017334 -0.024065 0.064600
v -0.017310 0.016981 0.069541
v -0.017293 0.025158 0.046600
v -0.017275 -0.017482 0.064760
v -0.017225 0.021938 0.076700
v -0.017211 0.013978 0.054316
v -0.017205 0.013825 0.060060
v -0.017202 0.020232 0.064641
v -0.017179 0.023833 0.046600
v -0.017177 -0.020256 0.064635
v -0.017176 -0.020252 0.051559
v -0.017171 0.020268 0.051566
v -0.017165 0.005720 0.064801
v -0.017146 -0.026379 0.046881
v -0.017144 -0.027137 0.076700
v -0.017142 0.013279 0.060052
v -0.017132 -0.025342 0.064600
v -0.017129 0.015616 0.062575
v -0.017127 -0.005834 0.064801
v -0.017105 0.023757 0.051600
v -0.017105 0.023757 0.069600
v -0.017096 0.019096 0.047848
v -0.017071 0.019126 0.046643
v -0.017065 -0.026225 0.069520
v -0.017061 -0.023718 0.051600
v -0.017061 -0.023718 0.069600
v -0.017023 0.026415 0.046896
v -0.017006 -0.028153 0.043624
v -0.017004 0.013357 0.061500
v -0.017004 0.013357 0.062600
v -0.016994 -0.017272 0.069544
v -0.016976 -0.023654 0.046600
v -0.016969 0.027191 0.076701
v -0.016960 0.021867 0.084600
v -0.016928 -0.032553 0.040488
v -0.016913 -0.007497 0.064300
v -0.016903 0.014563 0.060052
v -0.016872 0.011568 0.060100
v -0.016855 0.015856 0.060100
v -0.016853 -0.025473 0.046600
v -0.016847 0.023111 0.069600
v -0.016847 0.025946 0.076700
v -0.016847 -0.025946 0.069600
v -0.016847 -0.023111 0.076700
v -0.016816 0.021006 0.043600
v -0.016816 0.021006 0.046600
v -0.016760 0.014481 0.061500
v -0.016760 0.014481 0.062600
v -0.016756 -0.025515 0.051600
v -0.016756 -0.025515 0.069600
v -0.016750 -0.029012 0.039000
v -0.016750 -0.029012 0.040500
v -0.016749 -0.019415 0.046622
v -0.016726 0.023531 0.064600
v -0.016724 -0.019425 0.047850
v -0.016711 0.027199 0.084614
v -0.016704 0.008057 0.060139
v -0.016702 0.023072 0.076700
v -0.016702 0.025984 0.069600
v -0.016696 0.015896 0.070609
v -0.016692 0.029045 0.039000
v -0.016692 0.029045 0.040500
v -0.016682 0.022488 0.043600
v -0.016682 0.022488 0.046600
v -0.016664 -0.027214 0.084616
v -0.016664 0.026026 0.043600
v -0.016663 0.008037 0.064300
v -0.016643 0.012593 0.060067
v -0.016640 -0.028378 0.046572
v -0.016623 0.012617 0.054321
v -0.016563 0.013018 0.054086
v -0.016551 -0.008351 0.060147
v -0.016532 0.014382 0.054099
v -0.016477 -0.022916 0.046600
v -0.016474 0.011515 0.062580
v -0.016460 -0.023478 0.064600
v -0.016448 -0.022960 0.043600
v -0.016439 0.026118 0.046600
v -0.016430 -0.028504 0.046600
v -0.016430 -0.028504 0.064600
v -0.016361 -0.033581 0.038994
v -0.016327 0.012499 0.059993
v -0.016308 0.014924 0.060024
v -0.016296 0.025626 0.064600
v -0.016280 0.014941 0.054329
v -0.016182 0.023496 0.046600
v -0.016155 0.025555 0.051600
v -0.016155 0.025555 0.069600
v -0.016152 0.012584 0.061500
v -0.016152 0.012584 0.062600
v -0.016079 0.023522 0.051600
v -0.016070 -0.020951 0.047467
v -0.016053 0.025526 0.046600
v -0.016010 0.015950 0.062578
v -0.015974 0.017653 0.044100
v -0.015950 -0.016010 0.062577
v -0.015932 -0.025946 0.076700
v -0.015932 -0.023111 0.069600
v -0.015926 -0.023583 0.046600
v -0.015921 0.027065 0.069300
v -0.015856 -0.016855 0.060100
v -0.015818 -0.021867 0.084600
v -0.015815 -0.026663 0.043600
v -0.015815 -0.026663 0.046600
v -0.015811 -0.015119 0.062577
v -0.015810 0.023597 0.069600
v -0.015799 -0.020240 0.047463
v -0.015789 -0.014972 0.060100
v -0.015778 0.015001 0.060055
v -0.015771 -0.023616 0.051600
v -0.015771 -0.023616 0.069600
v -0.015762 -0.025389 0.046600
v -0.015739 0.023710 0.064600
v -0.015688 -0.020326 0.046737
v -0.015681 -0.027204 0.046600
v -0.015681 -0.027204 0.064600
v -0.015665 0.014832 0.061500
v -0.015665 0.014832 0.062600
v -0.015664 -0.025784 0.069600
v -0.015664 -0.023273 0.076700
v -0.015664 0.023273 0.069600
v -0.015664 0.023273 0.076700
v -0.015661 -0.020177 0.047100
v -0.015616 -0.017129 0.062576
v -0.015559 0.020425 0.047463
v -0.015553 -0.021938 0.076700
v -0.015543 -0.025255 0.064600
v -0.015537 0.012459 0.060041
v -0.015515 -0.023942 0.064600
v -0.015490 0.017853 0.053114
v -0.015475 -0.025144 0.069600
v -0.015470 -0.025141 0.051600
v -0.015422 -0.028142 0.043600
v -0.015391 0.025633 0.076700
v -0.015366 0.024813 0.069600
v -0.015348 -0.024422 0.046600
v -0.015330 0.024662 0.064600
v -0.015317 0.025634 0.043600
v -0.015311 -0.028312 0.046600
v -0.015295 0.024433 0.046600
v -0.015292 0.012556 0.054322
v -0.015285 0.025527 0.069600
v -0.015283 0.024572 0.051600
v -0.015278 -0.017733 0.052701
v -0.015268 0.014386 0.054092
v -0.015214 0.010591 0.060148
v -0.015209 -0.017651 0.039900
v -0.015203 0.013128 0.054096
v -0.015202 0.014778 0.054325
v -0.015136 -0.014154 0.062587
v -0.015134 -0.025253 0.076700
v -0.015134 -0.023803 0.069600
v -0.015119 0.015811 0.062577
v -0.015117 -0.017485 0.070609
v -0.015116 0.023681 0.046600
v -0.015113 0.014740 0.060047
v -0.015106 0.011590 0.062575
v -0.015099 -0.021736 0.046829
v -0.015064 0.026823 0.076700
v -0.015057 0.012935 0.061500
v -0.015057 0.012935 0.062600
v -0.015042 -0.010827 0.060146
v -0.015001 -0.015778 0.060055
v -0.014989 0.011619 0.060100
v -0.014972 0.015789 0.060100
v -0.014972 -0.024986 0.069600
v -0.014972 -0.024071 0.076700
v -0.014972 0.024071 0.069600
v -0.014961 0.021831 0.047371
v -0.014961 0.012818 0.060060
v -0.014957 0.025096 0.046600
v -0.014941 -0.016280 0.054329
v -0.014941 0.021905 0.069600
v -0.014938 -0.027688 0.051600
v -0.014933 0.024216 0.076700
v -0.014924 -0.016308 0.060024
v -0.014918 0.023982 0.043600
v -0.014906 -0.010957 0.064300
v -0.014903 0.027684 0.064600
v -0.014898 0.027664 0.051600
v -0.014895 -0.027665 0.064600
v -0.014893 0.029326 0.046574
v -0.014876 0.029345 0.046600
v -0.014876 0.029345 0.064600
v -0.014841 -0.013928 0.060100
v -0.014832 -0.015665 0.061500
v -0.014832 -0.015665 0.062600
v -0.014826 0.033513 0.040498
v -0.014814 0.014059 0.061500
v -0.014814 0.014059 0.062600
v -0.014778 -0.015202 0.054325
v -0.014746 -0.018709 0.044100
v -0.014740 -0.015113 0.060047
v -0.014714 -0.017913 0.062583
v -0.014670 0.027480 0.046600
v -0.014669 0.013398 0.059991
v -0.014624 0.013989 0.060057
v -0.014602 0.013731 0.054322
v -0.014564 0.026547 0.084600
v -0.014564 0.022509 0.076700
v -0.014564 -0.026547 0.076700
v -0.014563 -0.016903 0.060052
v -0.014546 0.011431 0.064300
v -0.014503 0.021891 0.046626
v -0.014481 -0.016760 0.061500
v -0.014481 -0.016760 0.062600
v -0.014412 0.018444 0.052701
v -0.014401 0.021208 0.047853
v -0.014392 -0.024018 0.043600
v -0.014392 -0.024018 0.046600
v -0.014386 -0.015268 0.054092
v -0.014382 -0.016532 0.054099
v -0.014372 0.034347 0.039000
v -0.014370 0.022703 0.084600
v -0.014370 -0.026353 0.084600
v -0.014345 0.018361 0.039900
v -0.014342 -0.018797 0.053104
v -0.014239 0.022172 0.050187
v -0.014221 0.029652 0.043625
v -0.014197 0.028007 0.046600
v -0.014197 0.028007 0.064600
v -0.014197 -0.018167 0.060100
v -0.014196 0.022402 0.046667
v -0.014174 0.012279 0.062572
v -0.014154 0.015136 0.062587
v -0.014152 0.011122 0.064800
v -0.014125 0.022185 0.059600
v -0.014059 -0.014814 0.061500
v -0.014059 -0.014814 0.062600
v -0.014049 -0.013683 0.062560
v -0.014042 -0.021459 0.046625
v -0.014039 0.021464 0.046639
v -0.014036 0.022278 0.047965
v -0.013995 -0.021476 0.047851
v -0.013989 -0.014624 0.060057
v -0.013978 -0.017211 0.054316
v -0.013950 0.022414 0.064800
v -0.013950 0.022414 0.069300
v -0.013928 0.014841 0.060100
v -0.013898 0.022446 0.065100
v -0.013846 -0.022478 0.051400
v -0.013846 -0.022478 0.069300
v -0.013825 -0.017205 0.060060
v -0.013799 -0.023692 0.084600
v -0.013755 0.013081 0.062590
v -0.013740 -0.018155 0.062584
v -0.013739 0.024528 0.084600
v -0.013731 -0.014602 0.054322
v -0.013728 -0.023957 0.076700
v -0.013728 0.025099 0.076700
v -0.013723 -0.029510 0.043600
v -0.013703 -0.022733 0.046624
v -0.013696 -0.018500 0.083598
v -0.013685 -0.022495 0.047965
v -0.013683 0.014049 0.062560
v -0.013680 0.012974 0.060100
v -0.013635 0.022021 0.064600
v -0.013591 -0.029565 0.046600
v -0.013563 -0.022533 0.059600
v -0.013529 0.027433 0.043600
v -0.013501 -0.022629 0.050187
v -0.013488 0.012709 0.060152
v -0.013424 0.028142 0.069601
v -0.013398 -0.014669 0.059991
v -0.013357 -0.017004 0.061500
v -0.013357 -0.017004 0.062600
v -0.013330 -0.002213 0.089114
v -0.013321 0.028709 0.046600
v -0.013279 -0.017142 0.060052
v -0.013257 0.026524 0.046600
v -0.013249 0.021993 0.046737
v -0.013128 -0.015203 0.054096
v -0.013120 0.021914 0.047100
v -0.013116 -0.013099 0.060149
v -0.013108 -0.036503 0.040500
v -0.013108 0.036503 0.040500
v -0.013107 -0.020278 0.084597
v -0.013101 -0.034968 0.041153
v -0.013094 -0.012486 0.064801
v -0.013081 -0.013755 0.062590
v -0.013055 0.022791 0.047592
v -0.013018 -0.016563 0.054086
v -0.012974 -0.013680 0.060100
v -0.012972 -0.023575 0.043600
v -0.012972 -0.023575 0.046600
v -0.012956 0.035018 0.041154
v -0.012935 -0.015057 0.061500
v -0.012935 -0.015057 0.062600
v -0.012917 -0.018025 0.062539
v -0.012906 0.002885 0.090606
v -0.012818 -0.014961 0.060060
v -0.012796 -0.017979 0.060100
v -0.012791 0.017351 0.060075
v -0.012775 0.029485 0.043600
v -0.012740 0.017101 0.054126
v -0.012710 0.029570 0.069598
v -0.012698 0.017806 0.054134
v -0.012683 0.017881 0.059751
v -0.012617 -0.016623 0.054321
v -0.012593 -0.016643 0.060067
v -0.012584 -0.016152 0.061500
v -0.012584 -0.016152 0.062600
v -0.012556 -0.015292 0.054322
v -0.012523 -0.023316 0.046829
v -0.012499 -0.016327 0.059993
v -0.012459 -0.015537 0.060041
v -0.012379 0.028900 0.046909
v -0.012367 0.016536 0.060075
v -0.012365 -0.023715 0.069600
v -0.012360 -0.038039 0.075500
v -0.012360 0.038039 0.075500
v -0.012332 0.023823 0.069601
v -0.012329 0.016512 0.054132
v -0.012325 -0.028785 0.069555
v -0.012305 -0.037869 0.085712
v -0.012305 0.037869 0.085712
v -0.012294 0.020391 0.044100
v -0.012271 -0.014166 0.062539
v -0.012251 -0.023613 0.064626
v -0.012247 0.018219 0.060079
v -0.012230 0.023633 0.051574
v -0.012224 0.023664 0.064603
v -0.012219 -0.028720 0.046600
v -0.012215 -0.023666 0.051597
v -0.012213 0.022838 0.060101
v -0.012202 -0.013905 0.064300
v -0.012178 0.023497 0.046829
v -0.012162 -0.017535 0.062588
v -0.012144 -0.037376 0.075500
v -0.012144 -0.037376 0.076800
v -0.012144 0.037376 0.075500
v -0.012144 0.037376 0.076800
v -0.012113 -0.037281 0.075300
v -0.012113 -0.037281 0.076800
v -0.012000 0.018316 0.054104
v -0.011857 0.024845 0.043600
v -0.011851 -0.030687 0.043626
v -0.011822 0.037374 0.075300
v -0.011822 0.037374 0.076800
v -0.011761 -0.036632 0.076800
v -0.011761 0.036632 0.076800
v -0.011748 0.014291 0.064300
v -0.011746 -0.014813 0.062584
v -0.011717 -0.036498 0.084864
v -0.011717 0.036498 0.084864
v -0.011716 0.020529 0.053113
v -0.011687 -0.006100 0.090601
v -0.011619 -0.014989 0.060100
v -0.011616 -0.016728 0.062571
v -0.011586 -0.021360 0.043600
v -0.011574 0.024717 0.046600
v -0.011568 -0.016872 0.060100
v -0.011564 0.022876 0.047852
v -0.011552 0.016423 0.054118
v -0.011538 0.016428 0.060066
v -0.011529 0.022871 0.046709
v -0.011525 -0.020373 0.052701
v -0.011515 -0.030819 0.046600
v -0.011515 -0.030819 0.064600
v -0.011485 0.018278 0.060077
v -0.011473 -0.020279 0.039900
v -0.011469 -0.015778 0.062583
v -0.011450 -0.030834 0.046574
v -0.011412 0.014605 0.060147
v -0.011408 -0.029941 0.069600
v -0.011296 0.030516 0.046600
v -0.011287 -0.031010 0.070600
v -0.011287 -0.031010 0.083600
v -0.011287 0.031010 0.070600
v -0.011287 0.031010 0.083600
v -0.011228 -0.023958 0.046600
v -0.011177 0.018109 0.054114
v -0.011171 -0.029829 0.043600
v -0.011164 -0.023074 0.046648
v -0.011163 0.030570 0.043600
v -0.011141 -0.029403 0.046913
v -0.011132 -0.034261 0.088042
v -0.011132 0.034261 0.088042
v -0.011118 0.029366 0.069300
v -0.011114 -0.024011 0.043600
v -0.011108 -0.023101 0.047852
v -0.011087 -0.014851 0.060151
v -0.011082 0.016752 0.060095
v -0.010990 -0.029414 0.046600
v -0.010990 -0.029414 0.064600
v -0.010966 0.016912 0.054113
v -0.010964 -0.023808 0.046600
v -0.010945 0.030070 0.084600
v -0.010925 0.017875 0.059742
v -0.010881 -0.029719 0.046600
v -0.010878 -0.021195 0.044100
v -0.010865 -0.023509 0.060101
v -0.010856 0.017307 0.060077
v -0.010852 -0.023995 0.047550
v -0.010831 0.021452 0.084600
v -0.010805 -0.030130 0.084600
v -0.010804 -0.023292 0.047463
v -0.010795 0.017526 0.054439
v -0.010684 -0.023200 0.047100
v -0.010676 -0.023351 0.046737
v -0.010585 0.021975 0.043601
v -0.010537 0.020901 0.052701
v -0.010528 0.023418 0.047463
v -0.010487 0.020806 0.039900
v -0.010406 -0.021230 0.053105
v -0.010390 0.034007 0.086587
v -0.010276 -0.034036 0.086589
v -0.010203 0.014942 0.064801
v -0.010108 -0.018831 0.060067
v -0.010081 -0.018965 0.054117
v -0.010018 0.020769 0.083599
v -0.009997 -0.031659 0.075300
v -0.009997 -0.031659 0.076800
v -0.009949 -0.018398 0.054114
v -0.009922 0.024411 0.050187
v -0.009918 -0.019467 0.060080
v -0.009874 0.024634 0.046632
v -0.009843 0.031393 0.046600
v -0.009843 0.031393 0.064600
v -0.009839 -0.019556 0.054103
v -0.009808 0.024403 0.059600
v -0.009783 -0.024591 0.046829
v -0.009704 0.024477 0.047965
v -0.009664 -0.018050 0.054447
v -0.009630 -0.018070 0.060095
v -0.009618 -0.024397 0.064761
v -0.009608 0.022500 0.087883
v -0.009594 0.024595 0.064800
v -0.009594 0.024595 0.069300
v -0.009540 0.022650 0.064760
v -0.009537 -0.024617 0.069600
v -0.009519 0.024729 0.046966
v -0.009507 0.022314 0.069540
v -0.009480 -0.024639 0.046900
v -0.009480 -0.024639 0.069300
v -0.009469 0.031821 0.075300
v -0.009469 0.031821 0.076800
v -0.009445 -0.019883 0.054447
v -0.009394 0.029962 0.046600
v -0.009394 0.029962 0.064600
v -0.009381 -0.028129 0.043600
v -0.009381 -0.028129 0.046600
v -0.009362 -0.022499 0.087912
v -0.009319 -0.024627 0.047965
v -0.009315 0.024427 0.046603
v -0.009294 -0.025662 0.046600
v -0.009270 0.031587 0.043621
v -0.009270 -0.022762 0.064760
v -0.009256 0.031592 0.046587
v -0.009223 0.019593 0.060100
v -0.009205 -0.019889 0.060068
v -0.009193 0.030846 0.046600
v -0.009191 -0.024642 0.059600
v -0.009184 -0.025952 0.043600
v -0.009162 0.019731 0.062585
v -0.009120 0.024838 0.043600
v -0.009113 -0.024724 0.050187
v -0.009097 -0.022456 0.069545
v -0.009085 0.023864 0.046829
v -0.009073 0.021166 0.070606
v -0.009067 -0.017961 0.054118
v -0.009045 0.019030 0.062577
v -0.009040 0.030071 0.051600
v -0.009035 -0.030140 0.064600
v -0.009029 0.030106 0.064600
v -0.009018 -0.030115 0.051600
v -0.009009 0.016201 0.060146
v -0.009001 0.024880 0.046600
v -0.008994 0.030804 0.043600
v -0.008934 0.020867 0.062578
v -0.008928 -0.016203 0.064300
v -0.008910 -0.017905 0.059743
v -0.008802 -0.021249 0.070600
v -0.008773 -0.019827 0.054122
v -0.008753 -0.026314 0.069601
v -0.008681 -0.016379 0.060145
v -0.008635 0.021379 0.060100
v -0.008541 0.024170 0.047850
v -0.008526 0.024183 0.046636
v -0.008487 -0.018180 0.054137
v -0.008482 -0.027567 0.069603
v -0.008466 -0.026700 0.046654
v -0.008463 -0.029209 0.076700
v -0.008426 -0.019597 0.060060
v -0.008421 -0.029480 0.084600
v -0.008417 0.029492 0.084600
v -0.008401 0.016482 0.064300
v -0.008370 0.018107 0.062574
v -0.008346 0.029763 0.076700
v -0.008344 -0.018314 0.060073
v -0.008339 0.039121 0.075300
v -0.008321 -0.026249 0.069516
v -0.008316 -0.039126 0.075300
v -0.008298 -0.027125 0.069488
v -0.008290 -0.026434 0.066100
v -0.008263 -0.023500 0.087803
v -0.008249 -0.019342 0.054118
v -0.008236 -0.027103 0.070116
v -0.008231 -0.026307 0.043600
v -0.008224 0.025091 0.047467
v -0.008211 -0.027072 0.046908
v -0.008201 0.019575 0.060060
v -0.008199 -0.018674 0.054118
v -0.008185 -0.027118 0.050100
v -0.008164 -0.027209 0.046600
v -0.008162 -0.018888 0.060082
v -0.008161 0.022371 0.044098
v -0.008142 -0.025310 0.064628
v -0.008141 -0.026235 0.046600
v -0.008135 -0.026173 0.050100
v -0.008133 0.021716 0.062577
v -0.008132 -0.025297 0.051562
v -0.008129 0.020346 0.060051
v -0.008129 0.025379 0.064592
v -0.008123 0.025320 0.051565
v -0.008105 0.017798 0.060100
v -0.008104 -0.026192 0.084600
v -0.008089 -0.024327 0.047852
v -0.008087 0.019238 0.054321
v -0.008083 -0.024331 0.046634
v -0.008075 -0.027262 0.084600
v -0.008066 -0.026154 0.070108
v -0.008047 0.020069 0.061500
v -0.008047 0.020069 0.062600
v -0.008004 -0.037658 0.075300
v -0.007946 -0.025687 0.046592
v -0.007945 -0.026897 0.050100
v -0.007945 -0.026897 0.064600
v -0.007934 -0.027407 0.043600
v -0.007921 -0.026044 0.069292
v -0.007916 0.020710 0.054316
v -0.007913 -0.027761 0.046608
v -0.007909 -0.026961 0.051600
v -0.007909 -0.026961 0.066100
v -0.007902 0.023500 0.087829
v -0.007898 0.018956 0.060056
v -0.007896 -0.026030 0.046908
v -0.007892 -0.027366 0.076700
v -0.007837 0.019810 0.054096
v -0.007807 -0.027466 0.066100
v -0.007774 0.027108 0.076700
v -0.007715 -0.026340 0.064600
v -0.007705 -0.036453 0.039000
v -0.007696 0.018974 0.061500
v -0.007696 0.018974 0.062600
v -0.007671 0.030036 0.043600
v -0.007671 0.030036 0.046600
v -0.007649 0.020929 0.060056
v -0.007580 0.026914 0.084600
v -0.007564 -0.026256 0.051600
v -0.007564 -0.026256 0.066100
v -0.007559 -0.025623 0.069602
v -0.007557 -0.027477 0.046908
v -0.007556 -0.027586 0.069501
v -0.007554 0.037751 0.075300
v -0.007504 -0.027478 0.050100
v -0.007497 0.025842 0.043600
v -0.007497 0.025842 0.046600
v -0.007494 0.018661 0.060049
v -0.007494 0.022418 0.053113
v -0.007490 -0.026257 0.050100
v -0.007484 -0.025939 0.066100
v -0.007478 -0.038109 0.040488
v -0.007448 0.030433 0.046696
v -0.007437 -0.025381 0.069612
v -0.007427 -0.025945 0.046600
v -0.007371 -0.025955 0.084600
v -0.007371 -0.036603 0.041163
v -0.007351 0.038135 0.040502
v -0.007351 -0.025960 0.043600
v -0.007350 -0.027076 0.064600
v -0.007346 -0.027454 0.070108
v -0.007335 -0.023167 0.043600
v -0.007333 0.036503 0.039000
v -0.007329 -0.022230 0.052701
v -0.007325 -0.031068 0.076700
v -0.007314 0.017596 0.062582
v -0.007297 -0.022128 0.039900
v -0.007295 -0.028956 0.043600
v -0.007284 -0.030429 0.069519
v -0.007275 0.020921 0.061500
v -0.007275 0.020921 0.062600
v -0.007222 0.036628 0.041152
v -0.007211 -0.028621 0.076700
v -0.007205 -0.028933 0.069600
v -0.007205 0.028933 0.069600
v -0.007205 0.028933 0.076700
v -0.007173 -0.026027 0.050100
v -0.007169 -0.028322 0.046600
v -0.007163 -0.026971 0.050100
v -0.007153 0.022097 0.060100
v -0.007151 -0.026040 0.069292
v -0.007127 -0.026054 0.046908
v -0.007125 -0.026908 0.051600
v -0.007125 -0.026908 0.066100
v -0.007120 -0.026519 0.064600
v -0.007086 -0.026035 0.070120
v -0.007080 0.031228 0.076700
v -0.007078 -0.027374 0.076700
v -0.007032 -0.027340 0.046600
v -0.007007 0.022089 0.062580
v -0.006975 -0.027240 0.043600
v -0.006972 0.018894 0.054092
v -0.006966 0.018520 0.054322
v -0.006956 0.031333 0.084551
v -0.006944 0.011806 0.089107
v -0.006916 -0.025546 0.046829
v -0.006891 -0.027135 0.066100
v -0.006890 -0.031373 0.084555
v -0.006884 -0.032178 0.043629
v -0.006882 -0.027911 0.069598
v -0.006872 0.020792 0.054095
v -0.006860 0.029932 0.076700
v -0.006860 -0.029932 0.069600
v -0.006860 0.027935 0.069600
v -0.006843 -0.030092 0.046600
v -0.006842 -0.026366 0.066100
v -0.006840 -0.029127 0.064600
v -0.006840 -0.029127 0.046600
v -0.006819 -0.026418 0.046600
v -0.006806 0.027160 0.043600
v -0.006806 0.027160 0.046600
v -0.006801 -0.026470 0.084600
v -0.006801 -0.029280 0.051600
v -0.006801 -0.029280 0.069600
v -0.006800 -0.026517 0.076700
v -0.006793 -0.026491 0.043600
v -0.006793 -0.026921 0.070108
v -0.006788 0.029137 0.046600
v -0.006770 -0.026946 0.046925
v -0.006758 -0.026904 0.069275
v -0.006754 0.030038 0.069600
v -0.006754 -0.030038 0.076700
v -0.006754 0.027828 0.076700
v -0.006743 -0.026871 0.050100
v -0.006739 0.021124 0.060052
v -0.006733 0.029440 0.064600
v -0.006716 0.018532 0.060048
v -0.006712 0.028494 0.051600
v -0.006712 0.028494 0.069600
v -0.006673 -0.025941 0.046594
v -0.006664 -0.032238 0.046575
v -0.006646 -0.026053 0.069608
v -0.006641 -0.016830 0.064801
v -0.006637 -0.027304 0.046602
v -0.006628 0.021079 0.054329
v -0.006620 -0.030186 0.043600
v -0.006603 -0.022892 0.044100
v -0.006581 -0.027211 0.069598
v -0.006572 0.018731 0.061500
v -0.006572 0.018731 0.062600
v -0.006505 -0.036117 0.040502
v -0.006476 0.029766 0.069600
v -0.006476 0.029766 0.051600
v -0.006464 -0.025452 0.047574
v -0.006448 0.028140 0.046600
v -0.006448 0.028140 0.064600
v -0.006442 0.017378 0.060148
v -0.006410 -0.027506 0.043600
v -0.006315 -0.028042 0.051600
v -0.006285 -0.032294 0.046600
v -0.006285 -0.032294 0.064600
v -0.006256 0.022555 0.052701
v -0.006228 -0.020622 0.060100
v -0.006227 0.017652 0.060100
v -0.006227 0.022453 0.039900
v -0.006223 -0.027990 0.046600
v -0.006213 -0.027516 0.076700
v -0.006203 -0.026804 0.069609
v -0.006158 -0.020500 0.062575
v -0.006151 0.020677 0.061500
v -0.006151 0.020677 0.062600
v -0.006134 0.017725 0.062577
v -0.006102 -0.027888 0.069600
v -0.006095 0.029929 0.046600
v -0.006073 -0.022850 0.053105
v -0.006056 -0.027433 0.046600
v -0.006026 0.020770 0.060048
v -0.006024 -0.017530 0.060148
v -0.006023 -0.021415 0.062571
v -0.006016 0.019717 0.054096
v -0.006004 0.018905 0.060060
v -0.005998 -0.030822 0.046600
v -0.005998 -0.030822 0.064600
v -0.005949 -0.027849 0.064600
v -0.005901 -0.025116 0.046600
v -0.005887 0.021817 0.062576
v -0.005854 0.027885 0.051600
v -0.005854 0.027885 0.069600
v -0.005822 -0.029984 0.064600
v -0.005817 -0.032991 0.039000
v -0.005817 -0.032991 0.040500
v -0.005800 0.019582 0.061500
v -0.005800 0.019582 0.062600
v -0.005798 -0.019373 0.062583
v -0.005795 0.032995 0.039000
v -0.005795 0.032995 0.040500
v -0.005786 0.030712 0.069548
v -0.005780 0.019192 0.054322
v -0.005776 0.020399 0.054325
v -0.005755 0.026283 0.076700
v -0.005755 0.027483 0.069600
v -0.005755 0.027483 0.076700
v -0.005755 0.030383 0.069600
v -0.005755 0.030383 0.076700
v -0.005733 -0.023305 0.084600
v -0.005724 0.020263 0.059990
v -0.005716 -0.029985 0.069600
v -0.005706 -0.030817 0.046712
v -0.005643 0.019550 0.060050
v -0.005640 0.036292 0.040499
v -0.005607 -0.019097 0.060100
v -0.005562 -0.030018 0.046600
v -0.005558 0.021690 0.060100
v -0.005552 0.029966 0.064600
v -0.005510 -0.022209 0.062586
v -0.005479 0.025906 0.046795
v -0.005470 -0.022343 0.060100
v -0.005466 0.024962 0.047358
v -0.005443 -0.030389 0.069600
v -0.005415 0.027937 0.046600
v -0.005415 0.027937 0.064600
v -0.005408 -0.029979 0.051600
v -0.005403 -0.031626 0.076700
v -0.005320 0.018258 0.062584
v -0.005298 -0.030350 0.076700
v -0.005298 -0.027516 0.069600
v -0.005281 -0.025047 0.047397
v -0.005268 0.025818 0.050187
v -0.005263 -0.028003 0.051600
v -0.005257 0.025086 0.047850
v -0.005236 -0.017744 0.064300
v -0.005197 -0.020554 0.054325
v -0.005193 0.030421 0.046600
v -0.005188 0.021252 0.062577
v -0.005172 -0.028057 0.046600
v -0.005167 -0.020407 0.059954
v -0.005164 -0.021028 0.060054
v -0.005157 0.025789 0.059600
v -0.005146 0.029792 0.069600
v -0.005146 0.029792 0.051600
v -0.005145 0.026017 0.046667
v -0.005139 0.000218 0.064731
v -0.005134 -0.022454 0.083599
v -0.005116 0.031588 0.084600
v -0.005110 -0.025162 0.046737
v -0.005103 0.025972 0.064675
v -0.005088 0.025167 0.046737
v -0.005063 0.029726 0.046600
v -0.005029 0.025840 0.047953
v -0.005027 0.030358 0.043600
v -0.005012 -0.020983 0.061500
v -0.005012 -0.020983 0.062600
v -0.005006 -0.019885 0.060054
v -0.004979 -0.000694 0.062800
v -0.004963 -0.031519 0.084620
v -0.004930 0.031533 0.076701
v -0.004927 0.018663 0.060100
v -0.004919 0.026343 0.084600
v -0.004911 0.025939 0.051400
v -0.004903 0.027663 0.046600
v -0.004899 0.027689 0.043600
v -0.004887 -0.026354 0.084600
v -0.004879 -0.029516 0.064600
v -0.004864 -0.028373 0.069600
v -0.004853 0.001188 0.039900
v -0.004851 0.025950 0.065100
v -0.004851 0.025950 0.069600
v -0.004825 -0.029425 0.069600
v -0.004812 -0.028466 0.064600
v -0.004800 -0.025181 0.046646
v -0.004800 -0.021569 0.054329
v -0.004791 -0.025962 0.046900
v -0.004791 -0.025962 0.051400
v -0.004791 -0.025962 0.064800
v -0.004791 -0.025962 0.069300
v -0.004782 -0.021576 0.060029
v -0.004782 -0.022497 0.070600
v -0.004774 -0.021043 0.054086
v -0.004769 -0.019859 0.061500
v -0.004769 -0.019859 0.062600
v -0.004761 0.020423 0.062582
v -0.004757 -0.027828 0.076700
v -0.004757 0.027828 0.069600
v -0.004757 0.030038 0.076700
v -0.004752 -0.025186 0.047849
v -0.004737 0.019231 0.062573
v -0.004735 -0.022723 0.062575
v -0.004721 0.028731 0.046600
v -0.004720 0.028581 0.051600
v -0.004719 0.028576 0.069600
v -0.004715 0.025216 0.046628
v -0.004714 -0.001863 0.039900
v -0.004714 0.026103 0.069542
v -0.004706 -0.018510 0.062577
v -0.004705 -0.029000 0.046600
v -0.004703 -0.028894 0.051600
v -0.004689 0.020292 0.060100
v -0.004662 0.017903 0.064300
v -0.004651 0.028976 0.064600
v -0.004650 0.027935 0.076700
v -0.004650 0.029932 0.069600
v -0.004645 -0.025912 0.047953
v -0.004632 -0.026454 0.076700
v -0.004613 -0.002375 0.064738
v -0.004596 0.000105 0.064147
v -0.004590 -0.019511 0.054322
v -0.004587 0.023898 0.043600
v -0.004553 0.000047 0.062881
v -0.004541 0.032585 0.046600
v -0.004541 0.032585 0.064600
v -0.004520 0.012673 0.090603
v -0.004507 -0.025911 0.059600
v -0.004499 -0.029658 0.069600
v -0.004493 0.002291 0.062800
v -0.004421 -0.025418 0.060100
v -0.004415 -0.025978 0.050187
v -0.004408 -0.030685 0.043600
v -0.004408 -0.030685 0.046600
v -0.004362 -0.019855 0.054098
v -0.004334 0.031099 0.046600
v -0.004334 0.031099 0.064600
v -0.004313 -0.012489 0.089102
v -0.004305 0.028933 0.069600
v -0.004305 0.028933 0.076700
v -0.004299 -0.028621 0.069600
v -0.004299 -0.029246 0.076700
v -0.004273 -0.019379 0.060058
v -0.004270 0.032640 0.046587
v -0.004255 0.032725 0.043800
v -0.004225 0.028755 0.043600
v -0.004215 0.028910 0.046600
v -0.004173 -0.001836 0.062892
v -0.004166 -0.021923 0.060059
v -0.004161 -0.021755 0.061500
v -0.004161 -0.021755 0.062600
v -0.004149 -0.018332 0.060100
v -0.004134 0.001938 0.062868
v -0.004130 -0.002812 0.062800
v -0.004122 0.002896 0.064659
v -0.004117 -0.025935 0.046626
v -0.004105 -0.027697 0.043600
v -0.004105 -0.027697 0.046600
v -0.003951 0.003059 0.039900
v -0.003930 0.026914 0.076700
v -0.003929 -0.002386 0.064171
v -0.003893 0.002470 0.064201
v -0.003852 -0.012842 0.090602
v -0.003792 0.018145 0.060148
v -0.003740 -0.026200 0.047371
v -0.003736 0.025874 0.047597
v -0.003705 0.026237 0.047234
v -0.003705 0.003860 0.064767
v -0.003691 0.023529 0.044098
v -0.003673 -0.019508 0.061500
v -0.003673 -0.019508 0.062600
v -0.003622 -0.030506 0.076700
v -0.003622 -0.030506 0.084600
v -0.003577 -0.022870 0.062578
v -0.003499 -0.021894 0.054316
v -0.003480 -0.018429 0.062583
v -0.003480 -0.019397 0.060054
v -0.003478 -0.031901 0.043600
v -0.003460 0.030258 0.084600
v -0.003438 -0.022929 0.060100
v -0.003341 -0.018228 0.060152
v -0.003323 -0.021790 0.060053
v -0.003318 -0.019935 0.054099
v -0.003311 -0.032016 0.046600
v -0.003242 -0.021301 0.054086
v -0.003227 -0.019521 0.054322
v -0.003219 0.031300 0.051600
v -0.003155 -0.031241 0.051600
v -0.003155 -0.031241 0.064600
v -0.003155 0.031241 0.064600
v -0.003152 0.025812 0.064599
v -0.003138 0.025707 0.060101
v -0.003094 0.028362 0.084600
v -0.003094 0.029504 0.076700
v -0.003088 -0.028393 0.084600
v -0.003065 -0.021404 0.061500
v -0.003065 -0.021404 0.062600
v -0.003047 -0.028664 0.076700
v -0.003041 -0.003399 0.062892
v -0.002986 0.017845 0.064801
v -0.002984 0.023448 0.053113
v -0.002963 -0.026744 0.043600
v -0.002963 -0.026744 0.046600
v -0.002923 0.003484 0.062893
v -0.002916 0.032696 0.043600
v -0.002884 -0.019834 0.060050
v -0.002851 -0.023232 0.052701
v -0.002840 -0.023126 0.039900
v -0.002822 -0.020280 0.061500
v -0.002822 -0.020280 0.062600
v -0.002778 -0.018677 0.060100
v -0.002705 -0.021150 0.060050
v -0.002670 -0.018748 0.062539
v -0.002664 -0.020380 0.059992
v -0.002653 -0.003715 0.064164
v -0.002629 -0.004249 0.039900
v -0.002629 -0.004249 0.062800
v -0.002615 -0.020704 0.054321
v -0.002521 -0.022390 0.062574
v -0.002393 0.003904 0.064207
v -0.002365 0.004401 0.039900
v -0.002365 0.004401 0.062800
v -0.002266 -0.025441 0.047100
v -0.002242 -0.026537 0.064607
v -0.002233 -0.026549 0.051596
v -0.002232 0.026539 0.051593
v -0.002143 0.026527 0.064628
v -0.002090 0.030224 0.046600
v -0.002087 -0.019331 0.062588
v -0.002082 -0.023735 0.044100
v -0.002081 -0.004771 0.064745
v -0.002046 0.025594 0.047463
v -0.002001 0.030522 0.043600
v -0.001945 -0.021781 0.060100
v -0.001934 -0.021678 0.062583
v -0.001930 -0.031273 0.069523
v -0.001827 0.031393 0.046918
v -0.001794 0.023933 0.084600
v -0.001736 0.023342 0.052701
v -0.001727 0.023236 0.039900
v -0.001703 0.025582 0.047851
v -0.001682 -0.019915 0.060100
v -0.001681 -0.031980 0.084600
v -0.001671 0.025566 0.046708
v -0.001656 -0.020511 0.062587
v -0.001507 -0.023595 0.053106
v -0.001485 -0.025593 0.046644
v -0.001447 0.027491 0.043600
v -0.001420 -0.025595 0.047853
v -0.001386 -0.032515 0.043600
v -0.001379 -0.037303 0.041173
v -0.001377 -0.004358 0.062889
v -0.001299 -0.018454 0.064300
v -0.001242 -0.032516 0.046600
v -0.001234 0.027265 0.046600
v -0.001223 0.004393 0.062885
v -0.001212 -0.032893 0.043636
v -0.001205 -0.026431 0.046600
v -0.001080 -0.026437 0.043600
v -0.000950 -0.026449 0.046829
v -0.000908 0.018515 0.060144
v -0.000889 0.023065 0.083599
v -0.000884 -0.032888 0.046600
v -0.000884 -0.032888 0.064600
v -0.000850 -0.027785 0.077053
v -0.000850 0.027785 0.077147
v -0.000844 -0.031389 0.046600
v -0.000844 -0.031389 0.064600
v -0.000839 -0.032910 0.046562
v -0.000824 -0.032990 0.076978
v -0.000824 0.032990 0.077222
v -0.000783 0.026454 0.047371
v -0.000751 -0.004532 0.064164
v -0.000704 0.018487 0.064300
v -0.000674 -0.004951 0.039900
v -0.000674 -0.004951 0.062800
v -0.000645 0.004554 0.064170
v -0.000627 -0.024401 0.043601
v -0.000618 0.031340 0.069454
v -0.000551 -0.018528 0.060151
v -0.000537 0.025529 0.046829
v -0.000532 -0.026254 0.047574
v -0.000519 0.032129 0.043600
v -0.000519 0.032129 0.046600
v -0.000453 -0.031425 0.046896
v -0.000434 0.026347 0.050187
v -0.000377 -0.033000 0.077857
v -0.000370 0.004983 0.039900
v -0.000370 0.004983 0.062800
v -0.000365 0.026257 0.046626
v -0.000344 0.032993 0.077836
v -0.000331 0.026298 0.059600
v -0.000320 0.026543 0.046620
v -0.000288 -0.026502 0.051486
v -0.000265 0.024276 0.069549
v -0.000244 0.005182 0.064738
v -0.000215 -0.027802 0.077903
v -0.000215 0.027802 0.076297
v -0.000206 0.026330 0.047965
v -0.000203 0.033007 0.076244
v -0.000196 -0.026544 0.069578
v -0.000156 -0.026224 0.064761
v -0.000146 0.024576 0.064760
v -0.000007 -0.033006 0.076225
v -0.000007 0.037232 0.039000
v -0.000007 -0.037232 0.039000
v -0.000006 -0.027781 0.076257
v -0.000006 0.027781 0.077943
v -0.000005 -0.038785 0.040505
v -0.000000 -0.026400 0.069600
v -0.000000 0.033000 0.070600
v -0.000000 0.033000 0.083600
v -0.000000 0.023000 0.070600
v -0.000000 0.026400 0.065100
v -0.000000 0.027319 0.077100
v -0.000000 0.032000 0.069600
v -0.000000 0.032000 0.084600
v -0.000000 -0.033000 0.070600
v -0.000000 -0.033000 0.083600
v -0.000000 -0.027319 0.077100
v -0.000000 -0.023000 0.070600
v -0.000000 0.038333 0.084864
v -0.000000 0.038474 0.076800
v -0.000000 0.039199 0.075300
v -0.000000 0.039199 0.076800
v -0.000000 0.039300 0.075500
v -0.000000 0.039818 0.085712
v -0.000000 0.039997 0.075500
v -0.000000 0.040000 0.075300
v -0.000000 0.033200 0.075300
v -0.000000 0.033200 0.076800
v -0.000000 0.035525 0.086588
v -0.000000 0.036024 0.088042
v -0.000000 -0.039818 0.085712
v -0.000000 -0.039300 0.075500
v -0.000000 -0.039199 0.075300
v -0.000000 -0.039199 0.076800
v -0.000000 -0.038333 0.084864
v -0.000000 -0.036024 0.088042
v -0.000000 -0.035525 0.086588
v -0.000000 -0.033200 0.075300
v -0.000000 -0.033200 0.076800
v -0.000000 -0.040000 0.075300
v -0.000000 -0.039997 0.075500
v -0.000000 -0.039255 0.053956
v -0.000000 -0.039300 0.076800
v 0.000000 -0.032000 0.069600
v 0.000000 0.039300 0.076800
v 0.000000 -0.038474 0.076800
v 0.000005 -0.038499 0.075300
v 0.000070 0.037731 0.053144
v 0.000105 0.038783 0.040503
v 0.000146 -0.024576 0.064760
v 0.000179 -0.024227 0.069545
v 0.000185 0.031265 0.046602
v 0.000199 0.026546 0.069581
v 0.000206 -0.026330 0.047965
v 0.000288 0.026502 0.051486
v 0.000322 -0.026544 0.046619
v 0.000331 -0.026298 0.059600
v 0.000335 0.038543 0.075294
v 0.000434 -0.026347 0.050187
v 0.000469 0.037318 0.041160
v 0.000493 0.039667 0.065487
v 0.000509 0.033000 0.077789
v 0.000511 -0.005011 0.064659
v 0.000511 0.024295 0.043600
v 0.000519 -0.032129 0.043600
v 0.000519 -0.032129 0.046600
v 0.000546 -0.004538 0.062888
v 0.000551 -0.033000 0.077710
v 0.000582 -0.025669 0.047463
v 0.000605 0.027795 0.076545
v 0.000605 -0.027795 0.077655
v 0.000625 -0.039664 0.065467
v 0.000741 0.004502 0.062882
v 0.000771 -0.025586 0.046803
v 0.000782 0.033000 0.076848
v 0.000783 -0.027795 0.076854
v 0.000783 0.027795 0.077346
v 0.000803 -0.033000 0.076928
v 0.000829 0.032914 0.046562
v 0.000844 0.031389 0.046600
v 0.000844 0.031389 0.064600
v 0.000867 0.023803 0.044102
v 0.000884 0.032888 0.046600
v 0.000884 0.032888 0.064600
v 0.001039 -0.018063 0.064801
v 0.001080 0.026437 0.043600
v 0.001096 -0.004425 0.064156
v 0.001154 0.032913 0.043651
v 0.001205 0.026431 0.046600
v 0.001234 -0.027265 0.046600
v 0.001242 0.032516 0.046600
v 0.001336 0.004358 0.064168
v 0.001386 0.032515 0.043600
v 0.001398 -0.004797 0.039900
v 0.001398 -0.004797 0.062800
v 0.001420 0.025595 0.047853
v 0.001447 -0.027491 0.043600
v 0.001485 0.025593 0.046644
v 0.001640 0.023581 0.053113
v 0.001678 0.020778 0.062580
v 0.001682 0.019915 0.060100
v 0.001688 0.004703 0.039900
v 0.001688 0.004703 0.062800
v 0.001703 -0.025582 0.047851
v 0.001727 -0.023236 0.039900
v 0.001736 -0.023342 0.052701
v 0.001743 -0.025576 0.046650
v 0.001882 -0.037550 0.051208
v 0.001893 0.019615 0.062576
v 0.001934 0.021678 0.062583
v 0.001945 0.021781 0.060100
v 0.002001 -0.030522 0.043600
v 0.002030 0.026181 0.047574
v 0.002065 -0.005148 0.064799
v 0.002071 -0.026385 0.046829
v 0.002080 0.018419 0.060153
v 0.002090 -0.030224 0.046600
v 0.002142 -0.026525 0.064632
v 0.002232 -0.026538 0.051592
v 0.002233 0.026549 0.051596
v 0.002242 0.026537 0.064607
v 0.002280 0.004492 0.064659
v 0.002343 -0.018386 0.060146
v 0.002362 -0.003922 0.062886
v 0.002459 0.026351 0.046829
v 0.002517 -0.023694 0.044100
v 0.002521 0.022390 0.062574
v 0.002552 0.003783 0.062879
v 0.002615 0.020704 0.054321
v 0.002664 0.020380 0.059992
v 0.002699 -0.018302 0.064300
v 0.002705 0.021150 0.060050
v 0.002778 0.018677 0.060100
v 0.002822 0.020280 0.061500
v 0.002822 0.020280 0.062600
v 0.002840 0.023126 0.039900
v 0.002851 0.023232 0.052701
v 0.002874 0.018621 0.062576
v 0.002884 0.019834 0.060050
v 0.002944 -0.003522 0.064156
v 0.002963 -0.037205 0.041162
v 0.002963 0.026744 0.043600
v 0.002963 0.026744 0.046600
v 0.003047 0.028664 0.076700
v 0.003061 0.003427 0.064158
v 0.003065 0.021404 0.061500
v 0.003065 0.021404 0.062600
v 0.003076 0.036512 0.040498
v 0.003088 0.028393 0.084600
v 0.003094 -0.028362 0.084600
v 0.003117 -0.023436 0.053106
v 0.003138 -0.025708 0.060101
v 0.003139 -0.003940 0.064659
v 0.003157 -0.031245 0.064600
v 0.003159 -0.031243 0.051600
v 0.003165 -0.028097 0.076700
v 0.003167 0.031248 0.064600
v 0.003174 -0.031048 0.046603
v 0.003182 0.031268 0.051600
v 0.003227 0.019521 0.054322
v 0.003228 -0.003814 0.039900
v 0.003228 -0.003814 0.062800
v 0.003242 0.021301 0.054086
v 0.003286 0.018206 0.064300
v 0.003311 0.032016 0.046600
v 0.003318 0.019935 0.054099
v 0.003323 0.021790 0.060053
v 0.003406 0.025571 0.046611
v 0.003438 0.022929 0.060100
v 0.003455 0.003609 0.039900
v 0.003455 0.003609 0.062800
v 0.003472 -0.026037 0.047590
v 0.003478 0.031901 0.043600
v 0.003480 0.019397 0.060054
v 0.003499 0.021894 0.054316
v 0.003535 -0.031102 0.069525
v 0.003572 0.037823 0.059515
v 0.003577 0.022870 0.062578
v 0.003673 0.019508 0.061500
v 0.003673 0.019508 0.062600
v 0.003715 0.025270 0.047100
v 0.003736 -0.030758 0.076700
v 0.003804 0.025393 0.047463
v 0.003838 -0.002576 0.062845
v 0.003882 -0.023684 0.084600
v 0.003902 0.002378 0.062884
v 0.003930 -0.030952 0.084600
v 0.003952 0.030971 0.084600
v 0.004047 0.003259 0.064750
v 0.004078 -0.002033 0.064173
v 0.004105 0.027697 0.043600
v 0.004149 0.018332 0.060100
v 0.004161 0.021755 0.061500
v 0.004161 0.021755 0.062600
v 0.004162 0.027581 0.046600
v 0.004166 0.031142 0.076700
v 0.004166 0.021923 0.060059
v 0.004173 0.001815 0.064151
v 0.004215 -0.028910 0.046600
v 0.004225 -0.028755 0.043600
v 0.004228 -0.022660 0.083591
v 0.004240 -0.001594 0.062986
v 0.004242 0.018391 0.062575
v 0.004260 -0.032643 0.046589
v 0.004273 0.019379 0.060058
v 0.004299 -0.028621 0.076700
v 0.004328 -0.032630 0.043614
v 0.004334 -0.031099 0.046600
v 0.004334 -0.031099 0.064600
v 0.004338 -0.028476 0.069600
v 0.004338 0.028476 0.076700
v 0.004338 0.029391 0.069600
v 0.004362 0.019855 0.054098
v 0.004408 0.030685 0.043600
v 0.004408 0.030685 0.046600
v 0.004415 0.025978 0.050187
v 0.004421 0.025418 0.060100
v 0.004482 -0.002060 0.062773
v 0.004499 -0.029658 0.069600
v 0.004499 0.028208 0.069600
v 0.004500 -0.002171 0.039900
v 0.004507 0.025911 0.059600
v 0.004538 0.000593 0.062887
v 0.004541 -0.032585 0.046600
v 0.004541 -0.032585 0.064600
v 0.004590 0.019511 0.054322
v 0.004595 -0.000090 0.064156
v 0.004625 0.001892 0.039900
v 0.004625 0.001892 0.062800
v 0.004632 0.026454 0.076700
v 0.004645 0.025912 0.047953
v 0.004650 0.029932 0.076700
v 0.004682 0.031110 0.046905
v 0.004686 -0.031077 0.046900
v 0.004703 0.028894 0.051600
v 0.004705 0.029000 0.046600
v 0.004714 -0.026103 0.069542
v 0.004720 0.017924 0.060147
v 0.004725 -0.019349 0.060100
v 0.004735 0.022723 0.062575
v 0.004752 0.025186 0.047849
v 0.004753 -0.020522 0.062578
v 0.004757 -0.030038 0.076700
v 0.004759 -0.029273 0.064600
v 0.004769 0.019859 0.061500
v 0.004769 0.019859 0.062600
v 0.004771 -0.001617 0.064659
v 0.004774 0.021043 0.054086
v 0.004782 -0.022497 0.070600
v 0.004782 0.021576 0.060029
v 0.004783 0.017449 0.064801
v 0.004791 0.025962 0.046900
v 0.004791 0.025962 0.051400
v 0.004791 0.025962 0.064800
v 0.004791 0.025962 0.069300
v 0.004796 0.025181 0.046646
v 0.004798 -0.029372 0.069600
v 0.004800 0.021569 0.054329
v 0.004810 0.025804 0.064806
v 0.004811 0.030901 0.069549
v 0.004812 0.028466 0.064600
v 0.004823 -0.025800 0.046612
v 0.004825 0.029425 0.069600
v 0.004827 -0.029527 0.046600
v 0.004864 0.028373 0.069600
v 0.004879 0.029516 0.064600
v 0.004887 0.026354 0.084600
v 0.004888 0.001219 0.064659
v 0.004897 -0.028324 0.069600
v 0.004897 -0.028324 0.051600
v 0.004899 -0.027689 0.043600
v 0.004901 -0.018785 0.062581
v 0.004903 -0.027663 0.046600
v 0.004911 -0.025939 0.051400
v 0.004919 -0.026343 0.084600
v 0.004922 -0.029654 0.051600
v 0.004958 0.038432 0.040498
v 0.004962 -0.028241 0.064600
v 0.004971 -0.021083 0.060100
v 0.004994 -0.000153 0.039900
v 0.004994 -0.000153 0.062800
v 0.005006 0.019885 0.060054
v 0.005012 0.020983 0.061500
v 0.005012 0.020983 0.062600
v 0.005027 -0.030358 0.043600
v 0.005029 -0.025840 0.047953
v 0.005030 -0.027677 0.069600
v 0.005099 0.023759 0.043600
v 0.005103 -0.025972 0.064675
v 0.005104 -0.017820 0.060144
v 0.005145 -0.026017 0.046667
v 0.005157 -0.025789 0.059600
v 0.005161 -0.028005 0.046600
v 0.005164 0.021028 0.060054
v 0.005167 0.020407 0.059954
v 0.005172 0.028057 0.046600
v 0.005176 -0.036381 0.040501
v 0.005184 -0.026272 0.076700
v 0.005193 -0.030421 0.046600
v 0.005196 -0.025106 0.046631
v 0.005197 -0.025983 0.047234
v 0.005197 0.020554 0.054325
v 0.005257 -0.025086 0.047850
v 0.005263 0.028003 0.051600
v 0.005265 0.039079 0.056777
v 0.005268 -0.025818 0.050187
v 0.005285 -0.039076 0.056749
v 0.005298 0.027516 0.069600
v 0.005298 -0.027516 0.076700
v 0.005298 -0.030350 0.069600
v 0.005399 -0.001960 0.064795
v 0.005408 0.029979 0.051600
v 0.005417 0.023197 0.044103
v 0.005443 0.027477 0.076700
v 0.005443 0.030389 0.069600
v 0.005447 0.025899 0.046829
v 0.005470 0.022343 0.060100
v 0.005474 -0.038110 0.064874
v 0.005481 0.018996 0.062583
v 0.005510 0.022209 0.062586
v 0.005539 -0.038417 0.040553
v 0.005552 -0.029966 0.064600
v 0.005562 0.030018 0.046600
v 0.005607 0.019097 0.060100
v 0.005647 -0.021675 0.062577
v 0.005657 -0.029981 0.069600
v 0.005667 -0.017873 0.060100
v 0.005716 0.029985 0.069600
v 0.005755 -0.031583 0.084600
v 0.005755 0.030383 0.076700
v 0.005795 0.032995 0.039000
v 0.005795 0.032995 0.040500
v 0.005800 -0.019582 0.061500
v 0.005800 -0.019582 0.062600
v 0.005817 -0.032991 0.039000
v 0.005817 -0.032991 0.040500
v 0.005822 0.029984 0.064600
v 0.005854 -0.027885 0.069600
v 0.005949 0.027849 0.064600
v 0.005959 -0.027900 0.064600
v 0.005960 -0.017795 0.062577
v 0.005998 0.030822 0.046600
v 0.005998 0.030822 0.064600
v 0.006023 0.021415 0.062571
v 0.006033 0.037329 0.053569
v 0.006070 0.027456 0.043600
v 0.006095 -0.029929 0.046600
v 0.006102 0.027888 0.069600
v 0.006116 -0.027892 0.051600
v 0.006141 0.020201 0.062586
v 0.006151 -0.020677 0.061500
v 0.006151 -0.020677 0.062600
v 0.006194 -0.029890 0.051600
v 0.006201 0.022810 0.053112
v 0.006213 -0.030350 0.076700
v 0.006213 -0.027516 0.069600
v 0.006223 0.027990 0.046600
v 0.006227 -0.022453 0.039900
v 0.006228 0.020622 0.060100
v 0.006237 0.027513 0.046600
v 0.006256 -0.022555 0.052701
v 0.006285 0.032294 0.046600
v 0.006285 0.032294 0.064600
v 0.006313 0.027102 0.069602
v 0.006315 0.028042 0.051600
v 0.006326 -0.031594 0.076700
v 0.006381 -0.024870 0.047463
v 0.006415 -0.024723 0.047100
v 0.006448 -0.028140 0.046600
v 0.006516 -0.024835 0.046737
v 0.006538 0.024830 0.046737
v 0.006555 0.032253 0.046568
v 0.006570 -0.017294 0.064300
v 0.006572 -0.018731 0.061500
v 0.006572 -0.018731 0.062600
v 0.006579 0.025781 0.069593
v 0.006588 -0.029568 0.069600
v 0.006616 0.031515 0.084600
v 0.006623 -0.029568 0.064600
v 0.006645 0.026054 0.069609
v 0.006647 0.025554 0.047467
v 0.006672 0.025941 0.046594
v 0.006695 0.027452 0.069592
v 0.006709 -0.028522 0.064600
v 0.006739 -0.028527 0.069600
v 0.006743 0.026871 0.050100
v 0.006754 -0.027828 0.076700
v 0.006754 -0.030038 0.069600
v 0.006754 0.030038 0.076700
v 0.006758 0.026904 0.069275
v 0.006770 0.026946 0.046925
v 0.006789 -0.029135 0.046600
v 0.006793 0.026921 0.070108
v 0.006793 0.026491 0.043600
v 0.006800 0.026517 0.076700
v 0.006801 0.029280 0.051600
v 0.006801 0.029280 0.069600
v 0.006801 0.026470 0.084600
v 0.006806 -0.027160 0.043600
v 0.006806 -0.027160 0.046600
v 0.006810 -0.029043 0.051600
v 0.006811 0.027564 0.046608
v 0.006819 0.026418 0.046600
v 0.006840 0.029127 0.046600
v 0.006840 0.029127 0.064600
v 0.006842 0.026366 0.066100
v 0.006843 0.030092 0.046600
v 0.006860 0.027935 0.076700
v 0.006860 0.029932 0.069600
v 0.006872 0.031415 0.076700
v 0.006882 0.027911 0.069598
v 0.006891 0.027135 0.066100
v 0.006924 0.027181 0.046600
v 0.006949 0.032183 0.043638
v 0.006963 0.026184 0.070106
v 0.006973 0.029971 0.043600
v 0.006975 0.027240 0.043600
v 0.007034 -0.022097 0.062581
v 0.007037 -0.022147 0.060099
v 0.007048 -0.022762 0.044096
v 0.007078 0.027374 0.076700
v 0.007080 -0.026638 0.084600
v 0.007101 0.028183 0.043600
v 0.007104 -0.017586 0.062577
v 0.007120 0.026519 0.064600
v 0.007123 0.017074 0.064300
v 0.007125 0.026908 0.051600
v 0.007125 0.026908 0.066100
v 0.007127 0.026054 0.046908
v 0.007151 0.026040 0.069292
v 0.007163 0.026971 0.050100
v 0.007169 0.028322 0.046600
v 0.007173 0.026027 0.050100
v 0.007205 0.028933 0.069600
v 0.007205 0.028933 0.076700
v 0.007211 -0.028621 0.069600
v 0.007211 -0.029246 0.076700
v 0.007275 -0.020921 0.061500
v 0.007275 -0.020921 0.062600
v 0.007297 0.022128 0.039900
v 0.007319 0.036506 0.039000
v 0.007329 0.022230 0.052701
v 0.007346 0.027454 0.070108
v 0.007350 0.027076 0.064600
v 0.007351 0.025960 0.043600
v 0.007383 0.017001 0.060146
v 0.007407 0.025399 0.069586
v 0.007427 0.025945 0.046600
v 0.007477 0.027456 0.046600
v 0.007484 0.025939 0.066100
v 0.007490 0.026257 0.050100
v 0.007497 -0.025842 0.043600
v 0.007497 -0.025842 0.046600
v 0.007504 0.027478 0.050100
v 0.007528 0.027477 0.069292
v 0.007564 0.026256 0.051600
v 0.007564 0.026256 0.066100
v 0.007566 0.027588 0.046662
v 0.007590 0.025904 0.084600
v 0.007621 -0.022380 0.053107
v 0.007628 0.025639 0.069597
v 0.007654 -0.016884 0.060148
v 0.007671 -0.030036 0.043600
v 0.007671 -0.030036 0.046600
v 0.007696 -0.018974 0.061500
v 0.007696 -0.018974 0.062600
v 0.007715 0.026340 0.064600
v 0.007718 0.025961 0.070108
v 0.007774 -0.027108 0.076700
v 0.007774 -0.030758 0.084600
v 0.007807 0.027466 0.066100
v 0.007811 0.036545 0.041150
v 0.007832 0.025261 0.043600
v 0.007862 0.024294 0.047371
v 0.007892 0.027366 0.076700
v 0.007909 0.026961 0.051600
v 0.007909 0.026961 0.066100
v 0.007912 0.025427 0.046600
v 0.007921 0.026044 0.069292
v 0.007934 0.027407 0.043600
v 0.007941 0.027354 0.084600
v 0.007945 0.026897 0.050100
v 0.007945 0.026897 0.064600
v 0.007947 0.025686 0.046591
v 0.007986 -0.017761 0.060100
v 0.008047 -0.020069 0.061500
v 0.008047 -0.020069 0.062600
v 0.008074 0.026121 0.046925
v 0.008086 0.027246 0.070106
v 0.008089 0.024327 0.047852
v 0.008096 0.024322 0.046649
v 0.008123 -0.025320 0.051565
v 0.008129 -0.025379 0.064592
v 0.008132 0.025297 0.051562
v 0.008135 0.026173 0.050100
v 0.008141 0.026235 0.046600
v 0.008142 0.025310 0.064628
v 0.008162 0.018888 0.060082
v 0.008164 0.027209 0.046600
v 0.008185 0.027118 0.050100
v 0.008197 0.027096 0.069292
v 0.008199 0.018674 0.054118
v 0.008211 0.027072 0.046908
v 0.008231 0.026307 0.043600
v 0.008249 0.019342 0.054118
v 0.008272 0.026495 0.070108
v 0.008278 0.027548 0.069595
v 0.008286 0.026547 0.084600
v 0.008290 0.026434 0.066100
v 0.008321 0.026249 0.069516
v 0.008335 0.036693 0.047821
v 0.008335 -0.036693 0.047821
v 0.008344 0.018314 0.060073
v 0.008345 -0.028097 0.084600
v 0.008345 -0.029769 0.076700
v 0.008363 0.025110 0.046829
v 0.008370 0.021504 0.083590
v 0.008373 -0.021543 0.062579
v 0.008391 0.025758 0.069603
v 0.008421 0.029480 0.084600
v 0.008426 0.019597 0.060060
v 0.008456 -0.018138 0.062578
v 0.008463 0.029209 0.076700
v 0.008487 0.018180 0.054137
v 0.008528 -0.015958 0.064801
v 0.008541 -0.024170 0.047850
v 0.008548 -0.024171 0.046647
v 0.008550 -0.022862 0.043598
v 0.008571 -0.030016 0.069574
v 0.008590 -0.021338 0.060100
v 0.008634 0.026905 0.046609
v 0.008735 0.027292 0.069606
v 0.008747 0.022445 0.084597
v 0.008773 0.019827 0.054122
v 0.008802 -0.021249 0.070600
v 0.008841 -0.036210 0.038998
v 0.008843 0.038152 0.048263
v 0.008874 -0.038143 0.048209
v 0.008904 -0.039649 0.065303
v 0.008910 0.017905 0.059743
v 0.008991 0.031544 0.043600
v 0.008994 -0.030804 0.043600
v 0.009001 -0.024880 0.046600
v 0.009008 0.022522 0.069541
v 0.009036 -0.030080 0.051600
v 0.009036 -0.030079 0.064600
v 0.009038 -0.020588 0.062577
v 0.009040 0.030071 0.051600
v 0.009040 0.030071 0.064600
v 0.009067 0.017961 0.054118
v 0.009090 0.021159 0.070606
v 0.009113 0.024724 0.050187
v 0.009120 -0.024838 0.043600
v 0.009135 -0.019429 0.062579
v 0.009184 0.025952 0.043600
v 0.009191 0.024642 0.059600
v 0.009193 -0.030846 0.046600
v 0.009205 0.019889 0.060068
v 0.009230 -0.031582 0.043631
v 0.009239 -0.024814 0.047405
v 0.009243 -0.019714 0.060100
v 0.009294 0.025662 0.046600
v 0.009319 0.024627 0.047965
v 0.009337 0.022543 0.065100
v 0.009356 -0.024151 0.064600
v 0.009381 0.028129 0.043600
v 0.009381 0.028129 0.046600
v 0.009394 -0.029962 0.046600
v 0.009394 -0.029962 0.064600
v 0.009428 -0.022319 0.069544
v 0.009445 0.019883 0.054447
v 0.009476 -0.036170 0.041195
v 0.009480 0.024639 0.046900
v 0.009480 0.024639 0.069300
v 0.009517 -0.031528 0.046549
v 0.009529 0.023005 0.064600
v 0.009537 -0.024617 0.065100
v 0.009537 -0.024617 0.069600
v 0.009540 -0.022650 0.064760
v 0.009552 -0.024767 0.069526
v 0.009594 -0.024595 0.064800
v 0.009622 -0.023939 0.060100
v 0.009630 0.018070 0.060095
v 0.009664 0.018050 0.054447
v 0.009704 -0.024477 0.047965
v 0.009737 -0.024640 0.046820
v 0.009767 0.021729 0.044103
v 0.009808 -0.024403 0.059600
v 0.009812 -0.029695 0.046632
v 0.009813 0.029729 0.069549
v 0.009825 -0.024627 0.046680
v 0.009839 0.019556 0.054103
v 0.009843 -0.031393 0.046600
v 0.009843 -0.031393 0.064600
v 0.009914 0.029591 0.046602
v 0.009918 0.019467 0.060080
v 0.009922 -0.024411 0.050187
v 0.009927 -0.032000 0.069600
v 0.009949 0.015643 0.060147
v 0.009949 0.018398 0.054114
v 0.010081 0.018965 0.054117
v 0.010108 0.018831 0.060067
v 0.010128 0.037513 0.040534
v 0.010134 -0.015477 0.064300
v 0.010242 -0.015462 0.060139
v 0.010487 -0.020806 0.039900
v 0.010525 0.021166 0.053112
v 0.010537 -0.020901 0.052701
v 0.010604 0.031039 0.043600
v 0.010604 0.031039 0.046600
v 0.010627 0.015143 0.064300
v 0.010694 -0.023855 0.046603
v 0.010777 -0.037316 0.040519
v 0.010795 -0.017526 0.054439
v 0.010856 -0.017307 0.060077
v 0.010865 0.023509 0.060101
v 0.010881 0.029719 0.046600
v 0.010925 -0.017875 0.059742
v 0.010966 -0.016912 0.054113
v 0.010990 0.029414 0.046600
v 0.010990 0.029414 0.064600
v 0.011068 0.024075 0.047234
v 0.011072 -0.031792 0.084600
v 0.011072 0.032000 0.084600
v 0.011082 -0.016752 0.060095
v 0.011108 0.023101 0.047852
v 0.011114 0.024011 0.043600
v 0.011163 -0.030570 0.043600
v 0.011164 0.023074 0.046648
v 0.011171 0.029829 0.043600
v 0.011177 -0.018109 0.054114
v 0.011228 0.023958 0.046600
v 0.011257 0.023724 0.046626
v 0.011268 -0.020996 0.044101
v 0.011296 -0.030516 0.046600
v 0.011372 0.038540 0.057495
v 0.011394 -0.038534 0.057470
v 0.011469 0.015778 0.062583
v 0.011473 0.020279 0.039900
v 0.011485 -0.018278 0.060077
v 0.011496 -0.022921 0.046628
v 0.011498 0.030846 0.046561
v 0.011515 0.030819 0.046600
v 0.011515 0.030819 0.064600
v 0.011525 0.020373 0.052701
v 0.011538 -0.016428 0.060066
v 0.011552 -0.016423 0.054118
v 0.011564 -0.022876 0.047852
v 0.011568 0.016872 0.060100
v 0.011569 0.022784 0.047358
v 0.011574 -0.024717 0.046600
v 0.011616 0.016728 0.062571
v 0.011619 0.014989 0.060100
v 0.011668 0.013829 0.064801
v 0.011746 0.014813 0.062584
v 0.011780 0.030750 0.043652
v 0.011833 -0.020467 0.053107
v 0.011848 -0.022627 0.047100
v 0.011848 -0.022779 0.047463
v 0.011857 -0.024845 0.043600
v 0.011972 -0.022714 0.046737
v 0.011992 0.022703 0.046737
v 0.012000 -0.018316 0.054104
v 0.012145 0.021155 0.043601
v 0.012162 0.017535 0.062588
v 0.012187 0.013963 0.060148
v 0.012215 0.023666 0.051596
v 0.012224 -0.023664 0.064604
v 0.012229 -0.023632 0.051571
v 0.012247 -0.018219 0.060079
v 0.012251 0.023612 0.064629
v 0.012271 0.014166 0.062539
v 0.012291 0.028980 0.046894
v 0.012329 -0.016512 0.054132
v 0.012367 -0.016536 0.060075
v 0.012459 0.015537 0.060041
v 0.012495 0.023105 0.047590
v 0.012499 0.016327 0.059993
v 0.012539 -0.013655 0.060145
v 0.012542 0.034583 0.040498
v 0.012556 0.015292 0.054322
v 0.012584 0.016152 0.061500
v 0.012584 0.016152 0.062600
v 0.012593 0.016643 0.060067
v 0.012617 0.016623 0.054321
v 0.012683 -0.017881 0.059751
v 0.012698 -0.017806 0.054134
v 0.012740 -0.017101 0.054126
v 0.012770 0.023145 0.069600
v 0.012775 -0.029485 0.043600
v 0.012791 -0.017351 0.060075
v 0.012796 0.017979 0.060100
v 0.012818 0.014961 0.060060
v 0.012873 -0.020256 0.084600
v 0.012917 0.018025 0.062539
v 0.012927 -0.019103 0.083588
v 0.012935 0.015057 0.061500
v 0.012935 0.015057 0.062600
v 0.012972 0.023575 0.043600
v 0.012972 0.023575 0.046600
v 0.012974 0.013680 0.060100
v 0.013018 0.016563 0.054086
v 0.013081 0.013755 0.062590
v 0.013128 0.015203 0.054096
v 0.013224 -0.012937 0.064300
v 0.013257 -0.026524 0.046600
v 0.013279 0.017142 0.060052
v 0.013321 -0.028709 0.046600
v 0.013349 -0.028319 0.046645
v 0.013350 -0.028292 0.069563
v 0.013357 0.017004 0.061500
v 0.013357 0.017004 0.062600
v 0.013398 0.014669 0.059991
v 0.013500 -0.022764 0.046829
v 0.013501 0.022629 0.050187
v 0.013529 -0.027433 0.043600
v 0.013563 0.022533 0.059600
v 0.013583 0.038156 0.065476
v 0.013591 0.029565 0.046600
v 0.013634 0.012505 0.064300
v 0.013635 0.022021 0.064600
v 0.013680 -0.012974 0.060100
v 0.013683 -0.014049 0.062560
v 0.013685 0.022495 0.047965
v 0.013723 0.029510 0.043600
v 0.013726 0.022693 0.046667
v 0.013728 0.023957 0.076700
v 0.013731 0.014602 0.054322
v 0.013741 0.018155 0.062585
v 0.013747 -0.022374 0.047574
v 0.013755 0.019454 0.044104
v 0.013755 -0.013081 0.062590
v 0.013799 -0.023692 0.076700
v 0.013799 0.023692 0.084600
v 0.013799 -0.025364 0.084600
v 0.013825 0.017205 0.060060
v 0.013833 0.022563 0.046829
v 0.013846 0.022478 0.051400
v 0.013898 0.022446 0.065100
v 0.013928 -0.014841 0.060100
v 0.013950 -0.022414 0.064800
v 0.013978 0.017211 0.054316
v 0.013989 0.014624 0.060057
v 0.013995 0.021476 0.047851
v 0.014036 -0.022278 0.047965
v 0.014049 0.021456 0.046622
v 0.014049 0.013683 0.062560
v 0.014059 0.014814 0.061500
v 0.014059 0.014814 0.062600
v 0.014092 0.022467 0.069533
v 0.014094 0.025853 0.084600
v 0.014125 -0.022185 0.059600
v 0.014143 0.011982 0.060148
v 0.014154 -0.015136 0.062587
v 0.014166 -0.012271 0.062539
v 0.014167 -0.022467 0.069540
v 0.014196 -0.022402 0.046667
v 0.014197 0.018167 0.060100
v 0.014197 -0.028007 0.046600
v 0.014197 -0.028007 0.064600
v 0.014239 -0.022172 0.050187
v 0.014345 -0.018361 0.039900
v 0.014360 0.034352 0.039000
v 0.014370 -0.026353 0.076700
v 0.014370 -0.022703 0.084600
v 0.014382 0.016532 0.054099
v 0.014386 0.015268 0.054092
v 0.014387 -0.021216 0.046645
v 0.014392 0.024018 0.043600
v 0.014392 0.024018 0.046600
v 0.014401 -0.021208 0.047853
v 0.014404 0.037038 0.049739
v 0.014412 -0.018444 0.052701
v 0.014416 -0.011646 0.060152
v 0.014434 -0.037025 0.049692
v 0.014440 -0.010902 0.064801
v 0.014446 0.018711 0.053112
v 0.014481 0.016760 0.061500
v 0.014481 0.016760 0.062600
v 0.014561 0.034542 0.041213
v 0.014563 0.016903 0.060052
v 0.014564 0.026547 0.076700
v 0.014571 -0.029510 0.043632
v 0.014602 -0.013731 0.054322
v 0.014617 0.021109 0.047463
v 0.014624 -0.013989 0.060057
v 0.014669 -0.013398 0.059991
v 0.014714 0.017914 0.062583
v 0.014740 0.015113 0.060047
v 0.014749 0.027615 0.069578
v 0.014778 0.015202 0.054325
v 0.014813 -0.011746 0.062584
v 0.014814 -0.014059 0.061500
v 0.014814 -0.014059 0.062600
v 0.014827 0.039636 0.065208
v 0.014832 0.015665 0.061500
v 0.014832 0.015665 0.062600
v 0.014841 0.013928 0.060100
v 0.014871 -0.027655 0.051600
v 0.014871 -0.027655 0.064600
v 0.014871 0.027655 0.051600
v 0.014871 0.027655 0.064600
v 0.014876 -0.029345 0.046600
v 0.014876 -0.029345 0.064600
v 0.014891 -0.029339 0.046572
v 0.014893 -0.039620 0.065164
v 0.014918 -0.023982 0.043600
v 0.014924 0.016308 0.060024
v 0.014933 -0.024841 0.069600
v 0.014933 -0.024216 0.076700
v 0.014933 0.024216 0.069600
v 0.014941 0.016280 0.054329
v 0.014957 -0.025096 0.046600
v 0.014961 -0.012818 0.060060
v 0.014972 0.024071 0.076700
v 0.014972 -0.015789 0.060100
v 0.014989 -0.011619 0.060100
v 0.015001 0.015778 0.060055
v 0.015036 -0.017554 0.070604
v 0.015057 -0.012935 0.061500
v 0.015057 -0.012935 0.062600
v 0.015064 -0.022233 0.076700
v 0.015064 0.022233 0.084600
v 0.015092 -0.018440 0.044100
v 0.015113 -0.014740 0.060047
v 0.015116 -0.023681 0.046600
v 0.015119 -0.015811 0.062577
v 0.015134 0.025253 0.076700
v 0.015136 0.014154 0.062587
v 0.015202 -0.014778 0.054325
v 0.015203 -0.013128 0.054096
v 0.015209 0.017651 0.039900
v 0.015258 0.037121 0.060715
v 0.015258 -0.037121 0.060715
v 0.015268 -0.014386 0.054092
v 0.015278 0.017733 0.052701
v 0.015291 0.024608 0.069600
v 0.015292 -0.012556 0.054322
v 0.015311 0.028312 0.046600
v 0.015317 -0.025634 0.043600
v 0.015357 -0.024736 0.064600
v 0.015383 -0.024839 0.069600
v 0.015383 -0.024839 0.051600
v 0.015391 -0.023424 0.069600
v 0.015391 -0.025633 0.076700
v 0.015391 0.025633 0.069600
v 0.015392 -0.024192 0.046600
v 0.015402 0.024895 0.051600
v 0.015422 0.028142 0.043600
v 0.015444 0.024992 0.046600
v 0.015444 0.024992 0.064600
v 0.015515 0.023942 0.046600
v 0.015515 0.023942 0.064600
v 0.015537 -0.012459 0.060041
v 0.015553 0.027118 0.084600
v 0.015553 0.021938 0.076700
v 0.015571 0.009030 0.064800
v 0.015579 0.023857 0.051600
v 0.015592 -0.017771 0.053108
v 0.015616 0.017129 0.062576
v 0.015618 -0.023812 0.051600
v 0.015625 0.035604 0.040490
v 0.015664 0.023273 0.076700
v 0.015665 -0.014832 0.061500
v 0.015665 -0.014832 0.062600
v 0.015681 0.027204 0.046600
v 0.015681 0.027204 0.064600
v 0.015696 -0.009792 0.064300
v 0.015744 0.020103 0.046829
v 0.015759 -0.025432 0.046600
v 0.015778 -0.015001 0.060055
v 0.015778 -0.011469 0.062583
v 0.015783 -0.023608 0.069600
v 0.015789 0.014972 0.060100
v 0.015811 0.015119 0.062577
v 0.015815 0.026663 0.043600
v 0.015815 0.026663 0.046600
v 0.015818 -0.027189 0.084600
v 0.015833 0.009636 0.060149
v 0.015856 0.016855 0.060100
v 0.015862 0.020928 0.047574
v 0.015922 -0.023531 0.064600
v 0.015932 0.023111 0.069600
v 0.015932 0.025946 0.076700
v 0.015932 -0.025946 0.069600
v 0.015932 -0.023111 0.076700
v 0.015950 0.016010 0.062577
v 0.016003 0.009281 0.064300
v 0.016007 -0.021077 0.046829
v 0.016010 -0.015950 0.062578
v 0.016023 0.023541 0.069600
v 0.016027 -0.009315 0.060146
v 0.016049 -0.020961 0.069600
v 0.016050 0.017844 0.084600
v 0.016053 -0.025526 0.064600
v 0.016063 0.020951 0.069600
v 0.016150 -0.035350 0.040480
v 0.016152 -0.012584 0.061500
v 0.016152 -0.012584 0.062600
v 0.016155 -0.025555 0.051600
v 0.016155 -0.025555 0.069600
v 0.016182 -0.023496 0.046600
v 0.016201 -0.020205 0.060101
v 0.016233 0.016434 0.083612
v 0.016280 -0.014941 0.054329
v 0.016291 -0.033758 0.041229
v 0.016308 -0.014924 0.060024
v 0.016315 0.020839 0.046829
v 0.016327 -0.012499 0.059993
v 0.016389 -0.027178 0.076700
v 0.016430 0.028504 0.046600
v 0.016430 0.028504 0.064600
v 0.016439 -0.026118 0.046600
v 0.016442 -0.018042 0.043601
v 0.016448 0.022960 0.043600
v 0.016453 0.032000 0.069600
v 0.016460 0.023478 0.064600
v 0.016460 0.023478 0.046600
v 0.016469 0.025627 0.051600
v 0.016469 0.025627 0.069600
v 0.016477 0.022916 0.046600
v 0.016532 -0.014382 0.054099
v 0.016563 -0.013018 0.054086
v 0.016564 0.028450 0.046555
v 0.016623 -0.012617 0.054321
v 0.016624 -0.023502 0.051600
v 0.016625 0.025604 0.046600
v 0.016625 0.025604 0.064600
v 0.016643 -0.012593 0.060067
v 0.016664 -0.026026 0.043600
v 0.016665 -0.019356 0.047100
v 0.016682 -0.022488 0.043600
v 0.016682 -0.022488 0.046600
v 0.016692 0.029045 0.039000
v 0.016692 0.029045 0.040500
v 0.016699 -0.019503 0.047463
v 0.016705 0.015886 0.070614
v 0.016724 0.019425 0.047850
v 0.016728 -0.011616 0.062571
v 0.016749 0.019415 0.046622
v 0.016750 -0.029012 0.039000
v 0.016750 -0.029012 0.040500
v 0.016760 -0.014481 0.061500
v 0.016760 -0.014481 0.062600
v 0.016767 0.023517 0.051600
v 0.016797 -0.032717 0.040500
v 0.016806 -0.019412 0.046737
v 0.016816 -0.021006 0.043600
v 0.016816 -0.021006 0.046600
v 0.016847 -0.025946 0.076700
v 0.016847 -0.023111 0.069600
v 0.016847 0.023111 0.076700
v 0.016847 0.025946 0.069600
v 0.016855 -0.015856 0.060100
v 0.016872 -0.011568 0.060100
v 0.016903 -0.014563 0.060052
v 0.016920 0.017377 0.069542
v 0.016933 0.035878 0.055776
v 0.016933 -0.035878 0.055776
v 0.016944 0.028222 0.043631
v 0.016960 -0.021867 0.084600
v 0.016997 -0.020026 0.047590
v 0.017004 -0.013357 0.061500
v 0.017004 -0.013357 0.062600
v 0.017071 -0.019126 0.046643
v 0.017096 -0.019096 0.047848
v 0.017105 -0.023757 0.069600
v 0.017113 -0.025306 0.046600
v 0.017114 -0.025784 0.069600
v 0.017114 -0.023273 0.076700
v 0.017114 0.023273 0.069600
v 0.017121 0.007099 0.060147
v 0.017129 -0.015616 0.062575
v 0.017135 0.017230 0.043600
v 0.017142 -0.013279 0.060052
v 0.017171 -0.020268 0.051566
v 0.017176 0.020252 0.051559
v 0.017177 0.020256 0.064635
v 0.017179 -0.023833 0.064600
v 0.017202 -0.020232 0.064641
v 0.017205 -0.013825 0.060060
v 0.017211 -0.013978 0.054316
v 0.017223 -0.025195 0.051600
v 0.017225 0.021938 0.084600
v 0.017225 -0.021938 0.076700
v 0.017225 0.027118 0.076700
v 0.017227 0.019754 0.046600
v 0.017232 0.016456 0.044105
v 0.017245 -0.017021 0.069543
v 0.017275 0.017482 0.064760
v 0.017275 -0.006713 0.060151
v 0.017304 0.023913 0.069600
v 0.017310 -0.025144 0.064600
v 0.017341 0.024908 0.069600
v 0.017370 -0.024037 0.046600
v 0.017372 -0.024170 0.051600
v 0.017373 -0.025019 0.069600
v 0.017388 0.025633 0.076700
v 0.017391 0.037909 0.058334
v 0.017415 -0.037901 0.058312
v 0.017429 0.019763 0.050187
v 0.017434 -0.006189 0.064300
v 0.017449 -0.019140 0.064600
v 0.017456 0.024288 0.064600
v 0.017459 0.024292 0.046600
v 0.017461 0.024616 0.051600
v 0.017472 0.019657 0.059600
v 0.017482 -0.017275 0.064760
v 0.017535 -0.012162 0.062588
v 0.017590 0.019585 0.047953
v 0.017596 0.007314 0.062582
v 0.017599 0.025453 0.046600
v 0.017624 0.005624 0.064300
v 0.017645 -0.025253 0.076700
v 0.017645 -0.023803 0.069600
v 0.017645 0.025253 0.069600
v 0.017651 -0.015209 0.039900
v 0.017652 0.006227 0.060100
v 0.017657 0.003948 0.064801
v 0.017659 0.019793 0.046658
v 0.017668 0.025355 0.043600
v 0.017683 -0.003831 0.064801
v 0.017725 0.006134 0.062577
v 0.017733 -0.015278 0.052701
v 0.017767 -0.019726 0.069577
v 0.017786 -0.019510 0.065100
v 0.017797 -0.025671 0.069564
v 0.017798 0.008105 0.060100
v 0.017806 -0.024986 0.069600
v 0.017806 -0.024071 0.076700
v 0.017806 0.024071 0.069600
v 0.017813 0.015539 0.053111
v 0.017821 0.023960 0.043600
v 0.017837 -0.019542 0.046600
v 0.017845 0.024216 0.076700
v 0.017871 0.024107 0.046600
v 0.017879 -0.019322 0.047953
v 0.017881 0.025699 0.046674
v 0.017913 -0.014714 0.062583
v 0.017930 -0.019457 0.043600
v 0.017961 -0.019212 0.059600
v 0.017978 0.004521 0.060148
v 0.017979 -0.012796 0.060100
v 0.017990 0.019493 0.069542
v 0.018006 -0.019097 0.046612
v 0.018025 -0.012917 0.062539
v 0.018070 -0.025753 0.046886
v 0.018070 -0.019412 0.046667
v 0.018070 -0.019178 0.050187
v 0.018090 -0.004032 0.060148
v 0.018107 0.008370 0.062574
v 0.018155 -0.013740 0.062584
v 0.018159 -0.025617 0.064600
v 0.018167 -0.014197 0.060100
v 0.018214 0.026547 0.084600
v 0.018214 -0.026547 0.076700
v 0.018214 0.022509 0.076700
v 0.018234 -0.032586 0.039001
v 0.018258 0.005320 0.062584
v 0.018332 -0.004149 0.060100
v 0.018354 -0.015196 0.044100
v 0.018357 -0.002296 0.064300
v 0.018361 0.014345 0.039900
v 0.018408 -0.026353 0.084600
v 0.018416 0.020462 0.043600
v 0.018419 -0.019048 0.047234
v 0.018421 0.001704 0.064300
v 0.018429 -0.003480 0.062583
v 0.018444 0.014412 0.052701
v 0.018456 0.034505 0.051033
v 0.018456 -0.034505 0.051033
v 0.018476 0.001610 0.060139
v 0.018490 -0.001316 0.060148
v 0.018510 -0.004706 0.062577
v 0.018520 0.006966 0.054322
v 0.018532 0.006716 0.060048
v 0.018567 0.019525 0.046600
v 0.018581 -0.024814 0.043600
v 0.018581 -0.024814 0.046600
v 0.018584 0.018843 0.046829
v 0.018614 -0.025288 0.046600
v 0.018614 -0.025288 0.064600
v 0.018624 0.017996 0.060101
v 0.018661 0.007494 0.060049
v 0.018663 0.004927 0.060100
v 0.018677 -0.002778 0.060100
v 0.018731 0.006572 0.061500
v 0.018731 0.006572 0.062600
v 0.018748 -0.002670 0.062539
v 0.018754 -0.014394 0.053108
v 0.018789 0.021700 0.046600
v 0.018872 0.017211 0.047100
v 0.018894 0.006972 0.054092
v 0.018905 0.006004 0.060060
v 0.018924 0.017353 0.046737
v 0.018950 -0.026888 0.043628
v 0.018956 0.007898 0.060056
v 0.018974 0.007696 0.061500
v 0.018974 0.007696 0.062600
v 0.018979 -0.023692 0.084600
v 0.019019 0.017250 0.047463
v 0.019030 0.009045 0.062577
v 0.019050 -0.023957 0.076700
v 0.019050 0.023957 0.084600
v 0.019050 0.025099 0.076700
v 0.019097 -0.005607 0.060100
v 0.019104 0.017093 0.047853
v 0.019150 0.017044 0.046644
v 0.019177 0.024864 0.069300
v 0.019192 0.005780 0.054322
v 0.019231 0.004737 0.062573
v 0.019238 0.008087 0.054321
v 0.019239 -0.026689 0.046572
v 0.019331 -0.002087 0.062588
v 0.019373 -0.005799 0.062582
v 0.019379 -0.004273 0.060058
v 0.019397 -0.003480 0.060054
v 0.019407 0.017904 0.047467
v 0.019422 -0.024322 0.046600
v 0.019442 -0.016707 0.047852
v 0.019457 0.017930 0.043600
v 0.019503 -0.026496 0.046600
v 0.019503 -0.026496 0.064600
v 0.019508 -0.003673 0.061500
v 0.019508 -0.003673 0.062600
v 0.019511 -0.004590 0.054322
v 0.019521 -0.003227 0.054322
v 0.019525 -0.018567 0.046600
v 0.019542 0.017837 0.046600
v 0.019550 0.005643 0.060050
v 0.019561 -0.012277 0.083597
v 0.019575 0.008201 0.060060
v 0.019582 0.005800 0.061500
v 0.019582 0.005800 0.062600
v 0.019593 0.009223 0.060100
v 0.019717 0.006016 0.054096
v 0.019731 0.009162 0.062585
v 0.019737 -0.003894 0.054098
v 0.019786 -0.016141 0.047371
v 0.019794 -0.013572 0.084600
v 0.019810 0.007837 0.054096
v 0.019818 0.035770 0.051421
v 0.019832 0.033003 0.046490
v 0.019832 -0.033003 0.046490
v 0.019834 -0.002884 0.060050
v 0.019847 -0.035751 0.051380
v 0.019857 0.024342 0.051600
v 0.019859 -0.004769 0.061500
v 0.019859 -0.004769 0.062600
v 0.019860 -0.024322 0.064600
v 0.019862 -0.024383 0.051600
v 0.019869 0.024350 0.064600
v 0.019871 -0.017499 0.069598
v 0.019885 -0.005006 0.060054
v 0.019915 -0.001682 0.060100
v 0.019930 0.001492 0.059762
v 0.019945 0.024252 0.046600
v 0.019945 0.024252 0.064600
v 0.019958 0.001618 0.054125
v 0.020020 -0.016075 0.046627
v 0.020038 0.001932 0.060085
v 0.020069 0.008047 0.061500
v 0.020069 0.008047 0.062600
v 0.020070 0.012846 0.044106
v 0.020086 0.013676 0.043600
v 0.020098 -0.025017 0.043600
v 0.020167 0.022997 0.043600
v 0.020263 0.005724 0.059990
v 0.020267 0.017116 0.051552
v 0.020279 -0.011473 0.039900
v 0.020280 -0.002822 0.061500
v 0.020280 -0.002822 0.062600
v 0.020282 0.000852 0.054105
v 0.020289 -0.017094 0.064649
v 0.020292 0.004689 0.060100
v 0.020292 0.031653 0.041268
v 0.020298 -0.024980 0.046600
v 0.020302 -0.004769 0.054096
v 0.020304 -0.017148 0.051569
v 0.020309 0.017134 0.064631
v 0.020309 0.000807 0.060091
v 0.020346 0.008129 0.060051
v 0.020364 -0.016903 0.046829
v 0.020372 0.002340 0.054126
v 0.020373 -0.011525 0.052701
v 0.020380 -0.002664 0.059992
v 0.020399 0.005776 0.054325
v 0.020407 -0.005167 0.059954
v 0.020423 0.004761 0.062582
v 0.020436 0.010638 0.081141
v 0.020459 -0.030333 0.084600
v 0.020462 -0.018416 0.043600
v 0.020499 0.011773 0.053111
v 0.020500 -0.006158 0.062576
v 0.020511 -0.001656 0.062587
v 0.020528 -0.031507 0.041277
v 0.020551 0.010553 0.083697
v 0.020554 -0.005197 0.054325
v 0.020595 -0.002967 0.054086
v 0.020611 0.016602 0.046829
v 0.020622 -0.006228 0.060100
v 0.020669 0.015608 0.064600
v 0.020677 0.006151 0.061500
v 0.020677 0.006151 0.062600
v 0.020704 -0.002615 0.054321
v 0.020710 0.007916 0.054316
v 0.020763 0.016224 0.050187
v 0.020766 -0.015101 0.046737
v 0.020770 0.006026 0.060048
v 0.020787 0.016112 0.059600
v 0.020792 0.006872 0.054095
v 0.020806 0.010487 0.039900
v 0.020813 0.002533 0.060081
v 0.020830 0.023251 0.069601
v 0.020839 -0.010015 0.070624
v 0.020839 0.030855 0.039000
v 0.020867 0.008934 0.062578
v 0.020887 0.016032 0.047965
v 0.020898 0.025410 0.046600
v 0.020898 0.025410 0.064600
v 0.020901 0.010537 0.052701
v 0.020921 0.007275 0.061500
v 0.020921 0.007275 0.062600
v 0.020929 0.007649 0.060056
v 0.020955 0.010632 0.081599
v 0.020983 -0.005012 0.061500
v 0.020983 -0.005012 0.062600
v 0.021001 0.025340 0.046572
v 0.021006 0.016816 0.043600
v 0.021006 0.016816 0.046600
v 0.021028 -0.005164 0.060054
v 0.021031 0.015958 0.069300
v 0.021057 0.000587 0.060070
v 0.021066 0.000578 0.054125
v 0.021068 0.015910 0.065100
v 0.021068 0.015910 0.069600
v 0.021071 -0.016105 0.069533
v 0.021079 0.006628 0.054329
v 0.021086 0.016146 0.046654
v 0.021101 0.014558 0.047850
v 0.021103 0.002513 0.054112
v 0.021124 0.006739 0.060052
v 0.021131 0.025231 0.043624
v 0.021136 -0.015703 0.047965
v 0.021150 -0.002705 0.060050
v 0.021186 -0.015584 0.059600
v 0.021198 -0.010466 0.053109
v 0.021249 0.008802 0.070600
v 0.021252 0.005188 0.062577
v 0.021287 -0.015531 0.050187
v 0.021319 -0.014208 0.046708
v 0.021329 -0.015761 0.046667
v 0.021368 -0.014170 0.047852
v 0.021370 0.014203 0.046636
v 0.021379 0.008635 0.060100
v 0.021401 -0.015465 0.047467
v 0.021404 -0.003065 0.061500
v 0.021404 -0.003065 0.062600
v 0.021415 -0.006023 0.062571
v 0.021426 0.023293 0.046600
v 0.021465 0.013830 0.047371
v 0.021489 0.002420 0.059754
v 0.021491 0.010877 0.084603
v 0.021512 -0.010376 0.044072
v 0.021523 0.039570 0.065078
v 0.021530 0.002390 0.054447
v 0.021544 -0.039570 0.065078
v 0.021554 -0.004206 0.054095
v 0.021569 -0.004800 0.054329
v 0.021576 -0.004782 0.060029
v 0.021632 -0.032505 0.040496
v 0.021648 0.000896 0.060078
v 0.021654 0.013725 0.046735
v 0.021678 -0.001934 0.062583
v 0.021690 0.005558 0.060100
v 0.021700 -0.018789 0.046600
v 0.021700 0.032491 0.040500
v 0.021716 0.008133 0.062577
v 0.021755 -0.004161 0.061500
v 0.021755 -0.004161 0.062600
v 0.021761 0.001038 0.054126
v 0.021779 0.002011 0.060080
v 0.021781 -0.001945 0.060100
v 0.021788 0.007397 0.081112
v 0.021790 -0.003323 0.060053
v 0.021794 0.007396 0.083612
v 0.021817 0.005887 0.062577
v 0.021867 -0.016960 0.076700
v 0.021867 -0.015818 0.084600
v 0.021867 0.015818 0.076700
v 0.021874 0.007107 0.070600
v 0.021878 0.016389 0.084600
v 0.021889 0.001770 0.054119
v 0.021894 -0.014286 0.046603
v 0.021894 -0.003499 0.054316
v 0.021902 0.001496 0.060057
v 0.021923 -0.004166 0.060059
v 0.021940 0.033312 0.044931
v 0.021955 0.007781 0.083892
v 0.021972 -0.033280 0.044874
v 0.022001 -0.010612 0.043594
v 0.022012 -0.023971 0.043600
v 0.022089 0.007007 0.062580
v 0.022097 0.007153 0.060100
v 0.022101 0.007877 0.081561
v 0.022114 -0.023871 0.046600
v 0.022115 -0.022185 0.069516
v 0.022128 -0.007297 0.039900
v 0.022144 0.008798 0.044100
v 0.022170 0.022289 0.046906
v 0.022209 -0.005510 0.062586
v 0.022230 -0.007329 0.052701
v 0.022233 -0.017714 0.084600
v 0.022233 -0.015064 0.076700
v 0.022236 -0.014411 0.046966
v 0.022269 0.009603 0.069544
v 0.022282 -0.012757 0.047463
v 0.022292 0.013855 0.046612
v 0.022327 0.014270 0.047234
v 0.022343 -0.005470 0.060100
v 0.022352 0.023086 0.043600
v 0.022361 -0.012378 0.046850
v 0.022390 -0.002521 0.062574
v 0.022399 0.007556 0.053111
v 0.022406 -0.012988 0.060101
v 0.022453 0.006227 0.039900
v 0.022488 0.016682 0.043600
v 0.022488 0.016682 0.046600
v 0.022509 0.018214 0.084600
v 0.022520 -0.009026 0.069550
v 0.022522 -0.021880 0.046600
v 0.022522 -0.021880 0.064600
v 0.022555 0.006256 0.052701
v 0.022593 0.014430 0.069601
v 0.022600 0.008077 0.084600
v 0.022650 0.009540 0.064760
v 0.022703 0.018408 0.076700
v 0.022703 0.014370 0.084600
v 0.022723 -0.004735 0.062575
v 0.022732 0.003888 0.074604
v 0.022762 -0.009270 0.064760
v 0.022830 -0.006138 0.053109
v 0.022866 0.011543 0.046708
v 0.022870 -0.003577 0.062578
v 0.022870 -0.003604 0.074603
v 0.022876 0.011560 0.047849
v 0.022908 0.003604 0.083597
v 0.022916 -0.016477 0.046600
v 0.022929 -0.003438 0.060100
v 0.022960 -0.016448 0.043600
v 0.022978 -0.003521 0.083599
v 0.022979 -0.027868 0.069600
v 0.022979 0.026942 0.069600
v 0.022997 -0.020167 0.043600
v 0.022998 0.028789 0.040498
v 0.023003 0.012682 0.047590
v 0.023077 -0.011178 0.046641
v 0.023078 -0.016389 0.069600
v 0.023078 -0.016389 0.076700
v 0.023078 0.016389 0.069600
v 0.023078 0.016389 0.076700
v 0.023080 -0.001066 0.070612
v 0.023086 -0.022352 0.043600
v 0.023088 -0.021344 0.046915
v 0.023103 0.021265 0.069300
v 0.023111 -0.011103 0.047854
v 0.023126 -0.002840 0.039900
v 0.023185 -0.011545 0.064600
v 0.023232 -0.002851 0.052701
v 0.023236 0.001727 0.039900
v 0.023274 0.020821 0.046602
v 0.023279 0.007279 0.043598
v 0.023289 -0.023272 0.043653
v 0.023293 -0.021426 0.046600
v 0.023318 -0.004904 0.044100
v 0.023342 0.001736 0.052701
v 0.023391 0.012132 0.050187
v 0.023394 0.012018 0.059600
v 0.023397 0.037263 0.059191
v 0.023423 -0.037253 0.059173
v 0.023424 0.015391 0.069600
v 0.023424 0.017388 0.076700
v 0.023424 -0.017388 0.069600
v 0.023424 -0.015391 0.076700
v 0.023435 0.004307 0.044108
v 0.023442 0.003049 0.053110
v 0.023477 0.011908 0.047953
v 0.023478 -0.016460 0.064600
v 0.023496 0.016182 0.064600
v 0.023496 0.016182 0.046600
v 0.023513 -0.023041 0.046555
v 0.023522 0.016079 0.069600
v 0.023530 0.015285 0.076700
v 0.023530 0.017494 0.069600
v 0.023530 -0.017494 0.076700
v 0.023530 -0.015285 0.069600
v 0.023541 -0.016023 0.069600
v 0.023558 0.009868 0.047100
v 0.023575 -0.012972 0.043600
v 0.023575 -0.012972 0.046600
v 0.023588 -0.001575 0.053110
v 0.023595 0.012152 0.064633
v 0.023598 -0.022925 0.046600
v 0.023598 -0.022925 0.064600
v 0.023598 -0.012154 0.051567
v 0.023605 0.012142 0.051564
v 0.023605 0.011822 0.046900
v 0.023605 0.011822 0.069300
v 0.023608 0.015783 0.051600
v 0.023616 -0.012123 0.064637
v 0.023616 -0.015771 0.051600
v 0.023632 -0.011767 0.065100
v 0.023632 -0.011767 0.069600
v 0.023651 -0.011559 0.047953
v 0.023654 -0.016976 0.046600
v 0.023655 0.009985 0.046737
v 0.023664 -0.011852 0.046829
v 0.023665 0.020638 0.046600
v 0.023665 0.020638 0.064600
v 0.023672 -0.011976 0.069549
v 0.023681 0.015116 0.046600
v 0.023688 -0.011426 0.059600
v 0.023692 -0.018979 0.076700
v 0.023692 -0.013799 0.084600
v 0.023692 0.013799 0.076700
v 0.023709 0.009855 0.047463
v 0.023715 -0.015647 0.046600
v 0.023718 -0.017061 0.051600
v 0.023718 -0.017061 0.069600
v 0.023757 0.017105 0.051600
v 0.023757 0.017105 0.069600
v 0.023778 -0.011355 0.050187
v 0.023826 -0.000332 0.044100
v 0.023833 0.017179 0.046600
v 0.023833 0.017179 0.064600
v 0.023836 0.011502 0.046829
v 0.023867 0.010053 0.060101
v 0.023870 -0.011568 0.046658
v 0.023871 0.022114 0.046600
v 0.023942 -0.015515 0.064600
v 0.023957 -0.019050 0.084600
v 0.023957 -0.013728 0.076700
v 0.023958 -0.011228 0.046600
v 0.023960 -0.017821 0.043600
v 0.023971 0.022012 0.043600
v 0.023982 0.014918 0.043600
v 0.023999 0.003715 0.084609
v 0.024011 -0.011114 0.043600
v 0.024018 -0.014392 0.043600
v 0.024018 -0.014392 0.046600
v 0.024041 0.010950 0.069610
v 0.024055 -0.003720 0.084603
v 0.024107 -0.017871 0.046600
v 0.024160 -0.002632 0.074600
v 0.024174 0.002598 0.074600
v 0.024181 -0.019617 0.046598
v 0.024192 0.015392 0.046600
v 0.024192 0.015392 0.064600
v 0.024210 0.002621 0.083654
v 0.024222 -0.002585 0.083624
v 0.024232 0.008374 0.046640
v 0.024237 0.008359 0.047852
v 0.024247 0.000376 0.069546
v 0.024292 -0.017465 0.064600
v 0.024294 0.015363 0.069600
v 0.024295 -0.010162 0.047550
v 0.024322 0.019860 0.051600
v 0.024322 0.019860 0.064600
v 0.024352 0.032000 0.084600
v 0.024355 -0.001637 0.043601
v 0.024383 -0.019856 0.051600
v 0.024383 -0.007914 0.047850
v 0.024384 -0.007955 0.046622
v 0.024401 -0.019886 0.064600
v 0.024484 -0.007273 0.047100
v 0.024528 -0.017839 0.069600
v 0.024528 -0.017839 0.076700
v 0.024528 -0.014939 0.069600
v 0.024528 -0.014939 0.076700
v 0.024528 0.014939 0.069600
v 0.024528 0.014939 0.076700
v 0.024528 0.017839 0.069600
v 0.024528 0.017839 0.076700
v 0.024528 0.019039 0.076700
v 0.024528 0.019039 0.084600
v 0.024553 0.011408 0.074100
v 0.024576 0.000146 0.064760
v 0.024581 0.011913 0.080567
v 0.024588 0.011990 0.070119
v 0.024593 -0.007379 0.047463
v 0.024598 0.010777 0.081600
v 0.024599 -0.017440 0.046600
v 0.024608 -0.015291 0.069600
v 0.024629 0.012240 0.084600
v 0.024633 -0.007245 0.046737
v 0.024658 0.009030 0.047574
v 0.024705 -0.017427 0.069600
v 0.024717 0.011574 0.046600
v 0.024762 0.012328 0.081600
v 0.024763 0.017416 0.069600
v 0.024763 0.017416 0.051600
v 0.024795 0.021624 0.046600
v 0.024795 0.021624 0.064600
v 0.024814 0.018581 0.043600
v 0.024814 0.018581 0.046600
v 0.024834 0.013310 0.069603
v 0.024838 0.009120 0.043600
v 0.024839 0.015383 0.051600
v 0.024845 0.011857 0.043600
v 0.024861 -0.009077 0.046829
v 0.024865 0.017387 0.046600
v 0.024865 0.017387 0.064600
v 0.024880 0.009001 0.046600
v 0.024895 -0.015402 0.051600
v 0.024902 -0.006748 0.060100
v 0.024906 -0.017401 0.051600
v 0.024911 0.007088 0.064600
v 0.024964 -0.007416 0.046600
v 0.024980 0.020298 0.046600
v 0.024991 0.008710 0.046829
v 0.024992 -0.015444 0.046600
v 0.024992 -0.015444 0.064600
v 0.025010 0.007258 0.046600
v 0.025017 0.020098 0.043600
v 0.025039 0.021392 0.046549
v 0.025060 0.011037 0.074616
v 0.025074 0.010983 0.080084
v 0.025076 0.009984 0.080578
v 0.025076 0.012832 0.074122
v 0.025077 0.009985 0.070125
v 0.025090 0.005252 0.047852
v 0.025096 0.014957 0.046600
v 0.025110 0.005187 0.046632
v 0.025129 0.009931 0.074122
v 0.025160 0.009296 0.046599
v 0.025164 -0.004776 0.046708
v 0.025179 0.015571 0.064600
v 0.025181 0.004276 0.047100
v 0.025189 -0.004752 0.047852
v 0.025203 0.007515 0.059600
v 0.025215 0.034485 0.053125
v 0.025222 0.007628 0.050187
v 0.025244 -0.034461 0.053091
v 0.025252 0.015612 0.046600
v 0.025254 0.012158 0.074600
v 0.025254 0.012158 0.080100
v 0.025259 0.008066 0.051557
v 0.025261 -0.007832 0.043600
v 0.025268 0.007404 0.047965
v 0.025272 -0.026678 0.040500
v 0.025280 0.015658 0.069600
v 0.025284 0.008077 0.064630
v 0.025288 0.021066 0.043623
v 0.025289 -0.008080 0.051573
v 0.025302 0.004367 0.046737
v 0.025325 0.004229 0.047463
v 0.025337 -0.008099 0.064600
v 0.025355 -0.017668 0.043600
v 0.025358 -0.007648 0.069591
v 0.025364 0.013799 0.084600
v 0.025375 0.007283 0.046900
v 0.025375 0.007283 0.069300
v 0.025381 -0.007007 0.047965
v 0.025385 -0.006879 0.059600
v 0.025392 0.007225 0.065100
v 0.025392 0.007225 0.069600
v 0.025403 0.010838 0.069600
v 0.025409 -0.007166 0.046900
v 0.025418 0.012008 0.084600
v 0.025453 -0.017599 0.046600
v 0.025460 -0.006793 0.050187
v 0.025466 0.010725 0.084600
v 0.025484 0.012119 0.069600
v 0.025495 -0.001539 0.047100
v 0.025511 -0.018116 0.069520
v 0.025527 -0.017494 0.069600
v 0.025527 -0.015285 0.076700
v 0.025527 0.015285 0.069600
v 0.025527 0.017494 0.076700
v 0.025551 0.016674 0.069600
v 0.025552 0.016620 0.046600
v 0.025556 -0.006921 0.064654
v 0.025557 0.001955 0.047847
v 0.025563 0.001932 0.046647
v 0.025575 -0.001898 0.046640
v 0.025583 -0.007183 0.069569
v 0.025583 -0.007707 0.046600
v 0.025588 0.016523 0.064600
v 0.025591 0.021618 0.039000
v 0.025591 0.021618 0.040500
v 0.025593 -0.001459 0.047853
v 0.025595 -0.016630 0.064600
v 0.025598 -0.016626 0.046600
v 0.025600 -0.016301 0.051600
v 0.025623 -0.016470 0.069600
v 0.025625 -0.001617 0.047463
v 0.025626 -0.005735 0.047574
v 0.025633 -0.017388 0.076700
v 0.025633 -0.015391 0.069600
v 0.025633 0.015391 0.076700
v 0.025633 0.017388 0.069600
v 0.025633 -0.001477 0.046737
v 0.025634 0.015317 0.043600
v 0.025635 0.016433 0.051600
v 0.025660 0.018131 0.046891
v 0.025662 -0.009294 0.046600
v 0.025662 -0.021533 0.039000
v 0.025662 -0.021533 0.040500
v 0.025733 -0.006184 0.046829
v 0.025765 0.008967 0.069602
v 0.025790 -0.002390 0.064600
v 0.025816 -0.017874 0.046600
v 0.025816 -0.017874 0.064600
v 0.025821 0.005805 0.046829
v 0.025842 0.007497 0.043600
v 0.025842 0.007497 0.046600
v 0.025850 -0.006583 0.069603
v 0.025853 -0.018684 0.084600
v 0.025853 -0.014094 0.076700
v 0.025887 0.000752 0.060101
v 0.025897 0.009478 0.081601
v 0.025904 -0.007590 0.084600
v 0.025939 -0.007484 0.066100
v 0.025945 -0.007427 0.046600
v 0.025952 -0.009184 0.043600
v 0.025960 -0.007351 0.043600
v 0.025961 -0.007718 0.070108
v 0.025965 0.013411 0.080619
v 0.025967 -0.008367 0.069589
v 0.025978 -0.016389 0.076700
v 0.025978 -0.016389 0.069600
v 0.025978 0.016389 0.069600
v 0.025978 0.016389 0.076700
v 0.026006 0.004569 0.047467
v 0.026026 0.016664 0.043600
v 0.026027 -0.007173 0.050100
v 0.026040 -0.007151 0.069292
v 0.026050 0.013374 0.084600
v 0.026054 -0.007127 0.046908
v 0.026058 0.038163 0.065665
v 0.026058 -0.038163 0.065665
v 0.026059 0.013399 0.070122
v 0.026062 0.027476 0.041362
v 0.026065 0.009440 0.084600
v 0.026101 -0.027504 0.041416
v 0.026118 0.016439 0.046600
v 0.026121 -0.008074 0.046925
v 0.026128 0.009929 0.074616
v 0.026128 0.012887 0.080084
v 0.026143 0.000016 0.047597
v 0.026151 -0.008105 0.069275
v 0.026155 0.002756 0.059600
v 0.026173 -0.008135 0.050100
v 0.026182 0.009915 0.080084
v 0.026182 0.012901 0.074616
v 0.026184 -0.006963 0.070106
v 0.026186 -0.002223 0.046628
v 0.026194 0.002623 0.047953
v 0.026194 0.002863 0.050187
v 0.026216 -0.002097 0.059600
v 0.026235 -0.008141 0.046600
v 0.026237 -0.002224 0.047965
v 0.026256 -0.007564 0.051600
v 0.026256 -0.007564 0.066100
v 0.026257 -0.007490 0.050100
v 0.026257 -0.007490 0.064600
v 0.026269 0.005049 0.076700
v 0.026274 -0.001999 0.050187
v 0.026282 0.002497 0.069300
v 0.026287 -0.002436 0.065100
v 0.026289 -0.002489 0.069600
v 0.026291 0.005333 0.069602
v 0.026296 -0.002990 0.047371
v 0.026300 -0.005456 0.084600
v 0.026307 -0.008231 0.043600
v 0.026314 -0.008752 0.069602
v 0.026315 0.002823 0.046829
v 0.026324 -0.026331 0.039000
v 0.026331 0.005074 0.084600
v 0.026336 -0.017144 0.046899
v 0.026353 -0.018408 0.076700
v 0.026353 -0.014370 0.084600
v 0.026353 0.014370 0.076700
v 0.026353 0.018408 0.084600
v 0.026355 -0.006471 0.069591
v 0.026366 -0.006842 0.066100
v 0.026368 0.002693 0.046698
v 0.026414 -0.002648 0.069582
v 0.026416 0.002210 0.064643
v 0.026418 -0.006819 0.046600
v 0.026422 -0.002202 0.051570
v 0.026431 -0.001205 0.046600
v 0.026434 -0.008290 0.066100
v 0.026436 0.002194 0.051566
v 0.026437 -0.001080 0.043600
v 0.026437 -0.002184 0.064628
v 0.026444 -0.004667 0.076700
v 0.026460 -0.002130 0.046619
v 0.026470 -0.006801 0.084600
v 0.026491 -0.006793 0.043600
v 0.026495 -0.008272 0.070108
v 0.026503 0.026150 0.039000
v 0.026511 -0.006431 0.046609
v 0.026517 -0.006800 0.076700
v 0.026524 0.013257 0.046600
v 0.026539 -0.000084 0.047100
v 0.026547 -0.008286 0.084600
v 0.026547 0.018214 0.076700
v 0.026553 0.009408 0.070100
v 0.026553 0.009408 0.074100
v 0.026553 0.009408 0.080600
v 0.026553 0.013408 0.074100
v 0.026568 0.016450 0.069569
v 0.026663 -0.015815 0.043600
v 0.026663 -0.015815 0.046600
v 0.026739 0.016462 0.046600
v 0.026739 0.016462 0.064600
v 0.026744 -0.002963 0.046600
v 0.026744 -0.002963 0.043600
v 0.026746 -0.019149 0.043625
v 0.026768 0.031428 0.047427
v 0.026789 0.010086 0.069600
v 0.026798 -0.031390 0.047378
v 0.026824 0.012724 0.084600
v 0.026871 -0.006743 0.050100
v 0.026897 -0.007945 0.050100
v 0.026897 -0.007945 0.064600
v 0.026904 -0.006758 0.069275
v 0.026905 -0.008633 0.046610
v 0.026906 0.036425 0.062167
v 0.026906 -0.036425 0.062167
v 0.026908 -0.007125 0.051600
v 0.026908 -0.007125 0.066100
v 0.026914 0.007580 0.084600
v 0.026921 -0.006793 0.070108
v 0.026922 0.018749 0.046600
v 0.026946 -0.006770 0.046925
v 0.026961 -0.007909 0.051600
v 0.026961 -0.007909 0.066100
v 0.026971 -0.007163 0.050100
v 0.026971 -0.007163 0.064600
v 0.026977 0.010133 0.084600
v 0.027010 0.012671 0.069600
v 0.027049 -0.018728 0.046600
v 0.027049 -0.018728 0.064600
v 0.027072 -0.008211 0.046908
v 0.027074 -0.018729 0.046566
v 0.027096 -0.008197 0.069292
v 0.027102 -0.006313 0.069602
v 0.027108 0.007774 0.076700
v 0.027118 -0.008185 0.050100
v 0.027135 -0.006891 0.066100
v 0.027160 0.006806 0.043600
v 0.027160 0.006806 0.046600
v 0.027175 -0.003642 0.084657
v 0.027178 0.016389 0.076700
v 0.027181 -0.006924 0.046600
v 0.027189 -0.016960 0.084600
v 0.027189 -0.015818 0.076700
v 0.027189 0.015818 0.084600
v 0.027209 -0.008164 0.046600
v 0.027240 -0.006975 0.043600
v 0.027246 -0.008086 0.070106
v 0.027265 0.001234 0.046600
v 0.027333 -0.007967 0.084600
v 0.027341 0.013849 0.069602
v 0.027366 -0.007892 0.076700
v 0.027374 -0.007078 0.076700
v 0.027407 -0.007934 0.043600
v 0.027433 0.013529 0.043600
v 0.027454 -0.007346 0.070108
v 0.027456 -0.007477 0.046600
v 0.027466 -0.007807 0.066100
v 0.027477 -0.007557 0.046908
v 0.027477 0.006068 0.076700
v 0.027477 -0.007528 0.069292
v 0.027478 -0.007504 0.050100
v 0.027483 -0.005755 0.076700
v 0.027483 0.005755 0.069600
v 0.027491 0.001447 0.043600
v 0.027492 -0.006179 0.069595
v 0.027506 -0.006410 0.043600
v 0.027513 -0.006237 0.046600
v 0.027545 0.003495 0.084597
v 0.027548 -0.008278 0.069595
v 0.027581 -0.004162 0.046600
v 0.027619 -0.006960 0.069598
v 0.027621 0.010300 0.074616
v 0.027621 0.012516 0.080084
v 0.027655 -0.014871 0.051600
v 0.027655 -0.014871 0.064600
v 0.027661 0.010340 0.080084
v 0.027661 0.012476 0.074616
v 0.027663 0.004903 0.046600
v 0.027681 0.014940 0.051600
v 0.027689 0.004899 0.043600
v 0.027697 -0.004105 0.043600
v 0.027719 0.014946 0.064600
v 0.027776 0.034364 0.058333
v 0.027776 -0.034364 0.058333
v 0.027812 -0.008280 0.069609
v 0.027813 -0.007335 0.046605
v 0.027828 0.004757 0.069600
v 0.027828 -0.004757 0.076700
v 0.027834 0.011327 0.069600
v 0.027836 0.011456 0.084600
v 0.027849 -0.005949 0.064600
v 0.027874 -0.003326 0.076700
v 0.027885 0.005854 0.051600
v 0.027885 0.005854 0.069600
v 0.027888 -0.006102 0.069600
v 0.027930 0.012932 0.084600
v 0.027935 -0.006860 0.076700
v 0.027935 0.004650 0.076700
v 0.027935 -0.004650 0.069600
v 0.027935 0.006860 0.069600
v 0.027977 0.009931 0.070122
v 0.027977 0.009931 0.080578
v 0.027977 0.012885 0.074122
v 0.027990 -0.006223 0.046600
v 0.028003 -0.005263 0.051600
v 0.028005 0.005161 0.046600
v 0.028005 0.005161 0.064600
v 0.028016 0.017248 0.046600
v 0.028016 0.017248 0.064600
v 0.028030 0.009984 0.074122
v 0.028030 0.012832 0.080578
v 0.028030 0.012832 0.070122
v 0.028042 -0.006315 0.051600
v 0.028053 0.011408 0.074600
v 0.028053 0.011408 0.080100
v 0.028057 -0.005172 0.046600
v 0.028077 0.010031 0.084600
v 0.028079 0.027477 0.040609
v 0.028099 -0.027368 0.040533
v 0.028129 -0.009381 0.043600
v 0.028129 -0.009381 0.046600
v 0.028140 0.006448 0.046600
v 0.028140 0.006448 0.064600
v 0.028142 -0.015422 0.043600
v 0.028146 0.039486 0.064993
v 0.028160 0.017055 0.046573
v 0.028171 -0.039485 0.064992
v 0.028213 0.003145 0.076701
v 0.028245 -0.029650 0.084600
v 0.028249 0.016907 0.043644
v 0.028270 0.009509 0.069607
v 0.028280 -0.013432 0.069574
v 0.028312 -0.015311 0.046600
v 0.028317 -0.013071 0.046601
v 0.028322 -0.007169 0.046600
v 0.028324 0.004897 0.051600
v 0.028324 0.004897 0.069600
v 0.028373 -0.004864 0.069600
v 0.028406 -0.013381 0.046600
v 0.028406 -0.013381 0.064600
v 0.028433 0.013428 0.046916
v 0.028466 -0.004812 0.064600
v 0.028476 0.007172 0.076700
v 0.028476 -0.007172 0.069600
v 0.028483 -0.008397 0.084600
v 0.028494 0.006712 0.051600
v 0.028494 0.006712 0.069600
v 0.028533 0.032212 0.054644
v 0.028533 -0.032212 0.054644
v 0.028553 0.011408 0.070100
v 0.028553 0.011408 0.074100
v 0.028553 0.011408 0.080600
v 0.028553 0.011408 0.084600
v 0.028692 0.003081 0.084181
v 0.028709 0.013321 0.046600
v 0.028755 0.004225 0.043600
v 0.028775 0.012273 0.069555
v 0.028891 0.011866 0.046600
v 0.028894 -0.004703 0.051600
v 0.028910 0.004215 0.046600
v 0.028933 -0.007205 0.076700
v 0.028933 -0.004305 0.069600
v 0.028933 -0.004305 0.076700
v 0.028933 0.004305 0.069600
v 0.028933 0.004305 0.076700
v 0.028933 0.008405 0.076700
v 0.028933 0.008405 0.084600
v 0.028956 -0.007295 0.043600
v 0.029000 -0.004705 0.046600
v 0.029056 0.011945 0.069607
v 0.029084 0.011836 0.046600
v 0.029084 0.011836 0.064600
v 0.029127 -0.006840 0.064600
v 0.029127 -0.006840 0.046600
v 0.029137 0.006788 0.046600
v 0.029137 0.006788 0.064600
v 0.029183 0.029966 0.051101
v 0.029183 -0.029966 0.051101
v 0.029233 -0.003073 0.084174
v 0.029273 0.004759 0.064600
v 0.029273 0.004759 0.046600
v 0.029280 -0.006801 0.051600
v 0.029280 -0.006801 0.069600
v 0.029293 -0.008439 0.076700
v 0.029311 -0.020000 0.084600
v 0.029311 0.020000 0.084600
v 0.029345 -0.011360 0.046882
v 0.029372 0.004798 0.051600
v 0.029391 0.007172 0.069600
v 0.029425 -0.004825 0.069600
v 0.029430 0.036647 0.060011
v 0.029458 -0.036634 0.059996
v 0.029485 0.012775 0.043600
v 0.029510 -0.013723 0.043600
v 0.029516 -0.004879 0.064600
v 0.029542 0.006614 0.051600
v 0.029565 -0.013591 0.046600
v 0.029617 0.004901 0.069600
v 0.029643 -0.014341 0.043651
v 0.029700 -0.014192 0.046577
v 0.029719 -0.010881 0.046600
v 0.029733 0.027625 0.047700
v 0.029733 -0.027625 0.047700
v 0.029763 -0.014020 0.046600
v 0.029763 -0.014020 0.064600
v 0.029823 0.006437 0.069600
v 0.029829 -0.011171 0.043600
v 0.029932 0.006860 0.076700
v 0.029932 -0.004650 0.076700
v 0.029932 -0.006860 0.069600
v 0.029932 0.004650 0.069600
v 0.029979 -0.005408 0.051600
v 0.029984 -0.005822 0.064600
v 0.029985 -0.005716 0.069600
v 0.029988 0.005646 0.051600
v 0.029998 -0.008182 0.084600
v 0.030018 -0.005562 0.046600
v 0.030034 0.005802 0.046600
v 0.030036 0.007671 0.043600
v 0.030036 0.007671 0.046600
v 0.030037 0.005798 0.064600
v 0.030038 -0.004757 0.069600
v 0.030038 -0.006754 0.076700
v 0.030038 0.004757 0.076700
v 0.030041 -0.003273 0.076701
v 0.030080 -0.009034 0.051600
v 0.030086 0.009031 0.064600
v 0.030086 -0.009035 0.064600
v 0.030092 -0.006843 0.046600
v 0.030115 -0.023000 0.084600
v 0.030115 -0.017000 0.084600
v 0.030115 0.017000 0.084600
v 0.030115 0.023000 0.084600
v 0.030117 0.009023 0.051600
v 0.030168 -0.008302 0.069553
v 0.030180 0.012942 0.043601
v 0.030186 -0.006620 0.043600
v 0.030195 -0.025187 0.044434
v 0.030206 0.003406 0.084528
v 0.030221 -0.008523 0.046600
v 0.030224 0.002090 0.046600
v 0.030258 0.003460 0.076700
v 0.030358 0.005027 0.043600
v 0.030383 -0.005755 0.069600
v 0.030383 -0.005755 0.076700
v 0.030383 0.005755 0.076700
v 0.030389 0.006068 0.069600
v 0.030403 -0.003533 0.084605
v 0.030421 0.005193 0.046600
v 0.030473 0.012402 0.046600
v 0.030473 0.012402 0.064600
v 0.030478 0.012454 0.046555
v 0.030505 0.023136 0.041635
v 0.030511 0.006817 0.069548
v 0.030516 0.011296 0.046600
v 0.030522 0.002001 0.043600
v 0.030570 0.011163 0.043600
v 0.030597 0.005571 0.069600
v 0.030609 0.007267 0.046896
v 0.030614 -0.022732 0.041478
v 0.030635 0.006888 0.046600
v 0.030635 0.006888 0.064600
v 0.030671 0.033262 0.054747
v 0.030679 0.012158 0.043800
v 0.030685 -0.004408 0.043600
v 0.030685 -0.004408 0.046600
v 0.030700 -0.033234 0.054718
v 0.030758 0.007774 0.084600
v 0.030804 0.008994 0.043600
v 0.030846 0.009193 0.046600
v 0.030866 -0.018000 0.040500
v 0.030866 -0.018000 0.043500
v 0.030866 -0.017000 0.040500
v 0.030866 -0.017000 0.043500
v 0.030866 0.017000 0.040500
v 0.030866 0.017000 0.043500
v 0.030866 0.018000 0.040500
v 0.030866 0.018000 0.043500
v 0.030927 -0.004881 0.046684
v 0.030952 0.007580 0.076700
v 0.031037 -0.010609 0.043600
v 0.031074 -0.003277 0.069556
v 0.031115 0.002223 0.046603
v 0.031131 0.020423 0.039000
v 0.031212 -0.003433 0.046600
v 0.031212 -0.003433 0.064600
v 0.031241 0.003155 0.051600
v 0.031241 0.003155 0.064600
v 0.031243 -0.003158 0.051600
v 0.031243 -0.003157 0.064600
v 0.031284 0.001953 0.069459
v 0.031311 -0.020000 0.074600
v 0.031311 -0.020000 0.082600
v 0.031311 0.020000 0.074600
v 0.031311 0.020000 0.082600
v 0.031351 0.001751 0.046600
v 0.031351 0.001751 0.064600
v 0.031361 -0.004693 0.076700
v 0.031361 -0.004693 0.084600
v 0.031410 0.000517 0.046874
v 0.031415 -0.006872 0.076700
v 0.031426 0.011604 0.039000
v 0.031426 0.011604 0.040500
v 0.031480 -0.011458 0.039000
v 0.031480 -0.011458 0.040500
v 0.031515 -0.006616 0.084600
v 0.031525 0.004926 0.076700
v 0.031542 -0.009409 0.043621
v 0.031595 0.005198 0.084600
v 0.031611 -0.009216 0.046557
v 0.031665 -0.008930 0.046600
v 0.031665 -0.008930 0.064600
v 0.031687 0.029641 0.049795
v 0.031715 -0.029596 0.049755
v 0.031847 -0.022000 0.074600
v 0.031847 -0.022000 0.082600
v 0.031847 -0.018000 0.074600
v 0.031847 -0.018000 0.082600
v 0.031847 0.018000 0.074600
v 0.031847 0.018000 0.082600
v 0.031847 0.022000 0.074600
v 0.031847 0.022000 0.082600
v 0.031901 -0.003478 0.043600
v 0.032016 -0.003311 0.046600
v 0.032099 -0.018000 0.043500
v 0.032099 -0.017000 0.043500
v 0.032099 0.007217 0.046600
v 0.032099 0.007217 0.064600
v 0.032124 0.007051 0.046583
v 0.032129 0.000519 0.043600
v 0.032129 0.000519 0.046600
v 0.032197 -0.018010 0.040492
v 0.032209 0.006691 0.043622
v 0.032293 0.018029 0.040490
v 0.032479 0.025784 0.045155
v 0.032506 -0.025721 0.045105
v 0.032515 -0.001386 0.043600
v 0.032516 -0.001242 0.046600
v 0.032617 -0.017000 0.040500
v 0.032617 0.017000 0.040500
v 0.032658 -0.004167 0.043640
v 0.032697 0.017000 0.043500
v 0.032697 0.018000 0.043500
v 0.032702 -0.003725 0.046569
v 0.032703 -0.003597 0.046600
v 0.032703 -0.003597 0.064600
v 0.032824 -0.014458 0.084595
v 0.032825 0.025540 0.084592
v 0.032839 0.001928 0.046573
v 0.032849 0.001835 0.046600
v 0.032849 0.001835 0.064600
v 0.032865 0.001533 0.043630
v 0.033131 0.021360 0.040510
v 0.033143 -0.017108 0.038994
v 0.033176 -0.021274 0.040496
v 0.033236 0.014292 0.084595
v 0.033237 -0.025704 0.084590
v 0.033311 -0.023464 0.082600
v 0.033311 -0.016536 0.082600
v 0.033311 0.016536 0.082600
v 0.033311 0.023464 0.082600
v 0.033466 0.001500 0.039700
v 0.033466 0.001500 0.040500
v 0.033499 0.000200 0.039000
v 0.033499 0.000200 0.039700
v 0.033500 -0.000000 0.039000
v 0.033500 -0.000000 0.040500
v 0.033659 0.016298 0.074600
v 0.033659 -0.023702 0.074600
v 0.033807 -0.018017 0.041515
v 0.033859 0.018000 0.041539
v 0.033934 -0.016187 0.074600
v 0.033934 0.023813 0.074600
v 0.034350 -0.017002 0.041626
v 0.034412 0.017000 0.041551
v 0.034500 -0.000000 0.039800
v 0.034500 -0.000000 0.040500
v 0.034500 0.001500 0.039800
v 0.034500 0.001500 0.040500
v 0.034672 0.039467 0.065030
v 0.034954 -0.018000 0.047298
v 0.034954 -0.017000 0.047298
v 0.035146 -0.024279 0.069600
v 0.035236 0.010736 0.040500
v 0.035311 -0.024000 0.082600
v 0.035311 -0.016000 0.082600
v 0.035311 0.016000 0.082600
v 0.035311 0.024000 0.082600
v 0.035508 0.036077 0.060769
v 0.035538 -0.036062 0.060757
v 0.035890 -0.008722 0.040502
v 0.036000 0.000300 0.040500
v 0.036000 0.000300 0.044450
v 0.036000 0.001500 0.040500
v 0.036000 0.001500 0.044450
v 0.036000 0.001600 0.043986
v 0.036000 0.002800 0.043986
v 0.036030 0.010015 0.038999
v 0.036120 0.001605 0.040369
v 0.036126 0.002803 0.040431
v 0.036217 -0.008634 0.039000
v 0.036221 0.032137 0.056238
v 0.036250 -0.032105 0.056215
v 0.036552 -0.012236 0.041589
v 0.036730 0.011673 0.041568
v 0.036748 0.028002 0.051966
v 0.036776 -0.027952 0.051933
v 0.036819 0.000300 0.040500
v 0.036824 0.014485 0.040500
v 0.036894 0.001503 0.040498
v 0.036927 -0.014215 0.040502
v 0.037007 -0.000000 0.039800
v 0.037007 0.001500 0.039800
v 0.037035 0.000200 0.039700
v 0.037035 0.001500 0.039700
v 0.037078 0.023660 0.047969
v 0.037103 -0.023590 0.047928
v 0.037202 0.019101 0.044257
v 0.037222 -0.019010 0.044211
v 0.037232 0.000200 0.039000
v 0.037232 -0.000000 0.039000
v 0.037366 0.017995 0.046219
v 0.037935 0.007492 0.041672
v 0.038065 -0.006756 0.041638
v 0.038149 -0.018033 0.047080
v 0.038357 0.002802 0.041590
v 0.038608 0.001600 0.041618
v 0.038612 0.001500 0.041618
v 0.038669 0.035947 0.063500
v 0.038669 -0.035947 0.063500
v 0.038672 0.000300 0.041626
v 0.038776 0.000300 0.047741
v 0.038776 0.001500 0.047741
v 0.038864 0.033166 0.060628
v 0.038864 -0.033166 0.060628
v 0.038937 0.021399 0.050130
v 0.038937 -0.021399 0.050130
v 0.038937 -0.032000 0.069600
v 0.038951 -0.038171 0.065902
v 0.038976 0.016992 0.047212
v 0.038982 -0.007182 0.040510
v 0.038990 0.030327 0.057847
v 0.038990 -0.030327 0.057847
v 0.039030 0.024452 0.052589
v 0.039030 -0.024452 0.052589
v 0.039045 0.006770 0.040563
v 0.039046 0.027425 0.055165
v 0.039046 -0.027425 0.055165
v 0.039107 -0.014193 0.045815
v 0.039125 -0.000000 0.041096
v 0.039125 0.001500 0.041096
v 0.039195 0.000200 0.041021
v 0.039195 0.001500 0.041021
v 0.039287 0.017000 0.050913
v 0.039287 0.018000 0.050913
v 0.039686 -0.000000 0.040501
v 0.039687 0.000200 0.040501
v 0.039991 0.038172 0.065931
v 0.040899 -0.039525 0.065241
v 0.041099 0.011550 0.044509
v 0.041107 -0.011426 0.044472
v 0.041198 0.001600 0.049761
v 0.041198 0.002800 0.049761
v 0.041452 0.001600 0.045068
v 0.041578 -0.016997 0.049699
v 0.041602 0.016768 0.047348
v 0.041619 -0.016669 0.047312
v 0.041631 0.035555 0.061463
v 0.041654 0.018000 0.050172
v 0.041664 -0.035538 0.061453
v 0.041867 0.031114 0.057595
v 0.041879 0.021748 0.050501
v 0.041898 -0.031079 0.057577
v 0.041902 -0.021672 0.050469
v 0.041911 -0.000000 0.045523
v 0.041913 -0.000000 0.044506
v 0.041913 0.001500 0.044506
v 0.041959 0.026521 0.053930
v 0.041986 -0.026466 0.053903
v 0.042094 -0.018000 0.053764
v 0.042094 -0.017000 0.053764
v 0.042924 0.001500 0.046630
v 0.043072 -0.004752 0.046976
v 0.043111 -0.000000 0.044607
v 0.043191 0.005707 0.047225
v 0.043813 0.000206 0.045291
v 0.044217 -0.003027 0.045812
v 0.044410 -0.011557 0.049653
v 0.044422 0.012163 0.049854
v 0.044655 -0.018000 0.052363
v 0.044792 -0.011115 0.069600
v 0.044792 0.011086 0.069600
v 0.045311 -0.024000 0.082600
v 0.045311 -0.016000 0.082600
v 0.045311 0.016000 0.082600
v 0.045311 0.024000 0.082600
v 0.045365 0.009076 0.047785
v 0.045451 0.000289 0.048887
v 0.045562 0.000200 0.047905
v 0.045562 0.001500 0.047905
v 0.045586 0.017000 0.052532
v 0.045831 0.001599 0.049221
v 0.045841 0.002793 0.049299
v 0.046400 -0.008299 0.048519
v 0.046560 0.002568 0.083619
v 0.046586 -0.002600 0.083636
v 0.046603 -0.002578 0.074600
v 0.046618 0.002606 0.074600
v 0.046689 -0.023813 0.074600
v 0.046689 0.016187 0.074600
v 0.046698 -0.003649 0.084605
v 0.046750 0.003689 0.084603
v 0.046964 -0.016298 0.074600
v 0.046964 0.023702 0.074600
v 0.047076 0.000300 0.055060
v 0.047076 0.001500 0.055060
v 0.047311 -0.023464 0.082600
v 0.047311 -0.016536 0.082600
v 0.047311 0.016536 0.082600
v 0.047311 0.023464 0.082600
v 0.047386 0.025706 0.084592
v 0.047387 -0.014291 0.084595
v 0.047500 -0.000000 0.072600
v 0.047500 -0.000000 0.074600
v 0.047766 -0.003366 0.083598
v 0.047796 0.003394 0.083594
v 0.047798 -0.025542 0.084595
v 0.047798 0.014458 0.084595
v 0.047980 -0.003643 0.074613
v 0.047990 0.003605 0.074604
v 0.048126 -0.001864 0.051063
v 0.048136 -0.000002 0.049146
v 0.048556 0.017000 0.057256
v 0.048556 0.018000 0.057256
v 0.048598 0.018013 0.054811
v 0.048775 -0.022000 0.074600
v 0.048775 -0.022000 0.082600
v 0.048775 -0.018000 0.074600
v 0.048775 -0.018000 0.082600
v 0.048775 0.018000 0.074600
v 0.048775 0.018000 0.082600
v 0.048775 0.022000 0.074600
v 0.048775 0.022000 0.082600
v 0.049175 -0.006250 0.072600
v 0.049175 0.006250 0.072600
v 0.049311 -0.020000 0.074600
v 0.049311 -0.020000 0.082600
v 0.049311 0.020000 0.074600
v 0.049311 0.020000 0.082600
v 0.049339 0.025353 0.058512
v 0.049339 -0.025353 0.058512
v 0.049412 -0.017000 0.054869
v 0.049499 0.001600 0.056411
v 0.049499 0.002800 0.056411
v 0.049706 -0.018005 0.055429
v 0.049761 0.028804 0.060499
v 0.049761 -0.028804 0.060499
v 0.049814 0.006794 0.050808
v 0.049871 0.001500 0.052376
v 0.049969 -0.007613 0.083666
v 0.050124 -0.009204 0.084600
v 0.050124 0.009204 0.084600
v 0.050132 0.007811 0.083567
v 0.050136 -0.000000 0.051730
v 0.050136 0.001500 0.051730
v 0.050154 0.032230 0.062535
v 0.050154 -0.032230 0.062535
v 0.050299 0.000214 0.050883
v 0.050507 -0.023000 0.084600
v 0.050507 -0.017000 0.084600
v 0.050507 0.017000 0.084600
v 0.050507 0.023000 0.084600
v 0.050527 0.035640 0.064602
v 0.050528 -0.035640 0.064602
v 0.050991 0.012721 0.052709
v 0.051005 -0.012609 0.052690
v 0.051311 -0.020000 0.084600
v 0.051311 0.020000 0.084600
v 0.051932 0.018399 0.054940
v 0.052238 0.017000 0.056396
v 0.052700 0.023895 0.057411
v 0.052728 -0.023831 0.057396
v 0.053359 0.029277 0.060034
v 0.053393 -0.029235 0.060023
v 0.053750 -0.010825 0.072600
v 0.053750 0.010825 0.072600
v 0.053878 -0.000000 0.053404
v 0.053967 0.034605 0.062727
v 0.054006 -0.034585 0.062722
v 0.054042 -0.018000 0.060641
v 0.054042 -0.018000 0.069300
v 0.054042 -0.017000 0.060641
v 0.054042 -0.017000 0.069300
v 0.054042 0.017000 0.060086
v 0.054042 0.017000 0.069300
v 0.054042 0.018000 0.060086
v 0.054042 0.018000 0.069300
v 0.054087 0.002803 0.055313
v 0.054450 0.038861 0.064897
v 0.054483 0.011241 0.083546
v 0.054490 0.001606 0.055609
v 0.054493 -0.038860 0.064898
v 0.054534 -0.011254 0.083542
v 0.054615 -0.012379 0.084600
v 0.054615 0.012379 0.084600
v 0.054896 0.032000 0.069600
v 0.055506 0.007631 0.056351
v 0.055513 -0.006912 0.056298
v 0.055591 0.000272 0.056372
v 0.055921 -0.011789 0.078625
v 0.055967 0.011791 0.078632
v 0.055973 -0.011770 0.072600
v 0.056192 0.011818 0.072600
v 0.056854 -0.022340 0.088053
v 0.056854 0.023660 0.087906
v 0.056863 -0.022541 0.084678
v 0.056863 0.023459 0.084678
v 0.056872 -0.023492 0.084801
v 0.056872 0.022508 0.084801
v 0.056890 -0.023500 0.087924
v 0.056890 0.022500 0.088035
v 0.056914 0.000200 0.056211
v 0.056914 0.001500 0.056211
v 0.056994 0.018056 0.058971
v 0.057002 -0.016991 0.058730
v 0.057041 0.017000 0.058745
v 0.057042 -0.018000 0.058981
v 0.057042 -0.018000 0.069300
v 0.057042 -0.017000 0.069300
v 0.057042 0.017000 0.069300
v 0.057042 0.018000 0.069300
v 0.057214 0.014639 0.058293
v 0.057272 -0.024575 0.084600
v 0.057272 -0.024575 0.087805
v 0.057272 -0.021425 0.084600
v 0.057272 0.021425 0.084600
v 0.057272 0.021425 0.088155
v 0.057272 0.024575 0.084600
v 0.057298 0.011106 0.078547
v 0.057312 -0.011095 0.072600
v 0.057331 -0.011135 0.078625
v 0.057434 0.010777 0.072600
v 0.057499 0.012247 0.079600
v 0.057560 -0.012250 0.079609
v 0.057568 0.001500 0.057460
v 0.057771 0.015372 0.058707
v 0.057800 -0.019658 0.059744
v 0.057864 0.016912 0.067600
v 0.057864 -0.016867 0.067600
v 0.057868 -0.017071 0.057486
v 0.057899 -0.023678 0.086100
v 0.057899 0.023678 0.089414
v 0.057899 -0.022322 0.089564
v 0.057899 0.022322 0.086100
v 0.057910 0.018190 0.057723
v 0.057984 0.016702 0.057413
v 0.057995 -0.015156 0.069300
v 0.058022 -0.018408 0.057842
v 0.058027 0.019908 0.069300
v 0.058043 0.015129 0.069300
v 0.058065 -0.019875 0.069300
v 0.058138 -0.018575 0.067600
v 0.058138 0.018575 0.067600
v 0.058138 0.021925 0.089608
v 0.058138 0.000208 0.056055
v 0.058301 -0.024387 0.089335
v 0.058317 -0.014896 0.058863
v 0.058350 0.011131 0.079599
v 0.058389 -0.021462 0.086099
v 0.058399 -0.011033 0.079598
v 0.058425 -0.025728 0.084600
v 0.058425 -0.020272 0.084600
v 0.058425 -0.020272 0.088283
v 0.058425 0.020272 0.084600
v 0.058425 0.025728 0.084600
v 0.058425 0.025728 0.087677
v 0.058453 0.024634 0.086099
v 0.058481 -0.015920 0.057460
v 0.058493 0.022770 0.061278
v 0.058499 0.023366 0.059691
v 0.058523 0.017805 0.058298
v 0.058544 0.017033 0.059914
v 0.058551 0.017027 0.058245
v 0.058574 0.018059 0.059991
v 0.058601 0.023565 0.061364
v 0.058632 0.022336 0.059610
v 0.058795 -0.023259 0.084600
v 0.058795 0.017759 0.069300
v 0.058795 0.022741 0.084600
v 0.058827 -0.023379 0.086100
v 0.058827 -0.017879 0.069300
v 0.058827 0.017879 0.067600
v 0.058827 0.022621 0.086100
v 0.058891 0.018569 0.058408
v 0.058932 -0.016776 0.067600
v 0.058942 0.021896 0.061251
v 0.058978 0.020415 0.060414
v 0.059030 0.024157 0.059827
v 0.059036 0.016333 0.058268
v 0.059051 0.016319 0.059937
v 0.059059 0.024200 0.061474
v 0.059086 0.016674 0.067600
v 0.059086 -0.022174 0.086100
v 0.059086 -0.016674 0.069300
v 0.059163 0.015429 0.057698
v 0.059164 0.018763 0.060125
v 0.059174 0.016586 0.069300
v 0.059174 -0.022086 0.084600
v 0.059197 0.009328 0.069600
v 0.059197 0.009672 0.079600
v 0.059197 0.017328 0.069600
v 0.059199 -0.023178 0.079395
v 0.059199 0.017678 0.074805
v 0.059217 -0.017746 0.074805
v 0.059217 0.023246 0.079395
v 0.059226 -0.022625 0.084600
v 0.059226 -0.009875 0.069600
v 0.059234 -0.019576 0.058651
v 0.059253 0.020916 0.089721
v 0.059277 -0.018568 0.067600
v 0.059277 0.024068 0.086100
v 0.059283 0.019624 0.058683
v 0.059288 0.022518 0.084600
v 0.059288 -0.017018 0.069600
v 0.059288 -0.009982 0.079600
v 0.059293 0.021644 0.059625
v 0.059331 -0.020904 0.089722
v 0.059340 -0.026146 0.087630
v 0.059340 0.019854 0.088329
v 0.059390 -0.018051 0.069600
v 0.059391 -0.008949 0.079600
v 0.059391 0.023551 0.084600
v 0.059395 0.022445 0.079395
v 0.059395 -0.016945 0.074805
v 0.059433 -0.025117 0.086101
v 0.059437 0.024160 0.084600
v 0.059444 -0.015363 0.067600
v 0.059445 -0.022395 0.079395
v 0.059445 0.016895 0.074805
v 0.059449 0.015350 0.067600
v 0.059449 -0.023610 0.084600
v 0.059449 0.018110 0.069600
v 0.059449 0.008890 0.079600
v 0.059449 0.010110 0.069600
v 0.059477 0.019657 0.067600
v 0.059481 0.020857 0.086100
v 0.059500 -0.038337 0.084825
v 0.059500 -0.035525 0.086588
v 0.059500 -0.019890 0.088325
v 0.059500 -0.012917 0.089100
v 0.059500 0.012917 0.089100
v 0.059500 0.026110 0.087634
v 0.059500 0.035525 0.086588
v 0.059500 0.038342 0.084819
v 0.059508 0.026128 0.084802
v 0.059508 -0.019872 0.084801
v 0.059528 -0.026135 0.084678
v 0.059528 0.019865 0.084678
v 0.059607 -0.019668 0.067600
v 0.059621 0.021827 0.084600
v 0.059625 -0.008726 0.069600
v 0.059673 0.025216 0.089244
v 0.059741 0.021795 0.086100
v 0.059741 -0.018705 0.069300
v 0.059741 -0.024205 0.086100
v 0.059746 0.021505 0.061309
v 0.059748 0.010282 0.079600
v 0.059748 0.016718 0.069600
v 0.059751 0.023447 0.061509
v 0.059751 -0.023447 0.061509
v 0.059754 0.018283 0.074805
v 0.059756 0.014486 0.059480
v 0.059776 0.024509 0.059946
v 0.059822 0.023801 0.079395
v 0.059822 -0.018301 0.074805
v 0.059869 0.015974 0.060032
v 0.059892 0.019013 0.060246
v 0.059907 -0.024286 0.084600
v 0.059907 0.018786 0.069300
v 0.059938 0.008642 0.069600
v 0.059946 0.015955 0.058377
v 0.059947 -0.023855 0.079387
v 0.059962 -0.025195 0.089245
v 0.059972 0.024524 0.061606
v 0.059977 -0.015307 0.058051
v 0.060000 -0.023000 0.078919
v 0.060000 -0.020500 0.069300
v 0.060000 -0.017500 0.075281
v 0.060000 -0.013500 0.084600
v 0.060000 -0.012500 0.083600
v 0.060000 0.012500 0.083600
v 0.060000 0.014500 0.069300
v 0.060000 0.017500 0.075281
v 0.060000 0.020500 0.069300
v 0.060000 0.022200 0.084600
v 0.060000 0.023000 0.078919
v 0.060000 0.013500 0.084600
v 0.060093 0.018786 0.067600
v 0.060119 0.019043 0.058619
v 0.060172 -0.010303 0.069600
v 0.060178 0.022199 0.079395
v 0.060178 -0.016699 0.074805
v 0.060196 0.021499 0.059721
v 0.060252 -0.023782 0.084600
v 0.060252 -0.016718 0.069600
v 0.060252 -0.010282 0.079600
v 0.060252 0.008718 0.079600
v 0.060252 0.018282 0.069600
v 0.060259 -0.021795 0.086100
v 0.060259 -0.016295 0.069300
v 0.060259 0.016295 0.067600
v 0.060297 -0.020595 0.060960
v 0.060375 -0.022226 0.084600
v 0.060375 -0.018274 0.069600
v 0.060375 -0.008726 0.079600
v 0.060375 0.023774 0.084600
v 0.060379 0.016327 0.069300
v 0.060472 -0.019865 0.084678
v 0.060472 0.026135 0.084678
v 0.060473 -0.022286 0.079387
v 0.060473 0.016786 0.074813
v 0.060482 0.010212 0.069600
v 0.060492 0.019872 0.084801
v 0.060492 -0.026128 0.084802
v 0.060500 -0.035525 0.086588
v 0.060500 -0.026110 0.087634
v 0.060500 -0.012917 0.089100
v 0.060500 0.012917 0.089100
v 0.060500 0.019890 0.088325
v 0.060500 0.035525 0.086588
v 0.060500 -0.038340 0.084819
v 0.060500 0.038337 0.084826
v 0.060519 -0.020857 0.086100
v 0.060551 0.010110 0.079600
v 0.060551 0.016890 0.069600
v 0.060567 0.025117 0.086101
v 0.060605 0.023555 0.079395
v 0.060605 -0.018055 0.074805
v 0.060610 -0.008949 0.069600
v 0.060619 0.024382 0.060030
v 0.060653 -0.014506 0.069300
v 0.060660 -0.019854 0.088329
v 0.060660 0.026146 0.087630
v 0.060666 0.021623 0.061427
v 0.060714 0.009024 0.057608
v 0.060714 0.017973 0.074813
v 0.060724 -0.021932 0.084600
v 0.060724 -0.016432 0.067600
v 0.060725 -0.008900 0.057604
v 0.060725 0.018838 0.060350
v 0.060769 0.016193 0.060176
v 0.060774 0.022625 0.084600
v 0.060782 -0.009752 0.069600
v 0.060782 0.009248 0.069600
v 0.060783 -0.023246 0.079395
v 0.060783 -0.017254 0.074805
v 0.060783 0.022754 0.079395
v 0.060803 -0.017328 0.069600
v 0.060803 -0.009672 0.079600
v 0.060803 0.009328 0.079600
v 0.060803 0.017672 0.069600
v 0.060803 -0.023172 0.084600
v 0.060826 0.023914 0.086100
v 0.060907 0.021021 0.089709
v 0.060914 -0.023826 0.086100
v 0.060914 -0.018326 0.069300
v 0.060914 0.023826 0.084600
v 0.060940 -0.021030 0.089708
v 0.060945 0.016316 0.058547
v 0.060962 -0.014576 0.060051
v 0.061028 0.024151 0.061690
v 0.061054 0.019408 0.059344
v 0.061068 0.022277 0.084600
v 0.061068 -0.018224 0.067600
v 0.061075 -0.024862 0.086100
v 0.061075 -0.019362 0.067600
v 0.061075 0.021138 0.086100
v 0.061115 0.018542 0.058725
v 0.061121 0.001600 0.063462
v 0.061121 0.002800 0.063462
v 0.061131 0.021946 0.059872
v 0.061160 0.022437 0.086100
v 0.061173 -0.023379 0.084600
v 0.061173 -0.022621 0.086100
v 0.061173 -0.017121 0.069300
v 0.061281 0.018297 0.060390
v 0.061286 0.017407 0.067600
v 0.061286 0.017593 0.069300
v 0.061307 0.016736 0.060289
v 0.061308 0.022238 0.061554
v 0.061311 0.023794 0.060056
v 0.061345 -0.019256 0.059426
v 0.061455 0.017038 0.058670
v 0.061477 0.017815 0.058726
v 0.061485 0.031366 0.064247
v 0.061485 -0.031366 0.064247
v 0.061494 0.015822 0.058828
v 0.061499 0.020140 0.061318
v 0.061511 0.022894 0.060000
v 0.061523 0.017564 0.060375
v 0.061524 0.019078 0.067600
v 0.061525 0.023094 0.061653
v 0.061575 -0.025728 0.084600
v 0.061575 -0.025728 0.087677
v 0.061575 -0.020272 0.084600
v 0.061575 0.020272 0.084600
v 0.061575 0.020272 0.088283
v 0.061575 0.025728 0.084600
v 0.061612 -0.015954 0.067600
v 0.061624 -0.024445 0.089328
v 0.061662 -0.016035 0.058926
v 0.061687 0.016050 0.067601
v 0.061699 0.024387 0.089335
v 0.061735 0.014953 0.060457
v 0.061796 0.012483 0.079608
v 0.061827 -0.012446 0.079605
v 0.061862 -0.021925 0.086100
v 0.061862 0.024075 0.086100
v 0.061909 0.019839 0.069300
v 0.061971 -0.019849 0.069300
v 0.061998 0.015170 0.069300
v 0.062070 0.000300 0.064430
v 0.062070 0.001500 0.064430
v 0.062101 0.022322 0.089564
v 0.062131 -0.018046 0.067600
v 0.062150 0.017500 0.067600
v 0.062159 -0.023463 0.086100
v 0.062159 -0.022537 0.089540
v 0.062159 0.022537 0.086100
v 0.062168 0.018076 0.059520
v 0.062180 -0.017622 0.059443
v 0.062358 -0.019423 0.061491
v 0.062403 0.035379 0.065559
v 0.062403 -0.035379 0.065559
v 0.062415 -0.015720 0.069300
v 0.062500 -0.015820 0.069600
v 0.062505 0.019150 0.061503
v 0.062551 0.011473 0.078607
v 0.062555 -0.015868 0.060966
v 0.062569 -0.011538 0.072600
v 0.062599 0.011588 0.072600
v 0.062611 -0.011677 0.078594
v 0.062630 -0.000007 0.058705
v 0.062728 -0.024575 0.084600
v 0.062728 -0.021425 0.084600
v 0.062728 -0.021425 0.088155
v 0.062728 0.021425 0.084600
v 0.062728 0.024575 0.084600
v 0.062728 0.024575 0.087805
v 0.062958 -0.018000 0.069300
v 0.062958 -0.017000 0.061302
v 0.062958 -0.017000 0.069300
v 0.062958 0.017000 0.069300
v 0.062958 0.018000 0.061471
v 0.062958 0.018000 0.069300
v 0.062969 -0.018005 0.061475
v 0.063040 0.016999 0.061428
v 0.063092 -0.038189 0.066429
v 0.063110 -0.022500 0.088035
v 0.063110 0.023500 0.087924
v 0.063128 0.023492 0.084801
v 0.063129 -0.022515 0.084801
v 0.063137 -0.023459 0.084678
v 0.063141 0.022573 0.084678
v 0.063146 -0.023660 0.087906
v 0.063180 0.022414 0.088045
v 0.063199 -0.000000 0.059941
v 0.063199 0.001500 0.059941
v 0.063383 0.012447 0.078647
v 0.063413 0.012401 0.072600
v 0.063463 -0.012431 0.072600
v 0.063559 -0.012475 0.078622
v 0.063570 0.021404 0.060714
v 0.063599 -0.021332 0.060710
v 0.063750 -0.005253 0.069600
v 0.063750 0.005253 0.069600
v 0.064197 0.000172 0.072600
v 0.064288 0.000482 0.069600
v 0.064518 -0.000712 0.069600
v 0.064625 -0.000774 0.072600
v 0.064748 0.000782 0.072600
v 0.064905 0.027497 0.062396
v 0.064915 0.038191 0.066471
v 0.064941 -0.027448 0.062395
v 0.065000 0.023815 0.069600
v 0.065252 0.000782 0.069600
v 0.065314 0.000200 0.060111
v 0.065551 -0.000610 0.069600
v 0.065551 0.000610 0.072600
v 0.065625 -0.021267 0.069600
v 0.065774 -0.000375 0.072600
v 0.065803 0.000172 0.069600
v 0.066051 -0.000000 0.062177
v 0.066212 -0.028237 0.084600
v 0.066212 0.032000 0.084600
v 0.066316 0.033669 0.063974
v 0.066359 -0.033645 0.063974
v 0.066590 0.002799 0.062277
v 0.066931 -0.002549 0.062384
v 0.067034 0.001519 0.062464
v 0.067500 -0.002553 0.069600
v 0.067502 0.038493 0.065061
v 0.067549 0.001600 0.062797
v 0.069197 -0.000172 0.069600
v 0.069197 0.011085 0.063338
v 0.069218 -0.000252 0.072600
v 0.069388 -0.010661 0.063402
v 0.069518 0.000712 0.072600
v 0.069625 0.000774 0.069600
v 0.069748 -0.000782 0.069600
v 0.069828 -0.000803 0.072600
v 0.070141 0.021490 0.064475
v 0.070141 -0.021490 0.064475
v 0.070315 0.000200 0.063242
v 0.070315 0.001500 0.063242
v 0.070551 0.000610 0.072600
v 0.070610 0.000551 0.069600
v 0.070614 0.005513 0.062259
v 0.070625 -0.005381 0.062267
v 0.070712 -0.000482 0.069600
v 0.070774 -0.000375 0.072600
v 0.071285 0.000285 0.064515
v 0.071625 -0.023000 0.084600
v 0.071625 0.023000 0.084600
v 0.072295 -0.025500 0.084600
v 0.072295 -0.020500 0.084600
v 0.072295 0.025500 0.084600
v 0.072295 0.020500 0.084600
v 0.072411 -0.016999 0.064881
v 0.072553 0.012241 0.063101
v 0.072802 0.030448 0.065918
v 0.073151 -0.034798 0.066306
v 0.073344 0.000300 0.069300
v 0.073344 0.001500 0.069300
v 0.073613 -0.023646 0.074600
v 0.073613 0.022354 0.074600
v 0.073625 -0.023000 0.082600
v 0.073625 0.023000 0.082600
v 0.073899 0.017999 0.065429
v 0.073950 0.001600 0.069196
v 0.073997 0.001500 0.065434
v 0.074027 -0.024500 0.082600
v 0.074027 -0.021500 0.074600
v 0.074027 -0.021500 0.082600
v 0.074027 0.021500 0.082600
v 0.074027 0.024500 0.074600
v 0.074027 0.024500 0.082600
v 0.074271 0.035076 0.066446
v 0.074273 0.002800 0.069263
v 0.074452 0.018926 0.064000
v 0.074483 -0.018847 0.064006
v 0.074508 -0.000000 0.064946
v 0.074508 0.001500 0.064946
v 0.074553 -0.018382 0.084595
v 0.074553 0.027618 0.084595
v 0.074555 0.000000 0.064200
v 0.074896 -0.027756 0.084595
v 0.074896 0.018245 0.084594
v 0.075104 -0.018008 0.065708
v 0.075385 0.020223 0.074600
v 0.075385 -0.025777 0.074600
v 0.075441 0.025796 0.082572
v 0.075441 -0.020204 0.082572
v 0.075448 0.000198 0.064445
v 0.075509 -0.025835 0.082603
v 0.075509 0.020165 0.082603
v 0.075592 -0.020140 0.074600
v 0.075592 0.025860 0.074600
v 0.075664 -0.008978 0.065750
v 0.075921 -0.039587 0.066111
v 0.076563 -0.038204 0.066777
v 0.076803 0.000274 0.066357
v 0.076900 -0.009935 0.064545
v 0.077759 0.001604 0.066584
v 0.077866 0.000200 0.065800
v 0.078134 0.002802 0.066651
v 0.078399 -0.038880 0.065431
v 0.078409 0.001500 0.065892
v 0.078681 0.032750 0.065197
v 0.078808 -0.038085 0.065280
v 0.079049 0.025411 0.065237
v 0.079144 0.001500 0.066777
v 0.079151 -0.032091 0.066755
v 0.079312 0.030099 0.066756
v 0.079342 0.039609 0.066215
v 0.079356 0.017000 0.066755
v 0.079442 0.000200 0.065290
v 0.079524 -0.024564 0.065259
v 0.079586 -0.017999 0.066782
v 0.079732 -0.000000 0.065297
v 0.079756 0.038775 0.065356
v 0.079762 0.015492 0.065272
v 0.079893 0.038202 0.066801
v 0.079996 0.000300 0.066800
v 0.080003 -0.000000 0.066101
v 0.080003 0.001500 0.066101
v 0.080042 0.018004 0.066798
v 0.080424 -0.016995 0.066824
v 0.087392 -0.033000 0.077038
v 0.087449 -0.027795 0.076922
v 0.087449 0.027795 0.077278
v 0.087476 0.033000 0.076725
v 0.087695 -0.027795 0.077705
v 0.087695 0.027795 0.076495
v 0.087699 0.033000 0.077710
v 0.087998 -0.033000 0.077882
v 0.088004 0.027795 0.077883
v 0.088004 -0.027795 0.076317
v 0.088078 -0.033000 0.076297
v 0.088250 -0.027319 0.077100
v 0.088250 0.027319 0.077100
v 0.088422 0.033000 0.076297
v 0.088496 -0.027795 0.077883
v 0.088496 0.027795 0.076317
v 0.088732 0.033000 0.077812
v 0.088801 -0.033000 0.077710
v 0.088805 -0.027795 0.076495
v 0.088805 0.027795 0.077705
v 0.089024 -0.033000 0.076725
v 0.089032 0.033000 0.076848
v 0.089051 -0.027795 0.077278
v 0.089051 0.027795 0.076922
v 0.106625 -0.032000 0.069600
v 0.106625 0.006737 0.069600
v 0.106625 0.032000 0.069600
v 0.134937 -0.019440 0.069600
v 0.137395 -0.032000 0.084600
v 0.142468 -0.000252 0.072600
v 0.142538 0.000482 0.069600
v 0.142640 -0.000551 0.069600
v 0.142641 0.000551 0.072600
v 0.143078 -0.000803 0.072600
v 0.143422 0.000803 0.072600
v 0.143502 0.000782 0.069600
v 0.143625 -0.000774 0.069600
v 0.143860 -0.000551 0.072600
v 0.144032 0.000252 0.072600
v 0.144053 0.000172 0.069600
v 0.152447 -0.000172 0.069600
v 0.152447 0.000172 0.072600
v 0.152699 -0.000610 0.072600
v 0.152699 0.000610 0.069600
v 0.152998 -0.000782 0.069600
v 0.153188 0.000858 0.072600
v 0.153502 -0.000782 0.072600
v 0.153732 0.000712 0.069600
v 0.153962 -0.000482 0.069600
v 0.154108 0.000062 0.072600
v 0.157658 -0.025860 0.074600
v 0.157658 0.020140 0.074600
v 0.157741 -0.020165 0.082603
v 0.157741 0.025835 0.082603
v 0.157809 -0.025796 0.082572
v 0.157809 0.020204 0.082572
v 0.157865 -0.020223 0.074600
v 0.157865 0.025777 0.074600
v 0.158353 -0.018246 0.084592
v 0.158353 0.027754 0.084592
v 0.158697 -0.027617 0.084594
v 0.158697 0.018382 0.084595
v 0.159223 -0.024500 0.074600
v 0.159223 -0.024500 0.082600
v 0.159223 -0.021500 0.082600
v 0.159223 0.021500 0.082600
v 0.159223 0.024500 0.074600
v 0.159223 0.024500 0.082600
v 0.159557 0.022054 0.074600
v 0.159625 -0.023000 0.082600
v 0.159625 0.023000 0.082600
v 0.159637 -0.022354 0.074600
v 0.160955 -0.025500 0.084600
v 0.160955 -0.020500 0.084600
v 0.160955 0.020500 0.084600
v 0.160955 0.025500 0.084600
v 0.161625 -0.023000 0.084600
v 0.161625 0.023000 0.084600
v 0.163250 0.019018 0.069600
v 0.167038 -0.028237 0.084600
v 0.169705 0.012467 0.078621
v 0.169787 0.012431 0.072600
v 0.169823 -0.012445 0.078633
v 0.169827 -0.012396 0.072600
v 0.170070 0.023586 0.087915
v 0.170104 -0.022340 0.088053
v 0.170109 0.023427 0.084678
v 0.170113 -0.022541 0.084678
v 0.170121 -0.023485 0.084801
v 0.170122 0.022508 0.084801
v 0.170140 -0.023500 0.087924
v 0.170140 0.022500 0.088035
v 0.170292 -0.018000 0.066800
v 0.170292 -0.018000 0.069300
v 0.170292 -0.017000 0.066800
v 0.170292 -0.017000 0.069300
v 0.170292 0.017000 0.066800
v 0.170292 0.017000 0.069300
v 0.170292 0.018000 0.066800
v 0.170292 0.018000 0.069300
v 0.170522 -0.024575 0.084600
v 0.170522 -0.024575 0.087805
v 0.170522 -0.021425 0.084600
v 0.170522 0.021425 0.084600
v 0.170522 0.021425 0.088155
v 0.170522 0.024575 0.084600
v 0.170638 -0.011620 0.072600
v 0.170639 0.011677 0.078594
v 0.170667 -0.011558 0.078601
v 0.170681 0.011538 0.072600
v 0.170835 -0.019280 0.066800
v 0.170835 -0.015720 0.066800
v 0.170835 -0.015720 0.069300
v 0.170835 0.015720 0.066800
v 0.170835 0.019280 0.066800
v 0.170835 0.019280 0.069300
v 0.171091 -0.017037 0.067600
v 0.171091 0.017963 0.067600
v 0.171091 0.023463 0.086100
v 0.171100 -0.017500 0.065300
v 0.171100 0.017500 0.065300
v 0.171149 -0.023678 0.086100
v 0.171149 -0.022322 0.089564
v 0.171149 0.023678 0.089414
v 0.171376 -0.019928 0.069300
v 0.171376 0.015072 0.069300
v 0.171388 0.021925 0.086100
v 0.171388 0.021925 0.089608
v 0.171422 0.012446 0.079605
v 0.171461 -0.012459 0.079608
v 0.171551 -0.024387 0.089335
v 0.171612 -0.018981 0.065300
v 0.171612 0.016019 0.065300
v 0.171639 -0.021462 0.086099
v 0.171675 -0.025728 0.084600
v 0.171675 -0.020272 0.084600
v 0.171675 -0.020272 0.088283
v 0.171675 0.020272 0.084600
v 0.171675 0.025728 0.084600
v 0.171675 0.025728 0.087677
v 0.171707 0.023217 0.066800
v 0.171767 0.023415 0.065300
v 0.171769 -0.019138 0.067600
v 0.171769 -0.015862 0.065300
v 0.171769 0.015862 0.067600
v 0.171769 0.019138 0.065300
v 0.171940 0.022190 0.065300
v 0.171964 -0.023093 0.086100
v 0.171964 -0.022907 0.084600
v 0.171964 -0.017593 0.069300
v 0.171964 -0.017407 0.067600
v 0.171964 0.017407 0.069300
v 0.171964 0.017593 0.067600
v 0.171964 0.022907 0.086100
v 0.171964 0.023093 0.084600
v 0.172069 0.022035 0.066800
v 0.172175 0.024862 0.086100
v 0.172386 0.024256 0.066800
v 0.172408 -0.020449 0.066800
v 0.172408 0.014551 0.066800
v 0.172408 0.020449 0.069300
v 0.172408 -0.014551 0.069300
v 0.172447 -0.009672 0.069600
v 0.172447 0.009328 0.069600
v 0.172449 -0.027795 0.076922
v 0.172449 -0.023178 0.079395
v 0.172449 -0.017322 0.074805
v 0.172449 0.017678 0.074805
v 0.172449 0.022822 0.079395
v 0.172449 0.027795 0.077278
v 0.172468 -0.033000 0.076848
v 0.172468 -0.023252 0.084600
v 0.172468 -0.017248 0.069600
v 0.172468 -0.009752 0.079600
v 0.172468 0.009248 0.079600
v 0.172468 0.017752 0.069600
v 0.172468 0.022748 0.084600
v 0.172468 0.033000 0.077352
v 0.172503 0.020916 0.089721
v 0.172572 -0.015399 0.067600
v 0.172572 0.019601 0.067600
v 0.172581 -0.020904 0.089722
v 0.172590 -0.026146 0.087630
v 0.172590 0.019854 0.088329
v 0.172641 -0.018051 0.069600
v 0.172641 -0.033000 0.077651
v 0.172641 0.023551 0.084600
v 0.172641 0.033000 0.076549
v 0.172661 0.024443 0.065300
v 0.172672 -0.014488 0.066800
v 0.172672 0.020512 0.066800
v 0.172683 -0.025117 0.086101
v 0.172695 -0.027795 0.077705
v 0.172695 -0.022395 0.079395
v 0.172695 -0.018105 0.074805
v 0.172695 0.016895 0.074805
v 0.172695 0.023605 0.079395
v 0.172695 0.027795 0.076495
v 0.172699 -0.008890 0.069600
v 0.172699 0.010110 0.069600
v 0.172731 0.020857 0.086100
v 0.172750 -0.038338 0.084816
v 0.172750 -0.035525 0.086588
v 0.172750 -0.019890 0.088325
v 0.172750 -0.012917 0.089100
v 0.172750 0.012917 0.089100
v 0.172750 0.026110 0.087634
v 0.172750 0.035525 0.086588
v 0.172750 0.038339 0.084825
v 0.172758 -0.019872 0.084801
v 0.172758 0.026128 0.084801
v 0.172768 -0.022288 0.084600
v 0.172768 -0.008788 0.079600
v 0.172768 0.010212 0.079600
v 0.172768 0.016788 0.069600
v 0.172778 -0.026131 0.084650
v 0.172778 0.019865 0.084678
v 0.172841 0.021531 0.065300
v 0.172871 -0.024173 0.084600
v 0.172871 -0.021827 0.086100
v 0.172871 -0.018673 0.067600
v 0.172871 -0.016327 0.069300
v 0.172871 0.018673 0.069300
v 0.172871 0.021827 0.084600
v 0.172871 0.016327 0.067600
v 0.172871 0.024173 0.086100
v 0.172911 0.021513 0.066800
v 0.172923 0.025216 0.089243
v 0.172991 -0.024205 0.086100
v 0.172991 -0.021795 0.084600
v 0.172991 -0.018705 0.069300
v 0.172991 -0.016295 0.067600
v 0.172991 0.016295 0.069300
v 0.172991 0.018705 0.067600
v 0.172991 0.021795 0.086100
v 0.172991 0.024205 0.084600
v 0.173188 -0.010358 0.069600
v 0.173188 0.008642 0.069600
v 0.173197 -0.027787 0.076245
v 0.173197 -0.023855 0.079387
v 0.173197 -0.016645 0.074813
v 0.173197 0.018355 0.074813
v 0.173197 0.022145 0.079387
v 0.173197 0.027787 0.077955
v 0.173250 -0.020500 0.069300
v 0.173250 -0.013500 0.084600
v 0.173250 0.013500 0.084600
v 0.173250 0.014500 0.069300
v 0.173250 0.032000 0.084600
v 0.173250 -0.027319 0.077100
v 0.173250 -0.023000 0.078919
v 0.173250 -0.017500 0.075281
v 0.173250 0.017500 0.075281
v 0.173250 0.023000 0.078919
v 0.173250 0.027319 0.077100
v 0.173312 -0.033000 0.076242
v 0.173312 -0.023858 0.084600
v 0.173312 -0.016642 0.069600
v 0.173312 -0.010358 0.079600
v 0.173312 0.008642 0.079600
v 0.173312 0.018358 0.069600
v 0.173312 0.022142 0.084600
v 0.173312 0.033000 0.077958
v 0.173340 0.024522 0.066800
v 0.173496 0.027795 0.076317
v 0.173577 -0.025216 0.089244
v 0.173625 -0.033000 0.077874
v 0.173625 -0.018274 0.069600
v 0.173625 0.023774 0.084600
v 0.173625 0.033000 0.076326
v 0.173713 -0.019659 0.065300
v 0.173713 0.015341 0.065300
v 0.173722 -0.019865 0.084678
v 0.173722 0.026131 0.084650
v 0.173723 -0.027787 0.077814
v 0.173723 -0.022286 0.079387
v 0.173723 -0.018214 0.074813
v 0.173723 0.016786 0.074813
v 0.173723 0.023714 0.079387
v 0.173732 -0.008788 0.069600
v 0.173732 0.010212 0.069600
v 0.173742 -0.026128 0.084801
v 0.173742 0.019872 0.084801
v 0.173750 -0.035525 0.086588
v 0.173750 -0.026110 0.087634
v 0.173750 -0.012917 0.089100
v 0.173750 0.012917 0.089100
v 0.173750 0.019890 0.088325
v 0.173750 0.035525 0.086588
v 0.173750 -0.038339 0.084825
v 0.173750 0.038337 0.084816
v 0.173769 -0.020857 0.086100
v 0.173801 -0.022390 0.084600
v 0.173801 -0.008890 0.079600
v 0.173801 0.010110 0.079600
v 0.173801 0.016890 0.069600
v 0.173817 0.025117 0.086101
v 0.173910 -0.019854 0.088329
v 0.173910 0.026146 0.087630
v 0.173928 -0.019601 0.067600
v 0.173928 -0.015399 0.065300
v 0.173928 0.015399 0.067600
v 0.173928 0.019601 0.065300
v 0.174017 0.021665 0.066800
v 0.174032 -0.009752 0.069600
v 0.174032 0.009248 0.069600
v 0.174033 -0.027795 0.076854
v 0.174033 -0.023246 0.079395
v 0.174033 -0.017254 0.074805
v 0.174033 0.017746 0.074805
v 0.174033 0.022754 0.079395
v 0.174053 -0.033000 0.076928
v 0.174053 -0.023172 0.084600
v 0.174053 -0.017328 0.069600
v 0.174053 -0.009672 0.079600
v 0.174053 0.009328 0.079600
v 0.174053 0.017672 0.069600
v 0.174053 0.022828 0.084600
v 0.174053 0.033000 0.077272
v 0.174076 0.022086 0.084600
v 0.174105 0.027787 0.077153
v 0.174157 0.021021 0.089709
v 0.174164 0.018326 0.067600
v 0.174164 0.022174 0.086100
v 0.174164 -0.023826 0.086100
v 0.174164 -0.022174 0.084600
v 0.174164 -0.018326 0.069300
v 0.174164 -0.016674 0.067600
v 0.174164 0.016674 0.069300
v 0.174187 0.021728 0.065300
v 0.174190 -0.021030 0.089708
v 0.174253 0.024221 0.065300
v 0.174256 0.024146 0.066800
v 0.174318 -0.023724 0.084600
v 0.174318 -0.022276 0.086100
v 0.174318 -0.018224 0.067600
v 0.174318 -0.016776 0.069300
v 0.174318 0.016776 0.067600
v 0.174318 0.018224 0.069300
v 0.174318 0.023724 0.086100
v 0.174325 0.021138 0.086100
v 0.174410 0.023563 0.084600
v 0.174731 -0.015862 0.067600
v 0.174731 0.019138 0.067600
v 0.174774 0.022964 0.065300
v 0.174797 -0.024634 0.086099
v 0.174825 -0.025728 0.084600
v 0.174825 -0.025728 0.087677
v 0.174825 -0.020272 0.084600
v 0.174825 0.020272 0.084600
v 0.174825 0.020272 0.088283
v 0.174825 0.025728 0.084600
v 0.174827 0.022911 0.066800
v 0.174949 0.024387 0.089335
v 0.175037 0.012446 0.079607
v 0.175078 -0.012446 0.079605
v 0.175112 -0.024075 0.089369
v 0.175112 -0.018575 0.065300
v 0.175112 0.016425 0.065300
v 0.175112 0.024075 0.086100
v 0.175124 -0.019928 0.066800
v 0.175124 -0.015072 0.069300
v 0.175124 0.019928 0.069300
v 0.175124 0.015072 0.066800
v 0.175331 -0.019753 0.069300
v 0.175331 -0.015247 0.066800
v 0.175331 0.015247 0.069300
v 0.175331 0.019753 0.066800
v 0.175351 -0.022322 0.086100
v 0.175351 0.022322 0.089564
v 0.175409 -0.022537 0.089540
v 0.175409 -0.017963 0.067600
v 0.175409 -0.017037 0.065300
v 0.175409 0.017037 0.067600
v 0.175409 0.017963 0.065300
v 0.175409 0.022537 0.086100
v 0.175802 0.011473 0.078607
v 0.175819 -0.011538 0.072600
v 0.175849 0.011588 0.072600
v 0.175861 -0.011677 0.078594
v 0.175978 -0.024575 0.084600
v 0.175978 -0.021425 0.084600
v 0.175978 -0.021425 0.088155
v 0.175978 0.021425 0.084600
v 0.175978 0.024575 0.084600
v 0.175978 0.024575 0.087805
v 0.176208 -0.018000 0.066800
v 0.176208 -0.018000 0.069300
v 0.176208 -0.017000 0.066800
v 0.176208 -0.017000 0.069300
v 0.176208 0.017000 0.066800
v 0.176208 0.017000 0.069300
v 0.176208 0.018000 0.066800
v 0.176208 0.018000 0.069300
v 0.176360 -0.022500 0.088035
v 0.176360 0.023500 0.087924
v 0.176378 0.023492 0.084801
v 0.176379 -0.022515 0.084801
v 0.176387 -0.023459 0.084678
v 0.176391 0.022573 0.084678
v 0.176396 -0.023660 0.087906
v 0.176430 0.022414 0.088045
v 0.176624 0.012440 0.078645
v 0.176663 0.012401 0.072600
v 0.176713 -0.012431 0.072600
v 0.176795 -0.012467 0.078621
v 0.177000 -0.032000 0.069600
v 0.179462 -0.028237 0.084600
v 0.183250 0.011086 0.069600
v 0.184875 -0.023000 0.084600
v 0.184875 0.023000 0.084600
v 0.185545 -0.025500 0.084600
v 0.185545 -0.020500 0.084600
v 0.185545 0.025500 0.084600
v 0.185545 0.020500 0.084600
v 0.186863 0.022354 0.074600
v 0.186875 -0.023000 0.082600
v 0.186875 0.023000 0.082600
v 0.186943 -0.022054 0.074600
v 0.187277 -0.024500 0.074600
v 0.187277 -0.024500 0.082600
v 0.187277 -0.021500 0.082600
v 0.187277 0.021500 0.082600
v 0.187277 0.024500 0.074600
v 0.187277 0.024500 0.082600
v 0.187803 -0.018382 0.084595
v 0.187803 0.027618 0.084595
v 0.188146 -0.027756 0.084595
v 0.188146 0.018245 0.084594
v 0.188635 0.020223 0.074600
v 0.188635 -0.025777 0.074600
v 0.188691 -0.020204 0.082572
v 0.188691 0.025796 0.082572
v 0.188759 0.020165 0.082603
v 0.188759 -0.025835 0.082603
v 0.188842 0.025860 0.074600
v 0.188842 -0.020140 0.074600
v 0.190750 -0.014988 0.069600
v 0.192538 -0.000482 0.072600
v 0.192538 0.000482 0.069600
v 0.192640 -0.000551 0.069600
v 0.192640 0.000551 0.072600
v 0.193422 -0.000803 0.069600
v 0.193502 -0.000782 0.072600
v 0.193502 0.000782 0.069600
v 0.193625 0.000774 0.072600
v 0.194053 -0.000172 0.072600
v 0.194108 -0.000062 0.069600
v 0.198250 0.009736 0.069600
v 0.202392 -0.000062 0.072600
v 0.202468 0.000252 0.069600
v 0.202640 -0.000551 0.069600
v 0.203078 0.000803 0.069600
v 0.203078 -0.000803 0.072600
v 0.203188 0.000858 0.072600
v 0.203625 -0.000774 0.069600
v 0.203860 -0.000551 0.072600
v 0.204024 0.000375 0.069600
v 0.204032 0.000252 0.072600
v 0.217906 0.032000 0.069600
v 0.237375 0.006737 0.069600
v 0.257449 -0.027795 0.076922
v 0.257449 0.027795 0.077278
v 0.257468 -0.033000 0.076848
v 0.257468 0.033000 0.077352
v 0.257641 -0.033000 0.077651
v 0.257641 0.033000 0.076549
v 0.257695 -0.027795 0.077705
v 0.257695 0.027795 0.076495
v 0.258004 -0.027795 0.076317
v 0.258004 0.027795 0.077883
v 0.258078 -0.033000 0.076297
v 0.258078 0.033000 0.077903
v 0.258250 -0.027319 0.077100
v 0.258250 0.027319 0.077100
v 0.258422 -0.033000 0.077903
v 0.258422 0.033000 0.076297
v 0.258496 0.027795 0.076317
v 0.258496 -0.027795 0.077883
v 0.258805 -0.027795 0.076495
v 0.258805 0.027795 0.077705
v 0.258859 -0.033000 0.076549
v 0.258859 0.033000 0.077651
v 0.259032 -0.033000 0.077352
v 0.259032 0.033000 0.076848
v 0.259051 -0.027795 0.077278
v 0.259051 0.027795 0.076922
v 0.266459 -0.038202 0.066800
v 0.266459 0.038202 0.066800
v 0.266500 -0.018000 0.066800
v 0.266500 0.000200 0.065300
v 0.266504 0.001500 0.066800
v 0.266505 -0.000000 0.066100
v 0.266505 0.001500 0.066100
v 0.266505 0.000300 0.066800
v 0.266540 0.038204 0.065301
v 0.269063 -0.016574 0.069600
v 0.269199 0.000001 0.065269
v 0.269270 -0.038210 0.065292
v 0.270286 -0.017000 0.066689
v 0.270406 0.018004 0.066706
v 0.270718 -0.000252 0.072600
v 0.270718 0.000252 0.069600
v 0.270891 0.000551 0.072600
v 0.270892 0.001599 0.066728
v 0.270908 -0.025860 0.074600
v 0.270908 0.020140 0.074600
v 0.270991 -0.020165 0.082603
v 0.270991 0.025835 0.082603
v 0.271018 -0.000712 0.069600
v 0.271059 -0.025796 0.082572
v 0.271059 0.020204 0.082572
v 0.271115 -0.020223 0.074600
v 0.271115 0.025777 0.074600
v 0.271328 0.000803 0.069600
v 0.271562 -0.000858 0.072600
v 0.271603 -0.018246 0.084592
v 0.271603 0.027754 0.084592
v 0.271875 0.000774 0.072600
v 0.271947 -0.027617 0.084594
v 0.271947 0.018382 0.084595
v 0.271964 0.017000 0.066637
v 0.272051 -0.000609 0.069600
v 0.272274 0.000375 0.069600
v 0.272303 -0.000172 0.072600
v 0.272473 -0.024500 0.074600
v 0.272473 -0.024500 0.082600
v 0.272473 -0.021500 0.082600
v 0.272473 0.021500 0.074600
v 0.272473 0.021500 0.082600
v 0.272473 0.024500 0.082600
v 0.272494 -0.039589 0.066208
v 0.272875 -0.023000 0.082600
v 0.272875 0.023000 0.082600
v 0.272879 -0.017027 0.065015
v 0.272887 -0.022354 0.074600
v 0.272887 0.023646 0.074600
v 0.272900 0.017128 0.065014
v 0.274167 0.000200 0.065871
v 0.274205 -0.025500 0.084600
v 0.274205 -0.020500 0.084600
v 0.274205 0.020500 0.084600
v 0.274205 0.025500 0.084600
v 0.274779 -0.026229 0.066476
v 0.274875 -0.023000 0.084600
v 0.274875 0.023000 0.084600
v 0.274912 0.001500 0.065831
v 0.275511 0.002797 0.066516
v 0.275754 -0.038939 0.065438
v 0.276066 -0.005667 0.064818
v 0.276335 0.000205 0.064831
v 0.277099 0.038848 0.065379
v 0.277156 0.006766 0.066209
v 0.278156 0.039561 0.066049
v 0.279243 0.001499 0.066122
v 0.279260 0.001600 0.069300
v 0.279260 0.002800 0.069300
v 0.280250 0.014220 0.069600
v 0.280250 0.023815 0.069600
v 0.280288 -0.028237 0.084600
v 0.280726 -0.000375 0.069600
v 0.280726 0.000375 0.072600
v 0.280949 -0.000609 0.072600
v 0.280949 0.000609 0.069600
v 0.281116 0.000276 0.065892
v 0.281302 -0.028809 0.064654
v 0.281399 -0.000000 0.064285
v 0.281430 0.028840 0.064646
v 0.281672 -0.000803 0.069600
v 0.281752 -0.000782 0.072600
v 0.281752 0.000782 0.069600
v 0.281875 0.000774 0.072600
v 0.282303 -0.000172 0.072600
v 0.282358 -0.000062 0.069600
v 0.282585 -0.038198 0.066688
v 0.282941 0.012475 0.078622
v 0.283037 0.012431 0.072600
v 0.283065 -0.012452 0.078634
v 0.283077 -0.012396 0.072600
v 0.283320 0.023586 0.087915
v 0.283354 -0.022340 0.088053
v 0.283359 0.023427 0.084678
v 0.283363 -0.022541 0.084678
v 0.283371 -0.023485 0.084801
v 0.283372 0.022508 0.084801
v 0.283390 -0.023500 0.087924
v 0.283390 0.022500 0.088035
v 0.283484 -0.018008 0.065572
v 0.283511 0.018019 0.065528
v 0.283542 -0.018000 0.069300
v 0.283542 -0.017000 0.065496
v 0.283542 -0.017000 0.069300
v 0.283542 0.017000 0.065496
v 0.283542 0.017000 0.069300
v 0.283542 0.018000 0.069300
v 0.283685 0.000300 0.069300
v 0.283685 0.001500 0.069300
v 0.283704 0.001597 0.065483
v 0.283732 -0.000000 0.064732
v 0.283732 0.001500 0.064732
v 0.283772 -0.024575 0.084600
v 0.283772 -0.024575 0.087805
v 0.283772 -0.021425 0.084600
v 0.283772 0.021425 0.084600
v 0.283772 0.021425 0.088155
v 0.283772 0.024575 0.084600
v 0.283888 -0.011620 0.072600
v 0.283889 0.011677 0.078594
v 0.283918 -0.011558 0.078601
v 0.283931 0.011538 0.072600
v 0.284000 0.005253 0.069600
v 0.284082 -0.015640 0.065388
v 0.284085 0.015720 0.069300
v 0.284085 0.019280 0.069300
v 0.284335 -0.017924 0.063903
v 0.284341 0.022537 0.089540
v 0.284341 0.023463 0.086100
v 0.284385 0.016893 0.067600
v 0.284386 -0.018110 0.067600
v 0.284390 0.015255 0.065336
v 0.284399 -0.023678 0.086100
v 0.284399 -0.022322 0.089564
v 0.284410 0.019744 0.065467
v 0.284432 0.018299 0.063903
v 0.284477 -0.019794 0.069299
v 0.284492 -0.015188 0.069300
v 0.284562 -0.016500 0.063833
v 0.284596 0.016421 0.063823
v 0.284638 -0.016425 0.067600
v 0.284638 0.021925 0.086100
v 0.284647 -0.019914 0.065448
v 0.284675 0.012447 0.079607
v 0.284703 -0.012500 0.079607
v 0.284801 -0.024387 0.089335
v 0.284833 0.018963 0.067600
v 0.284876 0.024445 0.089328
v 0.284889 -0.021462 0.086099
v 0.284925 -0.025728 0.084600
v 0.284925 -0.020272 0.084600
v 0.284925 -0.020272 0.088283
v 0.284925 0.020272 0.084600
v 0.284925 0.025728 0.084600
v 0.284925 0.025728 0.087677
v 0.285003 0.017829 0.063655
v 0.285010 0.022705 0.063912
v 0.285014 0.023400 0.065438
v 0.285068 0.018033 0.065172
v 0.285074 0.016911 0.065158
v 0.285115 0.016879 0.063637
v 0.285136 0.023717 0.063927
v 0.285147 0.014822 0.069300
v 0.285189 0.022184 0.065408
v 0.285327 -0.023379 0.086100
v 0.285327 -0.022621 0.084600
v 0.285327 -0.017879 0.069300
v 0.285327 -0.017121 0.067600
v 0.285327 0.017121 0.069300
v 0.285327 0.017879 0.067600
v 0.285327 0.022621 0.086100
v 0.285425 -0.019362 0.067600
v 0.285425 0.015638 0.067600
v 0.285425 0.024862 0.086100
v 0.285432 0.023723 0.084600
v 0.285449 0.021892 0.063879
v 0.285559 0.018702 0.063639
v 0.285560 0.021030 0.089708
v 0.285586 -0.023826 0.084600
v 0.285586 -0.022174 0.086100
v 0.285586 -0.018326 0.067600
v 0.285586 -0.016674 0.069300
v 0.285586 0.016674 0.067600
v 0.285586 0.018326 0.069300
v 0.285586 0.022174 0.084600
v 0.285586 0.023826 0.086100
v 0.285592 -0.019562 0.063792
v 0.285593 -0.021021 0.089709
v 0.285593 0.024218 0.065431
v 0.285644 -0.026731 0.065698
v 0.285644 0.026731 0.065698
v 0.285697 0.017328 0.069600
v 0.285699 -0.023178 0.079395
v 0.285699 0.017678 0.074805
v 0.285700 -0.023000 0.084600
v 0.285700 -0.017500 0.069600
v 0.285700 0.023000 0.084600
v 0.285718 0.009752 0.069600
v 0.285726 -0.009875 0.069600
v 0.285733 -0.017118 0.074813
v 0.285733 0.022618 0.079387
v 0.285742 -0.015429 0.067600
v 0.285766 0.032000 0.084600
v 0.285773 0.016145 0.063594
v 0.285788 -0.009982 0.079600
v 0.285788 0.009018 0.079600
v 0.285790 0.020483 0.069300
v 0.285840 -0.026146 0.087630
v 0.285840 0.019854 0.088329
v 0.285850 0.016120 0.065109
v 0.285882 0.015384 0.063595
v 0.285891 0.008949 0.069600
v 0.285933 -0.025117 0.086101
v 0.285939 0.018962 0.065142
v 0.285949 0.018110 0.069600
v 0.285979 0.024436 0.063907
v 0.285981 0.020857 0.086100
v 0.286000 -0.038338 0.084816
v 0.286000 -0.035525 0.086588
v 0.286000 -0.019890 0.088325
v 0.286000 -0.012917 0.089100
v 0.286000 0.012917 0.089100
v 0.286000 0.026110 0.087634
v 0.286000 0.035525 0.086588
v 0.286000 0.038340 0.084825
v 0.286008 -0.019872 0.084801
v 0.286008 0.026128 0.084801
v 0.286018 -0.022288 0.084600
v 0.286018 -0.018212 0.069600
v 0.286018 -0.008788 0.079600
v 0.286018 0.010212 0.079600
v 0.286018 0.023712 0.084600
v 0.286024 -0.015321 0.063571
v 0.286028 -0.026131 0.084650
v 0.286028 0.019865 0.084678
v 0.286032 0.019681 0.063737
v 0.286077 0.021536 0.065360
v 0.286118 -0.022233 0.079387
v 0.286118 -0.018267 0.074813
v 0.286118 0.016733 0.074813
v 0.286118 0.023767 0.079387
v 0.286125 -0.008726 0.069600
v 0.286125 -0.023774 0.084600
v 0.286125 -0.016726 0.069600
v 0.286125 0.022226 0.084600
v 0.286241 -0.024205 0.086100
v 0.286241 -0.021795 0.084600
v 0.286241 -0.018705 0.069300
v 0.286241 -0.016295 0.067600
v 0.286241 0.016295 0.069300
v 0.286241 0.018705 0.067600
v 0.286241 0.021795 0.086100
v 0.286248 0.016718 0.069600
v 0.286254 0.018283 0.074805
v 0.286255 -0.020525 0.065273
v 0.286260 0.021503 0.063838
v 0.286285 -0.014418 0.065030
v 0.286328 0.010303 0.069600
v 0.286447 -0.023855 0.079387
v 0.286500 -0.023000 0.078919
v 0.286500 -0.020500 0.069300
v 0.286500 -0.017500 0.075281
v 0.286500 -0.014500 0.069300
v 0.286500 -0.013500 0.084600
v 0.286500 -0.012500 0.083600
v 0.286500 0.012500 0.083600
v 0.286500 0.017500 0.075281
v 0.286500 0.019650 0.067600
v 0.286500 0.023000 0.078919
v 0.286500 0.013500 0.084600
v 0.286530 0.019030 0.063596
v 0.286538 0.025195 0.089245
v 0.286592 0.024541 0.065399
v 0.286653 0.014460 0.064962
v 0.286672 -0.010303 0.069600
v 0.286672 0.008697 0.069600
v 0.286678 0.022199 0.079395
v 0.286678 -0.016699 0.074805
v 0.286710 0.015999 0.065063
v 0.286752 -0.010282 0.079600
v 0.286752 0.008718 0.079600
v 0.286752 0.018282 0.069600
v 0.286759 -0.024205 0.084600
v 0.286759 -0.021795 0.086100
v 0.286759 -0.018705 0.067600
v 0.286759 -0.016295 0.069300
v 0.286759 0.016295 0.067600
v 0.286759 0.018705 0.069300
v 0.286759 0.021795 0.084600
v 0.286819 0.020573 0.065191
v 0.286827 -0.025216 0.089244
v 0.286972 -0.019865 0.084678
v 0.286972 0.026131 0.084650
v 0.286992 -0.026128 0.084801
v 0.286992 0.019872 0.084801
v 0.287000 -0.038341 0.084824
v 0.287000 -0.035525 0.086588
v 0.287000 -0.026110 0.087634
v 0.287000 -0.012917 0.089100
v 0.287000 0.012917 0.089100
v 0.287000 0.019890 0.088325
v 0.287000 0.035525 0.086588
v 0.287000 0.038339 0.084816
v 0.287019 -0.020857 0.086100
v 0.287051 -0.008890 0.079600
v 0.287051 0.010110 0.079600
v 0.287051 0.016890 0.069600
v 0.287051 0.023610 0.084600
v 0.287054 0.006995 0.063226
v 0.287063 0.024160 0.086100
v 0.287065 0.015360 0.067600
v 0.287066 -0.019640 0.067600
v 0.287067 0.025117 0.086101
v 0.287105 -0.022445 0.079395
v 0.287105 -0.018055 0.074805
v 0.287105 0.016945 0.074805
v 0.287105 0.023555 0.079395
v 0.287110 -0.023551 0.084600
v 0.287110 -0.016949 0.069600
v 0.287110 -0.008949 0.069600
v 0.287110 0.010051 0.069600
v 0.287141 0.024407 0.063861
v 0.287160 -0.019854 0.088329
v 0.287160 0.026146 0.087630
v 0.287164 0.016083 0.063521
v 0.287169 0.020904 0.089722
v 0.287212 -0.022518 0.084600
v 0.287212 -0.017982 0.069600
v 0.287214 0.017973 0.074813
v 0.287223 0.024068 0.084600
v 0.287247 -0.020916 0.089721
v 0.287250 0.014530 0.069300
v 0.287270 0.021664 0.063799
v 0.287274 0.022625 0.084600
v 0.287282 -0.009752 0.069600
v 0.287282 0.009248 0.069600
v 0.287283 -0.023246 0.079395
v 0.287283 -0.017254 0.074805
v 0.287283 0.022754 0.079395
v 0.287303 -0.009672 0.079600
v 0.287303 0.009328 0.079600
v 0.287303 0.017672 0.069600
v 0.287323 0.018803 0.065071
v 0.287338 0.021684 0.065311
v 0.287414 -0.023826 0.086100
v 0.287414 -0.022174 0.084600
v 0.287414 -0.018326 0.069300
v 0.287414 -0.016674 0.067600
v 0.287414 0.016674 0.069300
v 0.287414 0.018326 0.067600
v 0.287470 0.018675 0.063543
v 0.287555 0.016385 0.065025
v 0.287571 0.015591 0.063316
v 0.287575 -0.024862 0.086100
v 0.287575 0.021138 0.086100
v 0.287579 -0.019405 0.063507
v 0.287610 0.000200 0.063225
v 0.287619 0.024041 0.065347
v 0.287660 0.022437 0.086100
v 0.287673 -0.023379 0.084600
v 0.287673 -0.022621 0.086100
v 0.287673 -0.017879 0.067600
v 0.287673 -0.017121 0.069300
v 0.287673 0.017121 0.067600
v 0.287673 0.017879 0.069300
v 0.287673 0.022621 0.084600
v 0.287873 0.023647 0.063815
v 0.287925 0.019206 0.067601
v 0.287940 0.017984 0.065028
v 0.287953 0.017938 0.063507
v 0.287959 0.017051 0.063493
v 0.287984 0.017195 0.065014
v 0.288000 0.022648 0.063788
v 0.288016 -0.015835 0.067601
v 0.288049 0.022912 0.065306
v 0.288054 -0.015907 0.063245
v 0.288075 -0.025728 0.084600
v 0.288075 -0.025728 0.087677
v 0.288075 -0.020272 0.084600
v 0.288075 0.020272 0.084600
v 0.288075 0.020272 0.088283
v 0.288075 0.025728 0.084600
v 0.288101 0.011033 0.079598
v 0.288126 0.019036 0.063402
v 0.288150 -0.011131 0.079599
v 0.288199 0.024387 0.089335
v 0.288362 -0.024075 0.089369
v 0.288362 -0.021925 0.086100
v 0.288362 0.024075 0.086100
v 0.288391 -0.019938 0.069300
v 0.288432 -0.015126 0.069300
v 0.288455 0.019884 0.069300
v 0.288533 0.015225 0.064656
v 0.288545 -0.019854 0.064914
v 0.288601 0.022322 0.089564
v 0.288632 -0.018116 0.067600
v 0.288657 -0.015309 0.064627
v 0.288659 -0.023463 0.086100
v 0.288659 -0.022537 0.089540
v 0.288659 0.022537 0.086100
v 0.288669 0.017045 0.063201
v 0.288697 -0.017871 0.063241
v 0.288703 0.017046 0.067601
v 0.288761 -0.000008 0.062806
v 0.288795 0.008046 0.064407
v 0.288915 0.015720 0.069300
v 0.288940 0.012250 0.079609
v 0.288968 0.019289 0.064800
v 0.289001 -0.012247 0.079600
v 0.289066 -0.010777 0.072600
v 0.289169 0.011135 0.078625
v 0.289188 0.011095 0.072600
v 0.289202 -0.011106 0.078547
v 0.289228 -0.024575 0.084600
v 0.289228 -0.021425 0.084600
v 0.289228 -0.021425 0.088155
v 0.289228 0.021425 0.084600
v 0.289228 0.024575 0.084600
v 0.289228 0.024575 0.087805
v 0.289458 -0.018000 0.069300
v 0.289458 -0.017000 0.064583
v 0.289458 -0.017000 0.069300
v 0.289458 0.017000 0.069300
v 0.289458 0.018000 0.064640
v 0.289458 0.018000 0.069300
v 0.289465 -0.018002 0.064637
v 0.289490 0.016992 0.064579
v 0.289610 -0.022500 0.088035
v 0.289610 0.023500 0.087924
v 0.289628 -0.022508 0.084801
v 0.289628 0.023492 0.084801
v 0.289637 -0.023459 0.084678
v 0.289637 0.022541 0.084678
v 0.289646 -0.023660 0.087906
v 0.289646 0.022340 0.088053
v 0.290308 -0.011818 0.072600
v 0.290527 0.011770 0.072600
v 0.290533 -0.011791 0.078632
v 0.290579 0.011789 0.078625
v 0.290657 -0.038416 0.065113
v 0.290659 0.002804 0.064008
v 0.290692 0.038416 0.065113
v 0.290966 0.000023 0.063863
v 0.291244 -0.029650 0.084600
v 0.291244 0.038185 0.066559
v 0.291664 -0.012519 0.084600
v 0.291825 0.001600 0.066986
v 0.291825 0.002800 0.066986
v 0.291885 0.012379 0.084600
v 0.291966 0.011254 0.083542
v 0.292015 0.000200 0.062791
v 0.292015 0.001500 0.062791
v 0.292060 -0.011221 0.083571
v 0.292458 -0.018000 0.067067
v 0.292458 -0.018000 0.069300
v 0.292458 -0.017000 0.067067
v 0.292458 -0.017000 0.069300
v 0.292458 0.017000 0.066557
v 0.292458 0.017000 0.069300
v 0.292458 0.018000 0.066557
v 0.292458 0.018000 0.069300
v 0.292698 -0.029491 0.063741
v 0.292722 0.029538 0.063744
v 0.292750 -0.010825 0.072600
v 0.292750 0.010825 0.072600
v 0.293349 0.001499 0.063277
v 0.294264 0.001600 0.062985
v 0.294898 -0.033453 0.065667
v 0.294898 0.033453 0.065667
v 0.295189 -0.020000 0.084600
v 0.295189 0.020000 0.084600
v 0.295491 0.018003 0.063468
v 0.295993 -0.023000 0.084600
v 0.295993 -0.017000 0.084600
v 0.295993 0.017000 0.084600
v 0.295993 0.023000 0.084600
v 0.296291 -0.027452 0.064522
v 0.296291 0.027452 0.064522
v 0.296367 -0.007811 0.083567
v 0.296376 -0.009204 0.084600
v 0.296376 0.009204 0.084600
v 0.296427 -0.019206 0.061836
v 0.296447 -0.012981 0.061114
v 0.296509 0.011753 0.060980
v 0.296531 0.007613 0.083666
v 0.297189 -0.020000 0.074600
v 0.297189 -0.020000 0.082600
v 0.297189 0.020000 0.074600
v 0.297189 0.020000 0.082600
v 0.297283 -0.000000 0.060360
v 0.297325 -0.006250 0.072600
v 0.297325 0.006250 0.072600
v 0.297496 0.000200 0.060280
v 0.297680 -0.021463 0.063359
v 0.297725 -0.022000 0.074600
v 0.297725 -0.022000 0.082600
v 0.297725 -0.018000 0.074600
v 0.297725 -0.018000 0.082600
v 0.297725 0.018000 0.074600
v 0.297725 0.018000 0.082600
v 0.297725 0.022000 0.074600
v 0.297725 0.022000 0.082600
v 0.297797 0.000299 0.061766
v 0.298010 0.000300 0.065730
v 0.298010 0.001500 0.065730
v 0.298102 -0.000000 0.060910
v 0.298102 0.001500 0.060910
v 0.298310 -0.029936 0.063142
v 0.298510 -0.003605 0.074604
v 0.298520 0.003643 0.074613
v 0.298701 -0.014457 0.084596
v 0.298703 0.025540 0.084592
v 0.298704 -0.003394 0.083594
v 0.298734 0.003366 0.083598
v 0.299000 -0.000000 0.072600
v 0.299000 -0.000000 0.074600
v 0.299113 0.014291 0.084595
v 0.299114 -0.025706 0.084592
v 0.299189 -0.023464 0.082600
v 0.299189 -0.016536 0.082600
v 0.299189 0.016536 0.082600
v 0.299189 0.023464 0.082600
v 0.299434 -0.017999 0.062493
v 0.299536 -0.023702 0.074600
v 0.299536 0.016298 0.074600
v 0.299630 0.002800 0.061086
v 0.299765 0.010103 0.061417
v 0.299769 0.003689 0.084605
v 0.299785 -0.003650 0.084604
v 0.299811 -0.016187 0.074600
v 0.299811 0.023813 0.074600
v 0.299838 -0.009407 0.061334
v 0.299882 -0.002606 0.074600
v 0.299892 -0.002580 0.083579
v 0.299893 0.002605 0.083626
v 0.299897 0.002578 0.074600
v 0.300027 0.021120 0.061223
v 0.300524 0.016993 0.062027
v 0.301189 -0.024000 0.082600
v 0.301189 -0.016000 0.082600
v 0.301189 0.016000 0.082600
v 0.301189 0.024000 0.082600
v 0.301989 0.001600 0.063558
v 0.301989 0.002800 0.063558
v 0.302241 -0.016997 0.061585
v 0.302515 -0.018000 0.064478
v 0.302515 -0.017000 0.064478
v 0.302742 0.038453 0.064919
v 0.302854 0.017000 0.063869
v 0.303078 -0.035151 0.063887
v 0.303133 0.018000 0.063774
v 0.303208 0.018000 0.061274
v 0.303615 0.030571 0.062530
v 0.304466 0.001598 0.058939
v 0.304534 0.025742 0.060985
v 0.304554 0.000294 0.058777
v 0.304630 -0.025779 0.060970
v 0.304861 0.001502 0.058711
v 0.304908 0.038187 0.066365
v 0.305244 0.009678 0.057359
v 0.305292 -0.038187 0.066375
v 0.305413 -0.021084 0.059523
v 0.305458 0.039199 0.065236
v 0.305639 -0.009692 0.057207
v 0.305731 -0.033836 0.064788
v 0.305731 0.033836 0.064788
v 0.306302 0.010576 0.058705
v 0.306330 -0.009984 0.058612
v 0.306595 0.029982 0.063408
v 0.306805 0.014736 0.057503
v 0.306900 -0.030467 0.063387
v 0.307049 -0.014532 0.057341
v 0.307210 -0.031030 0.062060
v 0.307676 -0.023028 0.060881
v 0.307676 0.023028 0.060881
v 0.308154 0.000000 0.055803
v 0.308228 0.001500 0.056615
v 0.308323 0.000200 0.055772
v 0.308342 0.002798 0.057337
v 0.308425 0.001600 0.060450
v 0.308425 0.002800 0.060450
v 0.308461 -0.000000 0.056572
v 0.308591 0.000200 0.056460
v 0.308657 0.001500 0.056453
v 0.308890 0.000300 0.057250
v 0.308920 0.001500 0.057250
v 0.309240 -0.006769 0.055750
v 0.309275 -0.006256 0.057250
v 0.309545 -0.017999 0.058639
v 0.309613 0.018000 0.058600
v 0.309774 0.008235 0.057250
v 0.309832 -0.026722 0.059689
v 0.309847 0.026783 0.059707
v 0.310010 0.011051 0.055753
v 0.310374 0.001602 0.057132
v 0.310500 0.000300 0.057250
v 0.310500 0.000300 0.059958
v 0.310500 0.001500 0.057250
v 0.310500 0.001500 0.059958
v 0.310500 0.001600 0.060450
v 0.310500 0.002800 0.057250
v 0.310500 0.002800 0.060450
v 0.310925 0.021822 0.057411
v 0.311081 -0.021852 0.057345
v 0.311189 -0.024000 0.082600
v 0.311189 -0.016000 0.082600
v 0.311189 0.016000 0.082600
v 0.311189 0.024000 0.082600
v 0.311189 0.026000 0.084600
v 0.311221 -0.002923 0.038750
v 0.311221 -0.002923 0.050750
v 0.311332 0.017000 0.060250
v 0.311332 0.018000 0.060250
v 0.311361 0.002912 0.038404
v 0.311443 0.001473 0.057250
v 0.311500 -0.000000 0.055750
v 0.311500 -0.000000 0.056550
v 0.311500 0.001500 0.056550
v 0.311501 0.000200 0.055750
v 0.311501 0.000200 0.056450
v 0.311532 0.001500 0.056450
v 0.311532 0.001500 0.057250
v 0.311787 -0.029065 0.061704
v 0.311787 0.029065 0.061704
v 0.312183 0.008690 0.038750
v 0.312183 0.008690 0.050750
v 0.312319 -0.008656 0.038404
v 0.312366 -0.018000 0.060250
v 0.312366 -0.017000 0.060250
v 0.312519 0.016999 0.057282
v 0.312566 -0.023813 0.074600
v 0.312566 0.016187 0.074600
v 0.312682 -0.016999 0.057269
v 0.312837 -0.017636 0.055750
v 0.312841 -0.016298 0.074600
v 0.312841 0.023702 0.074600
v 0.313114 -0.002766 0.038250
v 0.313189 -0.023464 0.082600
v 0.313189 -0.016536 0.082600
v 0.313189 0.016536 0.082600
v 0.313189 0.023464 0.082600
v 0.313213 -0.010816 0.055750
v 0.313213 -0.010816 0.057250
v 0.313249 -0.023300 0.058554
v 0.313263 0.010968 0.055750
v 0.313263 0.010968 0.057250
v 0.313265 -0.014290 0.084596
v 0.313328 -0.018004 0.057248
v 0.313424 0.000392 0.038757
v 0.313573 0.000007 0.048054
v 0.313586 0.002378 0.048250
v 0.313611 -0.001572 0.032279
v 0.313614 -0.003072 0.043450
v 0.313640 -0.004286 0.053146
v 0.313642 0.003907 0.043439
v 0.313645 -0.001433 0.043737
v 0.313657 0.002470 0.046714
v 0.313676 -0.025542 0.084595
v 0.313676 0.014457 0.084596
v 0.313686 -0.002988 0.046701
v 0.313795 0.023876 0.058514
v 0.313839 0.004008 0.032272
v 0.313875 0.004140 0.043737
v 0.313878 0.018008 0.057218
v 0.313906 0.017000 0.057250
v 0.313906 0.017000 0.060250
v 0.313906 0.018000 0.060250
v 0.313927 0.003996 0.048250
v 0.314001 -0.005730 0.069600
v 0.314011 -0.006338 0.038674
v 0.314025 0.008224 0.038250
v 0.314047 0.005571 0.048054
v 0.314051 -0.005329 0.048250
v 0.314056 -0.006592 0.051245
v 0.314082 -0.014220 0.038750
v 0.314082 -0.014220 0.050750
v 0.314091 -0.005369 0.048207
v 0.314099 0.006712 0.069600
v 0.314139 -0.006174 0.048690
v 0.314144 -0.005959 0.046737
v 0.314189 0.025196 0.084600
v 0.314203 0.007074 0.053193
v 0.314206 -0.005927 0.050669
v 0.314210 0.014164 0.038404
v 0.314245 -0.038967 0.064870
v 0.314263 0.006034 0.032249
v 0.314274 -0.007094 0.048250
v 0.314344 -0.007109 0.032294
v 0.314360 -0.006965 0.043737
v 0.314398 -0.006888 0.050668
v 0.314440 -0.035874 0.062917
v 0.314459 0.035892 0.062925
v 0.314493 0.005702 0.031704
v 0.314510 0.008101 0.038750
v 0.314515 -0.004586 0.051251
v 0.314518 0.000421 0.048250
v 0.314519 -0.004997 0.050668
v 0.314547 0.007985 0.046715
v 0.314568 0.000568 0.032250
v 0.314607 -0.008586 0.043450
v 0.314637 -0.031892 0.060496
v 0.314653 -0.022000 0.074600
v 0.314653 -0.022000 0.082600
v 0.314653 -0.018000 0.074600
v 0.314653 -0.018000 0.082600
v 0.314653 0.018000 0.074600
v 0.314653 0.018000 0.082600
v 0.314653 0.022000 0.074600
v 0.314653 0.022000 0.082600
v 0.314654 0.031929 0.060512
v 0.314655 -0.000663 0.032250
v 0.314655 -0.000663 0.048250
v 0.314668 -0.004794 0.048691
v 0.314709 -0.008673 0.046693
v 0.314763 0.006506 0.031329
v 0.314842 -0.007475 0.048691
v 0.314861 -0.005697 0.048250
v 0.314971 -0.000221 0.048250
v 0.314973 0.000229 0.054606
v 0.314976 0.004313 0.032250
v 0.315007 0.004503 0.031748
v 0.315018 0.009620 0.032277
v 0.315022 -0.005604 0.043750
v 0.315026 -0.006123 0.048646
v 0.315044 0.009594 0.043737
v 0.315046 -0.007624 0.050669
v 0.315062 0.005726 0.032250
v 0.315068 0.007176 0.031359
v 0.315104 0.006371 0.043750
v 0.315174 -0.006942 0.048250
v 0.315175 -0.006755 0.043750
v 0.315181 0.010399 0.048250
v 0.315189 -0.020000 0.074600
v 0.315189 -0.020000 0.082600
v 0.315189 0.020000 0.074600
v 0.315189 0.020000 0.082600
v 0.315234 0.005783 0.030755
v 0.315247 -0.005878 0.049691
v 0.315247 -0.005878 0.050691
v 0.315253 0.007854 0.032249
v 0.315267 0.010747 0.043448
v 0.315276 0.006071 0.032273
v 0.315289 -0.000775 0.054606
v 0.315294 0.000781 0.048250
v 0.315317 0.004786 0.031114
v 0.315331 -0.006449 0.038542
v 0.315337 0.001345 0.032250
v 0.315337 0.001345 0.048250
v 0.315339 0.006784 0.032250
v 0.315395 0.006320 0.030745
v 0.315397 0.006450 0.046006
v 0.315405 -0.006460 0.040712
v 0.315432 -0.001432 0.032250
v 0.315433 -0.005500 0.040749
v 0.315433 -0.008100 0.048250
v 0.315442 0.005397 0.045998
v 0.315463 0.006188 0.031833
v 0.315478 -0.010801 0.048208
v 0.315480 -0.004227 0.050669
v 0.315481 0.004877 0.043750
v 0.315496 -0.005159 0.048646
v 0.315525 -0.006698 0.049691
v 0.315525 -0.006698 0.050691
v 0.315541 -0.005438 0.038548
v 0.315573 0.006238 0.046750
v 0.315579 -0.001482 0.048250
v 0.315582 0.011185 0.048171
v 0.315608 0.006338 0.043750
v 0.315626 -0.007012 0.048646
v 0.315634 -0.018000 0.057250
v 0.315634 -0.018000 0.060250
v 0.315634 -0.017000 0.057250
v 0.315634 -0.017000 0.060250
v 0.315643 -0.008157 0.051250
v 0.315643 -0.003939 0.048250
v 0.315647 0.005064 0.032274
v 0.315677 -0.001002 0.048250
v 0.315685 0.001004 0.054606
v 0.315782 -0.004803 0.048250
v 0.315806 0.005049 0.030740
v 0.315815 -0.005244 0.049640
v 0.315818 -0.005228 0.050691
v 0.315822 -0.013457 0.038250
v 0.315824 0.005087 0.031815
v 0.315829 0.006996 0.032273
v 0.315854 0.005489 0.046254
v 0.315857 0.027836 0.057553
v 0.315861 0.007783 0.031406
v 0.315910 0.005081 0.043750
v 0.315910 0.012148 0.046712
v 0.315933 -0.004900 0.043750
v 0.315969 -0.004091 0.048690
v 0.315974 -0.007938 0.050668
v 0.316000 -0.000000 0.055216
v 0.316018 0.004518 0.032250
v 0.316042 0.004993 0.046750
v 0.316065 -0.012490 0.043739
v 0.316092 -0.012611 0.032284
v 0.316096 -0.006048 0.038069
v 0.316103 0.004766 0.045994
v 0.316109 0.004037 0.031390
v 0.316171 0.007145 0.046002
v 0.316177 -0.006861 0.040747
v 0.316205 0.007040 0.031790
v 0.316206 -0.036623 0.064979
v 0.316206 0.036623 0.064979
v 0.316210 0.007444 0.043750
v 0.316213 0.007088 0.030738
v 0.316222 -0.008005 0.048690
v 0.316240 0.006785 0.046270
v 0.316248 -0.007199 0.043750
v 0.316271 -0.006853 0.038548
v 0.316279 -0.013256 0.038750
v 0.316284 0.003696 0.032250
v 0.316302 -0.005030 0.048647
v 0.316315 -0.001004 0.054606
v 0.316323 0.001002 0.048250
v 0.316329 0.006971 0.046750
v 0.316345 0.002586 0.074600
v 0.316362 0.007474 0.032250
v 0.316373 -0.006867 0.049691
v 0.316373 -0.006867 0.050691
v 0.316377 -0.034374 0.063403
v 0.316377 0.034374 0.063403
v 0.316385 -0.023000 0.084600
v 0.316385 -0.017000 0.084600
v 0.316385 0.017000 0.084600
v 0.316385 0.023000 0.084600
v 0.316418 -0.007040 0.048649
v 0.316418 0.031931 0.061760
v 0.316421 0.001482 0.048250
v 0.316422 0.002586 0.083570
v 0.316431 -0.005303 0.040747
v 0.316433 0.006992 0.043750
v 0.316439 -0.002589 0.074600
v 0.316458 0.004663 0.032272
v 0.316506 0.007233 0.032273
v 0.316511 -0.002641 0.083636
v 0.316516 -0.013852 0.043450
v 0.316558 -0.005318 0.038542
v 0.316562 -0.032112 0.061841
v 0.316568 0.001432 0.032250
v 0.316586 0.005950 0.032250
v 0.316600 -0.003934 0.051251
v 0.316610 -0.013820 0.046716
v 0.316633 0.003708 0.084607
v 0.316663 -0.001345 0.032250
v 0.316667 -0.005398 0.049691
v 0.316667 -0.005398 0.050691
v 0.316706 -0.000781 0.048250
v 0.316710 -0.004256 0.050669
v 0.316711 0.000775 0.054606
v 0.316723 0.007887 0.031375
v 0.316775 -0.007207 0.048250
v 0.316776 -0.003808 0.084608
v 0.316835 0.004310 0.031050
v 0.316840 -0.011251 0.048250
v 0.316840 0.012093 0.048250
v 0.316859 -0.014657 0.053233
v 0.316864 0.019362 0.038750
v 0.316864 0.019362 0.050750
v 0.316881 -0.006299 0.038548
v 0.316890 -0.011104 0.032250
v 0.316890 0.012240 0.032250
v 0.316913 0.005149 0.046254
v 0.316916 -0.005312 0.043750
v 0.316918 0.004754 0.030741
v 0.316940 -0.006188 0.040743
v 0.316944 -0.006217 0.049691
v 0.316944 -0.006217 0.050691
v 0.316956 0.004859 0.031811
v 0.316962 -0.028409 0.057316
v 0.316962 0.004456 0.043750
v 0.316968 0.014593 0.032305
v 0.316982 -0.019285 0.038404
v 0.316986 -0.005456 0.048644
v 0.317001 -0.014793 0.048250
v 0.317001 0.004755 0.046002
v 0.317019 -0.006653 0.043750
v 0.317027 -0.000229 0.054606
v 0.317029 0.000221 0.048250
v 0.317060 -0.006517 0.048646
v 0.317069 0.007135 0.045994
v 0.317073 -0.001106 0.048250
v 0.317093 0.008190 0.032250
v 0.317114 -0.012628 0.032250
v 0.317114 0.010716 0.032250
v 0.317118 0.014772 0.043737
v 0.317146 -0.007866 0.048250
v 0.317160 -0.007643 0.050670
v 0.317189 -0.020000 0.084600
v 0.317189 0.020000 0.084600
v 0.317192 0.015360 0.069600
v 0.317216 -0.012745 0.048250
v 0.317216 0.010599 0.048250
v 0.317255 -0.005368 0.048250
v 0.317275 0.002708 0.048250
v 0.317308 0.006936 0.030753
v 0.317327 0.006832 0.031815
v 0.317331 -0.012153 0.048250
v 0.317331 0.011191 0.048250
v 0.317342 0.006683 0.046750
v 0.317344 0.024341 0.055748
v 0.317345 0.000663 0.032250
v 0.317366 -0.005861 0.043750
v 0.317401 -0.004369 0.048244
v 0.317407 -0.012278 0.054616
v 0.317407 0.011066 0.054616
v 0.317411 0.006604 0.043750
v 0.317432 -0.000568 0.032250
v 0.317437 0.006135 0.046251
v 0.317442 0.006939 0.032274
v 0.317454 0.023924 0.057248
v 0.317456 0.005274 0.043750
v 0.317459 -0.027821 0.058591
v 0.317474 0.005014 0.030745
v 0.317490 0.007647 0.031335
v 0.317500 0.004994 0.032268
v 0.317501 0.004141 0.031499
v 0.317532 0.015871 0.043448
v 0.317542 0.004742 0.032250
v 0.317544 0.005406 0.046750
v 0.317547 -0.010960 0.054606
v 0.317547 0.012383 0.054606
v 0.317616 -0.010891 0.048250
v 0.317616 0.012453 0.048250
v 0.317658 0.013017 0.032250
v 0.317660 0.015908 0.046714
v 0.317663 0.000156 0.048270
v 0.317669 0.000146 0.062563
v 0.317691 -0.016159 0.069600
v 0.317691 -0.004984 0.050670
v 0.317692 0.007023 0.043750
v 0.317720 0.005737 0.031823
v 0.317727 -0.004960 0.048690
v 0.317730 0.006503 0.045998
v 0.317736 0.006646 0.030754
v 0.317738 -0.007482 0.051250
v 0.317773 0.002662 0.048750
v 0.317775 0.001378 0.052772
v 0.317776 0.005451 0.046006
v 0.317780 0.001509 0.051728
v 0.317786 0.003569 0.074600
v 0.317787 0.003618 0.083613
v 0.317794 0.006906 0.032250
v 0.317840 0.004019 0.032246
v 0.317844 0.005857 0.030746
v 0.317853 -0.006917 0.048690
v 0.317865 -0.003746 0.074601
v 0.317876 -0.002454 0.052771
v 0.317878 0.005999 0.032272
v 0.317884 0.003166 0.048287
v 0.317927 0.016243 0.048199
v 0.317945 -0.007059 0.048247
v 0.317945 -0.010178 0.048250
v 0.317945 0.013166 0.048250
v 0.317954 -0.003887 0.083586
v 0.317959 -0.004102 0.079601
v 0.317980 -0.006424 0.050669
v 0.317981 -0.003691 0.051729
v 0.318031 -0.004309 0.048282
v 0.318068 0.005529 0.043750
v 0.318083 0.005852 0.032250
v 0.318098 -0.010148 0.032250
v 0.318136 0.028192 0.058493
v 0.318151 -0.016655 0.048223
v 0.318160 -0.005430 0.051249
v 0.318184 -0.020572 0.055750
v 0.318184 -0.020572 0.057250
v 0.318224 -0.013169 0.032250
v 0.318224 0.010175 0.032250
v 0.318228 -0.000214 0.051934
v 0.318235 0.007263 0.031704
v 0.318255 0.005249 0.052771
v 0.318255 0.020669 0.055750
v 0.318255 0.020669 0.057250
v 0.318269 -0.005813 0.048783
v 0.318278 -0.000311 0.052710
v 0.318280 -0.000342 0.051792
v 0.318297 0.017297 0.053150
v 0.318322 -0.011672 0.055216
v 0.318322 0.011672 0.055216
v 0.318370 0.002834 0.052367
v 0.318392 -0.000430 0.052527
v 0.318402 0.005200 0.031391
v 0.318428 -0.017183 0.032263
v 0.318444 -0.006314 0.052771
v 0.318454 0.006559 0.048273
v 0.318455 0.018323 0.038250
v 0.318469 0.007264 0.032250
v 0.318493 -0.002348 0.063085
v 0.318510 0.006599 0.051729
v 0.318527 -0.001021 0.070477
v 0.318530 0.001752 0.032237
v 0.318533 0.006783 0.062535
v 0.318536 -0.000985 0.068477
v 0.318536 -0.003801 0.052472
v 0.318543 0.002562 0.063093
v 0.318544 -0.001839 0.032226
v 0.318550 -0.010645 0.054606
v 0.318550 0.012699 0.054606
v 0.318553 0.003033 0.051773
v 0.318572 0.000929 0.028521
v 0.318591 0.002254 0.063550
v 0.318593 -0.003375 0.051773
v 0.318611 -0.007289 0.062537
v 0.318612 0.004276 0.051790
v 0.318615 0.017488 0.048249
v 0.318619 0.006220 0.031571
v 0.318636 -0.017475 0.043738
v 0.318645 -0.010670 0.048250
v 0.318645 0.012674 0.048250
v 0.318672 0.016560 0.051250
v 0.318692 0.004777 0.052702
v 0.318698 -0.013166 0.048250
v 0.318698 0.010178 0.048250
v 0.318751 -0.007895 0.048750
v 0.318796 -0.007865 0.048270
v 0.318802 -0.012663 0.048250
v 0.318802 0.010681 0.048250
v 0.318803 -0.016824 0.032246
v 0.318817 -0.005490 0.052708
v 0.318818 0.017133 0.050227
v 0.318823 -0.005522 0.051792
v 0.318843 -0.003827 0.063550
v 0.318852 -0.006050 0.063050
v 0.318857 0.005465 0.032249
v 0.318868 -0.004158 0.028521
v 0.318870 0.016475 0.048250
v 0.318888 0.005777 0.052494
v 0.318890 0.013104 0.032250
v 0.318906 0.018273 0.051250
v 0.318918 -0.001960 0.051860
v 0.318919 -0.000585 0.070477
v 0.318926 0.018310 0.038691
v 0.318928 -0.012587 0.054616
v 0.318928 0.010757 0.054616
v 0.318975 -0.000581 0.068477
v 0.318975 -0.000384 0.052366
v 0.318982 -0.005314 0.032234
v 0.319016 -0.018186 0.046696
v 0.319038 0.005574 0.032226
v 0.319047 0.005325 0.068477
v 0.319054 -0.006784 0.052366
v 0.319058 -0.016959 0.031658
v 0.319063 0.005286 0.070477
v 0.319081 -0.008672 0.051729
v 0.319116 0.016231 0.050233
v 0.319125 0.015776 0.048250
v 0.319129 0.002933 0.051934
v 0.319155 -0.010425 0.032250
v 0.319155 0.012919 0.048250
v 0.319157 0.018320 0.050233
v 0.319177 0.008970 0.052771
v 0.319198 -0.003519 0.052366
v 0.319205 0.005980 0.028521
v 0.319278 -0.012880 0.032250
v 0.319278 0.010464 0.032250
v 0.319289 -0.018721 0.043450
v 0.319297 0.007493 0.051798
v 0.319300 0.004603 0.052386
v 0.319301 0.018627 0.048250
v 0.319325 -0.011356 0.054606
v 0.319325 0.011987 0.054606
v 0.319346 -0.007129 0.068477
v 0.319351 -0.011451 0.048250
v 0.319351 0.011893 0.048250
v 0.319376 -0.015497 0.032247
v 0.319396 0.007026 0.063550
v 0.319399 -0.017822 0.031356
v 0.319420 -0.004996 0.063050
v 0.319433 -0.010602 0.048245
v 0.319435 0.007455 0.063094
v 0.319438 0.007980 0.052710
v 0.319466 0.007882 0.051776
v 0.319478 0.012444 0.084600
v 0.319478 -0.012445 0.084600
v 0.319481 -0.010434 0.083736
v 0.319490 0.017574 0.048250
v 0.319528 -0.008543 0.051904
v 0.319531 0.017696 0.043750
v 0.319539 -0.016510 0.031050
v 0.319548 0.018993 0.048250
v 0.319550 -0.007865 0.070477
v 0.319568 -0.015614 0.031572
v 0.319644 0.015658 0.050222
v 0.319673 0.017088 0.048208
v 0.319689 -0.018728 0.032246
v 0.319735 -0.006435 0.051934
v 0.319743 0.009131 0.052366
v 0.319789 0.010915 0.048262
v 0.319795 0.017738 0.048207
v 0.319804 -0.012093 0.048250
v 0.319814 -0.032866 0.059173
v 0.319816 0.012048 0.048250
v 0.319831 0.032899 0.059194
v 0.319844 -0.039378 0.065087
v 0.319846 -0.011448 0.032250
v 0.319846 0.011896 0.032250
v 0.319849 0.016628 0.040447
v 0.319863 0.007423 0.051860
v 0.319876 0.017392 0.050250
v 0.319881 -0.017214 0.032276
v 0.319888 0.017871 0.040447
v 0.319888 0.017382 0.049200
v 0.319900 0.016162 0.043750
v 0.319913 0.017097 0.038545
v 0.319921 0.019441 0.032289
v 0.319922 -0.016564 0.032273
v 0.319934 0.017447 0.043750
v 0.319946 -0.017433 0.046006
v 0.319948 -0.011103 0.048329
v 0.319968 -0.009005 0.032227
v 0.319971 0.009013 0.032226
v 0.319983 0.016466 0.048206
v 0.320000 -0.022069 0.077800
v 0.320000 -0.022069 0.084600
v 0.320000 0.022068 0.077800
v 0.320000 0.022068 0.084600
v 0.320009 -0.036371 0.062247
v 0.320016 0.017174 0.040248
v 0.320023 -0.011222 0.052771
v 0.320027 0.036387 0.062258
v 0.320028 -0.007991 0.052440
v 0.320048 -0.016432 0.046119
v 0.320056 -0.016450 0.030743
v 0.320060 0.016055 0.048250
v 0.320068 -0.017597 0.030738
v 0.320071 0.019567 0.043724
v 0.320096 -0.009175 0.028526
v 0.320100 -0.016443 0.031790
v 0.320135 0.016651 0.043750
v 0.320135 0.019285 0.051251
v 0.320153 -0.015573 0.031092
v 0.320154 0.016573 0.049250
v 0.320154 0.016573 0.050250
v 0.320157 0.019052 0.050222
v 0.320161 0.011542 0.051729
v 0.320172 -0.009850 0.052527
v 0.320178 -0.017571 0.031833
v 0.320183 -0.016400 0.046750
v 0.320194 0.011668 0.062535
v 0.320201 0.018158 0.048200
v 0.320210 0.017863 0.038545
v 0.320234 0.039172 0.064842
v 0.320237 0.015127 0.051251
v 0.320271 -0.017899 0.032272
v 0.320271 -0.016269 0.043750
v 0.320297 -0.010483 0.052708
v 0.320309 -0.010513 0.051792
v 0.320315 -0.017598 0.043750
v 0.320319 -0.015948 0.032274
v 0.320385 -0.017678 0.046750
v 0.320389 -0.018707 0.031333
v 0.320411 0.018468 0.048250
v 0.320419 0.015360 0.050233
v 0.320428 0.016457 0.038545
v 0.320429 0.015286 0.048250
v 0.320433 0.012452 0.083706
v 0.320447 0.008889 0.052366
v 0.320447 0.018042 0.049250
v 0.320447 0.018042 0.050250
v 0.320455 -0.023976 0.038750
v 0.320455 -0.023976 0.050750
v 0.320469 -0.023819 0.077800
v 0.320469 -0.023819 0.084600
v 0.320469 -0.020319 0.077800
v 0.320469 -0.020319 0.084600
v 0.320469 0.020318 0.077800
v 0.320469 0.020318 0.084600
v 0.320469 0.023818 0.077800
v 0.320469 0.023818 0.084600
v 0.320497 0.020181 0.046728
v 0.320531 -0.017607 0.046254
v 0.320557 -0.014947 0.031658
v 0.320559 0.023881 0.038404
v 0.320643 -0.009445 0.051934
v 0.320644 -0.015766 0.045994
v 0.320675 0.012860 0.048750
v 0.320702 0.016162 0.048204
v 0.320719 0.018082 0.043750
v 0.320722 -0.018145 0.045998
v 0.320724 0.017223 0.038069
v 0.320724 0.019323 0.048250
v 0.320762 0.010897 0.028524
v 0.320829 -0.014658 0.032247
v 0.320847 0.011745 0.051790
v 0.320855 -0.015696 0.030746
v 0.320877 -0.020680 0.048054
v 0.320909 0.018553 0.043750
v 0.320962 0.011680 0.070477
v 0.320976 -0.013292 0.062535
v 0.320993 -0.006473 0.063550
v 0.320994 0.016547 0.040232
v 0.321002 0.016403 0.049250
v 0.321002 0.016403 0.050250
v 0.321011 0.011589 0.063550
v 0.321011 0.017890 0.040219
v 0.321020 0.016206 0.040447
v 0.321021 0.017988 0.038545
v 0.321034 0.012282 0.051934
v 0.321041 -0.015798 0.031815
v 0.321054 -0.013396 0.051729
v 0.321083 0.018219 0.040447
v 0.321086 0.020836 0.048207
v 0.321100 0.012302 0.052708
v 0.321110 0.018208 0.048200
v 0.321111 0.015097 0.048236
v 0.321111 -0.018186 0.030745
v 0.321140 -0.016945 0.032250
v 0.321159 -0.020982 0.046737
v 0.321159 0.016481 0.043750
v 0.321175 0.012115 0.063095
v 0.321212 -0.018094 0.031815
v 0.321218 0.013704 0.052771
v 0.321233 -0.018249 0.032276
v 0.321237 0.013807 0.048294
v 0.321239 0.016583 0.038545
v 0.321247 -0.012770 0.052257
v 0.321257 -0.012342 0.051759
v 0.321262 0.015381 0.050216
v 0.321268 -0.015297 0.031024
v 0.321276 0.012211 0.032225
v 0.321291 0.019037 0.050232
v 0.321292 -0.019047 0.031704
v 0.321295 0.017873 0.049250
v 0.321295 0.017873 0.050250
v 0.321308 0.012409 0.068477
v 0.321332 -0.016101 0.046254
v 0.321342 -0.015646 0.032274
v 0.321378 -0.019257 0.032249
v 0.321428 -0.015932 0.046750
v 0.321430 0.016403 0.048213
v 0.321447 0.019087 0.048250
v 0.321465 -0.018572 0.031050
v 0.321475 -0.012619 0.032229
v 0.321521 0.016216 0.043750
v 0.321521 0.017423 0.043750
v 0.321528 -0.015966 0.043750
v 0.321536 0.017348 0.038545
v 0.321545 -0.021592 0.048250
v 0.321555 -0.017965 0.043750
v 0.321558 -0.015745 0.045998
v 0.321569 0.017851 0.048204
v 0.321573 0.017053 0.049250
v 0.321573 0.017053 0.050250
v 0.321630 0.011801 0.052366
v 0.321631 0.016726 0.048129
v 0.321636 -0.018124 0.045994
v 0.321646 0.018117 0.048250
v 0.321674 -0.014590 0.048285
v 0.321688 -0.006744 0.063050
v 0.321697 -0.017895 0.046750
v 0.321706 0.015580 0.048250
v 0.321714 0.013366 0.052524
v 0.321744 -0.011263 0.068477
v 0.321745 -0.011247 0.065477
v 0.321750 -0.019038 0.077800
v 0.321750 -0.019038 0.084600
v 0.321750 0.019037 0.077800
v 0.321750 0.019037 0.084600
v 0.321753 -0.011259 0.070492
v 0.321763 0.017309 0.048203
v 0.321771 -0.011541 0.070955
v 0.321772 -0.010875 0.064174
v 0.321774 0.015404 0.051250
v 0.321776 -0.014630 0.052771
v 0.321780 -0.010704 0.063050
v 0.321782 0.017189 0.040447
v 0.321805 -0.013923 0.063049
v 0.321853 -0.022689 0.038250
v 0.321855 -0.010787 0.070958
v 0.321888 -0.012330 0.051934
v 0.321892 -0.021891 0.032301
v 0.321892 0.016559 0.048250
v 0.321929 0.012876 0.051756
v 0.321962 0.018667 0.050191
v 0.321975 -0.017291 0.046270
v 0.321995 0.017409 0.043750
v 0.322001 -0.012257 0.070958
v 0.322007 -0.015252 0.031273
v 0.322041 -0.012482 0.063050
v 0.322049 -0.017848 0.032270
v 0.322050 -0.012363 0.070497
v 0.322054 0.025308 0.084600
v 0.322055 -0.028588 0.057248
v 0.322064 -0.022006 0.043737
v 0.322092 -0.016294 0.031823
v 0.322094 -0.016098 0.030749
v 0.322120 -0.011183 0.068477
v 0.322127 -0.016135 0.032272
v 0.322153 -0.010243 0.070503
v 0.322153 0.015975 0.050231
v 0.322154 -0.025326 0.084600
v 0.322161 -0.016688 0.046750
v 0.322171 -0.025388 0.077800
v 0.322174 -0.017455 0.031811
v 0.322182 -0.016792 0.043750
v 0.322196 -0.012553 0.064193
v 0.322206 -0.011680 0.070477
v 0.322214 0.018747 0.048250
v 0.322216 -0.010215 0.070958
v 0.322221 -0.022350 0.038750
v 0.322241 -0.013886 0.028541
v 0.322260 0.018774 0.051250
v 0.322279 -0.017496 0.046002
v 0.322295 0.025405 0.077800
v 0.322305 -0.017529 0.030734
v 0.322334 -0.016457 0.046006
v 0.322375 -0.011478 0.070477
v 0.322376 -0.018653 0.031704
v 0.322386 0.014651 0.051798
v 0.322425 0.018060 0.050237
v 0.322461 -0.011666 0.066673
v 0.322462 -0.016975 0.032268
v 0.322466 -0.010007 0.064224
v 0.322467 -0.017997 0.031078
v 0.322467 0.022656 0.046550
v 0.322467 0.022657 0.043450
v 0.322477 0.016398 0.048250
v 0.322479 -0.011738 0.065477
v 0.322480 -0.029543 0.055750
v 0.322486 -0.011527 0.062489
v 0.322494 -0.012784 0.065477
v 0.322495 0.015967 0.048755
v 0.322496 -0.015075 0.032248
v 0.322508 -0.012793 0.068477
v 0.322539 -0.014606 0.052555
v 0.322556 -0.010446 0.070477
v 0.322585 0.017745 0.048250
v 0.322588 -0.022813 0.046533
v 0.322601 0.015105 0.051934
v 0.322606 -0.012854 0.070961
v 0.322624 0.016968 0.050225
v 0.322625 0.016030 0.051729
v 0.322636 -0.015055 0.051798
v 0.322645 -0.011531 0.065475
v 0.322650 -0.010882 0.066530
v 0.322654 -0.011691 0.063050
v 0.322660 -0.011142 0.064250
v 0.322665 -0.013889 0.052380
v 0.322669 -0.015119 0.052708
v 0.322670 -0.011688 0.066476
v 0.322672 -0.011104 0.068477
v 0.322680 -0.016361 0.031048
v 0.322687 -0.009837 0.068477
v 0.322700 0.016178 0.062535
v 0.322702 -0.009830 0.065477
v 0.322717 -0.010595 0.065477
v 0.322717 -0.021823 0.070595
v 0.322717 0.022314 0.070595
v 0.322718 -0.022321 0.077800
v 0.322718 0.021816 0.077800
v 0.322755 -0.014977 0.068477
v 0.322789 -0.010575 0.062514
v 0.322803 0.016686 0.051250
v 0.322820 -0.010840 0.065475
v 0.322821 -0.011926 0.068477
v 0.322825 0.017337 0.048251
v 0.322861 -0.011939 0.064250
v 0.322891 0.022619 0.077800
v 0.322907 -0.009772 0.070496
v 0.322930 -0.015613 0.052366
v 0.322945 -0.015342 0.051773
v 0.322975 -0.000447 0.028402
v 0.322977 -0.012560 0.068477
v 0.322981 -0.012261 0.062517
v 0.322989 -0.010441 0.070477
v 0.322992 -0.011616 0.070959
v 0.323018 -0.021357 0.077800
v 0.323025 -0.013026 0.070510
v 0.323027 -0.022783 0.070587
v 0.323027 0.021354 0.070587
v 0.323030 -0.009706 0.070965
v 0.323034 -0.010421 0.066673
v 0.323049 -0.016036 0.031676
v 0.323052 -0.011183 0.070952
v 0.323078 -0.017687 0.048250
v 0.323084 -0.017118 0.031387
v 0.323087 -0.012240 0.066526
v 0.323100 -0.012602 0.070477
v 0.323108 0.016796 0.048270
v 0.323122 -0.018151 0.032227
v 0.323127 -0.010570 0.063050
v 0.323155 -0.012344 0.065477
v 0.323171 -0.015617 0.070477
v 0.323180 -0.012163 0.065473
v 0.323189 -0.009589 0.063050
v 0.323194 0.015573 0.032243
v 0.323196 -0.015551 0.032224
v 0.323201 -0.010908 0.070957
v 0.323227 -0.001624 0.028050
v 0.323231 0.014709 0.051934
v 0.323250 -0.010570 0.064250
v 0.323264 -0.010097 0.068477
v 0.323266 0.015525 0.028521
v 0.323266 -0.011765 0.070948
v 0.323276 0.018573 0.084597
v 0.323279 0.001916 0.026450
v 0.323283 -0.018582 0.084591
v 0.323309 -0.011438 0.070777
v 0.323322 -0.021267 0.070595
v 0.323322 0.022870 0.070595
v 0.323328 -0.022872 0.077800
v 0.323328 0.021265 0.077800
v 0.323336 0.031875 0.058386
v 0.323366 0.004298 0.028402
v 0.323369 -0.002797 0.026450
v 0.323376 0.003094 0.028050
v 0.323387 0.015804 0.063550
v 0.323402 -0.010502 0.068477
v 0.323408 -0.023759 0.053179
v 0.323420 -0.016712 0.032250
v 0.323431 -0.012447 0.070477
v 0.323439 -0.021943 0.048250
v 0.323450 -0.011367 0.064996
v 0.323451 0.021988 0.048250
v 0.323477 -0.017386 0.048750
v 0.323500 -0.022069 0.070119
v 0.323500 0.022068 0.070119
v 0.323501 -0.020999 0.032250
v 0.323501 0.022135 0.032250
v 0.323507 0.029640 0.057250
v 0.323546 -0.005174 0.028402
v 0.323570 -0.012180 0.063050
v 0.323592 -0.011296 0.070777
v 0.323599 -0.010539 0.065473
v 0.323606 -0.013049 0.070967
v 0.323628 -0.012385 0.066673
v 0.323634 -0.010968 0.070948
v 0.323651 -0.012164 0.064250
v 0.323686 -0.020733 0.048250
v 0.323700 -0.011825 0.070959
v 0.323712 0.016395 0.063096
v 0.323712 -0.013145 0.063050
v 0.323715 -0.009675 0.070507
v 0.323718 0.023716 0.043737
v 0.323725 -0.022523 0.032250
v 0.323725 0.020611 0.032250
v 0.323734 -0.010556 0.066472
v 0.323736 0.023786 0.032278
v 0.323736 0.016671 0.052702
v 0.323759 -0.017636 0.062535
v 0.323779 -0.024025 0.043457
v 0.323828 0.020494 0.048250
v 0.323849 -0.011551 0.070950
v 0.323850 -0.013046 0.064193
v 0.323865 -0.012268 0.062518
v 0.323869 -0.012125 0.068477
v 0.323875 -0.010417 0.065477
v 0.323875 0.022842 0.077800
v 0.323881 -0.017832 0.048273
v 0.323889 -0.017769 0.051729
v 0.323904 -0.021788 0.048250
v 0.323906 -0.021338 0.054606
v 0.323906 0.021795 0.054606
v 0.323909 -0.011117 0.070959
v 0.323920 -0.010473 0.062517
v 0.323931 0.021890 0.048250
v 0.323942 -0.009688 0.064174
v 0.323951 -0.010461 0.070477
v 0.323959 -0.033403 0.057238
v 0.323962 -0.017862 0.052771
v 0.323992 -0.010486 0.066673
v 0.323995 -0.011982 0.065475
v 0.324030 -0.006276 0.028050
v 0.324040 -0.010795 0.064250
v 0.324051 -0.021459 0.077800
v 0.324055 -0.022674 0.070595
v 0.324055 0.021463 0.070595
v 0.324071 0.017998 0.052771
v 0.324095 -0.010857 0.063050
v 0.324100 -0.022814 0.048250
v 0.324114 -0.010199 0.070477
v 0.324122 0.016132 0.052386
v 0.324140 0.006551 0.026450
v 0.324161 -0.011979 0.066544
v 0.324162 -0.009800 0.070943
v 0.324184 -0.012138 0.065477
v 0.324195 -0.012915 0.070494
v 0.324202 -0.012904 0.065477
v 0.324213 -0.012899 0.068477
v 0.324214 -0.011670 0.063050
v 0.324241 -0.011591 0.064250
v 0.324249 -0.032513 0.058425
v 0.324260 -0.011136 0.068477
v 0.324267 -0.021687 0.070587
v 0.324267 0.022450 0.070587
v 0.324270 -0.020221 0.032250
v 0.324270 0.022912 0.048250
v 0.324274 -0.022444 0.077800
v 0.324274 0.021693 0.077800
v 0.324275 -0.011203 0.065473
v 0.324315 0.020655 0.048250
v 0.324317 -0.018528 0.083682
v 0.324342 -0.018506 0.077800
v 0.324357 0.018513 0.077800
v 0.324393 -0.009941 0.068477
v 0.324405 -0.007396 0.026450
v 0.324405 0.033611 0.057218
v 0.324407 -0.009950 0.065477
v 0.324420 0.018568 0.083700
v 0.324423 -0.009912 0.063050
v 0.324424 -0.011334 0.066560
v 0.324430 -0.012783 0.070949
v 0.324444 -0.022549 0.054616
v 0.324444 0.020584 0.054616
v 0.324445 -0.011134 0.065477
v 0.324453 -0.020576 0.048250
v 0.324457 -0.010570 0.068477
v 0.324461 0.024428 0.046737
v 0.324469 0.017459 0.052527
v 0.324473 0.007686 0.028050
v 0.324473 -0.016608 0.051914
v 0.324478 -0.011459 0.062514
v 0.324478 0.017731 0.051934
v 0.324511 -0.012192 0.068477
v 0.324521 -0.011517 0.070477
v 0.324552 -0.017729 0.051790
v 0.324557 -0.020073 0.048250
v 0.324610 -0.022569 0.048250
v 0.324618 -0.020563 0.054606
v 0.324618 0.022570 0.054606
v 0.324618 -0.012031 0.070477
v 0.324689 -0.010189 0.070497
v 0.324709 0.023091 0.032250
v 0.324712 0.022596 0.048250
v 0.324757 0.027936 0.038750
v 0.324757 0.027936 0.050750
v 0.324811 -0.010382 0.064224
v 0.324835 0.009167 0.028359
v 0.324840 -0.017890 0.051760
v 0.324843 -0.027825 0.038404
v 0.324902 -0.010495 0.070958
v 0.324905 -0.012339 0.063050
v 0.324908 0.024955 0.048250
v 0.324933 -0.021567 0.055216
v 0.324933 0.021567 0.055216
v 0.324965 0.024840 0.048181
v 0.325003 -0.012065 0.070495
v 0.325027 -0.011977 0.070958
v 0.325056 -0.009689 0.028412
v 0.325076 -0.007507 0.063050
v 0.325091 -0.007520 0.063550
v 0.325105 -0.011860 0.064193
v 0.325134 -0.011136 0.070493
v 0.325144 -0.011252 0.070949
v 0.325156 -0.004697 0.070477
v 0.325157 -0.023091 0.032250
v 0.325157 0.020043 0.032250
v 0.325158 -0.011485 0.065477
v 0.325159 -0.011473 0.068477
v 0.325221 -0.018126 0.028525
v 0.325229 -0.011105 0.063050
v 0.325230 -0.004791 0.068477
v 0.325288 0.025279 0.069600
v 0.325310 -0.023061 0.048250
v 0.325310 0.020073 0.048250
v 0.325310 -0.025145 0.048218
v 0.325354 0.023049 0.048250
v 0.325414 0.018759 0.051792
v 0.325433 -0.018479 0.032239
v 0.325458 -0.016185 0.063550
v 0.325482 -0.036986 0.061416
v 0.325484 0.018107 0.051756
v 0.325498 0.036999 0.061430
v 0.325501 -0.020135 0.032250
v 0.325566 0.018631 0.032225
v 0.325574 -0.017674 0.063050
v 0.325645 0.022342 0.054606
v 0.325661 -0.019137 0.052396
v 0.325708 -0.022278 0.054606
v 0.325714 -0.020861 0.048250
v 0.325714 0.022273 0.048250
v 0.325716 -0.015137 0.063050
v 0.325753 -0.010670 0.028050
v 0.325799 0.025766 0.053153
v 0.325832 0.019206 0.052710
v 0.325833 0.019995 0.051729
v 0.325845 -0.022185 0.048250
v 0.325848 -0.020960 0.054616
v 0.325853 -0.019241 0.052708
v 0.325860 0.020968 0.048250
v 0.325916 0.021077 0.054616
v 0.325917 0.010918 0.026450
v 0.325924 0.026436 0.038250
v 0.325927 -0.028316 0.055750
v 0.325927 -0.028316 0.057250
v 0.325930 -0.006695 0.070477
v 0.325955 -0.025919 0.069600
v 0.325959 -0.006753 0.068477
v 0.325971 0.020167 0.062535
v 0.325986 0.019178 0.070477
v 0.325987 0.020253 0.048273
v 0.325992 0.028363 0.055750
v 0.325992 0.028363 0.057250
v 0.326016 -0.025805 0.032322
v 0.326049 -0.025853 0.046722
v 0.326125 -0.020424 0.048263
v 0.326141 0.022523 0.032250
v 0.326157 -0.039421 0.064949
v 0.326171 0.039422 0.064949
v 0.326231 0.026042 0.038750
v 0.326270 -0.018851 0.052440
v 0.326279 -0.020903 0.032250
v 0.326346 -0.011693 0.026450
v 0.326365 -0.022135 0.032250
v 0.326365 0.020999 0.032250
v 0.326381 0.038168 0.065766
v 0.326381 -0.019440 0.063550
v 0.326415 -0.021988 0.048250
v 0.326427 0.021943 0.048250
v 0.326453 0.019548 0.063550
v 0.326523 0.019539 0.028521
v 0.326546 0.019759 0.068477
v 0.326641 0.026392 0.043450
v 0.326642 0.026392 0.046550
v 0.326667 -0.035296 0.061145
v 0.326667 0.035296 0.061145
v 0.326713 -0.026471 0.043970
v 0.326827 0.033663 0.058394
v 0.326932 -0.009205 0.063550
v 0.326950 -0.020424 0.051934
v 0.326963 0.020161 0.063096
v 0.326981 -0.036877 0.063624
v 0.326981 0.036877 0.063624
v 0.327064 0.021320 0.048750
v 0.327064 0.021320 0.077800
v 0.327077 -0.009507 0.063050
v 0.327078 0.013212 0.028325
v 0.327130 -0.020351 0.063090
v 0.327168 0.019597 0.051934
v 0.327177 -0.025776 0.048250
v 0.327215 -0.026365 0.051251
v 0.327239 -0.011997 0.063050
v 0.327241 -0.012017 0.063550
v 0.327271 -0.038165 0.065736
v 0.327274 -0.021413 0.062535
v 0.327392 0.024592 0.032248
v 0.327413 -0.021513 0.051728
v 0.327447 -0.013806 0.028402
v 0.327461 0.026183 0.032250
v 0.327508 -0.026955 0.048250
v 0.327514 -0.021599 0.052771
v 0.327524 0.020986 0.051904
v 0.327535 -0.019917 0.052043
v 0.327645 0.021714 0.052771
v 0.327663 0.025676 0.031353
v 0.327726 -0.024240 0.051250
v 0.327741 -0.021086 0.051792
v 0.327754 -0.024286 0.048250
v 0.327906 0.024408 0.031397
v 0.327966 0.021377 0.052396
v 0.328007 -0.025962 0.043750
v 0.328014 0.021054 0.032229
v 0.328032 -0.026089 0.046750
v 0.328054 0.027226 0.043737
v 0.328061 0.024983 0.043750
v 0.328110 -0.021148 0.032235
v 0.328123 0.025928 0.032250
v 0.328155 0.022190 0.048288
v 0.328166 0.027325 0.032292
v 0.328261 0.026756 0.031397
v 0.328273 0.025616 0.032275
v 0.328319 0.025243 0.030745
v 0.328326 -0.014628 0.028050
v 0.328347 0.024404 0.032250
v 0.328348 0.024977 0.043750
v 0.328358 0.020782 0.052386
v 0.328369 -0.021434 0.068477
v 0.328383 -0.024854 0.046750
v 0.328417 0.025249 0.031823
v 0.328466 -0.027404 0.043731
v 0.328481 -0.024769 0.043750
v 0.328482 0.026465 0.043750
v 0.328493 -0.027788 0.038719
v 0.328507 0.024644 0.032272
v 0.328536 0.014838 0.026450
v 0.328541 0.026147 0.043750
v 0.328561 0.025719 0.046750
v 0.328577 0.025060 0.046207
v 0.328606 0.032848 0.057250
v 0.328727 -0.027864 0.051248
v 0.328747 0.024679 0.046750
v 0.328790 0.033650 0.055748
v 0.328791 0.026073 0.046169
v 0.328827 0.023563 0.031378
v 0.328863 0.024212 0.043750
v 0.328884 0.026361 0.030747
v 0.328890 0.026290 0.031823
v 0.328907 0.027801 0.046737
v 0.328916 0.026526 0.032246
v 0.328921 -0.021722 0.028521
v 0.328935 0.023125 0.032249
v 0.328945 -0.022818 0.048292
v 0.328958 -0.021919 0.070477
v 0.328964 -0.027882 0.048249
v 0.329082 0.024319 0.031823
v 0.329093 -0.027106 0.043750
v 0.329112 -0.015510 0.026450
v 0.329146 -0.001615 0.068477
v 0.329164 -0.023675 0.048251
v 0.329175 -0.001679 0.070477
v 0.329195 0.024121 0.030743
v 0.329220 0.022314 0.051792
v 0.329230 -0.028035 0.048054
v 0.329246 0.022334 0.052708
v 0.329262 -0.028173 0.043453
v 0.329286 -0.027119 0.046750
v 0.329288 0.027640 0.032248
v 0.329311 0.024079 0.032277
v 0.329320 0.024342 0.046169
v 0.329405 -0.022519 0.051934
v 0.329442 0.027275 0.031353
v 0.329476 0.028117 0.048195
v 0.329555 0.025360 0.032250
v 0.329651 -0.031133 0.038750
v 0.329651 -0.031133 0.050750
v 0.329657 0.026465 0.046751
v 0.329677 -0.022521 0.052527
v 0.329718 0.031010 0.038404
v 0.329730 0.026632 0.043750
v 0.329740 -0.022707 0.052708
v 0.329773 0.023395 0.051728
v 0.329779 0.023836 0.032250
v 0.329791 0.026378 0.046169
v 0.329811 0.026642 0.032275
v 0.329814 -0.023697 0.051250
v 0.329822 -0.028423 0.032285
v 0.329830 -0.003755 0.068477
v 0.329854 -0.021925 0.051934
v 0.329902 0.023509 0.062535
v 0.329907 -0.003859 0.070477
v 0.329931 0.023866 0.043750
v 0.329941 -0.024608 0.046750
v 0.329968 0.016743 0.028402
v 0.329976 0.026842 0.043750
v 0.330020 0.024352 0.046751
v 0.330028 0.026401 0.031823
v 0.330034 0.026475 0.030743
v 0.330039 0.024171 0.043750
v 0.330102 -0.024715 0.043750
v 0.330119 0.022708 0.063550
v 0.330123 0.026792 0.032250
v 0.330131 -0.036324 0.057255
v 0.330167 -0.023844 0.048692
v 0.330220 0.024430 0.031823
v 0.330250 0.036363 0.057246
v 0.330260 0.024398 0.030751
v 0.330319 0.024647 0.046169
v 0.330471 -0.026249 0.043750
v 0.330472 0.022900 0.028525
v 0.330498 0.023709 0.031330
v 0.330512 -0.026126 0.046750
v 0.330537 0.024497 0.032275
v 0.330554 0.025665 0.046169
v 0.330556 -0.029462 0.038250
v 0.330559 -0.028894 0.043950
v 0.330578 0.022608 0.051860
v 0.330596 0.025546 0.046750
v 0.330616 -0.017359 0.028402
v 0.330693 0.025470 0.031823
v 0.330724 -0.027376 0.048250
v 0.330747 -0.028954 0.046721
v 0.330777 -0.023265 0.063089
v 0.330792 0.025477 0.030745
v 0.330793 0.025779 0.032275
v 0.330794 -0.029023 0.053150
v 0.330815 0.025957 0.043750
v 0.330827 0.025184 0.043750
v 0.330829 0.023294 0.063097
v 0.330861 -0.037715 0.060427
v 0.330876 0.037726 0.060446
v 0.330877 -0.027222 0.051250
v 0.330900 0.026023 0.032250
v 0.330911 0.023343 0.032261
v 0.330933 -0.023298 0.032233
v 0.330962 -0.024386 0.048699
v 0.330970 0.017410 0.028050
v 0.330982 0.026642 0.031353
v 0.330987 0.024792 0.032250
v 0.331037 0.024939 0.043750
v 0.331066 -0.022943 0.052440
v 0.331145 0.024365 0.048269
v 0.331171 0.026991 0.032248
v 0.331290 0.025568 0.084600
v 0.331291 -0.025569 0.084600
v 0.331293 -0.025082 0.051248
v 0.331387 0.029369 0.043450
v 0.331390 -0.025303 0.048224
v 0.331406 -0.024502 0.062535
v 0.331448 0.025044 0.031353
v 0.331492 0.029333 0.046701
v 0.331566 0.023685 0.068477
v 0.331566 0.024007 0.052366
v 0.331605 -0.024598 0.051729
v 0.331675 -0.024642 0.052771
v 0.331707 0.029499 0.048250
v 0.331744 -0.035679 0.058192
v 0.331816 -0.034907 0.055750
v 0.331825 0.024731 0.052771
v 0.331837 0.023983 0.051773
v 0.331838 0.025113 0.032248
v 0.331890 0.018151 0.026450
v 0.331935 -0.024173 0.051792
v 0.332084 -0.024321 0.051934
v 0.332107 -0.024941 0.048274
v 0.332121 -0.039568 0.065076
v 0.332131 0.039568 0.065076
v 0.332196 0.024048 0.052555
v 0.332380 -0.034696 0.057247
v 0.332462 -0.023679 0.051934
v 0.332541 -0.018760 0.028061
v 0.332591 -0.018693 0.026450
v 0.332682 -0.026346 0.084600
v 0.332704 -0.015751 0.070477
v 0.332715 -0.024349 0.051745
v 0.332721 -0.015832 0.068477
v 0.332823 0.029957 0.032287
v 0.332823 -0.025463 0.077801
v 0.332920 0.029951 0.043737
v 0.332989 0.030224 0.038730
v 0.333001 -0.024633 0.063550
v 0.333115 0.024839 0.051787
v 0.333130 0.024695 0.070477
v 0.333136 0.025568 0.077800
v 0.333136 0.025568 0.083700
v 0.333137 -0.025569 0.083700
v 0.333159 -0.024553 0.028521
v 0.333336 0.024215 0.052341
v 0.333346 -0.027757 0.048250
v 0.333346 0.028599 0.048250
v 0.333396 -0.027610 0.032250
v 0.333396 0.028746 0.032250
v 0.333483 -0.028842 0.032250
v 0.333483 -0.028842 0.048250
v 0.333483 0.027515 0.032250
v 0.333483 0.027515 0.048250
v 0.333644 0.025124 0.052708
v 0.333677 0.019728 0.028402
v 0.333683 -0.025135 0.052710
v 0.333799 -0.028399 0.048250
v 0.333799 0.027957 0.048250
v 0.333825 -0.028494 0.054606
v 0.333825 0.027863 0.054606
v 0.333848 -0.025157 0.052524
v 0.333989 -0.025073 0.032224
v 0.334011 -0.030421 0.048159
v 0.334053 -0.027467 0.054606
v 0.334053 0.028890 0.054606
v 0.334114 0.025996 0.048291
v 0.334122 -0.027397 0.048250
v 0.334122 0.028959 0.048250
v 0.334165 -0.026833 0.032250
v 0.334165 -0.026833 0.048250
v 0.334165 0.029524 0.032250
v 0.334208 0.025999 0.051728
v 0.334260 -0.029610 0.032250
v 0.334260 0.026746 0.032250
v 0.334272 0.025215 0.032227
v 0.334274 0.025190 0.063550
v 0.334366 0.026095 0.062535
v 0.334407 -0.029660 0.048250
v 0.334407 0.026696 0.048250
v 0.334435 -0.020201 0.028402
v 0.334437 -0.030749 0.043448
v 0.334452 0.029672 0.048250
v 0.334469 -0.030818 0.069602
v 0.334480 0.035354 0.057249
v 0.334505 0.027177 0.048250
v 0.334527 -0.012609 0.070477
v 0.334531 -0.012629 0.068477
v 0.334561 0.025628 0.051934
v 0.334746 -0.025288 0.068477
v 0.334749 -0.029277 0.048250
v 0.334792 0.020179 0.028050
v 0.334828 -0.028178 0.055216
v 0.334828 0.028178 0.055216
v 0.334844 -0.025261 0.070477
v 0.334896 -0.029274 0.054616
v 0.334896 0.027083 0.054616
v 0.334906 0.025413 0.028516
v 0.334950 -0.025806 0.051934
v 0.334968 0.036450 0.057979
v 0.335006 0.033482 0.038750
v 0.335006 0.033482 0.050750
v 0.335051 -0.033349 0.038404
v 0.335057 -0.027152 0.054606
v 0.335057 0.029205 0.054606
v 0.335075 -0.025655 0.063087
v 0.335151 0.029180 0.048250
v 0.335152 -0.027177 0.048250
v 0.335184 0.030860 0.048209
v 0.335188 0.025696 0.063097
v 0.335213 -0.031010 0.053150
v 0.335213 0.031010 0.069600
v 0.335395 -0.026624 0.048263
v 0.335396 -0.026746 0.032250
v 0.335396 0.029610 0.032250
v 0.335433 -0.025133 0.052268
v 0.335512 0.031144 0.053144
v 0.335519 0.027354 0.048236
v 0.335623 0.031685 0.038250
v 0.335662 0.029426 0.048250
v 0.335684 -0.033287 0.055750
v 0.335684 -0.033287 0.057250
v 0.335695 -0.031107 0.032289
v 0.335722 0.033299 0.055750
v 0.335722 0.033299 0.057250
v 0.335728 -0.017935 0.070477
v 0.335784 -0.029386 0.032250
v 0.335784 0.026970 0.032250
v 0.335799 -0.031101 0.043738
v 0.335801 -0.017934 0.068477
v 0.335834 -0.031190 0.046721
v 0.335843 0.020720 0.026450
v 0.335857 0.028399 0.048250
v 0.335901 -0.029284 0.048250
v 0.335901 0.027073 0.048250
v 0.335924 -0.028111 0.054616
v 0.335924 0.028246 0.054616
v 0.335927 -0.028258 0.048250
v 0.336024 -0.026803 0.062535
v 0.336078 0.026902 0.048750
v 0.336078 0.026902 0.083700
v 0.336086 0.026224 0.051798
v 0.336101 -0.031319 0.038750
v 0.336101 -0.031319 0.048250
v 0.336112 0.025626 0.051860
v 0.336184 -0.026844 0.051729
v 0.336194 -0.038500 0.059364
v 0.336228 0.026362 0.052396
v 0.336314 -0.026893 0.052771
v 0.336322 -0.027802 0.048250
v 0.336322 0.028555 0.048250
v 0.336352 -0.027954 0.032250
v 0.336352 0.028402 0.032250
v 0.336390 0.038257 0.057271
v 0.336477 0.026954 0.052771
v 0.336547 0.031396 0.046714
v 0.336568 0.031500 0.043450
v 0.336625 -0.026438 0.051792
v 0.336638 -0.021110 0.026450
v 0.336695 -0.026457 0.052702
v 0.336973 -0.038387 0.057254
v 0.337039 -0.008669 0.068477
v 0.337059 -0.008666 0.070477
v 0.337495 0.026531 0.032226
v 0.337505 -0.026536 0.032228
v 0.337510 -0.037551 0.061902
v 0.337510 0.037551 0.061902
v 0.337630 0.026059 0.052366
v 0.337650 0.026681 0.051773
v 0.337709 -0.021610 0.028050
v 0.337790 0.027458 0.048267
v 0.337897 -0.026595 0.028525
v 0.337910 0.021906 0.028402
v 0.337960 0.031785 0.032273
v 0.337967 -0.026954 0.051934
v 0.338038 0.026777 0.068477
v 0.338177 0.031816 0.043737
v 0.338344 0.030857 0.051250
v 0.338359 -0.026296 0.052366
v 0.338377 -0.029331 0.032250
v 0.338400 0.031067 0.048250
v 0.338438 -0.032000 0.069600
v 0.338438 0.032000 0.069600
v 0.338479 0.027058 0.052708
v 0.338486 -0.030919 0.032248
v 0.338546 0.030222 0.050228
v 0.338634 0.029354 0.048250
v 0.338659 -0.027701 0.048294
v 0.338730 0.029462 0.048250
v 0.338743 0.031444 0.048250
v 0.338749 -0.022216 0.028402
v 0.338779 -0.030653 0.031353
v 0.338781 0.031294 0.050237
v 0.338868 -0.028991 0.031353
v 0.338968 0.029223 0.050222
v 0.338994 -0.037118 0.055750
v 0.339017 0.037123 0.055750
v 0.339018 0.028762 0.051250
v 0.339068 -0.029493 0.043750
v 0.339094 0.022123 0.028050
v 0.339102 0.027789 0.051729
v 0.339110 -0.028125 0.032249
v 0.339118 -0.029346 0.032250
v 0.339132 -0.019191 0.068477
v 0.339152 -0.019187 0.070477
v 0.339182 0.030218 0.043750
v 0.339204 -0.030577 0.032250
v 0.339207 0.030091 0.048250
v 0.339221 0.027842 0.062535
v 0.339245 -0.029999 0.032275
v 0.339337 -0.030554 0.043750
v 0.339365 0.031959 0.050221
v 0.339367 -0.029416 0.043750
v 0.339394 0.030438 0.040447
v 0.339406 0.039640 0.065333
v 0.339407 0.032227 0.048250
v 0.339418 0.030224 0.048205
v 0.339422 -0.030364 0.030743
v 0.339479 -0.030315 0.031823
v 0.339511 0.030808 0.048125
v 0.339558 0.031326 0.048250
v 0.339570 -0.030434 0.046750
v 0.339572 -0.029492 0.046133
v 0.339582 -0.029089 0.032271
v 0.339593 -0.029122 0.030745
v 0.339596 0.032121 0.048204
v 0.339604 0.030574 0.049250
v 0.339604 0.030574 0.050250
v 0.339608 -0.030195 0.046224
v 0.339633 0.028444 0.048299
v 0.339655 0.030204 0.043750
v 0.339655 0.031411 0.043750
v 0.339659 -0.031597 0.031397
v 0.339663 0.031141 0.048214
v 0.339667 -0.029187 0.031823
v 0.339680 0.027104 0.028524
v 0.339682 0.028674 0.050233
v 0.339688 -0.037426 0.057943
v 0.339709 -0.026885 0.051777
v 0.339714 0.029632 0.048200
v 0.339717 -0.027258 0.063085
v 0.339718 0.027143 0.063550
v 0.339770 0.030923 0.038537
v 0.339789 -0.028169 0.031397
v 0.339812 0.029890 0.038545
v 0.339843 0.027223 0.063088
v 0.339874 -0.027369 0.052524
v 0.339881 0.029755 0.050250
v 0.339896 0.029760 0.049200
v 0.339896 -0.004547 0.068477
v 0.339902 0.030886 0.040246
v 0.339908 0.032444 0.051245
v 0.339916 -0.004543 0.070477
v 0.339965 -0.032245 0.046737
v 0.339972 -0.031085 0.032276
v 0.339982 -0.031346 0.032250
v 0.340002 0.029886 0.040248
v 0.340017 0.031146 0.043750
v 0.340018 0.037463 0.057934
v 0.340029 -0.028934 0.046751
v 0.340036 -0.031101 0.043750
v 0.340072 0.038093 0.064554
v 0.340094 0.029408 0.040447
v 0.340126 -0.030868 0.046169
v 0.340129 -0.031396 0.043750
v 0.340146 -0.032276 0.032283
v 0.340157 0.031421 0.040447
v 0.340172 0.032278 0.050227
v 0.340173 -0.028420 0.043750
v 0.340175 0.031224 0.049250
v 0.340175 0.031224 0.050250
v 0.340179 0.032479 0.038692
v 0.340180 0.028460 0.048250
v 0.340228 0.029614 0.043750
v 0.340232 0.022441 0.026450
v 0.340251 -0.032280 0.048224
v 0.340268 0.029074 0.043750
v 0.340271 0.032330 0.048250
v 0.340316 -0.031097 0.030747
v 0.340326 -0.028390 0.032250
v 0.340362 -0.031042 0.031823
v 0.340390 -0.028640 0.043750
v 0.340401 0.029118 0.084600
v 0.340402 -0.029118 0.084600
v 0.340443 0.031453 0.048168
v 0.340444 0.008888 0.004930
v 0.340452 0.030404 0.038069
v 0.340461 0.029061 0.048250
v 0.340465 -0.028610 0.032275
v 0.340476 -0.028885 0.046213
v 0.340507 0.029339 0.048208
v 0.340509 0.028507 0.050220
v 0.340517 0.000457 0.063050
v 0.340517 0.000457 0.063550
v 0.340550 -0.029914 0.032250
v 0.340586 0.028237 0.083700
v 0.340673 -0.034917 0.038750
v 0.340673 -0.034917 0.050750
v 0.340673 0.034917 0.038750
v 0.340676 0.027666 0.051934
v 0.340730 0.029585 0.049250
v 0.340730 0.029585 0.050250
v 0.340731 -0.028736 0.030751
v 0.340738 -0.028786 0.031823
v 0.340749 0.031170 0.038545
v 0.340779 -0.030946 0.046750
v 0.340781 -0.026651 0.070477
v 0.340783 0.029614 0.038537
v 0.340787 -0.026545 0.068477
v 0.340798 -0.001868 0.063050
v 0.340798 -0.001868 0.063550
v 0.340803 0.031639 0.048250
v 0.340831 0.026938 0.051934
v 0.340877 -0.031805 0.031353
v 0.340880 0.027458 0.032235
v 0.340926 0.031598 0.043750
v 0.340927 -0.028336 0.083701
v 0.340978 0.027677 0.051792
v 0.340978 -0.028243 0.062535
v 0.340986 -0.033043 0.038250
v 0.340993 0.029931 0.040240
v 0.341023 0.031054 0.049250
v 0.341023 0.031054 0.050250
v 0.341023 0.029569 0.040450
v 0.341035 -0.027541 0.032262
v 0.341042 0.030977 0.043750
v 0.341048 -0.031146 0.032245
v 0.341055 0.031146 0.040344
v 0.341068 -0.032550 0.038750
v 0.341068 -0.032550 0.053150
v 0.341070 0.028340 0.051249
v 0.341083 -0.028102 0.031305
v 0.341089 -0.022663 0.026450
v 0.341095 -0.027751 0.051934
v 0.341101 0.032490 0.048252
v 0.341107 -0.028850 0.048250
v 0.341108 -0.028247 0.051729
v 0.341147 0.002711 0.063050
v 0.341147 0.002711 0.063550
v 0.341164 -0.030758 0.046169
v 0.341171 0.031191 0.048203
v 0.341199 -0.028359 0.048750
v 0.341200 0.029979 0.043750
v 0.341202 -0.032662 0.043439
v 0.341209 -0.032462 0.043738
v 0.341213 -0.031259 0.043750
v 0.341223 0.029676 0.048206
v 0.341258 0.032141 0.050230
v 0.341264 0.030530 0.038545
v 0.341270 0.028448 0.048684
v 0.341279 -0.028280 0.052771
v 0.341300 0.030235 0.049250
v 0.341300 0.030235 0.050250
v 0.341321 -0.027469 0.068477
v 0.341325 -0.030937 0.043750
v 0.341329 -0.029199 0.046750
v 0.341334 -0.000581 0.070474
v 0.341396 -0.027509 0.070477
v 0.341403 -0.029278 0.046133
v 0.341410 -0.027053 0.052366
v 0.341429 -0.038139 0.065279
v 0.341433 -0.030641 0.031823
v 0.341449 -0.031977 0.032250
v 0.341451 0.028311 0.052771
v 0.341507 -0.030705 0.030745
v 0.341507 -0.000196 0.026450
v 0.341507 -0.000196 0.063050
v 0.341510 0.000142 0.062906
v 0.341510 0.030371 0.040447
v 0.341516 0.030368 0.048194
v 0.341537 0.028361 0.048286
v 0.341538 0.028826 0.050231
v 0.341549 -0.030003 0.046187
v 0.341551 0.031995 0.048250
v 0.341558 -0.030231 0.046750
v 0.341573 -0.029139 0.043750
v 0.341619 -0.027797 0.052708
v 0.341620 -0.029513 0.031823
v 0.341621 -0.039651 0.065290
v 0.341637 -0.029188 0.032275
v 0.341651 -0.027802 0.051792
v 0.341654 0.027661 0.070477
v 0.341655 -0.028841 0.043750
v 0.341661 0.028895 0.048250
v 0.341680 -0.029296 0.030743
v 0.341698 0.000724 0.004433
v 0.341707 -0.000115 0.062903
v 0.341722 -0.030493 0.032275
v 0.341725 -0.000876 0.004432
v 0.341758 -0.028958 0.032250
v 0.341771 0.006198 0.065930
v 0.341783 0.030220 0.043750
v 0.341796 0.030413 0.048250
v 0.341820 -0.001809 0.062896
v 0.341839 0.027776 0.052530
v 0.341859 0.001852 0.026450
v 0.341859 0.001852 0.063050
v 0.341882 -0.027707 0.063550
v 0.341914 0.031985 0.051251
v 0.341931 -0.030359 0.043750
v 0.341947 -0.003908 0.063050
v 0.341947 -0.003908 0.063550
v 0.341982 -0.030482 0.032250
v 0.341992 -0.031156 0.031397
v 0.341996 0.032626 0.046714
v 0.342012 -0.001028 0.070332
v 0.342019 -0.002210 0.026450
v 0.342019 -0.002210 0.063050
v 0.342035 0.032726 0.043450
v 0.342082 -0.028784 0.031397
v 0.342105 0.002525 0.062903
v 0.342128 -0.032685 0.046686
v 0.342133 0.029101 0.048243
v 0.342181 0.002223 0.004434
v 0.342195 0.031200 0.050231
v 0.342239 -0.022937 0.028050
v 0.342295 -0.002503 0.004443
v 0.342300 0.029903 0.050227
v 0.342363 0.002387 0.062960
v 0.342407 -0.028512 0.048270
v 0.342412 -0.000154 0.069874
v 0.342432 0.027273 0.052362
v 0.342452 0.030475 0.048250
v 0.342460 -0.030002 0.031346
v 0.342496 0.023186 0.028402
v 0.342509 0.000262 0.068477
v 0.342513 0.002204 0.070337
v 0.342561 0.030857 0.048250
v 0.342566 0.029900 0.051251
v 0.342568 -0.028773 0.032246
v 0.342588 0.001200 0.069909
v 0.342592 0.004553 0.063050
v 0.342592 0.004553 0.063550
v 0.342625 -0.030923 0.032249
v 0.342774 0.004165 0.065717
v 0.342783 0.004146 0.005167
v 0.342828 -0.001803 0.069874
v 0.342856 -0.003114 0.062909
v 0.342875 0.003960 0.065963
v 0.342892 0.003925 0.004942
v 0.342955 -0.027718 0.028521
v 0.342988 0.034814 0.038238
v 0.342995 0.003527 0.004486
v 0.343004 0.026316 0.063550
v 0.343013 0.003579 0.026450
v 0.343013 0.003579 0.063050
v 0.343020 -0.002107 0.068479
v 0.343036 0.003777 0.070475
v 0.343080 0.002278 0.069899
v 0.343135 0.010215 0.004930
v 0.343176 -0.003587 0.004445
v 0.343196 -0.003796 0.062898
v 0.343236 0.003435 0.062907
v 0.343278 0.026118 0.063050
v 0.343305 -0.003842 0.026450
v 0.343305 -0.003842 0.063050
v 0.343318 0.027530 0.051765
v 0.343380 -0.023322 0.028402
v 0.343485 -0.012424 0.070477
v 0.343494 -0.012415 0.068477
v 0.343518 -0.032669 0.032249
v 0.343529 0.002773 0.068480
v 0.343559 -0.022131 0.068477
v 0.343563 -0.022151 0.070477
v 0.343588 0.028072 0.052708
v 0.343674 0.032765 0.043737
v 0.343722 0.032814 0.032276
v 0.343756 -0.037271 0.057246
v 0.343789 -0.005353 0.063050
v 0.343789 -0.005353 0.063550
v 0.343852 -0.003124 0.069884
v 0.343852 -0.003833 0.070403
v 0.343867 0.028150 0.051934
v 0.344122 -0.032914 0.048250
v 0.344144 0.003857 0.070340
v 0.344147 0.028661 0.051729
v 0.344168 -0.039343 0.057247
v 0.344177 0.011610 0.063050
v 0.344177 0.011610 0.063550
v 0.344234 0.004321 0.004441
v 0.344236 0.004225 0.062964
v 0.344294 -0.028186 0.051934
v 0.344302 0.003472 0.069899
v 0.344309 0.028694 0.062535
v 0.344350 -0.027444 0.051934
v 0.344384 -0.016632 0.068477
v 0.344413 -0.016890 0.070477
v 0.344423 -0.027951 0.032233
v 0.344462 0.007525 0.065930
v 0.344528 -0.004357 0.062964
v 0.344530 -0.004473 0.004444
v 0.344550 0.039385 0.057252
v 0.344559 -0.028028 0.063083
v 0.344591 0.037316 0.057244
v 0.344632 0.005702 0.063050
v 0.344632 0.005702 0.063550
v 0.344639 0.004730 0.062853
v 0.344664 0.027959 0.032229
v 0.344725 0.018790 0.063500
v 0.344771 0.004688 0.026450
v 0.344771 0.004688 0.063050
v 0.344872 0.023327 0.028061
v 0.344874 0.027913 0.028545
v 0.344878 0.023243 0.026450
v 0.344898 -0.014349 0.070477
v 0.344906 -0.014388 0.068477
v 0.345006 -0.030876 0.048250
v 0.345006 0.030124 0.048250
v 0.345018 -0.003715 0.068477
v 0.345043 0.028752 0.048291
v 0.345068 -0.029932 0.032250
v 0.345068 0.031068 0.032250
v 0.345090 -0.028694 0.052771
v 0.345096 -0.032897 0.048054
v 0.345128 0.032899 0.048055
v 0.345144 -0.004809 0.026450
v 0.345144 -0.004809 0.063050
v 0.345292 -0.031456 0.032250
v 0.345292 0.029544 0.032250
v 0.345333 0.028705 0.052771
v 0.345333 -0.004834 0.062934
v 0.345383 -0.003935 0.069874
v 0.345407 -0.018967 0.070477
v 0.345409 -0.019007 0.068477
v 0.345427 -0.029394 0.048250
v 0.345427 0.031606 0.048250
v 0.345463 0.005495 0.005142
v 0.345464 0.027725 0.052525
v 0.345473 -0.030271 0.054606
v 0.345473 0.005473 0.065696
v 0.345498 0.030823 0.048250
v 0.345517 0.030989 0.054616
v 0.345562 0.005293 0.004896
v 0.345582 0.005253 0.065925
v 0.345588 -0.029882 0.048250
v 0.345622 0.017840 0.057300
v 0.345622 0.017840 0.063700
v 0.345638 -0.028836 0.077050
v 0.345639 0.028824 0.077155
v 0.345643 -0.032987 0.068292
v 0.345643 -0.028835 0.068203
v 0.345677 0.032995 0.068352
v 0.345703 -0.033000 0.076907
v 0.345703 0.033000 0.077293
v 0.345713 -0.035391 0.046501
v 0.345713 0.032991 0.046501
v 0.345713 0.032991 0.057999
v 0.345714 0.035386 0.045994
v 0.345719 -0.031206 0.048250
v 0.345719 0.029794 0.048250
v 0.345720 -0.028839 0.058479
v 0.345721 0.028838 0.068005
v 0.345721 0.028841 0.058005
v 0.345722 -0.032992 0.046496
v 0.345722 -0.032992 0.058004
v 0.345723 0.022688 0.063550
v 0.345741 0.022678 0.063050
v 0.345742 0.012341 0.057300
v 0.345742 0.012341 0.063700
v 0.345759 0.004740 0.062965
v 0.345762 -0.023288 0.026450
v 0.345775 0.004822 0.004440
v 0.345789 -0.031275 0.054606
v 0.345789 0.029725 0.054606
v 0.345837 0.031845 0.032250
v 0.345856 -0.032998 0.058823
v 0.345862 -0.039671 0.065635
v 0.345867 0.028848 0.068831
v 0.345867 0.028848 0.058831
v 0.345870 -0.028847 0.057667
v 0.345870 -0.032998 0.045667
v 0.345904 0.004066 0.069899
v 0.345916 0.033000 0.058880
v 0.345917 0.033000 0.076516
v 0.345917 -0.033000 0.077684
v 0.345918 -0.035395 0.045619
v 0.345918 0.032994 0.045619
v 0.345919 0.035388 0.046881
v 0.345920 -0.027646 0.052440
v 0.345959 0.033000 0.067616
v 0.345986 -0.008599 0.068477
v 0.345990 -0.008619 0.070477
v 0.345998 0.039658 0.065345
v 0.346043 -0.005983 0.063050
v 0.346043 -0.005983 0.063550
v 0.346079 -0.031982 0.048250
v 0.346079 0.029018 0.048250
v 0.346102 -0.004868 0.004443
v 0.346110 0.004630 0.070410
v 0.346158 0.028220 0.051792
v 0.346185 -0.029496 0.054606
v 0.346246 -0.028159 0.052524
v 0.346253 0.035401 0.045472
v 0.346254 -0.028850 0.067472
v 0.346254 -0.033000 0.069028
v 0.346276 -0.028976 0.032250
v 0.346279 0.031529 0.048250
v 0.346294 -0.028757 0.051729
v 0.346402 -0.031997 0.032250
v 0.346402 0.029003 0.032250
v 0.346443 -0.033015 0.057395
v 0.346448 0.028863 0.057399
v 0.346451 0.028851 0.076240
v 0.346451 -0.028851 0.077960
v 0.346453 -0.028851 0.059107
v 0.346453 -0.028851 0.069107
v 0.346453 -0.033002 0.047107
v 0.346454 -0.033011 0.067393
v 0.346456 0.033012 0.069107
v 0.346458 -0.033001 0.076245
v 0.346460 0.028858 0.067393
v 0.346460 -0.028785 0.048328
v 0.346464 0.033011 0.077955
v 0.346468 0.037870 0.055750
v 0.346468 -0.037870 0.055750
v 0.346473 0.025751 0.068477
v 0.346474 0.025763 0.065477
v 0.346476 0.025546 0.070502
v 0.346492 0.025568 0.070960
v 0.346500 -0.040000 0.075300
v 0.346500 -0.039997 0.075500
v 0.346500 -0.039818 0.085712
v 0.346500 -0.039300 0.075500
v 0.346500 -0.039300 0.076800
v 0.346500 -0.039199 0.075300
v 0.346500 -0.039199 0.076800
v 0.346500 -0.038499 0.075300
v 0.346500 -0.038474 0.076800
v 0.346500 -0.038333 0.084864
v 0.346500 -0.036024 0.088042
v 0.346500 -0.035525 0.086588
v 0.346500 -0.035000 0.055750
v 0.346500 -0.035000 0.057250
v 0.346500 -0.033200 0.075300
v 0.346500 -0.033200 0.076800
v 0.346500 0.033200 0.075300
v 0.346500 0.033200 0.076800
v 0.346500 0.035000 0.055750
v 0.346500 0.035000 0.057250
v 0.346500 0.035525 0.086588
v 0.346500 0.036024 0.088042
v 0.346500 0.038333 0.084864
v 0.346500 0.038499 0.075300
v 0.346500 0.039199 0.075300
v 0.346500 0.039199 0.076800
v 0.346500 0.039300 0.075500
v 0.346500 0.039300 0.076800
v 0.346500 0.039818 0.085712
v 0.346500 0.039997 0.075500
v 0.346500 0.040000 0.075300
v 0.346500 -0.035400 0.038750
v 0.346500 -0.034900 0.038250
v 0.346500 -0.033000 0.053150
v 0.346500 -0.033000 0.070600
v 0.346500 -0.033000 0.083600
v 0.346500 -0.032000 0.084600
v 0.346500 -0.030500 0.055216
v 0.346500 0.028850 0.048750
v 0.346500 0.028850 0.083700
v 0.346500 0.030500 0.055216
v 0.346500 0.032000 0.084600
v 0.346500 0.033000 0.053150
v 0.346500 0.033000 0.070600
v 0.346500 0.033000 0.083600
v 0.346500 0.033500 0.038250
v 0.346500 0.035400 0.038750
v 0.346500 0.035400 0.050750
v 0.346500 0.038474 0.076800
v 0.346502 0.026137 0.064174
v 0.346510 0.026308 0.063050
v 0.346544 0.033013 0.057394
v 0.346547 0.033002 0.047107
v 0.346547 -0.035400 0.047107
v 0.346553 -0.028851 0.076244
v 0.346561 0.028865 0.077955
v 0.346573 0.004063 0.068480
v 0.346586 0.026236 0.070932
v 0.346607 0.004730 0.004496
v 0.346652 0.026369 0.070497
v 0.346663 -0.032926 0.032290
v 0.346692 0.024813 0.070945
v 0.346706 0.024819 0.070499
v 0.346731 -0.032998 0.077896
v 0.346731 0.033000 0.076304
v 0.346746 0.032999 0.045472
v 0.346747 -0.035401 0.045472
v 0.346751 -0.028849 0.057463
v 0.346751 0.028849 0.059037
v 0.346751 -0.032999 0.059037
v 0.346751 0.032999 0.067463
v 0.346752 0.035404 0.047027
v 0.346755 -0.033004 0.045464
v 0.346756 0.028852 0.069036
v 0.346761 -0.004674 0.070407
v 0.346771 -0.032890 0.043738
v 0.346772 0.024530 0.063050
v 0.346810 -0.028220 0.052708
v 0.346815 -0.031504 0.054606
v 0.346815 0.029496 0.054606
v 0.346823 -0.029498 0.048250
v 0.346827 0.004986 0.026450
v 0.346827 0.004986 0.063050
v 0.346842 -0.028220 0.051792
v 0.346873 0.028108 0.052527
v 0.346895 -0.004954 0.062936
v 0.346911 0.025458 0.068477
v 0.346917 -0.029015 0.048245
v 0.346921 0.031982 0.048250
v 0.346926 0.024459 0.064193
v 0.346935 0.029459 0.048231
v 0.346936 0.025331 0.070477
v 0.346943 -0.023326 0.028050
v 0.346957 0.005983 0.063050
v 0.346957 0.005983 0.063550
v 0.346969 0.028078 0.068477
v 0.346981 -0.031491 0.048250
v 0.346989 0.031483 0.054616
v 0.347014 0.026882 0.070961
v 0.347054 0.004961 0.062906
v 0.347068 0.031932 0.032250
v 0.347070 0.032997 0.058928
v 0.347080 0.027522 0.051934
v 0.347080 0.035392 0.045617
v 0.347080 -0.004049 0.069874
v 0.347082 -0.028843 0.067619
v 0.347085 -0.033001 0.068879
v 0.347093 0.028266 0.051934
v 0.347153 0.025809 0.065477
v 0.347182 0.027025 0.070495
v 0.347193 0.025954 0.070477
v 0.347196 0.027005 0.064224
v 0.347211 -0.029725 0.054606
v 0.347212 0.025638 0.062485
v 0.347214 -0.004720 0.062828
v 0.347217 -0.004945 0.026450
v 0.347217 -0.004945 0.063050
v 0.347224 0.024228 0.065477
v 0.347230 0.024246 0.070957
v 0.347238 0.024219 0.068477
v 0.347245 0.023520 0.028412
v 0.347262 0.025975 0.066556
v 0.347267 0.032984 0.057964
v 0.347269 0.024197 0.070504
v 0.347286 0.025160 0.066675
v 0.347287 0.035391 0.046501
v 0.347287 -0.028838 0.068501
v 0.347288 -0.032991 0.068000
v 0.347293 0.025527 0.068477
v 0.347321 0.025736 0.065470
v 0.347321 0.025639 0.064250
v 0.347333 -0.029253 0.032250
v 0.347356 -0.032977 0.058197
v 0.347357 -0.028833 0.077148
v 0.347357 0.032986 0.068298
v 0.347357 0.028837 0.068203
v 0.347357 0.028836 0.077054
v 0.347357 -0.032988 0.077054
v 0.347357 0.032986 0.077148
v 0.347357 -0.028836 0.058297
v 0.347357 0.028834 0.058202
v 0.347357 -0.035390 0.046203
v 0.347357 -0.032989 0.046297
v 0.347357 0.032989 0.046203
v 0.347368 0.025525 0.063050
v 0.347380 0.025043 0.062514
v 0.347388 0.017879 0.057513
v 0.347409 0.017879 0.063466
v 0.347418 0.027177 0.068477
v 0.347429 0.027183 0.065477
v 0.347439 0.026335 0.062524
v 0.347456 -0.031708 0.032250
v 0.347456 0.029292 0.032250
v 0.347482 0.037895 0.057879
v 0.347491 0.030981 0.048250
v 0.347502 0.026804 0.070477
v 0.347505 -0.003959 0.068477
v 0.347508 0.012380 0.063487
v 0.347516 0.024793 0.070477
v 0.347516 -0.028810 0.062549
v 0.347521 -0.037891 0.057878
v 0.347521 -0.028254 0.051934
v 0.347527 -0.030729 0.054606
v 0.347527 0.030271 0.054606
v 0.347529 0.012380 0.057534
v 0.347529 -0.030279 0.048250
v 0.347573 -0.031606 0.048250
v 0.347573 0.029394 0.048250
v 0.347574 0.032918 0.046714
v 0.347609 0.003956 0.069899
v 0.347618 0.004737 0.004435
v 0.347620 0.017884 0.057269
v 0.347625 0.024737 0.065477
v 0.347629 0.033010 0.043450
v 0.347652 0.017884 0.063698
v 0.347659 0.025658 0.070955
v 0.347671 0.026289 0.063050
v 0.347675 0.026889 0.068477
v 0.347716 -0.004728 0.004442
v 0.347740 0.012385 0.063731
v 0.347749 0.024787 0.066538
v 0.347768 0.026576 0.070477
v 0.347772 0.012386 0.057302
v 0.347774 -0.032922 0.046710
v 0.347819 0.024731 0.062498
v 0.347822 0.025392 0.070944
v 0.347830 0.024410 0.070477
v 0.347851 0.004587 0.062961
v 0.347878 0.024881 0.063050
v 0.347911 0.024849 0.065473
v 0.347919 0.027335 0.070953
v 0.347920 0.027423 0.063050
v 0.347928 0.026004 0.070944
v 0.347956 0.024855 0.064250
v 0.347966 0.023955 0.070951
v 0.347979 0.021574 0.063050
v 0.347980 0.026442 0.064250
v 0.347994 -0.030124 0.048250
v 0.347994 0.030876 0.048250
v 0.347997 0.024314 0.068477
v 0.348024 -0.030276 0.032250
v 0.348024 0.030724 0.032250
v 0.348060 0.032984 0.038800
v 0.348064 0.026732 0.065477
v 0.348066 0.023899 0.063050
v 0.348067 -0.027936 0.051745
v 0.348079 0.026480 0.065473
v 0.348084 -0.028039 0.068477
v 0.348088 0.026518 0.066468
v 0.348128 -0.027905 0.028526
v 0.348138 -0.023472 0.028402
v 0.348167 0.025123 0.070952
v 0.348170 0.026721 0.066663
v 0.348172 0.025487 0.070777
v 0.348174 -0.032986 0.043450
v 0.348181 0.025645 0.064996
v 0.348190 0.025803 0.070777
v 0.348194 0.026167 0.070955
v 0.348200 0.027371 0.070509
v 0.348226 0.024804 0.068477
v 0.348263 0.026537 0.068477
v 0.348275 0.004196 0.070337
v 0.348312 0.021549 0.063550
v 0.348330 0.023935 0.070495
v 0.348336 -0.027959 0.032229
v 0.348358 0.027962 0.032238
v 0.348368 -0.005702 0.063050
v 0.348368 -0.005702 0.063550
v 0.348434 0.025286 0.070944
v 0.348484 0.026409 0.063050
v 0.348485 0.028280 0.063049
v 0.348486 0.024741 0.066546
v 0.348536 0.026614 0.062514
v 0.348539 0.025898 0.070959
v 0.348581 0.023966 0.064193
v 0.348600 0.024740 0.062526
v 0.348607 0.026588 0.070477
v 0.348626 0.028713 0.048285
v 0.348663 0.024745 0.065477
v 0.348673 0.027324 0.064174
v 0.348691 0.025001 0.063050
v 0.348691 0.028131 0.052702
v 0.348703 0.025632 0.070937
v 0.348726 0.025030 0.065475
v 0.348750 0.024052 0.070957
v 0.348753 0.025055 0.064250
v 0.348761 0.027235 0.070958
v 0.348778 -0.027889 0.063050
v 0.348826 0.004422 0.026450
v 0.348826 0.004422 0.063050
v 0.348854 -0.027858 0.063550
v 0.348878 0.032914 0.048250
v 0.348896 -0.027981 0.070477
v 0.348923 0.026080 0.064250
v 0.348932 0.024107 0.065477
v 0.348940 -0.003303 0.069853
v 0.348943 0.024113 0.068477
v 0.348947 0.024882 0.070477
v 0.348991 -0.028649 0.052771
v 0.348994 0.025764 0.063050
v 0.348995 0.025936 0.065470
v 0.349035 0.025499 0.068477
v 0.349057 0.032833 0.032281
v 0.349065 0.025632 0.066474
v 0.349089 0.025184 0.066675
v 0.349096 0.025254 0.062511
v 0.349098 0.004119 0.004436
v 0.349102 0.026539 0.070477
v 0.349106 -0.027439 0.051959
v 0.349108 0.032700 0.048254
v 0.349112 -0.004019 0.062964
v 0.349114 -0.004359 0.062853
v 0.349124 0.027071 0.068477
v 0.349126 0.025887 0.062507
v 0.349138 0.027062 0.065477
v 0.349143 0.026023 0.066673
v 0.349153 0.027100 0.063050
v 0.349155 0.025943 0.070477
v 0.349165 0.028634 0.052771
v 0.349166 -0.004226 0.026450
v 0.349166 -0.004226 0.063050
v 0.349187 0.026442 0.068477
v 0.349196 -0.004066 0.004441
v 0.349211 0.005353 0.063050
v 0.349211 0.005353 0.063550
v 0.349247 0.028625 0.051729
v 0.349249 0.026969 0.070492
v 0.349252 0.032771 0.043737
v 0.349257 -0.025324 0.063550
v 0.349268 0.025762 0.065477
v 0.349275 0.003893 0.062961
v 0.349296 0.024236 0.063050
v 0.349301 0.003024 0.069887
v 0.349349 0.024981 0.070477
v 0.349374 0.025172 0.068477
v 0.349380 0.024426 0.070499
v 0.349408 0.024463 0.070954
v 0.349414 -0.024902 0.063050
v 0.349444 -0.027168 0.063550
v 0.349448 -0.027210 0.063050
v 0.349450 0.026782 0.070949
v 0.349466 0.002785 0.068479
v 0.349468 0.028624 0.062535
v 0.349512 0.003706 0.070441
v 0.349522 0.004107 0.062839
v 0.349541 0.026630 0.064224
v 0.349546 -0.024763 0.060451
v 0.349575 -0.002558 0.068477
v 0.349590 0.023094 0.026450
v 0.349695 -0.023906 0.060449
v 0.349741 -0.003407 0.070398
v 0.349780 -0.028608 0.048279
v 0.349792 0.026233 0.070540
v 0.349828 0.026030 0.070961
v 0.349835 0.025151 0.064193
v 0.349846 0.025285 0.070950
v 0.349872 0.025424 0.070486
v 0.349877 -0.024830 0.060095
v 0.349882 -0.025560 0.060449
v 0.349886 0.025525 0.065477
v 0.349887 0.025542 0.068477
v 0.349924 -0.024422 0.060866
v 0.349934 -0.024337 0.064096
v 0.349959 0.025906 0.063050
v 0.350045 0.027718 0.028521
v 0.350073 0.027378 0.052442
v 0.350086 -0.025147 0.060861
v 0.350125 -0.001904 0.069847
v 0.350196 -0.024333 0.063550
v 0.350213 0.027276 0.051934
v 0.350287 -0.002943 0.062964
v 0.350306 0.012866 0.090602
v 0.350312 0.028014 0.051934
v 0.350326 -0.025459 0.064096
v 0.350337 -0.023329 0.060451
v 0.350341 0.001420 0.069847
v 0.350365 -0.002966 0.004438
v 0.350377 0.030901 0.032249
v 0.350388 -0.023629 0.060097
v 0.350396 -0.023730 0.060864
v 0.350401 0.002980 0.004432
v 0.350408 -0.004553 0.063050
v 0.350408 -0.004553 0.063550
v 0.350418 -0.024447 0.060652
v 0.350424 0.003093 0.026450
v 0.350424 0.003093 0.063050
v 0.350432 0.028773 0.032247
v 0.350434 -0.024621 0.064096
v 0.350434 -0.029900 0.051251
v 0.350439 -0.030857 0.048250
v 0.350465 -0.022960 0.026450
v 0.350491 -0.024904 0.060649
v 0.350558 0.011123 0.063479
v 0.350568 -0.025566 0.060848
v 0.350572 -0.023650 0.064096
v 0.350575 -0.000267 0.068477
v 0.350586 -0.000265 0.069847
v 0.350596 -0.024206 0.060742
v 0.350611 0.030407 0.031397
v 0.350643 -0.025979 0.060451
v 0.350655 -0.002776 0.026450
v 0.350655 -0.002776 0.063050
v 0.350657 -0.030283 0.050227
v 0.350665 0.029158 0.031378
v 0.350669 -0.024521 0.063050
v 0.350674 0.032663 0.048047
v 0.350680 0.027770 0.070477
v 0.350691 0.022301 0.063550
v 0.350704 0.002499 0.062963
v 0.350710 -0.024786 0.069950
v 0.350711 0.022307 0.063050
v 0.350711 -0.025150 0.060577
v 0.350735 -0.027954 0.051934
v 0.350736 0.027824 0.052514
v 0.350771 0.012498 0.089103
v 0.350782 0.028530 0.083700
v 0.350785 -0.025711 0.060097
v 0.350786 -0.032649 0.048052
v 0.350790 -0.029536 0.048250
v 0.350799 -0.024065 0.060634
v 0.350803 -0.025124 0.064096
v 0.350804 -0.024808 0.063050
v 0.350806 0.001488 0.070337
v 0.350814 -0.024056 0.064096
v 0.350821 0.001987 0.062916
v 0.350850 -0.031244 0.050229
v 0.350870 -0.029098 0.048244
v 0.350903 -0.024477 0.069950
v 0.350908 -0.031476 0.048250
v 0.350916 0.029420 0.084600
v 0.350917 -0.029420 0.084600
v 0.350926 0.029690 0.032250
v 0.350971 -0.029354 0.050227
v 0.350979 -0.025130 0.060740
v 0.351000 -0.002218 0.062896
v 0.351018 -0.012668 0.090604
v 0.351031 0.029609 0.043750
v 0.351048 -0.024585 0.063050
v 0.351053 0.003908 0.063050
v 0.351053 0.003908 0.063550
v 0.351086 -0.031985 0.051251
v 0.351105 -0.023578 0.060844
v 0.351106 0.018303 0.063050
v 0.351106 0.018303 0.063550
v 0.351120 -0.001540 0.004436
v 0.351137 -0.012465 0.089102
v 0.351159 -0.001067 0.062962
v 0.351167 -0.024109 0.060651
v 0.351194 -0.023188 0.060449
v 0.351201 -0.024695 0.069950
v 0.351217 -0.007748 0.068477
v 0.351220 -0.000206 0.070421
v 0.351242 0.030542 0.043750
v 0.351250 -0.025577 0.060856
v 0.351252 0.000512 0.062962
v 0.351258 -0.028459 0.083654
v 0.351276 -0.025041 0.060657
v 0.351278 -0.030591 0.043750
v 0.351278 0.030493 0.032275
v 0.351294 0.000112 0.004494
v 0.351318 0.031446 0.031340
v 0.351320 0.029292 0.030743
v 0.351326 -0.025552 0.064096
v 0.351343 0.001230 0.026450
v 0.351343 0.001230 0.063050
v 0.351349 0.027802 0.051792
v 0.351363 0.029187 0.032275
v 0.351367 -0.024375 0.063050
v 0.351380 0.029513 0.031823
v 0.351380 -0.024156 0.063051
v 0.351392 -0.024666 0.063050
v 0.351394 -0.024386 0.069950
v 0.351407 -0.024312 0.060645
v 0.351412 0.029804 0.046169
v 0.351419 -0.028336 0.051728
v 0.351424 -0.000846 0.026450
v 0.351424 -0.000846 0.063050
v 0.351433 -0.024232 0.063551
v 0.351448 0.000890 0.004488
v 0.351456 -0.030288 0.048236
v 0.351470 0.029394 0.046750
v 0.351493 0.030705 0.030745
v 0.351494 0.031122 0.032250
v 0.351495 -0.031979 0.050228
v 0.351497 -0.024592 0.060659
v 0.351504 -0.025923 0.060449
v 0.351521 -0.030419 0.043750
v 0.351522 -0.024638 0.064096
v 0.351550 0.000582 0.062853
v 0.351567 0.030641 0.031823
v 0.351571 -0.023743 0.064096
v 0.351614 -0.031285 0.048250
v 0.351630 -0.022759 0.028050
v 0.351659 -0.023868 0.060859
v 0.351667 -0.029471 0.048250
v 0.351674 -0.030997 0.048169
v 0.351700 -0.030235 0.050250
v 0.351712 -0.030245 0.049200
v 0.351735 0.030693 0.046750
v 0.351742 -0.030580 0.038548
v 0.351750 -0.030483 0.040280
v 0.351751 -0.029398 0.043750
v 0.351765 -0.023831 0.060097
v 0.351774 -0.007407 0.070477
v 0.351810 0.031126 0.043750
v 0.351819 -0.025163 0.060854
v 0.351836 0.030758 0.046169
v 0.351853 -0.002711 0.063050
v 0.351853 -0.002711 0.063550
v 0.351861 -0.028364 0.048741
v 0.351882 0.028482 0.032250
v 0.351899 -0.032490 0.048251
v 0.351925 -0.025110 0.060096
v 0.351927 -0.028342 0.051249
v 0.351928 0.022736 0.028037
v 0.351932 -0.032550 0.053150
v 0.351932 -0.028584 0.050228
v 0.351936 0.028727 0.043750
v 0.351943 -0.031328 0.043750
v 0.351949 0.027683 0.052710
v 0.351950 0.028080 0.031330
v 0.351953 0.027539 0.032257
v 0.351956 -0.029531 0.048169
v 0.351960 -0.024425 0.060861
v 0.351963 -0.024865 0.064096
v 0.351964 0.022886 0.028402
v 0.351977 -0.031054 0.049250
v 0.351977 -0.031054 0.050250
v 0.351990 -0.027683 0.052708
v 0.351993 -0.029794 0.038548
v 0.352004 -0.032464 0.032279
v 0.352014 -0.033043 0.038250
v 0.352022 -0.027677 0.051792
v 0.352024 0.031112 0.032271
v 0.352026 0.028960 0.046169
v 0.352029 0.028432 0.043750
v 0.352071 -0.029741 0.040307
v 0.352098 -0.032268 0.048258
v 0.352100 -0.023749 0.060451
v 0.352116 0.032245 0.032244
v 0.352121 -0.027458 0.032235
v 0.352174 -0.027781 0.063052
v 0.352187 -0.029414 0.043750
v 0.352197 -0.027058 0.052440
v 0.352202 0.001868 0.063050
v 0.352202 0.001868 0.063550
v 0.352212 -0.031149 0.040307
v 0.352214 0.034802 0.038454
v 0.352262 0.028786 0.031823
v 0.352264 -0.032378 0.043725
v 0.352269 0.028736 0.030751
v 0.352270 -0.029585 0.049250
v 0.352270 -0.029585 0.050250
v 0.352327 -0.034917 0.038750
v 0.352327 -0.034917 0.050750
v 0.352361 -0.024982 0.060450
v 0.352381 0.027525 0.051774
v 0.352391 0.028189 0.048272
v 0.352403 -0.025140 0.063050
v 0.352403 -0.025140 0.063550
v 0.352419 -0.032296 0.050228
v 0.352421 -0.028448 0.048250
v 0.352450 0.029914 0.032250
v 0.352483 -0.000457 0.063050
v 0.352483 -0.000457 0.063550
v 0.352513 -0.031267 0.038542
v 0.352539 0.028611 0.032276
v 0.352548 -0.030404 0.038069
v 0.352624 -0.031457 0.048169
v 0.352630 -0.027485 0.052524
v 0.352638 0.031042 0.031823
v 0.352684 0.031097 0.030747
v 0.352688 -0.026617 0.063050
v 0.352698 -0.026659 0.063550
v 0.352734 -0.031674 0.043750
v 0.352752 -0.029400 0.048173
v 0.352767 0.030922 0.046750
v 0.352778 -0.032500 0.038681
v 0.352825 -0.031224 0.049250
v 0.352825 -0.031224 0.050250
v 0.352829 -0.022662 0.028402
v 0.352844 -0.031653 0.048250
v 0.352871 0.031396 0.043750
v 0.352874 0.030868 0.046169
v 0.352883 -0.029660 0.040307
v 0.352916 -0.029175 0.048250
v 0.352949 0.031097 0.043750
v 0.352959 0.031777 0.031363
v 0.352971 0.028934 0.046751
v 0.353010 -0.029675 0.038542
v 0.353018 0.031346 0.032250
v 0.353021 -0.029211 0.043750
v 0.353025 -0.031067 0.040307
v 0.353029 0.031086 0.032275
v 0.353068 0.032292 0.046693
v 0.353074 -0.031286 0.043750
v 0.353088 0.029115 0.046214
v 0.353090 0.028701 0.043750
v 0.353092 -0.032444 0.051245
v 0.353119 -0.029755 0.049250
v 0.353119 -0.029755 0.050250
v 0.353162 -0.028613 0.050229
v 0.353192 0.032344 0.043450
v 0.353299 0.026675 0.051934
v 0.353320 -0.032233 0.046710
v 0.353320 -0.027104 0.028524
v 0.353333 0.029187 0.031823
v 0.353333 -0.030655 0.038548
v 0.353349 0.027851 0.032250
v 0.353357 -0.028439 0.048308
v 0.353361 -0.030322 0.040307
v 0.353386 0.027447 0.052257
v 0.353396 -0.030574 0.049250
v 0.353396 -0.030574 0.050250
v 0.353399 -0.027953 0.048287
v 0.353406 0.028706 0.032250
v 0.353408 0.029122 0.030745
v 0.353424 -0.029821 0.048166
v 0.353474 -0.027074 0.063050
v 0.353482 0.030144 0.046750
v 0.353496 0.030033 0.046155
v 0.353502 0.031903 0.032250
v 0.353521 0.030315 0.031823
v 0.353527 -0.030902 0.048217
v 0.353557 -0.027078 0.063550
v 0.353565 0.028352 0.031353
v 0.353570 -0.029880 0.043750
v 0.353575 -0.030390 0.043750
v 0.353578 0.030364 0.030743
v 0.353594 -0.032226 0.048250
v 0.353612 -0.031999 0.050230
v 0.353622 0.029335 0.032275
v 0.353648 0.025326 0.063550
v 0.353649 0.030340 0.032271
v 0.353659 0.029286 0.043750
v 0.353691 -0.031989 0.048245
v 0.353697 -0.026570 0.051934
v 0.353741 -0.030878 0.043750
v 0.353797 -0.030108 0.048250
v 0.353802 -0.028977 0.048250
v 0.353869 0.030219 0.043750
v 0.353894 -0.027289 0.051934
v 0.353921 0.037136 0.055750
v 0.353944 -0.037131 0.055750
v 0.353948 0.025481 0.063050
v 0.353974 0.030138 0.032250
v 0.353976 -0.029160 0.050227
v 0.353982 -0.028762 0.051250
v 0.354051 -0.007157 0.068477
v 0.354066 -0.027744 0.052771
v 0.354176 0.021999 0.026450
v 0.354221 0.030653 0.031353
v 0.354229 0.038672 0.057231
v 0.354235 0.027698 0.052771
v 0.354289 0.029420 0.031397
v 0.354340 -0.031019 0.050227
v 0.354355 0.037689 0.075300
v 0.354362 0.027664 0.051728
v 0.354366 -0.029354 0.048250
v 0.354406 -0.030041 0.050229
v 0.354504 -0.037658 0.075300
v 0.354505 -0.030278 0.048250
v 0.354514 0.030919 0.032248
v 0.354515 -0.038651 0.057271
v 0.354518 -0.023500 0.087836
v 0.354524 0.028927 0.032249
v 0.354531 0.027634 0.062535
v 0.354600 -0.031067 0.048250
v 0.354646 0.031979 0.043950
v 0.354657 -0.030857 0.051250
v 0.354669 -0.007370 0.070477
v 0.354706 0.031892 0.032263
v 0.354726 -0.037038 0.057926
v 0.354735 -0.022500 0.087918
v 0.354816 -0.039126 0.075300
v 0.354839 0.039121 0.075300
v 0.354845 0.026362 0.052440
v 0.354957 0.036988 0.057902
v 0.355006 -0.021692 0.026450
v 0.355038 -0.027531 0.062530
v 0.355103 0.026595 0.028525
v 0.355129 0.023500 0.087805
v 0.355149 0.022499 0.087931
v 0.355299 -0.026573 0.068477
v 0.355330 -0.026552 0.070477
v 0.355380 0.026818 0.063050
v 0.355497 0.026537 0.032231
v 0.355497 -0.026536 0.032230
v 0.355552 -0.025986 0.070477
v 0.355569 -0.026041 0.068477
v 0.355746 0.031574 0.046737
v 0.355852 0.026479 0.068477
v 0.355951 0.027191 0.048296
v 0.355969 0.031821 0.075300
v 0.355969 0.031821 0.076800
v 0.356106 -0.021260 0.028050
v 0.356191 -0.031469 0.048056
v 0.356226 -0.036087 0.057248
v 0.356295 0.025726 0.051934
v 0.356297 0.026348 0.052527
v 0.356361 0.031361 0.048181
v 0.356375 0.026438 0.051792
v 0.356406 0.026427 0.052708
v 0.356432 -0.031502 0.043448
v 0.356445 -0.026983 0.051728
v 0.356459 0.021318 0.028402
v 0.356466 -0.034099 0.086588
v 0.356466 0.034099 0.086588
v 0.356497 -0.031659 0.075300
v 0.356497 -0.031659 0.076800
v 0.356558 0.026423 0.051934
v 0.356648 -0.028402 0.032250
v 0.356679 -0.025577 0.051934
v 0.356690 -0.027757 0.048250
v 0.356690 0.028599 0.048250
v 0.356740 0.028746 0.032250
v 0.356778 0.035964 0.057250
v 0.356899 0.031319 0.048250
v 0.356922 0.026902 0.048750
v 0.356922 0.026902 0.083700
v 0.356925 -0.027345 0.032250
v 0.356957 -0.026268 0.051934
v 0.356964 0.027222 0.032250
v 0.356983 -0.026203 0.052708
v 0.357013 -0.026192 0.051790
v 0.357014 0.025865 0.063550
v 0.357066 -0.029251 0.048250
v 0.357066 0.027106 0.048250
v 0.357143 0.027957 0.048250
v 0.357181 -0.028659 0.048250
v 0.357215 0.031212 0.038750
v 0.357257 -0.028785 0.054616
v 0.357257 0.027572 0.054616
v 0.357262 -0.020924 0.028402
v 0.357278 0.033299 0.055750
v 0.357278 0.033299 0.057250
v 0.357316 -0.033287 0.055750
v 0.357316 -0.033287 0.057250
v 0.357322 0.025800 0.063050
v 0.357338 -0.029426 0.032250
v 0.357377 0.031685 0.038250
v 0.357430 0.030944 0.043736
v 0.357445 -0.030070 0.084600
v 0.357445 0.030070 0.084600
v 0.357521 0.031113 0.053166
v 0.357566 -0.027263 0.054616
v 0.357566 0.029093 0.054616
v 0.357632 -0.034261 0.088042
v 0.357632 0.034261 0.088042
v 0.357633 -0.026603 0.048267
v 0.357691 -0.027187 0.048250
v 0.357691 0.029169 0.048250
v 0.357713 -0.030921 0.043738
v 0.357745 0.026560 0.048290
v 0.357787 -0.031010 0.053150
v 0.357787 -0.031010 0.083600
v 0.357787 0.031010 0.083600
v 0.357796 0.029672 0.048250
v 0.357833 -0.030937 0.032315
v 0.357903 0.026369 0.052771
v 0.357948 -0.026654 0.032250
v 0.357948 0.029702 0.032250
v 0.357949 -0.033349 0.038404
v 0.357966 0.006279 0.089102
v 0.357994 0.033482 0.038750
v 0.357994 0.033482 0.050750
v 0.358074 -0.029675 0.048250
v 0.358079 0.027078 0.048248
v 0.358094 -0.025413 0.028516
v 0.358172 -0.028178 0.055216
v 0.358172 0.028178 0.055216
v 0.358177 -0.025065 0.052440
v 0.358187 0.006100 0.090601
v 0.358217 -0.036498 0.084864
v 0.358217 0.036498 0.084864
v 0.358261 -0.036632 0.076800
v 0.358261 0.036632 0.076800
v 0.358322 0.037374 0.075300
v 0.358322 0.037374 0.076800
v 0.358393 -0.029208 0.048250
v 0.358396 -0.029702 0.032250
v 0.358396 0.026654 0.032250
v 0.358432 -0.025331 0.063550
v 0.358447 0.020004 0.026450
v 0.358457 -0.025458 0.051750
v 0.358487 -0.029182 0.054606
v 0.358487 0.027175 0.054606
v 0.358490 0.020076 0.028061
v 0.358562 0.030748 0.046550
v 0.358613 -0.037281 0.075300
v 0.358613 -0.037281 0.076800
v 0.358644 -0.037376 0.075500
v 0.358644 -0.037376 0.076800
v 0.358644 0.037376 0.075500
v 0.358644 0.037376 0.076800
v 0.358669 -0.030617 0.046710
v 0.358696 -0.025382 0.052524
v 0.358737 -0.025214 0.032233
v 0.358804 -0.037869 0.085712
v 0.358804 0.037869 0.085712
v 0.358860 -0.038039 0.075500
v 0.358860 0.038039 0.075500
v 0.358883 -0.027403 0.054606
v 0.358883 0.028953 0.054606
v 0.358899 -0.025947 0.052771
v 0.358953 -0.027472 0.048250
v 0.358953 0.028884 0.048250
v 0.359000 0.025084 0.032237
v 0.359099 0.030563 0.043433
v 0.359154 -0.025085 0.063082
v 0.359162 0.025820 0.051729
v 0.359174 -0.028502 0.048250
v 0.359174 0.027855 0.048250
v 0.359198 -0.019536 0.026450
v 0.359199 -0.028407 0.054606
v 0.359199 0.027950 0.054606
v 0.359221 -0.003765 0.089107
v 0.359230 0.023049 0.037941
v 0.359231 0.023105 0.035608
v 0.359245 -0.029284 0.048250
v 0.359245 0.027073 0.048250
v 0.359273 0.025009 0.070477
v 0.359277 -0.027106 0.048250
v 0.359277 0.029251 0.048250
v 0.359346 0.025185 0.052366
v 0.359380 -0.027222 0.032250
v 0.359380 0.029134 0.032250
v 0.359411 -0.002886 0.090605
v 0.359428 0.022116 0.038707
v 0.359456 0.023830 0.036339
v 0.359465 0.023842 0.037161
v 0.359466 0.024942 0.051773
v 0.359486 0.022051 0.034746
v 0.359528 -0.024250 0.051934
v 0.359604 -0.028746 0.032250
v 0.359604 0.027610 0.032250
v 0.359669 -0.028276 0.048250
v 0.359669 0.028080 0.048250
v 0.359790 0.024348 0.036366
v 0.359806 0.024371 0.037097
v 0.359837 0.024622 0.036991
v 0.359841 0.024553 0.028521
v 0.359883 -0.024905 0.051934
v 0.359933 0.030142 0.043950
v 0.359981 -0.025393 0.062550
v 0.360034 0.021747 0.039088
v 0.360071 0.021789 0.034384
v 0.360076 0.030042 0.032319
v 0.360189 -0.018891 0.028050
v 0.360290 -0.025274 0.048285
v 0.360325 0.023872 0.051914
v 0.360443 0.025257 0.083700
v 0.360504 0.025196 0.062537
v 0.360546 0.018877 0.028402
v 0.360615 0.023688 0.052362
v 0.360686 0.024141 0.034742
v 0.360804 0.021239 0.039246
v 0.360812 0.024067 0.038818
v 0.360855 0.021192 0.034274
v 0.360878 0.026045 0.084600
v 0.360879 -0.026044 0.084600
v 0.360923 0.036633 0.057250
v 0.360970 -0.036614 0.057250
v 0.361019 -0.025008 0.083699
v 0.361056 -0.024802 0.051729
v 0.361065 0.024173 0.051792
v 0.361085 0.034948 0.055750
v 0.361093 0.024156 0.052708
v 0.361100 0.034965 0.057894
v 0.361101 -0.034965 0.057894
v 0.361129 -0.034930 0.055750
v 0.361147 -0.029431 0.048178
v 0.361162 -0.025113 0.032248
v 0.361254 -0.018330 0.028402
v 0.361287 0.022768 0.036341
v 0.361293 -0.029499 0.048250
v 0.361325 0.024642 0.052771
v 0.361330 0.029399 0.048054
v 0.361419 0.023439 0.036470
v 0.361497 0.020718 0.034489
v 0.361552 -0.025044 0.031353
v 0.361609 0.025317 0.048231
v 0.361619 -0.023831 0.052708
v 0.361627 0.026263 0.051251
v 0.361627 0.026129 0.036838
v 0.361630 0.020626 0.038945
v 0.361647 -0.023813 0.051792
v 0.361688 -0.024529 0.048750
v 0.361828 -0.026991 0.032249
v 0.361904 0.024726 0.051250
v 0.361928 0.025609 0.036750
v 0.361951 -0.024954 0.048250
v 0.361951 -0.025736 0.043750
v 0.362013 -0.024792 0.032250
v 0.362018 -0.026643 0.031353
v 0.362053 0.023284 0.034222
v 0.362064 0.023284 0.039279
v 0.362068 0.023299 0.032236
v 0.362071 0.029027 0.046723
v 0.362074 0.020405 0.038656
v 0.362089 -0.023344 0.032261
v 0.362105 0.025829 0.036249
v 0.362118 0.020402 0.034869
v 0.362134 0.023557 0.052366
v 0.362177 -0.025460 0.032270
v 0.362206 -0.029023 0.038750
v 0.362206 -0.029023 0.053150
v 0.362208 -0.022606 0.051934
v 0.362208 -0.025477 0.030745
v 0.362229 0.017190 0.026450
v 0.362237 -0.026316 0.032250
v 0.362238 -0.025742 0.043750
v 0.362246 0.025735 0.037213
v 0.362276 0.027376 0.048250
v 0.362281 0.022835 0.037113
v 0.362297 -0.024812 0.032270
v 0.362307 -0.025470 0.031823
v 0.362329 0.023509 0.063053
v 0.362379 0.025767 0.046750
v 0.362380 -0.022586 0.052442
v 0.362392 0.025960 0.043750
v 0.362407 0.023043 0.063050
v 0.362407 0.023043 0.063550
v 0.362411 0.023160 0.051759
v 0.362421 -0.024277 0.043750
v 0.362430 -0.025213 0.046218
v 0.362437 -0.025824 0.046751
v 0.362444 -0.029462 0.038250
v 0.362465 0.024008 0.048751
v 0.362495 0.025569 0.036664
v 0.362502 -0.023709 0.031330
v 0.362528 -0.022900 0.028525
v 0.362539 0.023917 0.048282
v 0.362585 -0.026343 0.032275
v 0.362604 -0.028722 0.032268
v 0.362634 -0.023217 0.051934
v 0.362709 -0.026130 0.046133
v 0.362710 0.028686 0.037087
v 0.362725 -0.024312 0.032270
v 0.362732 0.028674 0.036303
v 0.362740 -0.024398 0.030751
v 0.362777 -0.028581 0.043738
v 0.362780 -0.024430 0.031823
v 0.362823 0.028683 0.037836
v 0.362834 0.028674 0.035841
v 0.362871 -0.016580 0.026450
v 0.362896 0.025778 0.043750
v 0.362897 -0.028741 0.043439
v 0.362901 0.020568 0.035534
v 0.362922 0.025603 0.034317
v 0.362936 0.028550 0.035617
v 0.362940 0.026025 0.039125
v 0.362961 -0.024171 0.043750
v 0.362965 0.020602 0.037899
v 0.362966 -0.026475 0.030743
v 0.362972 -0.026401 0.031823
v 0.362974 0.025442 0.032250
v 0.362980 -0.024352 0.046751
v 0.362988 0.028507 0.038010
v 0.363006 0.026039 0.034362
v 0.363019 0.026189 0.039118
v 0.363024 -0.026842 0.043750
v 0.363060 0.027828 0.051250
v 0.363119 0.025298 0.039252
v 0.363131 0.025201 0.034232
v 0.363152 -0.026639 0.043750
v 0.363178 0.028425 0.036786
v 0.363186 0.023697 0.051250
v 0.363191 0.026353 0.032250
v 0.363194 0.022479 0.038860
v 0.363197 -0.024350 0.046189
v 0.363202 0.028275 0.043724
v 0.363221 -0.023836 0.032250
v 0.363249 0.022119 0.052525
v 0.363256 0.026406 0.034360
v 0.363282 0.031010 0.038404
v 0.363291 -0.023393 0.048276
v 0.363332 -0.023317 0.052771
v 0.363345 -0.024092 0.032270
v 0.363348 0.028105 0.038686
v 0.363349 -0.031133 0.038750
v 0.363349 -0.031133 0.050750
v 0.363350 0.028211 0.034890
v 0.363372 0.024541 0.046750
v 0.363388 0.024998 0.039270
v 0.363408 0.026482 0.034336
v 0.363430 -0.022275 0.063050
v 0.363431 -0.026682 0.032247
v 0.363445 -0.025360 0.032250
v 0.363463 0.022279 0.034818
v 0.363536 0.027046 0.043750
v 0.363539 0.024445 0.043750
v 0.363552 0.021081 0.036331
v 0.363558 -0.027275 0.031353
v 0.363572 0.021116 0.037167
v 0.363588 0.028230 0.034686
v 0.363589 0.028150 0.036248
v 0.363614 0.023110 0.051729
v 0.363631 -0.026401 0.046750
v 0.363639 0.028116 0.037252
v 0.363641 -0.022040 0.063550
v 0.363668 -0.028120 0.046710
v 0.363673 0.025012 0.032250
v 0.363689 -0.026377 0.046182
v 0.363701 0.024972 0.043750
v 0.363712 -0.015749 0.028050
v 0.363712 -0.027640 0.032248
v 0.363713 -0.014800 0.063050
v 0.363714 0.027119 0.046750
v 0.363717 -0.014780 0.063550
v 0.363744 0.026579 0.043750
v 0.363769 0.022145 0.068477
v 0.363782 0.026586 0.039231
v 0.363783 0.024944 0.034280
v 0.363805 -0.024121 0.030743
v 0.363836 0.023675 0.048253
v 0.363866 -0.023878 0.043750
v 0.363869 0.024977 0.039184
v 0.363910 0.021600 0.037109
v 0.363918 -0.024319 0.031823
v 0.363922 0.027885 0.039007
v 0.363925 0.021615 0.036400
v 0.363943 0.015560 0.028037
v 0.363988 0.027885 0.048249
v 0.363992 -0.013653 0.070477
v 0.363992 -0.013610 0.068477
v 0.364034 0.026479 0.034248
v 0.364034 0.027681 0.034372
v 0.364039 0.027961 0.039054
v 0.364050 0.027842 0.036714
v 0.364059 0.015663 0.028402
v 0.364065 -0.023124 0.032249
v 0.364079 0.021722 0.028521
v 0.364110 -0.026290 0.031823
v 0.364116 -0.026361 0.030747
v 0.364118 -0.024222 0.032247
v 0.364123 0.021760 0.037187
v 0.364128 -0.021960 0.052524
v 0.364131 0.026476 0.039277
v 0.364151 0.026461 0.034223
v 0.364164 0.025110 0.034358
v 0.364165 -0.026408 0.032270
v 0.364172 0.026470 0.032250
v 0.364173 -0.023563 0.031378
v 0.364181 -0.024590 0.046133
v 0.364195 -0.022751 0.062561
v 0.364233 -0.024346 0.043750
v 0.364253 -0.024679 0.046750
v 0.364256 -0.012344 0.063550
v 0.364330 0.027639 0.034370
v 0.364370 0.020938 0.051934
v 0.364401 -0.026568 0.032250
v 0.364410 0.025347 0.039117
v 0.364418 -0.018505 0.070477
v 0.364419 0.025346 0.032250
v 0.364423 0.026126 0.039225
v 0.364425 -0.018491 0.068477
v 0.364439 -0.025719 0.046750
v 0.364445 -0.012068 0.063050
v 0.364459 -0.025557 0.046212
v 0.364459 -0.026148 0.043750
v 0.364490 0.025927 0.034307
v 0.364493 -0.024640 0.032270
v 0.364494 0.025628 0.039146
v 0.364500 0.025627 0.034356
v 0.364507 0.022385 0.052771
v 0.364518 -0.026465 0.043750
v 0.364545 0.025773 0.043750
v 0.364550 0.034005 0.075300
v 0.364559 0.027621 0.034261
v 0.364582 0.021524 0.052527
v 0.364583 -0.025249 0.031823
v 0.364592 -0.025907 0.032270
v 0.364617 0.024854 0.046750
v 0.364643 -0.014986 0.028412
v 0.364652 0.027798 0.075300
v 0.364652 0.027798 0.076800
v 0.364681 -0.025243 0.030745
v 0.364682 -0.020669 0.051934
v 0.364711 0.027445 0.032266
v 0.364712 -0.025260 0.032270
v 0.364716 0.027262 0.048257
v 0.364729 0.026572 0.043750
v 0.364739 -0.026756 0.031397
v 0.364773 0.027594 0.051250
v 0.364787 0.027385 0.043754
v 0.364834 -0.024985 0.043750
v 0.364843 -0.019191 0.063050
v 0.364859 -0.018854 0.063550
v 0.364860 0.027126 0.034248
v 0.364870 -0.033834 0.075300
v 0.364877 0.021154 0.032224
v 0.364906 0.027223 0.039243
v 0.364916 0.025302 0.043750
v 0.364968 0.026089 0.046750
v 0.364969 -0.025136 0.032250
v 0.364978 -0.015847 0.070477
v 0.364985 -0.021054 0.032227
v 0.364997 -0.016119 0.068477
v 0.365045 -0.027004 0.032248
v 0.365063 0.027426 0.038703
v 0.365094 -0.024408 0.031397
v 0.365108 0.027259 0.039239
v 0.365176 -0.021226 0.051934
v 0.365223 -0.021827 0.051729
v 0.365247 0.024286 0.048250
v 0.365259 0.021086 0.051792
v 0.365274 0.024240 0.051250
v 0.365283 0.021064 0.052708
v 0.365308 -0.021031 0.052710
v 0.365329 -0.025642 0.031340
v 0.365367 0.013672 0.026450
v 0.365394 -0.024236 0.032250
v 0.365488 0.026962 0.048250
v 0.365566 -0.027179 0.075300
v 0.365566 -0.027179 0.076800
v 0.365586 -0.035153 0.075300
v 0.365605 -0.020980 0.063049
v 0.365614 0.021513 0.062561
v 0.365635 0.035126 0.075300
v 0.365650 0.021473 0.048370
v 0.365724 -0.025506 0.032248
v 0.365758 0.026559 0.038922
v 0.365765 -0.020624 0.051792
v 0.365785 0.026365 0.051251
v 0.365785 0.020702 0.051904
v 0.365818 0.026595 0.034596
v 0.365823 0.025776 0.048250
v 0.365843 -0.032621 0.057888
v 0.365873 -0.012945 0.026450
v 0.365876 0.032622 0.057896
v 0.365921 -0.019683 0.052440
v 0.365936 0.021320 0.048750
v 0.366001 0.034227 0.057250
v 0.366006 0.026529 0.048053
v 0.366039 0.026603 0.038824
v 0.366053 0.026585 0.034626
v 0.366089 -0.026464 0.048055
v 0.366091 -0.014539 0.063050
v 0.366127 0.026450 0.046703
v 0.366137 0.019960 0.063050
v 0.366137 0.019960 0.063550
v 0.366146 0.029654 0.086588
v 0.366162 -0.014175 0.068477
v 0.366163 -0.014158 0.065477
v 0.366190 -0.014678 0.064193
v 0.366199 -0.014015 0.070962
v 0.366232 -0.013775 0.070508
v 0.366249 -0.020955 0.048288
v 0.366253 -0.019726 0.068477
v 0.366263 -0.014870 0.070499
v 0.366265 -0.020849 0.052771
v 0.366277 -0.014928 0.070945
v 0.366293 0.026302 0.038405
v 0.366302 -0.019721 0.070477
v 0.366352 -0.029533 0.086586
v 0.366414 -0.013306 0.063050
v 0.366459 0.026191 0.035372
v 0.366477 -0.019539 0.028521
v 0.366479 -0.013308 0.070951
v 0.366520 -0.010682 0.063050
v 0.366525 -0.014287 0.070477
v 0.366530 -0.011962 0.028050
v 0.366537 -0.010671 0.063550
v 0.366547 0.019666 0.070477
v 0.366585 -0.021146 0.048250
v 0.366585 0.021988 0.048250
v 0.366635 -0.020999 0.032250
v 0.366635 0.022135 0.032250
v 0.366639 0.026063 0.037728
v 0.366641 0.018765 0.051934
v 0.366675 -0.013805 0.068477
v 0.366683 -0.013024 0.064193
v 0.366689 -0.013070 0.070495
v 0.366731 0.025910 0.036131
v 0.366747 0.020803 0.048237
v 0.366788 -0.014302 0.070477
v 0.366822 0.025954 0.036823
v 0.366834 -0.014386 0.065477
v 0.366851 -0.015631 0.070490
v 0.366852 0.011808 0.028402
v 0.366858 -0.014497 0.066673
v 0.366859 -0.022523 0.032250
v 0.366859 0.020611 0.032250
v 0.366862 -0.015075 0.068477
v 0.366912 -0.014092 0.062509
v 0.366912 -0.015695 0.065477
v 0.366920 -0.018461 0.051934
v 0.366926 -0.015704 0.068477
v 0.366931 0.025916 0.036992
v 0.366961 -0.022640 0.048250
v 0.366964 0.025920 0.043496
v 0.366968 -0.021488 0.048250
v 0.366971 -0.021634 0.054616
v 0.366971 0.021499 0.054616
v 0.367008 0.028363 0.055750
v 0.367008 0.028363 0.057250
v 0.367013 -0.014828 0.062536
v 0.367019 -0.015753 0.070962
v 0.367029 -0.014318 0.065473
v 0.367032 -0.014544 0.066468
v 0.367063 0.019404 0.052366
v 0.367065 0.021890 0.048250
v 0.367069 -0.024513 0.084600
v 0.367069 0.024513 0.084600
v 0.367072 -0.014479 0.064250
v 0.367072 -0.028316 0.055750
v 0.367072 -0.028316 0.057250
v 0.367076 0.026436 0.038250
v 0.367105 -0.012749 0.068477
v 0.367105 -0.013975 0.063050
v 0.367119 -0.013897 0.068477
v 0.367120 -0.012741 0.065477
v 0.367129 -0.025668 0.032268
v 0.367129 -0.012746 0.070956
v 0.367160 -0.019046 0.051759
v 0.367170 -0.013533 0.065477
v 0.367181 0.020903 0.048226
v 0.367188 -0.013577 0.066554
v 0.367206 -0.015949 0.063050
v 0.367244 0.025734 0.053152
v 0.367247 0.010670 0.028050
v 0.367248 -0.025416 0.048252
v 0.367286 -0.011026 0.028402
v 0.367297 -0.013689 0.064250
v 0.367313 0.020148 0.083703
v 0.367316 -0.014945 0.068477
v 0.367329 -0.013425 0.062517
v 0.367341 -0.014957 0.063050
v 0.367346 0.019810 0.052771
v 0.367373 -0.025419 0.043738
v 0.367375 -0.015932 0.064193
v 0.367385 -0.012654 0.070493
v 0.367403 -0.020221 0.032250
v 0.367403 0.022912 0.032250
v 0.367403 0.022912 0.048250
v 0.367409 -0.015187 0.070477
v 0.367424 -0.014006 0.070959
v 0.367432 -0.014318 0.070948
v 0.367437 -0.018630 0.032226
v 0.367441 0.019710 0.051729
v 0.367484 -0.013318 0.070477
v 0.367495 -0.015010 0.065475
v 0.367518 -0.015513 0.070477
v 0.367525 -0.013511 0.065473
v 0.367561 -0.018899 0.052257
v 0.367573 0.018467 0.032229
v 0.367587 -0.015293 0.066669
v 0.367596 -0.014723 0.070941
v 0.367604 -0.033338 0.057252
v 0.367607 -0.012500 0.063050
v 0.367629 -0.018701 0.052702
v 0.367644 -0.015068 0.064250
v 0.367646 0.020085 0.048250
v 0.367675 -0.029144 0.088042
v 0.367675 0.029144 0.088042
v 0.367680 0.031393 0.055750
v 0.367682 -0.013008 0.068477
v 0.367690 -0.020073 0.048250
v 0.367700 -0.015359 0.065477
v 0.367712 -0.025279 0.083600
v 0.367712 0.025279 0.083600
v 0.367724 0.017830 0.052505
v 0.367733 0.009594 0.026450
v 0.367739 -0.031353 0.055750
v 0.367743 -0.022569 0.048250
v 0.367743 0.020565 0.048250
v 0.367749 -0.013465 0.063050
v 0.367779 0.018126 0.028525
v 0.367782 -0.014410 0.070777
v 0.367787 -0.030730 0.057250
v 0.367801 -0.015993 0.070508
v 0.367829 -0.013841 0.070963
v 0.367838 -0.022594 0.054606
v 0.367838 0.020540 0.054606
v 0.367854 -0.015290 0.062510
v 0.367860 -0.012935 0.070477
v 0.367869 -0.014278 0.064996
v 0.367875 -0.015976 0.070955
v 0.367878 0.018467 0.063050
v 0.367909 -0.014715 0.070964
v 0.367955 -0.014146 0.070777
v 0.367969 -0.023064 0.032250
v 0.367969 -0.023064 0.048250
v 0.367969 0.020070 0.032250
v 0.367999 -0.020471 0.054616
v 0.367999 0.022662 0.054616
v 0.368022 -0.013256 0.066673
v 0.368029 -0.024951 0.046696
v 0.368033 -0.013251 0.065477
v 0.368067 -0.021567 0.055216
v 0.368067 0.021567 0.055216
v 0.368078 -0.013437 0.068477
v 0.368080 0.019060 0.048284
v 0.368082 -0.008780 0.026450
v 0.368092 -0.024955 0.048250
v 0.368093 -0.013488 0.064250
v 0.368141 -0.013833 0.070944
v 0.368146 -0.020468 0.048250
v 0.368146 0.022665 0.048250
v 0.368157 -0.027825 0.038404
v 0.368208 -0.015027 0.065475
v 0.368211 -0.013342 0.062527
v 0.368216 -0.012593 0.070954
v 0.368243 0.027936 0.038750
v 0.368243 0.027936 0.050750
v 0.368254 -0.015239 0.070477
v 0.368259 0.017622 0.068477
v 0.368261 -0.015001 0.068477
v 0.368292 -0.012620 0.070505
v 0.368306 -0.014238 0.070950
v 0.368311 -0.015138 0.066525
v 0.368314 -0.014551 0.070957
v 0.368329 -0.013370 0.070477
v 0.368343 0.030314 0.057250
v 0.368347 -0.013610 0.065475
v 0.368361 -0.012599 0.064174
v 0.368375 -0.015523 0.068477
v 0.368379 -0.014922 0.063050
v 0.368441 -0.014868 0.064250
v 0.368468 0.024429 0.032250
v 0.368488 0.023049 0.048250
v 0.368525 -0.024613 0.043450
v 0.368528 -0.007685 0.028050
v 0.368573 -0.013628 0.066524
v 0.368590 0.016315 0.052032
v 0.368606 -0.015797 0.070956
v 0.368617 -0.015815 0.065477
v 0.368632 -0.015808 0.068477
v 0.368635 -0.020135 0.032250
v 0.368635 0.022999 0.032250
v 0.368641 -0.014882 0.062487
v 0.368642 -0.031309 0.084865
v 0.368663 0.031301 0.084860
v 0.368665 -0.013954 0.063050
v 0.368666 -0.014077 0.064250
v 0.368705 -0.014364 0.065473
v 0.368710 -0.014296 0.068477
v 0.368754 -0.018246 0.062535
v 0.368763 -0.015199 0.070477
v 0.368769 -0.013796 0.065477
v 0.368773 -0.022348 0.048250
v 0.368773 0.020786 0.048250
v 0.368780 -0.014455 0.066500
v 0.368811 -0.012852 0.068477
v 0.368813 0.007469 0.028402
v 0.368814 0.017280 0.051792
v 0.368819 -0.014703 0.065477
v 0.368821 -0.013940 0.062507
v 0.368826 -0.012861 0.065477
v 0.368834 0.017254 0.052708
v 0.368841 -0.012823 0.063050
v 0.368842 -0.022278 0.054606
v 0.368842 0.020855 0.054606
v 0.368853 -0.015638 0.064224
v 0.368855 -0.018090 0.051729
v 0.368895 -0.031284 0.076800
v 0.368895 0.031284 0.076800
v 0.368900 -0.020320 0.048250
v 0.368903 -0.015645 0.070488
v 0.368929 -0.017998 0.052771
v 0.368937 -0.018049 0.048292
v 0.368942 -0.018262 0.083699
v 0.368949 -0.014254 0.070477
v 0.368984 -0.015687 0.063050
v 0.368994 -0.015869 0.052367
v 0.369023 -0.022775 0.032250
v 0.369023 0.020359 0.032250
v 0.369043 0.019413 0.084600
v 0.369043 0.032068 0.075300
v 0.369043 0.032068 0.076800
v 0.369044 -0.019412 0.084600
v 0.369070 -0.021251 0.054606
v 0.369070 0.021882 0.054606
v 0.369080 -0.006616 0.028402
v 0.369096 -0.021346 0.048250
v 0.369096 0.021788 0.048250
v 0.369113 -0.013772 0.068477
v 0.369114 -0.013965 0.070477
v 0.369132 -0.016731 0.052514
v 0.369138 0.023873 0.046717
v 0.369140 -0.022672 0.048250
v 0.369140 0.020461 0.048250
v 0.369141 0.016662 0.051773
v 0.369141 0.016933 0.052366
v 0.369160 -0.013168 0.070500
v 0.369165 -0.015369 0.070954
v 0.369173 -0.013181 0.070953
v 0.369189 0.017699 0.062552
v 0.369207 0.023945 0.032450
v 0.369226 -0.016733 0.051792
v 0.369228 0.023768 0.043737
v 0.369229 -0.013294 0.064224
v 0.369230 0.005123 0.026450
v 0.369238 -0.024038 0.038745
v 0.369281 0.016280 0.063050
v 0.369281 0.016280 0.063550
v 0.369311 0.005142 0.028061
v 0.369408 -0.004256 0.026450
v 0.369442 -0.016051 0.068477
v 0.369442 -0.016051 0.070477
v 0.369451 -0.023879 0.053151
v 0.369472 -0.014811 0.070496
v 0.369483 -0.013798 0.070962
v 0.369498 -0.016444 0.051934
v 0.369523 -0.017386 0.048750
v 0.369541 -0.031713 0.075300
v 0.369541 -0.031713 0.076800
v 0.369547 -0.014586 0.070955
v 0.369548 -0.014770 0.064174
v 0.369550 -0.014014 0.070492
v 0.369561 -0.021190 0.048250
v 0.369561 0.021943 0.048250
v 0.369576 -0.014396 0.065477
v 0.369577 -0.014384 0.068477
v 0.369591 -0.021343 0.032250
v 0.369591 0.021791 0.032250
v 0.369595 0.017103 0.032250
v 0.369600 -0.031794 0.075500
v 0.369600 -0.031794 0.076800
v 0.369600 0.031794 0.075500
v 0.369600 0.031794 0.076800
v 0.369647 -0.014017 0.063050
v 0.369741 -0.015529 0.028541
v 0.369795 -0.001922 0.028037
v 0.369796 0.000443 0.026450
v 0.369805 -0.015572 0.032241
v 0.369859 0.015581 0.032261
v 0.369859 0.002825 0.028402
v 0.369905 -0.032214 0.085712
v 0.369905 0.032214 0.085712
v 0.369950 -0.001935 0.028402
v 0.369967 -0.014626 0.051860
v 0.370001 -0.010431 0.063050
v 0.370009 -0.032358 0.075500
v 0.370009 0.032358 0.075500
v 0.370062 0.017686 0.031394
v 0.370177 -0.017377 0.048250
v 0.370197 -0.016686 0.051250
v 0.370201 0.016041 0.031305
v 0.370229 0.018561 0.032249
v 0.370268 -0.022789 0.048054
v 0.370277 0.022779 0.048054
v 0.370279 0.013869 0.052366
v 0.370288 0.016225 0.048277
v 0.370385 -0.017512 0.048250
v 0.370399 -0.016952 0.050225
v 0.370511 -0.015962 0.048749
v 0.370542 -0.018035 0.050230
v 0.370548 0.015769 0.052771
v 0.370593 0.015700 0.051729
v 0.370598 -0.016203 0.048250
v 0.370624 0.017307 0.030743
v 0.370656 -0.013201 0.052366
v 0.370656 -0.014593 0.052708
v 0.370740 -0.018774 0.051250
v 0.370751 0.013882 0.028521
v 0.370763 0.014196 0.052527
v 0.370786 -0.018746 0.048250
v 0.370819 0.017418 0.031823
v 0.370837 -0.015958 0.050227
v 0.370852 0.016480 0.046750
v 0.370869 0.016689 0.046214
v 0.370898 0.016240 0.030751
v 0.370906 -0.015265 0.048296
v 0.370908 0.018594 0.031397
v 0.370930 0.016280 0.031823
v 0.370980 -0.018698 0.048250
v 0.371005 -0.017409 0.043750
v 0.371012 0.014088 0.051934
v 0.371038 -0.010130 0.063550
v 0.371108 -0.016559 0.048250
v 0.371140 0.017704 0.046182
v 0.371147 -0.022689 0.038250
v 0.371179 0.017753 0.046750
v 0.371186 -0.013447 0.052527
v 0.371209 0.028798 0.057879
v 0.371218 -0.017189 0.040447
v 0.371223 -0.013716 0.051934
v 0.371226 -0.015404 0.051250
v 0.371233 -0.013084 0.051745
v 0.371240 -0.017254 0.048176
v 0.371266 0.012474 0.051777
v 0.371266 0.013318 0.063077
v 0.371281 -0.018837 0.050224
v 0.371308 -0.028715 0.057897
v 0.371342 -0.021631 0.032309
v 0.371369 -0.021526 0.043738
v 0.371378 -0.016670 0.048199
v 0.371391 0.030501 0.057231
v 0.371427 -0.017053 0.049250
v 0.371427 -0.017053 0.050250
v 0.371455 0.021592 0.038750
v 0.371455 0.021592 0.048250
v 0.371461 -0.017892 0.048200
v 0.371464 -0.021526 0.046721
v 0.371479 -0.017423 0.043750
v 0.371479 -0.016216 0.043750
v 0.371489 0.016009 0.046192
v 0.371510 -0.016926 0.038545
v 0.371530 0.012613 0.032235
v 0.371544 0.015052 0.031353
v 0.371564 -0.015481 0.050229
v 0.371600 -0.017492 0.040232
v 0.371609 0.012885 0.051792
v 0.371612 -0.018390 0.048250
v 0.371613 0.014662 0.032248
v 0.371624 0.012856 0.052708
v 0.371655 -0.013979 0.062535
v 0.371703 -0.016633 0.043750
v 0.371705 -0.017873 0.050250
v 0.371705 0.011068 0.052366
v 0.371720 -0.017867 0.049200
v 0.371721 -0.013821 0.051728
v 0.371724 -0.012214 0.032226
v 0.371724 -0.012940 0.063049
v 0.371743 0.018181 0.030745
v 0.371744 0.012114 0.063550
v 0.371749 0.018083 0.031823
v 0.371750 0.012291 0.070477
v 0.371757 -0.017904 0.038537
v 0.371782 -0.013704 0.052771
v 0.371802 -0.018416 0.043750
v 0.371810 -0.015111 0.048231
v 0.371826 0.021467 0.075300
v 0.371826 0.021467 0.076800
v 0.371860 0.016945 0.032250
v 0.371897 -0.016241 0.048209
v 0.371908 0.013515 0.062567
v 0.371914 -0.012272 0.051792
v 0.371917 -0.018219 0.040447
v 0.371921 0.020942 0.046714
v 0.371939 -0.010345 0.052268
v 0.371970 0.015807 0.031823
v 0.371977 0.015708 0.030745
v 0.371980 -0.016206 0.040447
v 0.371998 -0.016403 0.049250
v 0.371998 -0.016403 0.050250
v 0.372006 0.019224 0.032249
v 0.372046 0.015904 0.046750
v 0.372051 -0.018013 0.043750
v 0.372056 -0.018256 0.048208
v 0.372092 -0.015268 0.048250
v 0.372092 0.011560 0.068477
v 0.372112 0.017980 0.046133
v 0.372142 0.018829 0.031340
v 0.372159 0.015923 0.046133
v 0.372216 0.012947 0.048288
v 0.372219 0.017939 0.046750
v 0.372232 -0.019135 0.048250
v 0.372238 -0.010897 0.028524
v 0.372269 -0.009285 0.063050
v 0.372276 -0.019323 0.048250
v 0.372276 -0.017223 0.038069
v 0.372321 -0.019136 0.050235
v 0.372325 0.012860 0.048750
v 0.372368 -0.020537 0.043450
v 0.372384 -0.016373 0.038537
v 0.372436 0.012355 0.052771
v 0.372441 0.023881 0.038404
v 0.372458 0.011203 0.051934
v 0.372465 -0.015317 0.050231
v 0.372500 -0.016432 0.043750
v 0.372509 -0.018218 0.048146
v 0.372544 -0.016237 0.048113
v 0.372545 -0.023976 0.038750
v 0.372545 -0.023976 0.050750
v 0.372550 -0.010488 0.068477
v 0.372553 -0.018042 0.049250
v 0.372553 -0.018042 0.050250
v 0.372576 -0.016524 0.040236
v 0.372625 -0.010808 0.051934
v 0.372626 -0.015988 0.048250
v 0.372634 -0.010324 0.052541
v 0.372649 0.017570 0.046192
v 0.372727 -0.017762 0.040245
v 0.372749 -0.016029 0.043750
v 0.372763 -0.015127 0.051251
v 0.372790 -0.017863 0.038545
v 0.372790 0.017610 0.031823
v 0.372841 -0.009735 0.070477
v 0.372846 -0.016573 0.049250
v 0.372846 -0.016573 0.050250
v 0.372848 -0.017812 0.043750
v 0.372848 0.010005 0.052501
v 0.372854 0.007953 0.051934
v 0.372854 -0.011644 0.048274
v 0.372858 0.016655 0.046189
v 0.372861 0.017616 0.030747
v 0.372865 -0.019285 0.051251
v 0.372866 -0.020176 0.075300
v 0.372866 -0.020176 0.076800
v 0.372901 0.016472 0.031823
v 0.372904 0.009175 0.028526
v 0.372918 0.019585 0.043737
v 0.372925 0.019915 0.043439
v 0.372927 -0.009906 0.052708
v 0.372927 0.019763 0.032450
v 0.372965 0.016843 0.046751
v 0.372970 -0.016398 0.048208
v 0.372975 0.016465 0.030743
v 0.373018 -0.007387 0.052366
v 0.373031 0.011101 0.051728
v 0.373031 -0.009011 0.032230
v 0.373033 0.009004 0.032229
v 0.373060 -0.017919 0.048170
v 0.373072 -0.018229 0.043750
v 0.373072 -0.017022 0.043750
v 0.373087 -0.017097 0.038545
v 0.373112 -0.017871 0.040447
v 0.373124 -0.017392 0.049250
v 0.373124 -0.017392 0.050250
v 0.373142 -0.023500 0.086588
v 0.373142 0.023500 0.086588
v 0.373142 0.015518 0.031353
v 0.373151 -0.016628 0.040447
v 0.373168 0.011305 0.083675
v 0.373170 -0.018144 0.048250
v 0.373180 0.008913 0.063081
v 0.373185 0.011295 0.048250
v 0.373196 -0.011251 0.048250
v 0.373246 -0.011104 0.032250
v 0.373246 0.012240 0.032250
v 0.373256 0.018239 0.031397
v 0.373306 -0.017170 0.048145
v 0.373315 0.027625 0.075300
v 0.373338 0.018970 0.048222
v 0.373363 -0.015649 0.048250
v 0.373372 -0.018767 0.050229
v 0.373385 0.006467 0.052440
v 0.373392 -0.017525 0.048235
v 0.373398 -0.007698 0.063550
v 0.373446 0.026609 0.055750
v 0.373452 -0.015738 0.050227
v 0.373453 0.007587 0.063550
v 0.373458 -0.018990 0.048250
v 0.373470 0.010716 0.032250
v 0.373470 -0.012628 0.032250
v 0.373490 0.015329 0.032248
v 0.373503 -0.018755 0.048250
v 0.373514 -0.026540 0.055750
v 0.373517 -0.005890 0.051860
v 0.373520 -0.007754 0.051773
v 0.373520 -0.016909 0.048250
v 0.373522 0.008119 0.052702
v 0.373546 -0.017036 0.043750
v 0.373549 0.008052 0.051792
v 0.373569 0.008249 0.052043
v 0.373589 0.004897 0.051934
v 0.373594 -0.018609 0.048195
v 0.373606 0.012777 0.048250
v 0.373638 0.011502 0.048250
v 0.373649 -0.011893 0.048250
v 0.373662 0.009558 0.048280
v 0.373687 -0.004316 0.052366
v 0.373703 -0.007493 0.051798
v 0.373723 -0.027223 0.075300
v 0.373735 -0.007589 0.052366
v 0.373738 0.018315 0.032247
v 0.373763 -0.012278 0.054616
v 0.373763 0.011066 0.054616
v 0.373775 0.017058 0.031353
v 0.373795 -0.005980 0.028521
v 0.373796 -0.009048 0.051729
v 0.373823 -0.008970 0.052771
v 0.373876 -0.015776 0.048250
v 0.373877 0.008803 0.052771
v 0.373903 -0.010960 0.054606
v 0.373903 0.012383 0.054606
v 0.373949 -0.018111 0.050228
v 0.373961 0.005468 0.068477
v 0.373961 0.005468 0.070477
v 0.373961 0.008598 0.062552
v 0.373963 -0.006108 0.063080
v 0.373970 0.001777 0.051934
v 0.373972 -0.001290 0.052043
v 0.373972 -0.010891 0.048250
v 0.373972 0.012453 0.048250
v 0.373983 -0.018086 0.046737
v 0.373991 -0.016417 0.050226
v 0.374015 -0.010327 0.048250
v 0.374018 0.005315 0.032235
v 0.374019 -0.008467 0.048285
v 0.374031 -0.005474 0.032260
v 0.374076 0.005462 0.051758
v 0.374078 -0.018278 0.038691
v 0.374085 0.016609 0.032250
v 0.374094 -0.018273 0.051250
v 0.374132 0.004158 0.028521
v 0.374137 -0.008763 0.083735
v 0.374149 -0.022497 0.086589
v 0.374151 0.000210 0.052440
v 0.374171 -0.017271 0.050225
v 0.374174 -0.008069 0.062529
v 0.374205 -0.004655 0.051760
v 0.374213 -0.016000 0.084600
v 0.374213 0.016000 0.084600
v 0.374232 0.022495 0.086580
v 0.374249 -0.007895 0.048750
v 0.374253 -0.016920 0.048250
v 0.374257 -0.013154 0.048250
v 0.374257 0.010190 0.048250
v 0.374282 0.004919 0.052710
v 0.374289 0.005206 0.052366
v 0.374297 -0.004881 0.052708
v 0.374328 -0.016560 0.051250
v 0.374329 0.003966 0.063078
v 0.374355 -0.012674 0.048250
v 0.374355 0.010670 0.048250
v 0.374356 0.002832 0.063550
v 0.374385 -0.017488 0.048249
v 0.374388 -0.004276 0.051790
v 0.374390 0.010354 0.084600
v 0.374391 -0.010353 0.084600
v 0.374423 -0.004435 0.052366
v 0.374428 -0.002006 0.063550
v 0.374428 -0.000929 0.028521
v 0.374454 -0.010148 0.032250
v 0.374454 0.013196 0.032250
v 0.374456 0.001840 0.032225
v 0.374466 -0.001738 0.032224
v 0.374494 0.003519 0.051790
v 0.374507 0.002267 0.052541
v 0.374532 -0.001682 0.068477
v 0.374545 0.018323 0.038250
v 0.374569 -0.000876 0.070477
v 0.374580 -0.005450 0.031330
v 0.374582 0.006199 0.051729
v 0.374586 -0.001175 0.052527
v 0.374597 0.006297 0.048295
v 0.374606 -0.000851 0.063084
v 0.374614 -0.017064 0.043725
v 0.374625 -0.007390 0.032249
v 0.374627 -0.017113 0.032275
v 0.374645 0.017371 0.053152
v 0.374669 -0.006711 0.031397
v 0.374678 -0.011672 0.055216
v 0.374678 0.011672 0.055216
v 0.374713 0.001828 0.051934
v 0.374715 0.000237 0.051798
v 0.374722 0.000310 0.052710
v 0.374725 -0.024305 0.057250
v 0.374730 -0.008032 0.048250
v 0.374736 -0.027530 0.057247
v 0.374738 -0.001400 0.051934
v 0.374745 0.020669 0.055750
v 0.374745 0.020669 0.057250
v 0.374784 -0.028284 0.075300
v 0.374788 0.005010 0.052771
v 0.374816 -0.020572 0.055750
v 0.374816 -0.020572 0.057250
v 0.374840 0.005430 0.051249
v 0.374846 0.028222 0.075300
v 0.374865 -0.004983 0.048269
v 0.374890 -0.006174 0.032250
v 0.374901 0.016654 0.046726
v 0.374902 0.010148 0.032250
v 0.374902 -0.013196 0.032250
v 0.374920 -0.006327 0.043750
v 0.374924 -0.004237 0.032250
v 0.374944 0.005236 0.048688
v 0.374945 0.006872 0.048299
v 0.374948 0.005921 0.048690
v 0.374966 -0.004084 0.051729
v 0.374985 -0.003947 0.052771
v 0.375014 0.006169 0.050668
v 0.375036 0.003726 0.062567
v 0.375079 -0.016500 0.083600
v 0.375079 0.016500 0.083600
v 0.375099 -0.010190 0.048250
v 0.375099 0.013154 0.048250
v 0.375110 -0.006035 0.032275
v 0.375112 0.024859 0.057894
v 0.375140 -0.006110 0.043750
v 0.375152 -0.024813 0.057892
v 0.375168 -0.010689 0.054616
v 0.375168 0.012654 0.054616
v 0.375206 0.002391 0.048268
v 0.375207 0.005208 0.050669
v 0.375227 0.002662 0.048750
v 0.375231 -0.001618 0.062551
v 0.375233 0.001202 0.052772
v 0.375236 -0.005769 0.030751
v 0.375239 0.001029 0.051729
v 0.375252 -0.001478 0.048294
v 0.375262 0.007482 0.051250
v 0.375284 -0.004418 0.031397
v 0.375285 -0.012587 0.054616
v 0.375285 0.010757 0.054616
v 0.375286 -0.005762 0.031823
v 0.375296 -0.010760 0.048250
v 0.375296 0.012584 0.048250
v 0.375315 -0.016184 0.046533
v 0.375324 0.026843 0.057248
v 0.375335 -0.000857 0.068203
v 0.375337 -0.000780 0.058479
v 0.375337 0.000857 0.058297
v 0.375339 0.000787 0.068501
v 0.375341 -0.000631 0.057668
v 0.375341 -0.004845 0.043750
v 0.375344 0.000582 0.067619
v 0.375347 0.001252 0.083591
v 0.375349 0.000251 0.057463
v 0.375350 -0.000246 0.067472
v 0.375351 -0.000047 0.059107
v 0.375352 -0.000047 0.069107
v 0.375388 0.016134 0.038745
v 0.375437 -0.005529 0.046133
v 0.375446 -0.005125 0.032271
v 0.375458 -0.004742 0.032250
v 0.375461 0.007316 0.050669
v 0.375472 -0.006232 0.046224
v 0.375473 -0.005362 0.046750
v 0.375476 -0.000224 0.032250
v 0.375491 -0.007632 0.031353
v 0.375506 -0.000376 0.048250
v 0.375561 0.006039 0.048250
v 0.375589 -0.006915 0.032272
v 0.375590 -0.012290 0.048250
v 0.375590 0.011054 0.048250
v 0.375622 -0.006907 0.030745
v 0.375639 -0.004927 0.043750
v 0.375644 -0.021175 0.088042
v 0.375644 0.021175 0.088042
v 0.375650 0.004620 0.048691
v 0.375687 -0.006833 0.031823
v 0.375688 0.004292 0.048245
v 0.375703 -0.011672 0.054600
v 0.375703 0.011672 0.054600
v 0.375711 0.006521 0.043750
v 0.375751 -0.012777 0.048250
v 0.375751 0.010566 0.048250
v 0.375753 0.000833 0.032250
v 0.375753 0.000833 0.048250
v 0.375792 -0.004820 0.030743
v 0.375816 0.007679 0.048690
v 0.375821 0.014953 0.032263
v 0.375826 -0.006891 0.046751
v 0.375846 -0.007382 0.032250
v 0.375848 0.014839 0.043737
v 0.375854 0.004471 0.050668
v 0.375854 0.007866 0.048250
v 0.375877 0.006033 0.043750
v 0.375884 0.006265 0.048649
v 0.375886 -0.010716 0.032250
v 0.375886 0.012628 0.032250
v 0.375898 0.005251 0.043750
v 0.375900 -0.007137 0.043750
v 0.375990 -0.006904 0.046169
v 0.375993 -0.007432 0.043750
v 0.375996 -0.000315 0.054606
v 0.375999 0.014793 0.048250
v 0.376013 -0.004880 0.031823
v 0.376016 0.005448 0.048646
v 0.376018 -0.019285 0.038404
v 0.376041 0.006083 0.038542
v 0.376056 0.006217 0.049691
v 0.376056 0.006217 0.050691
v 0.376088 0.000618 0.048250
v 0.376090 -0.014867 0.053151
v 0.376100 0.006036 0.040712
v 0.376110 0.011104 0.032250
v 0.376110 -0.012240 0.032250
v 0.376136 0.019362 0.038750
v 0.376136 0.019362 0.050750
v 0.376167 -0.001247 0.032250
v 0.376172 -0.011296 0.048250
v 0.376172 0.012048 0.048250
v 0.376219 -0.000706 0.048250
v 0.376225 0.000711 0.054606
v 0.376250 0.000001 0.084600
v 0.376304 0.006936 0.048646
v 0.376329 -0.004646 0.032275
v 0.376333 0.005398 0.049691
v 0.376333 0.005398 0.050691
v 0.376340 -0.004921 0.046213
v 0.376344 -0.013761 0.048207
v 0.376400 0.003934 0.051251
v 0.376403 0.005151 0.043750
v 0.376414 -0.005950 0.032250
v 0.376424 -0.008246 0.032247
v 0.376465 -0.004048 0.031342
v 0.376466 -0.004580 0.043750
v 0.376485 0.013853 0.043448
v 0.376503 -0.007253 0.032276
v 0.376505 -0.003634 0.032248
v 0.376520 0.013577 0.046702
v 0.376541 0.007907 0.050668
v 0.376544 0.007038 0.043750
v 0.376554 0.004813 0.048250
v 0.376561 0.013318 0.048171
v 0.376569 0.005303 0.040747
v 0.376579 -0.001482 0.048250
v 0.376591 0.007293 0.048250
v 0.376604 0.006854 0.040749
v 0.376624 0.001494 0.048250
v 0.376627 0.006867 0.049691
v 0.376627 0.006867 0.050691
v 0.376654 0.005262 0.038548
v 0.376718 0.007318 0.043750
v 0.376721 -0.013256 0.038750
v 0.376729 0.006853 0.038548
v 0.376731 -0.004942 0.046750
v 0.376771 -0.001027 0.054606
v 0.376776 0.001524 0.032250
v 0.376791 -0.023500 0.084835
v 0.376794 0.023500 0.084815
v 0.376815 -0.007021 0.031823
v 0.376864 -0.007078 0.030743
v 0.376897 0.013351 0.075300
v 0.376897 0.013351 0.076800
v 0.376904 0.006048 0.038069
v 0.376904 0.008148 0.051250
v 0.376972 0.021674 0.057245
v 0.376980 0.004978 0.048646
v 0.376982 -0.004518 0.032250
v 0.377000 -0.000000 0.055216
v 0.377028 -0.006794 0.046169
v 0.377028 0.004135 0.050671
v 0.377031 0.004091 0.048690
v 0.377054 -0.007163 0.043750
v 0.377077 -0.007296 0.032250
v 0.377091 0.004778 0.043750
v 0.377110 0.007066 0.048647
v 0.377119 -0.012011 0.043738
v 0.377125 -0.012118 0.032301
v 0.377129 -0.006729 0.046750
v 0.377141 -0.005067 0.031823
v 0.377153 -0.007721 0.031353
v 0.377178 -0.013457 0.038250
v 0.377182 0.005228 0.049691
v 0.377182 0.005228 0.050691
v 0.377205 -0.004993 0.030745
v 0.377209 -0.011980 0.046721
v 0.377221 -0.001029 0.048250
v 0.377224 -0.001524 0.032250
v 0.377239 -0.004982 0.032271
v 0.377268 -0.005315 0.046133
v 0.377313 -0.012061 0.043439
v 0.377357 0.003939 0.048250
v 0.377382 0.005385 0.040747
v 0.377386 -0.022941 0.076800
v 0.377386 0.022941 0.076800
v 0.377413 -0.006039 0.046187
v 0.377430 0.005166 0.043750
v 0.377437 -0.005175 0.043750
v 0.377446 -0.005721 0.046750
v 0.377475 0.006698 0.049691
v 0.377475 0.006698 0.050691
v 0.377489 0.000983 0.054616
v 0.377514 0.006603 0.038548
v 0.377519 0.007839 0.050669
v 0.377519 -0.004877 0.043750
v 0.377539 -0.022501 0.084822
v 0.377542 -0.006138 0.031823
v 0.377552 0.022503 0.084819
v 0.377567 0.008100 0.048250
v 0.377586 -0.006529 0.032275
v 0.377597 -0.006184 0.030747
v 0.377597 -0.006449 0.043750
v 0.377618 0.000912 0.048250
v 0.377634 0.005586 0.038542
v 0.377646 -0.005452 0.032245
v 0.377665 0.023776 0.075300
v 0.377665 0.023776 0.076800
v 0.377706 0.006348 0.040743
v 0.377718 -0.011301 0.075300
v 0.377718 -0.011301 0.076800
v 0.377741 0.005889 0.049640
v 0.377749 -0.007761 0.032250
v 0.377753 0.005878 0.050691
v 0.377773 0.007806 0.048690
v 0.377795 0.006640 0.048644
v 0.377819 -0.010399 0.048250
v 0.377826 0.006942 0.048250
v 0.377846 -0.006518 0.032250
v 0.377863 0.006708 0.043750
v 0.377868 0.005578 0.048646
v 0.377880 0.009991 0.032276
v 0.377896 -0.006371 0.043750
v 0.377931 0.006062 0.043750
v 0.377934 0.009666 0.043737
v 0.377970 -0.004779 0.031384
v 0.377983 -0.000489 0.054616
v 0.378002 -0.000323 0.048250
v 0.378014 -0.005557 0.084600
v 0.378014 0.005557 0.084600
v 0.378072 0.005384 0.048250
v 0.378073 -0.001106 0.048250
v 0.378098 0.005574 0.043750
v 0.378106 0.001073 0.048250
v 0.378149 0.004620 0.050669
v 0.378158 0.020782 0.055750
v 0.378208 0.000956 0.032250
v 0.378213 -0.023041 0.075300
v 0.378213 -0.023041 0.076800
v 0.378224 -0.020681 0.055750
v 0.378249 -0.004603 0.032248
v 0.378259 -0.006476 0.031353
v 0.378294 -0.023100 0.075500
v 0.378294 -0.023100 0.076800
v 0.378294 0.023100 0.075500
v 0.378294 0.023100 0.076800
v 0.378315 0.008203 0.048191
v 0.378329 0.008471 0.046714
v 0.378333 0.007293 0.050668
v 0.378351 0.007648 0.051250
v 0.378395 0.008586 0.043448
v 0.378432 -0.000568 0.032250
v 0.378438 -0.007898 0.046737
v 0.378485 0.004586 0.051251
v 0.378493 -0.007601 0.048218
v 0.378497 -0.000098 0.048250
v 0.378627 0.020089 0.057893
v 0.378662 0.005179 0.048690
v 0.378696 0.005433 0.050668
v 0.378704 0.006657 0.048691
v 0.378709 -0.006664 0.043738
v 0.378714 -0.023405 0.085712
v 0.378714 0.023405 0.085712
v 0.378727 0.007092 0.048250
v 0.378729 -0.006506 0.032277
v 0.378763 0.006411 0.050669
v 0.378790 0.014164 0.038404
v 0.378858 -0.023509 0.075500
v 0.378858 0.023509 0.075500
v 0.378890 0.006859 0.053126
v 0.378918 -0.014220 0.038750
v 0.378918 -0.014220 0.050750
v 0.378970 0.006473 0.038688
v 0.378975 0.008224 0.038250
v 0.378990 0.005399 0.048251
v 0.378999 -0.005730 0.053150
v 0.378999 -0.005730 0.083600
v 0.378999 0.005730 0.083600
v 0.379004 0.006048 0.051250
v 0.379060 -0.005661 0.046533
v 0.379099 -0.005313 0.043450
v 0.379120 0.004161 0.043724
v 0.379143 0.004356 0.032294
v 0.379163 -0.009727 0.075300
v 0.379163 0.009727 0.071800
v 0.379187 -0.010354 0.076800
v 0.379187 0.010354 0.076800
v 0.379187 0.010354 0.086726
v 0.379197 -0.008761 0.076800
v 0.379197 -0.008761 0.086774
v 0.379197 0.008761 0.076800
v 0.379197 0.008761 0.086774
v 0.379208 -0.010506 0.086719
v 0.379229 0.002806 0.048211
v 0.379303 0.002970 0.046714
v 0.379303 -0.019098 0.057925
v 0.379308 -0.002799 0.048054
v 0.379345 -0.002186 0.046727
v 0.379351 -0.001336 0.043737
v 0.379387 -0.002725 0.038750
v 0.379387 -0.002725 0.053150
v 0.379406 -0.001223 0.032285
v 0.379414 -0.002378 0.048250
v 0.379488 0.000857 0.068203
v 0.379489 0.000857 0.046298
v 0.379490 -0.000853 0.058296
v 0.379491 -0.000787 0.068501
v 0.379491 0.000787 0.057999
v 0.379491 -0.000778 0.046496
v 0.379492 -0.000581 0.067618
v 0.379492 -0.010970 0.071800
v 0.379492 0.010970 0.075300
v 0.379493 0.000582 0.058881
v 0.379495 -0.000631 0.045668
v 0.379497 0.000251 0.045463
v 0.379500 -0.000246 0.059028
v 0.379500 0.000246 0.067472
v 0.379501 0.000047 0.069107
v 0.379502 -0.000047 0.047107
v 0.379507 -0.000050 0.057393
v 0.379528 0.000272 0.043450
v 0.379650 -0.007908 0.071800
v 0.379650 0.007908 0.075300
v 0.379651 -0.017271 0.057253
v 0.379737 0.010968 0.055750
v 0.379737 0.010968 0.057250
v 0.379787 -0.010816 0.055750
v 0.379787 -0.010816 0.057250
v 0.379854 0.002897 0.076800
v 0.379882 0.002879 0.075300
v 0.379886 -0.002766 0.038250
v 0.379953 0.019055 0.075300
v 0.379984 -0.007377 0.076800
v 0.379984 -0.007377 0.086726
v 0.379984 0.007377 0.076800
v 0.379984 0.007377 0.086726
v 0.379987 0.011787 0.086593
v 0.380008 -0.011800 0.086588
v 0.380013 -0.000048 0.075300
v 0.380014 0.009327 0.088181
v 0.380014 -0.009327 0.088180
v 0.380041 -0.000028 0.076800
v 0.380062 -0.020684 0.057230
v 0.380094 0.020658 0.057252
v 0.380096 0.009002 0.083100
v 0.380096 -0.009002 0.083100
v 0.380334 -0.018370 0.075300
v 0.380377 0.010651 0.083100
v 0.380424 -0.012244 0.076800
v 0.380521 0.012282 0.076800
v 0.380557 -0.006996 0.075300
v 0.380557 0.006996 0.071800
v 0.380662 0.012179 0.071800
v 0.380664 -0.009386 0.076800
v 0.380664 0.009766 0.076800
v 0.380681 -0.008656 0.038404
v 0.380686 -0.012196 0.075300
v 0.380700 -0.011185 0.083100
v 0.380733 -0.009899 0.071800
v 0.380733 -0.009253 0.076800
v 0.380733 0.009253 0.071800
v 0.380754 -0.011199 0.088038
v 0.380773 0.009103 0.076800
v 0.380796 0.011242 0.088024
v 0.380814 -0.009001 0.071800
v 0.380814 0.010152 0.071800
v 0.380817 0.008690 0.038750
v 0.380817 0.008690 0.050750
v 0.380840 -0.010213 0.071800
v 0.380840 0.008940 0.071800
v 0.380927 -0.007850 0.088120
v 0.380940 -0.008826 0.071800
v 0.380940 0.010326 0.076800
v 0.381066 -0.009955 0.083100
v 0.381066 -0.009198 0.076800
v 0.381066 0.009198 0.083100
v 0.381066 0.009955 0.076800
v 0.381164 -0.007714 0.083100
v 0.381206 0.010719 0.071800
v 0.381206 -0.010719 0.076800
v 0.381311 -0.012586 0.085672
v 0.381325 -0.010403 0.076800
v 0.381325 -0.008750 0.083100
v 0.381325 0.008750 0.076800
v 0.381325 0.010403 0.083100
v 0.381353 0.001676 0.076800
v 0.381370 0.001630 0.075300
v 0.381388 -0.010883 0.076800
v 0.381388 0.008269 0.076800
v 0.381394 -0.006536 0.086593
v 0.381405 0.006534 0.086592
v 0.381440 -0.012468 0.071800
v 0.381440 0.012468 0.075300
v 0.381468 0.001500 0.056450
v 0.381468 0.001500 0.057250
v 0.381483 -0.009222 0.076800
v 0.381483 0.009931 0.076800
v 0.381489 -0.010875 0.071800
v 0.381489 -0.008277 0.076800
v 0.381489 0.008277 0.071800
v 0.381489 0.008277 0.076800
v 0.381499 0.007452 0.088101
v 0.381499 0.000200 0.055750
v 0.381499 0.000200 0.056450
v 0.381500 -0.000000 0.055750
v 0.381500 -0.000000 0.056550
v 0.381500 0.001500 0.056550
v 0.381514 -0.009163 0.071800
v 0.381514 0.009990 0.071800
v 0.381536 -0.008229 0.071800
v 0.381536 0.010923 0.071800
v 0.381538 -0.010030 0.071800
v 0.381538 0.009122 0.071800
v 0.381544 0.001303 0.075300
v 0.381558 0.001486 0.057250
v 0.381559 0.001354 0.076800
v 0.381577 -0.010085 0.076800
v 0.381577 0.009068 0.076800
v 0.381588 0.014390 0.057897
v 0.381592 0.010970 0.076800
v 0.381604 -0.010957 0.071800
v 0.381604 0.008196 0.071800
v 0.381631 0.014140 0.055750
v 0.381653 -0.019086 0.075300
v 0.381674 0.011686 0.083100
v 0.381680 0.002618 0.038410
v 0.381684 -0.014007 0.055750
v 0.381687 -0.014117 0.057892
v 0.381710 0.018981 0.075300
v 0.381710 0.007413 0.083100
v 0.381722 0.009728 0.055750
v 0.381727 -0.008104 0.076800
v 0.381729 0.009305 0.057250
v 0.381766 0.011042 0.076800
v 0.381779 -0.002923 0.038750
v 0.381779 -0.002923 0.050750
v 0.381886 0.000857 0.046203
v 0.381891 -0.000787 0.046501
v 0.381896 -0.000582 0.045619
v 0.381899 0.000048 0.047107
v 0.381900 0.000246 0.045472
v 0.381916 -0.008070 0.071800
v 0.381929 0.009159 0.055750
v 0.381967 0.006362 0.076800
v 0.381981 -0.010781 0.083100
v 0.381981 -0.008371 0.076800
v 0.381981 0.008371 0.083100
v 0.381981 0.010781 0.076800
v 0.381994 -0.007418 0.087928
v 0.382013 0.010054 0.057250
v 0.382025 -0.000000 0.086588
v 0.382105 -0.006374 0.076800
v 0.382175 -0.006534 0.071800
v 0.382204 0.006531 0.075300
v 0.382239 -0.011726 0.083100
v 0.382239 -0.011726 0.087066
v 0.382239 -0.011076 0.071800
v 0.382239 -0.011076 0.076800
v 0.382239 0.008076 0.071800
v 0.382239 0.008076 0.076800
v 0.382320 -0.008724 0.076800
v 0.382320 0.010429 0.076800
v 0.382369 0.010106 0.055750
v 0.382391 -0.008734 0.071800
v 0.382391 0.010419 0.071800
v 0.382393 0.010110 0.057266
v 0.382397 0.012802 0.085007
v 0.382435 -0.010410 0.071800
v 0.382435 0.008743 0.071800
v 0.382472 0.010140 0.057248
v 0.382498 -0.010781 0.076800
v 0.382498 -0.008371 0.083100
v 0.382498 0.008371 0.076800
v 0.382498 0.010781 0.083100
v 0.382505 -0.010390 0.076800
v 0.382505 0.008762 0.076800
v 0.382524 -0.000000 0.088042
v 0.382541 0.009129 0.055750
v 0.382562 -0.008070 0.076800
v 0.382584 0.011056 0.071800
v 0.382611 0.009196 0.057250
v 0.382669 0.009828 0.057489
v 0.382669 -0.012697 0.084864
v 0.382711 0.009426 0.057429
v 0.382735 0.009642 0.057499
v 0.382749 0.009651 0.055750
v 0.382752 -0.008104 0.071800
v 0.382752 0.011049 0.071800
v 0.382774 -0.012528 0.071800
v 0.382774 0.012528 0.071800
v 0.382804 0.011006 0.076800
v 0.382804 -0.007467 0.083100
v 0.382827 -0.012671 0.076800
v 0.382827 0.012671 0.076800
v 0.382913 -0.012500 0.075300
v 0.382913 0.012500 0.075300
v 0.382926 0.014937 0.057250
v 0.382940 -0.006505 0.085672
v 0.382940 0.006505 0.085672
v 0.382942 -0.008229 0.076800
v 0.382946 0.008211 0.071800
v 0.382946 -0.010941 0.071800
v 0.382965 -0.007723 0.057249
v 0.382983 -0.014796 0.057250
v 0.382989 -0.010875 0.076800
v 0.382989 0.010875 0.076800
v 0.382993 -0.006673 0.075300
v 0.382993 0.006673 0.071800
v 0.383024 -0.010898 0.076800
v 0.383024 0.008255 0.076800
v 0.383039 0.011656 0.086622
v 0.383090 -0.009482 0.076800
v 0.383090 0.009671 0.076800
v 0.383095 -0.009554 0.071800
v 0.383095 0.009599 0.071800
v 0.383153 -0.010403 0.083100
v 0.383153 -0.008750 0.076800
v 0.383153 0.008750 0.083100
v 0.383153 0.010403 0.076800
v 0.383235 0.008409 0.071800
v 0.383278 -0.008468 0.071800
v 0.383314 0.007714 0.083100
v 0.383314 0.007714 0.087066
v 0.383330 -0.010694 0.071799
v 0.383365 0.008529 0.076800
v 0.383385 0.013269 0.075300
v 0.383385 0.013269 0.076800
v 0.383412 -0.009955 0.076800
v 0.383412 -0.009198 0.083100
v 0.383412 0.009198 0.076800
v 0.383412 0.009955 0.083100
v 0.383425 0.008540 0.057890
v 0.383454 0.010463 0.071801
v 0.383475 -0.011375 0.086408
v 0.383538 -0.008826 0.076800
v 0.383650 -0.010140 0.071800
v 0.383650 0.009012 0.071800
v 0.383664 -0.009001 0.076800
v 0.383664 0.010152 0.076800
v 0.383677 -0.010067 0.076800
v 0.383677 0.009085 0.076800
v 0.383695 -0.009085 0.071800
v 0.383695 0.010068 0.071800
v 0.383718 0.001500 0.057250
v 0.383727 0.009375 0.071800
v 0.383728 0.006945 0.055750
v 0.383728 -0.009975 0.076800
v 0.383728 0.009975 0.076800
v 0.383734 -0.009404 0.071801
v 0.383752 0.011185 0.083101
v 0.383758 -0.006780 0.055750
v 0.383781 -0.012113 0.075300
v 0.383781 -0.012113 0.076800
v 0.383813 0.001496 0.057248
v 0.383835 -0.011097 0.083100
v 0.383851 -0.006663 0.057886
v 0.383876 -0.012144 0.075500
v 0.383876 -0.012144 0.076800
v 0.383876 0.012144 0.075500
v 0.383876 0.012144 0.076800
v 0.383976 -0.008181 0.086614
v 0.384038 -0.000000 0.056550
v 0.384038 0.001500 0.056550
v 0.384080 0.000200 0.056450
v 0.384080 0.001500 0.056450
v 0.384172 -0.007089 0.084864
v 0.384172 0.007089 0.084864
v 0.384178 -0.007288 0.071800
v 0.384179 0.007287 0.071800
v 0.384210 0.008638 0.086407
v 0.384285 -0.007382 0.075300
v 0.384285 0.007382 0.075300
v 0.384296 -0.007190 0.076800
v 0.384296 0.007190 0.076800
v 0.384334 0.010276 0.086094
v 0.384353 -0.008940 0.083101
v 0.384369 0.000200 0.055750
v 0.384369 -0.012305 0.085712
v 0.384369 0.012305 0.085712
v 0.384370 0.000000 0.055750
v 0.384382 0.001502 0.057870
v 0.384382 0.009058 0.083100
v 0.384403 -0.010013 0.086088
v 0.384439 0.001495 0.057918
v 0.384539 -0.012360 0.075500
v 0.384539 0.012360 0.075500
v 0.384833 -0.000000 0.084864
v 0.384970 0.001500 0.075300
v 0.384974 -0.000000 0.076800
v 0.385056 0.001496 0.075300
v 0.385081 -0.000000 0.057593
v 0.385081 0.001500 0.057593
v 0.385179 0.007341 0.057250
v 0.385180 0.000200 0.057550
v 0.385180 0.001500 0.057550
v 0.385212 -0.007167 0.057250
v 0.385626 -0.008316 0.075300
v 0.385657 0.008167 0.075300
v 0.385672 0.001500 0.076800
v 0.385697 0.001499 0.075300
v 0.385699 -0.000000 0.075300
v 0.385741 0.001494 0.076800
v 0.385800 0.000200 0.075300
v 0.385800 -0.000000 0.075500
v 0.385800 -0.000000 0.076800
v 0.385869 0.000200 0.057250
v 0.385870 -0.000000 0.057250
v 0.386318 -0.000000 0.085712
v 0.386496 -0.000000 0.075500
v 0.386499 0.000200 0.075300
v 0.386500 -0.000000 0.075300
usemtl Steel_-_Satin
f 6482 6535 6507
f 6480 6506 6534
f 6480 6534 6482
f 6482 6534 6561
f 6561 6585 6482
f 6482 6585 6562
f 6482 6562 6535
f 5094 5096 5069
f 5013 5028 5008
f 5008 5028 5007
f 5008 5007 5014
f 5014 5007 5029
f 5014 5029 5010
f 5010 5029 5047
f 5399 5275 5127
f 5127 5275 5084
f 5127 5084 5095
f 5274 5128 5087
f 5087 5128 5094
f 5087 5094 5069
f 5087 5069 5044
f 5044 5069 5028
f 5044 5028 5013
f 5044 5013 5009
f 5047 5029 5070
f 5047 5070 5084
f 5084 5070 5097
f 5084 5097 5095
f 5400 5128 5274
f 6160 6161 5987
f 6215 6160 6335
f 6335 6160 5988
f 5988 6160 5987
f 5456 5400 5274
f 5456 5274 6335
f 5666 5455 5665
f 5665 5455 5456
f 5665 5456 5712
f 5712 5456 6335
f 5712 6335 5938
f 5938 6335 5988
f 5986 6159 5985
f 5985 6159 6158
f 6477 6336 6214
f 6214 6336 6158
f 5275 5399 5453
f 5454 5664 5453
f 5453 5664 5663
f 5453 5663 5275
f 5275 5663 5711
f 5275 5711 5937
f 6336 5275 6158
f 6158 5275 5937
f 6158 5937 5985
f 5097 5070 5126
f 5126 5070 5029
f 5029 5007 5126
f 5126 5007 5028
f 5126 5028 5124
f 5124 5028 5069
f 5124 5069 5096
f 6032 6028 6036
f 6037 6159 5986
f 6036 6028 6029
f 5987 6161 6026
f 6026 6161 6029
f 6024 5961 6021
f 6021 5961 5960
f 5986 5961 6024
f 5986 6024 6028
f 6037 6041 6084
f 6084 6041 6039
f 5987 6026 6021
f 5987 6021 5960
f 6028 6032 5986
f 5986 6032 6037
f 6036 6029 6161
f 6036 6161 6039
f 6039 6161 6098
f 6039 6098 6084
f 6144 6101 6107
f 6144 6107 6145
f 6145 6107 6152
f 6144 6154 6159
f 6155 6189 6192
f 6155 6192 6154
f 6155 6152 6189
f 6189 6152 6161
f 6161 6152 6107
f 6161 6107 6098
f 6192 6159 6154
f 6101 6144 6159
f 6101 6159 6086
f 6086 6159 6037
f 6086 6037 6084
f 4054 4115 4215
f 4215 4103 4054
f 4054 4103 4067
f 7468 7146 7229
f 7468 7229 7572
f 6916 7014 7146
f 7146 7014 7229
f 8138 8171 7885
f 7885 8171 7898
f 7885 7898 7857
f 7856 7897 7995
f 8513 8863 8137
f 7856 7995 8137
f 8137 7995 8150
f 8137 8150 8513
f 9659 9802 9293
f 8513 8849 8863
f 8863 8849 9153
f 8863 9153 9293
f 9293 9153 9285
f 9293 9285 9659
f 9802 9659 10050
f 9802 10050 10146
f 10146 10050 10304
f 10050 10235 10304
f 10304 10235 10147
f 10235 10123 10147
f 10147 10123 9805
f 10123 9796 9805
f 9805 9796 9294
f 9796 9297 9294
f 9294 9297 8864
f 9297 8889 8864
f 8864 8889 8138
f 8138 8889 8171
f 4416 4422 4556
f 4556 4422 4560
f 4556 4560 4598
f 4598 4560 4599
f 4598 4599 4561
f 4561 4599 4557
f 4561 4557 4423
f 4423 4557 4417
f 4423 4417 4313
f 4313 4417 4314
f 4313 4314 4294
f 4294 4314 4295
f 4294 4295 4416
f 4416 4295 4422
f 10176 10110 9957
f 10099 10407 10144
f 10176 10302 10368
f 10099 10252 10407
f 10110 10086 9957
f 9957 10086 10141
f 9957 10141 10099
f 10099 10141 10252
f 10394 10465 10418
f 10418 10465 10493
f 10292 10260 10394
f 10394 10260 10373
f 10394 10373 10465
f 10260 10292 10176
f 10176 10292 10302
f 10407 10368 10493
f 10493 10368 10418
f 10407 10252 10224
f 10407 10224 10368
f 10368 10224 10176
f 10176 10224 10110
f 9733 9561 9547
f 9733 9547 9927
f 9776 9810 9927
f 9927 9810 9733
f 9651 9449 9636
f 9636 9449 9539
f 9636 9539 9733
f 9733 9539 9561
f 9776 10085 9700
f 10085 9651 9700
f 10454 10390 10253
f 10085 10142 10195
f 10195 10142 10275
f 10454 10253 10225
f 10454 10225 10285
f 10285 10225 9927
f 9927 10225 9776
f 9776 10225 10111
f 9776 10111 10085
f 10275 10142 10390
f 10390 10142 10253
f 9151 9457 9240
f 9185 8725 9151
f 9185 9151 9240
f 9240 9457 9347
f 8628 8725 9185
f 8628 9185 8564
f 8564 9185 9162
f 8564 9162 9201
f 9315 9201 9246
f 9315 9246 9347
f 9347 9246 9240
f 8189 8725 8282
f 8725 8628 8451
f 8725 8451 8282
f 8282 8451 8385
f 8282 8385 8267
f 8267 8385 8404
f 8267 8404 8564
f 7529 7153 7606
f 7153 7529 7254
f 7644 7597 7606
f 7606 7597 7529
f 8070 7961 7923
f 7254 7529 7371
f 7371 7529 7564
f 7371 7564 7429
f 7429 7564 7653
f 7987 8084 7972
f 7972 7653 7940
f 7940 7653 7644
f 8070 7923 7868
f 7868 7923 7606
f 7606 7923 7913
f 7606 7913 7644
f 7644 7913 7940
f 7987 8035 8041
f 7987 8041 8084
f 8070 8035 7961
f 7961 8035 7987
f 6967 6976 6951
f 6887 6971 6951
f 6802 6887 6721
f 6721 6887 6814
f 6971 6887 6802
f 6971 6802 6996
f 6996 6802 7078
f 6996 7078 7082
f 6721 6814 6788
f 6721 6788 6743
f 7137 7278 7090
f 7090 7278 6967
f 6743 6788 6847
f 6743 6847 6845
f 7078 7119 7082
f 7082 7119 7278
f 6845 6847 6976
f 6976 6847 6920
f 6976 6920 6951
f 7082 7278 7137
f 6951 6971 6967
f 6967 6971 7090
f 7311 7524 7591
f 7311 7591 7713
f 7579 7448 7643
f 7643 7448 7772
f 6995 6825 7081
f 7081 6825 6959
f 7081 6959 7024
f 7713 7591 7703
f 7703 7591 7650
f 7703 7650 7721
f 6825 6995 6970
f 6825 6970 6757
f 6757 6970 6947
f 6947 6970 7311
f 7311 6970 7089
f 7311 7089 7524
f 7524 7089 7579
f 7579 7089 7136
f 7579 7136 7448
f 7448 7136 7024
f 7024 7136 7081
f 7721 7650 7772
f 7772 7650 7643
f 8945 8570 8823
f 8823 8570 8639
f 8823 8639 8860
f 7998 8389 8328
f 8328 8389 8403
f 8328 8403 8570
f 8328 8570 8945
f 8190 7992 7962
f 8190 7962 7860
f 7860 7962 7922
f 7860 7922 7833
f 7833 7922 7912
f 7833 7912 7767
f 7767 7912 7945
f 7767 7945 7998
f 8639 8554 8860
f 8860 8554 8190
f 8190 8554 8389
f 8190 8389 7992
f 7992 8389 7945
f 7945 8389 7998
f 10495 10509 10465
f 10465 10509 10493
f 10509 10499 10493
f 10499 10504 10490
f 10505 10463 10490
f 10505 10490 10504
f 10463 10505 10495
f 10463 10495 10465
f 10499 10490 10493
f 10493 10490 10334
f 10493 10334 10407
f 10407 10334 10119
f 10407 10119 10144
f 9547 9534 9927
f 9534 9926 9927
f 9927 9926 10240
f 9927 10240 10285
f 10463 10454 10285
f 10463 10285 10240
f 8400 8526 8189
f 8189 8526 8725
f 8526 8617 8725
f 8617 8539 8676
f 8676 8539 8431
f 8676 8431 8126
f 8126 8431 8189
f 8189 8431 8400
f 8617 8676 8725
f 8725 8676 9164
f 8725 9164 9151
f 9151 9164 9534
f 9151 9534 9457
f 8126 8070 7892
f 7892 8070 7868
f 7892 7868 7606
f 7892 7606 7673
f 7673 7606 7153
f 7673 7153 7105
f 6743 6740 6719
f 6743 6719 6721
f 6721 6719 6764
f 6721 6764 6802
f 6802 6764 7105
f 6802 7105 7078
f 7713 7746 7373
f 7713 7373 7311
f 7311 7373 6883
f 7311 6883 6947
f 6947 6883 6740
f 6947 6740 6757
f 8616 8461 8945
f 8945 8461 8328
f 8461 8408 8328
f 8183 8425 9011
f 9011 8425 8546
f 9011 8546 8616
f 9011 8616 8945
f 7746 7767 7998
f 7746 7998 7997
f 7997 7998 8328
f 7997 8328 8183
f 8183 8328 8408
f 8183 8408 8425
f 10119 9828 10069
f 10069 9828 9729
f 9729 9828 9339
f 9729 9339 9309
f 9309 9339 9011
f 9309 9011 9063
f 10119 10363 9907
f 8965 9011 9361
f 7746 7827 7341
f 6707 6740 6853
f 7059 7105 6741
f 8519 8126 7973
f 9534 9174 9642
f 10521 10463 10464
f 8126 7892 7973
f 7973 7892 7656
f 7656 7892 7673
f 7656 7673 7059
f 7059 7673 7105
f 7105 6764 6741
f 6741 6764 6719
f 6741 6719 6707
f 6707 6719 6740
f 6853 6740 6883
f 6853 6883 7341
f 7341 6883 7373
f 7341 7373 7746
f 7827 7746 7997
f 7827 7997 8174
f 8174 7997 8183
f 8174 8183 8965
f 8965 8183 9011
f 9011 9339 9361
f 9361 9339 9828
f 9361 9828 9907
f 9907 9828 10119
f 10363 10119 10334
f 10363 10334 10521
f 10521 10334 10490
f 10521 10490 10463
f 10464 10463 10240
f 10464 10240 10158
f 10158 10240 9926
f 10158 9926 9642
f 9642 9926 9534
f 9534 9164 9174
f 9174 9164 8676
f 9174 8676 8519
f 8519 8676 8126
f 8516 8525 9178
f 9178 8525 8596
f 8608 8463 9190
f 8544 8608 8575
f 8575 8608 9190
f 8517 8538 8463
f 8463 8538 8612
f 8463 8612 9190
f 9190 8612 8467
f 9190 8467 8518
f 8517 8463 8037
f 8037 8463 8396
f 8396 7966 8037
f 8434 7971 8396
f 8544 8575 8434
f 8575 8427 8434
f 8434 8427 7971
f 7971 8427 8401
f 7971 8401 8525
f 7971 8525 8516
f 8509 8537 9189
f 9189 8537 8611
f 8464 8580 8611
f 8508 8449 8580
f 8464 8508 8580
f 8580 8601 9188
f 8580 9189 8611
f 9188 8601 8462
f 8462 8543 8606
f 8462 8606 9188
f 9188 8606 8949
f 8949 8606 8455
f 8949 8455 8507
f 8507 8455 8184
f 8184 8455 7965
f 7965 8455 8409
f 7965 8409 8420
f 7965 8420 8462
f 8462 8420 8543
f 7938 8394 8036
f 8036 8394 8508
f 8508 8394 8449
f 8396 7971 7966
f 7966 7971 7647
f 7966 7647 7626
f 7626 7647 7050
f 7626 7050 6963
f 6963 7050 6748
f 6748 7050 6752
f 6748 6752 6724
f 6748 6724 6739
f 6739 6724 7001
f 7001 6724 6929
f 7001 6929 7482
f 7001 7482 7660
f 7660 7482 7838
f 8462 8394 7965
f 7965 8394 7938
f 7965 7938 7838
f 7838 7938 7660
f 8580 9188 9189
f 9189 9188 9340
f 9189 9340 9694
f 9340 9835 9694
f 9694 9835 10201
f 10494 10507 10496
f 10507 10500 10496
f 10496 10500 10466
f 10508 10494 10468
f 10500 10497 10466
f 10466 10497 10467
f 10466 10467 10293
f 10293 10467 10201
f 10293 10201 9835
f 10497 10508 10467
f 10467 10508 10468
f 10494 10496 10506
f 10494 10506 10503
f 10494 10503 10468
f 10503 10498 10460
f 10510 10491 10460
f 10510 10460 10498
f 10491 10510 10466
f 10466 10510 10496
f 10503 10460 10468
f 10468 10460 10202
f 10460 10168 10202
f 10202 10168 9695
f 8596 8575 9178
f 9178 8575 9190
f 9178 9190 9654
f 9654 9190 9695
f 9654 9695 10168
f 7329 7470 7147
f 5659 5655 5662
f 6127 6122 6142
f 4793 4723 4996
f 2266 2385 2168
f 2644 2782 2525
f 3392 3249 3276
f 3392 3276 3301
f 3301 3276 3227
f 3301 2658 2703
f 2703 2658 2539
f 2703 2539 2175
f 2539 2329 2175
f 2175 2329 2168
f 2168 2329 2266
f 3288 3249 3392
f 3288 3392 3146
f 3166 3035 3227
f 3146 3392 2782
f 3146 2782 2956
f 2644 2658 2782
f 2782 2658 2956
f 3227 3035 3301
f 3301 3035 2658
f 2658 3035 2917
f 2658 2917 2956
f 6273 7242 7355
f 7355 7856 8137
f 8138 6514 8864
f 8864 6514 9176
f 8864 9176 9294
f 9294 9176 9637
f 9294 9637 9805
f 9805 9637 10129
f 9805 10129 10147
f 10147 10129 10419
f 10147 10419 10304
f 10304 10419 10420
f 10304 10420 10146
f 10146 10420 10130
f 10146 10130 9802
f 9802 10130 9638
f 9802 9638 9293
f 9293 9638 9177
f 9293 9177 8863
f 8863 9177 8515
f 8863 8515 8137
f 8137 8515 6273
f 8137 6273 7355
f 3391 3238 3097
f 3391 3097 2708
f 2536 2708 2638
f 3097 2955 2708
f 2708 2955 2638
f 2638 2955 2918
f 3282 3503 3190
f 2403 2543 2347
f 2918 2660 2638
f 3190 3503 3043
f 3043 3503 2347
f 3043 2347 2543
f 3043 2543 2918
f 2918 2543 2660
f 2486 2057 2297
f 2297 2057 2024
f 2297 2024 2301
f 2301 2024 2176
f 2265 2301 2176
f 2265 2176 2389
f 1845 2176 1995
f 1995 2176 2024
f 806 818 862
f 1704 1350 1143
f 1090 836 1059
f 806 862 982
f 806 982 1337
f 2024 2057 1882
f 1882 2057 1463
f 1704 1667 1350
f 1350 1667 1463
f 1463 1667 1752
f 1463 1752 1882
f 1337 982 1130
f 1337 1130 1558
f 1229 1396 1558
f 1558 1396 1475
f 1558 1475 2057
f 2057 1475 1463
f 1558 1130 1079
f 1558 1079 1229
f 1229 1079 933
f 1229 933 1090
f 1090 933 836
f 1257 1151 1397
f 1397 1151 1482
f 826 1091 1058
f 1107 1127 1170
f 820 806 874
f 935 1055 1257
f 935 1257 1091
f 935 1091 826
f 1257 1055 1151
f 2175 1328 1464
f 2175 1464 1698
f 1417 1170 1127
f 1417 1127 1337
f 1337 1127 980
f 1337 980 806
f 806 980 874
f 1464 1482 1698
f 1698 1482 1417
f 1417 1482 1151
f 1417 1151 1170
f 1294 1814 1672
f 1294 1672 1702
f 1134 1328 1294
f 1294 1328 2175
f 1294 2175 1814
f 1814 2175 1994
f 1836 1979 2168
f 2168 1979 2175
f 2175 1979 2027
f 2175 2027 1994
f 2297 2347 2486
f 2486 2347 2953
f 2953 2347 3503
f 2953 3503 3462
f 3729 3908 3533
f 3533 3908 3462
f 3533 3462 3503
f 3908 3729 3868
f 3646 3503 3282
f 3646 3282 3959
f 3646 3959 3832
f 5512 5508 5479
f 5479 5508 5511
f 5831 5642 5658
f 5511 5539 5479
f 5479 5539 5831
f 5831 5539 5642
f 5542 5281 5644
f 5644 5281 5829
f 5512 5336 5279
f 5512 5279 5062
f 4670 4717 4237
f 4237 4717 4832
f 4237 5216 5479
f 5479 5216 5300
f 5279 5207 5062
f 5062 5207 5056
f 5056 5207 5216
f 5479 5300 5512
f 5512 5300 5336
f 4237 4832 5005
f 4237 5005 5216
f 5216 5005 5056
f 5281 5542 5512
f 5281 5512 5062
f 5281 5062 5055
f 4996 5046 4793
f 4793 5046 4752
f 4840 4651 4752
f 4840 4752 5012
f 5012 4752 5046
f 5012 5046 5055
f 5055 5046 5089
f 5055 5089 5281
f 5993 5996 5831
f 5996 6009 5831
f 5831 6009 6273
f 6273 6009 6100
f 6124 6103 6340
f 6340 6103 5829
f 5829 6103 6011
f 6010 5994 5990
f 5990 5994 5992
f 6127 6142 6123
f 5992 5995 5828
f 5995 6008 5828
f 5828 6008 6334
f 6334 6008 6099
f 6142 6102 6010
f 6142 6010 5990
f 5510 5273 5507
f 5507 5273 5478
f 5507 5478 5509
f 5509 5478 5541
f 5828 5641 5656
f 5659 5662 5656
f 5510 5538 5273
f 5273 5538 5828
f 5828 5538 5641
f 5662 5643 5541
f 5662 5541 5478
f 6273 6582 6679
f 6273 6679 7242
f 7242 6679 6751
f 7242 6751 7189
f 7189 6751 6898
f 7189 6898 7240
f 7240 6898 6962
f 7240 6962 7331
f 7331 6962 6897
f 7468 7331 7146
f 7146 7331 6897
f 7146 6897 6916
f 6916 6897 6729
f 6916 6729 6598
f 6598 6729 6587
f 6598 6587 6551
f 6551 6587 6519
f 6519 6587 6545
f 6519 6545 6541
f 6273 6541 6546
f 6273 6546 6582
f 4060 4097 3872
f 4406 4328 4262
f 4106 4031 4328
f 4328 4031 4262
f 3872 4097 4253
f 3872 4253 4670
f 4253 4452 4670
f 4670 4452 4528
f 4580 4670 4528
f 4580 4528 4406
f 4406 4528 4328
f 3662 3752 3591
f 3662 3591 3301
f 3392 3623 4237
f 4106 4060 4031
f 4031 4060 3872
f 4031 3872 3662
f 3662 3872 3752
f 3591 3502 3301
f 3301 3502 3392
f 3392 3502 3519
f 3392 3519 3623
f 3623 3823 4237
f 4237 3823 3872
f 4386 4209 4613
f 4533 4475 4613
f 3908 4390 4220
f 4467 4442 4220
f 4467 4220 4390
f 4613 4209 3868
f 4220 4442 4523
f 4533 4613 4629
f 4192 4450 4475
f 4192 4475 4390
f 4192 4390 3908
f 4192 3908 4057
f 3868 4209 4081
f 3868 4081 3908
f 3908 4081 4057
f 4475 4450 4526
f 4475 4526 4613
f 4613 4526 4386
f 5478 5346 5288
f 5200 5054 5061
f 5346 5478 5297
f 5297 5478 5273
f 5200 5061 5053
f 5200 5053 5225
f 4841 4613 5011
f 5011 4613 5478
f 5011 5478 5288
f 5011 5288 5053
f 5053 5288 5225
f 4783 4995 4732
f 5088 5045 5006
f 4841 4714 4613
f 4613 4714 4669
f 4613 4669 4629
f 4629 4669 4715
f 4629 4715 4831
f 4629 4831 4700
f 4700 4831 4790
f 4783 4790 4995
f 5297 5273 5200
f 5200 5273 5088
f 5200 5088 5006
f 5200 5006 5054
f 4790 4831 5006
f 4790 5006 5045
f 4790 5045 4995
f 5656 5662 5828
f 5828 5662 5754
f 5828 5754 5794
f 5895 5839 5990
f 5990 5839 5662
f 5662 5839 5754
f 5992 5828 5990
f 5990 5828 5875
f 5990 5875 5895
f 5828 5794 5875
f 6514 6388 6313
f 6514 6313 6142
f 6313 6265 6142
f 6142 6265 6334
f 6142 6334 6123
f 6123 6334 6099
f 6516 6397 6514
f 6514 6397 6388
f 6265 6298 6334
f 6334 6298 6516
f 6516 6298 6397
f 7364 6728 7885
f 7364 7885 7857
f 6544 6516 6540
f 6540 6516 6514
f 6540 6514 6543
f 6543 6514 6588
f 7238 6896 7187
f 7187 6896 6961
f 7187 6961 7236
f 7236 6961 6895
f 7236 6895 7364
f 7364 6895 6728
f 6599 6581 6717
f 6599 6717 6925
f 6581 6599 6550
f 6581 6550 6544
f 6544 6550 6516
f 7238 7329 6896
f 6896 7329 7147
f 6896 7147 6717
f 6717 7147 6925
f 6514 8138 7885
f 6128 6124 6340
f 6128 6340 6541
f 6541 6340 6519
f 6011 5997 5829
f 5829 5997 5660
f 5829 5660 5657
f 5829 5657 5644
f 4215 4447 4103
f 4103 4447 4502
f 4447 4215 4552
f 4716 4670 4580
f 4716 4580 4840
f 4840 4580 4637
f 4840 4637 4651
f 4651 4637 4601
f 4651 4601 4502
f 4502 4601 4412
f 4502 4412 4103
f 4670 4237 3872
f 4613 3868 3959
f 3959 3868 3832
f 5658 5660 5831
f 5831 5660 5759
f 5831 5759 5769
f 5993 5831 5997
f 5997 5831 5851
f 5997 5851 5900
f 5900 5844 5997
f 5997 5844 5660
f 5660 5844 5759
f 5831 5769 5851
f 5662 5655 5643
f 6541 6404 6315
f 6541 6315 6128
f 6315 6267 6128
f 6128 6267 6273
f 6128 6273 6125
f 6125 6273 6100
f 6273 6378 6541
f 6541 6378 6404
f 6267 6302 6273
f 6273 6302 6378
f 6728 6588 7885
f 7885 6588 6514
f 6142 6122 6102
f 3959 3282 3391
f 3391 3282 3238
f 3391 2708 5611
f 3391 5611 3959
f 3959 5611 4613
f 4613 5611 5478
f 5478 5611 5662
f 5662 5611 5990
f 5990 5611 6142
f 6142 5611 6514
f 6514 5611 8510
f 6514 8510 9176
f 1471 1444 1953
f 2564 2604 2548
f 2366 2395 1922
f 2076 2781 2484
f 2484 2412 2076
f 2604 2582 2781
f 2781 2582 2484
f 1922 2395 2482
f 1922 2482 2548
f 2548 2482 2564
f 1758 1444 1839
f 1839 1444 2076
f 2412 2366 2076
f 2076 2366 1922
f 2076 1922 1839
f 1444 1737 1821
f 1444 1821 1953
f 1948 2548 1953
f 1948 1953 1901
f 1901 1953 1821
f 1758 1737 1444
f 1444 1385 1279
f 1444 1279 973
f 973 1279 1175
f 973 943 839
f 839 943 885
f 839 885 807
f 881 840 915
f 915 840 807
f 840 963 971
f 971 963 1244
f 1310 971 1264
f 971 1173 1190
f 971 1190 1264
f 1310 1264 1744
f 1310 1744 1688
f 1744 1777 1688
f 1823 1899 2255
f 2255 1899 1946
f 2255 1946 2211
f 1946 1932 2211
f 2211 1932 1878
f 2211 1878 1744
f 1744 1878 1777
f 1823 1688 1735
f 1735 1688 1777
f 2145 1688 2255
f 2812 2145 2500
f 2500 2145 2394
f 2394 2145 2365
f 7001 6389 6314
f 7001 6314 6079
f 6266 6299 6079
f 6389 7001 6398
f 6398 7001 7660
f 7001 6405 6739
f 6739 6405 6390
f 6739 6390 6312
f 6079 6269 6345
f 6079 6345 7001
f 7001 6345 6405
f 6268 6282 6193
f 6193 6282 6346
f 6346 6406 6748
f 6748 6406 6963
f 6406 6391 6963
f 6963 6391 6140
f 6140 6391 6328
f 6262 6140 6285
f 7626 6352 6141
f 6141 6352 6285
f 6963 6377 6412
f 6963 6412 7626
f 7626 6412 6352
f 6262 6323 6140
f 6140 6323 6963
f 6963 6323 6377
f 885 902 807
f 807 902 964
f 1471 1266 1341
f 1471 1341 1404
f 1471 1404 1444
f 1444 1404 1385
f 4004 4149 4219
f 4400 4369 5226
f 5226 4369 4250
f 5226 4250 3664
f 4250 4162 3664
f 3664 4162 4004
f 4004 4162 4128
f 4004 4128 4149
f 4444 4367 4246
f 4344 4867 4244
f 4244 4867 4151
f 4151 4867 3921
f 4151 3921 4126
f 4327 4444 4246
f 4327 4246 4181
f 4181 4246 4164
f 4181 4164 3921
f 3921 4164 4126
f 3204 3124 3346
f 3346 3124 2775
f 3124 3055 2775
f 2775 3055 2978
f 2775 2978 2812
f 2978 2987 2812
f 2812 2987 3078
f 2812 3078 3366
f 3366 3078 3156
f 1688 1823 2255
f 2812 2500 2594
f 2812 2594 2606
f 2812 2606 2775
f 2775 2606 2507
f 2775 2507 2449
f 2449 2507 2391
f 2391 2365 2261
f 2261 2365 2145
f 2261 2145 2255
f 1264 1339 1744
f 1744 1339 1402
f 1744 1402 1553
f 1553 1402 1392
f 1553 1392 1292
f 1292 1392 1313
f 881 900 840
f 840 900 963
f 1244 963 1034
f 915 807 976
f 976 1135 1019
f 2604 2781 2548
f 2548 2781 2980
f 3684 3300 3179
f 3684 3177 3083
f 3684 3083 2781
f 2781 3083 2980
f 3177 3684 3202
f 3202 3684 3179
f 2980 2988 2548
f 2548 2988 3076
f 2548 3076 3132
f 3132 3076 3179
f 3215 3287 3457
f 3457 3287 3300
f 1231 1132 973
f 1135 1069 1182
f 2449 2345 2775
f 2775 2345 2211
f 2211 2345 2255
f 4517 4385 4439
f 4439 4385 4327
f 4646 4439 4706
f 4706 4439 4975
f 4706 4975 4728
f 4646 4583 4439
f 4439 4583 4517
f 4517 4583 4549
f 4549 4628 4569
f 4569 4628 4975
f 4975 4628 4694
f 4534 4274 4248
f 4248 4274 4149
f 4149 4274 4219
f 4378 4615 4976
f 4248 4346 4534
f 4534 4976 4654
f 4654 4976 4615
f 4378 4334 4219
f 4334 4378 4439
f 3346 3661 3612
f 3577 3346 3612
f 3797 3783 3921
f 3921 3783 3719
f 3921 3719 3661
f 3661 3719 3612
f 3577 3653 3346
f 3346 3653 4120
f 4120 3653 3737
f 4120 3737 3797
f 1292 1313 1244
f 1292 1244 1135
f 1135 1244 1034
f 1135 1034 1019
f 3132 3144 2548
f 1922 2548 1948
f 3300 4121 3721
f 3799 3784 4121
f 4121 3784 3721
f 3457 3651 3664
f 3664 3651 3739
f 3721 3614 3300
f 3300 3614 3457
f 3457 3614 3579
f 3457 3579 3651
f 6151 6156 6312
f 6156 6153 6193
f 6193 6153 6146
f 6312 6156 6193
f 6079 6143 6312
f 6312 6143 6151
f 6097 6043 6146
f 6097 6146 6106
f 6092 6043 6085
f 6085 6043 6097
f 6143 6079 6146
f 6146 6079 6105
f 6146 6105 6106
f 6043 6092 6079
f 6079 6092 6105
f 6043 6040 6035
f 6043 6035 6031
f 6031 6035 6033
f 6033 6034 6020
f 6020 6034 6038
f 6020 6038 6043
f 6043 6038 6040
f 6022 6023 5630
f 6030 6027 6031
f 6031 6027 5630
f 5630 6027 6022
f 6033 6020 6031
f 6031 6020 6030
f 5630 6023 6025
f 5630 6025 6020
f 6020 6025 6030
f 6312 6269 6079
f 6043 6079 6020
f 6314 6266 6079
f 5758 5797 5661
f 5661 5797 5991
f 5991 5797 5878
f 5878 5899 5991
f 5991 5899 5843
f 5991 5843 6031
f 6031 5843 6043
f 6140 6043 6141
f 6140 6141 6285
f 5746 5630 5782
f 5888 5863 5991
f 5746 5820 5630
f 5630 5820 5991
f 5991 5820 5888
f 6146 6043 6140
f 6146 6140 6193
f 6193 6140 6268
f 6268 6140 6328
f 5991 5863 5661
f 5661 5863 5782
f 5745 5819 5610
f 5610 5819 6020
f 6020 5819 5887
f 6020 5887 5862
f 6020 5850 5896
f 5896 5840 6020
f 6020 5840 5610
f 5610 5840 5755
f 5613 5608 5618
f 5618 5608 5630
f 5622 5618 5626
f 5608 5613 5614
f 5608 5614 5619
f 5608 5619 5781
f 5781 5619 5627
f 5618 5630 5626
f 5622 5626 5623
f 5622 5623 5619
f 5619 5623 5627
f 5627 5631 5781
f 5781 5631 5630
f 5501 5493 5608
f 5493 5488 5485
f 5485 5488 5494
f 5485 5494 5504
f 5485 5504 5608
f 5608 5504 5501
f 5843 5758 5661
f 5469 5608 5319
f 5476 5470 5493
f 5493 5470 5460
f 5460 5470 5462
f 5462 5463 5459
f 5459 5463 5485
f 5463 5472 5485
f 5485 5472 5493
f 5493 5472 5476
f 5781 5745 5610
f 5781 5610 5608
f 5608 5610 5459
f 5459 5610 5474
f 5459 5474 5420
f 5226 5195 4976
f 5292 5226 5469
f 5319 5345 5469
f 5469 5345 5292
f 4976 5195 5252
f 5306 4976 5319
f 5319 4976 5252
f 5193 5264 4976
f 4976 5264 5460
f 5460 5264 5338
f 5306 5228 4976
f 4976 5228 5193
f 5338 5306 5319
f 5460 5338 5319
f 5460 5319 5608
f 5630 5608 5661
f 5630 5661 5782
f 5991 6031 5630
f 5460 5608 5493
f 4976 5460 4975
f 4694 4728 4975
f 5459 5485 5608
f 5862 5781 5630
f 5862 5630 6020
f 6739 6312 6193
f 6739 6193 6748
f 6748 6193 6346
f 5459 5323 5245
f 5459 5245 4975
f 4975 5201 5420
f 5420 5201 5284
f 5245 5201 4975
f 4569 4975 4399
f 4569 4399 4444
f 4444 4399 4367
f 5420 5284 5337
f 5420 5337 5459
f 5459 5337 5323
f 5298 5342 5420
f 5420 5289 4975
f 4975 5289 5208
f 5420 5342 5289
f 5208 5214 4975
f 4975 5214 5474
f 5474 5214 5298
f 5474 5298 5420
f 5767 5610 5755
f 5226 4976 4534
f 5226 4534 4400
f 4400 4534 4346
f 4378 4673 4584
f 4571 4648 4439
f 4439 4648 4975
f 4976 4731 4673
f 4648 4695 4975
f 4975 4695 4976
f 4976 4695 4731
f 4378 4976 4673
f 4378 4584 4547
f 4378 4547 4439
f 4439 4547 4571
f 5460 5462 5459
f 5460 5459 4975
f 4399 4975 4867
f 4399 4867 4344
f 7966 7626 6141
f 4121 5226 3664
f 4121 3664 3799
f 3799 3664 3739
f 4975 5474 4867
f 4867 4120 3921
f 3921 4120 3797
f 8037 7966 6042
f 6042 7966 6141
f 6042 6141 6043
f 6042 6043 5843
f 6042 5843 5661
f 6042 5661 5609
f 5609 5661 5608
f 5609 5608 5090
f 5090 5608 5469
f 5090 5469 5226
f 5090 5226 3684
f 3684 5226 4121
f 3684 4121 3300
f 3366 3156 3204
f 3366 3204 3346
f 3366 3346 4922
f 4922 3346 4120
f 4922 4120 4867
f 4922 4867 5474
f 4922 5474 5607
f 5607 5474 5610
f 5607 5610 5989
f 5989 5610 5767
f 5989 5767 5850
f 5989 5850 6020
f 5989 6020 8036
f 8036 6020 6079
f 8036 6079 7938
f 7938 6079 7660
f 7660 6079 6299
f 7660 6299 6398
f 1135 964 1036
f 1135 1036 1069
f 1069 1036 1010
f 1009 1010 943
f 1009 943 973
f 1009 973 1132
f 1189 973 1175
f 1244 1173 971
f 1189 1266 973
f 973 1266 1471
f 973 1471 1231
f 1182 1231 1135
f 964 1135 976
f 964 976 807
f 8398 6067 6065
f 8398 6065 8467
f 8467 6065 8518
f 8518 6065 6055
f 5599 5589 2777
f 2776 5586 5596
f 2776 5596 8517
f 8517 5596 5604
f 6047 6049 5852
f 2777 8518 5845
f 2843 5586 2765
f 2765 5586 2776
f 5604 5770 5852
f 5604 5852 8517
f 5770 5604 5760
f 5760 5604 5599
f 5845 8518 5901
f 5901 8518 6055
f 5901 6055 5852
f 5852 6055 6047
f 2777 5845 5760
f 2777 5760 5599
f 8428 6059 8398
f 8398 6059 6067
f 2830 2777 5589
f 2830 5589 2843
f 2843 5589 5586
f 5852 6049 6059
f 5852 6059 8517
f 8517 6059 8428
f 8517 8428 8538
f 2783 2769 2147
f 2147 2769 2735
f 2735 2752 2148
f 2148 2752 2784
f 2777 2830 2756
f 2777 2756 2150
f 2150 2756 2736
f 2736 2765 2149
f 2149 2765 2776
f 794 765 761
f 794 761 792
f 761 764 792
f 764 762 791
f 791 762 793
f 793 762 765
f 2736 2149 2150
f 2150 2149 1519
f 2150 1519 1520
f 1520 1519 969
f 1520 969 970
f 970 969 793
f 970 793 794
f 794 793 765
f 2735 2148 2147
f 2147 2148 1518
f 2147 1518 1517
f 1517 1518 968
f 1517 968 967
f 967 968 792
f 967 792 791
f 791 792 764
f 2784 2752 2836
f 5753 5768 2784
f 2784 5768 5849
f 2846 5583 2836
f 2836 5583 5590
f 8429 6058 6066
f 8429 6066 8397
f 8397 6066 6064
f 8397 6064 8464
f 8464 6064 8508
f 5894 8508 5849
f 5849 6046 2784
f 2784 6046 6048
f 8508 6064 6054
f 8508 6054 5849
f 5849 6054 6046
f 5894 5838 8508
f 8508 5838 2783
f 6048 6058 2784
f 2784 6058 8429
f 2784 8429 8509
f 8509 8429 8537
f 5600 5753 5590
f 5590 5753 2784
f 5590 2784 2836
f 5600 5603 5753
f 2783 5838 5753
f 2783 5753 5593
f 5593 5753 5603
f 2769 2783 2846
f 2846 2783 5593
f 2846 5593 5583
f 9626 9213 9245
f 9325 9184 9043
f 9871 9732 9325
f 9325 9732 9626
f 9626 9245 9239
f 9626 9239 9325
f 9325 9239 9184
f 9809 9986 10069
f 9809 10069 9775
f 9732 9871 9892
f 9732 9892 9809
f 9809 9892 9986
f 9699 9729 9309
f 9699 9775 9729
f 9729 9775 10069
f 9043 9184 9092
f 9092 9184 9163
f 9092 9163 9101
f 9101 9163 9063
f 9063 9163 9213
f 9626 9699 9213
f 9213 9699 9309
f 9213 9309 9063
f 1068 1049 1044
f 1044 1049 1048
f 1044 1048 1078
f 1078 1048 1104
f 1078 1104 1165
f 1165 1104 1107
f 1165 1107 1170
f 1165 1170 1154
f 1154 1170 1151
f 1154 1151 1068
f 1068 1151 1055
f 1068 1055 1049
f 1109 1037 1020
f 1109 1020 962
f 962 1020 975
f 962 975 842
f 842 975 914
f 842 914 829
f 829 914 883
f 829 883 903
f 829 903 945
f 945 903 966
f 945 966 1049
f 1049 966 1048
f 966 1037 1048
f 1048 1037 1104
f 1104 1037 1109
f 820 842 826
f 826 842 829
f 1049 1055 945
f 945 1055 935
f 945 935 829
f 829 935 826
f 842 820 874
f 842 874 962
f 962 874 980
f 962 980 1109
f 1109 980 1127
f 1109 1127 1104
f 1104 1127 1107
f 964 975 1036
f 1036 975 1020
f 1036 1020 1037
f 1036 1037 1010
f 1010 1037 966
f 1010 966 943
f 943 966 903
f 943 903 885
f 885 903 883
f 885 883 902
f 902 883 914
f 902 914 964
f 964 914 975
f 1266 1280 1341
f 1341 1280 1384
f 1341 1384 1404
f 1404 1384 1405
f 1404 1405 1385
f 1385 1405 1342
f 1385 1342 1279
f 1279 1342 1267
f 1279 1267 1175
f 1175 1267 1192
f 1175 1192 1174
f 1175 1174 1189
f 1189 1174 1266
f 1266 1174 1280
f 1384 1329 1476
f 1384 1476 1405
f 1405 1476 1443
f 1405 1443 1342
f 1342 1443 1267
f 1267 1443 1246
f 1267 1246 1192
f 1192 1246 1065
f 1192 1065 1174
f 1174 1065 1102
f 1174 1102 1280
f 1280 1102 1329
f 1280 1329 1384
f 1246 1134 1065
f 1065 1134 1058
f 1065 1058 1102
f 1102 1058 1091
f 1102 1091 1257
f 1102 1257 1329
f 1329 1257 1397
f 1329 1397 1476
f 1476 1397 1482
f 1476 1482 1443
f 1443 1482 1464
f 1443 1464 1328
f 1443 1328 1246
f 1246 1328 1134
f 1821 1838 1901
f 1901 1838 1902
f 1901 1902 1948
f 1948 1902 1955
f 1948 1955 1922
f 1922 1955 1914
f 1922 1914 1839
f 1839 1914 1822
f 1839 1822 1758
f 1758 1822 1759
f 1758 1759 1737
f 1737 1759 1742
f 1737 1742 1821
f 1821 1742 1838
f 1902 1980 1955
f 1955 1980 2030
f 1955 2030 1914
f 1914 2030 1939
f 1914 1939 1822
f 1822 1939 1813
f 1822 1813 1759
f 1759 1813 1683
f 1759 1683 1742
f 1742 1683 1668
f 1742 1668 1838
f 1838 1668 1785
f 1838 1785 1902
f 1902 1785 1980
f 1702 1683 1813
f 1702 1813 1836
f 1683 1702 1668
f 1668 1702 1672
f 1668 1672 1785
f 1785 1672 1814
f 1785 1814 1980
f 1980 1814 1994
f 1980 1994 2030
f 2030 1994 2027
f 2030 2027 1979
f 2030 1979 1939
f 1939 1979 1813
f 1813 1979 1836
f 2482 2483 2564
f 2564 2483 2581
f 2564 2581 2604
f 2604 2581 2605
f 2604 2605 2582
f 2582 2605 2565
f 2582 2565 2484
f 2484 2565 2485
f 2484 2485 2412
f 2412 2485 2393
f 2412 2393 2366
f 2366 2393 2367
f 2366 2367 2395
f 2395 2367 2414
f 2395 2414 2482
f 2482 2414 2483
f 2565 2659 2537
f 2565 2537 2485
f 2485 2537 2393
f 2393 2537 2378
f 2393 2378 2269
f 2393 2269 2367
f 2367 2269 2414
f 2414 2269 2321
f 2414 2321 2483
f 2483 2321 2481
f 2483 2481 2581
f 2581 2481 2625
f 2581 2625 2605
f 2605 2625 2659
f 2605 2659 2565
f 2537 2525 2378
f 2525 2385 2378
f 2378 2385 2269
f 2269 2385 2266
f 2269 2266 2321
f 2321 2266 2329
f 2321 2329 2481
f 2481 2329 2539
f 2481 2539 2625
f 2625 2539 2658
f 2625 2658 2659
f 2659 2658 2644
f 2659 2644 2537
f 2537 2644 2525
f 3076 3082 3179
f 3179 3082 3176
f 3179 3176 3202
f 3202 3176 3203
f 3202 3203 3177
f 3177 3203 3157
f 3177 3157 3083
f 3083 3157 3098
f 3083 3098 3000
f 3083 3000 2980
f 2980 3000 2979
f 2980 2979 2988
f 2988 2979 3076
f 3076 2979 3082
f 3189 3176 3082
f 3163 3189 2998
f 2998 3189 3082
f 2998 3082 2912
f 2912 3082 2979
f 2912 2979 2964
f 2964 2979 3000
f 2964 3000 3178
f 3178 3000 3098
f 3178 3098 3157
f 3178 3157 3291
f 3291 3157 3203
f 3291 3203 3243
f 3243 3203 3176
f 3243 3176 3189
f 3243 3249 3291
f 3291 3249 3288
f 3291 3288 3178
f 3178 3288 3146
f 3178 3146 2964
f 2964 3146 2956
f 2964 2956 2912
f 2912 2956 2917
f 2912 2917 2998
f 2998 2917 3035
f 2998 3035 3163
f 3163 3035 3166
f 3651 3720 3739
f 3739 3720 3799
f 3799 3720 3803
f 3799 3803 3784
f 3784 3803 3766
f 3784 3766 3721
f 3721 3766 3652
f 3721 3652 3614
f 3614 3652 3596
f 3614 3596 3579
f 3579 3596 3583
f 3579 3583 3651
f 3651 3583 3631
f 3651 3631 3720
f 3720 3825 3803
f 3803 3825 3873
f 3803 3873 3766
f 3766 3873 3754
f 3766 3754 3652
f 3652 3754 3550
f 3652 3550 3596
f 3596 3550 3583
f 3583 3550 3495
f 3583 3495 3631
f 3631 3495 3624
f 3631 3624 3720
f 3720 3624 3825
f 3624 3752 3825
f 3825 3752 3872
f 3825 3872 3873
f 3873 3872 3823
f 3873 3823 3754
f 3754 3823 3623
f 3754 3623 3550
f 3550 3623 3519
f 3550 3519 3495
f 3495 3519 3502
f 3495 3502 3624
f 3624 3502 3591
f 3624 3591 3752
f 4248 4249 4346
f 4346 4249 4368
f 4346 4368 4400
f 4400 4368 4401
f 4400 4401 4369
f 4369 4401 4347
f 4369 4347 4250
f 4250 4347 4251
f 4250 4251 4162
f 4162 4251 4150
f 4162 4150 4128
f 4128 4150 4129
f 4128 4129 4149
f 4149 4129 4161
f 4149 4161 4248
f 4248 4161 4249
f 4368 4451 4401
f 4401 4451 4524
f 4401 4524 4347
f 4347 4524 4476
f 4347 4476 4251
f 4251 4476 4252
f 4251 4252 4150
f 4150 4252 4105
f 4150 4105 4129
f 4129 4105 4058
f 4129 4058 4161
f 4161 4058 4193
f 4161 4193 4249
f 4249 4193 4368
f 4368 4193 4451
f 4193 4328 4451
f 4451 4328 4528
f 4451 4528 4524
f 4524 4528 4476
f 4476 4528 4452
f 4476 4452 4252
f 4252 4452 4253
f 4252 4253 4105
f 4105 4253 4097
f 4105 4097 4058
f 4058 4097 4060
f 4058 4060 4106
f 4058 4106 4193
f 4193 4106 4328
f 4648 4649 4695
f 4695 4649 4708
f 4695 4708 4731
f 4731 4708 4730
f 4731 4730 4692
f 4731 4692 4673
f 4673 4692 4627
f 4673 4627 4584
f 4584 4627 4543
f 4584 4543 4547
f 4547 4543 4571
f 4571 4543 4582
f 4571 4582 4648
f 4648 4582 4649
f 4708 4726 4791
f 4708 4791 4730
f 4730 4791 4692
f 4692 4791 4764
f 4692 4764 4627
f 4627 4764 4650
f 4627 4650 4518
f 4627 4518 4543
f 4543 4518 4435
f 4543 4435 4582
f 4582 4435 4612
f 4582 4612 4649
f 4649 4612 4708
f 4708 4612 4726
f 4723 4726 4638
f 4638 4726 4612
f 4435 4552 4612
f 4612 4552 4638
f 4726 4723 4791
f 4791 4723 4793
f 4791 4793 4764
f 4764 4793 4752
f 4764 4752 4650
f 4650 4752 4651
f 4650 4651 4518
f 4518 4651 4502
f 4518 4502 4435
f 4435 4502 4447
f 4435 4447 4552
f 4628 4645 4694
f 4694 4645 4707
f 4694 4707 4728
f 4728 4707 4729
f 4728 4729 4706
f 4706 4729 4693
f 4706 4693 4646
f 4646 4693 4647
f 4646 4647 4583
f 4583 4647 4572
f 4583 4572 4549
f 4549 4572 4546
f 4549 4546 4581
f 4549 4581 4628
f 4628 4581 4645
f 4536 4581 4546
f 4536 4546 4472
f 4581 4536 4535
f 4581 4535 4645
f 4645 4535 4668
f 4645 4668 4707
f 4707 4668 4785
f 4707 4785 4729
f 4729 4785 4693
f 4693 4785 4782
f 4693 4782 4709
f 4693 4709 4647
f 4647 4709 4572
f 4572 4709 4576
f 4572 4576 4465
f 4572 4465 4546
f 4546 4465 4472
f 4663 4576 4709
f 4663 4709 4732
f 4535 4533 4629
f 4535 4629 4668
f 4668 4629 4700
f 4668 4700 4785
f 4785 4700 4790
f 4785 4790 4782
f 4782 4790 4783
f 4782 4783 4709
f 4709 4783 4732
f 4663 4523 4576
f 4576 4523 4465
f 4465 4523 4442
f 4465 4442 4472
f 4472 4442 4467
f 4244 4245 4344
f 4344 4245 4366
f 4344 4366 4399
f 4399 4366 4398
f 4399 4398 4367
f 4367 4398 4345
f 4367 4345 4246
f 4246 4345 4247
f 4246 4247 4164
f 4164 4247 4152
f 4164 4152 4126
f 4126 4152 4127
f 4126 4127 4151
f 4151 4127 4163
f 4151 4163 4244
f 4244 4163 4245
f 4247 4210 4152
f 4152 4210 4082
f 4152 4082 4127
f 4127 4082 4056
f 4127 4056 4163
f 4163 4056 4191
f 4163 4191 4245
f 4245 4191 4366
f 4366 4191 4449
f 4366 4449 4398
f 4398 4449 4527
f 4398 4527 4345
f 4345 4527 4387
f 4345 4387 4247
f 4247 4387 4210
f 4191 4209 4449
f 4449 4209 4386
f 4449 4386 4526
f 4449 4526 4527
f 4527 4526 4450
f 4527 4450 4387
f 4387 4450 4210
f 4210 4450 4192
f 4210 4192 4082
f 4082 4192 4057
f 4082 4057 4056
f 4056 4057 4081
f 4056 4081 4191
f 4191 4081 4209
f 3653 3718 3737
f 3737 3718 3797
f 3797 3718 3782
f 3797 3782 3798
f 3797 3798 3783
f 3783 3798 3719
f 3719 3798 3738
f 3719 3738 3654
f 3719 3654 3612
f 3612 3654 3578
f 3612 3578 3577
f 3577 3578 3613
f 3577 3613 3653
f 3653 3613 3718
f 3654 3753 3590
f 3654 3590 3578
f 3578 3590 3501
f 3578 3501 3613
f 3613 3501 3532
f 3613 3532 3718
f 3718 3532 3678
f 3718 3678 3824
f 3718 3824 3782
f 3782 3824 3798
f 3798 3824 3871
f 3798 3871 3738
f 3738 3871 3753
f 3738 3753 3654
f 3678 3646 3824
f 3824 3646 3832
f 3824 3832 3871
f 3871 3832 3868
f 3871 3868 3753
f 3753 3868 3729
f 3753 3729 3590
f 3590 3729 3533
f 3590 3533 3501
f 3501 3533 3503
f 3501 3503 3532
f 3532 3503 3646
f 3532 3646 3678
f 3078 3123 3156
f 3156 3123 3205
f 3156 3205 3204
f 3204 3205 3155
f 3204 3155 3124
f 3124 3155 3077
f 3124 3077 3055
f 3055 3077 2978
f 2978 3077 2974
f 2978 2974 2987
f 2987 2974 3011
f 2987 3011 3078
f 3078 3011 3123
f 3077 3066 2974
f 2974 3066 2924
f 2974 2924 3011
f 3011 2924 2950
f 3011 2950 3123
f 3123 2950 3134
f 3123 3134 3205
f 3205 3134 3283
f 3205 3283 3155
f 3155 3283 3237
f 3155 3237 3077
f 3077 3237 3066
f 3134 3097 3238
f 3134 3238 3283
f 3283 3238 3282
f 3283 3282 3237
f 3237 3282 3190
f 3237 3190 3066
f 3066 3190 3043
f 3066 3043 2924
f 2924 3043 2918
f 2924 2918 2950
f 2950 2918 2955
f 2950 2955 3134
f 3134 2955 3097
f 2500 2506 2594
f 2594 2506 2607
f 2594 2607 2606
f 2606 2607 2563
f 2606 2563 2507
f 2507 2563 2448
f 2507 2448 2391
f 2391 2448 2364
f 2391 2364 2365
f 2365 2364 2394
f 2394 2364 2413
f 2394 2413 2500
f 2500 2413 2506
f 2584 2406 2379
f 2364 2379 2318
f 2364 2318 2263
f 2364 2263 2413
f 2413 2263 2356
f 2413 2356 2506
f 2506 2356 2504
f 2506 2504 2607
f 2607 2504 2637
f 2607 2637 2663
f 2607 2663 2563
f 2563 2663 2584
f 2563 2584 2448
f 2448 2584 2379
f 2448 2379 2364
f 2356 2389 2504
f 2318 2301 2263
f 2263 2301 2265
f 2263 2265 2356
f 2356 2265 2389
f 2504 2389 2536
f 2504 2536 2637
f 2637 2536 2638
f 2637 2638 2663
f 2663 2638 2660
f 2663 2660 2584
f 2584 2660 2543
f 2584 2543 2406
f 2406 2543 2403
f 1823 1877 1899
f 1899 1877 1946
f 1946 1877 1931
f 1946 1931 1947
f 1946 1947 1932
f 1932 1947 1878
f 1878 1947 1900
f 1878 1900 1824
f 1878 1824 1777
f 1777 1824 1736
f 1777 1736 1735
f 1735 1736 1776
f 1735 1776 1823
f 1823 1776 1877
f 1947 2029 1900
f 1900 2029 1906
f 1900 1906 1824
f 1824 1906 1751
f 1824 1751 1736
f 1736 1751 1671
f 1736 1671 1776
f 1776 1671 1682
f 1776 1682 1795
f 1776 1795 1877
f 1877 1795 1981
f 1877 1981 1931
f 1931 1981 1947
f 1947 1981 2029
f 1682 1704 1795
f 1795 1704 1845
f 1795 1845 1981
f 1981 1845 1995
f 1981 1995 2029
f 2029 1995 2024
f 2029 2024 1906
f 1906 2024 1882
f 1906 1882 1751
f 1751 1882 1752
f 1751 1752 1671
f 1671 1752 1667
f 1671 1667 1682
f 1682 1667 1704
f 1264 1278 1339
f 1339 1278 1383
f 1339 1383 1402
f 1402 1383 1403
f 1402 1403 1392
f 1392 1403 1313
f 1313 1403 1340
f 1313 1340 1265
f 1313 1265 1244
f 1244 1265 1173
f 1173 1265 1191
f 1173 1191 1172
f 1173 1172 1190
f 1190 1172 1264
f 1264 1172 1278
f 1265 1256 1191
f 1191 1256 1089
f 1191 1089 1172
f 1172 1089 1061
f 1172 1061 1278
f 1278 1061 1181
f 1278 1181 1330
f 1278 1330 1383
f 1383 1330 1474
f 1383 1474 1403
f 1403 1474 1442
f 1403 1442 1340
f 1340 1442 1265
f 1265 1442 1256
f 1143 1181 1061
f 1143 1061 1059
f 1181 1143 1330
f 1330 1143 1350
f 1330 1350 1474
f 1474 1350 1463
f 1474 1463 1475
f 1474 1475 1442
f 1442 1475 1396
f 1442 1396 1256
f 1256 1396 1229
f 1256 1229 1089
f 1089 1229 1090
f 1089 1090 1061
f 1061 1090 1059
f 963 974 1034
f 1034 974 1018
f 1034 1018 1035
f 1034 1035 1019
f 1019 1035 976
f 976 1035 965
f 976 965 915
f 915 965 901
f 915 901 881
f 881 901 882
f 881 882 900
f 900 882 913
f 900 913 963
f 963 913 974
f 965 993 901
f 901 993 889
f 901 889 843
f 901 843 882
f 882 843 822
f 882 822 913
f 913 822 923
f 913 923 974
f 974 923 1027
f 974 1027 1018
f 1018 1027 1129
f 1018 1129 1035
f 1035 1129 1099
f 1035 1099 965
f 965 1099 993
f 818 822 843
f 818 836 822
f 822 836 923
f 923 836 933
f 923 933 1027
f 1027 933 1079
f 1027 1079 1129
f 1129 1079 1130
f 1129 1130 1099
f 1099 1130 993
f 993 1130 982
f 993 982 889
f 889 982 862
f 889 862 843
f 843 862 818
f 2278 2318 2352
f 2352 2318 2379
f 2352 2379 2408
f 2408 2379 2406
f 2408 2406 2377
f 2377 2406 2403
f 2377 2403 2347
f 2377 2347 2302
f 2302 2347 2297
f 2302 2297 2278
f 2278 2297 2301
f 2278 2301 2318
f 4531 4535 4539
f 4539 4535 4536
f 4539 4536 4503
f 4503 4536 4472
f 4503 4472 4424
f 4424 4472 4467
f 4424 4467 4390
f 4424 4390 4395
f 4395 4390 4469
f 4469 4390 4475
f 4469 4475 4531
f 4531 4475 4533
f 4531 4533 4535
f 3257 3243 3211
f 3211 3243 3189
f 3211 3189 3161
f 3161 3189 3163
f 3161 3163 3183
f 3183 3163 3166
f 3183 3166 3227
f 3183 3227 3236
f 3236 3227 3274
f 3274 3227 3276
f 3274 3276 3257
f 3257 3276 3249
f 3257 3249 3243
f 7995 7897 7896
f 7898 8171 7890
f 7890 8171 8196
f 7890 8196 7848
f 7890 7848 7566
f 7566 7848 7488
f 7014 7013 7229
f 7019 7028 7087
f 7019 7087 7013
f 7013 7087 7009
f 7013 7009 7249
f 7013 7249 7229
f 7572 7229 7567
f 7567 7229 7249
f 7567 7249 7698
f 7698 7249 7697
f 7698 7697 7896
f 7896 7697 7994
f 7896 7994 7995
f 8610 9153 8529
f 8529 9153 8849
f 8529 8849 8513
f 8610 8547 9153
f 9153 8547 8609
f 9152 8609 8465
f 8465 8542 8614
f 8465 8614 9152
f 9152 8614 8456
f 9152 8456 8512
f 8512 8456 7994
f 7994 8456 8407
f 7994 8407 8423
f 8542 8465 8423
f 8423 8465 8406
f 8423 8406 7994
f 8547 8610 8457
f 8547 8457 8422
f 8422 8457 8393
f 8406 8422 7994
f 7994 8422 8393
f 7994 8393 7995
f 7995 8393 8150
f 8150 8393 8529
f 8150 8529 8513
f 9153 8609 9152
f 9153 9152 9285
f 9285 9152 9566
f 9285 9566 9659
f 9659 9566 9989
f 9659 9989 10050
f 10050 9989 10213
f 10050 10213 10235
f 10239 10228 10123
f 10231 10239 10235
f 10235 10239 10123
f 10234 10230 10238
f 10229 10228 10237
f 10229 10237 10238
f 10234 10238 10237
f 10213 10234 10231
f 10213 10231 10235
f 10132 10229 10232
f 10132 10232 10213
f 10213 10232 10236
f 10213 10236 10230
f 10213 10230 10234
f 10228 10229 10123
f 10123 10229 10132
f 10123 10132 9839
f 10123 9839 9796
f 9796 9839 9321
f 9796 9321 9297
f 9297 9321 8943
f 9297 8943 8889
f 8458 8889 8607
f 8889 8458 8171
f 8171 8458 8392
f 8395 8171 8392
f 8607 8889 8600
f 8607 8600 8528
f 8528 8600 8460
f 8528 8460 8392
f 8392 8460 8395
f 8579 8613 8459
f 8448 8459 8405
f 8448 8405 8395
f 8579 8459 8448
f 8579 8943 8613
f 8943 8579 8600
f 8943 8600 8889
f 8424 8196 8405
f 8405 8196 8171
f 8405 8171 8395
f 8196 8424 8943
f 8943 8424 8541
f 8943 8541 8613
f 7565 7566 7488
f 7565 7488 7148
f 7148 7488 7087
f 7148 7087 7028
f 7148 7028 7027
f 8445 8586 8511
f 8511 8636 8552
f 8586 8636 8511
f 8552 8417 8511
f 8511 8383 8445
f 8417 8383 8511
f 8445 8554 8586
f 8586 8554 8639
f 8586 8639 8636
f 8636 8639 8570
f 8636 8570 8552
f 8552 8570 8417
f 8417 8570 8403
f 8417 8403 8383
f 8383 8403 8389
f 8383 8389 8445
f 8445 8389 8554
f 9179 9236 9203
f 9203 9248 9219
f 9236 9248 9203
f 9219 9165 9203
f 9165 9179 9203
f 9179 9184 9236
f 9236 9184 9239
f 9236 9239 9248
f 9248 9239 9245
f 9248 9245 9219
f 9219 9245 9213
f 9219 9213 9165
f 9165 9213 9163
f 9165 9163 9179
f 9179 9163 9184
f 9724 9719 9806
f 9806 9786 9724
f 9724 9707 9627
f 9786 9707 9724
f 9724 9627 9719
f 9719 9732 9806
f 9806 9732 9809
f 9806 9809 9786
f 9786 9809 9775
f 9786 9775 9707
f 9707 9775 9699
f 9707 9699 9627
f 9627 9699 9626
f 9627 9626 9719
f 9719 9626 9732
f 10261 10221 10170
f 10209 10261 10170
f 10221 10093 10170
f 10093 10101 10170
f 10101 10209 10170
f 10209 10224 10261
f 10261 10224 10252
f 10261 10252 10221
f 10221 10252 10141
f 10221 10141 10093
f 10093 10141 10086
f 10093 10086 10101
f 10101 10086 10110
f 10101 10110 10209
f 10209 10110 10224
f 10383 10417 10350
f 10350 10337 10284
f 10417 10337 10350
f 10284 10303 10350
f 10303 10383 10350
f 10383 10394 10417
f 10417 10394 10418
f 10417 10418 10368
f 10417 10368 10337
f 10337 10368 10302
f 10337 10302 10284
f 10284 10302 10292
f 10284 10292 10303
f 10303 10292 10383
f 10383 10292 10394
f 10262 10222 10171
f 10210 10262 10171
f 10222 10094 10171
f 10094 10102 10171
f 10102 10210 10171
f 10210 10225 10262
f 10262 10225 10253
f 10262 10253 10222
f 10222 10253 10142
f 10222 10142 10094
f 10094 10142 10085
f 10094 10085 10102
f 10102 10085 10111
f 10102 10111 10210
f 10210 10111 10225
f 9725 9720 9807
f 9807 9787 9725
f 9725 9708 9628
f 9787 9708 9725
f 9725 9628 9720
f 9720 9733 9807
f 9807 9733 9810
f 9807 9810 9787
f 9787 9810 9776
f 9787 9776 9708
f 9708 9776 9700
f 9708 9700 9628
f 9628 9700 9651
f 9628 9651 9636
f 9628 9636 9720
f 9720 9636 9733
f 9180 9237 9204
f 9204 9249 9220
f 9237 9249 9204
f 9220 9166 9204
f 9166 9180 9204
f 9180 9185 9237
f 9237 9185 9240
f 9237 9240 9249
f 9249 9240 9246
f 9249 9246 9220
f 9220 9246 9201
f 9220 9201 9166
f 9166 9201 9162
f 9166 9162 9180
f 9180 9162 9185
f 8514 8637 8553
f 8571 8637 8514
f 8553 8418 8514
f 8418 8386 8514
f 8386 8571 8514
f 8571 8451 8628
f 8571 8628 8637
f 8637 8628 8564
f 8637 8564 8553
f 8553 8564 8418
f 8418 8564 8404
f 8418 8404 8386
f 8386 8404 8385
f 8386 8385 8451
f 8386 8451 8571
f 7948 7959 7991
f 7948 7991 7951
f 7948 7951 7915
f 7915 7920 7948
f 7920 7959 7948
f 7959 7961 7991
f 7991 7961 7987
f 7991 7987 7972
f 7991 7972 7951
f 7951 7972 7940
f 7951 7940 7915
f 7915 7940 7913
f 7915 7913 7920
f 7920 7913 7923
f 7920 7923 7959
f 7959 7923 7961
f 7593 7640 7608
f 7640 7654 7608
f 7654 7577 7608
f 7608 7526 7593
f 7577 7526 7608
f 7593 7597 7640
f 7640 7597 7644
f 7640 7644 7654
f 7654 7644 7653
f 7654 7653 7577
f 7577 7653 7564
f 7577 7564 7526
f 7526 7564 7529
f 7526 7529 7593
f 7593 7529 7597
f 7052 7071 7134
f 7134 7107 7052
f 7107 6978 7052
f 6978 6994 7052
f 6994 7071 7052
f 7071 7082 7134
f 7134 7082 7137
f 7134 7137 7107
f 7107 7137 7090
f 7107 7090 6978
f 6978 7090 6971
f 6978 6971 6994
f 6994 6971 6996
f 6994 6996 7071
f 7071 6996 7082
f 6848 6922 6864
f 6864 6950 6886
f 6922 6950 6864
f 6886 6813 6864
f 6864 6789 6848
f 6813 6789 6864
f 6848 6887 6922
f 6922 6887 6951
f 6922 6951 6950
f 6950 6951 6920
f 6950 6920 6886
f 6886 6920 6847
f 6886 6847 6813
f 6813 6847 6788
f 6813 6788 6789
f 6789 6788 6814
f 6789 6814 6848
f 6848 6814 6887
f 7051 7070 7133
f 7133 7106 7051
f 7106 6977 7051
f 6977 6993 7051
f 6993 7070 7051
f 7070 7081 7133
f 7133 7081 7136
f 7133 7136 7106
f 7106 7136 7089
f 7106 7089 6977
f 6977 7089 6970
f 6977 6970 6993
f 6993 6970 6995
f 6993 6995 7070
f 7070 6995 7081
f 7592 7651 7607
f 7651 7642 7607
f 7642 7576 7607
f 7607 7525 7592
f 7576 7525 7607
f 7592 7579 7651
f 7651 7579 7643
f 7651 7643 7650
f 7651 7650 7642
f 7642 7650 7576
f 7576 7650 7591
f 7576 7591 7524
f 7576 7524 7525
f 7525 7524 7579
f 7525 7579 7592
f 7947 7958 7990
f 7947 7990 7950
f 7947 7950 7914
f 7914 7919 7947
f 7919 7958 7947
f 7958 7962 7990
f 7990 7962 7992
f 7990 7992 7950
f 7950 7992 7945
f 7950 7945 7914
f 7914 7945 7912
f 7914 7912 7919
f 7919 7912 7922
f 7919 7922 7958
f 7958 7922 7962
f 3958 3965 3672
f 4113 4108 4059
f 3899 4119 4113
f 2778 3319 3285
f 3285 3319 3672
f 3672 3319 3705
f 3672 3705 3958
f 3958 3705 4016
f 3958 4016 4052
f 4052 4016 4059
f 4052 4059 4054
f 4054 4059 4108
f 4054 4108 4115
f 3285 2727 2778
f 2778 2727 2240
f 2240 2727 2191
f 2240 2191 1840
f 1840 2191 1769
f 1840 1769 1494
f 1494 1769 1473
f 1494 1473 1413
f 1413 1473 1428
f 1413 1428 1564
f 1564 1428 1613
f 1564 1613 1934
f 1934 1613 2033
f 1934 2033 2253
f 2253 2033 2524
f 2253 2524 2558
f 2558 2524 2786
f 2786 2524 2969
f 2786 2969 3017
f 3017 2969 3303
f 3303 2969 3464
f 3303 3464 3587
f 3587 3464 3899
f 3587 3899 3983
f 3983 3899 4113
f 3983 4113 4130
f 4130 4113 4059
f 6509 6507 6535
f 6580 6562 6586
f 6586 6562 6585
f 6586 6585 6579
f 6579 6585 6561
f 6579 6561 6583
f 6583 6561 6549
f 6215 6335 6479
f 6479 6335 6523
f 6479 6523 6508
f 6336 6477 6520
f 6520 6477 6509
f 6520 6509 6535
f 6520 6535 6555
f 6555 6535 6562
f 6555 6562 6580
f 6555 6580 6584
f 6549 6561 6534
f 6549 6534 6523
f 6523 6534 6506
f 6523 6506 6508
f 5617 5621 5625
f 5625 5621 5620
f 5628 5692 5664
f 5424 5455 5464
f 5424 5464 5461
f 5424 5461 5425
f 5425 5461 5465
f 5454 5465 5473
f 5632 5629 5666
f 5666 5629 5625
f 5425 5465 5454
f 5632 5666 5689
f 5632 5689 5692
f 5632 5692 5628
f 5617 5454 5615
f 5628 5664 5454
f 5628 5454 5624
f 5624 5454 5617
f 5624 5617 5625
f 5616 5612 5505
f 5505 5612 5500
f 5500 5612 5615
f 5500 5615 5454
f 5500 5454 5492
f 5625 5620 5616
f 5625 5616 5666
f 5666 5616 5505
f 5495 5490 5475
f 5475 5490 5473
f 5473 5490 5492
f 5473 5492 5454
f 5505 5495 5666
f 5666 5495 5475
f 5666 5475 5455
f 5455 5475 5464
f 6908 6905 6604
f 6604 6905 6603
f 6605 6606 6902
f 6902 6606 6889
f 7019 7013 6905
f 6586 6606 6580
f 6586 6579 6603
f 6586 6603 6606
f 6606 6603 6889
f 6889 6603 6905
f 6889 6905 7013
f 4227 4223 4989
f 4989 4223 4992
f 4990 4991 4228
f 4228 4991 4222
f 4108 4113 4222
f 5008 4991 5013
f 5008 5014 4992
f 5008 4992 4991
f 4991 4992 4222
f 4222 4992 4223
f 4222 4223 4108
f 8409 8455 8424
f 8424 8455 8541
f 8541 8455 8606
f 8541 8606 8613
f 8613 8606 8543
f 8613 8543 8459
f 8459 8543 8420
f 8409 8424 8405
f 8409 8405 8420
f 8420 8405 8459
f 10496 10510 10232
f 10232 10510 10236
f 10236 10510 10498
f 10236 10498 10230
f 10230 10498 10503
f 10230 10503 10238
f 10238 10503 10506
f 10238 10506 10496
f 10496 10232 10229
f 10496 10229 10238
f 8456 8525 8401
f 8456 8401 8407
f 8407 8401 8423
f 8423 8401 8427
f 8423 8427 8542
f 8542 8427 8575
f 8542 8575 8614
f 8614 8575 8596
f 8525 8456 8614
f 8525 8614 8596
f 5833 5822 5890
f 5890 5858 5833
f 5858 5776 5833
f 5833 5748 5822
f 5776 5748 5833
f 5822 5839 5890
f 5890 5839 5895
f 5890 5895 5858
f 5858 5895 5875
f 5858 5875 5794
f 5858 5794 5776
f 5776 5794 5748
f 5748 5794 5754
f 5748 5754 5822
f 5822 5754 5839
f 5270 5266 5339
f 5339 5304 5270
f 5304 5222 5270
f 5270 5196 5266
f 5222 5196 5270
f 5266 5288 5339
f 5339 5288 5346
f 5339 5346 5304
f 5304 5346 5297
f 5304 5297 5222
f 5222 5297 5200
f 5222 5200 5196
f 5196 5200 5225
f 5196 5225 5266
f 5266 5225 5288
f 5280 5285 5341
f 5341 5321 5280
f 5280 5258 5199
f 5321 5258 5280
f 5199 5217 5280
f 5217 5285 5280
f 5285 5279 5336
f 5285 5336 5341
f 5341 5336 5321
f 5321 5336 5300
f 5321 5300 5258
f 5258 5300 5216
f 5258 5216 5199
f 5199 5216 5207
f 5199 5207 5217
f 5217 5207 5285
f 5285 5207 5279
f 5836 5825 5893
f 5893 5861 5836
f 5861 5779 5836
f 5836 5751 5825
f 5779 5751 5836
f 5825 5844 5893
f 5893 5844 5900
f 5893 5900 5861
f 5861 5900 5851
f 5861 5851 5779
f 5779 5851 5769
f 5779 5769 5751
f 5751 5769 5759
f 5751 5759 5825
f 5825 5759 5844
f 6339 6347 6409
f 6409 6387 6339
f 6387 6311 6339
f 6311 6271 6339
f 6271 6347 6339
f 6347 6315 6404
f 6347 6404 6409
f 6409 6404 6387
f 6387 6404 6378
f 6387 6378 6311
f 6311 6378 6302
f 6311 6302 6271
f 6271 6302 6267
f 6271 6267 6315
f 6271 6315 6347
f 6330 6329 6407
f 6407 6384 6330
f 6384 6308 6330
f 6330 6263 6329
f 6308 6263 6330
f 6329 6313 6388
f 6329 6388 6407
f 6407 6388 6397
f 6407 6397 6384
f 6384 6397 6308
f 6308 6397 6298
f 6308 6298 6263
f 6263 6298 6265
f 6263 6265 6313
f 6263 6313 6329
f 8037 6042 8517
f 8517 6042 2776
f 2776 6042 5609
f 2776 5609 5090
f 5090 3684 2776
f 2776 3684 2781
f 2147 2145 2812
f 2147 2812 2783
f 1517 1688 2147
f 2147 1688 2145
f 967 971 1310
f 967 1310 1517
f 1517 1310 1688
f 791 840 971
f 791 971 967
f 793 839 807
f 793 807 791
f 791 807 840
f 969 973 793
f 793 973 839
f 1519 1444 969
f 969 1444 973
f 2149 2076 1519
f 1519 2076 1444
f 2076 2149 2776
f 2076 2776 2781
f 2812 3366 2783
f 2783 3366 4922
f 2783 4922 8508
f 4922 5607 8508
f 8508 5607 5989
f 8508 5989 8036
f 2782 3392 2777
f 2777 3392 4237
f 5831 8518 2777
f 5831 2777 5479
f 5479 2777 4237
f 5831 6273 8518
f 8518 6273 8515
f 8510 8509 9189
f 8510 9189 9176
f 9176 9189 9694
f 9176 9694 9637
f 9637 9694 10201
f 9637 10201 10129
f 10129 10201 10467
f 10129 10467 10419
f 10419 10467 10468
f 10419 10468 10420
f 10420 10468 10202
f 10420 10202 10130
f 10130 10202 9695
f 10130 9695 9638
f 9638 9695 9190
f 9638 9190 9177
f 9177 9190 8518
f 9177 8518 8515
f 2525 2782 2777
f 2168 2385 2150
f 2150 2385 2777
f 2777 2385 2525
f 1520 1702 2150
f 2150 1702 1836
f 2150 1836 2168
f 1058 1134 970
f 970 1134 1520
f 1702 1520 1294
f 1294 1520 1134
f 794 826 970
f 970 826 1058
f 806 794 792
f 806 792 818
f 826 794 820
f 820 794 806
f 836 818 792
f 1143 968 1518
f 1143 1518 1704
f 1143 1059 968
f 968 1059 792
f 792 1059 836
f 1845 1704 2148
f 2148 1704 1518
f 2389 2176 2148
f 2148 2176 1845
f 2708 2536 2784
f 2784 2536 2389
f 2784 2389 2148
f 8510 5611 8509
f 8509 5611 2784
f 2784 5611 2708
f 4503 4517 4539
f 4539 4517 4549
f 4539 4549 4569
f 4539 4569 4531
f 4531 4569 4469
f 4469 4569 4444
f 4469 4444 4395
f 4395 4444 4327
f 4395 4327 4424
f 4424 4327 4385
f 4424 4385 4503
f 4503 4385 4517
f 2377 2345 2449
f 2377 2449 2408
f 2408 2449 2352
f 2352 2449 2391
f 2352 2391 2278
f 2278 2391 2261
f 2278 2261 2255
f 2278 2255 2302
f 2302 2255 2345
f 2302 2345 2377
f 1154 1132 1231
f 1154 1231 1165
f 1165 1231 1182
f 1165 1182 1078
f 1078 1182 1069
f 1078 1069 1044
f 1044 1069 1010
f 1044 1010 1009
f 1044 1009 1068
f 1068 1009 1132
f 1068 1132 1154
f 3257 3300 3274
f 3274 3300 3287
f 3274 3287 3236
f 3236 3287 3215
f 3236 3215 3183
f 3183 3215 3144
f 3183 3144 3161
f 3161 3144 3132
f 3161 3132 3211
f 3211 3132 3179
f 3211 3179 3257
f 3257 3179 3300
f 5255 5330 5277
f 5330 5305 5277
f 5305 5223 5277
f 5277 5197 5255
f 5223 5197 5277
f 5255 5292 5330
f 5330 5292 5345
f 5330 5345 5305
f 5305 5345 5319
f 5305 5319 5252
f 5305 5252 5223
f 5223 5252 5195
f 5223 5195 5197
f 5197 5195 5226
f 5197 5226 5255
f 5255 5226 5292
f 5835 5824 5892
f 5892 5860 5835
f 5860 5778 5835
f 5835 5750 5824
f 5778 5750 5835
f 5824 5843 5892
f 5892 5843 5899
f 5892 5899 5860
f 5860 5899 5878
f 5860 5878 5797
f 5860 5797 5778
f 5778 5797 5750
f 5750 5797 5758
f 5750 5758 5824
f 5824 5758 5843
f 6324 6399 6337
f 6399 6386 6337
f 6386 6310 6337
f 6337 6264 6324
f 6310 6264 6337
f 6324 6352 6399
f 6399 6352 6412
f 6399 6412 6386
f 6386 6412 6377
f 6386 6377 6310
f 6310 6377 6323
f 6310 6323 6262
f 6310 6262 6264
f 6264 6262 6285
f 6264 6285 6324
f 6324 6285 6352
f 6332 6348 6408
f 6408 6385 6332
f 6385 6309 6332
f 6309 6270 6332
f 6270 6348 6332
f 6348 6314 6389
f 6348 6389 6408
f 6408 6389 6398
f 6408 6398 6385
f 6385 6398 6309
f 6309 6398 6299
f 6309 6299 6270
f 6270 6299 6266
f 6270 6266 6314
f 6270 6314 6348
f 5834 5823 5891
f 5891 5859 5834
f 5859 5777 5834
f 5834 5749 5823
f 5777 5749 5834
f 5823 5840 5891
f 5891 5840 5896
f 5891 5896 5859
f 5859 5896 5850
f 5859 5850 5777
f 5777 5850 5767
f 5777 5767 5749
f 5749 5767 5755
f 5749 5755 5823
f 5823 5755 5840
f 5272 5286 5340
f 5340 5322 5272
f 5272 5259 5198
f 5322 5259 5272
f 5198 5218 5272
f 5218 5286 5272
f 5286 5289 5340
f 5340 5289 5342
f 5340 5342 5322
f 5322 5342 5298
f 5322 5298 5259
f 5259 5298 5214
f 5259 5214 5198
f 5198 5214 5208
f 5198 5208 5218
f 5218 5208 5286
f 5286 5208 5289
f 1419 1188 1293
f 1293 1188 1270
f 1293 1270 1431
f 1431 1270 1571
f 1431 1571 1767
f 1767 1571 2037
f 1767 2037 2210
f 2210 2037 2656
f 2210 2656 2768
f 2768 2656 3344
f 2656 3027 3344
f 3344 3027 3489
f 3344 3489 3758
f 3758 3489 3970
f 3758 3970 4104
f 4104 3970 4285
f 4104 4285 4255
f 4255 4285 4379
f 4255 4379 4109
f 4109 4379 4136
f 4109 4136 3776
f 3776 4136 3771
f 3776 3771 3347
f 3347 3771 3333
f 3347 3333 2818
f 2818 3333 2767
f 2818 2767 2228
f 2228 2767 2206
f 2228 2206 1784
f 1784 2206 1771
f 1784 1771 1419
f 1419 1771 1374
f 1419 1374 1188
f 1374 1745 1553
f 1553 1292 1374
f 1374 1292 1136
f 1136 1292 1135
f 1136 1135 1224
f 1135 1231 1224
f 1224 1231 1535
f 1535 1231 1471
f 1535 1471 1953
f 1535 1953 2020
f 2020 1953 2548
f 3457 3507 3215
f 3215 3507 3027
f 3215 3027 3144
f 3144 3027 2779
f 3144 2779 2548
f 2548 2779 2547
f 2548 2547 2020
f 3507 3457 3664
f 3507 3664 4003
f 3664 4004 4003
f 4003 4004 4219
f 4003 4219 4333
f 4219 4334 4333
f 4333 4334 4439
f 4333 4439 4438
f 4438 4439 4180
f 4180 4439 4327
f 4180 4327 4181
f 4180 4181 3794
f 3794 4181 3921
f 3794 3921 3661
f 3794 3661 3345
f 3661 3346 3345
f 3345 3346 2775
f 3345 2775 2767
f 2767 2775 2211
f 2767 2211 2206
f 2206 2211 1744
f 2206 1744 1745
f 1745 1744 1553
f 2818 2819 3347
f 3347 2819 3338
f 3347 3338 3776
f 3776 3338 3757
f 3776 3757 4109
f 4109 3757 4098
f 4109 4098 4255
f 4255 4098 4231
f 4255 4231 4104
f 4104 4231 4084
f 4104 4084 3758
f 3758 4084 3725
f 3758 3725 3332
f 3332 3725 3312
f 3332 3312 2768
f 2768 3312 2760
f 2768 2760 2210
f 2210 2760 2213
f 2210 2213 1767
f 1767 2213 1782
f 1767 1782 1431
f 1431 1782 1447
f 1431 1447 1293
f 1293 1447 1306
f 1293 1306 1439
f 1439 1306 1461
f 1439 1461 1784
f 1784 1461 1811
f 1784 1811 2228
f 2228 1811 2238
f 2228 2238 2818
f 2818 2238 2819
f 3027 2656 2779
f 2779 2656 2547
f 2547 2656 2037
f 2547 2037 2020
f 2020 2037 1571
f 2020 1571 1535
f 1535 1571 1270
f 1535 1270 1224
f 1224 1270 1188
f 1224 1188 1136
f 1136 1188 1374
f 1374 1771 1745
f 1745 1771 2206
f 2767 3333 3345
f 3345 3333 3771
f 3345 3771 3794
f 3794 3771 4136
f 3794 4136 4180
f 4180 4136 4379
f 4180 4379 4438
f 4438 4379 4285
f 4438 4285 4333
f 4333 4285 3970
f 4333 3970 4003
f 4003 3970 3489
f 4003 3489 3507
f 3507 3489 3027
f 3332 3344 3758
f 1439 1784 1419
f 1439 1419 1293
f 3332 2768 3344
f 5634 5638 5651
f 5651 5638 5648
f 5651 5648 5653
f 5651 5653 5649
f 5649 5653 5650
f 5649 5650 5640
f 5640 5650 5636
f 5638 5634 5550
f 5550 5634 5544
f 5552 5546 5530
f 5530 5546 5531
f 5530 5531 5520
f 5520 5531 5522
f 5520 5522 5529
f 5520 5529 5544
f 5544 5529 5550
f 5546 5552 5636
f 5636 5552 5640
f 5651 5649 5640
f 5651 5640 5634
f 5552 5530 5520
f 5520 5544 5552
f 5552 5544 5640
f 5640 5544 5634
f 6089 6094 6111
f 6111 6094 6112
f 6111 6112 6119
f 6119 6112 6116
f 6119 6116 6113
f 6119 6113 6096
f 6096 6113 6091
f 6094 6089 6016
f 6016 6089 6012
f 6018 6015 6006
f 6006 6015 6007
f 6006 6007 5998
f 5998 6007 6000
f 5998 6000 6005
f 5998 6005 6012
f 6012 6005 6016
f 6015 6018 6091
f 6091 6018 6096
f 6018 6012 6096
f 6096 6012 6089
f 6006 5998 6012
f 6006 6012 6018
f 6111 6119 6096
f 6111 6096 6089
f 6088 6093 6108
f 6108 6093 6109
f 6108 6109 6118
f 6118 6109 6115
f 6118 6115 6110
f 6118 6110 6095
f 6095 6110 6090
f 6093 6088 6017
f 6017 6088 6013
f 6019 6014 6001
f 6001 6014 6004
f 6001 6004 5999
f 6001 5999 6002
f 6002 5999 6003
f 6002 6003 6013
f 6013 6003 6017
f 6014 6019 6090
f 6090 6019 6095
f 6088 6108 6118
f 6095 6088 6118
f 6088 6095 6013
f 6013 6095 6019
f 6013 6019 6002
f 6002 6019 6001
f 5633 5637 5645
f 5645 5637 5646
f 5645 5646 5654
f 5654 5646 5652
f 5654 5652 5647
f 5654 5647 5639
f 5639 5647 5635
f 5637 5633 5549
f 5549 5633 5545
f 5551 5547 5527
f 5527 5547 5528
f 5527 5528 5519
f 5519 5528 5521
f 5519 5521 5526
f 5519 5526 5545
f 5545 5526 5549
f 5547 5551 5635
f 5635 5551 5639
f 5633 5639 5545
f 5545 5639 5551
f 5645 5654 5639
f 5645 5639 5633
f 5519 5545 5551
f 5519 5551 5527
f 4857 4872 4845
f 4857 4845 4805
f 4805 4845 4806
f 4805 4806 4778
f 4778 4806 4779
f 4778 4779 4803
f 4803 4779 4804
f 4803 4804 4852
f 4852 4804 4844
f 4852 4844 4871
f 4872 4857 4980
f 4980 4857 4998
f 4994 4979 5003
f 4994 5003 5024
f 5024 5003 5025
f 5024 5025 5032
f 5032 5025 5033
f 5032 5033 5026
f 5026 5033 5027
f 5026 5027 4998
f 4998 5027 5004
f 4998 5004 4980
f 4979 4994 4871
f 4871 4994 4852
f 4852 4994 4998
f 5024 5032 5026
f 4803 4852 4778
f 4998 4994 5026
f 5026 4994 5024
f 4805 4778 4857
f 4857 4778 4852
f 4857 4852 4998
f 4856 4870 4843
f 4856 4843 4801
f 4801 4843 4802
f 4801 4802 4776
f 4776 4802 4777
f 4776 4777 4799
f 4799 4777 4800
f 4799 4800 4853
f 4853 4800 4842
f 4853 4842 4869
f 4870 4856 4978
f 4978 4856 4997
f 4993 4977 5001
f 4993 5001 5020
f 5020 5001 5021
f 5020 5021 5030
f 5030 5021 5031
f 5030 5031 5022
f 5022 5031 5023
f 5022 5023 4997
f 4997 5023 5002
f 4997 5002 4978
f 4977 4993 4869
f 4869 4993 4853
f 4853 4993 4997
f 4799 4853 4776
f 5030 5022 5020
f 5020 5022 4997
f 5020 4997 4993
f 4801 4776 4856
f 4856 4776 4853
f 4856 4853 4997
f 6701 6675 6708
f 6701 6708 6772
f 6772 6708 6773
f 6772 6773 6803
f 6803 6773 6804
f 6803 6804 6774
f 6774 6804 6775
f 6774 6775 6705
f 6705 6775 6709
f 6705 6709 6676
f 6675 6701 6609
f 6609 6701 6594
f 6600 6610 6590
f 6600 6590 6567
f 6567 6590 6568
f 6567 6568 6556
f 6556 6568 6557
f 6556 6557 6565
f 6565 6557 6566
f 6565 6566 6594
f 6594 6566 6589
f 6594 6589 6609
f 6610 6600 6676
f 6676 6600 6705
f 6774 6705 6803
f 6772 6803 6701
f 6701 6803 6705
f 6701 6705 6594
f 6565 6594 6556
f 6567 6556 6600
f 6600 6556 6594
f 6600 6594 6705
f 6702 6677 6710
f 6702 6710 6776
f 6776 6710 6777
f 6776 6777 6805
f 6805 6777 6806
f 6805 6806 6778
f 6778 6806 6779
f 6778 6779 6706
f 6706 6779 6711
f 6706 6711 6678
f 6677 6702 6611
f 6611 6702 6595
f 6601 6612 6592
f 6601 6592 6571
f 6571 6592 6572
f 6571 6572 6558
f 6558 6572 6559
f 6558 6559 6569
f 6569 6559 6570
f 6569 6570 6595
f 6595 6570 6591
f 6595 6591 6611
f 6612 6601 6678
f 6678 6601 6706
f 6702 6776 6805
f 6601 6571 6558
f 6558 6569 6601
f 6601 6569 6595
f 6601 6595 6706
f 6706 6595 6702
f 6706 6702 6778
f 6778 6702 6805
f 8430 8399 8152
f 8577 9198 8981
f 8577 8981 8520
f 8577 8520 8447
f 8577 8599 9199
f 9199 8599 8545
f 9199 8545 8521
f 8432 7956 8521
f 8432 8521 8545
f 7956 8432 8402
f 7955 8402 8153
f 8153 8402 8447
f 8153 8447 8520
f 8402 7955 7956
f 7956 7955 7791
f 7956 7791 7599
f 7791 7598 7599
f 7599 7598 7246
f 7599 7246 6931
f 7246 6930 6931
f 6931 6930 6754
f 6931 6754 6696
f 6754 6695 6696
f 6696 6695 6684
f 6696 6684 6681
f 6684 6680 6681
f 6681 6680 6697
f 6681 6697 6746
f 6697 6745 6746
f 6746 6745 6945
f 6746 6945 7234
f 6945 7233 7234
f 7234 7233 7603
f 7234 7603 7788
f 8152 8399 8527
f 8152 8527 8988
f 8527 8615 8988
f 8987 8615 8540
f 8987 8540 8505
f 8505 8540 8430
f 8505 8430 8151
f 8151 8430 8152
f 8151 8152 7957
f 7957 8152 7788
f 7957 7788 7787
f 7787 7788 7603
f 8615 8987 8988
f 8988 8987 9196
f 8988 9196 9415
f 9196 9414 9415
f 9415 9414 9734
f 9415 9734 10000
f 9734 9999 10000
f 10000 9999 10288
f 10000 10288 10462
f 10626 10628 10630
f 10626 10630 10558
f 10630 10627 10558
f 10557 10627 10616
f 10627 10631 10616
f 10616 10631 10625
f 10625 10631 10629
f 10288 10461 10462
f 10462 10461 10546
f 10462 10546 10626
f 10626 10546 10625
f 10626 10625 10628
f 10628 10625 10629
f 10627 10557 10558
f 10558 10557 10457
f 10558 10457 10298
f 10457 10297 10298
f 10298 10297 9993
f 10298 9993 9739
f 9198 8577 9199
f 9198 9199 9409
f 9409 9199 9739
f 9409 9739 9738
f 9738 9739 9993
f 8296 8981 9174
f 9174 8981 9409
f 9174 9409 9642
f 9642 9409 9993
f 9642 9993 10158
f 10158 9993 10457
f 10158 10457 10464
f 10464 10457 10616
f 10464 10616 10521
f 10521 10616 10546
f 10521 10546 10363
f 10363 10546 10288
f 10363 10288 9907
f 9907 10288 9734
f 9907 9734 9361
f 9361 9734 9196
f 9361 9196 8965
f 8965 9196 8506
f 8965 8506 8174
f 8174 8506 7957
f 8174 7957 7827
f 7827 7957 7603
f 7827 7603 7341
f 7341 7603 6945
f 7341 6945 6853
f 6853 6945 6697
f 6853 6697 6707
f 6707 6697 6684
f 6707 6684 6741
f 6741 6684 6754
f 6741 6754 7059
f 7059 6754 7246
f 7059 7246 7656
f 7656 7246 7791
f 7656 7791 7973
f 7973 7791 8296
f 7973 8296 8519
f 8519 8296 9174
f 7599 6931 7050
f 7971 7956 7647
f 7647 7956 7599
f 7647 7599 7050
f 6696 6681 6724
f 6724 6752 6696
f 6696 6752 6931
f 6931 6752 7050
f 6746 7234 7482
f 7482 6929 6746
f 6746 6929 6681
f 6681 6929 6724
f 7788 8152 8184
f 8184 7965 7788
f 7788 7965 7838
f 7788 7838 7234
f 7234 7838 7482
f 9415 9188 8988
f 8988 9188 8949
f 8988 8949 8152
f 8152 8949 8507
f 8152 8507 8184
f 10000 9835 9415
f 9415 9835 9340
f 9415 9340 9188
f 10462 10293 10000
f 10000 10293 9835
f 10626 10466 10462
f 10462 10466 10293
f 10558 10460 10626
f 10626 10460 10491
f 10626 10491 10466
f 10298 10168 10558
f 10558 10168 10460
f 9739 9654 10298
f 10298 9654 10168
f 7956 7971 8516
f 7956 8516 8521
f 8521 8516 9178
f 8521 9178 9199
f 9199 9178 9739
f 9739 9178 9654
f 7957 8506 8151
f 7957 7787 7603
f 7603 7233 6945
f 6945 6745 6697
f 6697 6680 6684
f 6930 7246 6754
f 6684 6695 6754
f 7246 7598 7791
f 9198 9409 8981
f 7791 7955 8296
f 8296 7955 8153
f 8296 8153 8520
f 8296 8520 8981
f 9409 9738 9993
f 10557 10616 10457
f 9993 10297 10457
f 10616 10625 10546
f 9999 9734 10288
f 10546 10461 10288
f 9734 9414 9196
f 9196 8987 8506
f 8506 8987 8505
f 8506 8505 8151
f 10144 10121 10139
f 10144 10139 10099
f 10099 10139 10011
f 10099 10011 9957
f 9957 10011 9913
f 9957 9913 9881
f 9881 9913 9872
f 9881 9872 9871
f 9871 9872 9889
f 9871 9889 9892
f 9892 9889 9986
f 9986 9889 10023
f 9986 10023 10069
f 10069 10023 10121
f 10069 10121 10119
f 10119 10121 10144
f 9872 9913 10011
f 10121 10023 9872
f 9872 10023 9889
f 10011 10139 9872
f 9872 10139 10121
f 9063 9011 9032
f 9063 9032 9101
f 9101 9032 9103
f 9101 9103 9092
f 9081 9043 9092
f 9081 9092 9103
f 9043 9081 8947
f 9043 8947 8943
f 8822 8860 8947
f 8947 8860 8943
f 9032 9011 8945
f 9032 8945 8874
f 8874 8945 8823
f 8874 8823 8822
f 8822 8823 8860
f 8874 8822 9081
f 9081 8822 8947
f 9081 9032 8874
f 9081 9103 9032
f 7858 7848 7860
f 7858 7860 7844
f 7844 7860 7833
f 7844 7833 7753
f 7753 7833 7767
f 7848 7858 7816
f 7816 7858 7798
f 7816 7798 7772
f 7772 7798 7719
f 7772 7719 7721
f 7721 7719 7703
f 7703 7719 7704
f 7703 7704 7713
f 7713 7704 7753
f 7713 7753 7746
f 7746 7753 7767
f 7798 7858 7844
f 7753 7704 7798
f 7798 7704 7719
f 7798 7844 7753
f 6757 6740 6744
f 6757 6744 6825
f 6825 6744 6844
f 6825 6844 6959
f 7008 7024 6959
f 7008 6959 6844
f 7047 7024 7008
f 7047 7008 7037
f 6914 6976 7037
f 7037 6976 7047
f 6744 6740 6743
f 6744 6743 6765
f 6765 6743 6845
f 6765 6845 6914
f 6914 6845 6976
f 6765 6914 7008
f 7008 6914 7037
f 7008 6744 6765
f 7008 6844 6744
f 7078 7102 7083
f 7078 7083 7119
f 7119 7083 7216
f 7119 7216 7278
f 7278 7216 7336
f 7278 7336 7395
f 7395 7336 7426
f 7395 7426 7429
f 7429 7426 7375
f 7429 7375 7371
f 7371 7375 7254
f 7254 7375 7203
f 7254 7203 7153
f 7153 7203 7102
f 7153 7102 7105
f 7105 7102 7078
f 7426 7336 7216
f 7102 7203 7426
f 7426 7203 7375
f 7216 7083 7426
f 7426 7083 7102
f 8070 8126 8106
f 8070 8106 8035
f 8035 8106 8032
f 8035 8032 8041
f 8052 8084 8041
f 8052 8041 8032
f 8084 8052 8185
f 8084 8185 8204
f 8283 8267 8185
f 8185 8267 8204
f 8106 8126 8189
f 8106 8189 8253
f 8253 8189 8282
f 8253 8282 8283
f 8283 8282 8267
f 8253 8283 8052
f 8052 8283 8185
f 8052 8106 8253
f 8052 8032 8106
f 9457 9518 9396
f 9457 9396 9347
f 9347 9396 9317
f 9347 9317 9315
f 9315 9317 9323
f 9315 9323 9362
f 9362 9323 9401
f 9362 9401 9449
f 9449 9401 9541
f 9449 9541 9539
f 9539 9541 9561
f 9561 9541 9558
f 9561 9558 9547
f 9547 9558 9518
f 9547 9518 9534
f 9534 9518 9457
f 9401 9323 9317
f 9518 9558 9401
f 9401 9558 9541
f 9317 9396 9401
f 9401 9396 9518
f 10454 10463 10469
f 10454 10469 10440
f 10454 10440 10390
f 10390 10440 10346
f 10390 10346 10275
f 10219 10195 10275
f 10219 10275 10346
f 10195 10219 10185
f 10195 10185 10194
f 10311 10260 10185
f 10185 10260 10194
f 10469 10463 10465
f 10469 10465 10444
f 10444 10465 10373
f 10444 10373 10311
f 10311 10373 10260
f 10444 10311 10219
f 10219 10311 10185
f 10440 10469 10219
f 10219 10469 10444
f 10219 10346 10440
f 7028 7019 7027
f 7027 7019 6905
f 7027 6905 6908
f 6604 6603 6579
f 6604 6579 6583
f 6902 6889 7013
f 6902 7013 7014
f 6584 6580 6606
f 6584 6606 6605
f 5009 5013 4991
f 5009 4991 4990
f 4989 4992 5014
f 4989 5014 5010
f 4228 4222 4113
f 4228 4113 4119
f 4115 4108 4223
f 4115 4223 4227
f 7027 6925 7148
f 7148 6925 7147
f 7148 7147 7565
f 7565 7147 7470
f 6925 7027 6908
f 7014 6916 6902
f 6604 6599 6908
f 6908 6599 6925
f 6598 6605 6916
f 6916 6605 6902
f 6599 6604 6583
f 6598 6584 6605
f 6599 6583 6549
f 6599 6549 6550
f 6550 6549 6516
f 6549 6523 6516
f 6516 6523 6335
f 6516 6335 6334
f 6519 6340 6336
f 6336 6520 6519
f 6519 6520 6551
f 6551 6520 6555
f 6551 6555 6598
f 6598 6555 6584
f 5274 5273 5828
f 5274 5828 6335
f 6335 5828 6334
f 6336 6340 5829
f 6336 5829 5275
f 5275 5829 5281
f 5088 5273 5274
f 5274 5087 5088
f 5088 5087 5045
f 5045 5087 5044
f 5045 5044 4995
f 4995 5044 5009
f 4996 5010 5047
f 4996 5047 5046
f 5046 5047 5089
f 5275 5281 5084
f 5084 5281 5089
f 5084 5089 5047
f 4995 5009 4990
f 4996 4989 5010
f 4220 4523 4228
f 4732 4995 4663
f 4663 4995 4990
f 4663 4990 4228
f 4663 4228 4523
f 4227 4989 4638
f 4638 4989 4723
f 4996 4723 4989
f 4552 4215 4227
f 4552 4227 4638
f 4220 4228 4119
f 4215 4115 4227
f 3662 3672 4031
f 4031 3672 3965
f 3908 4220 4119
f 4119 3899 3908
f 3908 3899 3462
f 3899 3464 3462
f 3462 3464 2953
f 3464 2969 2953
f 2953 2969 2486
f 2969 2524 2486
f 2486 2524 2057
f 2057 2524 2033
f 2057 2033 1558
f 2033 1613 1558
f 1558 1613 1337
f 1613 1428 1337
f 1337 1428 1417
f 1428 1473 1417
f 1417 1473 1698
f 1473 1769 1698
f 1698 1769 2175
f 2175 1769 2191
f 2175 2191 2703
f 2191 2727 2703
f 2703 2727 3301
f 3301 2727 3285
f 3301 3285 3662
f 3662 3285 3672
f 1782 2213 2240
f 2240 1840 1782
f 1782 1840 1447
f 1840 1494 1447
f 1447 1494 1306
f 1494 1413 1306
f 1306 1413 1461
f 1413 1564 1461
f 1461 1564 1811
f 1564 1934 1811
f 1811 1934 2238
f 1934 2253 2238
f 2238 2253 2558
f 2238 2558 2819
f 3587 3757 3338
f 2558 2786 2819
f 2819 2786 3017
f 2819 3017 3338
f 3338 3017 3303
f 3338 3303 3587
f 3757 3587 3983
f 3757 3983 4098
f 4098 3983 4231
f 3983 4130 4231
f 4231 4130 4084
f 4130 4059 4084
f 4084 4059 4016
f 4084 4016 3725
f 4016 3705 3725
f 3725 3705 3312
f 3705 3319 3312
f 3312 3319 2760
f 2760 3319 2778
f 2760 2778 2213
f 2213 2778 2240
f 6581 6610 6717
f 6717 6610 6676
f 6610 6581 6590
f 6590 6581 6568
f 6568 6581 6544
f 6568 6544 6557
f 6557 6544 6540
f 6557 6540 6566
f 6566 6540 6543
f 6566 6543 6589
f 6589 6543 6588
f 6589 6588 6609
f 6675 6728 6708
f 6708 6728 6773
f 6773 6728 6895
f 6773 6895 6804
f 6804 6895 6961
f 6804 6961 6775
f 6775 6961 6896
f 6775 6896 6709
f 6709 6896 6717
f 6709 6717 6676
f 6728 6675 6588
f 6588 6675 6609
f 6582 6612 6679
f 6679 6612 6678
f 6612 6582 6592
f 6592 6582 6572
f 6572 6582 6546
f 6572 6546 6559
f 6559 6546 6541
f 6559 6541 6570
f 6570 6541 6545
f 6570 6545 6591
f 6591 6545 6587
f 6591 6587 6611
f 6677 6729 6710
f 6710 6729 6777
f 6777 6729 6897
f 6777 6897 6806
f 6806 6897 6962
f 6806 6962 6779
f 6779 6962 6898
f 6779 6898 6711
f 6711 6898 6751
f 6711 6751 6678
f 6678 6751 6679
f 6729 6677 6587
f 6587 6677 6611
f 4831 4870 5006
f 5006 4870 4978
f 4870 4831 4843
f 4843 4831 4802
f 4802 4831 4715
f 4802 4715 4777
f 4777 4715 4669
f 4777 4669 4800
f 4800 4669 4714
f 4800 4714 4842
f 4842 4714 4841
f 4842 4841 4869
f 4977 5011 5001
f 5001 5011 5021
f 5021 5011 5053
f 5021 5053 5031
f 5031 5053 5061
f 5031 5061 5023
f 5023 5061 5054
f 5023 5054 5002
f 5002 5054 5006
f 5002 5006 4978
f 5011 4977 4841
f 4841 4977 4869
f 5538 5547 5641
f 5641 5547 5635
f 5547 5538 5528
f 5528 5538 5510
f 5528 5510 5521
f 5521 5510 5507
f 5521 5507 5526
f 5526 5507 5509
f 5526 5509 5549
f 5549 5509 5541
f 5637 5643 5646
f 5646 5643 5655
f 5646 5655 5652
f 5652 5655 5659
f 5652 5659 5647
f 5647 5659 5656
f 5647 5656 5635
f 5635 5656 5641
f 5643 5637 5541
f 5541 5637 5549
f 6008 6014 6099
f 6099 6014 6090
f 6014 6008 6004
f 6004 6008 5995
f 6004 5995 5999
f 5999 5995 5992
f 5999 5992 6003
f 6003 5992 5994
f 6003 5994 6017
f 6017 5994 6010
f 6093 6102 6109
f 6109 6102 6122
f 6109 6122 6115
f 6115 6122 6127
f 6115 6127 6110
f 6110 6127 6123
f 6110 6123 6090
f 6090 6123 6099
f 6102 6093 6010
f 6010 6093 6017
f 6009 6015 6100
f 6100 6015 6091
f 6015 6009 6007
f 6007 6009 5996
f 6007 5996 6000
f 6000 5996 5993
f 6000 5993 6005
f 6005 5993 5997
f 6005 5997 6016
f 6016 5997 6011
f 6094 6103 6112
f 6112 6103 6124
f 6112 6124 6116
f 6116 6124 6128
f 6116 6128 6113
f 6113 6128 6125
f 6113 6125 6091
f 6091 6125 6100
f 6103 6094 6011
f 6011 6094 6016
f 4832 4872 5005
f 5005 4872 4980
f 4872 4832 4845
f 4845 4832 4806
f 4806 4832 4717
f 4806 4717 4779
f 4779 4717 4670
f 4779 4670 4804
f 4804 4670 4716
f 4804 4716 4844
f 4844 4716 4840
f 4844 4840 4871
f 4979 5012 5003
f 5003 5012 5025
f 5025 5012 5055
f 5025 5055 5033
f 5033 5055 5062
f 5033 5062 5027
f 5027 5062 5056
f 5027 5056 5004
f 5004 5056 5005
f 5004 5005 4980
f 5012 4979 4840
f 4840 4979 4871
f 5539 5546 5642
f 5642 5546 5636
f 5546 5539 5531
f 5531 5539 5511
f 5531 5511 5522
f 5522 5511 5508
f 5522 5508 5529
f 5529 5508 5512
f 5529 5512 5550
f 5550 5512 5542
f 5638 5644 5648
f 5648 5644 5657
f 5648 5657 5653
f 5653 5657 5660
f 5653 5660 5650
f 5650 5660 5658
f 5650 5658 5636
f 5636 5658 5642
f 5644 5638 5542
f 5542 5638 5550
f 7047 6976 6967
f 8204 8267 8564
f 9315 9362 9152
f 9152 9362 9566
f 7994 8084 8204
f 7994 8204 8512
f 7278 7395 7249
f 7249 7395 7697
f 7024 7047 7087
f 7087 7047 7009
f 7816 7488 7848
f 8190 7860 8196
f 8196 7860 7848
f 8860 8190 8943
f 8943 8190 8196
f 9043 8943 9321
f 9957 9881 10132
f 10132 9881 9839
f 9989 10195 10194
f 9989 10194 10213
f 7395 7429 7697
f 7697 7429 7653
f 7697 7653 7994
f 7994 7653 7972
f 7994 7972 8084
f 7009 7047 6967
f 7009 6967 7249
f 7249 6967 7278
f 7816 7772 7488
f 7488 7772 7448
f 7488 7448 7087
f 7087 7448 7024
f 9881 9871 9839
f 9839 9871 9321
f 9321 9871 9325
f 9321 9325 9043
f 10213 10194 10260
f 10213 10260 10132
f 10132 10260 10176
f 10132 10176 9957
f 9362 9449 9566
f 9566 9449 9651
f 9566 9651 9989
f 9989 9651 10085
f 9989 10085 10195
f 8512 8204 8564
f 8512 8564 9152
f 9152 8564 9201
f 9152 9201 9315
f 4480 4410 4587
f 4587 4410 4596
f 4587 4596 4635
f 4635 4596 4634
f 4635 4634 4594
f 4594 4634 4585
f 4594 4585 4478
f 4478 4585 4477
f 4478 4477 4302
f 4302 4477 4298
f 4302 4298 4254
f 4254 4298 4257
f 4254 4257 4297
f 4297 4257 4410
f 4297 4410 4480
f 4561 4587 4598
f 4598 4587 4635
f 4598 4635 4556
f 4556 4635 4594
f 4556 4594 4416
f 4416 4594 4478
f 4416 4478 4302
f 4416 4302 4294
f 4294 4302 4254
f 4294 4254 4313
f 4313 4254 4297
f 4313 4297 4423
f 4423 4297 4480
f 4423 4480 4561
f 4561 4480 4587
f 4262 4267 4396
f 4396 4267 4256
f 4256 4267 4259
f 4256 4259 4296
f 4296 4259 4389
f 4296 4389 4479
f 4479 4389 4412
f 4479 4412 4586
f 4586 4412 4601
f 4586 4601 4636
f 4636 4601 4637
f 4636 4637 4595
f 4595 4637 4580
f 4595 4580 4396
f 4396 4580 4406
f 4396 4406 4262
f 4560 4586 4599
f 4599 4586 4636
f 4599 4636 4557
f 4557 4636 4595
f 4557 4595 4417
f 4417 4595 4396
f 4417 4396 4314
f 4314 4396 4256
f 4314 4256 4295
f 4295 4256 4296
f 4295 4296 4422
f 4422 4296 4479
f 4422 4479 4560
f 4560 4479 4586
f 4378 4219 4298
f 4298 4219 4257
f 4257 4219 4274
f 4257 4274 4410
f 4410 4274 4534
f 4410 4534 4596
f 4596 4534 4654
f 4596 4654 4634
f 4634 4654 4585
f 4585 4654 4615
f 4585 4615 4477
f 4477 4615 4378
f 4477 4378 4298
f 7366 7890 7561
f 7366 7561 7474
f 7366 7474 7235
f 7235 7474 7422
f 7235 7422 7186
f 7186 7422 7237
f 7237 7422 7440
f 7237 7440 7328
f 7328 7440 7566
f 7566 7440 7538
f 7566 7538 7890
f 7890 7538 7561
f 7898 7890 7857
f 7857 7890 7366
f 7857 7366 7364
f 7470 7566 7565
f 7328 7566 7470
f 7328 7470 7329
f 7328 7329 7237
f 7237 7329 7238
f 7237 7238 7186
f 7186 7238 7187
f 7186 7187 7235
f 7235 7187 7236
f 7235 7236 7366
f 7366 7236 7364
f 7377 7521 7896
f 7896 7521 7698
f 7521 7562 7698
f 7698 7562 7567
f 7567 7562 7475
f 7567 7475 7330
f 7330 7475 7239
f 7239 7475 7423
f 7239 7423 7188
f 7188 7423 7241
f 7241 7423 7431
f 7241 7431 7377
f 7377 7431 7521
f 7468 7572 7567
f 7355 7377 7856
f 7856 7377 7896
f 7856 7896 7897
f 7468 7567 7330
f 7377 7355 7241
f 7241 7355 7242
f 7241 7242 7188
f 7188 7242 7189
f 7188 7189 7239
f 7239 7189 7240
f 7239 7240 7330
f 7330 7240 7331
f 7330 7331 7468
f 7443 7540 7490
f 7540 7558 7490
f 7490 7473 7421
f 7558 7473 7490
f 7421 7443 7490
f 7443 7475 7540
f 7540 7475 7562
f 7540 7562 7558
f 7558 7562 7521
f 7558 7521 7473
f 7473 7521 7431
f 7473 7431 7421
f 7421 7431 7423
f 7421 7423 7443
f 7443 7423 7475
f 7442 7539 7489
f 7539 7557 7489
f 7489 7472 7420
f 7557 7472 7489
f 7420 7442 7489
f 7442 7474 7539
f 7539 7474 7561
f 7539 7561 7557
f 7557 7561 7538
f 7557 7538 7472
f 7472 7538 7440
f 7472 7440 7420
f 7420 7440 7422
f 7420 7422 7442
f 7442 7422 7474
f 3965 3993 4031
f 4031 3993 4267
f 4031 4267 4262
f 4073 4067 4389
f 4389 4067 4103
f 4389 4103 4412
f 4259 4267 3993
f 4259 3993 4073
f 4259 4073 4389
f 4073 3993 3958
f 3958 4052 4073
f 4052 4067 4073
f 4052 4054 4067
f 3965 3958 3993
f 5841 5756 5712
f 5712 5756 5711
f 5711 5756 5795
f 5937 5877 5898
f 5937 5898 5938
f 5938 5898 5842
f 5877 5937 5796
f 5796 5937 5711
f 5796 5711 5757
f 5757 5711 5795
f 5876 5842 5795
f 5795 5842 5757
f 5842 5876 5897
f 5842 5897 5938
f 5938 5897 5841
f 5938 5841 5712
f 5962 5960 5959
f 5959 5960 5961
f 5690 5692 5691
f 5691 5692 5689
f 5215 5291 5209
f 5209 5291 5227
f 5399 5318 5344
f 5399 5344 5400
f 5400 5344 5291
f 5318 5399 5251
f 5299 5291 5215
f 5399 5127 5251
f 5251 5127 5152
f 5251 5152 5194
f 5209 5154 5128
f 5209 5128 5290
f 5291 5299 5343
f 5291 5343 5400
f 5400 5343 5290
f 5400 5290 5128
f 5154 5209 5152
f 5152 5209 5227
f 5152 5227 5194
f 5123 5126 5125
f 5125 5126 5124
f 5426 5424 5422
f 5422 5424 5425
f 6351 6275 6300
f 6376 6411 6453
f 6453 6411 6455
f 6275 6215 6350
f 6376 6453 6477
f 6376 6477 6301
f 6455 6410 6350
f 6455 6350 6479
f 6479 6350 6215
f 6351 6276 6275
f 6275 6276 6215
f 6215 6276 6214
f 6214 6276 6301
f 6214 6301 6477
f 6351 6300 6375
f 6351 6375 6411
f 6411 6375 6455
f 6455 6375 6410
f 6483 6480 6481
f 6481 6480 6482
f 6190 6192 6191
f 6191 6192 6189
f 6481 6482 6507
f 6481 6507 6509
f 6508 6506 6483
f 6483 6506 6480
f 6161 6160 6189
f 6189 6160 6191
f 6192 6190 6159
f 6158 6159 6190
f 5960 5962 5987
f 5988 5987 5962
f 5986 5985 5961
f 5959 5961 5985
f 5666 5665 5689
f 5689 5665 5691
f 5692 5690 5664
f 5663 5664 5690
f 5454 5453 5425
f 5422 5425 5453
f 5424 5426 5455
f 5456 5455 5426
f 5125 5124 5096
f 5125 5096 5094
f 5095 5097 5123
f 5123 5097 5126
f 5264 5291 5338
f 5338 5291 5344
f 5338 5344 5306
f 5306 5344 5318
f 5306 5318 5251
f 5306 5251 5228
f 5228 5251 5194
f 5228 5194 5193
f 5193 5194 5227
f 5193 5227 5264
f 5264 5227 5291
f 5284 5290 5337
f 5337 5290 5343
f 5337 5343 5323
f 5323 5343 5299
f 5323 5299 5245
f 5245 5299 5215
f 5245 5215 5201
f 5201 5215 5209
f 5201 5209 5284
f 5284 5209 5290
f 5820 5842 5888
f 5888 5842 5898
f 5888 5898 5863
f 5863 5898 5877
f 5863 5877 5796
f 5863 5796 5782
f 5782 5796 5746
f 5746 5796 5757
f 5746 5757 5820
f 5820 5757 5842
f 5819 5841 5887
f 5887 5841 5897
f 5887 5897 5862
f 5862 5897 5876
f 5862 5876 5795
f 5862 5795 5781
f 5781 5795 5745
f 5745 5795 5756
f 5745 5756 5819
f 5819 5756 5841
f 6346 6351 6406
f 6406 6351 6411
f 6406 6411 6391
f 6391 6411 6376
f 6391 6376 6328
f 6328 6376 6301
f 6328 6301 6268
f 6268 6301 6276
f 6268 6276 6282
f 6282 6276 6346
f 6346 6276 6351
f 6345 6350 6405
f 6405 6350 6410
f 6405 6410 6390
f 6390 6410 6375
f 6390 6375 6312
f 6312 6375 6300
f 6312 6300 6269
f 6269 6300 6275
f 6269 6275 6345
f 6345 6275 6350
f 6151 6152 6156
f 6156 6152 6155
f 6156 6155 6154
f 6156 6154 6153
f 6153 6154 6146
f 6146 6154 6144
f 6146 6144 6143
f 6143 6144 6145
f 6143 6145 6151
f 6151 6145 6152
f 6092 6098 6105
f 6105 6098 6107
f 6105 6107 6106
f 6106 6107 6101
f 6106 6101 6097
f 6097 6101 6086
f 6097 6086 6085
f 6085 6086 6084
f 6085 6084 6092
f 6092 6084 6098
f 6038 6036 6039
f 6038 6039 6040
f 6040 6039 6041
f 6040 6041 6037
f 6040 6037 6035
f 6035 6037 6033
f 6033 6037 6032
f 6033 6032 6034
f 6034 6032 6036
f 6034 6036 6038
f 6025 6026 6030
f 6030 6026 6029
f 6030 6029 6028
f 6030 6028 6027
f 6027 6028 6022
f 6022 6028 6024
f 6022 6024 6021
f 6022 6021 6023
f 6023 6021 6025
f 6025 6021 6026
f 5627 5629 5631
f 5631 5629 5632
f 5631 5632 5630
f 5630 5632 5628
f 5630 5628 5626
f 5626 5628 5624
f 5626 5624 5623
f 5623 5624 5625
f 5623 5625 5627
f 5627 5625 5629
f 5619 5616 5620
f 5619 5620 5622
f 5622 5620 5621
f 5622 5621 5618
f 5618 5621 5617
f 5618 5617 5613
f 5613 5617 5615
f 5613 5615 5612
f 5613 5612 5614
f 5614 5612 5616
f 5614 5616 5619
f 5494 5495 5504
f 5504 5495 5505
f 5504 5505 5501
f 5501 5505 5500
f 5501 5500 5493
f 5493 5500 5492
f 5493 5492 5488
f 5488 5492 5490
f 5488 5490 5494
f 5494 5490 5495
f 5463 5464 5472
f 5472 5464 5475
f 5472 5475 5476
f 5476 5475 5473
f 5476 5473 5470
f 5470 5473 5465
f 5470 5465 5462
f 5462 5465 5461
f 5462 5461 5463
f 5463 5461 5464
f 6453 6481 6477
f 6477 6481 6509
f 6455 6483 6453
f 6453 6483 6481
f 6508 6483 6479
f 6479 6483 6455
f 6215 6191 6160
f 6214 6190 6215
f 6215 6190 6191
f 6190 6214 6158
f 5937 5959 5985
f 5938 5962 5937
f 5937 5962 5959
f 5962 5938 5988
f 5712 5691 5665
f 5711 5690 5712
f 5712 5690 5691
f 5690 5711 5663
f 5399 5422 5453
f 5400 5426 5399
f 5399 5426 5422
f 5426 5400 5456
f 5154 5125 5128
f 5128 5125 5094
f 5152 5123 5154
f 5154 5123 5125
f 5095 5123 5127
f 5127 5123 5152
f 8600 8580 8460
f 8460 8580 8449
f 8460 8449 8394
f 8460 8394 8395
f 8395 8394 8462
f 8395 8462 8448
f 8448 8462 8579
f 8579 8462 8601
f 8580 8600 8601
f 8601 8600 8579
f 8615 8527 8616
f 8616 8527 8461
f 8461 8527 8399
f 8461 8399 8408
f 8408 8399 8425
f 8425 8399 8430
f 8425 8430 8546
f 8546 8430 8540
f 8546 8540 8615
f 8615 8616 8546
f 10494 10508 10231
f 10231 10508 10239
f 10239 10508 10497
f 10239 10497 10228
f 10228 10497 10500
f 10228 10500 10237
f 10237 10500 10507
f 10237 10507 10234
f 10234 10507 10494
f 10494 10231 10234
f 10627 10630 10495
f 10495 10630 10509
f 10509 10630 10628
f 10509 10628 10499
f 10499 10628 10504
f 10504 10628 10629
f 10504 10629 10505
f 10505 10629 10631
f 10505 10631 10627
f 10627 10495 10505
f 8608 8609 8547
f 8609 8608 8544
f 8609 8544 8465
f 8465 8544 8434
f 8465 8434 8406
f 8406 8434 8396
f 8406 8396 8422
f 8422 8396 8463
f 8422 8463 8547
f 8547 8463 8608
f 8400 8432 8526
f 8526 8432 8545
f 8526 8545 8599
f 8526 8599 8617
f 8617 8599 8577
f 8617 8577 8539
f 8539 8577 8447
f 8539 8447 8431
f 8431 8447 8402
f 8432 8400 8402
f 8402 8400 8431
f 2785 2730 2772
f 2785 2772 2844
f 2844 2839 2785
f 2785 2762 2730
f 2839 2762 2785
f 2735 2730 2752
f 2752 2730 2762
f 2730 2735 2769
f 2730 2769 2772
f 2772 2769 2844
f 2844 2769 2846
f 2844 2846 2839
f 2839 2846 2836
f 2839 2836 2762
f 2762 2836 2752
f 5594 5584 5592
f 5592 5601 5594
f 5594 5605 5597
f 5601 5605 5594
f 5597 5587 5594
f 5587 5584 5594
f 5584 5583 5592
f 5592 5583 5593
f 5592 5593 5601
f 5601 5593 5603
f 5601 5603 5605
f 5605 5603 5600
f 5605 5600 5597
f 5597 5600 5590
f 5597 5590 5587
f 5587 5590 5583
f 5587 5583 5584
f 5832 5747 5821
f 5832 5821 5889
f 5889 5857 5832
f 5857 5775 5832
f 5775 5747 5832
f 5747 5753 5821
f 5821 5753 5838
f 5821 5838 5889
f 5889 5838 5894
f 5889 5894 5857
f 5857 5894 5849
f 5857 5849 5775
f 5775 5849 5768
f 5775 5768 5747
f 5747 5768 5753
f 6056 6044 6052
f 6052 6062 6056
f 6056 6068 6061
f 6062 6068 6056
f 6061 6050 6056
f 6050 6044 6056
f 6044 6046 6052
f 6052 6046 6054
f 6052 6054 6062
f 6062 6054 6064
f 6062 6064 6068
f 6068 6064 6066
f 6068 6066 6061
f 6061 6066 6058
f 6061 6058 6050
f 6050 6058 6048
f 6050 6048 6044
f 6044 6048 6046
f 8607 8611 8537
f 8464 8528 8392
f 8464 8392 8397
f 8528 8464 8611
f 8611 8607 8528
f 8429 8458 8537
f 8537 8458 8607
f 8397 8392 8429
f 8429 8392 8458
f 2845 2838 2780
f 2780 2763 2731
f 2838 2763 2780
f 2780 2731 2773
f 2780 2773 2845
f 2736 2731 2765
f 2765 2731 2763
f 2731 2736 2756
f 2731 2756 2773
f 2773 2756 2830
f 2773 2830 2845
f 2845 2830 2843
f 2845 2843 2838
f 2838 2843 2765
f 2838 2765 2763
f 5595 5606 5598
f 5598 5588 5595
f 5595 5585 5591
f 5588 5585 5595
f 5591 5602 5595
f 5602 5606 5595
f 5606 5604 5598
f 5598 5604 5596
f 5598 5596 5588
f 5588 5596 5586
f 5588 5586 5585
f 5585 5586 5589
f 5585 5589 5591
f 5591 5589 5599
f 5591 5599 5602
f 5602 5599 5606
f 5606 5599 5604
f 5837 5903 5847
f 5847 5780 5837
f 5837 5752 5826
f 5780 5752 5837
f 5837 5826 5903
f 5903 5901 5852
f 5903 5852 5847
f 5847 5852 5780
f 5780 5852 5770
f 5780 5770 5752
f 5752 5770 5760
f 5752 5760 5826
f 5826 5760 5845
f 5826 5845 5903
f 5903 5845 5901
f 6057 6069 6060
f 6060 6051 6057
f 6057 6045 6053
f 6051 6045 6057
f 6053 6063 6057
f 6063 6069 6057
f 6069 6067 6060
f 6060 6067 6059
f 6060 6059 6051
f 6051 6059 6049
f 6051 6049 6045
f 6045 6049 6047
f 6045 6047 6053
f 6053 6047 6055
f 6053 6055 6063
f 6063 6055 6065
f 6063 6065 6069
f 6069 6065 6067
f 8467 8612 8529
f 8529 8612 8610
f 8610 8612 8538
f 8610 8538 8457
f 8457 8538 8428
f 8457 8428 8393
f 8393 8428 8398
f 8393 8398 8467
f 8393 8467 8529
f 1014 1012 1051
f 1012 1013 1051
f 1013 1011 1051
f 1011 1014 1051
f 1014 1011 761
f 1011 764 761
f 764 1011 1013
f 764 1013 762
f 762 1013 1012
f 762 1012 765
f 1014 761 765
f 1014 765 1012
f 9313 9266 9292
f 9455 9312 9272
f 9426 9455 9308
f 9308 9455 9272
f 9272 9263 9308
f 9455 9452 9348
f 9455 9348 9312
f 9312 9348 9273
f 9312 9273 9272
f 9348 9452 9428
f 9348 9428 9264
f 9264 9273 9348
f 9428 9387 9333
f 9262 9251 9264
f 9428 9333 9264
f 9264 9333 9262
f 9262 9319 9290
f 9308 9263 9252
f 9308 9252 9266
f 9336 9382 9426
f 9336 9426 9308
f 9308 9266 9336
f 9292 9280 9398
f 9273 9371 9272
f 9272 9371 9373
f 9263 9272 9373
f 9263 9373 9252
f 9373 9384 9252
f 9252 9384 9416
f 9252 9416 9266
f 9461 9280 9416
f 9266 9416 9280
f 9461 9419 9393
f 9461 9393 9280
f 9280 9393 9398
f 9398 9474 9292
f 9292 9474 9313
f 9474 9495 9560
f 9560 9336 9313
f 9560 9313 9474
f 9336 9560 9382
f 9382 9560 9591
f 9382 9591 9608
f 9382 9608 9426
f 9608 9455 9426
f 9611 9452 9455
f 9611 9455 9608
f 9428 9452 9611
f 9428 9611 9387
f 9387 9611 9603
f 9387 9603 9587
f 9387 9587 9333
f 9319 9333 9556
f 9556 9333 9587
f 9526 9489 9556
f 9556 9489 9486
f 9556 9486 9319
f 9319 9486 9418
f 9319 9418 9290
f 9290 9418 9385
f 9290 9385 9279
f 9385 9446 9454
f 9454 9446 9526
f 9413 9262 9279
f 9413 9279 9454
f 9454 9279 9385
f 9413 9251 9262
f 9371 9273 9264
f 9371 9264 9251
f 9371 9251 9392
f 9392 9251 9413
f 9526 9446 9489
f 9419 9461 9460
f 9495 9523 9560
f 9523 9495 9460
f 9523 9460 9461
f 9384 9430 9483
f 9463 9591 9560
f 9463 9611 9591
f 9560 9483 9463
f 9463 9483 9430
f 9463 9603 9611
f 9400 9392 9433
f 9433 9392 9454
f 9400 9371 9392
f 9463 9587 9603
f 9433 9454 9526
f 9433 9526 9463
f 9463 9526 9587
f 9430 9384 9373
f 9430 9373 9400
f 9400 9373 9371
f 9335 9318 9324
f 9324 9318 9346
f 9324 9346 9363
f 9324 9363 9335
f 9335 9430 9318
f 9318 9430 9400
f 9318 9400 9433
f 9318 9433 9346
f 9346 9433 9463
f 9346 9463 9363
f 9363 9463 9335
f 9335 9463 9430
f 9413 9454 9392
f 9416 9483 9461
f 9461 9483 9523
f 9523 9483 9560
f 9556 9587 9526
f 9591 9611 9608
f 9416 9384 9483
f 9262 9290 9279
f 9280 9292 9266
f 9489 9495 9486
f 9486 9495 9474
f 9486 9474 9418
f 9418 9474 9398
f 9418 9398 9385
f 9385 9398 9393
f 9385 9393 9419
f 9385 9419 9446
f 9446 9419 9460
f 9446 9460 9489
f 9489 9460 9495
f 9333 9319 9262
f 9313 9336 9266
f 8390 8620 8645
f 8390 8645 8412
f 8412 8645 8656
f 8412 8656 8638
f 8390 8412 8620
f 8620 8412 8638
f 8620 8621 8645
f 8645 8621 8648
f 8645 8648 8656
f 8656 8648 8653
f 8656 8653 8638
f 8638 8653 8631
f 8620 8638 8621
f 8621 8638 8631
f 8621 8391 8648
f 8648 8391 8653
f 8653 8391 8413
f 8653 8413 8631
f 8621 8631 8391
f 8391 8631 8413
f 9911 9922 9969
f 9969 9922 9961
f 9969 9961 9998
f 9969 9998 10049
f 10049 9998 10033
f 10049 10033 10058
f 10049 10058 10043
f 10043 10058 10039
f 10039 9997 10043
f 10043 9997 9964
f 9964 9997 9975
f 9964 9975 9928
f 9964 9928 9911
f 9911 9928 9915
f 9911 9915 9922
f 10045 10103 10126
f 9882 9925 9880
f 9944 9882 9918
f 9894 9925 9971
f 9925 9894 9880
f 10067 9995 10016
f 10016 10113 10067
f 9918 9988 9944
f 9944 9988 10003
f 9995 9936 9971
f 9971 9936 9894
f 10016 9995 9971
f 10113 10016 10045
f 10003 9988 10062
f 10003 10062 10045
f 10045 10062 10103
f 10045 10126 10113
f 9925 9882 9944
f 9880 9894 9885
f 9885 9894 9976
f 9894 9936 9976
f 9936 9995 9976
f 9976 9995 10061
f 9995 10067 10061
f 10061 10067 10133
f 10067 10113 10133
f 10113 10126 10133
f 10126 10103 10133
f 10133 10103 10073
f 10103 10062 10073
f 10062 9988 10073
f 10073 9988 9983
f 9983 9988 9901
f 9988 9918 9901
f 9918 9882 9901
f 9901 9882 9879
f 9882 9880 9879
f 9879 9880 9885
f 10133 10064 10033
f 10133 10033 10061
f 10061 10033 9976
f 10033 9961 9976
f 9976 9961 9885
f 9885 9961 9922
f 9885 9922 9879
f 9879 9922 9928
f 9879 9928 9901
f 9928 9975 9901
f 9901 9975 9983
f 9983 9975 10073
f 10073 9975 10064
f 10073 10064 10133
f 10033 10064 10058
f 9975 10039 10064
f 9922 9915 9928
f 10033 9998 9961
f 9975 9997 10039
f 10058 10064 10039
f 9924 9970 9925
f 9925 9970 9971
f 9970 10015 9971
f 9971 10015 10016
f 10015 10044 10016
f 10016 10044 10045
f 10044 10002 10045
f 10045 10002 10003
f 10002 9946 10003
f 10003 9946 9944
f 9946 9924 9944
f 9944 9924 9925
f 9946 10044 10015
f 9946 10002 10044
f 9946 10015 9970
f 9946 9970 9924
f 9911 9937 9964
f 9964 9937 10009
f 9964 10009 10043
f 10043 10009 10004
f 10043 10004 10049
f 10049 10004 9969
f 9969 10004 9937
f 9969 9937 9911
f 10004 10009 9937
f 7610 7575 7550
f 7550 7575 7498
f 7550 7498 7441
f 7441 7498 7403
f 7441 7403 7354
f 7354 7403 7350
f 7354 7350 7334
f 7354 7334 7332
f 7332 7334 7342
f 7332 7342 7362
f 7362 7342 7372
f 7362 7372 7444
f 7362 7444 7432
f 7432 7444 7506
f 7506 7444 7548
f 7506 7548 7595
f 7595 7548 7604
f 7595 7604 7616
f 7616 7604 7617
f 7616 7617 7610
f 7610 7617 7611
f 7610 7611 7575
f 7616 7588 7531
f 7616 7531 7595
f 7506 7531 7438
f 7550 7441 7484
f 7484 7441 7354
f 7550 7484 7588
f 7550 7588 7610
f 7531 7506 7595
f 7362 7432 7438
f 7354 7332 7380
f 7588 7616 7610
f 7380 7362 7438
f 7362 7380 7332
f 7438 7432 7506
f 7484 7354 7380
f 7342 7334 7447
f 7500 7444 7461
f 7611 7617 7516
f 7516 7617 7527
f 7527 7617 7604
f 7467 7498 7503
f 7461 7444 7372
f 7527 7604 7500
f 7500 7604 7548
f 7575 7611 7516
f 7447 7334 7439
f 7439 7334 7350
f 7500 7548 7444
f 7498 7575 7503
f 7503 7575 7516
f 7439 7350 7403
f 7467 7403 7498
f 7461 7372 7447
f 7447 7372 7342
f 7439 7403 7467
f 7588 7547 7574
f 7588 7574 7534
f 7588 7534 7531
f 7531 7534 7445
f 7531 7445 7438
f 7438 7445 7408
f 7438 7408 7380
f 7380 7408 7384
f 7380 7384 7450
f 7380 7450 7484
f 7484 7450 7499
f 7484 7499 7547
f 7484 7547 7588
f 7413 7547 7450
f 7413 7574 7547
f 7510 7574 7413
f 7408 7510 7413
f 7527 7496 7516
f 7503 7471 7467
f 7439 7471 7447
f 7461 7496 7500
f 7461 7447 7496
f 7496 7447 7471
f 7503 7516 7471
f 7471 7516 7496
f 7527 7500 7496
f 7467 7471 7439
f 7574 7510 7534
f 7534 7510 7445
f 7445 7510 7408
f 7408 7413 7384
f 7384 7413 7450
f 7499 7450 7547
f 7326 7416 7327
f 7327 7416 7418
f 7571 7418 7568
f 7568 7418 7416
f 7621 7571 7622
f 7622 7571 7568
f 7551 7621 7552
f 7552 7621 7622
f 7394 7551 7397
f 7397 7551 7552
f 7327 7394 7326
f 7326 7394 7397
f 7621 7578 7571
f 7551 7549 7621
f 7621 7549 7578
f 7571 7578 7520
f 7327 7419 7391
f 7327 7391 7394
f 7394 7391 7455
f 7394 7455 7551
f 7551 7455 7549
f 7571 7520 7418
f 7418 7520 7419
f 7418 7419 7327
f 7397 7519 7428
f 7416 7481 7568
f 7568 7481 7556
f 7568 7556 7622
f 7397 7428 7326
f 7326 7428 7414
f 7326 7414 7416
f 7416 7414 7481
f 7519 7397 7552
f 7519 7552 7622
f 7519 7622 7556
f 7549 7518 7585
f 7549 7585 7578
f 7578 7585 7528
f 7578 7528 7520
f 7520 7528 7425
f 7520 7425 7419
f 7419 7425 7393
f 7419 7393 7391
f 7391 7393 7437
f 7391 7437 7455
f 7455 7437 7518
f 7455 7518 7549
f 7518 7437 7393
f 7585 7518 7393
f 7393 7528 7585
f 7425 7528 7393
f 7535 7563 7486
f 7563 7497 7486
f 7486 7497 7427
f 7486 7427 7407
f 7486 7407 7457
f 7457 7535 7486
f 7535 7519 7563
f 7563 7519 7556
f 7563 7556 7497
f 7497 7556 7481
f 7497 7481 7427
f 7427 7481 7414
f 7427 7414 7407
f 7407 7414 7428
f 7407 7428 7457
f 7457 7428 7519
f 7457 7519 7535
f 8472 8535 8473
f 8472 8473 8531
f 8472 8531 8533
f 8533 8531 8572
f 8533 8572 8583
f 8583 8572 8664
f 8583 8664 8692
f 8692 8664 8720
f 8692 8720 8760
f 8760 8720 8774
f 8760 8774 8786
f 8786 8774 8787
f 8786 8787 8790
f 8790 8787 8789
f 8790 8789 8769
f 8769 8789 8770
f 8769 8770 8718
f 8769 8718 8697
f 8697 8718 8668
f 8697 8668 8597
f 8597 8668 8592
f 8597 8592 8535
f 8597 8535 8536
f 8536 8535 8472
f 8632 8697 8597
f 8731 8697 8632
f 8731 8769 8697
f 8632 8597 8536
f 8632 8536 8472
f 8632 8472 8584
f 8751 8790 8731
f 8731 8790 8769
f 8710 8760 8751
f 8751 8760 8790
f 8710 8692 8760
f 8584 8472 8533
f 8655 8692 8710
f 8655 8583 8692
f 8533 8583 8584
f 8584 8583 8655
f 8789 8716 8702
f 8789 8702 8770
f 8707 8774 8720
f 8707 8720 8691
f 8572 8649 8666
f 8666 8664 8572
f 8716 8789 8787
f 8659 8592 8685
f 8685 8592 8668
f 8572 8473 8649
f 8535 8592 8659
f 8664 8666 8691
f 8668 8718 8685
f 8685 8718 8702
f 8649 8473 8659
f 8659 8473 8535
f 8720 8664 8691
f 8716 8787 8707
f 8707 8787 8774
f 8718 8770 8702
f 8632 8598 8654
f 8632 8654 8705
f 8632 8705 8731
f 8731 8705 8738
f 8731 8738 8749
f 8731 8749 8751
f 8751 8749 8710
f 8710 8749 8686
f 8710 8686 8655
f 8655 8686 8595
f 8655 8595 8584
f 8584 8595 8598
f 8584 8598 8632
f 8595 8682 8737
f 8737 8654 8595
f 8737 8705 8654
f 8685 8687 8659
f 8649 8690 8666
f 8691 8690 8707
f 8716 8687 8702
f 8649 8659 8690
f 8690 8659 8687
f 8707 8690 8716
f 8716 8690 8687
f 8685 8702 8687
f 8666 8690 8691
f 8760 8786 8790
f 8473 8572 8531
f 8705 8737 8738
f 8738 8737 8749
f 8749 8737 8682
f 8749 8682 8686
f 8686 8682 8595
f 8598 8595 8654
f 9230 9471 9205
f 8977 9205 9070
f 8977 9070 8742
f 8339 8742 8679
f 8339 8679 8093
f 8093 8679 8188
f 8093 8188 8029
f 7876 7953 7916
f 7876 7916 7790
f 7641 7790 7398
f 7398 7790 7674
f 7398 7674 7411
f 7411 7343 7247
f 7103 7159 7075
f 7103 7075 7072
f 7072 7075 7042
f 9230 9205 8977
f 8093 8029 7953
f 7783 7876 7790
f 7783 7790 7641
f 7194 7411 7247
f 7194 7247 7159
f 7145 7160 7271
f 7271 7160 7325
f 8167 7999 8311
f 8311 8327 8581
f 9258 9133 9407
f 9696 9407 9604
f 9696 9604 9759
f 10178 10172 10162
f 10178 10162 10148
f 10091 10148 10007
f 10007 9966 9887
f 9341 9512 9218
f 9218 9276 9155
f 8846 9075 9003
f 8846 9003 8446
f 8101 8446 8214
f 8101 8214 8033
f 7290 7434 7289
f 7290 7289 7150
f 7150 7289 7209
f 7150 7209 7114
f 7054 7067 7109
f 7054 7109 7131
f 7230 7131 7171
f 7230 7171 7346
f 7463 7346 7635
f 7635 7346 7586
f 7635 7586 7715
f 7715 7723 7865
f 8249 8276 8382
f 8382 8276 8576
f 8382 8576 8803
f 9132 9037 9265
f 9891 9945 10063
f 10063 10082 10108
f 10109 10108 10128
f 10109 10128 10075
f 10075 10128 10076
f 9838 9912 9813
f 9838 9813 9679
f 9679 9813 9471
f 9471 9353 9205
f 9205 9146 9070
f 8742 9070 8679
f 8679 8336 8188
f 7953 8029 7916
f 7159 7247 7075
f 9132 9284 9110
f 8799 9110 8558
f 8249 8154 8002
f 8002 8154 8023
f 8002 8023 7943
f 7872 7829 7702
f 7635 7702 7545
f 7635 7545 7463
f 7463 7545 7317
f 7230 7317 7100
f 7054 7053 7042
f 7054 7042 7067
f 7067 7042 7075
f 7067 7075 7150
f 7290 7343 7584
f 7716 7584 7674
f 7716 7674 7853
f 8101 8188 8336
f 8846 8635 8679
f 8846 8679 9218
f 9218 8679 9070
f 9218 9070 9146
f 9341 9267 9353
f 9341 9353 9565
f 9565 9813 9909
f 10007 9909 10005
f 10007 10005 10091
f 10091 10005 10076
f 10091 10076 10128
f 10178 10128 10118
f 10118 10128 10108
f 10118 10108 10082
f 9504 9696 9635
f 9258 9337 9265
f 9258 9265 9144
f 8990 8803 8576
f 8311 8576 8276
f 8311 8276 8167
f 8167 8276 8022
f 7880 7865 7723
f 7723 7715 7586
f 7271 7402 7346
f 7271 7346 7145
f 7145 7346 7171
f 7194 7125 7209
f 7398 7209 7289
f 7398 7289 7433
f 7641 7433 7602
f 7641 7602 7693
f 7783 7693 7887
f 7887 7882 7970
f 7887 7970 8093
f 8093 7970 8033
f 8093 8033 8214
f 8433 8446 9003
f 9230 9003 9155
f 9230 9155 9276
f 9537 9369 9649
f 9649 9621 9866
f 9866 9887 9966
f 10088 10035 10162
f 9903 9994 9916
f 9903 9916 9817
f 9817 9916 9759
f 9817 9759 9604
f 9110 9288 9133
f 9110 9133 8847
f 8558 8847 8581
f 8558 8581 8327
f 8023 7999 7829
f 7829 7739 7702
f 7702 7739 7545
f 7053 7100 7072
f 7053 7072 7042
f 10005 9912 9914
f 10005 9914 10076
f 10076 9914 10075
f 10108 10109 10125
f 10108 10125 10063
f 10063 10018 9891
f 9635 9818 9559
f 9265 9357 9284
f 9265 9284 9132
f 8803 9037 8799
f 8803 8799 8382
f 8002 7943 7865
f 7865 7943 7872
f 7865 7872 7715
f 7346 7463 7317
f 7346 7317 7230
f 7434 7584 7602
f 7602 7584 7716
f 7602 7716 7801
f 7882 7801 7853
f 7882 7853 7970
f 8033 7970 8101
f 8446 8635 8846
f 9155 9075 9218
f 9218 9267 9341
f 9621 9512 9565
f 9621 9565 9799
f 9887 9799 9909
f 9887 9909 10007
f 10118 10019 9916
f 9916 9877 9759
f 9407 9696 9504
f 9407 9504 9337
f 9407 9337 9258
f 9133 9258 9144
f 9133 9144 9045
f 9045 9144 8990
f 9045 8990 8806
f 8581 8806 8990
f 8581 8990 8311
f 7999 8167 8022
f 7999 8022 7900
f 7739 7900 7880
f 7739 7880 7582
f 7582 7880 7723
f 7325 7582 7402
f 7325 7402 7271
f 7072 7145 7120
f 7072 7120 7103
f 7103 7125 7159
f 7159 7125 7194
f 7411 7194 7398
f 7398 7433 7641
f 7641 7693 7783
f 7953 7876 7887
f 7953 7887 8093
f 8742 8339 8433
f 8742 8433 8977
f 8977 9003 9230
f 9471 9230 9369
f 9471 9369 9537
f 9838 9649 9914
f 9914 9866 9966
f 9914 9966 10075
f 10075 9966 10035
f 10075 10035 10088
f 10156 10137 10018
f 10018 9994 9903
f 9559 9817 9357
f 9357 9817 9484
f 9357 9484 9284
f 9284 9288 9110
f 9110 8847 8558
f 8249 8558 8327
f 8249 8327 8154
f 7943 8023 7872
f 7872 8023 7829
f 7317 7545 7325
f 7317 7325 7100
f 7100 7325 7160
f 7150 7075 7290
f 7290 7075 7247
f 7290 7247 7343
f 7584 7343 7411
f 7584 7411 7674
f 7853 7674 7790
f 7853 7790 7916
f 8101 7916 8029
f 8101 8029 8188
f 8635 8336 8679
f 9267 9146 9205
f 9267 9205 9353
f 9565 9353 9471
f 9565 9471 9813
f 9909 9813 9912
f 9909 9912 10005
f 10019 10082 10063
f 10019 10063 9945
f 9877 9945 9891
f 9877 9891 9696
f 9696 9891 9818
f 9696 9818 9635
f 9504 9635 9559
f 9504 9559 9337
f 9337 9559 9357
f 9337 9357 9265
f 9144 9265 8990
f 8990 9265 9037
f 8990 9037 8803
f 8022 8276 8249
f 8022 8249 7880
f 7880 8249 8002
f 7880 8002 7865
f 7402 7586 7346
f 7171 7131 7120
f 7120 7131 7109
f 7125 7109 7067
f 7125 7067 7209
f 7209 7067 7114
f 7433 7289 7434
f 7433 7434 7602
f 7693 7602 7887
f 7887 7602 7801
f 7887 7801 7882
f 8433 8214 8446
f 9003 9075 9155
f 9369 9276 9218
f 9369 9218 9649
f 9649 9218 9512
f 9649 9512 9621
f 9866 9621 9799
f 9866 9799 9887
f 10035 9966 10007
f 10035 10007 10162
f 10162 10007 10148
f 10156 10162 10172
f 10156 10172 10137
f 10137 10172 10118
f 10137 10118 10081
f 10081 10118 9994
f 9994 10118 9916
f 9484 9604 9407
f 9484 9407 9288
f 9288 9407 9133
f 8847 9133 9045
f 8847 9045 8806
f 8847 8806 8581
f 8154 8327 8311
f 8154 8311 8023
f 8023 8311 7999
f 7829 7999 7900
f 7829 7900 7739
f 7545 7739 7582
f 7545 7582 7325
f 7100 7160 7145
f 7100 7145 7072
f 9471 9537 9679
f 9679 9537 9649
f 9679 9649 9838
f 9912 9838 9914
f 10075 10088 10109
f 10109 10088 10125
f 10063 10125 10156
f 10063 10156 10018
f 9891 10018 9903
f 9891 9903 9818
f 9818 9903 9817
f 9818 9817 9559
f 9037 9132 9110
f 9037 9110 8799
f 8382 8799 8558
f 8382 8558 8249
f 7715 7872 7635
f 7635 7872 7702
f 7131 7230 7100
f 7131 7100 7054
f 7054 7100 7053
f 7114 7067 7150
f 7434 7290 7584
f 7801 7716 7853
f 7970 7853 7916
f 7970 7916 8101
f 8446 8101 8336
f 8446 8336 8635
f 9075 8846 9218
f 9218 9146 9267
f 9512 9341 9565
f 9799 9565 9909
f 10148 10091 10128
f 10148 10128 10178
f 10172 10178 10118
f 10118 10082 10019
f 9916 10019 9945
f 9916 9945 9877
f 9759 9877 9696
f 8990 8576 8311
f 7900 8022 7880
f 7582 7723 7586
f 7582 7586 7402
f 7145 7171 7120
f 7103 7120 7109
f 7103 7109 7125
f 7194 7209 7398
f 7876 7783 7887
f 8093 8214 8339
f 8339 8214 8433
f 8977 8433 9003
f 9230 9276 9369
f 9914 9649 9866
f 10125 10088 10162
f 10125 10162 10156
f 10018 10137 10081
f 10018 10081 9994
f 9817 9604 9484
f 9284 9484 9288
f 8746 8794 8748
f 8748 8794 8793
f 8728 8793 8730
f 8730 8793 8794
f 8591 8728 8593
f 8593 8728 8730
f 8471 8591 8470
f 8470 8591 8593
f 8623 8471 8622
f 8622 8471 8470
f 8748 8623 8746
f 8746 8623 8622
f 8471 8582 8646
f 8471 8646 8591
f 8591 8646 8728
f 8728 8646 8712
f 8728 8712 8793
f 8712 8763 8793
f 8793 8763 8748
f 8748 8763 8677
f 8748 8677 8623
f 8582 8471 8623
f 8582 8623 8677
f 8794 8746 8694
f 8694 8746 8622
f 8694 8735 8794
f 8794 8735 8730
f 8730 8735 8693
f 8730 8693 8593
f 8470 8602 8622
f 8593 8693 8602
f 8593 8602 8470
f 8622 8602 8694
f 8582 8587 8619
f 8582 8619 8646
f 8646 8619 8658
f 8646 8658 8709
f 8646 8709 8712
f 8712 8709 8739
f 8712 8739 8763
f 8763 8739 8747
f 8763 8747 8706
f 8763 8706 8677
f 8677 8706 8624
f 8677 8624 8582
f 8582 8624 8587
f 8587 8747 8739
f 8587 8706 8747
f 8624 8706 8587
f 8587 8658 8619
f 8587 8709 8658
f 8587 8739 8709
f 8603 8663 8689
f 8663 8717 8689
f 8717 8734 8689
f 8734 8680 8689
f 8680 8603 8689
f 8603 8602 8663
f 8663 8602 8693
f 8663 8693 8717
f 8717 8693 8735
f 8717 8735 8734
f 8734 8735 8694
f 8734 8694 8680
f 8680 8694 8603
f 8603 8694 8602
f 7339 7318 7269
f 7269 7318 7303
f 7303 7250 7269
f 7269 7250 7170
f 7250 7185 7170
f 7185 7157 7170
f 7170 7157 7174
f 7157 7162 7174
f 7174 7162 7213
f 7174 7213 7274
f 7274 7213 7277
f 7277 7314 7274
f 7274 7314 7339
f 7339 7314 7333
f 7339 7333 7318
f 7172 7123 7093
f 7118 7206 7172
f 7118 7172 7093
f 7206 7118 7156
f 7206 7226 7266
f 7266 7226 7291
f 7207 7123 7232
f 7232 7123 7172
f 7297 7383 7294
f 7297 7294 7232
f 7232 7294 7207
f 7404 7383 7316
f 7316 7383 7297
f 7291 7363 7266
f 7266 7363 7316
f 7316 7363 7404
f 7206 7156 7226
f 7363 7390 7404
f 7390 7363 7324
f 7291 7324 7363
f 7324 7291 7228
f 7226 7228 7291
f 7228 7226 7156
f 7156 7099 7228
f 7099 7156 7118
f 7093 7099 7118
f 7123 7132 7093
f 7093 7132 7099
f 7207 7132 7123
f 7207 7304 7132
f 7304 7207 7294
f 7347 7304 7294
f 7383 7400 7304
f 7383 7304 7347
f 7400 7383 7404
f 7400 7404 7390
f 7324 7250 7303
f 7324 7303 7390
f 7390 7303 7400
f 7400 7303 7333
f 7400 7333 7314
f 7400 7314 7304
f 7132 7157 7099
f 7099 7157 7185
f 7099 7185 7228
f 7228 7185 7250
f 7228 7250 7324
f 7304 7314 7277
f 7304 7277 7213
f 7304 7213 7132
f 7132 7213 7162
f 7132 7162 7157
f 7303 7318 7333
f 7315 7265 7316
f 7316 7265 7266
f 7265 7205 7266
f 7266 7205 7206
f 7205 7175 7206
f 7206 7175 7172
f 7175 7231 7172
f 7172 7231 7232
f 7231 7296 7232
f 7232 7296 7297
f 7296 7315 7297
f 7297 7315 7316
f 7175 7205 7265
f 7175 7296 7231
f 7175 7265 7315
f 7175 7315 7296
f 7339 7268 7274
f 7274 7268 7174
f 7174 7268 7191
f 7174 7191 7170
f 7170 7191 7264
f 7170 7264 7269
f 7269 7264 7339
f 7339 7264 7268
f 7264 7191 7268
f 7294 7383 7347
f 8814 8912 8893
f 8893 8912 8878
f 8268 8297 8334
f 8532 8416 8644
f 8842 8858 8888
f 8868 8880 8804
f 8344 8292 8306
f 8306 8292 8248
f 8248 8292 8241
f 8248 8241 8222
f 8222 8241 8265
f 8265 8241 8273
f 8273 8307 8335
f 8573 8414 8661
f 8248 8243 8271
f 8243 8248 8222
f 8243 8222 8240
f 8240 8222 8265
f 8240 8265 8268
f 8268 8265 8297
f 8297 8265 8351
f 8297 8351 8334
f 8334 8351 8416
f 8416 8351 8573
f 8416 8573 8644
f 8644 8573 8778
f 8644 8778 8740
f 8740 8778 8814
f 8814 8778 8842
f 8814 8842 8912
f 8842 8922 8912
f 8912 8922 8878
f 8922 8868 8878
f 8878 8868 8810
f 8810 8868 8745
f 8810 8745 8756
f 8756 8745 8652
f 8652 8745 8559
f 8652 8559 8442
f 8442 8559 8375
f 8442 8375 8345
f 8345 8375 8306
f 8345 8306 8305
f 8305 8306 8271
f 8271 8306 8248
f 8273 8268 8307
f 8307 8268 8334
f 8307 8334 8335
f 8335 8334 8416
f 8335 8416 8414
f 8414 8416 8532
f 8268 8273 8240
f 8240 8273 8241
f 8240 8241 8243
f 8414 8532 8661
f 8661 8532 8644
f 8661 8644 8764
f 8764 8644 8740
f 8764 8740 8842
f 8842 8740 8858
f 8858 8740 8814
f 8858 8814 8893
f 8858 8893 8888
f 8888 8893 8880
f 8880 8893 8878
f 8880 8878 8804
f 8804 8878 8810
f 8804 8810 8744
f 8744 8810 8756
f 8744 8756 8588
f 8588 8756 8652
f 8588 8652 8442
f 8588 8442 8344
f 8344 8442 8345
f 8344 8345 8292
f 8292 8345 8305
f 8292 8305 8271
f 8243 8241 8271
f 8271 8241 8292
f 8764 8842 8778
f 8764 8778 8661
f 8661 8778 8573
f 8573 8351 8414
f 8414 8351 8335
f 8335 8351 8265
f 8335 8265 8273
f 8344 8306 8375
f 8559 8745 8744
f 8744 8745 8804
f 8804 8745 8868
f 8868 8922 8880
f 8880 8922 8888
f 8888 8922 8842
f 8744 8588 8559
f 8559 8588 8375
f 8375 8588 8344
f 9832 9728 8909
f 8909 9728 8834
f 9832 8909 9859
f 9859 8909 8897
f 9859 8897 9827
f 9827 8897 9697
f 9697 8897 8818
f 9697 8818 9545
f 9545 8818 9343
f 9343 8818 8722
f 9343 8722 9217
f 9217 8722 9084
f 9084 8722 8555
f 9084 8555 8782
f 8782 8555 8358
f 8358 8555 8354
f 8358 8354 8129
f 8129 8354 7986
f 7986 8354 8299
f 7986 8299 7874
f 8309 8370 8013
f 8589 8415 8370
f 8370 8415 8187
f 8370 8187 8013
f 8753 9112 8589
f 8589 9112 8824
f 8589 8824 8415
f 9728 9563 8834
f 8834 9563 9379
f 8834 9379 8753
f 8753 9379 9247
f 8753 9247 9112
f 8250 7655 8299
f 8299 7655 7748
f 8299 7748 7874
f 8220 7469 8250
f 8250 7469 7546
f 8250 7546 7655
f 8261 7569 8220
f 8220 7569 7478
f 8220 7478 7469
f 8013 7884 8309
f 8309 7884 7770
f 8309 7770 8261
f 8261 7770 7676
f 8261 7676 7569
f 9728 9757 9596
f 9728 9596 9563
f 9757 9728 9832
f 9757 9832 9858
f 9858 9832 9859
f 9858 9859 9831
f 9831 9859 9827
f 9831 9827 9697
f 9831 9697 9655
f 9655 9697 9545
f 9655 9545 9456
f 9456 9545 9343
f 9456 9343 9221
f 9221 9343 9217
f 9221 9217 9084
f 9221 9084 8948
f 8948 9084 8782
f 8948 8782 8356
f 8356 8782 8358
f 8356 8358 8129
f 8356 8129 8054
f 8054 8129 7986
f 8054 7986 7946
f 7946 7986 7874
f 7946 7874 7849
f 7849 7874 7748
f 7849 7748 7700
f 7546 7583 7655
f 7655 7583 7601
f 7655 7601 7748
f 7748 7601 7700
f 7469 7479 7546
f 7546 7479 7583
f 7478 7462 7469
f 7469 7462 7479
f 7569 7536 7478
f 7478 7536 7462
f 7676 7646 7569
f 7569 7646 7536
f 7770 7736 7676
f 7676 7736 7646
f 7884 7883 7770
f 7770 7883 7736
f 8013 7883 7884
f 8187 8024 8013
f 8013 8024 7883
f 8415 8270 8187
f 8187 8270 8024
f 8824 8566 8415
f 8415 8566 8270
f 9112 8926 8824
f 8824 8926 8566
f 9247 9129 9112
f 9112 9129 8926
f 9379 9282 9247
f 9247 9282 9129
f 9563 9596 9439
f 9563 9439 9379
f 9379 9439 9282
f 8835 8834 8754
f 8754 8834 8753
f 8754 8753 8590
f 8590 8753 8589
f 8590 8589 8371
f 8371 8589 8370
f 8371 8370 8310
f 8310 8370 8309
f 8310 8309 8262
f 8262 8309 8261
f 8262 8261 8221
f 8221 8261 8220
f 8221 8220 8251
f 8251 8220 8250
f 8251 8250 8300
f 8300 8250 8299
f 8300 8299 8355
f 8355 8299 8354
f 8355 8354 8556
f 8556 8354 8555
f 8556 8555 8723
f 8723 8555 8722
f 8723 8722 8819
f 8819 8722 8818
f 8819 8818 8898
f 8898 8818 8897
f 8898 8897 8910
f 8910 8897 8909
f 8910 8909 8835
f 8835 8909 8834
f 9380 9354 9438
f 9438 9354 9425
f 9438 9425 9501
f 9501 9425 9527
f 9501 9527 9516
f 9501 9516 9444
f 9444 9516 9424
f 9444 9424 9380
f 9380 9424 9354
f 10071 10191 10167
f 10412 10473 10115
f 10492 10431 10319
f 9861 9680 9851
f 9602 9331 9754
f 9602 9754 9668
f 9602 9617 9331
f 9331 9617 9874
f 9617 9718 9874
f 9874 9718 9801
f 9861 9940 9934
f 9934 9940 10270
f 10270 9940 10072
f 10492 10442 10473
f 10299 10117 10247
f 10247 10117 10154
f 10247 10154 10153
f 10442 10427 10473
f 10473 10427 10115
f 10115 10427 10338
f 10115 10338 10153
f 10153 10338 10266
f 10153 10266 10247
f 10442 10492 10369
f 10369 10492 10319
f 10369 10319 10299
f 10299 10319 10193
f 10166 10314 10278
f 10278 10314 10403
f 10278 10403 10455
f 10431 10492 10455
f 9334 9531 9465
f 9546 9465 9647
f 9546 9647 9555
f 9322 9440 9368
f 9368 9440 9533
f 9647 9533 9555
f 9334 9306 9231
f 9231 9306 9322
f 8288 8284 8342
f 8342 8284 8179
f 7924 7903 7799
f 7903 7905 7799
f 7799 7905 7928
f 7799 7928 7977
f 7968 7847 8056
f 7968 8056 8006
f 7977 7928 7981
f 8217 8288 8315
f 8034 7981 8056
f 8056 7981 8006
f 8034 8039 7981
f 7981 8039 7977
f 7977 8039 8120
f 9241 9390 9331
f 9390 9436 9331
f 9331 9436 9488
f 9331 9488 9754
f 9513 9402 9241
f 9241 9402 9390
f 9754 9488 9476
f 9754 9476 9513
f 9513 9476 9402
f 7064 6991 7112
f 7112 6991 7033
f 7112 7033 7184
f 6890 6792 6957
f 6890 6957 7015
f 6890 6819 6792
f 6792 6819 6797
f 6792 6797 6732
f 6732 6797 6865
f 6732 6865 7064
f 7064 6865 6991
f 6956 7040 7056
f 7056 7040 7127
f 7056 7127 7306
f 6758 7034 6933
f 6758 6933 6868
f 6868 6933 6956
f 7033 7015 7184
f 7184 7015 7293
f 7293 7015 7459
f 7638 7459 7764
f 7638 7764 7725
f 8028 7969 7889
f 7764 7846 7725
f 7969 7926 7889
f 7889 7926 7904
f 7889 7904 7855
f 7855 7904 7907
f 7855 7907 7873
f 7873 7907 7929
f 7873 7929 7846
f 7982 8018 7930
f 7846 7929 7930
f 7930 7929 7982
f 8007 8028 8169
f 8007 8169 7982
f 8018 7982 8169
f 8366 8373 8169
f 8169 8373 8352
f 8352 8373 8699
f 8699 8373 8454
f 8820 8699 8811
f 8699 8820 8955
f 9120 8955 9042
f 9120 9042 9099
f 9525 9331 9874
f 9525 9874 9680
f 9680 9874 9851
f 9259 9194 9231
f 9231 9194 9121
f 9121 9194 9154
f 9121 9154 9145
f 9121 9145 8974
f 8974 9145 8964
f 8964 9145 9173
f 8964 9173 9192
f 9192 9173 9214
f 9192 9214 9368
f 9368 9214 9268
f 9259 9231 9322
f 9259 9322 9268
f 8315 8365 8372
f 8964 8534 8453
f 8453 8534 8372
f 8450 8342 8698
f 8453 8625 8964
f 8964 8625 8974
f 8974 8625 8674
f 8974 8674 8698
f 8698 8674 8605
f 8698 8605 8450
f 8450 8365 8342
f 8342 8365 8315
f 8342 8315 8288
f 8120 8217 8315
f 8534 8315 8372
f 9322 9368 9268
f 9647 9716 9800
f 9647 9800 9920
f 9920 9800 9849
f 10278 10455 10359
f 10278 10359 10296
f 10167 10191 10359
f 10359 10191 10296
f 9934 10056 10070
f 9934 10070 10038
f 10038 10070 10115
f 10115 10070 10190
f 10115 10190 10412
f 10190 10295 10412
f 10412 10295 10270
f 10270 10295 10279
f 10270 10072 10120
f 10279 10152 10270
f 10270 10152 9934
f 9934 10152 10056
f 10120 10092 10270
f 9668 9754 9764
f 9764 9754 9850
f 9850 9754 10092
f 9850 10092 9972
f 9850 9972 9801
f 9801 9972 9874
f 9513 9269 9260
f 9513 9260 9281
f 9281 9260 9105
f 9105 9099 9096
f 9260 9195 9105
f 8454 8626 8699
f 8699 8626 8811
f 8811 8626 8675
f 8973 8811 8736
f 8736 8811 8675
f 8675 8574 8736
f 8736 8574 8321
f 8321 8574 8419
f 8321 8419 8366
f 8321 8366 8169
f 8321 8169 8028
f 8028 8007 7969
f 7855 7780 7889
f 7889 7780 7732
f 7511 7732 7712
f 7511 7712 7670
f 7178 7511 7492
f 6792 6944 6934
f 6781 6823 6722
f 6722 6823 7110
f 7110 6823 6917
f 7110 6917 7069
f 7069 6917 6980
f 7069 6980 7064
f 6722 6732 6769
f 6980 6974 7064
f 7064 6974 6912
f 7064 6912 6732
f 6732 6912 6817
f 6732 6817 6769
f 6769 6781 6722
f 6758 6722 7110
f 6758 7110 7034
f 7034 7110 7121
f 7121 7110 7183
f 7121 7183 7168
f 7168 7183 7306
f 7168 7306 7127
f 6868 6956 7056
f 7968 7924 7847
f 7847 7924 7799
f 7847 7799 7729
f 7729 7799 7677
f 7677 7675 7729
f 7729 7675 7637
f 7729 7637 7632
f 7491 7344 7056
f 7491 7056 7559
f 7559 7056 7632
f 7559 7632 7637
f 7491 7508 7344
f 7344 7508 7667
f 7667 7508 7619
f 7667 7619 7799
f 7799 7619 7677
f 9105 9195 9149
f 9105 9149 9099
f 9099 9149 9156
f 9269 9513 9215
f 9215 9513 9241
f 9120 9099 9241
f 9241 9099 9156
f 9241 9156 9215
f 10278 10151 10166
f 10166 10151 10055
f 10166 10037 10117
f 10117 10299 10193
f 10071 10167 9860
f 10071 9860 10055
f 10037 10166 9948
f 9948 10166 9860
f 9860 10166 10055
f 9860 9763 9667
f 9763 9860 10167
f 9763 10167 9849
f 9849 10167 9920
f 9667 9601 9860
f 9860 9601 9465
f 9860 9465 9673
f 9673 9465 9531
f 9465 9601 9616
f 9465 9616 9647
f 9647 9616 9716
f 6792 6934 6957
f 7015 6957 7041
f 7459 7169 7101
f 7459 7101 7178
f 7178 7101 6944
f 6944 7101 6997
f 6944 6997 6934
f 7041 7128 7015
f 7015 7128 7459
f 7459 7128 7169
f 7178 7492 7509
f 7178 7509 7459
f 7459 7509 7620
f 7511 7670 7596
f 7511 7596 7492
f 7459 7620 7678
f 7459 7678 7764
f 7764 7678 7670
f 9096 9055 9105
f 9105 9055 8973
f 7712 7709 7670
f 7670 7709 7764
f 8179 8056 8019
f 8019 8056 7917
f 7917 8056 7847
f 7632 7056 7460
f 7460 7056 7306
f 9984 9948 9857
f 10096 10117 9984
f 9984 10117 10037
f 9984 10037 9948
f 10117 10096 10154
f 10154 10096 10150
f 10154 10150 10153
f 10153 10150 10122
f 10153 10122 10115
f 10115 10122 10027
f 10115 10027 10038
f 9890 9934 10027
f 10027 9934 10038
f 9702 9680 9861
f 9702 9861 9890
f 9890 9861 9934
f 9680 9702 9525
f 9525 9702 9466
f 9525 9466 9331
f 9331 9466 9275
f 9331 9275 9241
f 9241 9275 9114
f 9241 9114 9120
f 8798 8955 9114
f 9114 8955 9120
f 8357 8352 8699
f 8357 8699 8798
f 8798 8699 8955
f 8352 8357 8169
f 8169 8357 8090
f 7822 7846 7930
f 7822 7930 7952
f 7952 7930 8090
f 8090 7930 8018
f 8090 8018 8169
f 7846 7822 7725
f 7725 7822 7684
f 7725 7684 7638
f 7638 7684 7466
f 7638 7466 7459
f 7459 7466 7293
f 7293 7466 7255
f 7126 7112 7255
f 7255 7112 7184
f 7255 7184 7293
f 7073 7064 7126
f 7126 7064 7112
f 7098 7069 7073
f 7073 7069 7064
f 7200 7183 7110
f 7200 7110 7098
f 7098 7110 7069
f 7183 7200 7306
f 7306 7200 7374
f 7306 7374 7460
f 7460 7374 7623
f 7460 7623 7632
f 7763 7729 7623
f 7623 7729 7632
f 7899 7847 7763
f 7763 7847 7729
f 8026 8019 7917
f 8026 7917 7899
f 7899 7917 7847
f 8019 8026 8179
f 8179 8026 8295
f 8179 8295 8342
f 8342 8295 8683
f 8342 8683 8698
f 9121 8974 9039
f 9039 8974 8683
f 8683 8974 8698
f 9121 9039 9231
f 9231 9039 9202
f 9231 9202 9365
f 9231 9365 9334
f 9592 9531 9365
f 9365 9531 9334
f 9948 9860 9857
f 9857 9860 9673
f 9857 9673 9592
f 9592 9673 9531
f 8877 8841 8696
f 8877 8696 8353
f 8353 8696 8410
f 8758 8826 8568
f 8568 8826 8350
f 10143 10068 9597
f 7074 8333 7139
f 7139 8333 7267
f 7095 7263 8333
f 7095 8333 7074
f 8841 8877 9066
f 9066 8877 9159
f 8353 8410 8298
f 8165 8148 7614
f 8877 8826 9159
f 9159 8826 8758
f 9159 8758 9356
f 9356 8758 8873
f 9356 8873 9575
f 7813 7683 8333
f 8333 7683 7480
f 8333 7480 7267
f 8724 8772 8252
f 8252 8772 8762
f 8252 8762 7893
f 8911 8998 8942
f 8802 8324 8256
f 10143 9597 10149
f 8298 8096 8353
f 8353 8096 8333
f 8333 8096 7931
f 8333 7931 7813
f 8350 8826 8287
f 8287 8826 8333
f 8287 8333 8193
f 8193 8333 7263
f 8193 7263 8148
f 8148 7263 7614
f 8942 8816 8911
f 8911 8816 8701
f 8911 8701 8802
f 8802 8701 8439
f 8802 8439 8324
f 9007 9058 9216
f 9007 9216 8993
f 8993 9216 9434
f 8256 8165 8802
f 8802 8165 7614
f 8802 7614 8762
f 8762 7614 7692
f 8762 7692 7706
f 8998 8911 10068
f 8998 10068 8979
f 8979 10068 9951
f 8979 9951 8873
f 8873 9951 9830
f 8873 9830 9575
f 9443 8911 9522
f 9522 8911 8993
f 9522 8993 9434
f 9443 9482 8911
f 8911 9482 10068
f 10068 9482 9597
f 7633 7680 7706
f 7706 7680 8762
f 8762 7680 7893
f 10149 9597 10065
f 10065 9597 9904
f 9058 9052 9243
f 9058 9243 9216
f 9216 9243 9420
f 9216 9420 9434
f 9159 9172 9078
f 9159 9078 9066
f 9066 9078 8844
f 9066 8844 8841
f 8841 8844 8696
f 8696 8844 8669
f 8696 8669 8410
f 8410 8669 8411
f 8410 8411 8308
f 8410 8308 8298
f 8298 8308 8100
f 8298 8100 8096
f 8096 8100 7964
f 8096 7964 7931
f 7931 7964 7841
f 7931 7841 7813
f 7813 7841 7694
f 7813 7694 7683
f 7683 7694 7504
f 7683 7504 7480
f 7480 7504 7283
f 7480 7283 7267
f 7267 7283 7143
f 7267 7143 7139
f 7139 7143 7068
f 7139 7068 7074
f 7074 7068 7061
f 7074 7061 7095
f 7095 7061 7141
f 7095 7141 7263
f 7263 7141 7322
f 7263 7322 7613
f 7263 7613 7614
f 7614 7613 7692
f 7692 7613 7699
f 7692 7699 7706
f 7706 7699 7705
f 7706 7705 7645
f 7706 7645 7633
f 7633 7645 7639
f 7633 7639 7680
f 7680 7639 7701
f 7680 7701 7835
f 7680 7835 7893
f 7893 7835 7960
f 7893 7960 8095
f 7893 8095 8252
f 8252 8095 8347
f 8252 8347 8721
f 8252 8721 8724
f 9434 9420 9521
f 9434 9521 9522
f 9522 9521 9441
f 9522 9441 9443
f 9443 9441 9482
f 9482 9441 9492
f 9482 9492 9597
f 9597 9492 9594
f 9597 9594 9867
f 9597 9867 9904
f 9904 9867 9985
f 9904 9985 10065
f 10065 9985 10107
f 10065 10107 10164
f 10065 10164 10149
f 10149 10164 10140
f 10149 10140 10143
f 10143 10140 10052
f 10143 10052 10068
f 10068 10052 9917
f 10068 9917 9951
f 9951 9917 9829
f 9951 9829 9830
f 9830 9829 9574
f 9830 9574 9575
f 9575 9574 9355
f 9575 9355 9356
f 9356 9355 9172
f 9356 9172 9159
f 8439 8438 8324
f 8324 8438 8323
f 8324 8323 8256
f 8256 8323 8255
f 8256 8255 8165
f 8165 8255 8164
f 8165 8164 8148
f 8148 8164 8147
f 8148 8147 8193
f 8193 8147 8192
f 8193 8192 8287
f 8287 8192 8286
f 8287 8286 8350
f 8350 8286 8349
f 8350 8349 8568
f 8568 8349 8567
f 8568 8567 8758
f 8758 8567 8757
f 8758 8757 8873
f 8873 8757 8872
f 8873 8872 8979
f 8979 8872 8978
f 8979 8978 8998
f 8998 8978 8997
f 8998 8997 8942
f 8942 8997 8941
f 8942 8941 8816
f 8816 8941 8815
f 8816 8815 8701
f 8701 8815 8700
f 8701 8700 8439
f 8439 8700 8438
f 8333 8826 8332
f 8826 8877 8876
f 8877 8353 8876
f 8353 8333 8332
f 8773 8772 8724
f 8773 8724 8721
f 9006 9007 8992
f 8992 9007 8993
f 8992 8993 8903
f 8903 8993 8911
f 8903 8911 8802
f 8772 8773 8762
f 8762 8773 8771
f 8762 8771 8802
f 8802 8771 8903
f 9052 9058 9007
f 9052 9007 9006
f 8594 8798 8959
f 8959 8798 9114
f 8959 9114 9139
f 9139 9114 9275
f 9139 9275 9287
f 9287 9275 9466
f 9287 9466 9464
f 9464 9466 9702
f 9464 9702 9614
f 9614 9702 9890
f 9614 9890 9779
f 9779 9890 10027
f 9779 10027 9862
f 9862 10027 10122
f 9862 10122 9865
f 9865 10122 10150
f 9865 10150 9808
f 9808 10150 10096
f 9808 10096 9657
f 9657 10096 9984
f 9657 9984 9508
f 7612 7200 7494
f 7494 7200 7098
f 7494 7098 7435
f 7435 7098 7073
f 7435 7073 7477
f 7477 7073 7126
f 7477 7126 7601
f 7601 7126 7255
f 7601 7255 7700
f 7700 7255 7466
f 7700 7466 7806
f 7806 7466 7684
f 7806 7684 7910
f 7910 7684 7822
f 7910 7822 8027
f 8027 7822 7952
f 8027 7952 8279
f 8279 7952 8090
f 8279 8090 8594
f 8594 8090 8357
f 8594 8357 8798
f 9984 9857 9508
f 9508 9857 9592
f 9508 9592 9307
f 9307 9592 9365
f 9307 9365 9167
f 9167 9365 9202
f 9167 9202 9014
f 9014 9202 9039
f 9014 9039 8684
f 8684 9039 8683
f 8684 8683 8312
f 8312 8683 8295
f 8312 8295 8045
f 8045 8295 8026
f 8045 8026 7935
f 7935 8026 7899
f 7935 7899 7831
f 7831 7899 7763
f 7831 7763 7711
f 7711 7763 7623
f 7711 7623 7612
f 7612 7623 7374
f 7612 7374 7200
f 9355 9351 9172
f 9172 9351 9119
f 9551 9949 9798
f 9949 9856 9798
f 9785 9985 9867
f 9785 9867 9684
f 9684 9867 9594
f 9684 9594 9590
f 9590 9594 9492
f 9590 9492 9572
f 9785 9856 9985
f 9985 9856 9949
f 9985 9949 10107
f 9829 9917 9713
f 9829 9713 9574
f 9574 9713 9351
f 9574 9351 9355
f 9551 9798 9653
f 9551 9653 9521
f 9572 9492 9441
f 9572 9441 9653
f 9653 9441 9521
f 9052 8975 9243
f 9420 9243 9551
f 9420 9551 9521
f 7458 7573 7613
f 7338 7096 7340
f 7338 7340 7352
f 7639 7340 7701
f 7458 7613 7322
f 7458 7322 7141
f 7352 7340 7505
f 7505 7340 7639
f 7505 7639 7645
f 7505 7645 7605
f 7605 7645 7705
f 7605 7705 7624
f 7624 7705 7699
f 7624 7699 7573
f 8773 8721 8975
f 8975 8721 8347
f 7338 7458 7096
f 7096 7458 7141
f 7096 7141 7061
f 8797 9119 8750
f 8750 9119 8704
f 8750 8704 8665
f 9119 8797 9078
f 9119 9078 9172
f 8704 8100 8524
f 8704 8524 8665
f 8765 8844 8797
f 8797 8844 9078
f 8100 8308 8524
f 8524 8308 8550
f 8550 8308 8411
f 8550 8411 8678
f 8678 8411 8669
f 8678 8669 8765
f 8765 8669 8844
f 7573 7699 7613
f 8838 8903 8771
f 8838 8771 8855
f 8855 8771 8773
f 8903 8838 8871
f 8871 8855 8773
f 8903 8871 8901
f 8992 8903 8901
f 8904 8871 9006
f 9006 8871 8773
f 9006 8773 8975
f 9006 8975 9052
f 8901 8904 8992
f 8992 8904 9006
f 8255 8323 8371
f 8371 8323 8438
f 8371 8438 8590
f 8590 8438 8700
f 8590 8700 8754
f 8754 8700 8815
f 8754 8815 8835
f 8835 8815 8941
f 8835 8941 8910
f 8910 8941 8997
f 8910 8997 8898
f 8898 8997 8978
f 8898 8978 8819
f 8819 8978 8872
f 8819 8872 8723
f 8723 8872 8757
f 8723 8757 8556
f 8556 8757 8567
f 8556 8567 8355
f 8355 8567 8349
f 8355 8349 8300
f 8300 8349 8286
f 8300 8286 8251
f 8251 8286 8192
f 8251 8192 8221
f 8221 8192 8147
f 8221 8147 8262
f 8262 8147 8164
f 8262 8164 8310
f 8310 8164 8255
f 8310 8255 8371
f 8826 8876 8332
f 8332 8876 8353
f 7910 7849 7806
f 7806 7849 7700
f 8027 7946 7910
f 7910 7946 7849
f 8279 8054 8027
f 8027 8054 7946
f 8594 8356 8279
f 8279 8356 8054
f 8959 8948 8594
f 8594 8948 8356
f 9139 8948 8959
f 9287 9221 9139
f 9139 9221 8948
f 9464 9456 9287
f 9287 9456 9221
f 9614 9456 9464
f 9779 9655 9614
f 9614 9655 9456
f 9862 9831 9779
f 9779 9831 9655
f 9865 9858 9862
f 9862 9858 9831
f 9808 9858 9865
f 9657 9757 9808
f 9808 9757 9858
f 9508 9596 9657
f 9657 9596 9757
f 9307 9439 9508
f 9508 9439 9596
f 9167 9282 9307
f 9307 9282 9439
f 9014 9129 9167
f 9167 9129 9282
f 8684 8926 9014
f 9014 8926 9129
f 8312 8566 8684
f 8684 8566 8926
f 8045 8270 8312
f 8312 8270 8566
f 7935 8024 8045
f 8045 8024 8270
f 7831 7883 7935
f 7935 7883 8024
f 7711 7736 7831
f 7831 7736 7883
f 7612 7646 7711
f 7711 7646 7736
f 7494 7536 7612
f 7612 7536 7646
f 7435 7462 7494
f 7494 7462 7536
f 7477 7479 7435
f 7435 7479 7462
f 7601 7583 7477
f 7477 7583 7479
f 8855 8871 8861
f 8861 8871 8838
f 8861 8838 8843
f 8843 8838 8855
f 8843 8855 8861
f 8905 8904 8901
f 8905 8901 8871
f 8905 8871 8883
f 8883 8871 8904
f 8883 8904 8905
f 9498 9447 9423
f 9570 9498 9423
f 9570 9423 9623
f 9623 9423 9470
f 9623 9470 9569
f 9569 9470 9403
f 9569 9403 9497
f 9497 9403 9451
f 9423 9447 9329
f 9329 9447 9383
f 9329 9383 9289
f 9429 9408 9473
f 9429 9473 9503
f 9503 9473 9570
f 9570 9473 9498
f 9569 9497 9472
f 9569 9472 9536
f 9536 9472 9462
f 9462 9472 9394
f 9462 9394 9291
f 9462 9291 9377
f 9377 9291 9274
f 9377 9274 9378
f 9378 9274 9289
f 9378 9289 9429
f 9429 9289 9408
f 9408 9289 9383
f 9291 9394 9397
f 9291 9397 9330
f 9330 9397 9451
f 9330 9451 9403
f 9405 9462 9242
f 9242 9462 9377
f 9281 9377 9378
f 9503 9513 9429
f 9429 9513 9281
f 9429 9281 9378
f 9513 9503 9570
f 9513 9570 9823
f 9823 9570 9623
f 9625 9623 9569
f 9625 9569 9536
f 9625 9536 9405
f 9405 9536 9462
f 9623 9625 9823
f 9823 9625 10029
f 9823 10029 10031
f 10031 10029 10270
f 10029 10317 10270
f 10270 10317 10412
f 10317 10441 10412
f 10412 10441 10473
f 10441 10472 10473
f 10473 10472 10511
f 10473 10511 10492
f 10492 10511 10471
f 10492 10471 10455
f 10455 10471 10372
f 10455 10372 10359
f 10359 10372 10167
f 10372 10165 10167
f 10167 10165 9990
f 10167 9990 9920
f 9920 9990 9756
f 9920 9756 9647
f 9647 9756 9381
f 9647 9381 9368
f 9368 9381 9192
f 9381 9137 9192
f 9192 9137 8964
f 9137 8983 8964
f 8964 8983 8688
f 8964 8688 8534
f 8534 8688 8198
f 8534 8198 8120
f 8120 8198 7977
f 8198 7936 7977
f 7977 7936 7799
f 7799 7936 7778
f 7799 7778 7667
f 7778 7514 7667
f 7667 7514 7344
f 7344 7514 7129
f 7344 7129 7056
f 7056 7129 6909
f 7056 6909 6868
f 6868 6909 6770
f 6868 6770 6758
f 6758 6770 6723
f 6758 6723 6722
f 6722 6723 6725
f 6722 6725 6732
f 6732 6725 6792
f 6725 6811 6792
f 6792 6811 6944
f 6811 6990 6944
f 6944 6990 7178
f 6990 7199 7178
f 7178 7199 7389
f 7178 7389 7511
f 7511 7389 7686
f 7511 7686 7732
f 7732 7686 7859
f 7732 7859 7889
f 7889 7859 8011
f 7889 8011 8028
f 8028 8011 8263
f 8028 8263 8321
f 8321 8263 8647
f 8321 8647 8736
f 8736 8647 9036
f 8736 9036 9105
f 9242 9377 9281
f 9242 9281 9105
f 9242 9105 9036
f 7515 7509 7487
f 7487 7509 7492
f 7487 7492 7560
f 7560 7492 7596
f 7560 7596 7630
f 7630 7596 7670
f 7630 7670 7682
f 7682 7670 7678
f 7682 7678 7664
f 7664 7678 7628
f 7628 7678 7620
f 7628 7620 7515
f 7515 7620 7509
f 9687 9617 9609
f 9609 9617 9600
f 9600 9617 9602
f 9600 9602 9669
f 9669 9602 9668
f 9669 9668 9755
f 9755 9668 9764
f 9755 9764 9846
f 9846 9764 9850
f 9846 9850 9816
f 9816 9850 9801
f 9816 9801 9687
f 9687 9801 9718
f 9687 9718 9617
f 6965 6957 6928
f 6928 6957 6934
f 6928 6934 7026
f 7026 6934 6997
f 7026 6997 7101
f 7026 7101 7122
f 7122 7101 7165
f 7165 7101 7169
f 7165 7169 7161
f 7161 7169 7128
f 7161 7128 7086
f 7086 7128 7041
f 7086 7041 6965
f 6965 7041 6957
f 6836 6823 6782
f 6782 6823 6781
f 6782 6781 6766
f 6766 6781 6769
f 6766 6769 6818
f 6818 6769 6817
f 6818 6817 6901
f 6901 6817 6912
f 6901 6912 6999
f 6999 6912 6974
f 6999 6974 6980
f 6999 6980 6954
f 6954 6980 6917
f 6954 6917 6836
f 6836 6917 6823
f 6964 6956 6927
f 6927 6956 6933
f 6927 6933 7025
f 7025 6933 7034
f 7025 7034 7142
f 7142 7034 7121
f 7142 7121 7168
f 7142 7168 7163
f 7163 7168 7127
f 7163 7127 7085
f 7085 7127 7040
f 7085 7040 6964
f 6964 7040 6956
f 7543 7508 7485
f 7485 7508 7491
f 7485 7491 7502
f 7502 7491 7590
f 7590 7491 7559
f 7590 7559 7637
f 7590 7637 7669
f 7669 7637 7675
f 7669 7675 7681
f 7681 7675 7677
f 7681 7677 7627
f 7627 7677 7619
f 7627 7619 7543
f 7543 7619 7508
f 7933 7928 7906
f 7906 7928 7905
f 7906 7905 7901
f 7901 7905 7903
f 7901 7903 7925
f 7925 7903 7924
f 7925 7924 7967
f 7967 7924 7968
f 7967 7968 8004
f 8004 7968 8006
f 8004 8006 7988
f 7988 8006 7981
f 7988 7981 7933
f 7933 7981 7928
f 8440 8372 8361
f 8361 8372 8365
f 8361 8365 8379
f 8379 8365 8450
f 8379 8450 8561
f 8561 8450 8605
f 8561 8605 8671
f 8671 8605 8674
f 8671 8674 8640
f 8640 8674 8625
f 8640 8625 8440
f 8440 8625 8453
f 8440 8453 8372
f 9160 9173 9145
f 9160 9145 9147
f 9147 9145 9154
f 9147 9154 9183
f 9183 9154 9194
f 9183 9194 9256
f 9256 9194 9259
f 9256 9259 9270
f 9270 9259 9268
f 9270 9268 9253
f 9253 9268 9214
f 9253 9214 9200
f 9200 9214 9160
f 9160 9214 9173
f 9624 9616 9599
f 9599 9616 9601
f 9599 9601 9692
f 9692 9601 9667
f 9692 9667 9763
f 9692 9763 9792
f 9792 9763 9845
f 9845 9763 9849
f 9845 9849 9815
f 9815 9849 9800
f 9815 9800 9717
f 9717 9800 9716
f 9717 9716 9624
f 9624 9716 9616
f 10134 10071 10020
f 10020 10071 10054
f 10054 10071 10055
f 10054 10055 10114
f 10114 10055 10151
f 10114 10151 10203
f 10203 10151 10278
f 10203 10278 10300
f 10300 10278 10296
f 10300 10296 10264
f 10264 10296 10191
f 10264 10191 10134
f 10134 10191 10071
f 10326 10299 10249
f 10249 10299 10247
f 10249 10247 10267
f 10267 10247 10266
f 10267 10266 10329
f 10329 10266 10338
f 10329 10338 10424
f 10424 10338 10427
f 10424 10427 10446
f 10446 10427 10442
f 10446 10442 10422
f 10422 10442 10369
f 10422 10369 10326
f 10326 10369 10299
f 10135 10070 10053
f 10053 10070 10056
f 10053 10056 10084
f 10084 10056 10152
f 10084 10152 10204
f 10204 10152 10279
f 10204 10279 10301
f 10301 10279 10295
f 10301 10295 10265
f 10265 10295 10190
f 10265 10190 10135
f 10135 10190 10070
f 9161 9156 9148
f 9148 9156 9149
f 9148 9149 9191
f 9191 9149 9195
f 9191 9195 9257
f 9257 9195 9260
f 9257 9260 9271
f 9271 9260 9269
f 9271 9269 9254
f 9254 9269 9215
f 9254 9215 9187
f 9187 9215 9161
f 9161 9215 9156
f 8441 8373 8362
f 8362 8373 8366
f 8362 8366 8380
f 8380 8366 8419
f 8380 8419 8562
f 8562 8419 8574
f 8562 8574 8672
f 8672 8574 8675
f 8672 8675 8641
f 8641 8675 8626
f 8641 8626 8441
f 8441 8626 8454
f 8441 8454 8373
f 7934 7929 7908
f 7908 7929 7907
f 7908 7907 7902
f 7902 7907 7904
f 7902 7904 7937
f 7937 7904 7926
f 7937 7926 7969
f 7937 7969 7974
f 7974 7969 8005
f 8005 7969 8007
f 8005 8007 7989
f 7989 8007 7982
f 7989 7982 7934
f 7934 7982 7929
f 9754 9513 9823
f 9754 9823 10031
f 9754 10031 10092
f 10092 10031 10270
f 9368 9533 9647
f 8120 8315 8534
f 9105 8973 8736
f 9405 9242 9175
f 9175 9242 9036
f 9175 9036 8761
f 8761 9036 8647
f 8761 8647 8320
f 8320 8647 8263
f 8320 8263 8031
f 8031 8263 8011
f 8031 8011 7891
f 7891 8011 7859
f 7891 7859 7727
f 7727 7859 7686
f 7727 7686 7507
f 7507 7686 7389
f 7507 7389 7199
f 6958 7199 6990
f 6958 6990 6795
f 6795 6990 6811
f 6795 6811 6733
f 6733 6811 6725
f 6733 6725 6726
f 6726 6725 6723
f 6726 6723 6759
f 6759 6723 6770
f 6759 6770 6867
f 6867 6770 6909
f 6867 6909 7080
f 7080 6909 7129
f 7080 7129 7357
f 7357 7129 7514
f 7357 7514 7743
f 7743 7514 7778
f 7743 7778 7983
f 7983 7778 7936
f 7983 7936 8199
f 8199 7936 8198
f 8199 8198 8549
f 8549 8198 8688
f 8549 8688 8983
f 9186 8983 9137
f 9186 9137 9375
f 9375 9137 9381
f 9375 9381 9664
f 9664 9381 9756
f 9664 9756 9921
f 9921 9756 9990
f 9921 9990 10165
f 10358 10165 10372
f 10358 10372 10451
f 10451 10372 10471
f 10451 10471 10489
f 10489 10471 10511
f 10489 10511 10472
f 10415 10472 10441
f 10415 10441 10273
f 10273 10441 10317
f 10273 10317 10028
f 10028 10317 10029
f 10028 10029 9825
f 9825 10029 9625
f 9825 9625 9519
f 9519 9625 9405
f 6830 6865 6797
f 6830 6797 6799
f 6799 6797 6819
f 6799 6819 6877
f 6877 6819 6890
f 6877 6890 7003
f 7003 6890 7015
f 7003 7015 7032
f 7032 7015 7033
f 7032 7033 6991
f 7032 6991 6943
f 6943 6991 6865
f 6943 6865 6830
f 9501 9472 9497
f 9472 9501 9444
f 9472 9444 9394
f 9394 9444 9380
f 9394 9380 9397
f 9438 9451 9397
f 9438 9397 9380
f 9501 9451 9438
f 9501 9497 9451
f 9476 9488 9498
f 9436 9447 9488
f 9488 9447 9498
f 9447 9436 9390
f 9447 9390 9383
f 9383 9390 9402
f 9383 9402 9408
f 9408 9402 9476
f 9408 9476 9473
f 9498 9473 9476
f 9274 9291 9329
f 9329 9291 9330
f 9329 9330 9403
f 9329 9289 9274
f 9329 9403 9470
f 9329 9470 9423
f 8219 8239 8278
f 8186 8239 8157
f 8186 8157 8079
f 8186 8079 8098
f 8098 8079 8048
f 8048 8079 8072
f 8048 8072 8046
f 8046 8072 8133
f 8046 8133 8087
f 8087 8133 8168
f 8168 8133 8219
f 8168 8219 8258
f 8278 8288 8258
f 8278 8258 8219
f 8239 8186 8264
f 8239 8264 8278
f 8278 8264 8284
f 8278 8284 8288
f 8258 8288 8217
f 8258 8217 8168
f 8168 8217 8120
f 8168 8120 8087
f 8087 8120 8039
f 8087 8039 8046
f 8046 8039 8034
f 8046 8034 8048
f 8048 8034 8056
f 8048 8056 8098
f 8098 8056 8179
f 8098 8179 8186
f 8186 8179 8284
f 8186 8284 8264
f 8149 8232 8216
f 8158 8232 8149
f 8135 8149 8216
f 8149 8073 8089
f 8135 8073 8149
f 8158 8149 8089
f 8133 8135 8219
f 8219 8135 8216
f 8072 8073 8133
f 8133 8073 8135
f 8079 8089 8072
f 8072 8089 8073
f 8157 8158 8079
f 8079 8158 8089
f 8239 8232 8157
f 8157 8232 8158
f 8219 8216 8239
f 8239 8216 8232
f 9364 9448 9374
f 9364 9374 9342
f 9364 9342 9314
f 9314 9342 9328
f 9328 9342 9388
f 9328 9388 9427
f 9427 9388 9468
f 9427 9468 9517
f 9517 9468 9511
f 9517 9511 9544
f 9544 9511 9535
f 9535 9511 9448
f 9535 9448 9477
f 9477 9448 9364
f 9517 9440 9427
f 9427 9440 9322
f 9427 9322 9328
f 9328 9322 9306
f 9328 9306 9314
f 9314 9306 9334
f 9314 9334 9364
f 9364 9334 9465
f 9364 9465 9477
f 9477 9465 9546
f 9477 9546 9535
f 9535 9546 9555
f 9535 9555 9544
f 9544 9555 9533
f 9544 9533 9517
f 9517 9533 9440
f 9422 9453 9505
f 9376 9453 9422
f 9467 9422 9505
f 9422 9389 9350
f 9467 9389 9422
f 9376 9422 9350
f 9468 9467 9511
f 9511 9467 9505
f 9388 9389 9468
f 9468 9389 9467
f 9342 9350 9388
f 9388 9350 9389
f 9374 9376 9342
f 9342 9376 9350
f 9448 9453 9374
f 9374 9453 9376
f 9511 9505 9448
f 9448 9505 9453
f 10160 10268 10216
f 10160 10216 10254
f 10160 10254 10169
f 10169 10254 10248
f 10248 10254 10342
f 10248 10342 10362
f 10362 10342 10392
f 10362 10392 10432
f 10432 10392 10366
f 10432 10366 10416
f 10416 10366 10315
f 10315 10366 10268
f 10315 10268 10220
f 10220 10268 10160
f 10220 10319 10315
f 10315 10319 10416
f 10319 10431 10416
f 10416 10431 10455
f 10416 10455 10432
f 10432 10455 10403
f 10432 10403 10362
f 10362 10403 10314
f 10362 10314 10248
f 10248 10314 10166
f 10248 10166 10169
f 10169 10166 10117
f 10169 10117 10160
f 10160 10117 10193
f 10160 10193 10220
f 10220 10193 10319
f 10313 10286 10361
f 10223 10286 10313
f 10388 10313 10361
f 10313 10341 10259
f 10388 10341 10313
f 10223 10313 10259
f 10392 10388 10366
f 10366 10388 10361
f 10342 10341 10392
f 10392 10341 10388
f 10254 10259 10342
f 10342 10259 10341
f 10216 10223 10254
f 10254 10223 10259
f 10268 10286 10216
f 10216 10286 10223
f 10366 10361 10268
f 10268 10361 10286
f 9873 9870 9886
f 9886 9870 9899
f 9886 9899 9950
f 9950 9899 9979
f 9950 9979 10057
f 9950 10057 10022
f 10022 10057 10095
f 10022 10095 10034
f 10034 10095 10048
f 10034 10048 9968
f 9968 10048 9935
f 9968 9935 9873
f 9968 9873 9897
f 9897 9873 9886
f 10057 10092 10095
f 10095 10092 10120
f 10095 10120 10072
f 10095 10072 10048
f 10048 10072 9940
f 10048 9940 9935
f 9935 9940 9861
f 9935 9861 9873
f 9873 9861 9851
f 9873 9851 9870
f 9870 9851 9874
f 9870 9874 9899
f 9899 9874 9972
f 9899 9972 9979
f 9979 9972 10092
f 9979 10092 10057
f 9960 9893 9952
f 9900 9893 9960
f 10013 9960 9952
f 9960 10026 9967
f 10013 10026 9960
f 9900 9960 9967
f 10022 10013 9950
f 9950 10013 9952
f 10034 10026 10022
f 10022 10026 10013
f 9968 9967 10034
f 10034 9967 10026
f 9897 9900 9968
f 9968 9900 9967
f 9886 9893 9897
f 9897 9893 9900
f 9950 9952 9886
f 9886 9952 9893
f 8954 8895 8984
f 8954 8984 9050
f 8954 9050 9059
f 9059 9050 9088
f 9088 9050 9062
f 9088 9062 9085
f 9085 9062 9005
f 9085 9005 9021
f 9021 9005 8915
f 9021 8915 8894
f 8894 8915 8832
f 8832 8915 8895
f 8832 8895 8837
f 8837 8895 8954
f 9021 9055 9096
f 9021 9096 9085
f 9085 9096 9099
f 9085 9099 9088
f 9088 9099 9059
f 9059 9099 9042
f 9059 9042 8955
f 9059 8955 8954
f 8954 8955 8820
f 8954 8820 8837
f 8837 8820 8811
f 8837 8811 8832
f 8832 8811 8894
f 8894 8811 8973
f 8894 8973 9021
f 9021 8973 9055
f 8996 8902 8923
f 8982 8902 8996
f 9004 8996 8923
f 8996 9056 9040
f 9004 9056 8996
f 8982 8996 9040
f 9005 9004 8915
f 8915 9004 8923
f 9062 9056 9005
f 9005 9056 9004
f 9050 9040 9062
f 9062 9040 9056
f 8984 8982 9050
f 9050 8982 9040
f 8895 8902 8984
f 8984 8902 8982
f 8915 8923 8895
f 8895 8923 8902
f 7823 7774 7819
f 7823 7819 7836
f 7823 7836 7862
f 7862 7836 7850
f 7850 7836 7810
f 7850 7810 7784
f 7784 7810 7759
f 7784 7759 7733
f 7733 7759 7735
f 7733 7735 7718
f 7718 7735 7722
f 7722 7735 7774
f 7722 7774 7757
f 7757 7774 7823
f 7757 7764 7709
f 7757 7709 7722
f 7722 7709 7718
f 7718 7709 7712
f 7718 7712 7732
f 7718 7732 7733
f 7733 7732 7780
f 7733 7780 7784
f 7784 7780 7855
f 7784 7855 7850
f 7850 7855 7873
f 7850 7873 7862
f 7862 7873 7846
f 7862 7846 7823
f 7823 7846 7764
f 7823 7764 7757
f 7786 7768 7742
f 7817 7768 7786
f 7760 7786 7742
f 7786 7809 7832
f 7760 7809 7786
f 7817 7786 7832
f 7759 7760 7735
f 7735 7760 7742
f 7810 7809 7759
f 7759 7809 7760
f 7836 7832 7810
f 7810 7832 7809
f 7819 7817 7836
f 7836 7817 7832
f 7774 7768 7819
f 7819 7768 7817
f 7735 7742 7774
f 7774 7742 7768
f 10470 10488 10443
f 10470 10443 10367
f 10226 10367 10112
f 10226 10112 9929
f 8266 8108 7985
f 7401 7668 7281
f 7401 7281 7111
f 6784 6750 6730
f 7388 7243 7581
f 7388 7581 7687
f 7687 7581 7761
f 7687 7761 7863
f 9028 9124 9222
f 9222 9124 9332
f 9417 9425 9352
f 9352 9425 9354
f 9352 9354 9442
f 9442 9354 9424
f 9442 9424 9516
f 9442 9516 9528
f 9528 9516 9527
f 9528 9527 9507
f 9507 9527 9425
f 9507 9425 9417
f 6979 6972 6904
f 6904 6972 6888
f 6904 6888 6838
f 6838 6888 6835
f 6838 6835 6859
f 6859 6835 6866
f 6859 6866 6984
f 6984 6866 6992
f 6984 6992 6979
f 6979 6992 6972
f 6904 6877 6979
f 6979 6877 7003
f 6979 7003 6984
f 6984 7003 7032
f 6984 7032 6943
f 6984 6943 6859
f 6859 6943 6830
f 6859 6830 6838
f 6838 6830 6799
f 6838 6799 6904
f 6904 6799 6877
f 9825 9519 9573
f 9573 9814 9825
f 9825 9814 9965
f 9825 9965 10028
f 10028 9965 10189
f 10028 10189 10273
f 10189 10320 10273
f 10273 10320 10415
f 10320 10438 10415
f 10415 10438 10472
f 10438 10485 10472
f 10472 10485 10489
f 10489 10485 10488
f 10489 10488 10451
f 10488 10470 10451
f 10451 10470 10358
f 10470 10367 10358
f 10358 10367 10165
f 10367 10226 10165
f 10165 10226 9921
f 10226 9929 9921
f 9921 9929 9664
f 9929 9722 9664
f 9664 9722 9375
f 9722 9435 9375
f 9375 9435 9186
f 9435 9229 9186
f 9186 9229 8983
f 9229 9038 8983
f 8983 9038 8549
f 9038 8657 8549
f 8549 8657 8199
f 8657 8266 8199
f 8199 8266 7983
f 8266 7985 7983
f 7983 7985 7828
f 7985 7834 7828
f 7828 7834 7690
f 7690 7834 7668
f 7690 7668 7357
f 7668 7401 7357
f 7357 7401 7080
f 7401 7111 7080
f 7080 7111 6867
f 6867 7111 6915
f 6867 6915 6784
f 6867 6784 6759
f 6759 6784 6730
f 6759 6730 6726
f 6726 6730 6727
f 6726 6727 6733
f 6733 6727 6768
f 6733 6768 6795
f 6795 6768 6860
f 6795 6860 6958
f 6860 6998 6958
f 6958 6998 7199
f 6998 7243 7199
f 7199 7243 7388
f 7199 7388 7507
f 7507 7388 7687
f 7507 7687 7727
f 7727 7687 7863
f 7727 7863 7891
f 7891 7863 8010
f 7891 8010 8031
f 8031 8010 8259
f 8031 8259 8320
f 8320 8259 8642
f 8320 8642 8761
f 8761 8642 9028
f 8761 9028 9102
f 9102 9028 9222
f 9102 9222 9277
f 9277 9222 9332
f 9277 9332 9519
f 9519 9332 9573
f 7690 7357 7743
f 7690 7743 7828
f 7828 7743 7983
f 9277 9175 9102
f 9102 9175 8761
f 9519 9405 9277
f 9277 9405 9175
f 10174 10198 10138
f 10138 10198 10098
f 10138 10098 10030
f 10030 10098 9955
f 10030 9955 9888
f 9888 9955 9794
f 9888 9794 9685
f 9685 9794 9543
f 9543 9794 9585
f 9543 9585 9411
f 9543 9411 9316
f 9316 9411 9238
f 9316 9238 9157
f 9157 9238 9083
f 9157 9083 8962
f 8962 9083 8732
f 8962 8732 8551
f 8551 8732 8367
f 8551 8367 8231
f 8231 8367 8205
f 8231 8205 8014
f 8014 8205 8003
f 8014 8003 7911
f 7911 8003 7867
f 7911 7867 7793
f 7793 7867 7714
f 7793 7714 7652
f 7652 7714 7533
f 7652 7533 7412
f 7412 7533 7337
f 7412 7337 7219
f 7219 7337 7192
f 7219 7192 7092
f 7092 7192 7057
f 7092 7057 7048
f 7048 7057 7020
f 7020 7010 7048
f 7048 7010 7084
f 7084 7010 7044
f 7084 7044 7144
f 7144 7044 7124
f 7144 7124 7276
f 7276 7124 7285
f 7276 7285 7512
f 7512 7285 7541
f 7512 7541 7648
f 7648 7541 7717
f 7648 7717 7777
f 7777 7717 7871
f 7777 7871 7909
f 7909 7871 8009
f 7909 8009 8038
f 8038 8009 8218
f 8038 8218 8319
f 8319 8218 8374
f 8319 8374 8715
f 8715 8374 8752
f 8715 8752 8953
f 8953 8752 9087
f 8953 9087 9136
f 9136 9087 9193
f 9136 9193 9301
f 9301 9193 9310
f 9301 9310 9542
f 9542 9310 9499
f 9542 9499 9663
f 9542 9663 9784
f 9784 9663 9883
f 9784 9883 9941
f 9941 9883 9992
f 9941 9992 10078
f 10078 9992 10100
f 10078 10100 10136
f 10136 10100 10182
f 10136 10182 10174
f 10174 10182 10215
f 10174 10215 10198
f 9310 9286 9499
f 9499 9286 9552
f 9499 9552 9663
f 9663 9552 9822
f 9663 9822 9883
f 9883 9822 9962
f 9883 9962 9992
f 9992 9962 10100
f 10100 9962 10106
f 10100 10106 10182
f 10182 10106 10200
f 10182 10200 10215
f 10215 10200 10214
f 10215 10214 10198
f 10198 10214 10127
f 10198 10127 10098
f 10098 10127 9955
f 9955 10127 9942
f 9955 9942 9794
f 9794 9942 9772
f 9794 9772 9585
f 9585 9772 9479
f 9585 9479 9411
f 9411 9479 9238
f 9238 9479 9278
f 9238 9278 9113
f 9238 9113 9083
f 9083 9113 8732
f 8732 9113 8633
f 8732 8633 8367
f 8367 8633 8205
f 8205 8633 8173
f 8205 8173 8003
f 8003 8173 7993
f 8003 7993 7867
f 7867 7993 7861
f 7867 7861 7714
f 7714 7861 7708
f 7714 7708 7533
f 7533 7708 7513
f 7533 7513 7337
f 7337 7513 7262
f 7337 7262 7192
f 7192 7262 7076
f 7192 7076 7057
f 7057 7076 7020
f 7020 7076 7000
f 7020 7000 7010
f 7010 7000 7044
f 7044 7000 7065
f 7044 7065 7124
f 7124 7065 7212
f 7124 7212 7285
f 7285 7212 7417
f 7285 7417 7541
f 7541 7417 7662
f 7541 7662 7717
f 7717 7662 7802
f 7717 7802 7871
f 7871 7802 7932
f 7871 7932 8009
f 8009 7932 8063
f 8009 8063 8218
f 8218 8063 8338
f 8218 8338 8374
f 8374 8338 8752
f 8752 8338 8776
f 8752 8776 9087
f 9087 8776 9100
f 9087 9100 9193
f 9193 9100 9286
f 9193 9286 9310
f 7960 7835 7861
f 7960 7861 7993
f 7960 7993 8095
f 8095 7993 8173
f 8095 8173 8347
f 8347 8173 8633
f 8347 8633 8975
f 8975 8633 9113
f 9243 8975 9113
f 9243 9113 9278
f 9243 9278 9551
f 9551 9278 9479
f 9551 9479 9772
f 9551 9772 9949
f 9949 9772 9942
f 9949 9942 10127
f 9949 10127 10107
f 10107 10127 10214
f 10107 10214 10164
f 10164 10214 10200
f 10164 10200 10140
f 10140 10200 10052
f 10052 10200 10106
f 10052 10106 9962
f 10052 9962 9917
f 9917 9962 9713
f 9713 9962 9822
f 9713 9822 9552
f 9713 9552 9351
f 9351 9552 9286
f 9351 9286 9119
f 9119 9286 9100
f 9119 9100 8704
f 8704 9100 8776
f 8704 8776 8338
f 8704 8338 8100
f 8100 8338 8063
f 8100 8063 7964
f 7964 8063 7932
f 7964 7932 7841
f 7841 7932 7802
f 7841 7802 7694
f 7694 7802 7662
f 7694 7662 7504
f 7504 7662 7417
f 7504 7417 7283
f 7283 7417 7212
f 7283 7212 7143
f 7143 7212 7065
f 7143 7065 7068
f 7068 7065 7000
f 7068 7000 7061
f 7061 7000 7096
f 7096 7000 7076
f 7096 7076 7340
f 7340 7076 7262
f 7340 7262 7513
f 7340 7513 7701
f 7701 7513 7708
f 7701 7708 7835
f 7835 7708 7861
f 9299 9301 9540
f 9540 9301 9542
f 9540 9542 9780
f 9780 9542 9784
f 9780 9784 9938
f 9938 9784 9941
f 9938 9941 10080
f 10080 9941 10078
f 10080 10078 10155
f 10155 10078 10136
f 10155 10136 10173
f 10173 10136 10174
f 10173 10174 10145
f 10145 10174 10138
f 10145 10138 10089
f 10089 10138 10030
f 10089 10030 9963
f 9963 10030 9888
f 9963 9888 9824
f 9824 9888 9685
f 9824 9685 9557
f 9557 9685 9543
f 9557 9543 9320
f 9320 9543 9316
f 9320 9316 9158
f 9158 9316 9157
f 9158 9157 8966
f 8966 9157 8962
f 8966 8962 8557
f 8557 8962 8551
f 8557 8551 8235
f 8235 8551 8231
f 8235 8231 8012
f 8012 8231 8014
f 8012 8014 7875
f 7875 8014 7911
f 7875 7911 7793
f 7875 7793 7720
f 7720 7793 7652
f 7720 7652 7589
f 7589 7652 7406
f 7406 7652 7412
f 7406 7412 7220
f 7220 7412 7219
f 7220 7219 7094
f 7094 7219 7092
f 7094 7092 7049
f 7049 7092 7048
f 7049 7048 7077
f 7077 7048 7084
f 7077 7084 7130
f 7130 7084 7144
f 7130 7144 7257
f 7257 7144 7276
f 7257 7276 7382
f 7382 7276 7512
f 7382 7512 7631
f 7631 7512 7648
f 7631 7648 7775
f 7775 7648 7777
f 7775 7777 7894
f 7894 7777 7909
f 7894 7909 7996
f 7996 7909 8038
f 7996 8038 8172
f 8172 8038 8319
f 8172 8319 8444
f 8444 8319 8715
f 8444 8715 8899
f 8899 8715 8953
f 8899 8953 9135
f 9135 8953 9136
f 9135 9136 9299
f 9299 9136 9301
f 9158 9298 9320
f 9320 9298 9538
f 9320 9538 9557
f 9557 9538 9789
f 9557 9789 9824
f 9824 9789 9947
f 9824 9947 9963
f 9963 9947 10097
f 9963 10097 10089
f 10089 10097 10145
f 10145 10097 10197
f 10145 10197 10173
f 10173 10197 10217
f 10173 10217 10155
f 10155 10217 10161
f 10155 10161 10080
f 10080 10161 10036
f 10080 10036 9938
f 9938 10036 9884
f 9938 9884 9780
f 9780 9884 9674
f 9780 9674 9540
f 9540 9674 9431
f 9540 9431 9299
f 9299 9431 9244
f 9299 9244 9135
f 9135 9244 9091
f 9135 9091 8899
f 8899 9091 8759
f 8899 8759 8444
f 8444 8759 8330
f 8444 8330 8172
f 8172 8330 8055
f 8172 8055 7996
f 7996 8055 7894
f 8055 7927 7894
f 7894 7927 7794
f 7894 7794 7775
f 7775 7794 7649
f 7775 7649 7631
f 7631 7649 7405
f 7631 7405 7382
f 7382 7405 7257
f 7257 7405 7208
f 7257 7208 7130
f 7130 7208 7062
f 7130 7062 7077
f 7077 7062 7012
f 7077 7012 7049
f 7049 7012 7030
f 7049 7030 7094
f 7094 7030 7117
f 7094 7117 7220
f 7220 7117 7273
f 7220 7273 7406
f 7406 7273 7589
f 7589 7273 7523
f 7589 7523 7720
f 7720 7523 7710
f 7720 7710 7875
f 7875 7710 7866
f 7875 7866 8012
f 8012 7866 8000
f 8012 8000 8235
f 8235 8000 8191
f 8235 8191 8557
f 8557 8191 8452
f 8557 8452 8966
f 8966 8452 8908
f 8966 8908 9158
f 9158 8908 9138
f 9158 9138 9298
f 9947 10020 10097
f 10097 10020 10116
f 10097 10116 10197
f 10197 10116 10187
f 10197 10187 10218
f 10197 10218 10217
f 10217 10218 10211
f 10217 10211 10161
f 10161 10211 10163
f 10161 10163 10036
f 10036 10163 10087
f 8908 9048 9138
f 9138 9048 9183
f 9138 9183 9298
f 9298 9183 9283
f 9298 9283 9410
f 9298 9410 9538
f 9538 9410 9582
f 9538 9582 9789
f 9789 9582 9795
f 9789 9795 9947
f 9947 9795 9898
f 9947 9898 10020
f 7710 7765 7866
f 7866 7765 7877
f 7866 7877 8000
f 8000 7877 7967
f 8000 7967 8042
f 8000 8042 8191
f 8191 8042 8274
f 8191 8274 8452
f 8452 8274 8466
f 8452 8466 8908
f 8908 8466 8785
f 8908 8785 9048
f 7012 6999 7030
f 7030 6999 7031
f 7030 7031 7117
f 7117 7031 7088
f 7117 7088 7182
f 7117 7182 7273
f 7273 7182 7321
f 7273 7321 7523
f 7523 7321 7522
f 7523 7522 7710
f 7710 7522 7669
f 7710 7669 7765
f 7794 7731 7649
f 7649 7731 7664
f 7649 7664 7405
f 7405 7664 7452
f 7405 7452 7287
f 7405 7287 7208
f 7208 7287 7161
f 7208 7161 7062
f 7062 7161 7058
f 7062 7058 7012
f 7012 7058 7022
f 7012 7022 6999
f 9091 8991 8759
f 8759 8991 8711
f 8759 8711 8330
f 8330 8711 8364
f 8330 8364 8225
f 8330 8225 8055
f 8055 8225 8025
f 8055 8025 7927
f 7927 8025 7921
f 7927 7921 7794
f 7794 7921 7854
f 7794 7854 7731
f 10087 9981 10036
f 10036 9981 9884
f 9884 9981 9878
f 9884 9878 9674
f 9674 9878 9727
f 9674 9727 9554
f 9674 9554 9431
f 9431 9554 9366
f 9431 9366 9244
f 9244 9366 9187
f 9244 9187 9091
f 9091 9187 9126
f 9091 9126 8991
f 9554 9727 9609
f 9554 9609 9366
f 8561 8785 8466
f 8561 8466 8274
f 7142 7321 7182
f 7142 7182 7088
f 9311 9332 9134
f 9134 9332 9124
f 9134 9124 8839
f 8839 9124 9028
f 8839 9028 8642
f 8839 8642 8369
f 8369 8642 8259
f 8369 8259 8080
f 8080 8259 8010
f 8080 8010 7963
f 7963 8010 7863
f 7963 7863 7785
f 7785 7863 7761
f 7785 7761 7609
f 7609 7761 7581
f 7609 7581 7275
f 7275 7581 7243
f 7275 7243 7023
f 7023 7243 6998
f 7023 6998 6837
f 6837 6998 6860
f 6837 6860 6768
f 6837 6768 6742
f 6742 6768 6727
f 6742 6727 6720
f 6720 6727 6730
f 6720 6730 6747
f 6747 6730 6750
f 6747 6750 6828
f 6828 6750 6784
f 6828 6784 6915
f 6828 6915 7036
f 7036 6915 7111
f 7036 7111 7259
f 7259 7111 7281
f 7259 7281 7629
f 7629 7281 7668
f 7629 7668 7776
f 7776 7668 7834
f 7776 7834 7918
f 7918 7834 7985
f 7918 7985 8130
f 8130 7985 8108
f 8130 8108 8368
f 8368 8108 8266
f 8368 8266 8657
f 8368 8657 8851
f 8851 8657 9038
f 8851 9038 9130
f 9130 9038 9229
f 9130 9229 9305
f 9305 9229 9435
f 9305 9435 9571
f 9571 9435 9722
f 9571 9722 9875
f 9875 9722 9929
f 9875 9929 10083
f 10083 9929 10112
f 10083 10112 10310
f 10310 10112 10367
f 10310 10367 10445
f 10445 10367 10443
f 10445 10443 10487
f 10487 10443 10488
f 10487 10488 10484
f 10484 10488 10485
f 10484 10485 10437
f 10437 10485 10438
f 10437 10438 10324
f 10324 10438 10320
f 10324 10320 10189
f 10324 10189 10060
f 10060 10189 9965
f 10060 9965 9876
f 9876 9965 9814
f 9876 9814 9568
f 9568 9814 9573
f 9568 9573 9332
f 9568 9332 9311
f 7918 7629 7776
f 9130 9069 8851
f 8130 8368 8971
f 8971 8368 8851
f 8971 8851 9069
f 9069 9130 9305
f 9656 9305 9571
f 9571 9875 9656
f 9656 9875 10083
f 10445 10487 10484
f 9311 9134 9515
f 10060 9876 9515
f 9515 9876 9568
f 9515 9568 9311
f 9134 8839 8743
f 8743 8839 8369
f 8743 8369 8080
f 6738 6837 6742
f 6742 6720 6738
f 6738 6720 6747
f 7036 7259 7629
f 7609 7854 7785
f 9048 9095 9183
f 8364 8362 8225
f 8991 9126 9161
f 9148 9191 9134
f 9161 9126 9187
f 9134 9191 9257
f 9134 9257 9515
f 9515 9257 9271
f 9515 9271 9366
f 9366 9271 9254
f 9366 9254 9187
f 9134 8743 9148
f 9148 8743 8991
f 8362 8380 8080
f 8080 8380 8743
f 9161 9148 8991
f 8711 8641 8441
f 8711 8441 8364
f 8364 8441 8362
f 8743 8380 8562
f 8743 8562 8991
f 8562 8672 8991
f 8991 8672 8711
f 8711 8672 8641
f 8362 8080 8166
f 8142 8062 8025
f 8142 8025 8225
f 8142 8225 8247
f 8247 8225 8362
f 8247 8362 8166
f 8025 8062 8075
f 8025 8075 7963
f 7963 8075 8080
f 8080 8075 8166
f 7785 7937 7963
f 7963 7937 7974
f 7963 7974 8025
f 8025 7974 8005
f 8005 7989 8025
f 8025 7989 7921
f 7989 7934 7921
f 7921 7934 7854
f 7854 7934 7908
f 7908 7902 7785
f 7785 7902 7937
f 7908 7785 7854
f 7731 7854 7682
f 7731 7682 7664
f 7664 7628 7452
f 7058 6901 7022
f 6849 6954 6836
f 6849 6836 6747
f 6738 6766 7058
f 7058 6766 6818
f 7058 6818 6901
f 6747 6836 6782
f 6747 6782 6738
f 6738 6782 6766
f 6747 6787 6849
f 6924 6828 7088
f 6924 6800 6828
f 6828 6800 6747
f 6747 6800 6787
f 6901 6999 7022
f 6999 6954 7031
f 7031 6954 6849
f 6849 6966 7031
f 7031 6966 7088
f 6966 6924 7088
f 6828 6927 7088
f 7088 6927 7025
f 7085 6964 7036
f 7036 6964 6828
f 6828 6964 6927
f 7025 7142 7088
f 7142 7163 7321
f 7036 7522 7085
f 7085 7522 7321
f 7085 7321 7163
f 7925 7967 7877
f 8640 8971 8671
f 8971 8640 8440
f 8971 8440 8130
f 8379 8561 8274
f 8130 8440 8361
f 8130 8361 8274
f 8274 8361 8379
f 8671 8862 8852
f 8561 8671 8785
f 8785 8671 8852
f 8785 8852 8995
f 8785 8995 9048
f 9048 8995 9073
f 9048 9073 9095
f 9256 9270 9410
f 9200 9160 9069
f 9283 9256 9410
f 9095 9160 9147
f 9095 9147 9183
f 9283 9183 9256
f 9200 9069 9253
f 9253 9069 9305
f 9898 9795 9692
f 10020 10054 10116
f 10484 10424 10446
f 10484 10446 10445
f 10218 10249 10211
f 10211 10249 10267
f 10424 10484 10329
f 10329 10484 10211
f 10446 10422 10445
f 10445 10422 10187
f 10187 10422 10326
f 10187 10326 10218
f 10218 10326 10249
f 10327 10408 10437
f 10437 10408 10484
f 10408 10421 10484
f 10484 10421 10211
f 10211 10421 10323
f 10267 10329 10211
f 10211 10323 10250
f 10211 10250 10163
f 10163 10250 10087
f 10324 10060 10204
f 10087 10250 10327
f 10087 10327 10135
f 10053 9981 10087
f 10053 10087 10135
f 9878 10084 10060
f 10060 10084 10204
f 10204 10301 10324
f 10324 10301 10437
f 10437 10301 10265
f 10437 10265 10327
f 10327 10265 10135
f 10053 10084 9981
f 9981 10084 9878
f 10060 9515 9755
f 9755 9846 10060
f 10060 9846 9816
f 10060 9816 9878
f 9878 9816 9727
f 9816 9687 9727
f 9727 9687 9609
f 9609 9600 9366
f 9366 9600 9515
f 9515 9600 9669
f 9515 9669 9755
f 7452 7165 7287
f 7287 7165 7161
f 7161 7086 7058
f 7058 7086 6738
f 6837 6928 7023
f 7023 6928 7026
f 7320 7452 7275
f 7320 7275 7225
f 7197 7149 7023
f 7023 7149 7275
f 7275 7149 7225
f 7086 6965 6738
f 6738 6965 6837
f 6837 6965 6928
f 7320 7345 7452
f 7452 7345 7165
f 7165 7345 7197
f 7197 7023 7026
f 7197 7026 7122
f 7197 7122 7165
f 7452 7628 7515
f 7452 7515 7275
f 7515 7487 7275
f 7275 7487 7609
f 7487 7560 7609
f 7609 7560 7630
f 7609 7630 7854
f 7854 7630 7682
f 10300 10445 10203
f 10203 10445 10187
f 10203 10187 10116
f 10203 10116 10114
f 10114 10116 10054
f 10445 10300 10264
f 10445 10264 10310
f 10310 10264 10134
f 10310 10077 10051
f 10310 10051 10083
f 10083 9845 9815
f 10083 9815 9656
f 9905 9692 9792
f 10020 9898 10134
f 10134 9898 9692
f 10134 9692 9905
f 10134 9905 10006
f 10134 10006 10310
f 10310 10006 10077
f 9717 9624 9656
f 9656 9624 9410
f 9410 9624 9599
f 9410 9599 9582
f 9582 9599 9795
f 9795 9599 9692
f 10083 10051 9939
f 10083 9939 9845
f 9845 9939 9792
f 9792 9939 9905
f 8042 7967 8004
f 8042 8004 8274
f 8274 8004 8130
f 8130 8004 7988
f 8130 7988 7933
f 8130 7933 7918
f 7918 7933 7629
f 7933 7906 7629
f 7629 7906 7901
f 7629 7901 7877
f 7877 7901 7925
f 7765 7669 7681
f 7765 7681 7877
f 7877 7681 7629
f 7681 7627 7629
f 7627 7543 7629
f 7629 7543 7485
f 7629 7485 7036
f 7036 7485 7502
f 7036 7502 7522
f 7522 7502 7590
f 7522 7590 7669
f 8862 8671 8971
f 9815 9717 9656
f 9656 9410 9305
f 9305 9410 9270
f 9305 9270 9253
f 9160 9095 9069
f 6992 6866 6972
f 6866 6835 6972
f 6972 6835 6888
f 8141 8159 8097
f 8141 8097 8099
f 8099 8162 8141
f 8162 8203 8141
f 8203 8159 8141
f 8159 8180 8112
f 8159 8112 8097
f 8097 8112 8085
f 8097 8085 8099
f 8099 8085 8128
f 8099 8128 8162
f 8162 8128 8197
f 8162 8197 8203
f 8203 8197 8180
f 8203 8180 8159
f 8112 8170 8086
f 8112 8086 8085
f 8085 8086 8060
f 8085 8060 8128
f 8128 8060 8131
f 8128 8131 8197
f 8197 8131 8246
f 8197 8246 8180
f 8180 8246 8170
f 8180 8170 8112
f 8142 8131 8062
f 8062 8131 8060
f 8062 8060 8075
f 8075 8060 8086
f 8075 8086 8166
f 8166 8086 8170
f 8166 8170 8247
f 8247 8170 8246
f 8247 8246 8142
f 8142 8246 8131
f 10402 10307 10364
f 10402 10381 10330
f 10402 10330 10290
f 10402 10290 10307
f 10364 10307 10365
f 10365 10307 10308
f 10402 10364 10404
f 10404 10364 10365
f 10381 10402 10382
f 10382 10402 10404
f 10330 10381 10331
f 10331 10381 10382
f 10290 10330 10291
f 10291 10330 10331
f 10307 10290 10308
f 10308 10290 10291
f 10199 10291 10244
f 10365 10352 10425
f 10244 10291 10331
f 10244 10331 10321
f 10291 10199 10212
f 10291 10212 10308
f 10308 10212 10274
f 10365 10425 10404
f 10404 10425 10449
f 10308 10274 10352
f 10308 10352 10365
f 10439 10385 10382
f 10382 10385 10331
f 10331 10385 10321
f 10449 10456 10404
f 10404 10456 10382
f 10382 10456 10439
f 10269 10196 10244
f 10244 10321 10269
f 10269 10321 10405
f 10321 10385 10405
f 10385 10439 10405
f 10405 10439 10450
f 10439 10456 10450
f 10450 10456 10448
f 10456 10449 10448
f 10449 10425 10448
f 10448 10425 10353
f 10425 10352 10353
f 10353 10352 10274
f 10353 10274 10258
f 10258 10274 10212
f 10258 10212 10196
f 10196 10212 10199
f 10196 10199 10244
f 10287 10258 10196
f 10287 10196 10277
f 10277 10196 10305
f 10305 10196 10269
f 10305 10269 10357
f 10357 10269 10405
f 10357 10405 10406
f 10406 10405 10450
f 10406 10450 10411
f 10411 10450 10448
f 10411 10448 10348
f 10348 10448 10353
f 10348 10353 10287
f 10287 10353 10258
f 10410 10322 10357
f 10357 10322 10305
f 10305 10322 10276
f 10305 10276 10277
f 10277 10276 10287
f 10287 10276 10312
f 10287 10312 10348
f 10348 10312 10378
f 10348 10378 10411
f 10411 10378 10414
f 10411 10414 10406
f 10406 10414 10410
f 10406 10410 10357
f 10410 10414 10423
f 10423 10414 10378
f 10423 10378 10356
f 10356 10378 10312
f 10356 10312 10280
f 10280 10312 10276
f 10280 10276 10263
f 10263 10276 10322
f 10263 10322 10333
f 10333 10322 10410
f 10323 10280 10250
f 10250 10280 10263
f 10250 10263 10327
f 10327 10263 10333
f 10327 10333 10408
f 10408 10333 10410
f 10408 10410 10421
f 10421 10410 10423
f 10421 10423 10356
f 10421 10356 10323
f 10323 10356 10280
f 9987 9933 9954
f 9991 9933 9987
f 9987 9954 10012
f 10012 10042 9987
f 10042 9991 9987
f 9991 9996 9943
f 9991 9943 9933
f 9933 9943 9930
f 9933 9930 9954
f 9954 9930 9974
f 9954 9974 10012
f 10012 9974 10017
f 10012 10017 10042
f 10042 10017 10041
f 10042 10041 9991
f 9991 10041 9996
f 9930 9902 9974
f 9974 9902 9956
f 9974 9956 10017
f 10017 9956 10040
f 10017 10040 10041
f 10041 10040 10079
f 10041 10079 9996
f 9996 10079 10010
f 9996 10010 9943
f 9943 10010 9931
f 9943 9931 9930
f 9930 9931 9902
f 9939 9956 9902
f 9939 9902 9905
f 9905 9902 9931
f 9905 9931 10006
f 10006 9931 10010
f 10006 10010 10077
f 10077 10010 10079
f 10077 10079 10051
f 10051 10079 10040
f 10051 10040 9939
f 9939 10040 9956
f 6851 6808 6832
f 6851 6832 6891
f 6851 6891 6939
f 6851 6939 6918
f 6851 6918 6852
f 6852 6918 6919
f 6808 6851 6809
f 6809 6851 6852
f 6832 6808 6833
f 6833 6808 6809
f 6891 6832 6892
f 6892 6832 6833
f 6939 6891 6940
f 6940 6891 6892
f 6918 6939 6919
f 6919 6939 6940
f 6852 6829 6809
f 6809 6829 6767
f 6919 7002 6921
f 6919 6921 6852
f 6852 6921 6829
f 6767 6753 6809
f 6809 6753 6833
f 6833 6753 6760
f 6940 7029 6919
f 6919 7029 7002
f 6863 6960 6892
f 6892 6960 7029
f 6892 7029 6940
f 6760 6796 6833
f 6833 6796 6892
f 6892 6796 6863
f 7029 6960 7018
f 7018 6960 6879
f 6879 6960 6863
f 6879 6863 6796
f 6879 6796 6786
f 6786 6796 6760
f 6786 6760 6749
f 6749 6760 6753
f 6749 6753 6767
f 6749 6767 6783
f 6783 6767 6829
f 6783 6829 6862
f 6829 6921 6862
f 6862 6921 7005
f 6921 7002 7005
f 7005 7002 7029
f 7005 7029 7018
f 6839 6786 6794
f 6794 6786 6749
f 6794 6749 6831
f 6831 6749 6783
f 6831 6783 6862
f 6831 6862 6885
f 6885 6862 6946
f 6946 6862 7005
f 6946 7005 6952
f 6952 7005 7018
f 6952 7018 6899
f 6899 7018 6879
f 6899 6879 6839
f 6839 6879 6786
f 6936 6861 6885
f 6885 6861 6831
f 6831 6861 6793
f 6831 6793 6794
f 6794 6793 6801
f 6794 6801 6839
f 6839 6801 6881
f 6839 6881 6899
f 6899 6881 6949
f 6899 6949 6952
f 6952 6949 6936
f 6952 6936 6946
f 6946 6936 6885
f 6975 6936 6949
f 6800 6801 6787
f 6787 6801 6793
f 6787 6793 6849
f 6849 6793 6861
f 6849 6861 6966
f 6966 6861 6936
f 6966 6936 6975
f 6966 6975 6924
f 6924 6975 6949
f 6924 6949 6881
f 6924 6881 6800
f 6800 6881 6801
f 7253 7270 7214
f 7214 7177 7253
f 7253 7227 7288
f 7177 7227 7253
f 7288 7310 7253
f 7310 7270 7253
f 7270 7251 7214
f 7214 7251 7180
f 7214 7180 7177
f 7177 7180 7202
f 7177 7202 7227
f 7227 7202 7282
f 7227 7282 7288
f 7288 7282 7310
f 7310 7282 7308
f 7310 7308 7270
f 7270 7308 7251
f 7282 7307 7308
f 7308 7307 7349
f 7308 7349 7251
f 7251 7349 7260
f 7251 7260 7180
f 7180 7260 7151
f 7180 7151 7202
f 7202 7151 7176
f 7202 7176 7282
f 7282 7176 7307
f 7197 7176 7149
f 7149 7176 7151
f 7149 7151 7225
f 7225 7151 7260
f 7225 7260 7320
f 7320 7260 7349
f 7320 7349 7345
f 7345 7349 7307
f 7345 7307 7197
f 7197 7307 7176
f 9507 9417 9352
f 9352 9528 9507
f 9352 9442 9528
f 7410 7386 7335
f 7410 7335 7430
f 7430 7335 7369
f 7430 7369 7501
f 7501 7369 7517
f 7501 7517 7554
f 7554 7517 7615
f 7554 7615 7537
f 7537 7615 7600
f 7537 7600 7464
f 7464 7600 7530
f 7464 7530 7386
f 7464 7386 7410
f 7542 7537 7454
f 7454 7537 7464
f 7454 7464 7410
f 7454 7410 7409
f 7409 7410 7430
f 7409 7430 7495
f 7495 7430 7501
f 7495 7501 7553
f 7553 7501 7554
f 7553 7554 7542
f 7542 7554 7537
f 7352 7369 7335
f 7352 7335 7338
f 7338 7335 7386
f 7338 7386 7458
f 7458 7386 7530
f 7458 7530 7573
f 7573 7530 7600
f 7573 7600 7624
f 7624 7600 7615
f 7624 7615 7605
f 7605 7615 7517
f 7605 7517 7505
f 7505 7517 7369
f 7505 7369 7352
f 7454 7495 7553
f 7454 7409 7495
f 7553 7542 7454
f 8604 8585 8523
f 8604 8523 8563
f 8604 8563 8667
f 8667 8563 8708
f 8667 8708 8719
f 8719 8708 8788
f 8719 8788 8727
f 8727 8788 8779
f 8727 8779 8670
f 8670 8779 8713
f 8670 8713 8585
f 8670 8585 8604
f 8703 8727 8670
f 8703 8670 8650
f 8650 8670 8604
f 8650 8604 8618
f 8618 8604 8662
f 8662 8604 8667
f 8662 8667 8714
f 8714 8667 8719
f 8714 8719 8733
f 8733 8719 8727
f 8733 8727 8703
f 8550 8563 8523
f 8550 8523 8524
f 8524 8523 8585
f 8524 8585 8665
f 8665 8585 8713
f 8665 8713 8750
f 8750 8713 8779
f 8750 8779 8797
f 8797 8779 8788
f 8797 8788 8765
f 8765 8788 8708
f 8765 8708 8678
f 8678 8708 8563
f 8678 8563 8550
f 8662 8714 8733
f 8733 8618 8662
f 8703 8650 8733
f 8733 8650 8618
f 9768 9730 9701
f 9701 9730 9658
f 9701 9658 9644
f 9644 9658 9639
f 9644 9639 9662
f 9662 9639 9686
f 9662 9686 9752
f 9752 9686 9753
f 9752 9753 9768
f 9768 9753 9769
f 9768 9769 9730
f 9653 9579 9572
f 9572 9579 9606
f 9572 9606 9590
f 9590 9606 9684
f 9684 9606 9750
f 9684 9750 9785
f 9785 9750 9826
f 9785 9826 9856
f 9856 9826 9843
f 9856 9843 9798
f 9798 9843 9788
f 9798 9788 9665
f 9798 9665 9653
f 9653 9665 9579
f 9686 9665 9753
f 9753 9665 9788
f 9753 9788 9769
f 9769 9788 9843
f 9769 9843 9826
f 9769 9826 9730
f 9730 9826 9750
f 9730 9750 9658
f 9658 9750 9606
f 9658 9606 9639
f 9639 9606 9579
f 9639 9579 9686
f 9686 9579 9665
f 9644 9662 9752
f 9752 9701 9644
f 9752 9768 9701
f 8931 8960 9012
f 8931 9012 9046
f 8931 9046 9033
f 8931 9033 8985
f 9012 8960 9013
f 9013 8960 8961
f 9046 9012 9047
f 9047 9012 9013
f 9033 9046 9034
f 9034 9046 9047
f 8985 9033 8986
f 8986 9033 9034
f 8931 8985 8930
f 8930 8985 8986
f 8960 8931 8961
f 8961 8931 8930
f 8866 8836 8930
f 8986 8950 8930
f 8930 8950 8866
f 8930 8836 8859
f 8930 8859 8961
f 8961 8859 8917
f 9013 9064 9047
f 9047 9064 9089
f 8961 8917 8994
f 8961 8994 9013
f 9013 8994 9064
f 9080 9035 9034
f 9034 9035 8986
f 8986 9035 8950
f 9089 9093 9047
f 9047 9093 9034
f 9034 9093 9080
f 8852 8866 8950
f 8852 8950 8995
f 8950 9035 8995
f 8995 9035 9073
f 9035 9080 9073
f 9073 9080 9095
f 9080 9093 9095
f 9093 9089 9095
f 9095 9089 9069
f 9069 9089 9064
f 9069 9064 8994
f 9069 8994 8971
f 8971 8994 8917
f 8971 8917 8862
f 8862 8917 8859
f 8862 8859 8836
f 8862 8836 8852
f 8852 8836 8866
f 6869 6910 6834
f 6834 6816 6869
f 6816 6882 6869
f 6869 6932 6910
f 6882 6932 6869
f 6910 6903 6824
f 6910 6824 6834
f 6834 6824 6816
f 6816 6824 6822
f 6816 6822 6873
f 6816 6873 6882
f 6882 6873 6938
f 6882 6938 6932
f 6932 6938 6910
f 6910 6938 6903
f 6903 6938 6822
f 6822 6824 6903
f 6938 6873 6822
f 10384 10335 10345
f 10335 10289 10345
f 10345 10332 10395
f 10289 10332 10345
f 10345 10395 10384
f 10328 10335 10384
f 10335 10328 10289
f 10289 10328 10294
f 10289 10294 10325
f 10289 10325 10332
f 10332 10325 10374
f 10332 10374 10395
f 10395 10374 10399
f 10395 10399 10384
f 10384 10399 10328
f 10294 10374 10325
f 10294 10399 10374
f 10294 10328 10399
f 9001 9023 8963
f 8963 8933 9001
f 8933 8999 9001
f 9001 9041 9023
f 8999 9041 9001
f 9023 9018 8970
f 9023 8970 8963
f 8963 8970 8934
f 8963 8934 8933
f 8933 8934 8980
f 8933 8980 8999
f 8999 8980 9026
f 8999 9026 9041
f 9041 9026 9044
f 9041 9044 9023
f 9023 9044 9018
f 8934 9026 8980
f 9018 9044 8934
f 8934 9044 9026
f 8934 8970 9018
f 7758 7738 7747
f 7747 7738 7734
f 7734 7738 7749
f 7734 7749 7762
f 7762 7749 7792
f 7762 7792 7797
f 7797 7792 7839
f 7797 7839 7837
f 7837 7839 7840
f 7837 7840 7825
f 7825 7840 7811
f 7825 7811 7781
f 7781 7811 7758
f 7781 7758 7747
f 7851 7825 7795
f 7795 7825 7781
f 7795 7781 7737
f 7737 7781 7747
f 7737 7747 7734
f 7737 7734 7730
f 7730 7734 7762
f 7762 7797 7814
f 7814 7797 7837
f 7814 7837 7845
f 7845 7837 7851
f 7851 7837 7825
f 7758 7737 7728
f 7728 7737 7730
f 7728 7730 7745
f 7745 7730 7762
f 7745 7762 7807
f 7807 7762 7814
f 7807 7814 7839
f 7839 7814 7845
f 7839 7845 7852
f 7852 7845 7851
f 7852 7851 7804
f 7804 7851 7795
f 7804 7795 7758
f 7758 7795 7737
f 7804 7758 7811
f 7804 7811 7852
f 7852 7811 7840
f 7852 7840 7839
f 7807 7839 7792
f 7807 7792 7745
f 7745 7792 7749
f 7745 7749 7728
f 7728 7749 7738
f 7728 7738 7758
f 8900 8951 8870
f 8900 8870 8886
f 8900 8886 8892
f 8892 8886 8938
f 8892 8938 8967
f 8967 8938 9020
f 8967 9020 9027
f 9027 9020 9074
f 9027 9074 9067
f 9067 9074 9068
f 9067 9068 9065
f 9065 9068 9031
f 9065 9031 9000
f 9000 9031 8951
f 9000 8951 8900
f 8967 8916 8892
f 8892 8916 8865
f 8892 8865 8900
f 8900 8865 8944
f 8900 8944 9000
f 9000 8944 9049
f 9000 9049 9065
f 9065 9049 9079
f 9065 9079 9067
f 9067 9079 9027
f 9027 9079 9024
f 9027 9024 8967
f 8967 9024 8916
f 8969 8944 8870
f 8870 8944 8865
f 8870 8865 8886
f 8886 8865 8916
f 8886 8916 8938
f 8938 8916 9016
f 9016 8916 9024
f 9016 9024 9074
f 9074 9024 9079
f 9074 9079 9068
f 9068 9079 9049
f 9068 9049 9031
f 9031 9049 8969
f 8969 9049 8944
f 8870 8951 8969
f 8969 8951 9031
f 9016 9074 9020
f 9016 9020 8938
f 10251 10281 10207
f 10251 10207 10205
f 10205 10207 10255
f 10205 10255 10242
f 10242 10255 10306
f 10306 10255 10316
f 10306 10316 10379
f 10306 10379 10370
f 10370 10379 10396
f 10396 10379 10393
f 10396 10393 10391
f 10391 10393 10354
f 10391 10354 10318
f 10318 10354 10281
f 10318 10281 10251
f 10205 10188 10251
f 10251 10188 10272
f 10251 10272 10318
f 10318 10272 10355
f 10318 10355 10391
f 10391 10355 10409
f 10391 10409 10396
f 10370 10396 10349
f 10370 10349 10306
f 10306 10349 10243
f 10306 10243 10242
f 10242 10243 10205
f 10205 10243 10188
f 10283 10272 10192
f 10192 10272 10188
f 10192 10188 10233
f 10233 10188 10243
f 10233 10243 10316
f 10316 10243 10349
f 10316 10349 10386
f 10386 10349 10396
f 10386 10396 10413
f 10413 10396 10409
f 10413 10409 10354
f 10354 10409 10355
f 10354 10355 10283
f 10283 10355 10272
f 10207 10281 10283
f 10283 10281 10354
f 10413 10354 10393
f 10413 10393 10386
f 10386 10393 10379
f 10386 10379 10316
f 10233 10316 10255
f 10233 10255 10192
f 10192 10255 10207
f 10192 10207 10283
f 9399 9345 9367
f 9367 9345 9338
f 9338 9345 9358
f 9338 9358 9349
f 9349 9358 9386
f 9349 9386 9372
f 9372 9386 9412
f 9412 9386 9480
f 9412 9480 9469
f 9469 9480 9496
f 9496 9480 9520
f 9496 9520 9514
f 9514 9520 9494
f 9514 9494 9506
f 9506 9494 9475
f 9475 9494 9399
f 9475 9399 9421
f 9421 9399 9367
f 9421 9367 9344
f 9344 9367 9338
f 9344 9338 9327
f 9327 9338 9349
f 9327 9349 9372
f 9327 9372 9406
f 9406 9372 9412
f 9406 9412 9469
f 9469 9496 9529
f 9529 9496 9514
f 9529 9514 9506
f 9529 9506 9485
f 9485 9506 9475
f 9485 9475 9421
f 9395 9344 9326
f 9326 9344 9327
f 9326 9327 9358
f 9358 9327 9406
f 9358 9406 9450
f 9450 9406 9469
f 9450 9469 9520
f 9520 9469 9529
f 9520 9529 9500
f 9500 9529 9485
f 9500 9485 9395
f 9395 9485 9421
f 9395 9421 9344
f 9345 9399 9395
f 9395 9399 9500
f 9500 9399 9494
f 9500 9494 9520
f 9520 9480 9450
f 9450 9480 9386
f 9450 9386 9358
f 9326 9358 9345
f 9326 9345 9395
f 8109 8115 8065
f 8109 8065 8064
f 8064 8065 8067
f 8064 8067 8078
f 8078 8067 8136
f 8078 8136 8143
f 8143 8136 8230
f 8143 8230 8234
f 8234 8230 8254
f 8234 8254 8242
f 8242 8254 8209
f 8242 8209 8181
f 8181 8209 8115
f 8181 8115 8109
f 8143 8134 8078
f 8078 8134 8057
f 8078 8057 8064
f 8064 8057 8061
f 8064 8061 8109
f 8109 8061 8110
f 8109 8110 8181
f 8242 8181 8257
f 8242 8257 8234
f 8234 8257 8244
f 8234 8244 8143
f 8143 8244 8134
f 8119 8110 8065
f 8065 8110 8061
f 8065 8061 8053
f 8053 8061 8057
f 8053 8057 8123
f 8123 8057 8134
f 8123 8134 8237
f 8237 8134 8244
f 8237 8244 8254
f 8254 8244 8257
f 8254 8257 8200
f 8200 8257 8181
f 8200 8181 8119
f 8119 8181 8110
f 8065 8115 8119
f 8119 8115 8200
f 8200 8115 8209
f 8200 8209 8254
f 8237 8254 8230
f 8237 8230 8123
f 8123 8230 8136
f 8123 8136 8053
f 8053 8136 8067
f 8053 8067 8065
f 8976 9060 9025
f 9060 9061 9071
f 9071 9061 9029
f 9071 9029 9008
f 9008 9029 8952
f 8891 8952 8920
f 8891 8920 8935
f 8935 8920 8976
f 8935 8976 9025
f 8925 8952 8891
f 8925 8891 8913
f 8913 8891 8928
f 8928 8891 8935
f 8928 8935 9019
f 9019 8935 9025
f 9019 9025 9072
f 9072 9025 9060
f 9072 9060 9071
f 9072 9071 9057
f 9057 9071 9015
f 9015 9071 9008
f 9015 9008 8925
f 8925 9008 8952
f 9060 8976 9009
f 9009 8976 8956
f 8956 8976 8920
f 8956 8920 8913
f 8913 8920 8929
f 8929 8920 8952
f 8929 8952 9002
f 9002 8952 9029
f 9002 9029 9057
f 9057 9029 9061
f 9057 9061 9051
f 9051 9061 9060
f 9051 9060 9009
f 8925 8929 9015
f 9015 8929 9002
f 9015 9002 9057
f 9072 9057 9051
f 9072 9051 9019
f 9019 9051 9009
f 9019 9009 8928
f 8928 9009 8956
f 8928 8956 8913
f 8925 8913 8929
f 7218 7221 7312
f 7218 7368 7309
f 7218 7312 7368
f 7309 7302 7218
f 7218 7302 7211
f 7218 7211 7221
f 7221 7211 7223
f 7221 7223 7312
f 7312 7223 7323
f 7312 7323 7368
f 7368 7323 7365
f 7368 7365 7309
f 7309 7365 7302
f 7211 7323 7223
f 7211 7365 7323
f 7211 7302 7365
f 8083 8227 8144
f 8118 8194 8083
f 8083 8194 8227
f 8144 8077 8083
f 8227 8213 8144
f 8210 8114 8144
f 8114 8077 8144
f 8076 8077 8114
f 8076 8083 8077
f 8076 8118 8083
f 8160 8118 8076
f 8160 8194 8118
f 8229 8194 8160
f 8229 8227 8194
f 8210 8213 8229
f 8229 8213 8227
f 8144 8213 8210
f 8210 8229 8076
f 8076 8229 8160
f 8076 8114 8210
f 9493 9404 9359
f 9359 9437 9493
f 9359 9370 9437
f 9493 9478 9404
f 9478 9481 9391
f 9391 9404 9478
f 9360 9359 9391
f 9391 9359 9404
f 9360 9370 9359
f 9432 9370 9360
f 9432 9437 9370
f 9491 9437 9432
f 9491 9493 9437
f 9481 9493 9491
f 9481 9478 9493
f 9481 9432 9360
f 9481 9491 9432
f 9481 9360 9391
f 10245 10377 10309
f 10282 10351 10245
f 10245 10351 10377
f 10245 10309 10241
f 10377 10371 10309
f 10246 10309 10336
f 10246 10241 10309
f 10271 10245 10246
f 10246 10245 10241
f 10271 10282 10245
f 10360 10351 10271
f 10271 10351 10282
f 10380 10377 10360
f 10360 10377 10351
f 10380 10371 10377
f 10309 10371 10336
f 10336 10371 10380
f 10360 10271 10246
f 10246 10380 10360
f 10246 10336 10380
f 9896 10008 9906
f 9896 10021 10008
f 9896 9932 10021
f 9932 9980 10021
f 10008 9978 9906
f 9908 9978 9982
f 9908 9906 9978
f 9895 9906 9908
f 9895 9896 9906
f 9973 9932 9895
f 9895 9932 9896
f 9973 9980 9932
f 10032 9980 9973
f 10032 10021 9980
f 9982 9978 10008
f 9982 10008 10032
f 10032 10008 10021
f 9895 10032 9973
f 9908 9982 9895
f 9895 9982 10032
f 9030 8907 8968
f 9017 8940 9030
f 9030 8940 8907
f 9030 9054 9017
f 8932 8940 9010
f 9010 8940 9017
f 8914 8907 8932
f 8932 8907 8940
f 8914 8968 8907
f 9022 8968 8914
f 9022 9030 8968
f 9053 9054 9022
f 9022 9054 9030
f 9010 9017 9053
f 9053 9017 9054
f 8914 9053 9022
f 8932 9010 8914
f 8914 9010 9053
f 7751 7782 7820
f 7826 7796 7751
f 7751 7796 7756
f 7751 7820 7826
f 7750 7756 7789
f 7789 7756 7796
f 7754 7751 7750
f 7750 7751 7756
f 7808 7782 7754
f 7754 7782 7751
f 7808 7820 7782
f 7830 7820 7808
f 7830 7826 7820
f 7789 7796 7826
f 7789 7826 7830
f 7750 7808 7754
f 7750 7830 7808
f 7750 7789 7830
f 7812 7724 7769
f 7812 7744 7724
f 7812 7769 7821
f 7779 7769 7726
f 7726 7769 7724
f 7726 7724 7741
f 7741 7724 7744
f 7741 7744 7805
f 7805 7744 7812
f 7805 7812 7824
f 7824 7812 7821
f 7824 7821 7779
f 7779 7821 7769
f 7805 7779 7726
f 7805 7824 7779
f 7805 7726 7741
f 7011 6988 7021
f 7011 7021 7006
f 7006 7021 6982
f 7006 6982 6953
f 6907 6953 6982
f 6953 6907 6872
f 6872 6907 6855
f 6872 6855 6821
f 6821 6855 6812
f 6821 6812 6826
f 6826 6812 6846
f 6826 6846 6870
f 6906 6870 6846
f 6870 6906 6948
f 6948 6906 6988
f 6948 6988 7011
f 6937 6986 6926
f 6937 6926 6871
f 6937 6871 6850
f 6850 6871 6815
f 6850 6815 6807
f 6807 6785 6820
f 6820 6785 6798
f 6820 6798 6878
f 6878 6798 6858
f 6878 6858 6923
f 6878 6923 6987
f 6878 6987 6968
f 6968 6987 7007
f 7017 7055 6986
f 7007 7079 7017
f 7017 7079 7055
f 6986 7055 6989
f 6986 6989 6926
f 6815 6791 6763
f 6815 6763 6807
f 6807 6763 6785
f 6987 7043 7007
f 7007 7043 7079
f 6926 6989 6871
f 6815 6871 6791
f 7055 7016 6989
f 6989 7016 6884
f 6989 6884 6871
f 6871 6884 6790
f 6871 6790 6791
f 6791 6790 6756
f 6791 6756 6763
f 6763 6756 6785
f 6785 6756 6798
f 6798 6756 6810
f 6798 6810 6858
f 6858 6810 6955
f 6858 6955 6923
f 6923 6955 6987
f 6987 6955 7060
f 6987 7060 7043
f 7043 7060 7079
f 7079 7060 7097
f 7079 7097 7055
f 7055 7097 7016
f 6855 6810 6812
f 6812 6810 6756
f 6907 6955 6810
f 6907 6810 6855
f 6982 7060 6955
f 6982 6955 6907
f 6988 7097 7021
f 6988 7016 7097
f 6846 6790 6906
f 6906 6790 6884
f 7021 7097 7060
f 7021 7060 6982
f 6906 6884 7016
f 6906 7016 6988
f 6812 6756 6846
f 6846 6756 6790
f 6850 6807 6820
f 7017 6986 6937
f 6968 7007 7017
f 6941 6913 7004
f 6854 6913 6941
f 6827 6913 6854
f 7004 6913 6969
f 6874 6969 6913
f 6827 6874 6913
f 6854 6850 6820
f 6854 6820 6827
f 6878 6874 6827
f 6878 6827 6820
f 6968 6969 6878
f 6874 6878 6969
f 7017 7004 6968
f 6968 7004 6969
f 7017 6937 6941
f 7004 7017 6941
f 6941 6937 6850
f 6941 6850 6854
f 7011 6935 6948
f 6948 6935 6870
f 6870 6935 6856
f 6870 6856 6826
f 6826 6856 6821
f 6821 6856 6880
f 6821 6880 6872
f 6872 6880 6953
f 6953 6880 6981
f 6953 6981 7006
f 7006 6981 7011
f 7011 6981 6935
f 6981 6856 6935
f 6880 6856 6981
f 9743 9737 9819
f 9819 9737 9821
f 9819 9821 9844
f 9844 9821 9837
f 9844 9837 9842
f 9844 9842 9836
f 9836 9842 9820
f 9836 9820 9793
f 9793 9820 9760
f 9793 9760 9705
f 9705 9760 9712
f 9705 9712 9632
f 9705 9632 9613
f 9613 9632 9586
f 9613 9586 9584
f 9584 9586 9581
f 9581 9586 9580
f 9581 9580 9593
f 9581 9593 9607
f 9607 9593 9648
f 9607 9648 9666
f 9666 9648 9737
f 9666 9737 9743
f 9607 9610 9581
f 9584 9610 9613
f 9793 9705 9740
f 9740 9705 9670
f 9670 9705 9613
f 9610 9607 9675
f 9584 9581 9610
f 9797 9793 9740
f 9743 9747 9675
f 9743 9675 9666
f 9675 9607 9666
f 9670 9613 9610
f 9797 9844 9836
f 9747 9819 9797
f 9797 9819 9844
f 9797 9836 9793
f 9747 9743 9819
f 9632 9712 9714
f 9714 9760 9746
f 9746 9760 9820
f 9706 9648 9671
f 9671 9648 9593
f 9737 9648 9706
f 9714 9712 9760
f 9671 9593 9580
f 9744 9837 9731
f 9731 9837 9821
f 9672 9586 9682
f 9682 9586 9632
f 9672 9580 9586
f 9731 9821 9737
f 9744 9842 9837
f 9682 9632 9714
f 9671 9580 9672
f 9731 9737 9706
f 9746 9820 9842
f 9746 9842 9744
f 9747 9721 9675
f 9675 9721 9652
f 9675 9652 9610
f 9610 9652 9615
f 9610 9615 9681
f 9610 9681 9670
f 9670 9681 9740
f 9740 9681 9745
f 9740 9745 9797
f 9797 9745 9777
f 9797 9777 9758
f 9797 9758 9747
f 9747 9758 9721
f 9745 9634 9777
f 9777 9652 9758
f 9634 9652 9777
f 9671 9715 9706
f 9731 9715 9744
f 9746 9703 9714
f 9682 9703 9672
f 9706 9715 9731
f 9714 9703 9682
f 9746 9744 9703
f 9703 9744 9715
f 9703 9715 9672
f 9672 9715 9671
f 9721 9758 9652
f 9652 9634 9615
f 9615 9634 9681
f 9681 9634 9745
f 8245 8289 8293
f 8245 8293 8343
f 8343 8293 8388
f 8343 8388 8384
f 8245 8343 8289
f 8289 8343 8384
f 8289 8290 8293
f 8293 8290 8294
f 8293 8294 8388
f 8388 8294 8387
f 8388 8387 8384
f 8384 8387 8381
f 8289 8384 8290
f 8290 8384 8381
f 8290 8140 8294
f 8294 8140 8387
f 8387 8140 8304
f 8387 8304 8381
f 8290 8381 8140
f 8140 8381 8304
f 9762 9622 9761
f 9761 9622 9620
f 9578 9620 9577
f 9577 9620 9622
f 9646 9578 9643
f 9643 9578 9577
f 9783 9646 9778
f 9778 9646 9643
f 9847 9783 9848
f 9848 9783 9778
f 9761 9847 9762
f 9762 9847 9848
f 9761 9693 9781
f 9761 9781 9847
f 9578 9612 9620
f 9847 9781 9774
f 9847 9774 9783
f 9646 9723 9650
f 9646 9650 9578
f 9578 9650 9612
f 9620 9612 9693
f 9620 9693 9761
f 9783 9774 9723
f 9783 9723 9646
f 9622 9762 9742
f 9742 9762 9771
f 9771 9762 9848
f 9742 9660 9622
f 9622 9660 9577
f 9577 9660 9645
f 9577 9645 9643
f 9643 9645 9726
f 9643 9726 9778
f 9778 9726 9848
f 9848 9726 9771
f 9723 9736 9661
f 9723 9661 9650
f 9650 9661 9619
f 9650 9619 9612
f 9612 9619 9631
f 9612 9631 9693
f 9693 9631 9709
f 9693 9709 9765
f 9693 9765 9781
f 9781 9765 9782
f 9781 9782 9774
f 9774 9782 9736
f 9774 9736 9723
f 9765 9709 9631
f 9765 9736 9782
f 9765 9661 9736
f 9765 9619 9661
f 9765 9631 9619
f 9711 9749 9678
f 9678 9633 9711
f 9633 9676 9711
f 9676 9735 9711
f 9735 9770 9711
f 9711 9770 9749
f 9749 9726 9678
f 9678 9726 9645
f 9678 9645 9633
f 9633 9645 9660
f 9633 9660 9676
f 9676 9660 9735
f 9735 9660 9742
f 9735 9742 9770
f 9770 9742 9771
f 9770 9771 9749
f 9749 9771 9726
f 8921 8924 8857
f 8857 8796 8821
f 8857 8924 8828
f 8857 8828 8796
f 8921 8958 8924
f 8821 8796 8807
f 8821 8807 8854
f 8854 8807 8896
f 8854 8896 8921
f 8921 8896 8958
f 8821 8825 8817
f 8825 8821 8854
f 8825 8854 8867
f 8867 8854 8921
f 8867 8921 8890
f 8921 8918 8890
f 8921 8906 8918
f 8857 8881 8921
f 8921 8881 8906
f 8857 8853 8881
f 8853 8857 8831
f 8821 8817 8831
f 8821 8831 8857
f 8890 8845 8867
f 8867 8845 8825
f 8853 8831 8817
f 8918 8946 8890
f 8890 8946 8850
f 8890 8850 8845
f 8845 8850 8825
f 8825 8850 8791
f 8825 8791 8817
f 8817 8791 8812
f 8817 8812 8853
f 8853 8812 8881
f 8881 8812 8936
f 8881 8936 8906
f 8906 8936 8918
f 8918 8936 8946
f 8791 8783 8812
f 8812 8783 8808
f 8812 8808 8882
f 8812 8882 8936
f 8936 8882 8972
f 8936 8972 8989
f 8936 8989 8946
f 8946 8989 8919
f 8946 8919 8850
f 8850 8919 8833
f 8850 8833 8792
f 8850 8792 8791
f 8791 8792 8780
f 8791 8780 8783
f 8939 8989 8957
f 8957 8989 8972
f 8957 8972 8927
f 8927 8972 8875
f 8875 8972 8882
f 8875 8882 8813
f 8813 8882 8808
f 8813 8808 8783
f 8813 8783 8795
f 8795 8783 8780
f 8795 8780 8800
f 8800 8780 8792
f 8800 8792 8827
f 8827 8792 8833
f 8827 8833 8887
f 8887 8833 8919
f 8887 8919 8939
f 8939 8919 8989
f 8796 8813 8795
f 8813 8796 8828
f 8813 8828 8875
f 8924 8875 8828
f 8927 8875 8924
f 8927 8924 8957
f 8958 8957 8924
f 8958 8939 8957
f 8939 8958 8896
f 8896 8887 8939
f 8807 8827 8896
f 8896 8827 8887
f 8807 8800 8827
f 8796 8795 8800
f 8796 8800 8807
f 7944 7949 7766
f 7944 7766 7740
f 7740 7766 7456
f 7740 7456 7424
f 7424 7456 7154
f 7424 7154 7135
f 7135 7154 7063
f 7135 7063 7066
f 7113 7116 7261
f 7113 7261 7298
f 7298 7261 7663
f 7298 7663 7685
f 7685 7663 7895
f 7685 7895 7864
f 7864 7895 8030
f 8030 7895 8236
f 8030 8236 8569
f 8569 8236 8840
f 8569 8840 9125
f 9125 8840 9255
f 9125 9255 9445
f 9445 9255 9598
f 9445 9598 9741
f 9741 9598 9953
f 9741 9953 9977
f 9977 9953 10105
f 9977 10105 10104
f 10104 10105 10159
f 10104 10159 10157
f 10157 10159 10014
f 10157 10014 10001
f 10001 10014 9834
f 10001 9834 9833
f 9833 9834 9588
f 9833 9588 9583
f 9117 9118 8726
f 9117 8726 8681
f 8681 8726 8212
f 8681 8212 8208
f 7135 7360 7424
f 9490 9618 9583
f 9583 9618 9751
f 7108 7625 7465
f 7360 7135 7465
f 7465 7135 7066
f 9583 9751 9833
f 9833 9751 10001
f 8569 8755 8651
f 8560 7298 7685
f 9618 9490 9532
f 9618 9532 9605
f 9605 9532 9459
f 9605 9459 9082
f 9117 8681 8317
f 8317 8681 8163
f 8163 8681 8208
f 9117 8317 9123
f 9123 8317 8378
f 8378 8317 8340
f 8340 8317 8058
f 7424 7360 7436
f 7424 7436 7740
f 7740 7436 7587
f 7942 7580 7661
f 7661 7580 7465
f 7661 7465 7625
f 7800 7771 8673
f 8301 8363 8435
f 8435 8363 8630
f 7984 8314 8058
f 7888 7587 7580
f 7888 7580 7942
f 7108 7465 7066
f 8569 8651 8030
f 8030 8651 8560
f 8340 8058 8360
f 8360 8058 8314
f 8360 8314 8884
f 8884 8314 8435
f 8884 8435 9082
f 7587 7888 7984
f 8560 7685 7864
f 8560 7864 8030
f 9691 8829 8775
f 9691 8775 8673
f 8673 8775 8530
f 9751 9811 10001
f 8755 8569 9125
f 8755 9125 8768
f 9691 9605 8829
f 8829 9605 9082
f 8829 9082 8781
f 8781 9082 8630
f 8630 9082 8435
f 8673 8530 8316
f 9691 8673 8768
f 8560 8673 7298
f 7298 8673 7771
f 7298 7771 7113
f 8016 7800 8104
f 8104 7800 8673
f 8104 8673 8316
f 9691 10157 9811
f 9811 10157 10001
f 9125 9445 8768
f 8768 9445 9741
f 7984 8058 7944
f 9741 9977 8768
f 8768 9977 9691
f 9691 9977 10104
f 9691 10104 10157
f 7740 7587 7984
f 7740 7984 7944
f 8316 8280 8104
f 8104 8280 8301
f 8104 8301 8435
f 8643 8426 8530
f 8530 8426 8316
f 8426 8337 8316
f 8337 8303 8316
f 8316 8303 8280
f 8280 8303 8285
f 8285 8275 8280
f 8280 8275 8301
f 8275 8291 8301
f 8301 8291 8325
f 8301 8325 8363
f 8325 8376 8363
f 8363 8376 8630
f 8376 8578 8630
f 8578 8729 8630
f 8630 8729 8781
f 8729 8801 8781
f 8781 8801 8829
f 8801 8830 8829
f 8830 8809 8829
f 8829 8809 8775
f 8809 8766 8775
f 8775 8766 8530
f 8530 8766 8643
f 8726 9118 8318
f 10105 9953 9710
f 7456 7451 7370
f 9710 9812 10014
f 10014 9812 9834
f 7456 7370 7154
f 7618 7104 7544
f 7544 7104 7399
f 7659 7618 7544
f 9710 10014 10159
f 9710 10159 10105
f 7663 7261 8565
f 9710 9953 8777
f 9710 8777 9595
f 7104 7063 7399
f 7399 7063 7154
f 7399 7154 7370
f 7594 7886 7544
f 7544 7886 7941
f 8318 9118 9122
f 8565 8629 8236
f 8236 8629 8840
f 8059 8313 7980
f 8318 9122 8377
f 8318 8377 8059
f 8059 8377 8341
f 8059 8341 8313
f 8313 8341 8359
f 8313 8359 8436
f 8436 8359 8937
f 9677 9487 9588
f 7544 7941 7659
f 9677 9588 9773
f 9773 9588 9834
f 9773 9834 9812
f 8565 8236 7895
f 8565 7895 7663
f 8726 8318 8161
f 8726 8161 8212
f 8767 8443 9255
f 8767 9255 8741
f 8741 9255 8840
f 8741 8840 8629
f 7980 7766 7949
f 9953 9598 8777
f 8777 9598 9255
f 8777 9255 8443
f 8107 7803 8017
f 7261 7116 7773
f 7261 7773 8660
f 7261 8660 8565
f 7980 7949 8059
f 7451 7456 7594
f 7594 7456 7766
f 7594 7766 7980
f 7594 7980 7886
f 8767 8302 8443
f 8548 8326 8107
f 8302 8767 8211
f 8211 8767 8660
f 8885 9104 9458
f 8885 9458 8777
f 9104 8885 8784
f 9104 8784 8548
f 9104 8548 8107
f 9104 8107 8937
f 8937 8107 8436
f 9530 9487 9677
f 9530 9677 9595
f 9530 9595 9458
f 9458 9595 8777
f 8107 8211 8660
f 8107 8660 7773
f 8107 7773 7803
f 8107 8326 8211
f 8360 8884 8359
f 8359 8884 8937
f 9082 9459 9104
f 9104 9459 9458
f 9490 9487 9532
f 9532 9487 9530
f 9532 9530 9459
f 9459 9530 9458
f 9588 9487 9583
f 9583 9487 9490
f 9123 8378 9122
f 9122 8378 8377
f 8016 8104 8017
f 8017 8104 8107
f 8104 8435 8107
f 8107 8435 8436
f 8313 8436 8314
f 8314 8436 8435
f 8017 7803 8016
f 8016 7803 7800
f 7113 7771 7116
f 7116 7771 7773
f 7104 7618 7108
f 7108 7618 7625
f 7942 7661 7941
f 7941 7661 7659
f 7625 7618 7659
f 7625 7659 7661
f 7800 7803 7773
f 7800 7773 7771
f 8059 7949 8058
f 8058 7949 7944
f 8058 8317 8059
f 8059 8317 8318
f 8317 8163 8318
f 8318 8163 8161
f 8208 8212 8161
f 8208 8161 8163
f 8755 8741 8651
f 8651 8741 8629
f 8651 8629 8560
f 8560 8629 8565
f 8560 8565 8673
f 8673 8565 8660
f 8673 8660 8767
f 8673 8767 8768
f 8768 8767 8755
f 8755 8767 8741
f 7580 7544 7465
f 7465 7544 7399
f 7465 7399 7360
f 7360 7399 7370
f 7360 7370 7436
f 7436 7370 7451
f 7436 7451 7587
f 7587 7451 7594
f 7587 7594 7580
f 7580 7594 7544
f 9811 9710 9691
f 9691 9710 9605
f 9605 9710 9595
f 9605 9595 9618
f 9618 9595 9677
f 9618 9677 9751
f 9751 9677 9773
f 9751 9773 9811
f 9811 9773 9812
f 9811 9812 9710
f 8377 8378 8341
f 8341 8378 8340
f 8341 8340 8359
f 8359 8340 8360
f 8937 8884 9082
f 8937 9082 9104
f 9123 9122 9118
f 9123 9118 9117
f 7066 7063 7104
f 7066 7104 7108
f 8766 8695 8643
f 8643 8695 8443
f 8643 8443 8426
f 8426 8443 8329
f 8426 8329 8337
f 8337 8329 8281
f 8337 8281 8303
f 8303 8281 8285
f 8285 8281 8260
f 8285 8260 8275
f 8275 8260 8291
f 8291 8260 8326
f 8291 8326 8325
f 8325 8326 8376
f 8376 8326 8548
f 8376 8548 8578
f 8578 8548 8784
f 8578 8784 8729
f 8729 8784 8801
f 8801 8784 8885
f 8801 8885 8830
f 8830 8885 8856
f 8830 8856 8809
f 8809 8856 8777
f 8809 8777 8766
f 8766 8777 8695
f 8695 8777 8443
f 8443 8302 8329
f 8329 8302 8281
f 8281 8302 8211
f 8281 8211 8260
f 8260 8211 8326
f 8856 8885 8777
f 7941 7886 7942
f 7942 7886 7888
f 7886 7980 7888
f 7888 7980 7984
f 8314 7984 8313
f 8313 7984 7980
f 7379 7385 7361
f 7379 7361 7313
f 7313 7361 7300
f 7313 7300 7248
f 7222 7248 7300
f 7248 7222 7195
f 7195 7222 7179
f 7195 7179 7181
f 7179 7173 7181
f 7181 7173 7217
f 7181 7217 7252
f 7252 7217 7286
f 7252 7286 7319
f 7353 7319 7286
f 7319 7353 7376
f 7376 7353 7385
f 7376 7385 7379
f 7415 7449 7378
f 7378 7449 7387
f 7378 7387 7305
f 7378 7305 7279
f 7279 7305 7224
f 7279 7224 7198
f 7198 7140 7152
f 7198 7152 7196
f 7196 7152 7204
f 7196 7204 7258
f 7258 7204 7292
f 7258 7292 7359
f 7359 7292 7351
f 7359 7351 7415
f 7359 7415 7378
f 7198 7224 7140
f 7152 7155 7204
f 7305 7295 7224
f 7140 7115 7152
f 7152 7115 7155
f 7204 7155 7245
f 7204 7245 7292
f 7292 7245 7351
f 7351 7446 7415
f 7415 7446 7449
f 7449 7453 7387
f 7387 7453 7381
f 7387 7381 7305
f 7305 7381 7295
f 7224 7158 7140
f 7115 7091 7155
f 7155 7091 7138
f 7245 7256 7351
f 7351 7396 7446
f 7449 7483 7453
f 7381 7453 7301
f 7381 7301 7295
f 7295 7301 7224
f 7224 7301 7158
f 7140 7158 7091
f 7140 7091 7115
f 7155 7138 7256
f 7155 7256 7245
f 7256 7396 7351
f 7446 7396 7483
f 7446 7483 7449
f 7300 7256 7222
f 7385 7483 7361
f 7361 7483 7396
f 7361 7396 7300
f 7300 7396 7256
f 7353 7453 7385
f 7385 7453 7483
f 7256 7138 7222
f 7222 7138 7179
f 7179 7138 7091
f 7179 7091 7173
f 7286 7301 7353
f 7353 7301 7453
f 7173 7091 7158
f 7173 7158 7217
f 7217 7158 7286
f 7286 7158 7301
f 7367 7280 7358
f 7284 7280 7367
f 7210 7280 7284
f 7358 7280 7272
f 7201 7272 7280
f 7210 7201 7280
f 7284 7279 7198
f 7284 7198 7210
f 7196 7201 7210
f 7196 7210 7198
f 7258 7272 7196
f 7201 7196 7272
f 7359 7358 7258
f 7258 7358 7272
f 7359 7378 7367
f 7358 7359 7367
f 7367 7378 7279
f 7367 7279 7284
f 7379 7348 7376
f 7376 7348 7319
f 7319 7348 7244
f 7319 7244 7252
f 7252 7244 7181
f 7181 7244 7195
f 7248 7195 7299
f 7248 7299 7313
f 7313 7299 7379
f 7379 7299 7348
f 7244 7299 7195
f 7348 7299 7244
f 8224 8201 8223
f 8223 8201 8178
f 8201 8145 8178
f 8178 8145 8117
f 8145 8094 8117
f 8117 8094 8068
f 8068 8094 8071
f 8071 8074 8068
f 8068 8074 8121
f 8074 8088 8121
f 8121 8088 8139
f 8121 8139 8182
f 8139 8195 8182
f 8182 8195 8223
f 8223 8195 8224
f 8049 8091 8102
f 8202 8177 8269
f 8125 8122 8066
f 8146 8226 8156
f 8102 8091 8156
f 8156 8091 8146
f 8047 8040 8082
f 8082 8040 8102
f 8102 8040 8049
f 8177 8202 8125
f 8125 8202 8122
f 8207 8272 8269
f 8156 8226 8272
f 8156 8272 8207
f 8047 8082 8125
f 8207 8269 8177
f 8125 8066 8047
f 8277 8272 8238
f 8272 8226 8238
f 8238 8226 8127
f 8226 8146 8127
f 8146 8091 8127
f 8127 8091 8043
f 8091 8049 8043
f 8049 8040 8043
f 8043 8040 8044
f 8040 8047 8044
f 8047 8066 8044
f 8044 8066 8132
f 8066 8122 8132
f 8122 8202 8132
f 8132 8202 8228
f 8202 8269 8228
f 8228 8269 8277
f 8269 8272 8277
f 8238 8201 8277
f 8277 8201 8224
f 8277 8224 8228
f 8224 8195 8228
f 8228 8195 8132
f 8132 8195 8088
f 8132 8088 8044
f 8044 8088 8071
f 8044 8071 8043
f 8043 8071 8094
f 8043 8094 8127
f 8127 8094 8145
f 8127 8145 8238
f 8238 8145 8201
f 8071 8088 8074
f 8088 8195 8139
f 8206 8155 8207
f 8207 8155 8156
f 8155 8103 8156
f 8156 8103 8102
f 8103 8081 8102
f 8102 8081 8082
f 8081 8124 8082
f 8082 8124 8125
f 8124 8176 8125
f 8125 8176 8177
f 8176 8206 8177
f 8177 8206 8207
f 8103 8124 8081
f 8103 8176 8124
f 8103 8155 8206
f 8103 8206 8176
f 8223 8175 8182
f 8121 8182 8105
f 8121 8105 8068
f 8068 8105 8111
f 8068 8111 8117
f 8117 8111 8175
f 8117 8175 8178
f 8178 8175 8223
f 8105 8182 8175
f 8175 8111 8105
f 4795 4689 4688
f 4688 4689 4513
f 4688 4513 4512
f 4512 4513 4172
f 4512 4172 4171
f 4171 4172 3891
f 4171 3891 3890
f 3890 3891 3572
f 3890 3572 3571
f 3571 3572 3362
f 3571 3362 3361
f 3361 3362 2993
f 3361 2993 2992
f 2992 2993 2729
f 2992 2729 2728
f 2728 2729 2442
f 2728 2442 2441
f 2441 2442 2139
f 2441 2139 2138
f 2138 2139 1860
f 2138 1860 1859
f 1859 1860 1550
f 1859 1550 1549
f 1549 1550 1286
f 1549 1286 1285
f 1285 1286 1000
f 1285 1000 999
f 999 1000 876
f 999 876 875
f 875 876 804
f 875 804 803
f 803 804 770
f 803 770 769
f 769 770 776
f 769 776 775
f 775 776 817
f 775 817 816
f 816 817 922
f 816 922 921
f 921 922 1072
f 921 1072 1071
f 1071 1072 1367
f 1071 1367 1366
f 1366 1367 1646
f 1366 1646 1645
f 1645 1646 1964
f 1645 1964 1963
f 1963 1964 2199
f 1963 2199 2198
f 2198 2199 2591
f 2198 2591 2590
f 2590 2591 2852
f 2590 2852 2851
f 2851 2852 3131
f 2851 3131 3130
f 3130 3131 3412
f 3130 3412 3411
f 3411 3412 3680
f 3411 3680 3679
f 3679 3680 3988
f 3679 3988 3987
f 3987 3988 4271
f 3987 4271 4270
f 4270 4271 4593
f 4270 4593 4592
f 4592 4593 4735
f 4592 4735 4734
f 4734 4735 4812
f 4734 4812 4811
f 4811 4812 4835
f 4811 4835 4834
f 4834 4835 4830
f 4834 4830 4829
f 4829 4830 4796
f 4829 4796 4795
f 4795 4796 4689
f 1354 1285 1094
f 1094 1285 999
f 1094 999 950
f 950 999 875
f 950 875 867
f 867 875 803
f 867 803 832
f 832 803 769
f 832 769 846
f 846 769 775
f 846 775 891
f 891 775 816
f 891 816 978
f 978 816 921
f 978 921 1185
f 1185 921 1071
f 1185 1071 1440
f 1440 1071 1366
f 1440 1366 1691
f 1691 1366 1645
f 1691 1645 2000
f 2000 1645 1963
f 2000 1963 2219
f 2219 1963 2198
f 2219 2198 2601
f 2601 2198 2590
f 2601 2590 2848
f 2848 2590 2851
f 2848 2851 3110
f 3110 2851 3130
f 3110 3130 3388
f 3388 3130 3411
f 3388 3411 3634
f 3634 3411 3679
f 3634 3679 3925
f 3925 3679 3987
f 3925 3987 4186
f 4186 3987 4270
f 4186 4270 4484
f 4484 4270 4592
f 4484 4592 4655
f 4655 4592 4734
f 4655 4734 4745
f 4745 4734 4811
f 4745 4811 4780
f 4780 4811 4834
f 4780 4834 4769
f 4769 4834 4829
f 4769 4829 4724
f 4724 4829 4795
f 4724 4795 4623
f 4623 4795 4688
f 4623 4688 4380
f 4380 4688 4512
f 4380 4512 4099
f 4099 4512 4171
f 4099 4171 3849
f 3849 4171 3890
f 3849 3890 3527
f 3527 3890 3571
f 3527 3571 3336
f 3336 3571 3361
f 3336 3361 2976
f 2976 3361 2992
f 2976 2992 2732
f 2732 2992 2728
f 2732 2728 2463
f 2463 2728 2441
f 2463 2441 2164
f 2164 2441 2138
f 2164 2138 1895
f 1895 2138 1859
f 1895 1859 1610
f 1610 1859 1549
f 1610 1549 1354
f 1354 1549 1285
f 4712 4724 4624
f 4624 4724 4623
f 4624 4623 4381
f 4381 4623 4380
f 4381 4380 4100
f 4100 4380 4099
f 4100 4099 3850
f 3850 4099 3849
f 3850 3849 3528
f 3528 3849 3527
f 3528 3527 3337
f 3337 3527 3336
f 3337 3336 2977
f 2977 3336 2976
f 2977 2976 2733
f 2733 2976 2732
f 2733 2732 2464
f 2464 2732 2463
f 2464 2463 2165
f 2165 2463 2164
f 2165 2164 1896
f 1896 2164 1895
f 1896 1895 1611
f 1611 1895 1610
f 1611 1610 1355
f 1355 1610 1354
f 1355 1354 1095
f 1095 1354 1094
f 1095 1094 951
f 951 1094 950
f 951 950 868
f 868 950 867
f 868 867 833
f 833 867 832
f 833 832 847
f 847 832 846
f 847 846 892
f 892 846 891
f 892 891 979
f 979 891 978
f 979 978 1186
f 1186 978 1185
f 1186 1185 1441
f 1441 1185 1440
f 1441 1440 1692
f 1692 1440 1691
f 1692 1691 2001
f 2001 1691 2000
f 2001 2000 2220
f 2220 2000 2219
f 2220 2219 2602
f 2602 2219 2601
f 2602 2601 2849
f 2849 2601 2848
f 2849 2848 3111
f 3111 2848 3110
f 3111 3110 3389
f 3389 3110 3388
f 3389 3388 3635
f 3635 3388 3634
f 3635 3634 3926
f 3926 3634 3925
f 3926 3925 4187
f 4187 3925 4186
f 4187 4186 4485
f 4485 4186 4484
f 4485 4484 4656
f 4656 4484 4655
f 4656 4655 4746
f 4746 4655 4745
f 4746 4745 4781
f 4781 4745 4780
f 4781 4780 4770
f 4770 4780 4769
f 4770 4769 4712
f 4712 4769 4724
f 951 876 1095
f 1095 876 1000
f 1095 1000 1355
f 1355 1000 1286
f 1355 1286 1611
f 1611 1286 1550
f 1611 1550 1896
f 1896 1550 1860
f 1896 1860 2165
f 2165 1860 2139
f 2165 2139 2464
f 2464 2139 2442
f 2464 2442 2733
f 2733 2442 2729
f 2733 2729 2977
f 2977 2729 2993
f 2977 2993 3337
f 3337 2993 3362
f 3337 3362 3528
f 3528 3362 3572
f 3528 3572 3850
f 3850 3572 3891
f 3850 3891 4100
f 4100 3891 4172
f 4100 4172 4381
f 4381 4172 4513
f 4381 4513 4624
f 4624 4513 4689
f 4624 4689 4712
f 4712 4689 4796
f 4712 4796 4770
f 4770 4796 4830
f 4770 4830 4781
f 4781 4830 4835
f 4781 4835 4746
f 4746 4835 4812
f 4746 4812 4656
f 4656 4812 4735
f 4656 4735 4485
f 4485 4735 4593
f 4485 4593 4187
f 4187 4593 4271
f 4187 4271 3926
f 3926 4271 3988
f 3926 3988 3635
f 3635 3988 3680
f 3635 3680 3389
f 3389 3680 3412
f 3389 3412 3111
f 3111 3412 3131
f 3111 3131 2849
f 2849 3131 2852
f 2849 2852 2602
f 2602 2852 2591
f 2602 2591 2220
f 2220 2591 2199
f 2220 2199 2001
f 2001 2199 1964
f 2001 1964 1692
f 1692 1964 1646
f 1692 1646 1441
f 1441 1646 1367
f 1441 1367 1186
f 1186 1367 1072
f 1186 1072 979
f 979 1072 922
f 979 922 892
f 892 922 817
f 892 817 847
f 847 817 776
f 847 776 833
f 833 776 770
f 833 770 868
f 868 770 804
f 868 804 951
f 951 804 876
f 3034 3031 3029
f 3029 3031 3033
f 3029 3033 3107
f 3107 3033 3116
f 3107 3116 3173
f 3173 3116 3165
f 3173 3165 3105
f 3105 3165 3096
f 3105 3096 3034
f 3034 3096 3031
f 2571 2580 2502
f 2571 2502 2469
f 2469 2502 2437
f 2469 2437 2420
f 2420 2437 2417
f 2420 2417 2433
f 2433 2417 2495
f 2433 2495 2520
f 2520 2495 2580
f 2520 2580 2571
f 3760 3772 3685
f 3760 3685 3659
f 3659 3685 3621
f 3659 3621 3605
f 3605 3621 3619
f 3605 3619 3688
f 3688 3619 3696
f 3688 3696 3762
f 3762 3696 3772
f 3762 3772 3760
f 4348 4356 4319
f 4319 4356 4305
f 4319 4305 4233
f 4233 4305 4226
f 4233 4226 4160
f 4160 4226 4157
f 4160 4157 4199
f 4199 4157 4203
f 4199 4203 4268
f 4268 4203 4280
f 4268 4280 4348
f 4348 4280 4356
f 4690 4705 4682
f 4682 4705 4664
f 4682 4664 4621
f 4621 4664 4591
f 4621 4591 4578
f 4578 4591 4607
f 4578 4607 4631
f 4631 4607 4660
f 4631 4660 4690
f 4690 4660 4705
f 4679 4674 4626
f 4626 4674 4622
f 4626 4622 4575
f 4575 4622 4579
f 4575 4579 4657
f 4657 4579 4667
f 4657 4667 4697
f 4697 4667 4698
f 4697 4698 4679
f 4679 4698 4674
f 4363 4360 4265
f 4265 4360 4232
f 4265 4232 4197
f 4197 4232 4156
f 4197 4156 4165
f 4165 4156 4208
f 4165 4208 4261
f 4261 4208 4290
f 4261 4290 4363
f 4363 4290 4360
f 3153 3152 3147
f 3153 3147 3145
f 3145 3147 3094
f 3094 3147 3090
f 3094 3090 3025
f 3025 3090 3012
f 3025 3012 3037
f 3037 3012 3046
f 3037 3046 3106
f 3106 3046 3108
f 3106 3108 3153
f 3153 3108 3152
f 2544 2549 2550
f 2550 2549 2545
f 2550 2545 2465
f 2465 2545 2454
f 2465 2454 2398
f 2398 2454 2405
f 2398 2405 2470
f 2470 2405 2488
f 2470 2488 2544
f 2544 2488 2549
f 1909 1907 1911
f 1911 1907 1830
f 1830 1907 1797
f 1830 1797 1775
f 1775 1797 1781
f 1775 1781 1806
f 1806 1781 1856
f 1806 1856 1891
f 1891 1856 1909
f 1891 1909 1911
f 1346 1362 1372
f 1372 1362 1331
f 1331 1362 1252
f 1331 1252 1245
f 1245 1252 1210
f 1210 1252 1211
f 1210 1211 1281
f 1281 1211 1288
f 1281 1288 1372
f 1372 1288 1346
f 1005 995 996
f 1005 996 952
f 952 996 936
f 952 936 917
f 917 936 912
f 917 912 927
f 927 912 940
f 927 940 984
f 984 940 995
f 984 995 1005
f 931 937 977
f 977 937 981
f 977 981 1008
f 1008 981 1006
f 1008 1006 949
f 949 1006 939
f 949 939 908
f 908 939 907
f 908 907 931
f 931 907 937
f 1359 1380 1287
f 1359 1287 1273
f 1273 1287 1201
f 1201 1287 1217
f 1201 1217 1233
f 1201 1233 1291
f 1291 1233 1315
f 1291 1315 1348
f 1348 1315 1380
f 1348 1380 1359
f 1915 1917 1886
f 1886 1917 1893
f 1886 1893 1834
f 1886 1834 1801
f 1801 1834 1766
f 1801 1766 1778
f 1778 1766 1864
f 1778 1864 1868
f 1868 1864 1915
f 1915 1864 1917
f 4173 4178 4322
f 4322 4178 4325
f 4459 4464 4462
f 4462 4464 4457
f 4170 4174 4320
f 4320 4174 4315
f 3746 3745 3948
f 3948 3745 3937
f 3435 3439 3262
f 3262 3439 3265
f 2692 2691 2823
f 2692 2823 2889
f 2889 2823 2888
f 2102 2101 2294
f 2294 2101 2295
f 1592 1588 1788
f 1788 1588 1792
f 1235 1238 1358
f 1358 1238 1365
f 1117 1111 1113
f 1113 1111 1119
f 1368 1363 1239
f 1239 1363 1243
f 1790 1791 1586
f 1586 1791 1597
f 2104 2099 2292
f 2292 2099 2288
f 2886 2887 2759
f 2886 2759 2689
f 2689 2759 2690
f 3260 3261 3437
f 3437 3261 3436
f 3747 3761 3765
f 3765 3761 3669
f 3669 3761 3663
f 3669 3663 3610
f 3610 3663 3609
f 3610 3609 3641
f 3641 3609 3650
f 3641 3650 3735
f 3735 3650 3747
f 3735 3747 3765
f 4322 4336 4173
f 4173 4336 4206
f 4173 4206 3947
f 3947 4206 4020
f 3947 4020 3744
f 3744 4020 3816
f 3744 3816 3437
f 3437 3816 3525
f 3437 3525 3260
f 3260 3525 3359
f 3260 3359 3042
f 3042 3359 3059
f 3042 3059 2759
f 2759 3059 2824
f 2759 2824 2554
f 2554 2824 2553
f 2554 2553 2292
f 2292 2553 2214
f 2292 2214 2021
f 2021 2214 2032
f 2021 2032 1791
f 1791 2032 1754
f 1791 1754 1597
f 1597 1754 1531
f 1597 1531 1363
f 1363 1531 1357
f 1363 1357 1243
f 1243 1357 1220
f 1243 1220 1113
f 1113 1220 1121
f 1113 1121 1117
f 1117 1121 1108
f 1117 1108 1238
f 1238 1108 1223
f 1238 1223 1365
f 1365 1223 1332
f 1365 1332 1588
f 1588 1332 1511
f 1588 1511 1792
f 1792 1511 1722
f 1792 1722 2101
f 2101 1722 2003
f 2101 2003 2295
f 2295 2003 2197
f 2295 2197 2540
f 2540 2197 2522
f 2540 2522 2823
f 2823 2522 2758
f 2823 2758 3021
f 3021 2758 3020
f 3021 3020 3262
f 3262 3020 3341
f 3262 3341 3506
f 3506 3341 3494
f 3506 3494 3745
f 3745 3494 3788
f 3745 3788 3937
f 3937 3788 4007
f 3937 4007 4174
f 4174 4007 4175
f 4174 4175 4315
f 4315 4175 4329
f 4315 4329 4462
f 4462 4329 4455
f 4462 4455 4459
f 4459 4455 4466
f 4459 4466 4322
f 4322 4466 4336
f 1747 1607 1534
f 3148 3151 2821
f 4397 4354 4188
f 3005 3153 3348
f 2089 1729 1891
f 1891 1729 1515
f 939 1026 1033
f 1514 1891 1263
f 2944 2766 2701
f 4641 4490 4738
f 4667 4579 4553
f 3165 3116 3275
f 3031 3028 2821
f 3031 2821 3033
f 3165 3358 3096
f 3096 3358 3028
f 3096 3028 3031
f 3659 3518 3812
f 3659 3812 3760
f 3558 3688 3982
f 3982 3688 3762
f 3982 3762 3760
f 4698 4667 4719
f 4456 4622 4674
f 4719 4766 4698
f 4456 4674 4766
f 4766 4674 4698
f 4622 4456 4579
f 4579 4453 4555
f 4261 4616 4188
f 4261 4188 4165
f 4165 4188 4005
f 4265 4075 4343
f 4265 4343 4363
f 4363 4343 4616
f 3145 3297 3153
f 3106 3153 3005
f 3297 3145 3094
f 3297 3094 2944
f 3037 2766 3025
f 3025 2766 2944
f 3025 2944 3094
f 1804 2094 1911
f 1775 1514 1830
f 1830 1514 1804
f 1830 1804 1911
f 2089 1891 1911
f 2089 1911 2094
f 1514 1775 1806
f 1514 1806 1891
f 1128 984 1005
f 1128 1005 924
f 924 1005 952
f 924 952 917
f 924 917 857
f 984 1120 927
f 1201 1088 1273
f 1273 1088 1353
f 1088 1201 1336
f 1201 1291 1336
f 1353 1359 1273
f 1291 1348 1336
f 1336 1348 1607
f 1607 1348 1359
f 1607 1359 1353
f 1747 2092 1886
f 2043 1915 2092
f 2092 1915 1886
f 1747 1886 1801
f 1747 1801 1607
f 1801 1778 1607
f 1607 1778 2043
f 2043 1778 1868
f 2043 1868 1915
f 2469 2420 2043
f 2520 2571 2821
f 2420 2433 2043
f 2043 2433 2478
f 2478 2433 2520
f 3028 2744 2821
f 2821 2744 2478
f 2821 2478 2520
f 3358 3165 3275
f 3358 3275 3558
f 3688 3558 3605
f 4160 4199 3982
f 3982 3760 3812
f 4319 4511 4348
f 4348 4511 4481
f 4348 4481 4268
f 4268 4481 3982
f 4268 3982 4199
f 4511 4319 4233
f 4481 4511 4641
f 4490 4631 4738
f 4738 4631 4690
f 4738 4690 4742
f 4742 4690 4682
f 4621 4440 4456
f 4621 4456 4682
f 4440 4621 4578
f 4766 4775 4456
f 4456 4775 4742
f 4456 4742 4682
f 4719 4667 4553
f 4719 4553 4616
f 4363 4616 4261
f 3641 3735 3793
f 3793 3735 3765
f 4265 4197 4075
f 4075 4197 3793
f 4075 3793 3795
f 3795 3793 3765
f 3795 3765 3669
f 3795 3669 3478
f 3478 3669 3610
f 3641 3524 3610
f 3610 3524 3478
f 3478 3524 3348
f 3297 3478 3153
f 3153 3478 3348
f 2094 2405 2334
f 2405 2094 2360
f 2405 2360 2488
f 2488 2360 2701
f 2488 2701 2549
f 2334 2405 2454
f 2334 2454 2429
f 2454 2545 2766
f 2766 2545 2701
f 2701 2545 2549
f 1245 1028 1263
f 1245 1263 1331
f 1210 1281 1319
f 1319 1281 1372
f 1319 1372 1515
f 1515 1372 1891
f 1891 1372 1331
f 1128 1210 1319
f 1128 924 1028
f 1128 1028 1210
f 1210 1028 1245
f 917 927 857
f 857 927 1120
f 857 1120 834
f 871 907 942
f 942 907 939
f 942 939 1033
f 942 1033 1088
f 1088 1033 1353
f 1006 981 1120
f 1120 981 834
f 981 937 834
f 834 937 871
f 871 937 907
f 1026 939 1006
f 1026 1006 1126
f 1353 1168 1206
f 1206 1126 1120
f 1126 1006 1120
f 1128 1120 984
f 2334 2274 2094
f 2094 2274 2089
f 2089 2274 2272
f 2272 2332 2089
f 1263 1891 1331
f 2429 2454 2766
f 2429 2766 2423
f 2766 3037 3005
f 3005 3037 3106
f 3524 3641 3793
f 4005 3793 4197
f 4005 4197 4165
f 4616 4553 4397
f 4616 4397 4188
f 4579 4555 4553
f 4453 4579 4456
f 4453 4456 4354
f 4490 4440 4578
f 4490 4578 4631
f 4641 4573 4490
f 4440 4490 4335
f 4440 4335 4102
f 4641 4511 4573
f 4335 4341 4102
f 4102 4341 4511
f 4102 4511 4233
f 4102 4233 4160
f 4102 4160 3982
f 4102 3982 3812
f 3229 3558 3278
f 3659 3605 3518
f 3518 3605 3558
f 3518 3558 3229
f 3558 3275 3278
f 3033 2821 3116
f 3116 2821 3151
f 3116 3151 3275
f 2821 2571 2574
f 2574 2571 2469
f 2574 2469 2043
f 2574 2043 2092
f 1534 1607 1353
f 1168 1353 1033
f 4225 4303 4007
f 1754 1343 1531
f 3359 3357 3059
f 4471 4355 4466
f 3172 3363 3226
f 3172 3226 3125
f 3363 3172 3091
f 3363 3091 2820
f 3091 3004 2758
f 2758 3004 3064
f 3170 3064 3125
f 3170 3125 3226
f 1241 944 1232
f 1232 944 1148
f 1241 1333 1332
f 1578 1378 1314
f 1578 1314 1148
f 1148 1314 1232
f 899 959 1220
f 1220 959 1004
f 930 848 1108
f 930 1108 989
f 848 930 916
f 848 916 899
f 1820 2103 1633
f 1820 1633 1772
f 1820 1892 2103
f 2103 1892 2032
f 2032 1892 1916
f 1916 1879 2032
f 2032 1879 1343
f 1343 1879 1812
f 1343 1812 1633
f 1633 1812 1772
f 3059 3357 3137
f 3357 3160 3137
f 3061 3032 2824
f 2824 3032 2926
f 2926 3032 3115
f 2926 3115 3357
f 4618 4224 4361
f 4195 4020 4206
f 4195 4206 4289
f 4289 4206 4618
f 4289 4618 4361
f 4195 4183 3887
f 4224 3887 4183
f 4224 4183 4260
f 4224 4260 4361
f 4570 4588 4658
f 4658 4701 4618
f 4618 4701 4763
f 4600 4588 4471
f 4763 4701 4767
f 4767 4701 4653
f 4767 4653 4466
f 4466 4653 4600
f 3618 3363 3695
f 3695 3363 3806
f 3494 3620 3788
f 3620 3686 3788
f 3788 3686 3773
f 4007 3788 4139
f 4139 3788 3773
f 4139 3773 3806
f 3806 3773 3695
f 4466 4600 4471
f 4618 4497 4570
f 4588 4570 4471
f 4206 4355 4618
f 4618 4355 4497
f 4020 4195 3887
f 4020 3887 3816
f 3816 3887 3763
f 3763 3887 3736
f 3670 3525 3816
f 3670 3816 3763
f 3736 3887 3477
f 3736 3477 3638
f 3615 3638 3477
f 3115 3160 3357
f 3477 3357 3359
f 3477 3359 3615
f 3615 3359 3525
f 3615 3525 3670
f 3137 3061 3059
f 3059 3061 2824
f 2576 2516 2824
f 2576 2824 2926
f 2576 2926 2493
f 2493 2926 2489
f 2493 2489 2103
f 2493 2103 2399
f 2399 2103 2312
f 2421 2824 2425
f 2425 2824 2516
f 2425 2516 2447
f 2425 2447 2312
f 2312 2447 2399
f 1343 1754 2032
f 2032 2306 2262
f 2032 2262 2103
f 2103 2262 2312
f 1377 1531 1338
f 1338 1531 1343
f 1357 1308 1221
f 1251 1343 1031
f 1251 1031 1221
f 1377 1308 1531
f 1531 1308 1357
f 1221 1031 1357
f 1357 1031 1220
f 1121 1220 1004
f 1004 989 1121
f 1121 989 1108
f 948 906 944
f 1052 997 1002
f 944 906 848
f 948 944 1029
f 848 906 953
f 848 953 1108
f 1108 953 997
f 1108 997 1052
f 1108 1052 1178
f 1052 1002 1029
f 1029 1002 948
f 1180 1064 944
f 944 1064 1029
f 1332 1178 1180
f 944 1241 1332
f 944 1332 1180
f 1333 1378 1332
f 1332 1378 1578
f 1332 1578 1511
f 1511 1578 1722
f 1722 1578 1789
f 1975 1920 1873
f 1866 2003 1722
f 1866 1722 1789
f 1975 1873 1783
f 1975 1783 1578
f 2569 2529 2820
f 2758 2522 2501
f 2820 3091 2758
f 2820 2758 2569
f 2569 2758 2501
f 2455 2344 2820
f 2455 2820 2529
f 2409 2436 2197
f 2197 2436 2522
f 2522 2436 2501
f 2455 2409 2344
f 2344 2409 2197
f 2344 2197 1975
f 1975 2197 2003
f 1975 2003 1920
f 1920 2003 1866
f 2758 3064 3170
f 2758 3170 3150
f 3252 3618 3494
f 3494 3618 3620
f 3299 3618 3252
f 4312 4349 4642
f 4642 4349 4139
f 4139 4349 4279
f 4279 4202 4139
f 4139 4202 4007
f 4007 4202 4158
f 4007 4158 4225
f 4767 4702 4642
f 4642 4702 4659
f 4642 4659 4606
f 4606 4303 4642
f 4642 4303 4225
f 4642 4225 4312
f 4303 4606 4590
f 4303 4590 4455
f 4455 4590 4466
f 4466 4590 4665
f 4466 4665 4767
f 4767 4665 4702
f 1220 1031 899
f 959 899 916
f 1343 1251 1338
f 4618 4570 4658
f 3618 3299 3226
f 3618 3226 3363
f 1578 1783 1789
f 4719 4712 4774
f 3919 3567 3815
f 3919 3815 4132
f 3919 4132 3918
f 3918 4132 4075
f 3918 4075 3821
f 3821 4075 3795
f 3821 3795 3568
f 3568 3795 3478
f 3568 3478 3567
f 3567 3478 3477
f 3567 3477 3815
f 3313 3357 3477
f 3313 3477 3314
f 3314 3477 3478
f 3314 3478 3297
f 3314 3297 2944
f 2701 2922 2944
f 2944 2922 3314
f 2750 3002 2923
f 2923 3002 3313
f 3313 3002 3357
f 2701 2654 2653
f 2246 2489 2653
f 2653 2489 2750
f 2653 2750 2701
f 2701 2750 2923
f 2701 2923 2922
f 2246 2156 2489
f 2654 2701 2244
f 2244 2701 2360
f 2244 2360 2094
f 2244 2094 2246
f 2246 2094 2156
f 1954 1621 1794
f 1954 1794 2156
f 1954 2156 1961
f 1961 2156 2094
f 1961 2094 1804
f 1961 1804 1622
f 1622 1804 1514
f 1622 1514 1621
f 1621 1514 1458
f 1621 1458 1794
f 1300 1458 1301
f 1301 1458 1514
f 1301 1514 1263
f 1301 1263 1025
f 1025 1263 1028
f 1025 1028 1024
f 924 897 896
f 897 924 837
f 837 924 857
f 837 857 834
f 837 834 838
f 838 834 831
f 838 831 853
f 835 831 841
f 841 831 834
f 841 834 893
f 898 869 835
f 835 869 831
f 834 865 893
f 893 865 942
f 893 942 898
f 898 942 958
f 898 958 869
f 1021 1148 958
f 1021 958 1023
f 1023 958 942
f 1023 942 1088
f 1023 1088 1303
f 1303 1088 1336
f 1303 1336 1302
f 1462 1619 1807
f 1807 1619 1960
f 1960 2087 1807
f 1620 1607 1959
f 1959 1607 1880
f 1959 1880 2159
f 1959 2159 1960
f 1960 2159 2087
f 2702 2344 2652
f 2652 2344 2243
f 2243 2344 2087
f 2243 2087 2245
f 2245 2087 2159
f 2245 2159 2478
f 2245 2478 2655
f 2655 2478 2744
f 2655 2744 2652
f 2652 2744 2702
f 2927 3001 2702
f 2927 2702 2925
f 2925 2702 2744
f 2925 2744 3028
f 2925 3028 3317
f 3317 3028 3358
f 3317 3358 3316
f 3558 3570 3569
f 3570 3558 3920
f 3920 3558 3877
f 3920 3877 4133
f 3920 4133 3915
f 3915 4133 4078
f 4625 4373 4563
f 4563 4373 4235
f 4235 4373 4078
f 4235 4078 4236
f 4236 4078 4133
f 4236 4133 4566
f 4566 4133 4481
f 4566 4481 4641
f 4566 4641 4563
f 4563 4641 4625
f 4718 4771 4743
f 4718 4743 4625
f 4718 4625 4711
f 4711 4625 4641
f 4711 4641 4738
f 4711 4738 4772
f 4772 4738 4775
f 4772 4775 4771
f 4771 4775 4784
f 4771 4784 4743
f 4773 4784 4774
f 4774 4784 4775
f 4774 4775 4766
f 4774 4766 4719
f 4712 4719 4616
f 4712 4616 4710
f 4710 4616 4671
f 4710 4671 4763
f 4710 4763 4773
f 4773 4763 4784
f 4132 4448 4239
f 4239 4448 4558
f 4558 4448 4671
f 4558 4671 4559
f 4559 4671 4616
f 4559 4616 4242
f 4242 4616 4343
f 4242 4343 4075
f 4242 4075 4239
f 4239 4075 4132
f 4078 3806 3915
f 3915 3806 3569
f 3569 3806 3441
f 3569 3441 3558
f 3558 3441 3358
f 3358 3441 3316
f 3316 3441 3001
f 3316 3001 2927
f 1148 1021 1302
f 1148 1302 1462
f 1462 1302 1336
f 1462 1336 1607
f 1462 1607 1620
f 1462 1620 1619
f 838 853 896
f 896 853 954
f 896 954 924
f 924 954 1028
f 1028 954 1024
f 1024 954 1198
f 1024 1198 1300
f 1300 1198 1458
f 4354 4350 4188
f 4188 4350 4178
f 4188 4178 4005
f 4005 4178 3942
f 4005 3942 3793
f 3793 3942 3748
f 3793 3748 3524
f 3524 3748 3509
f 3524 3509 3348
f 3348 3509 3349
f 3348 3349 3005
f 3005 3349 3057
f 3005 3057 2766
f 2766 3057 2886
f 2766 2886 2556
f 2556 2886 2555
f 2556 2555 2215
f 2215 2555 2288
f 2215 2288 2022
f 2022 2288 2099
f 2022 2099 1729
f 1729 2099 1790
f 1729 1790 1515
f 1515 1790 1586
f 1515 1586 1319
f 1319 1586 1368
f 1319 1368 1227
f 1227 1368 1239
f 1227 1239 1137
f 1137 1239 1119
f 1137 1119 1120
f 1120 1119 1111
f 1120 1111 1206
f 1206 1111 1209
f 1206 1209 1353
f 1353 1209 1358
f 1353 1358 1534
f 1534 1358 1592
f 1534 1592 1747
f 1747 1592 1788
f 1747 1788 2018
f 2018 1788 2017
f 2018 2017 2209
f 2209 2017 2208
f 2209 2208 2574
f 2574 2208 2527
f 2574 2527 2821
f 2821 2527 2692
f 2821 2692 3023
f 3023 2692 3022
f 3023 3022 3342
f 3342 3022 3265
f 3342 3265 3518
f 3518 3265 3439
f 3518 3439 3812
f 3812 3439 3746
f 3812 3746 4000
f 4000 3746 3948
f 4000 3948 4176
f 4176 3948 4170
f 4176 4170 4330
f 4330 4170 4320
f 4330 4320 4437
f 4437 4320 4457
f 4437 4457 4456
f 4456 4457 4464
f 4456 4464 4354
f 4354 4464 4350
f 3263 3256 3201
f 3201 3256 3197
f 3201 3197 3154
f 3154 3197 3159
f 3154 3159 3222
f 3222 3159 3226
f 3222 3226 3268
f 3268 3226 3271
f 3268 3271 3263
f 3263 3271 3256
f 3219 3263 3201
f 3219 3201 3199
f 3199 3201 3154
f 3199 3154 3222
f 3199 3222 3250
f 3250 3222 3268
f 3250 3268 3263
f 3250 3263 3219
f 3003 3004 3080
f 3080 3004 3091
f 3080 3091 3164
f 3164 3091 3172
f 3164 3172 3133
f 3133 3172 3125
f 3133 3125 3072
f 3072 3125 3064
f 3072 3064 3003
f 3003 3064 3004
f 2569 2570 2529
f 2529 2570 2521
f 2529 2521 2455
f 2455 2521 2434
f 2455 2434 2409
f 2409 2434 2419
f 2409 2419 2436
f 2436 2419 2468
f 2436 2468 2501
f 2501 2468 2570
f 2501 2570 2569
f 1871 1923 1920
f 1920 1923 1873
f 1873 1923 1867
f 1873 1867 1783
f 1783 1867 1779
f 1783 1779 1789
f 1789 1779 1800
f 1789 1800 1866
f 1866 1800 1871
f 1866 1871 1920
f 1333 1361 1378
f 1378 1361 1347
f 1378 1347 1314
f 1314 1347 1290
f 1314 1290 1232
f 1232 1290 1200
f 1232 1200 1241
f 1241 1200 1272
f 1241 1272 1333
f 1333 1272 1361
f 957 953 909
f 909 953 906
f 909 906 938
f 938 906 948
f 938 948 998
f 998 948 1002
f 998 1002 1001
f 1001 1002 997
f 1001 997 957
f 957 997 953
f 972 1007 1004
f 1004 1007 989
f 989 1007 985
f 989 985 930
f 930 985 926
f 930 926 916
f 916 926 920
f 916 920 959
f 959 920 972
f 959 972 1004
f 1338 1349 1377
f 1377 1349 1373
f 1377 1373 1308
f 1308 1373 1304
f 1308 1304 1221
f 1221 1304 1212
f 1221 1212 1251
f 1251 1212 1261
f 1251 1261 1338
f 1338 1261 1349
f 1892 1912 1916
f 1916 1912 1890
f 1916 1890 1879
f 1879 1890 1812
f 1812 1890 1805
f 1812 1805 1772
f 1772 1805 1774
f 1772 1774 1820
f 1820 1774 1829
f 1820 1829 1892
f 1892 1829 1912
f 2577 2576 2503
f 2503 2576 2493
f 2503 2493 2404
f 2404 2493 2399
f 2404 2399 2440
f 2440 2399 2447
f 2440 2447 2510
f 2510 2447 2516
f 2510 2516 2577
f 2577 2516 2576
f 3121 3169 3160
f 3160 3169 3137
f 3137 3169 3117
f 3137 3117 3061
f 3061 3117 3038
f 3061 3038 3032
f 3032 3038 3044
f 3032 3044 3115
f 3115 3044 3121
f 3115 3121 3160
f 3736 3751 3763
f 3763 3751 3764
f 3763 3764 3694
f 3763 3694 3670
f 3670 3694 3629
f 3670 3629 3615
f 3615 3629 3611
f 3615 3611 3638
f 3638 3611 3668
f 3638 3668 3736
f 3736 3668 3751
f 4361 4284 4362
f 4361 4362 4289
f 4289 4362 4282
f 4289 4282 4195
f 4195 4282 4179
f 4195 4179 4183
f 4183 4179 4196
f 4183 4196 4260
f 4260 4196 4284
f 4260 4284 4361
f 4643 4653 4696
f 4696 4653 4701
f 4696 4701 4666
f 4666 4701 4658
f 4666 4658 4597
f 4597 4658 4588
f 4597 4588 4589
f 4589 4588 4600
f 4589 4600 4643
f 4643 4600 4653
f 4672 4699 4702
f 4702 4699 4680
f 4702 4680 4659
f 4659 4680 4630
f 4659 4630 4606
f 4606 4630 4577
f 4606 4577 4590
f 4590 4577 4620
f 4590 4620 4665
f 4665 4620 4672
f 4665 4672 4702
f 4276 4372 4312
f 4312 4372 4349
f 4349 4372 4279
f 4279 4372 4269
f 4279 4269 4202
f 4202 4269 4198
f 4202 4198 4158
f 4158 4198 4177
f 4158 4177 4225
f 4225 4177 4276
f 4225 4276 4312
f 3773 3713 3774
f 3773 3774 3695
f 3695 3774 3687
f 3695 3687 3618
f 3618 3687 3616
f 3618 3616 3620
f 3620 3616 3626
f 3620 3626 3686
f 3686 3626 3713
f 3686 3713 3773
f 1152 1158 1166
f 1166 1158 1162
f 1166 1162 1087
f 1087 1162 1077
f 1087 1077 1041
f 1041 1077 1029
f 1041 1029 1067
f 1067 1029 1064
f 1067 1064 1152
f 1152 1064 1158
f 1073 1087 1041
f 1073 1041 1083
f 1083 1041 1067
f 1083 1067 1152
f 1083 1152 1139
f 1139 1152 1166
f 1139 1166 1073
f 1073 1166 1087
f 2290 2262 2317
f 2290 2317 2368
f 2368 2317 2373
f 2368 2373 2415
f 2415 2373 2410
f 2415 2410 2336
f 2336 2410 2333
f 2336 2333 2284
f 2284 2333 2281
f 2284 2281 2290
f 2290 2281 2262
f 2370 2336 2307
f 2307 2336 2284
f 2307 2284 2290
f 2307 2290 2341
f 2341 2290 2368
f 2341 2368 2370
f 2370 2368 2415
f 2370 2415 2336
f 4421 4415 4404
f 4404 4415 4407
f 4404 4407 4493
f 4493 4407 4505
f 4493 4505 4545
f 4545 4505 4542
f 4545 4542 4519
f 4519 4542 4514
f 4519 4514 4421
f 4421 4514 4415
f 4494 4519 4421
f 4494 4421 4433
f 4433 4421 4404
f 4433 4404 4508
f 4508 4404 4493
f 4508 4493 4545
f 4508 4545 4494
f 4494 4545 4519
f 1114 1155 1070
f 1114 1070 1043
f 1043 1070 1042
f 1043 1042 1066
f 1066 1042 1082
f 1066 1082 1123
f 1123 1082 1164
f 1123 1164 1177
f 1177 1164 1155
f 1177 1155 1114
f 1081 1066 1123
f 1081 1123 1142
f 1142 1123 1177
f 1142 1177 1114
f 1142 1114 1076
f 1076 1114 1043
f 1076 1043 1081
f 1081 1043 1066
f 2275 2272 2274
f 2275 2274 2320
f 2320 2274 2334
f 2320 2334 2388
f 2388 2334 2411
f 2388 2411 2397
f 2397 2411 2372
f 2397 2372 2342
f 2342 2372 2310
f 2342 2310 2275
f 2275 2310 2272
f 2314 2320 2375
f 2375 2320 2388
f 2375 2388 2397
f 2375 2397 2331
f 2331 2397 2342
f 2331 2342 2275
f 2331 2275 2314
f 2314 2275 2320
f 4461 4419 4516
f 4461 4516 4541
f 4541 4516 4544
f 4541 4544 4520
f 4520 4544 4496
f 4520 4496 4454
f 4454 4496 4405
f 4454 4405 4391
f 4391 4405 4419
f 4391 4419 4461
f 4432 4461 4507
f 4507 4461 4541
f 4507 4541 4501
f 4501 4541 4520
f 4501 4520 4454
f 4501 4454 4432
f 4432 4454 4391
f 4432 4391 4461
f 3277 3278 3269
f 3277 3269 3239
f 3239 3269 3223
f 3239 3223 3180
f 3180 3223 3158
f 3180 3158 3174
f 3174 3158 3198
f 3174 3198 3218
f 3218 3198 3247
f 3218 3247 3277
f 3277 3247 3278
f 3225 3174 3218
f 3225 3218 3277
f 3225 3277 3245
f 3245 3277 3239
f 3245 3239 3196
f 3196 3239 3180
f 3196 3180 3174
f 3196 3174 3225
f 3342 3229 3023
f 3023 3229 3148
f 3023 3148 2821
f 2209 2574 2092
f 4000 4102 3812
f 3342 3518 3229
f 4102 4000 4176
f 4102 4176 4440
f 4440 4176 4330
f 4440 4330 4437
f 4437 4456 4440
f 2215 2332 2556
f 2556 2332 2423
f 2556 2423 2766
f 2022 1729 2089
f 2022 2089 2215
f 2215 2089 2332
f 2209 2092 2018
f 2018 2092 1747
f 1137 1120 1128
f 1137 1128 1227
f 1227 1128 1319
f 4738 4742 4775
f 4133 3982 4481
f 3982 4133 3877
f 3982 3877 3558
f 2478 2159 2043
f 1607 2043 1880
f 1880 2043 2159
f 942 865 871
f 834 871 865
f 944 958 1148
f 1807 1578 1462
f 1462 1578 1148
f 2087 2344 1975
f 1578 1807 1975
f 1975 1807 2087
f 2344 2702 2820
f 2820 2702 3001
f 2820 3001 3363
f 3363 3001 3441
f 3363 3441 3806
f 3806 4078 4139
f 4139 4078 4373
f 4139 4373 4642
f 4642 4373 4625
f 4642 4625 4743
f 4642 4743 4767
f 4767 4743 4784
f 4767 4784 4763
f 4763 4671 4618
f 4618 4671 4448
f 4618 4448 4224
f 4224 4448 4132
f 4224 4132 3887
f 3887 4132 3815
f 3887 3815 3477
f 2926 3357 3002
f 3002 2750 2926
f 2926 2750 2489
f 2489 2156 2103
f 2156 1794 2103
f 2103 1794 1633
f 1633 1794 1458
f 1633 1458 1343
f 954 1031 1198
f 1198 1031 1343
f 1198 1343 1458
f 1031 954 899
f 899 954 853
f 899 853 848
f 848 853 831
f 848 831 869
f 848 869 944
f 944 869 958
f 3020 3150 3341
f 3341 3150 3252
f 3341 3252 3494
f 1223 1108 1178
f 1223 1178 1332
f 3020 2758 3150
f 2553 2421 2214
f 2214 2421 2306
f 2214 2306 2032
f 4007 4303 4175
f 4175 4303 4329
f 4329 4303 4455
f 4336 4466 4355
f 4336 4355 4206
f 2553 2824 2421
f 3158 3148 3198
f 3198 3148 3229
f 3198 3229 3247
f 3247 3229 3278
f 3269 3278 3275
f 3269 3275 3223
f 3223 3275 3151
f 3223 3151 3158
f 3158 3151 3148
f 1042 1026 1082
f 1082 1026 1126
f 1082 1126 1164
f 1164 1126 1206
f 1164 1206 1155
f 1155 1206 1168
f 1155 1168 1070
f 1070 1168 1033
f 1070 1033 1042
f 1042 1033 1026
f 2411 2334 2429
f 2411 2429 2423
f 2411 2423 2372
f 2372 2423 2332
f 2372 2332 2310
f 2310 2332 2272
f 4419 4397 4516
f 4516 4397 4553
f 4516 4553 4544
f 4544 4553 4555
f 4544 4555 4496
f 4496 4555 4453
f 4496 4453 4405
f 4405 4453 4354
f 4405 4354 4419
f 4419 4354 4397
f 3256 3252 3197
f 3197 3252 3150
f 3197 3150 3159
f 3159 3150 3170
f 3159 3170 3226
f 3271 3226 3299
f 3271 3299 3256
f 3256 3299 3252
f 1162 1178 1077
f 1077 1178 1052
f 1077 1052 1029
f 1158 1064 1180
f 1158 1180 1162
f 1162 1180 1178
f 2410 2425 2333
f 2333 2425 2312
f 2333 2312 2281
f 2281 2312 2262
f 2317 2262 2306
f 2317 2306 2373
f 2373 2306 2421
f 2373 2421 2410
f 2410 2421 2425
f 4514 4497 4415
f 4415 4497 4355
f 4415 4355 4407
f 4407 4355 4471
f 4407 4471 4505
f 4505 4471 4570
f 4505 4570 4542
f 4542 4570 4514
f 4514 4570 4497
f 3942 3947 3748
f 3748 3947 3744
f 2823 2691 2540
f 2540 2691 2295
f 3021 2888 2823
f 3021 3262 2888
f 3506 3435 3262
f 3506 3745 3435
f 2759 2887 3042
f 3042 2887 3260
f 2554 2690 2759
f 2554 2292 2690
f 2021 2104 2292
f 2021 1791 2104
f 2692 2889 3022
f 3022 2889 3265
f 2208 2294 2527
f 2017 2102 2208
f 2208 2102 2294
f 2017 1788 2102
f 1209 1235 1358
f 2886 2689 2555
f 2555 2689 2288
f 3349 3261 3057
f 3509 3436 3349
f 3349 3436 3261
f 3509 3748 3436
f 4350 4325 4178
f 4573 4510 4490
f 4490 4510 4340
f 4490 4340 4335
f 4335 4340 4337
f 4335 4337 4341
f 4341 4337 4492
f 4341 4492 4511
f 4511 4492 4574
f 4511 4574 4573
f 4573 4574 4510
f 4492 4337 4340
f 4492 4510 4574
f 4492 4340 4510
f 3611 3437 3567
f 3611 3567 3668
f 3744 3694 3919
f 3919 3694 3764
f 3611 3629 3437
f 3437 3629 3744
f 3744 3629 3694
f 3919 3751 3567
f 3567 3751 3668
f 3919 3764 3751
f 3436 3568 3437
f 3437 3568 3567
f 3748 3744 3918
f 3918 3744 3919
f 3761 3747 3918
f 3918 3747 3748
f 3609 3568 3436
f 3609 3436 3650
f 3609 3663 3568
f 3568 3663 3821
f 3748 3747 3650
f 3748 3650 3436
f 3663 3761 3821
f 3821 3761 3918
f 4712 4495 4509
f 4774 4712 4697
f 4350 4464 4509
f 4509 4434 4350
f 4350 4434 4325
f 4325 4434 4495
f 4325 4495 4712
f 4774 4697 4679
f 4774 4679 4464
f 4464 4679 4626
f 4464 4626 4575
f 4464 4575 4509
f 4575 4657 4509
f 4509 4657 4712
f 4712 4657 4697
f 4322 4431 4459
f 4459 4431 4500
f 4459 4500 4597
f 4710 4506 4322
f 4322 4506 4431
f 4597 4589 4459
f 4459 4589 4643
f 4459 4643 4773
f 4773 4643 4696
f 4773 4696 4710
f 4710 4696 4666
f 4506 4710 4666
f 4506 4666 4500
f 4500 4666 4597
f 4464 4459 4774
f 4774 4459 4773
f 4325 4712 4322
f 4322 4712 4710
f 4705 4660 4711
f 4711 4660 4320
f 4320 4660 4607
f 4320 4607 4591
f 4320 4591 4457
f 4457 4591 4772
f 4772 4591 4664
f 4664 4705 4772
f 4772 4705 4711
f 4315 4577 4630
f 4315 4630 4718
f 4718 4630 4680
f 4699 4672 4771
f 4771 4672 4462
f 4462 4672 4620
f 4462 4620 4315
f 4315 4620 4577
f 4718 4680 4699
f 4718 4699 4771
f 4320 4315 4711
f 4711 4315 4718
f 4457 4772 4462
f 4462 4772 4771
f 4280 4236 4356
f 4356 4236 4566
f 4305 4566 4226
f 4226 4566 4170
f 4566 4305 4356
f 4236 4280 4203
f 4236 4203 3948
f 4203 4157 3948
f 3948 4157 4170
f 4170 4157 4226
f 4372 4276 4563
f 4198 4235 3937
f 4198 3937 4177
f 4198 4269 4235
f 4235 4269 4563
f 4563 4276 4174
f 4174 4276 4177
f 4174 4177 3937
f 4269 4372 4563
f 3948 3937 4236
f 4236 3937 4235
f 4170 4566 4174
f 4174 4566 4563
f 3696 3570 3920
f 3746 3685 3920
f 3920 3685 3772
f 3570 3696 3619
f 3570 3619 3439
f 3439 3619 3621
f 3439 3621 3746
f 3746 3621 3685
f 3920 3772 3696
f 3626 3616 3435
f 3435 3616 3569
f 3569 3616 3687
f 3626 3435 3713
f 3713 3435 3745
f 3713 3745 3915
f 3713 3915 3774
f 3569 3687 3915
f 3915 3687 3774
f 3439 3435 3570
f 3570 3435 3569
f 3746 3920 3745
f 3745 3920 3915
f 3193 3235 3265
f 3317 3173 3105
f 3265 3235 3251
f 3265 3251 3317
f 3317 3105 2925
f 3173 3317 3251
f 3173 3251 3212
f 3105 3034 2925
f 2925 3034 2889
f 2889 3034 3029
f 3193 3265 2889
f 3193 2889 3029
f 3193 3029 3107
f 3193 3107 3212
f 3212 3107 3173
f 3224 3262 3244
f 3244 3262 3316
f 3262 3224 2888
f 2888 3224 3195
f 2888 3195 3072
f 2888 3072 3003
f 2888 3003 2927
f 2927 3003 3080
f 3195 3164 3133
f 3195 3133 3072
f 2927 3080 3316
f 3316 3080 3164
f 3164 3195 3244
f 3164 3244 3316
f 2889 2888 2925
f 2925 2888 2927
f 3265 3317 3262
f 3262 3317 3316
f 2417 2245 2495
f 2495 2245 2655
f 2495 2655 2580
f 2245 2417 2294
f 2692 2580 2655
f 2417 2437 2294
f 2294 2437 2527
f 2527 2437 2502
f 2527 2502 2692
f 2692 2502 2580
f 2521 2652 2434
f 2434 2652 2243
f 2691 2570 2468
f 2691 2468 2295
f 2295 2468 2419
f 2295 2419 2243
f 2243 2419 2434
f 2652 2521 2570
f 2652 2570 2691
f 2294 2295 2245
f 2245 2295 2243
f 2692 2655 2691
f 2691 2655 2652
f 1620 1766 1788
f 1959 1864 1620
f 1620 1864 1766
f 1766 1834 1788
f 1788 1834 2102
f 2102 1834 1893
f 1893 1917 2102
f 2102 1917 1959
f 1959 1917 1864
f 1619 1779 1960
f 1960 1779 1867
f 1792 2101 1871
f 1960 1867 1923
f 1960 1923 2101
f 1792 1871 1800
f 1792 1800 1619
f 1619 1800 1779
f 2101 1923 1871
f 1788 1792 1620
f 1620 1792 1619
f 2102 1959 2101
f 2101 1959 1960
f 1592 1380 1303
f 1303 1380 1315
f 1358 1023 1287
f 1315 1233 1303
f 1303 1233 1023
f 1023 1233 1217
f 1023 1217 1287
f 1358 1287 1592
f 1592 1287 1380
f 1021 1200 1302
f 1302 1200 1290
f 1588 1361 1365
f 1365 1361 1272
f 1365 1272 1021
f 1021 1272 1200
f 1302 1290 1347
f 1302 1347 1588
f 1588 1347 1361
f 1358 1365 1023
f 1023 1365 1021
f 1592 1303 1588
f 1588 1303 1302
f 1209 1111 1074
f 1140 1235 1209
f 1140 1209 1074
f 1235 1140 1084
f 1235 1084 893
f 1074 949 893
f 1074 893 1084
f 841 931 1111
f 1111 931 977
f 1074 1008 949
f 1111 977 1008
f 1111 1008 1074
f 949 908 893
f 893 908 841
f 841 908 931
f 898 835 909
f 1080 1075 938
f 938 1075 898
f 938 898 909
f 898 1075 1238
f 1238 1075 1141
f 998 1001 1117
f 1117 1001 957
f 1117 957 835
f 835 957 909
f 1238 1141 1117
f 1117 1141 1080
f 1117 1080 998
f 1080 938 998
f 1111 1117 841
f 841 1117 835
f 1235 893 1238
f 1238 893 898
f 940 837 995
f 995 837 1119
f 995 1119 1239
f 995 1239 996
f 936 897 912
f 912 897 837
f 912 837 940
f 897 936 1239
f 1239 936 996
f 896 920 838
f 838 926 1113
f 1113 926 985
f 1113 985 1243
f 1243 985 1007
f 838 920 926
f 1243 1007 972
f 1243 972 896
f 896 972 920
f 1239 1243 897
f 897 1243 896
f 1119 837 1113
f 1113 837 838
f 1586 1301 1362
f 1368 1586 1346
f 1368 1346 1288
f 1368 1288 1025
f 1025 1288 1211
f 1586 1362 1346
f 1025 1211 1252
f 1025 1252 1301
f 1301 1252 1362
f 1597 1363 1304
f 1024 1212 1363
f 1363 1212 1304
f 1300 1261 1024
f 1024 1261 1212
f 1597 1349 1300
f 1300 1349 1261
f 1304 1373 1597
f 1597 1373 1349
f 1586 1597 1301
f 1301 1597 1300
f 1368 1025 1363
f 1363 1025 1024
f 1781 1622 1856
f 1856 1622 1790
f 1622 1781 1797
f 1622 1797 1961
f 1907 2099 1961
f 1907 1961 1797
f 2099 1907 1909
f 2099 1909 1790
f 1790 1909 1856
f 1621 1774 1805
f 1621 1805 1791
f 1890 2104 1791
f 1890 1791 1805
f 1912 1829 1954
f 1954 1829 1621
f 1621 1829 1774
f 1890 1912 2104
f 2104 1912 1954
f 2099 2104 1961
f 1961 2104 1954
f 1790 1622 1791
f 1791 1622 1621
f 2398 2470 2244
f 2654 2544 2689
f 2689 2544 2550
f 2550 2376 2689
f 2689 2376 2288
f 2288 2376 2322
f 2244 2470 2654
f 2654 2470 2544
f 2288 2322 2308
f 2288 2308 2244
f 2550 2465 2376
f 2376 2465 2351
f 2351 2465 2398
f 2398 2244 2308
f 2398 2308 2351
f 2330 2292 2313
f 2313 2292 2246
f 2292 2330 2690
f 2690 2330 2374
f 2690 2374 2510
f 2510 2374 2440
f 2440 2374 2404
f 2690 2510 2577
f 2690 2577 2653
f 2577 2503 2653
f 2653 2503 2246
f 2246 2503 2404
f 2374 2313 2404
f 2404 2313 2246
f 2689 2690 2654
f 2654 2690 2653
f 2288 2244 2292
f 2292 2244 2246
f 3261 3314 3152
f 3261 3152 3108
f 3261 3108 3057
f 3057 3108 2886
f 3314 3147 3152
f 2922 3090 3314
f 3314 3090 3147
f 2922 3012 3090
f 3108 3046 2886
f 2886 3046 2922
f 2922 3046 3012
f 2887 3038 3117
f 2887 3117 3260
f 3038 2887 3044
f 3044 2887 2923
f 3260 3117 3313
f 3044 2923 3121
f 3121 2923 3313
f 3117 3169 3313
f 3313 3169 3121
f 3261 3260 3314
f 3314 3260 3313
f 2886 2922 2887
f 2887 2922 2923
f 4173 4282 4558
f 4558 4282 4362
f 3947 4179 4173
f 4173 4179 4282
f 4239 4284 4196
f 4239 4196 3947
f 3947 4196 4179
f 4558 4362 4239
f 4239 4362 4284
f 3942 4242 3947
f 3947 4242 4239
f 4178 4173 4559
f 4559 4173 4558
f 4360 4559 4242
f 4178 4559 4290
f 4559 4360 4290
f 4242 4232 4360
f 4178 4290 4208
f 4178 4208 3942
f 3942 4208 4156
f 3942 4156 4242
f 4242 4156 4232
f 2307 2313 2370
f 2370 2313 2374
f 2370 2374 2341
f 2341 2374 2330
f 2341 2330 2307
f 2307 2330 2313
f 2308 2314 2351
f 2351 2314 2375
f 2351 2375 2376
f 2376 2375 2331
f 2376 2331 2322
f 2322 2331 2308
f 2308 2331 2314
f 1083 1075 1073
f 1073 1075 1080
f 1073 1080 1139
f 1139 1080 1141
f 1139 1141 1083
f 1083 1141 1075
f 1084 1076 1074
f 1074 1076 1081
f 1074 1081 1140
f 1140 1081 1142
f 1140 1142 1084
f 1084 1142 1076
f 3199 3195 3219
f 3219 3195 3224
f 3219 3224 3250
f 3250 3224 3244
f 3250 3244 3199
f 3199 3244 3195
f 3193 3196 3225
f 3193 3225 3235
f 3235 3225 3251
f 3251 3225 3245
f 3251 3245 3212
f 3212 3245 3196
f 3212 3196 3193
f 4433 4431 4494
f 4494 4431 4506
f 4494 4506 4508
f 4508 4506 4500
f 4508 4500 4433
f 4433 4500 4431
f 4434 4432 4495
f 4495 4432 4507
f 4495 4507 4509
f 4509 4507 4501
f 4509 4501 4434
f 4434 4501 4432
f 1786 1787 1817
f 1786 1817 1865
f 1863 1865 1817
f 1865 1863 1889
f 1889 1929 1865
f 1929 1889 1936
f 1929 1936 1977
f 1929 1977 1978
f 1978 1977 1976
f 1978 1976 1950
f 1978 1950 1921
f 1921 1950 1908
f 1921 1908 1862
f 1921 1862 1850
f 1862 1848 1850
f 1848 1796 1850
f 1850 1796 1786
f 1786 1796 1787
f 1715 1765 1810
f 1765 1855 1870
f 1898 2005 1933
f 1828 1730 1810
f 1810 1730 1715
f 1898 1933 1874
f 1898 1874 1828
f 1828 1874 1798
f 1828 1798 1730
f 1870 1855 1937
f 2004 1941 1937
f 1970 2025 2005
f 1870 1937 1941
f 1810 1765 1870
f 1970 2005 1898
f 2004 2025 1941
f 1941 2025 1970
f 1724 1714 1727
f 1724 1715 1714
f 1715 1730 1714
f 1714 1730 1819
f 1730 1798 1819
f 1798 1874 1819
f 1819 1874 1945
f 1874 1933 1945
f 1933 2005 1945
f 1945 2005 2019
f 2005 2035 2019
f 2019 2035 2036
f 2035 2025 2036
f 2025 2004 2036
f 2036 2004 1944
f 2004 1937 1944
f 1944 1937 1818
f 1937 1855 1818
f 1855 1765 1818
f 1818 1765 1727
f 1765 1724 1727
f 2036 1950 1977
f 2036 1977 2019
f 2019 1977 1945
f 1977 1936 1945
f 1945 1936 1819
f 1819 1936 1889
f 1819 1889 1817
f 1819 1817 1714
f 1818 1848 1944
f 1944 1848 1908
f 1944 1908 1950
f 1944 1950 2036
f 1714 1817 1787
f 1714 1787 1727
f 1727 1787 1796
f 1727 1796 1818
f 1818 1796 1848
f 1817 1889 1863
f 1977 1950 1976
f 1908 1848 1862
f 1809 1827 1810
f 1810 1827 1828
f 1827 1897 1828
f 1828 1897 1898
f 1897 1969 1898
f 1898 1969 1970
f 1969 1940 1970
f 1970 1940 1941
f 1940 1869 1941
f 1941 1869 1870
f 1869 1809 1870
f 1870 1809 1810
f 1809 1869 1827
f 1827 1869 1940
f 1827 1940 1897
f 1897 1940 1969
f 1786 1851 1850
f 1850 1851 1921
f 1921 1851 1928
f 1921 1928 1978
f 1978 1928 1925
f 1978 1925 1929
f 1929 1925 1865
f 1865 1925 1853
f 1865 1853 1786
f 1786 1853 1851
f 1853 1928 1851
f 1853 1925 1928
f 1724 1765 1715
f 2035 2005 2025
f 3974 3950 3992
f 3974 3992 4006
f 4006 3992 4010
f 4006 4010 3977
f 3977 3955 4006
f 3955 3977 3936
f 3955 3936 3898
f 3955 3898 3878
f 3878 3898 3862
f 3878 3862 3844
f 3878 3844 3843
f 3852 3843 3844
f 3843 3852 3880
f 3880 3852 3865
f 3865 3900 3880
f 3880 3900 3974
f 3974 3900 3950
f 3957 4017 3972
f 3902 3827 3879
f 3779 3791 3856
f 3867 3870 3819
f 3931 3905 3867
f 3867 3905 3870
f 3985 3931 3991
f 3972 4017 4055
f 3991 4071 4046
f 3902 3957 3972
f 3856 3827 3902
f 3867 3819 3779
f 3985 3905 3931
f 3991 4046 3985
f 3879 3957 3902
f 3856 3791 3827
f 3867 3779 3856
f 3972 4055 3991
f 3991 4055 4071
f 4023 3903 3985
f 3985 4046 4023
f 4023 4046 4072
f 4046 4071 4072
f 4072 4071 4043
f 4071 4055 4043
f 4055 4017 4043
f 4043 4017 3943
f 4017 3957 3943
f 3957 3879 3943
f 3943 3879 3853
f 3879 3827 3853
f 3853 3827 3786
f 3827 3791 3786
f 3791 3779 3786
f 3786 3779 3796
f 3779 3819 3796
f 3819 3870 3796
f 3796 3870 3903
f 3870 3905 3903
f 3903 3905 3985
f 3786 3862 3853
f 3853 3862 3898
f 3853 3898 3943
f 3943 3898 3977
f 3943 3977 4043
f 4043 3977 4010
f 4043 4010 4072
f 4072 4010 3992
f 4072 3992 4023
f 4023 3992 3950
f 4023 3950 3903
f 3903 3950 3900
f 3903 3900 3796
f 3796 3900 3865
f 3796 3865 3852
f 3796 3852 3786
f 3786 3852 3844
f 3786 3844 3862
f 3977 3898 3936
f 3930 3990 3931
f 3931 3990 3991
f 3990 3971 3991
f 3991 3971 3972
f 3971 3901 3972
f 3972 3901 3902
f 3901 3855 3902
f 3902 3855 3856
f 3855 3866 3856
f 3856 3866 3867
f 3866 3930 3867
f 3867 3930 3931
f 3866 3855 3930
f 3930 3855 3901
f 3930 3901 3990
f 3990 3901 3971
f 3974 3909 3880
f 3880 3909 3861
f 3880 3861 3843
f 3843 3861 3878
f 3878 3861 3904
f 3878 3904 3955
f 3955 3904 3979
f 3955 3979 4006
f 4006 3979 3974
f 3974 3979 3909
f 3861 3909 3979
f 3904 3861 3979
f 3750 3749 3724
f 3750 3724 3673
f 3675 3673 3724
f 3673 3675 3639
f 3639 3598 3673
f 3598 3639 3593
f 3598 3593 3554
f 3598 3554 3552
f 3552 3554 3555
f 3552 3555 3582
f 3552 3582 3606
f 3606 3582 3622
f 3606 3622 3677
f 3606 3677 3693
f 3677 3697 3693
f 3697 3743 3693
f 3693 3743 3750
f 3750 3743 3749
f 3595 3633 3522
f 3562 3500 3522
f 3633 3595 3658
f 3562 3522 3633
f 3589 3560 3500
f 3820 3777 3732
f 3732 3777 3667
f 3777 3707 3667
f 3667 3707 3640
f 3667 3640 3589
f 3589 3640 3560
f 3712 3807 3732
f 3732 3807 3820
f 3633 3658 3712
f 3712 3658 3741
f 3712 3741 3807
f 3589 3500 3562
f 3814 3822 3811
f 3814 3820 3822
f 3820 3807 3822
f 3822 3807 3722
f 3807 3741 3722
f 3741 3658 3722
f 3722 3658 3584
f 3658 3595 3584
f 3595 3522 3584
f 3584 3522 3508
f 3522 3491 3508
f 3508 3491 3490
f 3491 3500 3490
f 3500 3523 3490
f 3490 3523 3585
f 3523 3560 3585
f 3560 3640 3585
f 3585 3640 3723
f 3640 3707 3723
f 3707 3777 3723
f 3723 3777 3811
f 3777 3814 3811
f 3723 3697 3585
f 3585 3697 3622
f 3585 3622 3582
f 3585 3582 3490
f 3584 3593 3722
f 3722 3593 3639
f 3722 3639 3724
f 3722 3724 3822
f 3822 3724 3749
f 3822 3749 3811
f 3811 3749 3743
f 3811 3743 3723
f 3723 3743 3697
f 3490 3582 3554
f 3490 3554 3508
f 3508 3554 3584
f 3584 3554 3593
f 3724 3639 3675
f 3554 3582 3555
f 3622 3697 3677
f 3731 3711 3732
f 3732 3711 3712
f 3711 3632 3712
f 3712 3632 3633
f 3632 3561 3633
f 3633 3561 3562
f 3561 3588 3562
f 3562 3588 3589
f 3588 3666 3589
f 3589 3666 3667
f 3666 3731 3667
f 3667 3731 3732
f 3731 3666 3711
f 3711 3666 3588
f 3711 3588 3632
f 3632 3588 3561
f 3750 3691 3693
f 3693 3691 3606
f 3606 3691 3599
f 3606 3599 3552
f 3552 3599 3603
f 3552 3603 3598
f 3598 3603 3673
f 3673 3603 3690
f 3673 3690 3750
f 3750 3690 3691
f 3690 3599 3691
f 3690 3603 3599
f 3523 3500 3560
f 3814 3777 3820
f 3491 3522 3500
f 2753 2705 2904
f 2862 3126 2873
f 2753 2904 2870
f 2705 2753 2446
f 2446 2753 2686
f 2446 2686 2184
f 2862 2873 2740
f 3126 2862 3374
f 3374 2862 2929
f 3374 2929 3530
f 2184 2686 1996
f 1996 2686 2624
f 1996 2624 1757
f 3530 2929 3785
f 3785 2929 2989
f 3785 2989 3938
f 3938 2989 4076
f 4076 2989 3048
f 4076 3048 4135
f 2996 4094 3048
f 3048 4094 4138
f 3048 4138 4135
f 2938 3831 2996
f 2996 3831 3980
f 2996 3980 4094
f 2904 3208 2870
f 2870 3208 3407
f 2870 3407 2938
f 2938 3407 3600
f 2938 3600 3831
f 1757 2624 1596
f 1596 2624 2546
f 1596 2546 1469
f 1557 1448 2573
f 2573 1448 1394
f 2573 1394 2546
f 2546 1394 1400
f 2546 1400 1469
f 2681 1927 2573
f 2573 1927 1708
f 2573 1708 1557
f 2873 2673 2740
f 2740 2673 2358
f 2740 2358 2681
f 2681 2358 2141
f 2681 2141 1927
f 3101 3119 3142
f 3142 3119 3206
f 3142 3206 3233
f 3233 3206 3254
f 4426 4299 4317
f 4317 4299 4230
f 4317 4230 4155
f 4230 4114 4155
f 4155 4114 4008
f 4155 4008 3986
f 3986 4008 3875
f 3986 3875 3778
f 3875 3706 3778
f 3778 3706 3512
f 3778 3512 3492
f 3492 3512 3394
f 3492 3394 3331
f 3331 3394 3258
f 3331 3258 2999
f 1733 1648 1527
f 1527 1648 1510
f 1527 1510 1356
f 3258 3009 2999
f 2999 3009 2864
f 2999 2864 2764
f 2764 2864 2706
f 2764 2706 2530
f 2706 2511 2530
f 2530 2511 2258
f 2530 2258 2203
f 2203 2258 2133
f 2203 2133 2013
f 2013 2133 1988
f 2013 1988 1733
f 1733 1988 1802
f 1733 1802 1648
f 1510 1401 1356
f 1356 1401 1299
f 1356 1299 1226
f 1226 1299 1249
f 1226 1249 1144
f 1144 1249 1202
f 1144 1202 1150
f 1202 1208 1150
f 1150 1208 1259
f 1150 1259 1242
f 1242 1259 1305
f 1242 1305 1379
f 1305 1427 1379
f 1379 1427 1530
f 1379 1530 1551
f 1551 1530 1661
f 1551 1661 1764
f 3805 3888 4012
f 4012 3888 4021
f 4012 4021 4182
f 4021 4134 4182
f 4182 4134 4240
f 4182 4240 4331
f 4331 4240 4307
f 4331 4307 4430
f 4430 4307 4359
f 4430 4359 4426
f 4426 4359 4351
f 4426 4351 4299
f 2583 2714 2822
f 2822 2714 2872
f 2822 2872 3054
f 2872 3071 3054
f 3054 3071 3294
f 3054 3294 3353
f 3353 3294 3416
f 3353 3416 3513
f 3513 3416 3539
f 3513 3539 3805
f 3805 3539 3734
f 3805 3734 3888
f 1661 1835 1764
f 1764 1835 2014
f 1764 2014 2034
f 2034 2014 2161
f 2034 2161 2224
f 2224 2161 2298
f 2224 2298 2583
f 2583 2298 2566
f 2583 2566 2714
f 1510 1508 1401
f 1401 1508 1412
f 1401 1412 1299
f 1299 1412 1298
f 1299 1298 1249
f 1249 1298 1250
f 1249 1250 1202
f 1202 1250 1205
f 1202 1205 1208
f 1208 1205 1207
f 1208 1207 1259
f 1259 1207 1255
f 1259 1255 1305
f 1305 1255 1307
f 1305 1307 1427
f 1427 1307 1424
f 1427 1424 1530
f 1530 1424 1532
f 1530 1532 1661
f 1661 1532 1658
f 1661 1658 1835
f 1835 1658 1833
f 1835 1833 2014
f 2014 1833 2011
f 2014 2011 2161
f 2161 2011 2154
f 2161 2154 2298
f 2298 2154 2300
f 2298 2300 2566
f 2566 2300 2551
f 2566 2551 2714
f 2714 2551 2712
f 2714 2712 2872
f 2872 2712 2875
f 2872 2875 3071
f 3071 2875 3068
f 3071 3068 3294
f 3294 3068 3295
f 3294 3295 3416
f 3416 3295 3409
f 3416 3409 3539
f 3539 3409 3536
f 3539 3536 3734
f 3734 3536 3733
f 3734 3733 3888
f 3888 3733 3928
f 3888 3928 4021
f 4021 3928 4019
f 4021 4019 4134
f 4134 4019 4125
f 4134 4125 4240
f 4240 4125 4241
f 4240 4241 4307
f 4307 4241 4304
f 4307 4304 4359
f 4359 4304 4353
f 4359 4353 4351
f 4351 4353 4352
f 4351 4352 4299
f 4299 4352 4301
f 4299 4301 4230
f 4230 4301 4229
f 4230 4229 4114
f 4114 4229 4111
f 4114 4111 4008
f 4008 4111 4022
f 4008 4022 3875
f 3875 4022 3876
f 3875 3876 3706
f 3706 3876 3708
f 3706 3708 3512
f 3512 3708 3514
f 3512 3514 3394
f 3394 3514 3397
f 3394 3397 3258
f 3258 3397 3259
f 3258 3259 3009
f 3009 3259 3024
f 3009 3024 2864
f 2864 3024 2866
f 2864 2866 2706
f 2706 2866 2709
f 2706 2709 2511
f 2511 2709 2572
f 2511 2572 2258
f 2258 2572 2259
f 2258 2259 2133
f 2133 2259 2136
f 2133 2136 1988
f 1988 2136 2012
f 1988 2012 1802
f 1802 2012 1803
f 1802 1803 1648
f 1648 1803 1649
f 1648 1649 1510
f 1510 1649 1508
f 2300 2466 2551
f 4019 3928 4125
f 4241 4353 4304
f 2259 2012 2136
f 4229 4022 4111
f 2866 2572 2709
f 1679 1654 1369
f 919 815 856
f 774 821 815
f 815 821 856
f 4293 4504 4610
f 3378 3410 3140
f 1654 1679 1962
f 2402 2338 2572
f 3607 3645 3780
f 4287 4273 4414
f 4754 4704 4813
f 1559 1456 1734
f 2259 2131 2012
f 1412 1508 1222
f 1298 1156 1250
f 1250 1156 1093
f 1250 1093 1205
f 1274 1289 1424
f 961 1160 1103
f 1103 1160 1289
f 1274 1424 1307
f 1274 1307 1184
f 1184 1307 1255
f 1184 1255 1063
f 1160 1258 1424
f 1352 1446 1540
f 1424 1258 1352
f 1424 1352 1532
f 1532 1352 1540
f 1532 1540 1658
f 1658 1540 1640
f 2300 2289 2466
f 2712 2723 2875
f 2875 2723 2858
f 2875 2858 3068
f 3068 2858 2885
f 2551 2668 2712
f 2712 2668 2723
f 2885 2967 3068
f 3068 2967 3041
f 3474 3476 3573
f 3419 3474 3681
f 3041 3168 3068
f 3068 3168 3221
f 3068 3221 3295
f 3295 3221 3311
f 3295 3311 3409
f 3409 3311 3419
f 3343 3325 2972
f 2972 3325 3232
f 3573 3476 3403
f 3573 3403 3343
f 3343 3403 3325
f 3232 3067 2972
f 2885 3067 2967
f 3681 3581 3409
f 3594 3701 3717
f 3409 3581 3594
f 3409 3594 3536
f 3536 3594 3717
f 3536 3717 3733
f 4241 4125 4168
f 4168 4125 3928
f 4733 4644 4725
f 4725 4644 4301
f 4301 4644 4562
f 4562 4522 4301
f 4301 4522 4384
f 4301 4384 4229
f 4229 4384 4281
f 4022 4300 4189
f 4189 4096 3998
f 4229 4266 4022
f 3708 3876 3897
f 4022 4189 3998
f 4022 3998 3876
f 3876 3998 3897
f 2866 2857 2572
f 2720 2693 2572
f 2857 2866 2911
f 2911 2866 3024
f 2911 3024 2963
f 2963 3024 3259
f 2963 3259 3246
f 3246 3259 3397
f 3246 3397 3514
f 2857 2720 2572
f 2259 2572 2338
f 2259 2338 2248
f 1803 2012 1826
f 1844 1826 1935
f 1935 1826 2012
f 1935 2012 1951
f 1854 1990 2011
f 2011 1990 2065
f 2011 2065 2151
f 2300 2154 2289
f 2289 2154 2011
f 2289 2011 2151
f 2011 1833 1854
f 1854 1833 1734
f 1544 1849 1762
f 2038 1919 1849
f 1849 1919 1884
f 1849 1884 1762
f 2226 2222 2289
f 2226 2289 2151
f 1160 1424 1289
f 1160 1003 1284
f 1269 1334 1268
f 1269 1268 1003
f 1003 1268 1284
f 1544 1762 1734
f 1544 1734 1456
f 1544 1456 1269
f 1269 1456 1334
f 1559 1734 1678
f 1678 1734 1833
f 1678 1833 1695
f 1695 1833 1640
f 1640 1833 1658
f 2466 2369 2457
f 2422 2649 2599
f 2599 2396 2422
f 2649 2422 2734
f 2649 2734 2719
f 2457 2623 2466
f 2466 2623 2668
f 2466 2668 2551
f 3681 3409 3419
f 3881 3945 3847
f 3881 3847 3681
f 3945 3881 4074
f 4074 3881 4159
f 4159 4515 4221
f 4074 4159 4142
f 4142 4159 4221
f 4142 4221 4044
f 3928 3896 4044
f 4116 4218 4168
f 4605 4241 4374
f 4168 4211 4241
f 4241 4211 4374
f 4044 4221 3928
f 3928 4221 4116
f 3717 3802 3733
f 3733 3802 3928
f 3928 3802 3896
f 4168 3928 4116
f 4338 4221 4515
f 4794 4685 4684
f 4685 4681 4684
f 4684 4681 4617
f 4684 4617 4515
f 4515 4617 4338
f 4338 4617 4483
f 4392 4458 4554
f 4554 4458 4525
f 4554 4525 4551
f 4241 4392 4554
f 4241 4554 4353
f 4713 4619 4540
f 4713 4540 4605
f 4605 4540 4529
f 4605 4529 4429
f 4605 4429 4241
f 4241 4429 4392
f 4551 4525 4619
f 4619 4525 4540
f 4605 4685 4713
f 4828 4808 4750
f 4750 4713 4828
f 4828 4713 4794
f 4794 4713 4685
f 4725 4815 4833
f 4833 4815 4822
f 4833 4822 4828
f 4828 4822 4808
f 4486 4460 4353
f 4353 4460 4352
f 4352 4460 4532
f 4352 4532 4301
f 4301 4532 4725
f 4554 4486 4353
f 4704 4733 4813
f 4229 4281 4266
f 4504 4266 4473
f 4610 4639 4736
f 4639 4739 4736
f 4736 4739 4813
f 4813 4739 4754
f 4300 4022 4266
f 4300 4266 4414
f 4414 4266 4504
f 4504 4293 4287
f 3859 4028 3996
f 3996 4028 4207
f 3996 4207 4293
f 4293 4207 4287
f 3859 3708 3845
f 3514 3689 3538
f 3859 3804 3708
f 3708 3804 3689
f 3804 3859 3996
f 3804 3996 3780
f 3330 3246 3400
f 3385 3410 3378
f 3385 3378 3335
f 3780 3996 3692
f 3780 3692 3607
f 3385 3487 3410
f 3410 3487 3692
f 3692 3487 3607
f 3217 3267 3378
f 3330 3335 3246
f 3246 3335 3378
f 3246 3378 3264
f 3264 3378 3267
f 3264 3216 3246
f 3246 3216 2963
f 2609 2749 2847
f 2847 2749 2859
f 2847 2859 2933
f 2847 2933 3140
f 3216 3171 2963
f 2963 3171 3128
f 3128 3171 3181
f 3128 3181 3200
f 3200 3181 3217
f 3200 3217 3175
f 3175 3217 3378
f 3175 3378 3140
f 3175 3140 2983
f 2983 3140 2933
f 2693 2612 2572
f 2572 2612 2541
f 2572 2541 2402
f 2232 2327 2229
f 2229 2327 2514
f 2229 2514 2609
f 2609 2514 2693
f 2693 2514 2612
f 2232 2229 2146
f 2146 2229 1962
f 2146 1962 2048
f 2259 2248 2131
f 1679 2131 2050
f 2048 1962 2050
f 1951 2012 2131
f 1951 2131 1858
f 1858 2131 1679
f 1393 1369 1086
f 1393 1472 1369
f 1369 1472 1679
f 1679 1472 1590
f 1679 1590 1694
f 1679 1694 1858
f 1826 1741 1803
f 1803 1741 1649
f 1649 1741 1625
f 1625 1454 1086
f 1086 1454 1393
f 1508 1425 1321
f 1219 1312 1086
f 1086 1312 1625
f 1625 1312 1425
f 991 925 856
f 1197 1222 1327
f 856 925 929
f 856 929 919
f 919 929 987
f 919 987 1086
f 1086 987 1219
f 1219 987 1098
f 986 1045 1156
f 1156 1045 1016
f 986 1156 821
f 986 821 895
f 890 802 772
f 772 802 789
f 772 789 774
f 774 789 805
f 805 864 774
f 774 864 895
f 774 895 821
f 1093 1116 1205
f 1205 1116 1207
f 1207 1116 1054
f 1207 1054 1255
f 1255 1054 890
f 1016 1093 1156
f 1222 1156 1298
f 1222 1298 1412
f 890 956 1255
f 1255 956 1022
f 1255 1022 1063
f 772 878 890
f 890 878 956
f 860 800 873
f 873 800 877
f 2050 1962 1679
f 2609 2693 2749
f 4504 4287 4414
f 4610 4504 4473
f 4610 4473 4639
f 4813 4733 4833
f 3474 3573 3681
f 3681 3573 3881
f 2972 3067 2885
f 2972 2885 2834
f 2972 2834 2734
f 2734 2834 2719
f 2422 2170 2143
f 2143 2170 2038
f 2143 2038 1849
f 873 877 961
f 961 877 1160
f 1160 877 1003
f 821 1050 1060
f 821 1060 856
f 1156 1118 1050
f 1156 1050 821
f 1197 991 1222
f 1222 991 856
f 1222 856 1145
f 1145 856 1060
f 1222 1145 1176
f 2369 2380 2285
f 2422 2396 2170
f 2170 2396 2369
f 2170 2369 2222
f 2222 2369 2285
f 2222 2285 2289
f 2289 2346 2466
f 2466 2346 2400
f 2466 2400 2380
f 2466 2380 2369
f 772 800 878
f 878 800 905
f 905 800 860
f 1321 1371 1508
f 1508 1371 1327
f 1508 1327 1222
f 1156 1222 1176
f 1156 1176 1118
f 1508 1649 1625
f 1508 1625 1425
f 4725 4833 4733
f 3538 3468 3514
f 3514 3468 3400
f 3514 3400 3246
f 3897 3845 3708
f 3514 3708 3689
f 928 1086 1085
f 1085 1086 1369
f 1085 1369 1391
f 1391 1369 1654
f 1391 1654 1660
f 1660 1654 1962
f 1660 1962 1999
f 1999 1962 2229
f 1999 2229 2227
f 2227 2229 2609
f 2227 2609 2610
f 2610 2609 2847
f 2610 2847 2856
f 2856 2847 3140
f 2856 3140 3182
f 3182 3140 3410
f 3182 3410 3424
f 3424 3410 3692
f 3424 3692 3728
f 3728 3692 3996
f 3728 3996 4011
f 4011 3996 4293
f 4011 4293 4321
f 4321 4293 4610
f 4321 4610 4614
f 4614 4610 4736
f 4614 4736 4748
f 4748 4736 4813
f 4748 4813 4817
f 4817 4813 4833
f 4817 4833 4836
f 4836 4833 4828
f 4836 4828 4825
f 4825 4828 4794
f 4825 4794 4792
f 4792 4794 4684
f 4792 4684 4683
f 4683 4684 4515
f 4683 4515 4488
f 4488 4515 4159
f 4488 4159 4141
f 4141 4159 3881
f 4141 3881 3864
f 3864 3881 3573
f 3864 3573 3551
f 3551 3573 3343
f 3551 3343 3327
f 3327 3343 2972
f 3327 2972 2975
f 2975 2972 2734
f 2975 2734 2722
f 2722 2734 2422
f 2722 2422 2390
f 2390 2422 2143
f 2390 2143 2117
f 2117 2143 1849
f 2117 1849 1808
f 1808 1849 1544
f 1808 1544 1526
f 1526 1544 1269
f 1526 1269 1254
f 1254 1269 1003
f 1254 1003 994
f 994 1003 877
f 994 877 866
f 866 877 800
f 866 800 799
f 799 800 772
f 799 772 768
f 768 772 774
f 768 774 787
f 787 774 815
f 787 815 825
f 825 815 919
f 825 919 928
f 928 919 1086
f 1883 1884 1913
f 1913 1884 1919
f 1913 1919 2031
f 2031 1919 2038
f 1755 1762 1883
f 1883 1762 1884
f 1857 1854 1740
f 1740 1854 1734
f 1740 1734 1755
f 1755 1734 1762
f 1990 1854 1989
f 1989 1854 1857
f 2160 2151 2064
f 2064 2151 2065
f 2064 2065 1989
f 1989 2065 1990
f 2151 2160 2226
f 2226 2160 2234
f 2226 2234 2222
f 2222 2234 2221
f 2222 2221 2170
f 2170 2221 2153
f 2170 2153 2038
f 2038 2153 2031
f 1283 1284 1262
f 1262 1284 1268
f 1262 1268 1325
f 1325 1268 1334
f 1167 1160 1283
f 1283 1160 1284
f 1324 1352 1258
f 1324 1258 1199
f 1199 1258 1160
f 1199 1160 1167
f 1446 1352 1445
f 1445 1352 1324
f 1647 1640 1539
f 1539 1640 1540
f 1539 1540 1445
f 1445 1540 1446
f 1640 1647 1695
f 1695 1647 1705
f 1695 1705 1678
f 1678 1705 1600
f 1678 1600 1559
f 1559 1600 1456
f 1456 1600 1455
f 1456 1455 1334
f 1334 1455 1325
f 2598 2599 2643
f 2643 2599 2649
f 2643 2649 2715
f 2715 2649 2719
f 2427 2396 2598
f 2598 2396 2599
f 2439 2457 2369
f 2439 2369 2359
f 2359 2369 2396
f 2359 2396 2427
f 2623 2457 2622
f 2622 2457 2439
f 2724 2723 2667
f 2667 2723 2668
f 2667 2668 2622
f 2622 2668 2623
f 2723 2724 2858
f 2858 2724 2865
f 2858 2865 2885
f 2885 2865 2880
f 2885 2880 2834
f 2834 2880 2833
f 2834 2833 2719
f 2719 2833 2715
f 3231 3232 3310
f 3310 3232 3325
f 3310 3325 3396
f 3396 3325 3403
f 3053 3067 3231
f 3231 3067 3232
f 3039 3041 2968
f 2968 3041 2967
f 2968 2967 3053
f 3053 2967 3067
f 3168 3041 3167
f 3167 3041 3039
f 3321 3311 3220
f 3220 3311 3221
f 3220 3221 3167
f 3167 3221 3168
f 3311 3321 3419
f 3419 3321 3428
f 3419 3428 3474
f 3474 3428 3484
f 3474 3484 3476
f 3476 3484 3458
f 3476 3458 3403
f 3403 3458 3396
f 3846 3847 3934
f 3934 3847 3945
f 3934 3945 4070
f 4070 3945 4074
f 3698 3681 3846
f 3846 3681 3847
f 3575 3594 3581
f 3575 3581 3608
f 3608 3581 3681
f 3608 3681 3698
f 3701 3594 3700
f 3700 3594 3575
f 3808 3802 3716
f 3716 3802 3717
f 3716 3717 3700
f 3700 3717 3701
f 3802 3808 3896
f 3896 3808 3960
f 3896 3960 4044
f 4044 3960 4122
f 4044 4122 4142
f 4142 4122 4131
f 4142 4131 4074
f 4074 4131 4070
f 4482 4483 4608
f 4608 4483 4617
f 4608 4617 4678
f 4678 4617 4681
f 4326 4338 4482
f 4482 4338 4483
f 4118 4116 4212
f 4212 4116 4221
f 4212 4221 4326
f 4326 4221 4338
f 4218 4116 4217
f 4217 4116 4118
f 4216 4211 4167
f 4167 4211 4168
f 4167 4168 4217
f 4217 4168 4218
f 4211 4216 4374
f 4374 4216 4393
f 4374 4393 4605
f 4605 4393 4604
f 4605 4604 4685
f 4685 4604 4691
f 4685 4691 4681
f 4681 4691 4678
f 4749 4750 4807
f 4807 4750 4808
f 4807 4808 4821
f 4821 4808 4822
f 4721 4713 4749
f 4749 4713 4750
f 4550 4554 4551
f 4550 4551 4619
f 4550 4619 4652
f 4652 4619 4713
f 4652 4713 4721
f 4565 4554 4550
f 4463 4460 4487
f 4487 4460 4486
f 4487 4486 4565
f 4565 4486 4554
f 4460 4463 4532
f 4532 4463 4548
f 4532 4548 4725
f 4725 4548 4740
f 4725 4740 4815
f 4815 4740 4814
f 4815 4814 4822
f 4822 4814 4821
f 4703 4704 4753
f 4753 4704 4754
f 4753 4754 4741
f 4741 4754 4739
f 4727 4733 4703
f 4703 4733 4704
f 4564 4562 4640
f 4640 4562 4644
f 4640 4644 4727
f 4727 4644 4733
f 4522 4562 4521
f 4521 4562 4564
f 4275 4281 4383
f 4383 4281 4384
f 4383 4384 4521
f 4521 4384 4522
f 4281 4275 4266
f 4266 4275 4277
f 4266 4277 4473
f 4473 4277 4538
f 4473 4538 4639
f 4639 4538 4677
f 4639 4677 4739
f 4739 4677 4741
f 4272 4273 4292
f 4292 4273 4287
f 4292 4287 4213
f 4213 4287 4207
f 4403 4414 4272
f 4272 4414 4273
f 4214 4189 4300
f 4214 4300 4371
f 4371 4300 4414
f 4371 4414 4403
f 4096 4189 4095
f 4095 4189 4214
f 3889 3897 3997
f 3997 3897 3998
f 3997 3998 4095
f 4095 3998 4096
f 3897 3889 3845
f 3845 3889 3833
f 3845 3833 3859
f 3859 3833 3935
f 3859 3935 4028
f 4028 3935 4089
f 4028 4089 4207
f 4207 4089 4213
f 3644 3645 3617
f 3617 3645 3607
f 3617 3607 3493
f 3493 3607 3487
f 3789 3780 3644
f 3644 3780 3645
f 3683 3689 3801
f 3801 3689 3804
f 3801 3804 3789
f 3789 3804 3780
f 3538 3689 3537
f 3537 3689 3683
f 3395 3400 3467
f 3467 3400 3468
f 3467 3468 3537
f 3537 3468 3538
f 3400 3395 3330
f 3330 3395 3323
f 3330 3323 3335
f 3335 3323 3334
f 3335 3334 3385
f 3385 3334 3398
f 3385 3398 3487
f 3487 3398 3493
f 2982 2983 2941
f 2941 2983 2933
f 2941 2933 2861
f 2861 2933 2859
f 3184 3175 2982
f 2982 3175 2983
f 3114 2963 3128
f 3114 3128 3191
f 3191 3128 3200
f 3191 3200 3184
f 3184 3200 3175
f 2959 2963 3114
f 2854 2857 2910
f 2910 2857 2911
f 2910 2911 2959
f 2959 2911 2963
f 2857 2854 2720
f 2720 2854 2713
f 2720 2713 2693
f 2693 2713 2698
f 2693 2698 2749
f 2749 2698 2748
f 2749 2748 2859
f 2859 2748 2861
f 2326 2327 2249
f 2249 2327 2232
f 2249 2232 2155
f 2155 2232 2146
f 2531 2514 2326
f 2326 2514 2327
f 2542 2541 2611
f 2611 2541 2612
f 2611 2612 2531
f 2531 2612 2514
f 2402 2541 2401
f 2401 2541 2542
f 2236 2248 2337
f 2337 2248 2338
f 2337 2338 2401
f 2401 2338 2402
f 2248 2236 2131
f 2131 2236 2116
f 2131 2116 2050
f 2050 2116 2040
f 2050 2040 2048
f 2048 2040 2074
f 2048 2074 2146
f 2146 2074 2155
f 1693 1694 1601
f 1601 1694 1590
f 1601 1590 1434
f 1434 1590 1472
f 1846 1858 1693
f 1693 1858 1694
f 1957 1935 1951
f 1957 1951 1918
f 1918 1951 1858
f 1918 1858 1846
f 1844 1935 1843
f 1843 1935 1957
f 1731 1741 1825
f 1825 1741 1826
f 1825 1826 1843
f 1843 1826 1844
f 1741 1731 1625
f 1625 1731 1602
f 1625 1602 1454
f 1454 1602 1481
f 1454 1481 1398
f 1454 1398 1393
f 1393 1398 1434
f 1393 1434 1472
f 1097 1098 990
f 990 1098 987
f 990 987 932
f 932 987 929
f 1230 1219 1097
f 1097 1219 1098
f 1420 1425 1326
f 1326 1425 1312
f 1326 1312 1230
f 1230 1312 1219
f 1321 1425 1320
f 1320 1425 1420
f 1322 1327 1370
f 1370 1327 1371
f 1370 1371 1320
f 1320 1371 1321
f 1327 1322 1197
f 1197 1322 1171
f 1197 1171 991
f 991 1171 992
f 991 992 925
f 925 992 918
f 925 918 929
f 929 918 932
f 863 864 808
f 808 864 805
f 808 805 790
f 790 805 789
f 894 895 863
f 863 895 864
f 1038 1045 986
f 1038 986 955
f 955 986 895
f 955 895 894
f 1016 1045 1015
f 1015 1045 1038
f 1112 1116 1092
f 1092 1116 1093
f 1092 1093 1015
f 1015 1093 1016
f 1116 1112 1054
f 1054 1112 1039
f 1054 1039 890
f 890 1039 872
f 890 872 802
f 802 872 801
f 802 801 789
f 789 801 790
f 904 905 861
f 861 905 860
f 861 860 870
f 870 860 873
f 884 878 904
f 904 878 905
f 1017 1022 960
f 960 1022 956
f 960 956 884
f 884 956 878
f 1063 1022 1062
f 1062 1022 1017
f 1282 1274 1183
f 1183 1274 1184
f 1183 1184 1062
f 1062 1184 1063
f 1274 1282 1289
f 1289 1282 1276
f 1289 1276 1103
f 1103 1276 1046
f 1103 1046 961
f 961 1046 934
f 961 934 873
f 873 934 870
f 1169 1176 1133
f 1133 1176 1145
f 1133 1145 1060
f 1133 1060 1047
f 1047 1060 1050
f 1047 1050 1056
f 1056 1050 1106
f 1106 1050 1118
f 1106 1118 1169
f 1169 1118 1176
f 3213 3216 3272
f 3272 3216 3264
f 3272 3264 3267
f 3272 3267 3248
f 3248 3267 3217
f 3248 3217 3185
f 3185 3217 3181
f 3185 3181 3162
f 3162 3181 3171
f 3162 3171 3213
f 3213 3171 3216
f 2350 2346 2279
f 2279 2346 2289
f 2279 2289 2285
f 2279 2285 2309
f 2309 2285 2380
f 2309 2380 2382
f 2382 2380 2407
f 2407 2380 2400
f 2407 2400 2350
f 2350 2400 2346
f 4394 4392 4443
f 4443 4392 4429
f 4443 4429 4529
f 4443 4529 4537
f 4537 4529 4540
f 4537 4540 4530
f 4530 4540 4525
f 4530 4525 4468
f 4468 4525 4458
f 4468 4458 4394
f 4394 4458 4392
f 866 888 994
f 866 799 888
f 2610 2670 2227
f 2670 2610 2856
f 3309 3182 3424
f 3309 3424 3377
f 4748 4720 4614
f 4720 4748 4817
f 4683 4765 4792
f 768 872 884
f 4720 4371 4403
f 2743 2407 2353
f 960 884 872
f 1183 1062 1017
f 3467 3537 3683
f 4167 4217 4118
f 4118 4212 3960
f 3220 3167 3039
f 1808 1755 1883
f 1883 1913 1808
f 1808 1913 2031
f 1808 1526 1755
f 1755 1526 1740
f 2234 2160 2353
f 2353 2160 1705
f 1705 2160 2064
f 1705 2064 1857
f 1857 2064 1989
f 2117 2031 2153
f 1262 1254 994
f 1262 994 1283
f 1283 994 1167
f 1167 994 1199
f 1705 1647 1780
f 1780 1647 1539
f 1780 1539 1466
f 1324 1466 1539
f 1324 1539 1445
f 1262 1325 1254
f 1254 1325 1526
f 1526 1325 1455
f 1705 1857 1740
f 1705 1740 1600
f 1600 1740 1455
f 1455 1740 1526
f 2390 2643 2722
f 2353 2407 2350
f 2221 2309 2359
f 2221 2359 2427
f 2390 2427 2643
f 2643 2427 2598
f 2350 2279 2353
f 2353 2279 2221
f 2221 2279 2309
f 2382 2439 2309
f 2309 2439 2359
f 2382 2407 2439
f 2439 2407 2667
f 2439 2667 2622
f 2743 3296 2865
f 2743 2865 2724
f 2743 2724 2407
f 2880 2865 3296
f 2643 2715 2722
f 2722 2715 2833
f 2722 2833 2975
f 3458 3484 3551
f 3428 3608 3484
f 3458 3551 3396
f 3396 3551 3327
f 3053 3231 3310
f 3396 3327 3310
f 3310 3327 2975
f 3310 2975 3053
f 2968 2880 3039
f 3039 2880 3296
f 3039 3296 3220
f 3428 3321 3296
f 3296 3321 3220
f 3846 3934 3698
f 3698 3934 3864
f 3864 3934 4070
f 3864 4070 4141
f 3296 3575 3428
f 3428 3575 3608
f 3716 3700 3682
f 3682 3700 3575
f 3682 3575 3296
f 4141 4070 4131
f 4141 4131 4488
f 4488 4131 4122
f 4488 4122 4212
f 4212 4122 3960
f 4316 4604 4393
f 4683 4678 4765
f 4765 4678 4691
f 4482 4608 4488
f 4488 4608 4683
f 4683 4608 4678
f 4488 4212 4326
f 4488 4326 4482
f 4216 4167 3960
f 3960 4167 4118
f 4316 4393 4216
f 4316 4216 3960
f 4740 4836 4814
f 4814 4836 4821
f 4821 4836 4825
f 4721 4749 4792
f 4792 4749 4807
f 4792 4807 4825
f 4825 4807 4821
f 4530 4468 4487
f 4443 4316 4394
f 4316 4443 4765
f 4316 4765 4604
f 4604 4765 4691
f 4537 4792 4765
f 4537 4765 4443
f 4792 4537 4652
f 4792 4652 4721
f 4487 4565 4550
f 4487 4550 4530
f 4530 4550 4537
f 4537 4550 4652
f 4238 4463 4487
f 4703 4753 4727
f 4727 4753 4817
f 4548 4564 4640
f 4548 4640 4740
f 4740 4640 4727
f 4521 4564 4383
f 4383 4564 4548
f 4383 4548 4275
f 4275 4548 4140
f 4817 4753 4741
f 4817 4741 4720
f 4720 4741 4677
f 4720 4677 4538
f 4720 4538 4371
f 4277 4371 4538
f 3935 3833 4011
f 4292 4321 4272
f 4292 4213 4321
f 4321 4213 4011
f 4011 4213 4089
f 4011 4089 3935
f 4277 4214 4371
f 3933 3997 4095
f 3997 3933 3889
f 3889 3933 3742
f 3789 3644 3728
f 3728 3644 3617
f 3377 3424 3398
f 3377 3398 3334
f 3377 3334 3241
f 3241 3334 3323
f 3728 3617 3493
f 3728 3493 3424
f 3424 3493 3398
f 3789 3728 4011
f 3789 4011 3801
f 3801 4011 3833
f 3801 3833 3683
f 3395 3467 3432
f 3432 3467 3683
f 3432 3683 3833
f 3114 3191 3056
f 3056 3191 3309
f 3184 2982 2941
f 3191 3184 3309
f 3309 3184 3182
f 3184 2941 3182
f 3182 2941 2856
f 3114 3056 2959
f 2959 3056 2910
f 3056 2832 2854
f 2941 2861 2856
f 2856 2861 2670
f 2670 2861 2748
f 2670 2748 2698
f 2531 2326 2249
f 2249 2227 2531
f 2249 2155 2227
f 2227 2155 1999
f 1999 2155 2074
f 2588 2542 2611
f 2588 2611 2670
f 2670 2611 2531
f 2040 2116 1918
f 2337 2588 2236
f 2236 2588 2181
f 2236 2181 2116
f 1660 1601 1434
f 1660 1434 1391
f 1846 1693 1660
f 1660 1693 1601
f 2181 1918 2116
f 1846 1660 1918
f 1918 2181 1957
f 1739 1602 1731
f 1326 1398 1481
f 1326 1481 1739
f 1739 1481 1602
f 1398 1326 1434
f 1230 1097 1085
f 1085 1097 990
f 1085 990 928
f 928 990 932
f 928 932 825
f 1391 1434 1085
f 1085 1434 1326
f 1085 1326 1230
f 1739 1420 1326
f 1171 1322 1296
f 1296 1322 1739
f 1739 1322 1370
f 1739 1370 1420
f 1420 1370 1320
f 932 918 825
f 863 808 894
f 894 808 787
f 894 787 825
f 894 825 955
f 808 790 787
f 787 790 768
f 1038 955 1106
f 1015 1038 1106
f 1316 1039 1318
f 1039 1112 1318
f 790 801 768
f 768 801 872
f 1046 1276 1199
f 1199 1276 1466
f 1199 1466 1324
f 884 904 799
f 799 904 861
f 1466 1276 1282
f 799 861 870
f 799 870 888
f 888 870 934
f 888 934 1046
f 1282 1183 1466
f 1466 1183 1017
f 1466 1017 1316
f 1316 1017 872
f 872 1017 960
f 4069 4316 3960
f 4069 3960 3682
f 1705 1780 2130
f 1705 2130 2353
f 1843 1957 1825
f 1825 1957 2181
f 1825 2181 1731
f 1731 2181 1739
f 1739 1493 1296
f 1296 1493 1318
f 1296 1318 1106
f 1106 1318 1112
f 1106 1112 1092
f 2542 2588 2337
f 2542 2337 2401
f 3056 3241 3432
f 3432 3833 3742
f 3742 3833 3889
f 4095 4214 3933
f 3933 4214 4277
f 3933 4277 4140
f 4140 4277 4275
f 4238 4140 4548
f 4817 4836 4727
f 4727 4836 4740
f 4272 4321 4403
f 4403 4321 4614
f 4403 4614 4720
f 3377 3248 3309
f 3162 3213 3056
f 3248 3185 3309
f 3309 3185 3056
f 3056 3185 3162
f 3213 3272 3241
f 3241 3272 3377
f 3377 3272 3248
f 2227 2670 2531
f 1660 1999 1918
f 1918 1999 2074
f 1918 2074 2040
f 884 799 768
f 1199 994 888
f 1199 888 1046
f 2031 2117 1808
f 2390 2117 2427
f 2427 2117 2153
f 2427 2153 2221
f 2353 2221 2234
f 3864 3551 3698
f 3698 3551 3608
f 3608 3551 3484
f 2833 2880 2975
f 2975 2880 3053
f 3053 2880 2968
f 2667 2407 2724
f 1039 1316 872
f 3682 3960 3808
f 3682 3808 3716
f 1169 1296 1106
f 1169 1133 1296
f 1296 1133 992
f 992 1133 1047
f 992 1047 955
f 1047 1056 955
f 955 1056 1106
f 1171 1296 992
f 918 992 955
f 918 955 825
f 4069 4238 4316
f 4316 4238 4487
f 4316 4487 4394
f 4394 4487 4468
f 1106 1092 1015
f 4238 4548 4463
f 3241 3323 3395
f 3241 3395 3432
f 2854 2910 3056
f 3241 3056 3213
f 2670 2698 2588
f 2588 2698 2713
f 2588 2713 2832
f 2832 2713 2854
f 1418 1345 1318
f 1318 1345 1316
f 1345 1360 1316
f 1316 1360 1435
f 1435 1466 1316
f 1435 1567 1466
f 1466 1567 1780
f 1567 1723 1780
f 1723 1972 1780
f 1780 1972 2130
f 1972 2171 2130
f 2130 2171 2353
f 2171 2428 2353
f 2353 2428 2743
f 2428 2695 2743
f 2695 2894 2743
f 2743 2894 3296
f 3296 2894 3188
f 3296 3188 3402
f 3296 3402 3682
f 3402 3592 3682
f 4143 4238 4069
f 3592 3829 3682
f 3682 3829 4069
f 4069 3829 4032
f 4069 4032 4143
f 4153 4140 4238
f 4238 4143 4201
f 4238 4201 4153
f 3933 4140 4077
f 4077 4140 4153
f 4077 3932 3933
f 3933 3932 3742
f 3932 3756 3742
f 3742 3756 3432
f 3756 3499 3432
f 3499 3355 3432
f 3432 3355 3056
f 3355 3081 3056
f 3056 3081 2832
f 3081 2850 2832
f 2832 2850 2588
f 2850 2634 2588
f 2588 2634 2287
f 2287 2181 2588
f 2287 2097 2181
f 2181 2097 1739
f 2097 1875 1739
f 1875 1666 1739
f 1739 1666 1493
f 1318 1493 1418
f 1666 1685 1521
f 1685 1666 1875
f 1685 1875 1910
f 1910 1875 2097
f 1910 2097 2126
f 2126 2097 2287
f 2126 2287 2340
f 2340 2287 2634
f 2340 2634 2666
f 2666 2634 2850
f 2666 2850 2867
f 2867 2850 3081
f 2867 3081 3122
f 3122 3081 3355
f 3122 3355 3375
f 3375 3355 3499
f 3375 3499 3545
f 3545 3499 3756
f 3545 3756 3800
f 3800 3756 3932
f 3800 3932 3961
f 3961 3932 4077
f 3961 4077 4092
f 4092 4077 4153
f 4092 4153 4154
f 4154 4153 4201
f 4154 4201 4169
f 4169 4201 4143
f 4169 4143 4110
f 4110 4143 4032
f 4110 4032 4015
f 4015 4032 3858
f 4032 3829 3858
f 3858 3829 3627
f 3829 3592 3627
f 3627 3592 3425
f 3592 3402 3425
f 3425 3402 3228
f 3402 3188 3228
f 3228 3188 2919
f 3188 2894 2919
f 2919 2894 2711
f 2894 2695 2711
f 2711 2695 2456
f 2695 2428 2456
f 2456 2428 2185
f 2428 2171 2185
f 2185 2171 1997
f 2171 1972 1997
f 1997 1972 1749
f 1972 1723 1749
f 1749 1723 1577
f 1723 1567 1577
f 1577 1567 1453
f 1567 1435 1453
f 1453 1435 1382
f 1435 1360 1382
f 1382 1360 1364
f 1360 1345 1364
f 1364 1345 1430
f 1345 1418 1430
f 1430 1418 1521
f 1521 1418 1493
f 1521 1493 1666
f 2905 2704 2666
f 2666 2867 2905
f 2905 2867 3210
f 2867 3122 3210
f 3210 3122 3413
f 3122 3375 3413
f 3413 3375 3604
f 3375 3545 3604
f 3604 3545 3837
f 3545 3800 3837
f 3837 3800 3989
f 3800 3961 3989
f 3989 3961 4101
f 3961 4092 4101
f 4101 4092 4144
f 4092 4154 4144
f 4144 4154 4137
f 4154 4169 4137
f 4137 4169 4080
f 4169 4110 4080
f 4080 4110 3953
f 4110 4015 3953
f 3953 4015 3792
f 4015 3858 3792
f 3792 3858 3541
f 3858 3627 3541
f 3541 3627 3376
f 3627 3425 3376
f 3376 3425 3129
f 3425 3228 3129
f 3129 3228 2874
f 3228 2919 2874
f 2874 2919 2672
f 2919 2711 2672
f 2672 2711 2355
f 2711 2456 2355
f 2355 2456 2137
f 2456 2185 2137
f 2137 2185 1924
f 2185 1997 1924
f 1924 1997 1703
f 1997 1749 1703
f 1703 1749 1548
f 1749 1577 1548
f 1548 1577 1436
f 1577 1453 1436
f 1436 1453 1390
f 1453 1382 1390
f 1390 1382 1395
f 1382 1364 1395
f 1395 1364 1465
f 1364 1430 1465
f 1465 1430 1583
f 1430 1521 1583
f 1583 1521 1748
f 1521 1685 1748
f 1748 1685 1987
f 1685 1910 1987
f 1987 1910 2182
f 1910 2126 2182
f 2182 2126 2443
f 2126 2340 2443
f 2443 2340 2704
f 2704 2340 2666
f 2704 2446 2443
f 2443 2446 2184
f 2443 2184 2182
f 2182 2184 1996
f 2182 1996 1987
f 1987 1996 1757
f 1987 1757 1748
f 1748 1757 1596
f 1748 1596 1583
f 1583 1596 1469
f 1583 1469 1465
f 1465 1469 1400
f 1465 1400 1395
f 1395 1400 1394
f 1395 1394 1390
f 1390 1394 1448
f 1390 1448 1436
f 1436 1448 1557
f 1436 1557 1548
f 1548 1557 1708
f 1548 1708 1703
f 1703 1708 1927
f 1703 1927 1924
f 1924 1927 2141
f 1924 2141 2137
f 2137 2141 2358
f 2137 2358 2355
f 2355 2358 2673
f 2355 2673 2672
f 2672 2673 2873
f 2672 2873 2874
f 2874 2873 3126
f 2874 3126 3129
f 3129 3126 3374
f 3129 3374 3376
f 3376 3374 3530
f 3376 3530 3541
f 3541 3530 3785
f 3541 3785 3792
f 3792 3785 3938
f 3792 3938 3953
f 3953 3938 4076
f 3953 4076 4080
f 4080 4076 4135
f 4080 4135 4137
f 4137 4135 4138
f 4137 4138 4144
f 4144 4138 4094
f 4144 4094 4101
f 4101 4094 3980
f 4101 3980 3989
f 3989 3980 3831
f 3989 3831 3837
f 3837 3831 3600
f 3837 3600 3604
f 3604 3600 3407
f 3604 3407 3413
f 3413 3407 3208
f 3413 3208 3210
f 3210 3208 2904
f 3210 2904 2905
f 2905 2904 2705
f 2905 2705 2704
f 2704 2705 2446
f 3142 3233 3143
f 3143 3233 3234
f 3101 3142 3102
f 3102 3142 3143
f 3119 3101 3120
f 3120 3101 3102
f 3206 3119 3207
f 3207 3119 3120
f 3254 3206 3255
f 3255 3206 3207
f 3233 3254 3234
f 3234 3254 3255
f 1356 1513 1527
f 1527 1513 1721
f 1527 1721 1733
f 1733 1721 1998
f 1733 1998 2013
f 2013 1998 2195
f 2013 2195 2203
f 2203 2195 2509
f 2203 2509 2530
f 2530 2509 2751
f 2530 2751 2764
f 2764 2751 2984
f 2764 2984 2999
f 2999 2984 3320
f 2999 3320 3331
f 3331 3320 3483
f 3331 3483 3492
f 3492 3483 3769
f 3492 3769 3778
f 3778 3769 3975
f 3778 3975 3986
f 3986 3975 4145
f 3986 4145 4155
f 4155 4145 4310
f 4155 4310 4317
f 4317 4310 4427
f 4317 4427 4426
f 4426 4427 4436
f 4426 4436 4430
f 4430 4436 4339
f 4430 4339 4331
f 4331 4339 4200
f 4331 4200 4182
f 4182 4200 4018
f 4182 4018 4012
f 4012 4018 3817
f 4012 3817 3805
f 3805 3817 3529
f 3805 3529 3513
f 3513 3529 3365
f 3513 3365 3353
f 3353 3365 3074
f 3353 3074 3054
f 3054 3074 2827
f 3054 2827 2822
f 2822 2827 2597
f 2822 2597 2583
f 2583 2597 2237
f 2583 2237 2224
f 2224 2237 2041
f 2224 2041 2034
f 2034 2041 1773
f 2034 1773 1764
f 1764 1773 1565
f 1764 1565 1551
f 1551 1565 1389
f 1551 1389 1379
f 1379 1389 1247
f 1379 1247 1242
f 1242 1247 1149
f 1242 1149 1150
f 1150 1149 1138
f 1150 1138 1144
f 1144 1138 1218
f 1144 1218 1226
f 1226 1218 1344
f 1226 1344 1356
f 1356 1344 1513
f 3109 3040 3143
f 3143 3040 3102
f 3102 3040 3010
f 3093 3120 3010
f 3010 3120 3102
f 3143 3192 3109
f 3186 3286 3207
f 3207 3286 3255
f 3255 3286 3315
f 3192 3143 3290
f 3290 3143 3234
f 3315 3322 3255
f 3255 3322 3234
f 3234 3322 3290
f 3120 3093 3186
f 3120 3186 3207
f 1344 1522 1513
f 1513 1522 1728
f 1513 1728 1721
f 1721 1728 2007
f 1721 2007 1998
f 1998 2007 2201
f 1998 2201 2195
f 2195 2201 2519
f 2195 2519 2509
f 2509 2519 2757
f 2509 2757 2751
f 2751 2757 2990
f 2751 2990 2984
f 2984 2990 3324
f 2984 3324 3320
f 3320 3324 3485
f 3320 3485 3483
f 3483 3485 3775
f 3483 3775 3769
f 3769 3775 3978
f 3769 3978 3975
f 3975 3978 4146
f 3975 4146 4145
f 4145 4146 4308
f 4145 4308 4310
f 4310 4308 4420
f 4310 4420 4427
f 4427 4420 4428
f 4427 4428 4436
f 4436 4428 4332
f 4436 4332 4339
f 4339 4332 4190
f 4339 4190 4200
f 4200 4190 4014
f 4200 4014 4018
f 4018 4014 3809
f 4018 3809 3817
f 3817 3809 3520
f 3817 3520 3529
f 3529 3520 3356
f 3529 3356 3365
f 3365 3356 3060
f 3365 3060 3074
f 3074 3060 2825
f 3074 2825 2827
f 2827 2825 2593
f 2827 2593 2597
f 2597 2593 2233
f 2597 2233 2237
f 2237 2233 2039
f 2237 2039 2041
f 2041 2039 1770
f 2041 1770 1773
f 1773 1770 1561
f 1773 1561 1565
f 1565 1561 1388
f 1565 1388 1389
f 1389 1388 1248
f 1389 1248 1247
f 1247 1248 1153
f 1247 1153 1149
f 1149 1153 1147
f 1149 1147 1138
f 1138 1147 1225
f 1138 1225 1218
f 1218 1225 1351
f 1218 1351 1344
f 1344 1351 1522
f 3298 3329 3315
f 3315 3286 3298
f 3298 3286 3187
f 3187 3286 3186
f 3187 3186 3093
f 3187 3093 3047
f 3047 3093 3010
f 3047 3010 3007
f 3010 3040 3007
f 3007 3040 3095
f 3095 3040 3109
f 3095 3109 3192
f 3095 3192 3253
f 3253 3192 3290
f 3253 3290 3329
f 3290 3322 3329
f 3329 3322 3315
f 1351 1449 1522
f 1522 1449 1760
f 1522 1760 1728
f 1728 1760 2105
f 1728 2105 2007
f 2007 2105 2201
f 2201 2105 2657
f 2201 2657 2519
f 2519 2657 2757
f 2757 2657 2985
f 2757 2985 2990
f 2990 2985 3384
f 2990 3384 3324
f 3324 3384 3485
f 3485 3384 3851
f 3485 3851 3775
f 3775 3851 3978
f 3978 3851 4205
f 3978 4205 4146
f 4146 4205 4308
f 4308 4205 4388
f 4308 4388 4420
f 4420 4388 4428
f 4428 4388 4283
f 4428 4283 4332
f 4332 4283 4093
f 4332 4093 4190
f 4190 4093 4014
f 4014 4093 3671
f 4014 3671 3809
f 3809 3671 3520
f 3520 3671 3350
f 3520 3350 3356
f 3356 3350 2920
f 3356 2920 3060
f 3060 2920 2825
f 2825 2920 2596
f 2825 2596 2593
f 2593 2596 2172
f 2593 2172 2233
f 2233 2172 2039
f 2039 2172 1689
f 2039 1689 1770
f 1770 1689 1561
f 1561 1689 1335
f 1561 1335 1388
f 1388 1335 1248
f 1248 1335 1179
f 1248 1179 1153
f 1153 1179 1147
f 1147 1179 1271
f 1147 1271 1225
f 1225 1271 1449
f 1225 1449 1351
f 3671 3329 3350
f 3329 3298 3350
f 3350 3298 3187
f 3350 3187 2920
f 2891 2745 2172
f 2985 3006 3384
f 3384 3006 3214
f 3384 3214 3367
f 3384 3367 3851
f 3851 3367 3434
f 3851 3434 3521
f 3851 3521 4205
f 3058 2891 3007
f 3007 2891 2172
f 3007 2172 3047
f 3047 2172 2596
f 3047 2596 2920
f 3047 2920 3187
f 1760 2144 2105
f 2105 2144 2247
f 2105 2247 2438
f 2105 2438 2657
f 2657 2438 2629
f 2657 2629 2726
f 2657 2726 2985
f 2985 2726 2884
f 2985 2884 3006
f 2745 2646 2172
f 2172 2646 2459
f 2172 2459 2256
f 2172 2256 1689
f 2256 2162 1689
f 1689 2162 2054
f 1689 2054 1942
f 1689 1942 1335
f 1335 1942 1852
f 1335 1852 1761
f 1335 1761 1179
f 1179 1761 1711
f 4093 3660 3542
f 4093 3542 3447
f 3671 4093 3329
f 3329 4093 3447
f 3329 3447 3253
f 3253 3447 3373
f 3253 3373 3230
f 3253 3230 3095
f 3095 3230 3058
f 3095 3058 3007
f 3521 3647 4205
f 4205 3647 3740
f 4205 3740 3810
f 4205 3810 4388
f 4388 3810 3840
f 4388 3840 3841
f 4388 3841 4283
f 4283 3841 3818
f 4283 3818 4093
f 4093 3818 3759
f 4093 3759 3660
f 1711 1696 1179
f 1179 1696 1709
f 1179 1709 1271
f 1271 1709 1746
f 1271 1746 1449
f 1449 1746 1837
f 1449 1837 1926
f 1449 1926 1760
f 1760 1926 2042
f 1760 2042 2144
f 1746 1725 1847
f 1725 1746 1709
f 1725 1709 1701
f 1711 1718 1696
f 1696 1718 1701
f 1696 1701 1709
f 1852 1816 1761
f 1761 1816 1718
f 1761 1718 1711
f 1816 1852 1942
f 1816 1942 1958
f 1958 1942 2054
f 1958 2054 2106
f 2256 2251 2162
f 2162 2251 2106
f 2162 2106 2054
f 2251 2256 2459
f 2251 2459 2512
f 2745 2718 2646
f 2646 2718 2512
f 2646 2512 2459
f 2718 2745 2891
f 2718 2891 2899
f 2899 2891 3058
f 2899 3058 3141
f 3058 3230 3141
f 3141 3230 3372
f 3230 3373 3372
f 3372 3373 3447
f 3372 3447 3473
f 3660 3636 3542
f 3542 3636 3473
f 3542 3473 3447
f 3636 3660 3759
f 3636 3759 3770
f 3770 3759 3818
f 3770 3818 3830
f 3818 3841 3830
f 3830 3841 3835
f 3841 3840 3835
f 3835 3840 3810
f 3835 3810 3781
f 3647 3656 3740
f 3740 3656 3781
f 3740 3781 3810
f 3656 3647 3521
f 3656 3521 3488
f 3367 3379 3434
f 3434 3379 3488
f 3434 3488 3521
f 3379 3367 3214
f 3379 3214 3194
f 3194 3214 3006
f 3194 3006 2932
f 2726 2739 2884
f 2884 2739 2932
f 2884 2932 3006
f 2739 2726 2629
f 2739 2629 2579
f 2247 2267 2438
f 2438 2267 2579
f 2438 2579 2629
f 2267 2247 2144
f 2267 2144 2122
f 2122 2144 2042
f 2122 2042 1983
f 2042 1926 1983
f 1983 1926 1847
f 1847 1926 1837
f 1847 1837 1746
f 1847 2006 1983
f 1983 2006 2188
f 1983 2188 2122
f 2122 2188 2267
f 2267 2188 2665
f 2267 2665 2579
f 2579 2665 2739
f 2739 2665 3019
f 2739 3019 2932
f 2932 3019 3194
f 3194 3019 3422
f 3194 3422 3379
f 3379 3422 3488
f 3488 3422 3625
f 3488 3625 3656
f 3656 3625 3787
f 3656 3787 3781
f 3781 3787 3835
f 3835 3787 3790
f 3835 3790 3830
f 3830 3790 3770
f 3770 3790 3544
f 3770 3544 3636
f 3636 3544 3473
f 3473 3544 3293
f 3473 3293 3372
f 3372 3293 3141
f 3141 3293 2853
f 3141 2853 2899
f 2899 2853 2718
f 2718 2853 2424
f 2718 2424 2512
f 2512 2424 2251
f 2251 2424 2059
f 2251 2059 2106
f 2106 2059 1958
f 1958 2059 1799
f 1958 1799 1816
f 1816 1799 1718
f 1718 1799 1726
f 1718 1726 1701
f 1701 1726 1793
f 1701 1793 1725
f 1725 1793 1847
f 1847 1793 2006
f 2761 3019 2665
f 2761 2665 2633
f 2523 1726 2585
f 2585 1726 1799
f 2665 2188 2633
f 2633 2188 2006
f 2633 2006 1793
f 2633 1793 2523
f 2523 1793 1726
f 2696 2853 2882
f 2882 2853 3293
f 2882 3293 3079
f 1799 2059 2585
f 2585 2059 2696
f 2696 2059 2424
f 2696 2424 2853
f 2957 3625 3422
f 2957 3422 2761
f 2761 3422 3019
f 3293 3544 3079
f 3079 3544 3790
f 3079 3790 3787
f 3079 3787 2957
f 2957 3787 3625
f 2908 2921 3015
f 2831 2696 2882
f 2831 2882 2921
f 2921 3079 3015
f 3015 3079 3036
f 3036 3079 2957
f 2890 2957 2761
f 2633 2523 2620
f 2620 2523 2627
f 2627 2523 2586
f 2626 2585 2696
f 2626 2696 2680
f 2680 2696 2738
f 2738 2696 2831
f 2738 2831 2855
f 2855 2831 2921
f 2855 2921 2908
f 2908 3015 2958
f 2958 3015 2995
f 2995 3015 3036
f 2995 3036 2966
f 2966 3036 2957
f 2966 2957 2913
f 2913 2957 2890
f 2913 2890 2860
f 2860 2890 2761
f 2860 2761 2742
f 2742 2761 2633
f 2742 2633 2685
f 2523 2585 2586
f 2586 2585 2626
f 3079 2921 2882
f 2627 2685 2620
f 2620 2685 2633
f 2896 2860 2841
f 2841 2860 2742
f 2841 2742 2721
f 2721 2742 2669
f 2991 2966 2954
f 2954 2966 2913
f 2954 2913 2896
f 2896 2913 2860
f 2835 2855 2892
f 2892 2855 2908
f 2892 2908 2952
f 2952 2908 2970
f 2970 2908 2958
f 2970 2958 2995
f 2970 2995 2991
f 2991 2995 2966
f 2664 2680 2717
f 2717 2680 2738
f 2717 2738 2835
f 2835 2738 2855
f 2589 2586 2613
f 2613 2586 2626
f 2613 2626 2664
f 2664 2626 2680
f 2742 2685 2669
f 2669 2685 2627
f 2669 2627 2618
f 2618 2627 2589
f 2589 2627 2586
f 2952 2970 2986
f 2986 2970 2991
f 2589 2595 2618
f 2618 2595 2669
f 2669 2595 2687
f 2669 2687 2721
f 2721 2687 2754
f 2721 2754 2841
f 2841 2754 2871
f 2841 2871 2896
f 2896 2871 2939
f 2896 2939 2954
f 2954 2939 2997
f 2954 2997 2991
f 2991 2997 3049
f 2991 3049 2986
f 2952 2986 2930
f 2952 2930 2892
f 2892 2930 2863
f 2892 2863 2835
f 2835 2863 2741
f 2835 2741 2717
f 2717 2741 2682
f 2717 2682 2664
f 2664 2682 2619
f 2664 2619 2613
f 2613 2619 2535
f 2613 2535 2589
f 2589 2535 2595
f 2546 2595 2535
f 2546 2535 2573
f 2573 2535 2619
f 2573 2619 2681
f 2681 2619 2682
f 2681 2682 2740
f 2740 2682 2741
f 2740 2741 2862
f 2862 2741 2863
f 2862 2863 2929
f 2929 2863 2930
f 2929 2930 2989
f 2989 2930 2986
f 2989 2986 3048
f 3048 2986 3049
f 3048 3049 2996
f 2996 3049 2997
f 2996 2997 2938
f 2938 2997 2939
f 2938 2939 2870
f 2870 2939 2871
f 2870 2871 2753
f 2753 2871 2754
f 2753 2754 2686
f 2686 2754 2687
f 2686 2687 2624
f 2624 2687 2595
f 2624 2595 2546
f 1479 1484 1477
f 1479 1477 1497
f 1496 1497 1477
f 1497 1496 1538
f 1538 1575 1497
f 1575 1538 1580
f 1575 1580 1616
f 1575 1616 1642
f 1642 1616 1651
f 1642 1651 1650
f 1642 1650 1641
f 1641 1650 1626
f 1641 1626 1582
f 1641 1582 1568
f 1582 1525 1568
f 1568 1525 1479
f 1479 1525 1484
f 1690 1706 1644
f 1670 1599 1624
f 1507 1452 1491
f 1543 1467 1489
f 1467 1433 1489
f 1634 1690 1595
f 1595 1690 1644
f 1595 1562 1634
f 1599 1505 1543
f 1543 1505 1467
f 1644 1706 1670
f 1644 1670 1624
f 1507 1491 1595
f 1595 1491 1562
f 1624 1599 1543
f 1433 1429 1489
f 1489 1429 1507
f 1507 1429 1452
f 1452 1423 1485
f 1452 1429 1423
f 1429 1433 1423
f 1423 1433 1457
f 1433 1467 1457
f 1467 1505 1457
f 1457 1505 1572
f 1505 1599 1572
f 1572 1599 1662
f 1599 1670 1662
f 1662 1670 1710
f 1670 1706 1710
f 1706 1690 1710
f 1710 1690 1684
f 1684 1690 1614
f 1690 1634 1614
f 1634 1562 1614
f 1614 1562 1485
f 1562 1491 1485
f 1485 1491 1452
f 1710 1651 1662
f 1662 1651 1616
f 1662 1616 1572
f 1572 1616 1538
f 1572 1538 1457
f 1457 1538 1477
f 1457 1477 1423
f 1423 1477 1484
f 1423 1484 1485
f 1485 1484 1525
f 1485 1525 1614
f 1614 1525 1626
f 1614 1626 1650
f 1614 1650 1684
f 1684 1650 1710
f 1710 1650 1651
f 1477 1538 1496
f 1538 1616 1580
f 1626 1525 1582
f 1506 1488 1507
f 1507 1488 1489
f 1488 1542 1489
f 1489 1542 1543
f 1542 1623 1543
f 1543 1623 1624
f 1623 1643 1624
f 1624 1643 1644
f 1643 1594 1644
f 1644 1594 1595
f 1594 1506 1595
f 1595 1506 1507
f 1542 1488 1623
f 1623 1488 1506
f 1623 1506 1643
f 1643 1506 1594
f 1479 1573 1568
f 1568 1573 1641
f 1641 1573 1629
f 1641 1629 1642
f 1642 1629 1589
f 1642 1589 1575
f 1575 1589 1498
f 1575 1498 1497
f 1497 1498 1479
f 1479 1498 1573
f 1629 1573 1498
f 1498 1589 1629
f 2640 2647 2614
f 2640 2614 2552
f 2557 2552 2614
f 2552 2557 2518
f 2518 2513 2552
f 2513 2518 2517
f 2513 2517 2534
f 2513 2534 2587
f 2587 2534 2608
f 2587 2608 2642
f 2587 2642 2651
f 2651 2642 2671
f 2651 2671 2679
f 2651 2679 2683
f 2679 2677 2683
f 2683 2677 2640
f 2640 2677 2647
f 2561 2575 2475
f 2533 2460 2496
f 2533 2450 2460
f 2575 2561 2636
f 2641 2575 2636
f 2710 2694 2675
f 2675 2694 2636
f 2636 2694 2641
f 2568 2639 2616
f 2533 2496 2616
f 2616 2496 2568
f 2561 2475 2533
f 2533 2475 2450
f 2616 2639 2662
f 2662 2639 2684
f 2662 2684 2700
f 2662 2700 2675
f 2675 2700 2710
f 2645 2699 2684
f 2684 2639 2645
f 2639 2568 2645
f 2645 2568 2498
f 2568 2496 2498
f 2496 2460 2498
f 2498 2460 2444
f 2460 2450 2444
f 2450 2475 2444
f 2444 2475 2492
f 2475 2575 2492
f 2492 2575 2617
f 2575 2641 2617
f 2617 2641 2676
f 2641 2678 2676
f 2676 2678 2707
f 2678 2694 2707
f 2694 2710 2707
f 2707 2710 2699
f 2710 2700 2699
f 2699 2700 2684
f 2707 2671 2642
f 2707 2642 2676
f 2676 2642 2617
f 2444 2518 2498
f 2498 2518 2614
f 2498 2614 2645
f 2645 2614 2647
f 2645 2647 2699
f 2699 2647 2677
f 2699 2677 2707
f 2707 2677 2671
f 2642 2608 2617
f 2617 2608 2492
f 2492 2608 2534
f 2492 2534 2444
f 2444 2534 2518
f 2614 2518 2557
f 2518 2534 2517
f 2671 2677 2679
f 2661 2615 2662
f 2662 2615 2616
f 2615 2532 2616
f 2616 2532 2533
f 2532 2560 2533
f 2533 2560 2561
f 2560 2635 2561
f 2561 2635 2636
f 2635 2674 2636
f 2636 2674 2675
f 2674 2661 2675
f 2675 2661 2662
f 2560 2532 2635
f 2635 2532 2615
f 2635 2615 2674
f 2674 2615 2661
f 2640 2650 2683
f 2683 2650 2648
f 2683 2648 2651
f 2651 2648 2600
f 2651 2600 2587
f 2587 2600 2559
f 2587 2559 2513
f 2513 2559 2552
f 2552 2559 2640
f 2640 2559 2650
f 2559 2600 2648
f 2648 2650 2559
f 2678 2641 2694
f 2943 2935 2965
f 2943 2965 3026
f 3018 3026 2965
f 3026 3018 3062
f 3062 3070 3026
f 3070 3062 3063
f 3070 3063 3050
f 3070 3050 2994
f 2994 3050 2973
f 2994 2973 2942
f 2994 2942 2928
f 2928 2942 2907
f 2928 2907 2898
f 2928 2898 2897
f 2898 2900 2897
f 2897 2900 2943
f 2943 2900 2935
f 3088 3008 2962
f 2903 2868 2877
f 3112 3088 3052
f 3052 3088 2962
f 3014 3087 3118
f 2962 3008 2946
f 2971 3087 2948
f 2948 3087 3014
f 2903 2877 2906
f 2903 2906 2948
f 2948 2906 2971
f 2946 2915 2962
f 2915 2946 2895
f 3052 3118 3112
f 2915 2878 2903
f 2903 2878 2868
f 2915 2895 2878
f 3014 3118 3052
f 2937 2879 2895
f 2895 2946 2937
f 2946 3008 2937
f 2937 3008 3085
f 3008 3088 3085
f 3088 3112 3085
f 3085 3112 3127
f 3112 3118 3127
f 3127 3118 3092
f 3118 3087 3092
f 3092 3087 2960
f 3087 2971 2960
f 2971 2906 2960
f 2960 2906 2901
f 2901 2906 2869
f 2906 2877 2869
f 2877 2868 2869
f 2869 2868 2879
f 2868 2878 2879
f 2879 2878 2895
f 2960 2973 3092
f 3092 2973 3050
f 3092 3050 3127
f 2869 2907 2942
f 2869 2942 2901
f 2901 2942 2960
f 2960 2942 2973
f 3127 3050 3062
f 3127 3062 3085
f 3085 3062 2965
f 3085 2965 2937
f 2937 2965 2935
f 2937 2935 2879
f 2879 2935 2900
f 2879 2900 2869
f 2869 2900 2907
f 2965 3062 3018
f 3062 3050 3063
f 2907 2900 2898
f 2914 2961 2915
f 2915 2961 2962
f 2961 3051 2962
f 2962 3051 3052
f 3051 3013 3052
f 3052 3013 3014
f 3013 2947 3014
f 3014 2947 2948
f 2947 2902 2948
f 2948 2902 2903
f 2902 2914 2903
f 2903 2914 2915
f 2902 2947 2914
f 2914 2947 3013
f 2914 3013 2961
f 2961 3013 3051
f 2943 2931 2897
f 2897 2931 2934
f 2897 2934 2928
f 2928 2934 2981
f 2928 2981 2994
f 2994 2981 3016
f 2994 3016 3070
f 3070 3016 3026
f 3026 3016 2943
f 2943 3016 2931
f 3016 2981 2934
f 2934 2931 3016
f 2311 2293 2328
f 2311 2328 2426
f 2426 2328 2416
f 2426 2416 2458
f 2458 2480 2426
f 2480 2458 2487
f 2480 2487 2490
f 2480 2490 2479
f 2479 2490 2462
f 2479 2462 2418
f 2479 2418 2384
f 2339 2384 2418
f 2384 2339 2299
f 2299 2339 2316
f 2316 2282 2299
f 2299 2282 2311
f 2311 2282 2293
f 2452 2515 2467
f 2562 2515 2452
f 2235 2304 2250
f 2474 2567 2562
f 2431 2357 2453
f 2474 2562 2452
f 2325 2268 2357
f 2304 2235 2325
f 2325 2235 2242
f 2381 2291 2362
f 2362 2291 2250
f 2362 2250 2304
f 2467 2381 2452
f 2452 2381 2362
f 2474 2505 2567
f 2325 2242 2268
f 2453 2505 2431
f 2431 2505 2474
f 2325 2357 2431
f 2257 2230 2250
f 2250 2291 2257
f 2257 2291 2371
f 2291 2381 2371
f 2371 2381 2494
f 2381 2467 2494
f 2467 2515 2494
f 2494 2515 2578
f 2515 2562 2578
f 2562 2567 2578
f 2578 2567 2538
f 2567 2505 2538
f 2538 2505 2445
f 2505 2453 2445
f 2453 2357 2445
f 2445 2357 2296
f 2357 2268 2296
f 2268 2242 2296
f 2296 2242 2230
f 2242 2235 2230
f 2230 2235 2250
f 2494 2458 2416
f 2494 2416 2371
f 2371 2416 2328
f 2371 2328 2257
f 2296 2316 2339
f 2296 2339 2445
f 2445 2339 2418
f 2257 2328 2293
f 2257 2293 2230
f 2230 2293 2282
f 2230 2282 2296
f 2296 2282 2316
f 2418 2462 2445
f 2445 2462 2538
f 2538 2462 2490
f 2538 2490 2578
f 2578 2490 2458
f 2578 2458 2494
f 2458 2490 2487
f 2303 2361 2304
f 2304 2361 2362
f 2361 2451 2362
f 2362 2451 2452
f 2451 2473 2452
f 2452 2473 2474
f 2473 2430 2474
f 2474 2430 2431
f 2430 2324 2431
f 2431 2324 2325
f 2324 2303 2325
f 2325 2303 2304
f 2361 2303 2451
f 2451 2303 2324
f 2451 2324 2473
f 2473 2324 2430
f 2311 2319 2299
f 2299 2319 2383
f 2299 2383 2384
f 2384 2383 2479
f 2479 2383 2461
f 2479 2461 2480
f 2480 2461 2392
f 2480 2392 2426
f 2426 2392 2311
f 2311 2392 2319
f 2383 2319 2392
f 2461 2383 2392
f 4063 4053 4065
f 4063 4065 4037
f 4038 4037 4065
f 4037 4038 3999
f 3999 3966 4037
f 3966 3999 3956
f 3966 3956 3922
f 3966 3922 3894
f 3894 3922 3884
f 3894 3884 3885
f 3894 3885 3895
f 3895 3885 3913
f 3895 3913 3954
f 3895 3954 3973
f 3954 4013 3973
f 3973 4013 4063
f 4063 4013 4053
f 3962 4027 3995
f 3893 3836 3842
f 3940 3882 3893
f 3893 3882 3836
f 4107 4112 4048
f 4079 4107 4048
f 3940 3963 3882
f 4112 4026 4048
f 4026 4112 4091
f 3995 4027 4079
f 4079 4048 3995
f 3842 3883 3917
f 3917 3883 3962
f 3917 3962 3995
f 3893 3842 3917
f 4026 4042 3940
f 3940 4042 3963
f 4026 4091 4042
f 4117 4051 4091
f 4091 4112 4117
f 4112 4107 4117
f 4117 4107 4088
f 4107 4079 4088
f 4079 4027 4088
f 4088 4027 3969
f 4027 3962 3969
f 3962 3883 3969
f 3969 3883 3874
f 3883 3842 3874
f 3874 3842 3828
f 3842 3836 3828
f 3828 3836 3854
f 3836 3857 3854
f 3854 3857 3923
f 3857 3882 3923
f 3882 3963 3923
f 3923 3963 4051
f 3963 4042 4051
f 4051 4042 4091
f 4117 4065 4053
f 4117 4053 4051
f 4051 4053 4013
f 4051 4013 3923
f 3923 4013 3913
f 3923 3913 3885
f 3923 3885 3854
f 3854 3885 3828
f 3969 3999 4088
f 4088 3999 4065
f 4088 4065 4117
f 3885 3884 3828
f 3828 3884 3874
f 3874 3884 3922
f 3874 3922 3969
f 3969 3922 3999
f 4065 3999 4038
f 3999 3922 3956
f 3913 4013 3954
f 4025 4047 4026
f 4026 4047 4048
f 4047 3994 4048
f 4048 3994 3995
f 3994 3916 3995
f 3995 3916 3917
f 3916 3892 3917
f 3917 3892 3893
f 3892 3939 3893
f 3893 3939 3940
f 3939 4025 3940
f 3940 4025 4026
f 3939 3892 4025
f 4025 3892 3916
f 4025 3916 4047
f 4047 3916 3994
f 4063 3967 3973
f 3973 3967 3895
f 3895 3967 3906
f 3895 3906 3894
f 3894 3906 3946
f 3894 3946 3966
f 3966 3946 4036
f 3966 4036 4037
f 4037 4036 4063
f 4063 4036 3967
f 3906 3967 4036
f 4036 3946 3906
f 3857 3836 3882
f 1566 1585 1545
f 1566 1545 1533
f 1533 1545 1528
f 1533 1528 1563
f 1563 1581 1533
f 1581 1563 1598
f 1581 1598 1639
f 1581 1639 1657
f 1657 1639 1676
f 1657 1676 1697
f 1657 1697 1699
f 1687 1699 1697
f 1699 1687 1655
f 1655 1687 1675
f 1675 1637 1655
f 1655 1637 1566
f 1566 1637 1585
f 1656 1636 1712
f 1669 1719 1674
f 1674 1719 1763
f 1681 1750 1712
f 1681 1712 1636
f 1674 1763 1681
f 1681 1763 1750
f 1490 1547 1470
f 1470 1547 1570
f 1547 1490 1604
f 1604 1490 1554
f 1570 1483 1470
f 1636 1579 1570
f 1570 1579 1516
f 1516 1483 1570
f 1636 1656 1579
f 1604 1554 1630
f 1604 1630 1674
f 1674 1630 1669
f 1554 1490 1541
f 1541 1490 1468
f 1490 1470 1468
f 1470 1483 1468
f 1468 1483 1502
f 1483 1516 1502
f 1502 1516 1591
f 1516 1579 1591
f 1579 1656 1591
f 1591 1656 1686
f 1656 1712 1686
f 1686 1712 1756
f 1712 1750 1756
f 1750 1763 1756
f 1756 1763 1743
f 1763 1719 1743
f 1719 1669 1743
f 1743 1669 1653
f 1669 1630 1653
f 1653 1630 1541
f 1541 1630 1554
f 1743 1675 1687
f 1743 1687 1756
f 1756 1687 1697
f 1468 1545 1541
f 1541 1545 1585
f 1541 1585 1653
f 1653 1585 1637
f 1653 1637 1743
f 1743 1637 1675
f 1697 1676 1756
f 1756 1676 1686
f 1686 1676 1639
f 1686 1639 1591
f 1591 1639 1563
f 1591 1563 1502
f 1502 1563 1528
f 1502 1528 1468
f 1468 1528 1545
f 1563 1639 1598
f 1603 1546 1604
f 1604 1546 1547
f 1546 1569 1547
f 1547 1569 1570
f 1569 1635 1570
f 1570 1635 1636
f 1635 1680 1636
f 1636 1680 1681
f 1680 1673 1681
f 1681 1673 1674
f 1673 1603 1674
f 1674 1603 1604
f 1635 1569 1680
f 1680 1569 1546
f 1680 1546 1673
f 1673 1546 1603
f 1566 1628 1655
f 1655 1628 1677
f 1655 1677 1699
f 1699 1677 1657
f 1657 1677 1631
f 1657 1631 1581
f 1581 1631 1560
f 1581 1560 1533
f 1533 1560 1566
f 1566 1560 1628
f 1677 1628 1560
f 1631 1677 1560
f 2016 2023 1982
f 2016 1982 1952
f 1956 1952 1982
f 1952 1956 1943
f 1943 1971 1952
f 1971 1943 1973
f 1971 1973 2015
f 1971 2015 2028
f 2028 2015 2044
f 2028 2044 2071
f 2028 2071 2083
f 2083 2071 2086
f 2083 2086 2085
f 2083 2085 2079
f 2085 2080 2079
f 2080 2049 2079
f 2079 2049 2016
f 2016 2049 2023
f 2129 2142 2082
f 2009 2060 1930
f 2068 2123 2060
f 1986 1904 1974
f 1930 1885 1967
f 2082 2142 2068
f 2068 2142 2123
f 2009 1930 1967
f 2026 2108 2046
f 2082 2108 2129
f 1885 1876 1967
f 2068 2060 2009
f 2046 2108 2082
f 1986 1974 2046
f 2046 1974 2026
f 1967 1876 1904
f 1967 1904 1986
f 2069 2002 2072
f 2069 2026 2002
f 2026 1974 2002
f 2002 1974 1881
f 1974 1904 1881
f 1904 1876 1881
f 1881 1876 1888
f 1876 1885 1888
f 1885 1930 1888
f 1888 1930 1965
f 1930 2010 1965
f 1965 2010 2063
f 2010 2060 2063
f 2060 2098 2063
f 2063 2098 2128
f 2098 2123 2128
f 2123 2142 2128
f 2128 2142 2132
f 2142 2129 2132
f 2129 2108 2132
f 2132 2108 2072
f 2108 2069 2072
f 1888 1973 1881
f 1881 1973 1943
f 1881 1943 1982
f 1881 1982 2002
f 2002 1982 2023
f 2002 2023 2072
f 2072 2023 2049
f 2072 2049 2132
f 2132 2049 2080
f 2132 2080 2128
f 2128 2080 2086
f 2128 2086 2071
f 2128 2071 2063
f 2063 2071 2015
f 2063 2015 1965
f 1965 2015 1888
f 1888 2015 1973
f 1982 1943 1956
f 2015 2071 2044
f 2086 2080 2085
f 2045 1985 2046
f 2046 1985 1986
f 1985 1966 1986
f 1986 1966 1967
f 1966 2008 1967
f 1967 2008 2009
f 2008 2067 2009
f 2009 2067 2068
f 2067 2081 2068
f 2068 2081 2082
f 2081 2045 2082
f 2082 2045 2046
f 2045 2081 1985
f 1985 2081 2067
f 1985 2067 1966
f 1966 2067 2008
f 2016 2062 2079
f 2079 2062 2083
f 2083 2062 2052
f 2083 2052 2028
f 2028 2052 1991
f 2028 1991 1971
f 1971 1991 1952
f 1952 1991 1992
f 1952 1992 2016
f 2016 1992 2062
f 1992 2052 2062
f 1992 1991 2052
f 2098 2060 2123
f 2069 2108 2026
f 2010 1930 2060
f 3510 3504 3549
f 3510 3549 3580
f 3576 3580 3549
f 3580 3576 3586
f 3586 3559 3580
f 3559 3586 3557
f 3559 3557 3511
f 3559 3511 3496
f 3496 3511 3481
f 3496 3481 3461
f 3496 3461 3449
f 3449 3461 3444
f 3449 3444 3446
f 3449 3446 3453
f 3446 3452 3453
f 3452 3475 3453
f 3453 3475 3510
f 3510 3475 3504
f 3471 3597 3517
f 3643 3655 3565
f 3547 3556 3497
f 3547 3497 3480
f 3547 3628 3556
f 3517 3597 3565
f 3597 3643 3565
f 3565 3655 3628
f 3565 3628 3547
f 3466 3423 3471
f 3433 3420 3451
f 3451 3420 3406
f 3466 3471 3517
f 3451 3406 3466
f 3466 3406 3423
f 3480 3497 3433
f 3480 3433 3451
f 3526 3460 3463
f 3463 3497 3526
f 3497 3556 3526
f 3526 3556 3648
f 3556 3628 3648
f 3628 3655 3648
f 3648 3655 3642
f 3655 3643 3642
f 3643 3597 3642
f 3642 3597 3566
f 3597 3515 3566
f 3566 3515 3469
f 3515 3471 3469
f 3471 3440 3469
f 3469 3440 3421
f 3440 3423 3421
f 3423 3406 3421
f 3421 3406 3417
f 3406 3420 3417
f 3420 3433 3417
f 3417 3433 3460
f 3433 3463 3460
f 3642 3557 3648
f 3648 3557 3586
f 3648 3586 3549
f 3648 3549 3526
f 3526 3549 3504
f 3526 3504 3460
f 3460 3504 3475
f 3460 3475 3417
f 3417 3475 3452
f 3417 3452 3421
f 3421 3452 3444
f 3421 3444 3461
f 3421 3461 3469
f 3469 3461 3511
f 3469 3511 3566
f 3566 3511 3642
f 3642 3511 3557
f 3549 3586 3576
f 3511 3461 3481
f 3444 3452 3446
f 3479 3546 3480
f 3480 3546 3547
f 3546 3564 3547
f 3547 3564 3565
f 3564 3516 3565
f 3565 3516 3517
f 3516 3465 3517
f 3517 3465 3466
f 3465 3450 3466
f 3466 3450 3451
f 3450 3479 3451
f 3451 3479 3480
f 3546 3479 3564
f 3564 3479 3450
f 3564 3450 3516
f 3516 3450 3465
f 3510 3470 3453
f 3453 3470 3449
f 3449 3470 3472
f 3449 3472 3496
f 3496 3472 3535
f 3496 3535 3559
f 3559 3535 3580
f 3580 3535 3534
f 3580 3534 3510
f 3510 3534 3470
f 3534 3472 3470
f 3534 3535 3472
f 3440 3471 3423
f 3463 3433 3497
f 3515 3597 3471
f 2528 2746 2499
f 2061 1949 1713
f 1713 1652 1512
f 1323 1309 1214
f 1214 1228 1215
f 1260 1157 1432
f 1432 1157 1275
f 2893 2936 2755
f 2755 2936 2746
f 2755 2746 2528
f 2528 2499 2239
f 2239 2499 2183
f 1905 2183 2061
f 1509 1713 1512
f 1509 1512 1422
f 1297 1422 1323
f 1297 1323 1234
f 1234 1323 1161
f 1161 1323 1214
f 1213 1214 1215
f 1213 1215 1277
f 1277 1215 1260
f 1406 1260 1432
f 2084 1938 2167
f 2167 2180 2526
f 3135 2837 2940
f 3498 3328 3482
f 3498 3482 3657
f 3951 3813 4062
f 4062 3976 4090
f 4263 4090 4243
f 4243 4258 4364
f 4264 4402 4288
f 4264 4288 4204
f 3968 4086 3755
f 3755 3863 3637
f 3430 3637 3418
f 2951 3242 2881
f 2212 2497 2225
f 2212 2225 2107
f 2107 2225 1984
f 1984 2225 2051
f 1984 2051 1732
f 1732 1720 1504
f 1504 1720 1501
f 1311 1501 1381
f 1146 1194 1110
f 1146 1110 1115
f 1617 1414 1627
f 1627 1608 1887
f 2435 2174 2387
f 2435 2387 2630
f 2630 2387 2621
f 2630 2621 2725
f 2883 2725 3030
f 3429 3138 3426
f 3426 3427 3704
f 4234 4024 4185
f 4234 4185 4278
f 4425 4370 4323
f 4323 4306 4166
f 4166 4306 4194
f 4029 4194 4124
f 3649 3886 3676
f 3649 3676 3505
f 3284 3401 2936
f 2936 3401 3139
f 2499 2746 2697
f 2183 2499 2061
f 1422 1512 1323
f 1214 1309 1228
f 1228 1216 1215
f 1260 1215 1157
f 3699 3907 3715
f 3429 3715 3380
f 3030 3354 3069
f 3030 3069 2883
f 2883 3069 2940
f 2883 2940 2747
f 2630 2747 2435
f 2435 2747 2508
f 2435 2508 2177
f 2177 2179 1903
f 1903 2179 1894
f 1617 1894 1605
f 1605 1500 1399
f 1193 1295 1275
f 1193 1275 1159
f 1159 1275 1157
f 1146 1157 1216
f 1311 1216 1317
f 1317 1309 1495
f 1984 1753 1949
f 1984 1949 2107
f 2107 1949 2061
f 2107 2061 2280
f 2951 2697 2949
f 3430 3139 3401
f 3430 3401 3755
f 3755 3401 3505
f 3755 3505 3676
f 3968 3848 3886
f 3968 3886 4087
f 4087 3886 4124
f 4264 4124 4194
f 4264 4194 4324
f 4324 4306 4342
f 4342 4306 4370
f 4263 4370 4286
f 4286 4278 4185
f 3951 4083 4024
f 3951 4024 3834
f 3834 4024 3730
f 3498 3730 3427
f 3135 3427 3136
f 3136 3138 2842
f 2084 2202 2174
f 2084 2174 1872
f 1406 1608 1421
f 1421 1414 1277
f 1213 1277 1253
f 1213 1253 1161
f 1161 1253 1115
f 1161 1115 1110
f 1161 1110 1163
f 1234 1163 1194
f 1234 1194 1297
f 1297 1194 1381
f 1509 1381 1501
f 1509 1501 1720
f 1905 1720 2053
f 2053 1720 2051
f 2239 2051 2225
f 2755 2497 2737
f 2755 2737 2893
f 2893 2737 2881
f 2893 2881 3149
f 3445 3418 3553
f 3553 3637 3860
f 3860 3637 3863
f 4041 3863 4086
f 4086 4204 4288
f 4445 4382 4402
f 4445 4402 4474
f 4474 4402 4418
f 4474 4418 4441
f 4441 4418 4365
f 4365 4418 4258
f 4085 4258 4090
f 3715 3976 3813
f 3813 3657 3482
f 3069 3328 2940
f 2747 2940 2837
f 2747 2837 2508
f 2179 2508 2180
f 1894 2180 2167
f 1894 2167 1605
f 1605 2167 1768
f 1399 1500 1432
f 1399 1432 1275
f 2936 3084 3284
f 3401 3284 3390
f 3401 3390 3505
f 3505 3390 3445
f 3505 3445 3649
f 3886 3649 4124
f 4124 3649 3869
f 4124 3869 4029
f 4194 4029 4166
f 4166 4184 4323
f 4278 4377 4234
f 4024 4234 3730
f 3730 4234 3907
f 3730 3907 3704
f 3704 3699 3426
f 3426 3699 3429
f 3138 3429 3380
f 3138 3380 3030
f 2174 2435 2177
f 2174 2177 1887
f 1887 1903 1627
f 1627 1903 1617
f 1414 1617 1605
f 1414 1605 1253
f 1253 1605 1295
f 1253 1295 1193
f 1193 1159 1115
f 1115 1159 1157
f 1115 1157 1146
f 1194 1146 1381
f 1381 1146 1311
f 1501 1311 1504
f 1504 1495 1732
f 2497 2212 2280
f 2497 2280 2632
f 2632 2280 2631
f 2632 2631 2737
f 2737 2631 2881
f 2881 2631 2951
f 3418 3242 3430
f 3637 3430 3755
f 3755 3848 3968
f 4086 3968 4087
f 4086 4087 4204
f 4204 4087 4124
f 4204 4124 4264
f 4402 4264 4418
f 4418 4264 4324
f 4418 4324 4364
f 4364 4342 4243
f 4243 4342 4263
f 4090 4263 4062
f 3813 3951 3834
f 3813 3834 3657
f 3657 3834 3730
f 3657 3730 3498
f 3328 3498 2940
f 2940 3498 3135
f 2837 3135 2842
f 2837 2842 2688
f 2688 2842 2526
f 2167 2202 2084
f 1768 1938 1872
f 1768 1872 1638
f 1638 1872 1576
f 1432 1576 1406
f 1260 1406 1277
f 1214 1213 1161
f 1161 1163 1234
f 1422 1297 1381
f 1422 1381 1509
f 1713 1509 2061
f 2061 1509 1905
f 2183 1905 2053
f 2183 2053 2239
f 3284 3084 3149
f 3284 3149 3390
f 3390 3149 3445
f 3649 3445 3553
f 3649 3553 3869
f 3869 3860 4029
f 4029 3860 4041
f 4029 4041 4184
f 4291 4382 4445
f 4234 4365 4085
f 4085 4090 3907
f 3907 4090 3976
f 3907 3976 3715
f 3715 3813 3380
f 3380 3813 3482
f 3380 3482 3354
f 3354 3328 3069
f 2177 2508 2179
f 2179 2180 1894
f 1295 1399 1275
f 1157 1215 1216
f 1216 1228 1317
f 1317 1228 1309
f 1495 1309 1323
f 1495 1323 1753
f 1753 1323 1512
f 1753 1512 1652
f 1753 1652 1713
f 1753 1713 1949
f 2280 2061 2631
f 2631 2061 2499
f 2631 2499 2697
f 2697 2746 2949
f 2949 2746 2936
f 2949 2936 3139
f 3848 3676 3886
f 4324 4194 4306
f 4306 4323 4370
f 4370 4425 4286
f 4286 4425 4377
f 4286 4377 4278
f 4083 4185 4024
f 3730 3704 3427
f 3427 3426 3136
f 3136 3426 3138
f 2842 3138 3030
f 2842 3030 2621
f 2621 3030 2725
f 2202 2387 2174
f 1872 2174 1576
f 1576 2174 1887
f 1576 1887 1608
f 1608 1627 1421
f 1421 1627 1414
f 1277 1414 1253
f 1253 1193 1115
f 1163 1110 1194
f 1720 1732 2051
f 2497 2632 2737
f 3149 2881 3445
f 3445 2881 3242
f 3445 3242 3418
f 3553 3418 3637
f 3863 3755 4086
f 4382 4288 4402
f 4418 4364 4258
f 4258 4243 4090
f 3976 4062 3813
f 3354 3482 3328
f 2508 2837 2688
f 2508 2688 2526
f 2508 2526 2180
f 2167 1938 1768
f 1605 1768 1638
f 1605 1638 1500
f 1500 1638 1576
f 1500 1576 1432
f 2936 2893 3084
f 4166 4029 4184
f 4323 4184 4291
f 4323 4291 4425
f 4425 4291 4445
f 4425 4445 4474
f 4425 4474 4441
f 4425 4441 4377
f 4377 4441 4365
f 4377 4365 4234
f 4234 4085 3907
f 3704 3907 3699
f 3699 3715 3429
f 3380 3354 3030
f 2725 2883 2747
f 2725 2747 2630
f 1887 2177 1903
f 1903 1894 1617
f 1605 1399 1295
f 1146 1216 1311
f 1311 1317 1504
f 1504 1317 1495
f 1732 1495 1753
f 1732 1753 1984
f 2212 2107 2280
f 2631 2697 2951
f 2951 2949 3242
f 3242 2949 3139
f 3242 3139 3430
f 3755 3676 3848
f 4364 4324 4342
f 4342 4370 4263
f 4263 4286 4062
f 4062 4286 4185
f 4062 4185 4083
f 4062 4083 3951
f 3498 3427 3135
f 3135 3136 2842
f 2526 2842 2621
f 2526 2621 2167
f 2167 2621 2387
f 2167 2387 2202
f 1938 2084 1872
f 1576 1608 1406
f 1406 1421 1277
f 1509 1720 1905
f 2053 2051 2239
f 2528 2239 2225
f 2528 2225 2755
f 2755 2225 2497
f 3084 2893 3149
f 3869 3553 3860
f 3860 3863 4041
f 4184 4041 4086
f 4184 4086 4291
f 4291 4086 4288
f 4291 4288 4382
f 4365 4258 4085
f 4034 4061 4009
f 3941 4049 4002
f 3941 4061 4049
f 3941 4009 4061
f 3952 4009 3941
f 3927 3952 3941
f 3981 3929 3949
f 3949 4050 3981
f 3949 4064 4050
f 3949 4040 4064
f 3949 4001 4040
f 4050 4030 3981
f 3929 3924 3949
f 3949 3927 3941
f 3949 3924 3927
f 3927 3924 3929
f 3927 3929 3952
f 3929 3981 3952
f 3952 3981 4009
f 4009 3981 4030
f 4009 4030 4034
f 4034 4030 4050
f 4034 4050 4061
f 4050 4064 4061
f 4061 4064 4049
f 4049 4064 4040
f 4049 4040 4002
f 4040 4001 4002
f 4001 3949 4002
f 4002 3949 3941
f 3352 3318 3368
f 3339 3360 3302
f 3360 3368 3318
f 3360 3369 3368
f 3273 3302 3360
f 3360 3270 3273
f 3318 3292 3360
f 3360 3292 3270
f 3351 3266 3281
f 3351 3289 3266
f 3351 3326 3289
f 3364 3326 3351
f 3351 3370 3364
f 3281 3308 3351
f 3318 3308 3292
f 3308 3281 3292
f 3292 3281 3270
f 3281 3266 3270
f 3270 3266 3273
f 3266 3289 3273
f 3273 3289 3302
f 3302 3289 3326
f 3302 3326 3339
f 3326 3364 3339
f 3339 3364 3360
f 3360 3364 3370
f 3360 3370 3369
f 3369 3370 3368
f 3370 3351 3368
f 3368 3351 3352
f 3352 3351 3308
f 3352 3308 3318
f 2178 2166 2152
f 2152 2166 2115
f 2075 2077 2115
f 2115 2093 2075
f 2115 2134 2093
f 2166 2134 2115
f 2163 2088 2135
f 2073 2088 2163
f 2163 2100 2073
f 2163 2140 2100
f 2173 2140 2163
f 2173 2169 2140
f 2100 2078 2073
f 2166 2163 2134
f 2163 2135 2134
f 2134 2135 2093
f 2135 2088 2093
f 2093 2088 2075
f 2088 2073 2075
f 2075 2073 2077
f 2073 2078 2077
f 2078 2100 2077
f 2077 2100 2115
f 2115 2100 2140
f 2115 2140 2152
f 2152 2140 2169
f 2152 2169 2178
f 2169 2173 2178
f 2178 2173 2166
f 2166 2173 2163
f 1499 1480 1529
f 1593 1487 1536
f 1593 1480 1487
f 1593 1529 1480
f 1584 1529 1593
f 1609 1584 1593
f 1556 1606 1587
f 1587 1486 1556
f 1587 1478 1486
f 1587 1492 1478
f 1587 1537 1492
f 1486 1503 1556
f 1606 1612 1587
f 1587 1609 1593
f 1587 1612 1609
f 1609 1612 1606
f 1609 1606 1584
f 1606 1556 1584
f 1584 1556 1529
f 1529 1556 1503
f 1529 1503 1499
f 1499 1503 1486
f 1499 1486 1480
f 1486 1478 1480
f 1480 1478 1487
f 1487 1478 1492
f 1487 1492 1536
f 1492 1537 1536
f 1537 1587 1536
f 1536 1587 1593
f 2204 2241 2194
f 2218 2200 2254
f 2200 2194 2241
f 2200 2190 2194
f 2277 2254 2200
f 2200 2283 2277
f 2241 2260 2200
f 2200 2260 2283
f 2205 2286 2270
f 2205 2264 2286
f 2205 2231 2264
f 2196 2231 2205
f 2205 2189 2196
f 2270 2252 2205
f 2241 2252 2260
f 2252 2270 2260
f 2260 2270 2283
f 2270 2286 2283
f 2283 2286 2277
f 2286 2264 2277
f 2277 2264 2254
f 2254 2264 2231
f 2254 2231 2218
f 2231 2196 2218
f 2218 2196 2200
f 2200 2196 2189
f 2200 2189 2190
f 2190 2189 2194
f 2189 2205 2194
f 2194 2205 2204
f 2204 2205 2252
f 2204 2252 2241
f 3382 3387 3399
f 3399 3387 3431
f 3456 3455 3431
f 3431 3442 3456
f 3431 3415 3442
f 3387 3415 3431
f 3393 3443 3414
f 3459 3443 3393
f 3393 3438 3459
f 3393 3408 3438
f 3383 3408 3393
f 3383 3386 3408
f 3438 3454 3459
f 3387 3393 3415
f 3393 3414 3415
f 3415 3414 3442
f 3414 3443 3442
f 3442 3443 3456
f 3443 3459 3456
f 3456 3459 3455
f 3459 3454 3455
f 3454 3438 3455
f 3455 3438 3431
f 3431 3438 3408
f 3431 3408 3399
f 3399 3408 3386
f 3399 3386 3382
f 3386 3383 3382
f 3382 3383 3387
f 3387 3383 3393
f 641 697 695
f 695 697 725
f 725 697 722
f 725 722 696
f 725 696 686
f 686 696 579
f 686 579 585
f 585 579 541
f 541 579 545
f 541 545 576
f 541 576 582
f 582 576 640
f 582 640 641
f 641 640 697
f 648 695 689
f 689 695 725
f 598 582 648
f 648 582 641
f 648 641 695
f 598 541 582
f 593 541 598
f 650 585 593
f 593 585 541
f 650 686 585
f 689 725 686
f 689 686 650
f 677 696 722
f 677 722 671
f 587 545 602
f 671 697 631
f 631 697 640
f 671 722 697
f 652 696 677
f 640 576 631
f 631 576 587
f 587 576 545
f 602 545 579
f 602 579 652
f 652 579 696
f 631 648 671
f 671 648 689
f 671 689 677
f 677 689 652
f 652 689 650
f 652 650 602
f 602 650 593
f 602 593 587
f 587 593 598
f 587 598 631
f 631 598 648
f 10650 10691 10700
f 10700 10691 10727
f 10700 10727 10731
f 10731 10727 10733
f 10731 10733 10729
f 10729 10733 10678
f 10729 10678 10681
f 10681 10678 10610
f 10610 10678 10601
f 10610 10601 10556
f 10610 10556 10545
f 10545 10556 10560
f 10545 10560 10579
f 10579 10560 10612
f 10579 10612 10649
f 10579 10649 10650
f 10650 10649 10691
f 10608 10545 10579
f 10587 10545 10608
f 10608 10579 10666
f 10666 10579 10650
f 10703 10731 10729
f 10652 10610 10587
f 10587 10610 10545
f 10703 10729 10652
f 10652 10729 10681
f 10650 10700 10666
f 10666 10700 10703
f 10703 10700 10731
f 10652 10681 10610
f 10655 10678 10705
f 10705 10678 10733
f 10599 10556 10601
f 10599 10601 10655
f 10603 10560 10599
f 10599 10560 10556
f 10655 10601 10678
f 10733 10727 10705
f 10705 10727 10659
f 10659 10727 10691
f 10659 10691 10649
f 10649 10612 10659
f 10659 10612 10603
f 10603 10612 10560
f 10659 10666 10705
f 10705 10666 10703
f 10705 10703 10655
f 10655 10703 10652
f 10655 10652 10599
f 10599 10652 10587
f 10599 10587 10603
f 10603 10587 10608
f 10603 10608 10659
f 10659 10608 10666
f 6130 6087 5560
f 5560 6087 5558
f 4911 4910 4948
f 4948 4910 4987
f 4948 4987 4986
f 4986 4987 5082
f 4986 5082 5085
f 5085 5082 5482
f 5085 5482 5487
f 5487 5482 5560
f 5487 5560 5558
f 6180 6087 6130
f 6180 6130 6511
f 6180 6511 6537
f 6537 6511 6596
f 6537 6596 6624
f 6624 6596 6649
f 4884 4910 4883
f 4883 4910 4911
f 6649 6671 6665
f 6624 6649 6665
f 4884 4883 4881
f 4881 4883 4880
f 6665 6670 6650
f 4948 4946 4911
f 4911 4946 4880
f 4911 4880 4883
f 4948 4986 4946
f 4946 4986 5037
f 5037 4986 5085
f 5037 5085 5363
f 5363 5085 5487
f 5363 5487 5524
f 6180 6517 6138
f 6180 6537 6517
f 6517 6537 6613
f 6613 6537 6624
f 6613 6624 6650
f 6650 6624 6665
f 5524 5487 5558
f 5524 5558 6087
f 5524 6087 6138
f 6138 6087 6180
f 6665 6671 6670
f 6670 6671 6672
f 6651 6672 6671
f 6671 6649 6651
f 6651 6649 6614
f 6614 6649 6596
f 6614 6596 6518
f 4881 4947 4910
f 6130 6139 6511
f 6511 6139 6518
f 6511 6518 6596
f 5533 5560 5482
f 5533 5482 5364
f 5038 4987 4947
f 4947 4987 4910
f 6139 6130 5533
f 5533 6130 5560
f 4910 4884 4881
f 5364 5482 5082
f 5364 5082 5038
f 5038 5082 4987
f 5524 6138 5533
f 5533 6138 6139
f 6651 6650 6672
f 6672 6650 6670
f 6139 6138 6517
f 6139 6517 6518
f 6518 6517 6613
f 6518 6613 6614
f 6614 6613 6650
f 6614 6650 6651
f 4881 4880 4946
f 4881 4946 4947
f 4947 4946 5037
f 4947 5037 5038
f 5038 5037 5363
f 5038 5363 5364
f 5364 5363 5524
f 5364 5524 5533
f 5563 5575 5565
f 3045 2817 2829
f 5189 5329 5059
f 5329 5189 5381
f 5140 5063 5139
f 5381 5414 5457
f 5457 5414 5356
f 5457 5356 5206
f 5206 5139 5065
f 5065 5139 5063
f 5072 5083 5486
f 4952 4864 5083
f 4952 4873 4864
f 4864 4873 4675
f 4864 4675 4609
f 4609 4675 4147
f 4609 4147 4033
f 4033 4147 3767
f 4033 3767 3563
f 3563 3767 3404
f 3563 3404 2829
f 2829 3404 3073
f 2829 3073 3045
f 3540 3630 3305
f 3305 3630 3371
f 4045 3630 4066
f 4941 4930 4970
f 5149 5052 5042
f 5576 5571 5548
f 5548 5502 5576
f 5576 5502 5514
f 5576 5514 5534
f 5576 5534 5565
f 4962 4956 4890
f 4890 4956 4900
f 4890 4900 4797
f 4797 4900 4819
f 4797 4819 4489
f 4489 4819 4602
f 4489 4602 4066
f 4066 4602 4045
f 4955 4962 4886
f 4886 4962 4890
f 4886 4890 4747
f 4747 4890 4797
f 4747 4797 4309
f 4309 4797 4489
f 4309 4489 3910
f 3910 4489 4066
f 3910 4066 3540
f 3540 4066 3630
f 5480 5466 5067
f 5067 5466 5457
f 5067 5457 5065
f 5065 5457 5206
f 5083 5072 4952
f 4952 5072 4955
f 4952 4955 4873
f 4873 4955 4886
f 4873 4886 4675
f 4675 4886 4747
f 4675 4747 4147
f 4147 4747 4309
f 4147 4309 3767
f 3767 4309 3910
f 3767 3910 3404
f 3404 3910 3540
f 3404 3540 3073
f 3073 3540 3305
f 3073 3305 3045
f 3045 3305 3371
f 4893 4944 4930
f 4930 4944 4981
f 4930 4981 4970
f 4970 4981 5042
f 4970 5042 5052
f 4950 5063 5059
f 5059 5063 5140
f 5059 5140 5189
f 5480 5563 5466
f 5466 5563 5565
f 5466 5565 5457
f 5457 5565 5534
f 5457 5534 5381
f 5381 5534 5514
f 5381 5514 5329
f 5329 5514 5502
f 5329 5502 5471
f 5471 5502 5548
f 4893 4837 4902
f 4893 4902 4944
f 4944 4902 4950
f 4944 4950 4981
f 4981 4950 5059
f 4981 5059 5042
f 5042 5059 5329
f 5042 5329 5149
f 5149 5329 5471
f 5575 5563 5486
f 5486 5563 5480
f 5486 5480 5072
f 5072 5480 5067
f 5072 5067 4955
f 4955 5067 5065
f 4955 5065 4962
f 4962 5065 5063
f 4962 5063 4956
f 4956 5063 4950
f 4956 4950 4900
f 4900 4950 4902
f 4900 4902 4819
f 4819 4902 4837
f 4819 4837 4602
f 6623 6533 6618
f 6471 6454 6607
f 6210 6281 6379
f 6379 6281 6423
f 6379 6423 6554
f 6206 6210 6150
f 6150 6210 6120
f 6533 6454 6306
f 6533 6306 6150
f 6306 6206 6150
f 8437 8346 8069
f 8069 8346 8008
f 7879 7636 7672
f 7672 7636 7193
f 7672 7193 7215
f 7215 7193 6762
f 6618 6533 6512
f 6512 6533 6150
f 6512 6150 6134
f 6134 6150 6120
f 6134 6120 6078
f 6210 6379 6133
f 6210 6133 6120
f 6120 6133 6073
f 6120 6073 6078
f 6427 6133 6379
f 6427 6379 6554
f 6427 6554 6563
f 6563 6554 6630
f 6563 6630 6648
f 6423 6471 6554
f 6630 6554 6640
f 7166 7570 6780
f 6780 7570 6857
f 8008 7843 8069
f 8069 7843 7879
f 8008 7818 7843
f 7843 7818 7570
f 6663 6625 6623
f 6623 6625 6607
f 6663 6673 6625
f 6607 6454 6533
f 6607 6533 6623
f 6623 6618 6762
f 6762 6618 6633
f 6762 6633 7215
f 7879 7843 7636
f 7636 7843 7570
f 7636 7570 7193
f 7193 7570 7166
f 7193 7166 6762
f 6762 7166 6780
f 6762 6780 6623
f 6623 6780 6857
f 6623 6857 6663
f 6663 6857 6673
f 6673 6640 6625
f 6625 6640 6607
f 6607 6640 6554
f 6607 6554 6471
f 6528 6529 6493
f 6735 6736 6700
f 6700 6736 6682
f 6700 6682 6608
f 6493 6497 6528
f 6528 6497 6608
f 6528 6608 6619
f 6619 6608 6682
f 5975 5976 6083
f 6083 5976 6177
f 6083 6177 6171
f 6104 6175 6176
f 5974 5973 6104
f 5974 6104 6176
f 5523 5438 5439
f 5682 5681 5581
f 5682 5581 5439
f 5439 5581 5523
f 5570 5437 5441
f 5679 5680 5570
f 5570 5680 5437
f 4827 4855 4762
f 4762 4855 4818
f 4762 4818 4761
f 4939 5018 5019
f 5081 5115 5080
f 5080 5115 5108
f 5080 5108 5018
f 5018 5108 5019
f 5019 4953 4939
f 4939 4953 4906
f 4939 4906 4827
f 4827 4906 4855
f 6104 5973 6074
f 6074 5973 5946
f 6074 5946 5742
f 6074 5742 5566
f 5679 5570 5696
f 5696 5570 5566
f 5696 5566 5742
f 5110 5064 5116
f 5441 5489 5570
f 5484 5525 5570
f 5570 5525 5566
f 5129 5484 5091
f 5129 5091 5043
f 5091 4973 5043
f 5043 4973 4969
f 5043 4969 4966
f 4924 4859 4889
f 4924 4889 4907
f 5489 5441 5398
f 5398 5256 5489
f 5489 5256 5116
f 5116 5256 5130
f 5116 5130 5110
f 5570 5489 5484
f 5484 5489 5116
f 5484 5116 5091
f 5091 5116 5064
f 5091 5064 4973
f 4973 5064 4985
f 4973 4985 4924
f 4912 4966 4907
f 4907 4966 4969
f 4907 4969 4973
f 4907 4973 4924
f 4859 4824 4889
f 4889 4824 4868
f 4894 4912 4907
f 4894 4907 4868
f 4868 4907 4889
f 6628 6656 6661
f 6700 6637 6661
f 6661 6637 6628
f 6536 6628 6597
f 6597 6628 6637
f 6536 6597 6475
f 6074 6137 6135
f 6135 6137 6475
f 6475 6137 6536
f 6475 6344 6135
f 6135 6344 6202
f 6135 6202 6175
f 6104 6074 6135
f 6104 6135 6175
f 6608 6497 6597
f 6608 6597 6637
f 6608 6637 6700
f 6497 6463 6597
f 6597 6463 6475
f 6475 6463 6344
f 10789 10790 10716
f 10789 10716 10717
f 10717 10716 10397
f 10717 10397 10398
f 10398 10397 9803
f 10398 9803 9804
f 9804 9803 9211
f 9804 9211 9212
f 9212 9211 8498
f 9212 8498 8499
f 2790 2789 2118
f 2790 2118 2119
f 2119 2118 1437
f 2119 1437 1438
f 1438 1437 849
f 1438 849 850
f 850 849 564
f 850 564 565
f 565 564 499
f 565 499 501
f 530 527 508
f 758 597 607
f 549 578 560
f 560 578 662
f 560 662 607
f 2828 2816 2363
f 2826 2335 2816
f 2066 2335 1738
f 2066 1738 1615
f 2066 2363 2335
f 2335 2363 2816
f 1187 1615 1096
f 1096 1615 1738
f 607 662 767
f 607 767 758
f 758 767 911
f 758 911 1096
f 1096 911 1187
f 578 549 530
f 578 530 553
f 553 530 508
f 9302 9564 9502
f 10680 10686 10522
f 10680 10609 10723
f 10723 10609 10722
f 10723 10722 10735
f 10778 10762 10771
f 10771 10762 10759
f 10771 10759 10722
f 10722 10759 10735
f 10609 10680 10447
f 10447 10680 10522
f 10447 10522 10206
f 10206 10522 10059
f 9502 9564 10059
f 10059 9564 9910
f 10059 9910 10206
f 9302 9502 9111
f 9111 9502 9090
f 9111 9090 8627
f 8627 9090 8497
f 4942 5467 2826
f 6515 6629 8497
f 8497 6629 7679
f 5467 5577 2826
f 2826 5577 6071
f 2826 6071 8497
f 8497 6071 6515
f 3486 4408 2826
f 2826 4408 4942
f 8497 7679 8116
f 8497 8116 8627
f 502 492 499
f 499 492 497
f 2118 1659 1437
f 1437 1659 983
f 1437 983 849
f 849 983 667
f 849 667 564
f 564 667 502
f 564 502 499
f 10793 10800 10790
f 10790 10800 10788
f 10790 10788 10716
f 10716 10788 10619
f 10716 10619 10397
f 10397 10619 10186
f 10397 10186 9803
f 9803 10186 9553
f 9803 9553 9211
f 9211 9553 9109
f 9211 9109 8498
f 8498 9109 8504
f 8498 8504 2789
f 2789 8504 2794
f 2789 2794 2118
f 2118 2794 2271
f 2118 2271 1659
f 4970 4983 4936
f 4849 4848 4898
f 4898 4848 4904
f 4898 4904 4936
f 4936 4904 4941
f 4936 4941 4970
f 6689 6690 6648
f 6648 6690 6653
f 6648 6653 6563
f 6563 6653 6521
f 6563 6521 6427
f 5559 5571 6121
f 6121 5571 6073
f 6427 6521 6121
f 6427 6121 6133
f 6133 6121 6073
f 4983 4970 5052
f 4983 5052 5106
f 5052 5149 5106
f 5106 5149 5471
f 5106 5471 5498
f 5498 5471 5548
f 5498 5548 5559
f 5559 5548 5571
f 4846 4847 4787
f 751 750 756
f 756 750 827
f 756 827 757
f 757 827 828
f 828 827 1204
f 1204 827 1203
f 1204 1203 1842
f 1842 1203 1841
f 1842 1841 2477
f 2477 1841 2476
f 2477 2476 3100
f 3100 2476 3099
f 3100 3099 3703
f 3703 3099 3702
f 3703 3702 4358
f 4358 3702 4357
f 4358 4357 4787
f 4787 4357 4786
f 4787 4786 4846
f 4846 4786 4848
f 4846 4848 4849
f 10584 10585 10516
f 6690 6689 6691
f 6691 6689 6715
f 6691 6715 6692
f 6692 6715 6716
f 6716 6715 7046
f 7046 6715 7045
f 7046 7045 7666
f 7666 7045 7665
f 7666 7665 7979
f 7979 7665 7978
f 7979 7978 8493
f 8493 7978 8492
f 8493 8492 9169
f 9169 8492 9168
f 9169 9168 9630
f 9630 9168 9629
f 9630 9629 10180
f 10180 9629 10179
f 10180 10179 10516
f 10516 10179 10515
f 10516 10515 10584
f 10584 10515 10593
f 10584 10593 10594
f 497 492 510
f 510 492 505
f 510 505 557
f 557 505 548
f 557 548 751
f 751 548 750
f 10594 10593 10754
f 10754 10593 10767
f 10754 10767 10784
f 10784 10767 10796
f 10784 10796 10793
f 10793 10796 10800
f 2829 2817 2349
f 2271 2794 2829
f 2829 2349 2271
f 505 492 516
f 516 492 502
f 516 502 658
f 658 502 667
f 658 667 851
f 851 667 1040
f 1040 667 983
f 1040 983 1552
f 1552 983 1659
f 2271 2349 2056
f 2271 2056 1659
f 1659 2056 1552
f 827 750 548
f 1841 1203 1105
f 4357 3702 3984
f 548 580 827
f 827 580 711
f 827 711 1203
f 1203 711 852
f 1203 852 1105
f 4904 4848 4882
f 4882 4848 4786
f 3984 4470 4357
f 4357 4470 4768
f 4357 4768 4786
f 4786 4768 4882
f 2476 2770 3099
f 3099 2770 3209
f 3099 3209 3702
f 3702 3209 3531
f 3702 3531 3984
f 1105 1555 1841
f 1841 1555 1993
f 1841 1993 2476
f 2476 1993 2354
f 2476 2354 2770
f 6078 5885 5575
f 5575 5885 5728
f 5703 5565 5728
f 5728 5565 5575
f 5571 5576 5715
f 5715 5576 5703
f 5703 5576 5565
f 5571 5715 5854
f 5571 5854 6073
f 5854 5941 6073
f 6073 5941 5957
f 6073 5957 6078
f 6078 5957 5885
f 10515 10179 10426
f 10767 10593 10736
f 10736 10593 10515
f 10736 10515 10613
f 10613 10515 10426
f 7045 6715 6664
f 6689 6648 6715
f 6715 6648 6664
f 9168 9300 9629
f 9629 9300 9690
f 9629 9690 10179
f 10179 9690 10066
f 10179 10066 10426
f 7978 8051 8492
f 8492 8051 8468
f 8492 8468 9168
f 9168 8468 9076
f 9168 9076 9300
f 6664 6973 7045
f 7045 6973 7665
f 7665 6973 7755
f 7665 7755 7978
f 7978 7755 8051
f 9086 8346 9109
f 9109 8346 8437
f 9109 8437 8504
f 9553 9567 9295
f 9553 9295 9109
f 9109 9295 9086
f 10186 10227 9923
f 10186 9923 9553
f 9553 9923 9567
f 10619 10534 10186
f 10186 10534 10227
f 10783 10687 10619
f 10619 10687 10534
f 10619 10788 10783
f 10783 10788 10800
f 10783 10800 10796
f 8069 6136 8504
f 8504 6136 5569
f 8504 5569 2794
f 2794 5569 3563
f 2794 3563 2829
f 8504 8437 8069
f 1040 1105 852
f 4470 4837 4768
f 4768 4837 4893
f 4768 4893 4882
f 4882 4893 4930
f 4882 4930 4941
f 4882 4941 4904
f 3984 4045 4470
f 4470 4045 4602
f 4470 4602 4837
f 3531 3630 3984
f 3984 3630 4045
f 2770 3045 3209
f 3209 3045 3371
f 3209 3371 3531
f 3531 3371 3630
f 2354 2349 2770
f 2770 2349 2817
f 2770 2817 3045
f 2349 2354 2056
f 2056 2354 1993
f 2056 1993 1552
f 1552 1993 1555
f 1105 1040 1555
f 1555 1040 1552
f 852 658 851
f 852 851 1040
f 852 711 658
f 658 711 580
f 658 580 516
f 516 580 548
f 516 548 505
f 4609 4033 4864
f 4033 3563 4864
f 5486 5083 5575
f 5575 5083 4864
f 5575 4864 5569
f 5569 4864 3563
f 5575 6136 6134
f 5575 6134 6078
f 5569 6136 5575
f 10796 10767 10783
f 10783 10767 10736
f 10783 10736 10613
f 10426 10534 10613
f 10613 10534 10687
f 10613 10687 10783
f 9923 10227 10066
f 10066 10227 10426
f 10426 10227 10534
f 9923 10066 9690
f 9923 9690 9567
f 8468 9086 9076
f 9076 9086 9300
f 9300 9086 9295
f 9300 9295 9690
f 9690 9295 9567
f 8051 8008 8346
f 8051 8346 8468
f 8468 8346 9086
f 7755 7818 8051
f 8051 7818 8008
f 7818 7755 7570
f 6664 6673 6973
f 6973 6673 6857
f 6973 6857 7755
f 7755 6857 7570
f 6648 6630 6664
f 6664 6630 6640
f 6664 6640 6673
f 6633 8069 7879
f 6633 7879 7672
f 7672 7215 6633
f 6633 6618 6512
f 6633 6512 6134
f 6134 6136 8069
f 6134 8069 6633
f 4759 4358 4787
f 3448 4761 4123
f 4824 4759 4868
f 4868 4759 4787
f 4761 4818 4123
f 4868 4787 4894
f 4894 4787 4847
f 1426 1204 1842
f 1426 1842 1968
f 3100 2916 2477
f 828 735 757
f 757 735 617
f 757 617 553
f 1204 1426 941
f 1204 941 828
f 828 941 735
f 2916 2491 2477
f 2477 2491 1842
f 1842 2491 1968
f 4759 4761 4358
f 4358 4761 3448
f 4358 3448 3703
f 3703 3448 3100
f 3100 3448 2916
f 5697 5773 5577
f 5577 5773 6071
f 5975 6083 5950
f 5950 6083 6071
f 5950 6071 5773
f 5581 5681 5697
f 5581 5697 5568
f 5568 5697 5577
f 6983 6734 7752
f 6656 6692 6661
f 6661 6692 6716
f 6716 6700 6661
f 7493 6983 7752
f 10585 10734 10516
f 10516 10734 10660
f 10347 10180 10660
f 10660 10180 10516
f 6700 6716 6735
f 6735 6716 7046
f 6735 7046 6734
f 6734 7046 7752
f 7752 7046 7666
f 7752 7666 7939
f 7939 7666 7979
f 8493 8348 7979
f 7979 8348 7939
f 9150 9169 9748
f 9748 9169 9630
f 10180 10347 9630
f 9630 10347 9748
f 9169 9150 8493
f 8493 9150 8348
f 5057 5050 5379
f 2828 3240 2816
f 4737 4906 4920
f 4411 4737 4686
f 4411 4686 3944
f 3944 3911 3548
f 3240 3279 2816
f 2816 3279 3113
f 2816 3113 2945
f 2826 2816 2945
f 3486 2826 2945
f 5532 5577 5467
f 5577 5532 5568
f 5568 5523 5581
f 5181 5382 5253
f 5438 5523 5421
f 5421 5523 5496
f 5421 5496 5382
f 5108 5034 5019
f 5108 5181 5034
f 5034 5181 5253
f 5019 4920 4953
f 4953 4920 4906
f 4906 4737 4855
f 3240 3548 3911
f 3240 3911 3279
f 3279 3911 3838
f 3279 3838 3113
f 3113 3838 3726
f 3113 3726 2945
f 2945 3726 3601
f 2945 3601 3486
f 5379 5050 5253
f 5253 5050 5040
f 5253 5040 5034
f 5382 5496 5253
f 5253 5496 5515
f 5253 5515 5379
f 5379 5515 5417
f 5379 5417 5057
f 5496 5523 5568
f 5496 5568 5515
f 5515 5568 5532
f 5515 5532 5417
f 5417 5532 5467
f 5417 5467 5057
f 5467 4942 5057
f 5057 4942 4913
f 5057 4913 5050
f 5050 4913 4918
f 5050 4918 5040
f 5040 4918 4926
f 5040 4926 5034
f 5034 4926 4931
f 5034 4931 5019
f 5019 4931 4928
f 5019 4928 4920
f 4408 3486 4498
f 4498 3486 3601
f 4498 3601 4567
f 4567 3601 3726
f 4567 3726 4632
f 4632 3726 3838
f 4632 3838 4661
f 4661 3838 3911
f 4661 3911 4686
f 4686 3911 3944
f 4942 4408 4913
f 4913 4408 4498
f 4913 4498 4918
f 4918 4498 4567
f 4918 4567 4926
f 4926 4567 4632
f 4926 4632 4931
f 4931 4632 4661
f 4931 4661 4928
f 4928 4661 4686
f 4928 4686 4920
f 4920 4686 4737
f 767 735 941
f 578 553 617
f 578 617 662
f 662 617 735
f 662 735 767
f 1426 1615 1187
f 1426 1187 941
f 941 1187 911
f 941 911 767
f 1968 2066 1615
f 1968 1615 1426
f 2491 2363 2066
f 2491 2066 1968
f 2916 2828 2491
f 2491 2828 2363
f 3448 3240 2916
f 2916 3240 2828
f 4123 3944 3448
f 3944 3548 3448
f 3448 3548 3240
f 3944 4123 4411
f 4411 4123 4818
f 4411 4818 4737
f 4737 4818 4855
f 7752 7691 7493
f 7493 7691 7476
f 8348 8113 7939
f 7939 8113 7954
f 7939 7954 7752
f 7752 7954 7691
f 8113 8348 8627
f 8627 8348 9111
f 8348 9150 9111
f 9111 9150 9302
f 9302 9150 9564
f 9564 9150 9748
f 9748 10347 9910
f 9748 9910 9564
f 10447 10206 10347
f 10347 10206 9910
f 10447 10347 10609
f 10609 10347 10660
f 10609 10660 10722
f 10722 10660 10771
f 10771 10660 10734
f 7493 7476 6983
f 6983 7476 7035
f 6660 6734 6983
f 6660 6983 6731
f 6731 6983 7035
f 6071 6083 6261
f 6071 6261 6515
f 6515 6261 6539
f 6515 6539 6636
f 6515 6636 6629
f 6629 6636 6876
f 8113 8116 8021
f 8021 8116 7679
f 8021 7679 7696
f 7696 7679 6876
f 6876 7679 6629
f 8627 8116 8113
f 7691 7954 7689
f 7035 6900 6731
f 6731 6900 6694
f 6731 6694 6645
f 6731 6645 6660
f 6542 6622 6645
f 6645 6622 6660
f 6360 6478 6548
f 6548 6478 6542
f 6542 6478 6494
f 6171 6205 6083
f 6083 6205 6261
f 6205 6360 6261
f 6261 6360 6548
f 6261 6548 6539
f 6539 6548 6639
f 6539 6639 6636
f 7035 7476 6900
f 6694 6900 6639
f 6694 6639 6645
f 7689 6894 7691
f 7691 6894 6900
f 7691 6900 7476
f 6542 6645 6548
f 6548 6645 6639
f 6639 6900 6636
f 6636 6900 6894
f 6636 6894 6876
f 6876 6894 7689
f 6876 7689 7696
f 7696 7689 7954
f 7696 7954 8021
f 8021 7954 8113
f 511 499 510
f 510 499 497
f 508 690 687
f 687 501 508
f 508 501 499
f 508 499 553
f 553 499 511
f 553 511 558
f 553 558 757
f 757 558 756
f 557 751 558
f 558 751 756
f 558 511 557
f 557 511 510
f 10784 10793 10785
f 10785 10793 10790
f 10576 10577 10789
f 10789 10577 10778
f 10789 10778 10790
f 10790 10778 10771
f 10585 10584 10734
f 10734 10584 10755
f 10734 10755 10771
f 10771 10755 10785
f 10771 10785 10790
f 10785 10755 10784
f 10784 10755 10754
f 10755 10584 10754
f 10754 10584 10594
f 6129 6121 6521
f 6129 6521 6522
f 6522 6521 6653
f 6522 6653 6654
f 6653 6690 6654
f 6654 6690 6691
f 4847 4846 4894
f 4894 4846 4899
f 4894 4899 4912
f 4912 4899 4937
f 4912 4937 4966
f 4966 4937 4984
f 5107 5043 4984
f 4984 5043 4966
f 6691 6692 6654
f 6654 6692 6656
f 6654 6656 6628
f 5499 5484 5107
f 5107 5484 5129
f 5107 5129 5043
f 5566 5525 5562
f 5562 5525 5499
f 5499 5525 5484
f 5566 5562 6074
f 5562 6129 6074
f 6074 6129 6137
f 6137 6129 6522
f 6137 6522 6536
f 6654 6628 6536
f 6654 6536 6522
f 4899 4846 4898
f 4898 4846 4849
f 4937 4899 4936
f 4936 4899 4898
f 4937 4936 4983
f 4937 4983 4984
f 4984 4983 5106
f 4984 5106 5107
f 5107 5106 5498
f 5107 5498 5499
f 5499 5498 5559
f 5499 5559 5562
f 6129 5562 6121
f 6121 5562 5559
f 2790 8499 2789
f 2789 8499 8498
f 9959 10563 10624
f 10553 10344 10519
f 501 687 641
f 501 641 568
f 10715 10650 10789
f 10789 10650 10576
f 501 568 552
f 501 552 565
f 10519 10576 10650
f 10519 10650 10591
f 10519 10591 10553
f 10344 10553 9959
f 9959 10553 10563
f 759 880 721
f 565 552 613
f 565 613 850
f 850 613 1438
f 1438 613 701
f 759 721 676
f 759 676 641
f 759 641 687
f 10715 10789 10738
f 10738 10789 10717
f 9510 9959 9804
f 9804 9959 10624
f 9804 10624 10398
f 10398 10624 10717
f 10717 10624 10696
f 10717 10696 10738
f 9510 9804 9128
f 9128 9804 9212
f 9128 9212 8491
f 8491 9212 8499
f 8491 8499 2796
f 2796 8499 2790
f 2796 2790 2217
f 2217 2790 2119
f 2217 2119 1717
f 1717 2119 1438
f 1717 1438 1237
f 1237 1438 701
f 1237 701 880
f 880 701 721
f 1096 727 758
f 758 727 597
f 508 527 590
f 678 763 760
f 760 763 879
f 879 763 771
f 879 771 1236
f 678 760 690
f 678 690 590
f 590 690 508
f 10577 10513 10644
f 10577 10644 10778
f 10778 10644 10762
f 10343 9958 10502
f 10502 9958 10522
f 10502 10522 10583
f 10583 10522 10686
f 10577 10520 10513
f 10513 10520 10343
f 10513 10343 10502
f 771 727 1236
f 1236 727 1096
f 1236 1096 1716
f 1716 1096 1738
f 1716 1738 2216
f 2216 1738 2335
f 2216 2335 2795
f 2795 2335 2826
f 2795 2826 8490
f 8490 2826 8497
f 8490 8497 9127
f 9127 8497 9090
f 9127 9090 9509
f 9509 9090 9502
f 9509 9502 9958
f 9958 9502 10059
f 9958 10059 10522
f 2795 2796 2216
f 2216 2796 2217
f 2216 2217 1716
f 1716 2217 1717
f 1716 1717 1236
f 1236 1717 1237
f 1236 1237 879
f 879 1237 880
f 879 880 760
f 760 880 759
f 10520 10519 10343
f 10343 10519 10344
f 10343 10344 9958
f 9958 10344 9959
f 9958 9959 9509
f 9509 9959 9510
f 9509 9510 9127
f 9127 9510 9128
f 9127 9128 8490
f 8490 9128 8491
f 2795 8490 2796
f 2796 8490 8491
f 680 607 597
f 590 527 530
f 530 646 590
f 590 646 678
f 678 646 739
f 678 739 763
f 763 739 785
f 763 785 771
f 771 785 741
f 771 741 727
f 727 741 680
f 727 680 597
f 560 607 626
f 626 607 707
f 707 607 680
f 707 680 741
f 707 741 720
f 720 741 785
f 720 785 699
f 699 785 739
f 699 739 646
f 699 646 640
f 640 646 571
f 571 646 530
f 571 530 549
f 10698 10759 10762
f 10583 10686 10680
f 10680 10543 10583
f 10583 10543 10502
f 10502 10543 10475
f 10502 10475 10513
f 10513 10475 10542
f 10513 10542 10644
f 10644 10542 10698
f 10644 10698 10762
f 10710 10735 10759
f 10723 10670 10680
f 10680 10670 10543
f 10543 10670 10569
f 10543 10569 10475
f 10475 10569 10551
f 10710 10759 10649
f 10649 10759 10698
f 10649 10698 10590
f 10590 10698 10542
f 10590 10542 10551
f 10551 10542 10475
f 10696 10723 10738
f 10723 10735 10738
f 10738 10735 10715
f 10715 10735 10710
f 10715 10710 10650
f 10650 10710 10649
f 10650 10649 10591
f 10591 10649 10590
f 10591 10590 10553
f 10553 10590 10551
f 10553 10551 10563
f 10563 10551 10569
f 10563 10569 10624
f 10624 10569 10670
f 10624 10670 10696
f 10696 10670 10723
f 568 549 552
f 549 560 552
f 552 560 613
f 613 560 626
f 613 626 701
f 701 626 707
f 701 707 721
f 721 707 720
f 721 720 699
f 721 699 676
f 676 699 641
f 641 699 640
f 641 640 568
f 568 640 571
f 568 571 549
f 5114 5079 5110
f 5110 5079 5078
f 4760 4759 4824
f 4760 4824 4826
f 4824 4859 4826
f 4826 4859 4924
f 4826 4924 4938
f 4938 4924 5017
f 4924 4985 5017
f 5017 4985 5064
f 5017 5064 5078
f 5078 5064 5110
f 6735 6734 6736
f 6736 6734 6737
f 6529 6531 6493
f 6493 6531 6495
f 6493 6495 6476
f 6476 6495 6402
f 6277 6196 6177
f 5114 5144 5115
f 5114 5115 5079
f 5079 5115 5081
f 5949 5911 5830
f 5830 5911 5815
f 5830 5815 5708
f 5680 5708 5682
f 5680 5682 5437
f 5437 5682 5439
f 5437 5439 5405
f 5405 5301 5276
f 5276 5301 5144
f 5976 5949 5974
f 5976 5974 6177
f 6177 5974 6176
f 6177 6176 6277
f 6277 6176 6254
f 6402 6419 6320
f 6402 6320 6233
f 6233 6320 6195
f 6195 6320 6239
f 6195 6239 6176
f 6176 6239 6254
f 6277 6254 6358
f 6277 6358 6462
f 6462 6358 6435
f 6462 6435 6495
f 6495 6435 6402
f 6402 6435 6419
f 5301 5191 5144
f 5144 5191 5115
f 5115 5191 5172
f 5115 5172 5143
f 5143 5172 5263
f 5143 5263 5278
f 5278 5263 5403
f 5403 5263 5372
f 5403 5372 5439
f 5439 5372 5405
f 5405 5372 5301
f 5708 5815 5734
f 5708 5734 5682
f 5682 5734 5698
f 5698 5734 5743
f 5743 5734 5805
f 5743 5805 5945
f 5945 5805 5921
f 5945 5921 5976
f 5976 5921 5949
f 5949 5921 5911
f 4761 4759 4762
f 4762 4759 4760
f 6495 6531 6494
f 6494 6531 6530
f 6737 6734 6683
f 6683 6734 6660
f 6683 6660 6621
f 6621 6660 6622
f 6621 6622 6542
f 6621 6542 6530
f 6530 6542 6494
f 5108 5115 5143
f 5108 5143 5181
f 5278 5181 5143
f 5421 5382 5403
f 5403 5382 5278
f 5278 5382 5181
f 5421 5403 5439
f 5421 5439 5438
f 5441 5437 5405
f 5441 5405 5398
f 5398 5405 5276
f 5398 5276 5256
f 5256 5276 5144
f 5256 5144 5130
f 5130 5144 5114
f 5130 5114 5110
f 5681 5682 5698
f 5681 5698 5697
f 5697 5698 5743
f 5697 5743 5773
f 5773 5743 5945
f 5773 5945 5950
f 5950 5945 5976
f 5950 5976 5975
f 5973 5974 5949
f 5973 5949 5946
f 5946 5949 5830
f 5946 5830 5742
f 5742 5830 5708
f 5742 5708 5696
f 5696 5708 5680
f 5696 5680 5679
f 6171 6177 6205
f 6205 6177 6196
f 6205 6196 6277
f 6205 6277 6360
f 6360 6277 6462
f 6360 6462 6478
f 6478 6462 6495
f 6478 6495 6494
f 6497 6493 6476
f 6497 6476 6463
f 6463 6476 6402
f 6463 6402 6344
f 6344 6402 6233
f 6344 6233 6202
f 6195 6176 6175
f 6175 6202 6195
f 6195 6202 6233
f 5805 5816 5921
f 5921 5816 5905
f 5921 5905 5920
f 5921 5920 5911
f 5911 5920 5815
f 5815 5920 5807
f 5815 5807 5734
f 5734 5807 5735
f 5734 5735 5805
f 5805 5735 5816
f 5920 5884 5807
f 5807 5884 5727
f 5807 5727 5735
f 5735 5727 5700
f 5735 5700 5816
f 5816 5700 5763
f 5816 5763 5905
f 5905 5763 5926
f 5905 5926 5920
f 5920 5926 5956
f 5920 5956 5884
f 5763 5885 5926
f 5926 5885 5957
f 5926 5957 5956
f 5956 5957 5941
f 5956 5941 5884
f 5884 5941 5854
f 5884 5854 5727
f 5727 5854 5715
f 5727 5715 5700
f 5700 5715 5703
f 5700 5703 5728
f 5700 5728 5763
f 5763 5728 5885
f 6473 6423 6381
f 6473 6471 6423
f 6438 6454 6473
f 6473 6454 6471
f 6338 6217 6306
f 6338 6306 6438
f 6438 6306 6454
f 6217 6206 6306
f 6206 6217 6200
f 6206 6200 6210
f 6210 6200 6243
f 6210 6243 6281
f 6423 6281 6381
f 6381 6281 6243
f 6357 6381 6253
f 6253 6381 6243
f 6253 6243 6200
f 6253 6200 6240
f 6240 6200 6217
f 6240 6217 6321
f 6321 6217 6338
f 6321 6338 6420
f 6420 6338 6438
f 6420 6438 6434
f 6434 6438 6473
f 6434 6473 6357
f 6357 6473 6381
f 5396 5381 5224
f 5410 5414 5396
f 5396 5414 5381
f 5385 5356 5414
f 5385 5414 5410
f 5356 5385 5229
f 5356 5229 5206
f 5147 5139 5206
f 5147 5206 5229
f 5139 5147 5132
f 5139 5132 5140
f 5140 5132 5189
f 5189 5132 5224
f 5381 5189 5224
f 5371 5385 5410
f 5371 5410 5396
f 5371 5396 5295
f 5295 5396 5224
f 5295 5224 5186
f 5186 5224 5132
f 5186 5132 5176
f 5176 5132 5147
f 5176 5147 5282
f 5282 5147 5229
f 5282 5229 5385
f 5282 5385 5371
f 6358 6321 6420
f 6358 6420 6435
f 6435 6420 6434
f 6435 6434 6419
f 6419 6434 6357
f 6419 6357 6320
f 6320 6357 6253
f 6320 6253 6239
f 6239 6253 6240
f 6239 6240 6254
f 6254 6240 6321
f 6254 6321 6358
f 5263 5282 5372
f 5372 5282 5371
f 5372 5371 5301
f 5301 5371 5295
f 5301 5295 5191
f 5191 5295 5186
f 5191 5186 5172
f 5172 5186 5176
f 5172 5176 5263
f 5263 5176 5282
f 6528 6530 6529
f 6529 6530 6531
f 6530 6528 6619
f 6530 6619 6621
f 6621 6619 6682
f 6621 6682 6683
f 6736 6737 6682
f 6682 6737 6683
f 4826 4827 4760
f 4760 4827 4762
f 4827 4826 4938
f 4827 4938 4939
f 4939 4938 5017
f 4939 5017 5018
f 5018 5017 5078
f 5018 5078 5080
f 5079 5081 5078
f 5078 5081 5080
f 10577 10576 10519
f 10577 10519 10520
f 760 759 687
f 760 687 690
f 10656 10653 10672
f 10676 10672 10653
f 10676 10675 10672
f 10676 10674 10675
f 10668 10674 10676
f 10671 10674 10668
f 10653 10656 10640
f 10653 10640 10621
f 10621 10640 10623
f 10621 10623 10633
f 10633 10623 10668
f 10668 10623 10671
f 624 623 632
f 623 634 632
f 608 624 615
f 624 608 623
f 615 609 608
f 608 609 610
f 612 611 610
f 610 611 608
f 622 611 618
f 618 611 612
f 659 656 634
f 634 656 632
f 665 656 659
f 665 659 660
f 665 660 653
f 622 653 660
f 653 622 618
f 5800 5809 5912
f 5912 5809 5886
f 5912 5886 5935
f 5912 5935 5927
f 5927 5935 5914
f 5914 5935 5915
f 5914 5915 5846
f 5914 5846 5771
f 5771 5846 5740
f 5771 5740 5724
f 5724 5740 5723
f 5724 5723 5729
f 5729 5723 5738
f 5729 5738 5800
f 5800 5738 5809
f 5250 5287 5210
f 5250 5210 5180
f 5180 5210 5170
f 5180 5170 5163
f 5163 5170 5164
f 5163 5164 5169
f 5164 5185 5169
f 5182 5185 5164
f 5185 5182 5257
f 5257 5268 5185
f 5375 5355 5324
f 5324 5355 5268
f 5324 5268 5257
f 5375 5386 5355
f 5375 5383 5386
f 5386 5383 5374
f 5383 5365 5374
f 5374 5365 5328
f 5287 5328 5365
f 5328 5287 5250
f 6280 6274 6230
f 6230 6274 6231
f 6230 6231 6226
f 6230 6226 6229
f 6226 6247 6229
f 6341 6413 6284
f 6341 6284 6247
f 6247 6284 6229
f 6421 6413 6341
f 6439 6421 6440
f 6413 6421 6439
f 6439 6440 6442
f 6442 6440 6441
f 6442 6441 6422
f 6422 6441 6395
f 6274 6280 6349
f 6274 6349 6395
f 6395 6349 6422
f 6307 6326 6246
f 6307 6246 6234
f 6234 6246 6227
f 6234 6227 6228
f 6228 6227 6232
f 6228 6232 6259
f 6259 6232 6286
f 6259 6286 6343
f 6343 6286 6392
f 6343 6392 6428
f 6428 6392 6437
f 6428 6437 6445
f 6445 6437 6443
f 6445 6443 6414
f 6414 6443 6403
f 6414 6403 6326
f 6414 6326 6307
f 5260 5265 5184
f 5184 5265 5183
f 5184 5183 5166
f 5166 5183 5167
f 5167 5165 5166
f 5166 5165 5168
f 5178 5168 5165
f 5178 5190 5168
f 5190 5178 5283
f 5190 5283 5261
f 5261 5283 5334
f 5362 5370 5334
f 5362 5334 5283
f 5378 5384 5370
f 5378 5370 5362
f 5378 5377 5384
f 5384 5377 5373
f 5377 5353 5373
f 5373 5353 5335
f 5353 5265 5335
f 5335 5265 5260
f 10648 10692 10699
f 10699 10692 10726
f 10699 10726 10730
f 10730 10726 10732
f 10730 10732 10728
f 10728 10732 10677
f 10728 10677 10690
f 10690 10677 10622
f 10622 10677 10600
f 10622 10600 10555
f 10622 10555 10544
f 10544 10555 10559
f 10544 10559 10578
f 10578 10559 10611
f 10578 10611 10647
f 10578 10647 10648
f 10648 10647 10692
f 10702 10730 10728
f 10586 10544 10607
f 10607 10578 10665
f 10665 10578 10648
f 10607 10544 10578
f 10648 10699 10665
f 10665 10699 10702
f 10702 10699 10730
f 10651 10622 10586
f 10586 10622 10544
f 10702 10728 10651
f 10651 10728 10690
f 10651 10690 10622
f 10654 10677 10704
f 10704 10677 10732
f 10598 10555 10600
f 10598 10600 10654
f 10602 10559 10598
f 10598 10559 10555
f 10654 10600 10677
f 10658 10611 10602
f 10602 10611 10559
f 10658 10692 10647
f 10658 10647 10611
f 10732 10726 10704
f 10704 10726 10658
f 10658 10726 10692
f 10658 10665 10704
f 10704 10665 10702
f 10704 10702 10654
f 10654 10702 10651
f 10654 10651 10598
f 10598 10651 10586
f 10598 10586 10602
f 10602 10586 10607
f 10602 10607 10658
f 10658 10607 10665
f 637 685 694
f 694 685 723
f 694 723 724
f 724 723 712
f 724 712 710
f 710 712 657
f 710 657 654
f 654 657 574
f 654 574 588
f 588 574 540
f 540 574 544
f 540 544 577
f 540 577 581
f 581 577 636
f 581 636 637
f 637 636 685
f 605 540 583
f 635 581 637
f 583 540 581
f 583 581 635
f 649 588 605
f 605 588 540
f 637 694 635
f 635 694 688
f 688 694 724
f 649 654 588
f 688 724 710
f 688 710 649
f 649 710 654
f 674 712 723
f 674 723 670
f 616 657 674
f 674 657 712
f 586 544 616
f 616 574 657
f 616 544 574
f 630 577 586
f 586 577 544
f 670 685 630
f 630 685 636
f 630 636 577
f 670 723 685
f 630 635 670
f 670 635 688
f 670 688 674
f 674 688 649
f 674 649 616
f 616 649 605
f 616 605 583
f 616 583 586
f 586 583 635
f 586 635 630
f 6147 6513 6573
f 6560 6553 6474
f 6197 6148 6209
f 6148 6197 6257
f 6532 6257 6426
f 6472 6552 6426
f 6426 6552 6532
f 6552 6472 6553
f 6553 6472 6446
f 6446 6474 6553
f 6446 6303 6474
f 6474 6303 6209
f 8015 8331 8001
f 7634 7815 7842
f 7842 7815 8001
f 8001 7815 8015
f 6771 6942 7164
f 7164 6942 7532
f 6642 6674 6632
f 6560 6646 6553
f 6553 6646 6634
f 6132 6149 6474
f 6081 6080 6117
f 6117 6080 6132
f 6132 6080 6149
f 6148 6257 6532
f 6148 6532 6131
f 6131 6532 6510
f 8331 8421 8233
f 8331 8233 8001
f 6552 6578 6532
f 6532 6578 6620
f 6532 6620 6510
f 6510 6620 6755
f 6627 6632 6662
f 6662 6632 6674
f 6662 6674 6942
f 6942 6771 6662
f 6662 6771 6643
f 6662 6643 6627
f 7532 7815 7634
f 7532 7634 7164
f 7164 7634 7190
f 7164 7190 6771
f 6771 7190 6761
f 6771 6761 6643
f 6131 6081 6148
f 6148 6081 6117
f 6148 6117 6209
f 6209 6117 6132
f 6209 6132 6474
f 8001 8233 7878
f 8001 7878 7842
f 7842 7878 7671
f 7842 7671 7634
f 7634 7671 7167
f 7634 7167 7190
f 7190 7167 6755
f 7190 6755 6761
f 6761 6755 6620
f 6761 6620 6643
f 6643 6620 6578
f 6643 6578 6627
f 6627 6578 6552
f 6627 6552 6632
f 6632 6552 6553
f 6632 6553 6642
f 6642 6553 6634
f 5060 5134 4958
f 4603 4491 4068
f 5066 5142 5202
f 5066 5202 5458
f 5458 5202 5376
f 5458 5376 5415
f 5458 5415 5395
f 5333 5395 5269
f 5060 5162 5134
f 5427 5540 5503
f 5503 5540 5557
f 5557 5540 5574
f 5557 5574 5572
f 4971 4968 5016
f 4839 4895 4903
f 4039 4068 3665
f 3089 3381 3306
f 3089 3306 2810
f 3089 2810 2774
f 4874 4611 4676
f 4676 4611 4035
f 4676 4035 4148
f 4148 4035 3574
f 4148 3574 3768
f 3768 3574 3307
f 3768 3307 3405
f 3405 3307 2840
f 3405 2840 3075
f 5481 5561 5086
f 5481 5086 5073
f 5073 5086 4943
f 5073 4943 4954
f 4954 4943 4874
f 4874 4943 4611
f 5535 5557 5572
f 4491 4603 4798
f 3306 3381 3665
f 3306 3665 3543
f 3543 3665 3914
f 3914 3665 4068
f 3914 4068 4311
f 4311 4068 4491
f 4311 4491 4751
f 4751 4491 4798
f 4751 4798 4887
f 2840 2810 3075
f 3075 2810 3306
f 3075 3306 3405
f 3405 3306 3543
f 3405 3543 3768
f 3768 3543 3914
f 3768 3914 4148
f 4148 3914 4311
f 4148 4311 4676
f 4676 4311 4751
f 4676 4751 4874
f 4874 4751 4887
f 4874 4887 4954
f 5134 5142 5066
f 5134 5066 4958
f 4958 5066 4963
f 4958 4963 4901
f 4901 4963 4891
f 4901 4891 4820
f 5458 5468 5066
f 5066 5468 5068
f 5066 5068 4963
f 4963 5068 4957
f 4963 4957 4891
f 4603 4820 4798
f 4798 4820 4891
f 4798 4891 4887
f 4887 4891 4957
f 4887 4957 4954
f 4954 4957 5068
f 4954 5068 5073
f 5073 5068 5468
f 5073 5468 5481
f 4940 4968 4925
f 4925 4968 4971
f 4925 4971 4945
f 5016 5071 4988
f 4988 5071 5427
f 4988 5427 5060
f 5060 5427 5333
f 5060 5333 5162
f 5162 5333 5269
f 5564 5561 5481
f 5564 5481 5572
f 5572 5481 5468
f 5572 5468 5535
f 5535 5468 5458
f 5535 5458 5557
f 5557 5458 5395
f 5557 5395 5503
f 5503 5395 5333
f 5503 5333 5427
f 4925 4945 4895
f 4895 4945 4951
f 4895 4951 4903
f 4068 4039 4603
f 4820 4603 4839
f 4820 4839 4901
f 4901 4839 4903
f 4901 4903 4958
f 4958 4903 4951
f 4958 4951 5060
f 5060 4951 4945
f 5060 4945 4988
f 4988 4945 4971
f 4988 4971 5016
f 6524 6525 6490
f 6616 6593 6698
f 6698 6593 6659
f 6840 6841 6718
f 6718 6841 6698
f 6718 6698 6659
f 6490 6496 6524
f 6524 6496 6593
f 6524 6593 6616
f 5971 5972 6082
f 6082 5972 6174
f 6082 6174 6173
f 5970 5969 6072
f 5970 6072 6172
f 6172 6072 6170
f 5513 5435 5436
f 5678 5677 5582
f 5678 5582 5436
f 5436 5582 5513
f 5440 5543 5434
f 5434 5543 5573
f 5675 5676 5573
f 5573 5676 5434
f 5077 5113 5076
f 5076 5113 5109
f 4757 4758 4823
f 4823 4758 4810
f 4823 4810 4858
f 4858 4810 4866
f 5076 5109 5036
f 5076 5036 4965
f 4965 5036 4949
f 4965 4949 4866
f 4866 4949 4858
f 5567 5555 5693
f 6072 5969 6070
f 6070 5969 5943
f 5675 5573 5693
f 5693 5573 5567
f 6070 5943 5741
f 6070 5741 5555
f 5555 5741 5693
f 10514 10618 10693
f 10693 10618 10746
f 10693 10746 10744
f 10744 10746 10774
f 10175 10208 10514
f 10514 10208 10486
f 10514 10486 10618
f 9562 9919 9704
f 9704 9919 10175
f 10175 9919 10208
f 9303 9562 9704
f 9704 9131 9303
f 9303 9131 9106
f 7881 7869 8092
f 7881 8092 8322
f 9106 9131 8634
f 8634 9131 8322
f 8634 8322 8092
f 7869 7881 7555
f 7555 7881 7356
f 7555 7356 6985
f 6985 7356 6714
f 6714 7356 6718
f 6714 6718 6659
f 8020 8092 7688
f 6126 6170 6072
f 6714 6659 6644
f 6714 6644 6693
f 8092 7869 7688
f 8215 8634 8092
f 8215 8092 8020
f 7695 7707 8215
f 6157 6631 6538
f 6538 6631 6635
f 6635 6631 6875
f 6875 6631 7707
f 6213 6126 6325
f 6325 6126 6260
f 6170 6126 6213
f 6464 6547 6564
f 6464 6564 6496
f 6496 6564 6593
f 6547 6464 6260
f 6260 6464 6325
f 6593 6644 6659
f 6072 6070 6126
f 6126 6070 6157
f 6126 6157 6260
f 6260 6157 6538
f 6260 6538 6547
f 6547 6538 6635
f 6693 6911 6985
f 6985 6911 7555
f 6693 6985 6714
f 7688 7869 7555
f 7688 7555 6911
f 7707 7695 6875
f 6875 7695 6893
f 6875 6893 6635
f 6635 6893 6641
f 6635 6641 6547
f 6547 6641 6564
f 6593 6564 6644
f 6644 6564 6641
f 6644 6641 6693
f 6693 6641 6911
f 6911 6641 6893
f 6911 6893 7688
f 7688 6893 7695
f 7688 7695 8020
f 8020 7695 8215
f 5543 5497 5516
f 4413 4722 4744
f 5058 4923 5442
f 5058 5442 5418
f 5418 5442 5555
f 5418 5555 5516
f 5516 5555 5567
f 3086 2876 2815
f 2815 2876 2716
f 2909 2716 2876
f 2909 2876 3340
f 2876 3280 3340
f 3912 3964 3674
f 4722 4413 4687
f 5035 5131 5111
f 5111 5039 5035
f 5440 5416 5497
f 5416 5296 5254
f 5497 5543 5440
f 3086 3602 2876
f 2876 3602 3727
f 2876 3727 3280
f 3280 3727 3839
f 3280 3839 3340
f 3340 3839 3912
f 3340 3912 3674
f 5416 5254 5497
f 5497 5254 5380
f 5497 5380 5516
f 5051 5380 5041
f 5041 5380 5254
f 5041 5254 5035
f 5035 5254 5296
f 5035 5296 5131
f 5573 5543 5567
f 5567 5543 5516
f 5516 5380 5418
f 5418 5380 5051
f 5418 5051 5058
f 4914 4923 5058
f 4914 5058 4919
f 4919 5058 5051
f 4919 5051 4927
f 4927 5051 5041
f 4927 5041 4932
f 4932 5041 5035
f 4932 5035 4929
f 4929 5035 5039
f 4929 5039 4921
f 4921 5039 4974
f 4921 4974 4909
f 3086 4409 3602
f 3602 4409 4499
f 3602 4499 3727
f 3727 4499 4568
f 3727 4568 3839
f 3839 4568 4633
f 3839 4633 3912
f 3912 4633 4662
f 3912 4662 3964
f 3964 4662 4687
f 3964 4687 4413
f 4409 4923 4499
f 4499 4923 4914
f 4499 4914 4568
f 4568 4914 4919
f 4568 4919 4633
f 4633 4919 4927
f 4633 4927 4662
f 4662 4927 4932
f 4662 4932 4687
f 4687 4932 4929
f 4687 4929 4722
f 4722 4929 4921
f 4722 4921 4744
f 4744 4921 4909
f 4744 4909 4854
f 3714 3065 3340
f 3714 3340 3674
f 3714 3674 3964
f 3065 2909 3340
f 2432 2348 2716
f 2432 2716 3065
f 3065 2716 2909
f 1815 1574 2058
f 1815 2058 2432
f 2432 2058 2348
f 1574 1815 1240
f 1574 1240 1122
f 1122 1240 910
f 1240 830 910
f 910 830 766
f 766 830 663
f 663 830 645
f 663 645 573
f 573 645 575
f 573 575 538
f 3714 3964 4318
f 4318 3964 4413
f 4854 4816 4744
f 4744 4816 4318
f 4744 4318 4413
f 8480 8479 9223
f 8480 9223 9224
f 9224 9223 9840
f 9224 9840 9841
f 9841 9840 10428
f 9841 10428 10429
f 10429 10428 10742
f 10429 10742 10743
f 10743 10742 10791
f 10743 10791 10792
f 498 500 542
f 498 542 543
f 543 542 813
f 543 813 814
f 814 813 1415
f 814 1415 1416
f 1416 1415 2113
f 1416 2113 2114
f 2114 2113 2801
f 2114 2801 2802
f 10758 10761 10780
f 10208 9919 10090
f 10685 10679 10486
f 10739 10746 10714
f 10714 10746 10618
f 10714 10618 10679
f 10679 10618 10486
f 9094 9524 9303
f 8634 8481 9106
f 9106 8481 9094
f 9106 9094 9303
f 9524 9562 9303
f 10090 9919 9524
f 9524 9919 9562
f 10685 10486 10537
f 10537 10486 10090
f 10090 10486 10208
f 10746 10739 10758
f 10746 10758 10774
f 10774 10758 10780
f 8481 8634 8215
f 6157 6070 8481
f 8481 6070 2815
f 6070 5555 2815
f 2815 5555 5442
f 8215 7707 8481
f 8481 7707 6631
f 8481 6631 6157
f 5442 4923 2815
f 4923 4409 2815
f 2815 4409 3086
f 606 596 734
f 573 529 550
f 573 550 566
f 573 566 663
f 663 566 606
f 663 606 766
f 766 606 734
f 766 734 910
f 538 506 529
f 529 506 526
f 529 573 538
f 910 734 1122
f 1122 734 1057
f 1122 1057 1574
f 1574 1057 1707
f 2348 2058 2305
f 2305 2058 1707
f 1707 2058 1574
f 2815 2716 2305
f 2305 2716 2348
f 10791 10801 10781
f 10781 10801 10797
f 10781 10797 10752
f 10752 10797 10770
f 10752 10770 10596
f 10596 10770 10595
f 714 749 713
f 713 749 748
f 713 748 562
f 562 748 547
f 562 547 514
f 514 547 504
f 514 504 500
f 500 504 491
f 5536 5579 5574
f 6474 6181 6576
f 6687 6686 6652
f 6652 6686 6646
f 6652 6646 6576
f 6576 6646 6560
f 6576 6560 6474
f 6474 6149 6181
f 6181 6149 6080
f 6181 6080 6075
f 6075 6080 5579
f 5579 6080 5574
f 4851 4861 4850
f 4850 4861 4860
f 4850 4860 4905
f 4905 4860 4896
f 4905 4896 4940
f 4940 4896 4934
f 4940 4934 4968
f 4968 4934 4960
f 4968 4960 5016
f 5016 4960 5048
f 5016 5048 5071
f 5071 5048 5451
f 5071 5451 5427
f 5574 5540 5536
f 5536 5540 5451
f 5451 5540 5427
f 5564 6081 5561
f 5561 6081 6131
f 5561 6131 5554
f 6114 5554 6131
f 4035 4943 3574
f 3574 4943 3307
f 4035 4611 4943
f 4943 5086 5561
f 5561 5554 4943
f 6646 6686 6657
f 6657 6686 6712
f 10517 10595 10770
f 7038 6704 6712
f 6712 6704 6657
f 10183 10074 9640
f 9640 10074 9698
f 9640 9698 9170
f 10770 10741 10517
f 10517 10741 10617
f 10517 10617 10183
f 10183 10617 10430
f 10183 10430 10074
f 7975 7870 7657
f 7657 7870 7392
f 7657 7392 7038
f 7038 7392 6704
f 9698 9304 9170
f 9170 9304 9077
f 9170 9077 8486
f 8486 9077 8469
f 8486 8469 7975
f 7975 8469 8050
f 7975 8050 7870
f 4851 4850 4789
f 4789 4850 4788
f 4789 4788 4376
f 4376 4788 4375
f 4376 4375 3710
f 3710 4375 3709
f 3710 3709 3104
f 3104 3709 3103
f 3104 3103 2472
f 2472 3103 2471
f 2472 2471 1832
f 1832 2471 1831
f 1832 1831 1196
f 1196 1831 1195
f 1196 1195 824
f 824 1195 823
f 824 823 749
f 749 823 748
f 6687 6685 6713
f 10596 10595 10517
f 6686 6687 6712
f 6712 6687 6713
f 6712 6713 7038
f 7038 6713 7039
f 7038 7039 7657
f 7657 7039 7658
f 7657 7658 7975
f 7975 7658 7976
f 7975 7976 8486
f 8486 7976 8487
f 8486 8487 9170
f 9170 8487 9171
f 9170 9171 9640
f 9640 9171 9641
f 9640 9641 10183
f 10183 9641 10184
f 10183 10184 10517
f 10517 10184 10518
f 10517 10518 10596
f 10596 10518 10605
f 500 491 503
f 9223 9550 9840
f 9840 9550 10181
f 9840 10181 10428
f 10428 10181 10614
f 10428 10614 10742
f 10742 10614 10787
f 10742 10787 10791
f 10791 10787 10801
f 500 503 542
f 542 503 669
f 542 669 813
f 813 669 988
f 813 988 1415
f 1415 988 1663
f 1415 1663 2113
f 2113 1663 2273
f 2113 2273 2801
f 2801 2273 2808
f 2801 2808 8479
f 8479 2808 8474
f 8479 8474 9223
f 9223 8474 9108
f 9223 9108 9550
f 6685 6668 6666
f 6685 6666 6713
f 6713 6666 6655
f 6842 6658 6703
f 6655 6658 6713
f 6713 6658 6842
f 6713 6842 7039
f 7039 6842 6840
f 7039 6840 6718
f 10514 10518 10184
f 10514 10693 10518
f 10518 10693 10605
f 10605 10693 10744
f 9641 9704 10184
f 10184 9704 10175
f 10184 10175 10514
f 9171 9131 9641
f 9641 9131 9704
f 7976 7881 8322
f 7976 8322 8487
f 7881 7976 7658
f 7881 7658 7356
f 7039 6718 7356
f 7039 7356 7658
f 8487 8322 9171
f 9171 8322 9131
f 5694 5772 5578
f 5578 5772 6077
f 5772 5948 6077
f 6077 5948 5971
f 6077 5971 6082
f 5694 5578 5677
f 5677 5578 5582
f 6658 6626 6638
f 6658 6638 6703
f 6147 6077 6082
f 6194 6327 6147
f 6147 6082 6173
f 6147 6173 6194
f 6513 6602 6573
f 6573 6602 6638
f 6573 6638 6626
f 6615 6703 6638
f 6147 6327 6513
f 6513 6327 6467
f 6513 6467 6602
f 6615 6638 6602
f 6615 6602 6467
f 6615 6467 6491
f 4318 4755 3714
f 4755 4318 4816
f 4851 4789 4861
f 4861 4789 4876
f 4861 4876 4863
f 4863 4876 4878
f 824 749 714
f 4376 3710 3714
f 645 824 714
f 645 714 575
f 575 714 716
f 1832 1815 2472
f 4789 4875 4876
f 4876 4875 4892
f 3714 4755 4376
f 4376 4755 4757
f 4376 4757 4789
f 4789 4757 4823
f 4789 4823 4875
f 3065 3104 2432
f 2432 3104 2472
f 2432 2472 1815
f 1815 1832 1240
f 1240 1832 1196
f 645 830 824
f 824 830 1196
f 1196 830 1240
f 3104 3065 3710
f 3710 3065 3714
f 4982 5015 5093
f 4888 4858 4933
f 4908 4967 4959
f 4908 4959 4915
f 5015 4982 4967
f 4967 4982 4959
f 5093 5092 5483
f 5093 5483 5477
f 5483 5506 5477
f 5582 5578 5556
f 5491 5151 5354
f 5491 5354 5423
f 5582 5553 5513
f 5513 5553 5491
f 5513 5491 5423
f 5513 5423 5435
f 5109 5151 5036
f 4933 4858 4949
f 4933 4949 4972
f 4972 4949 5036
f 4972 5036 5092
f 5092 5036 5151
f 5092 5151 5483
f 5483 5151 5491
f 5483 5491 5506
f 5506 5491 5553
f 5506 5553 5556
f 5556 5553 5582
f 5092 5093 5015
f 5092 5015 4972
f 4972 5015 4967
f 4972 4967 4933
f 4933 4967 4908
f 4933 4908 4888
f 4915 4892 4908
f 4892 4875 4908
f 4908 4875 4888
f 4888 4875 4823
f 4888 4823 4858
f 9296 9683 9550
f 10533 10614 10177
f 10177 10614 10181
f 9550 9683 10181
f 10181 9683 10177
f 9108 8474 8421
f 9296 9550 9097
f 9097 9550 9108
f 9097 9108 8421
f 9097 8421 8331
f 10797 10801 10786
f 10786 10801 10787
f 10786 10787 10694
f 10694 10787 10614
f 10694 10614 10533
f 10741 10770 10797
f 6634 6646 6657
f 6634 6657 6642
f 6657 6704 6642
f 6642 6704 6674
f 6674 6704 7392
f 6674 7392 6942
f 6942 7392 7532
f 7870 7815 7532
f 7870 7532 7392
f 7815 7870 8015
f 8015 7870 8050
f 8050 8331 8015
f 8050 8469 8331
f 8331 8469 9077
f 8331 9077 9097
f 9097 9077 9296
f 9296 9077 9304
f 9296 9304 9683
f 9683 9304 9698
f 10074 10177 9698
f 9698 10177 9683
f 10694 10533 10430
f 10430 10533 10074
f 10074 10533 10177
f 10430 10617 10694
f 10694 10617 10741
f 10694 10741 10786
f 10786 10741 10797
f 6080 5883 5574
f 5574 5883 5726
f 5564 5714 5853
f 5564 5853 6081
f 6081 5853 5940
f 6081 5940 6080
f 6080 5940 5955
f 6080 5955 5883
f 5702 5574 5726
f 5714 5564 5572
f 5714 5572 5702
f 5702 5572 5574
f 6114 7167 8233
f 7671 7878 7167
f 7167 7878 8233
f 6114 6131 7167
f 7167 6131 6510
f 7167 6510 6755
f 8474 6114 8233
f 8474 8233 8421
f 2808 2840 3307
f 2808 3307 4943
f 4943 5554 2808
f 2808 5554 8474
f 8474 5554 6114
f 547 748 599
f 599 748 823
f 4850 4905 4788
f 4788 4905 4885
f 1195 788 823
f 823 788 599
f 2471 2323 1831
f 2323 1861 1831
f 1831 1861 1195
f 1195 1861 1131
f 1195 1131 788
f 3103 3304 2471
f 2471 3304 2771
f 2471 2771 2323
f 4885 4838 4788
f 4788 4838 4375
f 4375 4838 4446
f 4375 4446 3709
f 3709 4446 3826
f 3709 3826 3103
f 3103 3826 3304
f 2343 2774 2810
f 2343 2810 2273
f 2273 2810 2840
f 2273 2840 2808
f 1663 1700 2273
f 2273 1700 2055
f 2055 2343 2273
f 988 1053 1663
f 1663 1053 1411
f 1663 1411 1700
f 664 819 669
f 669 819 988
f 988 819 1053
f 491 504 503
f 503 504 517
f 503 517 669
f 669 517 664
f 4885 4905 4940
f 4940 4925 4885
f 4885 4925 4895
f 4885 4895 4838
f 4838 4895 4839
f 4838 4839 4603
f 4838 4603 4446
f 4446 4603 4039
f 4446 4039 3826
f 3826 4039 3665
f 3826 3665 3304
f 3304 3665 3381
f 3304 3381 3089
f 3304 3089 2771
f 3089 2774 2771
f 2771 2774 2343
f 2771 2343 2323
f 2323 2343 1861
f 2343 2055 1861
f 1861 2055 1700
f 1861 1700 1411
f 1861 1411 1131
f 1411 1053 1131
f 1131 1053 788
f 788 1053 819
f 788 819 664
f 788 664 599
f 599 664 517
f 599 517 504
f 599 504 547
f 10782 10792 10781
f 10781 10792 10791
f 10753 10782 10752
f 10752 10782 10781
f 10597 10753 10596
f 10596 10753 10752
f 10605 10597 10596
f 10780 10604 10606
f 10606 10792 10780
f 10780 10792 10774
f 10774 10792 10782
f 10774 10782 10744
f 10744 10782 10753
f 10744 10753 10605
f 10605 10753 10597
f 6647 6688 6652
f 6652 6688 6687
f 6647 6652 6576
f 6647 6576 6577
f 6577 6576 6181
f 6577 6181 6182
f 6182 6181 6075
f 6182 6075 6076
f 5580 6076 5579
f 5579 6076 6075
f 5580 5579 5536
f 5580 5536 5537
f 5537 5536 5451
f 5537 5451 5452
f 5452 5451 5048
f 5452 5048 5049
f 5049 5048 4960
f 5049 4960 4961
f 4961 4960 4934
f 4961 4934 4935
f 4897 4935 4896
f 4896 4935 4934
f 4862 4897 4860
f 4860 4897 4896
f 4863 4862 4861
f 4861 4862 4860
f 4959 4982 4915
f 5093 5477 5506
f 6655 6626 6658
f 6688 6685 6687
f 5518 6179 6076
f 4862 4863 4897
f 4897 4863 4878
f 4897 4878 4935
f 4935 4878 4879
f 4935 4879 4961
f 4961 4879 4917
f 4961 4917 5049
f 5049 4917 5000
f 5049 5000 5452
f 5452 5000 5407
f 5452 5407 5537
f 5537 5407 5518
f 5537 5518 5580
f 5580 5518 6076
f 6685 6688 6668
f 6668 6688 6647
f 6668 6647 6669
f 6669 6647 6575
f 6575 6647 6577
f 6575 6577 6179
f 6179 6577 6182
f 6179 6182 6076
f 563 715 562
f 562 715 713
f 515 563 514
f 514 563 562
f 498 515 500
f 500 515 514
f 715 716 713
f 713 716 714
f 673 672 498
f 498 672 506
f 498 506 538
f 716 715 575
f 575 715 563
f 575 563 538
f 538 563 515
f 538 515 498
f 8480 2802 8479
f 8479 2802 2801
f 10792 10606 10669
f 10570 9841 10648
f 10648 9841 10429
f 10648 10429 10695
f 10695 10429 10743
f 567 498 551
f 551 498 543
f 567 639 498
f 498 639 673
f 10669 10725 10792
f 10792 10725 10737
f 10792 10737 10743
f 10743 10737 10695
f 639 747 673
f 639 700 747
f 747 700 845
f 845 700 1125
f 700 719 1125
f 1125 719 705
f 10669 10606 10532
f 10669 10532 10589
f 10589 10532 10550
f 10550 10532 10401
f 1665 1125 1416
f 1416 1125 705
f 1416 705 814
f 814 705 637
f 814 637 543
f 543 637 591
f 543 591 551
f 1665 1416 2193
f 2193 1416 2114
f 2193 2114 2807
f 2807 2114 2802
f 2807 2802 8489
f 8489 2802 8480
f 8489 8480 9143
f 9143 8480 9224
f 9143 9224 9549
f 9549 9224 9841
f 9549 9841 10025
f 10025 9841 10570
f 10025 10570 10401
f 10401 10570 10550
f 10547 10685 10537
f 526 506 644
f 644 506 672
f 10604 10780 10697
f 10697 10780 10761
f 740 784 844
f 844 784 745
f 784 738 745
f 745 738 644
f 745 644 672
f 10529 10604 10697
f 10529 10697 10541
f 10547 10024 10474
f 10474 10024 10400
f 10474 10400 10529
f 10474 10529 10541
f 844 1124 740
f 740 1124 734
f 740 734 679
f 679 734 596
f 10547 10537 10024
f 10024 10537 10090
f 10024 10090 9548
f 9548 10090 9524
f 9548 9524 9142
f 9142 9524 9094
f 9142 9094 8488
f 8488 9094 8481
f 8488 8481 2806
f 2806 8481 2815
f 2806 2815 2192
f 2192 2815 2305
f 2192 2305 1664
f 1664 2305 1707
f 1664 1707 1124
f 1124 1707 1057
f 1124 1057 734
f 8488 8489 9142
f 9142 8489 9143
f 9142 9143 9548
f 9548 9143 9549
f 9548 9549 10024
f 10024 9549 10025
f 10024 10025 10400
f 10400 10025 10401
f 10400 10401 10529
f 10529 10401 10532
f 745 747 844
f 844 747 845
f 844 845 1124
f 1124 845 1125
f 1124 1125 1664
f 1664 1125 1665
f 1664 1665 2192
f 2192 1665 2193
f 2192 2193 2806
f 2806 2193 2807
f 8488 2806 8489
f 8489 2806 2807
f 589 529 526
f 679 596 606
f 606 728 679
f 679 728 740
f 740 728 786
f 740 786 784
f 784 786 729
f 784 729 738
f 738 729 644
f 644 729 589
f 644 589 526
f 572 550 529
f 606 566 636
f 606 636 728
f 728 636 698
f 728 698 786
f 786 698 718
f 572 529 638
f 638 529 589
f 638 589 706
f 706 589 729
f 706 729 718
f 718 729 786
f 10582 10679 10685
f 10697 10761 10758
f 10758 10643 10697
f 10697 10643 10541
f 10541 10643 10512
f 10541 10512 10474
f 10474 10512 10501
f 10474 10501 10547
f 10547 10501 10582
f 10547 10582 10685
f 10714 10679 10647
f 10647 10679 10588
f 10588 10679 10582
f 10588 10582 10549
f 10549 10582 10501
f 10549 10501 10512
f 10549 10512 10562
f 10562 10512 10632
f 10632 10512 10643
f 10632 10643 10711
f 10711 10643 10758
f 10711 10758 10739
f 10725 10739 10737
f 10739 10714 10737
f 10737 10714 10695
f 10695 10714 10648
f 10648 10714 10647
f 10648 10647 10570
f 10570 10647 10588
f 10570 10588 10549
f 10570 10549 10550
f 10550 10549 10562
f 10550 10562 10589
f 10589 10562 10632
f 10589 10632 10669
f 10669 10632 10711
f 10669 10711 10725
f 10725 10711 10739
f 591 566 551
f 566 550 551
f 551 550 567
f 567 550 572
f 567 572 639
f 639 572 638
f 639 638 700
f 700 638 706
f 700 706 719
f 719 706 718
f 719 718 705
f 705 718 698
f 705 698 637
f 637 698 636
f 637 636 591
f 591 636 566
f 4757 4755 4758
f 4758 4755 4756
f 5112 5075 5111
f 5111 5075 5074
f 5111 5074 5039
f 4865 4809 4854
f 4854 4809 4816
f 4816 4809 4756
f 4816 4756 4755
f 4854 4909 4865
f 4865 4909 4964
f 4964 4909 4974
f 4964 4974 5074
f 5074 4974 5039
f 6840 6842 6841
f 6841 6842 6843
f 6699 6843 6842
f 6842 6703 6699
f 6699 6703 6617
f 6492 6527 6491
f 6491 6527 6526
f 6491 6526 6615
f 6615 6526 6617
f 6615 6617 6703
f 5113 5077 5075
f 6525 6527 6490
f 6490 6527 6492
f 6490 6492 6333
f 6333 6492 6461
f 6333 6208 6174
f 6252 6356 6333
f 5325 5141 5113
f 5325 5113 5112
f 5112 5113 5075
f 6333 6356 6433
f 6333 6433 6490
f 6490 6433 6460
f 6460 6433 6417
f 6460 6417 6331
f 6331 6417 6318
f 6331 6318 6207
f 6207 6318 6237
f 6207 6237 6172
f 6172 6237 6252
f 5744 5695 5678
f 5112 5188 5325
f 5325 5188 5294
f 5804 5919 5744
f 5744 5919 5970
f 5970 5919 5947
f 5947 5919 5909
f 5947 5909 5827
f 5827 5909 5813
f 5827 5813 5707
f 5707 5813 5732
f 5707 5732 5676
f 5944 5744 5972
f 5972 5744 5970
f 5972 5970 6174
f 6174 5970 6172
f 6174 6172 6333
f 6333 6172 6252
f 5436 5434 5678
f 5678 5434 5676
f 5678 5676 5744
f 5744 5676 5732
f 5744 5732 5804
f 5434 5369 5404
f 5404 5369 5350
f 5404 5350 5271
f 5271 5350 5248
f 5271 5248 5145
f 5145 5248 5175
f 5145 5175 5112
f 5112 5175 5188
f 5419 5325 5294
f 5419 5294 5436
f 5436 5294 5434
f 5434 5294 5369
f 5109 5113 5141
f 5109 5141 5151
f 5151 5141 5325
f 5151 5325 5354
f 5354 5325 5419
f 5354 5419 5423
f 5436 5435 5419
f 5419 5435 5423
f 5404 5416 5434
f 5434 5416 5440
f 5416 5404 5296
f 5296 5404 5271
f 5296 5271 5145
f 5296 5145 5131
f 5131 5145 5112
f 5131 5112 5111
f 5677 5678 5695
f 5677 5695 5694
f 5694 5695 5744
f 5694 5744 5772
f 5772 5744 5944
f 5772 5944 5948
f 5948 5944 5972
f 5948 5972 5971
f 5969 5970 5947
f 5969 5947 5943
f 5943 5947 5827
f 5943 5827 5741
f 5741 5827 5707
f 5741 5707 5693
f 5693 5707 5676
f 5693 5676 5675
f 6173 6174 6194
f 6194 6174 6208
f 6194 6208 6327
f 6327 6208 6333
f 6327 6333 6461
f 6327 6461 6467
f 6467 6461 6492
f 6467 6492 6491
f 6496 6490 6464
f 6464 6490 6460
f 6213 6325 6331
f 6331 6325 6460
f 6460 6325 6464
f 6331 6207 6213
f 6213 6207 6170
f 6170 6207 6172
f 5804 5814 5919
f 5919 5814 5910
f 5919 5910 5918
f 5919 5918 5909
f 5909 5918 5813
f 5813 5918 5803
f 5813 5803 5732
f 5732 5803 5733
f 5732 5733 5804
f 5804 5733 5814
f 5918 5954 5882
f 5918 5882 5803
f 5803 5882 5725
f 5803 5725 5733
f 5733 5725 5699
f 5733 5699 5814
f 5814 5699 5762
f 5814 5762 5910
f 5910 5762 5925
f 5910 5925 5918
f 5918 5925 5954
f 5762 5883 5925
f 5925 5883 5955
f 5925 5955 5954
f 5954 5955 5940
f 5954 5940 5882
f 5882 5940 5853
f 5882 5853 5725
f 5725 5853 5714
f 5725 5714 5699
f 5699 5714 5702
f 5699 5702 5726
f 5699 5726 5762
f 5762 5726 5883
f 5243 5360 5376
f 5409 5415 5376
f 5409 5376 5360
f 5393 5395 5415
f 5393 5415 5409
f 5395 5393 5269
f 5269 5393 5221
f 5269 5221 5162
f 5162 5221 5133
f 5133 5134 5162
f 5146 5142 5133
f 5133 5142 5134
f 5243 5202 5146
f 5202 5142 5146
f 5243 5376 5202
f 5332 5393 5358
f 5358 5393 5409
f 5358 5409 5360
f 5358 5360 5204
f 5204 5360 5243
f 5204 5243 5146
f 5204 5146 5179
f 5179 5146 5133
f 5179 5133 5221
f 5179 5221 5332
f 5332 5221 5393
f 6426 6382 6466
f 6426 6466 6472
f 6472 6466 6444
f 6472 6444 6446
f 6272 6303 6444
f 6303 6446 6444
f 6211 6209 6272
f 6209 6303 6272
f 6201 6197 6211
f 6211 6197 6209
f 6242 6257 6201
f 6201 6257 6197
f 6426 6257 6382
f 6382 6257 6242
f 6432 6466 6355
f 6355 6466 6382
f 6355 6382 6251
f 6251 6382 6242
f 6251 6242 6201
f 6251 6201 6238
f 6238 6201 6211
f 6238 6211 6319
f 6319 6211 6272
f 6319 6272 6418
f 6418 6272 6444
f 6418 6444 6432
f 6432 6444 6466
f 6355 6318 6417
f 6355 6417 6432
f 6432 6417 6433
f 6432 6433 6418
f 6418 6433 6356
f 6418 6356 6319
f 6319 6356 6252
f 6319 6252 6238
f 6238 6252 6237
f 6238 6237 6251
f 6251 6237 6318
f 6251 6318 6355
f 5204 5248 5358
f 5358 5248 5350
f 5358 5350 5369
f 5358 5369 5332
f 5332 5369 5294
f 5332 5294 5179
f 5179 5294 5188
f 5179 5188 5175
f 5179 5175 5204
f 5204 5175 5248
f 5506 5556 5517
f 5506 5517 5093
f 6655 6666 6626
f 6626 6666 6667
f 6626 6667 6573
f 6573 6667 6574
f 6573 6574 6147
f 6147 6574 6178
f 6147 6178 6077
f 6077 6178 5517
f 6077 5517 5578
f 5578 5517 5556
f 4876 4892 4877
f 4877 4892 4915
f 4877 4915 4916
f 4916 4915 4982
f 4916 4982 4999
f 4999 4982 5093
f 4999 5093 5406
f 5406 5093 5517
f 6666 6668 6667
f 6667 6668 6669
f 6178 6179 5517
f 5517 6179 5518
f 4878 4876 4879
f 4879 4876 4877
f 5517 5518 5407
f 5517 5407 5406
f 5406 5407 5000
f 5406 5000 4999
f 4999 5000 4917
f 4999 4917 4916
f 4916 4917 4879
f 4916 4879 4877
f 6667 6669 6575
f 6667 6575 6574
f 6574 6575 6179
f 6574 6179 6178
f 5076 5074 5077
f 5077 5074 5075
f 5074 5076 4965
f 5074 4965 4964
f 4964 4965 4866
f 4964 4866 4865
f 4865 4866 4810
f 4865 4810 4809
f 4758 4756 4810
f 4810 4756 4809
f 6699 6698 6843
f 6843 6698 6841
f 6698 6699 6617
f 6698 6617 6616
f 6616 6617 6526
f 6616 6526 6524
f 6527 6525 6526
f 6526 6525 6524
f 672 673 747
f 672 747 745
f 10529 10532 10606
f 10529 10606 10604
f 6225 6224 6188
f 6225 6188 6162
f 6162 6188 6164
f 6167 6164 6186
f 6167 6186 6169
f 6169 6186 6187
f 6187 6186 6223
f 6187 6223 6279
f 6279 6223 6305
f 6365 6305 6450
f 6365 6450 6371
f 6371 6450 6451
f 6451 6450 6487
f 6451 6487 6505
f 6505 6487 6503
f 6501 6503 6488
f 6501 6488 6499
f 6225 6293 6224
f 6224 6293 6297
f 6224 6297 6363
f 6499 6488 6489
f 6489 6488 6452
f 6489 6452 6394
f 6394 6452 6363
f 5722 5721 5688
f 5722 5688 5667
f 5667 5688 5669
f 5672 5669 5686
f 5672 5686 5674
f 5674 5686 5687
f 5687 5686 5720
f 5687 5720 5766
f 5766 5720 5799
f 5865 5799 5932
f 5865 5932 5870
f 5870 5932 5933
f 5933 5932 5966
f 5933 5966 5984
f 5984 5966 5982
f 5979 5982 5967
f 5979 5967 5978
f 5722 5789 5721
f 5721 5789 5793
f 5721 5793 5856
f 5978 5967 5968
f 5968 5967 5934
f 5968 5934 5881
f 5881 5934 5856
f 5160 5159 5122
f 5160 5122 5099
f 5099 5122 5101
f 5103 5101 5120
f 5103 5120 5105
f 5105 5120 5121
f 5121 5120 5158
f 5121 5158 5213
f 5213 5158 5242
f 5307 5242 5390
f 5307 5390 5313
f 5313 5390 5391
f 5391 5390 5431
f 5391 5431 5450
f 5450 5431 5448
f 5445 5448 5432
f 5445 5432 5444
f 5160 5236 5159
f 5159 5236 5239
f 5159 5239 5303
f 5444 5432 5433
f 5433 5432 5392
f 5433 5392 5327
f 5327 5392 5303
f 5388 5387 5428
f 5388 5428 5449
f 5449 5428 5447
f 5446 5447 5429
f 5446 5429 5443
f 5443 5429 5430
f 5430 5429 5389
f 5430 5389 5326
f 5326 5389 5302
f 5240 5302 5156
f 5240 5156 5233
f 5233 5156 5157
f 5157 5156 5119
f 5157 5119 5098
f 5098 5119 5100
f 5102 5100 5117
f 5102 5117 5104
f 5388 5310 5387
f 5387 5310 5308
f 5387 5308 5241
f 5104 5117 5118
f 5118 5117 5155
f 5118 5155 5212
f 5212 5155 5241
f 5930 5929 5963
f 5930 5963 5983
f 5983 5963 5981
f 5980 5981 5964
f 5980 5964 5977
f 5977 5964 5965
f 5965 5964 5931
f 5965 5931 5880
f 5880 5931 5855
f 5792 5855 5718
f 5792 5718 5786
f 5786 5718 5719
f 5719 5718 5685
f 5719 5685 5668
f 5668 5685 5670
f 5671 5670 5683
f 5671 5683 5673
f 5930 5867 5929
f 5929 5867 5864
f 5929 5864 5798
f 5673 5683 5684
f 5684 5683 5717
f 5684 5717 5765
f 5765 5717 5798
f 6448 6447 6484
f 6448 6484 6504
f 6504 6484 6502
f 6500 6502 6485
f 6500 6485 6498
f 6498 6485 6486
f 6486 6485 6449
f 6486 6449 6393
f 6393 6449 6362
f 6296 6362 6221
f 6296 6221 6290
f 6290 6221 6222
f 6222 6221 6185
f 6222 6185 6163
f 6163 6185 6165
f 6166 6165 6183
f 6166 6183 6168
f 6448 6368 6447
f 6447 6368 6364
f 6447 6364 6304
f 6168 6183 6184
f 6184 6183 6220
f 6184 6220 6278
f 6278 6220 6304
f 6353 6316 6415
f 6353 6415 6430
f 6430 6415 6431
f 6430 6431 6416
f 6416 6431 6354
f 6416 6354 6317
f 6317 6354 6250
f 6317 6250 6236
f 6236 6250 6235
f 6236 6235 6249
f 6249 6235 6316
f 6249 6316 6353
f 6359 6322 6429
f 6359 6429 6436
f 6436 6429 6400
f 6400 6429 6380
f 6400 6380 6245
f 6245 6380 6256
f 6245 6256 6241
f 6245 6241 6255
f 6255 6241 6322
f 6255 6322 6359
f 5806 5817 5902
f 5902 5817 5906
f 5902 5906 5924
f 5924 5906 5922
f 5924 5922 5818
f 5818 5922 5808
f 5818 5808 5737
f 5737 5808 5736
f 5737 5736 5806
f 5806 5736 5817
f 5801 5811 5916
f 5916 5811 5907
f 5916 5907 5917
f 5916 5917 5908
f 5908 5917 5812
f 5812 5917 5802
f 5812 5802 5731
f 5731 5802 5730
f 5731 5730 5801
f 5801 5730 5811
f 5262 5249 5349
f 5262 5349 5367
f 5367 5349 5368
f 5367 5368 5331
f 5331 5368 5293
f 5331 5293 5192
f 5192 5293 5187
f 5192 5187 5171
f 5171 5187 5174
f 5171 5174 5262
f 5262 5174 5249
f 5244 5247 5357
f 5357 5247 5366
f 5357 5366 5351
f 5351 5366 5347
f 5351 5347 5220
f 5220 5347 5205
f 5220 5205 5173
f 5173 5205 5177
f 5173 5177 5244
f 5244 5177 5247
f 6504 9098 8485
f 6504 8485 6448
f 6448 8485 6367
f 6448 6367 6368
f 6367 8485 6366
f 6366 8485 8483
f 6294 5968 5871
f 5871 5968 5881
f 6162 5978 5968
f 6162 5968 6225
f 6225 5968 6294
f 6225 6294 6293
f 6294 5871 6295
f 6295 5871 5873
f 6505 9116 8848
f 6505 8848 6451
f 6451 8848 6370
f 6451 6370 6371
f 8879 6369 6370
f 6370 8848 8879
f 8848 9197 8879
f 8879 9197 9250
f 9107 6498 8879
f 8879 6498 6486
f 8879 6486 6369
f 6369 6486 6393
f 5983 6289 5930
f 5930 6289 5866
f 5930 5866 5867
f 5983 6168 6184
f 5983 6184 6289
f 6289 6184 6278
f 6288 5872 6289
f 6289 5872 5866
f 5790 5433 5314
f 5314 5433 5327
f 5667 5444 5433
f 5667 5433 5722
f 5722 5433 5790
f 5722 5790 5789
f 5790 5314 5791
f 5791 5314 5316
f 5984 6292 5933
f 5933 6292 5869
f 5933 5869 5870
f 5984 6169 6187
f 5984 6187 6292
f 6292 6187 6279
f 6291 5868 6292
f 6292 5868 5869
f 6291 5965 5868
f 5868 5965 5880
f 6163 5977 5965
f 6163 5965 6222
f 6222 5965 6291
f 6222 6291 6290
f 5449 5785 5388
f 5388 5785 5309
f 5388 5309 5310
f 5449 5673 5684
f 5449 5684 5785
f 5785 5684 5765
f 5784 5315 5785
f 5785 5315 5309
f 5099 2315 2797
f 5099 2797 5160
f 5160 2797 5237
f 5160 5237 5236
f 5237 2797 5238
f 5238 2797 2787
f 5450 5788 5391
f 5391 5788 5312
f 5391 5312 5313
f 5450 5674 5687
f 5450 5687 5788
f 5788 5687 5766
f 5787 5311 5788
f 5788 5311 5312
f 5668 5311 5719
f 5719 5311 5787
f 5719 5787 5786
f 5668 5443 5430
f 5668 5430 5311
f 5311 5430 5326
f 2207 5105 2386
f 2386 5105 5121
f 2386 5121 5235
f 5235 5121 5213
f 9115 6499 8494
f 8494 6499 6489
f 8494 6489 6372
f 6372 6489 6394
f 10657 10389 10684
f 10684 10389 10376
f 10376 10389 9791
f 9791 10389 10340
f 8496 8522 9208
f 9208 8522 9210
f 9208 9210 9767
f 9767 9210 9791
f 9767 9791 10340
f 10527 10131 10657
f 10657 10131 10389
f 8494 8496 9141
f 9141 8496 9208
f 9141 9208 9576
f 9576 9208 9767
f 9576 9767 10047
f 10047 9767 10340
f 10483 10528 10124
f 9107 8879 10124
f 10124 8879 9250
f 9250 10483 10124
f 10641 10580 9250
f 9250 10580 10524
f 9250 10524 10480
f 9250 10480 10483
f 10131 10527 10478
f 9116 10131 9197
f 10581 10641 10526
f 10526 10641 9250
f 10526 9250 10482
f 10482 9250 9197
f 10482 9197 10478
f 10478 9197 10131
f 9197 8848 9116
f 8494 9141 9115
f 9115 9141 9576
f 9115 9576 10047
f 1100 1618 2315
f 2315 1618 2186
f 2315 2186 2797
f 2047 773 2386
f 2386 773 742
f 2386 742 1030
f 651 684 2047
f 2047 684 755
f 2047 755 780
f 2047 780 773
f 2047 782 778
f 2047 778 753
f 2047 753 651
f 651 753 683
f 737 782 1032
f 1032 782 2047
f 1032 2047 2223
f 2223 2047 2603
f 2386 1030 2207
f 855 614 601
f 855 601 859
f 855 859 887
f 887 859 1451
f 2788 2787 2121
f 2121 2787 2125
f 2121 2125 1451
f 1451 2125 1460
f 1451 1460 887
f 1460 1618 887
f 887 1618 1100
f 2125 2787 2797
f 2797 2186 2125
f 2125 2186 1460
f 1460 2186 1618
f 693 614 855
f 693 855 742
f 855 1030 742
f 2276 5104 2805
f 2805 5104 5118
f 2805 5118 5232
f 5232 5118 5212
f 10046 9589 9098
f 9098 9589 9140
f 9098 9140 8485
f 10046 10339 9589
f 9589 10339 9766
f 8483 8485 9207
f 9207 8485 9140
f 9207 9140 9766
f 9766 9140 9589
f 633 737 854
f 854 737 1032
f 10757 10764 10777
f 10777 10764 10779
f 10777 10779 10756
f 10756 10779 10763
f 10689 10757 10777
f 10689 10777 10581
f 10777 10756 10688
f 10581 10777 10641
f 10641 10777 10688
f 10641 10688 10580
f 531 524 509
f 509 524 507
f 509 507 532
f 532 507 525
f 594 531 509
f 594 509 683
f 509 532 595
f 683 509 651
f 651 509 595
f 651 595 684
f 633 854 600
f 600 854 858
f 858 854 1450
f 2803 2814 2124
f 2124 2814 2120
f 2124 2120 1459
f 1459 2120 1450
f 1459 1450 886
f 886 1450 854
f 1459 886 1101
f 1101 1632 1459
f 1459 1632 2124
f 2805 2803 2187
f 2187 2803 2124
f 2187 2124 1632
f 2814 2803 5231
f 2814 5231 5315
f 5315 5784 2814
f 2814 5784 5872
f 2814 5872 8482
f 6366 8483 8482
f 6366 8482 6288
f 6288 8482 5872
f 10387 10673 10683
f 10387 10683 10375
f 10387 10375 10339
f 10339 10375 9790
f 10339 9790 9766
f 8482 8483 9209
f 9209 8483 9207
f 9209 9207 9790
f 9790 9207 9766
f 8496 6373 8522
f 6373 6295 8522
f 8522 6295 5873
f 8522 5873 5791
f 8522 5791 2788
f 5238 2787 2788
f 5238 2788 5316
f 5316 2788 5791
f 2800 2809 2109
f 2109 2809 2090
f 2109 2090 1407
f 1407 2090 1375
f 1407 1375 809
f 809 1375 795
f 809 795 534
f 534 795 512
f 534 512 495
f 495 512 493
f 495 493 536
f 536 493 513
f 536 513 811
f 811 513 796
f 811 796 1409
f 1409 796 1376
f 1409 1376 2111
f 2111 1376 2091
f 2111 2091 2791
f 2791 2091 2793
f 2791 2793 8500
f 8500 2793 8503
f 8500 8503 9227
f 9227 8503 9235
f 9227 9235 9854
f 9854 9235 9869
f 9854 9869 10435
f 10435 9869 10459
f 10435 10459 10749
f 10749 10459 10776
f 10749 10776 10794
f 10794 10776 10799
f 10794 10799 10747
f 10747 10799 10775
f 10747 10775 10433
f 10433 10775 10458
f 10433 10458 9852
f 9852 10458 9868
f 9852 9868 9225
f 9225 9868 9234
f 9225 9234 8477
f 8477 9234 8475
f 8477 8475 2800
f 2800 8475 2809
f 2792 2793 2091
f 2792 2091 2096
f 2096 2091 1376
f 2096 1376 1387
f 1387 1376 796
f 1387 796 798
f 798 796 513
f 798 513 521
f 521 513 493
f 521 493 494
f 494 493 512
f 494 512 520
f 520 512 795
f 520 795 797
f 797 795 1375
f 797 1375 1386
f 1386 1375 2090
f 1386 2090 2095
f 2095 2090 2809
f 2095 2809 2799
f 8476 2799 8475
f 8475 2799 2809
f 8476 8475 9234
f 8476 9234 9232
f 9232 9234 9868
f 9232 9868 9863
f 9863 9868 10458
f 9863 10458 10452
f 10452 10458 10775
f 10452 10775 10768
f 10768 10775 10799
f 10768 10799 10798
f 10798 10799 10776
f 10798 10776 10769
f 10769 10776 10459
f 10769 10459 10453
f 10453 10459 9869
f 10453 9869 9864
f 9864 9869 9235
f 9864 9235 9233
f 9233 9235 8503
f 9233 8503 8502
f 9261 9206 8805
f 8805 8869 9261
f 2592 2628 8805
f 8805 2628 8869
f 2628 2592 2070
f 2628 2070 2127
f 661 625 736
f 736 2070 730
f 625 675 2070
f 625 2070 736
f 2070 675 746
f 2070 746 2127
f 2127 746 717
f 730 2070 947
f 947 2070 2592
f 947 2592 1524
f 1524 2592 2158
f 2158 2592 2798
f 717 946 2127
f 2127 946 1523
f 2127 1523 2628
f 2628 1523 2157
f 2628 2157 2804
f 8484 5939 5848
f 5267 5150 2804
f 2804 5150 2628
f 6401 6469 8869
f 8869 6469 8484
f 8484 6469 6457
f 8484 6457 6361
f 5913 6216 5764
f 5150 5137 2628
f 2628 5137 5211
f 5913 5953 6216
f 6216 5953 5939
f 5412 5705 5764
f 6401 8869 2628
f 6401 2628 6258
f 8484 6361 5939
f 5939 6361 6216
f 5412 5764 5352
f 8484 5394 5267
f 8484 5267 2804
f 5705 5412 5713
f 5713 5412 5394
f 8484 5848 5394
f 5394 5848 5713
f 2628 5211 5764
f 5764 5211 5352
f 6216 6204 5764
f 5764 6204 2628
f 2628 6204 6258
f 10667 10592 9261
f 9261 10592 10530
f 9261 10530 9206
f 9206 10530 10554
f 9261 10552 10531
f 9261 10531 10561
f 9261 10561 10667
f 10667 10561 10639
f 10552 9261 10256
f 10256 9261 8869
f 10256 8869 9688
f 9688 8869 9181
f 9181 8869 8484
f 10554 10257 9206
f 9206 10257 9689
f 9206 9689 8805
f 8805 9689 9182
f 8805 9182 8495
f 10765 10769 10701
f 10769 10765 10798
f 10798 10765 10760
f 10798 10760 10713
f 10798 10713 10667
f 10667 10713 10592
f 10257 10554 10701
f 10552 10256 10646
f 10452 10768 10646
f 10667 10639 10798
f 10798 10639 10751
f 10798 10751 10773
f 10798 10773 10768
f 10773 10724 10768
f 10768 10724 10646
f 10646 10256 10452
f 10452 10256 9688
f 10452 9688 9863
f 9863 9688 9181
f 9863 9181 9232
f 9232 9181 8484
f 9232 8484 8476
f 10701 10769 10453
f 10701 10453 10257
f 10257 10453 9864
f 10257 9864 9689
f 9689 9864 9233
f 9689 9233 9182
f 9182 9233 8502
f 9182 8502 8495
f 730 947 643
f 798 521 643
f 625 661 494
f 494 661 533
f 494 533 518
f 494 518 521
f 518 556 521
f 521 556 643
f 523 520 584
f 520 523 494
f 494 523 528
f 494 528 570
f 494 570 625
f 625 570 675
f 946 717 584
f 643 947 798
f 798 947 1524
f 798 1524 1387
f 1387 1524 2158
f 1387 2158 2096
f 2096 2158 2798
f 2096 2798 2792
f 584 520 797
f 584 797 946
f 946 797 1386
f 946 1386 1523
f 1523 1386 2095
f 1523 2095 2157
f 2157 2095 2799
f 2157 2799 2804
f 2804 2799 8484
f 8484 2799 8476
f 2792 8502 2793
f 2793 8502 8503
f 8805 5952 5904
f 6198 5810 5936
f 8805 6465 6396
f 6198 5936 5952
f 6198 5952 6248
f 8805 5408 5348
f 2798 5706 5810
f 6342 6456 8495
f 8495 6456 8805
f 8805 6456 6465
f 8805 6396 5952
f 5952 6396 6248
f 2798 5810 6218
f 6218 5810 6198
f 2798 6218 6342
f 2798 6342 8495
f 5203 5148 2592
f 2592 5148 5136
f 2592 5136 2798
f 2798 5136 5246
f 8805 5348 5203
f 8805 5203 2592
f 5706 5397 5408
f 5706 5408 5710
f 5710 5408 5761
f 8805 5904 5761
f 8805 5761 5408
f 2798 5246 5706
f 5706 5246 5397
f 2792 2798 8502
f 8502 2798 8495
f 5235 5234 2386
f 2386 5234 2603
f 2603 2047 2386
f 2276 2805 2187
f 2276 2187 1632
f 2276 1632 1101
f 5098 2223 2603
f 5098 2603 5157
f 5157 2603 5234
f 5157 5234 5233
f 10124 10528 10387
f 10387 10528 10571
f 10387 10571 10673
f 5231 2803 5232
f 5232 2803 2805
f 6373 8496 6372
f 6372 8496 8494
f 537 629 555
f 537 555 525
f 537 525 496
f 601 732 691
f 691 732 702
f 702 732 783
f 525 555 620
f 525 620 647
f 647 620 702
f 647 702 754
f 754 702 779
f 779 702 783
f 10764 10750 10795
f 10567 10477 10540
f 10567 10540 10638
f 10638 10540 10684
f 10638 10684 10709
f 691 629 601
f 601 629 537
f 601 537 859
f 859 537 812
f 859 812 1451
f 1451 812 1410
f 1451 1410 2121
f 2121 1410 2112
f 2121 2112 2788
f 2788 2112 2813
f 2788 2813 8522
f 8522 2813 8501
f 8522 8501 9210
f 9210 8501 9228
f 9210 9228 9791
f 9791 9228 9855
f 9791 9855 10376
f 10376 9855 10436
f 10376 10436 10684
f 10684 10436 10750
f 10684 10750 10709
f 10663 10720 10764
f 10764 10720 10750
f 10750 10720 10709
f 10663 10764 10634
f 10663 10634 10574
f 10574 10634 10525
f 10574 10525 10567
f 10567 10525 10481
f 10567 10481 10477
f 10748 10661 10718
f 10636 10479 10523
f 10479 10636 10565
f 10479 10565 10476
f 10476 10565 10539
f 10539 10565 10572
f 10539 10572 10683
f 10748 10718 10763
f 10748 10763 10795
f 10795 10763 10779
f 10795 10779 10764
f 10718 10707 10763
f 10763 10707 10642
f 10642 10707 10636
f 10642 10636 10523
f 524 604 559
f 10572 10661 10683
f 10683 10661 10748
f 10683 10748 10375
f 10375 10748 10434
f 10375 10434 9790
f 9790 10434 9853
f 9790 9853 9209
f 9209 9853 9226
f 9209 9226 8482
f 8482 9226 8478
f 8482 8478 2814
f 2814 8478 2811
f 2814 2811 2120
f 2120 2811 2110
f 2120 2110 1450
f 1450 2110 1408
f 1450 1408 858
f 858 1408 810
f 858 810 600
f 600 810 535
f 525 507 496
f 496 507 524
f 496 524 535
f 535 524 559
f 703 692 752
f 752 692 655
f 524 655 604
f 604 655 692
f 535 559 619
f 535 619 600
f 600 619 731
f 731 619 703
f 731 703 781
f 781 703 777
f 777 703 752
f 2813 2791 8500
f 2813 8500 8501
f 8501 8500 9228
f 9228 8500 9227
f 9228 9227 9855
f 9855 9227 9854
f 9855 9854 10436
f 10436 9854 10435
f 10436 10435 10750
f 10750 10435 10749
f 10750 10749 10795
f 10795 10749 10794
f 10795 10794 10748
f 10748 10794 10747
f 10748 10747 10434
f 10434 10747 10433
f 10434 10433 9853
f 9853 10433 9852
f 9853 9852 9226
f 9226 9852 9225
f 9226 9225 8478
f 8478 9225 8477
f 8478 8477 2811
f 2811 8477 2800
f 2811 2800 2110
f 2110 2800 2109
f 2110 2109 1408
f 1408 2109 1407
f 1408 1407 810
f 810 1407 809
f 810 809 535
f 535 809 534
f 535 534 496
f 496 534 495
f 496 495 537
f 537 495 536
f 537 536 812
f 812 536 811
f 812 811 1410
f 1410 811 1409
f 1410 1409 2112
f 2112 1409 2111
f 2112 2111 2813
f 2813 2111 2791
f 655 753 752
f 752 753 778
f 752 778 777
f 777 778 782
f 777 782 781
f 781 782 737
f 781 737 731
f 731 737 633
f 731 633 600
f 594 683 655
f 655 683 753
f 594 655 524
f 594 524 531
f 532 525 595
f 595 525 647
f 595 647 684
f 684 647 754
f 684 754 755
f 755 754 779
f 755 779 780
f 780 779 783
f 780 783 773
f 773 783 732
f 773 732 742
f 742 732 693
f 693 732 601
f 693 601 614
f 10634 10526 10525
f 10525 10526 10482
f 10525 10482 10481
f 10481 10482 10478
f 10481 10478 10477
f 10477 10478 10527
f 10477 10527 10540
f 10540 10527 10657
f 10540 10657 10684
f 10689 10581 10634
f 10634 10581 10526
f 10689 10634 10764
f 10689 10764 10757
f 10756 10763 10688
f 10688 10763 10642
f 10688 10642 10580
f 10580 10642 10523
f 10580 10523 10524
f 10524 10523 10479
f 10524 10479 10480
f 10480 10479 10476
f 10480 10476 10483
f 10483 10476 10539
f 10483 10539 10528
f 10528 10539 10571
f 10571 10539 10683
f 10571 10683 10673
f 854 1032 2223
f 5098 5100 2223
f 2223 5100 854
f 1101 886 2276
f 5102 5104 2276
f 5102 2276 886
f 5102 886 854
f 5102 854 5100
f 10339 10046 9098
f 6504 6502 9098
f 9098 6502 10339
f 10124 10387 9107
f 6500 6498 9107
f 6500 9107 10387
f 6500 10387 6502
f 6502 10387 10339
f 6166 6168 5981
f 5981 6168 5983
f 6163 6165 5977
f 5977 6165 5980
f 5980 6165 6166
f 5980 6166 5981
f 5671 5673 5447
f 5447 5673 5449
f 5668 5670 5443
f 5443 5670 5446
f 5671 5447 5446
f 5671 5446 5670
f 887 1100 2315
f 5099 5101 2315
f 2315 5101 887
f 2207 855 5103
f 2207 5103 5105
f 1030 855 2207
f 5103 855 5101
f 5101 855 887
f 5448 5672 5450
f 5450 5672 5674
f 5444 5667 5445
f 5445 5667 5669
f 5672 5448 5445
f 5672 5445 5669
f 5982 6167 5984
f 5984 6167 6169
f 5978 6162 5979
f 5979 6162 6164
f 5979 6164 6167
f 5979 6167 5982
f 10389 10131 9116
f 6505 6503 9116
f 9116 6503 10389
f 9115 10340 6501
f 9115 6501 6499
f 10047 10340 9115
f 6501 10340 10389
f 6501 10389 6503
f 5311 5326 5302
f 5311 5302 5312
f 5312 5302 5307
f 5312 5307 5313
f 5240 5233 5234
f 5240 5234 5242
f 5242 5234 5235
f 5242 5235 5213
f 5240 5242 5307
f 5240 5307 5302
f 5237 5238 5239
f 5237 5239 5236
f 5303 5316 5314
f 5303 5314 5327
f 5316 5303 5238
f 5238 5303 5239
f 5309 5315 5308
f 5309 5308 5310
f 5241 5231 5232
f 5241 5232 5212
f 5231 5241 5315
f 5315 5241 5308
f 5865 5870 5869
f 5865 5869 5855
f 5855 5869 5868
f 5855 5868 5880
f 5792 5786 5787
f 5792 5787 5799
f 5799 5787 5788
f 5799 5788 5766
f 5865 5855 5792
f 5865 5792 5799
f 5790 5791 5793
f 5790 5793 5789
f 5856 5873 5871
f 5856 5871 5881
f 5793 5791 5873
f 5793 5873 5856
f 5866 5872 5864
f 5866 5864 5867
f 5798 5784 5785
f 5798 5785 5765
f 5864 5872 5784
f 5864 5784 5798
f 6365 6371 6370
f 6365 6370 6362
f 6362 6370 6369
f 6362 6369 6393
f 6292 6279 6305
f 6292 6305 6291
f 6291 6305 6296
f 6291 6296 6290
f 6365 6362 6296
f 6365 6296 6305
f 6294 6295 6297
f 6294 6297 6293
f 6363 6373 6372
f 6363 6372 6394
f 6297 6295 6373
f 6297 6373 6363
f 6367 6366 6364
f 6367 6364 6368
f 6304 6288 6289
f 6304 6289 6278
f 6364 6366 6288
f 6364 6288 6304
f 10663 10637 10708
f 10663 10708 10720
f 10720 10708 10721
f 10720 10721 10709
f 10709 10721 10664
f 10709 10664 10638
f 10638 10664 10575
f 10638 10575 10567
f 10567 10575 10566
f 10567 10566 10574
f 10574 10566 10637
f 10574 10637 10663
f 10721 10740 10664
f 10664 10740 10615
f 10664 10615 10575
f 10575 10615 10538
f 10575 10538 10566
f 10566 10538 10535
f 10566 10535 10637
f 10637 10535 10620
f 10637 10620 10708
f 10708 10620 10712
f 10708 10712 10772
f 10708 10772 10721
f 10721 10772 10740
f 10538 10615 10554
f 10554 10615 10701
f 10701 10615 10740
f 10772 10765 10740
f 10740 10765 10701
f 10620 10713 10712
f 10712 10713 10760
f 10712 10760 10772
f 10772 10760 10765
f 10620 10592 10713
f 10535 10592 10620
f 10535 10530 10592
f 10538 10554 10530
f 10538 10530 10535
f 10661 10635 10706
f 10661 10706 10718
f 10718 10706 10719
f 10718 10719 10707
f 10707 10719 10662
f 10707 10662 10636
f 10636 10662 10573
f 10636 10573 10565
f 10565 10573 10564
f 10565 10564 10572
f 10572 10564 10635
f 10572 10635 10661
f 10719 10766 10662
f 10662 10766 10682
f 10662 10682 10573
f 10573 10682 10568
f 10573 10568 10536
f 10573 10536 10564
f 10564 10536 10548
f 10564 10548 10635
f 10635 10548 10645
f 10635 10645 10706
f 10706 10645 10745
f 10706 10745 10719
f 10719 10745 10766
f 10568 10682 10639
f 10639 10682 10751
f 10751 10682 10766
f 10745 10773 10766
f 10766 10773 10751
f 10548 10646 10645
f 10645 10646 10724
f 10645 10724 10745
f 10745 10724 10773
f 10548 10552 10646
f 10536 10531 10548
f 10548 10531 10552
f 10639 10561 10568
f 10568 10561 10536
f 10536 10561 10531
f 6354 6374 6250
f 6250 6374 6219
f 6250 6219 6235
f 6235 6219 6203
f 6235 6203 6316
f 6316 6203 6283
f 6316 6283 6415
f 6415 6283 6424
f 6415 6424 6468
f 6415 6468 6431
f 6431 6468 6458
f 6431 6458 6354
f 6354 6458 6374
f 6401 6374 6458
f 6401 6458 6469
f 6469 6458 6468
f 6469 6468 6457
f 6457 6468 6424
f 6457 6424 6361
f 6219 6204 6203
f 6203 6204 6216
f 6203 6216 6283
f 6283 6216 6361
f 6283 6361 6424
f 6374 6401 6258
f 6374 6258 6219
f 6219 6258 6204
f 6380 6383 6256
f 6256 6383 6244
f 6256 6244 6199
f 6256 6199 6241
f 6241 6199 6212
f 6241 6212 6322
f 6322 6212 6287
f 6322 6287 6429
f 6429 6287 6425
f 6429 6425 6470
f 6429 6470 6380
f 6380 6470 6459
f 6380 6459 6383
f 6248 6287 6212
f 6248 6212 6198
f 6198 6212 6199
f 6198 6199 6218
f 6218 6199 6244
f 6425 6465 6470
f 6470 6465 6456
f 6470 6456 6459
f 6459 6456 6383
f 6383 6456 6342
f 6383 6342 6244
f 6244 6342 6218
f 6248 6396 6287
f 6287 6396 6425
f 6425 6396 6465
f 5906 5923 5958
f 5906 5958 5922
f 5922 5958 5942
f 5922 5942 5879
f 5922 5879 5808
f 5808 5879 5739
f 5808 5739 5736
f 5736 5739 5701
f 5736 5701 5709
f 5736 5709 5817
f 5817 5709 5783
f 5817 5783 5906
f 5906 5783 5923
f 5761 5783 5709
f 5761 5709 5710
f 5710 5709 5701
f 5710 5701 5706
f 5706 5701 5739
f 5706 5739 5810
f 5923 5952 5958
f 5958 5952 5936
f 5958 5936 5942
f 5942 5936 5879
f 5879 5936 5810
f 5879 5810 5739
f 5783 5761 5904
f 5783 5904 5923
f 5923 5904 5952
f 5917 5951 5874
f 5917 5874 5802
f 5802 5874 5716
f 5802 5716 5730
f 5730 5716 5704
f 5730 5704 5811
f 5811 5704 5774
f 5811 5774 5907
f 5907 5774 5928
f 5907 5928 5917
f 5917 5928 5951
f 5913 5874 5951
f 5913 5951 5953
f 5953 5951 5928
f 5953 5928 5939
f 5939 5928 5848
f 5716 5705 5704
f 5704 5705 5713
f 5704 5713 5774
f 5774 5713 5848
f 5774 5848 5928
f 5913 5764 5874
f 5874 5764 5716
f 5716 5764 5705
f 5368 5401 5293
f 5293 5401 5317
f 5293 5317 5187
f 5187 5317 5153
f 5187 5153 5174
f 5174 5153 5135
f 5174 5135 5249
f 5249 5135 5219
f 5249 5219 5349
f 5349 5219 5359
f 5349 5359 5411
f 5349 5411 5368
f 5368 5411 5401
f 5352 5317 5401
f 5352 5401 5412
f 5412 5401 5411
f 5412 5411 5394
f 5394 5411 5359
f 5153 5137 5135
f 5135 5137 5150
f 5135 5150 5219
f 5219 5150 5267
f 5219 5267 5359
f 5359 5267 5394
f 5352 5211 5317
f 5317 5211 5153
f 5153 5211 5137
f 5366 5413 5347
f 5347 5413 5402
f 5347 5402 5320
f 5347 5320 5205
f 5205 5320 5161
f 5205 5161 5177
f 5177 5161 5138
f 5177 5138 5247
f 5247 5138 5230
f 5247 5230 5366
f 5366 5230 5361
f 5366 5361 5413
f 5203 5230 5138
f 5203 5138 5148
f 5148 5138 5136
f 5136 5138 5161
f 5136 5161 5246
f 5361 5408 5413
f 5413 5408 5397
f 5413 5397 5402
f 5402 5397 5320
f 5320 5397 5246
f 5320 5246 5161
f 5230 5203 5348
f 5230 5348 5361
f 5361 5348 5408
f 620 628 702
f 702 628 709
f 702 709 691
f 691 709 681
f 691 681 629
f 629 681 621
f 629 621 555
f 555 621 554
f 555 554 620
f 620 554 628
f 621 642 539
f 621 539 554
f 554 539 522
f 554 522 628
f 628 522 603
f 628 603 709
f 709 603 704
f 709 704 743
f 709 743 681
f 681 743 726
f 681 726 621
f 621 726 642
f 704 603 661
f 661 603 533
f 533 603 522
f 539 518 522
f 522 518 533
f 726 643 642
f 642 643 556
f 642 556 539
f 539 556 518
f 726 730 643
f 743 730 726
f 743 736 730
f 704 661 736
f 704 736 743
f 619 627 703
f 703 627 708
f 703 708 692
f 692 708 682
f 692 682 604
f 604 682 592
f 604 592 559
f 559 592 561
f 559 561 619
f 619 561 627
f 592 666 569
f 592 569 519
f 592 519 561
f 561 519 546
f 561 546 627
f 627 546 668
f 627 668 708
f 708 668 733
f 708 733 744
f 708 744 682
f 682 744 666
f 682 666 592
f 733 668 717
f 717 668 584
f 584 668 546
f 519 523 546
f 546 523 584
f 666 570 569
f 569 570 528
f 569 528 519
f 519 528 523
f 666 675 570
f 744 675 666
f 744 746 675
f 733 717 746
f 733 746 744
f 5357 5448 5431
f 5357 5431 5390
f 5357 5390 5244
f 5244 5390 5242
f 5244 5242 5158
f 5244 5158 5173
f 5173 5158 5120
f 5173 5120 5101
f 5173 5101 5220
f 5220 5101 5122
f 5220 5122 5159
f 5220 5159 5303
f 5220 5303 5351
f 5351 5303 5392
f 5351 5392 5432
f 5351 5432 5357
f 5357 5432 5448
f 5331 5429 5367
f 5367 5429 5447
f 5367 5447 5428
f 5367 5428 5262
f 5262 5428 5387
f 5262 5387 5241
f 5262 5241 5155
f 5262 5155 5171
f 5171 5155 5117
f 5171 5117 5100
f 5171 5100 5192
f 5192 5100 5119
f 5192 5119 5156
f 5192 5156 5331
f 5331 5156 5302
f 5331 5302 5389
f 5331 5389 5429
f 5916 5981 5963
f 5916 5963 5929
f 5916 5929 5801
f 5801 5929 5798
f 5801 5798 5717
f 5801 5717 5731
f 5731 5717 5683
f 5731 5683 5670
f 5731 5670 5685
f 5731 5685 5812
f 5812 5685 5718
f 5812 5718 5855
f 5812 5855 5908
f 5908 5855 5931
f 5908 5931 5964
f 5908 5964 5916
f 5916 5964 5981
f 5924 5934 5967
f 5924 5967 5982
f 5924 5982 5902
f 5902 5982 5966
f 5902 5966 5932
f 5902 5932 5806
f 5806 5932 5799
f 5806 5799 5720
f 5806 5720 5737
f 5737 5720 5686
f 5737 5686 5669
f 5737 5669 5688
f 5737 5688 5818
f 5818 5688 5721
f 5818 5721 5856
f 5818 5856 5924
f 5924 5856 5934
f 6436 6487 6359
f 6359 6487 6450
f 6359 6450 6305
f 6359 6305 6255
f 6255 6305 6223
f 6255 6223 6186
f 6255 6186 6245
f 6245 6186 6164
f 6245 6164 6188
f 6245 6188 6224
f 6245 6224 6400
f 6400 6224 6363
f 6400 6363 6452
f 6400 6452 6488
f 6400 6488 6436
f 6436 6488 6503
f 6436 6503 6487
f 6430 6484 6353
f 6353 6484 6447
f 6353 6447 6304
f 6353 6304 6249
f 6249 6304 6220
f 6249 6220 6183
f 6249 6183 6236
f 6236 6183 6165
f 6236 6165 6185
f 6236 6185 6317
f 6317 6185 6221
f 6317 6221 6362
f 6317 6362 6416
f 6416 6362 6449
f 6416 6449 6485
f 6416 6485 6430
f 6430 6485 6502
f 6430 6502 6484
# 10801 vertices
# 490 texture params
# 490 normals
# 21542 facets

# 11 groups
