# WaveFront *.obj file (generated by Autodesk ATF)

mtllib base_link.mtl

g shell1

v -0.800000 -32.490152 98.700000
v -0.800000 -32.490152 98.000000
v -0.800000 -33.334386 98.000000
v -0.800000 -35.351905 96.386423
v -0.800000 -37.491466 94.675188
v -0.800000 -37.491466 14.000000
v -0.800000 -37.590462 13.502471
v -0.800000 -37.872356 13.080717
v -0.800000 -38.294196 12.798940
v -0.800000 -38.791752 12.700000
v -0.800000 -47.461522 12.700000
v -0.800000 -47.700000 12.461522
v -0.800000 -47.700000 -0.000000
v -0.800000 -48.400000 -0.000000
v -0.800000 -48.400000 12.751472
v -0.800000 -47.751472 13.400000
v -0.800000 -38.200000 13.400000
v -0.800000 -38.200000 95.011625
v -0.800000 -33.589531 98.700000
v 0.100000 -38.200000 95.011625
v 0.100000 -33.589531 98.700000
v 0.100000 -32.499846 98.700000
v -0.200026 -32.499384 98.700000
v -0.500034 -32.496153 98.700000
v 0.100000 -32.499846 99.300000
v 0.100000 -38.200000 13.400000
v 0.100000 -47.751472 13.400000
v 0.100000 -48.400000 12.751472
v 0.100000 -48.400000 -0.000000
v 0.100000 -49.000000 -0.000000
v 0.100000 -49.000000 13.000000
v 0.100000 -48.000000 14.000000
v 0.100000 -38.799871 14.000000
v 0.100000 -38.799871 95.300000
v 0.100000 -33.799852 99.300000
v 3.864971 -32.269366 99.300000
v 7.577879 -31.604205 99.300000
v 11.188710 -30.513321 99.300000
v 14.648824 -29.011411 99.300000
v 17.911613 -27.118704 99.300000
v 20.933125 -24.860698 99.300000
v 23.672659 -22.267807 99.300000
v 26.093312 -19.374960 99.300000
v 28.162478 -16.221124 99.300000
v 29.852283 -12.848783 99.300000
v 31.139965 -9.303363 99.300000
v 32.008180 -5.632623 99.300000
v 32.445230 -1.886009 99.300000
v 32.445230 1.886009 99.300000
v 32.008180 5.632623 99.300000
v 31.139965 9.303363 99.300000
v 29.852283 12.848783 99.300000
v 28.162478 16.221124 99.300000
v 26.093312 19.374960 99.300000
v 23.672659 22.267807 99.300000
v 20.933125 24.860698 99.300000
v 17.911613 27.118704 99.300000
v 14.648824 29.011411 99.300000
v 11.188710 30.513321 99.300000
v 7.577879 31.604205 99.300000
v 3.864971 32.269366 99.300000
v 0.100000 32.499846 99.300000
v 0.100000 32.499846 98.700000
v -0.200026 32.499384 98.700000
v -0.500034 32.496153 98.700000
v -0.800000 32.490152 98.700000
v -0.800000 32.490152 98.000000
v 2.899698 32.370384 98.000000
v 6.561780 31.830693 98.000000
v 10.138741 30.878082 98.000000
v 13.584177 29.524907 98.000000
v 16.853393 27.788723 98.000000
v 19.903981 25.692052 98.000000
v 22.696365 23.262094 98.000000
v 25.194323 20.530369 98.000000
v 27.365450 17.532317 98.000000
v 29.181581 14.306828 98.000000
v 30.619157 10.895744 98.000000
v 31.659528 7.343317 98.000000
v 32.289198 3.695629 98.000000
v 32.500000 -0.000000 98.000000
v 32.289198 -3.695629 98.000000
v 31.659528 -7.343317 98.000000
v 30.619157 -10.895744 98.000000
v 29.181581 -14.306828 98.000000
v 27.365450 -17.532317 98.000000
v 25.194323 -20.530369 98.000000
v 22.696365 -23.262094 98.000000
v 19.903981 -25.692052 98.000000
v 16.853393 -27.788723 98.000000
v 13.584177 -29.524907 98.000000
v 10.138741 -30.878082 98.000000
v 6.561780 -31.830693 98.000000
v 2.899698 -32.370384 98.000000
v 3.876658 -33.576949 99.300000
v 7.604749 -32.933384 99.300000
v 11.237564 -31.877220 99.300000
v 14.729593 -30.421688 99.300000
v 18.037084 -28.585024 99.300000
v 21.118601 -26.390238 99.300000
v 23.935538 -23.864828 99.300000
v 26.452604 -21.040431 99.300000
v 28.638263 -17.952434 99.300000
v 30.465134 -14.639523 99.300000
v 31.910328 -11.143204 99.300000
v 32.955739 -7.507279 99.300000
v 33.588272 -3.777301 99.300000
v 33.800000 0.000000 99.300000
v 33.588272 3.777301 99.300000
v 32.955739 7.507279 99.300000
v 31.910328 11.143204 99.300000
v 30.465134 14.639523 99.300000
v 28.638263 17.952434 99.300000
v 26.452604 21.040431 99.300000
v 23.935538 23.864828 99.300000
v 21.118601 26.390238 99.300000
v 18.037084 28.585024 99.300000
v 14.729593 30.421688 99.300000
v 11.237564 31.877220 99.300000
v 7.604749 32.933384 99.300000
v 3.876658 33.576949 99.300000
v 0.100000 33.799852 99.300000
v 4.148515 -38.577582 95.300000
v 8.151726 -37.934013 95.300000
v 12.065918 -36.876193 95.300000
v 15.848347 -35.415673 95.300000
v 19.457706 -33.568403 95.300000
v 22.854582 -31.354555 95.300000
v 26.001877 -28.798305 95.300000
v 28.865224 -25.927569 95.300000
v 31.413354 -22.773695 95.300000
v 33.618440 -19.371125 95.300000
v 35.456402 -15.757017 95.300000
v 36.907168 -11.970837 95.300000
v 37.954897 -8.053931 95.300000
v 38.588146 -4.049074 95.300000
v 38.800000 -0.000000 95.300000
v 38.588146 4.049074 95.300000
v 37.954897 8.053931 95.300000
v 36.907168 11.970837 95.300000
v 35.456402 15.757017 95.300000
v 33.618440 19.371125 95.300000
v 31.413354 22.773695 95.300000
v 28.865224 25.927569 95.300000
v 26.001877 28.798305 95.300000
v 22.854582 31.354555 95.300000
v 19.457706 33.568403 95.300000
v 15.848347 35.415673 95.300000
v 12.065918 36.876193 95.300000
v 8.151726 37.934013 95.300000
v 4.148515 38.577582 95.300000
v 0.100000 38.799871 95.300000
v 4.148515 -38.577582 14.000000
v 8.151726 -37.934013 14.000000
v 12.065918 -36.876193 14.000000
v 15.848347 -35.415673 14.000000
v 19.457706 -33.568403 14.000000
v 22.854582 -31.354555 14.000000
v 26.001877 -28.798305 14.000000
v 28.865224 -25.927569 14.000000
v 31.413354 -22.773695 14.000000
v 33.618440 -19.371125 14.000000
v 35.456402 -15.757017 14.000000
v 36.907168 -11.970837 14.000000
v 37.954897 -8.053931 14.000000
v 38.588146 -4.049074 14.000000
v 38.800000 0.000000 14.000000
v 38.588146 4.049074 14.000000
v 37.954897 8.053931 14.000000
v 36.907168 11.970837 14.000000
v 35.456402 15.757017 14.000000
v 33.618440 19.371125 14.000000
v 31.413354 22.773695 14.000000
v 28.865224 25.927569 14.000000
v 26.001877 28.798305 14.000000
v 22.854582 31.354555 14.000000
v 19.457706 33.568403 14.000000
v 15.848347 35.415673 14.000000
v 12.065918 36.876193 14.000000
v 8.151726 37.934013 14.000000
v 4.148515 38.577582 14.000000
v 0.100000 38.799871 14.000000
v 38.800000 0.000000 53.000000
v 38.788200 -0.956830 53.190351
v 38.759708 -1.767767 53.732233
v 38.731196 -2.309649 54.543171
v 38.719375 -2.500000 55.500000
v 38.731196 -2.309649 56.456829
v 38.759708 -1.767767 57.267767
v 38.788200 -0.956830 57.809649
v 38.800000 -0.000000 58.000000
v 38.788200 0.956830 57.809649
v 38.759708 1.767767 57.267767
v 38.731196 2.309649 56.456829
v 38.719375 2.500000 55.500000
v 38.731196 2.309649 54.543171
v 38.759708 1.767767 53.732233
v 38.788200 0.956830 53.190351
v 0.100000 48.000000 14.000000
v 0.100000 49.000000 13.000000
v 0.100000 49.000000 -0.000000
v 0.100000 48.400000 -0.000000
v 0.100000 48.400000 12.751472
v 0.100000 47.751472 13.400000
v 0.100000 38.200000 13.400000
v 0.100000 38.200000 95.011625
v 0.100000 33.589531 98.700000
v 24.000000 49.000000 13.000000
v 24.000000 49.000000 -0.000000
v 24.000000 48.000000 14.000000
v 24.000000 -48.000000 14.000000
v 28.333986 -47.889775 14.000000
v 30.546305 -47.638033 14.000000
v 32.905454 -47.121439 14.000000
v 34.159572 -46.724168 14.000000
v 35.454413 -46.211757 14.000000
v 38.080528 -44.815451 14.000000
v 40.404175 -43.114525 14.000000
v 42.377290 -41.238269 14.000000
v 43.993396 -39.285305 14.000000
v 45.317406 -37.239168 14.000000
v 46.372239 -35.076348 14.000000
v 47.148117 -32.806820 14.000000
v 47.640221 -30.531020 14.000000
v 47.891052 -28.318905 14.000000
v 48.000000 -24.000000 14.000000
v 48.000000 24.000000 14.000000
v 47.890313 28.333410 14.000000
v 47.637979 30.546360 14.000000
v 47.120955 32.906059 14.000000
v 46.723703 34.160165 14.000000
v 46.211383 35.454829 14.000000
v 44.816274 38.079982 14.000000
v 43.114750 40.404570 14.000000
v 41.238088 42.377778 14.000000
v 39.286887 43.992690 14.000000
v 37.237556 45.318058 14.000000
v 35.075153 46.372843 14.000000
v 32.806541 47.148301 14.000000
v 30.530129 47.640617 14.000000
v 28.318787 47.891130 14.000000
v 35.600000 -0.000000 50.500000
v 35.600000 -1.473776 50.722136
v 35.600000 -2.816600 51.368806
v 35.600000 -3.909157 52.382551
v 35.600000 -4.654369 53.673295
v 35.600000 -4.986019 55.126350
v 35.600000 -4.874640 56.612605
v 35.600000 -4.330127 58.000000
v 35.600000 -3.400864 59.165259
v 35.600000 -2.169419 60.004844
v 35.600000 -0.745211 60.444154
v 35.600000 0.745211 60.444154
v 35.600000 2.169419 60.004844
v 35.600000 3.400864 59.165259
v 35.600000 4.330127 58.000000
v 35.600000 4.874640 56.612605
v 35.600000 4.986019 55.126350
v 35.600000 4.654369 53.673295
v 35.600000 3.909157 52.382551
v 35.600000 2.816600 51.368806
v 35.600000 1.473776 50.722136
v 35.600000 -0.000000 54.150000
v 35.600000 0.675000 54.330866
v 35.600000 1.169134 54.825000
v 35.600000 1.350000 55.500000
v 35.600000 1.169134 56.175000
v 35.600000 0.675000 56.669134
v 35.600000 0.000000 56.850000
v 35.600000 -0.675000 56.669134
v 35.600000 -1.169134 56.175000
v 35.600000 -1.350000 55.500000
v 35.600000 -1.169134 54.825000
v 35.600000 -0.675000 54.330866
v 37.500000 0.000000 60.500000
v 37.487355 0.962023 60.405202
v 37.451099 1.914466 60.118963
v 37.395974 2.789634 59.647836
v 37.332960 3.535548 59.035519
v 37.269834 4.147856 58.289605
v 37.214448 4.618971 57.414446
v 37.177929 4.905203 56.462017
v 37.165172 5.000000 55.500000
v 37.177929 4.905203 54.537983
v 37.214448 4.618971 53.585554
v 37.269834 4.147856 52.710395
v 37.332960 3.535548 51.964481
v 37.395974 2.789634 51.352164
v 37.451099 1.914466 50.881037
v 37.487355 0.962023 50.594798
v 37.500000 0.000000 50.500000
v 37.487355 -0.962023 50.594798
v 37.451099 -1.914466 50.881037
v 37.395974 -2.789634 51.352164
v 37.332960 -3.535548 51.964481
v 37.269834 -4.147856 52.710395
v 37.214448 -4.618971 53.585554
v 37.177929 -4.905203 54.537983
v 37.165172 -5.000000 55.500000
v 37.177929 -4.905203 56.462017
v 37.214448 -4.618971 57.414446
v 37.269834 -4.147856 58.289605
v 37.332960 -3.535548 59.035519
v 37.395974 -2.789634 59.647836
v 37.451099 -1.914466 60.118963
v 37.487355 -0.962023 60.405202
v 37.100000 -0.000000 53.000000
v 37.100000 1.016842 53.216136
v 37.100000 1.857862 53.827173
v 37.100000 2.377641 54.727458
v 37.100000 2.486305 55.761321
v 37.100000 2.165064 56.750000
v 37.100000 1.469463 57.522542
v 37.100000 0.519779 57.945369
v 37.100000 -0.519779 57.945369
v 37.100000 -1.469463 57.522542
v 37.100000 -2.165064 56.750000
v 37.100000 -2.486305 55.761321
v 37.100000 -2.377641 54.727458
v 37.100000 -1.857862 53.827173
v 37.100000 -1.016842 53.216136
v 37.100000 -0.000000 54.150000
v 37.100000 -0.675000 54.330866
v 37.100000 -1.169134 54.825000
v 37.100000 -1.350000 55.500000
v 37.100000 -1.169134 56.175000
v 37.100000 -0.675000 56.669134
v 37.100000 0.000000 56.850000
v 37.100000 0.675000 56.669134
v 37.100000 1.169134 56.175000
v 37.100000 1.350000 55.500000
v 37.100000 1.169134 54.825000
v 37.100000 0.675000 54.330866
v 24.000000 -47.700000 12.461522
v 24.000000 -47.700000 -0.000000
v 47.700000 -24.000000 12.461522
v 47.700000 -24.000000 -0.000000
v 47.678311 -26.412931 -0.000000
v 47.554912 -28.756513 -0.000000
v 47.245198 -31.049828 -0.000000
v 46.692990 -33.300120 -0.000000
v 45.858887 -35.507391 -0.000000
v 44.724965 -37.654303 -0.000000
v 43.298985 -39.702709 -0.000000
v 41.604379 -41.606357 -0.000000
v 39.701687 -43.300979 -0.000000
v 37.654544 -44.725645 -0.000000
v 35.508555 -45.858007 -0.000000
v 33.301268 -46.691851 -0.000000
v 31.050238 -47.245005 -0.000000
v 28.756359 -47.555413 -0.000000
v 26.412799 -47.678600 -0.000000
v 26.412799 -47.678600 12.461522
v 28.756359 -47.555413 12.461522
v 31.050238 -47.245005 12.461522
v 33.301268 -46.691851 12.461522
v 35.508555 -45.858007 12.461522
v 37.654544 -44.725645 12.461522
v 39.701687 -43.300979 12.461522
v 41.604379 -41.606357 12.461522
v 43.298985 -39.702709 12.461522
v 44.724965 -37.654303 12.461522
v 45.858887 -35.507391 12.461522
v 46.692990 -33.300120 12.461522
v 47.245198 -31.049828 12.461522
v 47.554912 -28.756513 12.461522
v 47.678311 -26.412931 12.461522
v 47.700000 24.000000 12.461522
v 47.700000 24.000000 -0.000000
v 24.000000 47.700000 12.461522
v 24.000000 47.700000 -0.000000
v 26.412931 47.678311 -0.000000
v 28.756513 47.554912 -0.000000
v 31.049828 47.245198 -0.000000
v 33.300120 46.692990 -0.000000
v 35.507391 45.858887 -0.000000
v 37.654303 44.724965 -0.000000
v 39.702709 43.298985 -0.000000
v 41.606357 41.604379 -0.000000
v 43.300979 39.701687 -0.000000
v 44.725645 37.654544 -0.000000
v 45.858007 35.508555 -0.000000
v 46.691851 33.301268 -0.000000
v 47.245005 31.050238 -0.000000
v 47.555413 28.756359 -0.000000
v 47.678600 26.412799 -0.000000
v 47.678600 26.412799 12.461522
v 47.555413 28.756359 12.461522
v 47.245005 31.050238 12.461522
v 46.691851 33.301268 12.461522
v 45.858007 35.508555 12.461522
v 44.725645 37.654544 12.461522
v 43.300979 39.701687 12.461522
v 41.606357 41.604379 12.461522
v 39.702709 43.298985 12.461522
v 37.654303 44.724965 12.461522
v 35.507391 45.858887 12.461522
v 33.300120 46.692990 12.461522
v 31.049828 47.245198 12.461522
v 28.756513 47.554912 12.461522
v 26.412931 47.678311 12.461522
v 24.000000 -47.461522 12.700000
v 28.294286 -47.352747 12.700000
v 30.461012 -47.106334 12.700000
v 32.759810 -46.603046 12.700000
v 33.979471 -46.216702 12.700000
v 35.238269 -45.718550 12.700000
v 37.793190 -44.360029 12.700000
v 40.057826 -42.702233 12.700000
v 41.983009 -40.871529 12.700000
v 43.559181 -38.966863 12.700000
v 44.848670 -36.974130 12.700000
v 45.874572 -34.870714 12.700000
v 46.628987 -32.663856 12.700000
v 47.108461 -30.446106 12.700000
v 47.353988 -28.279493 12.700000
v 47.461522 -24.000000 12.700000
v 47.574234 -25.621402 12.580528
v 37.144030 -44.889756 12.580528
v 28.097836 -47.486167 12.580528
v 30.165003 -47.272586 12.580528
v 32.337065 -46.839918 12.580528
v 34.679187 -46.081608 12.580528
v 35.905573 -45.542518 12.580528
v 39.414390 -43.373405 12.580528
v 41.376346 -41.665250 12.580528
v 43.017075 -39.865330 12.580528
v 44.369132 -37.998814 12.580528
v 45.478570 -36.037300 12.580528
v 46.345295 -33.972687 12.580528
v 46.960752 -31.836372 12.580528
v 47.331052 -29.732627 12.580528
v 47.512261 -27.667948 12.580528
v 47.461522 24.000000 12.700000
v 47.353987 28.293490 12.700000
v 47.106268 30.460964 12.700000
v 46.603332 32.760369 12.700000
v 46.215799 33.980174 12.700000
v 45.717960 35.238705 12.700000
v 44.360611 37.792680 12.700000
v 42.702449 40.058199 12.700000
v 40.871367 41.983474 12.700000
v 38.968356 43.558505 12.700000
v 36.972791 44.849261 12.700000
v 34.869527 45.875172 12.700000
v 32.663423 46.629211 12.700000
v 30.445204 47.108865 12.700000
v 28.279284 47.354094 12.700000
v 24.000000 47.461522 12.700000
v 25.621370 47.574232 12.580524
v 44.890177 37.143606 12.580524
v 47.487435 28.097029 12.580524
v 47.272719 30.164811 12.580524
v 46.840201 32.337578 12.580524
v 46.080610 34.679850 12.580524
v 45.542387 35.905739 12.580524
v 43.373892 39.414454 12.580524
v 41.664910 41.377031 12.580524
v 39.866289 43.016808 12.580524
v 37.999184 44.368914 12.580524
v 36.035155 45.479574 12.580524
v 33.972296 46.345539 12.580524
v 31.835528 46.961135 12.580524
v 29.731893 47.331372 12.580524
v 27.667813 47.512319 12.580524
v 49.000000 24.000000 13.000000
v 48.887594 28.407082 13.000000
v 48.625356 30.704758 13.000000
v 48.083636 33.176579 13.000000
v 47.666099 34.494675 13.000000
v 47.127297 35.856271 13.000000
v 46.449015 37.255163 13.000000
v 45.662076 38.613605 13.000000
v 43.880433 41.047805 13.000000
v 41.919042 43.110044 13.000000
v 39.878395 44.799010 13.000000
v 37.729257 46.188654 13.000000
v 35.456995 47.297067 13.000000
v 33.072299 48.112306 13.000000
v 30.687829 48.628132 13.000000
v 28.392131 48.888460 13.000000
v 25.634871 48.493296 13.500000
v 45.688245 37.599567 13.500000
v 48.403706 28.158559 13.500000
v 48.182094 30.297184 13.500000
v 47.730119 32.564007 13.500000
v 46.935687 35.017942 13.500000
v 46.371012 36.303146 13.500000
v 44.103876 39.972906 13.500000
v 42.322159 42.019316 13.500000
v 40.447611 43.728669 13.500000
v 38.497934 45.140702 13.500000
v 36.442092 46.303459 13.500000
v 34.280334 47.211417 13.500000
v 32.042691 47.856494 13.500000
v 29.851060 48.242601 13.500000
v 27.720973 48.429886 13.500000
v 49.000000 -24.000000 13.000000
v 24.000000 -49.000000 13.000000
v 28.407729 -48.887069 13.000000
v 30.704705 -48.625440 13.000000
v 33.175929 -48.084139 13.000000
v 34.494042 -47.666575 13.000000
v 35.855822 -47.127681 13.000000
v 37.255383 -46.448728 13.000000
v 38.614173 -45.661190 13.000000
v 41.047403 -43.880156 13.000000
v 43.109528 -41.919297 13.000000
v 44.799786 -39.876645 13.000000
v 46.187901 -37.731339 13.000000
v 47.296447 -35.458226 13.000000
v 48.112169 -33.072352 13.000000
v 48.627717 -30.688770 13.000000
v 48.888402 -28.392148 13.000000
v 48.493316 -25.634794 13.500000
v 37.600045 -45.687637 13.500000
v 28.159177 -48.403168 13.500000
v 30.297266 -48.182044 13.500000
v 32.563418 -47.730600 13.500000
v 35.017386 -46.936143 13.500000
v 36.302973 -46.371154 13.500000
v 39.972878 -44.103231 13.500000
v 42.018610 -42.322555 13.500000
v 43.728996 -40.446509 13.500000
v 45.140940 -38.497651 13.500000
v 46.302370 -36.444646 13.500000
v 47.211258 -34.280399 13.500000
v 47.856147 -32.043402 13.500000
v 48.242303 -29.851702 13.500000
v 48.429870 -27.720921 13.500000
v 49.000000 24.000000 -0.000000
v 48.851225 28.871725 -0.000000
v 48.522884 31.288576 -0.000000
v 47.933811 33.684883 -0.000000
v 47.043615 36.042173 -0.000000
v 45.835521 38.330797 -0.000000
v 44.320974 40.507751 -0.000000
v 42.525650 42.524459 -0.000000
v 40.508155 44.319814 -0.000000
v 38.330349 45.835739 -0.000000
v 36.041234 47.045357 -0.000000
v 33.684088 47.935483 -0.000000
v 31.288348 48.523118 -0.000000
v 28.871887 48.850503 -0.000000
v 49.000000 -24.000000 -0.000000
v 24.000000 -49.000000 -0.000000
v 28.871725 -48.851225 -0.000000
v 31.288576 -48.522884 -0.000000
v 33.684883 -47.933811 -0.000000
v 36.042173 -47.043615 -0.000000
v 38.330797 -45.835521 -0.000000
v 40.507751 -44.320974 -0.000000
v 42.524459 -42.525650 -0.000000
v 44.319814 -40.508155 -0.000000
v 45.835739 -38.330349 -0.000000
v 47.045357 -36.041234 -0.000000
v 47.935483 -33.684088 -0.000000
v 48.523118 -31.288348 -0.000000
v 48.850503 -28.871887 -0.000000
v -0.800000 33.589531 98.700000
v -0.800000 38.200000 95.011625
v -0.800000 38.200000 13.400000
v -0.800000 47.751472 13.400000
v -0.800000 48.400000 12.751472
v -0.800000 48.400000 -0.000000
v -0.800000 47.700000 -0.000000
v -0.800000 47.700000 12.461522
v -0.800000 47.461522 12.700000
v -0.800000 38.791752 12.700000
v -0.800000 38.294196 12.798940
v -0.800000 37.872356 13.080717
v -0.800000 37.590462 13.502471
v -0.800000 37.491466 14.000000
v -0.800000 37.491466 94.675188
v -0.800000 35.351905 96.386423
v -0.800000 33.334386 98.000000
v 3.312370 38.658352 12.700000
v 7.387491 38.090221 12.700000
v 11.379536 37.093748 12.700000
v 15.243613 35.680138 12.700000
v 18.936269 33.865288 12.700000
v 22.415977 31.669607 12.700000
v 25.643606 29.117786 12.700000
v 28.582862 26.238522 12.700000
v 31.200689 23.064193 12.700000
v 33.467650 19.630496 12.700000
v 35.358252 15.976046 12.700000
v 36.851233 12.141937 12.700000
v 37.929805 8.171286 12.700000
v 38.581838 4.108745 12.700000
v 38.800000 0.000000 12.700000
v 38.581838 -4.108745 12.700000
v 37.929805 -8.171286 12.700000
v 36.851233 -12.141937 12.700000
v 35.358252 -15.976046 12.700000
v 33.467650 -19.630496 12.700000
v 31.200689 -23.064193 12.700000
v 28.582862 -26.238522 12.700000
v 25.643606 -29.117786 12.700000
v 22.415977 -31.669607 12.700000
v 18.936269 -33.865288 12.700000
v 15.243613 -35.680138 12.700000
v 11.379536 -37.093748 12.700000
v 7.387491 -38.090221 12.700000
v 3.312370 -38.658352 12.700000
v 3.313194 -37.353350 14.000000
v 7.386484 -36.765335 14.000000
v 11.370807 -35.734504 14.000000
v 15.218175 -34.273271 14.000000
v 18.882250 -32.399238 14.000000
v 22.318899 -30.134975 14.000000
v 25.486731 -27.507754 14.000000
v 28.347590 -24.549219 14.000000
v 30.867019 -21.295003 14.000000
v 33.014673 -17.784301 14.000000
v 34.764685 -14.059398 14.000000
v 36.095977 -10.165158 14.000000
v 36.992515 -6.148485 14.000000
v 37.443499 -2.057756 14.000000
v 37.443499 2.057756 14.000000
v 36.992515 6.148485 14.000000
v 36.095977 10.165158 14.000000
v 34.764685 14.059398 14.000000
v 33.014673 17.784301 14.000000
v 30.867019 21.295003 14.000000
v 28.347590 24.549219 14.000000
v 25.486731 27.507754 14.000000
v 22.318899 30.134975 14.000000
v 18.882250 32.399238 14.000000
v 15.218175 34.273271 14.000000
v 11.370807 35.734504 14.000000
v 7.386484 36.765335 14.000000
v 3.313194 37.353350 14.000000
v 3.199559 -37.538056 13.350000
v 3.248425 38.011449 12.874167
v 3.199559 37.538056 13.350000
v 7.255996 37.453612 12.874167
v 7.157855 36.987944 13.350000
v 11.181946 36.474465 12.874167
v 11.035610 36.021635 13.350000
v 14.982112 35.085023 12.874167
v 14.789190 34.650003 13.350000
v 18.613747 33.300915 12.874167
v 18.376359 32.888483 13.350000
v 22.035999 31.142210 12.874167
v 21.756753 30.756895 13.350000
v 25.210371 28.633192 12.874167
v 24.892336 28.279223 13.350000
v 28.101156 25.802084 12.874167
v 27.747825 25.483349 13.350000
v 30.675835 22.680732 12.874167
v 30.291090 22.400730 13.350000
v 32.905447 19.304249 12.874167
v 32.493514 19.066054 13.350000
v 34.764912 15.710615 12.874167
v 34.330314 15.516843 13.350000
v 36.233311 11.940255 12.874167
v 35.780822 11.793033 13.350000
v 37.294127 8.035581 12.874167
v 36.828717 7.936526 13.350000
v 37.935428 4.040516 12.874167
v 37.462208 3.990715 13.350000
v 38.150000 0.000000 12.874167
v 37.674167 -0.000000 13.350000
v 37.935428 -4.040516 12.874167
v 37.462208 -3.990715 13.350000
v 37.294127 -8.035581 12.874167
v 36.828717 -7.936526 13.350000
v 36.233311 -11.940255 12.874167
v 35.780822 -11.793033 13.350000
v 34.764912 -15.710615 12.874167
v 34.330314 -15.516843 13.350000
v 32.905447 -19.304249 12.874167
v 32.493514 -19.066054 13.350000
v 30.675835 -22.680732 12.874167
v 30.291090 -22.400730 13.350000
v 28.101156 -25.802084 12.874167
v 27.747825 -25.483349 13.350000
v 25.210371 -28.633192 12.874167
v 24.892336 -28.279223 13.350000
v 22.035999 -31.142210 12.874167
v 21.756753 -30.756895 13.350000
v 18.613747 -33.300915 12.874167
v 18.376359 -32.888483 13.350000
v 14.982112 -35.085023 12.874167
v 14.789190 -34.650003 13.350000
v 11.181946 -36.474465 12.874167
v 11.035610 -36.021635 13.350000
v 7.255996 -37.453612 12.874167
v 7.157855 -36.987944 13.350000
v 3.248425 -38.011449 12.874167
v 3.313194 -37.353350 94.675188
v 7.386484 -36.765335 94.675188
v 11.370807 -35.734504 94.675188
v 15.218175 -34.273271 94.675188
v 18.882250 -32.399238 94.675188
v 22.318899 -30.134975 94.675188
v 25.486731 -27.507754 94.675188
v 28.347590 -24.549219 94.675188
v 30.867019 -21.295003 94.675188
v 33.014673 -17.784301 94.675188
v 34.764685 -14.059398 94.675188
v 36.095977 -10.165158 94.675188
v 36.992515 -6.148485 94.675188
v 37.443499 -2.057756 94.675188
v 37.443499 2.057756 94.675188
v 36.992515 6.148485 94.675188
v 36.095977 10.165158 94.675188
v 34.764685 14.059398 94.675188
v 33.014673 17.784301 94.675188
v 30.867019 21.295003 94.675188
v 28.347590 24.549219 94.675188
v 25.486731 27.507754 94.675188
v 22.318899 30.134975 94.675188
v 18.882250 32.399238 94.675188
v 15.218175 34.273271 94.675188
v 11.370807 35.734504 94.675188
v 7.386484 36.765335 94.675188
v 3.313194 37.353350 94.675188
v 2.994219 -33.209275 98.000000
v 6.749626 -32.653696 98.000000
v 10.417543 -31.674850 98.000000
v 13.950424 -30.285425 98.000000
v 17.302476 -28.503432 98.000000
v 20.430248 -26.351969 98.000000
v 23.293198 -23.858924 98.000000
v 25.854214 -21.056613 98.000000
v 28.080100 -17.981359 98.000000
v 29.942004 -14.673027 98.000000
v 31.415791 -11.174498 98.000000
v 32.482357 -7.531122 98.000000
v 33.127877 -3.790125 98.000000
v 33.343985 -0.000000 98.000000
v 33.127877 3.790125 98.000000
v 32.482357 7.531122 98.000000
v 31.415791 11.174498 98.000000
v 29.942004 14.673027 98.000000
v 28.080100 17.981359 98.000000
v 25.854214 21.056613 98.000000
v 23.293198 23.858924 98.000000
v 20.430248 26.351969 98.000000
v 17.302476 28.503432 98.000000
v 13.950424 30.285425 98.000000
v 10.417543 31.674850 98.000000
v 6.749626 32.653696 98.000000
v 2.994219 33.209275 98.000000
vt -0.800985 4.860000 0.000000
vt -0.716561 4.860000 0.000000
vt -0.800985 4.930000 0.000000
vt -0.691047 4.930000 0.000000
vt -0.514809 4.698642 0.000000
vt -0.230000 4.561163 0.000000
vt -0.300853 4.527519 0.000000
vt -0.300853 -3.540000 0.000000
vt -0.290954 -3.589753 0.000000
vt -0.262764 -3.631928 0.000000
vt -0.230000 -3.600000 0.000000
vt -0.220580 -3.660106 0.000000
vt -0.170825 -3.670000 0.000000
vt 0.725147 -3.600000 0.000000
vt 0.696152 -3.670000 0.000000
vt 0.720000 -3.693848 0.000000
vt 0.720000 -4.940000 0.000000
vt 0.790000 -4.940000 0.000000
vt 0.790000 -3.664853 0.000000
vt 0.590428 0.010000 0.000000
vt -0.000000 0.010000 0.000000
vt 0.590428 -0.080000 0.000000
vt 0.000000 -0.080000 0.000000
vt 0.108953 0.010000 0.000000
vt -0.000062 -0.020003 0.000000
vt 0.108953 -0.080000 0.000000
vt -0.000385 -0.050003 0.000000
vt -0.000985 -0.080000 0.000000
vt -0.000015 0.010000 0.000000
vt -4.905000 -0.825015 0.000000
vt -4.905000 -0.716047 0.000000
vt -4.965000 -0.825015 0.000000
vt -4.965000 -0.695015 0.000000
vt -4.536163 -0.255000 0.000000
vt -4.565000 -0.195013 0.000000
vt 3.565000 -0.195013 0.000000
vt 3.625000 -0.255000 0.000000
vt 3.625000 0.700147 0.000000
vt 3.565000 0.725000 0.000000
vt 3.689853 0.765000 0.000000
vt 3.665000 0.825000 0.000000
vt 4.965000 0.825000 0.000000
vt 4.965000 0.765000 0.000000
vt 1.275147 0.010000 0.000000
vt 0.000000 0.010000 0.000000
vt 1.275147 -0.080000 0.000000
vt -0.000000 -0.080000 0.000000
vt 0.091716 0.010000 0.000000
vt -0.000000 0.010000 0.000000
vt 0.091716 -0.080000 0.000000
vt 0.000000 -0.080000 0.000000
vt 0.955147 0.010000 0.000000
vt 0.000000 0.010000 0.000000
vt 0.955147 -0.080000 0.000000
vt -0.000000 -0.080000 0.000000
vt 8.161163 0.010000 0.000000
vt -0.000000 0.010000 0.000000
vt 8.161163 -0.080000 0.000000
vt 0.000000 -0.080000 0.000000
vt 0.060000 5.185096 0.000000
vt 0.060000 5.155093 0.000000
vt 0.130000 5.185096 0.000000
vt 0.060000 5.125091 0.000000
vt 0.060000 5.095088 0.000000
vt 0.130000 4.814732 0.000000
vt 0.000000 5.095088 0.000000
vt 0.000000 4.717674 0.000000
vt 0.130000 4.444368 0.000000
vt 0.000000 4.340260 0.000000
vt 0.130000 4.074004 0.000000
vt 0.000000 3.962846 0.000000
vt 0.130000 3.703640 0.000000
vt 0.000000 3.585432 0.000000
vt 0.130000 3.333276 0.000000
vt 0.000000 3.208018 0.000000
vt 0.130000 2.962912 0.000000
vt 0.000000 2.830604 0.000000
vt 0.130000 2.592548 0.000000
vt 0.000000 2.453191 0.000000
vt 0.130000 2.222184 0.000000
vt 0.000000 2.075777 0.000000
vt 0.130000 1.851820 0.000000
vt 0.000000 1.698363 0.000000
vt 0.130000 1.481456 0.000000
vt 0.000000 1.320949 0.000000
vt 0.130000 1.111092 0.000000
vt 0.000000 0.943535 0.000000
vt 0.130000 0.740728 0.000000
vt 0.000000 0.566121 0.000000
vt 0.130000 0.370364 0.000000
vt 0.000000 0.188707 0.000000
vt 0.130000 0.000000 0.000000
vt 0.000000 -0.188707 0.000000
vt 0.130000 -0.370364 0.000000
vt 0.000000 -0.566121 0.000000
vt 0.130000 -0.740728 0.000000
vt 0.000000 -0.943535 0.000000
vt 0.130000 -1.111092 0.000000
vt 0.000000 -1.320949 0.000000
vt 0.130000 -1.481456 0.000000
vt 0.000000 -1.698363 0.000000
vt 0.130000 -1.851820 0.000000
vt 0.000000 -2.075777 0.000000
vt 0.130000 -2.222184 0.000000
vt 0.000000 -2.453191 0.000000
vt 0.130000 -2.592548 0.000000
vt 0.000000 -2.830604 0.000000
vt 0.130000 -2.962912 0.000000
vt 0.000000 -3.208018 0.000000
vt 0.130000 -3.333276 0.000000
vt 0.000000 -3.585432 0.000000
vt 0.130000 -3.703640 0.000000
vt 0.000000 -3.962846 0.000000
vt 0.130000 -4.074004 0.000000
vt 0.000000 -4.340260 0.000000
vt 0.130000 -4.444368 0.000000
vt 0.000000 -4.717674 0.000000
vt 0.130000 -4.814732 0.000000
vt 0.000000 -5.095088 0.000000
vt 0.060000 -5.095088 0.000000
vt 0.130000 -5.185096 0.000000
vt 0.060000 -5.125091 0.000000
vt 0.060000 -5.155093 0.000000
vt 0.060000 -5.185096 0.000000
vt 0.010000 -3.379985 0.000000
vt 0.387666 -3.357695 0.000000
vt 0.010000 -3.249985 0.000000
vt 0.386497 -3.226937 0.000000
vt 0.760475 -3.293338 0.000000
vt 0.757788 -3.160420 0.000000
vt 1.123756 -3.187722 0.000000
vt 1.118871 -3.051332 0.000000
vt 1.472959 -3.042169 0.000000
vt 1.464882 -2.901141 0.000000
vt 1.803708 -2.858502 0.000000
vt 1.791161 -2.711870 0.000000
vt 2.111860 -2.639024 0.000000
vt 2.093312 -2.486070 0.000000
vt 2.393554 -2.386483 0.000000
vt 2.367266 -2.226781 0.000000
vt 2.645260 -2.104043 0.000000
vt 2.609331 -1.937496 0.000000
vt 2.863826 -1.795243 0.000000
vt 2.816248 -1.622112 0.000000
vt 3.046513 -1.463952 0.000000
vt 2.985228 -1.284878 0.000000
vt 3.191033 -1.114320 0.000000
vt 3.113997 -0.930336 0.000000
vt 3.295574 -0.750728 0.000000
vt 3.200818 -0.563262 0.000000
vt 3.358827 -0.377730 0.000000
vt 3.244523 -0.188601 0.000000
vt 3.380000 0.000000 0.000000
vt 3.244523 0.188601 0.000000
vt 3.358827 0.377730 0.000000
vt 3.200818 0.563262 0.000000
vt 3.295574 0.750728 0.000000
vt 3.113997 0.930336 0.000000
vt 3.191033 1.114320 0.000000
vt 2.985228 1.284878 0.000000
vt 3.046513 1.463952 0.000000
vt 2.816248 1.622112 0.000000
vt 2.863826 1.795243 0.000000
vt 2.609331 1.937496 0.000000
vt 2.645260 2.104043 0.000000
vt 2.367266 2.226781 0.000000
vt 2.393554 2.386483 0.000000
vt 2.093312 2.486070 0.000000
vt 2.111860 2.639024 0.000000
vt 1.791161 2.711870 0.000000
vt 1.803708 2.858502 0.000000
vt 1.464882 2.901141 0.000000
vt 1.472959 3.042169 0.000000
vt 1.118871 3.051332 0.000000
vt 1.123756 3.187722 0.000000
vt 0.757788 3.160420 0.000000
vt 0.760475 3.293338 0.000000
vt 0.386497 3.226937 0.000000
vt 0.387666 3.357695 0.000000
vt 0.010000 3.249985 0.000000
vt 0.010000 3.379985 0.000000
vt -0.320156 5.692635 0.000000
vt -0.320156 5.313126 0.000000
vt 0.320156 5.691251 0.000000
vt 0.320156 5.284733 0.000000
vt -0.320156 4.933617 0.000000
vt 0.320156 4.878215 0.000000
vt -0.320156 4.554108 0.000000
vt 0.320156 4.471697 0.000000
vt -0.320156 4.174599 0.000000
vt 0.320156 4.065179 0.000000
vt -0.320156 3.795090 0.000000
vt 0.320156 3.658661 0.000000
vt -0.320156 3.415581 0.000000
vt 0.320156 3.252143 0.000000
vt -0.320156 3.036072 0.000000
vt 0.320156 2.845626 0.000000
vt -0.320156 2.656563 0.000000
vt 0.320156 2.439108 0.000000
vt -0.320156 2.277054 0.000000
vt 0.320156 2.032590 0.000000
vt -0.320156 1.897545 0.000000
vt 0.320156 1.626072 0.000000
vt -0.320156 1.518036 0.000000
vt 0.320156 1.219554 0.000000
vt -0.320156 1.138527 0.000000
vt 0.320156 0.813036 0.000000
vt -0.320156 0.759018 0.000000
vt 0.320156 0.406518 0.000000
vt -0.320156 0.379509 0.000000
vt 0.320156 -0.000000 0.000000
vt -0.320156 0.000000 0.000000
vt -0.320156 -0.379509 0.000000
vt 0.320156 -0.406518 0.000000
vt -0.320156 -0.759018 0.000000
vt 0.320156 -0.813036 0.000000
vt -0.320156 -1.138527 0.000000
vt 0.320156 -1.219554 0.000000
vt -0.320156 -1.518036 0.000000
vt 0.320156 -1.626072 0.000000
vt -0.320156 -1.897545 0.000000
vt 0.320156 -2.032590 0.000000
vt -0.320156 -2.277054 0.000000
vt 0.320156 -2.439108 0.000000
vt -0.320156 -2.656563 0.000000
vt 0.320156 -2.845626 0.000000
vt -0.320156 -3.036072 0.000000
vt 0.320156 -3.252143 0.000000
vt -0.320156 -3.415581 0.000000
vt 0.320156 -3.658661 0.000000
vt -0.320156 -3.795090 0.000000
vt 0.320156 -4.065179 0.000000
vt -0.320156 -4.174599 0.000000
vt 0.320156 -4.471697 0.000000
vt -0.320156 -4.554108 0.000000
vt 0.320156 -4.878215 0.000000
vt -0.320156 -4.933617 0.000000
vt 0.320156 -5.284733 0.000000
vt -0.320156 -5.313126 0.000000
vt 0.320156 -5.691251 0.000000
vt -0.320156 -5.692635 0.000000
vt -8.130000 -6.084690 0.000000
vt -0.000000 -6.084690 0.000000
vt -8.130000 -5.679044 0.000000
vt -0.000000 -5.679044 0.000000
vt -0.000000 -5.273398 0.000000
vt -8.130000 -5.273398 0.000000
vt -0.000000 -4.867752 0.000000
vt -8.130000 -4.867752 0.000000
vt -0.000000 -4.462106 0.000000
vt -8.130000 -4.462106 0.000000
vt -0.000000 -4.056460 0.000000
vt -8.130000 -4.056460 0.000000
vt -0.000000 -3.650814 0.000000
vt -8.130000 -3.650814 0.000000
vt -0.000000 -3.245168 0.000000
vt -8.130000 -3.245168 0.000000
vt -0.000000 -2.839522 0.000000
vt -8.130000 -2.839522 0.000000
vt -0.000000 -2.433876 0.000000
vt -8.130000 -2.433876 0.000000
vt -0.000000 -2.028230 0.000000
vt -8.130000 -2.028230 0.000000
vt -0.000000 -1.622584 0.000000
vt -8.130000 -1.622584 0.000000
vt -0.000000 -1.216938 0.000000
vt -8.130000 -1.216938 0.000000
vt -0.000000 -0.811292 0.000000
vt -8.130000 -0.811292 0.000000
vt -0.000000 -0.405646 0.000000
vt -8.130000 -0.405646 0.000000
vt -4.150000 -0.250173 0.000000
vt -4.245683 -0.231102 0.000000
vt -0.000000 0.000000 0.000000
vt -3.973223 -0.176838 0.000000
vt -4.054317 -0.231102 0.000000
vt -0.000000 0.405646 0.000000
vt -3.973223 0.176838 0.000000
vt -3.919035 0.095693 0.000000
vt -3.900000 0.000000 0.000000
vt -0.000000 0.811292 0.000000
vt -8.130000 0.405646 0.000000
vt -4.150000 0.250173 0.000000
vt -4.054317 0.231102 0.000000
vt -8.130000 0.811292 0.000000
vt -0.000000 1.216938 0.000000
vt -8.130000 1.216938 0.000000
vt -0.000000 1.622584 0.000000
vt -8.130000 1.622584 0.000000
vt -0.000000 2.028230 0.000000
vt -8.130000 2.028230 0.000000
vt -0.000000 2.433876 0.000000
vt -8.130000 2.433876 0.000000
vt -0.000000 2.839522 0.000000
vt -8.130000 2.839522 0.000000
vt -0.000000 3.245168 0.000000
vt -8.130000 3.245168 0.000000
vt -0.000000 3.650814 0.000000
vt -8.130000 3.650814 0.000000
vt -0.000000 4.056460 0.000000
vt -8.130000 4.056460 0.000000
vt -0.000000 4.462106 0.000000
vt -8.130000 4.462106 0.000000
vt -0.000000 4.867752 0.000000
vt -8.130000 4.867752 0.000000
vt -0.000000 5.273398 0.000000
vt -8.130000 5.273398 0.000000
vt -0.000000 5.679044 0.000000
vt -8.130000 5.679044 0.000000
vt -8.130000 6.084690 0.000000
vt -0.000000 6.084690 0.000000
vt -8.130000 -0.000000 0.000000
vt -4.326777 0.176838 0.000000
vt -4.245683 0.231102 0.000000
vt -4.326777 -0.176838 0.000000
vt -4.380965 -0.095693 0.000000
vt -4.400000 0.000000 0.000000
vt -3.919035 -0.095693 0.000000
vt -4.380965 0.095693 0.000000
vt -3.565000 0.725000 0.000000
vt -3.625000 0.700147 0.000000
vt -3.565000 -0.195013 0.000000
vt -3.625000 -0.255000 0.000000
vt 4.536163 -0.255000 0.000000
vt -3.689853 0.765000 0.000000
vt -3.665000 0.825000 0.000000
vt -4.965000 0.825000 0.000000
vt -4.965000 0.765000 0.000000
vt 4.905000 -0.716047 0.000000
vt 4.965000 -0.695015 0.000000
vt 4.565000 -0.195013 0.000000
vt 4.905000 -0.825015 0.000000
vt 4.965000 -0.825015 0.000000
vt 4.890000 1.300000 0.000000
vt 2.500000 1.300000 0.000000
vt 4.890000 0.000000 0.000000
vt 2.500000 0.000000 0.000000
vt -2.440000 -0.070711 0.000000
vt -0.050000 -0.070711 0.000000
vt -2.440000 0.070711 0.000000
vt -0.050000 0.070711 0.000000
vt 0.010000 -3.879987 0.000000
vt 0.010000 -4.800000 0.000000
vt 0.414851 -3.857758 0.000000
vt 0.815173 -3.793401 0.000000
vt 1.206592 -3.687619 0.000000
vt 3.054631 -4.763803 0.000000
vt 1.584835 -3.541567 0.000000
vt 1.945771 -3.356840 0.000000
vt 2.285458 -3.135455 0.000000
vt 2.600188 -2.879830 0.000000
vt 2.886522 -2.592757 0.000000
vt 3.290545 -4.712144 0.000000
vt 3.415957 -4.672417 0.000000
vt 2.400000 -4.800000 0.000000
vt 2.833399 -4.788977 0.000000
vt 3.141335 -2.277369 0.000000
vt 3.545441 -4.621176 0.000000
vt 3.808053 -4.481545 0.000000
vt 3.361844 -1.937113 0.000000
vt 4.040418 -4.311452 0.000000
vt 4.237729 -4.123827 0.000000
vt 4.399340 -3.928530 0.000000
vt 3.545640 -1.575702 0.000000
vt 4.531741 -3.723917 0.000000
vt 4.637224 -3.507635 0.000000
vt 4.714812 -3.280682 0.000000
vt 4.764022 -3.053102 0.000000
vt 4.789105 -2.831891 0.000000
vt 4.800000 -2.400000 0.000000
vt 3.690717 -1.197084 0.000000
vt 3.795490 -0.805393 0.000000
vt 3.858815 -0.404907 0.000000
vt 3.880000 0.000000 0.000000
vt 4.800000 2.400000 0.000000
vt 3.858815 0.404907 0.000000
vt 3.795490 0.805393 0.000000
vt 3.690717 1.197084 0.000000
vt 3.545640 1.575702 0.000000
vt 4.789031 2.833341 0.000000
vt 4.621138 3.545483 0.000000
vt 4.672370 3.416016 0.000000
vt 4.712096 3.290606 0.000000
vt 4.763798 3.054636 0.000000
vt 4.481627 3.807998 0.000000
vt 4.311475 4.040457 0.000000
vt 3.361844 1.937113 0.000000
vt 4.123809 4.237778 0.000000
vt 3.928689 4.399269 0.000000
vt 3.141335 2.277369 0.000000
vt 3.723756 4.531806 0.000000
vt 3.507515 4.637284 0.000000
vt 2.886522 2.592757 0.000000
vt 3.280654 4.714830 0.000000
vt 3.053013 4.764062 0.000000
vt 2.600188 2.879830 0.000000
vt 2.831879 4.789113 0.000000
vt 2.285458 3.135455 0.000000
vt 2.400000 4.800000 0.000000
vt 1.945771 3.356840 0.000000
vt 1.584835 3.541567 0.000000
vt 1.206592 3.687619 0.000000
vt 0.815173 3.793401 0.000000
vt 0.010000 4.800000 0.000000
vt 0.414851 3.857758 0.000000
vt 0.010000 3.879987 0.000000
vt -0.977786 0.147378 0.000000
vt -1.000000 -0.000000 0.000000
vt -0.635000 -0.000000 0.000000
vt -0.977786 -0.147378 0.000000
vt -0.616913 -0.067500 0.000000
vt -0.913119 -0.281660 0.000000
vt -0.811745 -0.390916 0.000000
vt -0.567500 -0.116913 0.000000
vt -0.682671 -0.465437 0.000000
vt -0.500000 -0.135000 0.000000
vt -0.537365 -0.498602 0.000000
vt -0.388740 -0.487464 0.000000
vt -0.432500 -0.116913 0.000000
vt -0.250000 -0.433013 0.000000
vt -0.133474 -0.340086 0.000000
vt -0.383087 -0.067500 0.000000
vt -0.049516 -0.216942 0.000000
vt -0.005585 -0.074521 0.000000
vt -0.365000 -0.000000 0.000000
vt -0.005585 0.074521 0.000000
vt -0.383087 0.067500 0.000000
vt -0.049516 0.216942 0.000000
vt -0.133474 0.340086 0.000000
vt -0.432500 0.116913 0.000000
vt -0.250000 0.433013 0.000000
vt -0.388740 0.487464 0.000000
vt -0.500000 0.135000 0.000000
vt -0.537365 0.498602 0.000000
vt -0.682671 0.465437 0.000000
vt -0.567500 0.116913 0.000000
vt -0.811745 0.390916 0.000000
vt -0.616913 0.067500 0.000000
vt -0.913119 0.281660 0.000000
vt 0.095000 -1.421197 0.000000
vt -0.093736 -1.473964 0.000000
vt 0.095000 -1.570796 0.000000
vt -0.095000 -1.570796 0.000000
vt 0.095000 1.570796 0.000000
vt -0.095000 1.570796 0.000000
vt -0.093736 1.473964 0.000000
vt -0.090110 -1.374333 0.000000
vt 0.095000 -1.271597 0.000000
vt -0.084597 -1.274763 0.000000
vt -0.078296 -1.178095 0.000000
vt 0.095000 -1.121997 0.000000
vt -0.071983 -1.081428 0.000000
vt 0.095000 -0.972398 0.000000
vt -0.066445 -0.981859 0.000000
vt -0.062793 -0.882230 0.000000
vt 0.095000 -0.822798 0.000000
vt -0.061517 -0.785398 0.000000
vt 0.095000 -0.673198 0.000000
vt -0.062793 -0.688566 0.000000
vt -0.066445 -0.588937 0.000000
vt 0.095000 -0.523599 0.000000
vt -0.071983 -0.489369 0.000000
vt 0.095000 -0.373999 0.000000
vt -0.078296 -0.392701 0.000000
vt -0.084597 -0.296033 0.000000
vt 0.095000 -0.224399 0.000000
vt -0.090110 -0.196463 0.000000
vt 0.095000 -0.074800 0.000000
vt -0.093736 -0.096832 0.000000
vt -0.095000 0.000000 0.000000
vt 0.095000 0.074800 0.000000
vt -0.093736 0.096832 0.000000
vt -0.090110 0.196463 0.000000
vt 0.095000 0.224399 0.000000
vt -0.084597 0.296033 0.000000
vt 0.095000 0.373999 0.000000
vt -0.078296 0.392701 0.000000
vt -0.071983 0.489369 0.000000
vt 0.095000 0.523599 0.000000
vt -0.066445 0.588937 0.000000
vt 0.095000 0.673198 0.000000
vt -0.062793 0.688566 0.000000
vt -0.061517 0.785398 0.000000
vt 0.095000 0.822798 0.000000
vt -0.062793 0.882230 0.000000
vt 0.095000 0.972398 0.000000
vt -0.066445 0.981859 0.000000
vt -0.071983 1.081428 0.000000
vt 0.095000 1.121997 0.000000
vt -0.078296 1.178095 0.000000
vt 0.095000 1.271597 0.000000
vt -0.084597 1.274763 0.000000
vt -0.090110 1.374333 0.000000
vt 0.095000 1.421197 0.000000
vt 0.363386 -0.101684 0.000000
vt 0.385000 -0.000000 0.000000
vt 0.270000 -0.000000 0.000000
vt 0.363386 0.101684 0.000000
vt 0.251913 0.067500 0.000000
vt 0.302283 0.185786 0.000000
vt 0.202500 0.116913 0.000000
vt 0.212254 0.237764 0.000000
vt 0.135000 0.135000 0.000000
vt 0.108868 0.248630 0.000000
vt 0.067500 0.116913 0.000000
vt 0.010000 0.216506 0.000000
vt -0.067254 0.146946 0.000000
vt 0.018087 0.067500 0.000000
vt -0.109537 0.051978 0.000000
vt 0.000000 -0.000000 0.000000
vt -0.109537 -0.051978 0.000000
vt 0.018087 -0.067500 0.000000
vt -0.067254 -0.146946 0.000000
vt 0.067500 -0.116913 0.000000
vt 0.010000 -0.216506 0.000000
vt 0.108868 -0.248630 0.000000
vt 0.135000 -0.135000 0.000000
vt 0.212254 -0.237764 0.000000
vt 0.202500 -0.116913 0.000000
vt 0.302283 -0.185786 0.000000
vt 0.251913 -0.067500 0.000000
vt -0.075000 0.353429 0.000000
vt 0.075000 0.353429 0.000000
vt -0.075000 0.424115 0.000000
vt 0.075000 0.424115 0.000000
vt -0.075000 -0.424115 0.000000
vt 0.075000 -0.424115 0.000000
vt -0.075000 -0.353429 0.000000
vt 0.075000 -0.353429 0.000000
vt -0.075000 -0.282743 0.000000
vt 0.075000 -0.282743 0.000000
vt -0.075000 -0.212058 0.000000
vt 0.075000 -0.212058 0.000000
vt -0.075000 -0.141372 0.000000
vt 0.075000 -0.141372 0.000000
vt -0.075000 -0.070686 0.000000
vt 0.075000 -0.070686 0.000000
vt -0.075000 0.000000 0.000000
vt 0.075000 0.000000 0.000000
vt -0.075000 0.070686 0.000000
vt 0.075000 0.070686 0.000000
vt -0.075000 0.141372 0.000000
vt 0.075000 0.141372 0.000000
vt -0.075000 0.212058 0.000000
vt 0.075000 0.212058 0.000000
vt -0.075000 0.282743 0.000000
vt 0.075000 0.282743 0.000000
vt 0.083820 0.687210 0.000000
vt 0.085000 0.785398 0.000000
vt -0.085000 0.785398 0.000000
vt -0.085000 -0.785398 0.000000
vt 0.085000 -0.785398 0.000000
vt 0.083820 -0.687210 0.000000
vt -0.085000 -0.680678 0.000000
vt 0.080971 -0.589049 0.000000
vt -0.085000 -0.575959 0.000000
vt 0.078120 -0.490887 0.000000
vt -0.085000 -0.471239 0.000000
vt 0.076937 -0.392699 0.000000
vt -0.085000 -0.366519 0.000000
vt 0.078120 -0.294511 0.000000
vt -0.085000 -0.261799 0.000000
vt 0.080971 -0.196350 0.000000
vt -0.085000 -0.157080 0.000000
vt 0.083820 -0.098188 0.000000
vt -0.085000 -0.052360 0.000000
vt 0.085000 0.000000 0.000000
vt -0.085000 0.052360 0.000000
vt 0.083820 0.098188 0.000000
vt -0.085000 0.157080 0.000000
vt 0.080971 0.196350 0.000000
vt -0.085000 0.261799 0.000000
vt 0.078120 0.294511 0.000000
vt -0.085000 0.366519 0.000000
vt 0.076937 0.392699 0.000000
vt -0.085000 0.471239 0.000000
vt 0.078120 0.490887 0.000000
vt -0.085000 0.575959 0.000000
vt 0.080971 0.589049 0.000000
vt -0.085000 0.680678 0.000000
vt -4.820000 1.246152 0.000000
vt -7.300000 1.246152 0.000000
vt -4.820000 0.000000 0.000000
vt -7.300000 0.000000 0.000000
vt 0.000000 0.000000 0.000000
vt 0.255978 0.000000 0.000000
vt 0.000000 1.246152 0.000000
vt 0.255978 1.246152 0.000000
vt 0.511956 0.000000 0.000000
vt 0.511956 1.246152 0.000000
vt 0.767933 0.000000 0.000000
vt 0.767933 1.246152 0.000000
vt 1.023911 0.000000 0.000000
vt 1.023911 1.246152 0.000000
vt 1.279889 0.000000 0.000000
vt 1.279889 1.246152 0.000000
vt 1.535867 0.000000 0.000000
vt 1.535867 1.246152 0.000000
vt 1.791845 0.000000 0.000000
vt 1.791845 1.246152 0.000000
vt 2.047822 0.000000 0.000000
vt 2.047822 1.246152 0.000000
vt 2.303800 0.000000 0.000000
vt 2.303800 1.246152 0.000000
vt 2.559778 0.000000 0.000000
vt 2.559778 1.246152 0.000000
vt 2.815756 0.000000 0.000000
vt 2.815756 1.246152 0.000000
vt 3.071734 0.000000 0.000000
vt 3.071734 1.246152 0.000000
vt 3.327712 0.000000 0.000000
vt 3.327712 1.246152 0.000000
vt 3.583689 0.000000 0.000000
vt 3.583689 1.246152 0.000000
vt 3.839667 0.000000 0.000000
vt 3.839667 1.246152 0.000000
vt 4.095645 0.000000 0.000000
vt 4.095645 1.246152 0.000000
vt -2.500000 1.246152 0.000000
vt -7.300000 1.246152 0.000000
vt -2.500000 0.000000 0.000000
vt -7.300000 0.000000 0.000000
vt 0.000000 0.000000 0.000000
vt 0.255978 0.000000 0.000000
vt 0.000000 1.246152 0.000000
vt 0.255978 1.246152 0.000000
vt 0.511956 0.000000 0.000000
vt 0.511956 1.246152 0.000000
vt 0.767933 0.000000 0.000000
vt 0.767933 1.246152 0.000000
vt 1.023911 0.000000 0.000000
vt 1.023911 1.246152 0.000000
vt 1.279889 0.000000 0.000000
vt 1.279889 1.246152 0.000000
vt 1.535867 0.000000 0.000000
vt 1.535867 1.246152 0.000000
vt 1.791845 0.000000 0.000000
vt 1.791845 1.246152 0.000000
vt 2.047822 0.000000 0.000000
vt 2.047822 1.246152 0.000000
vt 2.303800 0.000000 0.000000
vt 2.303800 1.246152 0.000000
vt 2.559778 0.000000 0.000000
vt 2.559778 1.246152 0.000000
vt 2.815756 0.000000 0.000000
vt 2.815756 1.246152 0.000000
vt 3.071734 0.000000 0.000000
vt 3.071734 1.246152 0.000000
vt 3.327712 0.000000 0.000000
vt 3.327712 1.246152 0.000000
vt 3.583689 0.000000 0.000000
vt 3.583689 1.246152 0.000000
vt 3.839667 0.000000 0.000000
vt 3.839667 1.246152 0.000000
vt 4.095645 0.000000 0.000000
vt 4.095645 1.246152 0.000000
vt -2.370000 0.016863 0.000000
vt -4.850000 0.016863 0.000000
vt -2.370000 -0.016863 0.000000
vt -4.850000 -0.016863 0.000000
vt -0.087573 3.606588 0.000000
vt -0.070677 3.631076 0.000000
vt -0.087573 4.121815 0.000000
vt -0.053873 3.832839 0.000000
vt -0.053847 4.121815 0.000000
vt -0.070677 3.385706 0.000000
vt -0.087573 3.348975 0.000000
vt -0.070677 3.140336 0.000000
vt -0.087573 3.091361 0.000000
vt -0.087573 2.962555 0.000000
vt -0.070677 2.894967 0.000000
vt -0.087573 2.833748 0.000000
vt -0.070677 2.772282 0.000000
vt -0.070677 2.649597 0.000000
vt -0.053931 2.816384 0.000000
vt -0.053896 2.603686 0.000000
vt -0.070677 2.404227 0.000000
vt -0.053808 2.379305 0.000000
vt -0.070677 2.158858 0.000000
vt -0.053877 2.139110 0.000000
vt -0.070677 1.913488 0.000000
vt -0.053880 1.881865 0.000000
vt -0.070677 1.668118 0.000000
vt -0.053874 1.616238 0.000000
vt -0.070677 1.422749 0.000000
vt -0.053887 1.352778 0.000000
vt -0.070677 1.177379 0.000000
vt -0.053781 1.095680 0.000000
vt -0.070677 0.932009 0.000000
vt -0.053895 0.838606 0.000000
vt -0.070677 0.686640 0.000000
vt -0.053850 0.569677 0.000000
vt -0.070677 0.441270 0.000000
vt -0.053919 0.290708 0.000000
vt -0.070677 0.195900 0.000000
vt -0.053847 0.000000 0.000000
vt -0.087573 0.000000 0.000000
vt -0.087573 0.515227 0.000000
vt -0.087573 2.576134 0.000000
vt -0.087573 2.318521 0.000000
vt -0.087573 2.060908 0.000000
vt -0.087573 1.803294 0.000000
vt -0.087573 1.545681 0.000000
vt -0.087573 1.288067 0.000000
vt -0.087573 1.030454 0.000000
vt -0.087573 0.772840 0.000000
vt -0.053876 3.041073 0.000000
vt -0.053903 3.285812 0.000000
vt -0.053816 3.553819 0.000000
vt 0.016863 4.850000 0.000000
vt -0.016863 4.850000 0.000000
vt 0.016863 0.050000 0.000000
vt -0.016863 0.050000 0.000000
vt -0.087572 3.604419 0.000000
vt -0.070676 3.628891 0.000000
vt -0.087572 4.119336 0.000000
vt -0.053930 3.830470 0.000000
vt -0.053847 4.119336 0.000000
vt -0.070676 3.383668 0.000000
vt -0.087572 3.346961 0.000000
vt -0.070676 3.138446 0.000000
vt -0.087572 3.089502 0.000000
vt -0.087572 2.960773 0.000000
vt -0.070676 2.893223 0.000000
vt -0.087572 2.832044 0.000000
vt -0.070676 2.770612 0.000000
vt -0.070676 2.648001 0.000000
vt -0.053911 2.814737 0.000000
vt -0.053909 2.602056 0.000000
vt -0.070676 2.402778 0.000000
vt -0.053838 2.377859 0.000000
vt -0.070676 2.157556 0.000000
vt -0.053892 2.137891 0.000000
vt -0.070676 1.912333 0.000000
vt -0.053909 1.880602 0.000000
vt -0.070676 1.667111 0.000000
vt -0.053866 1.615311 0.000000
vt -0.070676 1.421888 0.000000
vt -0.053889 1.352180 0.000000
vt -0.070676 1.176666 0.000000
vt -0.053779 1.095046 0.000000
vt -0.070676 0.931443 0.000000
vt -0.053912 0.838220 0.000000
vt -0.070676 0.686221 0.000000
vt -0.053858 0.569372 0.000000
vt -0.070676 0.440998 0.000000
vt -0.053919 0.290529 0.000000
vt -0.070676 0.195775 0.000000
vt -0.053847 0.000000 0.000000
vt -0.087572 0.000000 0.000000
vt -0.087572 0.514917 0.000000
vt -0.087572 2.574585 0.000000
vt -0.087572 2.317127 0.000000
vt -0.087572 2.059668 0.000000
vt -0.087572 1.802210 0.000000
vt -0.087572 1.544751 0.000000
vt -0.087572 1.287293 0.000000
vt -0.087572 1.029834 0.000000
vt -0.087572 0.772376 0.000000
vt -0.053882 3.039307 0.000000
vt -0.053887 3.283863 0.000000
vt -0.053889 3.551579 0.000000
vt 0.141418 3.756412 0.000000
vt 0.141418 4.293042 0.000000
vt 0.070709 3.781965 0.000000
vt 0.000000 4.293042 0.000000
vt 0.000000 3.756412 0.000000
vt 0.070709 3.526427 0.000000
vt 0.000000 3.488097 0.000000
vt 0.070709 3.270889 0.000000
vt 0.000000 3.219781 0.000000
vt 0.000000 3.085624 0.000000
vt 0.070709 3.015351 0.000000
vt 0.000000 2.951466 0.000000
vt 0.070709 2.887582 0.000000
vt 0.000000 2.817309 0.000000
vt 0.070709 2.759813 0.000000
vt 0.000000 2.683151 0.000000
vt 0.070709 2.504274 0.000000
vt 0.000000 2.414836 0.000000
vt 0.070709 2.248736 0.000000
vt 0.000000 2.146521 0.000000
vt 0.070709 1.993198 0.000000
vt 0.000000 1.878206 0.000000
vt 0.070709 1.737660 0.000000
vt 0.000000 1.609891 0.000000
vt 0.070709 1.482122 0.000000
vt 0.000000 1.341576 0.000000
vt 0.070709 1.226583 0.000000
vt 0.000000 1.073260 0.000000
vt 0.070709 0.971045 0.000000
vt 0.000000 0.804945 0.000000
vt 0.070709 0.715507 0.000000
vt 0.000000 0.536630 0.000000
vt 0.070709 0.459969 0.000000
vt 0.070709 0.204431 0.000000
vt 0.141418 0.536630 0.000000
vt 0.141418 0.000000 0.000000
vt 0.000000 0.000000 0.000000
vt 0.141418 0.804945 0.000000
vt 0.141418 1.073260 0.000000
vt 0.141418 1.341576 0.000000
vt 0.141418 1.609891 0.000000
vt 0.141418 1.878206 0.000000
vt 0.141418 2.146521 0.000000
vt 0.141418 2.414836 0.000000
vt 0.141418 2.683151 0.000000
vt 0.141418 2.951466 0.000000
vt 0.141418 3.085624 0.000000
vt 0.141418 3.219781 0.000000
vt 0.141418 3.488097 0.000000
vt 0.070711 4.850000 0.000000
vt -0.070711 4.850000 0.000000
vt 0.070711 0.050000 0.000000
vt -0.070711 0.050000 0.000000
vt 0.141420 3.758875 0.000000
vt 0.141420 4.295857 0.000000
vt 0.070710 3.784445 0.000000
vt 0.000000 4.295857 0.000000
vt 0.000000 3.758875 0.000000
vt 0.070710 3.528739 0.000000
vt 0.000000 3.490383 0.000000
vt 0.070710 3.273034 0.000000
vt 0.000000 3.221892 0.000000
vt 0.000000 3.087647 0.000000
vt 0.070710 3.017328 0.000000
vt 0.000000 2.953401 0.000000
vt 0.070710 2.889475 0.000000
vt 0.000000 2.819156 0.000000
vt 0.070710 2.761622 0.000000
vt 0.000000 2.684910 0.000000
vt 0.070710 2.505916 0.000000
vt 0.000000 2.416419 0.000000
vt 0.070710 2.250211 0.000000
vt 0.000000 2.147928 0.000000
vt 0.070710 1.994505 0.000000
vt 0.000000 1.879437 0.000000
vt 0.070710 1.738799 0.000000
vt 0.000000 1.610946 0.000000
vt 0.070710 1.483093 0.000000
vt 0.000000 1.342455 0.000000
vt 0.070710 1.227388 0.000000
vt 0.000000 1.073964 0.000000
vt 0.070710 0.971682 0.000000
vt 0.000000 0.805473 0.000000
vt 0.070710 0.715976 0.000000
vt 0.000000 0.536982 0.000000
vt 0.070710 0.460270 0.000000
vt 0.070710 0.204565 0.000000
vt 0.141420 0.536982 0.000000
vt 0.141420 0.000000 0.000000
vt 0.000000 0.000000 0.000000
vt 0.141420 0.805473 0.000000
vt 0.141420 1.073964 0.000000
vt 0.141420 1.342455 0.000000
vt 0.141420 1.610946 0.000000
vt 0.141420 1.879437 0.000000
vt 0.141420 2.147928 0.000000
vt 0.141420 2.416419 0.000000
vt 0.141420 2.684910 0.000000
vt 0.141420 2.953401 0.000000
vt 0.141420 3.087647 0.000000
vt 0.141420 3.221892 0.000000
vt 0.141420 3.490383 0.000000
vt 2.460000 -0.070711 0.000000
vt 4.850000 -0.070711 0.000000
vt 2.460000 0.070711 0.000000
vt 4.850000 0.070711 0.000000
vt -0.000000 1.300000 0.000000
vt -0.488482 1.300000 0.000000
vt -0.000000 0.000000 0.000000
vt -0.542156 0.000000 0.000000
vt -0.745711 1.300000 0.000000
vt -0.813234 0.000000 0.000000
vt -1.014789 1.300000 0.000000
vt -1.084312 0.000000 0.000000
vt -1.287690 1.300000 0.000000
vt -1.355390 0.000000 0.000000
vt -1.554216 1.300000 0.000000
vt -1.626467 0.000000 0.000000
vt -1.817392 1.300000 0.000000
vt -1.897545 0.000000 0.000000
vt -2.084282 1.300000 0.000000
vt -2.168623 0.000000 0.000000
vt -2.369464 1.300000 0.000000
vt -2.439701 0.000000 0.000000
vt -2.676539 1.300000 0.000000
vt -2.710779 0.000000 0.000000
vt -2.839551 1.300000 0.000000
vt -2.981857 0.000000 0.000000
vt -3.003504 1.300000 0.000000
vt -3.160443 1.300000 0.000000
vt -3.252935 0.000000 0.000000
vt -3.310742 1.300000 0.000000
vt -3.524013 0.000000 0.000000
vt -3.589642 1.300000 0.000000
vt -3.795091 0.000000 0.000000
vt -3.847069 1.300000 0.000000
vt -4.337246 0.000000 0.000000
vt -4.337246 1.300000 0.000000
vt 7.300000 1.300000 0.000000
vt 2.500000 1.300000 0.000000
vt 7.300000 0.000000 0.000000
vt 2.500000 0.000000 0.000000
vt -0.000000 1.300000 0.000000
vt -0.488484 1.300000 0.000000
vt -0.000000 0.000000 0.000000
vt -0.542156 0.000000 0.000000
vt -0.745821 1.300000 0.000000
vt -0.813234 0.000000 0.000000
vt -1.014798 1.300000 0.000000
vt -1.084312 0.000000 0.000000
vt -1.287837 1.300000 0.000000
vt -1.355390 0.000000 0.000000
vt -1.554443 1.300000 0.000000
vt -1.626467 0.000000 0.000000
vt -1.817202 1.300000 0.000000
vt -1.897545 0.000000 0.000000
vt -2.084336 1.300000 0.000000
vt -2.168623 0.000000 0.000000
vt -2.369477 1.300000 0.000000
vt -2.439701 0.000000 0.000000
vt -2.676441 1.300000 0.000000
vt -2.710779 0.000000 0.000000
vt -2.839517 1.300000 0.000000
vt -2.981857 0.000000 0.000000
vt -3.003564 1.300000 0.000000
vt -3.160524 1.300000 0.000000
vt -3.252935 0.000000 0.000000
vt -3.310825 1.300000 0.000000
vt -3.524013 0.000000 0.000000
vt -3.589649 1.300000 0.000000
vt -3.795091 0.000000 0.000000
vt -3.846993 1.300000 0.000000
vt -4.337246 0.000000 0.000000
vt -4.337246 1.300000 0.000000
vt 4.910000 0.000000 0.000000
vt 7.300000 0.000000 0.000000
vt 4.910000 1.300000 0.000000
vt 7.300000 1.300000 0.000000
vt 0.800985 4.860000 0.000000
vt 0.800985 4.930000 0.000000
vt 0.716561 4.860000 0.000000
vt 0.691047 4.930000 0.000000
vt 0.514809 4.698642 0.000000
vt 0.230000 4.561163 0.000000
vt 0.300853 4.527519 0.000000
vt 0.300853 -3.540000 0.000000
vt 0.230000 -3.600000 0.000000
vt 0.262764 -3.631928 0.000000
vt 0.220580 -3.660106 0.000000
vt 0.170825 -3.670000 0.000000
vt -0.725147 -3.600000 0.000000
vt -0.696152 -3.670000 0.000000
vt -0.720000 -3.693848 0.000000
vt -0.790000 -3.664853 0.000000
vt -0.790000 -4.940000 0.000000
vt -0.720000 -4.940000 0.000000
vt 0.290954 -3.589753 0.000000
vt -1.275147 -0.080000 0.000000
vt -0.000000 -0.080000 0.000000
vt -1.275147 0.010000 0.000000
vt -0.000000 0.010000 0.000000
vt -0.091716 -0.080000 0.000000
vt -0.000000 -0.080000 0.000000
vt -0.091716 0.010000 0.000000
vt 0.000000 0.010000 0.000000
vt -0.955147 -0.080000 0.000000
vt 0.000000 -0.080000 0.000000
vt -0.955147 0.010000 0.000000
vt -0.000000 0.010000 0.000000
vt -8.161163 -0.080000 0.000000
vt -0.000000 -0.080000 0.000000
vt -8.161163 0.010000 0.000000
vt 0.000000 0.010000 0.000000
vt -0.590428 -0.080000 0.000000
vt -0.000000 -0.080000 0.000000
vt -0.590428 0.010000 0.000000
vt 0.000000 0.010000 0.000000
vt 0.000985 -0.080000 0.000000
vt 0.000385 -0.050003 0.000000
vt -0.108953 -0.080000 0.000000
vt 0.000062 -0.020003 0.000000
vt -0.108953 0.010000 0.000000
vt 0.000015 0.010000 0.000000
vt 0.408407 -5.615176 0.000000
vt 0.408407 -6.031114 0.000000
vt 0.476475 -5.628198 0.000000
vt 0.459462 -6.030902 0.000000
vt 0.510515 -6.030302 0.000000
vt 0.544543 -5.627355 0.000000
vt 0.561564 -6.029421 0.000000
vt 0.612611 -5.626512 0.000000
vt 0.612611 -6.028406 0.000000
vt 0.544543 -5.225401 0.000000
vt 0.612611 -5.224619 0.000000
vt 0.544543 -4.823447 0.000000
vt 0.612611 -4.822725 0.000000
vt 0.544543 -4.421493 0.000000
vt 0.612611 -4.420831 0.000000
vt 0.544543 -4.019539 0.000000
vt 0.612611 -4.018937 0.000000
vt 0.544543 -3.617585 0.000000
vt 0.612611 -3.617044 0.000000
vt 0.544543 -3.215631 0.000000
vt 0.612611 -3.215150 0.000000
vt 0.544543 -2.813678 0.000000
vt 0.612611 -2.813256 0.000000
vt 0.544543 -2.411724 0.000000
vt 0.612611 -2.411362 0.000000
vt 0.544543 -2.009770 0.000000
vt 0.612611 -2.009469 0.000000
vt 0.544543 -1.607816 0.000000
vt 0.612611 -1.607575 0.000000
vt 0.544543 -1.205862 0.000000
vt 0.612611 -1.205681 0.000000
vt 0.544543 -0.803908 0.000000
vt 0.612611 -0.803787 0.000000
vt 0.544543 -0.401954 0.000000
vt 0.612611 -0.401894 0.000000
vt 0.544543 0.000000 0.000000
vt 0.612611 -0.000000 0.000000
vt 0.612611 0.401894 0.000000
vt 0.544543 0.401954 0.000000
vt 0.612611 0.803787 0.000000
vt 0.544543 0.803908 0.000000
vt 0.612611 1.205681 0.000000
vt 0.544543 1.205862 0.000000
vt 0.612611 1.607575 0.000000
vt 0.544543 1.607816 0.000000
vt 0.612611 2.009469 0.000000
vt 0.544543 2.009770 0.000000
vt 0.612611 2.411362 0.000000
vt 0.544543 2.411724 0.000000
vt 0.612611 2.813256 0.000000
vt 0.544543 2.813678 0.000000
vt 0.612611 3.215150 0.000000
vt 0.544543 3.215631 0.000000
vt 0.612611 3.617044 0.000000
vt 0.544543 3.617585 0.000000
vt 0.612611 4.018937 0.000000
vt 0.544543 4.019539 0.000000
vt 0.612611 4.420831 0.000000
vt 0.544543 4.421493 0.000000
vt 0.612611 4.822725 0.000000
vt 0.544543 4.823447 0.000000
vt 0.612611 5.224619 0.000000
vt 0.544543 5.225401 0.000000
vt 0.612611 5.626512 0.000000
vt 0.544543 5.627355 0.000000
vt 0.561564 6.029421 0.000000
vt 0.510515 6.030302 0.000000
vt 0.612611 6.028406 0.000000
vt 0.476475 5.628198 0.000000
vt 0.459462 6.030902 0.000000
vt 0.408407 5.615176 0.000000
vt 0.408407 6.031114 0.000000
vt 0.476475 5.226183 0.000000
vt 0.408407 5.199237 0.000000
vt 0.476475 4.824169 0.000000
vt 0.408407 4.783298 0.000000
vt 0.476475 4.422155 0.000000
vt 0.408407 4.367359 0.000000
vt 0.476475 4.020141 0.000000
vt 0.408407 3.951420 0.000000
vt 0.476475 3.618127 0.000000
vt 0.408407 3.535481 0.000000
vt 0.476475 3.216113 0.000000
vt 0.408407 3.119542 0.000000
vt 0.476475 2.814099 0.000000
vt 0.408407 2.703603 0.000000
vt 0.476475 2.412085 0.000000
vt 0.408407 2.287664 0.000000
vt 0.476475 2.010071 0.000000
vt 0.408407 1.871725 0.000000
vt 0.476475 1.608056 0.000000
vt 0.408407 1.455786 0.000000
vt 0.476475 1.206042 0.000000
vt 0.408407 1.039847 0.000000
vt 0.476475 0.804028 0.000000
vt 0.408407 0.623908 0.000000
vt 0.476475 0.402014 0.000000
vt 0.408407 0.207969 0.000000
vt 0.476475 0.000000 0.000000
vt 0.408407 -0.207969 0.000000
vt 0.476475 -0.402014 0.000000
vt 0.408407 -0.623908 0.000000
vt 0.476475 -0.804028 0.000000
vt 0.408407 -1.039847 0.000000
vt 0.476475 -1.206042 0.000000
vt 0.408407 -1.455786 0.000000
vt 0.476475 -1.608056 0.000000
vt 0.408407 -1.871725 0.000000
vt 0.476475 -2.010071 0.000000
vt 0.408407 -2.287664 0.000000
vt 0.476475 -2.412085 0.000000
vt 0.408407 -2.703603 0.000000
vt 0.476475 -2.814099 0.000000
vt 0.408407 -3.119542 0.000000
vt 0.476475 -3.216113 0.000000
vt 0.408407 -3.535481 0.000000
vt 0.476475 -3.618127 0.000000
vt 0.408407 -3.951420 0.000000
vt 0.476475 -4.020141 0.000000
vt 0.408407 -4.367359 0.000000
vt 0.476475 -4.422155 0.000000
vt 0.408407 -4.783298 0.000000
vt 0.476475 -4.824169 0.000000
vt 0.408407 -5.199237 0.000000
vt 0.476475 -5.226183 0.000000
vt 0.080000 3.879175 0.000000
vt 0.080000 4.746152 0.000000
vt -0.331237 3.865835 0.000000
vt -0.738749 3.809022 0.000000
vt -2.400000 4.746152 0.000000
vt -1.137954 3.709375 0.000000
vt -1.524361 3.568014 0.000000
vt -1.893627 3.386529 0.000000
vt -2.241598 3.166961 0.000000
vt -2.564361 2.911779 0.000000
vt -2.827928 4.735409 0.000000
vt -3.044520 4.710886 0.000000
vt -2.858286 2.623852 0.000000
vt -3.266342 4.662921 0.000000
vt -3.486953 4.587517 0.000000
vt -3.120069 2.306419 0.000000
vt -3.697279 4.484926 0.000000
vt -3.896836 4.355851 0.000000
vt -3.346765 1.963050 0.000000
vt -4.087137 4.198347 0.000000
vt -4.270245 4.005820 0.000000
vt -3.535825 1.597605 0.000000
vt -4.436061 3.779268 0.000000
vt -4.571796 3.523870 0.000000
vt -4.621580 3.398017 0.000000
vt -4.735399 2.829349 0.000000
vt -4.746152 2.400000 0.000000
vt -4.660333 3.276037 0.000000
vt -4.710627 3.046096 0.000000
vt -4.746152 -2.400000 0.000000
vt -3.880000 0.000000 0.000000
vt -3.858184 0.410875 0.000000
vt -3.792980 0.817129 0.000000
vt -4.735399 -2.827949 0.000000
vt -3.535825 -1.597605 0.000000
vt -3.685123 -1.214194 0.000000
vt -3.792980 -0.817129 0.000000
vt -4.710846 -3.044611 0.000000
vt -4.662899 -3.266386 0.000000
vt -4.587457 -3.487071 0.000000
vt -4.484867 -3.697413 0.000000
vt -4.355918 -3.896686 0.000000
vt -3.346765 -1.963050 0.000000
vt -4.198301 -4.087153 0.000000
vt -4.005783 -4.270223 0.000000
vt -3.779319 -4.436003 0.000000
vt -3.120069 -2.306419 0.000000
vt -3.523827 -4.571855 0.000000
vt -3.397947 -4.621670 0.000000
vt -2.858286 -2.623852 0.000000
vt -3.275981 -4.660305 0.000000
vt -3.046101 -4.710633 0.000000
vt -2.829429 -4.735275 0.000000
vt 0.080000 -4.746152 0.000000
vt -1.137954 -3.709375 0.000000
vt -1.524361 -3.568014 0.000000
vt -2.400000 -4.746152 0.000000
vt 0.080000 -3.879175 0.000000
vt -0.331237 -3.865835 0.000000
vt -0.738749 -3.809022 0.000000
vt -1.893627 -3.386529 0.000000
vt -2.241598 -3.166961 0.000000
vt -2.564361 -2.911779 0.000000
vt -3.858184 -0.410875 0.000000
vt -3.685123 1.214194 0.000000
vt 8.067519 5.970492 0.000000
vt 0.000000 5.970492 0.000000
vt 8.067519 5.558734 0.000000
vt 0.000000 5.558734 0.000000
vt 8.067519 5.146976 0.000000
vt 0.000000 5.146976 0.000000
vt 8.067519 4.735218 0.000000
vt 0.000000 4.735218 0.000000
vt 8.067519 4.323460 0.000000
vt 0.000000 4.323460 0.000000
vt 8.067519 3.911702 0.000000
vt 0.000000 3.911702 0.000000
vt 8.067519 3.499944 0.000000
vt 0.000000 3.499944 0.000000
vt 8.067519 3.088186 0.000000
vt 0.000000 3.088186 0.000000
vt 8.067519 2.676428 0.000000
vt 0.000000 2.676428 0.000000
vt 8.067519 2.264669 0.000000
vt 0.000000 2.264669 0.000000
vt 8.067519 1.852911 0.000000
vt 0.000000 1.852911 0.000000
vt 8.067519 1.441153 0.000000
vt 0.000000 1.441153 0.000000
vt 8.067519 1.029395 0.000000
vt 0.000000 1.029395 0.000000
vt 8.067519 0.617637 0.000000
vt 0.000000 0.617637 0.000000
vt 4.150000 0.501493 0.000000
vt 4.053798 0.491928 0.000000
vt 3.958555 0.463073 0.000000
vt 3.871040 0.415637 0.000000
vt 0.000000 0.205879 0.000000
vt 3.796448 0.354081 0.000000
vt 3.735216 0.279222 0.000000
vt 3.688104 0.191530 0.000000
vt 3.659480 0.096214 0.000000
vt 3.650000 -0.000000 0.000000
vt 0.000000 -0.205879 0.000000
vt 3.659480 -0.096214 0.000000
vt 3.688104 -0.191530 0.000000
vt 3.735216 -0.279222 0.000000
vt 3.796448 -0.354081 0.000000
vt 3.871040 -0.415637 0.000000
vt 0.000000 -0.617637 0.000000
vt 3.958555 -0.463073 0.000000
vt 4.053798 -0.491928 0.000000
vt 4.150000 -0.501493 0.000000
vt 8.067519 -0.617637 0.000000
vt 4.246202 -0.491928 0.000000
vt 4.341445 -0.463073 0.000000
vt 4.428960 -0.415637 0.000000
vt 8.067519 -0.205879 0.000000
vt 4.503552 -0.354081 0.000000
vt 4.564784 -0.279222 0.000000
vt 4.611896 -0.191530 0.000000
vt 4.640520 -0.096214 0.000000
vt 4.650000 -0.000000 0.000000
vt 8.067519 0.205879 0.000000
vt 4.640520 0.096214 0.000000
vt 4.611896 0.191530 0.000000
vt 4.564784 0.279222 0.000000
vt 4.503552 0.354081 0.000000
vt 4.428960 0.415637 0.000000
vt 4.341445 0.463073 0.000000
vt 4.246202 0.491928 0.000000
vt 8.067519 -1.029395 0.000000
vt 0.000000 -1.029395 0.000000
vt 8.067519 -1.441153 0.000000
vt 0.000000 -1.441153 0.000000
vt 8.067519 -1.852911 0.000000
vt 0.000000 -1.852911 0.000000
vt 8.067519 -2.264669 0.000000
vt 0.000000 -2.264669 0.000000
vt 8.067519 -2.676428 0.000000
vt 0.000000 -2.676428 0.000000
vt 8.067519 -3.088186 0.000000
vt 0.000000 -3.088186 0.000000
vt 8.067519 -3.499944 0.000000
vt 0.000000 -3.499944 0.000000
vt 8.067519 -3.911702 0.000000
vt 0.000000 -3.911702 0.000000
vt 8.067519 -4.323460 0.000000
vt 0.000000 -4.323460 0.000000
vt 8.067519 -4.735218 0.000000
vt 0.000000 -4.735218 0.000000
vt 8.067519 -5.146976 0.000000
vt 0.000000 -5.146976 0.000000
vt 8.067519 -5.558734 0.000000
vt 0.000000 -5.558734 0.000000
vt 8.067519 -5.970492 0.000000
vt 0.000000 -5.970492 0.000000
vt 2.530000 0.016863 0.000000
vt 0.050000 0.016863 0.000000
vt 2.530000 -0.016863 0.000000
vt 0.050000 -0.016863 0.000000
vt -0.274555 -5.649067 0.000000
vt -0.016256 -5.644218 0.000000
vt -0.274555 -5.245563 0.000000
vt 0.257675 -5.250705 0.000000
vt 0.257675 -4.861764 0.000000
vt 0.257675 -5.639646 0.000000
vt -0.274555 -4.842058 0.000000
vt 0.257675 -4.472823 0.000000
vt -0.274555 -4.438553 0.000000
vt 0.257675 -4.083882 0.000000
vt -0.274555 -4.035048 0.000000
vt 0.257675 -3.694941 0.000000
vt -0.274555 -3.631543 0.000000
vt 0.257675 -3.305999 0.000000
vt -0.274555 -3.228038 0.000000
vt 0.257675 -2.917058 0.000000
vt -0.274555 -2.824534 0.000000
vt 0.257675 -2.528117 0.000000
vt -0.274555 -2.421029 0.000000
vt 0.257675 -2.139176 0.000000
vt -0.274555 -2.017524 0.000000
vt 0.257675 -1.750235 0.000000
vt -0.274555 -1.614019 0.000000
vt 0.257675 -1.361294 0.000000
vt -0.274555 -1.210514 0.000000
vt 0.257675 -0.972353 0.000000
vt -0.274555 -0.807010 0.000000
vt 0.257675 -0.583412 0.000000
vt -0.274555 -0.403505 0.000000
vt 0.257675 -0.194471 0.000000
vt -0.274555 0.000000 0.000000
vt 0.257675 0.194471 0.000000
vt -0.274555 0.403505 0.000000
vt 0.257675 0.583412 0.000000
vt -0.274555 0.807010 0.000000
vt 0.257675 0.972353 0.000000
vt -0.274555 1.210514 0.000000
vt 0.257675 1.361294 0.000000
vt -0.274555 1.614019 0.000000
vt 0.257675 1.750235 0.000000
vt -0.274555 2.017524 0.000000
vt 0.257675 2.139176 0.000000
vt -0.274555 2.421029 0.000000
vt 0.257675 2.528117 0.000000
vt -0.274555 2.824534 0.000000
vt 0.257675 2.917058 0.000000
vt -0.274555 3.228038 0.000000
vt 0.257675 3.305999 0.000000
vt -0.274555 3.631543 0.000000
vt 0.257675 3.694941 0.000000
vt -0.274555 4.035048 0.000000
vt 0.257675 4.083882 0.000000
vt -0.274555 4.438553 0.000000
vt 0.257675 4.472823 0.000000
vt -0.274555 4.842058 0.000000
vt 0.257675 4.861764 0.000000
vt -0.274555 5.245563 0.000000
vt 0.257675 5.250705 0.000000
vt -0.016256 5.644218 0.000000
vt 0.257675 5.639646 0.000000
vt -0.274555 5.649067 0.000000
vt -4.980000 0.000000 0.000000
vt -2.500000 0.000000 0.000000
vt -4.980000 1.246152 0.000000
vt -2.500000 1.246152 0.000000
vt -0.080000 4.840000 0.000000
vt -0.080000 4.770000 0.000000
vt 0.010000 4.840000 0.000000
vt 2.400000 4.770000 0.000000
vt 2.400000 4.900000 0.000000
vt 2.641280 4.767860 0.000000
vt 2.887173 4.885122 0.000000
vt 2.875636 4.755541 0.000000
vt 3.105024 4.724501 0.000000
vt 3.128858 4.852288 0.000000
vt 3.330127 4.669185 0.000000
vt 3.368488 4.793381 0.000000
vt 3.550855 4.585801 0.000000
vt 3.604217 4.704361 0.000000
vt 3.765454 4.472565 0.000000
vt 3.833080 4.583552 0.000000
vt 3.970169 4.330098 0.000000
vt 4.050775 4.432097 0.000000
vt 4.160438 4.160636 0.000000
vt 4.252446 4.252565 0.000000
vt 4.329899 3.970271 0.000000
vt 4.431981 4.050816 0.000000
vt 4.472497 3.765430 0.000000
vt 4.583574 3.833035 0.000000
vt 4.585889 3.550739 0.000000
vt 4.704536 3.604123 0.000000
vt 4.669299 3.330012 0.000000
vt 4.793548 3.368409 0.000000
vt 4.724520 3.104983 0.000000
vt 4.852312 3.128835 0.000000
vt 4.755491 2.875651 0.000000
vt 4.885050 2.887189 0.000000
vt 4.767831 2.641293 0.000000
vt 4.900000 2.400000 0.000000
vt 4.770000 2.400000 0.000000
vt 4.900000 -2.400000 0.000000
vt 4.770000 -2.400000 0.000000
vt 4.767860 -2.641280 0.000000
vt 4.885122 -2.887173 0.000000
vt 4.755541 -2.875636 0.000000
vt 4.852288 -3.128858 0.000000
vt 4.724501 -3.105024 0.000000
vt 4.793381 -3.368488 0.000000
vt 4.669185 -3.330127 0.000000
vt 4.704361 -3.604217 0.000000
vt 4.585801 -3.550855 0.000000
vt 4.583552 -3.833080 0.000000
vt 4.472565 -3.765454 0.000000
vt 4.432097 -4.050775 0.000000
vt 4.330098 -3.970169 0.000000
vt 4.252565 -4.252446 0.000000
vt 4.160636 -4.160438 0.000000
vt 4.050816 -4.431981 0.000000
vt 3.970271 -4.329899 0.000000
vt 3.833035 -4.583574 0.000000
vt 3.765430 -4.472497 0.000000
vt 3.604123 -4.704536 0.000000
vt 3.550739 -4.585889 0.000000
vt 3.368409 -4.793548 0.000000
vt 3.330012 -4.669299 0.000000
vt 3.128835 -4.852312 0.000000
vt 3.104983 -4.724520 0.000000
vt 2.887189 -4.885050 0.000000
vt 2.875651 -4.755491 0.000000
vt 2.641293 -4.767831 0.000000
vt 2.400000 -4.900000 0.000000
vt 2.400000 -4.770000 0.000000
vt 0.010000 -4.840000 0.000000
vt -0.080000 -4.770000 0.000000
vt -0.080000 -4.840000 0.000000
vt 0.010000 -4.900000 0.000000
vt 0.010000 4.900000 0.000000
vt 0.080000 3.249015 0.000000
vt 0.080000 3.333439 0.000000
vt -0.289970 3.237038 0.000000
vt -0.299422 3.320928 0.000000
vt -0.656178 3.183069 0.000000
vt -0.674963 3.265370 0.000000
vt -1.013874 3.087808 0.000000
vt -1.041754 3.167485 0.000000
vt -1.358418 2.952491 0.000000
vt -1.395042 3.028543 0.000000
vt -1.685339 2.778872 0.000000
vt -1.730248 2.850343 0.000000
vt -1.990398 2.569205 0.000000
vt -2.043025 2.635197 0.000000
vt -2.269637 2.326209 0.000000
vt -2.329320 2.385892 0.000000
vt -2.519432 2.053037 0.000000
vt -2.585421 2.105661 0.000000
vt -2.736545 1.753232 0.000000
vt -2.808010 1.798136 0.000000
vt -2.918158 1.430683 0.000000
vt -2.994200 1.467303 0.000000
vt -3.061916 1.089574 0.000000
vt -3.141579 1.117450 0.000000
vt -3.165953 0.734332 0.000000
vt -3.248236 0.753112 0.000000
vt -3.228920 0.369563 0.000000
vt -3.312788 0.379013 0.000000
vt -3.250000 -0.000000 0.000000
vt -3.334398 -0.000000 0.000000
vt -3.312788 -0.379013 0.000000
vt -3.228920 -0.369563 0.000000
vt -3.248236 -0.753112 0.000000
vt -3.165953 -0.734332 0.000000
vt -3.141579 -1.117450 0.000000
vt -3.061916 -1.089574 0.000000
vt -2.994200 -1.467303 0.000000
vt -2.918158 -1.430683 0.000000
vt -2.808010 -1.798136 0.000000
vt -2.736545 -1.753232 0.000000
vt -2.585421 -2.105661 0.000000
vt -2.519432 -2.053037 0.000000
vt -2.329320 -2.385892 0.000000
vt -2.269637 -2.326209 0.000000
vt -2.043025 -2.635197 0.000000
vt -1.990398 -2.569205 0.000000
vt -1.730248 -2.850343 0.000000
vt -1.685339 -2.778872 0.000000
vt -1.395042 -3.028543 0.000000
vt -1.358418 -2.952491 0.000000
vt -1.041754 -3.167485 0.000000
vt -1.013874 -3.087808 0.000000
vt -0.674963 -3.265370 0.000000
vt -0.656178 -3.183069 0.000000
vt -0.299422 -3.320928 0.000000
vt -0.289970 -3.237038 0.000000
vt 0.080000 -3.333439 0.000000
vt 0.080000 -3.249015 0.000000
vn -0.100000 0.000000 0.000000
vn -0.100000 0.000000 0.000000
vn -0.100000 0.000000 0.000000
vn -0.100000 0.000000 0.000000
vn -0.100000 0.000000 0.000000
vn -0.100000 0.000000 0.000000
vn -0.100000 0.000000 0.000000
vn -0.100000 0.000000 0.000000
vn -0.100000 0.000000 0.000000
vn -0.100000 0.000000 0.000000
vn -0.100000 0.000000 0.000000
vn -0.100000 0.000000 0.000000
vn -0.100000 0.000000 0.000000
vn -0.100000 0.000000 0.000000
vn -0.100000 0.000000 0.000000
vn -0.100000 0.000000 0.000000
vn -0.100000 0.000000 0.000000
vn -0.100000 0.000000 0.000000
vn -0.100000 0.000000 0.000000
vn 0.000000 -0.062470 0.078087
vn 0.000000 -0.062470 0.078087
vn 0.000000 -0.062470 0.078087
vn 0.000000 -0.062470 0.078087
vn 0.000000 0.000000 0.100000
vn 0.000000 0.000000 0.100000
vn 0.000000 0.000000 0.100000
vn 0.000000 0.000000 0.100000
vn 0.000000 0.000000 0.100000
vn 0.000000 0.000000 0.100000
vn -0.100000 0.000000 0.000000
vn -0.100000 0.000000 0.000000
vn -0.100000 0.000000 0.000000
vn -0.100000 0.000000 0.000000
vn -0.100000 0.000000 0.000000
vn -0.100000 0.000000 0.000000
vn -0.100000 0.000000 0.000000
vn -0.100000 0.000000 0.000000
vn -0.100000 0.000000 0.000000
vn -0.100000 0.000000 0.000000
vn -0.100000 0.000000 0.000000
vn -0.100000 0.000000 0.000000
vn -0.100000 0.000000 0.000000
vn -0.100000 0.000000 0.000000
vn 0.000000 -0.100000 0.000000
vn 0.000000 -0.100000 0.000000
vn 0.000000 -0.100000 0.000000
vn 0.000000 -0.100000 0.000000
vn 0.000000 -0.070711 0.070711
vn 0.000000 -0.070711 0.070711
vn 0.000000 -0.070711 0.070711
vn 0.000000 -0.070711 0.070711
vn 0.000000 0.000000 0.100000
vn 0.000000 0.000000 0.100000
vn 0.000000 0.000000 0.100000
vn 0.000000 0.000000 0.100000
vn 0.000000 -0.100000 0.000000
vn 0.000000 -0.100000 0.000000
vn 0.000000 -0.100000 0.000000
vn 0.000000 -0.100000 0.000000
vn 0.002462 0.099970 0.000000
vn 0.001539 0.099988 0.000000
vn 0.002462 0.099970 0.000000
vn 0.000615 0.099998 0.000000
vn -0.000308 0.100000 0.000000
vn -0.008922 0.099601 0.000000
vn -0.000308 0.100000 0.000000
vn -0.011892 0.099290 0.000000
vn -0.020190 0.097941 0.000000
vn -0.023317 0.097244 0.000000
vn -0.031196 0.095009 0.000000
vn -0.034427 0.093887 0.000000
vn -0.041797 0.090846 0.000000
vn -0.045073 0.089266 0.000000
vn -0.051857 0.085504 0.000000
vn -0.055113 0.083442 0.000000
vn -0.061243 0.079052 0.000000
vn -0.064410 0.076494 0.000000
vn -0.069835 0.071576 0.000000
vn -0.072839 0.068516 0.000000
vn -0.077521 0.063170 0.000000
vn -0.080287 0.059615 0.000000
vn -0.084201 0.053946 0.000000
vn -0.086654 0.049911 0.000000
vn -0.089789 0.044021 0.000000
vn -0.091853 0.039535 0.000000
vn -0.094213 0.033525 0.000000
vn -0.095815 0.028626 0.000000
vn -0.097414 0.022595 0.000000
vn -0.098487 0.017331 0.000000
vn -0.099351 0.011371 0.000000
vn -0.099831 0.005803 0.000000
vn -0.100000 0.000000 0.000000
vn -0.099831 -0.005803 0.000000
vn -0.099351 -0.011371 0.000000
vn -0.098487 -0.017331 0.000000
vn -0.097414 -0.022595 0.000000
vn -0.095815 -0.028626 0.000000
vn -0.094213 -0.033525 0.000000
vn -0.091853 -0.039535 0.000000
vn -0.089789 -0.044021 0.000000
vn -0.086654 -0.049911 0.000000
vn -0.084201 -0.053946 0.000000
vn -0.080287 -0.059615 0.000000
vn -0.077521 -0.063170 0.000000
vn -0.072839 -0.068516 0.000000
vn -0.069835 -0.071576 0.000000
vn -0.064410 -0.076494 0.000000
vn -0.061243 -0.079052 0.000000
vn -0.055113 -0.083442 0.000000
vn -0.051857 -0.085504 0.000000
vn -0.045073 -0.089266 0.000000
vn -0.041797 -0.090846 0.000000
vn -0.034427 -0.093887 0.000000
vn -0.031196 -0.095009 0.000000
vn -0.023317 -0.097244 0.000000
vn -0.020190 -0.097941 0.000000
vn -0.011892 -0.099290 0.000000
vn -0.008922 -0.099601 0.000000
vn -0.000308 -0.100000 0.000000
vn -0.000308 -0.100000 0.000000
vn 0.002462 -0.099970 0.000000
vn 0.000615 -0.099998 0.000000
vn 0.001539 -0.099988 0.000000
vn 0.002462 -0.099970 0.000000
vn 0.000000 0.000000 0.100000
vn 0.000000 0.000000 0.100000
vn 0.000000 0.000000 0.100000
vn 0.000000 0.000000 0.100000
vn 0.000000 0.000000 0.100000
vn 0.000000 0.000000 0.100000
vn 0.000000 0.000000 0.100000
vn 0.000000 0.000000 0.100000
vn 0.000000 0.000000 0.100000
vn 0.000000 0.000000 0.100000
vn 0.000000 0.000000 0.100000
vn 0.000000 0.000000 0.100000
vn 0.000000 0.000000 0.100000
vn 0.000000 0.000000 0.100000
vn 0.000000 0.000000 0.100000
vn 0.000000 0.000000 0.100000
vn 0.000000 0.000000 0.100000
vn 0.000000 0.000000 0.100000
vn 0.000000 0.000000 0.100000
vn 0.000000 0.000000 0.100000
vn 0.000000 0.000000 0.100000
vn 0.000000 0.000000 0.100000
vn 0.000000 0.000000 0.100000
vn 0.000000 0.000000 0.100000
vn 0.000000 0.000000 0.100000
vn 0.000000 0.000000 0.100000
vn 0.000000 0.000000 0.100000
vn 0.000000 0.000000 0.100000
vn 0.000000 0.000000 0.100000
vn 0.000000 0.000000 0.100000
vn 0.000000 0.000000 0.100000
vn 0.000000 0.000000 0.100000
vn 0.000000 0.000000 0.100000
vn 0.000000 0.000000 0.100000
vn 0.000000 0.000000 0.100000
vn 0.000000 0.000000 0.100000
vn 0.000000 0.000000 0.100000
vn 0.000000 0.000000 0.100000
vn 0.000000 0.000000 0.100000
vn 0.000000 0.000000 0.100000
vn 0.000000 0.000000 0.100000
vn 0.000000 0.000000 0.100000
vn 0.000000 0.000000 0.100000
vn 0.000000 0.000000 0.100000
vn 0.000000 0.000000 0.100000
vn 0.000000 0.000000 0.100000
vn 0.000000 0.000000 0.100000
vn 0.000000 0.000000 0.100000
vn 0.000000 0.000000 0.100000
vn 0.000000 0.000000 0.100000
vn 0.000000 0.000000 0.100000
vn 0.000000 0.000000 0.100000
vn 0.000000 0.000000 0.100000
vn 0.000000 0.000000 0.100000
vn 0.000000 0.000000 0.100000
vn 0.000000 0.000000 0.100000
vn 0.000000 0.000000 0.100000
vn 0.000161 -0.062469 0.078087
vn 0.006679 -0.062111 0.078087
vn 0.000185 -0.062469 0.078087
vn 0.007165 -0.062057 0.078087
vn 0.013125 -0.061075 0.078087
vn 0.014055 -0.060868 0.078087
vn 0.019427 -0.059372 0.078087
vn 0.020769 -0.058916 0.078087
vn 0.025516 -0.057021 0.078087
vn 0.027223 -0.056226 0.078087
vn 0.031328 -0.054046 0.078087
vn 0.033336 -0.052831 0.078087
vn 0.036797 -0.050482 0.078087
vn 0.039032 -0.048775 0.078087
vn 0.041864 -0.046366 0.078087
vn 0.044238 -0.044107 0.078087
vn 0.046474 -0.041744 0.078087
vn 0.048890 -0.038887 0.078087
vn 0.050577 -0.036667 0.078087
vn 0.052930 -0.033180 0.078087
vn 0.054127 -0.031188 0.078087
vn 0.056306 -0.027057 0.078087
vn 0.057086 -0.025369 0.078087
vn 0.058977 -0.020595 0.078087
vn 0.059422 -0.019274 0.078087
vn 0.060909 -0.013875 0.078087
vn 0.061109 -0.012967 0.078087
vn 0.062078 -0.006981 0.078087
vn 0.062128 -0.006519 0.078087
vn 0.062470 0.000000 0.078087
vn 0.062470 -0.000000 0.078087
vn 0.062128 0.006519 0.078087
vn 0.062078 0.006981 0.078087
vn 0.061109 0.012967 0.078087
vn 0.060909 0.013875 0.078087
vn 0.059422 0.019274 0.078087
vn 0.058977 0.020595 0.078087
vn 0.057086 0.025369 0.078087
vn 0.056306 0.027057 0.078087
vn 0.054127 0.031188 0.078087
vn 0.052930 0.033180 0.078087
vn 0.050577 0.036667 0.078087
vn 0.048890 0.038887 0.078087
vn 0.046474 0.041744 0.078087
vn 0.044238 0.044107 0.078087
vn 0.041864 0.046366 0.078087
vn 0.039032 0.048775 0.078087
vn 0.036797 0.050482 0.078087
vn 0.033336 0.052831 0.078087
vn 0.031328 0.054046 0.078087
vn 0.027223 0.056226 0.078087
vn 0.025516 0.057021 0.078087
vn 0.020769 0.058916 0.078087
vn 0.019427 0.059372 0.078087
vn 0.014055 0.060868 0.078087
vn 0.013125 0.061075 0.078087
vn 0.007165 0.062057 0.078087
vn 0.006679 0.062111 0.078087
vn 0.000185 0.062469 0.078087
vn 0.000161 0.062469 0.078087
vn 0.000258 -0.100000 0.000000
vn 0.000258 -0.100000 0.000000
vn 0.010692 -0.099427 0.000000
vn 0.010692 -0.099427 0.000000
vn 0.021010 -0.097768 0.000000
vn 0.021010 -0.097768 0.000000
vn 0.031098 -0.095042 0.000000
vn 0.031098 -0.095042 0.000000
vn 0.040846 -0.091278 0.000000
vn 0.040846 -0.091278 0.000000
vn 0.050149 -0.086517 0.000000
vn 0.050149 -0.086517 0.000000
vn 0.058904 -0.080811 0.000000
vn 0.058904 -0.080811 0.000000
vn 0.067015 -0.074222 0.000000
vn 0.067015 -0.074222 0.000000
vn 0.074395 -0.066824 0.000000
vn 0.074395 -0.066824 0.000000
vn 0.080962 -0.058695 0.000000
vn 0.080962 -0.058695 0.000000
vn 0.086645 -0.049926 0.000000
vn 0.086645 -0.049926 0.000000
vn 0.091382 -0.040611 0.000000
vn 0.091382 -0.040611 0.000000
vn 0.095122 -0.030853 0.000000
vn 0.095122 -0.030853 0.000000
vn 0.097822 -0.020758 0.000000
vn 0.097822 -0.020758 0.000000
vn 0.099454 -0.010436 0.000000
vn 0.099454 -0.010436 0.000000
vn 0.099792 -0.006443 0.000000
vn 0.099823 -0.005953 0.000000
vn 0.100000 0.000000 0.000000
vn 0.099896 -0.004556 0.000000
vn 0.099823 -0.005953 0.000000
vn 0.099454 0.010436 0.000000
vn 0.099896 0.004556 0.000000
vn 0.099970 0.002466 0.000000
vn 0.100000 0.000000 0.000000
vn 0.097822 0.020758 0.000000
vn 0.099454 0.010436 0.000000
vn 0.099792 0.006443 0.000000
vn 0.099823 0.005953 0.000000
vn 0.097822 0.020758 0.000000
vn 0.095122 0.030853 0.000000
vn 0.095122 0.030853 0.000000
vn 0.091382 0.040611 0.000000
vn 0.091382 0.040611 0.000000
vn 0.086645 0.049926 0.000000
vn 0.086645 0.049926 0.000000
vn 0.080962 0.058695 0.000000
vn 0.080962 0.058695 0.000000
vn 0.074395 0.066824 0.000000
vn 0.074395 0.066824 0.000000
vn 0.067015 0.074222 0.000000
vn 0.067015 0.074222 0.000000
vn 0.058904 0.080811 0.000000
vn 0.058904 0.080811 0.000000
vn 0.050149 0.086517 0.000000
vn 0.050149 0.086517 0.000000
vn 0.040846 0.091278 0.000000
vn 0.040846 0.091278 0.000000
vn 0.031098 0.095042 0.000000
vn 0.031098 0.095042 0.000000
vn 0.021010 0.097768 0.000000
vn 0.021010 0.097768 0.000000
vn 0.010692 0.099427 0.000000
vn 0.010692 0.099427 0.000000
vn 0.000258 0.100000 0.000000
vn 0.000258 0.100000 0.000000
vn 0.100000 -0.000000 0.000000
vn 0.099896 0.004556 0.000000
vn 0.099823 0.005953 0.000000
vn 0.099896 -0.004556 0.000000
vn 0.099970 -0.002466 0.000000
vn 0.100000 -0.000000 0.000000
vn 0.099970 -0.002466 0.000000
vn 0.099970 0.002466 0.000000
vn -0.100000 0.000000 0.000000
vn -0.100000 0.000000 0.000000
vn -0.100000 0.000000 0.000000
vn -0.100000 0.000000 0.000000
vn -0.100000 0.000000 0.000000
vn -0.100000 0.000000 0.000000
vn -0.100000 0.000000 0.000000
vn -0.100000 0.000000 0.000000
vn -0.100000 0.000000 0.000000
vn -0.100000 0.000000 0.000000
vn -0.100000 0.000000 0.000000
vn -0.100000 0.000000 0.000000
vn -0.100000 0.000000 0.000000
vn -0.100000 0.000000 0.000000
vn 0.000000 0.100000 0.000000
vn 0.000000 0.100000 0.000000
vn 0.000000 0.100000 0.000000
vn 0.000000 0.100000 0.000000
vn 0.000000 0.070711 0.070711
vn 0.000000 0.070711 0.070711
vn 0.000000 0.070711 0.070711
vn 0.000000 0.070711 0.070711
vn 0.000000 0.000000 0.100000
vn 0.000000 0.000000 0.100000
vn 0.000000 0.000000 0.100000
vn 0.000000 0.000000 0.100000
vn 0.000000 0.000000 0.100000
vn 0.000000 0.000000 0.100000
vn 0.000000 0.000000 0.100000
vn 0.000000 0.000000 0.100000
vn 0.000000 0.000000 0.100000
vn 0.000000 0.000000 0.100000
vn 0.000000 0.000000 0.100000
vn 0.000000 0.000000 0.100000
vn 0.000000 0.000000 0.100000
vn 0.000000 0.000000 0.100000
vn 0.000000 0.000000 0.100000
vn 0.000000 0.000000 0.100000
vn 0.000000 0.000000 0.100000
vn 0.000000 0.000000 0.100000
vn 0.000000 0.000000 0.100000
vn 0.000000 0.000000 0.100000
vn 0.000000 0.000000 0.100000
vn 0.000000 0.000000 0.100000
vn 0.000000 0.000000 0.100000
vn 0.000000 0.000000 0.100000
vn 0.000000 0.000000 0.100000
vn 0.000000 0.000000 0.100000
vn 0.000000 0.000000 0.100000
vn 0.000000 0.000000 0.100000
vn 0.000000 0.000000 0.100000
vn 0.000000 0.000000 0.100000
vn 0.000000 0.000000 0.100000
vn 0.000000 0.000000 0.100000
vn 0.000000 0.000000 0.100000
vn 0.000000 0.000000 0.100000
vn 0.000000 0.000000 0.100000
vn 0.000000 0.000000 0.100000
vn 0.000000 0.000000 0.100000
vn 0.000000 0.000000 0.100000
vn 0.000000 0.000000 0.100000
vn 0.000000 0.000000 0.100000
vn 0.000000 0.000000 0.100000
vn 0.000000 0.000000 0.100000
vn 0.000000 0.000000 0.100000
vn 0.000000 0.000000 0.100000
vn 0.000000 0.000000 0.100000
vn 0.000000 0.000000 0.100000
vn 0.000000 0.000000 0.100000
vn 0.000000 0.000000 0.100000
vn 0.000000 0.000000 0.100000
vn 0.000000 0.000000 0.100000
vn 0.000000 0.000000 0.100000
vn 0.000000 0.000000 0.100000
vn 0.000000 0.000000 0.100000
vn 0.000000 0.000000 0.100000
vn 0.000000 0.000000 0.100000
vn 0.000000 0.000000 0.100000
vn 0.000000 0.000000 0.100000
vn 0.000000 0.000000 0.100000
vn 0.000000 0.000000 0.100000
vn 0.000000 0.000000 0.100000
vn 0.000000 0.000000 0.100000
vn 0.000000 0.000000 0.100000
vn 0.000000 0.000000 0.100000
vn 0.000000 0.000000 0.100000
vn 0.000000 0.000000 0.100000
vn -0.100000 0.000000 0.000000
vn -0.100000 0.000000 0.000000
vn -0.100000 0.000000 0.000000
vn -0.100000 0.000000 0.000000
vn -0.100000 0.000000 0.000000
vn -0.100000 0.000000 0.000000
vn -0.100000 0.000000 0.000000
vn -0.100000 0.000000 0.000000
vn -0.100000 0.000000 0.000000
vn -0.100000 0.000000 0.000000
vn -0.100000 0.000000 0.000000
vn -0.100000 0.000000 0.000000
vn -0.100000 0.000000 0.000000
vn -0.100000 0.000000 0.000000
vn -0.100000 0.000000 0.000000
vn -0.100000 0.000000 0.000000
vn -0.100000 0.000000 0.000000
vn -0.100000 0.000000 0.000000
vn -0.100000 0.000000 0.000000
vn -0.100000 0.000000 0.000000
vn -0.100000 0.000000 0.000000
vn -0.100000 0.000000 0.000000
vn -0.100000 0.000000 0.000000
vn -0.100000 0.000000 0.000000
vn -0.100000 0.000000 0.000000
vn -0.100000 0.000000 0.000000
vn -0.100000 0.000000 0.000000
vn -0.100000 0.000000 0.000000
vn -0.100000 0.000000 0.000000
vn -0.100000 0.000000 0.000000
vn -0.100000 0.000000 0.000000
vn -0.100000 0.000000 0.000000
vn -0.100000 0.000000 0.000000
vn -0.000000 0.029476 -0.095557
vn -0.000000 0.019246 -0.098131
vn 0.000000 -0.000000 -0.100000
vn 0.000000 -0.000000 -0.100000
vn 0.000000 -0.019246 -0.098131
vn -0.000000 0.038289 -0.092379
vn -0.000000 0.056332 -0.082624
vn -0.000000 0.055808 -0.082979
vn -0.000000 0.070711 -0.070710
vn -0.000000 0.078183 -0.062349
vn -0.000000 0.082979 -0.055807
vn -0.000000 0.093087 -0.036534
vn -0.000000 0.092379 -0.038289
vn -0.000000 0.098131 -0.019246
vn -0.000000 0.099720 -0.007473
vn -0.000000 0.100000 -0.000000
vn 0.000000 0.097493 0.022252
vn 0.000000 0.098131 0.019246
vn 0.000000 0.092379 0.038289
vn 0.000000 0.086603 0.050000
vn 0.000000 0.082979 0.055807
vn 0.000000 0.068017 0.073305
vn 0.000000 0.070711 0.070710
vn 0.000000 0.055808 0.082979
vn 0.000000 0.043388 0.090097
vn 0.000000 0.038289 0.092379
vn 0.000000 0.014904 0.098883
vn 0.000000 0.019246 0.098131
vn 0.000000 0.000000 0.100000
vn 0.000000 -0.014904 0.098883
vn 0.000000 -0.019246 0.098131
vn 0.000000 -0.038289 0.092379
vn 0.000000 -0.043388 0.090097
vn 0.000000 -0.055808 0.082979
vn 0.000000 -0.068017 0.073305
vn 0.000000 -0.070711 0.070710
vn 0.000000 -0.082979 0.055807
vn 0.000000 -0.086603 0.050000
vn 0.000000 -0.092379 0.038289
vn 0.000000 -0.097493 0.022252
vn 0.000000 -0.098131 0.019246
vn 0.000000 -0.100000 -0.000000
vn 0.000000 -0.099720 -0.007473
vn 0.000000 -0.098131 -0.019246
vn 0.000000 -0.093087 -0.036534
vn 0.000000 -0.092379 -0.038289
vn 0.000000 -0.082979 -0.055807
vn 0.000000 -0.078183 -0.062349
vn 0.000000 -0.070711 -0.070710
vn 0.000000 -0.056332 -0.082624
vn 0.000000 -0.055808 -0.082979
vn 0.000000 -0.038289 -0.092379
vn 0.000000 -0.029476 -0.095557
vn 0.100000 0.000000 0.000000
vn 0.100000 0.000000 0.000000
vn 0.100000 0.000000 0.000000
vn 0.100000 0.000000 0.000000
vn 0.100000 0.000000 0.000000
vn 0.100000 0.000000 0.000000
vn 0.100000 0.000000 0.000000
vn 0.100000 0.000000 0.000000
vn 0.100000 0.000000 0.000000
vn 0.100000 0.000000 0.000000
vn 0.100000 0.000000 0.000000
vn 0.100000 0.000000 0.000000
vn 0.100000 0.000000 0.000000
vn 0.100000 0.000000 0.000000
vn 0.100000 0.000000 0.000000
vn 0.100000 0.000000 0.000000
vn 0.100000 0.000000 0.000000
vn 0.100000 0.000000 0.000000
vn 0.100000 0.000000 0.000000
vn 0.100000 0.000000 0.000000
vn 0.100000 0.000000 0.000000
vn 0.100000 0.000000 0.000000
vn 0.100000 0.000000 0.000000
vn 0.100000 0.000000 0.000000
vn 0.100000 0.000000 0.000000
vn 0.100000 0.000000 0.000000
vn 0.100000 0.000000 0.000000
vn 0.000000 0.050000 0.086603
vn 0.000000 0.050000 0.086603
vn 0.000000 0.000000 0.100000
vn 0.000000 0.000000 0.100000
vn 0.000000 -0.050000 0.086603
vn 0.000000 -0.050000 0.086603
vn 0.000000 -0.086603 0.050000
vn 0.000000 -0.086603 0.050000
vn 0.000000 -0.100000 0.000000
vn 0.000000 -0.100000 0.000000
vn 0.000000 -0.086603 -0.050000
vn 0.000000 -0.086603 -0.050000
vn 0.000000 -0.050000 -0.086603
vn 0.000000 -0.050000 -0.086603
vn 0.000000 -0.000000 -0.100000
vn 0.000000 -0.000000 -0.100000
vn 0.000000 0.050000 -0.086603
vn 0.000000 0.050000 -0.086603
vn 0.000000 0.086603 -0.050000
vn 0.000000 0.086603 -0.050000
vn 0.000000 0.100000 0.000000
vn 0.000000 0.100000 0.000000
vn 0.000000 0.086603 0.050000
vn 0.000000 0.086603 0.050000
vn -0.000000 0.038273 0.092386
vn -0.000000 0.000000 0.100000
vn -0.000000 0.000000 0.100000
vn 0.000000 -0.038273 0.092386
vn 0.000000 -0.040674 0.091355
vn 0.000000 -0.070711 0.070711
vn 0.000000 -0.074314 0.066913
vn 0.000000 -0.092386 0.038273
vn 0.000000 -0.095106 0.030902
vn 0.000000 -0.100000 -0.000000
vn 0.000000 -0.099452 -0.010453
vn 0.000000 -0.092386 -0.038273
vn 0.000000 -0.086603 -0.050000
vn 0.000000 -0.070711 -0.070711
vn 0.000000 -0.058779 -0.080902
vn 0.000000 -0.038273 -0.092386
vn 0.000000 -0.020791 -0.097815
vn -0.000000 0.000000 -0.100000
vn -0.000000 0.020791 -0.097815
vn -0.000000 0.038273 -0.092386
vn -0.000000 0.058779 -0.080902
vn -0.000000 0.070711 -0.070711
vn -0.000000 0.086603 -0.050000
vn -0.000000 0.092386 -0.038273
vn -0.000000 0.099452 -0.010453
vn -0.000000 0.100000 0.000000
vn -0.000000 0.095106 0.030902
vn -0.000000 0.092386 0.038273
vn -0.000000 0.074314 0.066913
vn -0.000000 0.070711 0.070711
vn -0.000000 0.040674 0.091355
vn -0.000000 0.100000 -0.000000
vn -0.000000 0.100000 -0.000000
vn -0.000000 0.100000 -0.000000
vn -0.000000 0.100000 -0.000000
vn -0.100000 0.000000 0.000000
vn -0.099970 0.002440 0.000000
vn -0.100000 0.000000 0.000000
vn -0.099970 0.002440 0.000000
vn -0.099616 0.008751 0.000000
vn -0.099616 0.008751 0.000000
vn -0.098301 0.018357 0.000000
vn -0.098301 0.018357 0.000000
vn -0.095566 0.029448 0.000000
vn -0.095566 0.029448 0.000000
vn -0.091154 0.041121 0.000000
vn -0.091154 0.041121 0.000000
vn -0.085408 0.052015 0.000000
vn -0.085408 0.052015 0.000000
vn -0.078475 0.061981 0.000000
vn -0.078475 0.061981 0.000000
vn -0.070722 0.070699 0.000000
vn -0.070722 0.070699 0.000000
vn -0.061988 0.078470 0.000000
vn -0.061988 0.078470 0.000000
vn -0.051986 0.085425 0.000000
vn -0.051986 0.085425 0.000000
vn -0.041090 0.091168 0.000000
vn -0.041090 0.091168 0.000000
vn -0.029464 0.095561 0.000000
vn -0.029464 0.095561 0.000000
vn -0.018395 0.098293 0.000000
vn -0.018395 0.098293 0.000000
vn -0.008757 0.099616 0.000000
vn -0.008757 0.099616 0.000000
vn -0.002423 0.099971 0.000000
vn -0.002423 0.099971 0.000000
vn -0.100000 -0.000000 0.000000
vn -0.100000 -0.000000 0.000000
vn 0.000000 -0.100000 0.000000
vn -0.002440 -0.099970 0.000000
vn 0.000000 -0.100000 0.000000
vn -0.002440 -0.099970 0.000000
vn -0.008751 -0.099616 0.000000
vn -0.008751 -0.099616 0.000000
vn -0.018357 -0.098301 0.000000
vn -0.018357 -0.098301 0.000000
vn -0.029448 -0.095566 0.000000
vn -0.029448 -0.095566 0.000000
vn -0.041121 -0.091154 0.000000
vn -0.041121 -0.091154 0.000000
vn -0.052015 -0.085408 0.000000
vn -0.052015 -0.085408 0.000000
vn -0.061981 -0.078475 0.000000
vn -0.061981 -0.078475 0.000000
vn -0.070699 -0.070722 0.000000
vn -0.070699 -0.070722 0.000000
vn -0.078470 -0.061988 0.000000
vn -0.078470 -0.061988 0.000000
vn -0.085425 -0.051986 0.000000
vn -0.085425 -0.051986 0.000000
vn -0.091168 -0.041090 0.000000
vn -0.091168 -0.041090 0.000000
vn -0.095561 -0.029464 0.000000
vn -0.095561 -0.029464 0.000000
vn -0.098293 -0.018395 0.000000
vn -0.098293 -0.018395 0.000000
vn -0.099616 -0.008757 0.000000
vn -0.099616 -0.008757 0.000000
vn -0.099971 -0.002423 0.000000
vn -0.099971 -0.002423 0.000000
vn -0.000000 0.070711 -0.070711
vn -0.000000 0.070711 -0.070711
vn -0.000000 0.070711 -0.070711
vn -0.000000 0.070711 -0.070711
vn -0.005131 0.070524 -0.070711
vn -0.004680 0.070554 -0.070712
vn -0.001729 0.070683 -0.070718
vn -0.010212 0.069969 -0.070711
vn -0.011225 0.069813 -0.070712
vn -0.017483 0.068516 -0.070710
vn -0.019102 0.068083 -0.070710
vn -0.023609 0.066653 -0.070711
vn -0.026096 0.065718 -0.070711
vn -0.028416 0.064749 -0.070711
vn -0.030753 0.063673 -0.070710
vn -0.035144 0.061359 -0.070710
vn -0.029080 0.064454 -0.070711
vn -0.036765 0.060401 -0.070711
vn -0.043124 0.056040 -0.070710
vn -0.043839 0.055482 -0.070710
vn -0.049518 0.050478 -0.070710
vn -0.049980 0.050021 -0.070710
vn -0.054892 0.044574 -0.070711
vn -0.055533 0.043773 -0.070711
vn -0.059472 0.038252 -0.070709
vn -0.060364 0.036828 -0.070710
vn -0.063464 0.031183 -0.070711
vn -0.064476 0.029033 -0.070710
vn -0.066719 0.023423 -0.070710
vn -0.067583 0.020801 -0.070709
vn -0.068924 0.015792 -0.070711
vn -0.069502 0.013009 -0.070712
vn -0.070151 0.008884 -0.070710
vn -0.070438 0.006208 -0.070710
vn -0.070604 0.003809 -0.070715
vn -0.070682 0.001722 -0.070719
vn -0.070699 0.000823 -0.070717
vn -0.070711 -0.000000 -0.070711
vn -0.070711 0.000000 -0.070711
vn -0.070524 0.005121 -0.070712
vn -0.037710 0.059815 -0.070712
vn -0.045513 0.054117 -0.070709
vn -0.051746 0.048191 -0.070710
vn -0.057056 0.041770 -0.070710
vn -0.061540 0.034826 -0.070711
vn -0.065354 0.026998 -0.070711
vn -0.068174 0.018776 -0.070709
vn -0.069826 0.011147 -0.070711
vn -0.020823 0.067576 -0.070710
vn -0.013035 0.069497 -0.070712
vn -0.006177 0.070441 -0.070710
vn -0.070711 -0.000000 -0.070711
vn -0.070711 -0.000000 -0.070711
vn -0.070522 -0.005142 -0.070712
vn -0.070553 -0.004683 -0.070713
vn -0.070711 0.000000 -0.070711
vn -0.070682 -0.001698 -0.070719
vn -0.070711 0.000000 -0.070711
vn -0.069964 -0.010255 -0.070710
vn -0.069809 -0.011257 -0.070711
vn -0.068522 -0.017457 -0.070711
vn -0.068075 -0.019126 -0.070711
vn -0.066638 -0.023652 -0.070710
vn -0.065726 -0.026079 -0.070711
vn -0.064764 -0.028382 -0.070711
vn -0.063683 -0.030733 -0.070711
vn -0.061362 -0.035138 -0.070711
vn -0.064469 -0.029046 -0.070711
vn -0.060404 -0.036758 -0.070712
vn -0.056041 -0.043118 -0.070713
vn -0.055481 -0.043837 -0.070712
vn -0.050473 -0.049524 -0.070709
vn -0.050019 -0.049983 -0.070709
vn -0.044579 -0.054887 -0.070712
vn -0.043772 -0.055532 -0.070712
vn -0.038239 -0.059484 -0.070707
vn -0.036818 -0.060374 -0.070706
vn -0.031187 -0.063466 -0.070707
vn -0.029042 -0.064473 -0.070709
vn -0.023418 -0.066719 -0.070712
vn -0.020801 -0.067582 -0.070710
vn -0.015796 -0.068923 -0.070711
vn -0.013012 -0.069501 -0.070712
vn -0.008876 -0.070152 -0.070710
vn -0.006202 -0.070439 -0.070710
vn -0.003804 -0.070604 -0.070715
vn -0.001721 -0.070682 -0.070718
vn -0.000823 -0.070700 -0.070717
vn 0.000000 -0.070711 -0.070711
vn 0.000000 -0.070711 -0.070711
vn -0.005115 -0.070525 -0.070711
vn -0.059819 -0.037700 -0.070713
vn -0.054113 -0.045517 -0.070711
vn -0.048195 -0.051744 -0.070709
vn -0.041764 -0.057058 -0.070711
vn -0.034824 -0.061547 -0.070705
vn -0.026996 -0.065355 -0.070711
vn -0.018779 -0.068173 -0.070710
vn -0.011143 -0.069826 -0.070712
vn -0.067556 -0.020886 -0.070710
vn -0.069498 -0.013036 -0.070711
vn -0.070438 -0.006207 -0.070710
vn 0.070524 0.005140 0.070711
vn 0.070711 0.000000 0.070711
vn 0.070554 0.004689 0.070712
vn 0.070711 0.000000 0.070711
vn 0.070523 0.005151 0.070711
vn 0.069967 0.010228 0.070710
vn 0.069812 0.011239 0.070711
vn 0.068516 0.017484 0.070710
vn 0.068082 0.019104 0.070710
vn 0.066653 0.023608 0.070711
vn 0.065720 0.026092 0.070712
vn 0.064751 0.028410 0.070712
vn 0.063682 0.030735 0.070711
vn 0.062453 0.033161 0.070710
vn 0.061369 0.035124 0.070711
vn 0.059821 0.037698 0.070713
vn 0.056041 0.043118 0.070713
vn 0.054111 0.045519 0.070711
vn 0.050477 0.049520 0.070709
vn 0.048196 0.051744 0.070709
vn 0.044586 0.054881 0.070712
vn 0.041762 0.057060 0.070711
vn 0.038240 0.059482 0.070707
vn 0.034820 0.061549 0.070705
vn 0.031197 0.063461 0.070707
vn 0.027004 0.065352 0.070711
vn 0.023430 0.066715 0.070712
vn 0.018780 0.068172 0.070709
vn 0.015807 0.068921 0.070711
vn 0.011137 0.069827 0.070712
vn 0.008883 0.070151 0.070710
vn 0.005132 0.070523 0.070711
vn 0.003820 0.070604 0.070715
vn 0.000819 0.070700 0.070717
vn 0.005121 0.070524 0.070711
vn 0.011141 0.069827 0.070712
vn 0.018779 0.068173 0.070709
vn 0.026999 0.065354 0.070711
vn 0.034822 0.061548 0.070705
vn 0.041763 0.057059 0.070711
vn 0.048195 0.051744 0.070709
vn 0.054111 0.045518 0.070711
vn 0.059820 0.037699 0.070713
vn 0.064751 0.028410 0.070712
vn 0.066653 0.023609 0.070711
vn 0.068083 0.019103 0.070710
vn 0.069811 0.011243 0.070711
vn 0.070711 0.000000 0.070711
vn 0.070711 0.000000 0.070711
vn 0.005137 -0.070523 0.070711
vn 0.000000 -0.070711 0.070711
vn 0.004689 -0.070554 0.070712
vn 0.000000 -0.070711 0.070711
vn 0.005147 -0.070523 0.070711
vn 0.010207 -0.069969 0.070711
vn 0.011220 -0.069814 0.070712
vn 0.017482 -0.068516 0.070710
vn 0.019105 -0.068082 0.070710
vn 0.023608 -0.066653 0.070711
vn 0.026092 -0.065720 0.070711
vn 0.028415 -0.064749 0.070711
vn 0.030748 -0.063675 0.070710
vn 0.033178 -0.062445 0.070710
vn 0.035139 -0.061362 0.070710
vn 0.037710 -0.059815 0.070712
vn 0.043119 -0.056043 0.070710
vn 0.045511 -0.054119 0.070709
vn 0.049514 -0.050482 0.070710
vn 0.051747 -0.048190 0.070710
vn 0.054888 -0.044579 0.070711
vn 0.057056 -0.041770 0.070710
vn 0.059468 -0.038259 0.070709
vn 0.061540 -0.034827 0.070711
vn 0.063460 -0.031190 0.070711
vn 0.065353 -0.026999 0.070711
vn 0.066715 -0.023433 0.070710
vn 0.068173 -0.018779 0.070709
vn 0.068922 -0.015803 0.070711
vn 0.069827 -0.011141 0.070711
vn 0.070150 -0.008891 0.070710
vn 0.070523 -0.005138 0.070712
vn 0.070603 -0.003824 0.070715
vn 0.070700 -0.000818 0.070717
vn 0.070523 -0.005127 0.070712
vn 0.069826 -0.011145 0.070711
vn 0.068174 -0.018777 0.070709
vn 0.065354 -0.026998 0.070711
vn 0.061540 -0.034826 0.070711
vn 0.057056 -0.041770 0.070710
vn 0.051747 -0.048191 0.070710
vn 0.045512 -0.054118 0.070709
vn 0.037710 -0.059815 0.070712
vn 0.028416 -0.064749 0.070711
vn 0.023609 -0.066653 0.070711
vn 0.019103 -0.068082 0.070710
vn 0.011223 -0.069813 0.070712
vn 0.000000 -0.070711 0.070711
vn 0.000000 -0.070711 0.070711
vn 0.007208 0.099740 0.000000
vn 0.008777 0.099614 0.000000
vn 0.015821 0.098741 0.000000
vn 0.018373 0.098298 0.000000
vn 0.026472 0.096432 0.000000
vn 0.029407 0.095578 0.000000
vn 0.038243 0.092399 0.000000
vn 0.041132 0.091149 0.000000
vn 0.049225 0.087045 0.000000
vn 0.052031 0.085398 0.000000
vn 0.059126 0.080648 0.000000
vn 0.061965 0.078488 0.000000
vn 0.068108 0.073221 0.000000
vn 0.070701 0.070720 0.000000
vn 0.076538 0.064358 0.000000
vn 0.078488 0.061965 0.000000
vn 0.084610 0.053303 0.000000
vn 0.085420 0.051994 0.000000
vn 0.088298 0.046941 0.000000
vn 0.091162 0.041103 0.000000
vn 0.091568 0.040191 0.000000
vn 0.094254 0.033409 0.000000
vn 0.095568 0.029440 0.000000
vn 0.096284 0.027006 0.000000
vn 0.098287 0.018428 0.000000
vn 0.098721 0.015941 0.000000
vn 0.099613 0.008784 0.000000
vn 0.099737 0.007252 0.000000
vn 0.100000 -0.000000 0.000000
vn 0.100000 -0.000000 0.000000
vn 0.100000 0.000000 0.000000
vn 0.100000 0.000000 0.000000
vn 0.099740 -0.007208 0.000000
vn 0.099614 -0.008777 0.000000
vn 0.098740 -0.015825 0.000000
vn 0.098298 -0.018373 0.000000
vn 0.096432 -0.026473 0.000000
vn 0.095578 -0.029407 0.000000
vn 0.092396 -0.038249 0.000000
vn 0.091149 -0.041132 0.000000
vn 0.087040 -0.049234 0.000000
vn 0.085398 -0.052031 0.000000
vn 0.080653 -0.059119 0.000000
vn 0.078488 -0.061965 0.000000
vn 0.073219 -0.068110 0.000000
vn 0.070720 -0.070701 0.000000
vn 0.064358 -0.076538 0.000000
vn 0.061965 -0.078488 0.000000
vn 0.053307 -0.084607 0.000000
vn 0.051994 -0.085420 0.000000
vn 0.046942 -0.088297 0.000000
vn 0.041103 -0.091162 0.000000
vn 0.040188 -0.091569 0.000000
vn 0.033405 -0.094256 0.000000
vn 0.029440 -0.095568 0.000000
vn 0.027002 -0.096285 0.000000
vn 0.018428 -0.098287 0.000000
vn 0.015941 -0.098721 0.000000
vn 0.008784 -0.099613 0.000000
vn 0.007254 -0.099737 0.000000
vn 0.000000 -0.100000 0.000000
vn 0.000000 -0.100000 0.000000
vn 0.000000 -0.100000 0.000000
vn 0.000000 -0.100000 0.000000
vn -0.100000 0.000000 0.000000
vn -0.100000 0.000000 0.000000
vn -0.100000 0.000000 0.000000
vn -0.100000 0.000000 0.000000
vn -0.100000 0.000000 0.000000
vn -0.100000 0.000000 0.000000
vn -0.100000 0.000000 0.000000
vn -0.100000 0.000000 0.000000
vn -0.100000 0.000000 0.000000
vn -0.100000 0.000000 0.000000
vn -0.100000 0.000000 0.000000
vn -0.100000 0.000000 0.000000
vn -0.100000 0.000000 0.000000
vn -0.100000 0.000000 0.000000
vn -0.100000 0.000000 0.000000
vn -0.100000 0.000000 0.000000
vn -0.100000 0.000000 0.000000
vn -0.100000 0.000000 0.000000
vn -0.100000 0.000000 0.000000
vn -0.000000 0.100000 -0.000000
vn -0.000000 0.100000 -0.000000
vn -0.000000 0.100000 -0.000000
vn -0.000000 0.100000 -0.000000
vn 0.000000 0.070711 0.070711
vn 0.000000 0.070711 0.070711
vn 0.000000 0.070711 0.070711
vn 0.000000 0.070711 0.070711
vn 0.000000 0.000000 0.100000
vn 0.000000 0.000000 0.100000
vn 0.000000 0.000000 0.100000
vn 0.000000 0.000000 0.100000
vn -0.000000 0.100000 -0.000000
vn -0.000000 0.100000 -0.000000
vn -0.000000 0.100000 -0.000000
vn -0.000000 0.100000 -0.000000
vn 0.000000 0.062470 0.078087
vn 0.000000 0.062470 0.078087
vn 0.000000 0.062470 0.078087
vn 0.000000 0.062470 0.078087
vn 0.000000 0.000000 0.100000
vn 0.000000 0.000000 0.100000
vn 0.000000 0.000000 0.100000
vn 0.000000 0.000000 0.100000
vn 0.000000 0.000000 0.100000
vn 0.000000 0.000000 0.100000
vn -0.008835 -0.099609 0.000000
vn 0.002133 -0.099977 0.000000
vn -0.007355 -0.086290 -0.050000
vn 0.001966 -0.092366 -0.038271
vn 0.001493 -0.070692 -0.070714
vn -0.004257 -0.049818 -0.086603
vn 0.000799 -0.038257 -0.092389
vn -0.000000 -0.000000 -0.100000
vn -0.000000 0.000000 -0.100000
vn -0.009510 -0.049087 -0.086603
vn 0.000000 0.000000 -0.100000
vn -0.014655 -0.047804 -0.086603
vn -0.000000 -0.000000 -0.100000
vn -0.019636 -0.045983 -0.086603
vn 0.000000 0.000000 -0.100000
vn -0.024395 -0.043645 -0.086603
vn 0.000000 0.000000 -0.100000
vn -0.028881 -0.040815 -0.086603
vn -0.000000 -0.000000 -0.100000
vn -0.033041 -0.037527 -0.086603
vn -0.000000 -0.000000 -0.100000
vn -0.036830 -0.033817 -0.086603
vn 0.000000 0.000000 -0.100000
vn -0.040204 -0.029726 -0.086603
vn -0.000000 -0.000000 -0.100000
vn -0.043126 -0.025300 -0.086603
vn 0.000000 0.000000 -0.100000
vn -0.045563 -0.020591 -0.086603
vn -0.000000 -0.000000 -0.100000
vn -0.047488 -0.015649 -0.086603
vn 0.000000 0.000000 -0.100000
vn -0.048878 -0.010532 -0.086603
vn 0.000000 0.000000 -0.100000
vn -0.049719 -0.005296 -0.086603
vn -0.000000 -0.000000 -0.100000
vn -0.050000 -0.000000 -0.086603
vn -0.000000 -0.000000 -0.100000
vn 0.000000 -0.000000 -0.100000
vn -0.049719 0.005296 -0.086603
vn -0.000000 0.000000 -0.100000
vn -0.048878 0.010532 -0.086603
vn 0.000000 -0.000000 -0.100000
vn -0.047488 0.015649 -0.086603
vn -0.000000 0.000000 -0.100000
vn -0.045563 0.020591 -0.086603
vn 0.000000 -0.000000 -0.100000
vn -0.043126 0.025300 -0.086603
vn -0.000000 0.000000 -0.100000
vn -0.040204 0.029726 -0.086603
vn -0.000000 0.000000 -0.100000
vn -0.036830 0.033817 -0.086603
vn 0.000000 -0.000000 -0.100000
vn -0.033041 0.037527 -0.086603
vn -0.000000 0.000000 -0.100000
vn -0.028881 0.040815 -0.086603
vn -0.000000 0.000000 -0.100000
vn -0.024395 0.043645 -0.086603
vn -0.000000 0.000000 -0.100000
vn -0.019636 0.045983 -0.086603
vn -0.000000 0.000000 -0.100000
vn -0.014655 0.047804 -0.086603
vn 0.000000 -0.000000 -0.100000
vn -0.009510 0.049087 -0.086603
vn -0.000000 0.000000 -0.100000
vn -0.004257 0.049818 -0.086603
vn 0.000799 0.038257 -0.092389
vn 0.001493 0.070692 -0.070714
vn -0.000000 -0.000000 -0.100000
vn -0.007355 0.086290 -0.050000
vn 0.001966 0.092366 -0.038271
vn -0.008835 0.099609 0.000000
vn 0.002133 0.099977 0.000000
vn -0.016454 0.085025 -0.050000
vn -0.019697 0.098041 0.000000
vn -0.025368 0.082804 -0.050000
vn -0.030322 0.095292 0.000000
vn -0.033996 0.079651 -0.050000
vn -0.040582 0.091395 0.000000
vn -0.042242 0.075602 -0.050000
vn -0.050353 0.086398 0.000000
vn -0.050013 0.070702 -0.050000
vn -0.059517 0.080360 0.000000
vn -0.057221 0.065006 -0.050000
vn -0.067965 0.073354 0.000000
vn -0.063785 0.058579 -0.050000
vn -0.075594 0.065465 0.000000
vn -0.069631 0.051493 -0.050000
vn -0.082312 0.056787 0.000000
vn -0.074694 0.043828 -0.050000
vn -0.088039 0.047425 0.000000
vn -0.078916 0.035669 -0.050000
vn -0.092706 0.037492 0.000000
vn -0.082250 0.027109 -0.050000
vn -0.096256 0.027107 0.000000
vn -0.084659 0.018244 -0.050000
vn -0.098647 0.016396 0.000000
vn -0.086115 0.009174 -0.050000
vn -0.099849 0.005487 0.000000
vn -0.086603 0.000000 -0.050000
vn -0.099849 -0.005487 0.000000
vn -0.086115 -0.009174 -0.050000
vn -0.098647 -0.016396 0.000000
vn -0.084659 -0.018244 -0.050000
vn -0.096256 -0.027107 0.000000
vn -0.082250 -0.027109 -0.050000
vn -0.092706 -0.037492 0.000000
vn -0.078916 -0.035669 -0.050000
vn -0.088039 -0.047425 0.000000
vn -0.074694 -0.043828 -0.050000
vn -0.082312 -0.056787 0.000000
vn -0.069631 -0.051493 -0.050000
vn -0.075594 -0.065465 0.000000
vn -0.063785 -0.058579 -0.050000
vn -0.067965 -0.073354 0.000000
vn -0.057221 -0.065006 -0.050000
vn -0.059517 -0.080360 0.000000
vn -0.050013 -0.070702 -0.050000
vn -0.050353 -0.086398 0.000000
vn -0.042242 -0.075602 -0.050000
vn -0.040582 -0.091395 0.000000
vn -0.033996 -0.079651 -0.050000
vn -0.030322 -0.095292 0.000000
vn -0.025368 -0.082804 -0.050000
vn -0.019697 -0.098041 0.000000
vn -0.016454 -0.085025 -0.050000
vn 0.000000 0.000000 -0.100000
vn 0.000000 0.000000 -0.100000
vn 0.000000 0.000000 -0.100000
vn 0.000000 0.000000 -0.100000
vn 0.000000 0.000000 -0.100000
vn 0.000000 0.000000 -0.100000
vn 0.000000 0.000000 -0.100000
vn 0.000000 0.000000 -0.100000
vn 0.000000 0.000000 -0.100000
vn 0.000000 0.000000 -0.100000
vn 0.000000 0.000000 -0.100000
vn 0.000000 0.000000 -0.100000
vn 0.000000 0.000000 -0.100000
vn 0.000000 0.000000 -0.100000
vn 0.000000 0.000000 -0.100000
vn 0.000000 0.000000 -0.100000
vn 0.000000 0.000000 -0.100000
vn 0.000000 0.000000 -0.100000
vn 0.000000 0.000000 -0.100000
vn 0.000000 0.000000 -0.100000
vn 0.000000 0.000000 -0.100000
vn 0.000000 0.000000 -0.100000
vn 0.000000 0.000000 -0.100000
vn 0.000000 0.000000 -0.100000
vn 0.000000 0.000000 -0.100000
vn 0.000000 0.000000 -0.100000
vn 0.000000 0.000000 -0.100000
vn 0.000000 0.000000 -0.100000
vn 0.000000 0.000000 -0.100000
vn 0.000000 0.000000 -0.100000
vn 0.000000 0.000000 -0.100000
vn 0.000000 0.000000 -0.100000
vn 0.000000 0.000000 -0.100000
vn 0.000000 0.000000 -0.100000
vn 0.002133 -0.099977 0.000000
vn -0.008835 -0.099609 0.000000
vn -0.019697 -0.098041 0.000000
vn -0.030322 -0.095292 0.000000
vn -0.040582 -0.091395 0.000000
vn -0.050353 -0.086398 0.000000
vn -0.059517 -0.080360 0.000000
vn -0.067965 -0.073354 0.000000
vn -0.075594 -0.065465 0.000000
vn -0.082312 -0.056787 0.000000
vn -0.088039 -0.047425 0.000000
vn -0.092706 -0.037492 0.000000
vn -0.096256 -0.027107 0.000000
vn -0.098647 -0.016396 0.000000
vn -0.099107 -0.013333 0.000000
vn -0.099141 -0.013080 0.000000
vn -0.099239 -0.012317 0.000000
vn -0.099386 -0.011061 0.000000
vn -0.099555 -0.009428 0.000000
vn -0.099723 -0.007439 0.000000
vn -0.099870 -0.005105 0.000000
vn -0.099967 -0.002565 0.000000
vn -0.100000 -0.000000 0.000000
vn -0.099967 0.002565 0.000000
vn -0.099870 0.005105 0.000000
vn -0.099723 0.007439 0.000000
vn -0.099555 0.009428 0.000000
vn -0.099386 0.011061 0.000000
vn -0.099239 0.012317 0.000000
vn -0.099141 0.013080 0.000000
vn -0.099107 0.013333 0.000000
vn -0.098647 0.016396 0.000000
vn -0.099141 0.013080 0.000000
vn -0.099239 0.012317 0.000000
vn -0.099386 0.011061 0.000000
vn -0.099849 0.005487 0.000000
vn -0.099555 0.009428 0.000000
vn -0.099723 0.007439 0.000000
vn -0.099870 0.005105 0.000000
vn -0.099967 0.002565 0.000000
vn -0.100000 -0.000000 0.000000
vn -0.099849 -0.005487 0.000000
vn -0.099967 -0.002565 0.000000
vn -0.099870 -0.005105 0.000000
vn -0.099723 -0.007439 0.000000
vn -0.099555 -0.009428 0.000000
vn -0.099386 -0.011061 0.000000
vn -0.099239 -0.012317 0.000000
vn -0.099141 -0.013080 0.000000
vn -0.096256 0.027107 0.000000
vn -0.092706 0.037492 0.000000
vn -0.088039 0.047425 0.000000
vn -0.082312 0.056787 0.000000
vn -0.075594 0.065465 0.000000
vn -0.067965 0.073354 0.000000
vn -0.059517 0.080360 0.000000
vn -0.050353 0.086398 0.000000
vn -0.040582 0.091395 0.000000
vn -0.030322 0.095292 0.000000
vn -0.019697 0.098041 0.000000
vn -0.008835 0.099609 0.000000
vn 0.002133 0.099977 0.000000
vn 0.000000 -0.070711 -0.070711
vn 0.000000 -0.070711 -0.070711
vn 0.001499 -0.062452 -0.078087
vn 0.001413 -0.062454 -0.078087
vn -0.005610 -0.062217 -0.078087
vn -0.005519 -0.062225 -0.078087
vn -0.012305 -0.061246 -0.078087
vn 0.001333 -0.062455 -0.078087
vn -0.012645 -0.061176 -0.078087
vn -0.018942 -0.059528 -0.078087
vn -0.019517 -0.059342 -0.078087
vn -0.025351 -0.057094 -0.078087
vn -0.026136 -0.056739 -0.078087
vn -0.031455 -0.053972 -0.078087
vn -0.032416 -0.053401 -0.078087
vn -0.037180 -0.050200 -0.078087
vn -0.038276 -0.049370 -0.078087
vn -0.042457 -0.045824 -0.078087
vn -0.043639 -0.044699 -0.078087
vn -0.047223 -0.040895 -0.078087
vn -0.048438 -0.039449 -0.078087
vn -0.051420 -0.035474 -0.078087
vn -0.052608 -0.033688 -0.078087
vn -0.054998 -0.029626 -0.078087
vn -0.056096 -0.027490 -0.078087
vn -0.057913 -0.023421 -0.078087
vn -0.058857 -0.020935 -0.078087
vn -0.060131 -0.016934 -0.078087
vn -0.060855 -0.014109 -0.078087
vn -0.061624 -0.010242 -0.078087
vn -0.062065 -0.007101 -0.078087
vn -0.062375 -0.003428 -0.078087
vn -0.062470 0.000000 -0.078087
vn -0.062375 0.003428 -0.078087
vn -0.062065 0.007101 -0.078087
vn -0.061624 0.010242 -0.078087
vn -0.060855 0.014109 -0.078087
vn -0.060131 0.016934 -0.078087
vn -0.058857 0.020935 -0.078087
vn -0.057913 0.023421 -0.078087
vn -0.056096 0.027490 -0.078087
vn -0.054998 0.029626 -0.078087
vn -0.052608 0.033688 -0.078087
vn -0.051420 0.035474 -0.078087
vn -0.048438 0.039449 -0.078087
vn -0.047223 0.040895 -0.078087
vn -0.043639 0.044699 -0.078087
vn -0.042457 0.045824 -0.078087
vn -0.038276 0.049370 -0.078087
vn -0.037180 0.050200 -0.078087
vn -0.032416 0.053401 -0.078087
vn -0.031455 0.053972 -0.078087
vn -0.026136 0.056739 -0.078087
vn -0.025351 0.057094 -0.078087
vn -0.019517 0.059342 -0.078087
vn -0.018942 0.059528 -0.078087
vn -0.012645 0.061176 -0.078087
vn -0.012305 0.061246 -0.078087
vn -0.005610 0.062217 -0.078087
vn -0.005519 0.062225 -0.078087
vn 0.001413 0.062454 -0.078087
vn 0.001333 0.062455 -0.078087
vn 0.001499 0.062452 -0.078087
vn 0.000000 -0.100000 0.000000
vn 0.000000 -0.100000 0.000000
vn 0.000000 0.000000 -0.100000
vn 0.000000 0.000000 -0.100000
vn 0.000000 0.000000 -0.100000
vn 0.000000 0.000000 -0.100000
vn 0.000000 0.000000 -0.100000
vn 0.000000 0.000000 -0.100000
vn 0.000000 0.000000 -0.100000
vn 0.000000 0.000000 -0.100000
vn 0.000000 0.000000 -0.100000
vn 0.000000 0.000000 -0.100000
vn 0.000000 0.000000 -0.100000
vn 0.000000 0.000000 -0.100000
vn 0.000000 0.000000 -0.100000
vn 0.000000 0.000000 -0.100000
vn 0.000000 0.000000 -0.100000
vn 0.000000 0.000000 -0.100000
vn 0.000000 0.000000 -0.100000
vn 0.000000 0.000000 -0.100000
vn 0.000000 0.000000 -0.100000
vn 0.000000 0.000000 -0.100000
vn 0.000000 0.000000 -0.100000
vn 0.000000 0.000000 -0.100000
vn 0.000000 0.000000 -0.100000
vn 0.000000 0.000000 -0.100000
vn 0.000000 0.000000 -0.100000
vn 0.000000 0.000000 -0.100000
vn 0.000000 0.000000 -0.100000
vn 0.000000 0.000000 -0.100000
vn 0.000000 0.000000 -0.100000
vn 0.000000 0.000000 -0.100000
vn 0.000000 0.000000 -0.100000
vn 0.000000 0.000000 -0.100000
vn 0.000000 0.000000 -0.100000
vn 0.000000 0.000000 -0.100000
vn 0.000000 0.000000 -0.100000
vn 0.000000 0.000000 -0.100000
vn 0.000000 0.000000 -0.100000
vn 0.000000 0.000000 -0.100000
vn 0.000000 0.000000 -0.100000
vn 0.000000 0.000000 -0.100000
vn 0.000000 0.000000 -0.100000
vn 0.000000 0.000000 -0.100000
vn 0.000000 0.000000 -0.100000
vn 0.000000 0.000000 -0.100000
vn 0.000000 0.000000 -0.100000
vn 0.000000 0.000000 -0.100000
vn 0.000000 0.000000 -0.100000
vn 0.000000 0.000000 -0.100000
vn 0.000000 0.000000 -0.100000
vn 0.000000 0.000000 -0.100000
vn 0.000000 0.000000 -0.100000
vn 0.000000 0.000000 -0.100000
vn 0.000000 0.000000 -0.100000
vn 0.000000 0.000000 -0.100000
vn 0.000000 0.000000 -0.100000
vn 0.000000 0.000000 -0.100000
vn 0.000000 0.000000 -0.100000
vn 0.000000 0.000000 -0.100000
vn 0.000000 0.000000 -0.100000
vn 0.000000 0.000000 -0.100000
vn 0.000000 0.000000 -0.100000
vn 0.000000 0.000000 -0.100000
vn 0.000000 0.000000 -0.100000
vn 0.000000 0.000000 -0.100000
vn 0.000000 0.000000 -0.100000
vn 0.000000 0.000000 -0.100000
vn 0.000000 0.000000 -0.100000
vn 0.000000 0.000000 -0.100000
vn 0.000000 0.000000 -0.100000
vn 0.000000 0.000000 -0.100000
vn 0.000000 0.000000 -0.100000
vn 0.000000 0.000000 -0.100000
vn 0.000000 0.000000 -0.100000
vn 0.000000 0.000000 -0.100000
vn 0.000000 0.000000 -0.100000
vn 0.000000 0.000000 -0.100000
vn 0.000000 0.000000 -0.100000
vn 0.000000 0.000000 -0.100000
vn 0.000000 0.000000 -0.100000
vn 0.000000 0.000000 -0.100000
vn 0.000000 0.000000 -0.100000
vn 0.000000 0.000000 -0.100000
vn 0.000000 0.000000 -0.100000
vn 0.000000 0.000000 -0.100000
vn 0.000000 0.000000 -0.100000
vn 0.000000 0.000000 -0.100000
vn 0.000000 0.000000 -0.100000
vn 0.000000 0.000000 -0.100000
vn 0.000000 0.000000 -0.100000
vn 0.000000 0.000000 -0.100000
vn 0.000000 0.000000 -0.100000
vn 0.000000 0.000000 -0.100000
vn 0.000000 0.000000 -0.100000
vn 0.000000 0.000000 -0.100000
vn 0.000000 0.000000 -0.100000
vn 0.000000 0.000000 -0.100000
vn 0.000000 0.000000 -0.100000
vn 0.000000 0.000000 -0.100000
vn 0.000000 0.000000 -0.100000
vn 0.000000 0.000000 -0.100000
vn 0.000000 0.000000 -0.100000
vn 0.000000 0.000000 -0.100000
vn 0.000000 0.000000 -0.100000
vn 0.000000 0.000000 -0.100000
vn 0.000000 0.000000 -0.100000
vn 0.000000 0.000000 -0.100000
vn 0.000000 0.000000 -0.100000
vn 0.000000 0.000000 -0.100000
vn 0.000000 0.000000 -0.100000
vn 0.000000 0.000000 -0.100000
vn 0.000000 0.000000 -0.100000
vn 0.000000 0.000000 -0.100000
vn 0.000000 0.000000 -0.100000
vn 0.000000 0.000000 -0.100000
vn 0.000000 0.000000 -0.100000
vn 0.000000 0.000000 -0.100000
vn 0.000000 0.000000 -0.100000
vn 0.000000 0.000000 -0.100000
vn 0.000000 0.000000 -0.100000
vn 0.000000 0.000000 -0.100000
vn 0.000000 0.000000 -0.100000
vn 0.000000 0.000000 -0.100000
vn 0.000000 0.000000 -0.100000
vn 0.000000 0.000000 -0.100000
vn 0.000000 0.000000 -0.100000
vn 0.000000 0.000000 -0.100000
vn 0.000000 0.000000 -0.100000
vn 0.000000 0.000000 -0.100000
vn 0.000000 0.000000 -0.100000
vn 0.000000 0.000000 -0.100000
usemtl Opaque(246,246,243)
f 2/1/1 3/2/2 1/3/3
f 1/3/3 3/2/2 19/4/4
f 19/4/4 3/2/2 4/5/5
f 19/4/4 4/5/5 18/6/6
f 18/6/6 4/5/5 5/7/7
f 18/6/6 5/7/7 6/8/8
f 7/9/9 8/10/10 6/8/8
f 6/8/8 8/10/10 17/11/11
f 6/8/8 17/11/11 18/6/6
f 8/10/10 9/12/12 17/11/11
f 17/11/11 9/12/12 10/13/13
f 17/11/11 10/13/13 16/14/14
f 16/14/14 10/13/13 11/15/15
f 16/14/14 11/15/15 12/16/16
f 13/17/17 14/18/18 12/16/16
f 12/16/16 14/18/18 15/19/19
f 12/16/16 15/19/19 16/14/14
f 20/20/20 21/21/21 18/22/22
f 18/22/22 21/21/21 19/23/23
f 21/24/24 23/25/25 19/26/26
f 19/26/26 23/25/25 24/27/27
f 19/26/26 24/27/27 1/28/28
f 21/24/24 22/29/29 23/25/25
f 22/30/30 21/31/31 25/32/32
f 25/32/32 21/31/31 35/33/33
f 35/33/33 21/31/31 20/34/34
f 35/33/33 20/34/34 34/35/35
f 34/35/35 20/34/34 33/36/36
f 33/36/36 20/34/34 26/37/37
f 33/36/36 26/37/37 27/38/38
f 33/36/36 27/38/38 32/39/39
f 32/39/39 27/38/38 28/40/40
f 32/39/39 28/40/40 31/41/41
f 31/41/41 28/40/40 30/42/42
f 30/42/42 28/40/40 29/43/43
f 29/44/44 28/45/45 14/46/46
f 14/46/46 28/45/45 15/47/47
f 28/48/48 27/49/49 15/50/50
f 15/50/50 27/49/49 16/51/51
f 27/52/52 26/53/53 16/54/54
f 16/54/54 26/53/53 17/55/55
f 26/56/56 20/57/57 17/58/58
f 17/58/58 20/57/57 18/59/59
f 1/60/60 24/61/61 2/62/62
f 2/62/62 24/61/61 23/63/63
f 2/62/62 23/63/63 22/64/64
f 2/62/62 22/64/64 94/65/65
f 94/65/65 22/64/64 25/66/66
f 94/65/65 25/66/66 36/67/67
f 94/65/65 36/67/67 93/68/68
f 93/68/68 36/67/67 37/69/69
f 93/68/68 37/69/69 92/70/70
f 92/70/70 37/69/69 38/71/71
f 92/70/70 38/71/71 91/72/72
f 91/72/72 38/71/71 39/73/73
f 91/72/72 39/73/73 90/74/74
f 90/74/74 39/73/73 40/75/75
f 90/74/74 40/75/75 89/76/76
f 89/76/76 40/75/75 41/77/77
f 89/76/76 41/77/77 88/78/78
f 88/78/78 41/77/77 42/79/79
f 88/78/78 42/79/79 87/80/80
f 87/80/80 42/79/79 43/81/81
f 87/80/80 43/81/81 86/82/82
f 86/82/82 43/81/81 44/83/83
f 86/82/82 44/83/83 85/84/84
f 85/84/84 44/83/83 45/85/85
f 85/84/84 45/85/85 84/86/86
f 84/86/86 45/85/85 46/87/87
f 84/86/86 46/87/87 83/88/88
f 83/88/88 46/87/87 47/89/89
f 83/88/88 47/89/89 82/90/90
f 82/90/90 47/89/89 48/91/91
f 82/90/90 48/91/91 81/92/92
f 81/92/92 48/91/91 49/93/93
f 81/92/92 49/93/93 80/94/94
f 80/94/94 49/93/93 50/95/95
f 80/94/94 50/95/95 79/96/96
f 79/96/96 50/95/95 51/97/97
f 79/96/96 51/97/97 78/98/98
f 78/98/98 51/97/97 52/99/99
f 78/98/98 52/99/99 77/100/100
f 77/100/100 52/99/99 53/101/101
f 77/100/100 53/101/101 76/102/102
f 76/102/102 53/101/101 54/103/103
f 76/102/102 54/103/103 75/104/104
f 75/104/104 54/103/103 55/105/105
f 75/104/104 55/105/105 74/106/106
f 74/106/106 55/105/105 56/107/107
f 74/106/106 56/107/107 73/108/108
f 73/108/108 56/107/107 57/109/109
f 73/108/108 57/109/109 72/110/110
f 72/110/110 57/109/109 58/111/111
f 72/110/110 58/111/111 71/112/112
f 71/112/112 58/111/111 59/113/113
f 71/112/112 59/113/113 70/114/114
f 70/114/114 59/113/113 60/115/115
f 70/114/114 60/115/115 69/116/116
f 69/116/116 60/115/115 61/117/117
f 69/116/116 61/117/117 68/118/118
f 68/118/118 61/117/117 62/119/119
f 68/118/118 62/119/119 63/120/120
f 68/118/118 63/120/120 67/121/121
f 67/121/121 63/120/120 64/122/122
f 67/121/121 64/122/122 65/123/123
f 65/123/123 66/124/124 67/121/121
f 35/125/125 95/126/126 25/127/127
f 25/127/127 95/126/126 36/128/128
f 36/128/128 95/126/126 96/129/129
f 36/128/128 96/129/129 37/130/130
f 37/130/130 96/129/129 97/131/131
f 37/130/130 97/131/131 38/132/132
f 38/132/132 97/131/131 98/133/133
f 38/132/132 98/133/133 39/134/134
f 39/134/134 98/133/133 99/135/135
f 39/134/134 99/135/135 40/136/136
f 40/136/136 99/135/135 100/137/137
f 40/136/136 100/137/137 41/138/138
f 41/138/138 100/137/137 101/139/139
f 41/138/138 101/139/139 42/140/140
f 42/140/140 101/139/139 102/141/141
f 42/140/140 102/141/141 43/142/142
f 43/142/142 102/141/141 103/143/143
f 43/142/142 103/143/143 44/144/144
f 44/144/144 103/143/143 104/145/145
f 44/144/144 104/145/145 45/146/146
f 45/146/146 104/145/145 105/147/147
f 45/146/146 105/147/147 46/148/148
f 46/148/148 105/147/147 106/149/149
f 46/148/148 106/149/149 47/150/150
f 47/150/150 106/149/149 107/151/151
f 47/150/150 107/151/151 48/152/152
f 48/152/152 107/151/151 108/153/153
f 48/152/152 108/153/153 49/154/154
f 49/154/154 108/153/153 109/155/155
f 49/154/154 109/155/155 50/156/156
f 50/156/156 109/155/155 110/157/157
f 50/156/156 110/157/157 51/158/158
f 51/158/158 110/157/157 111/159/159
f 51/158/158 111/159/159 52/160/160
f 52/160/160 111/159/159 112/161/161
f 52/160/160 112/161/161 53/162/162
f 53/162/162 112/161/161 113/163/163
f 53/162/162 113/163/163 54/164/164
f 54/164/164 113/163/163 114/165/165
f 54/164/164 114/165/165 55/166/166
f 55/166/166 114/165/165 115/167/167
f 55/166/166 115/167/167 56/168/168
f 56/168/168 115/167/167 116/169/169
f 56/168/168 116/169/169 57/170/170
f 57/170/170 116/169/169 117/171/171
f 57/170/170 117/171/171 58/172/172
f 58/172/172 117/171/171 118/173/173
f 58/172/172 118/173/173 59/174/174
f 59/174/174 118/173/173 119/175/175
f 59/174/174 119/175/175 60/176/176
f 60/176/176 119/175/175 120/177/177
f 60/176/176 120/177/177 61/178/178
f 61/178/178 120/177/177 121/179/179
f 61/178/178 121/179/179 62/180/180
f 62/180/180 121/179/179 122/181/181
f 34/182/182 123/183/183 35/184/184
f 35/184/184 123/183/183 95/185/185
f 95/185/185 123/183/183 124/186/186
f 95/185/185 124/186/186 96/187/187
f 96/187/187 124/186/186 125/188/188
f 96/187/187 125/188/188 97/189/189
f 97/189/189 125/188/188 126/190/190
f 97/189/189 126/190/190 98/191/191
f 98/191/191 126/190/190 127/192/192
f 98/191/191 127/192/192 99/193/193
f 99/193/193 127/192/192 128/194/194
f 99/193/193 128/194/194 100/195/195
f 100/195/195 128/194/194 129/196/196
f 100/195/195 129/196/196 101/197/197
f 101/197/197 129/196/196 130/198/198
f 101/197/197 130/198/198 102/199/199
f 102/199/199 130/198/198 131/200/200
f 102/199/199 131/200/200 103/201/201
f 103/201/201 131/200/200 132/202/202
f 103/201/201 132/202/202 104/203/203
f 104/203/203 132/202/202 133/204/204
f 104/203/203 133/204/204 105/205/205
f 105/205/205 133/204/204 134/206/206
f 105/205/205 134/206/206 106/207/207
f 106/207/207 134/206/206 135/208/208
f 106/207/207 135/208/208 107/209/209
f 107/209/209 135/208/208 136/210/210
f 107/209/209 136/210/210 108/211/211
f 108/211/211 136/210/210 137/212/212
f 108/211/211 137/212/212 138/213/213
f 108/211/211 138/213/213 109/214/214
f 109/214/214 138/213/213 139/215/215
f 109/214/214 139/215/215 110/216/216
f 110/216/216 139/215/215 140/217/217
f 110/216/216 140/217/217 111/218/218
f 111/218/218 140/217/217 141/219/219
f 111/218/218 141/219/219 112/220/220
f 112/220/220 141/219/219 142/221/221
f 112/220/220 142/221/221 113/222/222
f 113/222/222 142/221/221 143/223/223
f 113/222/222 143/223/223 114/224/224
f 114/224/224 143/223/223 144/225/225
f 114/224/224 144/225/225 115/226/226
f 115/226/226 144/225/225 145/227/227
f 115/226/226 145/227/227 116/228/228
f 116/228/228 145/227/227 146/229/229
f 116/228/228 146/229/229 117/230/230
f 117/230/230 146/229/229 147/231/231
f 117/230/230 147/231/231 118/232/232
f 118/232/232 147/231/231 148/233/233
f 118/232/232 148/233/233 119/234/234
f 119/234/234 148/233/233 149/235/235
f 119/234/234 149/235/235 120/236/236
f 120/236/236 149/235/235 150/237/237
f 120/236/236 150/237/237 121/238/238
f 121/238/238 150/237/237 151/239/239
f 121/238/238 151/239/239 122/240/240
f 122/240/240 151/239/239 152/241/241
f 34/242/242 33/243/243 123/244/244
f 123/244/244 33/243/243 153/245/245
f 123/244/244 153/245/245 154/246/246
f 123/244/244 154/246/246 124/247/247
f 124/247/247 154/246/246 155/248/248
f 124/247/247 155/248/248 125/249/249
f 125/249/249 155/248/248 156/250/250
f 125/249/249 156/250/250 126/251/251
f 126/251/251 156/250/250 157/252/252
f 126/251/251 157/252/252 127/253/253
f 127/253/253 157/252/252 158/254/254
f 127/253/253 158/254/254 128/255/255
f 128/255/255 158/254/254 159/256/256
f 128/255/255 159/256/256 129/257/257
f 129/257/257 159/256/256 160/258/258
f 129/257/257 160/258/258 130/259/259
f 130/259/259 160/258/258 161/260/260
f 130/259/259 161/260/260 131/261/261
f 131/261/261 161/260/260 162/262/262
f 131/261/261 162/262/262 132/263/263
f 132/263/263 162/262/262 163/264/264
f 132/263/263 163/264/264 133/265/265
f 133/265/265 163/264/264 164/266/266
f 133/265/265 164/266/266 134/267/267
f 134/267/267 164/266/266 165/268/268
f 134/267/267 165/268/268 135/269/269
f 135/269/269 165/268/268 166/270/270
f 135/269/269 166/270/270 136/271/271
f 136/271/271 166/270/270 187/272/272
f 136/271/271 187/272/272 188/273/273
f 167/274/274 185/275/275 166/270/270
f 166/270/270 185/275/275 186/276/276
f 166/270/270 186/276/276 187/272/272
f 168/277/277 197/278/278 167/274/274
f 167/274/274 197/278/278 198/279/279
f 167/274/274 198/279/279 183/280/280
f 169/281/281 138/282/282 168/277/277
f 168/277/277 138/282/282 195/283/283
f 168/277/277 195/283/283 196/284/284
f 138/282/282 169/281/281 139/285/285
f 139/285/285 169/281/281 170/286/286
f 139/285/285 170/286/286 140/287/287
f 140/287/287 170/286/286 171/288/288
f 140/287/287 171/288/288 141/289/289
f 141/289/289 171/288/288 172/290/290
f 141/289/289 172/290/290 142/291/291
f 142/291/291 172/290/290 173/292/292
f 142/291/291 173/292/292 143/293/293
f 143/293/293 173/292/292 174/294/294
f 143/293/293 174/294/294 144/295/295
f 144/295/295 174/294/294 175/296/296
f 144/295/295 175/296/296 145/297/297
f 145/297/297 175/296/296 176/298/298
f 145/297/297 176/298/298 146/299/299
f 146/299/299 176/298/298 177/300/300
f 146/299/299 177/300/300 147/301/301
f 147/301/301 177/300/300 178/302/302
f 147/301/301 178/302/302 148/303/303
f 148/303/303 178/302/302 179/304/304
f 148/303/303 179/304/304 149/305/305
f 149/305/305 179/304/304 180/306/306
f 149/305/305 180/306/306 150/307/307
f 150/307/307 180/306/306 181/308/308
f 150/307/307 181/308/308 151/309/309
f 151/309/309 181/308/308 152/310/310
f 152/310/310 181/308/308 182/311/311
f 137/312/312 193/313/313 138/282/282
f 138/282/282 193/313/313 194/314/314
f 138/282/282 194/314/314 195/283/283
f 136/271/271 189/315/315 137/312/312
f 137/312/312 189/315/315 190/316/316
f 137/312/312 190/316/316 191/317/317
f 183/280/280 184/318/318 167/274/274
f 167/274/274 184/318/318 185/275/275
f 188/273/273 189/315/315 136/271/271
f 191/317/317 192/319/319 137/312/312
f 137/312/312 192/319/319 193/313/313
f 196/284/284 197/278/278 168/277/277
f 199/320/320 204/321/321 182/322/322
f 182/322/322 204/321/321 205/323/323
f 182/322/322 205/323/323 206/324/324
f 204/321/321 199/320/320 203/325/325
f 203/325/325 199/320/320 200/326/326
f 203/325/325 200/326/326 201/327/327
f 201/327/327 202/328/328 203/325/325
f 207/329/329 122/330/330 206/324/324
f 206/324/324 122/330/330 152/331/331
f 206/324/324 152/331/331 182/322/322
f 63/332/332 62/333/333 207/329/329
f 207/329/329 62/333/333 122/330/330
f 200/334/334 208/335/335 201/336/336
f 201/336/336 208/335/335 209/337/337
f 199/338/338 210/339/339 200/340/340
f 200/340/340 210/339/339 208/341/341
f 33/342/342 32/343/343 153/344/344
f 153/344/344 32/343/343 154/345/345
f 154/345/345 32/343/343 155/346/346
f 155/346/346 32/343/343 213/347/347
f 155/346/346 213/347/347 156/348/348
f 156/348/348 213/347/347 157/349/349
f 157/349/349 213/347/347 158/350/350
f 158/350/350 213/347/347 159/351/351
f 159/351/351 213/347/347 160/352/352
f 160/352/352 213/347/347 214/353/353
f 160/352/352 214/353/353 215/354/354
f 211/355/355 212/356/356 32/343/343
f 32/343/343 212/356/356 213/347/347
f 160/352/352 215/354/354 161/357/357
f 161/357/357 215/354/354 216/358/358
f 161/357/357 216/358/358 217/359/359
f 161/357/357 217/359/359 162/360/360
f 162/360/360 217/359/359 218/361/361
f 162/360/360 218/361/361 219/362/362
f 219/362/362 220/363/363 162/360/360
f 162/360/360 220/363/363 163/364/364
f 163/364/364 220/363/363 221/365/365
f 163/364/364 221/365/365 222/366/366
f 222/366/366 223/367/367 163/364/364
f 163/364/364 223/367/367 224/368/368
f 163/364/364 224/368/368 225/369/369
f 225/369/369 226/370/370 163/364/364
f 163/364/364 226/370/370 164/371/371
f 164/371/371 226/370/370 165/372/372
f 165/372/372 226/370/370 166/373/373
f 166/373/373 226/370/370 167/374/374
f 167/374/374 226/370/370 227/375/375
f 167/374/374 227/375/375 168/376/376
f 168/376/376 227/375/375 169/377/377
f 169/377/377 227/375/375 170/378/378
f 170/378/378 227/375/375 171/379/379
f 171/379/379 227/375/375 228/380/380
f 171/379/379 228/380/380 232/381/381
f 232/381/381 228/380/380 231/382/382
f 231/382/382 228/380/380 230/383/383
f 230/383/383 228/380/380 229/384/384
f 232/381/381 233/385/385 171/379/379
f 171/379/379 233/385/385 234/386/386
f 171/379/379 234/386/386 172/387/387
f 172/387/387 234/386/386 235/388/388
f 172/387/387 235/388/388 236/389/389
f 172/387/387 236/389/389 173/390/390
f 173/390/390 236/389/389 237/391/391
f 173/390/390 237/391/391 238/392/392
f 173/390/390 238/392/392 174/393/393
f 174/393/393 238/392/392 239/394/394
f 174/393/393 239/394/394 240/395/395
f 174/393/393 240/395/395 175/396/396
f 175/396/396 240/395/395 241/397/397
f 175/396/396 241/397/397 176/398/398
f 176/398/398 241/397/397 210/399/399
f 176/398/398 210/399/399 177/400/400
f 177/400/400 210/399/399 178/401/401
f 178/401/401 210/399/399 179/402/402
f 179/402/402 210/399/399 180/403/403
f 180/403/403 210/399/399 199/404/404
f 180/403/403 199/404/404 181/405/405
f 181/405/405 199/404/404 182/406/406
f 262/407/407 242/408/408 263/409/409
f 263/409/409 242/408/408 243/410/410
f 263/409/409 243/410/410 274/411/411
f 274/411/411 243/410/410 244/412/412
f 274/411/411 244/412/412 245/413/413
f 274/411/411 245/413/413 273/414/414
f 273/414/414 245/413/413 246/415/415
f 273/414/414 246/415/415 272/416/416
f 272/416/416 246/415/415 247/417/417
f 272/416/416 247/417/417 248/418/418
f 272/416/416 248/418/418 271/419/419
f 271/419/419 248/418/418 249/420/420
f 271/419/419 249/420/420 250/421/421
f 271/419/419 250/421/421 270/422/422
f 270/422/422 250/421/421 251/423/423
f 270/422/422 251/423/423 252/424/424
f 270/422/422 252/424/424 269/425/425
f 269/425/425 252/424/424 253/426/426
f 269/425/425 253/426/426 268/427/427
f 268/427/427 253/426/426 254/428/428
f 268/427/427 254/428/428 255/429/429
f 268/427/427 255/429/429 267/430/430
f 267/430/430 255/429/429 256/431/431
f 267/430/430 256/431/431 257/432/432
f 267/430/430 257/432/432 266/433/433
f 266/433/433 257/432/432 258/434/434
f 266/433/433 258/434/434 259/435/435
f 266/433/433 259/435/435 265/436/436
f 265/436/436 259/435/435 260/437/437
f 265/436/436 260/437/437 264/438/438
f 264/438/438 260/437/437 261/439/439
f 264/438/438 261/439/439 262/407/407
f 264/438/438 262/407/407 263/409/409
f 262/440/440 290/441/441 242/442/442
f 242/442/442 290/441/441 291/443/443
f 242/444/442 291/445/443 292/446/444
f 290/441/441 262/440/440 289/447/445
f 289/447/445 262/440/440 261/448/446
f 289/447/445 261/448/446 288/449/447
f 288/449/447 261/448/446 287/450/448
f 287/450/448 261/448/446 260/451/449
f 287/450/448 260/451/449 286/452/450
f 286/452/450 260/451/449 259/453/451
f 286/452/450 259/453/451 285/454/452
f 285/454/452 259/453/451 284/455/453
f 284/455/453 259/453/451 258/456/454
f 284/455/453 258/456/454 283/457/455
f 283/457/455 258/456/454 257/458/456
f 283/457/455 257/458/456 282/459/457
f 282/459/457 257/458/456 281/460/458
f 281/460/458 257/458/456 256/461/459
f 281/460/458 256/461/459 280/462/460
f 280/462/460 256/461/459 255/463/461
f 280/462/460 255/463/461 279/464/462
f 279/464/462 255/463/461 278/465/463
f 278/465/463 255/463/461 254/466/464
f 278/465/463 254/466/464 277/467/465
f 277/467/465 254/466/464 253/468/466
f 277/467/465 253/468/466 276/469/467
f 276/469/467 253/468/466 275/470/468
f 275/470/468 253/468/466 252/471/469
f 275/470/468 252/471/469 306/472/470
f 306/472/470 252/471/469 305/473/471
f 305/473/471 252/471/469 251/474/472
f 305/473/471 251/474/472 304/475/473
f 304/475/473 251/474/472 250/476/474
f 304/475/473 250/476/474 303/477/475
f 303/477/475 250/476/474 302/478/476
f 302/478/476 250/476/474 249/479/477
f 302/478/476 249/479/477 301/480/478
f 301/480/478 249/479/477 248/481/479
f 301/480/478 248/481/479 300/482/480
f 300/482/480 248/481/479 299/483/481
f 299/483/481 248/481/479 247/484/482
f 299/483/481 247/484/482 298/485/483
f 298/485/483 247/484/482 246/486/484
f 298/485/483 246/486/484 297/487/485
f 297/487/485 246/486/484 296/488/486
f 296/488/486 246/486/484 245/489/487
f 296/488/486 245/489/487 295/490/488
f 295/490/488 245/489/487 244/491/489
f 295/490/488 244/491/489 294/492/490
f 294/492/490 244/491/489 293/493/491
f 293/493/491 244/491/489 243/494/492
f 293/493/491 243/494/492 292/446/444
f 292/446/444 243/494/492 242/444/442
f 321/495/493 307/496/494 322/497/495
f 322/497/495 307/496/494 308/498/496
f 322/497/495 308/498/496 333/499/497
f 333/499/497 308/498/496 309/500/498
f 333/499/497 309/500/498 332/501/499
f 332/501/499 309/500/498 310/502/500
f 332/501/499 310/502/500 331/503/501
f 331/503/501 310/502/500 311/504/502
f 331/503/501 311/504/502 330/505/503
f 330/505/503 311/504/502 312/506/504
f 330/505/503 312/506/504 313/507/505
f 330/505/503 313/507/505 329/508/506
f 329/508/506 313/507/505 314/509/507
f 329/508/506 314/509/507 328/510/508
f 328/510/508 314/509/507 315/511/509
f 328/510/508 315/511/509 327/512/510
f 327/512/510 315/511/509 316/513/511
f 327/512/510 316/513/511 326/514/512
f 326/514/512 316/513/511 317/515/513
f 326/514/512 317/515/513 318/516/514
f 326/514/512 318/516/514 325/517/515
f 325/517/515 318/516/514 319/518/516
f 325/517/515 319/518/516 324/519/517
f 324/519/517 319/518/516 320/520/518
f 324/519/517 320/520/518 323/521/519
f 323/521/519 320/520/518 321/495/493
f 323/521/519 321/495/493 322/497/495
f 274/522/520 323/523/521 263/524/522
f 263/524/522 323/523/521 322/525/523
f 263/526/522 322/527/523 264/528/524
f 264/528/524 322/527/523 333/529/525
f 264/528/524 333/529/525 265/530/526
f 265/530/526 333/529/525 332/531/527
f 265/530/526 332/531/527 266/532/528
f 266/532/528 332/531/527 331/533/529
f 266/532/528 331/533/529 267/534/530
f 267/534/530 331/533/529 330/535/531
f 267/534/530 330/535/531 268/536/532
f 268/536/532 330/535/531 329/537/533
f 268/536/532 329/537/533 269/538/534
f 269/538/534 329/537/533 328/539/535
f 269/538/534 328/539/535 270/540/536
f 270/540/536 328/539/535 327/541/537
f 270/540/536 327/541/537 271/542/538
f 271/542/538 327/541/537 326/543/539
f 271/542/538 326/543/539 272/544/540
f 272/544/540 326/543/539 325/545/541
f 272/544/540 325/545/541 273/546/542
f 273/546/542 325/545/541 324/547/543
f 273/546/542 324/547/543 274/522/520
f 274/522/520 324/547/543 323/523/521
f 184/548/544 183/549/545 307/550/546
f 307/551/546 183/552/545 198/553/547
f 307/551/546 198/553/547 308/554/548
f 308/554/548 198/553/547 197/555/549
f 308/554/548 197/555/549 309/556/550
f 309/556/550 197/555/549 196/557/551
f 309/556/550 196/557/551 310/558/552
f 310/558/552 196/557/551 195/559/553
f 310/558/552 195/559/553 311/560/554
f 311/560/554 195/559/553 194/561/555
f 311/560/554 194/561/555 312/562/556
f 312/562/556 194/561/555 193/563/557
f 312/562/556 193/563/557 313/564/558
f 313/564/558 193/563/557 192/565/559
f 313/564/558 192/565/559 314/566/560
f 314/566/560 192/565/559 191/567/561
f 314/566/560 191/567/561 315/568/562
f 315/568/562 191/567/561 190/569/563
f 315/568/562 190/569/563 316/570/564
f 316/570/564 190/569/563 189/571/565
f 316/570/564 189/571/565 317/572/566
f 317/572/566 189/571/565 188/573/567
f 317/572/566 188/573/567 318/574/568
f 318/574/568 188/573/567 187/575/569
f 318/574/568 187/575/569 319/576/570
f 319/576/570 187/575/569 186/577/571
f 319/576/570 186/577/571 320/578/572
f 320/578/572 186/577/571 185/579/573
f 320/578/572 185/579/573 321/580/574
f 321/580/574 185/579/573 184/548/544
f 321/580/574 184/548/544 307/550/546
f 12/581/575 334/582/576 13/583/577
f 13/583/577 334/582/576 335/584/578
f 337/585/579 338/586/580 336/587/581
f 336/587/581 338/586/580 367/588/582
f 367/588/582 338/586/580 339/589/583
f 367/588/582 339/589/583 366/590/584
f 366/590/584 339/589/583 340/591/585
f 366/590/584 340/591/585 365/592/586
f 365/592/586 340/591/585 341/593/587
f 365/592/586 341/593/587 364/594/588
f 364/594/588 341/593/587 342/595/589
f 364/594/588 342/595/589 363/596/590
f 363/596/590 342/595/589 343/597/591
f 363/596/590 343/597/591 362/598/592
f 362/598/592 343/597/591 344/599/593
f 362/598/592 344/599/593 361/600/594
f 361/600/594 344/599/593 345/601/595
f 361/600/594 345/601/595 360/602/596
f 360/602/596 345/601/595 346/603/597
f 360/602/596 346/603/597 359/604/598
f 359/604/598 346/603/597 347/605/599
f 359/604/598 347/605/599 358/606/600
f 358/606/600 347/605/599 348/607/601
f 358/606/600 348/607/601 357/608/602
f 357/608/602 348/607/601 349/609/603
f 357/608/602 349/609/603 356/610/604
f 356/610/604 349/609/603 350/611/605
f 356/610/604 350/611/605 355/612/606
f 355/612/606 350/611/605 351/613/607
f 355/612/606 351/613/607 354/614/608
f 354/614/608 351/613/607 352/615/609
f 354/614/608 352/615/609 353/616/610
f 353/616/610 352/615/609 335/617/578
f 353/616/610 335/617/578 334/618/576
f 336/619/581 368/620/611 337/621/579
f 337/621/579 368/620/611 369/622/612
f 371/623/613 372/624/614 370/625/615
f 370/625/615 372/624/614 401/626/616
f 401/626/616 372/624/614 373/627/617
f 401/626/616 373/627/617 400/628/618
f 400/628/618 373/627/617 374/629/619
f 400/628/618 374/629/619 399/630/620
f 399/630/620 374/629/619 375/631/621
f 399/630/620 375/631/621 398/632/622
f 398/632/622 375/631/621 376/633/623
f 398/632/622 376/633/623 397/634/624
f 397/634/624 376/633/623 377/635/625
f 397/634/624 377/635/625 396/636/626
f 396/636/626 377/635/625 378/637/627
f 396/636/626 378/637/627 395/638/628
f 395/638/628 378/637/627 379/639/629
f 395/638/628 379/639/629 394/640/630
f 394/640/630 379/639/629 380/641/631
f 394/640/630 380/641/631 393/642/632
f 393/642/632 380/641/631 381/643/633
f 393/642/632 381/643/633 392/644/634
f 392/644/634 381/643/633 382/645/635
f 392/644/634 382/645/635 391/646/636
f 391/646/636 382/645/635 383/647/637
f 391/646/636 383/647/637 390/648/638
f 390/648/638 383/647/637 384/649/639
f 390/648/638 384/649/639 389/650/640
f 389/650/640 384/649/639 385/651/641
f 389/650/640 385/651/641 388/652/642
f 388/652/642 385/651/641 386/653/643
f 388/652/642 386/653/643 387/654/644
f 387/654/644 386/653/643 369/655/612
f 387/654/644 369/655/612 368/656/611
f 11/657/645 402/658/646 12/659/647
f 12/659/647 402/658/646 334/660/648
f 403/661/649 420/662/650 402/663/646
f 402/663/646 420/662/650 353/664/651
f 402/663/646 353/664/651 334/665/648
f 420/662/650 403/661/649 421/666/652
f 421/666/652 403/661/649 404/667/653
f 421/666/652 404/667/653 422/668/654
f 422/668/654 404/667/653 405/669/655
f 422/668/654 405/669/655 406/670/656
f 422/668/654 406/670/656 423/671/657
f 423/671/657 406/670/656 407/672/658
f 423/671/657 407/672/658 424/673/659
f 424/673/659 407/672/658 419/674/660
f 424/673/659 419/674/660 357/675/661
f 357/675/661 419/674/660 358/676/662
f 358/676/662 419/674/660 425/677/663
f 358/676/662 425/677/663 359/678/664
f 359/678/664 425/677/663 426/679/665
f 359/678/664 426/679/665 360/680/666
f 360/680/666 426/679/665 427/681/667
f 360/680/666 427/681/667 361/682/668
f 361/682/668 427/681/667 428/683/669
f 361/682/668 428/683/669 362/684/670
f 362/684/670 428/683/669 429/685/671
f 362/684/670 429/685/671 363/686/672
f 363/686/672 429/685/671 430/687/673
f 363/686/672 430/687/673 364/688/674
f 364/688/674 430/687/673 431/689/675
f 364/688/674 431/689/675 365/690/676
f 365/690/676 431/689/675 432/691/677
f 365/690/676 432/691/677 366/692/678
f 366/692/678 432/691/677 433/693/679
f 366/692/678 433/693/679 367/694/680
f 367/694/680 433/693/679 418/695/681
f 367/694/680 418/695/681 336/696/682
f 336/696/682 418/695/681 417/697/683
f 417/697/683 418/695/681 416/698/684
f 416/698/684 418/695/681 433/693/679
f 416/698/684 433/693/679 432/691/677
f 407/672/658 408/699/685 419/674/660
f 419/674/660 408/699/685 425/677/663
f 408/699/685 409/700/686 425/677/663
f 425/677/663 409/700/686 426/679/665
f 409/700/686 410/701/687 426/679/665
f 426/679/665 410/701/687 427/681/667
f 410/701/687 411/702/688 427/681/667
f 427/681/667 411/702/688 428/683/669
f 411/702/688 412/703/689 428/683/669
f 428/683/669 412/703/689 429/685/671
f 412/703/689 413/704/690 429/685/671
f 429/685/671 413/704/690 430/687/673
f 413/704/690 414/705/691 430/687/673
f 430/687/673 414/705/691 431/689/675
f 414/705/691 415/706/692 431/689/675
f 431/689/675 415/706/692 432/691/677
f 415/706/692 416/698/684 432/691/677
f 424/673/659 357/675/661 423/671/657
f 423/671/657 357/675/661 356/707/693
f 423/671/657 356/707/693 422/668/654
f 422/668/654 356/707/693 355/708/694
f 422/668/654 355/708/694 421/666/652
f 421/666/652 355/708/694 354/709/695
f 421/666/652 354/709/695 420/662/650
f 420/662/650 354/709/695 353/664/651
f 434/710/696 368/711/697 417/712/683
f 417/712/683 368/711/697 336/713/682
f 435/714/698 452/715/699 434/716/700
f 434/716/700 452/715/699 387/717/701
f 434/716/700 387/717/701 368/718/702
f 452/715/699 435/714/698 453/719/703
f 453/719/703 435/714/698 436/720/704
f 453/719/703 436/720/704 454/721/705
f 454/721/705 436/720/704 437/722/706
f 454/721/705 437/722/706 438/723/707
f 454/721/705 438/723/707 455/724/708
f 455/724/708 438/723/707 439/725/709
f 455/724/708 439/725/709 456/726/710
f 456/726/710 439/725/709 451/727/711
f 456/726/710 451/727/711 391/728/712
f 391/728/712 451/727/711 392/729/713
f 392/729/713 451/727/711 457/730/714
f 392/729/713 457/730/714 393/731/715
f 393/731/715 457/730/714 458/732/716
f 393/731/715 458/732/716 394/733/717
f 394/733/717 458/732/716 459/734/718
f 394/733/717 459/734/718 395/735/719
f 395/735/719 459/734/718 460/736/720
f 395/735/719 460/736/720 396/737/721
f 396/737/721 460/736/720 461/738/722
f 396/737/721 461/738/722 397/739/723
f 397/739/723 461/738/722 462/740/724
f 397/739/723 462/740/724 398/741/725
f 398/741/725 462/740/724 463/742/726
f 398/741/725 463/742/726 399/743/727
f 399/743/727 463/742/726 464/744/728
f 399/743/727 464/744/728 400/745/729
f 400/745/729 464/744/728 465/746/730
f 400/745/729 465/746/730 401/747/731
f 401/747/731 465/746/730 450/748/732
f 401/747/731 450/748/732 370/749/733
f 370/749/733 450/748/732 449/750/734
f 449/750/734 450/748/732 448/751/735
f 448/751/735 450/748/732 465/746/730
f 448/751/735 465/746/730 464/744/728
f 439/725/709 440/752/736 451/727/711
f 451/727/711 440/752/736 457/730/714
f 440/752/736 441/753/737 457/730/714
f 457/730/714 441/753/737 458/732/716
f 441/753/737 442/754/738 458/732/716
f 458/732/716 442/754/738 459/734/718
f 442/754/738 443/755/739 459/734/718
f 459/734/718 443/755/739 460/736/720
f 443/755/739 444/756/740 460/736/720
f 460/736/720 444/756/740 461/738/722
f 444/756/740 445/757/741 461/738/722
f 461/738/722 445/757/741 462/740/724
f 445/757/741 446/758/742 462/740/724
f 462/740/724 446/758/742 463/742/726
f 446/758/742 447/759/743 463/742/726
f 463/742/726 447/759/743 464/744/728
f 447/759/743 448/751/735 464/744/728
f 456/726/710 391/728/712 455/724/708
f 455/724/708 391/728/712 390/760/744
f 455/724/708 390/760/744 454/721/705
f 454/721/705 390/760/744 389/761/745
f 454/721/705 389/761/745 453/719/703
f 453/719/703 389/761/745 388/762/746
f 453/719/703 388/762/746 452/715/699
f 452/715/699 388/762/746 387/717/701
f 228/763/747 227/764/748 484/765/749
f 484/765/749 227/764/748 466/766/750
f 484/765/749 466/766/750 467/767/751
f 484/765/749 467/767/751 485/768/752
f 485/768/752 467/767/751 468/769/753
f 485/768/752 468/769/753 486/770/754
f 486/770/754 468/769/753 469/771/755
f 486/770/754 469/771/755 470/772/756
f 486/770/754 470/772/756 487/773/757
f 487/773/757 470/772/756 471/774/758
f 487/773/757 471/774/758 488/775/759
f 488/775/759 471/774/758 472/776/760
f 488/775/759 472/776/760 483/777/761
f 483/777/761 472/776/760 473/778/762
f 483/777/761 473/778/762 489/779/763
f 489/779/763 473/778/762 474/780/764
f 489/779/763 474/780/764 490/781/765
f 490/781/765 474/780/764 475/782/766
f 490/781/765 475/782/766 491/783/767
f 491/783/767 475/782/766 476/784/768
f 491/783/767 476/784/768 492/785/769
f 492/785/769 476/784/768 477/786/770
f 492/785/769 477/786/770 493/787/771
f 493/787/771 477/786/770 478/788/772
f 493/787/771 478/788/772 494/789/773
f 494/789/773 478/788/772 479/790/774
f 494/789/773 479/790/774 495/791/775
f 495/791/775 479/790/774 480/792/776
f 495/791/775 480/792/776 496/793/777
f 496/793/777 480/792/776 481/794/778
f 496/793/777 481/794/778 497/795/779
f 497/795/779 481/794/778 482/796/780
f 497/795/779 482/796/780 241/797/781
f 241/797/781 482/796/780 210/798/339
f 210/798/339 482/796/780 208/799/341
f 208/799/341 482/796/780 481/794/778
f 497/795/779 241/797/781 496/793/777
f 496/793/777 241/797/781 240/800/782
f 496/793/777 240/800/782 495/791/775
f 495/791/775 240/800/782 239/801/783
f 495/791/775 239/801/783 494/789/773
f 494/789/773 239/801/783 238/802/784
f 494/789/773 238/802/784 493/787/771
f 493/787/771 238/802/784 237/803/785
f 493/787/771 237/803/785 492/785/769
f 492/785/769 237/803/785 236/804/786
f 492/785/769 236/804/786 491/783/767
f 491/783/767 236/804/786 235/805/787
f 491/783/767 235/805/787 490/781/765
f 490/781/765 235/805/787 234/806/788
f 490/781/765 234/806/788 489/779/763
f 489/779/763 234/806/788 233/807/789
f 489/779/763 233/807/789 483/777/761
f 483/777/761 233/807/789 232/808/790
f 483/777/761 232/808/790 488/775/759
f 488/775/759 232/808/790 487/773/757
f 232/808/790 231/809/791 487/773/757
f 487/773/757 231/809/791 486/770/754
f 231/809/791 230/810/792 486/770/754
f 486/770/754 230/810/792 229/811/793
f 486/770/754 229/811/793 485/768/752
f 485/768/752 229/811/793 228/763/747
f 485/768/752 228/763/747 484/765/749
f 466/812/750 227/813/748 498/814/794
f 498/814/794 227/813/748 226/815/795
f 212/816/796 211/817/797 517/818/798
f 517/818/798 211/817/797 499/819/799
f 517/818/798 499/819/799 500/820/800
f 517/818/798 500/820/800 518/821/801
f 518/821/801 500/820/800 501/822/802
f 518/821/801 501/822/802 519/823/803
f 519/823/803 501/822/802 502/824/804
f 519/823/803 502/824/804 503/825/805
f 519/823/803 503/825/805 520/826/806
f 520/826/806 503/825/805 504/827/807
f 520/826/806 504/827/807 521/828/808
f 521/828/808 504/827/807 505/829/809
f 521/828/808 505/829/809 516/830/810
f 516/830/810 505/829/809 506/831/811
f 516/830/810 506/831/811 522/832/812
f 522/832/812 506/831/811 507/833/813
f 522/832/812 507/833/813 523/834/814
f 523/834/814 507/833/813 508/835/815
f 523/834/814 508/835/815 524/836/816
f 524/836/816 508/835/815 509/837/817
f 524/836/816 509/837/817 525/838/818
f 525/838/818 509/837/817 510/839/819
f 525/838/818 510/839/819 526/840/820
f 526/840/820 510/839/819 511/841/821
f 526/840/820 511/841/821 527/842/822
f 527/842/822 511/841/821 512/843/823
f 527/842/822 512/843/823 528/844/824
f 528/844/824 512/843/823 513/845/825
f 528/844/824 513/845/825 529/846/826
f 529/846/826 513/845/825 514/847/827
f 529/846/826 514/847/827 530/848/828
f 530/848/828 514/847/827 515/849/829
f 530/848/828 515/849/829 225/850/830
f 225/850/830 515/849/829 226/851/795
f 226/851/795 515/849/829 498/852/794
f 498/852/794 515/849/829 514/847/827
f 530/848/828 225/850/830 529/846/826
f 529/846/826 225/850/830 224/853/831
f 529/846/826 224/853/831 528/844/824
f 528/844/824 224/853/831 223/854/832
f 528/844/824 223/854/832 527/842/822
f 527/842/822 223/854/832 222/855/833
f 527/842/822 222/855/833 526/840/820
f 526/840/820 222/855/833 221/856/834
f 526/840/820 221/856/834 525/838/818
f 525/838/818 221/856/834 220/857/835
f 525/838/818 220/857/835 524/836/816
f 524/836/816 220/857/835 219/858/836
f 524/836/816 219/858/836 523/834/814
f 523/834/814 219/858/836 218/859/837
f 523/834/814 218/859/837 522/832/812
f 522/832/812 218/859/837 217/860/838
f 522/832/812 217/860/838 516/830/810
f 516/830/810 217/860/838 216/861/839
f 516/830/810 216/861/839 521/828/808
f 521/828/808 216/861/839 520/826/806
f 216/861/839 215/862/840 520/826/806
f 520/826/806 215/862/840 519/823/803
f 215/862/840 214/863/841 519/823/803
f 519/823/803 214/863/841 213/864/842
f 519/823/803 213/864/842 518/821/801
f 518/821/801 213/864/842 212/816/796
f 518/821/801 212/816/796 517/818/798
f 31/865/843 499/866/799 32/867/844
f 32/867/844 499/866/799 211/868/797
f 208/869/335 481/870/845 209/871/337
f 209/871/337 481/870/845 544/872/846
f 544/872/846 481/870/845 480/873/847
f 544/872/846 480/873/847 543/874/848
f 543/874/848 480/873/847 479/875/849
f 543/874/848 479/875/849 542/876/850
f 542/876/850 479/875/849 478/877/851
f 542/876/850 478/877/851 541/878/852
f 541/878/852 478/877/851 477/879/853
f 541/878/852 477/879/853 540/880/854
f 540/880/854 477/879/853 476/881/855
f 540/880/854 476/881/855 539/882/856
f 539/882/856 476/881/855 475/883/857
f 539/882/856 475/883/857 538/884/858
f 538/884/858 475/883/857 474/885/859
f 538/884/858 474/885/859 537/886/860
f 537/886/860 474/885/859 473/887/861
f 537/886/860 473/887/861 536/888/862
f 536/888/862 473/887/861 472/889/863
f 536/888/862 472/889/863 535/890/864
f 535/890/864 472/889/863 471/891/865
f 535/890/864 471/891/865 470/892/866
f 535/890/864 470/892/866 534/893/867
f 534/893/867 470/892/866 469/894/868
f 534/893/867 469/894/868 533/895/869
f 533/895/869 469/894/868 468/896/870
f 533/895/869 468/896/870 532/897/871
f 532/897/871 468/896/870 467/898/872
f 532/897/871 467/898/872 531/899/873
f 531/899/873 467/898/872 466/900/874
f 466/901/874 498/902/875 531/903/873
f 531/903/873 498/902/875 545/904/876
f 498/905/875 514/906/877 545/907/876
f 545/907/876 514/906/877 559/908/878
f 559/908/878 514/906/877 513/909/879
f 559/908/878 513/909/879 558/910/880
f 558/910/880 513/909/879 512/911/881
f 558/910/880 512/911/881 557/912/882
f 557/912/882 512/911/881 511/913/883
f 557/912/882 511/913/883 556/914/884
f 556/914/884 511/913/883 510/915/885
f 556/914/884 510/915/885 555/916/886
f 555/916/886 510/915/885 509/917/887
f 555/916/886 509/917/887 554/918/888
f 554/918/888 509/917/887 508/919/889
f 554/918/888 508/919/889 553/920/890
f 553/920/890 508/919/889 507/921/891
f 553/920/890 507/921/891 552/922/892
f 552/922/892 507/921/891 506/923/893
f 552/922/892 506/923/893 551/924/894
f 551/924/894 506/923/893 505/925/895
f 551/924/894 505/925/895 550/926/896
f 550/926/896 505/925/895 504/927/897
f 550/926/896 504/927/897 503/928/898
f 550/926/896 503/928/898 549/929/899
f 549/929/899 503/928/898 502/930/900
f 549/929/899 502/930/900 548/931/901
f 548/931/901 502/930/900 501/932/902
f 548/931/901 501/932/902 547/933/903
f 547/933/903 501/932/902 500/934/904
f 547/933/903 500/934/904 546/935/905
f 546/935/905 500/934/904 499/936/906
f 30/937/907 546/938/905 31/939/908
f 31/939/908 546/938/905 499/940/906
f 67/941/909 66/942/910 576/943/911
f 576/943/911 66/942/910 560/944/912
f 576/943/911 560/944/912 575/945/913
f 575/945/913 560/944/912 561/946/914
f 575/945/913 561/946/914 574/947/915
f 574/947/915 561/946/914 573/948/916
f 573/948/916 561/946/914 562/949/917
f 573/948/916 562/949/917 571/950/918
f 571/950/918 562/949/917 570/951/919
f 570/951/919 562/949/917 569/952/920
f 569/952/920 562/949/917 563/953/921
f 569/952/920 563/953/921 568/954/922
f 568/954/922 563/953/921 567/955/923
f 567/955/923 563/953/921 564/956/924
f 567/955/923 564/956/924 565/957/925
f 565/957/925 566/958/926 567/955/923
f 571/950/918 572/959/927 573/948/916
f 565/960/928 564/961/929 202/962/930
f 202/962/930 564/961/929 203/963/931
f 564/964/932 563/965/933 203/966/934
f 203/966/934 563/965/933 204/967/935
f 563/968/936 562/969/937 204/970/938
f 204/970/938 562/969/937 205/971/939
f 562/972/940 561/973/941 205/974/942
f 205/974/942 561/973/941 206/975/943
f 561/976/944 560/977/945 206/978/946
f 206/978/946 560/977/945 207/979/947
f 66/980/948 65/981/949 560/982/950
f 560/982/950 65/981/949 64/983/951
f 560/982/950 64/983/951 207/984/952
f 207/984/952 64/983/951 63/985/953
f 633/986/954 573/987/955 636/988/956
f 636/988/956 573/987/955 572/989/957
f 636/988/956 572/989/957 571/990/958
f 636/988/956 571/990/958 635/991/959
f 635/991/959 571/990/958 570/992/960
f 635/991/959 570/992/960 577/993/961
f 577/993/961 570/992/960 569/994/962
f 635/991/959 577/993/961 637/995/963
f 637/995/963 577/993/961 578/996/964
f 637/995/963 578/996/964 639/997/965
f 639/997/965 578/996/964 579/998/966
f 639/997/965 579/998/966 641/999/967
f 641/999/967 579/998/966 580/1000/968
f 641/999/967 580/1000/968 643/1001/969
f 643/1001/969 580/1000/968 581/1002/970
f 643/1001/969 581/1002/970 645/1003/971
f 645/1003/971 581/1002/970 582/1004/972
f 645/1003/971 582/1004/972 647/1005/973
f 647/1005/973 582/1004/972 583/1006/974
f 647/1005/973 583/1006/974 649/1007/975
f 649/1007/975 583/1006/974 584/1008/976
f 649/1007/975 584/1008/976 651/1009/977
f 651/1009/977 584/1008/976 585/1010/978
f 651/1009/977 585/1010/978 653/1011/979
f 653/1011/979 585/1010/978 586/1012/980
f 653/1011/979 586/1012/980 655/1013/981
f 655/1013/981 586/1012/980 587/1014/982
f 655/1013/981 587/1014/982 657/1015/983
f 657/1015/983 587/1014/982 588/1016/984
f 657/1015/983 588/1016/984 659/1017/985
f 659/1017/985 588/1016/984 589/1018/986
f 659/1017/985 589/1018/986 661/1019/987
f 661/1019/987 589/1018/986 590/1020/988
f 661/1019/987 590/1020/988 663/1021/989
f 663/1021/989 590/1020/988 591/1022/990
f 663/1021/989 591/1022/990 592/1023/991
f 663/1021/989 592/1023/991 665/1024/992
f 665/1024/992 592/1023/991 593/1025/993
f 665/1024/992 593/1025/993 667/1026/994
f 667/1026/994 593/1025/993 594/1027/995
f 667/1026/994 594/1027/995 669/1028/996
f 669/1028/996 594/1027/995 595/1029/997
f 669/1028/996 595/1029/997 671/1030/998
f 671/1030/998 595/1029/997 596/1031/999
f 671/1030/998 596/1031/999 673/1032/1000
f 673/1032/1000 596/1031/999 597/1033/1001
f 673/1032/1000 597/1033/1001 675/1034/1002
f 675/1034/1002 597/1033/1001 598/1035/1003
f 675/1034/1002 598/1035/1003 677/1036/1004
f 677/1036/1004 598/1035/1003 599/1037/1005
f 677/1036/1004 599/1037/1005 679/1038/1006
f 679/1038/1006 599/1037/1005 600/1039/1007
f 679/1038/1006 600/1039/1007 681/1040/1008
f 681/1040/1008 600/1039/1007 601/1041/1009
f 681/1040/1008 601/1041/1009 683/1042/1010
f 683/1042/1010 601/1041/1009 602/1043/1011
f 683/1042/1010 602/1043/1011 685/1044/1012
f 685/1044/1012 602/1043/1011 603/1045/1013
f 685/1044/1012 603/1045/1013 687/1046/1014
f 687/1046/1014 603/1045/1013 604/1047/1015
f 687/1046/1014 604/1047/1015 689/1048/1016
f 689/1048/1016 604/1047/1015 605/1049/1017
f 689/1048/1016 605/1049/1017 691/1050/1018
f 691/1050/1018 605/1049/1017 9/1051/1019
f 691/1050/1018 9/1051/1019 8/1052/1020
f 605/1049/1017 10/1053/1021 9/1051/1019
f 691/1050/1018 8/1052/1020 634/1054/1022
f 634/1054/1022 8/1052/1020 7/1055/1023
f 634/1054/1022 7/1055/1023 606/1056/1024
f 606/1056/1024 7/1055/1023 6/1057/1025
f 634/1054/1022 606/1056/1024 690/1058/1026
f 690/1058/1026 606/1056/1024 607/1059/1027
f 690/1058/1026 607/1059/1027 688/1060/1028
f 688/1060/1028 607/1059/1027 608/1061/1029
f 688/1060/1028 608/1061/1029 686/1062/1030
f 686/1062/1030 608/1061/1029 609/1063/1031
f 686/1062/1030 609/1063/1031 684/1064/1032
f 684/1064/1032 609/1063/1031 610/1065/1033
f 684/1064/1032 610/1065/1033 682/1066/1034
f 682/1066/1034 610/1065/1033 611/1067/1035
f 682/1066/1034 611/1067/1035 680/1068/1036
f 680/1068/1036 611/1067/1035 612/1069/1037
f 680/1068/1036 612/1069/1037 678/1070/1038
f 678/1070/1038 612/1069/1037 613/1071/1039
f 678/1070/1038 613/1071/1039 676/1072/1040
f 676/1072/1040 613/1071/1039 614/1073/1041
f 676/1072/1040 614/1073/1041 674/1074/1042
f 674/1074/1042 614/1073/1041 615/1075/1043
f 674/1074/1042 615/1075/1043 672/1076/1044
f 672/1076/1044 615/1075/1043 616/1077/1045
f 672/1076/1044 616/1077/1045 670/1078/1046
f 670/1078/1046 616/1077/1045 617/1079/1047
f 670/1078/1046 617/1079/1047 668/1080/1048
f 668/1080/1048 617/1079/1047 618/1081/1049
f 668/1080/1048 618/1081/1049 666/1082/1050
f 666/1082/1050 618/1081/1049 619/1083/1051
f 666/1082/1050 619/1083/1051 664/1084/1052
f 664/1084/1052 619/1083/1051 620/1085/1053
f 664/1084/1052 620/1085/1053 662/1086/1054
f 662/1086/1054 620/1085/1053 621/1087/1055
f 662/1086/1054 621/1087/1055 660/1088/1056
f 660/1088/1056 621/1087/1055 622/1089/1057
f 660/1088/1056 622/1089/1057 658/1090/1058
f 658/1090/1058 622/1089/1057 623/1091/1059
f 658/1090/1058 623/1091/1059 656/1092/1060
f 656/1092/1060 623/1091/1059 624/1093/1061
f 656/1092/1060 624/1093/1061 654/1094/1062
f 654/1094/1062 624/1093/1061 625/1095/1063
f 654/1094/1062 625/1095/1063 652/1096/1064
f 652/1096/1064 625/1095/1063 626/1097/1065
f 652/1096/1064 626/1097/1065 650/1098/1066
f 650/1098/1066 626/1097/1065 627/1099/1067
f 650/1098/1066 627/1099/1067 648/1100/1068
f 648/1100/1068 627/1099/1067 628/1101/1069
f 648/1100/1068 628/1101/1069 646/1102/1070
f 646/1102/1070 628/1101/1069 629/1103/1071
f 646/1102/1070 629/1103/1071 644/1104/1072
f 644/1104/1072 629/1103/1071 630/1105/1073
f 644/1104/1072 630/1105/1073 642/1106/1074
f 642/1106/1074 630/1105/1073 631/1107/1075
f 642/1106/1074 631/1107/1075 640/1108/1076
f 640/1108/1076 631/1107/1075 632/1109/1077
f 640/1108/1076 632/1109/1077 638/1110/1078
f 638/1110/1078 632/1109/1077 633/986/954
f 638/1110/1078 633/986/954 636/988/956
f 638/1110/1078 636/988/956 635/991/959
f 638/1110/1078 635/991/959 637/995/963
f 640/1108/1076 638/1110/1078 637/995/963
f 640/1108/1076 637/995/963 639/997/965
f 642/1106/1074 640/1108/1076 639/997/965
f 642/1106/1074 639/997/965 641/999/967
f 644/1104/1072 642/1106/1074 641/999/967
f 644/1104/1072 641/999/967 643/1001/969
f 646/1102/1070 644/1104/1072 643/1001/969
f 646/1102/1070 643/1001/969 645/1003/971
f 648/1100/1068 646/1102/1070 645/1003/971
f 648/1100/1068 645/1003/971 647/1005/973
f 650/1098/1066 648/1100/1068 647/1005/973
f 650/1098/1066 647/1005/973 649/1007/975
f 652/1096/1064 650/1098/1066 649/1007/975
f 652/1096/1064 649/1007/975 651/1009/977
f 654/1094/1062 652/1096/1064 651/1009/977
f 654/1094/1062 651/1009/977 653/1011/979
f 656/1092/1060 654/1094/1062 653/1011/979
f 656/1092/1060 653/1011/979 655/1013/981
f 658/1090/1058 656/1092/1060 655/1013/981
f 658/1090/1058 655/1013/981 657/1015/983
f 660/1088/1056 658/1090/1058 657/1015/983
f 660/1088/1056 657/1015/983 659/1017/985
f 662/1086/1054 660/1088/1056 659/1017/985
f 662/1086/1054 659/1017/985 661/1019/987
f 664/1084/1052 662/1086/1054 661/1019/987
f 664/1084/1052 661/1019/987 663/1021/989
f 666/1082/1050 664/1084/1052 665/1024/992
f 665/1024/992 664/1084/1052 663/1021/989
f 668/1080/1048 666/1082/1050 667/1026/994
f 667/1026/994 666/1082/1050 665/1024/992
f 670/1078/1046 668/1080/1048 669/1028/996
f 669/1028/996 668/1080/1048 667/1026/994
f 672/1076/1044 670/1078/1046 671/1030/998
f 671/1030/998 670/1078/1046 669/1028/996
f 674/1074/1042 672/1076/1044 673/1032/1000
f 673/1032/1000 672/1076/1044 671/1030/998
f 676/1072/1040 674/1074/1042 675/1034/1002
f 675/1034/1002 674/1074/1042 673/1032/1000
f 678/1070/1038 676/1072/1040 677/1036/1004
f 677/1036/1004 676/1072/1040 675/1034/1002
f 680/1068/1036 678/1070/1038 679/1038/1006
f 679/1038/1006 678/1070/1038 677/1036/1004
f 682/1066/1034 680/1068/1036 681/1040/1008
f 681/1040/1008 680/1068/1036 679/1038/1006
f 684/1064/1032 682/1066/1034 683/1042/1010
f 683/1042/1010 682/1066/1034 681/1040/1008
f 686/1062/1030 684/1064/1032 685/1044/1012
f 685/1044/1012 684/1064/1032 683/1042/1010
f 688/1060/1028 686/1062/1030 687/1046/1014
f 687/1046/1014 686/1062/1030 685/1044/1012
f 690/1058/1026 688/1060/1028 689/1048/1016
f 689/1048/1016 688/1060/1028 687/1046/1014
f 634/1054/1022 690/1058/1026 691/1050/1018
f 691/1050/1018 690/1058/1026 689/1048/1016
f 569/1111/962 568/1112/1079 577/1113/961
f 577/1113/961 568/1112/1079 578/1114/964
f 578/1114/964 568/1112/1079 449/1115/1080
f 578/1114/964 449/1115/1080 579/1116/966
f 579/1116/966 449/1115/1080 580/1117/968
f 580/1117/968 449/1115/1080 581/1118/970
f 581/1118/970 449/1115/1080 582/1119/972
f 582/1119/972 449/1115/1080 583/1120/974
f 583/1120/974 449/1115/1080 448/1121/1081
f 583/1120/974 448/1121/1081 447/1122/1082
f 583/1120/974 447/1122/1082 584/1123/976
f 584/1123/976 447/1122/1082 446/1124/1083
f 584/1123/976 446/1124/1083 445/1125/1084
f 584/1123/976 445/1125/1084 585/1126/978
f 585/1126/978 445/1125/1084 444/1127/1085
f 585/1126/978 444/1127/1085 443/1128/1086
f 585/1126/978 443/1128/1086 586/1129/980
f 586/1129/980 443/1128/1086 442/1130/1087
f 586/1129/980 442/1130/1087 441/1131/1088
f 586/1129/980 441/1131/1088 587/1132/982
f 587/1132/982 441/1131/1088 440/1133/1089
f 587/1132/982 440/1133/1089 439/1134/1090
f 439/1134/1090 438/1135/1091 587/1132/982
f 587/1132/982 438/1135/1091 435/1136/1092
f 587/1132/982 435/1136/1092 434/1137/1093
f 438/1135/1091 437/1138/1094 435/1136/1092
f 435/1136/1092 437/1138/1094 436/1139/1095
f 417/1140/1096 591/1141/990 434/1137/1093
f 434/1137/1093 591/1141/990 590/1142/988
f 434/1137/1093 590/1142/988 589/1143/986
f 416/1144/1097 595/1145/997 417/1140/1096
f 417/1140/1096 595/1145/997 594/1146/995
f 417/1140/1096 594/1146/995 593/1147/993
f 416/1144/1097 415/1148/1098 595/1145/997
f 595/1145/997 415/1148/1098 414/1149/1099
f 595/1145/997 414/1149/1099 413/1150/1100
f 413/1150/1100 412/1151/1101 595/1145/997
f 595/1145/997 412/1151/1101 411/1152/1102
f 595/1145/997 411/1152/1102 596/1153/999
f 596/1153/999 411/1152/1102 410/1154/1103
f 596/1153/999 410/1154/1103 409/1155/1104
f 409/1155/1104 408/1156/1105 596/1153/999
f 596/1153/999 408/1156/1105 597/1157/1001
f 597/1157/1001 408/1156/1105 407/1158/1106
f 597/1157/1001 407/1158/1106 406/1159/1107
f 597/1157/1001 406/1159/1107 598/1160/1003
f 598/1160/1003 406/1159/1107 405/1161/1108
f 598/1160/1003 405/1161/1108 404/1162/1109
f 403/1163/1110 11/1164/1111 404/1162/1109
f 404/1162/1109 11/1164/1111 603/1165/1013
f 404/1162/1109 603/1165/1013 602/1166/1011
f 403/1163/1110 402/1167/1112 11/1164/1111
f 10/1168/1021 605/1169/1017 11/1164/1111
f 11/1164/1111 605/1169/1017 604/1170/1015
f 11/1164/1111 604/1170/1015 603/1165/1013
f 602/1166/1011 601/1171/1009 404/1162/1109
f 404/1162/1109 601/1171/1009 600/1172/1007
f 404/1162/1109 600/1172/1007 599/1173/1005
f 599/1173/1005 598/1160/1003 404/1162/1109
f 593/1147/993 592/1174/991 417/1140/1096
f 417/1140/1096 592/1174/991 591/1141/990
f 589/1143/986 588/1175/984 434/1137/1093
f 434/1137/1093 588/1175/984 587/1132/982
f 574/1176/1113 573/1177/955 719/1178/1114
f 719/1178/1114 573/1177/955 633/1179/954
f 719/1178/1114 633/1179/954 718/1180/1115
f 718/1180/1115 633/1179/954 632/1181/1077
f 718/1180/1115 632/1181/1077 717/1182/1116
f 717/1182/1116 632/1181/1077 631/1183/1075
f 717/1182/1116 631/1183/1075 716/1184/1117
f 716/1184/1117 631/1183/1075 630/1185/1073
f 716/1184/1117 630/1185/1073 715/1186/1118
f 715/1186/1118 630/1185/1073 629/1187/1071
f 715/1186/1118 629/1187/1071 714/1188/1119
f 714/1188/1119 629/1187/1071 628/1189/1069
f 714/1188/1119 628/1189/1069 713/1190/1120
f 713/1190/1120 628/1189/1069 627/1191/1067
f 713/1190/1120 627/1191/1067 712/1192/1121
f 712/1192/1121 627/1191/1067 626/1193/1065
f 712/1192/1121 626/1193/1065 711/1194/1122
f 711/1194/1122 626/1193/1065 625/1195/1063
f 711/1194/1122 625/1195/1063 710/1196/1123
f 710/1196/1123 625/1195/1063 624/1197/1061
f 710/1196/1123 624/1197/1061 709/1198/1124
f 709/1198/1124 624/1197/1061 623/1199/1059
f 709/1198/1124 623/1199/1059 708/1200/1125
f 708/1200/1125 623/1199/1059 622/1201/1057
f 708/1200/1125 622/1201/1057 707/1202/1126
f 707/1202/1126 622/1201/1057 621/1203/1055
f 707/1202/1126 621/1203/1055 283/1204/1127
f 283/1204/1127 621/1203/1055 284/1205/1128
f 284/1205/1128 621/1203/1055 285/1206/1129
f 285/1206/1129 621/1203/1055 286/1207/1130
f 286/1207/1130 621/1203/1055 620/1208/1053
f 286/1207/1130 620/1208/1053 287/1209/1131
f 287/1209/1131 620/1208/1053 288/1210/1132
f 288/1210/1132 620/1208/1053 289/1211/1133
f 289/1211/1133 620/1208/1053 290/1212/1134
f 290/1212/1134 620/1208/1053 291/1213/1135
f 291/1213/1135 620/1208/1053 619/1214/1051
f 291/1213/1135 619/1214/1051 292/1215/1136
f 292/1215/1136 619/1214/1051 293/1216/1137
f 293/1216/1137 619/1214/1051 294/1217/1138
f 294/1217/1138 619/1214/1051 295/1218/1139
f 295/1218/1139 619/1214/1051 296/1219/1140
f 296/1219/1140 619/1214/1051 618/1220/1049
f 296/1219/1140 618/1220/1049 297/1221/1141
f 297/1221/1141 618/1220/1049 298/1222/1142
f 298/1222/1142 618/1220/1049 299/1223/1143
f 299/1223/1143 618/1220/1049 704/1224/1144
f 299/1223/1143 704/1224/1144 300/1225/1145
f 300/1225/1145 704/1224/1144 301/1226/1146
f 301/1226/1146 704/1224/1144 302/1227/1147
f 302/1227/1147 704/1224/1144 705/1228/1148
f 302/1227/1147 705/1228/1148 303/1229/1149
f 303/1229/1149 705/1228/1148 304/1230/1150
f 304/1230/1150 705/1228/1148 305/1231/1151
f 305/1231/1151 705/1228/1148 306/1232/1152
f 306/1232/1152 705/1228/1148 275/1233/1153
f 275/1233/1153 705/1228/1148 706/1234/1154
f 275/1233/1153 706/1234/1154 276/1235/1155
f 276/1235/1155 706/1234/1154 277/1236/1156
f 277/1236/1156 706/1234/1154 278/1237/1157
f 278/1237/1157 706/1234/1154 279/1238/1158
f 279/1238/1158 706/1234/1154 280/1239/1159
f 280/1239/1159 706/1234/1154 707/1202/1126
f 280/1239/1159 707/1202/1126 281/1240/1160
f 281/1240/1160 707/1202/1126 282/1241/1161
f 282/1241/1161 707/1202/1126 283/1204/1127
f 704/1224/1144 618/1220/1049 703/1242/1162
f 703/1242/1162 618/1220/1049 617/1243/1047
f 703/1242/1162 617/1243/1047 702/1244/1163
f 702/1244/1163 617/1243/1047 616/1245/1045
f 702/1244/1163 616/1245/1045 701/1246/1164
f 701/1246/1164 616/1245/1045 615/1247/1043
f 701/1246/1164 615/1247/1043 700/1248/1165
f 700/1248/1165 615/1247/1043 614/1249/1041
f 700/1248/1165 614/1249/1041 699/1250/1166
f 699/1250/1166 614/1249/1041 613/1251/1039
f 699/1250/1166 613/1251/1039 698/1252/1167
f 698/1252/1167 613/1251/1039 612/1253/1037
f 698/1252/1167 612/1253/1037 697/1254/1168
f 697/1254/1168 612/1253/1037 611/1255/1035
f 697/1254/1168 611/1255/1035 696/1256/1169
f 696/1256/1169 611/1255/1035 610/1257/1033
f 696/1256/1169 610/1257/1033 695/1258/1170
f 695/1258/1170 610/1257/1033 609/1259/1031
f 695/1258/1170 609/1259/1031 694/1260/1171
f 694/1260/1171 609/1259/1031 608/1261/1029
f 694/1260/1171 608/1261/1029 693/1262/1172
f 693/1262/1172 608/1261/1029 607/1263/1027
f 693/1262/1172 607/1263/1027 692/1264/1173
f 692/1264/1173 607/1263/1027 606/1265/1024
f 692/1264/1173 606/1265/1024 5/1266/1174
f 5/1266/1174 606/1265/1024 6/1267/1025
f 567/1268/1175 370/1269/733 568/1270/1176
f 568/1270/1176 370/1269/733 449/1271/734
f 576/1272/1177 575/1273/1178 746/1274/1179
f 746/1274/1179 575/1273/1178 719/1275/1180
f 746/1274/1179 719/1275/1180 718/1276/1181
f 575/1273/1178 574/1277/1182 719/1275/1180
f 746/1274/1179 718/1276/1181 745/1278/1183
f 745/1278/1183 718/1276/1181 717/1279/1184
f 745/1278/1183 717/1279/1184 744/1280/1185
f 744/1280/1185 717/1279/1184 716/1281/1186
f 744/1280/1185 716/1281/1186 743/1282/1187
f 743/1282/1187 716/1281/1186 715/1283/1188
f 743/1282/1187 715/1283/1188 742/1284/1189
f 742/1284/1189 715/1283/1188 714/1285/1190
f 742/1284/1189 714/1285/1190 741/1286/1191
f 741/1286/1191 714/1285/1190 713/1287/1192
f 741/1286/1191 713/1287/1192 740/1288/1193
f 740/1288/1193 713/1287/1192 712/1289/1194
f 740/1288/1193 712/1289/1194 739/1290/1195
f 739/1290/1195 712/1289/1194 711/1291/1196
f 739/1290/1195 711/1291/1196 738/1292/1197
f 738/1292/1197 711/1291/1196 710/1293/1198
f 738/1292/1197 710/1293/1198 737/1294/1199
f 737/1294/1199 710/1293/1198 709/1295/1200
f 737/1294/1199 709/1295/1200 736/1296/1201
f 736/1296/1201 709/1295/1200 708/1297/1202
f 736/1296/1201 708/1297/1202 735/1298/1203
f 735/1298/1203 708/1297/1202 707/1299/1204
f 735/1298/1203 707/1299/1204 734/1300/1205
f 734/1300/1205 707/1299/1204 706/1301/1206
f 734/1300/1205 706/1301/1206 733/1302/1207
f 733/1302/1207 706/1301/1206 705/1303/1208
f 733/1302/1207 705/1303/1208 732/1304/1209
f 732/1304/1209 705/1303/1208 704/1305/1210
f 732/1304/1209 704/1305/1210 731/1306/1211
f 731/1306/1211 704/1305/1210 703/1307/1212
f 731/1306/1211 703/1307/1212 730/1308/1213
f 730/1308/1213 703/1307/1212 702/1309/1214
f 730/1308/1213 702/1309/1214 729/1310/1215
f 729/1310/1215 702/1309/1214 701/1311/1216
f 729/1310/1215 701/1311/1216 728/1312/1217
f 728/1312/1217 701/1311/1216 700/1313/1218
f 728/1312/1217 700/1313/1218 727/1314/1219
f 727/1314/1219 700/1313/1218 699/1315/1220
f 727/1314/1219 699/1315/1220 726/1316/1221
f 726/1316/1221 699/1315/1220 698/1317/1222
f 726/1316/1221 698/1317/1222 725/1318/1223
f 725/1318/1223 698/1317/1222 697/1319/1224
f 725/1318/1223 697/1319/1224 724/1320/1225
f 724/1320/1225 697/1319/1224 696/1321/1226
f 724/1320/1225 696/1321/1226 723/1322/1227
f 723/1322/1227 696/1321/1226 695/1323/1228
f 723/1322/1227 695/1323/1228 722/1324/1229
f 722/1324/1229 695/1323/1228 694/1325/1230
f 722/1324/1229 694/1325/1230 721/1326/1231
f 721/1326/1231 694/1325/1230 693/1327/1232
f 721/1326/1231 693/1327/1232 720/1328/1233
f 720/1328/1233 693/1327/1232 692/1329/1234
f 720/1328/1233 692/1329/1234 4/1330/1235
f 4/1330/1235 692/1329/1234 5/1331/1236
f 4/1330/1235 3/1332/1237 720/1328/1233
f 566/1333/1238 371/1334/613 567/1335/1239
f 567/1335/1239 371/1334/613 370/1336/615
f 14/1337/1240 13/1338/1241 29/1339/1242
f 29/1339/1242 13/1338/1241 335/1340/1243
f 29/1339/1242 335/1340/1243 546/1341/1244
f 546/1341/1244 335/1340/1243 352/1342/1245
f 546/1341/1244 352/1342/1245 547/1343/1246
f 547/1343/1246 352/1342/1245 351/1344/1247
f 547/1343/1246 351/1344/1247 350/1345/1248
f 547/1343/1246 350/1345/1248 548/1346/1249
f 548/1346/1249 350/1345/1248 349/1347/1250
f 548/1346/1249 349/1347/1250 549/1348/1251
f 549/1348/1251 349/1347/1250 348/1349/1252
f 549/1348/1251 348/1349/1252 550/1350/1253
f 550/1350/1253 348/1349/1252 347/1351/1254
f 550/1350/1253 347/1351/1254 551/1352/1255
f 551/1352/1255 347/1351/1254 346/1353/1256
f 551/1352/1255 346/1353/1256 552/1354/1257
f 552/1354/1257 346/1353/1256 345/1355/1258
f 552/1354/1257 345/1355/1258 553/1356/1259
f 553/1356/1259 345/1355/1258 344/1357/1260
f 553/1356/1259 344/1357/1260 554/1358/1261
f 554/1358/1261 344/1357/1260 343/1359/1262
f 554/1358/1261 343/1359/1262 555/1360/1263
f 555/1360/1263 343/1359/1262 342/1361/1264
f 555/1360/1263 342/1361/1264 556/1362/1265
f 556/1362/1265 342/1361/1264 341/1363/1266
f 556/1362/1265 341/1363/1266 557/1364/1267
f 557/1364/1267 341/1363/1266 340/1365/1268
f 557/1364/1267 340/1365/1268 558/1366/1269
f 558/1366/1269 340/1365/1268 339/1367/1270
f 558/1366/1269 339/1367/1270 559/1368/1271
f 559/1368/1271 339/1367/1270 338/1369/1272
f 559/1368/1271 338/1369/1272 545/1370/1273
f 545/1370/1273 338/1369/1272 337/1371/1274
f 545/1370/1273 337/1371/1274 531/1372/1275
f 531/1372/1275 337/1371/1274 369/1373/1276
f 531/1372/1275 369/1373/1276 386/1374/1277
f 531/1372/1275 386/1374/1277 532/1375/1278
f 532/1375/1278 386/1374/1277 385/1376/1279
f 532/1375/1278 385/1376/1279 533/1377/1280
f 533/1377/1280 385/1376/1279 384/1378/1281
f 533/1377/1280 384/1378/1281 534/1379/1282
f 534/1379/1282 384/1378/1281 383/1380/1283
f 534/1379/1282 383/1380/1283 535/1381/1284
f 535/1381/1284 383/1380/1283 382/1382/1285
f 535/1381/1284 382/1382/1285 536/1383/1286
f 536/1383/1286 382/1382/1285 381/1384/1287
f 536/1383/1286 381/1384/1287 537/1385/1288
f 537/1385/1288 381/1384/1287 380/1386/1289
f 537/1385/1288 380/1386/1289 538/1387/1290
f 538/1387/1290 380/1386/1289 379/1388/1291
f 538/1387/1290 379/1388/1291 539/1389/1292
f 539/1389/1292 379/1388/1291 378/1390/1293
f 539/1389/1292 378/1390/1293 540/1391/1294
f 540/1391/1294 378/1390/1293 377/1392/1295
f 540/1391/1294 377/1392/1295 541/1393/1296
f 541/1393/1296 377/1392/1295 376/1394/1297
f 541/1393/1296 376/1394/1297 542/1395/1298
f 542/1395/1298 376/1394/1297 375/1396/1299
f 542/1395/1298 375/1396/1299 543/1397/1300
f 543/1397/1300 375/1396/1299 374/1398/1301
f 543/1397/1300 374/1398/1301 544/1399/1302
f 544/1399/1302 374/1398/1301 373/1400/1303
f 544/1399/1302 373/1400/1303 372/1401/1304
f 544/1399/1302 372/1401/1304 209/1402/1305
f 209/1402/1305 372/1401/1304 371/1403/1306
f 209/1402/1305 371/1403/1306 202/1404/1307
f 202/1404/1307 371/1403/1306 566/1405/1308
f 202/1404/1307 566/1405/1308 565/1406/1309
f 202/1404/1307 201/1407/1310 209/1402/1305
f 546/1341/1244 30/1408/1311 29/1339/1242
f 67/1409/1312 576/1410/1313 68/1411/1314
f 68/1411/1314 576/1410/1313 746/1412/1315
f 68/1411/1314 746/1412/1315 69/1413/1316
f 69/1413/1316 746/1412/1315 745/1414/1317
f 69/1413/1316 745/1414/1317 70/1415/1318
f 70/1415/1318 745/1414/1317 744/1416/1319
f 70/1415/1318 744/1416/1319 71/1417/1320
f 71/1417/1320 744/1416/1319 743/1418/1321
f 71/1417/1320 743/1418/1321 72/1419/1322
f 72/1419/1322 743/1418/1321 742/1420/1323
f 72/1419/1322 742/1420/1323 73/1421/1324
f 73/1421/1324 742/1420/1323 741/1422/1325
f 73/1421/1324 741/1422/1325 74/1423/1326
f 74/1423/1326 741/1422/1325 740/1424/1327
f 74/1423/1326 740/1424/1327 75/1425/1328
f 75/1425/1328 740/1424/1327 739/1426/1329
f 75/1425/1328 739/1426/1329 76/1427/1330
f 76/1427/1330 739/1426/1329 738/1428/1331
f 76/1427/1330 738/1428/1331 77/1429/1332
f 77/1429/1332 738/1428/1331 737/1430/1333
f 77/1429/1332 737/1430/1333 78/1431/1334
f 78/1431/1334 737/1430/1333 736/1432/1335
f 78/1431/1334 736/1432/1335 79/1433/1336
f 79/1433/1336 736/1432/1335 735/1434/1337
f 79/1433/1336 735/1434/1337 80/1435/1338
f 80/1435/1338 735/1434/1337 734/1436/1339
f 80/1435/1338 734/1436/1339 81/1437/1340
f 81/1437/1340 734/1436/1339 733/1438/1341
f 81/1437/1340 733/1438/1341 732/1439/1342
f 81/1437/1340 732/1439/1342 82/1440/1343
f 82/1440/1343 732/1439/1342 731/1441/1344
f 82/1440/1343 731/1441/1344 83/1442/1345
f 83/1442/1345 731/1441/1344 730/1443/1346
f 83/1442/1345 730/1443/1346 84/1444/1347
f 84/1444/1347 730/1443/1346 729/1445/1348
f 84/1444/1347 729/1445/1348 85/1446/1349
f 85/1446/1349 729/1445/1348 728/1447/1350
f 85/1446/1349 728/1447/1350 86/1448/1351
f 86/1448/1351 728/1447/1350 727/1449/1352
f 86/1448/1351 727/1449/1352 87/1450/1353
f 87/1450/1353 727/1449/1352 726/1451/1354
f 87/1450/1353 726/1451/1354 88/1452/1355
f 88/1452/1355 726/1451/1354 725/1453/1356
f 88/1452/1355 725/1453/1356 89/1454/1357
f 89/1454/1357 725/1453/1356 724/1455/1358
f 89/1454/1357 724/1455/1358 90/1456/1359
f 90/1456/1359 724/1455/1358 723/1457/1360
f 90/1456/1359 723/1457/1360 91/1458/1361
f 91/1458/1361 723/1457/1360 722/1459/1362
f 91/1458/1361 722/1459/1362 92/1460/1363
f 92/1460/1363 722/1459/1362 721/1461/1364
f 92/1460/1363 721/1461/1364 93/1462/1365
f 93/1462/1365 721/1461/1364 720/1463/1366
f 93/1462/1365 720/1463/1366 94/1464/1367
f 94/1464/1367 720/1463/1366 3/1465/1368
f 94/1464/1367 3/1465/1368 2/1466/1369
g shell2

v -49.000000 18.100000 1.000000
v -49.000000 18.233975 0.500000
v -49.000000 18.600000 0.133975
v -49.000000 19.100000 -0.000000
v -47.700000 19.100000 -0.000000
v -47.700000 18.600000 0.133975
v -47.700000 18.233975 0.500000
v -47.700000 18.100000 1.000000
v -49.000000 24.000000 -0.000000
v -48.850503 28.871887 -0.000000
v -48.523118 31.288348 -0.000000
v -47.935483 33.684088 -0.000000
v -47.045357 36.041234 -0.000000
v -45.835739 38.330349 -0.000000
v -44.319814 40.508155 -0.000000
v -42.524459 42.525650 -0.000000
v -40.507751 44.320974 -0.000000
v -38.330797 45.835521 -0.000000
v -36.042173 47.043615 -0.000000
v -33.684883 47.933811 -0.000000
v -31.288576 48.522884 -0.000000
v -28.871725 48.851225 -0.000000
v -24.000000 49.000000 -0.000000
v -0.100000 49.000000 -0.000000
v -0.100000 48.500000 -0.000000
v -0.900000 48.500000 -0.000000
v -0.900000 47.700000 -0.000000
v -24.000000 47.700000 -0.000000
v -26.412799 47.678600 -0.000000
v -28.756359 47.555413 -0.000000
v -31.050238 47.245005 -0.000000
v -33.301268 46.691851 -0.000000
v -35.508555 45.858007 -0.000000
v -37.654544 44.725645 -0.000000
v -39.701687 43.300979 -0.000000
v -41.604379 41.606357 -0.000000
v -43.298985 39.702709 -0.000000
v -44.724965 37.654303 -0.000000
v -45.858887 35.507391 -0.000000
v -46.692990 33.300120 -0.000000
v -47.245198 31.049828 -0.000000
v -47.554912 28.756513 -0.000000
v -47.678311 26.412931 -0.000000
v -47.700000 24.000000 -0.000000
v -49.000000 18.100000 33.700000
v -49.000000 17.909699 34.656709
v -49.000000 17.367767 35.467767
v -49.000000 16.556709 36.009699
v -49.000000 15.600000 36.200000
v -49.000000 -15.600000 36.200000
v -49.000000 -16.556709 36.009699
v -49.000000 -17.367767 35.467767
v -49.000000 -17.909699 34.656709
v -49.000000 -18.100000 33.700000
v -49.000000 -18.100000 1.000000
v -49.000000 -18.233975 0.500000
v -49.000000 -18.600000 0.133975
v -49.000000 -19.100000 -0.000000
v -49.000000 -24.000000 -0.000000
v -49.000000 -24.000000 13.000000
v -49.000000 -23.500000 13.000000
v -49.000000 -22.418441 13.171302
v -49.000000 -21.442752 13.668441
v -49.000000 -20.668441 14.442752
v -49.000000 -20.171302 15.418441
v -49.000000 -20.000000 16.500000
v -49.000000 -20.000000 33.000000
v -49.000000 -19.978754 33.807277
v -49.000000 -19.853111 34.563547
v -49.000000 -19.486031 35.385730
v -49.000000 -18.901833 36.087098
v -49.000000 -18.250288 36.567474
v -49.000000 -17.547225 36.858264
v -49.000000 -16.804113 36.980249
v -49.000000 -16.000000 37.000000
v -49.000000 16.000000 37.000000
v -49.000000 16.606870 36.991368
v -49.000000 17.170651 36.939063
v -49.000000 17.802346 36.777184
v -49.000000 18.475251 36.430026
v -49.000000 19.044362 35.950156
v -49.000000 19.460863 35.427772
v -49.000000 19.750093 34.870291
v -49.000000 19.920648 34.276119
v -49.000000 20.000000 33.000000
v -49.000000 20.000000 16.500000
v -49.000000 20.171302 15.418441
v -49.000000 20.668441 14.442752
v -49.000000 21.442752 13.668441
v -49.000000 22.418441 13.171302
v -49.000000 23.500000 13.000000
v -49.000000 24.000000 13.000000
v -47.700000 -18.100000 1.000000
v -47.700000 -18.233975 0.500000
v -47.700000 -18.600000 0.133975
v -47.700000 -19.100000 -0.000000
v -47.700000 -24.000000 -0.000000
v -47.678600 -26.412799 -0.000000
v -47.555413 -28.756359 -0.000000
v -47.245005 -31.050238 -0.000000
v -46.691851 -33.301268 -0.000000
v -45.858007 -35.508555 -0.000000
v -44.725645 -37.654544 -0.000000
v -43.300979 -39.701687 -0.000000
v -41.606357 -41.604379 -0.000000
v -39.702709 -43.298985 -0.000000
v -37.654303 -44.724965 -0.000000
v -35.507391 -45.858887 -0.000000
v -33.300120 -46.692990 -0.000000
v -31.049828 -47.245198 -0.000000
v -28.756513 -47.554912 -0.000000
v -26.412931 -47.678311 -0.000000
v -24.000000 -47.700000 -0.000000
v -0.900000 -47.700000 -0.000000
v -0.900000 -48.500000 -0.000000
v -0.100000 -48.500000 -0.000000
v -0.100000 -49.000000 -0.000000
v -24.000000 -49.000000 -0.000000
v -28.871887 -48.850503 -0.000000
v -31.288348 -48.523118 -0.000000
v -33.684088 -47.935483 -0.000000
v -36.041234 -47.045357 -0.000000
v -38.330349 -45.835739 -0.000000
v -40.508155 -44.319814 -0.000000
v -42.525650 -42.524459 -0.000000
v -44.320974 -40.507751 -0.000000
v -45.835521 -38.330797 -0.000000
v -47.043615 -36.042173 -0.000000
v -47.933811 -33.684883 -0.000000
v -48.522884 -31.288576 -0.000000
v -48.851225 -28.871725 -0.000000
v -47.700000 18.100000 33.700000
v -47.700000 17.909699 34.656709
v -47.700000 17.367767 35.467767
v -47.700000 16.556709 36.009699
v -47.700000 15.600000 36.200000
v -47.700000 -15.600000 36.200000
v -47.700000 -16.556709 36.009699
v -47.700000 -17.367767 35.467767
v -47.700000 -17.909699 34.656709
v -47.700000 -18.100000 33.700000
v -47.700000 -17.788294 36.199828
v -47.700000 -17.398915 36.339086
v -47.700000 -16.984250 36.418027
v -47.700000 -16.524275 36.453379
v -47.700000 -16.000000 36.461522
v -47.461522 -16.000000 36.700000
v -47.461522 -16.858649 36.674491
v -47.461522 -17.552618 36.544965
v -47.461522 -18.189005 36.257469
v -47.461522 -18.782981 35.786320
v -47.461522 -19.254680 35.190525
v -47.461522 -19.542469 34.553256
v -47.461522 -19.671061 33.859454
v -47.461522 -19.700000 33.000000
v -47.700000 -19.461522 33.000000
v -47.700000 -19.384132 34.220269
v -47.700000 -19.185930 34.817503
v -47.700000 -18.791477 35.427306
v -47.700000 -18.380516 35.829066
v -47.580724 -19.268195 34.922179
v -47.580724 -19.469751 34.383659
v -47.580724 -18.513228 35.874071
v -47.580724 -17.616301 36.397260
v -47.580724 -16.602628 36.569334
v -47.580724 -18.925710 35.450953
v -47.580724 -19.553556 33.873786
v -47.700000 24.000000 12.461522
v -47.700000 23.500000 12.461522
v -47.700000 22.252042 12.659180
v -47.700000 21.126242 13.232803
v -47.700000 20.232803 14.126242
v -47.700000 19.659180 15.252042
v -47.700000 19.461522 16.500000
v -47.700000 19.461522 33.000000
v -47.700000 19.376285 34.250914
v -47.700000 19.187142 34.814810
v -47.700000 18.913058 35.273653
v -47.700000 18.220705 35.951270
v -47.700000 17.707562 36.235017
v -47.700000 17.086364 36.407100
v -47.700000 16.000000 36.461522
v -47.700000 -19.461522 16.500000
v -47.700000 -19.659180 15.252042
v -47.700000 -20.232803 14.126242
v -47.700000 -21.126242 13.232803
v -47.700000 -22.252042 12.659180
v -47.700000 -23.500000 12.461522
v -47.700000 -24.000000 12.461522
v -0.900000 47.700000 12.461522
v -0.900000 48.500000 12.792893
v -0.900000 47.792893 13.500000
v -0.900000 38.300000 13.500000
v -0.900000 38.300000 95.059688
v -0.900000 33.624609 98.800000
v -0.900000 32.487536 98.800000
v -0.900000 32.487536 98.000000
v -0.900000 33.331836 98.000000
v -0.900000 35.349492 96.386430
v -0.900000 37.489198 94.675188
v -0.900000 37.489198 14.000000
v -0.900000 37.588205 13.502460
v -0.900000 37.870124 13.080706
v -0.900000 38.291986 12.798936
v -0.900000 38.789560 12.700000
v -0.900000 47.461522 12.700000
v -0.100000 32.499846 98.800000
v -0.366697 32.497931 98.800000
v -0.633370 32.493828 98.800000
v -0.100000 33.624609 98.800000
v -0.100000 32.499846 99.300000
v -0.100000 38.300000 95.059688
v -0.100000 38.300000 13.500000
v -0.100000 47.792893 13.500000
v -0.100000 48.500000 12.792893
v -0.100000 49.000000 13.000000
v -0.100000 48.000000 14.000000
v -0.100000 38.799871 14.000000
v -0.100000 38.799871 95.300000
v -0.100000 33.799852 99.300000
v -4.622410 37.214021 14.000000
v -8.299024 36.570155 14.000000
v -11.893418 35.563979 14.000000
v -15.369981 34.205463 14.000000
v -18.694270 32.508065 14.000000
v -21.833350 30.488602 14.000000
v -24.756122 28.167081 14.000000
v -27.433629 25.566501 14.000000
v -29.839345 22.712629 14.000000
v -29.977932 22.818117 13.350000
v -30.356560 23.106314 12.874167
v -30.873775 23.500000 12.700000
v -28.382297 26.455344 12.700000
v -25.609124 29.148117 12.700000
v -22.581781 31.551596 12.700000
v -19.330312 33.641924 12.700000
v -15.886990 35.398355 12.700000
v -12.285990 36.803457 12.700000
v -8.563050 37.843284 12.700000
v -4.755122 38.507516 12.700000
v -4.634968 37.387965 13.350000
v -4.684485 37.861301 12.874167
v -8.329907 36.741741 13.350000
v -8.427356 37.207555 12.874167
v -11.942270 35.731290 13.350000
v -12.086636 36.184745 12.874167
v -15.436247 34.366628 13.350000
v -15.626026 34.803014 12.874167
v -18.777202 32.661285 13.350000
v -19.010421 33.076070 12.874167
v -21.932016 30.632165 13.350000
v -22.206250 31.021041 12.874167
v -24.869414 28.299383 13.350000
v -25.181813 28.658311 12.874167
v -27.560278 25.686065 13.350000
v -27.907596 26.011317 12.874167
v -47.461522 23.500000 12.700000
v -47.461522 24.000000 12.700000
v -47.353988 28.279493 12.700000
v -47.108461 30.446106 12.700000
v -46.628987 32.663856 12.700000
v -45.874572 34.870714 12.700000
v -44.848670 36.974130 12.700000
v -43.559181 38.966863 12.700000
v -41.983009 40.871529 12.700000
v -40.057826 42.702233 12.700000
v -37.793190 44.360029 12.700000
v -35.238269 45.718550 12.700000
v -33.979471 46.216702 12.700000
v -32.759810 46.603046 12.700000
v -30.461012 47.106334 12.700000
v -28.294286 47.352747 12.700000
v -24.000000 47.461522 12.700000
v -24.000000 47.700000 12.461522
v -0.100000 -33.799852 99.300000
v -0.100000 -32.499846 99.300000
v -3.864971 -32.269366 99.300000
v -7.577879 -31.604205 99.300000
v -11.188710 -30.513321 99.300000
v -14.648824 -29.011411 99.300000
v -17.911613 -27.118704 99.300000
v -20.933125 -24.860698 99.300000
v -23.672659 -22.267807 99.300000
v -26.093312 -19.374960 99.300000
v -28.162478 -16.221124 99.300000
v -29.852283 -12.848783 99.300000
v -31.139965 -9.303363 99.300000
v -32.008180 -5.632623 99.300000
v -32.445230 -1.886009 99.300000
v -32.445230 1.886009 99.300000
v -32.008180 5.632623 99.300000
v -31.139965 9.303363 99.300000
v -29.852283 12.848783 99.300000
v -28.162478 16.221124 99.300000
v -26.093312 19.374960 99.300000
v -23.672659 22.267807 99.300000
v -20.933125 24.860698 99.300000
v -17.911613 27.118704 99.300000
v -14.648824 29.011411 99.300000
v -11.188710 30.513321 99.300000
v -7.577879 31.604205 99.300000
v -3.864971 32.269366 99.300000
v -3.876658 33.576949 99.300000
v -7.604749 32.933384 99.300000
v -11.237564 31.877220 99.300000
v -14.729593 30.421688 99.300000
v -18.037084 28.585024 99.300000
v -21.118601 26.390238 99.300000
v -23.935538 23.864828 99.300000
v -26.452604 21.040431 99.300000
v -28.638263 17.952434 99.300000
v -30.465134 14.639523 99.300000
v -31.910328 11.143204 99.300000
v -32.955739 7.507279 99.300000
v -33.588272 3.777301 99.300000
v -33.800000 0.000000 99.300000
v -33.588272 -3.777301 99.300000
v -32.955739 -7.507279 99.300000
v -31.910328 -11.143204 99.300000
v -30.465134 -14.639523 99.300000
v -28.638263 -17.952434 99.300000
v -26.452604 -21.040431 99.300000
v -23.935538 -23.864828 99.300000
v -21.118601 -26.390238 99.300000
v -18.037084 -28.585024 99.300000
v -14.729593 -30.421688 99.300000
v -11.237564 -31.877220 99.300000
v -7.604749 -32.933384 99.300000
v -3.876658 -33.576949 99.300000
v -48.000000 23.500000 14.000000
v -48.000000 22.543291 14.190301
v -48.000000 21.732233 14.732233
v -48.000000 21.190301 15.543291
v -48.000000 21.000000 16.500000
v -32.625757 21.000000 16.500000
v -32.588343 21.058074 15.967515
v -32.477177 21.229049 15.454943
v -32.301254 21.495749 15.006448
v -32.081760 21.821980 14.647184
v -31.517971 22.628660 14.156843
v -30.873775 23.500000 14.000000
v -48.000000 -21.000000 16.500000
v -48.000000 -21.190301 15.543291
v -48.000000 -21.732233 14.732233
v -48.000000 -22.543291 14.190301
v -48.000000 -23.500000 14.000000
v -30.873775 -23.500000 14.000000
v -31.517971 -22.628660 14.156843
v -32.081760 -21.821980 14.647184
v -32.301254 -21.495749 15.006448
v -32.477177 -21.229049 15.454943
v -32.588343 -21.058074 15.967515
v -32.625757 -21.000000 16.500000
v -48.000000 -21.000000 33.000000
v -32.625757 -21.000000 33.000000
v -48.000000 -16.000000 38.000000
v -48.000000 -16.974441 37.970030
v -48.000000 -17.937047 37.786616
v -48.000000 -18.866172 37.367041
v -48.000000 -19.704886 36.705075
v -48.000000 -20.367140 35.866039
v -48.000000 -20.787091 34.936792
v -48.000000 -20.970092 33.974369
v -32.666059 -20.937251 34.259886
v -32.833627 -20.673483 35.257389
v -33.103922 -20.238134 36.065343
v -33.504829 -19.566912 36.837466
v -33.982172 -18.725577 37.448837
v -34.479001 -17.794529 37.827688
v -34.933465 -16.885091 37.975967
v -35.347419 -16.000000 38.000000
v -48.000000 16.000000 38.000000
v -36.845058 -12.160662 38.000000
v -37.927034 -8.184136 38.000000
v -38.581141 -4.115281 38.000000
v -38.800000 0.000000 38.000000
v -38.581141 4.115281 38.000000
v -37.927034 8.184136 38.000000
v -36.845058 12.160662 38.000000
v -35.347419 16.000000 38.000000
v -48.000000 21.000000 33.000000
v -48.000000 20.970030 33.974441
v -48.000000 20.786616 34.937047
v -48.000000 20.367041 35.866172
v -48.000000 19.705075 36.704886
v -48.000000 18.866039 37.367140
v -48.000000 17.936792 37.787091
v -48.000000 16.974369 37.970092
v -34.938715 16.875031 37.977190
v -34.554016 17.648176 37.864750
v -34.315794 18.106620 37.730251
v -34.028934 18.640355 37.495263
v -33.706815 19.216860 37.129262
v -33.392811 19.757255 36.652551
v -33.113142 20.222737 36.087700
v -32.898094 20.571258 35.488926
v -32.766386 20.780343 34.957137
v -32.695544 20.891184 34.525269
v -32.625757 21.000000 33.000000
v -24.000000 -49.000000 13.000000
v -28.392148 -48.888402 13.000000
v -30.688770 -48.627717 13.000000
v -33.072352 -48.112169 13.000000
v -35.458226 -47.296447 13.000000
v -37.731339 -46.187901 13.000000
v -39.876645 -44.799786 13.000000
v -41.919297 -43.109528 13.000000
v -43.880156 -41.047403 13.000000
v -45.661190 -38.614173 13.000000
v -46.448728 -37.255383 13.000000
v -47.127681 -35.855822 13.000000
v -47.666575 -34.494042 13.000000
v -48.084139 -33.175929 13.000000
v -48.625440 -30.704705 13.000000
v -48.887069 -28.407729 13.000000
v -24.000000 49.000000 13.000000
v -48.888402 28.392148 13.000000
v -48.627717 30.688770 13.000000
v -48.112169 33.072352 13.000000
v -47.296447 35.458226 13.000000
v -46.187901 37.731339 13.000000
v -44.799786 39.876645 13.000000
v -43.109528 41.919297 13.000000
v -41.047403 43.880156 13.000000
v -38.614173 45.661190 13.000000
v -37.255383 46.448728 13.000000
v -35.855822 47.127681 13.000000
v -34.494042 47.666575 13.000000
v -33.175929 48.084139 13.000000
v -30.704705 48.625440 13.000000
v -28.407729 48.887069 13.000000
v -24.000000 48.000000 14.000000
v -48.000000 24.000000 14.000000
v -47.891052 28.318905 14.000000
v -47.640221 30.531020 14.000000
v -47.148117 32.806820 14.000000
v -46.372239 35.076348 14.000000
v -45.317406 37.239168 14.000000
v -43.993396 39.285305 14.000000
v -42.377290 41.238269 14.000000
v -40.404175 43.114525 14.000000
v -38.080528 44.815451 14.000000
v -35.454413 46.211757 14.000000
v -34.159572 46.724168 14.000000
v -32.905454 47.121439 14.000000
v -30.546305 47.638033 14.000000
v -28.333986 47.889775 14.000000
v -48.493316 25.634794 13.500000
v -37.600045 45.687637 13.500000
v -28.159177 48.403168 13.500000
v -30.297266 48.182044 13.500000
v -32.563418 47.730600 13.500000
v -35.017386 46.936143 13.500000
v -36.302973 46.371154 13.500000
v -39.972878 44.103231 13.500000
v -42.018610 42.322555 13.500000
v -43.728996 40.446509 13.500000
v -45.140940 38.497651 13.500000
v -46.302370 36.444646 13.500000
v -47.211258 34.280399 13.500000
v -47.856147 32.043402 13.500000
v -48.242303 29.851702 13.500000
v -48.429870 27.720921 13.500000
v -48.499565 19.290212 36.412152
v -48.499565 17.248436 37.433388
v -48.499565 16.833871 37.480048
v -48.499565 17.924310 37.265474
v -48.499565 18.656120 36.909773
v -48.499565 19.768798 35.863215
v -48.499565 20.119463 35.275596
v -48.499565 20.349506 34.644185
v -48.499565 20.499253 33.364334
v -48.499903 -20.480203 33.804476
v -48.499903 -20.357741 34.613995
v -48.499903 -19.989529 35.518384
v -48.499903 -19.377323 36.321856
v -48.499903 -18.677456 36.893058
v -48.499903 -17.918100 37.265968
v -48.499903 -17.118881 37.451241
v -48.499903 -16.320641 37.498843
v -48.000000 -24.000000 14.000000
v -24.000000 -48.000000 14.000000
v -28.318905 -47.891052 14.000000
v -30.531020 -47.640221 14.000000
v -32.806820 -47.148117 14.000000
v -35.076348 -46.372239 14.000000
v -37.239168 -45.317406 14.000000
v -39.285305 -43.993396 14.000000
v -41.238269 -42.377290 14.000000
v -43.114525 -40.404175 14.000000
v -44.815451 -38.080528 14.000000
v -46.211757 -35.454413 14.000000
v -46.724168 -34.159572 14.000000
v -47.121439 -32.905454 14.000000
v -47.638033 -30.546305 14.000000
v -47.889775 -28.333986 14.000000
v -25.634794 -48.493316 13.500000
v -45.687637 -37.600045 13.500000
v -48.403168 -28.159177 13.500000
v -48.182044 -30.297266 13.500000
v -47.730600 -32.563418 13.500000
v -46.936143 -35.017386 13.500000
v -46.371154 -36.302973 13.500000
v -44.103231 -39.972878 13.500000
v -42.322555 -42.018610 13.500000
v -40.446509 -43.728996 13.500000
v -38.497651 -45.140940 13.500000
v -36.444646 -46.302370 13.500000
v -34.280399 -47.211258 13.500000
v -32.043402 -47.856147 13.500000
v -29.851702 -48.242303 13.500000
v -27.720921 -48.429870 13.500000
v -24.000000 -47.700000 12.461522
v -28.296653 -47.592179 12.461522
v -30.485059 -47.342718 12.461522
v -32.732174 -46.856518 12.461522
v -34.961434 -46.095150 12.461522
v -37.089495 -45.058322 12.461522
v -39.107763 -43.751959 12.461522
v -41.039388 -42.152875 12.461522
v -42.886619 -40.210707 12.461522
v -44.561484 -37.917594 12.461522
v -45.932968 -35.336069 12.461522
v -46.440833 -34.059018 12.461522
v -46.832301 -32.828736 12.461522
v -47.341353 -30.503779 12.461522
v -47.591611 -28.310860 12.461522
v -47.461522 -24.000000 12.700000
v -47.352747 -28.294286 12.700000
v -47.106334 -30.461012 12.700000
v -46.603046 -32.759810 12.700000
v -46.216702 -33.979471 12.700000
v -45.718550 -35.238269 12.700000
v -44.360029 -37.793190 12.700000
v -42.702233 -40.057826 12.700000
v -40.871529 -41.983009 12.700000
v -38.966863 -43.559181 12.700000
v -36.974130 -44.848670 12.700000
v -34.870714 -45.874572 12.700000
v -32.663856 -46.628987 12.700000
v -30.446106 -47.108461 12.700000
v -28.279493 -47.353988 12.700000
v -24.000000 -47.461522 12.700000
v -25.621593 -47.574217 12.580542
v -44.889793 -37.143937 12.580542
v -29.732795 -47.331016 12.580542
v -27.668128 -47.512237 12.580542
v -31.836532 -46.960700 12.580542
v -33.972831 -46.345230 12.580542
v -36.037423 -45.478493 12.580542
v -37.998918 -44.369048 12.580542
v -39.865418 -43.016986 12.580542
v -41.665323 -41.376251 12.580542
v -43.373460 -39.414294 12.580542
v -46.081623 -34.679111 12.580542
v -45.542544 -35.905486 12.580542
v -46.839917 -32.337009 12.580542
v -47.272578 -30.164964 12.580542
v -47.486155 -28.097810 12.580542
v -47.461522 -23.500000 12.700000
v -47.461522 -19.700000 16.500000
v -47.461522 -19.885985 15.325735
v -47.461522 -20.425735 14.266416
v -47.461522 -21.266416 13.425735
v -47.461522 -22.325735 12.885985
v -47.461522 16.000000 36.700000
v -47.461522 19.700000 33.000000
v -47.461522 19.674491 33.858649
v -47.461522 19.544965 34.552618
v -47.461522 19.257469 35.189005
v -47.461522 18.786320 35.782981
v -47.461522 18.190525 36.254680
v -47.461522 17.553256 36.542469
v -47.461522 16.859454 36.671061
v -47.580768 18.651179 35.748131
v -47.580768 17.616982 36.397694
v -47.580768 17.104823 36.524783
v -47.580768 18.165736 36.130691
v -47.580768 19.026263 35.321303
v -47.580768 19.460694 34.409608
v -47.580768 19.579192 33.352623
v -47.461522 19.700000 16.500000
v -47.461522 22.325735 12.885985
v -47.461522 21.266416 13.425735
v -47.461522 20.425735 14.266416
v -47.461522 19.885985 15.325735
v -47.592179 28.296653 12.461522
v -47.342718 30.485059 12.461522
v -46.856518 32.732174 12.461522
v -46.095150 34.961434 12.461522
v -45.058322 37.089495 12.461522
v -43.751959 39.107763 12.461522
v -42.152875 41.039388 12.461522
v -40.210707 42.886619 12.461522
v -37.917594 44.561484 12.461522
v -35.336069 45.932968 12.461522
v -34.059018 46.440833 12.461522
v -32.828736 46.832301 12.461522
v -30.503779 47.341353 12.461522
v -28.310860 47.591611 12.461522
v -47.574217 25.621593 12.580542
v -37.143937 44.889793 12.580542
v -28.097810 47.486155 12.580542
v -30.164964 47.272578 12.580542
v -32.337009 46.839917 12.580542
v -34.679111 46.081623 12.580542
v -35.905486 45.542544 12.580542
v -39.414294 43.373460 12.580542
v -41.376251 41.665323 12.580542
v -43.016986 39.865418 12.580542
v -44.369048 37.998918 12.580542
v -45.478493 36.037423 12.580542
v -46.345230 33.972831 12.580542
v -46.960700 31.836532 12.580542
v -47.331016 29.732795 12.580542
v -47.512237 27.668128 12.580542
v -32.625757 19.700000 33.000000
v -32.625745 19.701456 16.500000
v -32.638325 19.682742 33.750880
v -32.725271 19.584530 34.412110
v -32.914141 19.380563 34.964079
v -33.145907 19.117990 35.397846
v -33.691806 18.453761 36.074447
v -34.061886 17.991332 36.365003
v -34.409275 17.547239 36.544305
v -35.142688 16.418992 36.695192
v -35.347419 16.000000 36.700000
v -35.347419 -16.000000 36.700000
v -36.845058 12.160662 36.700000
v -37.927034 8.184136 36.700000
v -38.581141 4.115281 36.700000
v -38.800000 0.000000 36.700000
v -38.581141 -4.115281 36.700000
v -37.927034 -8.184136 36.700000
v -36.845058 -12.160662 36.700000
v -34.902337 -16.834916 36.676322
v -34.381661 -17.584090 36.535142
v -33.675429 -18.475090 36.060039
v -33.158421 -19.103493 35.417748
v -32.900820 -19.393882 34.929105
v -32.721068 -19.589061 34.393783
v -32.636377 -19.684956 33.733938
v -32.625757 -19.700000 33.000000
v -32.625757 -19.700000 16.500000
v -32.537739 -19.907316 15.288066
v -32.297247 -20.462752 14.216336
v -32.014398 -21.099496 13.552667
v -31.670271 -21.850857 13.076504
v -31.277529 -22.678565 12.791234
v -30.873775 -23.500000 12.700000
v -31.196390 22.845461 12.757769
v -31.516815 22.177072 12.938982
v -31.818358 21.531662 13.252680
v -32.081886 20.950626 13.684923
v -32.315141 20.422846 14.274642
v -32.495422 20.008361 15.007903
v -32.593683 19.778528 15.742922
v -32.200859 -19.771398 16.500000
v -31.822633 -19.977751 16.500000
v -31.532626 -20.296392 16.500000
v -31.432606 -20.451138 15.636241
v -31.168568 -20.851497 14.905812
v -30.728987 -21.494068 14.339175
v -30.180318 -22.257632 14.044731
v -29.839345 -22.712629 14.000000
v -29.977932 -22.818117 13.350000
v -30.356560 -23.106314 12.874167
v -32.267369 -19.786745 15.949048
v -32.052620 -20.082250 15.014932
v -31.730405 -20.086842 15.878256
v -31.578160 -20.309933 15.269451
v -31.162296 -20.922473 14.454530
v -31.364964 -22.079593 12.993707
v -30.527542 -21.823327 13.919896
v -31.772781 -20.027018 16.210718
v -32.289159 -19.759402 16.151095
v -32.156603 -19.935420 15.367000
v -31.663996 -20.183287 15.561494
v -31.825746 -20.408409 14.475831
v -31.389569 -20.589118 14.820715
v -31.555152 -20.797380 14.039173
v -32.060860 -20.872353 13.754155
v -31.857865 -21.402208 13.331105
v -31.725583 -21.344201 13.382818
v -31.251976 -21.227603 13.706236
v -30.904961 -21.293386 14.172652
v -30.621373 -21.693202 13.968832
v -30.920912 -21.688132 13.467138
v -31.360338 -21.848612 13.116077
v -31.486847 -21.914071 13.059170
v -31.240359 -22.011713 13.051937
v -30.811975 -21.837271 13.409795
v -32.237403 -19.825544 15.749485
v -31.754958 -20.051973 16.043432
v -30.501248 21.813545 14.187680
v -31.069832 20.997989 14.738570
v -31.354756 20.570055 15.352578
v -31.513836 20.325553 16.112764
v -31.532626 20.296392 16.500000
v -31.822630 19.977753 16.500000
v -32.200852 19.771401 16.500000
v -31.653694 21.779369 13.115341
v -30.957536 21.205458 14.266279
v -32.403845 20.044064 14.931468
v -31.651753 20.166161 15.815552
v -30.426420 21.957579 13.885769
v -30.565646 21.955830 13.557938
v -30.768932 22.013900 13.272834
v -30.986433 22.110239 13.077087
v -31.295471 22.282312 12.911820
v -30.702436 21.571280 14.043207
v -30.868168 21.531892 13.730501
v -31.095124 21.556369 13.458725
v -31.329465 21.628823 13.272314
v -31.476216 22.030086 13.001895
v -31.159127 21.869360 13.163309
v -30.932914 21.785312 13.354831
v -30.717535 21.744314 13.633967
v -30.564883 21.765028 13.955069
v -31.378378 20.583140 14.900569
v -31.618739 20.433713 14.684354
v -31.911597 20.361038 14.497388
v -32.192121 20.365429 14.370052
v -31.937522 20.746120 13.913333
v -31.670781 20.721054 14.065513
v -31.398014 20.763593 14.288686
v -31.180755 20.878372 14.546534
v -31.539380 20.338717 15.327169
v -31.800293 20.158116 15.165564
v -32.111035 20.058312 15.026137
v -32.553329 19.815117 15.581730
v -32.251646 19.842849 15.637502
v -31.927831 19.962520 15.719875
v -31.650828 21.167068 13.553030
v -31.399937 21.118567 13.725144
v -31.149581 21.127968 13.976572
v -31.532626 20.296392 33.000000
v -31.822633 19.977751 33.000000
v -32.200859 19.771398 33.000000
v -32.003138 19.858797 24.750000
v -31.552517 20.265466 33.916059
v -31.657902 20.100393 34.903141
v -31.798470 19.877235 35.499465
v -31.961965 19.613465 35.983076
v -32.362221 18.945746 36.804520
v -32.772595 18.226653 37.369252
v -33.183303 17.467754 37.742230
v -33.590475 16.671444 37.938883
v -33.924916 15.979569 37.994905
v -34.163098 15.463918 38.000000
v -34.321767 15.535739 37.350000
v -34.755258 15.731959 36.874167
v -32.812967 19.309102 35.126160
v -33.208905 18.610527 36.011845
v -32.098316 19.435682 35.875919
v -32.484040 18.781886 36.663425
v -34.373442 17.158247 36.670539
v -31.707415 20.079887 33.367507
v -31.989158 19.865507 33.361798
v -32.317119 19.735734 33.356934
v -32.621105 19.700182 33.353678
v -31.759811 19.989905 34.490045
v -32.032768 19.779044 34.409762
v -32.354090 19.650840 34.340425
v -32.654451 19.614972 34.293195
v -31.847973 19.841380 35.074111
v -32.105980 19.640986 34.937672
v -32.415397 19.520154 34.818990
v -32.708619 19.487712 34.737387
v -31.987499 19.615842 35.577392
v -32.230862 19.435086 35.394553
v -32.527907 19.330753 35.235512
v -32.332054 19.269723 35.668118
v -32.620875 19.178024 35.487540
v -32.900421 19.164832 35.363545
v -32.685199 18.658396 36.399504
v -32.946878 18.601623 36.169835
v -32.970018 19.043621 35.533824
v -32.694718 19.051151 35.667431
v -32.412395 19.134084 35.862003
v -32.186389 19.289530 36.085893
v -33.197202 17.492512 37.480071
v -33.346217 17.452818 37.161383
v -33.564465 17.465479 36.884549
v -33.798457 17.518845 36.694571
v -34.132239 17.635860 36.533865
v -33.849532 18.177074 36.268510
v -33.505214 18.076648 36.417821
v -33.256961 18.046218 36.594297
v -33.016527 18.069559 36.851382
v -32.840796 18.152855 37.147259
v -33.496290 16.912645 37.650439
v -33.624231 16.910428 37.320358
v -33.825019 16.954018 37.033664
v -34.047832 17.027069 36.836947
v -33.828083 16.237977 37.740013
v -33.937833 16.269926 37.405013
v -34.123764 16.341292 37.113965
v -34.337273 16.431600 36.914175
v -34.656432 16.574497 36.744975
v -34.052582 15.762183 37.755159
v -34.156229 15.807111 37.419697
v -34.337506 15.888402 37.128338
v -34.548425 15.984255 36.928409
v -34.866308 16.129892 36.759157
v -35.610559 11.753218 38.000000
v -36.656283 7.909925 38.000000
v -37.288474 3.977398 38.000000
v -37.500000 0.000000 38.000000
v -37.288474 -3.977398 38.000000
v -36.656283 -7.909925 38.000000
v -35.610559 -11.753218 38.000000
v -34.163098 -15.463918 38.000000
v -34.321767 -15.535739 37.350000
v -34.755258 -15.731959 36.874167
v -35.775950 11.807805 37.350000
v -36.227808 11.956940 36.874167
v -36.826531 7.946662 37.350000
v -37.291659 8.047030 36.874167
v -37.461659 3.995871 37.350000
v -37.934808 4.046339 36.874167
v -37.674167 0.000000 37.350000
v -38.150000 0.000000 36.874167
v -37.461659 -3.995871 37.350000
v -37.934808 -4.046339 36.874167
v -36.826531 -7.946662 37.350000
v -37.291659 -8.047030 36.874167
v -35.775950 -11.807805 37.350000
v -36.227808 -11.956940 36.874167
v -33.816351 -16.208339 37.985865
v -33.419880 -17.010694 37.875692
v -33.064674 -17.691130 37.653787
v -32.737389 -18.289769 37.331469
v -32.312105 -19.031074 36.719270
v -32.066284 -19.442426 36.231841
v -31.826299 -19.832840 35.592598
v -31.596882 -20.196377 34.500726
v -31.532626 -20.296392 33.000000
v -31.822633 -19.977751 33.000000
v -32.200859 -19.771398 33.000000
v -33.987970 -17.911551 36.414822
v -34.025617 -15.833592 37.726855
v -34.134054 -15.879361 37.398969
v -34.316815 -15.960399 37.115150
v -34.526992 -16.055492 36.920389
v -34.840850 -16.199255 36.756264
v -33.621044 -16.675507 37.666482
v -33.745244 -16.689873 37.341402
v -33.940498 -16.746103 37.059931
v -34.158162 -16.826415 36.866724
v -34.476674 -16.961171 36.703942
v -33.163521 -17.565794 37.427098
v -33.317432 -17.524577 37.117430
v -33.537226 -17.534984 36.848964
v -33.770601 -17.586045 36.664364
v -34.100483 -17.699788 36.508336
v -33.024174 -17.825441 37.311381
v -33.187769 -17.766895 37.009530
v -33.415621 -17.762905 36.747667
v -33.654215 -17.804668 36.567437
v -32.683868 -18.438217 36.936529
v -32.870339 -18.339566 36.659391
v -33.117330 -18.302060 36.418358
v -33.368418 -18.321979 36.251882
v -33.711615 -18.412412 36.109944
v -32.330363 -19.046223 36.387626
v -32.540125 -18.908319 36.146196
v -32.806804 -18.837655 35.935482
v -33.070944 -18.835613 35.789243
v -31.999573 -19.591287 35.647559
v -32.233960 -19.412941 35.461514
v -32.521795 -19.307540 35.298421
v -32.800298 -19.281919 35.184557
v -31.754012 -19.981870 34.695020
v -32.010454 -19.767591 34.596786
v -32.317605 -19.630719 34.510408
v -32.609572 -19.583161 34.449830
v -31.666113 -20.118750 33.812642
v -31.929711 -19.892493 33.786616
v -32.243212 -19.744997 33.763823
v -32.539688 -19.689902 33.747890
v -32.003138 -19.858797 24.750000
v -38.800000 0.000000 58.000000
v -38.788200 0.956830 57.809649
v -38.759708 1.767767 57.267767
v -38.731196 2.309649 56.456829
v -38.719375 2.500000 55.500000
v -38.731196 2.309649 54.543171
v -38.759708 1.767767 53.732233
v -38.788200 0.956830 53.190351
v -38.800000 -0.000000 53.000000
v -38.788200 -0.956830 53.190351
v -38.759708 -1.767767 53.732233
v -38.731196 -2.309649 54.543171
v -38.719375 -2.500000 55.500000
v -38.731196 -2.309649 56.456829
v -38.759708 -1.767767 57.267767
v -38.788200 -0.956830 57.809649
v -37.100000 -0.000000 53.000000
v -37.100000 1.016842 53.216136
v -37.100000 1.857862 53.827173
v -37.100000 2.377641 54.727458
v -37.100000 2.486305 55.761321
v -37.100000 2.165064 56.750000
v -37.100000 1.469463 57.522542
v -37.100000 0.519779 57.945369
v -37.100000 -0.519779 57.945369
v -37.100000 -1.469463 57.522542
v -37.100000 -2.165064 56.750000
v -37.100000 -2.486305 55.761321
v -37.100000 -2.377641 54.727458
v -37.100000 -1.857862 53.827173
v -37.100000 -1.016842 53.216136
v -35.600000 -0.000000 54.150000
v -35.600000 0.675000 54.330866
v -35.600000 1.169134 54.825000
v -35.600000 1.350000 55.500000
v -35.600000 1.169134 56.175000
v -35.600000 0.675000 56.669134
v -35.600000 0.000000 56.850000
v -35.600000 -0.675000 56.669134
v -35.600000 -1.169134 56.175000
v -35.600000 -1.350000 55.500000
v -35.600000 -1.169134 54.825000
v -35.600000 -0.675000 54.330866
v -37.100000 -0.000000 54.150000
v -37.100000 -0.675000 54.330866
v -37.100000 -1.169134 54.825000
v -37.100000 -1.350000 55.500000
v -37.100000 -1.169134 56.175000
v -37.100000 -0.675000 56.669134
v -37.100000 0.000000 56.850000
v -37.100000 0.675000 56.669134
v -37.100000 1.169134 56.175000
v -37.100000 1.350000 55.500000
v -37.100000 1.169134 54.825000
v -37.100000 0.675000 54.330866
v -35.600000 -0.000000 50.500000
v -35.600000 -1.473776 50.722136
v -35.600000 -2.816600 51.368806
v -35.600000 -3.909157 52.382551
v -35.600000 -4.654369 53.673295
v -35.600000 -4.986019 55.126350
v -35.600000 -4.874640 56.612605
v -35.600000 -4.330127 58.000000
v -35.600000 -3.400864 59.165259
v -35.600000 -2.169419 60.004844
v -35.600000 -0.745211 60.444154
v -35.600000 0.745211 60.444154
v -35.600000 2.169419 60.004844
v -35.600000 3.400864 59.165259
v -35.600000 4.330127 58.000000
v -35.600000 4.874640 56.612605
v -35.600000 4.986019 55.126350
v -35.600000 4.654369 53.673295
v -35.600000 3.909157 52.382551
v -35.600000 2.816600 51.368806
v -35.600000 1.473776 50.722136
v -37.500000 0.000000 60.500000
v -37.487355 -0.962023 60.405202
v -37.451099 -1.914466 60.118963
v -37.395974 -2.789634 59.647836
v -37.332960 -3.535548 59.035519
v -37.269834 -4.147856 58.289605
v -37.214448 -4.618971 57.414446
v -37.177929 -4.905203 56.462017
v -37.165172 -5.000000 55.500000
v -37.177929 -4.905203 54.537983
v -37.214448 -4.618971 53.585554
v -37.269834 -4.147856 52.710395
v -37.332960 -3.535548 51.964481
v -37.395974 -2.789634 51.352164
v -37.451099 -1.914466 50.881037
v -37.487355 -0.962023 50.594798
v -37.500000 0.000000 50.500000
v -37.487355 0.962023 50.594798
v -37.451099 1.914466 50.881037
v -37.395974 2.789634 51.352164
v -37.332960 3.535548 51.964481
v -37.269834 4.147856 52.710395
v -37.214448 4.618971 53.585554
v -37.177929 4.905203 54.537983
v -37.165172 5.000000 55.500000
v -37.177929 4.905203 56.462017
v -37.214448 4.618971 57.414446
v -37.269834 4.147856 58.289605
v -37.332960 3.535548 59.035519
v -37.395974 2.789634 59.647836
v -37.451099 1.914466 60.118963
v -37.487355 0.962023 60.405202
v -28.321609 26.520303 14.000000
v -25.475289 29.265161 14.000000
v -22.364378 31.706066 14.000000
v -19.021186 33.817665 14.000000
v -15.480436 35.578028 14.000000
v -11.778904 36.968871 14.000000
v -7.955034 37.975748 14.000000
v -4.048542 38.588202 14.000000
v -0.100000 -38.799871 95.300000
v -4.148515 38.577582 95.300000
v -8.151726 37.934013 95.300000
v -12.065918 36.876193 95.300000
v -15.848347 35.415673 95.300000
v -19.457706 33.568403 95.300000
v -22.854582 31.354555 95.300000
v -26.001877 28.798305 95.300000
v -28.865224 25.927569 95.300000
v -31.413354 22.773695 95.300000
v -33.618440 19.371125 95.300000
v -35.456402 15.757017 95.300000
v -36.907168 11.970837 95.300000
v -37.954897 8.053931 95.300000
v -38.588146 4.049074 95.300000
v -38.800000 0.000000 95.300000
v -38.588146 -4.049074 95.300000
v -37.954897 -8.053931 95.300000
v -36.907168 -11.970837 95.300000
v -35.456402 -15.757017 95.300000
v -33.618440 -19.371125 95.300000
v -31.413354 -22.773695 95.300000
v -28.865224 -25.927569 95.300000
v -26.001877 -28.798305 95.300000
v -22.854582 -31.354555 95.300000
v -19.457706 -33.568403 95.300000
v -15.848347 -35.415673 95.300000
v -12.065918 -36.876193 95.300000
v -8.151726 -37.934013 95.300000
v -4.148515 -38.577582 95.300000
v -0.100000 -48.000000 14.000000
v -0.100000 -38.799871 14.000000
v -4.048542 -38.588202 14.000000
v -7.955034 -37.975748 14.000000
v -11.778904 -36.968871 14.000000
v -15.480436 -35.578028 14.000000
v -19.021186 -33.817665 14.000000
v -22.364378 -31.706066 14.000000
v -25.475289 -29.265161 14.000000
v -28.321609 -26.520303 14.000000
v -0.900000 -32.487536 98.800000
v -0.900000 -32.487536 98.000000
v -4.599493 -32.172887 98.000000
v -8.238957 -31.438346 98.000000
v -11.770894 -30.293499 98.000000
v -15.149207 -28.753287 98.000000
v -18.329806 -26.837813 98.000000
v -21.271181 -24.572075 98.000000
v -23.934942 -21.985644 98.000000
v -26.286326 -19.112276 98.000000
v -28.294643 -15.989470 98.000000
v -29.933684 -12.657985 98.000000
v -31.182056 -9.161298 98.000000
v -32.023467 -5.545046 98.000000
v -32.446936 -1.856425 98.000000
v -32.446936 1.856425 98.000000
v -32.023467 5.545046 98.000000
v -31.182056 9.161298 98.000000
v -29.933684 12.657985 98.000000
v -28.294643 15.989470 98.000000
v -26.286326 19.112276 98.000000
v -23.934942 21.985644 98.000000
v -21.271181 24.572075 98.000000
v -18.329806 26.837813 98.000000
v -15.149207 28.753287 98.000000
v -11.770894 30.293499 98.000000
v -8.238957 31.438346 98.000000
v -4.599493 32.172887 98.000000
v -0.100000 -32.499846 98.800000
v -0.366697 -32.497931 98.800000
v -0.633370 -32.493828 98.800000
v -0.900000 -33.331836 98.000000
v -4.697504 -33.011434 98.000000
v -8.433645 -32.259804 98.000000
v -12.059617 -31.086765 98.000000
v -15.528055 -29.507640 98.000000
v -18.793650 -27.543058 98.000000
v -21.813744 -25.218681 98.000000
v -24.548886 -22.564873 98.000000
v -26.963346 -19.616301 98.000000
v -29.025585 -16.411482 98.000000
v -30.708663 -12.992279 98.000000
v -31.990595 -9.403359 98.000000
v -32.854634 -5.691604 98.000000
v -33.289494 -1.905498 98.000000
v -33.289494 1.905498 98.000000
v -32.854634 5.691604 98.000000
v -31.990595 9.403359 98.000000
v -30.708663 12.992279 98.000000
v -29.025585 16.411482 98.000000
v -26.963346 19.616301 98.000000
v -24.548886 22.564873 98.000000
v -21.813744 25.218681 98.000000
v -18.793650 27.543058 98.000000
v -15.528055 29.507640 98.000000
v -12.059617 31.086765 98.000000
v -8.433645 32.259804 98.000000
v -4.697504 33.011434 98.000000
v -0.100000 -49.000000 13.000000
v -0.900000 -35.349492 96.386430
v -0.900000 -37.489198 94.675188
v -4.886481 -37.180268 94.675188
v -8.817407 -36.448640 94.675188
v -12.648090 -35.302632 94.675188
v -16.334979 -33.755273 94.675188
v -19.836157 -31.824155 94.675188
v -23.111821 -29.531233 94.675188
v -26.124729 -26.902574 94.675188
v -28.840630 -23.968064 94.675188
v -31.228644 -20.761064 94.675188
v -33.261625 -17.318034 94.675188
v -34.916459 -13.678117 94.675188
v -36.174332 -9.882696 94.675188
v -37.020944 -5.974920 94.675188
v -37.446671 -1.999216 94.675188
v -37.446671 1.999216 94.675188
v -37.020944 5.974920 94.675188
v -36.174332 9.882696 94.675188
v -34.916459 13.678117 94.675188
v -33.261625 17.318034 94.675188
v -31.228644 20.761064 94.675188
v -28.840630 23.968064 94.675188
v -26.124729 26.902574 94.675188
v -23.111821 29.531233 94.675188
v -19.836157 31.824155 94.675188
v -16.334979 33.755273 94.675188
v -12.648090 35.302632 94.675188
v -8.817407 36.448640 94.675188
v -4.886481 37.180268 94.675188
v -0.900000 -37.489198 14.000000
v -4.622410 -37.214021 14.000000
v -8.299024 -36.570155 14.000000
v -11.893418 -35.563979 14.000000
v -15.369981 -34.205463 14.000000
v -18.694270 -32.508065 14.000000
v -21.833350 -30.488602 14.000000
v -24.756122 -28.167081 14.000000
v -27.433629 -25.566501 14.000000
v -0.900000 -37.588205 13.502460
v -0.900000 -37.870124 13.080706
v -0.900000 -38.291986 12.798936
v -0.900000 -38.789560 12.700000
v -4.755122 -38.507516 12.700000
v -8.563050 -37.843284 12.700000
v -12.285990 -36.803457 12.700000
v -15.886990 -35.398355 12.700000
v -19.330312 -33.641924 12.700000
v -22.581781 -31.551596 12.700000
v -25.609124 -29.148117 12.700000
v -28.382297 -26.455344 12.700000
v -4.684485 -37.861301 12.874167
v -4.634968 -37.387965 13.350000
v -8.427356 -37.207555 12.874167
v -8.329907 -36.741741 13.350000
v -12.086636 -36.184745 12.874167
v -11.942270 -35.731290 13.350000
v -15.626026 -34.803014 12.874167
v -15.436247 -34.366628 13.350000
v -19.010421 -33.076070 12.874167
v -18.777202 -32.661285 13.350000
v -22.206250 -31.021041 12.874167
v -21.932016 -30.632165 13.350000
v -25.181813 -28.658311 12.874167
v -24.869414 -28.299383 13.350000
v -27.907596 -26.011317 12.874167
v -27.560278 -25.686065 13.350000
v -0.900000 -47.461522 12.700000
v -0.900000 -47.700000 12.461522
v -0.100000 -33.624609 98.800000
v -0.900000 -33.624609 98.800000
v -0.100000 -38.300000 95.059688
v -0.900000 -38.300000 95.059688
v -0.100000 -38.300000 13.500000
v -0.900000 -38.300000 13.500000
v -0.100000 -47.792893 13.500000
v -0.900000 -47.792893 13.500000
v -0.100000 -48.500000 12.792893
v -0.900000 -48.500000 12.792893
vt -2.320000 0.078540 0.000000
vt -2.450000 0.078540 0.000000
vt -2.320000 0.026180 0.000000
vt -2.450000 0.026180 0.000000
vt -2.320000 -0.026180 0.000000
vt -2.450000 -0.026180 0.000000
vt -2.320000 -0.078540 0.000000
vt -2.450000 -0.078540 0.000000
vt -4.770000 -1.910000 0.000000
vt -4.900000 -1.910000 0.000000
vt -4.770000 -2.400000 0.000000
vt -4.900000 -2.400000 0.000000
vt -4.767831 -2.641293 0.000000
vt -4.885050 -2.887189 0.000000
vt -4.755491 -2.875651 0.000000
vt -4.724520 -3.104983 0.000000
vt -4.852312 -3.128835 0.000000
vt -4.669299 -3.330012 0.000000
vt -4.793548 -3.368409 0.000000
vt -4.585889 -3.550739 0.000000
vt -4.704536 -3.604123 0.000000
vt -4.472497 -3.765430 0.000000
vt -4.583574 -3.833035 0.000000
vt -4.329899 -3.970271 0.000000
vt -4.431981 -4.050816 0.000000
vt -4.160438 -4.160636 0.000000
vt -4.252446 -4.252565 0.000000
vt -3.970169 -4.330098 0.000000
vt -4.050775 -4.432097 0.000000
vt -3.765454 -4.472565 0.000000
vt -3.833080 -4.583552 0.000000
vt -3.550855 -4.585801 0.000000
vt -3.604217 -4.704361 0.000000
vt -3.330127 -4.669185 0.000000
vt -3.368488 -4.793381 0.000000
vt -3.105024 -4.724501 0.000000
vt -3.128858 -4.852288 0.000000
vt -2.875636 -4.755541 0.000000
vt -2.887173 -4.885122 0.000000
vt -2.641280 -4.767860 0.000000
vt -2.400000 -4.900000 0.000000
vt -2.400000 -4.770000 0.000000
vt -0.090000 -4.850000 0.000000
vt -0.090000 -4.770000 0.000000
vt -0.010000 -4.900000 0.000000
vt -0.010000 -4.850000 0.000000
vt 3.040000 0.013397 0.000000
vt 3.076603 0.050000 0.000000
vt 2.990000 0.000000 0.000000
vt 3.090000 0.100000 0.000000
vt 2.500000 0.000000 0.000000
vt 2.550000 1.300000 0.000000
vt 2.500000 1.300000 0.000000
vt 3.090000 3.370000 0.000000
vt 2.900000 1.650000 0.000000
vt 2.882870 1.541844 0.000000
vt 2.833156 1.444275 0.000000
vt 3.109030 3.465671 0.000000
vt 2.907935 3.427612 0.000000
vt 2.900000 3.300000 0.000000
vt 3.163223 3.546777 0.000000
vt 2.995564 3.595016 0.000000
vt 2.953914 3.542777 0.000000
vt 2.924991 3.487029 0.000000
vt 3.244329 3.600970 0.000000
vt 3.119765 3.677718 0.000000
vt 3.052475 3.643003 0.000000
vt 3.340000 3.620000 0.000000
vt 3.300000 3.700000 0.000000
vt 3.239313 3.699137 0.000000
vt 3.182935 3.693906 0.000000
vt 6.460000 3.620000 0.000000
vt 6.500000 3.700000 0.000000
vt 6.555671 3.600970 0.000000
vt 6.580411 3.698025 0.000000
vt 6.654723 3.685826 0.000000
vt 6.636777 3.546777 0.000000
vt 6.725029 3.656747 0.000000
vt 6.790183 3.608710 0.000000
vt 6.690970 3.465671 0.000000
vt 6.848603 3.538573 0.000000
vt 6.885311 3.456355 0.000000
vt 6.710000 3.370000 0.000000
vt 6.897875 3.380728 0.000000
vt 6.900000 3.300000 0.000000
vt 6.900000 1.650000 0.000000
vt 6.710000 0.100000 0.000000
vt 6.917130 1.541844 0.000000
vt 6.966844 1.444275 0.000000
vt 7.044275 1.366844 0.000000
vt 7.141844 1.317130 0.000000
vt 7.250000 1.300000 0.000000
vt 7.300000 0.000000 0.000000
vt 7.300000 1.300000 0.000000
vt 6.810000 0.000000 0.000000
vt 6.723397 0.050000 0.000000
vt 6.760000 0.013397 0.000000
vt 2.755725 1.366844 0.000000
vt 2.658156 1.317130 0.000000
vt 2.450000 0.078540 0.000000
vt 2.320000 0.078540 0.000000
vt 2.450000 0.026180 0.000000
vt 2.320000 0.026180 0.000000
vt 2.450000 -0.026180 0.000000
vt 2.320000 -0.026180 0.000000
vt 2.450000 -0.078540 0.000000
vt 2.320000 -0.078540 0.000000
vt -4.900000 1.910000 0.000000
vt -4.770000 1.910000 0.000000
vt -4.900000 2.400000 0.000000
vt -4.770000 2.400000 0.000000
vt -4.767860 2.641280 0.000000
vt -4.885122 2.887173 0.000000
vt -4.755541 2.875636 0.000000
vt -4.724501 3.105024 0.000000
vt -4.852288 3.128858 0.000000
vt -4.669185 3.330127 0.000000
vt -4.793381 3.368488 0.000000
vt -4.585801 3.550855 0.000000
vt -4.704361 3.604217 0.000000
vt -4.472565 3.765454 0.000000
vt -4.583552 3.833080 0.000000
vt -4.330098 3.970169 0.000000
vt -4.432097 4.050775 0.000000
vt -4.160636 4.160438 0.000000
vt -4.252565 4.252446 0.000000
vt -3.970271 4.329899 0.000000
vt -4.050816 4.431981 0.000000
vt -3.765430 4.472497 0.000000
vt -3.833035 4.583574 0.000000
vt -3.550739 4.585889 0.000000
vt -3.604123 4.704536 0.000000
vt -3.330012 4.669299 0.000000
vt -3.368409 4.793548 0.000000
vt -3.104983 4.724520 0.000000
vt -3.128835 4.852312 0.000000
vt -2.875651 4.755491 0.000000
vt -2.887189 4.885050 0.000000
vt -2.641293 4.767831 0.000000
vt -2.400000 4.900000 0.000000
vt -2.400000 4.770000 0.000000
vt -0.090000 4.850000 0.000000
vt -0.090000 4.770000 0.000000
vt -0.010000 4.850000 0.000000
vt -0.010000 4.900000 0.000000
vt 0.000000 -0.196350 0.000000
vt 0.130000 -0.196350 0.000000
vt 0.000000 -0.098175 0.000000
vt 0.130000 -0.098175 0.000000
vt 0.000000 0.000000 0.000000
vt 0.130000 0.000000 0.000000
vt 0.000000 0.098175 0.000000
vt 0.130000 0.098175 0.000000
vt 0.000000 0.196350 0.000000
vt 0.130000 0.196350 0.000000
vt -0.100000 0.130000 0.000000
vt -3.370000 0.130000 0.000000
vt -0.100000 0.000000 0.000000
vt -3.370000 0.000000 0.000000
vt 0.000000 -0.196350 0.000000
vt 0.130000 -0.196350 0.000000
vt 0.000000 -0.098175 0.000000
vt 0.130000 -0.098175 0.000000
vt 0.000000 0.000000 0.000000
vt 0.130000 0.000000 0.000000
vt 0.000000 0.098175 0.000000
vt 0.130000 0.098175 0.000000
vt 0.000000 0.196350 0.000000
vt 0.130000 0.196350 0.000000
vt -0.250000 0.130000 0.000000
vt -3.370000 0.130000 0.000000
vt -0.250000 0.000000 0.000000
vt -3.370000 0.000000 0.000000
vt -3.520000 0.000000 0.000000
vt -0.250000 0.000000 0.000000
vt -3.520000 0.130000 0.000000
vt -0.250000 0.130000 0.000000
vt -0.087687 0.150621 0.000000
vt -0.070797 0.173299 0.000000
vt -0.087687 0.201011 0.000000
vt -0.070797 0.288867 0.000000
vt -0.087675 0.281226 0.000000
vt -0.087619 0.340243 0.000000
vt -0.070797 0.346650 0.000000
vt -0.070797 0.404434 0.000000
vt -0.054029 0.382759 0.000000
vt -0.054109 0.447104 0.000000
vt -0.087687 0.100414 0.000000
vt -0.070797 0.057732 0.000000
vt -0.053907 0.083515 0.000000
vt -0.053917 0.000000 0.000000
vt -0.087687 0.050207 0.000000
vt -0.087687 0.000000 0.000000
vt -0.053907 0.161050 0.000000
vt -0.053907 0.237910 0.000000
vt -0.053991 0.314229 0.000000
vt -0.070797 0.462218 0.000000
vt -0.054168 0.522703 0.000000
vt -0.070797 0.520001 0.000000
vt -0.087687 0.606643 0.000000
vt -0.087687 0.478103 0.000000
vt -0.053917 0.606643 0.000000
vt -0.087687 0.409999 0.000000
vt -3.076603 0.050000 0.000000
vt -2.990000 0.000000 0.000000
vt -3.090000 0.100000 0.000000
vt -2.500000 0.000000 0.000000
vt -2.550000 1.246152 0.000000
vt -2.500000 1.246152 0.000000
vt -3.040000 0.013397 0.000000
vt -2.674796 1.265918 0.000000
vt -2.787376 1.323280 0.000000
vt -2.876720 1.412624 0.000000
vt -2.934082 1.525204 0.000000
vt -2.953848 1.650000 0.000000
vt -3.090000 3.370000 0.000000
vt -2.953848 3.300000 0.000000
vt -2.962372 3.425091 0.000000
vt -3.109030 3.465671 0.000000
vt -2.981286 3.481481 0.000000
vt -3.008694 3.527365 0.000000
vt -3.163223 3.546777 0.000000
vt -3.077929 3.595127 0.000000
vt -3.129244 3.623502 0.000000
vt -3.191364 3.640710 0.000000
vt -3.244329 3.600970 0.000000
vt -3.300000 3.646152 0.000000
vt -3.340000 3.620000 0.000000
vt -6.460000 3.620000 0.000000
vt -6.500000 3.646152 0.000000
vt -6.555671 3.600970 0.000000
vt -6.552428 3.645338 0.000000
vt -6.598425 3.641803 0.000000
vt -6.639892 3.633909 0.000000
vt -6.636777 3.546777 0.000000
vt -6.678829 3.619983 0.000000
vt -6.738052 3.582907 0.000000
vt -6.779148 3.542731 0.000000
vt -6.690970 3.465671 0.000000
vt -6.818593 3.481750 0.000000
vt -6.838413 3.422027 0.000000
vt -6.710000 3.370000 0.000000
vt -6.846152 3.300000 0.000000
vt -6.846152 1.650000 0.000000
vt -6.710000 0.100000 0.000000
vt -6.865918 1.525204 0.000000
vt -6.923280 1.412624 0.000000
vt -7.012624 1.323280 0.000000
vt -7.125204 1.265918 0.000000
vt -7.250000 1.246152 0.000000
vt -7.300000 1.246152 0.000000
vt -7.300000 0.000000 0.000000
vt -6.810000 0.000000 0.000000
vt -6.723397 0.050000 0.000000
vt -6.760000 0.013397 0.000000
vt 4.940000 0.720000 0.000000
vt 4.940000 0.800000 0.000000
vt 3.693848 0.720000 0.000000
vt 3.660711 0.800000 0.000000
vt 3.590000 0.729289 0.000000
vt 3.590000 -0.220000 0.000000
vt 3.670000 -0.171044 0.000000
vt 3.670000 0.696152 0.000000
vt -4.565969 -0.220000 0.000000
vt 3.540000 -0.301080 0.000000
vt 3.631929 -0.262988 0.000000
vt 3.660106 -0.220801 0.000000
vt -4.940000 -0.687539 0.000000
vt -4.698643 -0.515051 0.000000
vt -4.527519 -0.301080 0.000000
vt -4.860000 -0.716816 0.000000
vt -4.940000 -0.801246 0.000000
vt -4.860000 -0.801246 0.000000
vt 3.589754 -0.291180 0.000000
vt 0.000015 0.000000 0.000000
vt 0.000207 0.026670 0.000000
vt -0.112461 0.000000 0.000000
vt -0.112461 0.080000 0.000000
vt 0.000617 0.053337 0.000000
vt 0.001246 0.080000 0.000000
vt -4.915000 -0.825015 0.000000
vt -4.915000 -0.712539 0.000000
vt -4.965000 -0.825015 0.000000
vt -4.965000 -0.695015 0.000000
vt -4.540969 -0.245000 0.000000
vt -4.565000 -0.195013 0.000000
vt 3.565000 -0.195013 0.000000
vt 3.615000 -0.245000 0.000000
vt 3.615000 0.704289 0.000000
vt 3.565000 0.725000 0.000000
vt 3.685711 0.775000 0.000000
vt 3.665000 0.825000 0.000000
vt 4.965000 0.825000 0.000000
vt 4.965000 0.775000 0.000000
vt -1.279289 0.000000 0.000000
vt -0.000000 0.000000 0.000000
vt -1.279289 0.080000 0.000000
vt -0.000000 0.080000 0.000000
vt -0.100000 0.000000 0.000000
vt -0.000000 0.000000 0.000000
vt -0.100000 0.080000 0.000000
vt -0.000000 0.080000 0.000000
vt -0.949289 0.000000 0.000000
vt -0.000000 0.000000 0.000000
vt -0.949289 0.080000 0.000000
vt -0.000000 0.080000 0.000000
vt -8.155969 0.000000 0.000000
vt -0.000000 0.000000 0.000000
vt -8.155969 0.080000 0.000000
vt -0.000000 0.080000 0.000000
vt -0.598742 0.000000 0.000000
vt -0.000000 0.000000 0.000000
vt -0.598742 0.080000 0.000000
vt -0.000000 0.080000 0.000000
vt -0.204204 5.862420 0.000000
vt -0.255249 5.861279 0.000000
vt -0.204204 5.484879 0.000000
vt -0.272271 5.483977 0.000000
vt -0.204204 5.107338 0.000000
vt -0.272271 5.106549 0.000000
vt -0.204204 4.729797 0.000000
vt -0.272271 4.729120 0.000000
vt -0.204204 4.352257 0.000000
vt -0.272271 4.351692 0.000000
vt -0.204204 3.974716 0.000000
vt -0.272271 3.974264 0.000000
vt -0.204204 3.597175 0.000000
vt -0.272271 3.596836 0.000000
vt -0.204204 3.219634 0.000000
vt -0.272271 3.219408 0.000000
vt -0.204204 2.842093 0.000000
vt -0.272271 2.841980 0.000000
vt -0.204204 2.464552 0.000000
vt -0.272271 2.464552 0.000000
vt -0.340339 2.841867 0.000000
vt -0.340339 2.464552 0.000000
vt -0.408407 2.841754 0.000000
vt -0.408407 2.464552 0.000000
vt -0.306297 5.860288 0.000000
vt -0.340339 5.483074 0.000000
vt -0.340339 5.105759 0.000000
vt -0.340339 4.728443 0.000000
vt -0.340339 4.351128 0.000000
vt -0.340339 3.973813 0.000000
vt -0.340339 3.596497 0.000000
vt -0.340339 3.219182 0.000000
vt -0.357351 5.859613 0.000000
vt -0.408407 5.859373 0.000000
vt -0.408407 5.482171 0.000000
vt -0.408407 5.104969 0.000000
vt -0.408407 4.727766 0.000000
vt -0.408407 4.350564 0.000000
vt -0.408407 3.973361 0.000000
vt -0.408407 3.596159 0.000000
vt -0.408407 3.218956 0.000000
vt 0.090000 3.878956 0.000000
vt 0.475512 3.850752 0.000000
vt 0.090000 4.746152 0.000000
vt 0.856305 3.784328 0.000000
vt 2.400000 4.746152 0.000000
vt 1.228599 3.680346 0.000000
vt 1.588699 3.539836 0.000000
vt 1.933031 3.364192 0.000000
vt 3.779319 4.436003 0.000000
vt 3.523827 4.571855 0.000000
vt 3.397947 4.621670 0.000000
vt 2.258178 3.155160 0.000000
vt 4.355918 3.896686 0.000000
vt 4.198301 4.087153 0.000000
vt 4.005783 4.270223 0.000000
vt 2.560912 2.914812 0.000000
vt 4.587457 3.487071 0.000000
vt 4.484867 3.697413 0.000000
vt 2.838230 2.645534 0.000000
vt 4.710846 3.044611 0.000000
vt 4.662899 3.266386 0.000000
vt 4.735399 2.827949 0.000000
vt 3.087378 2.350000 0.000000
vt 4.746152 2.400000 0.000000
vt 4.746152 2.350000 0.000000
vt 2.829429 4.735275 0.000000
vt 3.275981 4.660305 0.000000
vt 3.046101 4.710633 0.000000
vt 2.540000 -0.016863 0.000000
vt 4.850000 -0.016863 0.000000
vt 2.540000 0.016863 0.000000
vt 4.850000 0.016863 0.000000
vt -4.990000 1.246152 0.000000
vt -7.300000 1.246152 0.000000
vt -4.990000 0.000000 0.000000
vt -7.300000 0.000000 0.000000
vt -0.010000 -3.379985 0.000000
vt -0.010000 -3.249985 0.000000
vt -0.387666 -3.357695 0.000000
vt -0.386497 -3.226937 0.000000
vt -0.760475 -3.293338 0.000000
vt -0.757788 -3.160420 0.000000
vt -1.123756 -3.187722 0.000000
vt -1.118871 -3.051332 0.000000
vt -1.472959 -3.042169 0.000000
vt -1.464882 -2.901141 0.000000
vt -1.803708 -2.858502 0.000000
vt -1.791161 -2.711870 0.000000
vt -2.111860 -2.639024 0.000000
vt -2.093312 -2.486070 0.000000
vt -2.393554 -2.386483 0.000000
vt -2.367266 -2.226781 0.000000
vt -2.645260 -2.104043 0.000000
vt -2.609331 -1.937496 0.000000
vt -2.863826 -1.795243 0.000000
vt -2.816248 -1.622112 0.000000
vt -3.046513 -1.463952 0.000000
vt -2.985228 -1.284878 0.000000
vt -3.191033 -1.114320 0.000000
vt -3.113997 -0.930336 0.000000
vt -3.295574 -0.750728 0.000000
vt -3.200818 -0.563262 0.000000
vt -3.358827 -0.377730 0.000000
vt -3.244523 -0.188601 0.000000
vt -3.380000 0.000000 0.000000
vt -3.244523 0.188601 0.000000
vt -3.358827 0.377730 0.000000
vt -3.200818 0.563262 0.000000
vt -3.295574 0.750728 0.000000
vt -3.113997 0.930336 0.000000
vt -3.191033 1.114320 0.000000
vt -2.985228 1.284878 0.000000
vt -3.046513 1.463952 0.000000
vt -2.816248 1.622112 0.000000
vt -2.863826 1.795243 0.000000
vt -2.609331 1.937496 0.000000
vt -2.645260 2.104043 0.000000
vt -2.367266 2.226781 0.000000
vt -2.393554 2.386483 0.000000
vt -2.093312 2.486070 0.000000
vt -2.111860 2.639024 0.000000
vt -1.791161 2.711870 0.000000
vt -1.803708 2.858502 0.000000
vt -1.464882 2.901141 0.000000
vt -1.472959 3.042169 0.000000
vt -1.118871 3.051332 0.000000
vt -1.123756 3.187722 0.000000
vt -0.757788 3.160420 0.000000
vt -0.760475 3.293338 0.000000
vt -0.386497 3.226937 0.000000
vt -0.387666 3.357695 0.000000
vt -0.010000 3.249985 0.000000
vt -0.010000 3.379985 0.000000
vt -0.637378 0.196350 0.000000
vt -2.350000 0.196350 0.000000
vt -0.701797 0.107345 0.000000
vt -2.350000 0.098175 0.000000
vt -0.758176 0.012366 0.000000
vt -2.350000 0.000000 0.000000
vt -0.780125 -0.036245 0.000000
vt -2.350000 -0.098175 0.000000
vt -0.797718 -0.088527 0.000000
vt -0.808834 -0.142675 0.000000
vt -2.350000 -0.196350 0.000000
vt -0.812576 -0.196350 0.000000
vt 0.812576 -0.196350 0.000000
vt 2.350000 -0.196350 0.000000
vt 0.808834 -0.142675 0.000000
vt 2.350000 -0.098175 0.000000
vt 0.797718 -0.088527 0.000000
vt 0.780125 -0.036245 0.000000
vt 2.350000 -0.000000 0.000000
vt 0.758176 0.012366 0.000000
vt 2.350000 0.098175 0.000000
vt 0.701797 0.107345 0.000000
vt 2.350000 0.196350 0.000000
vt 0.637378 0.196350 0.000000
vt 0.500000 0.100000 0.000000
vt 2.150000 0.100000 0.000000
vt 0.500000 1.637424 0.000000
vt 2.150000 1.637424 0.000000
vt -0.867423 1.265258 0.000000
vt -0.867423 0.000000 0.000000
vt -0.768980 1.306654 0.000000
vt -0.758995 0.000000 0.000000
vt -0.666762 1.352100 0.000000
vt -0.650567 0.000000 0.000000
vt -0.559019 1.401783 0.000000
vt -0.542139 0.000000 0.000000
vt -0.452843 1.449517 0.000000
vt -0.433712 0.000000 0.000000
vt -0.349680 1.489608 0.000000
vt -0.325284 0.000000 0.000000
vt -0.253598 1.516637 0.000000
vt -0.216856 0.000000 0.000000
vt -0.140422 1.533394 0.000000
vt -0.108428 0.000000 0.000000
vt -0.000000 1.537424 0.000000
vt -0.000000 0.000000 0.000000
vt 3.700000 0.100000 0.000000
vt 2.100000 1.020000 0.000000
vt 0.500000 0.100000 0.000000
vt 1.688472 1.041886 0.000000
vt 1.281586 1.107297 0.000000
vt 3.700000 1.365258 0.000000
vt 3.316066 1.215494 0.000000
vt 2.918414 1.107297 0.000000
vt 2.511528 1.041886 0.000000
vt 0.883934 1.215494 0.000000
vt 0.500000 1.365258 0.000000
vt -0.867423 0.000000 0.000000
vt -0.758995 0.000000 0.000000
vt -0.867423 1.537424 0.000000
vt -0.697188 1.530446 0.000000
vt -0.650567 0.000000 0.000000
vt -0.648277 1.523361 0.000000
vt -0.586964 1.510191 0.000000
vt -0.542139 0.000000 0.000000
vt -0.514971 1.488686 0.000000
vt -0.433712 0.000000 0.000000
vt -0.441102 1.460719 0.000000
vt -0.368674 1.429318 0.000000
vt -0.325284 0.000000 0.000000
vt -0.298302 1.397107 0.000000
vt -0.216856 0.000000 0.000000
vt -0.236278 1.368421 0.000000
vt -0.184122 1.344598 0.000000
vt -0.108428 0.000000 0.000000
vt -0.097320 1.306129 0.000000
vt -0.000000 0.000000 0.000000
vt -0.000000 1.265258 0.000000
vt 0.250000 0.100000 0.000000
vt 1.900000 0.100000 0.000000
vt 0.250000 1.637424 0.000000
vt 1.900000 1.637424 0.000000
vt -0.000000 1.300000 0.000000
vt -0.488484 1.300000 0.000000
vt -0.000000 0.000000 0.000000
vt -0.542156 0.000000 0.000000
vt -0.745821 1.300000 0.000000
vt -0.813234 0.000000 0.000000
vt -1.014798 1.300000 0.000000
vt -1.084312 0.000000 0.000000
vt -1.287837 1.300000 0.000000
vt -1.355390 0.000000 0.000000
vt -1.554443 1.300000 0.000000
vt -1.626467 0.000000 0.000000
vt -1.817202 1.300000 0.000000
vt -1.897545 0.000000 0.000000
vt -2.084336 1.300000 0.000000
vt -2.168623 0.000000 0.000000
vt -2.369477 1.300000 0.000000
vt -2.439701 0.000000 0.000000
vt -2.676441 1.300000 0.000000
vt -2.710779 0.000000 0.000000
vt -2.839517 1.300000 0.000000
vt -2.981857 0.000000 0.000000
vt -3.003564 1.300000 0.000000
vt -3.160524 1.300000 0.000000
vt -3.252935 0.000000 0.000000
vt -3.310825 1.300000 0.000000
vt -3.524013 0.000000 0.000000
vt -3.589649 1.300000 0.000000
vt -3.795091 0.000000 0.000000
vt -3.846993 1.300000 0.000000
vt -4.337246 0.000000 0.000000
vt -4.337246 1.300000 0.000000
vt 4.910000 0.000000 0.000000
vt 7.300000 0.000000 0.000000
vt 4.910000 1.300000 0.000000
vt 7.300000 1.300000 0.000000
vt -0.000000 1.300000 0.000000
vt -0.488484 1.300000 0.000000
vt -0.000000 0.000000 0.000000
vt -0.542156 0.000000 0.000000
vt -0.745821 1.300000 0.000000
vt -0.813234 0.000000 0.000000
vt -1.014798 1.300000 0.000000
vt -1.084312 0.000000 0.000000
vt -1.287837 1.300000 0.000000
vt -1.355390 0.000000 0.000000
vt -1.554443 1.300000 0.000000
vt -1.626467 0.000000 0.000000
vt -1.817202 1.300000 0.000000
vt -1.897545 0.000000 0.000000
vt -2.084336 1.300000 0.000000
vt -2.168623 0.000000 0.000000
vt -2.369477 1.300000 0.000000
vt -2.439701 0.000000 0.000000
vt -2.676441 1.300000 0.000000
vt -2.710779 0.000000 0.000000
vt -2.839517 1.300000 0.000000
vt -2.981857 0.000000 0.000000
vt -3.003564 1.300000 0.000000
vt -3.160524 1.300000 0.000000
vt -3.252935 0.000000 0.000000
vt -3.310825 1.300000 0.000000
vt -3.524013 0.000000 0.000000
vt -3.589649 1.300000 0.000000
vt -3.795091 0.000000 0.000000
vt -3.846993 1.300000 0.000000
vt -4.337246 0.000000 0.000000
vt -4.337246 1.300000 0.000000
vt 0.141420 3.758875 0.000000
vt 0.141420 4.295857 0.000000
vt 0.070710 3.784445 0.000000
vt 0.000000 4.295857 0.000000
vt 0.000000 3.758875 0.000000
vt 0.070710 3.528739 0.000000
vt 0.000000 3.490383 0.000000
vt 0.070710 3.273034 0.000000
vt 0.000000 3.221892 0.000000
vt 0.000000 3.087647 0.000000
vt 0.070710 3.017328 0.000000
vt 0.000000 2.953401 0.000000
vt 0.070710 2.889475 0.000000
vt 0.000000 2.819156 0.000000
vt 0.070710 2.761622 0.000000
vt 0.000000 2.684910 0.000000
vt 0.070710 2.505916 0.000000
vt 0.000000 2.416419 0.000000
vt 0.070710 2.250211 0.000000
vt 0.000000 2.147928 0.000000
vt 0.070710 1.994505 0.000000
vt 0.000000 1.879437 0.000000
vt 0.070710 1.738799 0.000000
vt 0.000000 1.610946 0.000000
vt 0.070710 1.483093 0.000000
vt 0.000000 1.342455 0.000000
vt 0.070710 1.227388 0.000000
vt 0.000000 1.073964 0.000000
vt 0.070710 0.971682 0.000000
vt 0.000000 0.805473 0.000000
vt 0.070710 0.715976 0.000000
vt 0.000000 0.536982 0.000000
vt 0.070710 0.460270 0.000000
vt 0.070710 0.204565 0.000000
vt 0.141420 0.536982 0.000000
vt 0.141420 0.000000 0.000000
vt 0.000000 0.000000 0.000000
vt 0.141420 0.805473 0.000000
vt 0.141420 1.073964 0.000000
vt 0.141420 1.342455 0.000000
vt 0.141420 1.610946 0.000000
vt 0.141420 1.879437 0.000000
vt 0.141420 2.147928 0.000000
vt 0.141420 2.416419 0.000000
vt 0.141420 2.684910 0.000000
vt 0.141420 2.953401 0.000000
vt 0.141420 3.087647 0.000000
vt 0.141420 3.221892 0.000000
vt 0.141420 3.490383 0.000000
vt -0.070711 -0.100000 0.000000
vt 0.070711 -0.100000 0.000000
vt -0.070711 -0.050000 0.000000
vt 0.070711 -0.050000 0.000000
vt 0.070711 0.235619 0.000000
vt -0.070711 0.235619 0.000000
vt 0.070711 0.141372 0.000000
vt -0.070711 0.117810 0.000000
vt 0.070711 0.047124 0.000000
vt -0.070711 0.000000 0.000000
vt 0.070711 -0.047124 0.000000
vt -0.070711 -0.117810 0.000000
vt 0.070711 -0.141372 0.000000
vt -0.070711 -0.235619 0.000000
vt 0.070711 -0.235619 0.000000
vt 0.950000 -0.070711 0.000000
vt 2.600000 -0.070711 0.000000
vt 0.950000 0.070711 0.000000
vt 2.600000 0.070711 0.000000
vt 0.141443 0.780832 0.000000
vt 0.000000 0.780832 0.000000
vt 0.141443 0.708488 0.000000
vt 0.070660 0.684458 0.000000
vt 0.141443 0.636145 0.000000
vt 0.070660 0.636145 0.000000
vt 0.070660 0.561907 0.000000
vt 0.000055 0.575900 0.000000
vt 0.000031 0.492900 0.000000
vt -0.000007 0.673254 0.000000
vt 0.000006 0.405024 0.000000
vt 0.070660 0.413431 0.000000
vt 0.070660 0.487669 0.000000
vt 0.141443 0.556626 0.000000
vt 0.070660 0.339193 0.000000
vt -0.000031 0.305944 0.000000
vt 0.070660 0.264955 0.000000
vt -0.000031 0.207459 0.000000
vt 0.070660 0.190717 0.000000
vt 0.000134 0.108450 0.000000
vt 0.070660 0.042241 0.000000
vt 0.000000 0.000000 0.000000
vt 0.141443 0.000000 0.000000
vt 0.141443 0.159036 0.000000
vt 0.141443 0.238554 0.000000
vt 0.141443 0.318072 0.000000
vt 0.141443 0.397590 0.000000
vt 0.141443 0.477108 0.000000
vt 0.070711 -1.900000 0.000000
vt -0.070711 -1.900000 0.000000
vt 0.070711 -5.100000 0.000000
vt -0.070711 -5.100000 0.000000
vt 0.141423 0.687298 0.000000
vt 0.141423 0.785484 0.000000
vt 0.070698 0.691955 0.000000
vt 0.000000 0.785484 0.000000
vt -0.000028 0.677237 0.000000
vt 0.070698 0.598426 0.000000
vt -0.000028 0.579398 0.000000
vt 0.070698 0.504898 0.000000
vt -0.000028 0.495937 0.000000
vt 0.070698 0.411369 0.000000
vt -0.000028 0.407533 0.000000
vt 0.070698 0.317840 0.000000
vt -0.000028 0.308482 0.000000
vt 0.070698 0.224312 0.000000
vt -0.000028 0.209206 0.000000
vt 0.070698 0.130783 0.000000
vt -0.000020 0.108671 0.000000
vt 0.070698 0.037254 0.000000
vt 0.000000 0.000000 0.000000
vt 0.141423 0.000000 0.000000
vt 0.141423 0.098185 0.000000
vt 0.141423 0.196371 0.000000
vt 0.141423 0.294556 0.000000
vt 0.141423 0.392742 0.000000
vt 0.141423 0.490927 0.000000
vt 0.141423 0.589113 0.000000
vt 1.400000 0.070711 0.000000
vt -0.250000 0.070711 0.000000
vt 1.400000 -0.070711 0.000000
vt -0.250000 -0.070711 0.000000
vt 0.070711 0.235619 0.000000
vt -0.070711 0.235619 0.000000
vt 0.070711 0.141372 0.000000
vt -0.070711 0.117810 0.000000
vt 0.070711 0.047124 0.000000
vt -0.070711 -0.000000 0.000000
vt 0.070711 -0.047124 0.000000
vt -0.070711 -0.117810 0.000000
vt 0.070711 -0.141372 0.000000
vt -0.070711 -0.235619 0.000000
vt 0.070711 -0.235619 0.000000
vt -0.070711 -4.850000 0.000000
vt 0.070711 -4.850000 0.000000
vt -0.070711 -4.800000 0.000000
vt 0.070711 -4.800000 0.000000
vt 0.141420 3.758875 0.000000
vt 0.141420 4.295857 0.000000
vt 0.070710 3.784445 0.000000
vt 0.000000 4.295857 0.000000
vt 0.000000 3.758875 0.000000
vt 0.070710 3.528739 0.000000
vt 0.000000 3.490383 0.000000
vt 0.070710 3.273034 0.000000
vt 0.000000 3.221892 0.000000
vt 0.000000 3.087647 0.000000
vt 0.070710 3.017328 0.000000
vt 0.000000 2.953401 0.000000
vt 0.070710 2.889475 0.000000
vt 0.000000 2.819156 0.000000
vt 0.070710 2.761622 0.000000
vt 0.000000 2.684910 0.000000
vt 0.070710 2.505916 0.000000
vt 0.000000 2.416419 0.000000
vt 0.070710 2.250211 0.000000
vt 0.000000 2.147928 0.000000
vt 0.070710 1.994505 0.000000
vt 0.000000 1.879437 0.000000
vt 0.070710 1.738799 0.000000
vt 0.000000 1.610946 0.000000
vt 0.070710 1.483093 0.000000
vt 0.000000 1.342455 0.000000
vt 0.070710 1.227388 0.000000
vt 0.000000 1.073964 0.000000
vt 0.070710 0.971682 0.000000
vt 0.000000 0.805473 0.000000
vt 0.070710 0.715976 0.000000
vt 0.000000 0.536982 0.000000
vt 0.070710 0.460270 0.000000
vt 0.070710 0.204565 0.000000
vt 0.141420 0.536982 0.000000
vt 0.141420 0.000000 0.000000
vt 0.000000 0.000000 0.000000
vt 0.141420 0.805473 0.000000
vt 0.141420 1.073964 0.000000
vt 0.141420 1.342455 0.000000
vt 0.141420 1.610946 0.000000
vt 0.141420 1.879437 0.000000
vt 0.141420 2.147928 0.000000
vt 0.141420 2.416419 0.000000
vt 0.141420 2.684910 0.000000
vt 0.141420 2.953401 0.000000
vt 0.141420 3.087647 0.000000
vt 0.141420 3.221892 0.000000
vt 0.141420 3.490383 0.000000
vt -0.087573 0.000000 0.000000
vt -0.053847 0.000000 0.000000
vt -0.070679 0.195923 0.000000
vt -0.053825 0.515187 0.000000
vt -0.070679 0.441291 0.000000
vt -0.070679 0.686659 0.000000
vt -0.087573 0.515227 0.000000
vt -0.087573 0.772840 0.000000
vt -0.070679 0.932027 0.000000
vt -0.087573 1.030453 0.000000
vt -0.070679 1.177396 0.000000
vt -0.087573 1.288066 0.000000
vt -0.070679 1.422764 0.000000
vt -0.087573 1.545680 0.000000
vt -0.070679 1.668132 0.000000
vt -0.087573 1.803293 0.000000
vt -0.070679 1.913500 0.000000
vt -0.087573 2.060906 0.000000
vt -0.070679 2.158868 0.000000
vt -0.087573 2.318519 0.000000
vt -0.070679 2.404236 0.000000
vt -0.087573 2.576133 0.000000
vt -0.070679 2.649604 0.000000
vt -0.087573 2.833746 0.000000
vt -0.070679 2.772288 0.000000
vt -0.070679 2.894972 0.000000
vt -0.054048 2.833427 0.000000
vt -0.053893 2.962553 0.000000
vt -0.053919 0.773014 0.000000
vt -0.053915 1.031050 0.000000
vt -0.053845 1.288024 0.000000
vt -0.053791 1.545381 0.000000
vt -0.053825 1.803253 0.000000
vt -0.053831 2.061625 0.000000
vt -0.053786 2.318664 0.000000
vt -0.053969 2.576336 0.000000
vt -0.070679 3.140340 0.000000
vt -0.053786 3.090915 0.000000
vt -0.053823 3.348402 0.000000
vt -0.070679 3.385708 0.000000
vt -0.053786 3.606714 0.000000
vt -0.070679 3.631076 0.000000
vt -0.053847 4.121812 0.000000
vt -0.087573 4.121812 0.000000
vt -0.087573 3.606586 0.000000
vt -0.087573 3.348973 0.000000
vt -0.087573 3.091359 0.000000
vt -0.087573 2.962553 0.000000
vt -0.016863 -4.850000 0.000000
vt 0.016863 -4.850000 0.000000
vt -0.016863 -4.800000 0.000000
vt 0.016863 -4.800000 0.000000
vt -0.016863 -0.307816 0.000000
vt 0.016863 -0.307816 0.000000
vt -0.016863 -0.184690 0.000000
vt 0.016863 -0.184690 0.000000
vt -0.016863 -0.061563 0.000000
vt 0.016863 -0.061563 0.000000
vt -0.016863 0.061563 0.000000
vt 0.016863 0.061563 0.000000
vt -0.016863 0.184690 0.000000
vt 0.016863 0.184690 0.000000
vt -0.016863 0.307816 0.000000
vt 0.016863 0.307816 0.000000
vt -1.400000 -0.016863 0.000000
vt 0.250000 -0.016863 0.000000
vt -1.400000 0.016863 0.000000
vt 0.250000 0.016863 0.000000
vt -0.016863 -5.100000 0.000000
vt 0.016863 -5.100000 0.000000
vt -0.016863 -1.900000 0.000000
vt 0.016863 -1.900000 0.000000
vt -0.087559 0.499321 0.000000
vt -0.070707 0.499321 0.000000
vt -0.087568 0.612889 0.000000
vt -0.054106 0.528269 0.000000
vt -0.053844 0.612889 0.000000
vt -0.070707 0.441063 0.000000
vt -0.087568 0.426376 0.000000
vt -0.070707 0.382806 0.000000
vt -0.087501 0.369057 0.000000
vt -0.070707 0.324549 0.000000
vt -0.087568 0.269411 0.000000
vt -0.070707 0.266291 0.000000
vt -0.087568 0.206467 0.000000
vt -0.070707 0.149777 0.000000
vt -0.087568 0.133846 0.000000
vt -0.070707 0.033262 0.000000
vt -0.087568 0.000000 0.000000
vt -0.053844 0.000000 0.000000
vt -0.053982 0.085046 0.000000
vt -0.053838 0.162802 0.000000
vt -0.053853 0.240451 0.000000
vt -0.053838 0.317633 0.000000
vt -0.053911 0.386828 0.000000
vt -0.053980 0.451935 0.000000
vt -0.950000 0.016863 0.000000
vt -2.600000 0.016863 0.000000
vt -0.950000 -0.016863 0.000000
vt -2.600000 -0.016863 0.000000
vt -0.016863 -0.307816 0.000000
vt 0.016863 -0.307816 0.000000
vt -0.016863 -0.184690 0.000000
vt 0.016863 -0.184690 0.000000
vt -0.016863 -0.061563 0.000000
vt 0.016863 -0.061563 0.000000
vt -0.016863 0.061563 0.000000
vt 0.016863 0.061563 0.000000
vt -0.016863 0.184690 0.000000
vt 0.016863 0.184690 0.000000
vt -0.016863 0.307816 0.000000
vt 0.016863 0.307816 0.000000
vt -0.016863 -0.100000 0.000000
vt 0.016863 -0.100000 0.000000
vt -0.016863 -0.050000 0.000000
vt 0.016863 -0.050000 0.000000
vt -0.053847 4.121812 0.000000
vt -0.087573 4.121812 0.000000
vt -0.070679 3.631076 0.000000
vt -0.087573 3.606586 0.000000
vt -0.070679 3.385708 0.000000
vt -0.087573 3.348973 0.000000
vt -0.070679 3.140340 0.000000
vt -0.087573 3.091359 0.000000
vt -0.087573 2.962553 0.000000
vt -0.070679 2.894972 0.000000
vt -0.087573 2.833746 0.000000
vt -0.070679 2.772288 0.000000
vt -0.070679 2.649604 0.000000
vt -0.054048 2.833427 0.000000
vt -0.053969 2.576336 0.000000
vt -0.070679 2.404236 0.000000
vt -0.053786 2.318664 0.000000
vt -0.070679 2.158868 0.000000
vt -0.053831 2.061625 0.000000
vt -0.070679 1.913500 0.000000
vt -0.053825 1.803253 0.000000
vt -0.070679 1.668132 0.000000
vt -0.053791 1.545381 0.000000
vt -0.070679 1.422764 0.000000
vt -0.053845 1.288024 0.000000
vt -0.070679 1.177396 0.000000
vt -0.053915 1.031050 0.000000
vt -0.070679 0.932027 0.000000
vt -0.053919 0.773014 0.000000
vt -0.070679 0.686659 0.000000
vt -0.053825 0.515187 0.000000
vt -0.070679 0.441291 0.000000
vt -0.070679 0.195923 0.000000
vt -0.087573 0.515227 0.000000
vt -0.087573 0.000000 0.000000
vt -0.087573 2.576133 0.000000
vt -0.087573 2.318519 0.000000
vt -0.087573 2.060906 0.000000
vt -0.087573 1.803293 0.000000
vt -0.087573 1.545680 0.000000
vt -0.087573 1.288066 0.000000
vt -0.087573 1.030453 0.000000
vt -0.087573 0.772840 0.000000
vt -0.053847 0.000000 0.000000
vt -0.053893 2.962553 0.000000
vt -0.053786 3.090915 0.000000
vt -0.053823 3.348402 0.000000
vt -0.053786 3.606714 0.000000
vt 4.095645 0.000000 0.000000
vt 4.095645 1.246152 0.000000
vt 3.839667 0.000000 0.000000
vt 3.632834 1.246152 0.000000
vt 3.583689 0.000000 0.000000
vt 3.389149 1.246152 0.000000
vt 3.327712 0.000000 0.000000
vt 3.125915 1.246152 0.000000
vt 3.071734 0.000000 0.000000
vt 2.984444 1.246152 0.000000
vt 2.815756 0.000000 0.000000
vt 2.835889 1.246152 0.000000
vt 2.559778 0.000000 0.000000
vt 2.527592 1.246152 0.000000
vt 2.303800 0.000000 0.000000
vt 2.237554 1.246152 0.000000
vt 2.047822 0.000000 0.000000
vt 1.968908 1.246152 0.000000
vt 1.791845 0.000000 0.000000
vt 1.715914 1.246152 0.000000
vt 1.535867 0.000000 0.000000
vt 1.467474 1.246152 0.000000
vt 1.279889 0.000000 0.000000
vt 1.216069 1.246152 0.000000
vt 1.023911 0.000000 0.000000
vt 0.958905 1.246152 0.000000
vt 0.767933 0.000000 0.000000
vt 0.704449 1.246152 0.000000
vt 0.511956 0.000000 0.000000
vt 0.461227 1.246152 0.000000
vt 0.255978 0.000000 0.000000
vt 0.000000 1.246152 0.000000
vt 0.000000 0.000000 0.000000
vt 0.000000 0.000000 0.000000
vt 0.255978 0.000000 0.000000
vt 0.000000 1.246152 0.000000
vt 0.461227 1.246152 0.000000
vt 0.511956 0.000000 0.000000
vt 0.704449 1.246152 0.000000
vt 0.767933 0.000000 0.000000
vt 0.958905 1.246152 0.000000
vt 1.023911 0.000000 0.000000
vt 1.216069 1.246152 0.000000
vt 1.279889 0.000000 0.000000
vt 1.467474 1.246152 0.000000
vt 1.535867 0.000000 0.000000
vt 1.715914 1.246152 0.000000
vt 1.791845 0.000000 0.000000
vt 1.968908 1.246152 0.000000
vt 2.047822 0.000000 0.000000
vt 2.237554 1.246152 0.000000
vt 2.303800 0.000000 0.000000
vt 2.527592 1.246152 0.000000
vt 2.559778 0.000000 0.000000
vt 2.835889 1.246152 0.000000
vt 2.815756 0.000000 0.000000
vt 2.984444 1.246152 0.000000
vt 3.071734 0.000000 0.000000
vt 3.125915 1.246152 0.000000
vt 3.327712 0.000000 0.000000
vt 3.389149 1.246152 0.000000
vt 3.583689 0.000000 0.000000
vt 3.632834 1.246152 0.000000
vt 3.839667 0.000000 0.000000
vt 4.095645 1.246152 0.000000
vt 4.095645 0.000000 0.000000
vt -1.900000 0.153848 0.000000
vt -0.250000 0.153848 0.000000
vt -1.900000 1.637424 0.000000
vt -0.250000 1.637425 0.000000
vt 0.625041 1.483577 0.000000
vt 0.557874 1.482320 0.000000
vt 0.625041 0.000000 0.000000
vt 0.546911 0.000000 0.000000
vt 0.485495 1.473625 0.000000
vt 0.468781 0.000000 0.000000
vt 0.418621 1.454738 0.000000
vt 0.390651 0.000000 0.000000
vt 0.364091 1.431562 0.000000
vt 0.312521 0.000000 0.000000
vt 0.267875 1.376972 0.000000
vt 0.234390 0.000000 0.000000
vt 0.209672 1.339964 0.000000
vt 0.156260 0.000000 0.000000
vt 0.155538 1.305225 0.000000
vt 0.078130 0.000000 0.000000
vt 0.035535 1.231883 0.000000
vt 0.000000 0.000000 0.000000
vt 0.000000 1.211410 0.000000
vt -3.700000 1.365258 0.000000
vt -3.700000 0.153848 0.000000
vt -3.316066 1.215494 0.000000
vt -2.918414 1.107297 0.000000
vt -2.511528 1.041886 0.000000
vt -2.100000 1.020000 0.000000
vt -0.500000 0.153848 0.000000
vt -1.688472 1.041886 0.000000
vt -1.281586 1.107297 0.000000
vt -0.883934 1.215494 0.000000
vt -0.500000 1.365258 0.000000
vt 0.625041 0.000000 0.000000
vt 0.625041 1.211410 0.000000
vt 0.546911 0.000000 0.000000
vt 0.549353 1.255919 0.000000
vt 0.468781 0.000000 0.000000
vt 0.465000 1.307986 0.000000
vt 0.390651 0.000000 0.000000
vt 0.354113 1.378609 0.000000
vt 0.312521 0.000000 0.000000
vt 0.263109 1.430310 0.000000
vt 0.234390 0.000000 0.000000
vt 0.202094 1.456070 0.000000
vt 0.156260 0.000000 0.000000
vt 0.137228 1.474045 0.000000
vt 0.078130 0.000000 0.000000
vt 0.065382 1.482514 0.000000
vt 0.000000 0.000000 0.000000
vt 0.000000 1.483577 0.000000
vt -2.150000 0.153848 0.000000
vt -0.500000 0.153848 0.000000
vt -2.150000 1.637424 0.000000
vt -0.500000 1.637424 0.000000
vt -2.296152 -0.298451 0.000000
vt -0.812576 -0.298451 0.000000
vt -2.296152 -0.179071 0.000000
vt -0.803774 -0.174820 0.000000
vt -2.296152 -0.059690 0.000000
vt -0.779725 -0.053463 0.000000
vt -0.751440 0.038721 0.000000
vt -2.296152 0.059690 0.000000
vt -0.717027 0.127865 0.000000
vt -2.296152 0.179071 0.000000
vt -0.677753 0.215624 0.000000
vt -2.296152 0.298451 0.000000
vt -0.637378 0.298451 0.000000
vt 0.812575 -0.298451 0.000000
vt 2.296152 -0.298451 0.000000
vt 0.809368 -0.222187 0.000000
vt 2.296152 -0.179071 0.000000
vt 0.799542 -0.144990 0.000000
vt 2.296152 -0.059690 0.000000
vt 0.781514 -0.060526 0.000000
vt 0.758189 0.018806 0.000000
vt 2.296152 0.059690 0.000000
vt 0.731836 0.091380 0.000000
vt 2.296152 0.179071 0.000000
vt 0.701681 0.163285 0.000000
vt 0.669639 0.232653 0.000000
vt 2.296152 0.298451 0.000000
vt 0.637378 0.298451 0.000000
vt -0.365249 1.145977 0.000000
vt -0.376094 1.178468 0.000000
vt -0.408553 1.145977 0.000000
vt -0.376094 1.197192 0.000000
vt -0.415329 1.252114 0.000000
vt -0.376094 1.215915 0.000000
vt -0.376094 1.253363 0.000000
vt -0.317067 1.215915 0.000000
vt -0.317067 1.253363 0.000000
vt -0.281641 1.261582 0.000000
vt -0.317067 1.290521 0.000000
vt -0.286391 1.376212 0.000000
vt -0.317067 1.355063 0.000000
vt -0.317067 1.419605 0.000000
vt -0.376094 1.419605 0.000000
vt -0.376094 1.484147 0.000000
vt -0.435122 1.484147 0.000000
vt -0.435122 1.548689 0.000000
vt -0.450486 1.548689 0.000000
vt -0.450486 1.568957 0.000000
vt -0.462190 1.534306 0.000000
vt -0.480291 1.622245 0.000000
vt -0.435122 1.568957 0.000000
vt -0.429585 1.709770 0.000000
vt -0.376094 1.568957 0.000000
vt -0.361500 1.709770 0.000000
vt -0.317067 1.568957 0.000000
vt -0.293117 1.633356 0.000000
vt -0.290354 1.504547 0.000000
vt -0.317067 1.548689 0.000000
vt -0.317067 1.484147 0.000000
vt -0.376094 1.548689 0.000000
vt -0.317067 1.178468 0.000000
vt -0.321960 1.145977 0.000000
vt -0.278659 1.145977 0.000000
vt -0.317067 1.197192 0.000000
vt -0.293427 1.709770 0.000000
vt -0.497705 1.709770 0.000000
vt -0.450486 1.484147 0.000000
vt -0.445293 1.446565 0.000000
vt -0.435122 1.419605 0.000000
vt -0.430437 1.359670 0.000000
vt -0.376094 1.355063 0.000000
vt -0.376094 1.290521 0.000000
vt -0.407370 0.575572 0.000000
vt -0.339501 0.575572 0.000000
vt -0.393986 0.645183 0.000000
vt -0.368275 0.695061 0.000000
vt -0.380508 0.714808 0.000000
vt -0.368275 0.724913 0.000000
vt -0.368275 0.754806 0.000000
vt -0.329180 0.724835 0.000000
vt -0.329180 0.754806 0.000000
vt -0.298320 0.724773 0.000000
vt -0.298320 0.754806 0.000000
vt -0.262732 0.724701 0.000000
vt -0.262732 0.754806 0.000000
vt -0.227144 0.724630 0.000000
vt -0.227144 0.754806 0.000000
vt -0.202595 0.724581 0.000000
vt -0.227144 0.814551 0.000000
vt -0.201984 0.873771 0.000000
vt -0.227144 0.873859 0.000000
vt -0.227144 0.934040 0.000000
vt -0.262732 0.873982 0.000000
vt -0.262732 0.934040 0.000000
vt -0.298320 0.874106 0.000000
vt -0.298320 0.934040 0.000000
vt -0.329180 0.874214 0.000000
vt -0.329180 0.934040 0.000000
vt -0.344647 0.928744 0.000000
vt -0.329180 0.993785 0.000000
vt -0.335864 1.002689 0.000000
vt -0.329180 1.053530 0.000000
vt -0.330800 1.067788 0.000000
vt -0.328975 1.132962 0.000000
vt -0.298320 1.053530 0.000000
vt -0.285714 1.132962 0.000000
vt -0.262732 1.053530 0.000000
vt -0.242526 1.132962 0.000000
vt -0.227144 1.053530 0.000000
vt -0.199635 1.082276 0.000000
vt -0.200281 0.978598 0.000000
vt -0.227144 0.993785 0.000000
vt -0.262732 0.993785 0.000000
vt -0.298320 0.993785 0.000000
vt -0.271500 0.575572 0.000000
vt -0.298320 0.695061 0.000000
vt -0.329180 0.695061 0.000000
vt -0.203685 0.575572 0.000000
vt -0.227144 0.695061 0.000000
vt -0.262732 0.695061 0.000000
vt -0.199412 1.132962 0.000000
vt -0.355662 0.854477 0.000000
vt -0.329180 0.814551 0.000000
vt -0.298320 0.814551 0.000000
vt -0.262732 0.814551 0.000000
vt -0.367534 0.784528 0.000000
vt -0.250000 -0.365121 0.000000
vt -1.075000 -0.343479 0.000000
vt -0.250000 -0.408406 0.000000
vt -1.900000 -0.365122 0.000000
vt -1.900000 -0.408407 0.000000
vt -0.250000 -0.321836 0.000000
vt -1.900000 -0.278552 0.000000
vt -1.900000 -0.321837 0.000000
vt -0.250000 -0.278552 0.000000
vt -0.364033 -0.000000 0.000000
vt -0.375864 0.028003 0.000000
vt -0.407274 -0.000000 0.000000
vt -0.406521 0.028003 0.000000
vt -0.407264 0.062034 0.000000
vt -0.375864 0.112329 0.000000
vt -0.340505 0.028003 0.000000
vt -0.340505 0.112329 0.000000
vt -0.305147 0.028003 0.000000
vt -0.305147 0.112329 0.000000
vt -0.278351 0.067688 0.000000
vt -0.280696 0.135845 0.000000
vt -0.320854 0.000000 0.000000
vt -0.277754 0.000000 0.000000
vt -0.305147 0.154491 0.000000
vt -0.281440 0.179377 0.000000
vt -0.305147 0.196654 0.000000
vt -0.280892 0.222542 0.000000
vt -0.305147 0.226998 0.000000
vt -0.281309 0.322895 0.000000
vt -0.305147 0.252091 0.000000
vt -0.305147 0.329118 0.000000
vt -0.340505 0.329118 0.000000
vt -0.340505 0.406146 0.000000
vt -0.375864 0.406146 0.000000
vt -0.375864 0.483174 0.000000
vt -0.406521 0.483174 0.000000
vt -0.406521 0.560201 0.000000
vt -0.445411 0.560201 0.000000
vt -0.445411 0.662905 0.000000
vt -0.483244 0.715841 0.000000
vt -0.445411 0.737602 0.000000
vt -0.484301 0.784282 0.000000
vt -0.416454 0.784282 0.000000
vt -0.406521 0.737602 0.000000
vt -0.375864 0.737602 0.000000
vt -0.375864 0.662905 0.000000
vt -0.340505 0.662905 0.000000
vt -0.340505 0.560201 0.000000
vt -0.305147 0.560201 0.000000
vt -0.305147 0.483174 0.000000
vt -0.280672 0.492824 0.000000
vt -0.280931 0.407698 0.000000
vt -0.305147 0.406146 0.000000
vt -0.280709 0.598213 0.000000
vt -0.305147 0.662905 0.000000
vt -0.340505 0.737602 0.000000
vt -0.348475 0.784282 0.000000
vt -0.280708 0.702686 0.000000
vt -0.305147 0.737602 0.000000
vt -0.280682 0.784282 0.000000
vt -0.466604 0.509867 0.000000
vt -0.445411 0.483174 0.000000
vt -0.406521 0.406146 0.000000
vt -0.375864 0.329118 0.000000
vt -0.340505 0.252091 0.000000
vt -0.455932 0.436978 0.000000
vt -0.445411 0.406146 0.000000
vt -0.406521 0.329118 0.000000
vt -0.375864 0.252091 0.000000
vt -0.340505 0.226998 0.000000
vt -0.444897 0.366051 0.000000
vt -0.428128 0.242100 0.000000
vt -0.406521 0.252091 0.000000
vt -0.375864 0.226998 0.000000
vt -0.340505 0.196654 0.000000
vt -0.421019 0.182527 0.000000
vt -0.406521 0.196654 0.000000
vt -0.406521 0.226998 0.000000
vt -0.406521 0.154491 0.000000
vt -0.412667 0.124322 0.000000
vt -0.406521 0.112329 0.000000
vt -0.340505 0.154491 0.000000
vt -0.375864 0.154491 0.000000
vt -0.375864 0.196654 0.000000
vt -0.340505 0.483174 0.000000
vt -0.375864 0.560201 0.000000
vt -0.406521 0.662905 0.000000
vt 0.204204 -1.610142 0.000000
vt 0.272271 -1.610142 0.000000
vt 0.204204 -1.207606 0.000000
vt 0.272271 -1.207606 0.000000
vt 0.204204 -0.805071 0.000000
vt 0.272271 -0.805071 0.000000
vt 0.204204 -0.402535 0.000000
vt 0.272271 -0.402535 0.000000
vt 0.204204 0.000000 0.000000
vt 0.272271 -0.000000 0.000000
vt 0.204204 0.402535 0.000000
vt 0.272271 0.402535 0.000000
vt 0.204204 0.805071 0.000000
vt 0.272271 0.805071 0.000000
vt 0.204204 1.207606 0.000000
vt 0.272271 1.207606 0.000000
vt 0.204204 1.610142 0.000000
vt 0.272271 1.610142 0.000000
vt 0.340339 1.207606 0.000000
vt 0.340339 1.610142 0.000000
vt 0.408407 1.207606 0.000000
vt 0.408407 1.610142 0.000000
vt 0.340339 -1.610142 0.000000
vt 0.340339 -1.207606 0.000000
vt 0.340339 -0.805071 0.000000
vt 0.340339 -0.402535 0.000000
vt 0.340339 -0.000000 0.000000
vt 0.340339 0.402535 0.000000
vt 0.340339 0.805071 0.000000
vt 0.408407 -1.610142 0.000000
vt 0.408407 -1.207606 0.000000
vt 0.408407 -0.805071 0.000000
vt 0.408407 -0.402535 0.000000
vt 0.408407 -0.000000 0.000000
vt 0.408407 0.402535 0.000000
vt 0.408407 0.805071 0.000000
vt -0.402298 0.070434 0.000000
vt -0.407278 0.000000 0.000000
vt -0.369012 0.028599 0.000000
vt -0.339421 -0.000000 0.000000
vt -0.330745 0.028599 0.000000
vt -0.300507 0.028599 0.000000
vt -0.330745 0.093437 0.000000
vt -0.300507 0.093437 0.000000
vt -0.330745 0.158275 0.000000
vt -0.300507 0.158275 0.000000
vt -0.330745 0.177948 0.000000
vt -0.300507 0.177948 0.000000
vt -0.330745 0.232495 0.000000
vt -0.300507 0.232495 0.000000
vt -0.330745 0.306717 0.000000
vt -0.300507 0.306717 0.000000
vt -0.330745 0.380938 0.000000
vt -0.300507 0.380938 0.000000
vt -0.330745 0.455160 0.000000
vt -0.300507 0.455160 0.000000
vt -0.330745 0.529381 0.000000
vt -0.300507 0.529381 0.000000
vt -0.297191 0.600910 0.000000
vt -0.265710 0.529381 0.000000
vt -0.253973 0.600910 0.000000
vt -0.230912 0.529381 0.000000
vt -0.210871 0.600910 0.000000
vt -0.210342 0.474634 0.000000
vt -0.230912 0.455160 0.000000
vt -0.208810 0.394725 0.000000
vt -0.230912 0.380938 0.000000
vt -0.207582 0.341099 0.000000
vt -0.230912 0.306717 0.000000
vt -0.206432 0.287546 0.000000
vt -0.230912 0.232495 0.000000
vt -0.204894 0.209075 0.000000
vt -0.230912 0.177948 0.000000
vt -0.204144 0.162482 0.000000
vt -0.230912 0.158275 0.000000
vt -0.203717 0.115847 0.000000
vt -0.230912 0.093437 0.000000
vt -0.203603 0.057896 0.000000
vt -0.230912 0.028599 0.000000
vt -0.203639 0.000000 0.000000
vt -0.271448 -0.000000 0.000000
vt -0.265710 0.028599 0.000000
vt -0.340391 0.600910 0.000000
vt -0.340449 0.530373 0.000000
vt -0.342616 0.458995 0.000000
vt -0.348189 0.402164 0.000000
vt -0.355348 0.345024 0.000000
vt -0.369028 0.240562 0.000000
vt -0.369012 0.232495 0.000000
vt -0.369012 0.177948 0.000000
vt -0.369012 0.158275 0.000000
vt -0.369012 0.093437 0.000000
vt -0.389084 0.141162 0.000000
vt -0.265710 0.093437 0.000000
vt -0.265710 0.158275 0.000000
vt -0.265710 0.177948 0.000000
vt -0.265710 0.232495 0.000000
vt -0.265710 0.306717 0.000000
vt -0.265710 0.380938 0.000000
vt -0.265710 0.455160 0.000000
vt 1.900000 -0.365122 0.000000
vt 1.075000 -0.343479 0.000000
vt 1.900000 -0.408407 0.000000
vt 0.250000 -0.365122 0.000000
vt 0.250000 -0.408407 0.000000
vt 1.900000 -0.321837 0.000000
vt 0.250000 -0.278552 0.000000
vt 0.250000 -0.321837 0.000000
vt 1.900000 -0.278552 0.000000
vt -0.083820 -0.098188 0.000000
vt 0.085000 -0.052360 0.000000
vt -0.085000 0.000000 0.000000
vt 0.085000 0.052360 0.000000
vt -0.083820 0.098188 0.000000
vt 0.085000 0.157080 0.000000
vt -0.080971 0.196350 0.000000
vt 0.085000 0.261799 0.000000
vt -0.078120 0.294511 0.000000
vt 0.085000 0.366519 0.000000
vt -0.076937 0.392699 0.000000
vt 0.085000 0.471239 0.000000
vt -0.078120 0.490887 0.000000
vt 0.085000 0.575959 0.000000
vt -0.080971 0.589049 0.000000
vt 0.085000 0.680678 0.000000
vt -0.083820 0.687210 0.000000
vt 0.085000 0.785398 0.000000
vt -0.085000 0.785398 0.000000
vt -0.085000 -0.785398 0.000000
vt 0.085000 -0.785398 0.000000
vt -0.083820 -0.687210 0.000000
vt 0.085000 -0.680678 0.000000
vt -0.080971 -0.589049 0.000000
vt 0.085000 -0.575959 0.000000
vt -0.078120 -0.490887 0.000000
vt 0.085000 -0.471239 0.000000
vt -0.076937 -0.392699 0.000000
vt 0.085000 -0.366519 0.000000
vt -0.078120 -0.294511 0.000000
vt 0.085000 -0.261799 0.000000
vt -0.080971 -0.196350 0.000000
vt 0.085000 -0.157080 0.000000
vt 0.075000 -0.353429 0.000000
vt -0.075000 -0.353429 0.000000
vt 0.075000 -0.424115 0.000000
vt -0.075000 -0.424115 0.000000
vt 0.075000 0.424115 0.000000
vt -0.075000 0.424115 0.000000
vt 0.075000 0.353429 0.000000
vt -0.075000 0.353429 0.000000
vt 0.075000 0.282743 0.000000
vt -0.075000 0.282743 0.000000
vt 0.075000 0.212058 0.000000
vt -0.075000 0.212058 0.000000
vt 0.075000 0.141372 0.000000
vt -0.075000 0.141372 0.000000
vt 0.075000 0.070686 0.000000
vt -0.075000 0.070686 0.000000
vt 0.075000 0.000000 0.000000
vt -0.075000 0.000000 0.000000
vt 0.075000 -0.070686 0.000000
vt -0.075000 -0.070686 0.000000
vt 0.075000 -0.141372 0.000000
vt -0.075000 -0.141372 0.000000
vt 0.075000 -0.212058 0.000000
vt -0.075000 -0.212058 0.000000
vt 0.075000 -0.282743 0.000000
vt -0.075000 -0.282743 0.000000
vt -0.363386 0.101684 0.000000
vt -0.385000 -0.000000 0.000000
vt -0.270000 -0.000000 0.000000
vt -0.363386 -0.101684 0.000000
vt -0.251913 -0.067500 0.000000
vt -0.302283 -0.185786 0.000000
vt -0.202500 -0.116913 0.000000
vt -0.212254 -0.237764 0.000000
vt -0.135000 -0.135000 0.000000
vt -0.108868 -0.248630 0.000000
vt -0.067500 -0.116913 0.000000
vt -0.010000 -0.216506 0.000000
vt 0.067254 -0.146946 0.000000
vt -0.018087 -0.067500 0.000000
vt 0.109537 -0.051978 0.000000
vt -0.000000 -0.000000 0.000000
vt 0.109537 0.051978 0.000000
vt -0.018087 0.067500 0.000000
vt 0.067254 0.146946 0.000000
vt -0.067500 0.116913 0.000000
vt -0.010000 0.216506 0.000000
vt -0.108868 0.248630 0.000000
vt -0.135000 0.135000 0.000000
vt -0.212254 0.237764 0.000000
vt -0.202500 0.116913 0.000000
vt -0.302283 0.185786 0.000000
vt -0.251913 0.067500 0.000000
vt -0.095000 1.421197 0.000000
vt 0.093736 1.473964 0.000000
vt -0.095000 1.570796 0.000000
vt 0.095000 1.570796 0.000000
vt -0.095000 -1.570796 0.000000
vt 0.095000 -1.570796 0.000000
vt 0.093736 -1.473964 0.000000
vt 0.090110 1.374333 0.000000
vt -0.095000 1.271597 0.000000
vt 0.084597 1.274763 0.000000
vt 0.078296 1.178095 0.000000
vt -0.095000 1.121997 0.000000
vt 0.071983 1.081428 0.000000
vt -0.095000 0.972398 0.000000
vt 0.066445 0.981859 0.000000
vt 0.062793 0.882230 0.000000
vt -0.095000 0.822798 0.000000
vt 0.061517 0.785398 0.000000
vt -0.095000 0.673198 0.000000
vt 0.062793 0.688566 0.000000
vt 0.066445 0.588937 0.000000
vt -0.095000 0.523599 0.000000
vt 0.071983 0.489369 0.000000
vt -0.095000 0.373999 0.000000
vt 0.078296 0.392701 0.000000
vt 0.084597 0.296033 0.000000
vt -0.095000 0.224399 0.000000
vt 0.090110 0.196463 0.000000
vt -0.095000 0.074800 0.000000
vt 0.093736 0.096832 0.000000
vt 0.095000 0.000000 0.000000
vt -0.095000 -0.074800 0.000000
vt 0.093736 -0.096832 0.000000
vt 0.090110 -0.196463 0.000000
vt -0.095000 -0.224399 0.000000
vt 0.084597 -0.296033 0.000000
vt -0.095000 -0.373999 0.000000
vt 0.078296 -0.392701 0.000000
vt 0.071983 -0.489369 0.000000
vt -0.095000 -0.523599 0.000000
vt 0.066445 -0.588937 0.000000
vt -0.095000 -0.673198 0.000000
vt 0.062793 -0.688566 0.000000
vt 0.061517 -0.785398 0.000000
vt -0.095000 -0.822798 0.000000
vt 0.062793 -0.882230 0.000000
vt -0.095000 -0.972398 0.000000
vt 0.066445 -0.981859 0.000000
vt 0.071983 -1.081428 0.000000
vt -0.095000 -1.121997 0.000000
vt 0.078296 -1.178095 0.000000
vt -0.095000 -1.271597 0.000000
vt 0.084597 -1.274763 0.000000
vt 0.090110 -1.374333 0.000000
vt -0.095000 -1.421197 0.000000
vt 0.977786 -0.147378 0.000000
vt 1.000000 -0.000000 0.000000
vt 0.635000 -0.000000 0.000000
vt 0.977786 0.147378 0.000000
vt 0.616913 0.067500 0.000000
vt 0.913119 0.281660 0.000000
vt 0.811745 0.390916 0.000000
vt 0.567500 0.116913 0.000000
vt 0.682671 0.465437 0.000000
vt 0.500000 0.135000 0.000000
vt 0.537365 0.498602 0.000000
vt 0.388740 0.487464 0.000000
vt 0.432500 0.116913 0.000000
vt 0.250000 0.433013 0.000000
vt 0.133474 0.340086 0.000000
vt 0.383087 0.067500 0.000000
vt 0.049516 0.216942 0.000000
vt 0.005585 0.074521 0.000000
vt 0.365000 -0.000000 0.000000
vt 0.005585 -0.074521 0.000000
vt 0.383087 -0.067500 0.000000
vt 0.049516 -0.216942 0.000000
vt 0.133474 -0.340086 0.000000
vt 0.432500 -0.116913 0.000000
vt 0.250000 -0.433013 0.000000
vt 0.388740 -0.487464 0.000000
vt 0.500000 -0.135000 0.000000
vt 0.537365 -0.498602 0.000000
vt 0.682671 -0.465437 0.000000
vt 0.567500 -0.116913 0.000000
vt 0.811745 -0.390916 0.000000
vt 0.616913 -0.067500 0.000000
vt 0.913119 -0.281660 0.000000
vt -0.010000 3.879987 0.000000
vt -0.010000 4.800000 0.000000
vt -0.404854 3.858820 0.000000
vt -0.795503 3.797575 0.000000
vt -2.400000 4.800000 0.000000
vt -1.177890 3.696887 0.000000
vt -1.548044 3.557803 0.000000
vt -2.833399 4.788977 0.000000
vt -3.415957 4.672417 0.000000
vt -3.290545 4.712144 0.000000
vt -3.054631 4.763803 0.000000
vt -3.545441 4.621176 0.000000
vt -3.808053 4.481545 0.000000
vt -1.902119 3.381767 0.000000
vt -4.040418 4.311452 0.000000
vt -4.237729 4.123827 0.000000
vt -4.399340 3.928530 0.000000
vt -2.236438 3.170607 0.000000
vt -4.531741 3.723917 0.000000
vt -4.637224 3.507635 0.000000
vt -2.547529 2.926516 0.000000
vt -4.714812 3.280682 0.000000
vt -4.764022 3.053102 0.000000
vt -2.832161 2.652030 0.000000
vt -4.789105 2.831891 0.000000
vt -3.087378 2.350000 0.000000
vt -4.800000 2.400000 0.000000
vt -4.800000 2.350000 0.000000
vt -2.460000 0.070711 0.000000
vt -4.850000 0.070711 0.000000
vt -2.460000 -0.070711 0.000000
vt -4.850000 -0.070711 0.000000
vt -0.320156 -5.692635 0.000000
vt 0.320156 -5.691251 0.000000
vt -0.320156 -5.313126 0.000000
vt 0.320156 -5.284733 0.000000
vt -0.320156 -4.933617 0.000000
vt 0.320156 -4.878215 0.000000
vt -0.320156 -4.554108 0.000000
vt 0.320156 -4.471697 0.000000
vt -0.320156 -4.174599 0.000000
vt 0.320156 -4.065179 0.000000
vt -0.320156 -3.795090 0.000000
vt 0.320156 -3.658661 0.000000
vt -0.320156 -3.415581 0.000000
vt 0.320156 -3.252143 0.000000
vt -0.320156 -3.036072 0.000000
vt 0.320156 -2.845626 0.000000
vt -0.320156 -2.656563 0.000000
vt 0.320156 -2.439108 0.000000
vt -0.320156 -2.277054 0.000000
vt 0.320156 -2.032590 0.000000
vt -0.320156 -1.897545 0.000000
vt 0.320156 -1.626072 0.000000
vt -0.320156 -1.518036 0.000000
vt 0.320156 -1.219554 0.000000
vt -0.320156 -1.138527 0.000000
vt 0.320156 -0.813036 0.000000
vt -0.320156 -0.759018 0.000000
vt 0.320156 -0.406518 0.000000
vt -0.320156 -0.379509 0.000000
vt 0.320156 0.000000 0.000000
vt -0.320156 0.000000 0.000000
vt -0.320156 0.379509 0.000000
vt 0.320156 0.406518 0.000000
vt -0.320156 0.759018 0.000000
vt 0.320156 0.813036 0.000000
vt -0.320156 1.138527 0.000000
vt 0.320156 1.219554 0.000000
vt -0.320156 1.518036 0.000000
vt 0.320156 1.626072 0.000000
vt -0.320156 1.897545 0.000000
vt 0.320156 2.032590 0.000000
vt -0.320156 2.277054 0.000000
vt 0.320156 2.439108 0.000000
vt -0.320156 2.656563 0.000000
vt 0.320156 2.845626 0.000000
vt -0.320156 3.036072 0.000000
vt 0.320156 3.252143 0.000000
vt -0.320156 3.415581 0.000000
vt 0.320156 3.658661 0.000000
vt -0.320156 3.795090 0.000000
vt 0.320156 4.065179 0.000000
vt -0.320156 4.174599 0.000000
vt 0.320156 4.471697 0.000000
vt -0.320156 4.554108 0.000000
vt 0.320156 4.878215 0.000000
vt -0.320156 4.933617 0.000000
vt 0.320156 5.284733 0.000000
vt -0.320156 5.313126 0.000000
vt 0.320156 5.691251 0.000000
vt -0.320156 5.692635 0.000000
vt -0.010000 -3.879987 0.000000
vt -0.404854 -3.858820 0.000000
vt -0.010000 -4.800000 0.000000
vt -0.795503 -3.797575 0.000000
vt -2.400000 -4.800000 0.000000
vt -1.177890 -3.696887 0.000000
vt -1.548044 -3.557803 0.000000
vt -1.902119 -3.381767 0.000000
vt -3.928530 -4.399340 0.000000
vt -3.723917 -4.531741 0.000000
vt -3.507635 -4.637224 0.000000
vt -2.236438 -3.170607 0.000000
vt -4.311452 -4.040418 0.000000
vt -4.123827 -4.237729 0.000000
vt -2.547529 -2.926516 0.000000
vt -4.621176 -3.545441 0.000000
vt -4.481545 -3.808053 0.000000
vt -2.832161 -2.652030 0.000000
vt -4.763803 -3.054631 0.000000
vt -4.712144 -3.290545 0.000000
vt -4.672417 -3.415957 0.000000
vt -4.788977 -2.833399 0.000000
vt -3.087378 -2.350000 0.000000
vt -4.800000 -2.400000 0.000000
vt -4.800000 -2.350000 0.000000
vt -3.280682 -4.714812 0.000000
vt -3.053102 -4.764022 0.000000
vt -2.831891 -4.789105 0.000000
vt -0.000000 6.084690 0.000000
vt -8.130000 6.084690 0.000000
vt -0.000000 5.689097 0.000000
vt -8.130000 5.679044 0.000000
vt -0.000000 5.293505 0.000000
vt -8.130000 5.273398 0.000000
vt -0.000000 4.897912 0.000000
vt -8.130000 4.867752 0.000000
vt -0.000000 4.502320 0.000000
vt -8.130000 4.462106 0.000000
vt -0.000000 4.106728 0.000000
vt -8.130000 4.056460 0.000000
vt -0.000000 3.711135 0.000000
vt -8.130000 3.650814 0.000000
vt -0.000000 3.315543 0.000000
vt -8.130000 3.245168 0.000000
vt -0.000000 2.919950 0.000000
vt -8.130000 2.839522 0.000000
vt -0.000000 2.524358 0.000000
vt -8.130000 2.433876 0.000000
vt -0.015684 2.415993 0.000000
vt -0.064718 2.317573 0.000000
vt -1.900000 2.219002 0.000000
vt -0.100645 2.278253 0.000000
vt -0.145494 2.246304 0.000000
vt -0.196751 2.225910 0.000000
vt -0.250000 2.219002 0.000000
vt -8.130000 2.028230 0.000000
vt -2.025989 2.211544 0.000000
vt -2.125739 2.180294 0.000000
vt -2.206534 2.129051 0.000000
vt -2.283747 2.050866 0.000000
vt -2.344884 1.954132 0.000000
vt -2.382769 1.848597 0.000000
vt -8.130000 1.622584 0.000000
vt -2.397597 1.746928 0.000000
vt -2.400000 1.649214 0.000000
vt -2.400000 1.236911 0.000000
vt -8.130000 1.216938 0.000000
vt -2.400000 0.824607 0.000000
vt -8.130000 0.811292 0.000000
vt -2.400000 0.412304 0.000000
vt -8.130000 0.405646 0.000000
vt -4.150000 0.250173 0.000000
vt -4.245683 0.231102 0.000000
vt -4.326777 0.176838 0.000000
vt -8.130000 0.000000 0.000000
vt -4.380965 0.095693 0.000000
vt -4.400000 -0.000000 0.000000
vt -4.380965 -0.095693 0.000000
vt -4.326777 -0.176838 0.000000
vt -8.130000 -0.405646 0.000000
vt -4.245683 -0.231102 0.000000
vt -4.150000 -0.250173 0.000000
vt -2.400000 -0.412304 0.000000
vt -4.054317 -0.231102 0.000000
vt -2.400000 0.000000 0.000000
vt -3.973223 -0.176838 0.000000
vt -3.919035 -0.095693 0.000000
vt -3.900000 0.000000 0.000000
vt -3.919035 0.095693 0.000000
vt -3.973223 0.176838 0.000000
vt -4.054317 0.231102 0.000000
vt -8.130000 -0.811292 0.000000
vt -2.400000 -0.824607 0.000000
vt -8.130000 -1.216938 0.000000
vt -2.400000 -1.236911 0.000000
vt -8.130000 -1.622584 0.000000
vt -2.400000 -1.649214 0.000000
vt -2.397719 -1.745794 0.000000
vt -2.386475 -1.832151 0.000000
vt -8.130000 -2.028230 0.000000
vt -2.373025 -1.883816 0.000000
vt -2.349526 -1.944411 0.000000
vt -2.312926 -2.010451 0.000000
vt -2.265255 -2.072952 0.000000
vt -2.208770 -2.127256 0.000000
vt -2.148893 -2.168209 0.000000
vt -2.095714 -2.192920 0.000000
vt -8.130000 -2.433876 0.000000
vt -2.052527 -2.206074 0.000000
vt -1.900000 -2.219002 0.000000
vt -0.064718 -2.317573 0.000000
vt -0.100645 -2.278253 0.000000
vt -8.130000 -2.839522 0.000000
vt -0.000000 -2.524358 0.000000
vt -0.015684 -2.415993 0.000000
vt -0.000000 -2.919950 0.000000
vt -8.130000 -3.245168 0.000000
vt -0.000000 -3.315543 0.000000
vt -8.130000 -3.650814 0.000000
vt -0.000000 -3.711135 0.000000
vt -8.130000 -4.056460 0.000000
vt -0.000000 -4.106728 0.000000
vt -8.130000 -4.462106 0.000000
vt -0.000000 -4.502320 0.000000
vt -8.130000 -4.867752 0.000000
vt -0.000000 -4.897912 0.000000
vt -8.130000 -5.273398 0.000000
vt -0.000000 -5.293505 0.000000
vt -8.130000 -5.679044 0.000000
vt -0.000000 -5.689097 0.000000
vt -8.130000 -6.084690 0.000000
vt -0.000000 -6.084690 0.000000
vt -0.145494 -2.246304 0.000000
vt -0.196751 -2.225910 0.000000
vt -0.250000 -2.219002 0.000000
vt 0.130000 -5.015077 0.000000
vt -0.000000 -4.717674 0.000000
vt 0.050000 -5.015077 0.000000
vt -0.000000 -5.095088 0.000000
vt 0.050000 -5.041747 0.000000
vt 0.050000 -5.068418 0.000000
vt 0.050000 -5.095088 0.000000
vt 0.130000 -4.643589 0.000000
vt -0.000000 -4.340260 0.000000
vt 0.130000 -4.272102 0.000000
vt -0.000000 -3.962846 0.000000
vt 0.130000 -3.900615 0.000000
vt -0.000000 -3.585432 0.000000
vt 0.130000 -3.529128 0.000000
vt -0.000000 -3.208018 0.000000
vt 0.130000 -3.157641 0.000000
vt -0.000000 -2.830604 0.000000
vt 0.130000 -2.786154 0.000000
vt -0.000000 -2.453191 0.000000
vt 0.130000 -2.414666 0.000000
vt -0.000000 -2.075777 0.000000
vt 0.130000 -2.043179 0.000000
vt -0.000000 -1.698363 0.000000
vt 0.130000 -1.671692 0.000000
vt -0.000000 -1.320949 0.000000
vt 0.130000 -1.300205 0.000000
vt -0.000000 -0.943535 0.000000
vt 0.130000 -0.928718 0.000000
vt -0.000000 -0.566121 0.000000
vt 0.130000 -0.557231 0.000000
vt 0.000000 -0.188707 0.000000
vt 0.130000 -0.185744 0.000000
vt 0.130000 0.185744 0.000000
vt 0.000000 0.188707 0.000000
vt 0.130000 0.557231 0.000000
vt 0.000000 0.566121 0.000000
vt 0.130000 0.928718 0.000000
vt 0.000000 0.943535 0.000000
vt 0.130000 1.300205 0.000000
vt 0.000000 1.320949 0.000000
vt 0.130000 1.671692 0.000000
vt 0.000000 1.698363 0.000000
vt 0.130000 2.043179 0.000000
vt 0.000000 2.075777 0.000000
vt 0.130000 2.414666 0.000000
vt 0.000000 2.453191 0.000000
vt 0.130000 2.786154 0.000000
vt 0.000000 2.830604 0.000000
vt 0.130000 3.157641 0.000000
vt 0.000000 3.208018 0.000000
vt 0.130000 3.529128 0.000000
vt 0.000000 3.585432 0.000000
vt 0.130000 3.900615 0.000000
vt 0.000000 3.962846 0.000000
vt 0.130000 4.272102 0.000000
vt 0.000000 4.340260 0.000000
vt 0.130000 4.643589 0.000000
vt 0.000000 4.717674 0.000000
vt 0.130000 5.015077 0.000000
vt 0.050000 5.015077 0.000000
vt 0.000000 5.095088 0.000000
vt 0.050000 5.041747 0.000000
vt 0.050000 5.068418 0.000000
vt 0.050000 5.095088 0.000000
vt 0.090000 -3.248754 0.000000
vt 0.090000 -3.333184 0.000000
vt 0.459949 -3.217289 0.000000
vt 0.469750 -3.301143 0.000000
vt 0.823896 -3.143835 0.000000
vt 0.843364 -3.225980 0.000000
vt 1.177089 -3.029350 0.000000
vt 1.205962 -3.108676 0.000000
vt 1.514921 -2.875329 0.000000
vt 1.552806 -2.950764 0.000000
vt 1.832981 -2.683781 0.000000
vt 1.879365 -2.754306 0.000000
vt 2.127118 -2.457208 0.000000
vt 2.181374 -2.521868 0.000000
vt 2.393494 -2.198564 0.000000
vt 2.454889 -2.256487 0.000000
vt 2.628633 -1.911228 0.000000
vt 2.696335 -1.961630 0.000000
vt 2.829464 -1.598947 0.000000
vt 2.902558 -1.641148 0.000000
vt 2.993368 -1.265798 0.000000
vt 3.070866 -1.299228 0.000000
vt 3.118206 -0.916130 0.000000
vt 3.199059 -0.940336 0.000000
vt 3.202347 -0.554505 0.000000
vt 3.285463 -0.569160 0.000000
vt 3.244694 -0.185642 0.000000
vt 3.328949 -0.190550 0.000000
vt 3.244694 0.185642 0.000000
vt 3.328949 0.190550 0.000000
vt 3.285463 0.569160 0.000000
vt 3.202347 0.554505 0.000000
vt 3.199059 0.940336 0.000000
vt 3.118206 0.916130 0.000000
vt 3.070866 1.299228 0.000000
vt 2.993368 1.265798 0.000000
vt 2.902558 1.641148 0.000000
vt 2.829464 1.598947 0.000000
vt 2.696335 1.961630 0.000000
vt 2.628633 1.911228 0.000000
vt 2.454889 2.256487 0.000000
vt 2.393494 2.198564 0.000000
vt 2.181374 2.521868 0.000000
vt 2.127118 2.457208 0.000000
vt 1.879365 2.754306 0.000000
vt 1.832981 2.683781 0.000000
vt 1.552806 2.950764 0.000000
vt 1.514921 2.875329 0.000000
vt 1.205962 3.108676 0.000000
vt 1.177089 3.029350 0.000000
vt 0.843364 3.225980 0.000000
vt 0.823896 3.143835 0.000000
vt 0.469750 3.301143 0.000000
vt 0.459949 3.217289 0.000000
vt 0.090000 3.333184 0.000000
vt 0.090000 3.248754 0.000000
vt 2.440000 0.070711 0.000000
vt 0.050000 0.070711 0.000000
vt 2.440000 -0.070711 0.000000
vt 0.050000 -0.070711 0.000000
vt -0.274555 -5.063382 0.000000
vt -0.274555 -5.468453 0.000000
vt 0.257675 -5.101187 0.000000
vt -0.016257 -5.473908 0.000000
vt 0.257675 -5.479053 0.000000
vt 0.257675 -4.723321 0.000000
vt -0.274555 -4.658312 0.000000
vt 0.257675 -4.345456 0.000000
vt -0.274555 -4.253241 0.000000
vt 0.257675 -3.967590 0.000000
vt -0.274555 -3.848171 0.000000
vt 0.257675 -3.589724 0.000000
vt -0.274555 -3.443100 0.000000
vt 0.257675 -3.211858 0.000000
vt -0.274555 -3.038029 0.000000
vt 0.257675 -2.833993 0.000000
vt -0.274555 -2.632959 0.000000
vt 0.257675 -2.456127 0.000000
vt -0.274555 -2.227888 0.000000
vt 0.257675 -2.078261 0.000000
vt -0.274555 -1.822818 0.000000
vt 0.257675 -1.700396 0.000000
vt -0.274555 -1.417747 0.000000
vt 0.257675 -1.322530 0.000000
vt -0.274555 -1.012676 0.000000
vt 0.257675 -0.944664 0.000000
vt -0.274555 -0.607606 0.000000
vt 0.257675 -0.566799 0.000000
vt -0.274555 -0.202535 0.000000
vt 0.257675 -0.188933 0.000000
vt 0.257675 0.188933 0.000000
vt -0.274555 0.202535 0.000000
vt 0.257675 0.566799 0.000000
vt -0.274555 0.607606 0.000000
vt 0.257675 0.944664 0.000000
vt -0.274555 1.012676 0.000000
vt 0.257675 1.322530 0.000000
vt -0.274555 1.417747 0.000000
vt 0.257675 1.700396 0.000000
vt -0.274555 1.822818 0.000000
vt 0.257675 2.078261 0.000000
vt -0.274555 2.227888 0.000000
vt 0.257675 2.456127 0.000000
vt -0.274555 2.632959 0.000000
vt 0.257675 2.833993 0.000000
vt -0.274555 3.038029 0.000000
vt 0.257675 3.211858 0.000000
vt -0.274555 3.443100 0.000000
vt 0.257675 3.589724 0.000000
vt -0.274555 3.848171 0.000000
vt 0.257675 3.967590 0.000000
vt -0.274555 4.253241 0.000000
vt 0.257675 4.345456 0.000000
vt -0.274555 4.658312 0.000000
vt 0.257675 4.723321 0.000000
vt -0.274555 5.063382 0.000000
vt 0.257675 5.101187 0.000000
vt -0.274555 5.468453 0.000000
vt -0.016257 5.473908 0.000000
vt 0.257675 5.479053 0.000000
vt 4.890000 1.300000 0.000000
vt 2.500000 1.300000 0.000000
vt 4.890000 0.000000 0.000000
vt 2.500000 0.000000 0.000000
vt 0.000000 5.800478 0.000000
vt 0.000000 5.427067 0.000000
vt 8.067519 5.800478 0.000000
vt 8.067519 5.400445 0.000000
vt 0.000000 5.053656 0.000000
vt 8.067519 5.000412 0.000000
vt 0.000000 4.680245 0.000000
vt 8.067519 4.600379 0.000000
vt 0.000000 4.306834 0.000000
vt 8.067519 4.200346 0.000000
vt 0.000000 3.933423 0.000000
vt 8.067519 3.800313 0.000000
vt 0.000000 3.560012 0.000000
vt 8.067519 3.400280 0.000000
vt 0.000000 3.186601 0.000000
vt 8.067519 3.000247 0.000000
vt 0.000000 2.813190 0.000000
vt 8.067519 2.600214 0.000000
vt 0.000000 2.439779 0.000000
vt 0.004473 2.382920 0.000000
vt 8.067519 2.200181 0.000000
vt 0.033917 2.288893 0.000000
vt 0.090581 2.211038 0.000000
vt 0.163624 2.163079 0.000000
vt 1.900000 2.144654 0.000000
vt 2.050073 2.132766 0.000000
vt 0.250000 2.144654 0.000000
vt 2.159260 2.089778 0.000000
vt 2.223184 2.043951 0.000000
vt 2.271927 1.996030 0.000000
vt 8.067519 1.800148 0.000000
vt 2.333147 1.910565 0.000000
vt 2.365379 1.842337 0.000000
vt 2.387569 1.765579 0.000000
vt 2.398586 1.676080 0.000000
vt 2.400000 1.593957 0.000000
vt 8.067519 1.400115 0.000000
vt 2.400000 1.195468 0.000000
vt 8.067519 1.000082 0.000000
vt 2.400000 0.796979 0.000000
vt 8.067519 0.600049 0.000000
vt 4.150000 0.501493 0.000000
vt 4.246202 0.491928 0.000000
vt 2.400000 0.398489 0.000000
vt 4.053798 0.491928 0.000000
vt 3.958555 0.463073 0.000000
vt 3.871040 0.415637 0.000000
vt 3.796448 0.354081 0.000000
vt 3.735216 0.279222 0.000000
vt 3.688104 0.191530 0.000000
vt 2.400000 -0.000000 0.000000
vt 3.659480 0.096214 0.000000
vt 3.650000 -0.000000 0.000000
vt 3.659480 -0.096214 0.000000
vt 3.688104 -0.191530 0.000000
vt 2.400000 -0.398489 0.000000
vt 3.735216 -0.279222 0.000000
vt 3.796448 -0.354081 0.000000
vt 3.871040 -0.415637 0.000000
vt 3.958555 -0.463073 0.000000
vt 4.053798 -0.491928 0.000000
vt 2.400000 -0.796979 0.000000
vt 4.150000 -0.501493 0.000000
vt 8.067519 -0.600049 0.000000
vt 4.246202 -0.491928 0.000000
vt 4.341445 -0.463073 0.000000
vt 4.428960 -0.415637 0.000000
vt 8.067519 -0.200016 0.000000
vt 4.503552 -0.354081 0.000000
vt 4.564784 -0.279222 0.000000
vt 4.611896 -0.191530 0.000000
vt 4.640520 -0.096214 0.000000
vt 4.650000 -0.000000 0.000000
vt 8.067519 0.200016 0.000000
vt 4.640520 0.096214 0.000000
vt 4.611896 0.191530 0.000000
vt 4.564784 0.279222 0.000000
vt 4.503552 0.354081 0.000000
vt 4.428960 0.415637 0.000000
vt 4.341445 0.463073 0.000000
vt 8.067519 -1.000082 0.000000
vt 2.400000 -1.195468 0.000000
vt 8.067519 -1.400115 0.000000
vt 2.400000 -1.593957 0.000000
vt 8.067519 -1.800148 0.000000
vt 2.399491 -1.650758 0.000000
vt 2.393888 -1.727606 0.000000
vt 2.374223 -1.817045 0.000000
vt 2.336925 -1.903338 0.000000
vt 2.280452 -1.986134 0.000000
vt 8.067519 -2.200181 0.000000
vt 2.198308 -2.063985 0.000000
vt 2.149946 -2.095018 0.000000
vt 2.090314 -2.121392 0.000000
vt 1.991606 -2.140977 0.000000
vt 1.900000 -2.144654 0.000000
vt 0.250000 -2.144654 0.000000
vt 0.211276 -2.148123 0.000000
vt 0.135258 -2.177293 0.000000
vt 0.073857 -2.228704 0.000000
vt 0.018768 -2.328128 0.000000
vt 0.000000 -2.439779 0.000000
vt 8.067519 -2.600214 0.000000
vt 0.000000 -2.813190 0.000000
vt 8.067519 -3.000247 0.000000
vt 0.000000 -3.186601 0.000000
vt 8.067519 -3.400280 0.000000
vt 0.000000 -3.560012 0.000000
vt 8.067519 -3.800313 0.000000
vt 0.000000 -3.933423 0.000000
vt 8.067519 -4.200346 0.000000
vt 0.000000 -4.306834 0.000000
vt 8.067519 -4.600379 0.000000
vt 0.000000 -4.680245 0.000000
vt 8.067519 -5.000412 0.000000
vt 0.000000 -5.053656 0.000000
vt 8.067519 -5.400445 0.000000
vt 0.000000 -5.427067 0.000000
vt 8.067519 -5.800478 0.000000
vt 0.000000 -5.800478 0.000000
vt 0.408407 -5.482171 0.000000
vt 0.408407 -5.859373 0.000000
vt 0.476475 -5.483074 0.000000
vt 0.459464 -5.859613 0.000000
vt 0.510517 -5.860288 0.000000
vt 0.544543 -5.483977 0.000000
vt 0.561565 -5.861279 0.000000
vt 0.612611 -5.484879 0.000000
vt 0.612611 -5.862420 0.000000
vt 0.612611 -5.107338 0.000000
vt 0.544543 -5.106549 0.000000
vt 0.476475 -5.105759 0.000000
vt 0.408407 -5.104969 0.000000
vt 0.476475 -4.728443 0.000000
vt 0.408407 -4.727766 0.000000
vt 0.476475 -4.351128 0.000000
vt 0.408407 -4.350564 0.000000
vt 0.476475 -3.973813 0.000000
vt 0.408407 -3.973361 0.000000
vt 0.476475 -3.596497 0.000000
vt 0.408407 -3.596159 0.000000
vt 0.476475 -3.219182 0.000000
vt 0.408407 -3.218956 0.000000
vt 0.476475 -2.841867 0.000000
vt 0.408407 -2.841754 0.000000
vt 0.408407 -2.464552 0.000000
vt 0.476475 -2.464552 0.000000
vt 0.544543 -2.841980 0.000000
vt 0.544543 -2.464552 0.000000
vt 0.612611 -2.464552 0.000000
vt 0.612611 -2.842093 0.000000
vt 0.544543 -3.219408 0.000000
vt 0.612611 -3.219634 0.000000
vt 0.544543 -3.596836 0.000000
vt 0.612611 -3.597175 0.000000
vt 0.544543 -3.974264 0.000000
vt 0.612611 -3.974716 0.000000
vt 0.544543 -4.351692 0.000000
vt 0.612611 -4.352257 0.000000
vt 0.544543 -4.729120 0.000000
vt 0.612611 -4.729797 0.000000
vt 0.090000 -3.878956 0.000000
vt 0.090000 -4.746152 0.000000
vt 0.475512 -3.850752 0.000000
vt 0.856305 -3.784328 0.000000
vt 2.400000 -4.746152 0.000000
vt 1.228599 -3.680346 0.000000
vt 1.588699 -3.539836 0.000000
vt 2.827949 -4.735399 0.000000
vt 3.044611 -4.710846 0.000000
vt 3.266386 -4.662899 0.000000
vt 3.487071 -4.587457 0.000000
vt 3.697413 -4.484867 0.000000
vt 3.896686 -4.355918 0.000000
vt 1.933031 -3.364192 0.000000
vt 4.087153 -4.198301 0.000000
vt 4.270223 -4.005783 0.000000
vt 2.258178 -3.155160 0.000000
vt 4.436003 -3.779319 0.000000
vt 4.571855 -3.523827 0.000000
vt 2.560912 -2.914812 0.000000
vt 4.621670 -3.397947 0.000000
vt 4.660305 -3.275981 0.000000
vt 4.710633 -3.046101 0.000000
vt 2.838230 -2.645534 0.000000
vt 4.735275 -2.829429 0.000000
vt 3.087378 -2.350000 0.000000
vt 4.746152 -2.400000 0.000000
vt 4.746152 -2.350000 0.000000
vt -4.810000 0.000000 0.000000
vt -2.500000 0.000000 0.000000
vt -4.810000 1.246152 0.000000
vt -2.500000 1.246152 0.000000
vt -2.360000 -0.016863 0.000000
vt -0.050000 -0.016863 0.000000
vt -2.360000 0.016863 0.000000
vt -0.050000 0.016863 0.000000
vt -0.001246 0.080000 0.000000
vt -0.000617 0.053337 0.000000
vt 0.112461 0.080000 0.000000
vt -0.000207 0.026670 0.000000
vt 0.112461 0.000000 0.000000
vt -0.000015 0.000000 0.000000
vt 0.000000 0.000000 0.000000
vt 0.598742 0.000000 0.000000
vt -0.000000 0.080000 0.000000
vt 0.598742 0.080000 0.000000
vt 0.000000 0.000000 0.000000
vt 8.155969 0.000000 0.000000
vt -0.000000 0.080000 0.000000
vt 8.155969 0.080000 0.000000
vt 0.000000 0.000000 0.000000
vt 0.949289 0.000000 0.000000
vt 0.000000 0.080000 0.000000
vt 0.949289 0.080000 0.000000
vt 0.000000 0.000000 0.000000
vt 0.100000 0.000000 0.000000
vt -0.000000 0.080000 0.000000
vt 0.100000 0.080000 0.000000
vt 0.000000 0.000000 0.000000
vt 1.279289 0.000000 0.000000
vt -0.000000 0.080000 0.000000
vt 1.279289 0.080000 0.000000
vt -4.940000 0.720000 0.000000
vt -3.693848 0.720000 0.000000
vt -4.940000 0.800000 0.000000
vt -3.660711 0.800000 0.000000
vt -3.590000 0.729289 0.000000
vt -3.670000 0.696152 0.000000
vt -3.670000 -0.171044 0.000000
vt -3.590000 -0.220000 0.000000
vt -3.660106 -0.220801 0.000000
vt -3.631929 -0.262988 0.000000
vt -3.589754 -0.291180 0.000000
vt -3.540000 -0.301080 0.000000
vt 4.565969 -0.220000 0.000000
vt 4.527519 -0.301080 0.000000
vt 4.698643 -0.515051 0.000000
vt 4.940000 -0.687539 0.000000
vt 4.860000 -0.716816 0.000000
vt 4.940000 -0.801246 0.000000
vt 4.860000 -0.801246 0.000000
vt -3.565000 0.725000 0.000000
vt -3.615000 0.704289 0.000000
vt -3.565000 -0.195013 0.000000
vt -3.615000 -0.245000 0.000000
vt 4.540969 -0.245000 0.000000
vt -3.685711 0.775000 0.000000
vt -3.665000 0.825000 0.000000
vt -4.965000 0.825000 0.000000
vt -4.965000 0.775000 0.000000
vt 4.915000 -0.712539 0.000000
vt 4.965000 -0.695015 0.000000
vt 4.565000 -0.195013 0.000000
vt 4.915000 -0.825015 0.000000
vt 4.965000 -0.825015 0.000000
vn 0.000000 -0.100000 0.000000
vn 0.000000 -0.100000 0.000000
vn 0.000000 -0.086603 -0.050000
vn 0.000000 -0.086603 -0.050000
vn 0.000000 -0.050000 -0.086603
vn 0.000000 -0.050000 -0.086603
vn 0.000000 0.000000 -0.100000
vn 0.000000 0.000000 -0.100000
vn 0.000000 0.000000 -0.100000
vn 0.000000 0.000000 -0.100000
vn 0.000000 0.000000 -0.100000
vn 0.000000 0.000000 -0.100000
vn 0.000000 0.000000 -0.100000
vn 0.000000 0.000000 -0.100000
vn 0.000000 0.000000 -0.100000
vn 0.000000 0.000000 -0.100000
vn 0.000000 0.000000 -0.100000
vn 0.000000 0.000000 -0.100000
vn 0.000000 0.000000 -0.100000
vn 0.000000 0.000000 -0.100000
vn 0.000000 0.000000 -0.100000
vn 0.000000 0.000000 -0.100000
vn 0.000000 0.000000 -0.100000
vn 0.000000 0.000000 -0.100000
vn 0.000000 0.000000 -0.100000
vn 0.000000 0.000000 -0.100000
vn 0.000000 0.000000 -0.100000
vn 0.000000 0.000000 -0.100000
vn 0.000000 0.000000 -0.100000
vn 0.000000 0.000000 -0.100000
vn 0.000000 0.000000 -0.100000
vn 0.000000 0.000000 -0.100000
vn 0.000000 0.000000 -0.100000
vn 0.000000 0.000000 -0.100000
vn 0.000000 0.000000 -0.100000
vn 0.000000 0.000000 -0.100000
vn 0.000000 0.000000 -0.100000
vn 0.000000 0.000000 -0.100000
vn 0.000000 0.000000 -0.100000
vn 0.000000 0.000000 -0.100000
vn 0.000000 0.000000 -0.100000
vn 0.000000 0.000000 -0.100000
vn 0.000000 0.000000 -0.100000
vn 0.000000 0.000000 -0.100000
vn -0.100000 0.000000 0.000000
vn -0.100000 0.000000 0.000000
vn -0.100000 0.000000 0.000000
vn -0.100000 0.000000 0.000000
vn -0.100000 0.000000 0.000000
vn -0.100000 0.000000 0.000000
vn -0.100000 0.000000 0.000000
vn -0.100000 0.000000 0.000000
vn -0.100000 0.000000 0.000000
vn -0.100000 0.000000 0.000000
vn -0.100000 0.000000 0.000000
vn -0.100000 0.000000 0.000000
vn -0.100000 0.000000 0.000000
vn -0.100000 0.000000 0.000000
vn -0.100000 0.000000 0.000000
vn -0.100000 0.000000 0.000000
vn -0.100000 0.000000 0.000000
vn -0.100000 0.000000 0.000000
vn -0.100000 0.000000 0.000000
vn -0.100000 0.000000 0.000000
vn -0.100000 0.000000 0.000000
vn -0.100000 0.000000 0.000000
vn -0.100000 0.000000 0.000000
vn -0.100000 0.000000 0.000000
vn -0.100000 0.000000 0.000000
vn -0.100000 0.000000 0.000000
vn -0.100000 0.000000 0.000000
vn -0.100000 0.000000 0.000000
vn -0.100000 0.000000 0.000000
vn -0.100000 0.000000 0.000000
vn -0.100000 0.000000 0.000000
vn -0.100000 0.000000 0.000000
vn -0.100000 0.000000 0.000000
vn -0.100000 0.000000 0.000000
vn -0.100000 0.000000 0.000000
vn -0.100000 0.000000 0.000000
vn -0.100000 0.000000 0.000000
vn -0.100000 0.000000 0.000000
vn -0.100000 0.000000 0.000000
vn -0.100000 0.000000 0.000000
vn -0.100000 0.000000 0.000000
vn -0.100000 0.000000 0.000000
vn -0.100000 0.000000 0.000000
vn -0.100000 0.000000 0.000000
vn -0.100000 0.000000 0.000000
vn -0.100000 0.000000 0.000000
vn -0.100000 0.000000 0.000000
vn -0.100000 0.000000 0.000000
vn -0.100000 0.000000 0.000000
vn -0.100000 0.000000 0.000000
vn -0.100000 0.000000 0.000000
vn -0.100000 0.000000 0.000000
vn -0.100000 0.000000 0.000000
vn 0.000000 0.100000 0.000000
vn 0.000000 0.100000 0.000000
vn -0.000000 0.086603 -0.050000
vn -0.000000 0.086603 -0.050000
vn -0.000000 0.050000 -0.086603
vn -0.000000 0.050000 -0.086603
vn 0.000000 0.000000 -0.100000
vn 0.000000 0.000000 -0.100000
vn 0.000000 0.000000 -0.100000
vn 0.000000 0.000000 -0.100000
vn 0.000000 0.000000 -0.100000
vn 0.000000 0.000000 -0.100000
vn 0.000000 0.000000 -0.100000
vn 0.000000 0.000000 -0.100000
vn 0.000000 0.000000 -0.100000
vn 0.000000 0.000000 -0.100000
vn 0.000000 0.000000 -0.100000
vn 0.000000 0.000000 -0.100000
vn 0.000000 0.000000 -0.100000
vn 0.000000 0.000000 -0.100000
vn 0.000000 0.000000 -0.100000
vn 0.000000 0.000000 -0.100000
vn 0.000000 0.000000 -0.100000
vn 0.000000 0.000000 -0.100000
vn 0.000000 0.000000 -0.100000
vn 0.000000 0.000000 -0.100000
vn 0.000000 0.000000 -0.100000
vn 0.000000 0.000000 -0.100000
vn 0.000000 0.000000 -0.100000
vn 0.000000 0.000000 -0.100000
vn 0.000000 0.000000 -0.100000
vn 0.000000 0.000000 -0.100000
vn 0.000000 0.000000 -0.100000
vn 0.000000 0.000000 -0.100000
vn 0.000000 0.000000 -0.100000
vn 0.000000 0.000000 -0.100000
vn 0.000000 0.000000 -0.100000
vn 0.000000 0.000000 -0.100000
vn 0.000000 0.000000 -0.100000
vn 0.000000 0.000000 -0.100000
vn 0.000000 0.000000 -0.100000
vn 0.000000 0.000000 -0.100000
vn 0.000000 0.000000 -0.100000
vn 0.000000 0.000000 -0.100000
vn 0.000000 -0.100000 0.000000
vn 0.000000 -0.100000 0.000000
vn 0.000000 -0.092388 -0.038268
vn 0.000000 -0.092388 -0.038268
vn 0.000000 -0.070711 -0.070711
vn 0.000000 -0.070711 -0.070711
vn 0.000000 -0.038268 -0.092388
vn 0.000000 -0.038268 -0.092388
vn 0.000000 0.000000 -0.100000
vn 0.000000 0.000000 -0.100000
vn 0.000000 0.000000 -0.100000
vn 0.000000 0.000000 -0.100000
vn 0.000000 0.038268 -0.092388
vn 0.000000 0.038268 -0.092388
vn 0.000000 0.070711 -0.070711
vn 0.000000 0.070711 -0.070711
vn 0.000000 0.092388 -0.038268
vn 0.000000 0.092388 -0.038268
vn 0.000000 0.100000 0.000000
vn 0.000000 0.100000 0.000000
vn 0.070719 0.018213 -0.068316
vn 0.070735 0.023212 -0.066766
vn 0.070732 0.029328 -0.064318
vn 0.070802 0.045748 -0.053798
vn 0.070797 0.044470 -0.054865
vn 0.070772 0.053958 -0.045606
vn 0.070769 0.054920 -0.044447
vn 0.070789 0.063303 -0.031331
vn 0.070793 0.060229 -0.036889
vn 0.070787 0.067348 -0.021292
vn 0.070691 0.008796 -0.070181
vn 0.070706 0.003439 -0.070631
vn 0.070695 0.006399 -0.070436
vn 0.070711 -0.000000 -0.070711
vn 0.070709 0.002748 -0.070659
vn 0.070711 -0.000000 -0.070711
vn 0.070728 0.020485 -0.067660
vn 0.070745 0.036829 -0.060322
vn 0.070795 0.049931 -0.049950
vn 0.070788 0.068385 -0.017680
vn 0.070763 0.070411 -0.005910
vn 0.070764 0.070379 -0.006264
vn 0.070711 0.070711 -0.000000
vn 0.070785 0.069240 -0.013975
vn 0.070711 0.070711 -0.000000
vn 0.070786 0.063957 -0.029979
vn 0.100000 -0.000000 0.000000
vn 0.100000 -0.000000 0.000000
vn 0.100000 -0.000000 0.000000
vn 0.100000 -0.000000 0.000000
vn 0.100000 -0.000000 0.000000
vn 0.100000 -0.000000 0.000000
vn 0.100000 -0.000000 0.000000
vn 0.100000 -0.000000 0.000000
vn 0.100000 -0.000000 0.000000
vn 0.100000 -0.000000 0.000000
vn 0.100000 -0.000000 0.000000
vn 0.100000 -0.000000 0.000000
vn 0.100000 -0.000000 0.000000
vn 0.100000 -0.000000 0.000000
vn 0.100000 -0.000000 0.000000
vn 0.100000 -0.000000 0.000000
vn 0.100000 -0.000000 0.000000
vn 0.100000 -0.000000 0.000000
vn 0.100000 -0.000000 0.000000
vn 0.100000 -0.000000 0.000000
vn 0.100000 -0.000000 0.000000
vn 0.100000 -0.000000 0.000000
vn 0.100000 -0.000000 0.000000
vn 0.100000 -0.000000 0.000000
vn 0.100000 -0.000000 0.000000
vn 0.100000 -0.000000 0.000000
vn 0.100000 -0.000000 0.000000
vn 0.100000 -0.000000 0.000000
vn 0.100000 -0.000000 0.000000
vn 0.100000 -0.000000 0.000000
vn 0.100000 -0.000000 0.000000
vn 0.100000 -0.000000 0.000000
vn 0.100000 -0.000000 0.000000
vn 0.100000 -0.000000 0.000000
vn 0.100000 -0.000000 0.000000
vn 0.100000 -0.000000 0.000000
vn 0.100000 -0.000000 0.000000
vn 0.100000 -0.000000 0.000000
vn 0.100000 -0.000000 0.000000
vn 0.100000 -0.000000 0.000000
vn 0.100000 -0.000000 0.000000
vn 0.100000 -0.000000 0.000000
vn 0.100000 -0.000000 0.000000
vn 0.100000 -0.000000 0.000000
vn 0.100000 -0.000000 0.000000
vn 0.100000 -0.000000 0.000000
vn 0.100000 -0.000000 0.000000
vn 0.100000 -0.000000 0.000000
vn 0.100000 -0.000000 0.000000
vn 0.100000 -0.000000 0.000000
vn 0.100000 -0.000000 0.000000
vn 0.100000 -0.000000 0.000000
vn 0.100000 0.000000 0.000000
vn 0.100000 0.000000 0.000000
vn 0.100000 0.000000 0.000000
vn 0.100000 0.000000 0.000000
vn 0.100000 0.000000 0.000000
vn 0.100000 0.000000 0.000000
vn 0.100000 0.000000 0.000000
vn 0.100000 0.000000 0.000000
vn 0.100000 0.000000 0.000000
vn 0.100000 0.000000 0.000000
vn 0.100000 0.000000 0.000000
vn 0.100000 0.000000 0.000000
vn 0.100000 0.000000 0.000000
vn 0.100000 0.000000 0.000000
vn 0.100000 0.000000 0.000000
vn 0.100000 0.000000 0.000000
vn 0.100000 0.000000 0.000000
vn 0.100000 0.000000 0.000000
vn 0.100000 0.000000 0.000000
vn 0.000000 0.000000 -0.100000
vn 0.000000 0.000000 -0.100000
vn 0.000000 0.000000 -0.100000
vn 0.000000 0.000000 -0.100000
vn 0.000000 0.000000 -0.100000
vn 0.000000 0.000000 -0.100000
vn 0.100000 0.000000 0.000000
vn 0.100000 0.000000 0.000000
vn 0.100000 0.000000 0.000000
vn 0.100000 0.000000 0.000000
vn 0.100000 0.000000 0.000000
vn 0.100000 0.000000 0.000000
vn 0.100000 0.000000 0.000000
vn 0.100000 0.000000 0.000000
vn 0.100000 0.000000 0.000000
vn 0.100000 0.000000 0.000000
vn 0.100000 0.000000 0.000000
vn 0.100000 0.000000 0.000000
vn 0.100000 0.000000 0.000000
vn 0.100000 0.000000 0.000000
vn 0.000000 -0.100000 0.000000
vn 0.000000 -0.100000 0.000000
vn 0.000000 -0.100000 0.000000
vn 0.000000 -0.100000 0.000000
vn 0.000000 -0.070711 -0.070711
vn 0.000000 -0.070711 -0.070711
vn 0.000000 -0.070711 -0.070711
vn 0.000000 -0.070711 -0.070711
vn 0.000000 -0.000000 -0.100000
vn 0.000000 -0.000000 -0.100000
vn 0.000000 -0.000000 -0.100000
vn 0.000000 -0.000000 -0.100000
vn 0.000000 -0.100000 -0.000000
vn 0.000000 -0.100000 -0.000000
vn 0.000000 -0.100000 -0.000000
vn 0.000000 -0.100000 -0.000000
vn 0.000000 -0.062470 -0.078087
vn 0.000000 -0.062470 -0.078087
vn 0.000000 -0.062470 -0.078087
vn 0.000000 -0.062470 -0.078087
vn 0.000000 -0.000000 -0.100000
vn 0.000899 -0.038254 -0.092390
vn -0.000000 0.000000 -0.100000
vn 0.006140 -0.049622 -0.086603
vn -0.000000 0.000000 -0.100000
vn 0.011045 -0.048765 -0.086603
vn -0.000000 0.000000 -0.100000
vn 0.015841 -0.047424 -0.086603
vn -0.000000 0.000000 -0.100000
vn 0.020480 -0.045613 -0.086603
vn -0.000000 0.000000 -0.100000
vn 0.024915 -0.043350 -0.086603
vn -0.000000 0.000000 -0.100000
vn 0.029104 -0.040657 -0.086603
vn -0.000000 0.000000 -0.100000
vn 0.033004 -0.037560 -0.086603
vn -0.000000 0.000000 -0.100000
vn 0.036576 -0.034091 -0.086603
vn -0.000000 0.000000 -0.100000
vn 0.039786 -0.030284 -0.086603
vn 0.063353 -0.059045 -0.050000
vn 0.068911 -0.052453 -0.050000
vn 0.073156 -0.068177 -0.000000
vn 0.079572 -0.060567 -0.000000
vn 0.001680 -0.070686 -0.070715
vn 0.010655 -0.085945 -0.050000
vn 0.019148 -0.084459 -0.050000
vn 0.027452 -0.082136 -0.050000
vn 0.035484 -0.078999 -0.050000
vn 0.043164 -0.075079 -0.050000
vn 0.050416 -0.070415 -0.050000
vn 0.057168 -0.065052 -0.050000
vn 0.002211 -0.092360 -0.038272
vn 0.002400 -0.099971 -0.000000
vn 0.012326 -0.099237 -0.000000
vn 0.022131 -0.097520 -0.000000
vn 0.031716 -0.094837 -0.000000
vn 0.040987 -0.091215 -0.000000
vn 0.049851 -0.086688 -0.000000
vn 0.058222 -0.081303 -0.000000
vn 0.066016 -0.075112 -0.000000
vn 0.000000 0.000000 -0.100000
vn 0.000000 0.000000 -0.100000
vn 0.000000 0.000000 -0.100000
vn 0.000000 0.000000 -0.100000
vn 0.000000 0.000000 -0.100000
vn 0.000000 0.000000 -0.100000
vn 0.000000 0.000000 -0.100000
vn 0.000000 0.000000 -0.100000
vn 0.000000 0.000000 -0.100000
vn 0.000000 0.000000 -0.100000
vn 0.000000 0.000000 -0.100000
vn 0.000000 0.000000 -0.100000
vn 0.000000 0.000000 -0.100000
vn 0.000000 0.000000 -0.100000
vn 0.000000 0.000000 -0.100000
vn 0.000000 0.000000 -0.100000
vn 0.000000 0.000000 -0.100000
vn 0.000000 0.000000 -0.100000
vn 0.000000 -0.070711 -0.070711
vn 0.000000 -0.070711 -0.070711
vn 0.000000 -0.070711 -0.070711
vn 0.000000 -0.070711 -0.070711
vn 0.000000 -0.100000 0.000000
vn 0.000000 -0.100000 0.000000
vn 0.000000 -0.100000 0.000000
vn 0.000000 -0.100000 0.000000
vn 0.000000 0.000000 0.100000
vn 0.000000 0.000000 0.100000
vn 0.000000 0.000000 0.100000
vn 0.000000 0.000000 0.100000
vn 0.000000 0.000000 0.100000
vn 0.000000 0.000000 0.100000
vn 0.000000 0.000000 0.100000
vn 0.000000 0.000000 0.100000
vn 0.000000 0.000000 0.100000
vn 0.000000 0.000000 0.100000
vn 0.000000 0.000000 0.100000
vn 0.000000 0.000000 0.100000
vn 0.000000 0.000000 0.100000
vn 0.000000 0.000000 0.100000
vn 0.000000 0.000000 0.100000
vn 0.000000 0.000000 0.100000
vn 0.000000 0.000000 0.100000
vn 0.000000 0.000000 0.100000
vn 0.000000 0.000000 0.100000
vn 0.000000 0.000000 0.100000
vn 0.000000 0.000000 0.100000
vn 0.000000 0.000000 0.100000
vn 0.000000 0.000000 0.100000
vn 0.000000 0.000000 0.100000
vn 0.000000 0.000000 0.100000
vn 0.000000 0.000000 0.100000
vn 0.000000 0.000000 0.100000
vn 0.000000 0.000000 0.100000
vn 0.000000 0.000000 0.100000
vn 0.000000 0.000000 0.100000
vn 0.000000 0.000000 0.100000
vn 0.000000 0.000000 0.100000
vn 0.000000 0.000000 0.100000
vn 0.000000 0.000000 0.100000
vn 0.000000 0.000000 0.100000
vn 0.000000 0.000000 0.100000
vn 0.000000 0.000000 0.100000
vn 0.000000 0.000000 0.100000
vn 0.000000 0.000000 0.100000
vn 0.000000 0.000000 0.100000
vn 0.000000 0.000000 0.100000
vn 0.000000 0.000000 0.100000
vn 0.000000 0.000000 0.100000
vn 0.000000 0.000000 0.100000
vn 0.000000 0.000000 0.100000
vn 0.000000 0.000000 0.100000
vn 0.000000 0.000000 0.100000
vn 0.000000 0.000000 0.100000
vn 0.000000 0.000000 0.100000
vn 0.000000 0.000000 0.100000
vn 0.000000 0.000000 0.100000
vn 0.000000 0.000000 0.100000
vn 0.000000 0.000000 0.100000
vn 0.000000 0.000000 0.100000
vn 0.000000 0.000000 0.100000
vn 0.000000 0.000000 0.100000
vn 0.000000 0.000000 0.100000
vn 0.000000 0.000000 0.100000
vn 0.000000 0.000000 0.100000
vn 0.000000 0.034855 0.093729
vn 0.000000 0.038268 0.092388
vn 0.000000 0.067128 0.074120
vn 0.000000 0.070711 0.070711
vn 0.000000 0.080185 0.059753
vn 0.000000 0.092388 0.038268
vn 0.000000 0.090843 0.041804
vn 0.000000 0.097704 0.021305
vn 0.000000 0.100000 0.000000
vn 0.000000 0.100000 0.000000
vn 0.000000 -0.100000 -0.000000
vn 0.000000 -0.100000 -0.000000
vn 0.000000 -0.097704 0.021305
vn 0.000000 -0.092388 0.038268
vn 0.000000 -0.090843 0.041804
vn 0.000000 -0.080185 0.059753
vn 0.000000 -0.070711 0.070711
vn 0.000000 -0.067128 0.074120
vn 0.000000 -0.038268 0.092388
vn 0.000000 -0.034855 0.093729
vn 0.000000 0.000000 0.100000
vn 0.000000 0.000000 0.100000
vn 0.000000 -0.100000 0.000000
vn 0.000000 -0.100000 0.000000
vn 0.000000 0.000000 0.100000
vn 0.000000 0.000000 0.100000
vn 0.000000 -0.007333 0.099731
vn 0.000000 -0.008803 0.099612
vn 0.000000 -0.026026 0.096554
vn 0.000000 -0.029425 0.095573
vn 0.000000 -0.048707 0.087336
vn 0.000000 -0.051996 0.085419
vn 0.000000 -0.067769 0.073535
vn 0.000000 -0.070719 0.070702
vn 0.000000 -0.082429 0.056617
vn 0.000000 -0.085397 0.052032
vn 0.000000 -0.092747 0.037390
vn 0.000000 -0.095578 0.029407
vn 0.000000 -0.098984 0.014222
vn 0.000000 -0.099614 0.008778
vn 0.000000 0.000000 0.100000
vn 0.000000 0.000000 0.100000
vn 0.000000 0.000000 0.100000
vn 0.000000 0.000000 0.100000
vn 0.000000 0.000000 0.100000
vn 0.000000 0.000000 0.100000
vn 0.000000 0.000000 0.100000
vn 0.000000 0.000000 0.100000
vn 0.000000 0.000000 0.100000
vn -0.000000 0.100000 -0.000000
vn 0.000000 0.099612 0.008803
vn -0.000000 0.100000 -0.000000
vn 0.000000 0.098002 0.019890
vn 0.000000 0.095573 0.029425
vn 0.000000 0.095421 0.029912
vn 0.000000 0.090255 0.043058
vn 0.000000 0.085419 0.051996
vn 0.000000 0.082091 0.057105
vn 0.000000 0.070702 0.070719
vn 0.000000 0.071809 0.069595
vn 0.000000 0.060059 0.079955
vn 0.000000 0.052032 0.085397
vn 0.000000 0.046736 0.088407
vn 0.000000 0.029407 0.095578
vn 0.000000 0.033597 0.094187
vn 0.000000 0.022606 0.097411
vn 0.000000 0.008778 0.099614
vn 0.000000 0.007157 0.099744
vn 0.000000 -0.100000 0.000000
vn -0.007208 -0.099740 0.000000
vn 0.000000 -0.100000 0.000000
vn -0.008777 -0.099614 0.000000
vn -0.015825 -0.098740 0.000000
vn -0.018373 -0.098298 0.000000
vn -0.026473 -0.096432 0.000000
vn -0.029407 -0.095578 0.000000
vn -0.038249 -0.092396 0.000000
vn -0.041132 -0.091149 0.000000
vn -0.049234 -0.087040 0.000000
vn -0.052031 -0.085398 0.000000
vn -0.059119 -0.080653 0.000000
vn -0.061965 -0.078488 0.000000
vn -0.068110 -0.073219 0.000000
vn -0.070701 -0.070720 0.000000
vn -0.076538 -0.064358 0.000000
vn -0.078488 -0.061965 0.000000
vn -0.084607 -0.053307 0.000000
vn -0.085420 -0.051994 0.000000
vn -0.088297 -0.046942 0.000000
vn -0.091162 -0.041103 0.000000
vn -0.091569 -0.040188 0.000000
vn -0.094256 -0.033405 0.000000
vn -0.095568 -0.029440 0.000000
vn -0.096285 -0.027002 0.000000
vn -0.098287 -0.018428 0.000000
vn -0.098721 -0.015941 0.000000
vn -0.099613 -0.008784 0.000000
vn -0.099737 -0.007254 0.000000
vn 0.000000 0.100000 0.000000
vn 0.000000 0.100000 0.000000
vn 0.000000 0.100000 0.000000
vn 0.000000 0.100000 0.000000
vn -0.099740 0.007208 -0.000000
vn -0.099614 0.008777 -0.000000
vn -0.098740 0.015825 -0.000000
vn -0.098298 0.018373 -0.000000
vn -0.096432 0.026473 -0.000000
vn -0.095578 0.029407 -0.000000
vn -0.092396 0.038249 -0.000000
vn -0.091149 0.041132 -0.000000
vn -0.087040 0.049234 -0.000000
vn -0.085398 0.052031 -0.000000
vn -0.080653 0.059119 -0.000000
vn -0.078488 0.061965 -0.000000
vn -0.073219 0.068110 -0.000000
vn -0.070720 0.070701 -0.000000
vn -0.064358 0.076538 -0.000000
vn -0.061965 0.078488 -0.000000
vn -0.053307 0.084607 -0.000000
vn -0.051994 0.085420 -0.000000
vn -0.046942 0.088297 -0.000000
vn -0.041103 0.091162 -0.000000
vn -0.040188 0.091569 -0.000000
vn -0.033405 0.094256 -0.000000
vn -0.029440 0.095568 -0.000000
vn -0.027002 0.096285 -0.000000
vn -0.018428 0.098287 -0.000000
vn -0.015941 0.098721 -0.000000
vn -0.008784 0.099613 -0.000000
vn -0.007254 0.099737 -0.000000
vn -0.005137 0.070523 0.070711
vn 0.000000 0.070711 0.070711
vn -0.004689 0.070554 0.070712
vn 0.000000 0.070711 0.070711
vn -0.005147 0.070523 0.070711
vn -0.010207 0.069969 0.070711
vn -0.011220 0.069814 0.070712
vn -0.017482 0.068516 0.070710
vn -0.019105 0.068082 0.070710
vn -0.023608 0.066653 0.070711
vn -0.026092 0.065720 0.070711
vn -0.028415 0.064749 0.070711
vn -0.030748 0.063675 0.070710
vn -0.033178 0.062445 0.070710
vn -0.035139 0.061362 0.070710
vn -0.037710 0.059815 0.070712
vn -0.043119 0.056043 0.070710
vn -0.045511 0.054119 0.070709
vn -0.049514 0.050482 0.070710
vn -0.051747 0.048190 0.070710
vn -0.054888 0.044579 0.070711
vn -0.057056 0.041770 0.070710
vn -0.059468 0.038259 0.070709
vn -0.061540 0.034827 0.070711
vn -0.063460 0.031190 0.070711
vn -0.065353 0.026999 0.070711
vn -0.066715 0.023433 0.070710
vn -0.068173 0.018779 0.070709
vn -0.068922 0.015803 0.070711
vn -0.069827 0.011141 0.070711
vn -0.070150 0.008891 0.070710
vn -0.070523 0.005138 0.070712
vn -0.070603 0.003824 0.070715
vn -0.070700 0.000818 0.070717
vn -0.070523 0.005127 0.070712
vn -0.070711 0.000000 0.070711
vn -0.070711 0.000000 0.070711
vn -0.069826 0.011145 0.070711
vn -0.068174 0.018777 0.070709
vn -0.065354 0.026998 0.070711
vn -0.061540 0.034826 0.070711
vn -0.057056 0.041770 0.070710
vn -0.051747 0.048191 0.070710
vn -0.045512 0.054118 0.070709
vn -0.037710 0.059815 0.070712
vn -0.028416 0.064749 0.070711
vn -0.023609 0.066653 0.070711
vn -0.019103 0.068082 0.070710
vn -0.011223 0.069813 0.070712
vn -0.070711 0.000000 0.070711
vn -0.070711 0.000000 0.070711
vn -0.070711 0.070711 0.000000
vn -0.070711 0.070711 0.000000
vn -0.070711 0.067250 0.021851
vn -0.070711 0.065328 0.027060
vn -0.070711 0.057206 0.041563
vn -0.070711 0.050000 0.050000
vn -0.070711 0.041563 0.057206
vn -0.070711 0.027060 0.065328
vn -0.070711 0.021851 0.067250
vn -0.070711 0.070711 0.000000
vn -0.070711 0.070711 0.000000
vn -0.070711 0.000000 0.070711
vn -0.070711 -0.000000 0.070711
vn -0.070714 0.002900 0.070648
vn -0.070723 0.005073 0.070516
vn -0.070705 0.011091 0.069841
vn -0.070710 0.011067 0.069839
vn -0.070727 0.023671 0.066614
vn -0.070717 0.020930 0.067535
vn -0.070713 0.036844 0.060350
vn -0.070712 0.006314 0.070427
vn -0.070709 0.050091 0.049911
vn -0.070725 0.049019 0.050942
vn -0.070728 0.037767 0.059760
vn -0.070710 0.024672 0.066268
vn -0.070716 0.057272 0.041462
vn -0.070704 0.060345 0.036870
vn -0.070728 0.063808 0.030431
vn -0.070701 0.067616 0.020720
vn -0.070682 0.068378 0.018124
vn -0.070728 0.070399 0.006443
vn -0.070758 0.070658 0.000820
vn -0.070711 0.070711 0.000000
vn -0.070702 0.069462 0.013276
vn -0.070724 0.065762 0.025951
vn -0.070703 0.059289 0.038547
vn -0.070708 0.050984 0.049000
vn -0.070712 0.039570 0.058601
vn -0.070711 0.000000 0.070711
vn -0.070711 0.000000 0.070711
vn -0.070706 -0.070530 0.005110
vn -0.070711 -0.070711 0.000000
vn -0.070708 -0.070556 0.004726
vn -0.070711 -0.070711 0.000000
vn -0.070704 -0.070449 0.006153
vn -0.070709 -0.068433 0.017807
vn -0.070706 -0.067445 0.021254
vn -0.070705 -0.061429 0.035032
vn -0.070706 -0.060381 0.036806
vn -0.070709 -0.050503 0.049495
vn -0.070710 -0.050035 0.049966
vn -0.070697 -0.038319 0.059444
vn -0.070698 -0.036963 0.060295
vn -0.070718 -0.023469 0.066695
vn -0.070713 -0.020829 0.067570
vn -0.070702 -0.009020 0.070142
vn -0.070712 -0.006385 0.070420
vn -0.070721 -0.000795 0.070696
vn -0.070711 0.000000 0.070711
vn -0.070717 -0.005150 0.070516
vn -0.070707 -0.018781 0.068174
vn -0.070702 -0.034853 0.061535
vn -0.070711 -0.048165 0.051769
vn -0.070706 -0.059802 0.037741
vn -0.070708 -0.067957 0.019549
vn -0.070711 -0.070711 0.000000
vn -0.070711 -0.070711 0.000000
vn -0.070711 0.000000 0.070711
vn -0.070711 0.000000 0.070711
vn -0.070711 -0.021851 0.067250
vn -0.070711 -0.027060 0.065328
vn -0.070711 -0.041563 0.057206
vn -0.070711 -0.050000 0.050000
vn -0.070711 -0.057206 0.041563
vn -0.070711 -0.065328 0.027060
vn -0.070711 -0.067250 0.021851
vn -0.070711 0.000000 0.070711
vn -0.070711 0.000000 0.070711
vn -0.070523 -0.005137 0.070711
vn -0.070554 -0.004689 0.070712
vn -0.070523 -0.005147 0.070711
vn -0.069969 -0.010207 0.070711
vn -0.069814 -0.011220 0.070712
vn -0.068516 -0.017482 0.070710
vn -0.068082 -0.019105 0.070710
vn -0.066653 -0.023608 0.070711
vn -0.065720 -0.026092 0.070711
vn -0.064749 -0.028415 0.070711
vn -0.063675 -0.030748 0.070710
vn -0.062445 -0.033178 0.070710
vn -0.061362 -0.035139 0.070710
vn -0.059815 -0.037710 0.070712
vn -0.056043 -0.043119 0.070710
vn -0.054119 -0.045511 0.070709
vn -0.050482 -0.049514 0.070710
vn -0.048190 -0.051747 0.070710
vn -0.044579 -0.054888 0.070711
vn -0.041770 -0.057056 0.070710
vn -0.038259 -0.059468 0.070709
vn -0.034827 -0.061540 0.070711
vn -0.031190 -0.063460 0.070711
vn -0.026999 -0.065353 0.070711
vn -0.023433 -0.066715 0.070710
vn -0.018779 -0.068173 0.070709
vn -0.015803 -0.068922 0.070711
vn -0.011141 -0.069827 0.070711
vn -0.008891 -0.070150 0.070710
vn -0.005138 -0.070523 0.070712
vn -0.003824 -0.070603 0.070715
vn -0.000818 -0.070700 0.070717
vn -0.005127 -0.070523 0.070712
vn 0.000000 -0.070711 0.070711
vn 0.000000 -0.070711 0.070711
vn -0.011145 -0.069826 0.070711
vn -0.018777 -0.068174 0.070709
vn -0.026998 -0.065354 0.070711
vn -0.034826 -0.061540 0.070711
vn -0.041770 -0.057056 0.070710
vn -0.048191 -0.051747 0.070710
vn -0.054118 -0.045512 0.070709
vn -0.059815 -0.037710 0.070712
vn -0.064749 -0.028416 0.070711
vn -0.066653 -0.023609 0.070711
vn -0.068082 -0.019103 0.070710
vn -0.069813 -0.011223 0.070712
vn 0.000000 0.070711 -0.070711
vn -0.000000 0.070711 -0.070711
vn 0.000823 0.070699 -0.070717
vn 0.005123 0.070524 -0.070712
vn 0.003809 0.070604 -0.070715
vn 0.008885 0.070151 -0.070710
vn 0.005121 0.070524 -0.070712
vn 0.011147 0.069826 -0.070711
vn 0.015793 0.068924 -0.070711
vn 0.018776 0.068174 -0.070709
vn 0.023423 0.066719 -0.070710
vn 0.026998 0.065354 -0.070711
vn 0.031184 0.063463 -0.070711
vn 0.034826 0.061540 -0.070711
vn 0.038252 0.059472 -0.070709
vn 0.041770 0.057056 -0.070710
vn 0.044574 0.054892 -0.070711
vn 0.048191 0.051746 -0.070710
vn 0.050478 0.049518 -0.070710
vn 0.054117 0.045513 -0.070709
vn 0.056040 0.043123 -0.070710
vn 0.059815 0.037710 -0.070712
vn 0.061359 0.035144 -0.070710
vn 0.064749 0.028416 -0.070711
vn 0.063673 0.030753 -0.070710
vn 0.065718 0.026096 -0.070711
vn 0.064744 0.028428 -0.070711
vn 0.066653 0.023609 -0.070711
vn 0.011151 0.069825 -0.070711
vn 0.018795 0.068169 -0.070709
vn 0.026997 0.065354 -0.070711
vn 0.034818 0.061545 -0.070711
vn 0.041769 0.057057 -0.070710
vn 0.048208 0.051731 -0.070710
vn 0.054121 0.045509 -0.070709
vn 0.059820 0.037703 -0.070712
vn 0.068516 0.017482 -0.070710
vn 0.068078 0.019117 -0.070710
vn 0.069810 0.011240 -0.070712
vn 0.069969 0.010211 -0.070711
vn 0.070524 0.005131 -0.070711
vn 0.070554 0.004680 -0.070712
vn 0.070711 -0.000000 -0.070711
vn 0.070711 0.000000 -0.070711
vn 0.070524 0.005131 -0.070711
vn 0.069813 0.011225 -0.070712
vn 0.068083 0.019102 -0.070710
vn 0.066653 0.023609 -0.070711
vn 0.070711 -0.000000 -0.070711
vn 0.070711 -0.000000 -0.070711
vn 0.070711 0.070711 -0.000000
vn 0.070711 0.070711 0.000000
vn 0.070711 0.067250 -0.021851
vn 0.070711 0.067250 -0.021851
vn 0.070711 0.057206 -0.041563
vn 0.070711 0.057206 -0.041563
vn 0.070711 0.041563 -0.057206
vn 0.070711 0.041563 -0.057206
vn 0.070711 0.021851 -0.067250
vn 0.070711 0.021851 -0.067250
vn 0.070711 0.070711 0.000000
vn 0.070711 -0.000000 -0.070711
vn 0.070711 -0.000000 -0.070711
vn 0.070711 -0.000000 -0.070711
vn 0.070700 -0.011153 -0.069836
vn 0.070724 -0.011140 -0.069814
vn 0.070716 -0.006244 -0.070429
vn 0.070738 -0.023561 -0.066641
vn 0.070719 -0.027174 -0.065272
vn 0.070723 -0.037893 -0.059686
vn 0.070710 -0.040908 -0.057677
vn 0.070714 -0.048872 -0.051099
vn 0.070716 -0.056769 -0.042149
vn 0.070731 -0.057166 -0.041583
vn 0.070716 -0.064091 -0.029858
vn 0.070699 -0.068309 -0.018320
vn 0.070689 -0.069102 -0.015103
vn 0.070791 -0.070624 -0.000925
vn 0.070711 -0.070711 0.000000
vn 0.070711 -0.070711 0.000000
vn 0.070744 -0.070400 -0.006248
vn 0.070668 -0.067575 -0.020968
vn 0.070731 -0.060436 -0.036669
vn 0.070706 -0.049953 -0.050054
vn 0.070700 -0.036957 -0.060296
vn 0.070721 -0.020896 -0.067542
vn 0.070711 -0.070711 0.000000
vn 0.070711 -0.070711 0.000000
vn 0.070711 -0.070711 0.000000
vn 0.070711 0.000000 -0.070711
vn 0.070711 0.000000 -0.070711
vn 0.070711 -0.021851 -0.067250
vn 0.070711 -0.021851 -0.067250
vn 0.070711 -0.041563 -0.057206
vn 0.070711 -0.041563 -0.057206
vn 0.070711 -0.057206 -0.041563
vn 0.070711 -0.057206 -0.041563
vn 0.070711 -0.067250 -0.021851
vn 0.070711 -0.067250 -0.021851
vn 0.070711 -0.000000 -0.070711
vn 0.070711 -0.000000 -0.070711
vn -0.000000 -0.070711 -0.070711
vn 0.000000 -0.070711 -0.070711
vn 0.004680 -0.070554 -0.070712
vn 0.005131 -0.070524 -0.070711
vn 0.010211 -0.069969 -0.070711
vn 0.011225 -0.069813 -0.070712
vn 0.017482 -0.068516 -0.070710
vn 0.019102 -0.068083 -0.070710
vn 0.023609 -0.066653 -0.070711
vn 0.026096 -0.065718 -0.070711
vn 0.028416 -0.064749 -0.070711
vn 0.030753 -0.063673 -0.070710
vn 0.035144 -0.061359 -0.070710
vn 0.028428 -0.064744 -0.070711
vn 0.037703 -0.059820 -0.070712
vn 0.043123 -0.056040 -0.070710
vn 0.045509 -0.054121 -0.070709
vn 0.049518 -0.050478 -0.070710
vn 0.051731 -0.048208 -0.070710
vn 0.054892 -0.044574 -0.070711
vn 0.057057 -0.041769 -0.070710
vn 0.059472 -0.038252 -0.070709
vn 0.061545 -0.034818 -0.070711
vn 0.063463 -0.031184 -0.070711
vn 0.065354 -0.026997 -0.070711
vn 0.066719 -0.023423 -0.070710
vn 0.068169 -0.018795 -0.070709
vn 0.068924 -0.015793 -0.070711
vn 0.069825 -0.011151 -0.070711
vn 0.070151 -0.008885 -0.070710
vn 0.070524 -0.005123 -0.070712
vn 0.070604 -0.003809 -0.070715
vn 0.070699 -0.000823 -0.070717
vn 0.070524 -0.005121 -0.070712
vn 0.070711 0.000000 -0.070711
vn 0.037710 -0.059815 -0.070712
vn 0.045513 -0.054117 -0.070709
vn 0.051746 -0.048191 -0.070710
vn 0.057056 -0.041770 -0.070710
vn 0.061540 -0.034826 -0.070711
vn 0.065354 -0.026998 -0.070711
vn 0.068174 -0.018776 -0.070709
vn 0.069826 -0.011147 -0.070711
vn 0.070711 0.000000 -0.070711
vn 0.023609 -0.066653 -0.070711
vn 0.019117 -0.068078 -0.070710
vn 0.011240 -0.069810 -0.070712
vn 0.005131 -0.070524 -0.070711
vn 0.002423 -0.099971 0.000000
vn 0.007234 -0.099738 0.000000
vn 0.008757 -0.099616 0.000000
vn 0.015919 -0.098725 0.000000
vn 0.018395 -0.098293 0.000000
vn 0.027039 -0.096275 0.000000
vn 0.029464 -0.095561 0.000000
vn 0.033429 -0.094247 0.000000
vn 0.041090 -0.091168 0.000000
vn 0.040194 -0.091567 0.000000
vn 0.051986 -0.085425 0.000000
vn 0.053292 -0.084616 0.000000
vn 0.061988 -0.078470 0.000000
vn 0.064378 -0.076521 0.000000
vn 0.070722 -0.070699 0.000000
vn 0.073191 -0.068140 0.000000
vn 0.078475 -0.061981 0.000000
vn 0.080650 -0.059124 0.000000
vn 0.085408 -0.052015 0.000000
vn 0.087061 -0.049197 0.000000
vn 0.091154 -0.041121 0.000000
vn 0.092395 -0.038252 0.000000
vn 0.095566 -0.029448 0.000000
vn 0.096416 -0.026533 0.000000
vn 0.098301 -0.018357 0.000000
vn 0.098743 -0.015803 0.000000
vn 0.099616 -0.008751 0.000000
vn 0.099741 -0.007189 0.000000
vn 0.099970 -0.002440 0.000000
vn 0.000000 0.100000 0.000000
vn 0.002440 0.099970 0.000000
vn 0.000000 0.100000 0.000000
vn 0.007189 0.099741 0.000000
vn 0.008751 0.099616 0.000000
vn 0.015803 0.098743 0.000000
vn 0.018357 0.098301 0.000000
vn 0.026533 0.096416 0.000000
vn 0.029448 0.095566 0.000000
vn 0.038252 0.092395 0.000000
vn 0.041121 0.091154 0.000000
vn 0.049197 0.087061 0.000000
vn 0.052015 0.085408 0.000000
vn 0.059124 0.080650 0.000000
vn 0.061981 0.078475 0.000000
vn 0.068140 0.073191 0.000000
vn 0.070699 0.070722 0.000000
vn 0.076521 0.064378 0.000000
vn 0.078470 0.061988 0.000000
vn 0.084616 0.053292 0.000000
vn 0.085425 0.051986 0.000000
vn 0.091567 0.040194 0.000000
vn 0.091168 0.041090 0.000000
vn 0.094247 0.033429 0.000000
vn 0.095561 0.029464 0.000000
vn 0.096275 0.027039 0.000000
vn 0.098293 0.018395 0.000000
vn 0.098725 0.015919 0.000000
vn 0.099616 0.008757 0.000000
vn 0.099738 0.007234 0.000000
vn 0.099971 0.002423 0.000000
vn 0.000000 -0.100000 0.000000
vn 0.000000 -0.100000 0.000000
vn 0.000000 -0.100000 0.000000
vn 0.000000 -0.100000 0.000000
vn 0.000000 -0.099787 -0.006520
vn 0.000000 -0.099629 -0.008607
vn 0.000000 -0.096922 -0.024618
vn 0.000000 -0.095519 -0.029600
vn 0.000000 -0.089719 -0.044164
vn 0.000000 -0.085451 -0.051944
vn 0.000000 -0.080740 -0.059000
vn 0.000000 -0.070633 -0.070788
vn 0.000000 -0.060722 -0.079453
vn 0.000000 -0.052033 -0.085397
vn 0.000000 -0.045170 -0.089217
vn 0.000000 -0.029297 -0.095612
vn 0.000000 -0.029078 -0.095679
vn 0.000000 -0.008990 -0.099595
vn 0.000000 -0.002694 -0.099964
vn 0.000000 0.000000 -0.100000
vn 0.000000 0.000000 -0.100000
vn 0.000000 0.000000 -0.100000
vn 0.000000 0.000000 -0.100000
vn 0.000000 0.000000 -0.100000
vn 0.000000 0.000000 -0.100000
vn 0.000000 0.000000 -0.100000
vn 0.000000 0.000000 -0.100000
vn 0.000000 0.000000 -0.100000
vn 0.000000 0.000000 -0.100000
vn 0.000000 0.000000 -0.100000
vn 0.000000 0.008607 -0.099629
vn 0.000000 0.008115 -0.099670
vn 0.000000 0.029600 -0.095519
vn 0.000000 0.030730 -0.095161
vn 0.000000 0.051944 -0.085451
vn 0.000000 0.061539 -0.078822
vn 0.000000 0.070788 -0.070633
vn 0.000000 0.080349 -0.059532
vn 0.000000 0.085397 -0.052033
vn 0.000000 0.090284 -0.042998
vn 0.000000 0.095612 -0.029297
vn 0.000000 0.097175 -0.023602
vn 0.000000 0.099595 -0.008990
vn 0.000000 0.099774 -0.006719
vn 0.000000 0.100000 0.000000
vn 0.000000 0.100000 0.000000
vn -0.000000 0.100000 -0.000000
vn -0.000000 0.100000 -0.000000
vn -0.000000 0.095106 -0.030902
vn -0.000000 0.094754 -0.031964
vn -0.000000 0.080902 -0.058779
vn -0.000000 0.079928 -0.060096
vn -0.000000 0.063151 -0.077537
vn -0.000000 0.058779 -0.080902
vn -0.000000 0.043398 -0.090092
vn -0.000000 0.030902 -0.095106
vn -0.000000 0.021624 -0.097634
vn 0.000000 0.000000 -0.100000
vn 0.000000 0.000000 -0.100000
vn 0.000000 -0.097993 -0.019935
vn 0.000000 -0.095106 -0.030902
vn 0.000000 -0.091956 -0.039296
vn 0.000000 -0.080902 -0.058779
vn 0.000000 -0.081031 -0.058600
vn 0.000000 -0.067126 -0.074122
vn 0.000000 -0.058779 -0.080902
vn 0.000000 -0.051835 -0.085517
vn 0.000000 -0.030902 -0.095106
vn 0.000000 -0.034825 -0.093740
vn 0.000000 -0.017229 -0.098505
vn 0.032935 0.094421 0.000000
vn 0.025312 0.096409 -0.008044
vn -0.000010 0.100000 -0.000000
vn 0.026064 0.095744 -0.012400
vn 0.000305 0.094738 -0.032008
vn 0.027050 0.094816 -0.016683
vn 0.029469 0.092221 -0.025037
vn 0.065902 0.074888 -0.006977
vn 0.067204 0.073349 -0.010171
vn 0.084017 0.054231 0.000151
vn 0.068529 0.071705 -0.012735
vn 0.083030 0.055731 -0.000170
vn 0.070762 0.068852 -0.015880
vn 0.072798 0.066224 -0.017742
vn 0.042671 0.075791 -0.049345
vn 0.048080 0.068768 -0.054399
vn 0.011731 0.059712 -0.079353
vn 0.019357 0.049927 -0.084455
vn 0.009604 0.044854 -0.088859
vn 0.012009 0.041844 -0.090027
vn 0.000350 0.042892 -0.090334
vn -0.000177 0.021983 -0.097554
vn 0.021620 0.047096 -0.085525
vn 0.039837 0.030322 -0.086566
vn 0.054525 0.060576 -0.057945
vn 0.069031 0.052544 -0.049737
vn 0.076319 0.061802 -0.018866
vn 0.080444 0.059400 -0.000565
vn 0.081807 0.057510 -0.000462
vn 0.075959 0.062227 -0.018920
vn 0.074567 0.063953 -0.018702
vn 0.053070 0.062383 -0.057376
vn 0.064871 0.076025 -0.003456
vn 0.061659 0.078728 0.000000
vn 0.084087 0.054124 0.000000
vn 0.065328 0.075529 -0.005262
vn 0.079571 0.060567 -0.000344
vn 0.001519 0.055216 -0.083360
vn 0.000134 0.063100 -0.077578
vn 0.003735 0.070112 -0.071206
vn -0.000045 0.080115 -0.059846
vn 0.037268 0.082693 -0.042106
vn 0.032166 0.089035 -0.032220
vn 0.039643 -0.030174 -0.086706
vn 0.000402 -0.017505 -0.098455
vn 0.010675 -0.036567 -0.092460
vn 0.000558 -0.035166 -0.093611
vn 0.007094 -0.041623 -0.090649
vn 0.003456 -0.046808 -0.088301
vn 0.030704 -0.053643 -0.078611
vn 0.027640 -0.058016 -0.076617
vn 0.048015 -0.060093 -0.063902
vn 0.045610 -0.063527 -0.062322
vn 0.065074 -0.063383 -0.041808
vn 0.063627 -0.065450 -0.040839
vn 0.076604 -0.061846 -0.017518
vn 0.076191 -0.062441 -0.017206
vn 0.081424 -0.058051 0.000490
vn 0.075298 -0.063744 -0.016339
vn 0.082824 -0.056038 -0.000055
vn 0.074266 -0.065277 -0.014952
vn 0.073146 -0.066957 -0.012898
vn 0.057863 -0.073911 -0.034482
vn 0.054971 -0.078248 -0.029248
vn 0.036280 -0.077215 -0.052169
vn 0.031770 -0.083973 -0.044036
vn 0.015865 -0.075285 -0.063879
vn 0.010274 -0.083662 -0.053806
vn 0.000044 -0.081030 -0.058602
vn 0.005198 -0.091342 -0.040369
vn -0.000283 -0.091944 -0.039322
vn 0.001437 -0.097045 -0.024088
vn -0.000434 -0.097996 -0.019917
vn -0.000495 -0.099999 -0.000000
vn 0.024564 -0.094890 -0.019810
vn 0.032583 -0.094543 0.000000
vn 0.050226 -0.085445 -0.013282
vn 0.061819 -0.078603 -0.000000
vn 0.071106 -0.070054 -0.006031
vn 0.084028 -0.054216 0.000005
vn 0.083746 -0.054649 0.000148
vn 0.072019 -0.068666 -0.009913
vn 0.052274 -0.082331 -0.022112
vn 0.027644 -0.090216 -0.033121
vn 0.069008 -0.052527 -0.049788
vn 0.050342 -0.056793 -0.065117
vn 0.033689 -0.049407 -0.080149
vn 0.079572 -0.060567 -0.000111
vn 0.076981 -0.061307 -0.017761
vn 0.066456 -0.061424 -0.042552
vn 0.084087 -0.054124 -0.000000
vn 0.000322 -0.067182 -0.074070
vn 0.021774 -0.066528 -0.071414
vn 0.040980 -0.070247 -0.058189
vn 0.060797 -0.069560 -0.038276
vn 0.000450 -0.052075 -0.085369
vn 0.032685 -0.094508 0.000000
vn 0.047894 -0.087785 0.000000
vn 0.000001 -0.100000 0.000000
vn 0.032684 -0.094508 0.000000
vn 0.061779 -0.078634 0.000000
vn 0.084087 -0.054124 0.000000
vn 0.061779 -0.078635 0.000000
vn 0.084087 -0.054124 0.000000
vn 0.032551 -0.094554 -0.000000
vn 0.023322 -0.097234 -0.001278
vn -0.000465 -0.099999 -0.000000
vn 0.000013 -0.099987 -0.001582
vn -0.000416 -0.099784 -0.006558
vn 0.026037 -0.095128 -0.016513
vn 0.049337 -0.086978 -0.000837
vn 0.051502 -0.085010 -0.010994
vn 0.070650 -0.070770 -0.000380
vn 0.072130 -0.069094 -0.004832
vn 0.083784 -0.054591 -0.000065
vn 0.084374 -0.053676 -0.000030
vn 0.061827 -0.078596 -0.000000
vn 0.084079 -0.054136 -0.000000
vn 0.074125 -0.066698 -0.007537
vn 0.084748 -0.053083 -0.000035
vn 0.075285 -0.065052 -0.010022
vn 0.085178 -0.052390 -0.000081
vn 0.076005 -0.063931 -0.011669
vn 0.086250 -0.050605 -0.000117
vn 0.076687 -0.062934 -0.012588
vn 0.079093 -0.059436 -0.014552
vn 0.063877 -0.068770 -0.034502
vn 0.068142 -0.061868 -0.039103
vn 0.049061 -0.063714 -0.059443
vn 0.055339 -0.053274 -0.064028
vn 0.037388 -0.049235 -0.078601
vn 0.043347 -0.038508 -0.081475
vn 0.019111 -0.028739 -0.093855
vn 0.024938 -0.017693 -0.095211
vn -0.000022 -0.002103 -0.099978
vn 0.026927 -0.013471 -0.095360
vn 0.045382 -0.020542 -0.086709
vn 0.050572 -0.024289 -0.082780
vn 0.066743 -0.031615 -0.067423
vn 0.065042 -0.035249 -0.067283
vn 0.079799 -0.040942 -0.044225
vn 0.076370 -0.047546 -0.043669
vn 0.086051 -0.047386 -0.018705
vn 0.083972 -0.051217 -0.018043
vn 0.088468 -0.046620 -0.000136
vn 0.087321 -0.048734 -0.000282
vn 0.081431 -0.055580 -0.016731
vn 0.089564 -0.044479 -0.000127
vn 0.088088 -0.043408 -0.018877
vn 0.081158 -0.038053 -0.044332
vn 0.079009 -0.035763 -0.049786
vn 0.090456 -0.042635 -0.000078
vn 0.089017 -0.041435 -0.018950
vn 0.091102 -0.041237 -0.000091
vn 0.000513 -0.029545 -0.095535
vn 0.012526 -0.040540 -0.090552
vn 0.030030 -0.061410 -0.072986
vn 0.043111 -0.073266 -0.052664
vn 0.059590 -0.074687 -0.029511
vn 0.000622 -0.045447 -0.089074
vn 0.004396 -0.053923 -0.084101
vn 0.023020 -0.072618 -0.064782
vn 0.037185 -0.081256 -0.044885
vn 0.058319 -0.076483 -0.027372
vn 0.000534 -0.060822 -0.079375
vn 0.000158 -0.080882 -0.058806
vn 0.016077 -0.081866 -0.055132
vn 0.035404 -0.083737 -0.041649
vn 0.056862 -0.078736 -0.023821
vn -0.000148 -0.089697 -0.044208
vn 0.011439 -0.088676 -0.044784
vn 0.013971 -0.084780 -0.051158
vn 0.007613 -0.093871 -0.033620
vn -0.000260 -0.096916 -0.024642
vn 0.003025 -0.097891 -0.020205
vn 0.054620 -0.081829 -0.017908
vn 0.030086 -0.091369 -0.027322
vn 0.033295 -0.086989 -0.036392
vn 0.072683 -0.054243 -0.042129
vn 0.060426 -0.044088 -0.066370
vn 0.048684 -0.028329 -0.082628
vn 0.045551 -0.020619 -0.086603
vn 0.047481 -0.015671 -0.086603
vn 0.048875 -0.010547 -0.086603
vn 0.049718 -0.005303 -0.086603
vn 0.050000 -0.000000 -0.086603
vn 0.049718 0.005303 -0.086603
vn 0.048875 0.010547 -0.086603
vn 0.047481 0.015671 -0.086603
vn 0.045551 0.020619 -0.086603
vn 0.082239 0.027143 -0.050000
vn 0.078896 0.035712 -0.050000
vn 0.094961 0.031342 -0.000000
vn 0.091102 0.041237 -0.000000
vn 0.078896 -0.035712 -0.050000
vn 0.082239 -0.027143 -0.050000
vn 0.084654 -0.018267 -0.050000
vn 0.086114 -0.009185 -0.050000
vn 0.086603 -0.000000 -0.050000
vn 0.086114 0.009185 -0.050000
vn 0.084654 0.018267 -0.050000
vn 0.091102 -0.041237 -0.000000
vn 0.094961 -0.031342 -0.000000
vn 0.097750 -0.021093 -0.000000
vn 0.099436 -0.010606 -0.000000
vn 0.100000 -0.000000 -0.000000
vn 0.099436 0.010606 -0.000000
vn 0.097750 0.021093 -0.000000
vn 0.000336 0.008449 -0.099642
vn 0.026342 0.013620 -0.095502
vn 0.045387 0.020544 -0.086706
vn 0.049724 0.024308 -0.083287
vn 0.065824 0.031567 -0.068342
vn 0.044724 0.034370 -0.082574
vn 0.061401 0.040486 -0.067756
vn 0.036224 0.050332 -0.078451
vn 0.054090 0.054234 -0.064287
vn 0.033420 0.055378 -0.076265
vn 0.051692 0.058559 -0.062440
vn 0.026995 0.066674 -0.069468
vn 0.046224 0.068181 -0.056698
vn 0.020590 0.077492 -0.059758
vn 0.040825 0.077304 -0.048552
vn 0.014223 0.087971 -0.045373
vn 0.035555 0.085978 -0.036656
vn 0.008802 0.096792 -0.023533
vn 0.031166 0.093118 -0.018911
vn 0.007162 0.099555 -0.006127
vn 0.029868 0.095309 -0.004917
vn 0.032248 0.094658 0.000000
vn 0.054675 0.083671 -0.003144
vn 0.061889 0.078548 0.000000
vn 0.074633 0.066546 -0.001209
vn 0.083996 0.054265 0.000000
vn 0.084167 0.053999 -0.000036
vn 0.074909 0.066077 -0.004742
vn 0.084799 0.053002 -0.000072
vn 0.076102 0.064136 -0.009749
vn 0.085430 0.051978 -0.000146
vn 0.077853 0.061255 -0.013661
vn 0.086133 0.050805 -0.000081
vn 0.079908 0.057769 -0.016657
vn 0.087287 0.048796 -0.000050
vn 0.082129 0.053837 -0.018880
vn 0.088181 0.047161 -0.000027
vn 0.083134 0.052009 -0.019591
vn 0.089117 0.045366 -0.000024
vn 0.086303 0.045989 -0.020901
vn 0.090179 0.043217 0.000014
vn 0.088523 0.041465 -0.021079
vn 0.091102 0.041237 -0.000006
vn 0.078999 0.035759 -0.049805
vn 0.080315 0.037983 -0.045899
vn -0.000180 0.100000 0.000000
vn -0.000073 0.099804 -0.006265
vn -0.000114 0.097128 -0.023792
vn -0.000148 0.090287 -0.042990
vn 0.000321 0.080330 -0.059556
vn 0.000521 0.061470 -0.078874
vn 0.001420 0.059930 -0.080040
vn 0.008550 0.047408 -0.087632
vn 0.011644 0.041845 -0.090074
vn 0.020975 0.024337 -0.094698
vn 0.000431 0.030978 -0.095080
vn 0.076885 0.044915 -0.045512
vn 0.071491 0.055092 -0.043057
vn 0.069740 0.058259 -0.041740
vn 0.065784 0.065234 -0.037644
vn 0.061951 0.071717 -0.031917
vn 0.058343 0.077652 -0.023795
vn 0.055481 0.082310 -0.012125
vn 0.032684 0.094508 0.000000
vn 0.047894 0.087785 0.000000
vn 0.032684 0.094508 0.000000
vn 0.061779 0.078635 0.000000
vn 0.084087 0.054124 0.000000
vn 0.061779 0.078635 0.000000
vn 0.084087 0.054124 0.000000
vn 0.000000 -0.038273 -0.092386
vn 0.000000 -0.020791 -0.097815
vn 0.000000 -0.000000 -0.100000
vn 0.000000 0.020791 -0.097815
vn 0.000000 0.038273 -0.092386
vn 0.000000 0.058779 -0.080902
vn 0.000000 0.070711 -0.070711
vn 0.000000 0.086603 -0.050000
vn 0.000000 0.092386 -0.038273
vn 0.000000 0.099452 -0.010453
vn 0.000000 0.100000 0.000000
vn -0.000000 0.095106 0.030902
vn -0.000000 0.092386 0.038273
vn -0.000000 0.074314 0.066913
vn -0.000000 0.070711 0.070711
vn -0.000000 0.040674 0.091355
vn -0.000000 0.038273 0.092386
vn -0.000000 0.000000 0.100000
vn -0.000000 0.000000 0.100000
vn -0.000000 -0.038273 0.092386
vn -0.000000 -0.040674 0.091355
vn -0.000000 -0.070711 0.070711
vn -0.000000 -0.074314 0.066913
vn -0.000000 -0.092386 0.038273
vn -0.000000 -0.095106 0.030902
vn -0.000000 -0.100000 0.000000
vn 0.000000 -0.099452 -0.010453
vn 0.000000 -0.092386 -0.038273
vn 0.000000 -0.086603 -0.050000
vn 0.000000 -0.070711 -0.070711
vn 0.000000 -0.058779 -0.080902
vn -0.000000 -0.050000 0.086603
vn -0.000000 -0.050000 0.086603
vn -0.000000 0.000000 0.100000
vn -0.000000 0.000000 0.100000
vn -0.000000 0.050000 0.086603
vn -0.000000 0.050000 0.086603
vn -0.000000 0.086603 0.050000
vn -0.000000 0.086603 0.050000
vn -0.000000 0.100000 0.000000
vn -0.000000 0.100000 0.000000
vn 0.000000 0.086603 -0.050000
vn 0.000000 0.086603 -0.050000
vn 0.000000 0.050000 -0.086603
vn 0.000000 0.050000 -0.086603
vn 0.000000 -0.000000 -0.100000
vn 0.000000 -0.000000 -0.100000
vn 0.000000 -0.050000 -0.086603
vn 0.000000 -0.050000 -0.086603
vn 0.000000 -0.086603 -0.050000
vn 0.000000 -0.086603 -0.050000
vn -0.000000 -0.100000 0.000000
vn 0.000000 -0.100000 -0.000000
vn -0.000000 -0.086603 0.050000
vn -0.000000 -0.086603 0.050000
vn -0.100000 0.000000 -0.000000
vn -0.100000 0.000000 -0.000000
vn -0.100000 0.000000 -0.000000
vn -0.100000 0.000000 -0.000000
vn -0.100000 0.000000 -0.000000
vn -0.100000 0.000000 -0.000000
vn -0.100000 0.000000 -0.000000
vn -0.100000 0.000000 -0.000000
vn -0.100000 0.000000 -0.000000
vn -0.100000 0.000000 -0.000000
vn -0.100000 0.000000 -0.000000
vn -0.100000 0.000000 -0.000000
vn -0.100000 0.000000 -0.000000
vn -0.100000 0.000000 -0.000000
vn -0.100000 0.000000 -0.000000
vn -0.100000 0.000000 -0.000000
vn -0.100000 0.000000 -0.000000
vn -0.100000 0.000000 -0.000000
vn -0.100000 0.000000 -0.000000
vn -0.100000 0.000000 -0.000000
vn -0.100000 0.000000 -0.000000
vn -0.100000 0.000000 -0.000000
vn -0.100000 0.000000 -0.000000
vn -0.100000 0.000000 -0.000000
vn -0.100000 0.000000 -0.000000
vn -0.100000 0.000000 -0.000000
vn -0.100000 0.000000 -0.000000
vn 0.000000 -0.029476 -0.095557
vn 0.000000 -0.019246 -0.098131
vn 0.000000 -0.000000 -0.100000
vn 0.000000 -0.000000 -0.100000
vn 0.000000 0.019246 -0.098131
vn 0.000000 -0.038289 -0.092379
vn 0.000000 -0.056332 -0.082624
vn 0.000000 -0.055808 -0.082979
vn 0.000000 -0.070711 -0.070710
vn 0.000000 -0.078183 -0.062349
vn 0.000000 -0.082979 -0.055807
vn 0.000000 -0.093087 -0.036534
vn 0.000000 -0.092379 -0.038289
vn 0.000000 -0.098131 -0.019246
vn 0.000000 -0.099720 -0.007473
vn 0.000000 -0.100000 -0.000000
vn -0.000000 -0.097493 0.022252
vn -0.000000 -0.098131 0.019246
vn -0.000000 -0.092379 0.038289
vn -0.000000 -0.086603 0.050000
vn -0.000000 -0.082979 0.055807
vn -0.000000 -0.068017 0.073305
vn -0.000000 -0.070711 0.070710
vn -0.000000 -0.055808 0.082979
vn -0.000000 -0.043388 0.090097
vn -0.000000 -0.038289 0.092379
vn -0.000000 -0.014904 0.098883
vn -0.000000 -0.019246 0.098131
vn -0.000000 0.000000 0.100000
vn -0.000000 0.014904 0.098883
vn -0.000000 0.019246 0.098131
vn -0.000000 0.038289 0.092379
vn -0.000000 0.043388 0.090097
vn -0.000000 0.055808 0.082979
vn -0.000000 0.068017 0.073305
vn -0.000000 0.070711 0.070710
vn -0.000000 0.082979 0.055807
vn -0.000000 0.086603 0.050000
vn -0.000000 0.092379 0.038289
vn -0.000000 0.097493 0.022252
vn -0.000000 0.098131 0.019246
vn 0.000000 0.100000 -0.000000
vn 0.000000 0.099720 -0.007473
vn 0.000000 0.098131 -0.019246
vn 0.000000 0.093087 -0.036534
vn 0.000000 0.092379 -0.038289
vn 0.000000 0.082979 -0.055807
vn 0.000000 0.078183 -0.062349
vn 0.000000 0.070711 -0.070710
vn 0.000000 0.056332 -0.082624
vn 0.000000 0.055808 -0.082979
vn 0.000000 0.038289 -0.092379
vn 0.000000 0.029476 -0.095557
vn 0.100000 -0.000000 0.000000
vn 0.100000 -0.000000 0.000000
vn 0.100000 -0.000000 0.000000
vn 0.100000 -0.000000 0.000000
vn 0.100000 -0.000000 0.000000
vn 0.100000 -0.000000 0.000000
vn 0.100000 -0.000000 0.000000
vn 0.100000 -0.000000 0.000000
vn 0.100000 -0.000000 0.000000
vn 0.100000 -0.000000 0.000000
vn 0.100000 -0.000000 0.000000
vn 0.100000 -0.000000 0.000000
vn 0.100000 -0.000000 0.000000
vn 0.100000 -0.000000 0.000000
vn 0.100000 -0.000000 0.000000
vn 0.100000 -0.000000 0.000000
vn 0.100000 -0.000000 0.000000
vn 0.100000 -0.000000 0.000000
vn 0.100000 -0.000000 0.000000
vn 0.100000 -0.000000 0.000000
vn 0.100000 -0.000000 0.000000
vn 0.100000 -0.000000 0.000000
vn 0.100000 -0.000000 0.000000
vn 0.100000 -0.000000 0.000000
vn 0.100000 -0.000000 0.000000
vn 0.100000 -0.000000 0.000000
vn 0.100000 -0.000000 0.000000
vn 0.100000 -0.000000 0.000000
vn 0.100000 -0.000000 0.000000
vn 0.100000 -0.000000 0.000000
vn 0.100000 -0.000000 0.000000
vn 0.100000 -0.000000 0.000000
vn 0.100000 -0.000000 0.000000
vn 0.000000 0.000000 0.100000
vn 0.000000 0.000000 0.100000
vn 0.000000 0.000000 0.100000
vn 0.000000 0.000000 0.100000
vn 0.000000 0.000000 0.100000
vn 0.000000 0.000000 0.100000
vn 0.000000 0.000000 0.100000
vn 0.000000 0.000000 0.100000
vn 0.000000 0.000000 0.100000
vn 0.000000 0.000000 0.100000
vn 0.000000 0.000000 0.100000
vn 0.000000 0.000000 0.100000
vn 0.000000 0.000000 0.100000
vn 0.000000 0.000000 0.100000
vn 0.000000 0.000000 0.100000
vn 0.000000 0.000000 0.100000
vn 0.000000 0.000000 0.100000
vn 0.000000 0.000000 0.100000
vn 0.000000 0.000000 0.100000
vn 0.000000 0.000000 0.100000
vn 0.000000 0.000000 0.100000
vn 0.000000 0.000000 0.100000
vn 0.000000 0.000000 0.100000
vn 0.000000 0.000000 0.100000
vn 0.000000 0.000000 0.100000
vn 0.000000 0.000000 0.100000
vn 0.000000 0.070711 0.070711
vn 0.000000 0.070711 0.070711
vn -0.000161 -0.062469 0.078087
vn -0.000185 -0.062469 0.078087
vn -0.006679 -0.062111 0.078087
vn -0.007165 -0.062057 0.078087
vn -0.013125 -0.061075 0.078087
vn -0.014055 -0.060868 0.078087
vn -0.019427 -0.059372 0.078087
vn -0.020769 -0.058916 0.078087
vn -0.025516 -0.057021 0.078087
vn -0.027223 -0.056226 0.078087
vn -0.031328 -0.054046 0.078087
vn -0.033336 -0.052831 0.078087
vn -0.036797 -0.050482 0.078087
vn -0.039032 -0.048775 0.078087
vn -0.041864 -0.046366 0.078087
vn -0.044238 -0.044107 0.078087
vn -0.046474 -0.041744 0.078087
vn -0.048890 -0.038887 0.078087
vn -0.050577 -0.036667 0.078087
vn -0.052930 -0.033180 0.078087
vn -0.054127 -0.031188 0.078087
vn -0.056306 -0.027057 0.078087
vn -0.057086 -0.025369 0.078087
vn -0.058977 -0.020595 0.078087
vn -0.059422 -0.019274 0.078087
vn -0.060909 -0.013875 0.078087
vn -0.061109 -0.012967 0.078087
vn -0.062078 -0.006981 0.078087
vn -0.062128 -0.006519 0.078087
vn -0.062470 0.000000 0.078087
vn -0.062470 0.000000 0.078087
vn -0.062128 0.006519 0.078087
vn -0.062078 0.006981 0.078087
vn -0.061109 0.012967 0.078087
vn -0.060909 0.013875 0.078087
vn -0.059422 0.019274 0.078087
vn -0.058977 0.020595 0.078087
vn -0.057086 0.025369 0.078087
vn -0.056306 0.027057 0.078087
vn -0.054127 0.031188 0.078087
vn -0.052930 0.033180 0.078087
vn -0.050577 0.036667 0.078087
vn -0.048890 0.038887 0.078087
vn -0.046474 0.041744 0.078087
vn -0.044238 0.044107 0.078087
vn -0.041864 0.046366 0.078087
vn -0.039032 0.048775 0.078087
vn -0.036797 0.050482 0.078087
vn -0.033336 0.052831 0.078087
vn -0.031328 0.054046 0.078087
vn -0.027223 0.056226 0.078087
vn -0.025516 0.057021 0.078087
vn -0.020769 0.058916 0.078087
vn -0.019427 0.059372 0.078087
vn -0.014055 0.060868 0.078087
vn -0.013125 0.061075 0.078087
vn -0.007165 0.062057 0.078087
vn -0.006679 0.062111 0.078087
vn -0.000185 0.062469 0.078087
vn -0.000161 0.062469 0.078087
vn 0.000000 0.000000 0.100000
vn 0.000000 0.000000 0.100000
vn 0.000000 0.000000 0.100000
vn 0.000000 0.000000 0.100000
vn 0.000000 0.000000 0.100000
vn 0.000000 0.000000 0.100000
vn 0.000000 0.000000 0.100000
vn 0.000000 0.000000 0.100000
vn 0.000000 0.000000 0.100000
vn 0.000000 0.000000 0.100000
vn 0.000000 0.000000 0.100000
vn 0.000000 0.000000 0.100000
vn 0.000000 0.000000 0.100000
vn 0.000000 0.000000 0.100000
vn 0.000000 0.000000 0.100000
vn 0.000000 0.000000 0.100000
vn 0.000000 0.000000 0.100000
vn 0.000000 0.000000 0.100000
vn 0.000000 0.000000 0.100000
vn 0.000000 0.000000 0.100000
vn 0.000000 0.000000 0.100000
vn 0.000000 0.000000 0.100000
vn 0.000000 0.000000 0.100000
vn 0.000000 0.000000 0.100000
vn 0.000000 0.000000 0.100000
vn 0.000000 0.000000 0.100000
vn -0.000258 -0.100000 0.000000
vn -0.000258 -0.100000 0.000000
vn -0.010434 -0.099454 0.000000
vn -0.010692 -0.099427 0.000000
vn -0.020503 -0.097876 0.000000
vn -0.021010 -0.097768 0.000000
vn -0.030358 -0.095281 0.000000
vn -0.031098 -0.095042 0.000000
vn -0.039898 -0.091696 0.000000
vn -0.040846 -0.091278 0.000000
vn -0.049024 -0.087159 0.000000
vn -0.050149 -0.086517 0.000000
vn -0.057640 -0.081717 0.000000
vn -0.058904 -0.080811 0.000000
vn -0.065658 -0.075426 0.000000
vn -0.067015 -0.074222 0.000000
vn -0.072994 -0.068351 0.000000
vn -0.074395 -0.066824 0.000000
vn -0.079572 -0.060567 0.000000
vn -0.080962 -0.058695 0.000000
vn -0.081232 -0.058321 0.000000
vn -0.082685 -0.056242 0.000000
vn -0.084087 -0.054124 0.000000
vn -0.083251 -0.055401 0.000000
vn -0.083704 -0.054714 0.000000
vn -0.083991 -0.054273 0.000000
vn -0.084087 -0.054124 0.000000
vn -0.086645 -0.049926 0.000000
vn -0.084191 -0.053962 0.000000
vn -0.084623 -0.053282 0.000000
vn -0.085319 -0.052160 0.000000
vn -0.086353 -0.050430 0.000000
vn -0.087583 -0.048262 0.000000
vn -0.088863 -0.045862 0.000000
vn -0.091382 -0.040611 0.000000
vn -0.090034 -0.043518 0.000000
vn -0.091102 -0.041237 0.000000
vn -0.094961 -0.031342 0.000000
vn -0.095122 -0.030853 0.000000
vn -0.097750 -0.021093 0.000000
vn -0.097822 -0.020758 0.000000
vn -0.099436 -0.010606 0.000000
vn -0.099454 -0.010436 0.000000
vn -0.099792 -0.006443 0.000000
vn -0.099823 -0.005953 0.000000
vn -0.099896 -0.004556 0.000000
vn -0.100000 0.000000 0.000000
vn -0.099970 -0.002466 0.000000
vn -0.100000 0.000000 -0.000000
vn -0.099970 0.002466 -0.000000
vn -0.099896 0.004556 -0.000000
vn -0.099454 0.010436 -0.000000
vn -0.099823 0.005953 -0.000000
vn -0.099792 0.006443 -0.000000
vn -0.099436 0.010606 -0.000000
vn -0.099823 0.005953 -0.000000
vn -0.100000 0.000000 0.000000
vn -0.099896 0.004556 -0.000000
vn -0.099970 0.002466 -0.000000
vn -0.100000 -0.000000 0.000000
vn -0.099970 -0.002466 0.000000
vn -0.099896 -0.004556 0.000000
vn -0.099823 -0.005953 0.000000
vn -0.097822 0.020758 -0.000000
vn -0.097750 0.021093 -0.000000
vn -0.095122 0.030853 -0.000000
vn -0.094961 0.031342 -0.000000
vn -0.091382 0.040611 -0.000000
vn -0.091102 0.041237 -0.000000
vn -0.090047 0.043492 -0.000000
vn -0.089057 0.045485 -0.000000
vn -0.086645 0.049926 -0.000000
vn -0.088443 0.046667 -0.000000
vn -0.087704 0.048042 -0.000000
vn -0.086873 0.049528 -0.000000
vn -0.086064 0.050921 -0.000000
vn -0.085343 0.052120 -0.000000
vn -0.084788 0.053018 -0.000000
vn -0.084449 0.053557 -0.000000
vn -0.080962 0.058695 -0.000000
vn -0.084267 0.053843 -0.000000
vn -0.084087 0.054124 -0.000000
vn -0.082685 0.056242 -0.000000
vn -0.083251 0.055401 -0.000000
vn -0.074395 0.066824 -0.000000
vn -0.079572 0.060567 -0.000000
vn -0.081232 0.058321 -0.000000
vn -0.072994 0.068351 -0.000000
vn -0.067015 0.074222 -0.000000
vn -0.065658 0.075426 -0.000000
vn -0.058904 0.080811 -0.000000
vn -0.057640 0.081717 -0.000000
vn -0.050149 0.086517 -0.000000
vn -0.049024 0.087159 -0.000000
vn -0.040846 0.091278 -0.000000
vn -0.039898 0.091696 -0.000000
vn -0.031098 0.095042 -0.000000
vn -0.030358 0.095281 -0.000000
vn -0.021010 0.097768 -0.000000
vn -0.020503 0.097876 -0.000000
vn -0.010692 0.099427 -0.000000
vn -0.010434 0.099454 -0.000000
vn -0.000258 0.100000 -0.000000
vn -0.000258 0.100000 -0.000000
vn -0.083704 0.054714 -0.000000
vn -0.083991 0.054273 -0.000000
vn -0.084087 0.054124 -0.000000
vn 0.002769 0.099962 0.000000
vn 0.011892 0.099290 0.000000
vn 0.002769 0.099962 0.000000
vn 0.000308 0.100000 0.000000
vn 0.001949 0.099981 0.000000
vn 0.001128 0.099994 0.000000
vn 0.000308 0.100000 0.000000
vn 0.014152 0.098993 0.000000
vn 0.023317 0.097244 0.000000
vn 0.025351 0.096733 0.000000
vn 0.034427 0.093887 0.000000
vn 0.036218 0.093211 0.000000
vn 0.045073 0.089266 0.000000
vn 0.046613 0.088472 0.000000
vn 0.055113 0.083442 0.000000
vn 0.056399 0.082578 0.000000
vn 0.064410 0.076494 0.000000
vn 0.065450 0.075606 0.000000
vn 0.072839 0.068516 0.000000
vn 0.073646 0.067648 0.000000
vn 0.080287 0.059615 0.000000
vn 0.080881 0.058807 0.000000
vn 0.086654 0.049911 0.000000
vn 0.087060 0.049198 0.000000
vn 0.091853 0.039535 0.000000
vn 0.092104 0.038948 0.000000
vn 0.095815 0.028626 0.000000
vn 0.095945 0.028189 0.000000
vn 0.098487 0.017331 0.000000
vn 0.098534 0.017062 0.000000
vn 0.099831 0.005803 0.000000
vn 0.099837 0.005712 0.000000
vn 0.099837 -0.005712 0.000000
vn 0.099831 -0.005803 0.000000
vn 0.098534 -0.017062 0.000000
vn 0.098487 -0.017331 0.000000
vn 0.095945 -0.028189 0.000000
vn 0.095815 -0.028626 0.000000
vn 0.092104 -0.038948 0.000000
vn 0.091853 -0.039535 0.000000
vn 0.087060 -0.049198 0.000000
vn 0.086654 -0.049911 0.000000
vn 0.080881 -0.058807 0.000000
vn 0.080287 -0.059615 0.000000
vn 0.073646 -0.067648 0.000000
vn 0.072839 -0.068516 0.000000
vn 0.065450 -0.075606 0.000000
vn 0.064410 -0.076494 0.000000
vn 0.056399 -0.082578 0.000000
vn 0.055113 -0.083442 0.000000
vn 0.046613 -0.088472 0.000000
vn 0.045073 -0.089266 0.000000
vn 0.036218 -0.093211 0.000000
vn 0.034427 -0.093887 0.000000
vn 0.025351 -0.096733 0.000000
vn 0.023317 -0.097244 0.000000
vn 0.014152 -0.098993 0.000000
vn 0.011892 -0.099290 0.000000
vn 0.002769 -0.099962 0.000000
vn 0.002769 -0.099962 0.000000
vn 0.000308 -0.100000 0.000000
vn 0.001949 -0.099981 0.000000
vn 0.001128 -0.099994 0.000000
vn 0.000308 -0.100000 0.000000
vn 0.000000 0.000000 -0.100000
vn 0.000000 0.000000 -0.100000
vn 0.000000 0.000000 -0.100000
vn 0.000000 0.000000 -0.100000
vn 0.000000 0.000000 -0.100000
vn 0.000000 0.000000 -0.100000
vn 0.000000 0.000000 -0.100000
vn 0.000000 0.000000 -0.100000
vn 0.000000 0.000000 -0.100000
vn 0.000000 0.000000 -0.100000
vn 0.000000 0.000000 -0.100000
vn 0.000000 0.000000 -0.100000
vn 0.000000 0.000000 -0.100000
vn 0.000000 0.000000 -0.100000
vn 0.000000 0.000000 -0.100000
vn 0.000000 0.000000 -0.100000
vn 0.000000 0.000000 -0.100000
vn 0.000000 0.000000 -0.100000
vn 0.000000 0.000000 -0.100000
vn 0.000000 0.000000 -0.100000
vn 0.000000 0.000000 -0.100000
vn 0.000000 0.000000 -0.100000
vn 0.000000 0.000000 -0.100000
vn 0.000000 0.000000 -0.100000
vn 0.000000 0.000000 -0.100000
vn 0.000000 0.000000 -0.100000
vn 0.000000 0.000000 -0.100000
vn 0.000000 0.000000 -0.100000
vn 0.000000 0.000000 -0.100000
vn 0.000000 0.000000 -0.100000
vn 0.000000 0.000000 -0.100000
vn 0.000000 0.000000 -0.100000
vn 0.000000 0.000000 -0.100000
vn 0.000000 0.000000 -0.100000
vn 0.000000 0.000000 -0.100000
vn 0.000000 0.000000 -0.100000
vn 0.000000 0.000000 -0.100000
vn 0.000000 0.000000 -0.100000
vn 0.000000 0.000000 -0.100000
vn 0.000000 0.000000 -0.100000
vn 0.000000 0.000000 -0.100000
vn 0.000000 0.000000 -0.100000
vn 0.000000 0.000000 -0.100000
vn 0.000000 0.000000 -0.100000
vn 0.000000 0.000000 -0.100000
vn 0.000000 0.000000 -0.100000
vn 0.000000 0.000000 -0.100000
vn 0.000000 0.000000 -0.100000
vn 0.000000 0.000000 -0.100000
vn 0.000000 0.000000 -0.100000
vn 0.000000 0.000000 -0.100000
vn 0.000000 0.000000 -0.100000
vn 0.000000 0.000000 -0.100000
vn 0.000000 0.000000 -0.100000
vn 0.000000 0.000000 -0.100000
vn 0.000000 0.000000 -0.100000
vn 0.000000 -0.070711 0.070711
vn 0.000000 -0.070711 0.070711
vn 0.008801 0.061846 -0.078087
vn 0.001686 0.062447 -0.078087
vn 0.008140 0.061937 -0.078087
vn 0.001590 0.062449 -0.078087
vn 0.001499 0.062452 -0.078087
vn 0.014689 0.060718 -0.078087
vn 0.015800 0.060438 -0.078087
vn 0.021070 0.058809 -0.078087
vn 0.022594 0.058241 -0.078087
vn 0.027212 0.056231 -0.078087
vn 0.029092 0.055282 -0.078087
vn 0.033044 0.053014 -0.078087
vn 0.035210 0.051602 -0.078087
vn 0.038501 0.049195 -0.078087
vn 0.040868 0.047247 -0.078087
vn 0.043520 0.044816 -0.078087
vn 0.045992 0.042275 -0.078087
vn 0.048044 0.039927 -0.078087
vn 0.050515 0.036751 -0.078087
vn 0.052022 0.034585 -0.078087
vn 0.054379 0.030747 -0.078087
vn 0.055409 0.028849 -0.078087
vn 0.057532 0.024341 -0.078087
vn 0.058166 0.022786 -0.078087
vn 0.059934 0.017617 -0.078087
vn 0.060261 0.016463 -0.078087
vn 0.061553 0.010663 -0.078087
vn 0.061671 0.009953 -0.078087
vn 0.062367 0.003570 -0.078087
vn 0.062381 0.003330 -0.078087
vn 0.062381 -0.003330 -0.078087
vn 0.062367 -0.003570 -0.078087
vn 0.061671 -0.009953 -0.078087
vn 0.061553 -0.010663 -0.078087
vn 0.060261 -0.016463 -0.078087
vn 0.059934 -0.017617 -0.078087
vn 0.058166 -0.022786 -0.078087
vn 0.057532 -0.024341 -0.078087
vn 0.055409 -0.028849 -0.078087
vn 0.054379 -0.030747 -0.078087
vn 0.052022 -0.034585 -0.078087
vn 0.050515 -0.036751 -0.078087
vn 0.048044 -0.039927 -0.078087
vn 0.045992 -0.042275 -0.078087
vn 0.043520 -0.044816 -0.078087
vn 0.040868 -0.047247 -0.078087
vn 0.038501 -0.049195 -0.078087
vn 0.035210 -0.051602 -0.078087
vn 0.033044 -0.053014 -0.078087
vn 0.029092 -0.055282 -0.078087
vn 0.027212 -0.056231 -0.078087
vn 0.022594 -0.058241 -0.078087
vn 0.021070 -0.058809 -0.078087
vn 0.015800 -0.060438 -0.078087
vn 0.014689 -0.060718 -0.078087
vn 0.008801 -0.061846 -0.078087
vn 0.008140 -0.061937 -0.078087
vn 0.001686 -0.062447 -0.078087
vn 0.001590 -0.062449 -0.078087
vn 0.001499 -0.062452 -0.078087
vn 0.000000 -0.100000 0.000000
vn 0.000000 -0.100000 0.000000
vn 0.002400 0.099971 0.000000
vn 0.012326 0.099237 0.000000
vn 0.002400 0.099971 0.000000
vn 0.013031 0.099147 0.000000
vn 0.022131 0.097520 0.000000
vn 0.023513 0.097196 0.000000
vn 0.031716 0.094837 0.000000
vn 0.033728 0.094140 0.000000
vn 0.040987 0.091215 0.000000
vn 0.043560 0.090014 0.000000
vn 0.049851 0.086688 0.000000
vn 0.052896 0.084864 0.000000
vn 0.058222 0.081303 0.000000
vn 0.061632 0.078750 0.000000
vn 0.066016 0.075112 0.000000
vn 0.069666 0.071740 0.000000
vn 0.073156 0.068177 0.000000
vn 0.076908 0.063915 0.000000
vn 0.079572 0.060567 0.000000
vn 0.080481 0.059354 0.000000
vn 0.083276 0.055363 0.000000
vn 0.081944 0.057317 0.000000
vn 0.083116 0.055604 0.000000
vn 0.083820 0.054536 0.000000
vn 0.084258 0.053857 0.000000
vn 0.084870 0.052887 0.000000
vn 0.085510 0.051846 0.000000
vn 0.086165 0.050749 0.000000
vn 0.088698 0.046181 0.000000
vn 0.087300 0.048773 0.000000
vn 0.088173 0.047176 0.000000
vn 0.089120 0.045362 0.000000
vn 0.090177 0.043222 0.000000
vn 0.093111 0.036475 0.000000
vn 0.096465 0.026354 0.000000
vn 0.098723 0.015933 0.000000
vn 0.099107 0.013333 0.000000
vn 0.099141 0.013080 0.000000
vn 0.099141 0.013080 0.000000
vn 0.099239 0.012317 0.000000
vn 0.099386 0.011061 0.000000
vn 0.099555 0.009428 0.000000
vn 0.099723 0.007439 0.000000
vn 0.099870 0.005105 0.000000
vn 0.099967 0.002565 0.000000
vn 0.100000 -0.000000 0.000000
vn 0.099967 -0.002565 0.000000
vn 0.099870 -0.005105 0.000000
vn 0.099723 -0.007439 0.000000
vn 0.099555 -0.009428 0.000000
vn 0.099386 -0.011061 0.000000
vn 0.099239 -0.012317 0.000000
vn 0.099141 -0.013080 0.000000
vn 0.099107 -0.013333 0.000000
vn 0.098723 -0.015933 0.000000
vn 0.099141 -0.013080 0.000000
vn 0.099239 -0.012317 0.000000
vn 0.099386 -0.011061 0.000000
vn 0.099858 -0.005331 0.000000
vn 0.099555 -0.009428 0.000000
vn 0.099723 -0.007439 0.000000
vn 0.099870 -0.005105 0.000000
vn 0.099967 -0.002565 0.000000
vn 0.100000 -0.000000 0.000000
vn 0.099858 0.005331 0.000000
vn 0.099967 0.002565 0.000000
vn 0.099870 0.005105 0.000000
vn 0.099723 0.007439 0.000000
vn 0.099555 0.009428 0.000000
vn 0.099386 0.011061 0.000000
vn 0.099239 0.012317 0.000000
vn 0.096465 -0.026354 0.000000
vn 0.093111 -0.036475 0.000000
vn 0.088698 -0.046181 0.000000
vn 0.090467 -0.042612 0.000000
vn 0.089574 -0.044457 0.000000
vn 0.088489 -0.046581 0.000000
vn 0.087393 -0.048604 0.000000
vn 0.086299 -0.050522 0.000000
vn 0.083276 -0.055363 0.000000
vn 0.085232 -0.052302 0.000000
vn 0.084796 -0.053006 0.000000
vn 0.084421 -0.053601 0.000000
vn 0.084140 -0.054041 0.000000
vn 0.084087 -0.054124 0.000000
vn 0.084037 -0.054201 0.000000
vn 0.083613 -0.054854 0.000000
vn 0.082853 -0.055995 0.000000
vn 0.081339 -0.058171 0.000000
vn 0.076908 -0.063915 0.000000
vn 0.069666 -0.071740 0.000000
vn 0.061632 -0.078750 0.000000
vn 0.052896 -0.084864 0.000000
vn 0.043560 -0.090014 0.000000
vn 0.033728 -0.094140 0.000000
vn 0.023513 -0.097196 0.000000
vn 0.013031 -0.099147 0.000000
vn 0.002400 -0.099971 0.000000
vn 0.010655 0.085945 -0.050000
vn 0.002211 0.092360 -0.038272
vn 0.001680 0.070686 -0.070715
vn 0.006140 0.049622 -0.086603
vn 0.000899 0.038254 -0.092390
vn -0.000000 -0.000000 -0.100000
vn 0.000000 0.000000 -0.100000
vn 0.000000 0.000000 -0.100000
vn 0.011045 0.048765 -0.086603
vn 0.019148 0.084459 -0.050000
vn 0.027452 0.082136 -0.050000
vn 0.035484 0.078999 -0.050000
vn 0.043164 0.075079 -0.050000
vn 0.050416 0.070415 -0.050000
vn 0.057168 0.065052 -0.050000
vn 0.063353 0.059045 -0.050000
vn 0.068911 0.052453 -0.050000
vn 0.036576 0.034091 -0.086603
vn 0.039786 0.030284 -0.086603
vn 0.000000 0.000000 -0.100000
vn 0.033004 0.037560 -0.086603
vn 0.000000 0.000000 -0.100000
vn 0.029104 0.040657 -0.086603
vn 0.000000 0.000000 -0.100000
vn 0.024915 0.043350 -0.086603
vn 0.000000 0.000000 -0.100000
vn 0.020480 0.045613 -0.086603
vn -0.000000 -0.000000 -0.100000
vn 0.015841 0.047424 -0.086603
vn -0.000000 -0.000000 -0.100000
vn 0.000000 0.000000 -0.100000
vn 0.000000 0.000000 -0.100000
vn 0.000000 0.000000 -0.100000
vn 0.000000 0.000000 -0.100000
vn 0.000000 0.000000 -0.100000
vn 0.000000 0.000000 -0.100000
vn 0.000000 0.000000 -0.100000
vn 0.000000 0.000000 -0.100000
vn 0.000000 0.000000 -0.100000
vn 0.000000 0.000000 -0.100000
vn 0.000000 0.000000 -0.100000
vn 0.000000 0.000000 -0.100000
vn 0.000000 0.000000 -0.100000
vn 0.000000 0.000000 -0.100000
vn 0.000000 0.000000 -0.100000
vn 0.000000 0.000000 -0.100000
vn 0.000000 0.000000 -0.100000
vn -0.000000 0.100000 -0.000000
vn -0.000000 0.100000 -0.000000
vn -0.000000 0.070711 -0.070711
vn -0.000000 0.070711 -0.070711
vn 0.000000 -0.000000 -0.100000
vn 0.000000 -0.000000 -0.100000
vn 0.000000 -0.000000 -0.100000
vn 0.000000 -0.000000 -0.100000
vn 0.000000 -0.000000 -0.100000
vn 0.000000 -0.000000 -0.100000
vn 0.000000 0.062470 -0.078087
vn 0.000000 0.062470 -0.078087
vn 0.000000 0.062470 -0.078087
vn 0.000000 0.062470 -0.078087
vn 0.000000 0.100000 -0.000000
vn 0.000000 0.100000 -0.000000
vn 0.000000 0.100000 -0.000000
vn 0.000000 0.100000 -0.000000
vn 0.000000 0.000000 -0.100000
vn 0.000000 0.000000 -0.100000
vn 0.000000 0.000000 -0.100000
vn 0.000000 0.000000 -0.100000
vn 0.000000 0.070711 -0.070711
vn 0.000000 0.070711 -0.070711
vn 0.000000 0.070711 -0.070711
vn 0.000000 0.070711 -0.070711
vn 0.000000 0.100000 -0.000000
vn 0.000000 0.100000 -0.000000
vn 0.000000 0.100000 -0.000000
vn 0.000000 0.100000 -0.000000
vn 0.100000 0.000000 0.000000
vn 0.100000 0.000000 0.000000
vn 0.100000 0.000000 0.000000
vn 0.100000 0.000000 0.000000
vn 0.100000 0.000000 0.000000
vn 0.100000 0.000000 0.000000
vn 0.100000 0.000000 0.000000
vn 0.100000 0.000000 0.000000
vn 0.100000 0.000000 0.000000
vn 0.100000 0.000000 0.000000
vn 0.100000 0.000000 0.000000
vn 0.100000 0.000000 0.000000
vn 0.100000 0.000000 0.000000
vn 0.100000 0.000000 0.000000
vn 0.100000 0.000000 0.000000
vn 0.100000 0.000000 0.000000
vn 0.100000 0.000000 0.000000
vn 0.100000 0.000000 0.000000
vn 0.100000 0.000000 0.000000
vn 0.100000 0.000000 0.000000
vn 0.100000 0.000000 0.000000
vn 0.100000 0.000000 0.000000
vn 0.100000 0.000000 0.000000
vn 0.100000 0.000000 0.000000
vn 0.100000 0.000000 0.000000
vn 0.100000 0.000000 0.000000
vn 0.100000 0.000000 0.000000
vn 0.100000 0.000000 0.000000
vn 0.100000 0.000000 0.000000
vn 0.100000 0.000000 0.000000
vn 0.100000 0.000000 0.000000
vn 0.100000 0.000000 0.000000
vn 0.100000 0.000000 0.000000
f 754/1467/1370 747/1468/1371 753/1469/1372
f 753/1469/1372 747/1468/1371 748/1470/1373
f 753/1469/1372 748/1470/1373 752/1471/1374
f 752/1471/1374 748/1470/1373 749/1472/1375
f 752/1471/1374 749/1472/1375 751/1473/1376
f 751/1473/1376 749/1472/1375 750/1474/1377
f 751/1475/1376 750/1476/1377 790/1477/1378
f 790/1477/1378 750/1476/1377 755/1478/1379
f 790/1477/1378 755/1478/1379 789/1479/1380
f 789/1479/1380 755/1478/1379 756/1480/1381
f 789/1479/1380 756/1480/1381 788/1481/1382
f 788/1481/1382 756/1480/1381 787/1482/1383
f 787/1482/1383 756/1480/1381 757/1483/1384
f 787/1482/1383 757/1483/1384 786/1484/1385
f 786/1484/1385 757/1483/1384 758/1485/1386
f 786/1484/1385 758/1485/1386 785/1486/1387
f 785/1486/1387 758/1485/1386 759/1487/1388
f 785/1486/1387 759/1487/1388 784/1488/1389
f 784/1488/1389 759/1487/1388 760/1489/1390
f 784/1488/1389 760/1489/1390 783/1490/1391
f 783/1490/1391 760/1489/1390 761/1491/1392
f 783/1490/1391 761/1491/1392 782/1492/1393
f 782/1492/1393 761/1491/1392 762/1493/1394
f 782/1492/1393 762/1493/1394 781/1494/1395
f 781/1494/1395 762/1493/1394 763/1495/1396
f 781/1494/1395 763/1495/1396 780/1496/1397
f 780/1496/1397 763/1495/1396 764/1497/1398
f 780/1496/1397 764/1497/1398 779/1498/1399
f 779/1498/1399 764/1497/1398 765/1499/1400
f 779/1498/1399 765/1499/1400 778/1500/1401
f 778/1500/1401 765/1499/1400 766/1501/1402
f 778/1500/1401 766/1501/1402 777/1502/1403
f 777/1502/1403 766/1501/1402 767/1503/1404
f 777/1502/1403 767/1503/1404 776/1504/1405
f 776/1504/1405 767/1503/1404 768/1505/1406
f 776/1504/1405 768/1505/1406 775/1506/1407
f 775/1506/1407 768/1505/1406 769/1507/1408
f 775/1506/1407 769/1507/1408 774/1508/1409
f 774/1508/1409 769/1507/1408 772/1509/1410
f 774/1508/1409 772/1509/1410 773/1510/1411
f 769/1507/1408 770/1511/1412 772/1509/1410
f 772/1509/1410 770/1511/1412 771/1512/1413
f 749/1513/1414 748/1514/1415 750/1515/1416
f 750/1515/1416 748/1514/1415 747/1516/1417
f 750/1515/1416 747/1516/1417 755/1517/1418
f 755/1517/1418 747/1516/1417 837/1518/1419
f 755/1517/1418 837/1518/1419 838/1519/1420
f 791/1520/1421 832/1521/1422 747/1516/1417
f 747/1516/1417 832/1521/1422 833/1522/1423
f 747/1516/1417 833/1522/1423 834/1523/1424
f 792/1524/1425 830/1525/1426 791/1520/1421
f 791/1520/1421 830/1525/1426 831/1526/1427
f 791/1520/1421 831/1526/1427 832/1521/1422
f 793/1527/1428 827/1528/1429 792/1524/1425
f 792/1524/1425 827/1528/1429 828/1529/1430
f 792/1524/1425 828/1529/1430 829/1530/1431
f 794/1531/1432 825/1532/1433 793/1527/1428
f 793/1527/1428 825/1532/1433 826/1533/1434
f 793/1527/1428 826/1533/1434 827/1528/1429
f 795/1534/1435 822/1535/1436 794/1531/1432
f 794/1531/1432 822/1535/1436 823/1536/1437
f 794/1531/1432 823/1536/1437 824/1537/1438
f 795/1534/1435 796/1538/1439 822/1535/1436
f 822/1535/1436 796/1538/1439 821/1539/1440
f 821/1539/1440 796/1538/1439 797/1540/1441
f 821/1539/1440 797/1540/1441 820/1541/1442
f 820/1541/1442 797/1540/1441 819/1542/1443
f 819/1542/1443 797/1540/1441 798/1543/1444
f 819/1542/1443 798/1543/1444 818/1544/1445
f 818/1544/1445 798/1543/1444 817/1545/1446
f 817/1545/1446 798/1543/1444 799/1546/1447
f 817/1545/1446 799/1546/1447 816/1547/1448
f 816/1547/1448 799/1546/1447 815/1548/1449
f 815/1548/1449 799/1546/1447 800/1549/1450
f 815/1548/1449 800/1549/1450 814/1550/1451
f 814/1550/1451 800/1549/1450 813/1551/1452
f 813/1551/1452 800/1549/1450 812/1552/1453
f 812/1552/1453 800/1549/1450 801/1553/1454
f 812/1552/1453 801/1553/1454 811/1554/1455
f 811/1554/1455 801/1553/1454 810/1555/1456
f 810/1555/1456 801/1553/1454 809/1556/1457
f 809/1556/1457 801/1553/1454 808/1557/1458
f 808/1557/1458 801/1553/1454 807/1558/1459
f 807/1558/1459 801/1553/1454 805/1559/1460
f 807/1558/1459 805/1559/1460 806/1560/1461
f 805/1559/1460 801/1553/1454 804/1561/1462
f 804/1561/1462 801/1553/1454 802/1562/1463
f 804/1561/1462 802/1562/1463 803/1563/1464
f 824/1537/1438 825/1532/1433 794/1531/1432
f 829/1530/1431 830/1525/1426 792/1524/1425
f 834/1523/1424 835/1564/1465 747/1516/1417
f 747/1516/1417 835/1564/1465 836/1565/1466
f 747/1516/1417 836/1565/1466 837/1518/1419
f 801/1566/1467 839/1567/1468 802/1568/1469
f 802/1568/1469 839/1567/1468 840/1569/1470
f 802/1568/1469 840/1569/1470 803/1570/1471
f 803/1570/1471 840/1569/1470 841/1571/1472
f 803/1570/1471 841/1571/1472 804/1572/1473
f 804/1572/1473 841/1571/1472 842/1573/1474
f 804/1574/1473 842/1575/1474 805/1576/1475
f 805/1576/1475 842/1575/1474 843/1577/1476
f 805/1576/1475 843/1577/1476 844/1578/1477
f 805/1576/1475 844/1578/1477 877/1579/1478
f 877/1579/1478 844/1578/1477 845/1580/1479
f 877/1579/1478 845/1580/1479 846/1581/1480
f 877/1579/1478 846/1581/1480 876/1582/1481
f 876/1582/1481 846/1581/1480 847/1583/1482
f 876/1582/1481 847/1583/1482 875/1584/1483
f 875/1584/1483 847/1583/1482 848/1585/1484
f 875/1584/1483 848/1585/1484 874/1586/1485
f 874/1586/1485 848/1585/1484 849/1587/1486
f 874/1586/1485 849/1587/1486 873/1588/1487
f 873/1588/1487 849/1587/1486 850/1589/1488
f 873/1588/1487 850/1589/1488 872/1590/1489
f 872/1590/1489 850/1589/1488 851/1591/1490
f 872/1590/1489 851/1591/1490 871/1592/1491
f 871/1592/1491 851/1591/1490 852/1593/1492
f 871/1592/1491 852/1593/1492 870/1594/1493
f 870/1594/1493 852/1593/1492 853/1595/1494
f 870/1594/1493 853/1595/1494 869/1596/1495
f 869/1596/1495 853/1595/1494 854/1597/1496
f 869/1596/1495 854/1597/1496 868/1598/1497
f 868/1598/1497 854/1597/1496 855/1599/1498
f 868/1598/1497 855/1599/1498 867/1600/1499
f 867/1600/1499 855/1599/1498 856/1601/1500
f 867/1600/1499 856/1601/1500 866/1602/1501
f 866/1602/1501 856/1601/1500 857/1603/1502
f 866/1602/1501 857/1603/1502 865/1604/1503
f 865/1604/1503 857/1603/1502 858/1605/1504
f 865/1604/1503 858/1605/1504 864/1606/1505
f 864/1606/1505 858/1605/1504 859/1607/1506
f 864/1606/1505 859/1607/1506 861/1608/1507
f 861/1608/1507 859/1607/1506 860/1609/1508
f 862/1610/1509 863/1611/1510 861/1608/1507
f 861/1608/1507 863/1611/1510 864/1606/1505
f 791/1612/1511 878/1613/1512 792/1614/1513
f 792/1614/1513 878/1613/1512 879/1615/1514
f 792/1614/1513 879/1615/1514 793/1616/1515
f 793/1616/1515 879/1615/1514 880/1617/1516
f 793/1616/1515 880/1617/1516 794/1618/1517
f 794/1618/1517 880/1617/1516 881/1619/1518
f 794/1618/1517 881/1619/1518 795/1620/1519
f 795/1620/1519 881/1619/1518 882/1621/1520
f 754/1622/1370 878/1623/1512 747/1624/1371
f 747/1624/1371 878/1623/1512 791/1625/1511
f 796/1626/1521 883/1627/1522 797/1628/1523
f 797/1628/1523 883/1627/1522 884/1629/1524
f 797/1628/1523 884/1629/1524 798/1630/1525
f 798/1630/1525 884/1629/1524 885/1631/1526
f 798/1630/1525 885/1631/1526 799/1632/1527
f 799/1632/1527 885/1631/1526 886/1633/1528
f 799/1632/1527 886/1633/1528 800/1634/1529
f 800/1634/1529 886/1633/1528 887/1635/1530
f 882/1636/1520 883/1637/1522 795/1638/1519
f 795/1638/1519 883/1637/1522 796/1639/1521
f 801/1640/1467 800/1641/1529 839/1642/1468
f 839/1642/1468 800/1641/1529 887/1643/1530
f 889/1644/1531 910/1645/1532 888/1646/1533
f 888/1646/1533 910/1645/1532 909/1647/1534
f 888/1646/1533 909/1647/1534 906/1648/1535
f 906/1648/1535 909/1647/1534 905/1649/1536
f 905/1649/1536 909/1647/1534 912/1650/1537
f 905/1649/1536 912/1650/1537 907/1651/1538
f 907/1651/1538 912/1650/1537 898/1652/1539
f 907/1651/1538 898/1652/1539 899/1653/1540
f 889/1644/1531 890/1654/1541 910/1645/1532
f 910/1645/1532 890/1654/1541 911/1655/1542
f 910/1645/1532 911/1655/1542 894/1656/1543
f 894/1656/1543 911/1655/1542 893/1657/1544
f 893/1657/1544 911/1655/1542 891/1658/1545
f 893/1657/1544 891/1658/1545 892/1659/1546
f 890/1654/1541 891/1658/1545 911/1655/1542
f 894/1656/1543 895/1660/1547 910/1645/1532
f 910/1645/1532 895/1660/1547 896/1661/1548
f 910/1645/1532 896/1661/1548 909/1647/1534
f 909/1647/1534 896/1661/1548 897/1662/1549
f 909/1647/1534 897/1662/1549 912/1650/1537
f 912/1650/1537 897/1662/1549 898/1652/1539
f 907/1651/1538 899/1653/1540 908/1663/1550
f 908/1663/1550 899/1653/1540 900/1664/1551
f 908/1663/1550 900/1664/1551 913/1665/1552
f 913/1665/1552 900/1664/1551 902/1666/1553
f 913/1665/1552 902/1666/1553 903/1667/1554
f 900/1664/1551 901/1668/1555 902/1666/1553
f 913/1665/1552 903/1667/1554 908/1663/1550
f 908/1663/1550 903/1667/1554 904/1669/1556
f 908/1663/1550 904/1669/1556 907/1651/1538
f 907/1651/1538 904/1669/1556 905/1649/1536
f 753/1670/1557 751/1671/1558 754/1672/1559
f 754/1672/1559 751/1671/1558 790/1673/1560
f 754/1672/1559 790/1673/1560 915/1674/1561
f 915/1674/1561 790/1673/1560 914/1675/1562
f 753/1670/1557 752/1676/1563 751/1671/1558
f 915/1674/1561 916/1677/1564 754/1672/1559
f 754/1672/1559 916/1677/1564 917/1678/1565
f 754/1672/1559 917/1678/1565 918/1679/1566
f 918/1679/1566 919/1680/1567 754/1672/1559
f 754/1672/1559 919/1680/1567 920/1681/1568
f 754/1672/1559 920/1681/1568 878/1682/1569
f 878/1682/1569 920/1681/1568 921/1683/1570
f 878/1682/1569 921/1683/1570 922/1684/1571
f 878/1682/1569 922/1684/1571 879/1685/1572
f 879/1685/1572 922/1684/1571 923/1686/1573
f 879/1685/1572 923/1686/1573 924/1687/1574
f 879/1685/1572 924/1687/1574 880/1688/1575
f 880/1688/1575 924/1687/1574 925/1689/1576
f 880/1688/1575 925/1689/1576 926/1690/1577
f 926/1690/1577 927/1691/1578 880/1688/1575
f 880/1688/1575 927/1691/1578 881/1692/1579
f 881/1692/1579 927/1691/1578 928/1693/1580
f 881/1692/1579 928/1693/1580 882/1694/1581
f 882/1694/1581 928/1693/1580 883/1695/1582
f 883/1695/1582 928/1693/1580 892/1696/1583
f 883/1695/1582 892/1696/1583 884/1697/1584
f 884/1697/1584 892/1696/1583 891/1698/1585
f 884/1697/1584 891/1698/1585 890/1699/1586
f 890/1699/1586 889/1700/1587 884/1697/1584
f 884/1697/1584 889/1700/1587 885/1701/1588
f 885/1701/1588 889/1700/1587 888/1702/1589
f 885/1701/1588 888/1702/1589 906/1703/1590
f 906/1703/1590 905/1704/1591 885/1701/1588
f 885/1701/1588 905/1704/1591 886/1705/1592
f 886/1705/1592 905/1704/1591 904/1706/1593
f 886/1705/1592 904/1706/1593 903/1707/1594
f 886/1705/1592 903/1707/1594 887/1708/1595
f 887/1708/1595 903/1707/1594 902/1709/1596
f 887/1708/1595 902/1709/1596 929/1710/1597
f 887/1708/1595 929/1710/1597 839/1711/1598
f 839/1711/1598 929/1710/1597 930/1712/1599
f 839/1711/1598 930/1712/1599 931/1713/1600
f 931/1713/1600 932/1714/1601 839/1711/1598
f 839/1711/1598 932/1714/1601 933/1715/1602
f 839/1711/1598 933/1715/1602 934/1716/1603
f 935/1717/1604 843/1718/1605 934/1716/1603
f 934/1716/1603 843/1718/1605 839/1711/1598
f 843/1718/1605 842/1719/1606 839/1711/1598
f 839/1711/1598 842/1719/1606 840/1720/1607
f 840/1720/1607 842/1719/1606 841/1721/1608
f 773/1722/1609 772/1723/1610 936/1724/1611
f 936/1724/1611 772/1723/1610 937/1725/1612
f 936/1724/1611 937/1725/1612 938/1726/1613
f 939/1727/1614 951/1728/1615 938/1726/1613
f 938/1726/1613 951/1728/1615 952/1729/1616
f 938/1726/1613 952/1729/1616 936/1724/1611
f 940/1730/1617 947/1731/1618 939/1727/1614
f 939/1727/1614 947/1731/1618 949/1732/1619
f 939/1727/1614 949/1732/1619 950/1733/1620
f 941/1734/1621 945/1735/1622 940/1730/1617
f 940/1730/1617 945/1735/1622 946/1736/1623
f 940/1730/1617 946/1736/1623 947/1731/1618
f 945/1735/1622 941/1734/1621 944/1737/1624
f 944/1737/1624 941/1734/1621 942/1738/1625
f 944/1737/1624 942/1738/1625 943/1739/1626
f 947/1731/1618 948/1740/1627 949/1732/1619
f 950/1733/1620 951/1728/1615 939/1727/1614
f 953/1741/1628 954/1742/1629 956/1743/1630
f 956/1743/1630 954/1742/1629 941/1744/1631
f 941/1744/1631 954/1742/1629 955/1745/1632
f 941/1744/1631 955/1745/1632 942/1746/1633
f 953/1747/1634 956/1748/1635 957/1749/1636
f 957/1749/1636 956/1748/1635 966/1750/1637
f 966/1750/1637 956/1748/1635 958/1751/1638
f 966/1750/1637 958/1751/1638 965/1752/1639
f 965/1752/1639 958/1751/1638 964/1753/1640
f 964/1753/1640 958/1751/1638 959/1754/1641
f 964/1753/1640 959/1754/1641 960/1755/1642
f 964/1753/1640 960/1755/1642 963/1756/1643
f 963/1756/1643 960/1755/1642 961/1757/1644
f 963/1756/1643 961/1757/1644 962/1758/1645
f 962/1758/1645 961/1757/1644 770/1759/1646
f 770/1759/1646 961/1757/1644 771/1760/1647
f 771/1761/1648 961/1762/1649 772/1763/1650
f 772/1763/1650 961/1762/1649 937/1764/1651
f 961/1765/1652 960/1766/1653 937/1767/1654
f 937/1767/1654 960/1766/1653 938/1768/1655
f 960/1769/1656 959/1770/1657 938/1771/1658
f 938/1771/1658 959/1770/1657 939/1772/1659
f 959/1773/1660 958/1774/1661 939/1775/1662
f 939/1775/1662 958/1774/1661 940/1776/1663
f 958/1777/1664 956/1778/1665 940/1779/1666
f 940/1779/1666 956/1778/1665 941/1780/1667
f 951/1781/1668 950/1782/1669 986/1783/1670
f 986/1783/1670 950/1782/1669 988/1784/1671
f 986/1783/1670 988/1784/1671 985/1785/1672
f 985/1785/1672 988/1784/1671 990/1786/1673
f 985/1785/1672 990/1786/1673 984/1787/1674
f 984/1787/1674 990/1786/1673 992/1788/1675
f 984/1787/1674 992/1788/1675 983/1789/1676
f 983/1789/1676 992/1788/1675 994/1790/1677
f 983/1789/1676 994/1790/1677 982/1791/1678
f 982/1791/1678 994/1790/1677 996/1792/1679
f 982/1791/1678 996/1792/1679 981/1793/1680
f 981/1793/1680 996/1792/1679 998/1794/1681
f 981/1793/1680 998/1794/1681 980/1795/1682
f 980/1795/1682 998/1794/1681 1000/1796/1683
f 980/1795/1682 1000/1796/1683 979/1797/1684
f 979/1797/1684 1000/1796/1683 1002/1798/1685
f 979/1797/1684 1002/1798/1685 978/1799/1686
f 978/1799/1686 1002/1798/1685 977/1800/1687
f 977/1800/1687 1002/1798/1685 1001/1801/1688
f 977/1800/1687 1001/1801/1688 976/1802/1689
f 976/1802/1689 1001/1801/1688 974/1803/1690
f 976/1802/1689 974/1803/1690 975/1804/1691
f 950/1782/1669 949/1805/1692 988/1784/1671
f 988/1784/1671 949/1805/1692 987/1806/1693
f 988/1784/1671 987/1806/1693 990/1786/1673
f 990/1786/1673 987/1806/1693 989/1807/1694
f 990/1786/1673 989/1807/1694 992/1788/1675
f 992/1788/1675 989/1807/1694 991/1808/1695
f 992/1788/1675 991/1808/1695 994/1790/1677
f 994/1790/1677 991/1808/1695 993/1809/1696
f 994/1790/1677 993/1809/1696 996/1792/1679
f 996/1792/1679 993/1809/1696 995/1810/1697
f 996/1792/1679 995/1810/1697 998/1794/1681
f 998/1794/1681 995/1810/1697 997/1811/1698
f 998/1794/1681 997/1811/1698 1000/1796/1683
f 1000/1796/1683 997/1811/1698 999/1812/1699
f 1000/1796/1683 999/1812/1699 1002/1798/1685
f 1002/1798/1685 999/1812/1699 1001/1801/1688
f 949/1805/1692 948/1813/1700 987/1806/1693
f 987/1806/1693 948/1813/1700 947/1814/1701
f 987/1806/1693 947/1814/1701 967/1815/1702
f 987/1806/1693 967/1815/1702 989/1807/1694
f 989/1807/1694 967/1815/1702 968/1816/1703
f 989/1807/1694 968/1816/1703 991/1808/1695
f 991/1808/1695 968/1816/1703 969/1817/1704
f 991/1808/1695 969/1817/1704 993/1809/1696
f 993/1809/1696 969/1817/1704 970/1818/1705
f 993/1809/1696 970/1818/1705 995/1810/1697
f 995/1810/1697 970/1818/1705 971/1819/1706
f 995/1810/1697 971/1819/1706 997/1811/1698
f 997/1811/1698 971/1819/1706 972/1820/1707
f 997/1811/1698 972/1820/1707 999/1812/1699
f 999/1812/1699 972/1820/1707 973/1821/1708
f 999/1812/1699 973/1821/1708 1001/1801/1688
f 1001/1801/1688 973/1821/1708 974/1803/1690
f 951/1822/1668 986/1823/1670 952/1824/1709
f 952/1824/1709 986/1823/1670 985/1825/1672
f 952/1824/1709 985/1825/1672 1019/1826/1710
f 1019/1826/1710 985/1825/1672 984/1827/1674
f 1019/1826/1710 984/1827/1674 983/1828/1676
f 982/1829/1678 1013/1830/1711 983/1828/1676
f 983/1828/1676 1013/1830/1711 1014/1831/1712
f 983/1828/1676 1014/1831/1712 1015/1832/1713
f 981/1833/1680 1010/1834/1714 982/1829/1678
f 982/1829/1678 1010/1834/1714 1011/1835/1715
f 982/1829/1678 1011/1835/1715 1012/1836/1716
f 980/1837/1682 1008/1838/1717 981/1833/1680
f 981/1833/1680 1008/1838/1717 1009/1839/1718
f 981/1833/1680 1009/1839/1718 1010/1834/1714
f 979/1840/1684 1006/1841/1719 980/1837/1682
f 980/1837/1682 1006/1841/1719 1007/1842/1720
f 980/1837/1682 1007/1842/1720 1008/1838/1717
f 1006/1841/1719 979/1840/1684 1005/1843/1721
f 1005/1843/1721 979/1840/1684 978/1844/1686
f 1005/1843/1721 978/1844/1686 1004/1845/1722
f 1004/1845/1722 978/1844/1686 1003/1846/1723
f 1012/1836/1716 1013/1830/1711 982/1829/1678
f 983/1828/1676 1015/1832/1713 1018/1847/1724
f 1018/1847/1724 1015/1832/1713 1016/1848/1725
f 1018/1847/1724 1016/1848/1725 1017/1849/1726
f 1018/1847/1724 1019/1826/1710 983/1828/1676
f 952/1850/1727 1019/1851/1728 936/1852/1729
f 936/1852/1729 1019/1851/1728 1020/1853/1730
f 936/1854/1731 1020/1855/1732 773/1856/1733
f 773/1856/1733 1020/1855/1732 774/1857/1734
f 1021/1858/1735 1022/1859/1736 1075/1860/1737
f 1075/1860/1737 1022/1859/1736 1023/1861/1738
f 1075/1860/1737 1023/1861/1738 1074/1862/1739
f 1074/1862/1739 1023/1861/1738 1024/1863/1740
f 1074/1862/1739 1024/1863/1740 1073/1864/1741
f 1073/1864/1741 1024/1863/1740 1025/1865/1742
f 1073/1864/1741 1025/1865/1742 1072/1866/1743
f 1072/1866/1743 1025/1865/1742 1026/1867/1744
f 1072/1866/1743 1026/1867/1744 1071/1868/1745
f 1071/1868/1745 1026/1867/1744 1027/1869/1746
f 1071/1868/1745 1027/1869/1746 1070/1870/1747
f 1070/1870/1747 1027/1869/1746 1028/1871/1748
f 1070/1870/1747 1028/1871/1748 1069/1872/1749
f 1069/1872/1749 1028/1871/1748 1029/1873/1750
f 1069/1872/1749 1029/1873/1750 1068/1874/1751
f 1068/1874/1751 1029/1873/1750 1030/1875/1752
f 1068/1874/1751 1030/1875/1752 1067/1876/1753
f 1067/1876/1753 1030/1875/1752 1031/1877/1754
f 1067/1876/1753 1031/1877/1754 1066/1878/1755
f 1066/1878/1755 1031/1877/1754 1032/1879/1756
f 1066/1878/1755 1032/1879/1756 1065/1880/1757
f 1065/1880/1757 1032/1879/1756 1033/1881/1758
f 1065/1880/1757 1033/1881/1758 1064/1882/1759
f 1064/1882/1759 1033/1881/1758 1034/1883/1760
f 1064/1882/1759 1034/1883/1760 1063/1884/1761
f 1063/1884/1761 1034/1883/1760 1035/1885/1762
f 1063/1884/1761 1035/1885/1762 1062/1886/1763
f 1062/1886/1763 1035/1885/1762 1036/1887/1764
f 1062/1886/1763 1036/1887/1764 1061/1888/1765
f 1061/1888/1765 1036/1887/1764 1037/1889/1766
f 1061/1888/1765 1037/1889/1766 1060/1890/1767
f 1060/1890/1767 1037/1889/1766 1038/1891/1768
f 1060/1890/1767 1038/1891/1768 1059/1892/1769
f 1059/1892/1769 1038/1891/1768 1039/1893/1770
f 1059/1892/1769 1039/1893/1770 1058/1894/1771
f 1058/1894/1771 1039/1893/1770 1040/1895/1772
f 1058/1894/1771 1040/1895/1772 1057/1896/1773
f 1057/1896/1773 1040/1895/1772 1041/1897/1774
f 1057/1896/1773 1041/1897/1774 1056/1898/1775
f 1056/1898/1775 1041/1897/1774 1042/1899/1776
f 1056/1898/1775 1042/1899/1776 1055/1900/1777
f 1055/1900/1777 1042/1899/1776 1043/1901/1778
f 1055/1900/1777 1043/1901/1778 1054/1902/1779
f 1054/1902/1779 1043/1901/1778 1044/1903/1780
f 1054/1902/1779 1044/1903/1780 1053/1904/1781
f 1053/1904/1781 1044/1903/1780 1045/1905/1782
f 1053/1904/1781 1045/1905/1782 1052/1906/1783
f 1052/1906/1783 1045/1905/1782 1046/1907/1784
f 1052/1906/1783 1046/1907/1784 1051/1908/1785
f 1051/1908/1785 1046/1907/1784 1047/1909/1786
f 1051/1908/1785 1047/1909/1786 1050/1910/1787
f 1050/1910/1787 1047/1909/1786 1048/1911/1788
f 1050/1910/1787 1048/1911/1788 1049/1912/1789
f 1049/1912/1789 1048/1911/1788 957/1913/1790
f 1049/1912/1789 957/1913/1790 966/1914/1791
f 1087/1915/1792 1076/1916/1793 1086/1917/1794
f 1086/1917/1794 1076/1916/1793 1077/1918/1795
f 1086/1917/1794 1077/1918/1795 1085/1919/1796
f 1085/1919/1796 1077/1918/1795 1078/1920/1797
f 1085/1919/1796 1078/1920/1797 1084/1921/1798
f 1084/1921/1798 1078/1920/1797 1079/1922/1799
f 1084/1921/1798 1079/1922/1799 1083/1923/1800
f 1083/1923/1800 1079/1922/1799 1082/1924/1801
f 1082/1924/1801 1079/1922/1799 1080/1925/1802
f 1082/1924/1801 1080/1925/1802 1081/1926/1803
f 1099/1927/1804 1088/1928/1805 1098/1929/1806
f 1098/1929/1806 1088/1928/1805 1089/1930/1807
f 1098/1929/1806 1089/1930/1807 1097/1931/1808
f 1097/1931/1808 1089/1930/1807 1096/1932/1809
f 1096/1932/1809 1089/1930/1807 1090/1933/1810
f 1096/1932/1809 1090/1933/1810 1095/1934/1811
f 1095/1934/1811 1090/1933/1810 1091/1935/1812
f 1095/1934/1811 1091/1935/1812 1094/1936/1813
f 1094/1936/1813 1091/1935/1812 1092/1937/1814
f 1094/1936/1813 1092/1937/1814 1093/1938/1815
f 1100/1939/1816 1088/1940/1805 1101/1941/1817
f 1101/1941/1817 1088/1940/1805 1099/1942/1804
f 1117/1943/1818 1102/1944/1819 1116/1945/1820
f 1116/1945/1820 1102/1944/1819 1103/1946/1821
f 1116/1945/1820 1103/1946/1821 1115/1947/1822
f 1115/1947/1822 1103/1946/1821 1104/1948/1823
f 1115/1947/1822 1104/1948/1823 1114/1949/1824
f 1114/1949/1824 1104/1948/1823 1105/1950/1825
f 1114/1949/1824 1105/1950/1825 1113/1951/1826
f 1113/1951/1826 1105/1950/1825 1106/1952/1827
f 1113/1951/1826 1106/1952/1827 1112/1953/1828
f 1112/1953/1828 1106/1952/1827 1107/1954/1829
f 1112/1953/1828 1107/1954/1829 1111/1955/1830
f 1111/1955/1830 1107/1954/1829 1108/1956/1831
f 1111/1955/1830 1108/1956/1831 1110/1957/1832
f 1110/1957/1832 1108/1956/1831 1109/1958/1833
f 1110/1957/1832 1109/1958/1833 1101/1959/1817
f 1101/1959/1817 1109/1958/1833 1100/1960/1816
f 1102/1961/1819 1122/1962/1834 1118/1963/1835
f 1118/1963/1835 1122/1962/1834 1123/1964/1836
f 1118/1963/1835 1123/1964/1836 1124/1965/1837
f 1117/1966/1818 1119/1967/1838 1102/1961/1819
f 1102/1961/1819 1119/1967/1838 1120/1968/1839
f 1102/1961/1819 1120/1968/1839 1121/1969/1840
f 1121/1969/1840 1122/1962/1834 1102/1961/1819
f 1124/1965/1837 1125/1970/1841 1118/1963/1835
f 1118/1963/1835 1125/1970/1841 1126/1971/1842
f 1127/1972/1843 1128/1973/1844 1145/1974/1845
f 1145/1974/1845 1128/1973/1844 1144/1975/1846
f 1144/1975/1846 1128/1973/1844 1129/1976/1847
f 1144/1975/1846 1129/1976/1847 1143/1977/1848
f 1143/1977/1848 1129/1976/1847 1142/1978/1849
f 1142/1978/1849 1129/1976/1847 1130/1979/1850
f 1142/1978/1849 1130/1979/1850 1141/1980/1851
f 1141/1980/1851 1130/1979/1850 1131/1981/1852
f 1141/1980/1851 1131/1981/1852 1140/1982/1853
f 1140/1982/1853 1131/1981/1852 1139/1983/1854
f 1139/1983/1854 1131/1981/1852 1132/1984/1855
f 1139/1983/1854 1132/1984/1855 1138/1985/1856
f 1138/1985/1856 1132/1984/1855 1133/1986/1857
f 1138/1985/1856 1133/1986/1857 1137/1987/1858
f 1137/1987/1858 1133/1986/1857 1136/1988/1859
f 1136/1988/1859 1133/1986/1857 1134/1989/1860
f 1136/1988/1859 1134/1989/1860 1135/1990/1861
f 1135/1990/1861 1134/1989/1860 1118/1991/1835
f 1135/1990/1861 1118/1991/1835 1126/1992/1842
f 1080/1993/1802 1127/1994/1843 1081/1995/1803
f 1081/1995/1803 1127/1994/1843 1145/1996/1845
f 1146/1997/1862 1147/1998/1863 864/1999/1864
f 864/1999/1864 1147/1998/1863 865/2000/1865
f 865/2000/1865 1147/1998/1863 1148/2001/1866
f 865/2000/1865 1148/2001/1866 866/2002/1867
f 866/2002/1867 1148/2001/1866 1149/2003/1868
f 866/2002/1867 1149/2003/1868 867/2004/1869
f 867/2004/1869 1149/2003/1868 1150/2005/1870
f 867/2004/1869 1150/2005/1870 868/2006/1871
f 868/2006/1871 1150/2005/1870 1151/2007/1872
f 868/2006/1871 1151/2007/1872 869/2008/1873
f 869/2008/1873 1151/2007/1872 1152/2009/1874
f 869/2008/1873 1152/2009/1874 870/2010/1875
f 870/2010/1875 1152/2009/1874 1153/2011/1876
f 870/2010/1875 1153/2011/1876 871/2012/1877
f 871/2012/1877 1153/2011/1876 1154/2013/1878
f 871/2012/1877 1154/2013/1878 872/2014/1879
f 872/2014/1879 1154/2013/1878 1155/2015/1880
f 872/2014/1879 1155/2015/1880 873/2016/1881
f 873/2016/1881 1155/2015/1880 1156/2017/1882
f 873/2016/1881 1156/2017/1882 874/2018/1883
f 874/2018/1883 1156/2017/1882 1157/2019/1884
f 874/2018/1883 1157/2019/1884 1158/2020/1885
f 874/2018/1883 1158/2020/1885 875/2021/1886
f 875/2021/1886 1158/2020/1885 1159/2022/1887
f 875/2021/1886 1159/2022/1887 876/2023/1888
f 876/2023/1888 1159/2022/1887 1160/2024/1889
f 876/2023/1888 1160/2024/1889 877/2025/1890
f 877/2025/1890 1160/2024/1889 1161/2026/1891
f 877/2025/1890 1161/2026/1891 805/2027/1460
f 805/2027/1460 1161/2026/1891 806/2028/1461
f 770/2029/1892 769/2030/1893 962/2031/1894
f 962/2031/1894 769/2030/1893 1162/2032/1895
f 838/2033/1420 1163/2034/1896 755/2035/1418
f 755/2035/1418 1163/2034/1896 756/2036/1897
f 756/2036/1897 1163/2034/1896 1164/2037/1898
f 756/2036/1897 1164/2037/1898 757/2038/1899
f 757/2038/1899 1164/2037/1898 1165/2039/1900
f 757/2038/1899 1165/2039/1900 758/2040/1901
f 758/2040/1901 1165/2039/1900 1166/2041/1902
f 758/2040/1901 1166/2041/1902 759/2042/1903
f 759/2042/1903 1166/2041/1902 1167/2043/1904
f 759/2042/1903 1167/2043/1904 760/2044/1905
f 760/2044/1905 1167/2043/1904 1168/2045/1906
f 760/2044/1905 1168/2045/1906 761/2046/1907
f 761/2046/1907 1168/2045/1906 1169/2047/1908
f 761/2046/1907 1169/2047/1908 762/2048/1909
f 762/2048/1909 1169/2047/1908 1170/2049/1910
f 762/2048/1909 1170/2049/1910 763/2050/1911
f 763/2050/1911 1170/2049/1910 1171/2051/1912
f 763/2050/1911 1171/2051/1912 764/2052/1913
f 764/2052/1913 1171/2051/1912 1172/2053/1914
f 764/2052/1913 1172/2053/1914 765/2054/1915
f 765/2054/1915 1172/2053/1914 1173/2055/1916
f 765/2054/1915 1173/2055/1916 1174/2056/1917
f 765/2054/1915 1174/2056/1917 766/2057/1918
f 766/2057/1918 1174/2056/1917 1175/2058/1919
f 766/2057/1918 1175/2058/1919 767/2059/1920
f 767/2059/1920 1175/2058/1919 1176/2060/1921
f 767/2059/1920 1176/2060/1921 768/2061/1922
f 768/2061/1922 1176/2060/1921 1177/2062/1923
f 768/2061/1922 1177/2062/1923 769/2063/1893
f 769/2063/1893 1177/2062/1923 1162/2064/1895
f 1193/2065/1924 1178/2066/1925 1196/2067/1926
f 1196/2067/1926 1178/2066/1925 1162/2068/1927
f 1196/2067/1926 1162/2068/1927 1177/2069/1928
f 1196/2067/1926 1177/2069/1928 1197/2070/1929
f 1197/2070/1929 1177/2069/1928 1176/2071/1930
f 1197/2070/1929 1176/2071/1930 1198/2072/1931
f 1198/2072/1931 1176/2071/1930 1175/2073/1932
f 1198/2072/1931 1175/2073/1932 1174/2074/1933
f 1198/2072/1931 1174/2074/1933 1199/2075/1934
f 1199/2075/1934 1174/2074/1933 1173/2076/1935
f 1199/2075/1934 1173/2076/1935 1200/2077/1936
f 1200/2077/1936 1173/2076/1935 1172/2078/1937
f 1200/2077/1936 1172/2078/1937 1195/2079/1938
f 1195/2079/1938 1172/2078/1937 1171/2080/1939
f 1195/2079/1938 1171/2080/1939 1201/2081/1940
f 1201/2081/1940 1171/2080/1939 1170/2082/1941
f 1201/2081/1940 1170/2082/1941 1202/2083/1942
f 1202/2083/1942 1170/2082/1941 1169/2084/1943
f 1202/2083/1942 1169/2084/1943 1203/2085/1944
f 1203/2085/1944 1169/2084/1943 1168/2086/1945
f 1203/2085/1944 1168/2086/1945 1204/2087/1946
f 1204/2087/1946 1168/2086/1945 1167/2088/1947
f 1204/2087/1946 1167/2088/1947 1205/2089/1948
f 1205/2089/1948 1167/2088/1947 1166/2090/1949
f 1205/2089/1948 1166/2090/1949 1206/2091/1950
f 1206/2091/1950 1166/2090/1949 1165/2092/1951
f 1206/2091/1950 1165/2092/1951 1207/2093/1952
f 1207/2093/1952 1165/2092/1951 1164/2094/1953
f 1207/2093/1952 1164/2094/1953 1208/2095/1954
f 1208/2095/1954 1164/2094/1953 1163/2096/1955
f 1208/2095/1954 1163/2096/1955 1209/2097/1956
f 1209/2097/1956 1163/2096/1955 1194/2098/1957
f 1209/2097/1956 1194/2098/1957 1180/2099/1958
f 1180/2099/1958 1194/2098/1957 1179/2100/1959
f 1179/2100/1959 1194/2098/1957 838/2101/1960
f 838/2101/1960 1194/2098/1957 1163/2096/1955
f 1209/2097/1956 1180/2099/1958 1208/2095/1954
f 1208/2095/1954 1180/2099/1958 1181/2102/1961
f 1208/2095/1954 1181/2102/1961 1207/2093/1952
f 1207/2093/1952 1181/2102/1961 1182/2103/1962
f 1207/2093/1952 1182/2103/1962 1206/2091/1950
f 1206/2091/1950 1182/2103/1962 1183/2104/1963
f 1206/2091/1950 1183/2104/1963 1205/2089/1948
f 1205/2089/1948 1183/2104/1963 1184/2105/1964
f 1205/2089/1948 1184/2105/1964 1204/2087/1946
f 1204/2087/1946 1184/2105/1964 1185/2106/1965
f 1204/2087/1946 1185/2106/1965 1203/2085/1944
f 1203/2085/1944 1185/2106/1965 1186/2107/1966
f 1203/2085/1944 1186/2107/1966 1202/2083/1942
f 1202/2083/1942 1186/2107/1966 1187/2108/1967
f 1202/2083/1942 1187/2108/1967 1201/2081/1940
f 1201/2081/1940 1187/2108/1967 1188/2109/1968
f 1201/2081/1940 1188/2109/1968 1195/2079/1938
f 1195/2079/1938 1188/2109/1968 1189/2110/1969
f 1195/2079/1938 1189/2110/1969 1200/2077/1936
f 1200/2077/1936 1189/2110/1969 1199/2075/1934
f 1189/2110/1969 1190/2111/1970 1199/2075/1934
f 1199/2075/1934 1190/2111/1970 1198/2072/1931
f 1190/2111/1970 1191/2112/1971 1198/2072/1931
f 1198/2072/1931 1191/2112/1971 1192/2113/1972
f 1198/2072/1931 1192/2113/1972 1197/2070/1929
f 1197/2070/1929 1192/2113/1972 1193/2065/1924
f 1197/2070/1929 1193/2065/1924 1196/2067/1926
f 837/2114/1973 1076/2115/1974 838/2116/1960
f 838/2116/1960 1076/2115/1974 1179/2117/1959
f 832/2118/1975 1080/2119/1976 833/2120/1977
f 833/2120/1977 1080/2119/1976 1079/2121/1978
f 833/2120/1977 1079/2121/1978 834/2122/1979
f 834/2122/1979 1079/2121/1978 1078/2123/1980
f 834/2122/1979 1078/2123/1980 835/2124/1981
f 835/2124/1981 1078/2123/1980 1077/2125/1982
f 835/2124/1981 1077/2125/1982 836/2126/1983
f 836/2126/1983 1077/2125/1982 1076/2127/1974
f 836/2126/1983 1076/2127/1974 837/2128/1973
f 832/2129/1975 831/2130/1984 1080/2131/1976
f 1080/2131/1976 831/2130/1984 1127/2132/1985
f 822/2133/1986 1118/2134/1987 823/2135/1988
f 823/2135/1988 1118/2134/1987 1212/2136/1989
f 823/2135/1988 1212/2136/1989 824/2137/1990
f 824/2137/1990 1212/2136/1989 1211/2138/1991
f 824/2137/1990 1211/2138/1991 1213/2139/1992
f 1213/2139/1992 1211/2138/1991 1133/2140/1993
f 1213/2139/1992 1133/2140/1993 1132/2141/1994
f 1118/2134/1987 1134/2142/1995 1212/2136/1989
f 1212/2136/1989 1134/2142/1995 1211/2138/1991
f 1134/2142/1995 1133/2140/1993 1211/2138/1991
f 1131/2143/1996 1210/2144/1997 1132/2141/1994
f 1132/2141/1994 1210/2144/1997 1214/2145/1998
f 1132/2141/1994 1214/2145/1998 1213/2139/1992
f 1213/2139/1992 1214/2145/1998 825/2146/1999
f 1213/2139/1992 825/2146/1999 824/2137/1990
f 1210/2144/1997 1131/2143/1996 1215/2147/2000
f 1215/2147/2000 1131/2143/1996 1130/2148/2001
f 1215/2147/2000 1130/2148/2001 1216/2149/2002
f 1216/2149/2002 1130/2148/2001 1129/2150/2003
f 1216/2149/2002 1129/2150/2003 1217/2151/2004
f 1217/2151/2004 1129/2150/2003 1128/2152/2005
f 1217/2151/2004 1128/2152/2005 1218/2153/2006
f 1218/2153/2006 1128/2152/2005 1127/2154/1985
f 1218/2153/2006 1127/2154/1985 831/2155/2007
f 831/2155/2007 830/2156/2008 1218/2153/2006
f 1218/2153/2006 830/2156/2008 1217/2151/2004
f 830/2156/2008 829/2157/2009 1217/2151/2004
f 1217/2151/2004 829/2157/2009 1216/2149/2002
f 829/2157/2009 828/2158/2010 1216/2149/2002
f 1216/2149/2002 828/2158/2010 1215/2147/2000
f 828/2158/2010 827/2159/2011 1215/2147/2000
f 1215/2147/2000 827/2159/2011 1210/2144/1997
f 827/2159/2011 826/2160/2012 1210/2144/1997
f 1210/2144/1997 826/2160/2012 1214/2145/1998
f 826/2160/2012 825/2146/1999 1214/2145/1998
f 1118/2161/1987 822/2162/1986 1102/2163/2013
f 1102/2163/2013 822/2162/1986 821/2164/2014
f 814/2165/2015 813/2166/2016 1219/2167/2017
f 1219/2167/2017 813/2166/2016 1100/2168/2018
f 1219/2167/2017 1100/2168/2018 1109/2169/2019
f 1219/2167/2017 1109/2169/2019 1220/2170/2020
f 1220/2170/2020 1109/2169/2019 1108/2171/2021
f 1220/2170/2020 1108/2171/2021 1221/2172/2022
f 1221/2172/2022 1108/2171/2021 1107/2173/2023
f 1221/2172/2022 1107/2173/2023 1222/2174/2024
f 1222/2174/2024 1107/2173/2023 1106/2175/2025
f 1222/2174/2024 1106/2175/2025 1223/2176/2026
f 1223/2176/2026 1106/2175/2025 1105/2177/2027
f 1223/2176/2026 1105/2177/2027 1224/2178/2028
f 1224/2178/2028 1105/2177/2027 1104/2179/2029
f 1224/2178/2028 1104/2179/2029 1225/2180/2030
f 1225/2180/2030 1104/2179/2029 1103/2181/2031
f 1225/2180/2030 1103/2181/2031 1226/2182/2032
f 1226/2182/2032 1103/2181/2031 1102/2183/2033
f 1226/2182/2032 1102/2183/2033 821/2184/2014
f 821/2184/2014 820/2185/2034 1226/2182/2032
f 1226/2182/2032 820/2185/2034 1225/2180/2030
f 820/2185/2034 819/2186/2035 1225/2180/2030
f 1225/2180/2030 819/2186/2035 1224/2178/2028
f 819/2186/2035 818/2187/2036 1224/2178/2028
f 1224/2178/2028 818/2187/2036 1223/2176/2026
f 818/2187/2036 817/2188/2037 1223/2176/2026
f 1223/2176/2026 817/2188/2037 1222/2174/2024
f 817/2188/2037 816/2189/2038 1222/2174/2024
f 1222/2174/2024 816/2189/2038 1221/2172/2022
f 816/2189/2038 815/2190/2039 1221/2172/2022
f 1221/2172/2022 815/2190/2039 1220/2170/2020
f 815/2190/2039 814/2165/2015 1220/2170/2020
f 1220/2170/2020 814/2165/2015 1219/2167/2017
f 813/2191/2016 812/2192/2040 1100/2193/2018
f 1100/2193/2018 812/2192/2040 1088/2194/2041
f 807/2195/2042 1092/2196/2043 808/2197/2044
f 808/2197/2044 1092/2196/2043 1091/2198/2045
f 808/2197/2044 1091/2198/2045 809/2199/2046
f 809/2199/2046 1091/2198/2045 1090/2200/2047
f 809/2199/2046 1090/2200/2047 810/2201/2048
f 810/2201/2048 1090/2200/2047 1089/2202/2049
f 810/2201/2048 1089/2202/2049 811/2203/2050
f 811/2203/2050 1089/2202/2049 1088/2204/2041
f 811/2203/2050 1088/2204/2041 812/2205/2040
f 806/2206/2051 1227/2207/2052 807/2208/2042
f 807/2208/2042 1227/2207/2052 1092/2209/2043
f 1242/2210/2053 1227/2211/2052 1245/2212/2054
f 1245/2212/2054 1227/2211/2052 806/2213/2051
f 1245/2212/2054 806/2213/2051 1161/2214/2055
f 1245/2212/2054 1161/2214/2055 1246/2215/2056
f 1246/2215/2056 1161/2214/2055 1160/2216/2057
f 1246/2215/2056 1160/2216/2057 1247/2217/2058
f 1247/2217/2058 1160/2216/2057 1159/2218/2059
f 1247/2217/2058 1159/2218/2059 1158/2219/2060
f 1247/2217/2058 1158/2219/2060 1248/2220/2061
f 1248/2220/2061 1158/2219/2060 1157/2221/2062
f 1248/2220/2061 1157/2221/2062 1249/2222/2063
f 1249/2222/2063 1157/2221/2062 1156/2223/2064
f 1249/2222/2063 1156/2223/2064 1244/2224/2065
f 1244/2224/2065 1156/2223/2064 1155/2225/2066
f 1244/2224/2065 1155/2225/2066 1250/2226/2067
f 1250/2226/2067 1155/2225/2066 1154/2227/2068
f 1250/2226/2067 1154/2227/2068 1251/2228/2069
f 1251/2228/2069 1154/2227/2068 1153/2229/2070
f 1251/2228/2069 1153/2229/2070 1252/2230/2071
f 1252/2230/2071 1153/2229/2070 1152/2231/2072
f 1252/2230/2071 1152/2231/2072 1253/2232/2073
f 1253/2232/2073 1152/2231/2072 1151/2233/2074
f 1253/2232/2073 1151/2233/2074 1254/2234/2075
f 1254/2234/2075 1151/2233/2074 1150/2235/2076
f 1254/2234/2075 1150/2235/2076 1255/2236/2077
f 1255/2236/2077 1150/2235/2076 1149/2237/2078
f 1255/2236/2077 1149/2237/2078 1256/2238/2079
f 1256/2238/2079 1149/2237/2078 1148/2239/2080
f 1256/2238/2079 1148/2239/2080 1257/2240/2081
f 1257/2240/2081 1148/2239/2080 1147/2241/2082
f 1257/2240/2081 1147/2241/2082 1258/2242/2083
f 1258/2242/2083 1147/2241/2082 1243/2243/2084
f 1258/2242/2083 1243/2243/2084 1229/2244/2085
f 1229/2244/2085 1243/2243/2084 1228/2245/2086
f 1228/2245/2086 1243/2243/2084 1146/2246/2087
f 1146/2246/2087 1243/2243/2084 1147/2241/2082
f 1258/2242/2083 1229/2244/2085 1257/2240/2081
f 1257/2240/2081 1229/2244/2085 1230/2247/2088
f 1257/2240/2081 1230/2247/2088 1256/2238/2079
f 1256/2238/2079 1230/2247/2088 1231/2248/2089
f 1256/2238/2079 1231/2248/2089 1255/2236/2077
f 1255/2236/2077 1231/2248/2089 1232/2249/2090
f 1255/2236/2077 1232/2249/2090 1254/2234/2075
f 1254/2234/2075 1232/2249/2090 1233/2250/2091
f 1254/2234/2075 1233/2250/2091 1253/2232/2073
f 1253/2232/2073 1233/2250/2091 1234/2251/2092
f 1253/2232/2073 1234/2251/2092 1252/2230/2071
f 1252/2230/2071 1234/2251/2092 1235/2252/2093
f 1252/2230/2071 1235/2252/2093 1251/2228/2069
f 1251/2228/2069 1235/2252/2093 1236/2253/2094
f 1251/2228/2069 1236/2253/2094 1250/2226/2067
f 1250/2226/2067 1236/2253/2094 1237/2254/2095
f 1250/2226/2067 1237/2254/2095 1244/2224/2065
f 1244/2224/2065 1237/2254/2095 1238/2255/2096
f 1244/2224/2065 1238/2255/2096 1249/2222/2063
f 1249/2222/2063 1238/2255/2096 1248/2220/2061
f 1238/2255/2096 1239/2256/2097 1248/2220/2061
f 1248/2220/2061 1239/2256/2097 1247/2217/2058
f 1239/2256/2097 1240/2257/2098 1247/2217/2058
f 1247/2217/2058 1240/2257/2098 1241/2258/2099
f 1247/2217/2058 1241/2258/2099 1246/2215/2056
f 1246/2215/2056 1241/2258/2099 1242/2210/2053
f 1246/2215/2056 1242/2210/2053 1245/2212/2054
f 1289/2259/2100 1259/2260/2101 1290/2261/2102
f 1290/2261/2102 1259/2260/2101 1260/2262/2103
f 1290/2261/2102 1260/2262/2103 1293/2263/2104
f 1293/2263/2104 1260/2262/2103 1292/2264/2105
f 1293/2263/2104 1292/2264/2105 1288/2265/2106
f 1288/2265/2106 1292/2264/2105 1287/2266/2107
f 1287/2266/2107 1292/2264/2105 1294/2267/2108
f 1287/2266/2107 1294/2267/2108 1286/2268/2109
f 1286/2268/2109 1294/2267/2108 1295/2269/2110
f 1286/2268/2109 1295/2269/2110 1285/2270/2111
f 1285/2270/2111 1295/2269/2110 1296/2271/2112
f 1285/2270/2111 1296/2271/2112 1284/2272/2113
f 1284/2272/2113 1296/2271/2112 1297/2273/2114
f 1284/2272/2113 1297/2273/2114 1283/2274/2115
f 1283/2274/2115 1297/2273/2114 1298/2275/2116
f 1283/2274/2115 1298/2275/2116 1282/2276/2117
f 1282/2276/2117 1298/2275/2116 1299/2277/2118
f 1282/2276/2117 1299/2277/2118 1281/2278/2119
f 1281/2278/2119 1299/2277/2118 1300/2279/2120
f 1281/2278/2119 1300/2279/2120 1280/2280/2121
f 1280/2280/2121 1300/2279/2120 1291/2281/2122
f 1280/2280/2121 1291/2281/2122 1279/2282/2123
f 1279/2282/2123 1291/2281/2122 1302/2283/2124
f 1279/2282/2123 1302/2283/2124 1301/2284/2125
f 1301/2284/2125 1302/2283/2124 1269/2285/2126
f 1301/2284/2125 1269/2285/2126 1270/2286/2127
f 1260/2262/2103 1261/2287/2128 1292/2264/2105
f 1292/2264/2105 1261/2287/2128 1294/2267/2108
f 1261/2287/2128 1262/2288/2129 1294/2267/2108
f 1294/2267/2108 1262/2288/2129 1295/2269/2110
f 1262/2288/2129 1263/2289/2130 1295/2269/2110
f 1295/2269/2110 1263/2289/2130 1296/2271/2112
f 1263/2289/2130 1264/2290/2131 1296/2271/2112
f 1296/2271/2112 1264/2290/2131 1297/2273/2114
f 1264/2290/2131 1265/2291/2132 1297/2273/2114
f 1297/2273/2114 1265/2291/2132 1298/2275/2116
f 1265/2291/2132 1266/2292/2133 1298/2275/2116
f 1298/2275/2116 1266/2292/2133 1299/2277/2118
f 1266/2292/2133 1267/2293/2134 1299/2277/2118
f 1299/2277/2118 1267/2293/2134 1300/2279/2120
f 1267/2293/2134 1268/2294/2135 1300/2279/2120
f 1300/2279/2120 1268/2294/2135 1291/2281/2122
f 1268/2294/2135 1269/2285/2126 1291/2281/2122
f 1291/2281/2122 1269/2285/2126 1302/2283/2124
f 1301/2284/2125 1270/2286/2127 1303/2295/2136
f 1303/2295/2136 1270/2286/2127 1271/2296/2137
f 1303/2295/2136 1271/2296/2137 1272/2297/2138
f 1303/2295/2136 1272/2297/2138 1304/2298/2139
f 1304/2298/2139 1272/2297/2138 1273/2299/2140
f 1304/2298/2139 1273/2299/2140 1305/2300/2141
f 1305/2300/2141 1273/2299/2140 935/2301/2142
f 1305/2300/2141 935/2301/2142 1274/2302/2143
f 1274/2302/2143 1275/2303/2144 1305/2300/2141
f 1305/2300/2141 1275/2303/2144 1304/2298/2139
f 1275/2303/2144 1276/2304/2145 1304/2298/2139
f 1304/2298/2139 1276/2304/2145 1303/2295/2136
f 1276/2304/2145 1277/2305/2146 1303/2295/2136
f 1303/2295/2136 1277/2305/2146 1278/2306/2147
f 1303/2295/2136 1278/2306/2147 1301/2284/2125
f 1301/2284/2125 1278/2306/2147 1279/2282/2123
f 1293/2263/2104 1288/2265/2106 1290/2261/2102
f 1290/2261/2102 1288/2265/2106 1289/2259/2100
f 1274/2307/2143 935/2308/2142 1306/2309/2148
f 1306/2309/2148 935/2308/2142 934/2310/2149
f 929/2311/2150 1307/2312/2151 930/2313/2152
f 930/2313/2152 1307/2312/2151 1308/2314/2153
f 930/2313/2152 1308/2314/2153 931/2315/2154
f 931/2315/2154 1308/2314/2153 1309/2316/2155
f 931/2315/2154 1309/2316/2155 932/2317/2156
f 932/2317/2156 1309/2316/2155 1310/2318/2157
f 932/2317/2156 1310/2318/2157 933/2319/2158
f 933/2319/2158 1310/2318/2157 1311/2320/2159
f 933/2319/2158 1311/2320/2159 934/2321/2149
f 934/2321/2149 1311/2320/2159 1306/2322/2148
f 901/2323/2160 1307/2324/2151 902/2325/1553
f 902/2325/1553 1307/2324/2151 929/2326/2150
f 893/2327/1544 892/2328/2161 1312/2329/2162
f 1312/2329/2162 892/2328/2161 928/2330/2163
f 927/2331/2164 1323/2332/2165 928/2333/2163
f 928/2333/2163 1323/2332/2165 1320/2334/2166
f 928/2333/2163 1320/2334/2166 1312/2335/2162
f 1323/2332/2165 927/2331/2164 1322/2336/2167
f 1322/2336/2167 927/2331/2164 926/2337/2168
f 1322/2336/2167 926/2337/2168 1324/2338/2169
f 1324/2338/2169 926/2337/2168 925/2339/2170
f 1324/2338/2169 925/2339/2170 1321/2340/2171
f 1321/2340/2171 925/2339/2170 924/2341/2172
f 1321/2340/2171 924/2341/2172 1325/2342/2173
f 1325/2342/2173 924/2341/2172 923/2343/2174
f 1325/2342/2173 923/2343/2174 1326/2344/2175
f 1326/2344/2175 923/2343/2174 922/2345/2176
f 1326/2344/2175 922/2345/2176 1327/2346/2177
f 1327/2346/2177 922/2345/2176 921/2347/2178
f 1327/2346/2177 921/2347/2178 1313/2348/2179
f 1313/2348/2179 1314/2349/2180 1327/2346/2177
f 1327/2346/2177 1314/2349/2180 1326/2344/2175
f 1314/2349/2180 1315/2350/2181 1326/2344/2175
f 1326/2344/2175 1315/2350/2181 1316/2351/2182
f 1326/2344/2175 1316/2351/2182 1325/2342/2173
f 1325/2342/2173 1316/2351/2182 1317/2352/2183
f 1325/2342/2173 1317/2352/2183 1321/2340/2171
f 1321/2340/2171 1317/2352/2183 1318/2353/2184
f 1321/2340/2171 1318/2353/2184 1324/2338/2169
f 1324/2338/2169 1318/2353/2184 1322/2336/2167
f 1318/2353/2184 1319/2354/2185 1322/2336/2167
f 1322/2336/2167 1319/2354/2185 1323/2332/2165
f 1319/2354/2185 1320/2334/2166 1323/2332/2165
f 1328/2355/2186 1313/2356/2187 920/2357/2188
f 920/2357/2188 1313/2356/2187 921/2358/2178
f 915/2359/2189 1003/2360/2190 916/2361/2191
f 916/2361/2191 1003/2360/2190 1329/2362/2192
f 916/2361/2191 1329/2362/2192 917/2363/2193
f 917/2363/2193 1329/2362/2192 1330/2364/2194
f 917/2363/2193 1330/2364/2194 918/2365/2195
f 918/2365/2195 1330/2364/2194 1331/2366/2196
f 918/2365/2195 1331/2366/2196 919/2367/2197
f 919/2367/2197 1331/2366/2196 1332/2368/2198
f 919/2367/2197 1332/2368/2198 920/2369/2188
f 920/2369/2188 1332/2368/2198 1328/2370/2186
f 1003/2371/2190 915/2372/2189 1004/2373/2199
f 1004/2373/2199 915/2372/2189 914/2374/2200
f 1020/2375/2201 1019/2376/2202 1349/2377/2203
f 1349/2377/2203 1019/2376/2202 1018/2378/2204
f 1349/2377/2203 1018/2378/2204 1350/2379/2205
f 1350/2379/2205 1018/2378/2204 1017/2380/2206
f 1350/2379/2205 1017/2380/2206 1351/2381/2207
f 1351/2381/2207 1017/2380/2206 1016/2382/2208
f 1351/2381/2207 1016/2382/2208 1015/2383/2209
f 1351/2381/2207 1015/2383/2209 1352/2384/2210
f 1352/2384/2210 1015/2383/2209 1014/2385/2211
f 1352/2384/2210 1014/2385/2211 1353/2386/2212
f 1353/2386/2212 1014/2385/2211 1348/2387/2213
f 1353/2386/2212 1348/2387/2213 1342/2388/2214
f 1342/2388/2214 1348/2387/2213 1341/2389/2215
f 1341/2389/2215 1348/2387/2213 1354/2390/2216
f 1341/2389/2215 1354/2390/2216 1340/2391/2217
f 1340/2391/2217 1354/2390/2216 1355/2392/2218
f 1340/2391/2217 1355/2392/2218 1339/2393/2219
f 1339/2393/2219 1355/2392/2218 1356/2394/2220
f 1339/2393/2219 1356/2394/2220 1338/2395/2221
f 1338/2395/2221 1356/2394/2220 1357/2396/2222
f 1338/2395/2221 1357/2396/2222 1337/2397/2223
f 1337/2397/2223 1357/2396/2222 1358/2398/2224
f 1337/2397/2223 1358/2398/2224 1336/2399/2225
f 1336/2399/2225 1358/2398/2224 1359/2400/2226
f 1336/2399/2225 1359/2400/2226 1335/2401/2227
f 1335/2401/2227 1359/2400/2226 1360/2402/2228
f 1335/2401/2227 1360/2402/2228 1334/2403/2229
f 1334/2403/2229 1360/2402/2228 1361/2404/2230
f 1334/2403/2229 1361/2404/2230 1333/2405/2231
f 1333/2405/2231 1361/2404/2230 1362/2406/2232
f 1333/2405/2231 1362/2406/2232 1347/2407/2233
f 1347/2407/2233 1362/2406/2232 1005/2408/2234
f 1347/2407/2233 1005/2408/2234 1004/2409/2235
f 1014/2385/2211 1013/2410/2236 1348/2387/2213
f 1348/2387/2213 1013/2410/2236 1354/2390/2216
f 1013/2410/2236 1012/2411/2237 1354/2390/2216
f 1354/2390/2216 1012/2411/2237 1355/2392/2218
f 1012/2411/2237 1011/2412/2238 1355/2392/2218
f 1355/2392/2218 1011/2412/2238 1356/2394/2220
f 1011/2412/2238 1010/2413/2239 1356/2394/2220
f 1356/2394/2220 1010/2413/2239 1357/2396/2222
f 1010/2413/2239 1009/2414/2240 1357/2396/2222
f 1357/2396/2222 1009/2414/2240 1358/2398/2224
f 1009/2414/2240 1008/2415/2241 1358/2398/2224
f 1358/2398/2224 1008/2415/2241 1359/2400/2226
f 1008/2415/2241 1007/2416/2242 1359/2400/2226
f 1359/2400/2226 1007/2416/2242 1360/2402/2228
f 1007/2416/2242 1006/2417/2243 1360/2402/2228
f 1360/2402/2228 1006/2417/2243 1361/2404/2230
f 1006/2417/2243 1005/2408/2234 1361/2404/2230
f 1361/2404/2230 1005/2408/2234 1362/2406/2232
f 1004/2409/2235 914/2418/2244 1347/2407/2233
f 1347/2407/2233 914/2418/2244 1333/2405/2231
f 1353/2386/2212 1342/2388/2214 1352/2384/2210
f 1352/2384/2210 1342/2388/2214 1343/2419/2245
f 1352/2384/2210 1343/2419/2245 1351/2381/2207
f 1351/2381/2207 1343/2419/2245 1344/2420/2246
f 1351/2381/2207 1344/2420/2246 1345/2421/2247
f 1351/2381/2207 1345/2421/2247 1350/2379/2205
f 1350/2379/2205 1345/2421/2247 1346/2422/2248
f 1350/2379/2205 1346/2422/2248 1349/2377/2203
f 1349/2377/2203 1346/2422/2248 1020/2375/2201
f 774/2423/1734 1020/2424/1732 775/2425/2249
f 775/2425/2249 1020/2424/1732 1346/2426/2250
f 775/2425/2249 1346/2426/2250 776/2427/2251
f 776/2427/2251 1346/2426/2250 1345/2428/2252
f 776/2427/2251 1345/2428/2252 777/2429/2253
f 777/2429/2253 1345/2428/2252 1344/2430/2254
f 777/2429/2253 1344/2430/2254 778/2431/2255
f 778/2431/2255 1344/2430/2254 1343/2432/2256
f 778/2431/2255 1343/2432/2256 779/2433/2257
f 779/2433/2257 1343/2432/2256 1342/2434/2258
f 779/2433/2257 1342/2434/2258 780/2435/2259
f 780/2435/2259 1342/2434/2258 1341/2436/2260
f 780/2435/2259 1341/2436/2260 781/2437/2261
f 781/2437/2261 1341/2436/2260 1340/2438/2262
f 781/2437/2261 1340/2438/2262 782/2439/2263
f 782/2439/2263 1340/2438/2262 1339/2440/2264
f 782/2439/2263 1339/2440/2264 783/2441/2265
f 783/2441/2265 1339/2440/2264 1338/2442/2266
f 783/2441/2265 1338/2442/2266 784/2443/2267
f 784/2443/2267 1338/2442/2266 1337/2444/2268
f 784/2443/2267 1337/2444/2268 785/2445/2269
f 785/2445/2269 1337/2444/2268 1336/2446/2270
f 785/2445/2269 1336/2446/2270 786/2447/2271
f 786/2447/2271 1336/2446/2270 1335/2448/2272
f 786/2447/2271 1335/2448/2272 787/2449/2273
f 787/2449/2273 1335/2448/2272 1334/2450/2274
f 787/2449/2273 1334/2450/2274 788/2451/2275
f 788/2451/2275 1334/2450/2274 1333/2452/2276
f 788/2451/2275 1333/2452/2276 789/2453/2277
f 789/2453/2277 1333/2452/2276 914/2454/1562
f 789/2453/2277 914/2454/1562 790/2455/1560
f 859/2456/2278 858/2457/2279 1259/2458/2280
f 1259/2458/2280 858/2457/2279 1260/2459/2281
f 1260/2459/2281 858/2457/2279 857/2460/2282
f 1260/2459/2281 857/2460/2282 1261/2461/2283
f 1261/2461/2283 857/2460/2282 856/2462/2284
f 1261/2461/2283 856/2462/2284 1262/2463/2285
f 1262/2463/2285 856/2462/2284 855/2464/2286
f 1262/2463/2285 855/2464/2286 1263/2465/2287
f 1263/2465/2287 855/2464/2286 854/2466/2288
f 1263/2465/2287 854/2466/2288 1264/2467/2289
f 1264/2467/2289 854/2466/2288 853/2468/2290
f 1264/2467/2289 853/2468/2290 1265/2469/2291
f 1265/2469/2291 853/2468/2290 852/2470/2292
f 1265/2469/2291 852/2470/2292 1266/2471/2293
f 1266/2471/2293 852/2470/2292 851/2472/2294
f 1266/2471/2293 851/2472/2294 1267/2473/2295
f 1267/2473/2295 851/2472/2294 850/2474/2296
f 1267/2473/2295 850/2474/2296 1268/2475/2297
f 1268/2475/2297 850/2474/2296 849/2476/2298
f 1268/2475/2297 849/2476/2298 1269/2477/2299
f 1269/2477/2299 849/2476/2298 848/2478/2300
f 1269/2477/2299 848/2478/2300 1270/2479/2301
f 1270/2479/2301 848/2478/2300 847/2480/2302
f 1270/2479/2301 847/2480/2302 1271/2481/2303
f 1271/2481/2303 847/2480/2302 846/2482/2304
f 1271/2481/2303 846/2482/2304 1272/2483/2305
f 1272/2483/2305 846/2482/2304 845/2484/2306
f 1272/2483/2305 845/2484/2306 1273/2485/2307
f 1273/2485/2307 845/2484/2306 844/2486/2308
f 1273/2485/2307 844/2486/2308 935/2487/1604
f 935/2487/1604 844/2486/2308 843/2488/1605
f 1313/2489/2309 1328/2490/2310 1363/2491/2311
f 1363/2491/2311 1328/2490/2310 1364/2492/2312
f 1363/2493/2311 1365/2494/2313 1313/2495/2309
f 1313/2495/2309 1365/2494/2313 1314/2496/2314
f 1314/2496/2314 1365/2494/2313 1366/2497/2315
f 1314/2496/2314 1366/2497/2315 1315/2498/2316
f 1315/2498/2316 1366/2497/2315 1367/2499/2317
f 1315/2498/2316 1367/2499/2317 1316/2500/2318
f 1316/2500/2318 1367/2499/2317 1368/2501/2319
f 1316/2500/2318 1368/2501/2319 1317/2502/2320
f 1317/2502/2320 1368/2501/2319 1369/2503/2321
f 1317/2502/2320 1369/2503/2321 1318/2504/2322
f 1318/2504/2322 1369/2503/2321 1370/2505/2323
f 1318/2504/2322 1370/2505/2323 1319/2506/2324
f 1319/2506/2324 1370/2505/2323 1371/2507/2325
f 1319/2506/2324 1371/2507/2325 1320/2508/2326
f 1320/2508/2326 1371/2507/2325 1372/2509/2327
f 1320/2508/2326 1372/2509/2327 1312/2510/2328
f 1312/2510/2328 1372/2509/2327 1373/2511/2329
f 1374/2512/2330 893/2513/2331 1381/2514/2332
f 1381/2514/2332 893/2513/2331 1380/2515/2333
f 1380/2515/2333 893/2513/2331 1379/2516/2334
f 1379/2516/2334 893/2513/2331 1378/2517/2335
f 1378/2517/2335 893/2513/2331 1312/2518/2328
f 1378/2517/2335 1312/2518/2328 1377/2519/2336
f 1377/2519/2336 1312/2518/2328 1376/2520/2337
f 1376/2520/2337 1312/2518/2328 1375/2521/2338
f 1375/2521/2338 1312/2518/2328 1373/2522/2329
f 893/2523/2331 1374/2524/2330 894/2525/2339
f 894/2525/2339 1374/2524/2330 1382/2526/2340
f 894/2525/2339 1382/2526/2340 895/2527/2341
f 895/2527/2341 1382/2526/2340 1383/2528/2342
f 895/2527/2341 1383/2528/2342 896/2529/2343
f 896/2529/2343 1383/2528/2342 1384/2530/2344
f 896/2529/2343 1384/2530/2344 897/2531/2345
f 897/2531/2345 1384/2530/2344 1385/2532/2346
f 897/2531/2345 1385/2532/2346 898/2533/2347
f 898/2533/2347 1385/2532/2346 1386/2534/2348
f 898/2533/2347 1386/2534/2348 899/2535/2349
f 899/2535/2349 1386/2534/2348 1387/2536/2350
f 899/2535/2349 1387/2536/2350 900/2537/2351
f 900/2537/2351 1387/2536/2350 1388/2538/2352
f 900/2537/2351 1388/2538/2352 901/2539/2353
f 901/2539/2353 1388/2538/2352 1389/2540/2354
f 1307/2541/2355 901/2542/2353 1390/2543/2356
f 1390/2543/2356 901/2542/2353 1389/2544/2354
f 1307/2545/2355 1390/2546/2356 1308/2547/2357
f 1308/2547/2357 1390/2546/2356 1391/2548/2358
f 1308/2547/2357 1391/2548/2358 1309/2549/2359
f 1309/2549/2359 1391/2548/2358 1392/2550/2360
f 1309/2549/2359 1392/2550/2360 1393/2551/2361
f 1309/2549/2359 1393/2551/2361 1310/2552/2362
f 1310/2552/2362 1393/2551/2361 1394/2553/2363
f 1310/2552/2362 1394/2553/2363 1311/2554/2364
f 1311/2554/2364 1394/2553/2363 1395/2555/2365
f 1311/2554/2364 1395/2555/2365 1306/2556/2366
f 1306/2556/2366 1395/2555/2365 1396/2557/2367
f 1364/2558/2312 1328/2559/2310 1403/2560/2368
f 1403/2560/2368 1328/2559/2310 1332/2561/2369
f 1403/2560/2368 1332/2561/2369 1402/2562/2370
f 1402/2562/2370 1332/2561/2369 1331/2563/2371
f 1402/2562/2370 1331/2563/2371 1401/2564/2372
f 1401/2564/2372 1331/2563/2371 1400/2565/2373
f 1400/2565/2373 1331/2563/2371 1330/2566/2374
f 1400/2565/2373 1330/2566/2374 1399/2567/2375
f 1399/2567/2375 1330/2566/2374 1329/2568/2376
f 1399/2567/2375 1329/2568/2376 1398/2569/2377
f 1398/2569/2377 1329/2568/2376 1397/2570/2378
f 1397/2570/2378 1329/2568/2376 1003/2571/1723
f 1397/2570/2378 1003/2571/1723 978/2572/1686
f 1404/2573/2379 1422/2574/2380 1390/2575/2381
f 1390/2575/2381 1422/2574/2380 1414/2576/2382
f 1390/2575/2381 1414/2576/2382 1391/2577/2383
f 1391/2577/2383 1414/2576/2382 1439/2578/2384
f 1391/2577/2383 1439/2578/2384 1423/2579/2385
f 1423/2579/2385 1439/2578/2384 1416/2580/2386
f 1423/2579/2385 1416/2580/2386 1424/2581/2387
f 1424/2581/2387 1416/2580/2386 1407/2582/2388
f 1424/2581/2387 1407/2582/2388 1417/2583/2389
f 1417/2583/2389 1407/2582/2388 1408/2584/2390
f 1417/2583/2389 1408/2584/2390 1426/2585/2391
f 1426/2585/2391 1408/2584/2390 1418/2586/2392
f 1426/2585/2391 1418/2586/2392 1427/2587/2393
f 1427/2587/2393 1418/2586/2392 1431/2588/2394
f 1427/2587/2393 1431/2588/2394 1430/2589/2395
f 1430/2589/2395 1431/2588/2394 1435/2590/2396
f 1430/2589/2395 1435/2590/2396 1436/2591/2397
f 1436/2591/2397 1435/2590/2396 1419/2592/2398
f 1436/2591/2397 1419/2592/2398 1394/2593/2399
f 1394/2593/2399 1419/2592/2398 1395/2594/2400
f 1395/2594/2400 1419/2592/2398 1437/2595/2401
f 1395/2594/2400 1437/2595/2401 1413/2596/2402
f 1413/2596/2402 1437/2595/2401 1438/2597/2403
f 1413/2596/2402 1438/2597/2403 1412/2598/2404
f 1412/2598/2404 1438/2597/2403 1420/2599/2405
f 1412/2598/2404 1420/2599/2405 1410/2600/2406
f 1410/2600/2406 1420/2599/2405 1409/2601/2407
f 1409/2601/2407 1420/2599/2405 1433/2602/2408
f 1409/2601/2407 1433/2602/2408 1432/2603/2409
f 1432/2603/2409 1433/2602/2408 1434/2604/2410
f 1432/2603/2409 1434/2604/2410 1431/2588/2394
f 1431/2588/2394 1434/2604/2410 1435/2590/2396
f 1422/2574/2380 1404/2573/2379 1421/2605/2411
f 1421/2605/2411 1404/2573/2379 1405/2606/2412
f 1421/2605/2411 1405/2606/2412 1406/2607/2413
f 1421/2605/2411 1406/2607/2413 1440/2608/2414
f 1440/2608/2414 1406/2607/2413 1407/2582/2388
f 1440/2608/2414 1407/2582/2388 1416/2580/2386
f 1408/2584/2390 1409/2601/2407 1418/2586/2392
f 1418/2586/2392 1409/2601/2407 1432/2603/2409
f 1418/2586/2392 1432/2603/2409 1431/2588/2394
f 1410/2600/2406 1411/2609/2415 1412/2598/2404
f 1413/2596/2402 1396/2610/2367 1395/2594/2400
f 1436/2591/2397 1394/2593/2399 1429/2611/2416
f 1429/2611/2416 1394/2593/2399 1393/2612/2417
f 1429/2611/2416 1393/2612/2417 1430/2589/2395
f 1430/2589/2395 1393/2612/2417 1428/2613/2418
f 1430/2589/2395 1428/2613/2418 1427/2587/2393
f 1427/2587/2393 1428/2613/2418 1392/2614/2419
f 1427/2587/2393 1392/2614/2419 1425/2615/2420
f 1425/2615/2420 1392/2614/2419 1415/2616/2421
f 1425/2615/2420 1415/2616/2421 1417/2583/2389
f 1417/2583/2389 1415/2616/2421 1424/2581/2387
f 1393/2612/2417 1392/2614/2419 1428/2613/2418
f 1392/2614/2419 1391/2577/2383 1415/2616/2421
f 1415/2616/2421 1391/2577/2383 1423/2579/2385
f 1415/2616/2421 1423/2579/2385 1424/2581/2387
f 1425/2615/2420 1417/2583/2389 1426/2585/2391
f 1414/2576/2382 1422/2574/2380 1421/2605/2411
f 1425/2615/2420 1426/2585/2391 1427/2587/2393
f 1429/2611/2416 1430/2589/2395 1436/2591/2397
f 1420/2599/2405 1438/2597/2403 1433/2602/2408
f 1433/2602/2408 1438/2597/2403 1434/2604/2410
f 1438/2597/2403 1437/2595/2401 1434/2604/2410
f 1434/2604/2410 1437/2595/2401 1435/2590/2396
f 1437/2595/2401 1419/2592/2398 1435/2590/2396
f 1440/2608/2414 1416/2580/2386 1439/2578/2384
f 1439/2578/2384 1414/2576/2382 1440/2608/2414
f 1440/2608/2414 1414/2576/2382 1421/2605/2411
f 978/2617/1686 977/2618/2422 1397/2619/2423
f 1397/2619/2423 977/2618/2422 1456/2620/2424
f 1397/2619/2423 1456/2620/2424 1398/2621/2425
f 1398/2621/2425 1456/2620/2424 1461/2622/2426
f 1398/2621/2425 1461/2622/2426 1448/2623/2427
f 1448/2623/2427 1461/2622/2426 1462/2624/2428
f 1448/2623/2427 1462/2624/2428 1460/2625/2429
f 1460/2625/2429 1462/2624/2428 1463/2626/2430
f 1460/2625/2429 1463/2626/2430 1459/2627/2431
f 1459/2627/2431 1463/2626/2430 1464/2628/2432
f 1459/2627/2431 1464/2628/2432 1458/2629/2433
f 1458/2629/2433 1464/2628/2432 1465/2630/2434
f 1458/2629/2433 1465/2630/2434 1457/2631/2435
f 1457/2631/2435 1465/2630/2434 1441/2632/2436
f 1457/2631/2435 1441/2632/2436 1449/2633/2437
f 1449/2633/2437 1441/2632/2436 1442/2634/2438
f 1449/2633/2437 1442/2634/2438 1473/2635/2439
f 1473/2635/2439 1442/2634/2438 1466/2636/2440
f 1473/2635/2439 1466/2636/2440 1472/2637/2441
f 1472/2637/2441 1466/2636/2440 1467/2638/2442
f 1472/2637/2441 1467/2638/2442 1471/2639/2443
f 1471/2639/2443 1467/2638/2442 1468/2640/2444
f 1471/2639/2443 1468/2640/2444 1470/2641/2445
f 1470/2641/2445 1468/2640/2444 1469/2642/2446
f 1470/2641/2445 1469/2642/2446 1401/2643/2447
f 1401/2643/2447 1469/2642/2446 1450/2644/2448
f 1401/2643/2447 1450/2644/2448 1402/2645/2449
f 1402/2645/2449 1450/2644/2448 1477/2646/2450
f 1402/2645/2449 1477/2646/2450 1403/2647/2451
f 1403/2647/2451 1477/2646/2450 1364/2648/2452
f 1364/2648/2452 1477/2646/2450 1478/2649/2453
f 1364/2648/2452 1478/2649/2453 1447/2650/2454
f 1447/2650/2454 1478/2649/2453 1479/2651/2455
f 1447/2650/2454 1479/2651/2455 1446/2652/2456
f 1446/2652/2456 1479/2651/2455 1451/2653/2457
f 1446/2652/2456 1451/2653/2457 1444/2654/2458
f 1444/2654/2458 1451/2653/2457 1443/2655/2459
f 1443/2655/2459 1451/2653/2457 1474/2656/2460
f 1443/2655/2459 1474/2656/2460 1466/2636/2440
f 1466/2636/2440 1474/2656/2460 1475/2657/2461
f 1466/2636/2440 1475/2657/2461 1467/2638/2442
f 1467/2638/2442 1475/2657/2461 1476/2658/2462
f 1467/2638/2442 1476/2658/2462 1468/2640/2444
f 1468/2640/2444 1476/2658/2462 1450/2644/2448
f 1468/2640/2444 1450/2644/2448 1469/2642/2446
f 976/2659/2463 1454/2660/2464 977/2618/2422
f 977/2618/2422 1454/2660/2464 1455/2661/2465
f 977/2618/2422 1455/2661/2465 1456/2620/2424
f 1456/2620/2424 1455/2661/2465 1462/2624/2428
f 1456/2620/2424 1462/2624/2428 1461/2622/2426
f 975/2662/2466 1452/2663/2467 976/2659/2463
f 976/2659/2463 1452/2663/2467 1453/2664/2468
f 976/2659/2463 1453/2664/2468 1454/2660/2464
f 1454/2660/2464 1453/2664/2468 1464/2628/2432
f 1454/2660/2464 1464/2628/2432 1463/2626/2430
f 975/2662/2466 1441/2632/2436 1452/2663/2467
f 1452/2663/2467 1441/2632/2436 1465/2630/2434
f 1452/2663/2467 1465/2630/2434 1453/2664/2468
f 1453/2664/2468 1465/2630/2434 1464/2628/2432
f 1442/2634/2438 1443/2655/2459 1466/2636/2440
f 1444/2654/2458 1445/2665/2469 1446/2652/2456
f 1401/2643/2447 1400/2666/2470 1470/2641/2445
f 1470/2641/2445 1400/2666/2470 1480/2667/2471
f 1470/2641/2445 1480/2667/2471 1471/2639/2443
f 1471/2639/2443 1480/2667/2471 1481/2668/2472
f 1471/2639/2443 1481/2668/2472 1472/2637/2441
f 1472/2637/2441 1481/2668/2472 1482/2669/2473
f 1472/2637/2441 1482/2669/2473 1473/2635/2439
f 1473/2635/2439 1482/2669/2473 1449/2633/2437
f 1400/2666/2470 1399/2670/2474 1480/2667/2471
f 1480/2667/2471 1399/2670/2474 1460/2625/2429
f 1480/2667/2471 1460/2625/2429 1459/2627/2431
f 1460/2625/2429 1399/2670/2474 1448/2623/2427
f 1448/2623/2427 1399/2670/2474 1398/2621/2425
f 1462/2624/2428 1455/2661/2465 1463/2626/2430
f 1463/2626/2430 1455/2661/2465 1454/2660/2464
f 1449/2633/2437 1482/2669/2473 1457/2631/2435
f 1457/2631/2435 1482/2669/2473 1458/2629/2433
f 1482/2669/2473 1481/2668/2472 1458/2629/2433
f 1458/2629/2433 1481/2668/2472 1459/2627/2431
f 1481/2668/2472 1480/2667/2471 1459/2627/2431
f 1451/2653/2457 1479/2651/2455 1474/2656/2460
f 1474/2656/2460 1479/2651/2455 1475/2657/2461
f 1477/2646/2450 1450/2644/2448 1476/2658/2462
f 1479/2651/2455 1478/2649/2453 1475/2657/2461
f 1475/2657/2461 1478/2649/2453 1476/2658/2462
f 1478/2649/2453 1477/2646/2450 1476/2658/2462
f 1447/2671/2475 1486/2672/2476 1364/2673/2477
f 1364/2673/2477 1486/2672/2476 1485/2674/2478
f 1364/2673/2477 1485/2674/2478 1363/2675/2311
f 1447/2671/2475 1446/2676/2479 1486/2672/2476
f 1486/2672/2476 1446/2676/2479 1483/2677/2480
f 1486/2672/2476 1483/2677/2480 1484/2678/2481
f 1446/2676/2479 1445/2679/2482 1483/2677/2480
f 1484/2678/2481 1485/2674/2478 1486/2672/2476
f 1485/2680/2483 1506/2681/2484 1363/2682/2485
f 1363/2682/2485 1506/2681/2484 1507/2683/2486
f 1363/2682/2485 1507/2683/2486 1365/2684/2487
f 1365/2684/2487 1507/2683/2486 1506/2681/2484
f 1365/2684/2487 1506/2681/2484 1510/2685/2488
f 1510/2685/2488 1506/2681/2484 1505/2686/2489
f 1510/2685/2488 1505/2686/2489 1509/2687/2490
f 1509/2687/2490 1505/2686/2489 1504/2688/2491
f 1509/2687/2490 1504/2688/2491 1508/2689/2492
f 1508/2689/2492 1504/2688/2491 1487/2690/2493
f 1508/2689/2492 1487/2690/2493 1488/2691/2494
f 1506/2681/2484 1485/2680/2483 1505/2686/2489
f 1505/2686/2489 1485/2680/2483 1484/2692/2495
f 1505/2686/2489 1484/2692/2495 1504/2688/2491
f 1504/2688/2491 1484/2692/2495 1483/2693/2496
f 1504/2688/2491 1483/2693/2496 1487/2690/2493
f 1508/2689/2492 1488/2691/2494 1512/2694/2497
f 1512/2694/2497 1488/2691/2494 1489/2695/2498
f 1512/2694/2497 1489/2695/2498 1516/2696/2499
f 1516/2696/2499 1489/2695/2498 1490/2697/2500
f 1516/2696/2499 1490/2697/2500 1501/2698/2501
f 1501/2698/2501 1490/2697/2500 1491/2699/2502
f 1501/2698/2501 1491/2699/2502 1527/2700/2503
f 1527/2700/2503 1491/2699/2502 1502/2701/2504
f 1527/2700/2503 1502/2701/2504 1522/2702/2505
f 1522/2702/2505 1502/2701/2504 1536/2703/2506
f 1522/2702/2505 1536/2703/2506 1535/2704/2507
f 1535/2704/2507 1536/2703/2506 1530/2705/2508
f 1535/2704/2507 1530/2705/2508 1531/2706/2509
f 1531/2706/2509 1530/2705/2508 1541/2707/2510
f 1531/2706/2509 1541/2707/2510 1503/2708/2511
f 1503/2708/2511 1541/2707/2510 1546/2709/2512
f 1503/2708/2511 1546/2709/2512 1372/2710/2513
f 1372/2710/2513 1546/2709/2512 1551/2711/2514
f 1372/2710/2513 1551/2711/2514 1373/2712/2329
f 1373/2712/2329 1551/2711/2514 1498/2713/2515
f 1498/2713/2515 1551/2711/2514 1550/2714/2516
f 1498/2713/2515 1550/2714/2516 1549/2715/2517
f 1549/2715/2517 1550/2714/2516 1544/2716/2518
f 1549/2715/2517 1544/2716/2518 1543/2717/2519
f 1543/2717/2519 1544/2716/2518 1539/2718/2520
f 1543/2717/2519 1539/2718/2520 1538/2719/2521
f 1538/2719/2521 1539/2718/2520 1528/2720/2522
f 1538/2719/2521 1528/2720/2522 1493/2721/2523
f 1493/2721/2523 1528/2720/2522 1492/2722/2524
f 1492/2722/2524 1528/2720/2522 1537/2723/2525
f 1492/2722/2524 1537/2723/2525 1502/2701/2504
f 1502/2701/2504 1537/2723/2525 1536/2703/2506
f 1491/2699/2502 1492/2722/2524 1502/2701/2504
f 1493/2721/2523 1494/2724/2526 1538/2719/2521
f 1538/2719/2521 1494/2724/2526 1542/2725/2527
f 1538/2719/2521 1542/2725/2527 1543/2717/2519
f 1543/2717/2519 1542/2725/2527 1548/2726/2528
f 1543/2717/2519 1548/2726/2528 1549/2715/2517
f 1549/2715/2517 1548/2726/2528 1497/2727/2529
f 1549/2715/2517 1497/2727/2529 1498/2713/2515
f 1494/2724/2526 1495/2728/2530 1542/2725/2527
f 1542/2725/2527 1495/2728/2530 1547/2729/2531
f 1542/2725/2527 1547/2729/2531 1548/2726/2528
f 1548/2726/2528 1547/2729/2531 1497/2727/2529
f 1495/2728/2530 1496/2730/2532 1547/2729/2531
f 1547/2729/2531 1496/2730/2532 1497/2727/2529
f 1372/2710/2513 1371/2731/2533 1503/2708/2511
f 1503/2708/2511 1371/2731/2533 1532/2732/2534
f 1503/2708/2511 1532/2732/2534 1531/2706/2509
f 1531/2706/2509 1532/2732/2534 1534/2733/2535
f 1531/2706/2509 1534/2733/2535 1535/2704/2507
f 1535/2704/2507 1534/2733/2535 1523/2734/2536
f 1535/2704/2507 1523/2734/2536 1522/2702/2505
f 1522/2702/2505 1523/2734/2536 1526/2735/2537
f 1522/2702/2505 1526/2735/2537 1527/2700/2503
f 1527/2700/2503 1526/2735/2537 1501/2698/2501
f 1371/2731/2533 1370/2736/2538 1532/2732/2534
f 1532/2732/2534 1370/2736/2538 1533/2737/2539
f 1532/2732/2534 1533/2737/2539 1534/2733/2535
f 1534/2733/2535 1533/2737/2539 1500/2738/2540
f 1534/2733/2535 1500/2738/2540 1523/2734/2536
f 1523/2734/2536 1500/2738/2540 1525/2739/2541
f 1523/2734/2536 1525/2739/2541 1526/2735/2537
f 1526/2735/2537 1525/2739/2541 1519/2740/2542
f 1526/2735/2537 1519/2740/2542 1501/2698/2501
f 1501/2698/2501 1519/2740/2542 1516/2696/2499
f 1370/2736/2538 1369/2741/2543 1533/2737/2539
f 1533/2737/2539 1369/2741/2543 1500/2738/2540
f 1369/2741/2543 1368/2742/2544 1500/2738/2540
f 1500/2738/2540 1368/2742/2544 1524/2743/2545
f 1500/2738/2540 1524/2743/2545 1525/2739/2541
f 1525/2739/2541 1524/2743/2545 1520/2744/2546
f 1525/2739/2541 1520/2744/2546 1519/2740/2542
f 1519/2740/2542 1520/2744/2546 1517/2745/2547
f 1519/2740/2542 1517/2745/2547 1516/2696/2499
f 1516/2696/2499 1517/2745/2547 1512/2694/2497
f 1367/2746/2548 1499/2747/2549 1368/2742/2544
f 1368/2742/2544 1499/2747/2549 1521/2748/2550
f 1368/2742/2544 1521/2748/2550 1524/2743/2545
f 1524/2743/2545 1521/2748/2550 1520/2744/2546
f 1499/2747/2549 1367/2746/2548 1515/2749/2551
f 1515/2749/2551 1367/2746/2548 1366/2750/2552
f 1515/2749/2551 1366/2750/2552 1511/2751/2553
f 1511/2751/2553 1366/2750/2552 1365/2684/2487
f 1511/2751/2553 1365/2684/2487 1510/2685/2488
f 1509/2687/2490 1508/2689/2492 1513/2752/2554
f 1513/2752/2554 1508/2689/2492 1512/2694/2497
f 1513/2752/2554 1512/2694/2497 1517/2745/2547
f 1515/2749/2551 1511/2751/2553 1510/2685/2488
f 1510/2685/2488 1509/2687/2490 1514/2753/2555
f 1514/2753/2555 1509/2687/2490 1513/2752/2554
f 1514/2753/2555 1513/2752/2554 1518/2754/2556
f 1518/2754/2556 1513/2752/2554 1517/2745/2547
f 1518/2754/2556 1517/2745/2547 1520/2744/2546
f 1499/2747/2549 1515/2749/2551 1514/2753/2555
f 1514/2753/2555 1515/2749/2551 1510/2685/2488
f 1499/2747/2549 1514/2753/2555 1518/2754/2556
f 1521/2748/2550 1499/2747/2549 1518/2754/2556
f 1521/2748/2550 1518/2754/2556 1520/2744/2546
f 1536/2703/2506 1537/2723/2525 1529/2755/2557
f 1529/2755/2557 1537/2723/2525 1528/2720/2522
f 1529/2755/2557 1528/2720/2522 1539/2718/2520
f 1536/2703/2506 1529/2755/2557 1530/2705/2508
f 1530/2705/2508 1529/2755/2557 1540/2756/2558
f 1530/2705/2508 1540/2756/2558 1541/2707/2510
f 1541/2707/2510 1540/2756/2558 1545/2757/2559
f 1541/2707/2510 1545/2757/2559 1546/2709/2512
f 1546/2709/2512 1545/2757/2559 1551/2711/2514
f 1540/2756/2558 1529/2755/2557 1539/2718/2520
f 1545/2757/2559 1540/2756/2558 1544/2716/2518
f 1544/2716/2518 1540/2756/2558 1539/2718/2520
f 1551/2711/2514 1545/2757/2559 1550/2714/2516
f 1550/2714/2516 1545/2757/2559 1544/2716/2518
f 1373/2758/2329 1498/2759/2560 1375/2760/2338
f 1375/2760/2338 1498/2759/2560 1563/2761/2561
f 1375/2760/2338 1563/2761/2561 1376/2762/2337
f 1376/2762/2337 1563/2761/2561 1565/2763/2562
f 1376/2762/2337 1565/2763/2562 1377/2764/2336
f 1377/2764/2336 1565/2763/2562 1567/2765/2563
f 1377/2764/2336 1567/2765/2563 1378/2766/2335
f 1378/2766/2335 1567/2765/2563 1569/2767/2564
f 1378/2766/2335 1569/2767/2564 1379/2768/2334
f 1379/2768/2334 1569/2767/2564 1571/2769/2565
f 1379/2768/2334 1571/2769/2565 1380/2770/2333
f 1380/2770/2333 1571/2769/2565 1573/2771/2566
f 1380/2770/2333 1573/2771/2566 1381/2772/2332
f 1381/2772/2332 1573/2771/2566 1575/2773/2567
f 1381/2772/2332 1575/2773/2567 1374/2774/2330
f 1374/2774/2330 1575/2773/2567 1561/2775/2568
f 1561/2775/2568 1575/2773/2567 1574/2776/2569
f 1561/2775/2568 1574/2776/2569 1560/2777/2570
f 1560/2777/2570 1574/2776/2569 1558/2778/2571
f 1560/2777/2570 1558/2778/2571 1559/2779/2572
f 1498/2759/2560 1497/2780/2573 1563/2761/2561
f 1563/2761/2561 1497/2780/2573 1562/2781/2574
f 1563/2761/2561 1562/2781/2574 1565/2763/2562
f 1565/2763/2562 1562/2781/2574 1564/2782/2575
f 1565/2763/2562 1564/2782/2575 1567/2765/2563
f 1567/2765/2563 1564/2782/2575 1566/2783/2576
f 1567/2765/2563 1566/2783/2576 1569/2767/2564
f 1569/2767/2564 1566/2783/2576 1568/2784/2577
f 1569/2767/2564 1568/2784/2577 1571/2769/2565
f 1571/2769/2565 1568/2784/2577 1570/2785/2578
f 1571/2769/2565 1570/2785/2578 1573/2771/2566
f 1573/2771/2566 1570/2785/2578 1572/2786/2579
f 1573/2771/2566 1572/2786/2579 1575/2773/2567
f 1575/2773/2567 1572/2786/2579 1574/2776/2569
f 1497/2780/2573 1496/2787/2580 1562/2781/2574
f 1562/2781/2574 1496/2787/2580 1552/2788/2581
f 1562/2781/2574 1552/2788/2581 1564/2782/2575
f 1564/2782/2575 1552/2788/2581 1553/2789/2582
f 1564/2782/2575 1553/2789/2582 1566/2783/2576
f 1566/2783/2576 1553/2789/2582 1554/2790/2583
f 1566/2783/2576 1554/2790/2583 1568/2784/2577
f 1568/2784/2577 1554/2790/2583 1555/2791/2584
f 1568/2784/2577 1555/2791/2584 1570/2785/2578
f 1570/2785/2578 1555/2791/2584 1556/2792/2585
f 1570/2785/2578 1556/2792/2585 1572/2786/2579
f 1572/2786/2579 1556/2792/2585 1557/2793/2586
f 1572/2786/2579 1557/2793/2586 1574/2776/2569
f 1574/2776/2569 1557/2793/2586 1558/2778/2571
f 1382/2794/2587 1374/2795/2330 1592/2796/2588
f 1592/2796/2588 1374/2795/2330 1561/2797/2589
f 1592/2796/2588 1561/2797/2589 1591/2798/2590
f 1591/2798/2590 1561/2797/2589 1590/2799/2591
f 1591/2798/2590 1590/2799/2591 1596/2800/2592
f 1596/2800/2592 1590/2799/2591 1595/2801/2593
f 1596/2800/2592 1595/2801/2593 1601/2802/2594
f 1601/2802/2594 1595/2801/2593 1600/2803/2595
f 1601/2802/2594 1600/2803/2595 1606/2804/2596
f 1606/2804/2596 1600/2803/2595 1605/2805/2597
f 1606/2804/2596 1605/2805/2597 1610/2806/2598
f 1610/2806/2598 1605/2805/2597 1609/2807/2599
f 1610/2806/2598 1609/2807/2599 1615/2808/2600
f 1615/2808/2600 1609/2807/2599 1614/2809/2601
f 1615/2808/2600 1614/2809/2601 1619/2810/2602
f 1619/2810/2602 1614/2809/2601 1618/2811/2603
f 1619/2810/2602 1618/2811/2603 1623/2812/2604
f 1623/2812/2604 1618/2811/2603 1622/2813/2605
f 1623/2812/2604 1622/2813/2605 1627/2814/2606
f 1627/2814/2606 1622/2813/2605 1626/2815/2607
f 1627/2814/2606 1626/2815/2607 1586/2816/2608
f 1586/2816/2608 1626/2815/2607 1625/2817/2609
f 1586/2816/2608 1625/2817/2609 1585/2818/2610
f 1585/2818/2610 1625/2817/2609 1624/2819/2611
f 1585/2818/2610 1624/2819/2611 1584/2820/2612
f 1584/2820/2612 1624/2819/2611 1583/2821/2613
f 1583/2821/2613 1624/2819/2611 1620/2822/2614
f 1583/2821/2613 1620/2822/2614 1582/2823/2615
f 1582/2823/2615 1620/2822/2614 1616/2824/2616
f 1582/2823/2615 1616/2824/2616 1581/2825/2617
f 1581/2825/2617 1616/2824/2616 1612/2826/2618
f 1581/2825/2617 1612/2826/2618 1580/2827/2619
f 1580/2827/2619 1612/2826/2618 1607/2828/2620
f 1580/2827/2619 1607/2828/2620 1579/2829/2621
f 1579/2829/2621 1607/2828/2620 1603/2830/2622
f 1579/2829/2621 1603/2830/2622 1578/2831/2623
f 1578/2831/2623 1603/2830/2622 1598/2832/2624
f 1578/2831/2623 1598/2832/2624 1577/2833/2625
f 1577/2833/2625 1598/2832/2624 1593/2834/2626
f 1577/2833/2625 1593/2834/2626 1576/2835/2627
f 1576/2835/2627 1593/2834/2626 1588/2836/2628
f 1576/2835/2627 1588/2836/2628 1559/2837/2629
f 1559/2837/2629 1588/2836/2628 1560/2838/2630
f 1560/2838/2630 1588/2836/2628 1589/2839/2631
f 1560/2838/2630 1589/2839/2631 1590/2799/2591
f 1590/2799/2591 1589/2839/2631 1595/2801/2593
f 1561/2797/2589 1560/2838/2630 1590/2799/2591
f 1586/2816/2608 1389/2840/2632 1627/2814/2606
f 1627/2814/2606 1389/2840/2632 1388/2841/2633
f 1627/2814/2606 1388/2841/2633 1387/2842/2634
f 1627/2814/2606 1387/2842/2634 1623/2812/2604
f 1623/2812/2604 1387/2842/2634 1386/2843/2635
f 1623/2812/2604 1386/2843/2635 1619/2810/2602
f 1619/2810/2602 1386/2843/2635 1385/2844/2636
f 1619/2810/2602 1385/2844/2636 1615/2808/2600
f 1615/2808/2600 1385/2844/2636 1384/2845/2637
f 1615/2808/2600 1384/2845/2637 1610/2806/2598
f 1610/2806/2598 1384/2845/2637 1611/2846/2638
f 1610/2806/2598 1611/2846/2638 1606/2804/2596
f 1606/2804/2596 1611/2846/2638 1587/2847/2639
f 1606/2804/2596 1587/2847/2639 1601/2802/2594
f 1601/2802/2594 1587/2847/2639 1602/2848/2640
f 1601/2802/2594 1602/2848/2640 1596/2800/2592
f 1596/2800/2592 1602/2848/2640 1597/2849/2641
f 1596/2800/2592 1597/2849/2641 1591/2798/2590
f 1591/2798/2590 1597/2849/2641 1592/2796/2588
f 1384/2845/2637 1383/2850/2642 1611/2846/2638
f 1611/2846/2638 1383/2850/2642 1587/2847/2639
f 1382/2794/2587 1597/2849/2641 1383/2850/2642
f 1383/2850/2642 1597/2849/2641 1602/2848/2640
f 1383/2850/2642 1602/2848/2640 1587/2847/2639
f 1597/2849/2641 1382/2794/2587 1592/2796/2588
f 1589/2839/2631 1588/2836/2628 1594/2851/2643
f 1594/2851/2643 1588/2836/2628 1593/2834/2626
f 1594/2851/2643 1593/2834/2626 1599/2852/2644
f 1599/2852/2644 1593/2834/2626 1598/2832/2624
f 1599/2852/2644 1598/2832/2624 1604/2853/2645
f 1604/2853/2645 1598/2832/2624 1603/2830/2622
f 1604/2853/2645 1603/2830/2622 1608/2854/2646
f 1608/2854/2646 1603/2830/2622 1607/2828/2620
f 1608/2854/2646 1607/2828/2620 1613/2855/2647
f 1613/2855/2647 1607/2828/2620 1612/2826/2618
f 1613/2855/2647 1612/2826/2618 1617/2856/2648
f 1617/2856/2648 1612/2826/2618 1616/2824/2616
f 1617/2856/2648 1616/2824/2616 1621/2857/2649
f 1621/2857/2649 1616/2824/2616 1620/2822/2614
f 1621/2857/2649 1620/2822/2614 1625/2817/2609
f 1625/2817/2609 1620/2822/2614 1624/2819/2611
f 1600/2803/2595 1595/2801/2593 1594/2851/2643
f 1594/2851/2643 1595/2801/2593 1589/2839/2631
f 1600/2803/2595 1594/2851/2643 1599/2852/2644
f 1605/2805/2597 1600/2803/2595 1599/2852/2644
f 1605/2805/2597 1599/2852/2644 1604/2853/2645
f 1609/2807/2599 1605/2805/2597 1604/2853/2645
f 1609/2807/2599 1604/2853/2645 1608/2854/2646
f 1614/2809/2601 1609/2807/2599 1608/2854/2646
f 1614/2809/2601 1608/2854/2646 1613/2855/2647
f 1618/2811/2603 1614/2809/2601 1613/2855/2647
f 1618/2811/2603 1613/2855/2647 1617/2856/2648
f 1622/2813/2605 1618/2811/2603 1617/2856/2648
f 1622/2813/2605 1617/2856/2648 1621/2857/2649
f 1626/2815/2607 1622/2813/2605 1621/2857/2649
f 1626/2815/2607 1621/2857/2649 1625/2817/2609
f 1586/2858/2650 1628/2859/2651 1389/2860/2354
f 1389/2860/2354 1628/2859/2651 1404/2861/2652
f 1389/2860/2354 1404/2861/2652 1390/2862/2356
f 1586/2858/2650 1585/2863/2653 1628/2859/2651
f 1628/2859/2651 1585/2863/2653 1406/2864/2654
f 1628/2859/2651 1406/2864/2654 1405/2865/2655
f 1585/2863/2653 1584/2866/2656 1406/2864/2654
f 1405/2865/2655 1404/2861/2652 1628/2859/2651
f 1630/2867/2657 1652/2868/2658 1629/2869/2659
f 1629/2869/2659 1652/2868/2658 1653/2870/2660
f 1629/2869/2659 1653/2870/2660 1644/2871/2661
f 1644/2871/2661 1653/2870/2660 1654/2872/2662
f 1644/2871/2661 1654/2872/2662 1643/2873/2663
f 1643/2873/2663 1654/2872/2662 1655/2874/2664
f 1643/2873/2663 1655/2874/2664 1642/2875/2665
f 1642/2875/2665 1655/2874/2664 1656/2876/2666
f 1642/2875/2665 1656/2876/2666 1641/2877/2667
f 1641/2877/2667 1656/2876/2666 1657/2878/2668
f 1641/2877/2667 1657/2878/2668 1640/2879/2669
f 1640/2879/2669 1657/2878/2668 1658/2880/2670
f 1640/2879/2669 1658/2880/2670 1639/2881/2671
f 1639/2881/2671 1658/2880/2670 1659/2882/2672
f 1639/2881/2671 1659/2882/2672 1638/2883/2673
f 1638/2883/2673 1659/2882/2672 1645/2884/2674
f 1638/2883/2673 1645/2884/2674 1637/2885/2675
f 1637/2886/2675 1645/2887/2674 1636/2888/2676
f 1636/2888/2676 1645/2887/2674 1646/2889/2677
f 1636/2888/2676 1646/2889/2677 1635/2890/2678
f 1635/2890/2678 1646/2889/2677 1647/2891/2679
f 1635/2890/2678 1647/2891/2679 1634/2892/2680
f 1634/2892/2680 1647/2891/2679 1648/2893/2681
f 1634/2892/2680 1648/2893/2681 1633/2894/2682
f 1633/2894/2682 1648/2893/2681 1649/2895/2683
f 1633/2894/2682 1649/2895/2683 1632/2896/2684
f 1632/2896/2684 1649/2895/2683 1650/2897/2685
f 1632/2896/2684 1650/2897/2685 1631/2898/2686
f 1631/2898/2686 1650/2897/2685 1651/2899/2687
f 1631/2898/2686 1651/2899/2687 1630/2867/2657
f 1630/2867/2657 1651/2899/2687 1652/2868/2658
f 1661/2900/2688 1683/2901/2689 1660/2902/2690
f 1660/2902/2690 1683/2901/2689 1672/2903/2691
f 1660/2904/2690 1672/2905/2691 1671/2906/2692
f 1671/2906/2692 1672/2905/2691 1673/2907/2693
f 1671/2906/2692 1673/2907/2693 1670/2908/2694
f 1670/2908/2694 1673/2907/2693 1674/2909/2695
f 1670/2908/2694 1674/2909/2695 1669/2910/2696
f 1669/2910/2696 1674/2909/2695 1675/2911/2697
f 1669/2910/2696 1675/2911/2697 1668/2912/2698
f 1668/2912/2698 1675/2911/2697 1676/2913/2699
f 1668/2912/2698 1676/2913/2699 1667/2914/2700
f 1667/2914/2700 1676/2913/2699 1677/2915/2701
f 1667/2914/2700 1677/2915/2701 1666/2916/2702
f 1666/2916/2702 1677/2915/2701 1678/2917/2703
f 1666/2916/2702 1678/2917/2703 1665/2918/2704
f 1665/2918/2704 1678/2917/2703 1679/2919/2705
f 1665/2918/2704 1679/2919/2705 1664/2920/2706
f 1664/2920/2706 1679/2919/2705 1680/2921/2707
f 1664/2920/2706 1680/2921/2707 1663/2922/2708
f 1663/2922/2708 1680/2921/2707 1681/2923/2709
f 1663/2922/2708 1681/2923/2709 1662/2924/2710
f 1662/2924/2710 1681/2923/2709 1682/2925/2711
f 1662/2924/2710 1682/2925/2711 1661/2900/2688
f 1661/2900/2688 1682/2925/2711 1683/2901/2689
f 1646/2926/2712 1645/2927/2713 1672/2928/2714
f 1672/2928/2714 1645/2927/2713 1659/2929/2715
f 1672/2928/2714 1659/2929/2715 1673/2930/2716
f 1673/2930/2716 1659/2929/2715 1658/2931/2717
f 1673/2930/2716 1658/2931/2717 1674/2932/2718
f 1674/2932/2718 1658/2931/2717 1657/2933/2719
f 1674/2932/2718 1657/2933/2719 1675/2934/2720
f 1675/2934/2720 1657/2933/2719 1656/2935/2721
f 1675/2934/2720 1656/2935/2721 1676/2936/2722
f 1676/2936/2722 1656/2935/2721 1655/2937/2723
f 1676/2936/2722 1655/2937/2723 1654/2938/2724
f 1676/2936/2722 1654/2938/2724 1677/2939/2725
f 1677/2939/2725 1654/2938/2724 1653/2940/2726
f 1677/2939/2725 1653/2940/2726 1678/2941/2727
f 1678/2941/2727 1653/2940/2726 1652/2942/2728
f 1678/2941/2727 1652/2942/2728 1679/2943/2729
f 1679/2943/2729 1652/2942/2728 1651/2944/2730
f 1679/2943/2729 1651/2944/2730 1680/2945/2731
f 1680/2945/2731 1651/2944/2730 1650/2946/2732
f 1680/2945/2731 1650/2946/2732 1649/2947/2733
f 1680/2945/2731 1649/2947/2733 1681/2948/2734
f 1681/2948/2734 1649/2947/2733 1648/2949/2735
f 1681/2948/2734 1648/2949/2735 1682/2950/2736
f 1682/2950/2736 1648/2949/2735 1647/2951/2737
f 1682/2950/2736 1647/2951/2737 1683/2952/2738
f 1683/2952/2738 1647/2951/2737 1646/2926/2712
f 1683/2952/2738 1646/2926/2712 1672/2928/2714
f 1685/2953/2739 1720/2954/2740 1684/2955/2741
f 1684/2955/2741 1720/2954/2740 1721/2956/2742
f 1684/2957/2741 1721/2958/2742 1722/2959/2743
f 1720/2954/2740 1685/2953/2739 1719/2960/2744
f 1719/2960/2744 1685/2953/2739 1686/2961/2745
f 1719/2960/2744 1686/2961/2745 1718/2962/2746
f 1718/2962/2746 1686/2961/2745 1717/2963/2747
f 1717/2963/2747 1686/2961/2745 1687/2964/2748
f 1717/2963/2747 1687/2964/2748 1716/2965/2749
f 1716/2965/2749 1687/2964/2748 1688/2966/2750
f 1716/2965/2749 1688/2966/2750 1715/2967/2751
f 1715/2967/2751 1688/2966/2750 1714/2968/2752
f 1714/2968/2752 1688/2966/2750 1689/2969/2753
f 1714/2968/2752 1689/2969/2753 1713/2970/2754
f 1713/2970/2754 1689/2969/2753 1690/2971/2755
f 1713/2970/2754 1690/2971/2755 1712/2972/2756
f 1712/2972/2756 1690/2971/2755 1711/2973/2757
f 1711/2973/2757 1690/2971/2755 1691/2974/2758
f 1711/2973/2757 1691/2974/2758 1710/2975/2759
f 1710/2975/2759 1691/2974/2758 1692/2976/2760
f 1710/2975/2759 1692/2976/2760 1709/2977/2761
f 1709/2977/2761 1692/2976/2760 1708/2978/2762
f 1708/2978/2762 1692/2976/2760 1693/2979/2763
f 1708/2978/2762 1693/2979/2763 1707/2980/2764
f 1707/2980/2764 1693/2979/2763 1694/2981/2765
f 1707/2980/2764 1694/2981/2765 1706/2982/2766
f 1706/2982/2766 1694/2981/2765 1705/2983/2767
f 1705/2983/2767 1694/2981/2765 1695/2984/2768
f 1705/2983/2767 1695/2984/2768 1736/2985/2769
f 1736/2985/2769 1695/2984/2768 1735/2986/2770
f 1735/2986/2770 1695/2984/2768 1696/2987/2771
f 1735/2986/2770 1696/2987/2771 1734/2988/2772
f 1734/2988/2772 1696/2987/2771 1697/2989/2773
f 1734/2988/2772 1697/2989/2773 1733/2990/2774
f 1733/2990/2774 1697/2989/2773 1732/2991/2775
f 1732/2991/2775 1697/2989/2773 1698/2992/2776
f 1732/2991/2775 1698/2992/2776 1731/2993/2777
f 1731/2993/2777 1698/2992/2776 1699/2994/2778
f 1731/2993/2777 1699/2994/2778 1730/2995/2779
f 1730/2995/2779 1699/2994/2778 1729/2996/2780
f 1729/2996/2780 1699/2994/2778 1700/2997/2781
f 1729/2996/2780 1700/2997/2781 1728/2998/2782
f 1728/2998/2782 1700/2997/2781 1701/2999/2783
f 1728/2998/2782 1701/2999/2783 1727/3000/2784
f 1727/3000/2784 1701/2999/2783 1726/3001/2785
f 1726/3001/2785 1701/2999/2783 1702/3002/2786
f 1726/3001/2785 1702/3002/2786 1725/3003/2787
f 1725/3003/2787 1702/3002/2786 1703/3004/2788
f 1725/3003/2787 1703/3004/2788 1724/3005/2789
f 1724/3005/2789 1703/3004/2788 1723/3006/2790
f 1723/3006/2790 1703/3004/2788 1704/3007/2791
f 1723/3006/2790 1704/3007/2791 1722/2959/2743
f 1722/2959/2743 1704/3007/2791 1684/2957/2741
f 1685/3008/2792 1684/3009/2793 1660/3010/2794
f 1660/3010/2794 1684/3009/2793 1704/3011/2795
f 1660/3010/2794 1704/3011/2795 1661/3012/2796
f 1661/3012/2796 1704/3011/2795 1703/3013/2797
f 1661/3012/2796 1703/3013/2797 1702/3014/2798
f 1661/3012/2796 1702/3014/2798 1662/3015/2799
f 1662/3015/2799 1702/3014/2798 1701/3016/2800
f 1662/3015/2799 1701/3016/2800 1663/3017/2801
f 1663/3017/2801 1701/3016/2800 1700/3018/2802
f 1663/3017/2801 1700/3018/2802 1699/3019/2803
f 1663/3017/2801 1699/3019/2803 1664/3020/2804
f 1664/3020/2804 1699/3019/2803 1698/3021/2805
f 1664/3020/2804 1698/3021/2805 1697/3022/2806
f 1664/3020/2804 1697/3022/2806 1665/3023/2807
f 1665/3023/2807 1697/3022/2806 1696/3024/2808
f 1665/3023/2807 1696/3024/2808 1695/3025/2809
f 1665/3023/2807 1695/3025/2809 1666/3026/2810
f 1666/3026/2810 1695/3025/2809 1694/3027/2811
f 1666/3026/2810 1694/3027/2811 1667/3028/2812
f 1667/3028/2812 1694/3027/2811 1693/3029/2813
f 1667/3028/2812 1693/3029/2813 1692/3030/2814
f 1667/3028/2812 1692/3030/2814 1668/3031/2815
f 1668/3031/2815 1692/3030/2814 1691/3032/2816
f 1668/3031/2815 1691/3032/2816 1690/3033/2817
f 1668/3031/2815 1690/3033/2817 1669/3034/2818
f 1669/3034/2818 1690/3033/2817 1689/3035/2819
f 1669/3034/2818 1689/3035/2819 1688/3036/2820
f 1669/3034/2818 1688/3036/2820 1670/3037/2821
f 1670/3037/2821 1688/3036/2820 1687/3038/2822
f 1670/3037/2821 1687/3038/2822 1671/3039/2823
f 1671/3039/2823 1687/3038/2822 1686/3040/2824
f 1671/3039/2823 1686/3040/2824 1685/3008/2792
f 1671/3039/2823 1685/3008/2792 1660/3010/2794
f 964/3041/2825 963/3042/2826 1744/3043/2827
f 1744/3043/2827 963/3042/2826 1743/3044/2828
f 1743/3044/2828 963/3042/2826 1178/3045/2829
f 1743/3044/2828 1178/3045/2829 1742/3046/2830
f 1742/3046/2830 1178/3045/2829 1741/3047/2831
f 1741/3047/2831 1178/3045/2829 1193/3048/2832
f 1741/3047/2831 1193/3048/2832 1190/3049/2833
f 1190/3049/2833 1193/3048/2832 1191/3050/2834
f 1191/3050/2834 1193/3048/2832 1192/3051/2835
f 1190/3049/2833 1189/3052/2836 1741/3047/2831
f 1741/3047/2831 1189/3052/2836 1188/3053/2837
f 1741/3047/2831 1188/3053/2837 1740/3054/2838
f 1740/3054/2838 1188/3053/2837 1187/3055/2839
f 1740/3054/2838 1187/3055/2839 1186/3056/2840
f 1186/3056/2840 1185/3057/2841 1740/3054/2838
f 1740/3054/2838 1185/3057/2841 1739/3058/2842
f 1739/3058/2842 1185/3057/2841 1184/3059/2843
f 1739/3058/2842 1184/3059/2843 1183/3060/2844
f 1739/3058/2842 1183/3060/2844 1738/3061/2845
f 1738/3061/2845 1183/3060/2844 1182/3062/2846
f 1738/3061/2845 1182/3062/2846 1181/3063/2847
f 1738/3061/2845 1181/3063/2847 1737/3064/2848
f 1737/3064/2848 1181/3063/2847 1180/3065/2849
f 1737/3064/2848 1180/3065/2849 1087/3066/1792
f 1087/3066/1792 1180/3065/2849 1179/3067/2850
f 1087/3066/1792 1179/3067/2850 1076/3068/1793
f 962/3069/2851 1162/3070/1927 963/3071/2852
f 963/3071/2852 1162/3070/1927 1178/3072/1925
f 1745/3073/2853 1021/3074/2854 1774/3075/2855
f 1774/3075/2855 1021/3074/2854 1075/3076/2856
f 1774/3075/2855 1075/3076/2856 1773/3077/2857
f 1773/3077/2857 1075/3076/2856 1074/3078/2858
f 1773/3077/2857 1074/3078/2858 1772/3079/2859
f 1772/3079/2859 1074/3078/2858 1073/3080/2860
f 1772/3079/2859 1073/3080/2860 1771/3081/2861
f 1771/3081/2861 1073/3080/2860 1072/3082/2862
f 1771/3081/2861 1072/3082/2862 1770/3083/2863
f 1770/3083/2863 1072/3082/2862 1071/3084/2864
f 1770/3083/2863 1071/3084/2864 1769/3085/2865
f 1769/3085/2865 1071/3084/2864 1070/3086/2866
f 1769/3085/2865 1070/3086/2866 1768/3087/2867
f 1768/3087/2867 1070/3086/2866 1069/3088/2868
f 1768/3087/2867 1069/3088/2868 1767/3089/2869
f 1767/3089/2869 1069/3088/2868 1068/3090/2870
f 1767/3089/2869 1068/3090/2870 1766/3091/2871
f 1766/3091/2871 1068/3090/2870 1067/3092/2872
f 1766/3091/2871 1067/3092/2872 1765/3093/2873
f 1765/3093/2873 1067/3092/2872 1066/3094/2874
f 1765/3093/2873 1066/3094/2874 1764/3095/2875
f 1764/3095/2875 1066/3094/2874 1065/3096/2876
f 1764/3095/2875 1065/3096/2876 1763/3097/2877
f 1763/3097/2877 1065/3096/2876 1064/3098/2878
f 1763/3097/2877 1064/3098/2878 1762/3099/2879
f 1762/3099/2879 1064/3098/2878 1063/3100/2880
f 1762/3099/2879 1063/3100/2880 1761/3101/2881
f 1761/3101/2881 1063/3100/2880 1062/3102/2882
f 1761/3101/2881 1062/3102/2882 1760/3103/2883
f 1760/3103/2883 1062/3102/2882 1759/3104/2884
f 1759/3104/2884 1062/3102/2882 1061/3105/2885
f 1759/3104/2884 1061/3105/2885 1758/3106/2886
f 1758/3106/2886 1061/3105/2885 1060/3107/2887
f 1758/3106/2886 1060/3107/2887 1757/3108/2888
f 1757/3108/2888 1060/3107/2887 1059/3109/2889
f 1757/3108/2888 1059/3109/2889 1756/3110/2890
f 1756/3110/2890 1059/3109/2889 1058/3111/2891
f 1756/3110/2890 1058/3111/2891 1755/3112/2892
f 1755/3112/2892 1058/3111/2891 1057/3113/2893
f 1755/3112/2892 1057/3113/2893 1754/3114/2894
f 1754/3114/2894 1057/3113/2893 1056/3115/2895
f 1754/3114/2894 1056/3115/2895 1753/3116/2896
f 1753/3116/2896 1056/3115/2895 1055/3117/2897
f 1753/3116/2896 1055/3117/2897 1752/3118/2898
f 1752/3118/2898 1055/3117/2897 1054/3119/2899
f 1752/3118/2898 1054/3119/2899 1751/3120/2900
f 1751/3120/2900 1054/3119/2899 1053/3121/2901
f 1751/3120/2900 1053/3121/2901 1750/3122/2902
f 1750/3122/2902 1053/3121/2901 1052/3123/2903
f 1750/3122/2902 1052/3123/2903 1749/3124/2904
f 1749/3124/2904 1052/3123/2903 1051/3125/2905
f 1749/3124/2904 1051/3125/2905 1748/3126/2906
f 1748/3126/2906 1051/3125/2905 1050/3127/2907
f 1748/3126/2906 1050/3127/2907 1747/3128/2908
f 1747/3128/2908 1050/3127/2907 1049/3129/2909
f 1747/3128/2908 1049/3129/2909 1746/3130/2910
f 1746/3130/2910 1049/3129/2909 966/3131/2911
f 1746/3130/2910 966/3131/2911 965/3132/2912
f 1776/3133/2913 1777/3134/2914 1775/3135/2915
f 1775/3135/2915 1777/3134/2914 1778/3136/2916
f 1775/3135/2915 1778/3136/2916 1228/3137/2917
f 1228/3137/2917 1778/3136/2916 1779/3138/2918
f 1228/3137/2917 1779/3138/2918 1780/3139/2919
f 1781/3140/2920 1234/3141/2921 1780/3139/2919
f 1780/3139/2919 1234/3141/2921 1233/3142/2922
f 1780/3139/2919 1233/3142/2922 1232/3143/2923
f 1782/3144/2924 1236/3145/2925 1781/3140/2920
f 1781/3140/2920 1236/3145/2925 1235/3146/2926
f 1781/3140/2920 1235/3146/2926 1234/3141/2921
f 1783/3147/2927 1238/3148/2928 1782/3144/2924
f 1782/3144/2924 1238/3148/2928 1237/3149/2929
f 1782/3144/2924 1237/3149/2929 1236/3145/2925
f 1784/3150/2930 1241/3151/2931 1783/3147/2927
f 1783/3147/2927 1241/3151/2931 1240/3152/2932
f 1783/3147/2927 1240/3152/2932 1239/3153/2933
f 1241/3151/2931 1784/3150/2930 1242/3154/2934
f 1242/3154/2934 1784/3150/2930 1093/3155/1815
f 1242/3154/2934 1093/3155/1815 1227/3156/2935
f 1227/3156/2935 1093/3155/1815 1092/3157/1814
f 1239/3153/2933 1238/3148/2928 1783/3147/2927
f 1232/3143/2923 1231/3158/2936 1780/3139/2919
f 1780/3139/2919 1231/3158/2936 1230/3159/2937
f 1780/3139/2919 1230/3159/2937 1229/3160/2938
f 1229/3160/2938 1228/3137/2917 1780/3139/2919
f 1776/3161/2939 1745/3162/2940 1777/3163/2941
f 1777/3163/2941 1745/3162/2940 1774/3164/2942
f 1777/3163/2941 1774/3164/2942 1778/3165/2943
f 1778/3165/2943 1774/3164/2942 1773/3166/2944
f 1778/3165/2943 1773/3166/2944 1779/3167/2945
f 1779/3167/2945 1773/3166/2944 1772/3168/2946
f 1779/3167/2945 1772/3168/2946 1780/3169/2947
f 1780/3169/2947 1772/3168/2946 1771/3170/2948
f 1780/3169/2947 1771/3170/2948 1781/3171/2949
f 1781/3171/2949 1771/3170/2948 1770/3172/2950
f 1781/3171/2949 1770/3172/2950 1782/3173/2951
f 1782/3173/2951 1770/3172/2950 1769/3174/2952
f 1782/3173/2951 1769/3174/2952 1783/3175/2953
f 1783/3175/2953 1769/3174/2952 1768/3176/2954
f 1783/3175/2953 1768/3176/2954 1784/3177/2955
f 1784/3177/2955 1768/3176/2954 1767/3178/2956
f 1784/3177/2955 1767/3178/2956 1093/3179/2957
f 1093/3179/2957 1767/3178/2956 1766/3180/2958
f 1093/3179/2957 1766/3180/2958 1094/3181/2959
f 1094/3181/2959 1766/3180/2958 1095/3182/2960
f 1095/3182/2960 1766/3180/2958 1101/3183/2961
f 1095/3182/2960 1101/3183/2961 1096/3184/2962
f 1096/3184/2962 1101/3183/2961 1097/3185/2963
f 1097/3185/2963 1101/3183/2961 1098/3186/2964
f 1098/3186/2964 1101/3183/2961 1099/3187/2965
f 1766/3180/2958 1765/3188/2966 1101/3183/2961
f 1101/3183/2961 1765/3188/2966 1110/3189/2967
f 1110/3189/2967 1765/3188/2966 1111/3190/2968
f 1111/3190/2968 1765/3188/2966 1112/3191/2969
f 1112/3191/2969 1765/3188/2966 1113/3192/2970
f 1113/3192/2970 1765/3188/2966 1114/3193/2971
f 1114/3193/2971 1765/3188/2966 1115/3194/2972
f 1115/3194/2972 1765/3188/2966 1764/3195/2973
f 1115/3194/2972 1764/3195/2973 1116/3196/2974
f 1116/3196/2974 1764/3195/2973 1117/3197/2975
f 1117/3197/2975 1764/3195/2973 1119/3198/2976
f 1119/3198/2976 1764/3195/2973 1763/3199/2977
f 1119/3198/2976 1763/3199/2977 1120/3200/2978
f 1120/3200/2978 1763/3199/2977 1762/3201/2979
f 1120/3200/2978 1762/3201/2979 1121/3202/2980
f 1121/3202/2980 1762/3201/2979 1761/3203/2981
f 1121/3202/2980 1761/3203/2981 1641/3204/2982
f 1641/3204/2982 1761/3203/2981 1642/3205/2983
f 1642/3205/2983 1761/3203/2981 1643/3206/2984
f 1643/3206/2984 1761/3203/2981 1760/3207/2985
f 1643/3206/2984 1760/3207/2985 1644/3208/2986
f 1644/3208/2986 1760/3207/2985 1629/3209/2987
f 1629/3209/2987 1760/3207/2985 1630/3210/2988
f 1630/3210/2988 1760/3207/2985 1631/3211/2989
f 1631/3211/2989 1760/3207/2985 1759/3212/2990
f 1631/3211/2989 1759/3212/2990 1632/3213/2991
f 1632/3213/2991 1759/3212/2990 1633/3214/2992
f 1633/3214/2992 1759/3212/2990 1123/3215/2993
f 1633/3214/2992 1123/3215/2993 1634/3216/2994
f 1634/3216/2994 1123/3215/2993 1122/3217/2995
f 1634/3216/2994 1122/3217/2995 1635/3218/2996
f 1635/3218/2996 1122/3217/2995 1636/3219/2997
f 1636/3219/2997 1122/3217/2995 1637/3220/2998
f 1637/3220/2998 1122/3217/2995 1638/3221/2999
f 1638/3221/2999 1122/3217/2995 1639/3222/3000
f 1639/3222/3000 1122/3217/2995 1121/3202/2980
f 1639/3222/3000 1121/3202/2980 1640/3223/3001
f 1640/3223/3001 1121/3202/2980 1641/3204/2982
f 1759/3212/2990 1758/3224/3002 1123/3215/2993
f 1123/3215/2993 1758/3224/3002 1124/3225/3003
f 1124/3225/3003 1758/3224/3002 1757/3226/3004
f 1124/3225/3003 1757/3226/3004 1125/3227/3005
f 1125/3227/3005 1757/3226/3004 1756/3228/3006
f 1125/3227/3005 1756/3228/3006 1126/3229/3007
f 1126/3229/3007 1756/3228/3006 1135/3230/3008
f 1135/3230/3008 1756/3228/3006 1136/3231/3009
f 1136/3231/3009 1756/3228/3006 1755/3232/3010
f 1136/3231/3009 1755/3232/3010 1137/3233/3011
f 1137/3233/3011 1755/3232/3010 1138/3234/3012
f 1138/3234/3012 1755/3232/3010 1139/3235/3013
f 1139/3235/3013 1755/3232/3010 1140/3236/3014
f 1140/3236/3014 1755/3232/3010 1141/3237/3015
f 1141/3237/3015 1755/3232/3010 1142/3238/3016
f 1142/3238/3016 1755/3232/3010 1143/3239/3017
f 1143/3239/3017 1755/3232/3010 1754/3240/3018
f 1143/3239/3017 1754/3240/3018 1144/3241/3019
f 1144/3241/3019 1754/3240/3018 1145/3242/3020
f 1145/3242/3020 1754/3240/3018 1085/3243/3021
f 1145/3242/3020 1085/3243/3021 1084/3244/3022
f 1753/3245/3023 1087/3246/3024 1754/3240/3018
f 1754/3240/3018 1087/3246/3024 1086/3247/3025
f 1754/3240/3018 1086/3247/3025 1085/3243/3021
f 1087/3246/3024 1753/3245/3023 1737/3248/3026
f 1737/3248/3026 1753/3245/3023 1752/3249/3027
f 1737/3248/3026 1752/3249/3027 1738/3250/3028
f 1738/3250/3028 1752/3249/3027 1751/3251/3029
f 1738/3250/3028 1751/3251/3029 1739/3252/3030
f 1739/3252/3030 1751/3251/3029 1750/3253/3031
f 1739/3252/3030 1750/3253/3031 1740/3254/3032
f 1740/3254/3032 1750/3253/3031 1749/3255/3033
f 1740/3254/3032 1749/3255/3033 1741/3256/3034
f 1741/3256/3034 1749/3255/3033 1748/3257/3035
f 1741/3256/3034 1748/3257/3035 1742/3258/3036
f 1742/3258/3036 1748/3257/3035 1747/3259/3037
f 1742/3258/3036 1747/3259/3037 1743/3260/3038
f 1743/3260/3038 1747/3259/3037 1746/3261/3039
f 1743/3260/3038 1746/3261/3039 1744/3262/3040
f 1744/3262/3040 1746/3261/3039 965/3263/3041
f 1744/3262/3040 965/3263/3041 964/3264/3042
f 1084/3244/3022 1083/3265/3043 1145/3242/3020
f 1145/3242/3020 1083/3265/3043 1082/3266/3044
f 1145/3242/3020 1082/3266/3044 1081/3267/3045
f 1786/3268/3046 1023/3269/3047 1785/3270/3048
f 1785/3270/3048 1023/3269/3047 1022/3271/3049
f 1785/3270/3048 1022/3271/3049 1815/3272/3050
f 1815/3272/3050 1022/3271/3049 1814/3273/3051
f 1814/3273/3051 1022/3271/3049 1813/3274/3052
f 1786/3268/3046 1787/3275/3053 1023/3269/3047
f 1023/3269/3047 1787/3275/3053 1024/3276/3054
f 1024/3276/3054 1787/3275/3053 1788/3277/3055
f 1024/3276/3054 1788/3277/3055 1025/3278/3056
f 1025/3278/3056 1788/3277/3055 1789/3279/3057
f 1025/3278/3056 1789/3279/3057 1026/3280/3058
f 1026/3280/3058 1789/3279/3057 1790/3281/3059
f 1026/3280/3058 1790/3281/3059 1027/3282/3060
f 1027/3282/3060 1790/3281/3059 1791/3283/3061
f 1027/3282/3060 1791/3283/3061 1028/3284/3062
f 1028/3284/3062 1791/3283/3061 1792/3285/3063
f 1028/3284/3062 1792/3285/3063 1029/3286/3064
f 1029/3286/3064 1792/3285/3063 1793/3287/3065
f 1029/3286/3064 1793/3287/3065 1030/3288/3066
f 1030/3288/3066 1793/3287/3065 1794/3289/3067
f 1030/3288/3066 1794/3289/3067 1031/3290/3068
f 1031/3290/3068 1794/3289/3067 1795/3291/3069
f 1031/3290/3068 1795/3291/3069 1032/3292/3070
f 1032/3292/3070 1795/3291/3069 1796/3293/3071
f 1032/3292/3070 1796/3293/3071 1033/3294/3072
f 1033/3294/3072 1796/3293/3071 1797/3295/3073
f 1033/3294/3072 1797/3295/3073 1034/3296/3074
f 1034/3296/3074 1797/3295/3073 1798/3297/3075
f 1034/3296/3074 1798/3297/3075 1035/3298/3076
f 1035/3298/3076 1798/3297/3075 1799/3299/3077
f 1035/3298/3076 1799/3299/3077 1800/3300/3078
f 1035/3298/3076 1800/3300/3078 1036/3301/3079
f 1036/3301/3079 1800/3300/3078 1801/3302/3080
f 1036/3301/3079 1801/3302/3080 1037/3303/3081
f 1037/3303/3081 1801/3302/3080 1802/3304/3082
f 1037/3303/3081 1802/3304/3082 1038/3305/3083
f 1038/3305/3083 1802/3304/3082 1803/3306/3084
f 1038/3305/3083 1803/3306/3084 1039/3307/3085
f 1039/3307/3085 1803/3306/3084 1804/3308/3086
f 1039/3307/3085 1804/3308/3086 1040/3309/3087
f 1040/3309/3087 1804/3308/3086 1805/3310/3088
f 1040/3309/3087 1805/3310/3088 1041/3311/3089
f 1041/3311/3089 1805/3310/3088 1806/3312/3090
f 1041/3311/3089 1806/3312/3090 1042/3313/3091
f 1042/3313/3091 1806/3312/3090 1807/3314/3092
f 1042/3313/3091 1807/3314/3092 1043/3315/3093
f 1043/3315/3093 1807/3314/3092 1808/3316/3094
f 1043/3315/3093 1808/3316/3094 1044/3317/3095
f 1044/3317/3095 1808/3316/3094 1809/3318/3096
f 1044/3317/3095 1809/3318/3096 1045/3319/3097
f 1045/3319/3097 1809/3318/3096 1810/3320/3098
f 1045/3319/3097 1810/3320/3098 1046/3321/3099
f 1046/3321/3099 1810/3320/3098 1811/3322/3100
f 1046/3321/3099 1811/3322/3100 1047/3323/3101
f 1047/3323/3101 1811/3322/3100 1812/3324/3102
f 1047/3323/3101 1812/3324/3102 1048/3325/3103
f 1048/3325/3103 1812/3324/3102 943/3326/3104
f 1048/3325/3103 943/3326/3104 942/3327/3105
f 1048/3325/3103 942/3327/3105 957/3328/3106
f 957/3328/3106 942/3327/3105 955/3329/3107
f 957/3328/3106 955/3329/3107 954/3330/3108
f 954/3330/3108 953/3331/3109 957/3328/3106
f 1786/3332/3110 1816/3333/3111 1787/3334/3112
f 1787/3334/3112 1816/3333/3111 1817/3335/3113
f 1787/3334/3112 1817/3335/3113 1788/3336/3114
f 1788/3336/3114 1817/3335/3113 1818/3337/3115
f 1788/3336/3114 1818/3337/3115 1789/3338/3116
f 1789/3338/3116 1818/3337/3115 1819/3339/3117
f 1789/3338/3116 1819/3339/3117 1790/3340/3118
f 1790/3340/3118 1819/3339/3117 1820/3341/3119
f 1790/3340/3118 1820/3341/3119 1791/3342/3120
f 1791/3342/3120 1820/3341/3119 1821/3343/3121
f 1791/3342/3120 1821/3343/3121 1792/3344/3122
f 1792/3344/3122 1821/3343/3121 1822/3345/3123
f 1792/3344/3122 1822/3345/3123 1793/3346/3124
f 1793/3346/3124 1822/3345/3123 1823/3347/3125
f 1793/3346/3124 1823/3347/3125 1794/3348/3126
f 1794/3348/3126 1823/3347/3125 1824/3349/3127
f 1794/3348/3126 1824/3349/3127 1795/3350/3128
f 1795/3350/3128 1824/3349/3127 1825/3351/3129
f 1795/3350/3128 1825/3351/3129 1796/3352/3130
f 1796/3352/3130 1825/3351/3129 1826/3353/3131
f 1796/3352/3130 1826/3353/3131 1797/3354/3132
f 1797/3354/3132 1826/3353/3131 1827/3355/3133
f 1797/3354/3132 1827/3355/3133 1798/3356/3134
f 1798/3356/3134 1827/3355/3133 1828/3357/3135
f 1798/3356/3134 1828/3357/3135 1799/3358/3136
f 1799/3358/3136 1828/3357/3135 1829/3359/3137
f 1799/3358/3136 1829/3359/3137 1800/3360/3138
f 1800/3360/3138 1829/3359/3137 1830/3361/3139
f 1800/3360/3138 1830/3361/3139 1831/3362/3140
f 1800/3360/3138 1831/3362/3140 1801/3363/3141
f 1801/3363/3141 1831/3362/3140 1832/3364/3142
f 1801/3363/3141 1832/3364/3142 1802/3365/3143
f 1802/3365/3143 1832/3364/3142 1833/3366/3144
f 1802/3365/3143 1833/3366/3144 1803/3367/3145
f 1803/3367/3145 1833/3366/3144 1834/3368/3146
f 1803/3367/3145 1834/3368/3146 1804/3369/3147
f 1804/3369/3147 1834/3368/3146 1835/3370/3148
f 1804/3369/3147 1835/3370/3148 1805/3371/3149
f 1805/3371/3149 1835/3370/3148 1836/3372/3150
f 1805/3371/3149 1836/3372/3150 1806/3373/3151
f 1806/3373/3151 1836/3372/3150 1837/3374/3152
f 1806/3373/3151 1837/3374/3152 1807/3375/3153
f 1807/3375/3153 1837/3374/3152 1838/3376/3154
f 1807/3375/3153 1838/3376/3154 1808/3377/3155
f 1808/3377/3155 1838/3376/3154 1839/3378/3156
f 1808/3377/3155 1839/3378/3156 1809/3379/3157
f 1809/3379/3157 1839/3378/3156 1840/3380/3158
f 1809/3379/3157 1840/3380/3158 1810/3381/3159
f 1810/3381/3159 1840/3380/3158 1841/3382/3160
f 1810/3381/3159 1841/3382/3160 1811/3383/3161
f 1811/3383/3161 1841/3382/3160 1842/3384/3162
f 1811/3383/3161 1842/3384/3162 1812/3385/3163
f 1812/3385/3163 1842/3384/3162 944/3386/3164
f 1812/3385/3163 944/3386/3164 943/3387/3165
f 1775/3388/3166 1228/3389/2086 1843/3390/3167
f 1843/3390/3167 1228/3389/2086 1146/3391/2087
f 1817/3392/3168 1816/3393/3169 1846/3394/3170
f 1846/3394/3170 1816/3393/3169 1844/3395/3171
f 1846/3394/3170 1844/3395/3171 1845/3396/3172
f 1846/3394/3170 1847/3397/3173 1817/3392/3168
f 1817/3392/3168 1847/3397/3173 1818/3398/3174
f 1818/3398/3174 1847/3397/3173 1848/3399/3175
f 1818/3398/3174 1848/3399/3175 1819/3400/3176
f 1819/3400/3176 1848/3399/3175 1849/3401/3177
f 1819/3400/3176 1849/3401/3177 1820/3402/3178
f 1820/3402/3178 1849/3401/3177 1850/3403/3179
f 1820/3402/3178 1850/3403/3179 1821/3404/3180
f 1821/3404/3180 1850/3403/3179 1851/3405/3181
f 1821/3404/3180 1851/3405/3181 1822/3406/3182
f 1822/3406/3182 1851/3405/3181 1852/3407/3183
f 1822/3406/3182 1852/3407/3183 1823/3408/3184
f 1823/3408/3184 1852/3407/3183 1853/3409/3185
f 1823/3408/3184 1853/3409/3185 1824/3410/3186
f 1824/3410/3186 1853/3409/3185 1854/3411/3187
f 1824/3410/3186 1854/3411/3187 1825/3412/3188
f 1825/3412/3188 1854/3411/3187 1855/3413/3189
f 1825/3412/3188 1855/3413/3189 1826/3414/3190
f 1826/3414/3190 1855/3413/3189 1856/3415/3191
f 1826/3414/3190 1856/3415/3191 1827/3416/3192
f 1827/3416/3192 1856/3415/3191 1857/3417/3193
f 1827/3416/3192 1857/3417/3193 1828/3418/3194
f 1828/3418/3194 1857/3417/3193 1858/3419/3195
f 1828/3418/3194 1858/3419/3195 1829/3420/3196
f 1829/3420/3196 1858/3419/3195 1859/3421/3197
f 1829/3420/3196 1859/3421/3197 1860/3422/3198
f 1829/3420/3196 1860/3422/3198 1830/3423/3199
f 1830/3423/3199 1860/3422/3198 1861/3424/3200
f 1830/3423/3199 1861/3424/3200 1831/3425/3201
f 1831/3425/3201 1861/3424/3200 1862/3426/3202
f 1831/3425/3201 1862/3426/3202 1832/3427/3203
f 1832/3427/3203 1862/3426/3202 1863/3428/3204
f 1832/3427/3203 1863/3428/3204 1833/3429/3205
f 1833/3429/3205 1863/3428/3204 1864/3430/3206
f 1833/3429/3205 1864/3430/3206 1834/3431/3207
f 1834/3431/3207 1864/3430/3206 1865/3432/3208
f 1834/3431/3207 1865/3432/3208 1835/3433/3209
f 1835/3433/3209 1865/3432/3208 1866/3434/3210
f 1835/3433/3209 1866/3434/3210 1836/3435/3211
f 1836/3435/3211 1866/3434/3210 1867/3436/3212
f 1836/3435/3211 1867/3436/3212 1837/3437/3213
f 1837/3437/3213 1867/3436/3212 1868/3438/3214
f 1837/3437/3213 1868/3438/3214 1838/3439/3215
f 1838/3439/3215 1868/3438/3214 1869/3440/3216
f 1838/3439/3215 1869/3440/3216 1839/3441/3217
f 1839/3441/3217 1869/3440/3216 1870/3442/3218
f 1839/3441/3217 1870/3442/3218 1840/3443/3219
f 1840/3443/3219 1870/3442/3218 1871/3444/3220
f 1840/3443/3219 1871/3444/3220 1841/3445/3221
f 1841/3445/3221 1871/3444/3220 1872/3446/3222
f 1841/3445/3221 1872/3446/3222 1842/3447/3223
f 1842/3447/3223 1872/3446/3222 1873/3448/3224
f 1842/3447/3223 1873/3448/3224 944/3449/3225
f 944/3449/3225 1873/3448/3224 945/3450/3226
f 945/3450/3226 1873/3448/3224 946/3451/3227
f 1843/3452/3228 1146/3453/1862 863/3454/3229
f 863/3454/3229 1146/3453/1862 864/3455/1864
f 1874/3456/3230 1875/3457/3231 1845/3458/3232
f 1845/3458/3232 1875/3457/3231 1846/3459/3233
f 1846/3459/3233 1875/3457/3231 1876/3460/3234
f 1846/3459/3233 1876/3460/3234 1847/3461/3235
f 1847/3461/3235 1876/3460/3234 1877/3462/3236
f 1847/3461/3235 1877/3462/3236 1848/3463/3237
f 1848/3463/3237 1877/3462/3236 1878/3464/3238
f 1848/3463/3237 1878/3464/3238 1849/3465/3239
f 1849/3465/3239 1878/3464/3238 1879/3466/3240
f 1849/3465/3239 1879/3466/3240 1850/3467/3241
f 1850/3467/3241 1879/3466/3240 1880/3468/3242
f 1850/3467/3241 1880/3468/3242 1851/3469/3243
f 1851/3469/3243 1880/3468/3242 1881/3470/3244
f 1851/3469/3243 1881/3470/3244 1852/3471/3245
f 1852/3471/3245 1881/3470/3244 1882/3472/3246
f 1852/3471/3245 1882/3472/3246 1853/3473/3247
f 1853/3473/3247 1882/3472/3246 1411/3474/3248
f 1853/3473/3247 1411/3474/3248 1410/3475/3249
f 1853/3473/3247 1410/3475/3249 1854/3476/3250
f 1854/3476/3250 1410/3475/3249 1409/3477/3251
f 1854/3476/3250 1409/3477/3251 1408/3478/3252
f 1408/3478/3252 1407/3479/3253 1854/3476/3250
f 1854/3476/3250 1407/3479/3253 1584/3480/2656
f 1854/3476/3250 1584/3480/2656 1583/3481/3254
f 1407/3479/3253 1406/3482/2654 1584/3480/2656
f 1583/3481/3254 1582/3483/3255 1854/3476/3250
f 1854/3476/3250 1582/3483/3255 1581/3484/3256
f 1854/3476/3250 1581/3484/3256 1580/3485/3257
f 1854/3476/3250 1580/3485/3257 1855/3486/3258
f 1855/3486/3258 1580/3485/3257 1579/3487/3259
f 1855/3486/3258 1579/3487/3259 1578/3488/3260
f 1578/3488/3260 1577/3489/3261 1855/3486/3258
f 1855/3486/3258 1577/3489/3261 1576/3490/3262
f 1855/3486/3258 1576/3490/3262 1559/3491/2572
f 1855/3486/3258 1559/3491/2572 1856/3492/3263
f 1856/3492/3263 1559/3491/2572 1558/3493/2571
f 1856/3492/3263 1558/3493/2571 1857/3494/3264
f 1857/3494/3264 1558/3493/2571 1557/3495/2586
f 1857/3494/3264 1557/3495/2586 1858/3496/3265
f 1858/3496/3265 1557/3495/2586 1713/3497/3266
f 1858/3496/3265 1713/3497/3266 1712/3498/3267
f 1557/3495/2586 1556/3499/2585 1713/3497/3266
f 1713/3497/3266 1556/3499/2585 1714/3500/3268
f 1714/3500/3268 1556/3499/2585 1715/3501/3269
f 1715/3501/3269 1556/3499/2585 1716/3502/3270
f 1716/3502/3270 1556/3499/2585 1717/3503/3271
f 1717/3503/3271 1556/3499/2585 1718/3504/3272
f 1718/3504/3272 1556/3499/2585 1719/3505/3273
f 1719/3505/3273 1556/3499/2585 1555/3506/2584
f 1719/3505/3273 1555/3506/2584 1720/3507/3274
f 1720/3507/3274 1555/3506/2584 1721/3508/3275
f 1721/3508/3275 1555/3506/2584 1722/3509/3276
f 1722/3509/3276 1555/3506/2584 1723/3510/3277
f 1723/3510/3277 1555/3506/2584 1554/3511/2583
f 1723/3510/3277 1554/3511/2583 1724/3512/3278
f 1724/3512/3278 1554/3511/2583 1725/3513/3279
f 1725/3513/3279 1554/3511/2583 1726/3514/3280
f 1726/3514/3280 1554/3511/2583 1727/3515/3281
f 1727/3515/3281 1554/3511/2583 1728/3516/3282
f 1728/3516/3282 1554/3511/2583 1553/3517/2582
f 1728/3516/3282 1553/3517/2582 1729/3518/3283
f 1729/3518/3283 1553/3517/2582 1861/3519/3284
f 1729/3518/3283 1861/3519/3284 1730/3520/3285
f 1730/3520/3285 1861/3519/3284 1731/3521/3286
f 1731/3521/3286 1861/3519/3284 1732/3522/3287
f 1732/3522/3287 1861/3519/3284 1860/3523/3288
f 1732/3522/3287 1860/3523/3288 1733/3524/3289
f 1733/3524/3289 1860/3523/3288 1734/3525/3290
f 1734/3525/3290 1860/3523/3288 1735/3526/3291
f 1735/3526/3291 1860/3523/3288 1736/3527/3292
f 1736/3527/3292 1860/3523/3288 1705/3528/3293
f 1705/3528/3293 1860/3523/3288 1859/3529/3294
f 1705/3528/3293 1859/3529/3294 1706/3530/3295
f 1706/3530/3295 1859/3529/3294 1707/3531/3296
f 1707/3531/3296 1859/3529/3294 1708/3532/3297
f 1708/3532/3297 1859/3529/3294 1709/3533/3298
f 1709/3533/3298 1859/3529/3294 1710/3534/3299
f 1710/3534/3299 1859/3529/3294 1858/3496/3265
f 1710/3534/3299 1858/3496/3265 1711/3535/3300
f 1711/3535/3300 1858/3496/3265 1712/3498/3267
f 1861/3519/3284 1553/3517/2582 1862/3536/3301
f 1862/3536/3301 1553/3517/2582 1552/3537/2581
f 1862/3536/3301 1552/3537/2581 1863/3538/3302
f 1863/3538/3302 1552/3537/2581 1496/3539/2580
f 1863/3538/3302 1496/3539/2580 1864/3540/3303
f 1864/3540/3303 1496/3539/2580 1495/3541/3304
f 1864/3540/3303 1495/3541/3304 1494/3542/3305
f 1494/3542/3305 1493/3543/3306 1864/3540/3303
f 1864/3540/3303 1493/3543/3306 1492/3544/3307
f 1864/3540/3303 1492/3544/3307 1491/3545/3308
f 1864/3540/3303 1491/3545/3308 1865/3546/3309
f 1865/3546/3309 1491/3545/3308 1490/3547/3310
f 1865/3546/3309 1490/3547/3310 1489/3548/3311
f 1489/3548/3311 1488/3549/3312 1865/3546/3309
f 1865/3546/3309 1488/3549/3312 1487/3550/3313
f 1865/3546/3309 1487/3550/3313 1483/3551/3314
f 1445/3552/2482 1444/3553/3315 1483/3551/3314
f 1483/3551/3314 1444/3553/3315 1443/3554/3316
f 1483/3551/3314 1443/3554/3316 1865/3546/3309
f 1865/3546/3309 1443/3554/3316 1442/3555/3317
f 1865/3546/3309 1442/3555/3317 1441/3556/3318
f 1441/3556/3318 975/3557/1691 1865/3546/3309
f 1865/3546/3309 975/3557/1691 1866/3558/3319
f 1866/3558/3319 975/3557/1691 974/3559/1690
f 1866/3558/3319 974/3559/1690 1867/3560/3320
f 1867/3560/3320 974/3559/1690 973/3561/1708
f 1867/3560/3320 973/3561/1708 1868/3562/3321
f 1868/3562/3321 973/3561/1708 972/3563/1707
f 1868/3562/3321 972/3563/1707 1869/3564/3322
f 1869/3564/3322 972/3563/1707 971/3565/1706
f 1869/3564/3322 971/3565/1706 1870/3566/3323
f 1870/3566/3323 971/3565/1706 970/3567/1705
f 1870/3566/3323 970/3567/1705 1871/3568/3324
f 1871/3568/3324 970/3567/1705 969/3569/1704
f 1871/3568/3324 969/3569/1704 1872/3570/3325
f 1872/3570/3325 969/3569/1704 968/3571/1703
f 1872/3570/3325 968/3571/1703 1873/3572/3326
f 1873/3572/3326 968/3571/1703 967/3573/1702
f 1873/3572/3326 967/3573/1702 946/3574/3327
f 946/3574/3327 967/3573/1702 947/3575/1701
f 1875/3576/3231 1874/3577/3230 1896/3578/3328
f 1896/3578/3328 1874/3577/3230 1883/3579/3329
f 1896/3578/3328 1883/3579/3329 1884/3580/3330
f 1896/3578/3328 1884/3580/3330 1895/3581/3331
f 1895/3581/3331 1884/3580/3330 1885/3582/3332
f 1895/3581/3331 1885/3582/3332 1887/3583/3333
f 1887/3583/3333 1885/3582/3332 1886/3584/3334
f 1887/3583/3333 1888/3585/3335 1895/3581/3331
f 1895/3581/3331 1888/3585/3335 1897/3586/3336
f 1895/3581/3331 1897/3586/3336 1896/3578/3328
f 1896/3578/3328 1897/3586/3336 1898/3587/3337
f 1896/3578/3328 1898/3587/3337 1875/3576/3231
f 1875/3576/3231 1898/3587/3337 1876/3588/3234
f 1876/3588/3234 1898/3587/3337 1900/3589/3338
f 1876/3588/3234 1900/3589/3338 1877/3590/3236
f 1877/3590/3236 1900/3589/3338 1902/3591/3339
f 1877/3590/3236 1902/3591/3339 1878/3592/3238
f 1878/3592/3238 1902/3591/3339 1904/3593/3340
f 1878/3592/3238 1904/3593/3340 1879/3594/3240
f 1879/3594/3240 1904/3593/3340 1906/3595/3341
f 1879/3594/3240 1906/3595/3341 1880/3596/3242
f 1880/3596/3242 1906/3595/3341 1908/3597/3342
f 1880/3596/3242 1908/3597/3342 1881/3598/3244
f 1881/3598/3244 1908/3597/3342 1910/3599/3343
f 1881/3598/3244 1910/3599/3343 1882/3600/3246
f 1882/3600/3246 1910/3599/3343 1411/3601/3248
f 1411/3601/3248 1910/3599/3343 1412/3602/3344
f 1412/3602/3344 1910/3599/3343 1909/3603/3345
f 1412/3602/3344 1909/3603/3345 1413/3604/3346
f 1413/3604/3346 1909/3603/3345 1396/3605/2367
f 1396/3605/2367 1909/3603/3345 1894/3606/3347
f 1894/3606/3347 1909/3603/3345 1907/3607/3348
f 1894/3606/3347 1907/3607/3348 1893/3608/3349
f 1893/3608/3349 1907/3607/3348 1905/3609/3350
f 1893/3608/3349 1905/3609/3350 1892/3610/3351
f 1892/3610/3351 1905/3609/3350 1903/3611/3352
f 1892/3610/3351 1903/3611/3352 1891/3612/3353
f 1891/3612/3353 1903/3611/3352 1901/3613/3354
f 1891/3612/3353 1901/3613/3354 1890/3614/3355
f 1890/3614/3355 1901/3613/3354 1899/3615/3356
f 1890/3614/3355 1899/3615/3356 1889/3616/3357
f 1889/3616/3357 1899/3615/3356 1897/3586/3336
f 1889/3616/3357 1897/3586/3336 1888/3585/3335
f 1898/3587/3337 1897/3586/3336 1899/3615/3356
f 1909/3603/3345 1910/3599/3343 1908/3597/3342
f 1900/3589/3338 1898/3587/3337 1899/3615/3356
f 1902/3591/3339 1900/3589/3338 1901/3613/3354
f 1901/3613/3354 1900/3589/3338 1899/3615/3356
f 1904/3593/3340 1902/3591/3339 1903/3611/3352
f 1903/3611/3352 1902/3591/3339 1901/3613/3354
f 1906/3595/3341 1904/3593/3340 1905/3609/3350
f 1905/3609/3350 1904/3593/3340 1903/3611/3352
f 1908/3597/3342 1906/3595/3341 1907/3607/3348
f 1907/3607/3348 1906/3595/3341 1905/3609/3350
f 1909/3603/3345 1908/3597/3342 1907/3607/3348
f 1886/3617/3334 1911/3618/3358 1887/3619/3333
f 1887/3619/3333 1911/3618/3358 1888/3620/3335
f 1888/3620/3335 1911/3618/3358 1289/3621/3359
f 1888/3620/3335 1289/3621/3359 1889/3622/3357
f 1889/3622/3357 1289/3621/3359 1890/3623/3355
f 1890/3623/3355 1289/3621/3359 1288/3624/3360
f 1890/3623/3355 1288/3624/3360 1287/3625/3361
f 1287/3625/3361 1286/3626/3362 1890/3623/3355
f 1890/3623/3355 1286/3626/3362 1285/3627/3363
f 1890/3623/3355 1285/3627/3363 1284/3628/3364
f 1284/3628/3364 1283/3629/3365 1890/3623/3355
f 1890/3623/3355 1283/3629/3365 1891/3630/3353
f 1891/3630/3353 1283/3629/3365 1282/3631/3366
f 1891/3630/3353 1282/3631/3366 1281/3632/3367
f 1891/3630/3353 1281/3632/3367 1892/3633/3351
f 1892/3633/3351 1281/3632/3367 1280/3634/3368
f 1892/3633/3351 1280/3634/3368 1279/3635/3369
f 1892/3633/3351 1279/3635/3369 1893/3636/3349
f 1893/3636/3349 1279/3635/3369 1278/3637/3370
f 1893/3636/3349 1278/3637/3370 1277/3638/3371
f 1277/3638/3371 1276/3639/3372 1893/3636/3349
f 1893/3636/3349 1276/3639/3372 1894/3640/3347
f 1894/3640/3347 1276/3639/3372 1275/3641/3373
f 1894/3640/3347 1275/3641/3373 1396/3642/2367
f 1396/3642/2367 1275/3641/3373 1274/3643/3374
f 1396/3642/2367 1274/3643/3374 1306/3644/2366
f 860/3645/3375 859/3646/2278 1912/3647/3376
f 1912/3647/3376 859/3646/2278 1259/3648/2280
f 1912/3649/3377 1259/3650/2101 1911/3651/3378
f 1911/3651/3378 1259/3650/2101 1289/3652/2100
f 1785/3653/3379 1815/3654/3380 1914/3655/3381
f 1914/3655/3381 1815/3654/3380 1814/3656/3382
f 1914/3655/3381 1814/3656/3382 1913/3657/3383
f 1913/3657/3383 1814/3656/3382 1813/3658/3384
f 1913/3659/3385 1915/3660/3386 1914/3661/3387
f 1914/3661/3387 1915/3660/3386 1916/3662/3388
f 1915/3663/3389 1917/3664/3390 1916/3665/3391
f 1916/3665/3391 1917/3664/3390 1918/3666/3392
f 1917/3667/3393 1919/3668/3394 1918/3669/3395
f 1918/3669/3395 1919/3668/3394 1920/3670/3396
f 1919/3671/3397 1921/3672/3398 1920/3673/3399
f 1920/3673/3399 1921/3672/3398 1922/3674/3400
f 1921/3675/3401 862/3676/3402 1922/3677/3403
f 1922/3677/3403 862/3676/3402 861/3678/3404
f 860/3679/3405 1912/3680/3406 861/3681/3407
f 861/3681/3407 1912/3680/3406 1922/3682/3408
f 1922/3682/3408 1912/3680/3406 1920/3683/3409
f 1920/3683/3409 1912/3680/3406 1911/3684/3410
f 1920/3683/3409 1911/3684/3410 1886/3685/3411
f 1920/3683/3409 1886/3685/3411 1918/3686/3412
f 1918/3686/3412 1886/3685/3411 1885/3687/3413
f 1918/3686/3412 1885/3687/3413 1884/3688/3414
f 1883/3689/3415 1874/3690/3416 1884/3688/3414
f 1884/3688/3414 1874/3690/3416 1918/3686/3412
f 1918/3686/3412 1874/3690/3416 1916/3691/3417
f 1916/3691/3417 1874/3690/3416 1845/3692/3418
f 1916/3691/3417 1845/3692/3418 1844/3693/3419
f 1916/3691/3417 1844/3693/3419 1914/3694/3420
f 1914/3694/3420 1844/3693/3419 1816/3695/3421
f 1914/3694/3420 1816/3695/3421 1785/3696/3422
f 1785/3696/3422 1816/3695/3421 1786/3697/3423
f 1775/3698/3424 1919/3699/3425 1776/3700/3426
f 1776/3700/3426 1919/3699/3425 1917/3701/3427
f 1776/3700/3426 1917/3701/3427 1915/3702/3428
f 1919/3699/3425 1775/3698/3424 1921/3703/3429
f 1921/3703/3429 1775/3698/3424 1843/3704/3430
f 1921/3703/3429 1843/3704/3430 863/3705/3431
f 863/3705/3431 862/3706/3432 1921/3703/3429
f 1913/3707/3433 1021/3708/3434 1915/3702/3428
f 1915/3702/3428 1021/3708/3434 1745/3709/3435
f 1915/3702/3428 1745/3709/3435 1776/3700/3426
f 1813/3710/3436 1022/3711/3437 1913/3707/3433
f 1913/3707/3433 1022/3711/3437 1021/3708/3434
# 1922 vertices
# 3711 texture params
# 3437 normals
# 3844 facets

# 2 groups
