# WaveFront *.obj file (generated by Autodesk ATF)

mtllib L1.mtl

g shell

v 136.000000 -10.800000 84.000000
v 136.000000 -11.200000 84.000000
v 134.300000 -11.200000 84.000000
v 134.300000 -10.800000 84.000000
v 130.000000 -11.000000 107.054759
v 130.000000 -11.000000 110.261957
v 130.000000 -10.800000 110.261968
v 130.000000 -10.800000 107.054759
v 131.752944 -10.800000 107.388766
v 133.179053 -10.800000 104.315757
v 134.278471 -10.800000 101.077435
v 135.070127 -10.800000 97.715857
v 135.587750 -10.800000 94.279035
v 135.869212 -10.800000 90.815171
v 134.281253 -10.800000 87.403339
v 134.157272 -10.800000 90.983275
v 133.826447 -10.800000 94.683542
v 133.187168 -10.800000 98.447871
v 132.401432 -10.800000 101.421802
v 131.422220 -10.800000 104.120659
v 134.281253 -11.200000 87.403339
v 134.157272 -11.200000 90.983275
v 133.826447 -11.200000 94.683542
v 133.187168 -11.200000 98.447871
v 132.401432 -11.200000 101.421802
v 131.422220 -11.200000 104.120659
v 130.000000 -11.200000 107.054759
v 130.000000 -11.200000 110.261947
v 135.869207 -11.200000 90.815167
v 135.587743 -11.200000 94.279029
v 135.070120 -11.200000 97.715848
v 134.278466 -11.200000 101.077423
v 133.179050 -11.200000 104.315741
v 131.752942 -11.200000 107.388748
v 136.000000 -18.666667 84.000000
v 135.966330 -18.666667 88.136222
v 135.769339 -18.666667 92.360743
v 135.270010 -18.666667 96.584884
v 134.377969 -18.666667 100.720311
v 133.031297 -18.666667 104.679224
v 131.196307 -18.666667 108.385059
v 128.872973 -18.666667 111.774800
v 126.075117 -18.666667 114.792133
v 122.847636 -18.666667 117.396205
v 119.246103 -18.666667 119.552811
v 115.360925 -18.666667 121.253286
v 111.297077 -18.666667 122.500450
v 107.181311 -18.666667 123.326490
v 103.158480 -18.666667 123.788255
v 99.378631 -18.666667 123.969483
v 96.000000 -18.666667 124.000000
v 96.000000 -11.200000 124.000000
v 98.822812 -11.200000 123.980724
v 101.949391 -11.200000 123.868887
v 105.283976 -11.200000 123.583677
v 108.733646 -11.200000 123.060266
v 112.210383 -11.200000 122.261421
v 115.627497 -11.200000 121.153784
v 118.911619 -11.200000 119.721969
v 122.000000 -11.200000 117.964923
v 122.000000 -11.000000 117.964932
v 122.001251 -11.099955 117.964119
v 122.004991 -11.199647 117.961711
v 122.161033 -12.123537 117.860088
v 122.515810 -12.964793 117.623892
v 123.028379 -13.677647 117.269350
v 123.648688 -14.235944 116.818480
v 124.333294 -14.636264 116.291141
v 125.046020 -14.884577 115.706727
v 126.458176 -14.973673 114.428260
v 127.760336 -14.591839 113.082144
v 128.862659 -13.793703 111.787490
v 129.630911 -12.678199 110.781257
v 129.877530 -11.982222 110.437066
v 129.995038 -11.199238 110.269103
v -32.558682 -11.000000 101.600000
v -35.850384 -11.000000 103.950000
v -35.850384 -10.800000 103.950000
v -32.558682 -10.800000 101.600000
v -35.850384 -11.000000 121.650000
v -35.850384 -10.800000 121.650000
v -32.558682 -11.000000 124.000000
v -32.558682 -10.800000 124.000000
v 122.000000 -11.000000 108.107995
v 122.000000 -11.200000 108.107995
v -32.171416 -10.800000 102.266094
v -32.171416 -10.800000 101.600000
v -32.239107 -10.800000 101.600000
v 96.000000 -10.800000 124.000000
v 98.822811 -10.800000 123.980725
v 101.949389 -10.800000 123.868894
v 105.283974 -10.800000 123.583689
v 108.733645 -10.800000 123.060282
v 112.210382 -10.800000 122.261441
v 115.627496 -10.800000 121.153804
v 118.911619 -10.800000 119.721989
v 122.000000 -10.800000 117.964941
v 122.000000 -10.800000 108.107995
v 120.554555 -10.800000 109.860437
v 118.897314 -10.800000 111.493271
v 117.068534 -10.800000 113.007401
v 115.108468 -10.800000 114.403728
v 110.955495 -10.800000 116.846593
v 106.760433 -10.800000 118.829093
v 104.747755 -10.800000 119.649965
v 102.845317 -10.800000 120.358456
v 101.093375 -10.800000 120.955470
v 99.532182 -10.800000 121.441910
v 98.201994 -10.800000 121.818680
v 97.143065 -10.800000 122.086682
v 96.395649 -10.800000 122.246821
v 96.000000 -10.800000 122.300000
v -31.206442 -10.800000 122.300000
v -33.450384 -10.800000 120.379162
v -33.450384 -10.800000 103.811425
v -32.171416 -11.000000 101.600000
v -32.194117 -10.933380 101.600000
v -32.216681 -10.866713 101.600000
v 120.554555 -11.200000 109.860437
v 118.897314 -11.200000 111.493271
v 117.068534 -11.200000 113.007401
v 115.108468 -11.200000 114.403728
v 110.955495 -11.200000 116.846593
v 106.760433 -11.200000 118.829093
v 104.747755 -11.200000 119.649965
v 102.845317 -11.200000 120.358456
v 101.093375 -11.200000 120.955470
v 99.532182 -11.200000 121.441910
v 98.201994 -11.200000 121.818680
v 97.143065 -11.200000 122.086682
v 96.395649 -11.200000 122.246821
v 96.000000 -11.200000 122.300000
v -31.206442 -11.200000 122.300000
v -33.450384 -11.200000 120.379162
v -33.450384 -11.200000 103.811425
v -32.171416 -11.200000 102.266094
v -32.171416 -11.200000 101.600000
v -35.788406 -11.200000 103.950000
v -32.490426 -11.200000 101.600000
v -32.490426 -11.200000 124.000000
v -35.788406 -11.200000 121.650000
v -34.189730 -15.404947 103.950000
v -32.099029 -19.388201 103.950000
v -29.546391 -23.092440 103.950000
v -26.568551 -26.464355 103.950000
v -23.208363 -29.455422 103.950000
v -19.514184 -32.022596 103.950000
v -15.539175 -34.128932 103.950000
v -11.340543 -35.744120 103.950000
v -6.978709 -36.844913 103.950000
v -2.516444 -37.415472 103.950000
v 1.982035 -37.447584 103.950000
v 6.451991 -36.940788 103.950000
v 10.829095 -35.902377 103.950000
v 15.050359 -34.347295 103.950000
v 19.055032 -32.297922 103.950000
v 22.785485 -29.783748 103.950000
v 20.881631 -27.295151 101.600000
v 17.282258 -29.705072 101.600000
v 13.408328 -31.643080 101.600000
v 9.321385 -33.078385 101.600000
v 5.086356 -33.988186 101.600000
v 0.770522 -34.358028 101.600000
v -3.557553 -34.182036 101.600000
v -7.829111 -33.463007 101.600000
v -11.976290 -32.212362 101.600000
v -15.933206 -30.449971 101.600000
v -19.636997 -28.203832 101.600000
v -23.028822 -25.509629 101.600000
v -26.054796 -22.410163 101.600000
v -28.666846 -18.954675 101.600000
v -30.823477 -15.198061 101.600000
v -34.189730 -15.404947 121.650000
v -32.099029 -19.388201 121.650000
v -29.546391 -23.092440 121.650000
v -26.568551 -26.464355 121.650000
v -23.208363 -29.455422 121.650000
v -19.514184 -32.022596 121.650000
v -15.539175 -34.128932 121.650000
v -11.340543 -35.744120 121.650000
v -6.978709 -36.844913 121.650000
v -2.516444 -37.415472 121.650000
v 1.982035 -37.447584 121.650000
v 6.451991 -36.940788 121.650000
v 10.829095 -35.902377 121.650000
v 15.050359 -34.347295 121.650000
v 19.055032 -32.297922 121.650000
v 22.785485 -29.783748 121.650000
v -30.823477 -15.198061 124.000000
v -28.666846 -18.954675 124.000000
v -26.054796 -22.410163 124.000000
v -23.028822 -25.509629 124.000000
v -19.636997 -28.203832 124.000000
v -15.933206 -30.449971 124.000000
v -11.976290 -32.212362 124.000000
v -7.829111 -33.463007 124.000000
v -3.557553 -34.182036 124.000000
v 0.770522 -34.358028 124.000000
v 5.086356 -33.988186 124.000000
v 9.321385 -33.078385 124.000000
v 13.408328 -31.643080 124.000000
v 17.282258 -29.705072 124.000000
v 20.881631 -27.295151 124.000000
v 46.360867 -18.666667 124.000000
v 43.181598 -18.690475 124.000000
v 39.566737 -18.890399 124.000000
v 35.643949 -19.460742 124.000000
v 33.606847 -19.947860 124.000000
v 31.565706 -20.596601 124.000000
v 29.693406 -21.357848 124.000000
v 28.005498 -22.200635 124.000000
v 26.485813 -23.094703 124.000000
v 25.124284 -24.006930 124.000000
v 22.802396 -25.771723 124.000000
v 137.299531 4.200000 85.000000
v 136.749064 4.200000 85.000000
v 136.704230 4.200000 88.750455
v 136.490781 4.200000 92.751077
v 135.974831 4.200000 96.926433
v 135.022494 4.200000 101.201093
v 134.245451 4.200000 103.623505
v 133.134963 4.200000 106.310843
v 131.607880 4.200000 109.165251
v 129.581054 4.200000 112.088875
v 127.721010 4.200000 114.224620
v 125.675340 4.200000 116.155766
v 123.456231 4.200000 117.883563
v 121.075871 4.200000 119.409263
v 118.249491 4.200000 120.873171
v 115.311082 4.200000 122.071190
v 112.282070 4.200000 123.020952
v 109.183881 4.200000 123.740091
v 105.401205 4.200000 124.324564
v 101.887420 4.200000 124.624148
v 98.726165 4.200000 124.734068
v 96.001075 4.200000 124.749547
v -34.248713 4.200000 124.749547
v -37.413508 4.200000 122.399342
v -37.914719 4.200000 122.026790
v -37.914719 4.200000 103.573210
v -34.750232 4.200000 101.222590
v -34.248713 4.200000 100.850453
v -33.739591 4.200000 100.850453
v -33.739591 4.200000 100.300000
v -34.377722 4.200000 100.300000
v -34.537534 4.200000 100.326055
v -34.679933 4.200000 100.400000
v -38.370822 4.200000 103.150000
v -38.518944 4.200000 103.326928
v -38.572011 4.200000 103.550000
v -38.572011 4.200000 122.050000
v -38.518944 4.200000 122.273072
v -38.370822 4.200000 122.450000
v -34.679933 4.200000 125.200000
v -34.537534 4.200000 125.273945
v -34.377722 4.200000 125.300000
v 96.000000 4.200000 125.300000
v 99.350975 4.200000 125.272806
v 103.134947 4.200000 125.093955
v 107.187227 4.200000 124.642362
v 111.353954 4.200000 123.828091
v 115.493986 4.200000 122.589940
v 119.480783 4.200000 120.893028
v 123.204297 4.200000 118.726379
v 126.572851 4.200000 116.100501
v 128.100860 4.200000 114.623917
v 129.515034 4.200000 113.044977
v 131.981581 4.200000 109.606045
v 133.947259 4.200000 105.844181
v 135.412757 4.200000 101.831688
v 136.406569 4.200000 97.650275
v 136.986882 4.200000 93.388643
v 137.243460 4.200000 89.140072
v 135.022494 5.000000 101.201093
v 134.245451 5.000000 103.623505
v 133.134963 5.000000 106.310843
v 131.607880 5.000000 109.165251
v 129.581054 5.000000 112.088875
v 127.721010 5.000000 114.224620
v 125.675340 5.000000 116.155766
v 123.456231 5.000000 117.883563
v 121.075871 5.000000 119.409263
v 118.249491 5.000000 120.873171
v 115.311082 5.000000 122.071190
v 112.282070 5.000000 123.020952
v 109.183881 5.000000 123.740091
v 105.401205 5.000000 124.324564
v 101.887420 5.000000 124.624148
v 98.726165 5.000000 124.734068
v 96.001075 5.000000 124.749547
v -37.413508 5.000000 122.399342
v -37.914719 5.000000 122.026790
v -34.750232 5.000000 101.222590
v -34.248713 5.000000 100.850453
v -33.630343 5.000000 100.850453
v -33.668870 4.733624 100.850453
v -33.705287 4.466952 100.850453
v -37.914719 5.000000 103.573210
v -34.248713 5.000000 124.749547
v 136.749064 5.000000 85.000000
v 136.704230 5.000000 88.750455
v 136.490781 5.000000 92.751077
v 135.974831 5.000000 96.926433
v 96.000000 -18.933333 125.300000
v 100.134177 -18.933333 125.250813
v 104.278131 -18.933333 124.996308
v 108.401953 -18.933333 124.444015
v 112.466969 -18.933333 123.540753
v 116.429554 -18.933333 122.240310
v 120.230824 -18.933333 120.507298
v 123.793573 -18.933333 118.319319
v 127.038505 -18.933333 115.670804
v 129.883721 -18.933333 112.598330
v 132.255518 -18.933333 109.150615
v 134.133411 -18.933333 105.409165
v 135.519327 -18.933333 101.467005
v 136.451051 -18.933333 97.400810
v 136.996285 -18.933333 93.273498
v 137.240611 -18.933333 89.132728
v 137.299531 -18.933333 85.000000
v -34.632013 -0.302390 125.300000
v -34.299141 -4.799653 125.300000
v -33.384751 -9.215542 125.300000
v -31.904343 -13.475187 125.300000
v -29.883019 -17.506369 125.300000
v -27.355048 -21.240742 125.300000
v -24.363290 -24.614993 125.300000
v -20.958469 -27.571912 125.300000
v -17.198311 -30.061368 125.300000
v -13.146567 -32.041154 125.300000
v -8.871932 -33.477703 125.300000
v -4.446879 -34.346660 125.300000
v 0.053568 -34.633292 125.300000
v 4.553107 -34.332739 125.300000
v 8.975451 -33.450098 125.300000
v 13.245622 -32.000332 125.300000
v 17.291222 -30.008022 125.300000
v 21.043661 -27.506946 125.300000
v 23.739697 -25.376205 125.300000
v 26.540197 -23.374625 125.300000
v 29.553650 -21.721664 125.300000
v 32.757628 -20.479950 125.300000
v 36.089206 -19.642783 125.300000
v 39.493696 -19.166987 125.300000
v 42.926938 -18.966328 125.300000
v 46.360867 -18.933333 125.300000
v 92.050000 -0.000000 125.300000
v 91.775352 -1.025000 125.300000
v 91.025000 -1.775352 125.300000
v 90.000000 -2.050000 125.300000
v 88.975000 -1.775352 125.300000
v 88.224648 -1.025000 125.300000
v 87.950000 -0.000000 125.300000
v 88.224648 1.025000 125.300000
v 88.975000 1.775352 125.300000
v 90.000000 2.050000 125.300000
v 91.025000 1.775352 125.300000
v 91.775352 1.025000 125.300000
v 43.050000 -0.000000 125.300000
v 42.775352 -1.025000 125.300000
v 42.025000 -1.775352 125.300000
v 41.000000 -2.050000 125.300000
v 39.975000 -1.775352 125.300000
v 39.224648 -1.025000 125.300000
v 38.950000 -0.000000 125.300000
v 39.224648 1.025000 125.300000
v 39.975000 1.775352 125.300000
v 41.000000 2.050000 125.300000
v 42.025000 1.775352 125.300000
v 42.775352 1.025000 125.300000
v -34.931682 -0.339621 125.200000
v -34.591717 -4.873490 125.200000
v -33.665796 -9.324805 125.200000
v -32.169603 -13.618166 125.200000
v -30.128483 -17.680845 125.200000
v -27.577011 -21.444026 125.200000
v -24.558406 -24.843962 125.200000
v -21.123802 -27.823062 125.200000
v -17.331378 -30.330861 125.200000
v -13.245374 -32.324880 125.200000
v -8.935004 -33.771341 125.200000
v -4.473283 -34.645743 125.200000
v 0.064213 -34.933274 125.200000
v 4.600620 -34.629064 125.200000
v 9.059097 -33.738265 125.200000
v 13.364120 -32.275967 125.200000
v 17.442766 -30.266941 125.200000
v 21.225945 -27.745216 125.200000
v 21.170033 -27.672132 125.254691
v 21.108329 -27.591476 125.288541
v -34.781558 0.829487 125.274342
v -34.696536 -2.568117 125.274342
v -34.280414 -5.941213 125.274342
v -33.533114 -9.272273 125.274342
v -32.473878 -12.485672 125.274342
v -31.100704 -15.594583 125.274342
v -29.430743 -18.554680 125.274342
v -27.472470 -21.347323 125.274342
v -25.266891 -23.917128 125.274342
v -22.812733 -26.268308 125.274342
v -20.140880 -28.368817 125.274342
v -17.268907 -30.203140 125.274342
v -14.247908 -31.740226 125.274342
v -11.083024 -32.978954 125.274342
v -7.812378 -33.902973 125.274342
v -4.461147 -34.504246 125.274342
v -1.079354 -34.774701 125.274342
v 2.318773 -34.714091 125.274342
v 5.694772 -34.322214 125.274342
v 9.019365 -33.602022 125.274342
v 12.252041 -32.562744 125.274342
v 15.370738 -31.211940 125.274342
v 18.342756 -29.563290 125.274342
v -38.596347 -0.531065 122.450000
v -38.240738 -5.254134 122.450000
v -37.309352 -9.898094 122.450000
v -35.816211 -14.393020 122.450000
v -33.783797 -18.671236 122.450000
v -31.242711 -22.668326 122.450000
v -28.231214 -26.324106 122.450000
v -24.794649 -29.583532 122.450000
v -20.984760 -32.397529 122.450000
v -16.858909 -34.723727 122.450000
v -12.479220 -36.527101 122.450000
v -7.911635 -37.780498 122.450000
v -3.224927 -38.465047 122.450000
v 1.510338 -38.570440 122.450000
v 6.222862 -38.095091 122.450000
v 10.841690 -37.046157 122.450000
v 15.297279 -35.439431 122.450000
v 19.522541 -33.299105 122.450000
v 23.453859 -30.657405 122.450000
v -38.796037 -0.554554 122.050000
v -38.436206 -5.300761 122.050000
v -37.497933 -9.967196 122.050000
v -35.995339 -14.483630 122.050000
v -33.951037 -18.782095 122.050000
v -31.395792 -22.797900 122.050000
v -28.368060 -26.470610 122.050000
v -24.913405 -29.744954 122.050000
v -21.083818 -32.571654 122.050000
v -16.936932 -34.908170 122.050000
v -12.535156 -36.719339 122.050000
v -7.944733 -37.977904 122.050000
v -3.234747 -38.664925 122.050000
v 1.523920 -38.770061 122.050000
v 6.259653 -38.291732 122.050000
v 10.901182 -37.237135 122.050000
v 15.378655 -35.622142 122.050000
v 19.624688 -33.471056 122.050000
v 23.575382 -30.816252 122.050000
v 23.560984 -30.797432 122.202100
v 23.519155 -30.742755 122.339783
v -38.743402 -0.543445 122.273607
v -38.385249 -5.283861 122.273607
v -37.449282 -9.944740 122.273607
v -35.949589 -14.455920 122.273607
v -33.908746 -18.749494 122.273607
v -31.357473 -22.760832 122.273607
v -28.334175 -26.429550 122.273607
v -24.884362 -29.700423 122.273607
v -21.059963 -32.524214 122.273607
v -16.918548 -34.858418 122.273607
v -12.522458 -36.667896 122.273607
v -7.937866 -37.925411 122.273607
v -3.233786 -38.612034 122.273607
v 1.518972 -38.717429 122.273607
v 6.248866 -38.240008 122.273607
v 10.884695 -37.186960 122.273607
v 15.356676 -35.574135 122.273607
v 19.597493 -33.425811 122.273607
v -38.796037 -0.554554 103.550000
v -38.436206 -5.300761 103.550000
v -37.497933 -9.967196 103.550000
v -35.995339 -14.483630 103.550000
v -33.951037 -18.782095 103.550000
v -31.395792 -22.797900 103.550000
v -28.368060 -26.470610 103.550000
v -24.913405 -29.744954 103.550000
v -21.083818 -32.571654 103.550000
v -16.936932 -34.908170 103.550000
v -12.535156 -36.719339 103.550000
v -7.944733 -37.977904 103.550000
v -3.234747 -38.664925 103.550000
v 1.523920 -38.770061 103.550000
v 6.259653 -38.291732 103.550000
v 10.901182 -37.237135 103.550000
v 15.378655 -35.622142 103.550000
v 19.624688 -33.471056 103.550000
v 23.575382 -30.816252 103.550000
v -34.632013 -0.302390 100.300000
v -34.299141 -4.799653 100.300000
v -33.384751 -9.215542 100.300000
v -31.904343 -13.475187 100.300000
v -29.883019 -17.506369 100.300000
v -27.355048 -21.240742 100.300000
v -24.363290 -24.614993 100.300000
v -20.958469 -27.571912 100.300000
v -17.198311 -30.061368 100.300000
v -13.146567 -32.041154 100.300000
v -8.871932 -33.477703 100.300000
v -4.446879 -34.346660 100.300000
v 0.053568 -34.633292 100.300000
v 4.553107 -34.332739 100.300000
v 8.975451 -33.450098 100.300000
v 13.245622 -32.000332 100.300000
v 17.291222 -30.008022 100.300000
v 21.043661 -27.506946 100.300000
v 21.108329 -27.591476 100.311459
v 21.170033 -27.672132 100.345309
v 21.225945 -27.745216 100.400000
v 17.442766 -30.266941 100.400000
v 13.364120 -32.275967 100.400000
v 9.059097 -33.738265 100.400000
v 4.600620 -34.629064 100.400000
v 0.064213 -34.933274 100.400000
v -4.473283 -34.645743 100.400000
v -8.935004 -33.771341 100.400000
v -13.245374 -32.324880 100.400000
v -17.331378 -30.330861 100.400000
v -21.123802 -27.823062 100.400000
v -24.558406 -24.843962 100.400000
v -27.577011 -21.444026 100.400000
v -30.128483 -17.680845 100.400000
v -32.169603 -13.618166 100.400000
v -33.665796 -9.324805 100.400000
v -34.591717 -4.873490 100.400000
v -34.931682 -0.339621 100.400000
v -34.280414 -5.941213 100.325658
v -29.430743 -18.554680 100.325658
v -20.140880 -28.368817 100.325658
v -7.812378 -33.902973 100.325658
v 5.694772 -34.322214 100.325658
v -34.781558 0.829487 100.325658
v -34.696536 -2.568117 100.325658
v -33.533114 -9.272273 100.325658
v -32.473878 -12.485672 100.325658
v -31.100704 -15.594583 100.325658
v -27.472470 -21.347323 100.325658
v -25.266891 -23.917128 100.325658
v -22.812733 -26.268308 100.325658
v -17.268907 -30.203140 100.325658
v -14.247908 -31.740226 100.325658
v -11.083024 -32.978954 100.325658
v -4.461147 -34.504246 100.325658
v -1.079354 -34.774701 100.325658
v 2.318773 -34.714091 100.325658
v 9.019365 -33.602022 100.325658
v 12.252041 -32.562744 100.325658
v 15.370738 -31.211940 100.325658
v 18.342756 -29.563290 100.325658
v -38.596347 -0.531065 103.150000
v -38.240738 -5.254134 103.150000
v -37.309352 -9.898094 103.150000
v -35.816211 -14.393020 103.150000
v -33.783797 -18.671236 103.150000
v -31.242711 -22.668326 103.150000
v -28.231214 -26.324106 103.150000
v -24.794649 -29.583532 103.150000
v -20.984760 -32.397529 103.150000
v -16.858909 -34.723727 103.150000
v -12.479220 -36.527101 103.150000
v -7.911635 -37.780498 103.150000
v -3.224927 -38.465047 103.150000
v 1.510338 -38.570440 103.150000
v 6.222862 -38.095091 103.150000
v 10.841690 -37.046157 103.150000
v 15.297279 -35.439431 103.150000
v 19.522541 -33.299105 103.150000
v 23.453859 -30.657405 103.150000
v 23.519155 -30.742755 103.260217
v 23.560984 -30.797432 103.397900
v -38.743402 -0.543445 103.326393
v -38.385249 -5.283861 103.326393
v -37.449282 -9.944740 103.326393
v -35.949589 -14.455920 103.326393
v -33.908746 -18.749494 103.326393
v -31.357473 -22.760832 103.326393
v -28.334175 -26.429550 103.326393
v -24.884362 -29.700423 103.326393
v -21.059963 -32.524214 103.326393
v -16.918548 -34.858418 103.326393
v -12.522458 -36.667896 103.326393
v -7.937866 -37.925411 103.326393
v -3.233786 -38.612034 103.326393
v 1.518972 -38.717429 103.326393
v 6.248866 -38.240008 103.326393
v 10.884695 -37.186960 103.326393
v 15.356676 -35.574135 103.326393
v 19.597493 -33.425811 103.326393
v 36.472675 -19.879136 100.400000
v 36.708327 -19.837477 100.400000
v 36.944268 -19.797483 100.399998
v 37.180485 -19.759155 100.399994
v 37.756894 -23.380226 103.149870
v 37.545678 -23.414490 103.149957
v 37.334709 -23.450245 103.150000
v 37.123998 -23.487490 103.150000
v 37.128923 -21.625453 101.774991
v 25.170992 -24.675762 100.401351
v 27.234724 -23.300245 100.401404
v 29.408458 -22.119277 100.401647
v 32.862256 -20.761928 100.400206
v 33.346383 -24.461076 103.150000
v 31.535314 -25.173084 103.150000
v 29.798798 -26.047856 103.150000
v 26.552071 -28.214729 103.150000
v 27.689539 -25.173862 101.775381
v 30.893388 -23.453300 101.775381
v 26.250475 -26.157150 101.775381
v 29.183138 -24.290677 101.775381
v 34.633316 -22.159747 101.775381
v 32.712477 -22.740972 101.775381
v 24.297596 -27.650520 101.775381
v 26.673624 -28.373831 103.550000
v 29.896792 -26.222279 103.550000
v 31.617387 -25.355570 103.550000
v 33.412008 -24.649986 103.550000
v 37.159525 -23.684309 103.550000
v 37.368916 -23.647298 103.550000
v 37.578565 -23.611770 103.549959
v 37.788459 -23.577728 103.549876
v 42.056866 -23.171308 103.494306
v 46.360867 -23.100000 103.107718
v 46.360867 -23.100000 122.050000
v 40.200058 -23.285884 122.050000
v 37.090076 -23.697513 122.050000
v 34.031247 -24.442771 122.050000
v 31.131228 -25.580667 122.050000
v 28.450244 -27.103702 122.050000
v 46.337616 -23.076305 102.957408
v 46.316568 -23.007465 102.821344
v 46.299719 -22.900005 102.712424
v 46.337598 -22.900004 102.706534
v 46.354612 -23.007464 102.815429
v 46.375866 -23.076305 102.951461
v 46.399345 -23.100000 103.101736
v 46.348056 -23.053302 102.898455
v 46.512934 -22.900001 102.678505
v 46.688058 -22.900000 102.649185
v 46.862963 -22.900000 102.618577
v 46.882380 -23.007462 102.727070
v 46.906636 -23.076304 102.862600
v 46.933432 -23.100000 103.012321
v 46.755624 -23.100000 103.043438
v 46.577592 -23.100000 103.073243
v 46.638055 -23.053301 102.851627
v 96.000000 -23.100000 122.050000
v 96.000000 -23.076304 122.202100
v 96.000000 -23.007462 122.339783
v 96.000000 -22.900000 122.450000
v 46.360867 -22.900000 122.450000
v 46.360867 -23.007462 122.339783
v 46.360867 -23.076304 122.202100
v 91.036087 -23.047214 122.273607
v 86.072173 -23.047214 122.273607
v 81.108260 -23.047214 122.273607
v 76.144347 -23.047214 122.273607
v 71.180434 -23.047214 122.273607
v 66.216520 -23.047214 122.273607
v 61.252607 -23.047214 122.273607
v 56.288694 -23.047214 122.273607
v 51.324780 -23.047214 122.273607
v 40.118991 -23.095036 122.450000
v 37.036847 -23.503596 122.450000
v 34.023514 -24.236580 122.450000
v 31.134802 -25.357295 122.450000
v 28.428305 -26.878926 122.450000
v 27.063220 -28.021324 122.258674
v 30.803994 -25.688358 122.258674
v 28.883569 -26.768834 122.258674
v 42.789361 -23.096142 122.258674
v 39.251543 -23.334963 122.258674
v 37.073636 -23.652803 122.258674
v 34.914242 -24.138359 122.258674
v 32.820738 -24.809744 122.258674
v 37.143087 -23.593244 103.260217
v 37.155316 -23.660990 103.397900
v 34.304462 -24.314454 103.341343
v 28.774027 -26.841230 103.341343
v 26.154569 -28.716580 103.341343
v 27.090814 -28.001455 103.341343
v 30.535195 -25.824447 103.341343
v 32.382480 -24.982004 103.341343
v 37.773795 -23.486356 103.260087
v 37.784660 -23.554338 103.397773
v 37.461921 -23.583981 103.341229
v 42.033312 -22.971573 103.094061
v 42.123520 -23.121353 103.282417
v 46.360867 -19.233333 125.200000
v 42.935451 -19.266050 125.200000
v 39.522007 -19.465645 125.200000
v 36.145227 -19.937666 125.200000
v 32.847915 -20.765894 125.200000
v 29.680958 -21.993180 125.200000
v 26.701429 -23.627716 125.200000
v 23.924213 -25.612857 125.200000
v 44.022619 -21.074895 123.826187
v 32.644359 -22.758976 123.826187
v 24.103270 -27.802387 123.826187
v 40.973841 -21.185957 123.826187
v 37.718133 -21.528874 123.826187
v 34.340079 -22.233797 123.826187
v 28.347069 -24.766356 123.826187
v 31.074698 -23.369270 123.826187
v 26.062461 -26.287251 123.826187
v 96.000000 -19.233333 125.200000
v 45.910992 -19.233423 99.989828
v 46.067014 -19.233363 99.964900
v 46.222848 -19.233333 99.938820
v 46.378485 -19.233333 99.911590
v 46.378278 -21.066672 101.307077
v 37.206316 -19.755065 100.399993
v 39.381673 -19.478172 100.393825
v 41.565831 -19.318383 100.353915
v 43.747772 -19.249005 100.238636
v 44.091600 -21.076365 101.587368
v 41.941839 -21.135631 101.714737
v 39.741012 -21.285482 101.764917
v 37.159525 -19.458746 100.300000
v 37.176125 -19.563869 100.311458
v 37.191963 -19.664175 100.345306
v 37.166064 -19.668275 100.345306
v 37.150149 -19.567982 100.311458
v 37.133470 -19.462871 100.300000
v 37.170351 -19.611465 100.324068
v 46.360867 -19.141314 125.254691
v 46.360867 -19.039763 125.288541
v 23.704902 -25.597209 125.275920
v 26.348330 -23.680553 125.275920
v 29.177425 -22.069394 125.275920
v 32.185068 -20.829223 125.275920
v 35.320007 -19.955557 125.275920
v 38.534187 -19.422512 125.275920
v 41.789199 -19.160470 125.275920
v 45.052887 -19.088214 125.275920
v 36.456329 -19.788580 100.345309
v 36.438290 -19.688644 100.311459
v 36.419385 -19.583907 100.300000
v 36.657126 -19.541879 100.300000
v 36.895158 -19.501533 100.300000
v 36.797763 -19.672541 100.324069
v 24.491382 -24.804879 100.300000
v 26.284218 -23.545563 100.300000
v 28.164652 -22.420913 100.300000
v 30.131207 -21.458761 100.300000
v 32.174702 -20.670640 100.300000
v 34.276989 -20.048692 100.300000
v 33.662962 -20.373428 100.324938
v 30.959144 -21.282517 100.324938
v 28.375577 -22.483350 100.324938
v 25.936379 -23.962904 100.324938
v 96.000000 -19.141314 125.254691
v 96.000000 -19.039763 125.288541
v 49.670143 -19.091447 125.274342
v 52.979418 -19.091447 125.274342
v 56.288694 -19.091447 125.274342
v 59.597969 -19.091447 125.274342
v 62.907245 -19.091447 125.274342
v 66.216520 -19.091447 125.274342
v 69.525796 -19.091447 125.274342
v 72.835071 -19.091447 125.274342
v 76.144347 -19.091447 125.274342
v 79.453622 -19.091447 125.274342
v 82.762898 -19.091447 125.274342
v 86.072173 -19.091447 125.274342
v 89.381449 -19.091447 125.274342
v 92.690724 -19.091447 125.274342
v 46.360867 -18.933333 99.813154
v 46.362886 -19.039763 99.824433
v 46.368849 -19.141314 99.857754
v 45.902505 -19.141403 99.935797
v 45.897229 -19.039850 99.902359
v 45.895405 -18.933419 99.891046
v 46.050750 -18.933362 99.866230
v 46.205907 -18.933333 99.840265
v 46.138560 -19.085884 99.876086
v 39.351595 -19.179534 100.294023
v 41.547610 -19.018562 100.254275
v 43.735166 -18.948918 100.139106
v 42.745755 -19.124242 100.228414
v 41.347503 -19.181851 100.284328
v 38.450997 -19.432308 100.322772
v 37.584912 -22.293794 103.949886
v 42.042814 -21.865462 103.889908
v 46.360862 -21.800000 103.512399
v 46.385870 -21.800000 103.508576
v 46.410874 -21.800000 103.504732
v 46.435875 -21.800000 103.500863
v 46.460872 -21.800000 103.496971
v 46.095384 -18.666747 101.172191
v 41.810906 -18.739219 101.545296
v 37.159524 -19.188813 101.600000
v 37.091814 -19.199486 101.600000
v 44.170572 -20.253857 102.592549
v 41.941539 -20.313821 102.723691
v 39.679300 -20.466144 102.773868
v 46.596814 -21.800000 103.475364
v 46.732638 -21.800000 103.453021
v 46.868336 -21.800000 103.429926
v 47.003902 -21.800000 103.406064
v 46.589320 -18.666667 101.089608
v 46.424874 -18.666667 101.118323
v 46.260226 -18.666694 101.145850
v 46.531478 -20.138568 102.223279
v 50.003319 -21.800000 102.628048
v 51.464764 -21.800000 102.014300
v 52.874578 -21.800000 101.203063
v 54.198746 -21.800000 100.156684
v 55.369264 -21.800000 98.884005
v 56.304906 -21.800000 97.471530
v 56.992909 -21.800000 96.018216
v 57.828099 -21.800000 93.075976
v 58.207942 -21.800000 90.110962
v 58.350000 -21.800000 84.000000
v 56.000000 -18.666667 84.000000
v 55.974452 -18.666667 87.421808
v 55.811707 -18.666667 90.527038
v 55.381682 -18.666667 93.297573
v 54.557888 -18.666667 95.732623
v 53.967581 -18.666667 96.806578
v 53.244946 -18.666667 97.770571
v 52.391938 -18.666667 98.617558
v 51.421466 -18.666667 99.343837
v 49.178573 -18.666667 100.428016
v 50.252687 -20.233259 101.272897
v 56.647839 -20.233259 92.988425
v 56.218045 -20.233259 94.686287
v 48.556666 -20.233259 101.853398
v 51.863884 -20.233259 100.455965
v 53.348141 -20.233259 99.342598
v 54.618694 -20.233259 97.928123
v 55.570084 -20.233259 96.339585
v 56.963906 -20.233259 90.843896
v 57.112827 -20.233259 88.633533
v 133.650000 -21.800000 84.000000
v 133.564483 -21.800000 89.855759
v 133.366213 -21.800000 92.909438
v 132.982328 -21.800000 96.016994
v 132.364206 -21.800000 99.125235
v 131.415421 -21.800000 102.327719
v 130.748261 -21.800000 104.048189
v 129.921822 -21.800000 105.821786
v 128.919676 -21.800000 107.619461
v 127.703644 -21.800000 109.435002
v 126.294194 -21.800000 111.197142
v 124.738380 -21.800000 112.826125
v 123.042057 -21.800000 114.315119
v 121.214117 -21.800000 115.663853
v 119.268052 -21.800000 116.870796
v 117.217411 -21.800000 117.934402
v 115.075738 -21.800000 118.853127
v 112.856104 -21.800000 119.627323
v 108.237194 -21.800000 120.763977
v 105.919546 -21.800000 121.136744
v 103.692419 -21.800000 121.386050
v 99.566890 -21.800000 121.617227
v 97.707051 -21.800000 121.645876
v 96.000000 -21.800000 121.650000
v 133.243819 -20.232485 100.418385
v 131.154666 -20.232485 105.985468
v 126.331834 -20.232485 112.895903
v 123.038631 -20.232485 115.806446
v 121.218899 -20.232485 117.067330
v 117.293600 -20.232485 119.195031
v 106.411262 -20.232485 122.255324
v 100.742930 -20.232485 122.754351
v 134.730809 -20.232485 90.097841
v 134.820574 -20.232485 86.184416
v 134.419027 -20.232485 94.169870
v 133.749301 -20.232485 98.336184
v 131.930332 -20.232485 104.269352
v 132.562748 -20.232485 102.608791
v 130.221191 -20.232485 107.730503
v 129.102383 -20.232485 109.496347
v 127.789347 -20.232485 111.247298
v 124.746721 -20.232485 114.415653
v 119.299797 -20.232485 118.197220
v 115.212572 -20.232485 120.059707
v 110.870134 -20.232485 121.399261
v 103.482225 -20.232485 122.584404
v 98.236547 -20.232485 122.816914
v 46.360867 -21.800000 121.650000
v 43.260605 -21.825653 121.650000
v 40.087531 -21.989634 121.650000
v 36.856200 -22.418698 121.650000
v 33.645273 -23.202498 121.650000
v 30.569509 -24.407227 121.650000
v 27.733905 -26.019050 121.650000
v 25.171230 -27.891896 121.650000
v 30.742201 -22.606875 122.824957
v 40.914221 -20.356147 122.824957
v 44.005073 -20.243104 122.824957
v 37.588871 -20.707220 122.824957
v 34.117132 -21.432484 122.824957
v 32.366503 -21.975031 122.824957
v 27.919370 -24.053087 122.824957
v 25.569906 -25.616986 122.824957
v 23.583165 -27.153317 122.824957
v 37.365488 -22.329358 103.949967
v 37.146910 -22.366394 103.950000
v 36.926735 -22.405321 103.950000
v 34.360801 -22.991758 103.948738
v 31.864371 -23.837323 103.948195
v 30.145711 -24.614298 103.949333
v 28.513768 -25.522202 103.949818
v 25.523860 -27.617249 103.948639
v 36.372016 -19.321481 101.600000
v 33.271591 -20.046024 101.600000
v 30.606065 -20.968499 101.600000
v 28.348337 -22.014786 101.600000
v 26.433164 -23.127908 101.600000
v 24.774484 -24.260608 101.600000
v 23.313338 -25.365096 101.600000
v 22.023731 -26.392813 101.600000
v 27.176887 -24.512065 102.774991
v 25.767095 -25.477151 102.774991
v 34.374837 -21.365676 102.774991
v 32.354108 -21.982910 102.774991
v 30.555260 -22.690828 102.774991
v 28.747974 -23.577982 102.774991
v 23.750562 -27.018920 102.774991
v 36.911625 -19.228555 101.600000
v 36.731591 -19.258571 101.600000
v 36.551719 -19.289544 101.600000
v 37.009873 -20.909226 102.855454
v 56.000000 5.000000 84.000000
v 55.984660 5.000000 86.878169
v 55.888517 5.000000 89.539832
v 55.636099 5.000000 91.968029
v 55.151142 5.000000 94.165311
v 54.365404 5.000000 96.121008
v 53.228556 5.000000 97.789318
v 51.733244 5.000000 99.132403
v 49.935522 5.000000 100.133138
v 48.620570 5.000000 100.610612
v 47.206092 5.000000 100.970021
v 44.113707 5.000000 101.408493
v 40.729656 5.000000 101.575566
v 37.159525 5.000000 101.600000
v 56.000000 -11.200000 84.000000
v 56.000000 -10.800000 84.000000
v 129.995038 -10.800762 110.269124
v 129.873427 -10.001718 110.442906
v 129.617908 -9.293950 110.799123
v 129.267276 -8.692464 111.269516
v 128.823119 -8.166363 111.836756
v 127.682370 -7.370990 113.167954
v 126.334738 -7.014031 114.547008
v 124.879811 -7.160054 115.846453
v 124.152790 -7.452055 116.433376
v 123.473668 -7.898732 116.948279
v 122.900528 -8.471499 117.359330
v 122.450370 -9.156045 117.668039
v 122.141515 -9.945457 117.872900
v 122.004991 -10.800353 117.961730
v 122.001251 -10.900040 117.964138
v 96.000000 5.000000 124.000000
v 98.867695 5.000000 123.979934
v 102.046857 5.000000 123.863263
v 105.437369 5.000000 123.565575
v 108.942313 5.000000 123.020472
v 112.469732 5.000000 122.189478
v 115.929390 5.000000 121.038267
v 119.246106 5.000000 119.552829
v 122.354410 5.000000 117.732259
v 125.194641 5.000000 115.580013
v 127.729709 5.000000 113.116098
v 129.928356 5.000000 110.364755
v 131.770516 5.000000 107.355791
v 133.253465 5.000000 104.127649
v 134.377976 5.000000 100.720315
v 135.168102 5.000000 97.183149
v 135.662918 5.000000 93.571553
v 135.951544 5.000000 88.736388
v 136.000000 5.000000 84.000000
v 37.000000 -0.000000 121.100000
v 37.270111 1.444967 121.100000
v 38.043964 2.694783 121.100000
v 39.217047 3.580653 121.100000
v 40.630927 3.982937 121.100000
v 42.094652 3.847303 121.100000
v 43.410539 3.192069 121.100000
v 44.400869 2.105729 121.100000
v 44.931892 0.734998 121.100000
v 44.931892 -0.734998 121.100000
v 44.400869 -2.105729 121.100000
v 43.410539 -3.192069 121.100000
v 42.094652 -3.847303 121.100000
v 40.630927 -3.982937 121.100000
v 39.217047 -3.580653 121.100000
v 38.043964 -2.694783 121.100000
v 37.270111 -1.444967 121.100000
v 39.900000 -0.000000 121.100000
v 40.047372 -0.550000 121.100000
v 40.450000 -0.952628 121.100000
v 41.000000 -1.100000 121.100000
v 41.550000 -0.952628 121.100000
v 41.952628 -0.550000 121.100000
v 42.100000 -0.000000 121.100000
v 41.952628 0.550000 121.100000
v 41.550000 0.952628 121.100000
v 41.000000 1.100000 121.100000
v 40.450000 0.952628 121.100000
v 40.047372 0.550000 121.100000
v 37.000000 -0.000000 124.000000
v 37.270111 1.444967 124.000000
v 38.043964 2.694783 124.000000
v 39.217047 3.580653 124.000000
v 40.630927 3.982937 124.000000
v 42.094652 3.847303 124.000000
v 43.410539 3.192069 124.000000
v 44.400869 2.105729 124.000000
v 44.931892 0.734998 124.000000
v 44.931892 -0.734998 124.000000
v 44.400869 -2.105729 124.000000
v 43.410539 -3.192069 124.000000
v 42.094652 -3.847303 124.000000
v 40.630927 -3.982937 124.000000
v 39.217047 -3.580653 124.000000
v 38.043964 -2.694783 124.000000
v 37.270111 -1.444967 124.000000
v 86.000000 -0.000000 121.100000
v 86.270111 1.444967 121.100000
v 87.043964 2.694783 121.100000
v 88.217047 3.580653 121.100000
v 89.630927 3.982937 121.100000
v 91.094652 3.847303 121.100000
v 92.410539 3.192069 121.100000
v 93.400869 2.105729 121.100000
v 93.931892 0.734998 121.100000
v 93.931892 -0.734998 121.100000
v 93.400869 -2.105729 121.100000
v 92.410539 -3.192069 121.100000
v 91.094652 -3.847303 121.100000
v 89.630927 -3.982937 121.100000
v 88.217047 -3.580653 121.100000
v 87.043964 -2.694783 121.100000
v 86.270111 -1.444967 121.100000
v 88.900000 -0.000000 121.100000
v 89.047372 -0.550000 121.100000
v 89.450000 -0.952628 121.100000
v 90.000000 -1.100000 121.100000
v 90.550000 -0.952628 121.100000
v 90.952628 -0.550000 121.100000
v 91.100000 -0.000000 121.100000
v 90.952628 0.550000 121.100000
v 90.550000 0.952628 121.100000
v 90.000000 1.100000 121.100000
v 89.450000 0.952628 121.100000
v 89.047372 0.550000 121.100000
v 86.000000 -0.000000 124.000000
v 86.270111 1.444967 124.000000
v 87.043964 2.694783 124.000000
v 88.217047 3.580653 124.000000
v 89.630927 3.982937 124.000000
v 91.094652 3.847303 124.000000
v 92.410539 3.192069 124.000000
v 93.400869 2.105729 124.000000
v 93.931892 0.734998 124.000000
v 93.931892 -0.734998 124.000000
v 93.400869 -2.105729 124.000000
v 92.410539 -3.192069 124.000000
v 91.094652 -3.847303 124.000000
v 89.630927 -3.982937 124.000000
v 88.217047 -3.580653 124.000000
v 87.043964 -2.694783 124.000000
v 86.270111 -1.444967 124.000000
v 43.050000 -0.000000 124.500000
v 42.775352 -1.025000 124.500000
v 42.025000 -1.775352 124.500000
v 41.000000 -2.050000 124.500000
v 39.975000 -1.775352 124.500000
v 39.224648 -1.025000 124.500000
v 38.950000 -0.000000 124.500000
v 39.224648 1.025000 124.500000
v 39.975000 1.775352 124.500000
v 41.000000 2.050000 124.500000
v 42.025000 1.775352 124.500000
v 42.775352 1.025000 124.500000
v 39.900000 -0.000000 123.550000
v 40.047372 0.550000 123.550000
v 40.450000 0.952628 123.550000
v 41.000000 1.100000 123.550000
v 41.550000 0.952628 123.550000
v 41.952628 0.550000 123.550000
v 42.100000 -0.000000 123.550000
v 41.952628 -0.550000 123.550000
v 41.550000 -0.952628 123.550000
v 41.000000 -1.100000 123.550000
v 40.450000 -0.952628 123.550000
v 40.047372 -0.550000 123.550000
v 92.050000 -0.000000 124.500000
v 91.775352 -1.025000 124.500000
v 91.025000 -1.775352 124.500000
v 90.000000 -2.050000 124.500000
v 88.975000 -1.775352 124.500000
v 88.224648 -1.025000 124.500000
v 87.950000 -0.000000 124.500000
v 88.224648 1.025000 124.500000
v 88.975000 1.775352 124.500000
v 90.000000 2.050000 124.500000
v 91.025000 1.775352 124.500000
v 91.775352 1.025000 124.500000
v 88.900000 -0.000000 123.550000
v 89.047372 0.550000 123.550000
v 89.450000 0.952628 123.550000
v 90.000000 1.100000 123.550000
v 90.550000 0.952628 123.550000
v 90.952628 0.550000 123.550000
v 91.100000 -0.000000 123.550000
v 90.952628 -0.550000 123.550000
v 90.550000 -0.952628 123.550000
v 90.000000 -1.100000 123.550000
v 89.450000 -0.952628 123.550000
v 89.047372 -0.550000 123.550000
v 57.231373 -18.200000 96.654745
v 57.501484 -18.200000 98.099712
v 58.275337 -18.200000 99.349528
v 59.448420 -18.200000 100.235398
v 60.862300 -18.200000 100.637682
v 62.326025 -18.200000 100.502048
v 63.641912 -18.200000 99.846814
v 64.632242 -18.200000 98.760474
v 65.163265 -18.200000 97.389743
v 65.163265 -18.200000 95.919747
v 64.632242 -18.200000 94.549017
v 63.641912 -18.200000 93.462676
v 62.326025 -18.200000 92.807443
v 60.862300 -18.200000 92.671809
v 59.448420 -18.200000 93.074092
v 58.275337 -18.200000 93.959963
v 57.501484 -18.200000 95.209779
v 59.831373 -18.200000 96.654745
v 60.018937 -18.200000 95.954745
v 60.531373 -18.200000 95.442310
v 61.231373 -18.200000 95.254745
v 61.931373 -18.200000 95.442310
v 62.443809 -18.200000 95.954745
v 62.631373 -18.200000 96.654745
v 62.443809 -18.200000 97.354745
v 61.931373 -18.200000 97.867181
v 61.231373 -18.200000 98.054745
v 60.531373 -18.200000 97.867181
v 60.018937 -18.200000 97.354745
v 57.231373 -21.800000 96.654745
v 57.501484 -21.800000 98.099712
v 58.275337 -21.800000 99.349528
v 59.448420 -21.800000 100.235398
v 60.862300 -21.800000 100.637682
v 62.326025 -21.800000 100.502048
v 63.641912 -21.800000 99.846814
v 64.632242 -21.800000 98.760474
v 65.163265 -21.800000 97.389743
v 65.163265 -21.800000 95.919747
v 64.632242 -21.800000 94.549017
v 63.641912 -21.800000 93.462676
v 62.326025 -21.800000 92.807443
v 60.862300 -21.800000 92.671809
v 59.448420 -21.800000 93.074092
v 58.275337 -21.800000 93.959963
v 57.501484 -21.800000 95.209779
v 61.231373 -22.300000 94.604745
v 60.206373 -22.300000 94.879393
v 59.456021 -22.300000 95.629745
v 59.181373 -22.300000 96.654745
v 59.456021 -22.300000 97.679745
v 60.206373 -22.300000 98.430097
v 61.231373 -22.300000 98.704745
v 62.256373 -22.300000 98.430097
v 63.006725 -22.300000 97.679745
v 63.281373 -22.300000 96.654745
v 63.006725 -22.300000 95.629745
v 62.256373 -22.300000 94.879393
v 61.231373 -23.100000 94.604745
v 62.256373 -23.100000 94.879393
v 63.006725 -23.100000 95.629745
v 63.281373 -23.100000 96.654745
v 63.006725 -23.100000 97.679745
v 62.256373 -23.100000 98.430097
v 61.231373 -23.100000 98.704745
v 60.206373 -23.100000 98.430097
v 59.456021 -23.100000 97.679745
v 59.181373 -23.100000 96.654745
v 59.456021 -23.100000 95.629745
v 60.206373 -23.100000 94.879393
v 59.831373 -21.650000 96.654745
v 60.018937 -21.650000 97.354745
v 60.531373 -21.650000 97.867181
v 61.231373 -21.650000 98.054745
v 61.931373 -21.650000 97.867181
v 62.443809 -21.650000 97.354745
v 62.631373 -21.650000 96.654745
v 62.443809 -21.650000 95.954745
v 61.931373 -21.650000 95.442310
v 61.231373 -21.650000 95.254745
v 60.531373 -21.650000 95.442310
v 60.018937 -21.650000 95.954745
v 123.998377 -12.659369 116.552654
v 123.486642 -11.665595 116.937789
v 123.401073 -11.074686 117.000503
v 123.454496 -10.470523 116.961425
v 123.643459 -9.901490 116.821621
v 123.945465 -9.406612 116.593292
v 124.770805 -8.708896 115.936902
v 125.724821 -8.414603 115.114015
v 126.681665 -8.490956 114.210558
v 127.537214 -8.903084 113.326968
v 128.180601 -9.583924 112.608465
v 128.546471 -10.475016 112.176499
v 128.600007 -10.994277 112.111781
v 128.547640 -11.519167 112.175080
v 128.170211 -12.431808 112.620426
v 127.549372 -13.087974 113.313857
v 126.727240 -13.496214 114.165372
v 125.790756 -13.591567 115.054393
v 124.829034 -13.321419 115.888716
v 126.190338 -10.472800 114.684951
v 128.600000 -11.000000 84.000000
v 128.302186 -12.208280 84.000000
v 127.476968 -13.139758 84.000000
v 126.313395 -13.581043 84.000000
v 125.078027 -13.431042 84.000000
v 124.053872 -12.724119 84.000000
v 123.475551 -11.622221 84.000000
v 123.475551 -10.377779 84.000000
v 124.053872 -9.275881 84.000000
v 125.078027 -8.568958 84.000000
v 126.313395 -8.418957 84.000000
v 127.476968 -8.860242 84.000000
v 128.302186 -9.791720 84.000000
v 128.600000 -11.000000 100.500251
v 128.302186 -12.208280 100.500251
v 127.476968 -13.139758 100.500251
v 126.313395 -13.581043 100.500251
v 125.078027 -13.431042 100.500251
v 124.053872 -12.724119 100.500251
v 123.475551 -11.622221 100.500251
v 123.475551 -10.377779 100.500251
v 124.053872 -9.275881 100.500251
v 125.078027 -8.568958 100.500251
v 126.313395 -8.418957 100.500251
v 127.476968 -8.860242 100.500251
v 128.302186 -9.791720 100.500251
v 57.949440 -23.100000 85.000000
v 134.049528 -23.100000 85.000000
v 133.998281 -23.100000 88.849133
v 133.785182 -23.100000 92.691818
v 133.307067 -23.100000 96.512516
v 132.481114 -23.100000 100.270684
v 131.236935 -23.100000 103.911138
v 129.533515 -23.100000 107.363479
v 127.365115 -23.100000 110.539193
v 124.748651 -23.100000 113.360513
v 121.754976 -23.100000 115.780690
v 118.462910 -23.100000 117.765471
v 114.946491 -23.100000 119.326705
v 111.277030 -23.100000 120.494017
v 107.510667 -23.100000 121.300665
v 103.690825 -23.100000 121.783149
v 99.849635 -23.100000 122.000277
v 49.795369 -23.100000 102.277989
v 51.163191 -23.100000 101.715376
v 52.456068 -23.100000 100.999031
v 53.641597 -23.100000 100.118223
v 54.691321 -23.100000 99.076952
v 55.581636 -23.100000 97.896908
v 56.298787 -23.100000 96.603870
v 56.854108 -23.100000 95.231588
v 57.263926 -23.100000 93.812538
v 57.737354 -23.100000 90.894705
v 57.549439 -22.900000 85.000000
v 57.726257 -23.046365 85.000000
v 49.662977 -22.900000 101.900495
v 50.990834 -22.900000 101.354425
v 52.239969 -22.900000 100.662325
v 53.381325 -22.900000 99.814579
v 54.389944 -22.900000 98.814225
v 55.245887 -22.900000 97.679506
v 55.937748 -22.900000 96.432535
v 56.874552 -22.900000 93.720617
v 57.339022 -22.900000 90.855160
v 57.636939 -23.053232 89.475211
v 56.958474 -23.053232 94.168312
v 57.415219 -23.053232 91.846980
v 56.168822 -23.053232 96.388669
v 54.970111 -23.053232 98.404713
v 53.347336 -23.053232 100.092892
v 51.383742 -23.053232 101.373232
v 49.198718 -23.053232 102.255208
v 134.272711 -23.046365 85.000000
v 134.449529 -22.900000 85.000000
v 134.398138 -22.900000 88.860160
v 134.183696 -22.900000 92.725704
v 133.701601 -22.900000 96.578655
v 132.866938 -22.900000 100.376653
v 131.606888 -22.900000 104.063007
v 129.879146 -22.900000 107.564514
v 127.678075 -22.900000 110.788284
v 125.021613 -22.900000 113.652695
v 121.983839 -22.900000 116.108756
v 118.646992 -22.900000 118.120616
v 115.087504 -22.900000 119.700885
v 111.378616 -22.900000 120.880839
v 107.577086 -22.900000 121.695156
v 103.725911 -22.900000 122.181558
v 99.859871 -22.900000 122.400094
v 108.271574 -23.053206 121.378642
v 127.178267 -23.053206 111.098651
v 132.778924 -23.053206 99.969967
v 134.189058 -23.053206 89.405649
v 133.887651 -23.053206 93.808544
v 133.450374 -23.053206 96.910128
v 131.834905 -23.053206 102.958515
v 130.589703 -23.053206 105.841070
v 129.038014 -23.053206 108.570645
v 125.026192 -23.053206 113.386503
v 122.622971 -23.053206 115.410338
v 120.011716 -23.053206 117.148428
v 117.233373 -23.053206 118.598329
v 114.326879 -23.053206 119.775454
v 111.330081 -23.053206 120.696117
v 105.173979 -23.053206 121.842683
v 102.058470 -23.053206 122.111817
v 98.936631 -23.053206 122.232410
v 54.799435 -19.233333 85.000000
v 48.716480 -19.233333 99.315623
v 50.853554 -19.233333 98.283857
v 51.778100 -19.233333 97.559239
v 52.571623 -19.233333 96.692795
v 53.220896 -19.233333 95.712595
v 53.722045 -19.233333 94.645621
v 54.359597 -19.233333 92.331269
v 54.661675 -19.233333 89.903479
v 49.859528 -21.067737 100.354387
v 55.663658 -21.067737 92.836324
v 55.261009 -21.067737 94.424735
v 56.094321 -21.067737 89.077011
v 55.940166 -21.067737 90.994870
v 54.656001 -21.067737 95.936519
v 53.794568 -21.067737 97.359579
v 52.661428 -21.067737 98.617865
v 51.327751 -21.067737 99.611627
v 48.284449 -21.067737 100.892046
v 137.199531 -19.233333 85.000000
v 137.140650 -19.233333 89.129784
v 136.896698 -19.233333 93.264520
v 136.352566 -19.233333 97.383488
v 135.423148 -19.233333 101.439597
v 134.041253 -19.233333 105.370380
v 132.169366 -19.233333 109.099844
v 129.805532 -19.233333 112.535929
v 126.970006 -19.233333 115.597971
v 123.735761 -19.233333 118.237728
v 120.183934 -19.233333 120.418964
v 116.393308 -19.233333 122.147118
v 112.440691 -19.233333 123.444279
v 108.384674 -19.233333 124.345525
v 104.268684 -19.233333 124.896758
v 100.131061 -19.233333 125.150862
v 135.115441 -21.066421 96.453499
v 133.813345 -21.066421 102.019763
v 123.125520 -21.066421 116.981849
v 125.693758 -21.066421 114.910366
v 104.970110 -21.066421 123.442823
v 135.728089 -21.066421 90.175479
v 135.810893 -21.066421 87.182622
v 135.515651 -21.066421 93.276845
v 134.469190 -21.066421 99.671507
v 131.650557 -21.066421 107.213401
v 132.897304 -21.066421 104.539515
v 130.009442 -21.066421 109.943137
v 127.999803 -21.066421 112.549969
v 120.322227 -21.066421 118.770876
v 117.329589 -21.066421 120.272099
v 114.192834 -21.066421 121.480780
v 110.942784 -21.066421 122.408964
v 107.625033 -21.066421 123.080452
v 102.452220 -21.066421 123.662533
v 98.993033 -21.066421 123.804143
v 54.699435 -18.933333 85.000000
v 54.725304 -19.091377 85.000000
v 48.683870 -18.933333 99.221303
v 50.798322 -18.933333 98.200519
v 51.710646 -18.933333 97.485776
v 52.493042 -18.933333 96.631832
v 53.133452 -18.933333 95.664534
v 53.628703 -18.933333 94.609109
v 54.261118 -18.933333 92.312922
v 54.562257 -18.933333 89.896477
v 53.876354 -19.085765 93.981514
v 54.284751 -19.085765 92.317341
v 53.234029 -19.085765 95.529758
v 52.301642 -19.085765 96.904089
v 51.085391 -19.085765 98.030832
v 49.636315 -19.085765 98.866484
v 48.041494 -19.085765 99.450869
v 54.523817 -19.085765 90.592854
v 137.273663 -19.091377 85.000000
v 136.338125 -19.085810 97.884828
v 127.525827 -19.085810 115.169866
v 119.511995 -19.085810 120.850319
v 137.113355 -19.085810 91.399037
v 137.242976 -19.085810 88.146811
v 136.829279 -19.085810 94.649468
v 134.592038 -19.085810 104.197752
v 135.603411 -19.085810 101.077710
v 133.279275 -19.085810 107.210774
v 131.661818 -19.085810 110.072824
v 129.739835 -19.085810 112.738468
v 125.056750 -19.085810 117.344238
v 122.372433 -19.085810 119.240774
v 113.414552 -19.085810 123.245805
v 116.513463 -19.085810 122.181789
v 110.245662 -19.085810 124.058172
v 107.028269 -19.085810 124.641009
v 101.514584 -19.085810 125.171083
v 48.620568 5.000000 100.610605
v 47.206089 5.000000 100.970009
v 44.113702 5.000000 101.408472
v 40.729651 5.000000 101.575553
v 134.024532 -22.549064 85.000000
v 134.024532 -22.549064 84.000000
v 136.749064 -18.916355 84.000000
v 136.749064 -18.916355 85.000000
v 57.975468 -22.549064 85.000000
v 57.975468 -22.549064 84.000000
v 55.250936 -18.916355 85.000000
v 55.250936 -18.916355 84.000000
v 98.867696 5.000000 123.979932
v 102.046858 5.000000 123.863254
v 105.437370 5.000000 123.565559
v 108.942312 5.000000 123.020449
v 112.469730 5.000000 122.189452
v 115.929386 5.000000 121.038241
v 119.246102 5.000000 119.552805
v 122.354405 5.000000 117.732239
v 125.194634 5.000000 115.579995
v 127.729699 5.000000 113.116082
v 129.928346 5.000000 110.364741
v 131.770506 5.000000 107.355780
v 133.253456 5.000000 104.127641
v 134.377966 5.000000 100.720310
v 135.168092 5.000000 97.183146
v 136.849064 5.000000 85.000000
v 136.804265 5.000000 88.753052
v 136.590562 5.000000 92.759252
v 136.073535 5.000000 96.942864
v 135.118762 5.000000 101.228157
v 134.339522 5.000000 103.657385
v 133.225541 5.000000 106.353153
v 131.693404 5.000000 109.217044
v 129.659697 5.000000 112.150642
v 127.793197 5.000000 114.293801
v 125.740523 5.000000 116.231565
v 123.514054 5.000000 117.965131
v 121.126165 5.000000 119.495695
v 118.291435 5.000000 120.963950
v 115.344974 5.000000 122.165271
v 112.308361 5.000000 123.117433
v 109.203177 5.000000 123.838208
v 105.412860 5.000000 124.423887
v 101.893009 5.000000 124.724017
v 98.727752 5.000000 124.834078
v 96.001219 5.000000 124.849547
v -34.281761 5.000000 124.849547
v -37.446639 5.000000 122.499315
v -38.014719 5.000000 122.077059
v -38.014719 5.000000 103.522941
v -34.850190 5.000000 101.172238
v -34.281761 5.000000 100.750453
v -33.630343 5.000000 100.750453
v 55.984663 5.000000 86.878184
v 55.888526 5.000000 89.539869
v 55.636112 5.000000 91.968080
v 55.151157 5.000000 94.165364
v 54.365419 5.000000 96.121052
v 53.228568 5.000000 97.789346
v 51.733253 5.000000 99.132415
v 58.500000 -11.200000 84.000000
v 58.500000 -10.800000 84.000000
v 136.749064 34.616355 84.000000
v 55.250936 34.616355 84.000000
v 57.975468 38.249064 84.000000
v 67.000000 38.249064 84.000000
v 67.000000 38.380176 84.000000
v 57.950000 38.380176 84.000000
v 57.925610 38.376377 84.000000
v 57.903532 38.365338 84.000000
v 57.885859 38.348106 84.000000
v 55.135859 34.681439 84.000000
v 55.127089 34.666684 84.000000
v 55.121661 34.650400 84.000000
v 55.119824 34.633333 84.000000
v 55.119824 -18.933333 84.000000
v 55.121661 -18.950400 84.000000
v 55.127089 -18.966684 84.000000
v 55.135859 -18.981439 84.000000
v 57.885859 -22.648106 84.000000
v 57.903532 -22.665338 84.000000
v 57.925610 -22.676377 84.000000
v 57.950000 -22.680176 84.000000
v 134.050000 -22.680176 84.000000
v 134.074390 -22.676377 84.000000
v 134.096468 -22.665338 84.000000
v 134.114141 -22.648106 84.000000
v 136.864141 -18.981439 84.000000
v 136.872911 -18.966684 84.000000
v 136.878339 -18.950400 84.000000
v 136.880176 -18.933333 84.000000
v 136.880176 34.633333 84.000000
v 136.878339 34.650400 84.000000
v 136.872911 34.666684 84.000000
v 136.864141 34.681439 84.000000
v 134.114141 38.348106 84.000000
v 134.096468 38.365338 84.000000
v 134.074390 38.376377 84.000000
v 134.050000 38.380176 84.000000
v 125.000000 38.380176 84.000000
v 125.000000 38.249064 84.000000
v 134.024532 38.249064 84.000000
v 136.000000 9.800000 84.000000
v 136.000000 10.200000 84.000000
v 134.500000 10.200000 84.000000
v 134.500000 9.800000 84.000000
v 135.869225 -10.800000 77.182287
v 135.587519 -10.800000 73.717161
v 135.069364 -10.800000 70.279178
v 134.276993 -10.800000 66.916514
v 133.176794 -10.800000 63.677148
v 131.749812 -10.800000 60.603199
v 129.995299 -10.800000 57.728953
v 129.994997 -10.800000 76.430647
v 131.885254 -10.800000 80.101532
v 133.499999 -10.800000 83.991945
v 129.994997 -11.200000 76.430647
v 131.885254 -11.200000 80.101532
v 133.499999 -11.200000 83.991945
v 129.995303 -11.199969 57.728947
v 131.749816 -11.200000 60.603194
v 133.176797 -11.200000 63.677143
v 134.276993 -11.200000 66.916510
v 135.069360 -11.200000 70.279174
v 135.587514 -11.200000 73.717158
v 135.869221 -11.200000 77.182285
v 129.890391 -10.069953 57.578859
v 129.672497 -9.414831 57.273703
v 128.952965 -8.301853 56.323722
v 127.900299 -7.480197 55.071988
v 126.587422 -7.043368 53.696539
v 125.147201 -7.091959 52.378732
v 124.416109 -7.326923 51.774290
v 123.710580 -7.719972 51.227374
v 123.069677 -8.277158 50.759389
v 122.537655 -8.996962 50.390268
v 122.167485 -9.854655 50.143416
v 122.005003 -10.800000 50.037545
v 122.005003 -10.800000 66.090565
v 122.000556 -10.933285 66.086247
v 122.000556 -11.066715 66.086247
v 122.005003 -11.200000 66.090565
v 122.005003 -11.200000 50.037536
v 122.158738 -12.115643 50.137661
v 122.508158 -12.951181 50.370285
v 123.012810 -13.660241 50.719063
v 123.624330 -14.218120 51.162845
v 124.300832 -14.621200 51.682565
v 125.006008 -14.874530 52.258813
v 126.406800 -14.979261 53.521143
v 127.702703 -14.619516 54.852881
v 128.811117 -13.845574 56.146260
v 129.594794 -12.754250 57.166945
v 129.851700 -12.079082 57.524043
v 129.987437 -11.316778 57.717623
v 130.000000 -11.000000 84.001234
v 128.825796 -8.168944 84.001234
v 129.695518 -12.530734 84.001234
v 128.828427 -13.828427 84.001234
v 127.530734 -14.695518 84.001234
v 126.000000 -15.000000 84.001234
v 124.469266 -14.695518 84.001234
v 123.171573 -13.828427 84.001234
v 122.304482 -12.530734 84.001234
v 122.000000 -11.000000 84.001234
v 122.304482 -9.469266 84.001234
v 123.171573 -8.171573 84.001234
v 124.469266 -7.304482 84.001234
v 126.000000 -7.000000 84.001234
v 127.530734 -7.304482 84.001234
v 129.695518 -9.469266 84.001234
v 135.972651 9.800000 80.170498
v 135.814099 9.800000 76.259543
v 135.411243 9.800000 72.337815
v 134.683614 9.800000 68.475670
v 133.580617 9.800000 64.743161
v 132.063008 9.800000 61.206236
v 130.125030 9.800000 57.917458
v 127.769187 9.800000 54.925934
v 125.019268 9.800000 52.270016
v 121.915406 9.800000 49.979793
v 118.508081 9.800000 48.077988
v 114.874421 9.800000 46.568135
v 111.097728 9.800000 45.448215
v 107.281579 9.800000 44.688920
v 103.542554 9.800000 44.243367
v 100.000000 9.800000 44.047653
v 100.000000 9.850000 44.047653
v 100.000000 9.900000 44.047653
v 100.000000 9.950000 44.047653
v 100.000000 10.000000 44.047658
v 99.995009 9.800250 44.047500
v 99.635097 8.330847 44.037328
v 98.756824 7.101738 44.018495
v 97.485650 6.286128 44.003967
v 96.000000 6.000000 44.000000
v 96.000000 -10.800000 44.000000
v 98.823155 -10.800000 44.019640
v 101.950068 -10.800000 44.131997
v 105.285580 -10.800000 44.417040
v 108.736873 -10.800000 44.939419
v 112.215153 -10.800000 45.737388
v 115.632928 -10.800000 46.845373
v 118.916890 -10.800000 48.278708
v 118.916891 -11.200000 48.278702
v 115.632930 -11.200000 46.845370
v 112.215154 -11.200000 45.737388
v 108.736874 -11.200000 44.939423
v 105.285581 -11.200000 44.417046
v 101.950068 -11.200000 44.132002
v 98.823155 -11.200000 44.019641
v 96.000000 -11.200000 44.000000
v 96.000000 -18.666667 44.000000
v 97.872191 -18.666671 44.007432
v 99.897550 -18.666699 44.045815
v 104.289084 -18.666922 44.311941
v 108.926929 -18.666890 44.973846
v 113.634938 -18.666667 46.158269
v 115.930538 -18.666667 46.960514
v 118.160550 -18.666667 47.912690
v 120.307312 -18.666667 49.015523
v 122.353305 -18.666667 50.269044
v 124.282042 -18.666667 51.668806
v 126.077649 -18.666667 53.209275
v 127.730943 -18.666667 54.884141
v 129.234354 -18.666667 56.686970
v 130.579049 -18.666667 58.605673
v 131.769410 -18.666667 60.641614
v 132.800261 -18.666667 62.776592
v 133.665906 -18.666667 64.990803
v 134.380708 -18.666669 67.295469
v 134.945124 -18.666689 69.647388
v 135.662785 -18.666845 74.428355
v 135.954538 -18.666822 79.262652
v 56.033625 -11.200000 79.863781
v 56.230541 -11.200000 75.639258
v 56.729844 -11.200000 71.415099
v 57.621903 -11.200000 67.279638
v 58.968586 -11.200000 63.320683
v 60.803565 -11.200000 59.614804
v 63.126899 -11.200000 56.225022
v 65.924786 -11.200000 53.207654
v 69.152305 -11.200000 50.603540
v 72.753854 -11.200000 48.446878
v 76.639039 -11.200000 46.746362
v 80.702908 -11.200000 45.499212
v 84.818705 -11.200000 44.673245
v 88.841547 -11.200000 44.211589
v 92.621381 -11.200000 44.030468
v 118.724477 -11.200000 63.191393
v 115.292201 -11.200000 60.673277
v 111.753151 -11.200000 58.512185
v 108.152302 -11.200000 56.684088
v 104.534631 -11.200000 55.164953
v 100.945112 -11.200000 53.930749
v 97.428722 -11.200000 52.957445
v 94.030436 -11.200000 52.221009
v 90.795230 -11.200000 51.697410
v 87.768080 -11.200000 51.362618
v 84.993961 -11.200000 51.192600
v 82.517849 -11.200000 51.163326
v 80.384720 -11.200000 51.250764
v 78.639549 -11.200000 51.430882
v 77.327312 -11.200000 51.679650
v 76.492985 -11.200000 51.973037
v 72.983912 -11.200000 54.394093
v 69.772311 -11.200000 57.197792
v 66.899691 -11.200000 60.347897
v 64.403178 -11.200000 63.803693
v 62.315038 -11.200000 67.520517
v 60.662261 -11.200000 71.450331
v 59.466207 -11.200000 75.542343
v 58.742335 -11.200000 79.743666
v 92.621383 -10.800000 44.030462
v 88.841552 -10.800000 44.211571
v 84.818708 -10.800000 44.673214
v 80.702907 -10.800000 45.499173
v 76.639036 -10.800000 46.746322
v 72.753851 -10.800000 48.446844
v 69.152300 -10.800000 50.603513
v 65.924776 -10.800000 53.207633
v 63.126885 -10.800000 56.225005
v 60.803551 -10.800000 59.614792
v 58.968573 -10.800000 63.320675
v 57.621889 -10.800000 67.279635
v 56.729826 -10.800000 71.415099
v 56.230525 -10.800000 75.639259
v 56.033620 -10.800000 79.863782
v 58.742335 -10.800000 79.743666
v 59.466207 -10.800000 75.542343
v 60.662261 -10.800000 71.450331
v 62.315038 -10.800000 67.520517
v 64.403178 -10.800000 63.803693
v 66.899691 -10.800000 60.347897
v 69.772311 -10.800000 57.197792
v 72.983912 -10.800000 54.394093
v 76.492985 -10.800000 51.973037
v 77.327312 -10.800000 51.679650
v 78.639549 -10.800000 51.430882
v 80.384720 -10.800000 51.250764
v 82.517849 -10.800000 51.163326
v 84.993961 -10.800000 51.192600
v 87.768080 -10.800000 51.362618
v 90.795230 -10.800000 51.697410
v 94.030436 -10.800000 52.221009
v 97.428722 -10.800000 52.957445
v 100.945112 -10.800000 53.930749
v 104.534631 -10.800000 55.164953
v 108.152302 -10.800000 56.684088
v 111.753151 -10.800000 58.512185
v 115.292201 -10.800000 60.673277
v 118.724477 -10.800000 63.191393
v 56.033625 -18.666667 79.863781
v 56.230541 -18.666667 75.639258
v 56.729844 -18.666667 71.415099
v 57.621903 -18.666667 67.279638
v 58.968586 -18.666667 63.320683
v 60.803565 -18.666667 59.614804
v 63.126899 -18.666667 56.225022
v 65.924786 -18.666667 53.207654
v 69.152305 -18.666667 50.603540
v 72.753854 -18.666667 48.446878
v 76.639039 -18.666667 46.746362
v 80.702908 -18.666667 45.499212
v 84.818705 -18.666667 44.673245
v 88.841547 -18.666667 44.211589
v 92.621381 -18.666667 44.030468
v 56.000000 9.800000 84.000000
v 56.027370 9.800000 80.170506
v 56.185950 9.800000 76.259583
v 56.588791 9.800000 72.337837
v 57.316431 9.800000 68.475656
v 58.419632 9.800000 64.743224
v 59.937688 9.800000 61.206535
v 61.875988 9.800000 57.917920
v 64.231623 9.800000 54.926230
v 66.981038 9.800000 52.270053
v 70.084839 9.800000 49.980095
v 73.492865 9.800000 48.079266
v 77.127183 9.800000 46.570114
v 80.903590 9.800000 45.449571
v 84.718784 9.800000 44.688797
v 88.457205 9.800000 44.242348
v 92.000000 9.800000 44.047003
v 92.000000 9.800000 45.708356
v 87.361250 9.800000 46.481711
v 82.851395 9.800000 47.814862
v 78.537726 9.800000 49.687918
v 74.484605 9.800000 52.072931
v 70.752506 9.800000 54.934315
v 67.397116 9.800000 58.229377
v 64.468498 9.800000 61.908953
v 62.010349 9.800000 65.918141
v 60.059347 9.800000 70.197121
v 58.644602 9.800000 74.682048
v 57.787222 9.800000 79.306006
v 57.500000 9.800000 84.000000
v 92.000000 10.000000 45.708356
v 92.000000 10.000000 44.047013
v 92.000000 10.050000 44.047024
v 92.000000 10.100000 44.047024
v 92.000000 10.150000 44.047024
v 92.000000 10.200000 44.047024
v 92.000000 10.200000 45.708356
v 88.457199 10.200000 44.242402
v 84.718782 10.200000 44.688883
v 80.903597 10.200000 45.449678
v 77.127197 10.200000 46.570225
v 73.492880 10.200000 48.079364
v 70.084856 10.200000 49.980174
v 66.981065 10.200000 52.270117
v 64.231661 10.200000 54.926281
v 61.876031 10.200000 57.917960
v 59.937727 10.200000 61.206563
v 58.419669 10.200000 64.743240
v 57.316475 10.200000 68.475662
v 56.588841 10.200000 72.337835
v 56.185989 10.200000 76.259578
v 56.027384 10.200000 80.170504
v 56.000000 10.200000 84.000000
v 57.500000 10.200000 84.000000
v 57.787222 10.200000 79.306006
v 58.644602 10.200000 74.682048
v 60.059347 10.200000 70.197121
v 62.010349 10.200000 65.918141
v 64.468498 10.200000 61.908953
v 67.397116 10.200000 58.229377
v 70.752506 10.200000 54.934315
v 74.484605 10.200000 52.072931
v 78.537726 10.200000 49.687918
v 82.851395 10.200000 47.814862
v 87.361250 10.200000 46.481711
v 92.000000 9.850000 44.047003
v 92.000000 9.900000 44.047003
v 92.000000 9.950000 44.047003
v 92.004991 10.199750 44.046871
v 92.364910 11.669167 44.036772
v 93.243051 12.898142 44.018125
v 94.514454 13.713913 44.003834
v 96.000000 14.000000 44.000000
v 96.000000 34.366667 44.000000
v 92.621378 34.366667 44.030478
v 88.841540 34.366667 44.211622
v 84.818700 34.366667 44.673300
v 80.702910 34.366667 45.499283
v 76.639045 34.366667 46.746434
v 72.753861 34.366667 48.446941
v 69.152315 34.366667 50.603589
v 65.924805 34.366667 53.207694
v 63.126925 34.366667 56.225055
v 60.803591 34.366667 59.614828
v 58.968609 34.366667 63.320698
v 57.621930 34.366667 67.279645
v 56.729876 34.366667 71.415100
v 56.230567 34.366667 75.639256
v 56.033636 34.366667 79.863780
v 56.000000 34.366667 84.000000
v 135.972646 10.200000 80.170495
v 135.814086 10.200000 76.259535
v 135.411230 10.200000 72.337803
v 134.683608 10.200000 68.475656
v 133.580621 10.200000 64.743146
v 132.063018 10.200000 61.206221
v 130.125044 10.200000 57.917443
v 127.769204 10.200000 54.925920
v 125.019288 10.200000 52.270005
v 121.915428 10.200000 49.979785
v 118.508104 10.200000 48.077983
v 114.874441 10.200000 46.568134
v 111.097745 10.200000 45.448222
v 107.281590 10.200000 44.688936
v 103.542559 10.200000 44.243384
v 100.000000 10.200000 44.047662
v 100.000000 10.200000 45.708356
v 104.638750 10.200000 46.481711
v 109.148605 10.200000 47.814862
v 113.462274 10.200000 49.687918
v 117.515395 10.200000 52.072931
v 121.247494 10.200000 54.934315
v 124.602884 10.200000 58.229377
v 127.531502 10.200000 61.908953
v 129.989651 10.200000 65.918141
v 131.940653 10.200000 70.197121
v 133.355398 10.200000 74.682048
v 134.212778 10.200000 79.306006
v 100.000000 10.000000 45.708356
v 100.000000 9.800000 45.708356
v 104.638750 9.800000 46.481711
v 109.148605 9.800000 47.814862
v 113.462274 9.800000 49.687918
v 117.515395 9.800000 52.072931
v 121.247494 9.800000 54.934315
v 124.602884 9.800000 58.229377
v 127.531502 9.800000 61.908953
v 129.989651 9.800000 65.918141
v 131.940653 9.800000 70.197121
v 133.355398 9.800000 74.682048
v 134.212778 9.800000 79.306006
v 124.988963 38.380176 84.800000
v 124.995095 38.380176 84.533371
v 124.998774 38.380176 84.266697
v 134.050000 38.380176 84.800000
v 134.114141 38.348106 84.800000
v 134.096468 38.365338 84.800000
v 134.074390 38.376377 84.800000
v 136.864141 34.681439 84.800000
v 136.880176 34.633333 84.800000
v 136.878339 34.650400 84.800000
v 136.872911 34.666684 84.800000
v 136.876062 34.658687 84.400000
v 137.199758 34.933333 84.800000
v 137.273890 34.791377 84.800000
v 137.299759 34.633333 84.800000
v 137.300000 34.633333 84.000000
v 137.288541 34.739763 84.000000
v 137.254691 34.841314 84.000000
v 137.200000 34.933333 84.000000
v 137.275859 34.785874 84.531822
v 134.449757 38.600000 84.800000
v 134.450000 38.600000 84.000000
v 135.824928 36.766667 84.532617
v 134.049757 38.800000 84.800000
v 134.272940 38.746365 84.800000
v 134.339783 38.707462 84.000000
v 134.202100 38.776304 84.000000
v 134.050000 38.800000 84.000000
v 134.258747 38.753301 84.263015
v 55.135859 -18.981439 84.800000
v 55.119824 -18.933333 84.800000
v 55.121661 -18.950400 84.800000
v 55.127089 -18.966684 84.800000
v 55.123938 -18.958687 84.400000
v 57.885859 -22.648106 84.800000
v 57.950000 -22.680176 84.800000
v 57.903532 -22.665338 84.800000
v 57.925610 -22.676377 84.800000
v 134.050000 -22.680176 84.800000
v 134.114141 -22.648106 84.800000
v 134.074390 -22.676377 84.800000
v 134.096468 -22.665338 84.800000
v 136.864141 -18.981439 84.800000
v 136.880176 -18.933333 84.800000
v 136.872911 -18.966684 84.800000
v 136.878339 -18.950400 84.800000
v 136.876062 -18.958687 84.400000
v 54.799713 -19.233333 84.800000
v 54.725581 -19.091377 84.800000
v 54.699713 -18.933333 84.800000
v 54.700000 -18.933333 84.000000
v 54.711459 -19.039763 84.000000
v 54.745309 -19.141314 84.000000
v 54.800000 -19.233333 84.000000
v 54.723985 -19.085874 84.532495
v 57.549714 -22.900000 84.800000
v 57.550000 -22.900000 84.000000
v 56.174915 -21.066667 84.535182
v 57.949714 -23.100000 84.800000
v 57.726532 -23.046365 84.800000
v 57.660217 -23.007462 84.000000
v 57.797900 -23.076304 84.000000
v 57.950000 -23.100000 84.000000
v 57.741233 -23.053301 84.264891
v 137.299759 -18.933333 84.800000
v 137.300000 -18.933333 84.000000
v 137.273890 -19.091377 84.800000
v 137.199758 -19.233333 84.800000
v 137.200000 -19.233333 84.000000
v 137.254691 -19.141314 84.000000
v 137.288541 -19.039763 84.000000
v 137.275922 -19.085874 84.262191
v 134.449757 -22.900000 84.800000
v 134.450000 -22.900000 84.000000
v 135.824991 -21.066667 84.265009
v 134.272940 -23.046365 84.800000
v 134.049757 -23.100000 84.800000
v 134.050000 -23.100000 84.000000
v 134.202100 -23.076304 84.000000
v 134.339783 -23.007462 84.000000
v 134.258684 -23.053301 84.532200
v 124.600000 -11.000000 84.000000
v 124.787564 -11.700000 84.000000
v 125.300000 -12.212436 84.000000
v 126.000000 -12.400000 84.000000
v 126.700000 -12.212436 84.000000
v 127.212436 -11.700000 84.000000
v 127.400000 -11.000000 84.000000
v 127.212436 -10.300000 84.000000
v 126.700000 -9.787564 84.000000
v 126.000000 -9.600000 84.000000
v 125.300000 -9.787564 84.000000
v 124.787564 -10.300000 84.000000
v 124.600000 -11.000000 82.500000
v 124.787564 -10.300000 82.500000
v 125.300000 -9.787564 82.500000
v 126.000000 -9.600000 82.500000
v 126.700000 -9.787564 82.500000
v 127.212436 -10.300000 82.500000
v 127.400000 -11.000000 82.500000
v 127.212436 -11.700000 82.500000
v 126.700000 -12.212436 82.500000
v 126.000000 -12.400000 82.500000
v 125.300000 -12.212436 82.500000
v 124.787564 -11.700000 82.500000
v 128.600000 -11.000000 82.500000
v 128.302186 -12.208280 82.500000
v 127.476968 -13.139758 82.500000
v 126.313395 -13.581043 82.500000
v 125.078027 -13.431042 82.500000
v 124.053872 -12.724119 82.500000
v 123.475551 -11.622221 82.500000
v 123.475551 -10.377779 82.500000
v 124.053872 -9.275881 82.500000
v 125.078027 -8.568958 82.500000
v 126.313395 -8.418957 82.500000
v 127.476968 -8.860242 82.500000
v 128.302186 -9.791720 82.500000
v 128.565071 -11.424745 53.869402
v 128.412610 -11.969185 53.704857
v 128.165403 -12.439104 53.443345
v 127.487015 -13.132787 52.757307
v 126.662255 -13.514274 51.980516
v 125.761032 -13.589004 51.195283
v 124.853872 -13.333752 50.465347
v 124.045390 -12.714503 49.860766
v 123.507967 -11.741469 49.480907
v 123.405128 -11.163209 49.410130
v 123.435354 -10.572694 49.430872
v 123.861292 -9.521475 49.728736
v 124.614200 -8.800036 50.281865
v 125.506877 -8.447129 50.985101
v 126.417592 -8.433754 51.760834
v 127.270806 -8.731716 52.547798
v 127.998875 -9.337317 53.270719
v 128.494660 -10.267421 53.793095
v 128.594912 -10.837412 53.901904
v 128.600000 -11.000000 65.955065
v 128.302186 -12.208280 65.955065
v 127.482561 -13.135887 65.955065
v 126.313395 -13.581043 65.955065
v 125.078027 -13.431042 65.955065
v 124.053872 -12.724119 65.955065
v 123.475551 -11.622221 65.955065
v 123.475551 -10.377779 65.955065
v 124.053872 -9.275881 65.955065
v 125.078027 -8.568958 65.955065
v 126.313395 -8.418957 65.955065
v 127.476968 -8.860242 65.955065
v 128.302186 -9.791720 65.955065
v 136.000000 21.400000 84.000000
v 136.000000 21.800000 84.000000
v 136.000000 34.366667 84.000000
v 135.966398 34.366667 79.863734
v 135.769506 34.366667 75.639141
v 135.270174 34.366667 71.414975
v 134.378153 34.366667 67.279498
v 133.031781 34.366667 63.320359
v 131.197252 34.366667 59.614201
v 128.873965 34.366667 56.224394
v 126.075528 34.366667 53.207335
v 122.847647 34.366667 50.603196
v 119.246638 34.366667 48.445627
v 115.362187 34.366667 46.744245
v 111.298070 34.366667 45.497659
v 107.181212 34.366667 44.673324
v 103.157762 34.366667 44.212582
v 99.378267 34.366667 44.030979
v 97.485546 13.713913 44.003968
v 98.756947 12.898145 44.018502
v 99.635088 11.669171 44.037335
v 99.995009 10.199750 44.047509
v 98.000000 10.000000 44.900000
v 97.732051 11.000000 44.900000
v 97.000000 11.732051 44.900000
v 96.000000 12.000000 44.900000
v 95.000000 11.732051 44.900000
v 94.267949 11.000000 44.900000
v 94.000000 10.000000 44.900000
v 94.267949 9.000000 44.900000
v 95.000000 8.267949 44.900000
v 96.000000 8.000000 44.900000
v 97.000000 8.267949 44.900000
v 97.732051 9.000000 44.900000
v 96.000000 12.000000 42.700000
v 96.765328 11.847775 42.700408
v 97.413867 11.414560 42.702406
v 97.847449 10.766114 42.705155
v 98.000000 10.000000 42.706455
v 97.847449 9.233886 42.705155
v 97.413867 8.585440 42.702406
v 96.765328 8.152225 42.700408
v 96.000000 8.000000 42.700000
v 95.234652 8.152233 42.700408
v 94.586121 8.585453 42.702406
v 94.152547 9.233895 42.705155
v 94.000000 10.000010 42.706455
v 94.152554 10.766122 42.705155
v 94.586145 11.414572 42.702406
v 95.234693 11.847784 42.700408
v 97.100000 10.000000 44.900000
v 96.952628 10.550000 44.900000
v 96.550000 10.952628 44.900000
v 96.000000 11.100000 44.900000
v 95.450000 10.952628 44.900000
v 95.047372 10.550000 44.900000
v 94.900000 10.000000 44.900000
v 95.047372 9.450000 44.900000
v 95.450000 9.047372 44.900000
v 96.000000 8.900000 44.900000
v 96.550000 9.047372 44.900000
v 96.952628 9.450000 44.900000
v 96.000000 34.633333 42.700000
v 99.406824 34.633333 42.728456
v 103.257501 34.633333 42.915417
v 107.379804 34.633333 43.386917
v 111.613086 34.633333 44.235937
v 115.810319 34.633333 45.525022
v 119.840131 34.633333 47.288879
v 123.588841 34.633333 49.536998
v 125.327597 34.633333 50.839364
v 126.962500 34.633333 52.256250
v 128.485222 34.633333 53.782908
v 129.888924 34.633333 55.413506
v 131.168318 34.633333 57.141204
v 132.319733 34.633333 58.958240
v 134.232387 34.633333 62.825140
v 135.632227 34.633333 66.936719
v 136.554504 34.633333 71.205921
v 137.066425 34.633333 75.538733
v 137.269183 34.633333 79.836793
v 137.269183 -18.933333 79.836793
v 137.066425 -18.933333 75.538733
v 136.554504 -18.933333 71.205921
v 135.632227 -18.933333 66.936719
v 134.232387 -18.933333 62.825140
v 132.319733 -18.933333 58.958240
v 131.168318 -18.933333 57.141204
v 129.888924 -18.933333 55.413506
v 128.485222 -18.933333 53.782908
v 126.962500 -18.933333 52.256250
v 125.327597 -18.933333 50.839364
v 123.588841 -18.933333 49.536998
v 119.840131 -18.933333 47.288879
v 115.810319 -18.933333 45.525022
v 111.613086 -18.933333 44.235937
v 107.379804 -18.933333 43.386917
v 103.257501 -18.933333 42.915417
v 99.406824 -18.933333 42.728456
v 96.000000 -18.933333 42.700000
v 99.406824 -18.232842 42.728456
v 103.257501 -17.532352 42.915417
v 107.379804 -16.831861 43.386917
v 111.613086 -16.131370 44.235937
v 115.810319 -15.430879 45.525022
v 119.840131 -14.730388 47.288879
v 125.327597 -13.679652 50.839364
v 123.588841 -14.029897 49.536998
v 92.593176 -18.933333 42.728456
v 88.742499 -18.933333 42.915417
v 84.620196 -18.933333 43.386917
v 80.386914 -18.933333 44.235937
v 76.189681 -18.933333 45.525022
v 72.159869 -18.933333 47.288879
v 68.411159 -18.933333 49.536998
v 66.672403 -18.933333 50.839364
v 65.037500 -18.933333 52.256250
v 63.514778 -18.933333 53.782908
v 62.111076 -18.933333 55.413506
v 60.831682 -18.933333 57.141204
v 59.680267 -18.933333 58.958240
v 57.767613 -18.933333 62.825140
v 56.367773 -18.933333 66.936719
v 55.445496 -18.933333 71.205921
v 54.933575 -18.933333 75.538733
v 54.730817 -18.933333 79.836793
v 54.700000 34.633333 84.000000
v 54.730817 34.633333 79.836793
v 54.933575 34.633333 75.538733
v 55.445496 34.633333 71.205921
v 56.367773 34.633333 66.936719
v 57.767613 34.633333 62.825140
v 59.680267 34.633333 58.958240
v 60.831682 34.633333 57.141204
v 62.111076 34.633333 55.413506
v 63.514778 34.633333 53.782908
v 65.037500 34.633333 52.256250
v 66.672403 34.633333 50.839364
v 68.411159 34.633333 49.536998
v 72.159869 34.633333 47.288879
v 76.189681 34.633333 45.525022
v 80.386914 34.633333 44.235937
v 84.620196 34.633333 43.386917
v 88.742499 34.633333 42.915417
v 92.593176 34.633333 42.728456
v 97.100000 10.000000 46.900000
v 96.952628 10.550000 46.900000
v 96.550000 10.952628 46.900000
v 96.000000 11.100000 46.900000
v 95.450000 10.952628 46.900000
v 95.047372 10.550000 46.900000
v 94.900000 10.000000 46.900000
v 95.047372 9.450000 46.900000
v 95.450000 9.047372 46.900000
v 96.000000 8.900000 46.900000
v 96.550000 9.047372 46.900000
v 96.952628 9.450000 46.900000
v 92.004991 9.800250 44.046850
v 92.364905 8.330843 44.036755
v 93.243179 7.101735 44.018112
v 94.514352 6.286127 44.003830
v 100.000000 10.000000 46.900000
v 99.729889 8.555033 46.900000
v 98.956036 7.305217 46.900000
v 97.782953 6.419347 46.900000
v 96.369073 6.017063 46.900000
v 94.905348 6.152697 46.900000
v 93.589461 6.807931 46.900000
v 92.599131 7.894271 46.900000
v 92.068108 9.265002 46.900000
v 92.068108 10.734998 46.900000
v 92.599131 12.105729 46.900000
v 93.589461 13.192069 46.900000
v 94.905348 13.847303 46.900000
v 96.369073 13.982937 46.900000
v 97.782953 13.580653 46.900000
v 98.956036 12.694783 46.900000
v 99.729889 11.444967 46.900000
v 58.436038 -21.800000 78.142046
v 58.634459 -21.800000 75.088696
v 59.017508 -21.800000 71.983803
v 59.635572 -21.800000 68.877304
v 60.586935 -21.800000 65.663332
v 61.251544 -21.800000 63.953768
v 62.077175 -21.800000 62.183334
v 63.080364 -21.800000 60.381872
v 64.295986 -21.800000 58.566900
v 65.704864 -21.800000 56.804282
v 67.260389 -21.800000 55.175340
v 68.956745 -21.800000 53.686256
v 70.784968 -21.800000 52.337091
v 72.731458 -21.800000 51.129578
v 74.782564 -21.800000 50.065469
v 76.924634 -21.800000 49.146511
v 79.144509 -21.800000 48.372435
v 83.763277 -21.800000 47.236107
v 86.080498 -21.800000 46.863389
v 88.307036 -21.800000 46.614245
v 92.432389 -21.800000 46.383058
v 94.292600 -21.800000 46.354212
v 96.000000 -21.800000 46.350000
v 57.179616 -20.232579 81.814681
v 59.575577 -20.232579 65.000884
v 61.140359 -20.232579 61.434488
v 63.451864 -20.232579 57.730858
v 64.906888 -20.232579 55.931358
v 72.101949 -20.232579 50.135405
v 74.186599 -20.232579 49.047026
v 78.600305 -20.232579 47.311133
v 89.862337 -20.232579 45.317758
v 93.676309 -20.232579 45.184378
v 91.836876 -20.232579 45.224392
v 85.588873 -20.232579 45.744887
v 80.903909 -20.232579 46.657136
v 76.357292 -20.232579 48.105723
v 70.121609 -20.232579 51.366754
v 68.248224 -20.232579 52.747537
v 66.507837 -20.232579 54.268367
v 62.187055 -20.232579 59.590297
v 60.274970 -20.232579 63.249347
v 59.016214 -20.232579 66.682079
v 58.068628 -20.232579 70.575554
v 57.516631 -20.232579 74.432476
v 57.257438 -20.232579 78.192085
v 99.173039 -21.800000 46.376048
v 102.815285 -21.800000 46.544496
v 106.813454 -21.800000 46.992167
v 111.057546 -21.800000 47.864012
v 115.268024 -21.800000 49.223958
v 119.191377 -21.800000 51.083604
v 121.030506 -21.800000 52.211568
v 122.770258 -21.800000 53.469518
v 124.389345 -21.800000 54.848194
v 125.882465 -21.800000 56.344741
v 127.246027 -21.800000 57.957002
v 128.475956 -21.800000 59.681204
v 129.566202 -21.800000 61.506760
v 130.500777 -21.800000 63.387681
v 131.889101 -21.800000 67.129702
v 132.759835 -21.800000 70.703242
v 133.269359 -21.800000 74.134788
v 133.535553 -21.800000 77.514202
v 107.805714 -20.233333 45.963230
v 133.977538 -20.233333 70.823004
v 101.260246 -20.233333 45.272494
v 98.384839 -20.233333 45.186996
v 104.421417 -20.233333 45.505491
v 111.352630 -20.233333 46.726728
v 114.889797 -20.233333 47.823987
v 118.254295 -20.233333 49.260477
v 121.413706 -20.233333 51.057137
v 124.316866 -20.233333 53.215231
v 126.889311 -20.233333 55.705095
v 129.106762 -20.233333 58.511900
v 130.942118 -20.233333 61.595772
v 132.337545 -20.233333 64.770625
v 133.319369 -20.233333 67.872034
v 134.652367 -20.233333 76.477958
v 134.399645 -20.233333 73.673889
v 134.803161 -20.233333 80.330342
v 96.000000 37.500000 46.350000
v 92.827090 37.500000 46.375972
v 89.185031 37.500000 46.544298
v 85.186858 37.500000 46.991936
v 80.942776 37.500000 47.863745
v 76.732224 37.500000 49.223724
v 72.808621 37.500000 51.083518
v 70.969450 37.500000 52.211511
v 69.229709 37.500000 53.469452
v 67.610612 37.500000 54.848121
v 66.117473 37.500000 56.344664
v 64.753904 37.500000 57.956924
v 63.523983 37.500000 59.681125
v 62.433731 37.500000 61.506675
v 61.499147 37.500000 63.387582
v 60.110839 37.500000 67.129604
v 59.240105 37.500000 70.703344
v 58.730582 37.500000 74.135029
v 58.464411 37.500000 77.514376
v 58.350000 37.500000 84.000000
v 80.648776 35.932700 46.725684
v 58.021990 35.932700 70.822726
v 57.196341 35.932700 80.330459
v 57.347117 35.932700 76.478121
v 57.599840 35.932700 73.673923
v 58.680249 35.932700 67.871335
v 59.662199 35.932700 64.769637
v 61.057842 35.932700 61.594574
v 62.893467 35.932700 58.510553
v 65.111215 35.932700 55.703653
v 67.684024 35.932700 53.213749
v 70.587532 35.932700 51.055674
v 73.747414 35.932700 49.259002
v 77.112464 35.932700 47.822500
v 84.197037 35.932700 45.962090
v 87.581435 35.932700 45.504534
v 90.742513 35.932700 45.271746
v 93.617667 35.932700 45.186440
v 133.650000 37.500000 84.000000
v 133.564479 37.500000 78.144233
v 133.366206 37.500000 75.090549
v 132.982320 37.500000 71.982992
v 132.364196 37.500000 68.874750
v 131.415411 37.500000 65.672268
v 130.748254 37.500000 63.951804
v 129.921819 37.500000 62.178214
v 128.919679 37.500000 60.380545
v 127.703652 37.500000 58.565009
v 126.294208 37.500000 56.802874
v 124.738406 37.500000 55.173895
v 123.042089 37.500000 53.684902
v 121.214148 37.500000 52.336165
v 119.268085 37.500000 51.129221
v 117.217451 37.500000 50.065617
v 115.075799 37.500000 49.146899
v 112.856201 37.500000 48.372716
v 108.237356 37.500000 47.236075
v 105.919814 37.500000 46.863343
v 103.692921 37.500000 46.614130
v 99.567497 37.500000 46.382981
v 97.707326 37.500000 46.354170
v 133.243640 35.932679 67.581535
v 131.154532 35.932679 62.014594
v 126.331750 35.932679 55.104216
v 123.038575 35.932679 52.193690
v 121.218849 35.932679 50.932810
v 117.293578 35.932679 48.805121
v 102.137640 35.932679 45.317710
v 98.323794 35.932679 45.184389
v 100.163177 35.932679 45.224385
v 106.411472 35.932679 45.744897
v 110.870227 35.932679 46.600929
v 115.212581 35.932679 47.940457
v 119.299757 35.932679 49.802924
v 124.746655 35.932679 53.584477
v 127.789245 35.932679 56.752807
v 129.102269 35.932679 58.503744
v 130.221067 35.932679 60.269574
v 131.930190 35.932679 63.730696
v 132.562600 35.932679 65.391243
v 133.749110 35.932679 69.663648
v 134.418834 35.932679 73.829767
v 134.730635 35.932679 77.901628
v 134.820424 35.932679 81.814913
v 58.146277 -23.100000 76.180787
v 58.565074 -23.100000 72.290536
v 59.326951 -23.100000 68.454723
v 60.508575 -23.100000 64.727313
v 62.157905 -23.100000 61.179785
v 64.288447 -23.100000 57.904485
v 66.888841 -23.100000 54.983972
v 69.887857 -23.100000 52.471855
v 73.204917 -23.100000 50.408821
v 76.761643 -23.100000 48.784746
v 80.481484 -23.100000 47.569889
v 84.304499 -23.100000 46.730215
v 88.184661 -23.100000 46.227886
v 92.087816 -23.100000 46.001791
v 96.000000 -23.100000 45.950000
v 99.910175 -23.100000 45.993668
v 103.815431 -23.100000 46.224540
v 107.696801 -23.100000 46.732075
v 111.517948 -23.100000 47.569477
v 115.236503 -23.100000 48.782960
v 118.794033 -23.100000 50.409327
v 122.112822 -23.100000 52.474098
v 125.113297 -23.100000 54.984691
v 127.714030 -23.100000 57.902784
v 129.843260 -23.100000 61.177463
v 131.490754 -23.100000 64.725825
v 132.671682 -23.100000 68.454077
v 133.434128 -23.100000 72.290239
v 133.853608 -23.100000 76.180620
v 137.164565 34.933333 79.809865
v 136.970164 34.933333 75.613229
v 136.488152 34.933333 71.425477
v 135.624315 34.933333 67.291497
v 134.304865 34.933333 63.273381
v 132.485577 34.933333 59.448669
v 131.385592 34.933333 57.638745
v 130.157627 34.933333 55.913257
v 128.804684 34.933333 54.282301
v 127.336459 34.933333 52.752442
v 124.095673 34.933333 50.020828
v 120.518275 34.933333 47.760650
v 116.687140 34.933333 45.968503
v 112.683935 34.933333 44.622747
v 108.570883 34.933333 43.687555
v 104.394011 34.933333 43.115282
v 100.193841 34.933333 42.851187
v 96.000000 34.933333 42.800000
v 96.000000 38.600000 45.550000
v 99.921283 38.600000 45.593879
v 103.850636 38.600000 45.825886
v 107.763762 38.600000 46.337601
v 111.622421 38.600000 47.183336
v 115.382260 38.600000 48.409530
v 118.983122 38.600000 50.054640
v 122.345878 38.600000 52.147569
v 125.389258 38.600000 54.697286
v 128.029340 38.600000 57.661928
v 130.191829 38.600000 60.986296
v 131.864497 38.600000 64.583711
v 133.060899 38.600000 68.356868
v 133.830479 38.600000 72.231442
v 134.252568 38.600000 76.152367
v 135.766688 36.766406 78.818830
v 135.258477 36.766406 72.501750
v 133.940523 36.766406 66.392136
v 132.475315 36.766406 62.475477
v 124.798769 36.766406 52.312644
v 115.194173 36.766406 46.867184
v 106.551362 36.766406 44.755035
v 102.199438 36.766406 44.319939
v 135.820484 36.766406 81.809898
v 135.600302 36.766406 75.710755
v 134.680887 36.766406 69.243308
v 133.298022 36.766406 64.479667
v 130.159960 36.766406 58.283701
v 131.438205 36.766406 60.394868
v 127.699912 36.766406 55.109623
v 126.300268 36.766406 53.658323
v 121.518551 36.766406 49.940250
v 117.930648 36.766406 47.997912
v 109.455310 36.766406 45.258340
v 112.361482 36.766406 45.958543
v 104.320425 36.766406 44.488063
v 98.335788 36.766406 44.184760
v 100.196038 36.766406 44.225218
v 91.207373 34.933333 42.873854
v 86.410211 34.933861 43.244181
v 81.665011 34.934062 44.039692
v 77.010642 34.933880 45.339343
v 74.753698 34.934033 46.195541
v 72.558255 34.933872 47.199417
v 70.434543 34.933697 48.356539
v 68.397885 34.933812 49.668732
v 66.469094 34.933939 51.134774
v 64.663152 34.933752 52.752194
v 62.995519 34.933475 54.510458
v 61.480781 34.933333 56.399009
v 60.127026 34.933434 58.409045
v 58.931067 34.933631 60.537846
v 57.917615 34.933764 62.725262
v 57.070551 34.933673 64.979447
v 56.372163 34.933492 67.310174
v 55.825971 34.933494 69.663370
v 55.133919 34.934279 74.412261
v 54.847511 34.934161 79.206457
v 54.800000 34.933333 84.000000
v 57.550000 38.600000 84.000000
v 57.747304 38.600000 76.152392
v 58.170100 38.600000 72.231214
v 58.940356 38.600000 68.356074
v 60.136011 38.600000 64.582086
v 61.806641 38.600000 60.984041
v 63.967781 38.600000 57.660205
v 66.608454 38.600000 54.697512
v 69.653411 38.600000 52.149469
v 73.017518 38.600000 50.056332
v 76.618885 38.600000 48.409988
v 80.378042 38.600000 47.183236
v 84.235406 38.600000 46.337793
v 88.147948 38.600000 45.826138
v 92.077979 38.600000 45.593801
v 93.613778 36.767103 44.187011
v 90.603789 36.767103 44.277797
v 76.247861 36.767103 47.078509
v 57.419540 36.767103 68.797716
v 56.187622 36.767103 80.944588
v 56.275721 36.767103 77.735354
v 83.713281 36.767103 45.032210
v 87.282648 36.767103 44.530428
v 79.967483 36.767103 45.871929
v 72.712692 36.767103 48.663635
v 69.396745 36.767103 50.649452
v 66.377811 36.767103 53.029118
v 63.724323 36.767103 55.772811
v 61.468802 36.767103 58.856110
v 59.647003 36.767103 62.208181
v 58.326535 36.767103 65.559474
v 56.836608 36.767103 71.853469
v 56.475134 36.767103 74.827257
v 57.747330 -22.900000 76.152456
v 58.169426 -22.900000 72.231407
v 58.939035 -22.900000 68.356671
v 60.135369 -22.900000 64.583584
v 61.807891 -22.900000 60.986399
v 63.970342 -22.900000 57.661945
v 66.610569 -22.900000 54.696818
v 69.654040 -22.900000 52.147238
v 73.016628 -22.900000 50.055840
v 76.617351 -22.900000 48.411804
v 80.377501 -22.900000 47.183691
v 84.236454 -22.900000 46.335987
v 88.148680 -22.900000 45.829558
v 92.077322 -22.900000 45.601985
v 96.000000 -22.900000 45.550000
v 96.000000 -23.007462 45.660217
v 96.000000 -23.076304 45.797900
v 64.469018 -23.053205 57.333894
v 58.415189 -23.053205 71.889403
v 59.034296 -23.053205 68.767126
v 57.783303 -23.053205 79.523736
v 58.027443 -23.053205 75.047844
v 59.926498 -23.053205 65.709848
v 61.123992 -23.053205 62.752321
v 62.636239 -23.053205 59.943418
v 66.608893 -23.053205 54.965177
v 69.014165 -23.053205 52.864979
v 71.640923 -23.053205 51.058856
v 74.446359 -23.053205 49.551103
v 77.388681 -23.053205 48.326321
v 80.427170 -23.053205 47.368123
v 83.531565 -23.053205 46.657631
v 86.677679 -23.053205 46.174518
v 89.843151 -23.053205 45.894285
v 93.015629 -23.053205 45.768697
v 99.922014 -22.900000 45.593848
v 103.852032 -22.900000 45.826227
v 107.764572 -22.900000 46.337882
v 111.621948 -22.900000 47.183311
v 115.381132 -22.900000 48.410079
v 118.982536 -22.900000 50.056464
v 122.346673 -22.900000 52.149608
v 125.391638 -22.900000 54.697589
v 128.032286 -22.900000 57.660199
v 130.193363 -22.900000 60.983982
v 131.863911 -22.900000 64.581996
v 133.059498 -22.900000 68.355945
v 133.829726 -22.900000 72.231054
v 134.252559 -22.900000 76.152258
v 134.244525 -23.053223 81.016440
v 128.049938 -23.053223 58.000663
v 107.362811 -23.053223 46.464076
v 100.476277 -23.053223 45.803398
v 103.927702 -23.053223 46.025143
v 110.756352 -23.053223 47.157109
v 114.079465 -23.053223 48.136521
v 117.297449 -23.053223 49.431227
v 120.358774 -23.053223 51.060549
v 123.208813 -23.053223 53.040960
v 125.791613 -23.053223 55.364710
v 129.935097 -23.053223 60.912259
v 131.442297 -23.053223 64.040098
v 132.580969 -23.053223 67.317679
v 133.376500 -23.053223 70.689333
v 133.879606 -23.053223 74.116600
v 134.145065 -23.053223 77.564513
v 96.000000 38.707462 45.660217
v 96.000000 38.776304 45.797900
v 96.000000 38.800000 45.950000
v 99.909443 38.800000 45.993704
v 103.814042 38.800000 46.224220
v 107.695983 38.800000 46.731824
v 111.518387 38.800000 47.569538
v 115.237608 38.800000 48.782483
v 118.794656 38.800000 50.407628
v 122.112135 38.800000 52.472186
v 125.111074 38.800000 54.984433
v 127.711233 38.800000 57.904458
v 129.841793 38.800000 61.179670
v 131.491305 38.800000 64.727429
v 132.673010 38.800000 68.454905
v 133.434836 38.800000 72.290554
v 133.853607 38.800000 76.180685
v 134.216595 38.753227 79.523674
v 133.972400 38.753227 75.047772
v 133.555080 38.753227 71.704523
v 132.875627 38.753227 68.403719
v 131.884634 38.753227 65.179550
v 130.548446 38.753227 62.076112
v 128.857815 38.753227 59.152862
v 126.808512 38.753227 56.469097
v 124.430231 38.753227 54.066927
v 121.774551 38.753227 51.977373
v 118.893092 38.753227 50.223238
v 115.836187 38.753227 48.795195
v 112.653707 38.753227 47.675811
v 109.387170 38.753227 46.843364
v 106.065154 38.753227 46.269484
v 102.714576 38.753227 45.924529
v 57.660217 38.707462 84.000000
v 57.797900 38.776304 84.000000
v 57.950000 38.800000 84.000000
v 58.146257 38.800000 76.180754
v 58.565701 38.800000 72.290397
v 59.328177 38.800000 68.454204
v 60.509173 38.800000 64.725913
v 62.156745 38.800000 61.177523
v 64.286034 38.800000 57.902796
v 66.886789 38.800000 54.984623
v 69.887256 38.800000 52.473970
v 73.206019 38.800000 50.409204
v 76.763518 38.800000 48.782876
v 80.482051 38.800000 47.569406
v 84.303190 38.800000 46.731989
v 88.184564 38.800000 46.224453
v 92.089827 38.800000 45.993623
v 57.755447 38.753224 81.016471
v 63.950131 38.753224 58.000679
v 84.637172 38.753224 46.463992
v 91.523719 38.753224 45.803346
v 88.072284 38.753224 46.025059
v 81.243639 38.753224 47.157039
v 77.920545 38.753224 48.136449
v 74.702590 38.753224 49.431122
v 71.641295 38.753224 51.060417
v 68.791277 38.753224 53.040845
v 66.208479 38.753224 55.364657
v 62.064917 38.753224 60.912318
v 60.557647 38.753224 64.040183
v 59.418911 38.753224 67.317793
v 58.623339 38.753224 70.689481
v 58.120234 38.753224 74.116754
v 57.854832 38.753224 77.564617
v 96.000000 -19.233333 42.800000
v 100.792665 -19.233333 42.873890
v 105.589777 -19.233845 43.244211
v 110.335030 -19.234049 44.039722
v 114.989531 -19.233941 45.339468
v 117.246464 -19.234110 46.195677
v 119.441855 -19.233927 47.199517
v 121.565512 -19.233724 48.356589
v 123.602123 -19.233832 49.668738
v 125.530876 -19.233965 51.134741
v 127.336802 -19.233770 52.752141
v 129.004437 -19.233481 54.510410
v 130.519195 -19.233333 56.398997
v 131.872966 -19.233438 58.409072
v 133.068901 -19.233642 60.537888
v 134.082334 -19.233779 62.725320
v 134.929391 -19.233686 64.979500
v 135.627781 -19.233497 67.310208
v 136.173969 -19.233498 69.663365
v 136.866014 -19.234299 74.412207
v 137.152461 -19.234178 79.206444
v 98.386276 -21.067093 44.187019
v 101.396374 -21.067093 44.277838
v 115.752356 -21.067093 47.078595
v 134.580415 -21.067093 68.797727
v 135.812379 -21.067093 80.944585
v 135.724260 -21.067093 77.735334
v 108.286869 -21.067093 45.032262
v 104.717542 -21.067093 44.530486
v 112.032705 -21.067093 45.871998
v 119.287488 -21.067093 48.663720
v 122.603429 -21.067093 50.649547
v 125.622280 -21.067093 53.029151
v 128.275643 -21.067093 55.772754
v 130.531162 -21.067093 58.856064
v 132.352937 -21.067093 62.208145
v 133.673416 -21.067093 65.559490
v 135.163336 -21.067093 71.853402
v 135.524822 -21.067093 74.827198
v 54.835453 -19.233333 79.809886
v 55.029825 -19.233333 75.613312
v 55.511654 -19.233333 71.425662
v 56.375270 -19.233333 67.291778
v 57.694694 -19.233333 63.273686
v 59.514186 -19.233333 59.448903
v 60.614293 -19.233333 57.638917
v 61.842353 -19.233333 55.913353
v 63.195353 -19.233333 54.282316
v 64.663601 -19.233333 52.752377
v 67.904371 -19.233333 50.020656
v 71.481728 -19.233333 47.760484
v 75.312831 -19.233333 45.968394
v 79.316034 -19.233333 44.622643
v 83.429105 -19.233333 43.687404
v 87.605986 -19.233333 43.115113
v 91.806152 -19.233333 42.851093
v 56.239953 -21.066621 78.694649
v 56.420128 -21.066621 75.451085
v 56.796065 -21.066621 72.114119
v 57.892654 -21.066621 66.951325
v 58.480114 -21.066621 65.103466
v 59.236277 -21.066621 63.141098
v 60.185568 -21.066621 61.099956
v 61.361061 -21.066621 59.024653
v 66.322656 -21.066621 53.076016
v 75.187250 -21.066621 47.502733
v 72.788628 -21.066621 48.625311
v 82.847755 -21.066621 45.197487
v 91.216049 -21.066621 44.247191
v 88.433250 -21.066621 44.419913
v 56.180616 -21.066621 81.809135
v 57.435925 -21.066621 68.726798
v 62.805777 -21.066621 56.925890
v 64.474858 -21.066621 54.915592
v 70.498474 -21.066621 49.929352
v 68.336559 -21.066621 51.413403
v 77.674864 -21.066621 46.562242
v 80.234600 -21.066621 45.797228
v 85.449044 -21.066621 44.755224
v 93.752055 -21.066621 44.183790
v 54.711459 34.739763 84.000000
v 54.745309 34.841314 84.000000
v 96.000000 34.841314 42.745309
v 96.000000 34.739763 42.711459
v 92.404992 34.786084 42.758520
v 58.869541 34.786084 60.496134
v 56.297843 34.786084 67.283786
v 54.774818 34.786084 79.207524
v 55.057445 34.786084 74.408138
v 55.533671 34.786084 70.821653
v 57.402261 34.786084 63.817869
v 60.718241 34.786084 57.350163
v 62.937830 34.786084 54.462176
v 65.498201 34.786084 51.871180
v 68.351778 34.786084 49.605713
v 71.441835 34.786084 47.694173
v 74.722224 34.786084 46.126501
v 78.133392 34.786084 44.891812
v 81.643156 34.786084 43.966278
v 85.203389 34.786084 43.325325
v 88.800250 34.786084 42.935318
v 132.452269 34.785809 59.235301
v 115.393466 34.785809 45.399970
v 108.187898 34.785809 43.543305
v 100.797100 34.785809 42.796689
v 104.501324 34.785809 43.049487
v 111.829024 34.785809 44.315801
v 118.844165 34.785809 46.824559
v 122.127284 34.785809 48.606162
v 125.185951 34.785809 50.758085
v 127.963134 34.785809 53.269944
v 130.401640 34.785809 56.108487
v 134.106653 34.785809 62.590403
v 135.369689 34.785809 66.107080
v 136.263239 34.785809 69.727493
v 136.836097 34.785809 73.407901
v 137.141998 34.785809 77.107983
v 137.258428 34.785809 80.807642
v 96.000000 -19.141314 42.745309
v 96.000000 -19.039763 42.711459
v 99.595040 -19.086083 42.758533
v 133.130316 -19.086083 60.496245
v 135.702090 -19.086083 67.283814
v 137.225126 -19.086083 79.207506
v 136.942432 -19.086083 74.408091
v 136.466222 -19.086083 70.821623
v 134.597663 -19.086083 63.817940
v 131.281556 -19.086083 57.350291
v 129.061972 -19.086083 54.462263
v 126.501675 -19.086083 51.871215
v 123.648198 -19.086083 49.605758
v 120.558224 -19.086083 47.694331
v 117.277878 -19.086083 46.126773
v 113.866705 -19.086083 44.892068
v 110.356876 -19.086083 43.966363
v 106.796609 -19.086083 43.325257
v 103.199771 -19.086083 42.935268
v 59.547508 -19.085809 59.235536
v 76.606497 -19.085809 45.399876
v 83.812086 -19.085809 43.543150
v 91.202888 -19.085809 42.796579
v 87.498667 -19.085809 43.049318
v 80.170944 -19.085809 44.315692
v 73.155820 -19.085809 46.824421
v 69.872738 -19.085809 48.605982
v 66.814106 -19.085809 50.757936
v 64.036924 -19.085809 53.269910
v 61.598333 -19.085809 56.108597
v 57.892932 -19.085809 62.590711
v 56.629861 -19.085809 66.107381
v 55.736471 -19.085809 69.727713
v 55.163818 -19.085809 73.408018
v 54.858017 -19.085809 77.108026
v 54.741586 -19.085809 80.807650
v 54.699713 34.633333 84.800000
v 54.725581 34.791377 84.800000
v 54.799713 34.933333 84.800000
v 54.724059 34.785874 84.263352
v 57.549714 38.600000 84.800000
v 56.174989 36.766667 84.267733
v 57.726532 38.746365 84.800000
v 57.949714 38.800000 84.800000
v 57.741160 38.753301 84.532612
v 67.011037 38.800000 84.800000
v 67.179760 38.800000 80.776067
v 67.904343 38.800000 76.814314
v 69.170813 38.800000 72.991153
v 70.954741 38.800000 69.380321
v 73.221722 38.800000 66.051462
v 75.928030 38.800000 63.068778
v 79.021471 38.800000 60.489799
v 82.442379 38.800000 58.364265
v 86.124775 38.800000 56.733172
v 89.997636 38.800000 55.627978
v 93.986266 38.800000 55.070000
v 98.013734 38.800000 55.070000
v 102.002364 38.800000 55.627978
v 105.875225 38.800000 56.733172
v 109.557621 38.800000 58.364265
v 112.978529 38.800000 60.489799
v 116.071970 38.800000 63.068778
v 118.778278 38.800000 66.051462
v 121.045259 38.800000 69.380321
v 122.829187 38.800000 72.991153
v 124.095657 38.800000 76.814314
v 124.820240 38.800000 80.776067
v 124.988963 38.800000 84.800000
v 55.119824 34.633333 84.800000
v 55.135859 34.681439 84.800000
v 55.127089 34.666684 84.800000
v 55.121661 34.650400 84.800000
v 55.123938 34.658687 84.400000
v 57.885859 38.348106 84.800000
v 57.950000 38.380176 84.800000
v 57.925610 38.376377 84.800000
v 57.903532 38.365338 84.800000
v 67.001226 38.380176 84.266697
v 67.004905 38.380176 84.533371
v 67.011037 38.380176 84.800000
v -26.567419 21.800000 101.600000
v -30.512456 21.800000 103.950000
v -30.512456 21.800000 121.650000
v -26.567419 21.800000 124.000000
v 96.000000 21.800000 124.000000
v 99.378632 21.800000 123.969478
v 103.158482 21.800000 123.788239
v 107.181312 21.800000 123.326463
v 111.297075 21.800000 122.500414
v 115.360920 21.800000 121.253249
v 119.246097 21.800000 119.552777
v 122.847628 21.800000 117.396176
v 126.075106 21.800000 114.792107
v 128.872959 21.800000 111.774778
v 131.196292 21.800000 108.385041
v 133.031284 21.800000 104.679211
v 134.377956 21.800000 100.720304
v 135.269995 21.800000 96.584881
v 135.769327 21.800000 92.360742
v 135.966325 21.800000 88.136221
v 132.000000 21.800000 84.000000
v 131.864215 21.800000 90.760319
v 131.560462 21.800000 94.258477
v 130.980339 21.800000 97.771217
v 130.500419 21.800000 99.745823
v 129.843152 21.800000 101.823596
v 128.850110 21.800000 104.253761
v 127.474569 21.800000 106.817279
v 125.815604 21.800000 109.185945
v 123.818003 21.800000 111.417613
v 121.246877 21.800000 113.613342
v 118.371838 21.800000 115.475091
v 115.242725 21.800000 117.001012
v 111.909372 21.800000 118.189255
v 108.629694 21.800000 119.005127
v 105.339657 21.800000 119.547743
v 102.756915 21.800000 119.807036
v 100.321105 21.800000 119.941541
v 98.059657 21.800000 119.992211
v 96.000000 21.800000 120.000000
v 79.467704 21.800000 122.322104
v -23.622464 21.800000 122.322104
v -27.240913 21.800000 120.286912
v -27.240913 21.800000 103.059584
v -26.257189 21.800000 102.059926
v -26.257189 21.800000 101.600000
v -26.730278 21.600000 124.000000
v -30.654363 21.600000 121.650000
v -30.654363 21.400000 121.650000
v -26.730278 21.400000 124.000000
v 132.000000 21.400000 84.000000
v 131.864215 21.400000 90.760319
v 131.560462 21.400000 94.258477
v 130.980339 21.400000 97.771217
v 130.500419 21.400000 99.745823
v 129.843152 21.400000 101.823596
v 128.850110 21.400000 104.253761
v 127.474569 21.400000 106.817279
v 125.815604 21.400000 109.185945
v 123.818003 21.400000 111.417613
v 121.246877 21.400000 113.613342
v 118.371838 21.400000 115.475091
v 115.242725 21.400000 117.001012
v 111.909372 21.400000 118.189255
v 108.629694 21.400000 119.005127
v 105.339657 21.400000 119.547743
v 102.756915 21.400000 119.807036
v 100.321105 21.400000 119.941541
v 98.059657 21.400000 119.992211
v 96.000000 21.400000 120.000000
v 79.467704 21.400000 122.322104
v -23.622464 21.400000 122.322104
v -27.240913 21.400000 120.286912
v -27.240913 21.400000 103.059584
v -26.257189 21.400000 102.059926
v -26.257189 21.400000 101.600000
v -26.257189 21.600000 101.600000
v -26.420447 21.400000 101.600000
v -26.366196 21.466804 101.600000
v -26.311777 21.533471 101.600000
v -30.654363 21.600000 103.950000
v -26.730278 21.600000 101.600000
v -26.730278 21.400000 101.600000
v -30.654363 21.400000 103.950000
v 135.966329 21.400000 88.136221
v 135.769337 21.400000 92.360743
v 135.270007 21.400000 96.584884
v 134.377967 21.400000 100.720310
v 133.031295 21.400000 104.679222
v 131.196304 21.400000 108.385055
v 128.872970 21.400000 111.774796
v 126.075115 21.400000 114.792128
v 122.847634 21.400000 117.396200
v 119.246102 21.400000 119.552805
v 115.360924 21.400000 121.253280
v 111.297077 21.400000 122.500443
v 107.181311 21.400000 123.326486
v 103.158481 21.400000 123.788252
v 99.378632 21.400000 123.969482
v 96.000000 21.400000 124.000000
v -29.214539 18.099129 101.600000
v -31.242979 14.315867 101.600000
v -32.783950 10.309240 101.600000
v -33.813407 6.141763 101.600000
v -34.315291 1.878459 101.600000
v -34.281768 -2.414153 101.600000
v -33.713364 -6.669099 101.600000
v -32.618945 -10.819990 101.600000
v -33.337433 -6.679486 101.600000
v -33.911331 -2.453897 101.600000
v -33.951772 1.810294 101.600000
v -33.458120 6.046007 101.600000
v -32.438140 10.186611 101.600000
v -30.907879 14.166970 101.600000
v -28.891407 17.924469 101.600000
v -32.911420 17.974660 103.950000
v -34.741655 14.116210 103.950000
v -36.121332 10.074690 103.950000
v -37.032558 5.902513 103.950000
v -37.463515 1.653787 103.950000
v -37.408616 -2.616386 103.950000
v -36.868570 -6.852628 103.950000
v 96.000000 6.000000 124.000000
v 96.782117 6.077208 123.999184
v 97.533473 6.305618 123.995846
v 98.224530 6.675627 123.989434
v 98.829639 7.172786 123.980603
v 99.326799 7.779099 123.970668
v 99.696056 8.470565 123.961577
v 99.923263 9.220259 123.955244
v 100.000000 10.000000 123.952924
v 99.923262 10.779747 123.955244
v 99.696056 11.529434 123.961577
v 99.326796 12.220905 123.970668
v 98.829640 12.827214 123.980603
v 98.224526 13.324375 123.989434
v 97.533475 13.694381 123.995846
v 96.782117 13.922791 123.999184
v 96.000000 14.000000 124.000000
v 96.000000 34.366667 124.000000
v 99.378632 34.366667 123.969478
v 103.158482 34.366667 123.788239
v 107.181312 34.366667 123.326463
v 111.297075 34.366667 122.500414
v 115.360920 34.366667 121.253249
v 119.246097 34.366667 119.552777
v 122.847628 34.366667 117.396176
v 126.075106 34.366667 114.792107
v 128.872959 34.366667 111.774778
v 131.196292 34.366667 108.385041
v 133.031284 34.366667 104.679211
v 134.377956 34.366667 100.720304
v 135.269995 34.366667 96.584881
v 135.769327 34.366667 92.360742
v 135.966325 34.366667 88.136221
v -32.911420 17.974660 121.650000
v -34.741655 14.116210 121.650000
v -36.121332 10.074690 121.650000
v -37.032558 5.902513 121.650000
v -37.463515 1.653787 121.650000
v -37.408616 -2.616386 121.650000
v -36.868570 -6.852628 121.650000
v 94.631919 13.758770 124.000000
v 93.428850 13.064178 124.000000
v 92.535898 12.000000 124.000000
v 92.060769 10.694593 124.000000
v 92.060769 9.305407 124.000000
v 92.535898 8.000000 124.000000
v 93.428850 6.935822 124.000000
v 94.631919 6.241230 124.000000
v -32.618945 -10.819990 124.000000
v -33.713364 -6.669099 124.000000
v -34.281768 -2.414153 124.000000
v -34.315291 1.878459 124.000000
v -33.813407 6.141763 124.000000
v -32.783950 10.309240 124.000000
v -31.242979 14.315867 124.000000
v -29.214539 18.099129 124.000000
v -23.611392 24.971383 124.000000
v -20.279607 27.745366 124.000000
v -16.625088 30.077803 124.000000
v -12.705994 31.931575 124.000000
v -8.584694 33.277181 124.000000
v -4.326776 34.093207 124.000000
v 0.000000 34.366667 124.000000
v 136.849064 4.400000 85.000000
v 137.299531 4.400000 85.000000
v 137.243460 4.400000 89.140072
v 136.986882 4.400000 93.388643
v 136.406569 4.400000 97.650275
v 135.412757 4.400000 101.831688
v 133.947259 4.400000 105.844181
v 131.981581 4.400000 109.606045
v 129.515034 4.400000 113.044977
v 128.100860 4.400000 114.623917
v 126.572851 4.400000 116.100501
v 123.204297 4.400000 118.726379
v 119.480783 4.400000 120.893028
v 115.493986 4.400000 122.589940
v 111.353954 4.400000 123.828091
v 107.187227 4.400000 124.642362
v 103.134947 4.400000 125.093955
v 99.350975 4.400000 125.272806
v 96.000000 4.400000 125.300000
v -34.352697 4.400000 125.300000
v -34.512615 4.400000 125.273948
v -34.655126 4.400000 125.200000
v -38.348403 4.400000 122.450000
v -38.496601 4.400000 122.273091
v -38.549708 4.400000 122.050000
v -38.549708 4.400000 103.550000
v -38.496601 4.400000 103.326909
v -38.348403 4.400000 103.150000
v -34.655126 4.400000 100.400000
v -34.512615 4.400000 100.326052
v -34.352697 4.400000 100.300000
v -33.714092 4.400000 100.300000
v -33.714092 4.400000 100.750453
v -34.281761 4.400000 100.750453
v -34.850190 4.400000 101.172238
v -38.014719 4.400000 103.522941
v -38.014719 4.400000 122.077059
v -37.446639 4.400000 122.499315
v -34.281761 4.400000 124.849547
v 96.001219 4.400000 124.849547
v 98.727752 4.400000 124.834078
v 101.893009 4.400000 124.724017
v 105.412860 4.400000 124.423887
v 109.203177 4.400000 123.838208
v 112.308361 4.400000 123.117433
v 115.344974 4.400000 122.165271
v 118.291435 4.400000 120.963950
v 121.126165 4.400000 119.495695
v 123.514054 4.400000 117.965131
v 125.740523 4.400000 116.231565
v 127.793197 4.400000 114.293801
v 129.659697 4.400000 112.150642
v 131.693404 4.400000 109.217044
v 133.225541 4.400000 106.353153
v 134.339522 4.400000 103.657385
v 135.118762 4.400000 101.228157
v 136.073535 4.400000 96.942864
v 136.590562 4.400000 92.759252
v 136.804265 4.400000 88.753052
v -33.687364 4.600165 100.750453
v -33.659447 4.800167 100.750453
v 136.749064 34.616355 85.000000
v 67.017247 38.249064 85.000000
v 67.007666 38.249064 84.666740
v 67.001916 38.249064 84.333392
v 57.975468 38.249064 85.000000
v 54.699435 34.633333 85.000000
v 54.725304 34.791377 85.000000
v 54.799435 34.933333 85.000000
v 57.549439 38.600000 85.000000
v 57.726257 38.746365 85.000000
v 57.949440 38.800000 85.000000
v 67.017247 38.800000 85.000000
v 55.250936 34.616355 85.000000
v 124.998084 38.249064 84.333392
v 124.992334 38.249064 84.666740
v 124.982753 38.249064 85.000000
v 134.024532 38.249064 85.000000
v 124.982753 38.800000 85.000000
v 134.049528 38.800000 85.000000
v 134.272711 38.746365 85.000000
v 134.449529 38.600000 85.000000
v 137.199531 34.933333 85.000000
v 137.273663 34.791377 85.000000
v 137.299531 34.633333 85.000000
v 137.243460 34.633333 89.140072
v 136.986882 34.633333 93.388643
v 136.406569 34.633333 97.650275
v 135.412757 34.633333 101.831688
v 133.947259 34.633333 105.844181
v 131.981581 34.633333 109.606045
v 129.515034 34.633333 113.044977
v 128.100860 34.633333 114.623917
v 126.572851 34.633333 116.100501
v 123.204297 34.633333 118.726379
v 119.480783 34.633333 120.893028
v 115.493986 34.633333 122.589940
v 111.353954 34.633333 123.828091
v 107.187227 34.633333 124.642362
v 103.134947 34.633333 125.093955
v 99.350975 34.633333 125.272806
v 96.000000 34.633333 125.300000
v 96.000000 14.000000 125.300000
v 96.780100 13.923193 125.299551
v 97.530702 13.695531 125.296967
v 98.221324 13.326518 125.291313
v 98.827709 12.829144 125.282972
v 99.325058 12.223508 125.273379
v 99.694862 11.532316 125.264473
v 99.922906 10.781542 125.258172
v 100.000000 10.000007 125.255900
v 99.922909 9.218471 125.258172
v 99.694865 8.467691 125.264473
v 99.325067 7.776505 125.273379
v 98.827715 7.170862 125.282972
v 98.221333 6.673488 125.291313
v 97.530712 6.304473 125.296967
v 96.780107 6.076809 125.299552
v 96.000000 6.000000 125.300000
v 133.998469 38.800000 88.848747
v 133.785388 38.800000 92.691234
v 133.306441 38.800000 96.512425
v 132.479572 38.800000 100.271686
v 131.235918 38.800000 103.913402
v 129.534459 38.800000 107.366474
v 127.367580 38.800000 110.541384
v 124.750905 38.800000 113.360311
v 121.755805 38.800000 115.779015
v 118.461964 38.800000 117.765404
v 114.944635 38.800000 119.328783
v 111.276326 38.800000 120.494832
v 107.511760 38.800000 121.299387
v 103.690840 38.800000 121.786765
v 99.847715 38.800000 122.008196
v 96.000000 38.800000 122.050000
v 96.000000 38.776304 122.202100
v 96.000000 38.707462 122.339783
v 96.000000 38.600000 122.450000
v 99.859275 38.600000 122.408024
v 103.726602 38.600000 122.185154
v 107.578017 38.600000 121.693837
v 111.378025 38.600000 120.881614
v 115.086061 38.600000 119.702898
v 118.646337 38.600000 118.120438
v 121.984776 38.600000 116.106972
v 125.023983 38.600000 113.652469
v 127.680710 38.600000 110.790560
v 129.880191 38.600000 107.567660
v 131.605838 38.600000 104.065428
v 132.865299 38.600000 100.377767
v 133.700908 38.600000 96.578605
v 134.183881 38.600000 92.725116
v 134.398325 38.600000 88.859767
v 132.777338 38.753223 99.970894
v 133.433322 38.753223 97.000890
v 125.361904 38.753223 113.066245
v 117.898994 38.753223 118.282653
v 133.867704 38.753223 93.991094
v 134.230259 38.753223 87.935997
v 131.865429 38.753223 102.873870
v 130.671239 38.753223 105.678078
v 129.188808 38.753223 108.340236
v 127.415495 38.753223 110.815304
v 123.064904 38.753223 115.071886
v 120.564432 38.753223 116.813121
v 112.217939 38.753223 120.452329
v 115.104871 38.753223 119.491489
v 109.266855 38.753223 121.181887
v 106.271479 38.753223 121.701774
v 101.139471 38.753223 122.168787
v 137.140336 34.933333 89.131266
v 136.896190 34.933333 93.266825
v 136.352925 34.933333 97.384913
v 135.424643 34.933333 101.439000
v 134.042441 34.933333 105.368083
v 132.168742 34.933333 109.097038
v 129.803541 34.933333 112.533949
v 126.968383 34.933333 115.597835
v 123.735492 34.933333 118.239031
v 120.184976 34.933333 120.420041
v 116.394906 34.933333 122.147133
v 112.441554 34.933333 123.443937
v 108.383999 34.933333 124.345633
v 104.267002 34.933333 124.897042
v 100.129910 34.933333 125.150844
v 96.000000 34.933333 125.200000
v 96.000000 34.841314 125.254691
v 96.000000 34.739763 125.288541
v 99.540823 34.785811 125.242908
v 126.131520 34.785811 116.454911
v 135.497709 34.785811 101.459820
v 137.195418 34.785811 89.724977
v 136.851564 34.785811 94.454951
v 136.320159 34.785811 97.983532
v 134.340412 34.785811 104.845082
v 132.821246 34.785811 108.093271
v 130.939387 34.785811 111.146354
v 128.698694 34.785811 113.946851
v 123.288596 34.785811 118.642056
v 120.220575 34.785811 120.487164
v 116.976754 34.785811 121.997673
v 113.605804 34.785811 123.188331
v 110.148774 34.785811 124.078977
v 106.634740 34.785811 124.697423
v 103.091303 34.785811 125.072856
v 126.075075 36.765994 114.554533
v 135.602876 36.765994 92.252539
v 135.291773 36.765994 95.263251
v 134.764910 36.765994 98.362654
v 133.936270 36.765994 101.621404
v 132.693391 36.765994 105.029752
v 130.944451 36.765994 108.470118
v 128.722113 36.765994 111.687380
v 123.033368 36.765994 117.051412
v 119.681492 36.765994 119.129792
v 116.088187 36.765994 120.790984
v 112.293316 36.765994 122.059407
v 108.465238 36.765994 122.935517
v 104.805475 36.765994 123.461573
v 101.403510 36.765994 123.724677
v 98.340571 36.765994 123.815300
v 135.763675 36.765994 89.300155
v 67.438668 38.800000 89.024970
v 68.416305 38.800000 92.952083
v 69.931119 38.800000 96.704858
v 71.953608 38.800000 100.210214
v 74.444387 38.800000 103.399885
v 77.354949 38.800000 106.211755
v 80.628612 38.800000 108.591064
v 84.201625 38.800000 110.491477
v 88.004403 38.800000 111.875983
v 91.962891 38.800000 112.717621
v 96.000000 38.800000 113.000000
v 100.037109 38.800000 112.717621
v 103.995597 38.800000 111.875983
v 107.798375 38.800000 110.491477
v 111.371388 38.800000 108.591064
v 114.645051 38.800000 106.211755
v 117.555613 38.800000 103.399885
v 120.046392 38.800000 100.210214
v 122.068881 38.800000 96.704858
v 123.583695 38.800000 92.952083
v 124.561332 38.800000 89.024970
v 67.000000 37.500000 84.000000
v 67.295178 37.500000 79.872870
v 68.174704 37.500000 75.829756
v 69.620672 37.500000 71.952965
v 71.603648 37.500000 68.321416
v 74.083262 37.500000 65.009039
v 77.009039 37.500000 62.083262
v 80.321416 37.500000 59.603648
v 83.952965 37.500000 57.620672
v 87.829756 37.500000 56.174704
v 91.872870 37.500000 55.295178
v 96.000000 37.500000 55.000000
v 100.127130 37.500000 55.295178
v 104.170244 37.500000 56.174704
v 108.047035 37.500000 57.620672
v 111.678584 37.500000 59.603648
v 114.990961 37.500000 62.083262
v 117.916738 37.500000 65.009039
v 120.396352 37.500000 68.321416
v 122.379328 37.500000 71.952965
v 123.825296 37.500000 75.829756
v 124.704822 37.500000 79.872870
v 125.000000 37.500000 84.000000
v 124.704822 37.500000 88.127130
v 123.825296 37.500000 92.170244
v 122.379328 37.500000 96.047035
v 120.396352 37.500000 99.678584
v 117.916738 37.500000 102.990961
v 114.990961 37.500000 105.916738
v 111.678584 37.500000 108.396352
v 108.047035 37.500000 110.379328
v 104.170244 37.500000 111.825296
v 100.127130 37.500000 112.704822
v 96.000000 37.500000 113.000000
v 91.872870 37.500000 112.704822
v 87.829756 37.500000 111.825296
v 83.952965 37.500000 110.379328
v 80.321416 37.500000 108.396352
v 77.009039 37.500000 105.916738
v 74.083262 37.500000 102.990961
v 71.603648 37.500000 99.678584
v 69.620672 37.500000 96.047035
v 68.174704 37.500000 92.170244
v 67.295178 37.500000 88.127130
v 37.159525 34.633333 100.300000
v 41.495748 34.633333 100.255501
v 43.522898 34.633333 100.153339
v 45.416698 34.633333 99.960711
v 47.154233 34.633333 99.653638
v 48.717884 34.633333 99.211276
v 50.095323 34.633333 98.615909
v 51.279519 34.633333 97.852957
v 52.268732 34.633333 96.910968
v 53.066520 34.633333 95.781626
v 53.681730 34.633333 94.459745
v 54.128506 34.633333 92.943271
v 54.426287 34.633333 91.233283
v 54.599802 34.633333 89.333991
v 54.679079 34.633333 87.252738
v 57.861635 38.800000 89.182231
v 57.695699 38.800000 91.267003
v 57.371469 38.800000 93.329249
v 56.814311 38.800000 95.344962
v 55.966147 38.800000 97.257738
v 54.789081 38.800000 98.972253
v 53.278914 38.800000 100.409427
v 51.516729 38.800000 101.538886
v 49.593146 38.800000 102.348082
v 47.572364 38.800000 102.885765
v 45.507090 38.800000 103.223165
v 41.338576 38.800000 103.511170
v 37.159525 38.800000 103.550000
v 0.000000 38.800000 103.550000
v 0.000000 38.800000 122.050000
v 62.231373 38.800000 99.154745
v 61.945013 38.800000 100.316553
v 61.151535 38.800000 101.212205
v 60.032715 38.800000 101.636517
v 58.844861 38.800000 101.492286
v 57.860096 38.800000 100.812552
v 57.304018 38.800000 99.753034
v 57.304018 38.800000 98.556456
v 57.860096 38.800000 97.496939
v 58.844861 38.800000 96.817205
v 60.032715 38.800000 96.672973
v 61.151535 38.800000 97.097286
v 61.945013 38.800000 97.992937
v 37.159525 34.739763 100.311459
v 37.159525 34.841314 100.345309
v 37.159525 34.933333 100.400000
v 40.786843 34.933333 100.374196
v 44.383811 34.933333 100.176569
v 47.907616 34.933333 99.570613
v 49.565197 34.933333 98.981059
v 51.076934 34.933333 98.121373
v 52.354059 34.933333 96.972968
v 53.316895 34.933333 95.539315
v 53.972714 34.933333 93.917880
v 54.383834 34.933333 92.197151
v 54.735595 34.933333 88.621278
v 54.716006 34.785794 86.381669
v 51.229627 34.785794 97.915237
v 54.614437 34.785794 89.474992
v 54.246565 34.785794 92.515178
v 53.464272 34.785794 95.058671
v 52.880611 34.785794 96.142626
v 52.133723 34.785794 97.103448
v 47.887420 34.785794 99.497235
v 50.199402 34.785794 98.580724
v 45.393341 34.785794 99.983809
v 41.300505 34.785794 100.285047
v 57.462523 38.600000 89.161362
v 57.298199 38.600000 91.222027
v 56.979715 38.600000 93.248044
v 56.437215 38.600000 95.212646
v 55.616648 38.600000 97.062744
v 54.483201 38.600000 98.713668
v 53.031871 38.600000 100.095787
v 51.332852 38.600000 101.183853
v 49.465438 38.600000 101.968562
v 47.489961 38.600000 102.494663
v 45.458224 38.600000 102.826795
v 41.327245 38.600000 103.111302
v 37.159525 38.600000 103.150000
v 37.159525 38.707462 103.260217
v 37.159525 38.776304 103.397900
v 57.617685 38.753188 89.764672
v 57.373677 38.753188 92.123940
v 56.885191 38.753188 94.431807
v 56.052961 38.753188 96.634769
v 54.815135 38.753188 98.612405
v 53.149822 38.753188 100.245497
v 51.158531 38.753188 101.485809
v 48.964118 38.753188 102.325608
v 46.655334 38.753188 102.845129
v 42.720074 38.753188 103.248479
v 38.751352 38.753188 103.338925
v 55.843270 36.766669 91.773674
v 53.476827 36.766669 97.768554
v 47.243532 36.766669 101.143828
v 56.079268 36.766669 89.299924
v 56.163654 36.766669 86.676400
v 55.356016 36.766669 94.088714
v 54.504832 36.766669 96.228432
v 52.139590 36.766669 99.052992
v 50.580497 36.766669 100.024840
v 48.939433 36.766669 100.695329
v 41.677791 36.766669 101.725046
v 45.457457 36.766669 101.444232
v 62.231373 20.200000 99.154745
v 61.945013 20.200000 100.316553
v 61.151535 20.200000 101.212205
v 60.032715 20.200000 101.636517
v 58.844861 20.200000 101.492286
v 57.860096 20.200000 100.812552
v 57.304018 20.200000 99.753034
v 57.304018 20.200000 98.556456
v 57.860096 20.200000 97.496939
v 58.844861 20.200000 96.817205
v 60.032715 20.200000 96.672973
v 61.151535 20.200000 97.097286
v 61.945013 20.200000 97.992937
v 60.831373 20.200000 99.154745
v 60.684001 20.200000 99.704745
v 60.281373 20.200000 100.107373
v 59.731373 20.200000 100.254745
v 59.181373 20.200000 100.107373
v 58.778745 20.200000 99.704745
v 58.631373 20.200000 99.154745
v 58.778745 20.200000 98.604745
v 59.181373 20.200000 98.202117
v 59.731373 20.200000 98.054745
v 60.281373 20.200000 98.202117
v 60.684001 20.200000 98.604745
v 60.831373 18.200000 99.154745
v 60.684001 18.200000 99.704745
v 60.281373 18.200000 100.107373
v 59.731373 18.200000 100.254745
v 59.181373 18.200000 100.107373
v 58.778745 18.200000 99.704745
v 58.631373 18.200000 99.154745
v 58.778745 18.200000 98.604745
v 59.181373 18.200000 98.202117
v 59.731373 18.200000 98.054745
v 60.281373 18.200000 98.202117
v 60.684001 18.200000 98.604745
v 56.835218 37.500000 96.395017
v 58.079043 37.500000 95.511971
v 59.562745 37.500000 95.158301
v 61.070966 37.500000 95.385728
v 62.384405 37.500000 96.161182
v 63.312085 37.500000 97.371910
v 63.719118 37.500000 98.841868
v 63.546319 37.500000 100.357319
v 62.818815 37.500000 101.697913
v 61.642387 37.500000 102.668721
v 60.188091 37.500000 103.128586
v 58.667387 37.500000 103.010641
v 57.301390 37.500000 102.332037
v 56.288720 37.500000 101.191444
v 55.776623 37.500000 99.754708
v 55.839473 37.500000 98.230704
v 56.215188 37.254043 97.247800
v 63.731373 18.200000 99.154745
v 63.461262 18.200000 97.709779
v 62.687409 18.200000 96.459963
v 61.514326 18.200000 95.574092
v 60.100446 18.200000 95.171809
v 58.636721 18.200000 95.307443
v 57.320834 18.200000 95.962676
v 56.330504 18.200000 97.049017
v 55.799481 18.200000 98.419747
v 55.799481 18.200000 99.889743
v 56.330504 18.200000 101.260474
v 57.320834 18.200000 102.346814
v 58.636721 18.200000 103.002048
v 60.100446 18.200000 103.137682
v 61.514326 18.200000 102.735398
v 62.687409 18.200000 101.849528
v 63.461262 18.200000 100.599712
v 133.536217 37.500000 90.483603
v 133.268882 37.500000 93.864574
v 132.761015 37.500000 97.293932
v 131.888265 37.500000 100.872191
v 130.501358 37.500000 104.610912
v 129.568719 37.500000 106.489105
v 128.473545 37.500000 108.323549
v 127.244650 37.500000 110.045617
v 125.882193 37.500000 111.655425
v 124.388802 37.500000 113.152274
v 122.769957 37.500000 114.531320
v 121.032194 37.500000 115.787615
v 119.192230 37.500000 116.915476
v 115.264863 37.500000 118.778262
v 111.055970 37.500000 120.137520
v 106.814357 37.500000 121.007345
v 102.815193 37.500000 121.455528
v 99.172829 37.500000 121.624061
v 96.000000 37.500000 121.650000
v 0.000000 37.500000 121.650000
v 0.000000 37.500000 103.950000
v 37.159525 37.500000 103.950000
v 40.919345 37.500000 103.923049
v 44.516466 37.500000 103.735593
v 47.895428 37.500000 103.228017
v 49.397951 37.500000 102.830747
v 50.712591 37.500000 102.354436
v 51.870481 37.500000 101.803844
v 52.864595 37.500000 101.207347
v 53.657364 37.500000 100.624551
v 54.277902 37.500000 100.082423
v 55.216043 37.500000 99.075557
v 57.379783 37.500000 94.907784
v 57.763595 37.500000 93.402393
v 58.188014 37.500000 90.347559
v 58.330279 37.500000 87.215613
v 94.900000 10.000000 121.100000
v 95.047372 10.550000 121.100000
v 95.450000 10.952628 121.100000
v 96.000000 11.100000 121.100000
v 96.550000 10.952628 121.100000
v 96.952628 10.550000 121.100000
v 97.100000 10.000000 121.100000
v 96.952628 9.450000 121.100000
v 96.550000 9.047372 121.100000
v 96.000000 8.900000 121.100000
v 95.450000 9.047372 121.100000
v 95.047372 9.450000 121.100000
v 97.100000 10.000000 123.550000
v 96.952628 10.550000 123.550000
v 96.550000 10.952628 123.550000
v 96.000000 11.100000 123.550000
v 95.450000 10.952628 123.550000
v 95.047372 10.550000 123.550000
v 94.900000 10.000000 123.550000
v 95.047372 9.450000 123.550000
v 95.450000 9.047372 123.550000
v 96.000000 8.900000 123.550000
v 96.550000 9.047372 123.550000
v 96.952628 9.450000 123.550000
v 98.050000 10.000000 124.500000
v 97.775352 11.025000 124.500000
v 97.025000 11.775352 124.500000
v 96.000000 12.050000 124.500000
v 94.975000 11.775352 124.500000
v 94.224648 11.025000 124.500000
v 93.950000 10.000000 124.500000
v 94.224648 8.975000 124.500000
v 94.975000 8.224648 124.500000
v 96.000000 7.950000 124.500000
v 97.025000 8.224648 124.500000
v 97.775352 8.975000 124.500000
v 98.050000 10.000000 125.300000
v 97.775352 11.025000 125.300000
v 97.025000 11.775352 125.300000
v 96.000000 12.050000 125.300000
v 94.975000 11.775352 125.300000
v 94.224648 11.025000 125.300000
v 93.950000 10.000000 125.300000
v 94.224648 8.975000 125.300000
v 94.975000 8.224648 125.300000
v 96.000000 7.950000 125.300000
v 97.025000 8.224648 125.300000
v 97.775352 8.975000 125.300000
v 92.000000 10.000000 121.100000
v 92.270111 8.555033 121.100000
v 93.043964 7.305217 121.100000
v 94.217047 6.419347 121.100000
v 95.630927 6.017063 121.100000
v 97.094652 6.152697 121.100000
v 98.410539 6.807931 121.100000
v 99.400869 7.894271 121.100000
v 99.931892 9.265002 121.100000
v 99.931892 10.734998 121.100000
v 99.400869 12.105729 121.100000
v 98.410539 13.192069 121.100000
v 97.094652 13.847303 121.100000
v 95.630927 13.982937 121.100000
v 94.217047 13.580653 121.100000
v 93.043964 12.694783 121.100000
v 92.270111 11.444967 121.100000
v 97.368081 13.758770 125.300000
v 98.571150 13.064178 125.300000
v 99.464102 12.000000 125.300000
v 99.939231 10.694593 125.300000
v 99.939231 9.305407 125.300000
v 99.464102 8.000000 125.300000
v 98.571150 6.935822 125.300000
v 97.368081 6.241230 125.300000
v 0.000000 34.633333 125.300000
v -4.531514 34.335596 125.300000
v -8.985115 33.447503 125.300000
v -13.284228 31.984325 125.300000
v -17.354937 29.971218 125.300000
v -21.127250 27.442796 125.300000
v -24.536309 24.442531 125.300000
v -27.523497 21.022009 125.300000
v -30.037456 17.240041 125.300000
v -32.034960 13.161654 125.300000
v -33.481665 8.856969 125.300000
v 0.000000 34.933333 100.400000
v 0.000000 38.600000 103.150000
v -37.732873 9.037164 122.050000
v -36.360348 13.541238 122.050000
v -34.452346 17.845891 122.050000
v -32.036968 21.887729 122.050000
v -29.149783 25.607228 122.050000
v -25.833312 28.949611 122.050000
v -22.136395 31.865656 122.050000
v -18.113477 34.312417 122.050000
v -13.823803 36.253861 122.050000
v -9.330547 37.661398 122.050000
v -4.699881 38.514298 122.050000
v -4.699881 38.514298 103.550000
v -9.330547 37.661398 103.550000
v -13.823803 36.253861 103.550000
v -18.113477 34.312417 103.550000
v -22.136395 31.865656 103.550000
v -25.833312 28.949611 103.550000
v -29.149783 25.607228 103.550000
v -32.036968 21.887729 103.550000
v -34.452346 17.845891 103.550000
v -36.360348 13.541238 103.550000
v -37.732873 9.037164 103.550000
v 0.000000 34.933333 125.200000
v 0.000000 38.600000 122.450000
v -37.533494 9.010930 122.450000
v -36.166279 13.489264 122.450000
v -34.266879 17.769103 122.450000
v -31.863241 21.787470 122.450000
v -28.990736 25.485235 122.450000
v -25.691633 28.807985 122.450000
v -22.014477 31.706826 122.450000
v -18.013379 34.139100 122.450000
v -13.747214 36.069019 122.450000
v -9.278759 37.468182 122.450000
v -4.673767 38.316001 122.450000
v 0.000000 38.707462 122.339783
v 0.000000 38.776304 122.202100
v -37.679090 9.035083 122.273607
v -36.307547 13.531763 122.273607
v -34.401522 17.829242 122.273607
v -31.989073 21.864258 122.273607
v -29.105714 25.577411 122.273607
v -25.793892 28.914040 122.273607
v -22.102358 31.825027 122.273607
v -18.085457 34.267518 122.273607
v -13.802320 36.205559 122.273607
v -9.316000 37.610620 122.273607
v -4.692539 38.462016 122.273607
v 4.800000 38.747214 122.273607
v 9.600000 38.747214 122.273607
v 14.400000 38.747214 122.273607
v 19.200000 38.747214 122.273607
v 24.000000 38.747214 122.273607
v 28.800000 38.747214 122.273607
v 33.600000 38.747214 122.273607
v 38.400000 38.747214 122.273607
v 43.200000 38.747214 122.273607
v 48.000000 38.747214 122.273607
v 52.800000 38.747214 122.273607
v 57.600000 38.747214 122.273607
v 62.400000 38.747214 122.273607
v 67.200000 38.747214 122.273607
v 72.000000 38.747214 122.273607
v 76.800000 38.747214 122.273607
v 81.600000 38.747214 122.273607
v 86.400000 38.747214 122.273607
v 91.200000 38.747214 122.273607
v 0.000000 38.707462 103.260217
v 0.000000 38.776304 103.397900
v 32.514584 38.747214 103.326393
v 27.869644 38.747214 103.326393
v 23.224703 38.747214 103.326393
v 18.579762 38.747214 103.326393
v 13.934822 38.747214 103.326393
v 9.289881 38.747214 103.326393
v 4.644941 38.747214 103.326393
v -33.998396 -0.330232 100.300000
v -33.651642 -4.854583 100.300000
v -32.705505 -9.292466 100.300000
v -31.176837 -13.564838 100.300000
v -29.092866 -17.595601 100.300000
v -26.490710 -21.312961 100.300000
v -23.416717 -24.650708 100.300000
v -19.925639 -27.549390 100.300000
v -16.079658 -29.957380 100.300000
v -11.947275 -31.831786 100.300000
v -7.602095 -33.139224 100.300000
v -3.121510 -33.856405 100.300000
v 1.414673 -33.970556 100.300000
v 5.925658 -33.479644 100.300000
v 10.331099 -32.392412 100.300000
v 14.552529 -30.728226 100.300000
v 18.514758 -28.516727 100.300000
v 22.147213 -25.797305 100.300000
v 25.385195 -22.618397 100.300000
v 28.171031 -19.036623 100.300000
v 30.455101 -15.115780 100.300000
v 32.196723 -10.925704 100.300000
v 33.364876 -6.541026 100.300000
v 33.938754 -2.039843 100.300000
v 33.908135 2.497673 100.300000
v 33.273565 6.990701 100.300000
v 32.046345 11.359215 100.300000
v 30.248335 15.525406 100.300000
v 27.911559 19.415068 100.300000
v 25.077640 22.958919 100.300000
v 21.797052 26.093840 100.300000
v 18.128229 28.763994 100.300000
v 14.136516 30.921820 100.300000
v 9.893012 32.528884 100.300000
v 5.473299 33.556564 100.300000
v 0.956099 33.986554 100.300000
v -3.578130 33.811196 100.300000
v -8.048628 33.033613 100.300000
v -12.375768 31.667655 100.300000
v -16.482479 29.737651 100.300000
v -20.295613 27.277978 100.300000
v -23.747254 24.332446 100.300000
v -26.775923 20.953519 100.300000
v -29.327675 17.201380 100.300000
v -31.357060 13.142860 100.300000
v -32.827932 8.850248 100.300000
v -33.481665 8.856969 100.300000
v -32.034960 13.161654 100.300000
v -30.037456 17.240041 100.300000
v -27.523497 21.022009 100.300000
v -24.536309 24.442531 100.300000
v -21.127250 27.442796 100.300000
v -17.354937 29.971218 100.300000
v -13.284228 31.984325 100.300000
v -8.985115 33.447503 100.300000
v -4.531514 34.335596 100.300000
v 0.000000 34.633333 100.300000
v -33.780605 8.899917 125.200000
v -32.324386 13.246579 125.200000
v -30.311546 17.365137 125.200000
v -27.776745 21.184669 125.200000
v -24.763633 24.639405 125.200000
v -21.324094 27.669853 125.200000
v -17.517358 30.223831 125.200000
v -13.408975 32.257358 125.200000
v -9.069692 33.735419 125.200000
v -4.574230 34.632560 125.200000
v 0.000000 34.739763 100.311459
v 0.000000 34.841314 100.345309
v 3.378139 34.791447 100.325658
v 6.756277 34.791447 100.325658
v 10.134416 34.791447 100.325658
v 13.512555 34.791447 100.325658
v 16.890693 34.791447 100.325658
v 20.268832 34.791447 100.325658
v 23.646970 34.791447 100.325658
v 27.025109 34.791447 100.325658
v 30.403248 34.791447 100.325658
v 33.781386 34.791447 100.325658
v 0.000000 34.841314 125.254691
v 0.000000 34.739763 125.288541
v 92.571429 34.791447 125.274342
v 89.142857 34.791447 125.274342
v 85.714286 34.791447 125.274342
v 82.285714 34.791447 125.274342
v 78.857143 34.791447 125.274342
v 75.428571 34.791447 125.274342
v 72.000000 34.791447 125.274342
v 68.571429 34.791447 125.274342
v 65.142857 34.791447 125.274342
v 61.714286 34.791447 125.274342
v 58.285714 34.791447 125.274342
v 54.857143 34.791447 125.274342
v 51.428571 34.791447 125.274342
v 48.000000 34.791447 125.274342
v 44.571429 34.791447 125.274342
v 41.142857 34.791447 125.274342
v 37.714286 34.791447 125.274342
v 34.285714 34.791447 125.274342
v 30.857143 34.791447 125.274342
v 27.428571 34.791447 125.274342
v 24.000000 34.791447 125.274342
v 20.571429 34.791447 125.274342
v 17.142857 34.791447 125.274342
v 13.714286 34.791447 125.274342
v 10.285714 34.791447 125.274342
v 6.857143 34.791447 125.274342
v 3.428571 34.791447 125.274342
v -31.835542 14.033641 125.274342
v -21.716712 27.181413 125.274342
v -9.912058 33.349601 125.274342
v -33.933106 7.680439 125.274342
v -33.037396 10.907578 125.274342
v -28.560681 19.867871 125.274342
v -30.338680 17.029659 125.274342
v -26.518022 22.521974 125.274342
v -24.229630 24.967375 125.274342
v -19.002554 29.143571 125.274342
v -16.112306 30.835667 125.274342
v -13.072752 32.242022 125.274342
v -6.659512 34.148143 125.274342
v -3.345256 34.630248 125.274342
v 37.159525 34.366667 101.600000
v 41.649279 34.366667 101.550901
v 43.777644 34.366667 101.436175
v 45.791882 34.366667 101.217662
v 47.674194 34.366667 100.865421
v 49.406826 34.366667 100.345246
v 50.971982 34.366667 99.617791
v 52.347594 34.366667 98.655521
v 53.500393 34.366667 97.462697
v 54.401875 34.366667 96.050744
v 55.064132 34.366667 94.443475
v 55.515216 34.366667 92.668429
v 55.791376 34.366667 90.736423
v 55.935641 34.366667 88.644457
v 55.990996 34.366667 86.394844
v 53.496523 35.933222 99.204485
v 50.257858 35.933222 101.272273
v 55.182431 35.933222 97.064183
v 55.807142 35.933222 95.811251
v 54.386342 35.933222 98.232917
v 52.483757 35.933222 100.042123
v 51.383638 35.933222 100.731355
v 47.985730 35.933222 102.001172
v 45.627449 35.933222 102.430452
v 41.450350 35.933222 102.732918
v 56.612560 35.933222 93.166144
v 56.901076 35.933222 91.398509
v 57.064896 35.933222 89.573066
v 57.171833 35.933222 85.758763
v 111.769708 35.932634 121.164408
v 122.036563 35.932634 116.527571
v 134.529912 35.932634 93.080430
v 134.813157 35.932634 87.043216
v 101.346606 35.932634 122.723893
v 98.382038 35.932634 122.813640
v 104.612678 35.932634 122.475184
v 108.111812 35.932634 121.983336
v 118.825795 35.932634 118.450268
v 115.391632 35.932634 119.990105
v 124.952015 35.932634 114.229776
v 127.511159 35.932634 111.583803
v 129.686285 35.932634 108.610383
v 131.445953 35.932634 105.372443
v 132.725080 35.932634 102.125691
v 133.606829 35.932634 98.977326
v 134.175692 35.932634 95.994854
v 134.726078 35.932634 90.218121
v 0.000000 34.366667 101.600000
v -4.673767 38.316001 103.150000
v -9.278759 37.468182 103.150000
v -13.747214 36.069019 103.150000
v -18.013379 34.139100 103.150000
v -22.014477 31.706826 103.150000
v -25.691633 28.807985 103.150000
v -28.990736 25.485235 103.150000
v -31.863241 21.787470 103.150000
v -34.266879 17.769103 103.150000
v -36.166279 13.489264 103.150000
v -37.533494 9.010930 103.150000
v -37.679090 9.035083 103.326393
v -36.307547 13.531763 103.326393
v -34.401522 17.829242 103.326393
v -31.989073 21.864258 103.326393
v -29.105714 25.577411 103.326393
v -25.793892 28.914040 103.326393
v -22.102358 31.825027 103.326393
v -18.085457 34.267518 103.326393
v -13.802320 36.205559 103.326393
v -9.316000 37.610620 103.326393
v -4.692539 38.462016 103.326393
v -4.574230 34.632560 100.400000
v -9.069692 33.735419 100.400000
v -13.408975 32.257358 100.400000
v -17.517358 30.223831 100.400000
v -21.324094 27.669853 100.400000
v -24.763633 24.639405 100.400000
v -27.776745 21.184669 100.400000
v -30.311546 17.365137 100.400000
v -32.324386 13.246579 100.400000
v -33.780605 8.899917 100.400000
v -9.912058 33.349601 100.325658
v -24.229630 24.967375 100.325658
v -21.716712 27.181413 100.325658
v -31.835542 14.033641 100.325658
v -33.933106 7.680439 100.325658
v -33.037396 10.907578 100.325658
v -30.338680 17.029659 100.325658
v -28.560681 19.867871 100.325658
v -26.518022 22.521974 100.325658
v -19.002554 29.143571 100.325658
v -16.112306 30.835667 100.325658
v -13.072752 32.242022 100.325658
v -6.659512 34.148143 100.325658
v -3.345256 34.630248 100.325658
v -32.109811 -11.178553 101.600000
v -31.083768 -13.776770 101.600000
v -29.847896 -16.281988 101.600000
v -28.410538 -18.677295 101.600000
v -26.781396 -20.946523 101.600000
v -24.971469 -23.074352 101.600000
v -22.992974 -25.046420 101.600000
v -20.859266 -26.849414 101.600000
v -18.584749 -28.471162 101.600000
v -16.184778 -29.900719 101.600000
v -13.675552 -31.128432 101.600000
v -11.074010 -32.146015 101.600000
v -8.397714 -32.946599 101.600000
v -5.664730 -33.524779 101.600000
v -2.893506 -33.876653 101.600000
v -0.102750 -33.999845 101.600000
v 2.688699 -33.893523 101.600000
v 5.461999 -33.558405 101.600000
v 8.198428 -32.996754 101.600000
v 10.879514 -32.212361 101.600000
v 13.487159 -31.210520 101.600000
v 16.003759 -29.997995 101.600000
v 18.412327 -28.582970 101.600000
v 20.696605 -26.974999 101.600000
v 22.841171 -25.184934 101.600000
v 24.831549 -23.224861 101.600000
v 26.654304 -21.108009 101.600000
v 28.297131 -18.848670 101.600000
v 29.748941 -16.462094 101.600000
v 30.999932 -13.964392 101.600000
v 32.041660 -11.372424 101.600000
v 32.867093 -8.703687 101.600000
v 33.470660 -5.976197 101.600000
v 33.848285 -3.208365 101.600000
v 33.997420 -0.418875 101.600000
v 33.917057 2.373442 101.600000
v 33.607740 5.149738 101.600000
v 33.071556 7.891271 101.600000
v 32.312126 10.579534 101.600000
v 31.334574 13.196381 101.600000
v 30.145501 15.724147 101.600000
v 28.752932 18.145768 101.600000
v 27.166269 20.444897 101.600000
v 25.396222 22.606015 101.600000
v 23.454740 24.614532 101.600000
v 21.354928 26.456891 101.600000
v 19.110961 28.120654 101.600000
v 16.737987 29.594591 101.600000
v 14.252024 30.868751 101.600000
v 11.669855 31.934534 101.600000
v 9.008908 32.784746 101.600000
v 6.287148 33.413646 101.600000
v 3.522947 33.816991 101.600000
v 0.734964 33.992055 101.600000
v -2.057980 33.937659 101.600000
v -4.837032 33.654169 101.600000
v -7.583432 33.143500 101.600000
v -10.278640 32.409097 101.600000
v -12.904463 31.455919 101.600000
v -15.443175 30.290400 101.600000
v -17.877640 28.920408 101.600000
v -20.191422 27.355191 101.600000
v -22.368904 25.605314 101.600000
v -24.395387 23.682591 101.600000
v -4.326776 34.093207 101.600000
v -8.584694 33.277181 101.600000
v -12.705994 31.931575 101.600000
v -16.625088 30.077803 101.600000
v -20.279607 27.745366 101.600000
v -23.611392 24.971383 101.600000
v -4.444667 37.235667 103.950000
v -8.826675 36.446396 103.950000
v -13.084247 35.143314 103.950000
v -17.157360 33.344790 103.950000
v -20.988593 31.076180 103.950000
v -24.523935 28.369466 103.950000
v -27.713545 25.262807 103.950000
v -4.444667 37.235667 121.650000
v -8.826675 36.446396 121.650000
v -13.084247 35.143314 121.650000
v -17.157360 33.344790 121.650000
v -20.988593 31.076180 121.650000
v -24.523935 28.369466 121.650000
v -27.713545 25.262807 121.650000
vt 8.674524 1.120453 0.000000
vt 8.504524 1.120453 0.000000
vt 8.674524 1.080453 0.000000
vt 8.504524 1.080453 0.000000
vt 0.320825 -0.000000 0.000000
vt 0.000105 0.000000 0.000000
vt 0.320825 -0.020000 0.000000
vt 0.000104 -0.020000 0.000000
vt -0.299723 -1.313323 0.000000
vt -0.124429 -1.026003 0.000000
vt -0.299723 -0.992602 0.000000
vt -0.157501 -0.699192 0.000000
vt -0.059580 -0.429306 0.000000
vt 0.018182 -0.718702 0.000000
vt 0.018993 -0.131913 0.000000
vt 0.128124 -0.394870 0.000000
vt 0.082921 0.244520 0.000000
vt 0.207289 -0.058712 0.000000
vt 0.259052 0.284970 0.000000
vt 0.116004 0.614546 0.000000
vt 0.287198 0.631357 0.000000
vt 0.128402 0.972540 0.000000
vt 0.300277 1.312874 0.000000
vt 0.130277 1.312874 0.000000
vt 0.000000 0.041918 0.000000
vt -0.377351 0.041918 0.000000
vt 0.000000 0.001918 0.000000
vt -0.377351 0.001918 0.000000
vt -0.754703 0.041918 0.000000
vt -0.754703 0.001918 0.000000
vt -1.132054 0.041918 0.000000
vt -1.132054 0.001918 0.000000
vt -1.509406 0.041918 0.000000
vt -1.509406 0.001918 0.000000
vt -1.804075 0.041918 0.000000
vt -1.804075 0.001918 0.000000
vt -2.044063 0.041918 0.000000
vt -2.044063 0.001918 0.000000
vt -2.284052 0.021918 0.000000
vt -2.284052 0.001918 0.000000
vt -2.284052 0.041918 0.000000
vt 0.000105 0.000000 0.000000
vt 0.320825 -0.000000 0.000000
vt 0.000106 0.020000 0.000000
vt 0.320825 0.020000 0.000000
vt 0.299723 -1.313321 0.000000
vt 0.299723 -0.992602 0.000000
vt 0.124429 -1.026001 0.000000
vt 0.157501 -0.699192 0.000000
vt 0.059580 -0.429306 0.000000
vt -0.018182 -0.718700 0.000000
vt -0.018993 -0.131913 0.000000
vt -0.128123 -0.394868 0.000000
vt -0.082921 0.244520 0.000000
vt -0.207289 -0.058711 0.000000
vt -0.259051 0.284971 0.000000
vt -0.116004 0.614546 0.000000
vt -0.287197 0.631357 0.000000
vt -0.128402 0.972540 0.000000
vt -0.300277 1.312874 0.000000
vt -0.130277 1.312874 0.000000
vt 2.701865 0.766667 0.000000
vt 2.701864 0.746667 0.000000
vt 2.702739 0.746743 0.000000
vt 2.723336 0.668444 0.000000
vt 2.478415 0.000000 0.000000
vt 2.765887 0.598847 0.000000
vt 2.891484 0.000000 0.000000
vt 2.893127 0.487296 0.000000
vt 3.063925 0.407483 0.000000
vt 3.304553 0.000000 0.000000
vt 3.251693 0.369299 0.000000
vt 3.442052 0.378209 0.000000
vt 3.717622 0.000000 0.000000
vt 3.533856 0.403040 0.000000
vt 3.619732 0.443072 0.000000
vt 3.695762 0.498902 0.000000
vt 3.757424 0.570187 0.000000
vt 4.130692 0.000000 0.000000
vt 3.799522 0.654313 0.000000
vt 3.818482 0.746667 0.000000
vt 3.817897 0.746702 0.000000
vt 3.818336 0.756671 0.000000
vt 3.818483 0.766667 0.000000
vt 2.364131 0.746667 0.000000
vt 2.065346 0.000000 0.000000
vt 2.026398 0.746667 0.000000
vt 1.652277 0.000000 0.000000
vt 1.688665 0.746667 0.000000
vt 1.350932 0.746667 0.000000
vt 1.239207 0.000000 0.000000
vt 1.013199 0.746667 0.000000
vt 0.826138 0.000000 0.000000
vt 0.675466 0.746667 0.000000
vt 0.413069 0.000000 0.000000
vt 0.000000 0.746667 0.000000
vt 0.000000 0.000000 0.000000
vt 4.167310 0.746667 0.000000
vt 4.543761 0.000000 0.000000
vt 4.516138 0.746667 0.000000
vt 4.864966 0.746667 0.000000
vt 4.956830 0.000000 0.000000
vt 5.213794 0.746667 0.000000
vt 5.369899 0.000000 0.000000
vt 5.562623 0.746667 0.000000
vt 5.782968 0.000000 0.000000
vt 5.911451 0.746667 0.000000
vt 6.196037 0.000000 0.000000
vt 6.260279 0.746667 0.000000
vt 6.609107 0.000000 0.000000
vt 6.609107 0.746667 0.000000
vt 0.404448 -0.000000 0.000000
vt 0.000000 0.000000 0.000000
vt 0.404448 -0.020000 0.000000
vt -0.000000 -0.020000 0.000000
vt 1.770000 -0.000000 0.000000
vt -0.000000 0.000000 0.000000
vt 1.770000 -0.020000 0.000000
vt -0.000000 -0.020000 0.000000
vt 0.404448 0.000000 0.000000
vt 0.000000 0.000000 0.000000
vt 0.404448 -0.020000 0.000000
vt 0.000000 -0.020000 0.000000
vt 0.985694 -0.000000 0.000000
vt 0.985693 0.020000 0.000000
vt 0.000000 0.000000 0.000000
vt -0.000000 0.020000 0.000000
vt -7.524825 1.120203 0.000000
vt -7.531594 1.120203 0.000000
vt -7.524825 1.053593 0.000000
vt -7.563552 1.120203 0.000000
vt -7.892722 0.885203 0.000000
vt -7.892722 -0.884797 0.000000
vt -7.652722 -0.757714 0.000000
vt -7.652722 0.899060 0.000000
vt -7.428328 -0.949797 0.000000
vt -7.563552 -1.119797 0.000000
vt 5.292316 -1.119797 0.000000
vt 5.292316 -0.949797 0.000000
vt 5.574598 -1.117870 0.000000
vt 5.887255 -1.106687 0.000000
vt 6.220714 -1.078166 0.000000
vt 5.331881 -0.944479 0.000000
vt 6.565681 -1.025826 0.000000
vt 5.406623 -0.928465 0.000000
vt 5.512516 -0.901665 0.000000
vt 6.913355 -0.945941 0.000000
vt 5.645535 -0.863988 0.000000
vt 5.801654 -0.815344 0.000000
vt 7.255066 -0.835178 0.000000
vt 5.976848 -0.755643 0.000000
vt 6.167092 -0.684794 0.000000
vt 7.583478 -0.691996 0.000000
vt 6.368360 -0.602707 0.000000
vt 7.892316 -0.516291 0.000000
vt 6.787866 -0.404457 0.000000
vt 7.203163 -0.160170 0.000000
vt 7.399170 -0.020537 0.000000
vt 7.582048 0.130876 0.000000
vt 7.747772 0.294159 0.000000
vt 7.892316 0.469403 0.000000
vt 0.038727 -0.000000 0.000000
vt 0.036456 -0.006662 0.000000
vt 0.038727 -0.020000 0.000000
vt 0.034200 -0.013329 0.000000
vt 0.031958 -0.020000 0.000000
vt 0.000000 0.000000 0.000000
vt 0.000000 -0.020000 0.000000
vt 0.985694 -0.000000 0.000000
vt 0.985695 -0.020000 0.000000
vt 3.574357 0.000000 0.000000
vt 3.574357 0.020000 0.000000
vt 3.350960 0.000000 0.000000
vt 3.350960 0.040000 0.000000
vt 3.127563 0.040000 0.000000
vt 3.574357 0.040000 0.000000
vt 3.127563 0.000000 0.000000
vt 2.904165 0.040000 0.000000
vt 2.904165 0.000000 0.000000
vt 2.680768 0.040000 0.000000
vt 2.680768 0.000000 0.000000
vt 2.233973 0.040000 0.000000
vt 2.233973 0.000000 0.000000
vt 1.787179 0.040000 0.000000
vt 1.787179 0.000000 0.000000
vt 1.563781 0.040000 0.000000
vt 1.563781 0.000000 0.000000
vt 1.340384 0.040000 0.000000
vt 1.340384 0.000000 0.000000
vt 1.116987 0.040000 0.000000
vt 1.116987 0.000000 0.000000
vt 0.893589 0.040000 0.000000
vt 0.893589 0.000000 0.000000
vt 0.670192 0.040000 0.000000
vt 0.670192 0.000000 0.000000
vt 0.446795 0.040000 0.000000
vt 0.446795 0.000000 0.000000
vt 0.223397 0.040000 0.000000
vt 0.223397 0.000000 0.000000
vt 0.000000 0.040000 0.000000
vt 0.000000 0.000000 0.000000
vt 12.720644 0.020000 0.000000
vt 0.000000 0.020000 0.000000
vt 12.720644 -0.020000 0.000000
vt -0.000000 -0.020000 0.000000
vt 0.295379 0.020000 0.000000
vt 0.000000 0.020000 0.000000
vt 0.295379 -0.020000 0.000000
vt -0.000000 -0.020000 0.000000
vt 1.656774 0.020000 0.000000
vt 0.000000 0.020000 0.000000
vt 1.656774 -0.020000 0.000000
vt -0.000000 -0.020000 0.000000
vt 0.200594 0.020000 0.000000
vt -0.000000 0.020000 0.000000
vt 0.200594 -0.020000 0.000000
vt 0.000000 -0.020000 0.000000
vt 0.000000 -0.020000 0.000000
vt 0.066609 -0.020000 0.000000
vt 0.000000 0.000000 0.000000
vt 0.066609 0.020000 0.000000
vt -0.000000 0.020000 0.000000
vt 7.556726 1.120203 0.000000
vt 7.524825 1.053593 0.000000
vt 7.886524 0.885203 0.000000
vt 7.652722 0.899060 0.000000
vt 7.652722 -0.757714 0.000000
vt 7.524825 1.120203 0.000000
vt 7.886524 -0.884797 0.000000
vt 7.428328 -0.949797 0.000000
vt 7.556726 -1.119797 0.000000
vt -5.292316 -1.119797 0.000000
vt -5.292316 -0.949797 0.000000
vt -5.574598 -1.117870 0.000000
vt -5.887256 -1.106686 0.000000
vt -6.220714 -1.078165 0.000000
vt -5.331881 -0.944479 0.000000
vt -6.565681 -1.025824 0.000000
vt -5.406623 -0.928465 0.000000
vt -5.512516 -0.901665 0.000000
vt -6.913355 -0.945939 0.000000
vt -5.645535 -0.863988 0.000000
vt -5.801654 -0.815344 0.000000
vt -7.255066 -0.835176 0.000000
vt -5.976848 -0.755643 0.000000
vt -6.167092 -0.684794 0.000000
vt -7.583478 -0.691994 0.000000
vt -6.368360 -0.602707 0.000000
vt -7.892316 -0.516290 0.000000
vt -6.787866 -0.404457 0.000000
vt -7.203163 -0.160170 0.000000
vt -7.399170 -0.020537 0.000000
vt -7.582048 0.130876 0.000000
vt -7.747772 0.294159 0.000000
vt -7.892316 0.469403 0.000000
vt 0.185000 1.089841 0.000000
vt 0.185000 1.521165 0.000000
vt -0.206667 1.192845 0.000000
vt -0.206667 1.646057 0.000000
vt 0.185000 1.952489 0.000000
vt -0.206667 2.099269 0.000000
vt 0.185000 2.383813 0.000000
vt -0.206667 2.552481 0.000000
vt 0.185000 2.815137 0.000000
vt -0.206667 3.005694 0.000000
vt 0.185000 3.246462 0.000000
vt -0.206667 3.458906 0.000000
vt 0.185000 3.677786 0.000000
vt -0.206667 3.912118 0.000000
vt 0.185000 4.109110 0.000000
vt -0.206667 4.365330 0.000000
vt 0.185000 4.540434 0.000000
vt -0.206667 4.818542 0.000000
vt 0.185000 4.971758 0.000000
vt -0.206667 5.271754 0.000000
vt 0.185000 5.403082 0.000000
vt -0.206667 5.724966 0.000000
vt 0.185000 5.834406 0.000000
vt -0.206667 6.178178 0.000000
vt 0.185000 6.265730 0.000000
vt -0.206667 6.631391 0.000000
vt 0.185000 6.697055 0.000000
vt -0.206667 7.084603 0.000000
vt 0.185000 7.128379 0.000000
vt -0.206667 7.537815 0.000000
vt 0.185000 7.559703 0.000000
vt -0.206667 7.991027 0.000000
vt 0.185000 7.991027 0.000000
vt 2.135000 -1.137357 0.000000
vt 0.365000 -1.137357 0.000000
vt 2.135000 -1.587487 0.000000
vt 0.365000 -1.587487 0.000000
vt 0.365000 -2.037616 0.000000
vt 2.135000 -2.037616 0.000000
vt 0.365000 -2.487746 0.000000
vt 2.135000 -2.487746 0.000000
vt 0.365000 -2.937875 0.000000
vt 2.135000 -2.937875 0.000000
vt 0.365000 -3.388005 0.000000
vt 2.135000 -3.388005 0.000000
vt 0.365000 -3.838134 0.000000
vt 2.135000 -3.838134 0.000000
vt 0.365000 -4.288264 0.000000
vt 2.135000 -4.288264 0.000000
vt 0.365000 -4.738394 0.000000
vt 2.135000 -4.738394 0.000000
vt 0.365000 -5.188523 0.000000
vt 2.135000 -5.188523 0.000000
vt 0.365000 -5.638653 0.000000
vt 2.135000 -5.638653 0.000000
vt 0.365000 -6.088782 0.000000
vt 2.135000 -6.088782 0.000000
vt 0.365000 -6.538912 0.000000
vt 2.135000 -6.538912 0.000000
vt 0.365000 -6.989041 0.000000
vt 2.135000 -6.989041 0.000000
vt 0.365000 -7.439171 0.000000
vt 2.135000 -7.439171 0.000000
vt 0.365000 -7.889300 0.000000
vt 2.135000 -7.889300 0.000000
vt 2.135000 -8.339430 0.000000
vt 0.365000 -8.339430 0.000000
vt 0.185000 -1.089841 0.000000
vt -0.206667 -1.192845 0.000000
vt 0.185000 -1.521165 0.000000
vt -0.206667 -1.646057 0.000000
vt 0.185000 -1.952489 0.000000
vt -0.206667 -2.099269 0.000000
vt 0.185000 -2.383813 0.000000
vt -0.206667 -2.552481 0.000000
vt 0.185000 -2.815137 0.000000
vt -0.206667 -3.005694 0.000000
vt 0.185000 -3.246462 0.000000
vt -0.206667 -3.458906 0.000000
vt 0.185000 -3.677786 0.000000
vt -0.206667 -3.912118 0.000000
vt 0.185000 -4.109110 0.000000
vt -0.206667 -4.365330 0.000000
vt 0.185000 -4.540434 0.000000
vt -0.206667 -4.818542 0.000000
vt 0.185000 -4.971758 0.000000
vt -0.206667 -5.271754 0.000000
vt 0.185000 -5.403082 0.000000
vt -0.206667 -5.724966 0.000000
vt 0.185000 -5.834406 0.000000
vt -0.206667 -6.178178 0.000000
vt 0.185000 -6.265730 0.000000
vt -0.206667 -6.631391 0.000000
vt 0.185000 -6.697055 0.000000
vt -0.206667 -7.084603 0.000000
vt 0.185000 -7.128379 0.000000
vt -0.206667 -7.537815 0.000000
vt 0.185000 -7.559703 0.000000
vt -0.206667 -7.991027 0.000000
vt 0.185000 -7.991027 0.000000
vt 4.675000 1.120000 0.000000
vt -0.606840 1.869048 0.000000
vt -8.174043 1.120000 0.000000
vt -0.968326 1.889040 0.000000
vt -8.007348 1.519806 0.000000
vt -1.360605 1.946074 0.000000
vt -1.564315 1.994786 0.000000
vt 4.675000 1.866667 0.000000
vt -0.288913 1.866667 0.000000
vt -7.791685 1.895467 0.000000
vt -1.768429 2.059660 0.000000
vt -1.955659 2.135785 0.000000
vt -2.124450 2.220064 0.000000
vt -7.530480 2.241016 0.000000
vt -2.276419 2.309470 0.000000
vt -2.412572 2.400693 0.000000
vt -7.227882 2.550963 0.000000
vt -2.644760 2.577172 0.000000
vt -2.836837 2.729515 0.000000
vt -6.888700 2.820383 0.000000
vt -3.196774 2.970507 0.000000
vt -6.518321 3.044997 0.000000
vt -3.584167 3.164308 0.000000
vt -6.122629 3.221236 0.000000
vt -3.992861 3.307839 0.000000
vt -5.707911 3.346301 0.000000
vt -4.416364 3.398819 0.000000
vt -5.280755 3.418204 0.000000
vt -4.847948 3.435803 0.000000
vt 0.000000 0.069834 0.000000
vt -0.375045 0.074317 0.000000
vt 0.000000 0.014787 0.000000
vt -0.414007 0.020394 0.000000
vt -0.775108 0.095662 0.000000
vt -0.838864 0.046052 0.000000
vt -1.192643 0.147257 0.000000
vt -1.265027 0.104083 0.000000
vt -1.620109 0.242491 0.000000
vt -1.683169 0.203465 0.000000
vt -1.862350 0.320195 0.000000
vt -2.084418 0.350014 0.000000
vt -2.131084 0.431244 0.000000
vt -2.460604 0.546582 0.000000
vt -2.416525 0.583952 0.000000
vt -2.708888 0.786635 0.000000
vt -2.804498 0.793237 0.000000
vt -2.922462 0.972639 0.000000
vt -2.962392 0.934654 0.000000
vt -3.115577 1.177206 0.000000
vt -3.110050 1.087455 0.000000
vt -3.288356 1.399117 0.000000
vt -3.372638 1.424311 0.000000
vt -3.440926 1.637153 0.000000
vt -3.589303 1.796662 0.000000
vt -3.587317 1.919791 0.000000
vt -3.707119 2.213632 0.000000
vt -3.758994 2.195342 0.000000
vt -3.802095 2.516533 0.000000
vt -3.882809 2.609345 0.000000
vt -3.874009 2.826352 0.000000
vt -3.964236 3.026018 0.000000
vt -3.932456 3.204620 0.000000
vt -4.009396 3.431246 0.000000
vt -3.962415 3.555998 0.000000
vt -4.027281 3.809643 0.000000
vt -3.973407 3.872124 0.000000
vt -4.030000 4.144740 0.000000
vt -3.974955 4.144633 0.000000
vt -3.974955 17.169612 0.000000
vt -3.739934 17.486091 0.000000
vt -3.745000 17.581822 0.000000
vt -4.020000 17.212734 0.000000
vt -4.030000 17.182512 0.000000
vt -4.027395 17.198494 0.000000
vt -3.727307 17.596635 0.000000
vt -3.702679 17.536212 0.000000
vt -3.705000 17.601941 0.000000
vt -1.857321 17.536212 0.000000
vt -1.855000 17.601941 0.000000
vt -1.832693 17.596635 0.000000
vt -1.815000 17.581822 0.000000
vt -1.622259 17.219763 0.000000
vt -1.540000 17.212734 0.000000
vt -1.585045 17.169612 0.000000
vt -1.585045 17.118699 0.000000
vt -1.530000 17.118699 0.000000
vt -1.530000 17.182512 0.000000
vt -1.532605 17.198494 0.000000
vt -5.670610 0.000000 0.000000
vt -5.300421 0.000000 0.000000
vt -5.670610 0.080000 0.000000
vt -5.300421 0.080000 0.000000
vt -4.930232 0.000000 0.000000
vt -4.930232 0.080000 0.000000
vt -4.560043 0.000000 0.000000
vt -4.560043 0.080000 0.000000
vt -4.189854 0.000000 0.000000
vt -4.189854 0.080000 0.000000
vt -3.906613 0.000000 0.000000
vt -3.906613 0.080000 0.000000
vt -3.623372 0.000000 0.000000
vt -3.623372 0.080000 0.000000
vt -3.340131 0.000000 0.000000
vt -3.340131 0.080000 0.000000
vt -3.056890 0.000000 0.000000
vt -3.056890 0.080000 0.000000
vt -2.738338 0.000000 0.000000
vt -2.738338 0.080000 0.000000
vt -2.419786 0.000000 0.000000
vt -2.419786 0.080000 0.000000
vt -2.101234 0.000000 0.000000
vt -2.101234 0.080000 0.000000
vt -1.782682 0.000000 0.000000
vt -1.782682 0.080000 0.000000
vt -1.386306 0.000000 0.000000
vt -1.386306 0.080000 0.000000
vt -0.989929 0.000000 0.000000
vt -0.989929 0.080000 0.000000
vt -0.593553 0.000000 0.000000
vt -0.593553 0.080000 0.000000
vt -0.197177 0.000000 0.000000
vt -0.197177 0.080000 0.000000
vt 0.000000 -0.040000 0.000000
vt 0.062451 -0.040000 0.000000
vt -0.000000 0.040000 0.000000
vt 0.062451 0.040000 0.000000
vt -0.000000 -0.040000 0.000000
vt 0.062451 -0.040000 0.000000
vt 0.000000 0.040000 0.000000
vt 0.062451 0.040000 0.000000
vt -0.000000 0.061837 0.000000
vt -0.026638 0.057984 0.000000
vt -0.000000 0.000000 0.000000
vt -0.053305 0.054343 0.000000
vt -0.080000 0.000000 0.000000
vt -0.080000 0.050912 0.000000
vt 0.408692 0.080000 0.000000
vt 0.014688 0.080000 0.000000
vt 0.408692 0.000000 0.000000
vt 0.014688 0.000000 0.000000
vt -0.080000 0.000000 0.000000
vt -0.000000 -0.000000 0.000000
vt -0.080000 1.845358 0.000000
vt 0.000000 1.845358 0.000000
vt 0.394013 0.080000 0.000000
vt 0.000000 0.080000 0.000000
vt 0.394013 0.000000 0.000000
vt 0.000000 0.000000 0.000000
vt -0.080000 -0.000000 0.000000
vt 0.000000 0.000000 0.000000
vt -0.080000 13.024979 0.000000
vt 0.000000 13.024979 0.000000
vt -3.313283 0.080000 0.000000
vt -3.724769 0.080000 0.000000
vt -3.313283 0.000000 0.000000
vt -3.724769 0.000000 0.000000
vt -4.136255 0.080000 0.000000
vt -4.136255 0.000000 0.000000
vt -4.547740 0.080000 0.000000
vt -4.547740 0.000000 0.000000
vt -4.959226 0.080000 0.000000
vt -4.959226 0.000000 0.000000
vt -0.105707 9.416667 0.000000
vt -0.105707 11.730000 0.000000
vt -0.530726 9.416667 0.000000
vt -0.531459 11.730000 0.000000
vt -0.945744 9.416667 0.000000
vt -0.957211 11.730000 0.000000
vt -1.357915 9.416667 0.000000
vt -1.382964 11.730000 0.000000
vt -1.771013 9.416667 0.000000
vt -1.808716 11.730000 0.000000
vt -2.187193 9.416667 0.000000
vt -2.234468 11.730000 0.000000
vt -2.606843 9.416667 0.000000
vt -2.660220 11.730000 0.000000
vt -3.027768 9.416667 0.000000
vt -3.085973 11.730000 0.000000
vt -3.298849 11.730000 0.000000
vt -3.448328 9.416667 0.000000
vt -3.511725 11.730000 0.000000
vt -3.866395 9.416667 0.000000
vt -3.937477 11.730000 0.000000
vt -4.280192 9.416667 0.000000
vt -4.363230 11.730000 0.000000
vt -4.690963 9.416667 0.000000
vt -4.788982 11.730000 0.000000
vt -5.101102 9.416667 0.000000
vt -5.214734 11.730000 0.000000
vt -5.515813 9.416667 0.000000
vt -5.640486 11.730000 0.000000
vt -5.943974 9.416667 0.000000
vt -6.066239 11.730000 0.000000
vt -6.400403 9.416667 0.000000
vt -6.491991 11.730000 0.000000
vt -6.917743 9.416667 0.000000
vt -6.917743 11.730000 0.000000
vt 8.362772 -0.420000 0.000000
vt 0.825000 -0.205000 0.000000
vt -4.675000 -0.420000 0.000000
vt -4.075000 -0.205000 0.000000
vt -4.177500 -0.177535 0.000000
vt 8.388201 0.030239 0.000000
vt 1.002535 -0.102500 0.000000
vt 0.927500 -0.177535 0.000000
vt 8.354914 0.479965 0.000000
vt 1.002535 0.102500 0.000000
vt 1.030000 0.000000 0.000000
vt 0.927500 0.177535 0.000000
vt 8.263475 0.921554 0.000000
vt 8.115434 1.347519 0.000000
vt 7.913302 1.750637 0.000000
vt 1.649237 2.047995 0.000000
vt 1.316079 1.964278 0.000000
vt 0.825000 0.205000 0.000000
vt 0.975630 1.916699 0.000000
vt 0.632306 1.896633 0.000000
vt 1.969635 2.172166 0.000000
vt 7.660505 2.124074 0.000000
vt 2.270980 2.337463 0.000000
vt 7.361329 2.461499 0.000000
vt 2.551030 2.537621 0.000000
vt 2.820634 2.750695 0.000000
vt 7.020847 2.757191 0.000000
vt 3.195878 3.000802 0.000000
vt 6.644831 3.006137 0.000000
vt 3.600438 3.200033 0.000000
vt 6.239657 3.204115 0.000000
vt 4.027455 3.345010 0.000000
vt 5.812193 3.347770 0.000000
vt 4.469689 3.433274 0.000000
vt 5.369688 3.434666 0.000000
vt 4.919643 3.463329 0.000000
vt 0.288913 1.893333 0.000000
vt -4.075000 0.205000 0.000000
vt 0.722500 0.177535 0.000000
vt -3.972500 0.177535 0.000000
vt 0.647465 0.102500 0.000000
vt -3.897465 0.102500 0.000000
vt 0.620000 0.000000 0.000000
vt -3.870000 -0.000000 0.000000
vt 0.647465 -0.102500 0.000000
vt -3.897465 -0.102500 0.000000
vt 0.722500 -0.177535 0.000000
vt -3.972500 -0.177535 0.000000
vt -4.675000 1.893333 0.000000
vt -4.177500 0.177535 0.000000
vt -4.252535 0.102500 0.000000
vt -4.280000 -0.000000 0.000000
vt -4.252535 -0.102500 0.000000
vt 0.078540 3.626688 0.000000
vt 0.078540 4.080024 0.000000
vt 0.062452 3.740022 0.000000
vt 0.062390 4.078086 0.000000
vt 0.046365 4.076374 0.000000
vt 0.046365 3.623240 0.000000
vt 0.062452 3.400020 0.000000
vt 0.078540 3.173352 0.000000
vt 0.062452 3.060018 0.000000
vt 0.078540 2.720016 0.000000
vt 0.062452 2.718495 0.000000
vt 0.062452 2.380014 0.000000
vt 0.046365 2.716974 0.000000
vt 0.046365 2.263841 0.000000
vt 0.046365 3.170107 0.000000
vt 0.062452 2.040012 0.000000
vt 0.046365 1.810708 0.000000
vt 0.062452 1.700010 0.000000
vt 0.046365 1.357575 0.000000
vt 0.062452 1.358791 0.000000
vt 0.062452 1.020006 0.000000
vt 0.078540 1.360008 0.000000
vt 0.078540 0.906672 0.000000
vt 0.062452 0.680004 0.000000
vt 0.078540 0.453336 0.000000
vt 0.062452 0.340002 0.000000
vt 0.078540 -0.000000 0.000000
vt 0.062452 -0.000913 0.000000
vt 0.062452 -0.340002 0.000000
vt 0.046365 -0.001825 0.000000
vt 0.046365 -0.454958 0.000000
vt 0.046365 0.904441 0.000000
vt 0.046365 0.451308 0.000000
vt 0.062452 -0.680004 0.000000
vt 0.046365 -0.908091 0.000000
vt 0.062452 -1.020006 0.000000
vt 0.046365 -1.361225 0.000000
vt 0.062452 -1.360616 0.000000
vt 0.062452 -1.700010 0.000000
vt 0.078540 -1.360008 0.000000
vt 0.078540 -1.813344 0.000000
vt 0.062452 -2.040012 0.000000
vt 0.078540 -2.266680 0.000000
vt 0.062452 -2.380014 0.000000
vt 0.078540 -2.720016 0.000000
vt 0.062452 -2.720320 0.000000
vt 0.062452 -3.060018 0.000000
vt 0.046365 -2.720624 0.000000
vt 0.046365 -3.173757 0.000000
vt 0.046365 -1.814358 0.000000
vt 0.046365 -2.267491 0.000000
vt 0.062452 -3.400020 0.000000
vt 0.046365 -3.626891 0.000000
vt 0.062452 -3.740022 0.000000
vt 0.057090 -4.080024 0.000000
vt 0.067815 -4.080024 0.000000
vt 0.046365 -4.080024 0.000000
vt 0.078540 -4.080024 0.000000
vt 0.078540 -3.626688 0.000000
vt 0.078540 -3.173352 0.000000
vt 0.078540 -0.906672 0.000000
vt 0.078540 -0.453336 0.000000
vt 0.078540 1.813344 0.000000
vt 0.078540 2.266680 0.000000
vt 0.233333 0.443114 0.000000
vt -0.225000 0.400845 0.000000
vt 0.233333 -0.035745 0.000000
vt -0.225000 -0.050586 0.000000
vt 0.233333 -0.514604 0.000000
vt -0.225000 -0.502017 0.000000
vt -0.225000 -0.953448 0.000000
vt 0.233333 -0.993463 0.000000
vt -0.225000 -1.404879 0.000000
vt 0.233333 -1.472322 0.000000
vt -0.225000 -1.856311 0.000000
vt 0.233333 -1.951181 0.000000
vt -0.225000 -2.307742 0.000000
vt 0.233333 -2.430040 0.000000
vt -0.225000 -2.759173 0.000000
vt 0.233333 -2.908899 0.000000
vt -0.225000 -3.210604 0.000000
vt 0.233333 -3.387758 0.000000
vt -0.225000 -3.662036 0.000000
vt 0.233333 -3.866617 0.000000
vt -0.225000 -4.113467 0.000000
vt 0.233333 -4.345476 0.000000
vt -0.225000 -4.564898 0.000000
vt 0.233333 -4.824335 0.000000
vt -0.225000 -5.016329 0.000000
vt 0.233333 -5.303194 0.000000
vt -0.225000 -5.467760 0.000000
vt 0.233333 -5.782053 0.000000
vt -0.225000 -5.919192 0.000000
vt 0.233333 -6.260912 0.000000
vt -0.225000 -6.370623 0.000000
vt 0.233333 -6.739771 0.000000
vt -0.225000 -6.822054 0.000000
vt 0.233333 -7.218630 0.000000
vt -0.225000 -7.273485 0.000000
vt 0.233333 -7.697489 0.000000
vt -0.225000 -7.724916 0.000000
vt 0.233333 -8.176348 0.000000
vt -0.225000 -8.176348 0.000000
vt -0.046365 -0.422438 0.000000
vt -0.023133 -0.420826 0.000000
vt -0.046365 0.053311 0.000000
vt -0.023182 0.054346 0.000000
vt -0.046365 0.529060 0.000000
vt -0.023182 0.530038 0.000000
vt -0.046365 1.004809 0.000000
vt -0.023182 1.005729 0.000000
vt -0.046365 1.480557 0.000000
vt -0.023182 1.481420 0.000000
vt -0.046365 1.956306 0.000000
vt -0.023182 1.957112 0.000000
vt -0.046365 2.432055 0.000000
vt -0.023182 2.432803 0.000000
vt -0.046365 2.907804 0.000000
vt -0.023182 2.908495 0.000000
vt -0.046365 3.383553 0.000000
vt -0.023182 3.384186 0.000000
vt -0.046365 3.859302 0.000000
vt -0.023182 3.859877 0.000000
vt -0.046365 4.335051 0.000000
vt -0.023182 4.335569 0.000000
vt -0.046365 4.810800 0.000000
vt -0.023182 4.811260 0.000000
vt -0.046365 5.286549 0.000000
vt -0.023182 5.286951 0.000000
vt -0.046365 5.762298 0.000000
vt -0.023182 5.762643 0.000000
vt -0.046365 6.238047 0.000000
vt -0.023182 6.238334 0.000000
vt -0.046365 6.713796 0.000000
vt -0.023182 6.714026 0.000000
vt -0.046365 7.189544 0.000000
vt -0.023182 7.189717 0.000000
vt -0.046365 7.665293 0.000000
vt -0.023182 7.665408 0.000000
vt -0.046365 8.141042 0.000000
vt -0.023182 8.141100 0.000000
vt -0.030910 8.616791 0.000000
vt -0.015455 8.616791 0.000000
vt 0.000000 8.141157 0.000000
vt 0.000000 8.616791 0.000000
vt -0.000000 -0.420252 0.000000
vt 0.000000 0.055382 0.000000
vt 0.000000 0.531016 0.000000
vt 0.000000 1.006650 0.000000
vt 0.000000 1.482283 0.000000
vt 0.000000 1.957917 0.000000
vt 0.000000 2.433551 0.000000
vt 0.000000 2.909185 0.000000
vt 0.000000 3.384819 0.000000
vt 0.000000 3.860453 0.000000
vt 0.000000 4.336086 0.000000
vt 0.000000 4.811720 0.000000
vt 0.000000 5.287354 0.000000
vt 0.000000 5.762988 0.000000
vt 0.000000 6.238622 0.000000
vt 0.000000 6.714256 0.000000
vt 0.000000 7.189890 0.000000
vt 0.000000 7.665523 0.000000
vt -0.046365 8.616791 0.000000
vt -0.325000 0.420825 0.000000
vt -2.175000 0.420825 0.000000
vt -0.325000 -0.055457 0.000000
vt -2.175000 -0.055457 0.000000
vt -0.325000 -0.531739 0.000000
vt -2.175000 -0.531739 0.000000
vt -0.325000 -1.008021 0.000000
vt -2.175000 -1.008021 0.000000
vt -0.325000 -1.484303 0.000000
vt -2.175000 -1.484303 0.000000
vt -0.325000 -1.960585 0.000000
vt -2.175000 -1.960585 0.000000
vt -0.325000 -2.436866 0.000000
vt -2.175000 -2.436866 0.000000
vt -0.325000 -2.913148 0.000000
vt -2.175000 -2.913148 0.000000
vt -0.325000 -3.389430 0.000000
vt -2.175000 -3.389430 0.000000
vt -0.325000 -3.865712 0.000000
vt -2.175000 -3.865712 0.000000
vt -0.325000 -4.341994 0.000000
vt -2.175000 -4.341994 0.000000
vt -0.325000 -4.818275 0.000000
vt -2.175000 -4.818275 0.000000
vt -0.325000 -5.294557 0.000000
vt -2.175000 -5.294557 0.000000
vt -0.325000 -5.770839 0.000000
vt -2.175000 -5.770839 0.000000
vt -0.325000 -6.247121 0.000000
vt -2.175000 -6.247121 0.000000
vt -0.325000 -6.723403 0.000000
vt -2.175000 -6.723403 0.000000
vt -0.325000 -7.199685 0.000000
vt -2.175000 -7.199685 0.000000
vt -0.325000 -7.675966 0.000000
vt -2.175000 -7.675966 0.000000
vt -0.325000 -8.152248 0.000000
vt -2.175000 -8.152248 0.000000
vt -0.325000 -8.628530 0.000000
vt -2.175000 -8.628530 0.000000
vt 0.046365 0.033825 0.000000
vt 0.046365 -0.419308 0.000000
vt 0.062452 -0.082957 0.000000
vt 0.062390 -0.421021 0.000000
vt 0.078540 -0.422959 0.000000
vt 0.078540 0.030377 0.000000
vt 0.062452 0.257045 0.000000
vt 0.046365 0.486958 0.000000
vt 0.062452 0.597047 0.000000
vt 0.046365 0.940091 0.000000
vt 0.062452 0.938570 0.000000
vt 0.062452 1.277051 0.000000
vt 0.078540 0.937049 0.000000
vt 0.078540 1.390385 0.000000
vt 0.078540 0.483713 0.000000
vt 0.062452 1.617053 0.000000
vt 0.078540 1.843721 0.000000
vt 0.062452 1.957055 0.000000
vt 0.078540 2.297057 0.000000
vt 0.062452 2.298274 0.000000
vt 0.062452 2.637059 0.000000
vt 0.046365 2.299491 0.000000
vt 0.046365 2.752624 0.000000
vt 0.062452 2.977061 0.000000
vt 0.046365 3.205757 0.000000
vt 0.062452 3.317063 0.000000
vt 0.046365 3.658890 0.000000
vt 0.062452 3.657978 0.000000
vt 0.062452 3.997067 0.000000
vt 0.078540 3.657065 0.000000
vt 0.078540 4.110401 0.000000
vt 0.078540 2.750393 0.000000
vt 0.078540 3.203729 0.000000
vt 0.062452 4.337069 0.000000
vt 0.078540 4.563737 0.000000
vt 0.062452 4.677071 0.000000
vt 0.078540 5.017073 0.000000
vt 0.062452 5.017681 0.000000
vt 0.062452 5.357075 0.000000
vt 0.046365 5.018290 0.000000
vt 0.046365 5.471423 0.000000
vt 0.062452 5.697077 0.000000
vt 0.046365 5.924556 0.000000
vt 0.062452 6.037079 0.000000
vt 0.046365 6.377689 0.000000
vt 0.062452 6.377385 0.000000
vt 0.062452 6.717083 0.000000
vt 0.078540 6.377081 0.000000
vt 0.078540 6.830417 0.000000
vt 0.078540 5.470409 0.000000
vt 0.078540 5.923745 0.000000
vt 0.062452 7.057085 0.000000
vt 0.078540 7.283753 0.000000
vt 0.062452 7.397087 0.000000
vt 0.067815 7.737089 0.000000
vt 0.057090 7.737089 0.000000
vt 0.078540 7.737089 0.000000
vt 0.046365 7.737089 0.000000
vt 0.046365 7.283956 0.000000
vt 0.046365 6.830823 0.000000
vt 0.046365 4.565157 0.000000
vt 0.046365 4.112023 0.000000
vt 0.046365 1.846357 0.000000
vt 0.046365 1.393224 0.000000
vt -0.000000 4.041795 0.000000
vt 0.000000 4.517429 0.000000
vt -0.023182 4.042830 0.000000
vt -0.023133 4.518003 0.000000
vt -0.046365 4.043866 0.000000
vt -0.046365 4.519615 0.000000
vt -0.046365 3.568117 0.000000
vt -0.023182 3.567139 0.000000
vt -0.000000 3.566161 0.000000
vt -0.023182 3.091447 0.000000
vt -0.000000 3.090527 0.000000
vt -0.023182 2.615756 0.000000
vt -0.000000 2.614893 0.000000
vt -0.023182 2.140065 0.000000
vt -0.000000 2.139259 0.000000
vt -0.023182 1.664373 0.000000
vt -0.000000 1.663625 0.000000
vt -0.023182 1.188682 0.000000
vt -0.000000 1.187992 0.000000
vt -0.023182 0.712991 0.000000
vt -0.000000 0.712358 0.000000
vt -0.023182 0.237299 0.000000
vt -0.000000 0.236724 0.000000
vt -0.023182 -0.238392 0.000000
vt -0.000000 -0.238910 0.000000
vt -0.023182 -0.714084 0.000000
vt -0.000000 -0.714544 0.000000
vt -0.023182 -1.189775 0.000000
vt -0.000000 -1.190178 0.000000
vt -0.023182 -1.665466 0.000000
vt -0.000000 -1.665812 0.000000
vt -0.023182 -2.141158 0.000000
vt -0.000000 -2.141445 0.000000
vt -0.023182 -2.616849 0.000000
vt -0.000000 -2.617079 0.000000
vt -0.023182 -3.092541 0.000000
vt -0.000000 -3.092713 0.000000
vt -0.023182 -3.568232 0.000000
vt -0.000000 -3.568347 0.000000
vt -0.023182 -4.043923 0.000000
vt -0.000000 -4.043981 0.000000
vt -0.015455 -4.519615 0.000000
vt -0.000000 -4.519615 0.000000
vt -0.046365 3.092368 0.000000
vt -0.046365 2.616619 0.000000
vt -0.046365 2.140870 0.000000
vt -0.046365 1.665121 0.000000
vt -0.046365 1.189372 0.000000
vt -0.046365 0.713623 0.000000
vt -0.046365 0.237874 0.000000
vt -0.046365 -0.237874 0.000000
vt -0.046365 -0.713623 0.000000
vt -0.046365 -1.189372 0.000000
vt -0.046365 -1.665121 0.000000
vt -0.046365 -2.140870 0.000000
vt -0.046365 -2.616619 0.000000
vt -0.046365 -3.092368 0.000000
vt -0.046365 -3.568117 0.000000
vt -0.046365 -4.043866 0.000000
vt -0.046365 -4.519615 0.000000
vt -0.030910 -4.519615 0.000000
vt 0.233333 -0.443114 0.000000
vt 0.233333 0.035745 0.000000
vt -0.225000 -0.400845 0.000000
vt -0.225000 0.050586 0.000000
vt 0.233333 0.514604 0.000000
vt -0.225000 0.502017 0.000000
vt -0.225000 0.953448 0.000000
vt 0.233333 0.993463 0.000000
vt -0.225000 1.404879 0.000000
vt 0.233333 1.472322 0.000000
vt -0.225000 1.856311 0.000000
vt 0.233333 1.951181 0.000000
vt -0.225000 2.307742 0.000000
vt 0.233333 2.430040 0.000000
vt -0.225000 2.759173 0.000000
vt 0.233333 2.908899 0.000000
vt -0.225000 3.210604 0.000000
vt 0.233333 3.387758 0.000000
vt -0.225000 3.662036 0.000000
vt 0.233333 3.866617 0.000000
vt -0.225000 4.113467 0.000000
vt 0.233333 4.345476 0.000000
vt -0.225000 4.564898 0.000000
vt 0.233333 4.824335 0.000000
vt -0.225000 5.016329 0.000000
vt 0.233333 5.303194 0.000000
vt -0.225000 5.467760 0.000000
vt 0.233333 5.782053 0.000000
vt -0.225000 5.919192 0.000000
vt 0.233333 6.260912 0.000000
vt -0.225000 6.370623 0.000000
vt 0.233333 6.739771 0.000000
vt -0.225000 6.822054 0.000000
vt 0.233333 7.218630 0.000000
vt -0.225000 7.273485 0.000000
vt 0.233333 7.697489 0.000000
vt -0.225000 7.724916 0.000000
vt 0.233333 8.176348 0.000000
vt -0.225000 8.176348 0.000000
vt 0.016667 -0.022557 0.000000
vt 0.245833 -0.033483 0.000000
vt 0.016667 0.000000 0.000000
vt 0.474999 -0.022638 0.000000
vt 0.474999 0.000000 0.000000
vt 0.016666 -0.045221 0.000000
vt 0.474998 -0.067993 0.000000
vt 0.474998 -0.045302 0.000000
vt 0.016666 -0.067993 0.000000
vt 0.025000 -1.575059 0.000000
vt 0.483337 -1.575059 0.000000
vt 0.254105 -1.263513 0.000000
vt 0.483112 -0.988943 0.000000
vt 0.254105 -0.988281 0.000000
vt 0.254105 -0.807730 0.000000
vt 0.025215 -1.097955 0.000000
vt 0.024873 -0.670669 0.000000
vt 0.254105 -0.640593 0.000000
vt 0.025069 -0.483323 0.000000
vt 0.254105 -0.473456 0.000000
vt 0.024977 -0.316388 0.000000
vt 0.254105 -0.319199 0.000000
vt 0.254105 -0.176044 0.000000
vt 0.483280 -0.265053 0.000000
vt 0.483337 -0.032890 0.000000
vt 0.482974 -0.750087 0.000000
vt 0.483062 -0.537940 0.000000
vt 0.025000 -0.032890 0.000000
vt 2.510921 1.850000 0.000000
vt 2.106718 1.850000 0.000000
vt 2.510921 0.000000 0.000000
vt 1.883191 0.000000 0.000000
vt 1.710560 1.850000 0.000000
vt 1.569326 0.000000 0.000000
vt 1.515103 1.850000 0.000000
vt 1.320848 1.850000 0.000000
vt 1.255460 0.000000 0.000000
vt 0.934561 1.850000 0.000000
vt 0.941595 0.000000 0.000000
vt 0.913396 1.850000 0.000000
vt 0.892225 1.850004 0.000000
vt 0.871044 1.850012 0.000000
vt 0.627730 0.000000 0.000000
vt 0.439482 1.855569 0.000000
vt 0.000000 0.000000 0.000000
vt 0.000000 1.894228 0.000000
vt -0.000000 0.003860 0.000000
vt -0.015458 0.003860 0.000000
vt -0.000000 0.000000 0.000000
vt -0.021573 0.001928 0.000000
vt -0.015458 0.000000 0.000000
vt -0.030889 0.000000 0.000000
vt -0.046346 0.003860 0.000000
vt -0.046346 0.000000 0.000000
vt -0.030889 0.003860 0.000000
vt -0.000000 0.053660 0.000000
vt -0.015458 0.053660 0.000000
vt -0.000000 0.035774 0.000000
vt -0.021573 0.026235 0.000000
vt -0.000001 0.017887 0.000000
vt -0.015458 0.000000 0.000000
vt -0.000000 0.000000 0.000000
vt -0.030889 0.053660 0.000000
vt -0.046347 0.035782 0.000000
vt -0.046347 0.017896 0.000000
vt -0.046347 0.053660 0.000000
vt -0.046347 0.000000 0.000000
vt -0.030889 0.000000 0.000000
vt 1.928750 0.007727 0.000000
vt 2.425141 0.000000 0.000000
vt 1.928750 0.023182 0.000000
vt 2.921533 0.000000 0.000000
vt 3.417924 0.000000 0.000000
vt 1.928750 -0.007727 0.000000
vt 3.914315 0.000000 0.000000
vt 6.892663 -0.023182 0.000000
vt 4.410707 0.000000 0.000000
vt 4.907098 0.000000 0.000000
vt 6.892663 0.007727 0.000000
vt 6.892663 0.023182 0.000000
vt 1.928750 -0.023182 0.000000
vt 6.892663 -0.007727 0.000000
vt 6.396272 0.000000 0.000000
vt 5.899881 0.000000 0.000000
vt 5.403489 0.000000 0.000000
vt -0.000000 1.854383 0.000000
vt -0.000000 2.464009 0.000000
vt -0.021565 2.112008 0.000000
vt -0.015459 2.464009 0.000000
vt -0.030891 2.464009 0.000000
vt -0.046350 2.464009 0.000000
vt -0.046350 1.848007 0.000000
vt -0.021565 1.760006 0.000000
vt -0.046350 1.540006 0.000000
vt -0.021565 1.540929 0.000000
vt -0.021565 1.320005 0.000000
vt -0.000000 1.541732 0.000000
vt -0.000000 1.226625 0.000000
vt -0.021565 1.100004 0.000000
vt -0.000000 0.914132 0.000000
vt -0.021565 0.880003 0.000000
vt -0.021565 0.660002 0.000000
vt -0.046350 0.616002 0.000000
vt -0.021565 0.440002 0.000000
vt -0.046350 0.000000 0.000000
vt -0.030891 0.000000 0.000000
vt -0.046350 1.232005 0.000000
vt -0.046350 0.924003 0.000000
vt -0.015459 0.000000 0.000000
vt -0.000000 0.000000 0.000000
vt -0.000000 0.605555 0.000000
vt -0.000000 1.546970 0.000000
vt -0.015459 1.546970 0.000000
vt -0.000000 1.160228 0.000000
vt -0.021563 1.221599 0.000000
vt -0.021563 1.104979 0.000000
vt -0.046350 1.160228 0.000000
vt -0.021563 0.901622 0.000000
vt -0.046350 0.773485 0.000000
vt -0.021563 0.698265 0.000000
vt -0.046350 0.580114 0.000000
vt -0.021563 0.494908 0.000000
vt -0.046350 0.386743 0.000000
vt -0.021563 0.291551 0.000000
vt -0.046350 0.000000 0.000000
vt -0.030891 0.000000 0.000000
vt -0.030891 1.546970 0.000000
vt -0.046350 1.546970 0.000000
vt -0.015459 0.000000 0.000000
vt -0.000000 0.000000 0.000000
vt -0.000000 0.386743 0.000000
vt -0.000000 0.580114 0.000000
vt -0.000000 0.773485 0.000000
vt -0.000000 0.063893 0.000000
vt -0.015458 0.063893 0.000000
vt -0.000000 0.042590 0.000000
vt -0.021573 0.032342 0.000000
vt -0.000000 0.021292 0.000000
vt -0.015458 0.000000 0.000000
vt -0.000000 0.000000 0.000000
vt -0.030889 0.063893 0.000000
vt -0.046347 0.042597 0.000000
vt -0.046347 0.021299 0.000000
vt -0.046347 0.063893 0.000000
vt -0.046347 0.000000 0.000000
vt -0.030889 0.000000 0.000000
vt -0.000000 0.859061 0.000000
vt -0.015483 0.859061 0.000000
vt -0.000000 0.429531 0.000000
vt -0.030939 0.859061 0.000000
vt -0.021610 0.421877 0.000000
vt -0.046422 0.859061 0.000000
vt -0.046422 0.429531 0.000000
vt -0.046422 0.000000 0.000000
vt -0.030939 0.000000 0.000000
vt -0.015483 0.000000 0.000000
vt -0.000000 0.000000 0.000000
vt 0.025001 0.000000 0.000000
vt 0.483346 0.000000 0.000000
vt 0.254371 0.290184 0.000000
vt 0.483162 0.410925 0.000000
vt 0.254371 0.635722 0.000000
vt 0.483202 0.773542 0.000000
vt 0.254371 0.981260 0.000000
vt 0.483476 1.107938 0.000000
vt 0.254371 1.326798 0.000000
vt 0.483109 1.422274 0.000000
vt 0.254371 1.499567 0.000000
vt 0.482935 1.745697 0.000000
vt 0.254371 1.672336 0.000000
vt 0.254371 2.017873 0.000000
vt 0.024984 1.758257 0.000000
vt 0.024984 2.150398 0.000000
vt 0.254371 2.363411 0.000000
vt 0.254371 2.708949 0.000000
vt 0.483067 2.536972 0.000000
vt 0.483346 3.054487 0.000000
vt 0.483430 2.111734 0.000000
vt 0.025001 3.054487 0.000000
vt 0.025041 1.413542 0.000000
vt 0.024984 1.085783 0.000000
vt 0.024984 0.745619 0.000000
vt -0.272500 -0.233333 0.000000
vt 4.691413 -0.233333 0.000000
vt -0.272500 0.225000 0.000000
vt 4.691413 0.225000 0.000000
vt 0.016668 -0.856116 0.000000
vt 0.245833 -0.865118 0.000000
vt 0.016667 -0.839475 0.000000
vt 0.474999 -0.856231 0.000000
vt 0.474999 -0.839475 0.000000
vt 0.016667 -0.872893 0.000000
vt 0.474999 -0.889809 0.000000
vt 0.474999 -0.873009 0.000000
vt 0.016667 -0.889809 0.000000
vt 0.483826 0.062740 0.000000
vt 0.483826 0.065043 0.000000
vt 0.025027 0.062740 0.000000
vt 0.254469 0.278753 0.000000
vt 0.025026 0.490076 0.000000
vt 0.254469 0.494765 0.000000
vt 0.254469 0.715067 0.000000
vt 0.483320 0.693631 0.000000
vt 0.483826 0.935368 0.000000
vt 0.483648 0.262819 0.000000
vt 0.483331 0.471220 0.000000
vt 0.025026 0.935368 0.000000
vt 0.025026 0.931341 0.000000
vt -0.000000 0.002626 0.000000
vt -0.010725 0.002626 0.000000
vt -0.000000 0.000000 0.000000
vt -0.015507 0.001314 0.000000
vt -0.010725 0.000000 0.000000
vt -0.021446 0.000000 0.000000
vt -0.032171 0.002626 0.000000
vt -0.032171 0.000000 0.000000
vt -0.021446 0.002626 0.000000
vt -0.000000 2.734671 0.000000
vt -0.010721 2.734671 0.000000
vt -0.000000 2.392837 0.000000
vt -0.015504 2.409115 0.000000
vt -0.015504 2.083559 0.000000
vt -0.032159 2.392837 0.000000
vt -0.032159 2.051003 0.000000
vt -0.021438 2.734671 0.000000
vt -0.032159 2.734671 0.000000
vt -0.015504 1.758003 0.000000
vt -0.032159 1.709169 0.000000
vt -0.015504 1.432447 0.000000
vt -0.032159 1.367335 0.000000
vt -0.015504 1.106891 0.000000
vt -0.032159 1.025502 0.000000
vt -0.015504 0.781335 0.000000
vt -0.032159 0.683668 0.000000
vt -0.015504 0.455778 0.000000
vt -0.032159 0.341834 0.000000
vt -0.015504 0.130222 0.000000
vt -0.021438 0.000000 0.000000
vt -0.010721 0.000000 0.000000
vt -0.032159 0.000000 0.000000
vt -0.000000 0.000000 0.000000
vt -0.000000 0.341834 0.000000
vt -0.000000 0.683668 0.000000
vt -0.000000 1.025502 0.000000
vt -0.000000 1.367335 0.000000
vt -0.000000 1.709169 0.000000
vt -0.000000 2.051003 0.000000
vt -0.000000 0.072093 0.000000
vt -0.010725 0.072093 0.000000
vt -0.000000 0.048062 0.000000
vt -0.015507 0.035658 0.000000
vt -0.000000 0.024031 0.000000
vt -0.010725 0.000000 0.000000
vt -0.000000 0.000000 0.000000
vt -0.021447 0.072093 0.000000
vt -0.032172 0.048065 0.000000
vt -0.032172 0.024034 0.000000
vt -0.032172 0.072093 0.000000
vt -0.032172 0.000000 0.000000
vt -0.021447 0.000000 0.000000
vt -0.000000 1.741856 0.000000
vt -0.010727 1.741856 0.000000
vt -0.000000 1.524124 0.000000
vt -0.015791 1.456722 0.000000
vt -0.000000 1.306392 0.000000
vt -0.015791 1.171589 0.000000
vt -0.000000 1.088660 0.000000
vt -0.015791 0.886455 0.000000
vt -0.000000 0.870928 0.000000
vt -0.000000 0.653196 0.000000
vt -0.015791 0.601321 0.000000
vt -0.000000 0.435464 0.000000
vt -0.010727 0.000000 0.000000
vt -0.000000 0.000000 0.000000
vt -0.021450 1.741856 0.000000
vt -0.032177 1.741856 0.000000
vt -0.032196 1.368786 0.000000
vt -0.032231 0.995347 0.000000
vt -0.032131 0.746533 0.000000
vt -0.032231 0.497673 0.000000
vt -0.021450 -0.000000 0.000000
vt -0.032177 0.000000 0.000000
vt -2.490163 0.005363 0.000000
vt -2.159236 -0.000000 0.000000
vt -2.490163 0.016088 0.000000
vt -1.828308 -0.000000 0.000000
vt -1.497381 -0.000000 0.000000
vt -2.490163 -0.005363 0.000000
vt -1.166453 -0.000000 0.000000
vt -0.835526 -0.000000 0.000000
vt -0.504598 -0.000000 0.000000
vt -0.173670 -0.000000 0.000000
vt 2.473750 -0.016088 0.000000
vt 0.157257 -0.000000 0.000000
vt 0.488185 -0.000000 0.000000
vt 0.819112 -0.000000 0.000000
vt 2.473750 0.005363 0.000000
vt 1.150040 -0.000000 0.000000
vt 1.480967 -0.000000 0.000000
vt 1.811895 -0.000000 0.000000
vt 2.142822 -0.000000 0.000000
vt 2.473750 -0.005363 0.000000
vt -2.490163 -0.016088 0.000000
vt 2.473750 0.016088 0.000000
vt -0.000000 0.047244 0.000000
vt -0.010726 0.047244 0.000000
vt -0.000000 0.031483 0.000000
vt -0.015507 0.024238 0.000000
vt -0.000000 0.015735 0.000000
vt -0.010726 0.000000 0.000000
vt -0.000000 0.000000 0.000000
vt -0.021447 0.047244 0.000000
vt -0.032172 0.031489 0.000000
vt -0.032172 0.015741 0.000000
vt -0.032172 0.047244 0.000000
vt -0.032172 0.000000 0.000000
vt -0.021447 0.000000 0.000000
vt -0.000000 0.877123 0.000000
vt -0.010734 0.877123 0.000000
vt -0.000000 0.657842 0.000000
vt -0.021464 0.877123 0.000000
vt -0.015520 0.557859 0.000000
vt -0.032198 0.657842 0.000000
vt -0.032198 0.438562 0.000000
vt -0.032198 0.877123 0.000000
vt -0.015520 0.417678 0.000000
vt -0.032198 0.219281 0.000000
vt -0.015520 0.127438 0.000000
vt -0.021464 0.000000 0.000000
vt -0.010734 0.000000 0.000000
vt -0.032198 0.000000 0.000000
vt -0.000000 0.000000 0.000000
vt -0.000000 0.219281 0.000000
vt -0.000000 0.438562 0.000000
vt -0.065372 0.508997 0.000000
vt -0.259740 0.288267 0.000000
vt -0.065064 0.064771 0.000000
vt -0.457112 0.070900 0.000000
vt -0.457112 0.064771 0.000000
vt -0.065064 0.955013 0.000000
vt -0.259740 0.738701 0.000000
vt -0.259740 0.510742 0.000000
vt -0.456839 0.509707 0.000000
vt -0.065064 0.957668 0.000000
vt -0.065064 0.960324 0.000000
vt -0.065063 0.962981 0.000000
vt -0.065063 0.965638 0.000000
vt -0.457123 0.965638 0.000000
vt -0.043333 -0.894197 0.000000
vt -0.043333 -0.876790 0.000000
vt -0.227320 -0.903549 0.000000
vt -0.434999 -0.876790 0.000000
vt -0.434999 -0.889923 0.000000
vt -0.434999 -0.903063 0.000000
vt -0.434999 -0.916209 0.000000
vt -0.434999 -0.929361 0.000000
vt -0.043333 -0.929361 0.000000
vt -0.043333 -0.911720 0.000000
vt -0.456557 0.338104 0.000000
vt -0.456638 0.055210 0.000000
vt -0.260816 0.232891 0.000000
vt -0.064993 0.055210 0.000000
vt -0.064993 0.342233 0.000000
vt -0.260816 0.410572 0.000000
vt -0.064993 0.485745 0.000000
vt -0.260816 0.588253 0.000000
vt -0.064993 0.629256 0.000000
vt -0.260816 0.765934 0.000000
vt -0.064993 0.772768 0.000000
vt -0.064993 0.916279 0.000000
vt -0.260816 0.943615 0.000000
vt -0.064993 1.059791 0.000000
vt -0.260816 1.121296 0.000000
vt -0.064993 1.203302 0.000000
vt -0.260816 1.298976 0.000000
vt -0.064993 1.490325 0.000000
vt -0.260816 1.476657 0.000000
vt -0.260816 1.695342 0.000000
vt -0.456638 1.716088 0.000000
vt -0.260816 1.914026 0.000000
vt -0.456635 2.028533 0.000000
vt -0.064993 2.351394 0.000000
vt -0.456620 2.351394 0.000000
vt -0.064993 1.777348 0.000000
vt -0.456482 1.416942 0.000000
vt -0.456619 1.132907 0.000000
vt -0.456448 0.999347 0.000000
vt -0.456579 0.870709 0.000000
vt -0.456638 0.742347 0.000000
vt -0.456638 0.610705 0.000000
vt -0.456500 0.660694 0.000000
vt -0.456660 0.000000 0.000000
vt -0.260936 0.356567 0.000000
vt -0.064999 0.000000 0.000000
vt -0.064999 0.937225 0.000000
vt -0.260936 0.966625 0.000000
vt -0.064999 1.405838 0.000000
vt -0.260936 1.576683 0.000000
vt -0.064999 1.874451 0.000000
vt -0.260936 2.186742 0.000000
vt -0.064999 2.343064 0.000000
vt -0.260936 2.490571 0.000000
vt -0.064999 2.811676 0.000000
vt -0.260936 2.796800 0.000000
vt -0.260936 3.015300 0.000000
vt -0.456638 3.010364 0.000000
vt -0.260936 3.233800 0.000000
vt -0.456516 3.460163 0.000000
vt -0.260936 3.452300 0.000000
vt -0.260936 3.670800 0.000000
vt -0.064999 3.514596 0.000000
vt -0.064999 3.748902 0.000000
vt -0.064999 3.045983 0.000000
vt -0.064999 3.280289 0.000000
vt -0.260936 3.889300 0.000000
vt -0.064999 3.983208 0.000000
vt -0.260936 4.107800 0.000000
vt -0.064999 4.217515 0.000000
vt -0.260936 4.326300 0.000000
vt -0.064999 4.451821 0.000000
vt -0.260936 4.544800 0.000000
vt -0.064999 4.686127 0.000000
vt -0.260936 4.763300 0.000000
vt -0.064999 4.920434 0.000000
vt -0.260936 4.981800 0.000000
vt -0.064999 5.154740 0.000000
vt -0.260936 5.200300 0.000000
vt -0.064999 5.389047 0.000000
vt -0.260936 5.418800 0.000000
vt -0.064999 5.623353 0.000000
vt -0.260936 5.855800 0.000000
vt -0.064999 6.091966 0.000000
vt -0.260936 6.292800 0.000000
vt -0.064999 6.326272 0.000000
vt -0.064999 6.560578 0.000000
vt -0.064999 7.029191 0.000000
vt -0.260936 6.895302 0.000000
vt -0.260936 6.594051 0.000000
vt -0.456634 6.638289 0.000000
vt -0.456573 6.234151 0.000000
vt -0.260936 7.196553 0.000000
vt -0.064999 7.263497 0.000000
vt -0.456660 7.497804 0.000000
vt -0.064999 7.497804 0.000000
vt -0.456478 7.058658 0.000000
vt -0.456488 5.841779 0.000000
vt -0.456396 5.445195 0.000000
vt -0.456626 5.047000 0.000000
vt -0.456831 4.650069 0.000000
vt -0.456477 4.255174 0.000000
vt -0.456690 3.863145 0.000000
vt -0.456614 2.489373 0.000000
vt -0.456589 1.903020 0.000000
vt -0.456574 1.294472 0.000000
vt 0.272500 0.185000 0.000000
vt -4.691413 0.185000 0.000000
vt 0.272500 -0.206667 0.000000
vt -4.691413 -0.206667 0.000000
vt -0.456678 0.395048 0.000000
vt -0.456678 0.000000 0.000000
vt -0.260833 0.300963 0.000000
vt -0.065002 0.000000 0.000000
vt -0.064987 0.394587 0.000000
vt -0.260833 0.658391 0.000000
vt -0.065035 0.764027 0.000000
vt -0.260833 1.015819 0.000000
vt -0.064987 1.121465 0.000000
vt -0.260833 1.373247 0.000000
vt -0.065021 1.468282 0.000000
vt -0.260833 1.551961 0.000000
vt -0.260833 1.730675 0.000000
vt -0.456678 1.580193 0.000000
vt -0.456678 1.777717 0.000000
vt -0.456678 1.975241 0.000000
vt -0.260833 2.088103 0.000000
vt -0.456678 2.172765 0.000000
vt -0.260833 2.445530 0.000000
vt -0.456678 2.370289 0.000000
vt -0.456678 2.765338 0.000000
vt -0.260833 2.802958 0.000000
vt -0.456678 3.160386 0.000000
vt -0.065002 3.160386 0.000000
vt -0.065018 2.685986 0.000000
vt -0.064987 2.239602 0.000000
vt -0.064987 1.831522 0.000000
vt -0.456678 1.382669 0.000000
vt -0.456678 1.185145 0.000000
vt -0.456678 0.790096 0.000000
vt -2.649613 0.000000 0.000000
vt -2.318412 0.000000 0.000000
vt -2.649613 1.770000 0.000000
vt -2.271097 1.770136 0.000000
vt -1.987210 0.000000 0.000000
vt -1.892581 1.770018 0.000000
vt -1.656008 0.000000 0.000000
vt -1.703460 1.770067 0.000000
vt -1.514065 1.770180 0.000000
vt -1.324807 0.000000 0.000000
vt -1.250215 1.770126 0.000000
vt -0.993605 0.000000 0.000000
vt -0.986386 1.770000 0.000000
vt -0.963890 1.770000 0.000000
vt -0.941561 1.770003 0.000000
vt -0.919147 1.770011 0.000000
vt -0.662403 0.000000 0.000000
vt -0.459168 1.776009 0.000000
vt -0.331202 0.000000 0.000000
vt -0.000001 1.813760 0.000000
vt -0.000000 0.000000 0.000000
vt -0.065000 -0.034050 0.000000
vt -0.456669 -0.033927 0.000000
vt -0.260836 -0.184966 0.000000
vt -0.456669 -0.232780 0.000000
vt -0.260836 -0.336005 0.000000
vt -0.456669 -0.431633 0.000000
vt -0.260836 -0.488448 0.000000
vt -0.456669 -0.630485 0.000000
vt -0.260836 -0.664659 0.000000
vt -0.456669 -0.829338 0.000000
vt -0.260836 -0.840871 0.000000
vt -0.456669 -1.028190 0.000000
vt -0.260836 -1.018721 0.000000
vt -0.456669 -1.227043 0.000000
vt -0.260836 -1.307471 0.000000
vt -0.456669 -1.425895 0.000000
vt -0.065000 -1.624748 0.000000
vt -0.456669 -1.624748 0.000000
vt -0.065227 -1.185900 0.000000
vt -0.065031 -0.779840 0.000000
vt -0.065076 -0.594135 0.000000
vt -0.065301 -0.424813 0.000000
vt -0.065147 -0.216130 0.000000
vt -0.043332 -0.069787 0.000000
vt -0.043333 -0.052245 0.000000
vt -0.434999 -0.069787 0.000000
vt -0.434999 -0.046451 0.000000
vt -0.252576 -0.034597 0.000000
vt -0.434999 -0.023209 0.000000
vt -0.434999 0.000000 0.000000
vt -0.043333 -0.017352 0.000000
vt -0.043333 -0.000000 0.000000
vt -0.043333 -0.034766 0.000000
vt 2.666535 2.418881 0.000000
vt 2.464993 2.418881 0.000000
vt 2.666535 0.838881 0.000000
vt 2.666535 0.798881 0.000000
vt 2.425185 0.052215 0.000000
vt 2.666535 0.052215 0.000000
vt 2.263451 2.418881 0.000000
vt 2.183834 0.052215 0.000000
vt 2.061909 2.418881 0.000000
vt 1.942484 0.052215 0.000000
vt 1.860367 2.418881 0.000000
vt 1.701134 0.052215 0.000000
vt 1.658825 2.418881 0.000000
vt 1.580459 0.052215 0.000000
vt 1.457284 2.418881 0.000000
vt 1.459784 0.052215 0.000000
vt 1.339108 0.052215 0.000000
vt 1.255742 2.418881 0.000000
vt 1.218433 0.052215 0.000000
vt 1.054200 2.418881 0.000000
vt 0.977083 0.052215 0.000000
vt 0.922425 2.418881 0.000000
vt 0.790650 2.418881 0.000000
vt 0.527100 2.418881 0.000000
vt 0.692697 0.052207 0.000000
vt 0.706971 0.052212 0.000000
vt 0.721316 0.052215 0.000000
vt 0.345700 0.044959 0.000000
vt 0.263550 2.418881 0.000000
vt 0.000000 0.000000 0.000000
vt 0.000000 2.418881 0.000000
vt 0.735733 0.052215 0.000000
vt 2.701867 0.000000 0.000000
vt 2.702743 0.019924 0.000000
vt 2.701868 0.020000 0.000000
vt 2.724055 0.099828 0.000000
vt 2.714456 1.600000 0.000000
vt 2.768109 0.170605 0.000000
vt 2.827074 0.230754 0.000000
vt 2.899476 0.283364 0.000000
vt 3.068516 1.600000 0.000000
vt 3.075562 0.362901 0.000000
vt 3.268837 0.398597 0.000000
vt 3.422575 1.600000 0.000000
vt 3.463699 0.383995 0.000000
vt 3.556714 0.354795 0.000000
vt 3.641354 0.310127 0.000000
vt 3.776635 1.600000 0.000000
vt 3.711243 0.252850 0.000000
vt 3.765227 0.184396 0.000000
vt 3.801828 0.105454 0.000000
vt 4.130694 1.600000 0.000000
vt 3.818485 0.020000 0.000000
vt 4.167313 0.020000 0.000000
vt 3.817900 0.019965 0.000000
vt 3.818339 0.009996 0.000000
vt 3.818485 0.000000 0.000000
vt 4.484754 1.600000 0.000000
vt 4.516142 0.020000 0.000000
vt 4.838813 1.600000 0.000000
vt 4.864970 0.020000 0.000000
vt 5.192873 1.600000 0.000000
vt 5.213798 0.020000 0.000000
vt 5.546932 1.600000 0.000000
vt 5.562626 0.020000 0.000000
vt 5.900992 1.600000 0.000000
vt 5.911455 0.020000 0.000000
vt 6.255051 1.600000 0.000000
vt 6.260283 0.020000 0.000000
vt 6.609111 1.600000 0.000000
vt 6.609111 0.020000 0.000000
vt 2.360397 1.600000 0.000000
vt 2.364134 0.020000 0.000000
vt 2.026401 0.020000 0.000000
vt 2.006337 1.600000 0.000000
vt 1.688667 0.020000 0.000000
vt 1.652278 1.600000 0.000000
vt 1.350934 0.020000 0.000000
vt 1.298218 1.600000 0.000000
vt 1.013200 0.020000 0.000000
vt 0.944159 1.600000 0.000000
vt 0.675467 0.020000 0.000000
vt 0.472079 1.600000 0.000000
vt 0.000000 0.020000 0.000000
vt 0.000000 1.600000 0.000000
vt -3.122989 0.644497 0.000000
vt -3.150000 0.500000 0.000000
vt -2.860000 0.500000 0.000000
vt -3.122989 0.355503 0.000000
vt -2.845263 0.445000 0.000000
vt -3.045604 0.230522 0.000000
vt -2.805000 0.404737 0.000000
vt -2.928295 0.141935 0.000000
vt -2.786907 0.101706 0.000000
vt -2.750000 0.390000 0.000000
vt -2.640535 0.115270 0.000000
vt -2.695000 0.404737 0.000000
vt -2.508946 0.180793 0.000000
vt -2.654737 0.445000 0.000000
vt -2.409913 0.289427 0.000000
vt -2.356811 0.426500 0.000000
vt -2.640000 0.500000 0.000000
vt -2.356811 0.573500 0.000000
vt -2.654737 0.555000 0.000000
vt -2.409913 0.710573 0.000000
vt -2.508946 0.819207 0.000000
vt -2.695000 0.595263 0.000000
vt -2.640535 0.884730 0.000000
vt -2.750000 0.610000 0.000000
vt -2.786907 0.898294 0.000000
vt -2.805000 0.595263 0.000000
vt -2.928295 0.858065 0.000000
vt -3.045604 0.769478 0.000000
vt -2.845263 0.555000 0.000000
vt -0.130000 -1.108797 0.000000
vt -0.420000 -1.108797 0.000000
vt -0.130000 -1.256637 0.000000
vt -0.420000 -1.256637 0.000000
vt -0.130000 1.256637 0.000000
vt -0.420000 1.256637 0.000000
vt -0.130000 1.108797 0.000000
vt -0.420000 1.108797 0.000000
vt -0.420000 0.960958 0.000000
vt -0.130000 -0.960958 0.000000
vt -0.420000 -0.960958 0.000000
vt -0.130000 -0.813118 0.000000
vt -0.420000 -0.813118 0.000000
vt -0.130000 -0.665278 0.000000
vt -0.420000 -0.665278 0.000000
vt -0.130000 -0.517439 0.000000
vt -0.420000 -0.517439 0.000000
vt -0.130000 -0.369599 0.000000
vt -0.420000 -0.369599 0.000000
vt -0.130000 -0.221759 0.000000
vt -0.420000 -0.221759 0.000000
vt -0.130000 -0.073920 0.000000
vt -0.420000 -0.073920 0.000000
vt -0.130000 0.073920 0.000000
vt -0.420000 0.073920 0.000000
vt -0.130000 0.221759 0.000000
vt -0.420000 0.221759 0.000000
vt -0.130000 0.369599 0.000000
vt -0.420000 0.369599 0.000000
vt -0.130000 0.517439 0.000000
vt -0.420000 0.517439 0.000000
vt -0.130000 0.665278 0.000000
vt -0.420000 0.665278 0.000000
vt -0.130000 0.813118 0.000000
vt -0.420000 0.813118 0.000000
vt -0.130000 0.960958 0.000000
vt 1.777011 0.644497 0.000000
vt 1.750000 0.500000 0.000000
vt 2.040000 0.500000 0.000000
vt 1.777011 0.355503 0.000000
vt 2.054737 0.445000 0.000000
vt 1.854396 0.230522 0.000000
vt 2.095000 0.404737 0.000000
vt 1.971705 0.141935 0.000000
vt 2.113093 0.101706 0.000000
vt 2.150000 0.390000 0.000000
vt 2.259465 0.115270 0.000000
vt 2.205000 0.404737 0.000000
vt 2.391054 0.180793 0.000000
vt 2.245263 0.445000 0.000000
vt 2.490087 0.289427 0.000000
vt 2.543189 0.426500 0.000000
vt 2.260000 0.500000 0.000000
vt 2.543189 0.573500 0.000000
vt 2.245263 0.555000 0.000000
vt 2.490087 0.710573 0.000000
vt 2.391054 0.819207 0.000000
vt 2.205000 0.595263 0.000000
vt 2.259465 0.884730 0.000000
vt 2.150000 0.610000 0.000000
vt 2.113093 0.898294 0.000000
vt 2.095000 0.595263 0.000000
vt 1.971705 0.858065 0.000000
vt 1.854396 0.769478 0.000000
vt 2.054737 0.555000 0.000000
vt -0.130000 -1.108797 0.000000
vt -0.420000 -1.108797 0.000000
vt -0.130000 -1.256637 0.000000
vt -0.420000 -1.256637 0.000000
vt -0.130000 1.256637 0.000000
vt -0.420000 1.256637 0.000000
vt -0.130000 1.108797 0.000000
vt -0.420000 1.108797 0.000000
vt -0.420000 0.960958 0.000000
vt -0.130000 -0.960958 0.000000
vt -0.420000 -0.960958 0.000000
vt -0.130000 -0.813118 0.000000
vt -0.420000 -0.813118 0.000000
vt -0.130000 -0.665278 0.000000
vt -0.420000 -0.665278 0.000000
vt -0.130000 -0.517439 0.000000
vt -0.420000 -0.517439 0.000000
vt -0.130000 -0.369599 0.000000
vt -0.420000 -0.369599 0.000000
vt -0.130000 -0.221759 0.000000
vt -0.420000 -0.221759 0.000000
vt -0.130000 -0.073920 0.000000
vt -0.420000 -0.073920 0.000000
vt -0.130000 0.073920 0.000000
vt -0.420000 0.073920 0.000000
vt -0.130000 0.221759 0.000000
vt -0.420000 0.221759 0.000000
vt -0.130000 0.369599 0.000000
vt -0.420000 0.369599 0.000000
vt -0.130000 0.517439 0.000000
vt -0.420000 0.517439 0.000000
vt -0.130000 0.665278 0.000000
vt -0.420000 0.665278 0.000000
vt -0.130000 0.813118 0.000000
vt -0.420000 0.813118 0.000000
vt -0.130000 0.960958 0.000000
vt 0.040000 -0.536689 0.000000
vt -0.040000 -0.536689 0.000000
vt 0.040000 -0.644026 0.000000
vt -0.040000 -0.644026 0.000000
vt 0.040000 0.644026 0.000000
vt -0.040000 0.644026 0.000000
vt 0.040000 0.536689 0.000000
vt -0.040000 0.536689 0.000000
vt 0.040000 0.429351 0.000000
vt -0.040000 0.429351 0.000000
vt 0.040000 0.322013 0.000000
vt -0.040000 0.322013 0.000000
vt 0.040000 0.214675 0.000000
vt -0.040000 0.214675 0.000000
vt 0.040000 0.107338 0.000000
vt -0.040000 0.107338 0.000000
vt 0.040000 0.000000 0.000000
vt -0.040000 0.000000 0.000000
vt 0.040000 -0.107338 0.000000
vt -0.040000 -0.107338 0.000000
vt 0.040000 -0.214675 0.000000
vt -0.040000 -0.214675 0.000000
vt 0.040000 -0.322013 0.000000
vt -0.040000 -0.322013 0.000000
vt 0.040000 -0.429351 0.000000
vt -0.040000 -0.429351 0.000000
vt 0.010607 -0.082467 0.000000
vt 0.144957 -0.082467 0.000000
vt 0.010607 -0.000000 0.000000
vt 0.144957 -0.000000 0.000000
vt 0.010607 0.082467 0.000000
vt 0.144957 0.082467 0.000000
vt 0.010607 0.164934 0.000000
vt 0.144957 0.164934 0.000000
vt 0.010607 0.247400 0.000000
vt 0.144957 0.247400 0.000000
vt 0.010607 0.329867 0.000000
vt 0.144957 0.329867 0.000000
vt 0.010607 0.412334 0.000000
vt 0.144957 0.412334 0.000000
vt 0.010607 0.494801 0.000000
vt 0.144957 0.494801 0.000000
vt 0.010607 -0.494801 0.000000
vt 0.144957 -0.494801 0.000000
vt 0.010607 -0.412334 0.000000
vt 0.144957 -0.412334 0.000000
vt 0.010607 -0.329867 0.000000
vt 0.144957 -0.329867 0.000000
vt 0.010607 -0.247400 0.000000
vt 0.144957 -0.247400 0.000000
vt 0.010607 -0.164934 0.000000
vt 0.144957 -0.164934 0.000000
vt 0.040000 -0.536689 0.000000
vt -0.040000 -0.536689 0.000000
vt 0.040000 -0.644026 0.000000
vt -0.040000 -0.644026 0.000000
vt 0.040000 0.644026 0.000000
vt -0.040000 0.644026 0.000000
vt 0.040000 0.536689 0.000000
vt -0.040000 0.536689 0.000000
vt 0.040000 0.429351 0.000000
vt -0.040000 0.429351 0.000000
vt 0.040000 0.322013 0.000000
vt -0.040000 0.322013 0.000000
vt 0.040000 0.214675 0.000000
vt -0.040000 0.214675 0.000000
vt 0.040000 0.107338 0.000000
vt -0.040000 0.107338 0.000000
vt 0.040000 0.000000 0.000000
vt -0.040000 0.000000 0.000000
vt 0.040000 -0.107338 0.000000
vt -0.040000 -0.107338 0.000000
vt 0.040000 -0.214675 0.000000
vt -0.040000 -0.214675 0.000000
vt 0.040000 -0.322013 0.000000
vt -0.040000 -0.322013 0.000000
vt 0.040000 -0.429351 0.000000
vt -0.040000 -0.429351 0.000000
vt 0.010607 -0.082467 0.000000
vt 0.144957 -0.082467 0.000000
vt 0.010607 -0.000000 0.000000
vt 0.144957 -0.000000 0.000000
vt 0.010607 0.082467 0.000000
vt 0.144957 0.082467 0.000000
vt 0.010607 0.164934 0.000000
vt 0.144957 0.164934 0.000000
vt 0.010607 0.247400 0.000000
vt 0.144957 0.247400 0.000000
vt 0.010607 0.329867 0.000000
vt 0.144957 0.329867 0.000000
vt 0.010607 0.412334 0.000000
vt 0.144957 0.412334 0.000000
vt 0.010607 0.494801 0.000000
vt 0.144957 0.494801 0.000000
vt 0.010607 -0.494801 0.000000
vt 0.144957 -0.494801 0.000000
vt 0.010607 -0.412334 0.000000
vt 0.144957 -0.412334 0.000000
vt 0.010607 -0.329867 0.000000
vt 0.144957 -0.329867 0.000000
vt 0.010607 -0.247400 0.000000
vt 0.144957 -0.247400 0.000000
vt 0.010607 -0.164934 0.000000
vt 0.144957 -0.164934 0.000000
vt 0.420000 -0.287979 0.000000
vt 0.175000 -0.287979 0.000000
vt 0.420000 -0.345575 0.000000
vt 0.175000 -0.345575 0.000000
vt 0.420000 0.345575 0.000000
vt 0.175000 0.345575 0.000000
vt 0.420000 0.287979 0.000000
vt 0.175000 0.287979 0.000000
vt 0.420000 0.230383 0.000000
vt 0.175000 0.230383 0.000000
vt 0.420000 0.172788 0.000000
vt 0.175000 0.172788 0.000000
vt 0.420000 0.115192 0.000000
vt 0.175000 0.115192 0.000000
vt 0.420000 0.057596 0.000000
vt 0.175000 0.057596 0.000000
vt 0.420000 -0.000000 0.000000
vt 0.175000 -0.000000 0.000000
vt 0.420000 -0.057596 0.000000
vt 0.175000 -0.057596 0.000000
vt 0.420000 -0.115192 0.000000
vt 0.175000 -0.115192 0.000000
vt 0.420000 -0.172788 0.000000
vt 0.175000 -0.172788 0.000000
vt 0.420000 -0.230383 0.000000
vt 0.175000 -0.230383 0.000000
vt 0.420000 -0.287979 0.000000
vt 0.175000 -0.287979 0.000000
vt 0.420000 -0.345575 0.000000
vt 0.175000 -0.345575 0.000000
vt 0.420000 0.345575 0.000000
vt 0.175000 0.345575 0.000000
vt 0.420000 0.287979 0.000000
vt 0.175000 0.287979 0.000000
vt 0.420000 0.230383 0.000000
vt 0.175000 0.230383 0.000000
vt 0.420000 0.172788 0.000000
vt 0.175000 0.172788 0.000000
vt 0.420000 0.115192 0.000000
vt 0.175000 0.115192 0.000000
vt 0.420000 0.057596 0.000000
vt 0.175000 0.057596 0.000000
vt 0.420000 0.000000 0.000000
vt 0.175000 0.000000 0.000000
vt 0.420000 -0.057596 0.000000
vt 0.175000 -0.057596 0.000000
vt 0.420000 -0.115192 0.000000
vt 0.175000 -0.115192 0.000000
vt 0.420000 -0.172788 0.000000
vt 0.175000 -0.172788 0.000000
vt 0.420000 -0.230383 0.000000
vt 0.175000 -0.230383 0.000000
vt 0.144497 0.372989 0.000000
vt 0.000000 0.400000 0.000000
vt 0.000000 0.140000 0.000000
vt -0.144497 0.372989 0.000000
vt -0.070000 0.121244 0.000000
vt -0.269478 0.295604 0.000000
vt -0.121244 0.070000 0.000000
vt -0.358065 0.178295 0.000000
vt -0.398294 0.036907 0.000000
vt -0.140000 0.000000 0.000000
vt -0.384730 -0.109465 0.000000
vt -0.121244 -0.070000 0.000000
vt -0.319207 -0.241054 0.000000
vt -0.070000 -0.121244 0.000000
vt -0.210573 -0.340087 0.000000
vt -0.073500 -0.393189 0.000000
vt -0.000000 -0.140000 0.000000
vt 0.073500 -0.393189 0.000000
vt 0.070000 -0.121244 0.000000
vt 0.210573 -0.340087 0.000000
vt 0.319207 -0.241054 0.000000
vt 0.121244 -0.070000 0.000000
vt 0.384730 -0.109465 0.000000
vt 0.140000 -0.000000 0.000000
vt 0.398294 0.036907 0.000000
vt 0.121244 0.070000 0.000000
vt 0.358065 0.178295 0.000000
vt 0.269478 0.295604 0.000000
vt 0.070000 0.121244 0.000000
vt -0.130000 -1.108797 0.000000
vt -0.490000 -1.108797 0.000000
vt -0.130000 -1.256637 0.000000
vt -0.490000 -1.256637 0.000000
vt -0.130000 1.256637 0.000000
vt -0.490000 1.256637 0.000000
vt -0.130000 1.108797 0.000000
vt -0.490000 1.108797 0.000000
vt -0.490000 0.960958 0.000000
vt -0.130000 -0.960958 0.000000
vt -0.490000 -0.960958 0.000000
vt -0.130000 -0.813118 0.000000
vt -0.490000 -0.813118 0.000000
vt -0.130000 -0.665278 0.000000
vt -0.490000 -0.665278 0.000000
vt -0.130000 -0.517439 0.000000
vt -0.490000 -0.517439 0.000000
vt -0.130000 -0.369599 0.000000
vt -0.490000 -0.369599 0.000000
vt -0.130000 -0.221759 0.000000
vt -0.490000 -0.221759 0.000000
vt -0.130000 -0.073920 0.000000
vt -0.490000 -0.073920 0.000000
vt -0.130000 0.073920 0.000000
vt -0.490000 0.073920 0.000000
vt -0.130000 0.221759 0.000000
vt -0.490000 0.221759 0.000000
vt -0.130000 0.369599 0.000000
vt -0.490000 0.369599 0.000000
vt -0.130000 0.517439 0.000000
vt -0.490000 0.517439 0.000000
vt -0.130000 0.665278 0.000000
vt -0.490000 0.665278 0.000000
vt -0.130000 0.813118 0.000000
vt -0.490000 0.813118 0.000000
vt -0.130000 0.960958 0.000000
vt 0.040000 -0.536689 0.000000
vt -0.040000 -0.536689 0.000000
vt 0.040000 -0.644026 0.000000
vt -0.040000 -0.644026 0.000000
vt 0.040000 0.644026 0.000000
vt -0.040000 0.644026 0.000000
vt 0.040000 0.536689 0.000000
vt -0.040000 0.536689 0.000000
vt 0.040000 0.429351 0.000000
vt -0.040000 0.429351 0.000000
vt 0.040000 0.322013 0.000000
vt -0.040000 0.322013 0.000000
vt 0.040000 0.214675 0.000000
vt -0.040000 0.214675 0.000000
vt 0.040000 0.107338 0.000000
vt -0.040000 0.107338 0.000000
vt 0.040000 -0.000000 0.000000
vt -0.040000 0.000000 0.000000
vt 0.040000 -0.107338 0.000000
vt -0.040000 -0.107338 0.000000
vt 0.040000 -0.214675 0.000000
vt -0.040000 -0.214675 0.000000
vt 0.040000 -0.322013 0.000000
vt -0.040000 -0.322013 0.000000
vt 0.040000 -0.429351 0.000000
vt -0.040000 -0.429351 0.000000
vt 0.053033 0.180642 0.000000
vt 0.144957 0.180642 0.000000
vt 0.053033 0.270962 0.000000
vt 0.144957 0.270962 0.000000
vt 0.053033 0.361283 0.000000
vt 0.144957 0.361283 0.000000
vt 0.053033 0.451604 0.000000
vt 0.144957 0.451604 0.000000
vt 0.053033 0.541925 0.000000
vt 0.144957 0.541925 0.000000
vt 0.053033 -0.541925 0.000000
vt 0.144957 -0.541925 0.000000
vt 0.053033 -0.451604 0.000000
vt 0.144957 -0.451604 0.000000
vt 0.053033 -0.361283 0.000000
vt 0.144957 -0.361283 0.000000
vt 0.053033 -0.270962 0.000000
vt 0.144957 -0.270962 0.000000
vt 0.053033 -0.180642 0.000000
vt 0.144957 -0.180642 0.000000
vt 0.053033 -0.090321 0.000000
vt 0.144957 -0.090321 0.000000
vt 0.053033 -0.000000 0.000000
vt 0.144957 -0.000000 0.000000
vt 0.053033 0.090321 0.000000
vt 0.144957 0.090321 0.000000
vt 0.490000 -0.366519 0.000000
vt 0.145000 -0.366519 0.000000
vt 0.490000 -0.439823 0.000000
vt 0.145000 -0.439823 0.000000
vt 0.490000 0.439823 0.000000
vt 0.145000 0.439823 0.000000
vt 0.490000 0.366519 0.000000
vt 0.145000 0.366519 0.000000
vt 0.490000 0.293215 0.000000
vt 0.145000 0.293215 0.000000
vt 0.490000 0.219911 0.000000
vt 0.145000 0.219911 0.000000
vt 0.490000 0.146608 0.000000
vt 0.145000 0.146608 0.000000
vt 0.490000 0.073304 0.000000
vt 0.145000 0.073304 0.000000
vt 0.490000 -0.000000 0.000000
vt 0.145000 -0.000000 0.000000
vt 0.490000 -0.073304 0.000000
vt 0.145000 -0.073304 0.000000
vt 0.490000 -0.146608 0.000000
vt 0.145000 -0.146608 0.000000
vt 0.490000 -0.219911 0.000000
vt 0.145000 -0.219911 0.000000
vt 0.490000 -0.293215 0.000000
vt 0.145000 -0.293215 0.000000
vt 3.469703 0.028365 0.000000
vt 3.575483 0.094570 0.000000
vt 3.342684 0.001351 0.000000
vt 3.639041 0.193948 0.000000
vt 3.649557 0.253039 0.000000
vt 3.288288 0.313227 0.000000
vt 3.642996 0.313455 0.000000
vt 3.619687 0.370358 0.000000
vt 3.582109 0.419846 0.000000
vt 3.477230 0.489618 0.000000
vt 3.351563 0.519047 0.000000
vt 3.219941 0.511412 0.000000
vt 3.096661 0.470199 0.000000
vt 2.999858 0.402115 0.000000
vt 2.943003 0.313006 0.000000
vt 2.934566 0.261079 0.000000
vt 2.942819 0.208590 0.000000
vt 3.001449 0.117326 0.000000
vt 3.094867 0.051710 0.000000
vt 3.213514 0.010886 0.000000
vt 0.000000 0.691150 0.000000
vt 1.650025 0.691150 0.000000
vt 0.000000 0.816814 0.000000
vt 1.650025 0.816814 0.000000
vt 0.000000 -0.816814 0.000000
vt 1.650025 -0.816814 0.000000
vt 0.000000 -0.691150 0.000000
vt 1.650025 -0.691150 0.000000
vt 0.000000 -0.565487 0.000000
vt 1.650025 -0.565487 0.000000
vt 0.000000 -0.439823 0.000000
vt 1.650025 -0.439823 0.000000
vt 0.000000 -0.314159 0.000000
vt 1.650025 -0.314159 0.000000
vt 0.000000 -0.188496 0.000000
vt 1.650025 -0.188496 0.000000
vt 0.000000 -0.062832 0.000000
vt 1.650025 -0.062832 0.000000
vt 0.000000 0.062832 0.000000
vt 1.650025 0.062832 0.000000
vt 0.000000 0.188496 0.000000
vt 1.650025 0.188496 0.000000
vt 0.000000 0.314159 0.000000
vt 1.650025 0.314159 0.000000
vt 0.000000 0.439823 0.000000
vt 1.650025 0.439823 0.000000
vt 0.000000 0.565487 0.000000
vt 1.650025 0.565487 0.000000
vt 3.188872 0.286941 0.000000
vt 3.255265 0.179967 0.000000
vt 3.293779 0.067309 0.000000
vt 3.300050 0.007470 0.000000
vt 3.296143 -0.053321 0.000000
vt 3.282162 -0.113414 0.000000
vt 3.259329 -0.171509 0.000000
vt 3.193690 -0.280376 0.000000
vt 3.111401 -0.380838 0.000000
vt 3.021056 -0.477380 0.000000
vt 2.932697 -0.572879 0.000000
vt 2.860846 -0.667067 0.000000
vt 2.817650 -0.763953 0.000000
vt 2.811178 -0.816242 0.000000
vt 2.817508 -0.869082 0.000000
vt 2.817508 0.764546 0.000000
vt 2.862043 0.665181 0.000000
vt 2.931386 0.574389 0.000000
vt 3.016537 0.482115 0.000000
vt 3.105439 0.387460 0.000000
vt 0.325047 4.030000 0.000000
vt 0.330172 3.645087 0.000000
vt 7.935056 4.030000 0.000000
vt 7.504363 3.042061 0.000000
vt 7.956265 3.440529 0.000000
vt 7.606863 3.069525 0.000000
vt 8.003607 3.148746 0.000000
vt 7.709363 3.042061 0.000000
vt 8.044589 3.006841 0.000000
vt 7.784398 2.967025 0.000000
vt 8.100121 2.869613 0.000000
vt 7.811863 2.864525 0.000000
vt 7.784398 2.762025 0.000000
vt 7.429327 2.967025 0.000000
vt 0.351482 3.260818 0.000000
vt 0.399293 2.878748 0.000000
vt 7.401863 2.864525 0.000000
vt 0.481889 2.502932 0.000000
vt 7.429327 2.762025 0.000000
vt 0.606307 2.138886 0.000000
vt 0.776648 1.793652 0.000000
vt 7.504363 2.686990 0.000000
vt 0.993488 1.476081 0.000000
vt 1.255135 1.193949 0.000000
vt 4.130000 0.325000 0.000000
vt 1.554502 0.951931 0.000000
vt 1.883709 0.753453 0.000000
vt 2.235351 0.597329 0.000000
vt 2.978933 0.399933 0.000000
vt 3.360917 0.351685 0.000000
vt 3.745037 0.329972 0.000000
vt 2.602297 0.480598 0.000000
vt 9.093913 0.325000 0.000000
vt 8.750463 2.302201 0.000000
vt 8.613681 2.358462 0.000000
vt 7.606863 2.659525 0.000000
vt 8.484393 2.430097 0.000000
vt 8.365840 2.518178 0.000000
vt 9.093913 2.219228 0.000000
vt 9.090065 2.219826 0.000000
vt 9.072241 2.222676 0.000000
vt 9.054438 2.225656 0.000000
vt 9.036657 2.228768 0.000000
vt 8.260868 2.622305 0.000000
vt 7.709363 2.686990 0.000000
vt 8.171836 2.740309 0.000000
vt -0.046314 0.679715 0.000000
vt -0.046314 0.098481 0.000000
vt -0.021574 0.541272 0.000000
vt -0.023157 0.098452 0.000000
vt -0.000000 0.098415 0.000000
vt -0.000000 0.679665 0.000000
vt -0.021574 0.776540 0.000000
vt -0.046314 0.970332 0.000000
vt -0.021574 1.011808 0.000000
vt -0.046314 1.260949 0.000000
vt -0.021574 1.247076 0.000000
vt -0.046314 1.406257 0.000000
vt -0.021574 1.482344 0.000000
vt -0.046314 1.551565 0.000000
vt -0.021574 1.717612 0.000000
vt -0.046314 1.696874 0.000000
vt -0.046314 1.842182 0.000000
vt -0.021574 1.952880 0.000000
vt -0.046314 1.987491 0.000000
vt -0.046314 2.132799 0.000000
vt -0.021574 2.188148 0.000000
vt -0.046314 2.423416 0.000000
vt -0.030867 2.423416 0.000000
vt -0.015447 2.423416 0.000000
vt -0.000000 2.132791 0.000000
vt -0.000000 2.423416 0.000000
vt -0.000000 0.970290 0.000000
vt -0.000000 1.115603 0.000000
vt -0.000000 1.260915 0.000000
vt -0.000000 1.406228 0.000000
vt -0.000000 1.551540 0.000000
vt -0.000000 1.696853 0.000000
vt -0.000000 1.842165 0.000000
vt -0.000000 1.987478 0.000000
vt -0.000000 6.217336 0.000000
vt -0.023167 6.217367 0.000000
vt -0.000000 5.828752 0.000000
vt -0.021589 5.773293 0.000000
vt -0.000000 5.440169 0.000000
vt -0.021589 5.329193 0.000000
vt -0.000000 5.051585 0.000000
vt -0.021589 5.014623 0.000000
vt -0.021589 4.700053 0.000000
vt -0.046334 5.051631 0.000000
vt -0.046334 4.663044 0.000000
vt -0.046334 6.217392 0.000000
vt -0.046334 5.828805 0.000000
vt -0.046334 5.440218 0.000000
vt -0.021589 4.385482 0.000000
vt -0.046334 4.274457 0.000000
vt -0.021589 4.070912 0.000000
vt -0.046334 3.885870 0.000000
vt -0.021589 3.756341 0.000000
vt -0.046334 3.497283 0.000000
vt -0.021589 3.441771 0.000000
vt -0.046334 3.108696 0.000000
vt -0.021589 3.127200 0.000000
vt -0.021589 2.812630 0.000000
vt -0.000000 3.108668 0.000000
vt -0.000000 2.720084 0.000000
vt -0.021589 2.498059 0.000000
vt -0.000000 2.331501 0.000000
vt -0.021589 2.183489 0.000000
vt -0.000000 1.942917 0.000000
vt -0.021589 1.868919 0.000000
vt -0.000000 1.554334 0.000000
vt -0.021589 1.554341 0.000000
vt -0.021589 1.239778 0.000000
vt -0.046334 1.554348 0.000000
vt -0.046334 1.165761 0.000000
vt -0.046334 2.720109 0.000000
vt -0.046334 2.331522 0.000000
vt -0.046334 1.942935 0.000000
vt -0.021589 0.925207 0.000000
vt -0.046334 0.777174 0.000000
vt -0.021589 0.610637 0.000000
vt -0.046334 0.388587 0.000000
vt -0.021589 0.296066 0.000000
vt -0.030880 0.000000 0.000000
vt -0.015453 0.000000 0.000000
vt -0.046334 0.000000 0.000000
vt -0.000000 0.000000 0.000000
vt -0.000000 0.388583 0.000000
vt -0.000000 0.777167 0.000000
vt -0.000000 1.165750 0.000000
vt -0.000000 3.497251 0.000000
vt -0.000000 3.885835 0.000000
vt -0.000000 4.274418 0.000000
vt -0.000000 4.663002 0.000000
vt 0.483489 1.632129 0.000000
vt 0.483505 2.081614 0.000000
vt 0.254123 1.719313 0.000000
vt 0.025009 2.082015 0.000000
vt 0.024888 1.564612 0.000000
vt 0.025377 1.299344 0.000000
vt 0.254123 1.356610 0.000000
vt 0.254123 1.537961 0.000000
vt 0.254123 1.193394 0.000000
vt 0.025338 1.040446 0.000000
vt 0.254123 1.030177 0.000000
vt 0.024823 0.917297 0.000000
vt 0.254123 0.866961 0.000000
vt 0.025035 0.799196 0.000000
vt 0.254123 0.703745 0.000000
vt 0.025022 0.681219 0.000000
vt 0.254123 0.540529 0.000000
vt 0.024962 0.560323 0.000000
vt 0.025012 0.435767 0.000000
vt 0.254123 0.377312 0.000000
vt 0.025002 0.308632 0.000000
vt 0.254123 0.214096 0.000000
vt 0.025009 0.050880 0.000000
vt 0.483505 0.050880 0.000000
vt 0.483592 0.304397 0.000000
vt 0.483457 0.574006 0.000000
vt 0.483585 0.710189 0.000000
vt 0.483592 0.845485 0.000000
vt 0.483475 0.980756 0.000000
vt 0.483457 1.116264 0.000000
vt 0.483409 1.381960 0.000000
vt 0.024880 0.815039 0.000000
vt 0.025000 0.172837 0.000000
vt 0.254192 0.537225 0.000000
vt 0.483324 0.172181 0.000000
vt 0.483136 0.844733 0.000000
vt 0.254192 1.017001 0.000000
vt 0.483273 1.475718 0.000000
vt 0.254192 1.496777 0.000000
vt 0.254192 1.976553 0.000000
vt 0.024934 1.430684 0.000000
vt 0.025026 2.029533 0.000000
vt 0.254192 2.456329 0.000000
vt 0.025013 2.614584 0.000000
vt 0.254192 2.798951 0.000000
vt 0.025026 3.147751 0.000000
vt 0.254192 3.141574 0.000000
vt 0.254192 3.484196 0.000000
vt 0.483359 3.180222 0.000000
vt 0.483161 3.633892 0.000000
vt 0.483318 2.079816 0.000000
vt 0.483229 2.661202 0.000000
vt 0.254192 3.826818 0.000000
vt 0.483505 4.044618 0.000000
vt 0.254192 4.158019 0.000000
vt 0.483085 4.442899 0.000000
vt 0.254192 4.489221 0.000000
vt 0.483471 4.843150 0.000000
vt 0.254192 4.820422 0.000000
vt 0.254192 5.151624 0.000000
vt 0.025195 4.864073 0.000000
vt 0.025242 5.269290 0.000000
vt 0.254192 5.482825 0.000000
vt 0.024880 5.669777 0.000000
vt 0.254192 5.814026 0.000000
vt 0.024970 6.066135 0.000000
vt 0.254192 6.145228 0.000000
vt 0.025049 6.458327 0.000000
vt 0.254192 6.476429 0.000000
vt 0.254192 6.750632 0.000000
vt 0.483328 6.423979 0.000000
vt 0.483350 6.839406 0.000000
vt 0.483505 5.240256 0.000000
vt 0.483238 5.635783 0.000000
vt 0.483333 6.030598 0.000000
vt 0.254192 7.024835 0.000000
vt 0.483330 7.300091 0.000000
vt 0.254192 7.435877 0.000000
vt 0.483324 7.846918 0.000000
vt 0.025000 7.846918 0.000000
vt 0.024880 7.323234 0.000000
vt 0.024880 6.870750 0.000000
vt 0.024880 4.452402 0.000000
vt 0.025088 4.040789 0.000000
vt 0.024880 3.615882 0.000000
vt -0.000000 1.882601 0.000000
vt -0.016090 1.882605 0.000000
vt -0.000000 1.411951 0.000000
vt -0.015499 1.344727 0.000000
vt -0.000000 1.176626 0.000000
vt -0.015499 1.176630 0.000000
vt -0.015499 1.008545 0.000000
vt -0.032180 1.176636 0.000000
vt -0.032180 0.941309 0.000000
vt -0.032180 1.882617 0.000000
vt -0.032180 1.411963 0.000000
vt -0.015499 0.840454 0.000000
vt -0.032180 0.823645 0.000000
vt -0.032180 0.705981 0.000000
vt -0.015499 0.672363 0.000000
vt -0.032180 0.588318 0.000000
vt -0.015499 0.504272 0.000000
vt -0.032180 0.470654 0.000000
vt -0.015499 0.336182 0.000000
vt -0.032180 0.235327 0.000000
vt -0.015499 0.168091 0.000000
vt -0.021452 0.000000 0.000000
vt -0.010728 0.000000 0.000000
vt -0.032180 0.000000 0.000000
vt -0.000000 0.000000 0.000000
vt -0.000000 0.235325 0.000000
vt -0.000000 0.470650 0.000000
vt -0.000000 0.588313 0.000000
vt -0.000000 0.705975 0.000000
vt -0.000000 0.823638 0.000000
vt -0.000000 0.941300 0.000000
vt -0.032172 0.520584 0.000000
vt -0.032172 0.101664 0.000000
vt -0.015500 0.420827 0.000000
vt -0.016086 0.101653 0.000000
vt -0.000000 0.101650 0.000000
vt -0.000000 0.520571 0.000000
vt -0.015500 0.749980 0.000000
vt -0.032172 0.939504 0.000000
vt -0.015500 1.079132 0.000000
vt -0.032172 1.358424 0.000000
vt -0.015500 1.408284 0.000000
vt -0.032172 1.777344 0.000000
vt -0.015500 1.737436 0.000000
vt -0.015500 2.066589 0.000000
vt -0.000000 1.777334 0.000000
vt -0.000000 2.196255 0.000000
vt -0.000000 0.939492 0.000000
vt -0.000000 1.358413 0.000000
vt -0.015500 2.395741 0.000000
vt -0.000000 2.615176 0.000000
vt -0.015500 2.724893 0.000000
vt -0.000000 3.034097 0.000000
vt -0.015500 3.054045 0.000000
vt -0.015500 3.383198 0.000000
vt -0.032172 3.034105 0.000000
vt -0.032172 3.453025 0.000000
vt -0.015500 3.712350 0.000000
vt -0.032172 3.871945 0.000000
vt -0.015500 4.041502 0.000000
vt -0.032172 4.290865 0.000000
vt -0.015500 4.370654 0.000000
vt -0.032172 4.709785 0.000000
vt -0.015500 4.699807 0.000000
vt -0.015500 5.028959 0.000000
vt -0.000000 4.709781 0.000000
vt -0.000000 5.128702 0.000000
vt -0.000000 3.453018 0.000000
vt -0.000000 3.871939 0.000000
vt -0.000000 4.290860 0.000000
vt -0.015500 5.358111 0.000000
vt -0.000000 5.547623 0.000000
vt -0.015500 5.687263 0.000000
vt -0.000000 5.966544 0.000000
vt -0.015500 6.245825 0.000000
vt -0.000000 6.385465 0.000000
vt -0.021446 6.804386 0.000000
vt -0.010725 6.804386 0.000000
vt -0.000000 6.804386 0.000000
vt -0.032172 6.804386 0.000000
vt -0.032172 6.385466 0.000000
vt -0.032172 5.966546 0.000000
vt -0.032172 5.547626 0.000000
vt -0.032172 5.128706 0.000000
vt -0.032172 2.615185 0.000000
vt -0.032172 2.196264 0.000000
vt 0.402830 0.063419 0.000000
vt 0.366890 0.204867 0.000000
vt 0.366889 0.204867 0.000000
vt 0.323043 0.514106 0.000000
vt 0.323041 0.514105 0.000000
vt 0.306335 0.852511 0.000000
vt 0.306334 0.852511 0.000000
vt 0.303891 1.209524 0.000000
vt -0.100000 0.455787 0.000000
vt -0.100000 0.001698 0.000000
vt 0.000000 0.455787 0.000000
vt 0.000000 0.001698 0.000000
vt -0.100000 7.607453 0.000000
vt -0.100000 0.002547 0.000000
vt -0.000000 7.607453 0.000000
vt -0.000000 0.002547 0.000000
vt -0.000000 0.456635 0.000000
vt -0.100000 0.456635 0.000000
vt -0.000000 0.002547 0.000000
vt -0.100000 0.002547 0.000000
vt -1.106735 -8.640816 0.000000
vt -0.745576 -8.591334 0.000000
vt -0.745576 -8.591333 0.000000
vt -0.391859 -8.512321 0.000000
vt -0.391860 -8.512320 0.000000
vt -0.051126 -8.399870 0.000000
vt -0.051127 -8.399869 0.000000
vt 0.271688 -8.251575 0.000000
vt 0.271687 -8.251574 0.000000
vt 0.572585 -8.067359 0.000000
vt 0.572583 -8.067358 0.000000
vt 0.847719 -7.847495 0.000000
vt 0.847718 -7.847494 0.000000
vt 1.094111 -7.593988 0.000000
vt 1.094109 -7.593987 0.000000
vt 1.309335 -7.309965 0.000000
vt 1.309333 -7.309964 0.000000
vt 1.491392 -6.999134 0.000000
vt 1.491390 -6.999134 0.000000
vt 1.639936 -6.667463 0.000000
vt 1.639933 -6.667462 0.000000
vt 1.755057 -6.321497 0.000000
vt 1.755055 -6.321497 0.000000
vt 1.838156 -5.968755 0.000000
vt 1.838154 -5.968755 0.000000
vt 1.892665 -5.618261 0.000000
vt 1.892667 -5.618261 0.000000
vt 1.922435 -5.279210 0.000000
vt -0.378845 8.288511 0.000000
vt -0.378845 8.350347 0.000000
vt -0.388845 8.288511 0.000000
vt -0.388845 8.353652 0.000000
vt -0.346667 8.410495 0.000000
vt -0.341632 8.400499 0.000000
vt -0.111597 8.726948 0.000000
vt -0.106570 8.716948 0.000000
vt 1.738788 8.716948 0.000000
vt 1.743815 8.726948 0.000000
vt 1.776044 8.666827 0.000000
vt 1.786041 8.670140 0.000000
vt 2.011064 8.350347 0.000000
vt 2.021064 8.353652 0.000000
vt 2.021064 -4.674646 0.000000
vt 2.011064 -4.674631 0.000000
vt 2.019517 -4.947299 0.000000
vt 2.009516 -4.947140 0.000000
vt 2.008511 -5.263825 0.000000
vt 1.998524 -5.263266 0.000000
vt 1.978498 -5.615810 0.000000
vt 1.968566 -5.614644 0.000000
vt 1.919930 -5.994842 0.000000
vt 1.910118 -5.992912 0.000000
vt 1.847853 -6.305360 0.000000
vt 1.838205 -6.302731 0.000000
vt 1.752636 -6.609021 0.000000
vt 1.743228 -6.605632 0.000000
vt 1.632504 -6.903667 0.000000
vt 1.623426 -6.899473 0.000000
vt 1.485679 -7.187140 0.000000
vt 1.477036 -7.182111 0.000000
vt 1.332622 -7.425929 0.000000
vt 1.324466 -7.420147 0.000000
vt 1.159266 -7.648576 0.000000
vt 1.151686 -7.642058 0.000000
vt 0.965489 -7.853843 0.000000
vt 0.958571 -7.846625 0.000000
vt 0.751174 -8.040494 0.000000
vt 0.744997 -8.032629 0.000000
vt 0.457814 -8.243864 0.000000
vt 0.452634 -8.235312 0.000000
vt 0.171425 -8.397078 0.000000
vt 0.167194 -8.388020 0.000000
vt -0.098152 -8.508476 0.000000
vt -0.101540 -8.499069 0.000000
vt -0.341075 -8.586400 0.000000
vt -0.343781 -8.576773 0.000000
vt -0.769604 -8.681877 0.000000
vt -0.771247 -8.672007 0.000000
vt -1.187966 -8.733580 0.000000
vt -1.188783 -8.723602 0.000000
vt -1.588585 -8.754950 0.000000
vt -1.588845 -8.744947 0.000000
vt -1.963891 -8.759430 0.000000
vt -1.963891 -8.749430 0.000000
vt -0.450577 -0.068076 0.000000
vt -0.550650 -0.247848 0.000000
vt -0.550649 -0.247849 0.000000
vt -0.684959 -0.397379 0.000000
vt -0.684956 -0.397381 0.000000
vt -0.851790 -0.511064 0.000000
vt -0.851786 -0.511066 0.000000
vt -1.047360 -0.589638 0.000000
vt -1.047354 -0.589639 0.000000
vt -1.267083 -0.638135 0.000000
vt -1.267088 -0.638134 0.000000
vt -1.509904 -0.663376 0.000000
vt -1.509908 -0.663376 0.000000
vt -1.776072 -0.672990 0.000000
vt -1.776074 -0.672990 0.000000
vt -2.063891 -0.674524 0.000000
vt -0.674524 1.120453 0.000000
vt -0.924524 1.120453 0.000000
vt -0.674524 1.080453 0.000000
vt -0.924524 1.080453 0.000000
vt -8.749430 1.892088 0.000000
vt -8.762541 -3.462881 0.000000
vt -8.749430 -3.461183 0.000000
vt -8.762358 -3.464587 0.000000
vt -8.761815 -3.466216 0.000000
vt -8.476977 2.255359 0.000000
vt -8.760938 1.898597 0.000000
vt -8.761815 1.897121 0.000000
vt -8.762358 1.895493 0.000000
vt -0.872071 2.255359 0.000000
vt -8.479524 2.268470 0.000000
vt -8.481963 2.268090 0.000000
vt -8.484171 2.266986 0.000000
vt -0.599617 1.892088 0.000000
vt -0.588110 1.898597 0.000000
vt -0.863110 2.265263 0.000000
vt -0.864877 2.266986 0.000000
vt -0.599617 -3.461183 0.000000
vt -0.586506 -3.462881 0.000000
vt -0.586506 1.893786 0.000000
vt -0.586690 1.895493 0.000000
vt -0.872071 -3.824454 0.000000
vt -0.588110 -3.467691 0.000000
vt -0.587233 -3.466216 0.000000
vt -0.586690 -3.464587 0.000000
vt -1.774524 -3.824454 0.000000
vt -1.774524 -3.837565 0.000000
vt -0.869524 -3.837565 0.000000
vt -0.867085 -3.837185 0.000000
vt -0.864877 -3.836081 0.000000
vt -0.863110 -3.834358 0.000000
vt -0.587233 1.897121 0.000000
vt -0.867085 2.268090 0.000000
vt -0.869524 2.268470 0.000000
vt -8.485938 2.265263 0.000000
vt -8.762541 1.893786 0.000000
vt -8.760938 -3.467691 0.000000
vt -8.476977 -3.824454 0.000000
vt -8.485938 -3.834358 0.000000
vt -8.484171 -3.836081 0.000000
vt -8.481963 -3.837185 0.000000
vt -8.479524 -3.837565 0.000000
vt -7.574524 -3.837565 0.000000
vt -7.574524 -3.824454 0.000000
vt -8.674524 -1.019547 0.000000
vt -8.524524 -1.019547 0.000000
vt -8.674524 -0.979547 0.000000
vt -8.524524 -0.979547 0.000000
vt 0.298944 -1.337731 0.000000
vt 0.285867 -0.655960 0.000000
vt 0.048944 -1.336926 0.000000
vt 0.257696 -0.309447 0.000000
vt 0.205881 0.034351 0.000000
vt -0.112530 -0.947884 0.000000
vt 0.126644 0.370617 0.000000
vt 0.016624 0.694554 0.000000
vt -0.301556 -0.580796 0.000000
vt -0.126074 1.001949 0.000000
vt -0.301526 1.289373 0.000000
vt -9.766367 0.040000 0.000000
vt -10.188352 0.040000 0.000000
vt -9.766367 0.000000 0.000000
vt -10.188352 0.000000 0.000000
vt -10.599686 0.040000 0.000000
vt -10.599686 0.000000 0.000000
vt 0.250001 0.020000 0.000000
vt -0.000000 0.020000 0.000000
vt 0.250001 -0.020000 0.000000
vt 0.000000 -0.020000 0.000000
vt 0.301525 1.289374 0.000000
vt 0.126074 1.001949 0.000000
vt 0.301556 -0.580796 0.000000
vt -0.016624 0.694554 0.000000
vt 0.112530 -0.947884 0.000000
vt -0.126644 0.370618 0.000000
vt -0.205880 0.034351 0.000000
vt -0.048944 -1.336926 0.000000
vt -0.257696 -0.309447 0.000000
vt -0.285867 -0.655960 0.000000
vt -0.298944 -1.337731 0.000000
vt -2.626912 -1.236705 0.000000
vt -2.626196 -1.256637 0.000000
vt -0.000123 -1.256637 0.000000
vt -0.000123 1.256637 0.000000
vt -2.626196 1.256637 0.000000
vt -2.626910 1.236705 0.000000
vt -2.643707 1.157400 0.000000
vt -0.000123 1.099557 0.000000
vt -2.678126 1.083457 0.000000
vt -0.000123 0.942478 0.000000
vt -2.778749 0.947354 0.000000
vt -2.908214 0.810595 0.000000
vt -0.000123 0.785398 0.000000
vt -3.042826 0.674237 0.000000
vt -0.000123 0.628319 0.000000
vt -3.170673 0.531992 0.000000
vt -0.000123 0.471239 0.000000
vt -3.229114 0.456406 0.000000
vt -3.281848 0.376970 0.000000
vt -0.000123 0.314159 0.000000
vt -3.326935 0.293363 0.000000
vt -3.362389 0.205386 0.000000
vt -0.000123 0.157080 0.000000
vt -3.386009 0.113886 0.000000
vt -0.000123 -0.000000 0.000000
vt -3.396171 0.019973 0.000000
vt -3.396412 0.009996 0.000000
vt -3.396493 -0.000000 0.000000
vt -3.396414 -0.009997 0.000000
vt -3.396173 -0.019973 0.000000
vt -3.387290 -0.106716 0.000000
vt -0.000123 -0.157080 0.000000
vt 1.790943 -0.020008 0.000000
vt 3.385658 -0.116160 0.000000
vt 3.396246 -0.020008 0.000000
vt -3.366804 -0.191643 0.000000
vt -3.335933 -0.273717 0.000000
vt -0.000123 -0.314159 0.000000
vt -3.294828 -0.354883 0.000000
vt -0.000123 -0.471239 0.000000
vt -3.243338 -0.436309 0.000000
vt -3.184645 -0.514781 0.000000
vt -0.000123 -0.628319 0.000000
vt -3.054701 -0.661832 0.000000
vt -0.000123 -0.785398 0.000000
vt -2.916795 -0.801957 0.000000
vt -0.000123 -0.942106 0.000000
vt -2.783676 -0.941734 0.000000
vt -2.726952 -1.010672 0.000000
vt -0.000123 -1.099557 0.000000
vt -2.679912 -1.080383 0.000000
vt -2.644291 -1.155742 0.000000
vt 0.756935 -1.236629 0.000000
vt 0.756935 -1.276645 0.000000
vt 0.756935 1.236629 0.000000
vt 2.647596 1.147375 0.000000
vt 2.683305 1.075037 0.000000
vt 2.785374 0.940041 0.000000
vt 2.914712 0.804201 0.000000
vt 3.047886 0.669069 0.000000
vt 3.174119 0.527867 0.000000
vt 3.231744 0.452827 0.000000
vt 3.283716 0.373952 0.000000
vt 3.328094 0.291028 0.000000
vt 3.362972 0.203824 0.000000
vt 3.386234 0.113064 0.000000
vt 1.790943 0.020008 0.000000
vt 1.791375 0.006672 0.000000
vt 1.791375 -0.006672 0.000000
vt 2.627105 -1.236630 0.000000
vt 2.642114 -1.162774 0.000000
vt 2.672630 -1.093647 0.000000
vt 2.767628 -0.960502 0.000000
vt 2.892801 -0.826337 0.000000
vt 3.030346 -0.687274 0.000000
vt 3.162127 -0.542379 0.000000
vt 3.222571 -0.465469 0.000000
vt 3.277263 -0.384569 0.000000
vt 3.324061 -0.299485 0.000000
vt 3.360973 -0.209790 0.000000
vt 3.396246 0.020008 0.000000
vt 2.628238 1.224926 0.000000
vt 2.627105 1.236633 0.000000
vt -2.721454 0.073005 0.000000
vt -2.703053 0.000000 0.000000
vt -2.680062 2.060000 0.000000
vt -2.365125 0.000000 0.000000
vt -2.297196 2.060000 0.000000
vt -2.027250 0.000000 0.000000
vt -1.914330 2.060000 0.000000
vt -1.689375 0.000000 0.000000
vt -1.531464 2.060000 0.000000
vt -1.351500 0.000000 0.000000
vt -1.148598 2.060000 0.000000
vt -1.013625 0.000000 0.000000
vt -0.765732 2.060000 0.000000
vt -0.675750 0.000000 0.000000
vt -0.382866 2.060000 0.000000
vt -0.000000 0.000000 0.000000
vt -0.000000 1.580000 0.000000
vt 0.000000 2.060000 0.000000
vt -3.062928 2.060000 0.000000
vt -2.878918 0.249815 0.000000
vt -2.759136 0.138517 0.000000
vt -3.445794 2.060000 0.000000
vt -3.233914 0.375663 0.000000
vt -3.043228 0.331980 0.000000
vt -3.828660 2.060000 0.000000
vt -3.612293 0.308003 0.000000
vt -3.523562 0.347308 0.000000
vt -3.429052 0.370804 0.000000
vt -4.211526 2.060000 0.000000
vt -4.167070 0.000000 0.000000
vt -3.818146 0.000000 0.000000
vt -3.799009 0.094534 0.000000
vt -4.515994 0.000000 0.000000
vt -4.594392 2.060000 0.000000
vt -4.864918 0.000000 0.000000
vt -4.977258 2.060000 0.000000
vt -5.213841 0.000000 0.000000
vt -5.360124 2.060000 0.000000
vt -5.562765 0.000000 0.000000
vt -5.742990 2.060000 0.000000
vt -5.911689 0.000000 0.000000
vt -6.125856 2.060000 0.000000
vt -6.167126 1.913085 0.000000
vt -6.126418 2.060025 0.000000
vt -6.125856 2.065000 0.000000
vt -6.125856 2.070000 0.000000
vt -6.125856 2.075000 0.000000
vt -6.125856 2.080000 0.000000
vt -6.260613 0.000000 0.000000
vt -6.268360 1.790174 0.000000
vt -6.420550 1.708613 0.000000
vt -6.609537 1.680000 0.000000
vt -6.609537 0.000000 0.000000
vt -3.755059 0.180304 0.000000
vt -3.690986 0.252284 0.000000
vt -0.000000 0.000000 0.000000
vt 0.000000 0.746667 0.000000
vt -0.472191 0.000000 0.000000
vt -0.675750 0.746667 0.000000
vt -0.944219 0.000000 0.000000
vt -1.013625 0.746667 0.000000
vt -1.351499 0.746667 0.000000
vt -1.414240 0.000000 0.000000
vt -1.689374 0.746667 0.000000
vt -1.650807 0.000000 0.000000
vt -1.888438 0.000000 0.000000
vt -2.027249 0.746667 0.000000
vt -2.124226 0.000000 0.000000
vt -2.365124 0.746667 0.000000
vt -2.360811 0.000000 0.000000
vt -2.704438 0.734989 0.000000
vt -2.728195 0.658758 0.000000
vt -2.703052 0.746670 0.000000
vt -2.597254 0.000000 0.000000
vt -2.772406 0.591242 0.000000
vt -2.832737 0.000000 0.000000
vt -2.901747 0.482109 0.000000
vt -3.072840 0.404715 0.000000
vt -3.068612 0.000000 0.000000
vt -3.259116 0.368741 0.000000
vt -3.304479 0.000000 0.000000
vt -3.447524 0.379214 0.000000
vt -3.540533 0.000000 0.000000
vt -3.538218 0.404547 0.000000
vt -3.622983 0.444855 0.000000
vt -3.776860 0.000000 0.000000
vt -3.697890 0.500643 0.000000
vt -3.758580 0.571549 0.000000
vt -4.013067 0.000000 0.000000
vt -3.800042 0.655102 0.000000
vt -4.167069 0.746667 0.000000
vt -3.818146 0.746667 0.000000
vt -4.249056 0.000000 0.000000
vt -4.515993 0.746667 0.000000
vt -4.485003 0.000000 0.000000
vt -4.721095 0.000000 0.000000
vt -4.864916 0.746667 0.000000
vt -5.194817 0.000000 0.000000
vt -5.213840 0.746667 0.000000
vt -5.562763 0.746667 0.000000
vt -5.665315 0.000000 0.000000
vt -5.911687 0.746667 0.000000
vt -6.137393 0.000000 0.000000
vt -6.260610 0.746667 0.000000
vt -6.373467 0.000000 0.000000
vt -6.609534 0.746667 0.000000
vt -6.609534 0.000000 0.000000
vt 3.290272 -2.023912 0.000000
vt 3.286909 -1.610290 0.000000
vt 3.040272 -2.023912 0.000000
vt 3.016038 -1.598279 0.000000
vt 3.267218 -1.187838 0.000000
vt 2.943651 -1.178146 0.000000
vt 3.217287 -0.765422 0.000000
vt 2.824046 -0.768945 0.000000
vt 3.128081 -0.351876 0.000000
vt 2.658768 -0.375964 0.000000
vt 2.993413 0.044019 0.000000
vt 2.449954 -0.004282 0.000000
vt 2.809915 0.414607 0.000000
vt 2.200303 0.341298 0.000000
vt 2.577582 0.753586 0.000000
vt 1.913041 0.656309 0.000000
vt 2.297793 1.055322 0.000000
vt 1.591880 0.936678 0.000000
vt 1.975041 1.315734 0.000000
vt 1.240973 1.178784 0.000000
vt 1.614886 1.531400 0.000000
vt 1.157540 1.208123 0.000000
vt 1.226368 1.701452 0.000000
vt 1.026317 1.233000 0.000000
vt 0.851800 1.251011 0.000000
vt 0.819981 1.826167 0.000000
vt 0.638487 1.259755 0.000000
vt 0.390876 1.256828 0.000000
vt 0.408401 1.908763 0.000000
vt 0.113464 1.239826 0.000000
vt 0.006117 1.954929 0.000000
vt -0.189251 1.206347 0.000000
vt -0.371866 1.973041 0.000000
vt -0.512772 1.153987 0.000000
vt -0.709728 1.976088 0.000000
vt -0.992044 1.974124 0.000000
vt -0.852600 1.080343 0.000000
vt -1.304735 1.962888 0.000000
vt -1.204239 0.983013 0.000000
vt -1.638286 1.934383 0.000000
vt -1.983416 1.882145 0.000000
vt -1.563191 0.859593 0.000000
vt -2.331244 1.802349 0.000000
vt -2.673021 1.691551 0.000000
vt -1.924959 0.707679 0.000000
vt -3.001417 1.548218 0.000000
vt -3.310229 1.372334 0.000000
vt -3.310229 -0.232969 0.000000
vt -2.982176 0.056949 0.000000
vt -2.638948 0.308760 0.000000
vt -2.285043 0.524869 0.000000
vt 0.992044 1.974124 0.000000
vt 0.709728 1.976088 0.000000
vt 0.512772 1.153987 0.000000
vt 0.371867 1.973042 0.000000
vt 0.189251 1.206347 0.000000
vt -0.006117 1.954931 0.000000
vt -0.113464 1.239826 0.000000
vt -0.408401 1.908766 0.000000
vt -0.390876 1.256828 0.000000
vt -0.819981 1.826170 0.000000
vt -0.638487 1.259755 0.000000
vt -0.851800 1.251011 0.000000
vt -1.226368 1.701456 0.000000
vt -1.026317 1.233000 0.000000
vt -1.157540 1.208123 0.000000
vt -1.614887 1.531403 0.000000
vt -1.240973 1.178784 0.000000
vt -1.975042 1.315736 0.000000
vt -1.591880 0.936678 0.000000
vt -2.297794 1.055325 0.000000
vt -1.913041 0.656309 0.000000
vt -2.577583 0.753587 0.000000
vt -2.200303 0.341298 0.000000
vt -2.809917 0.414609 0.000000
vt -2.449954 -0.004282 0.000000
vt -2.993414 0.044020 0.000000
vt -2.658768 -0.375964 0.000000
vt -3.128083 -0.351876 0.000000
vt -2.824046 -0.768945 0.000000
vt -3.217289 -0.765422 0.000000
vt -2.943651 -1.178146 0.000000
vt -3.267219 -1.187838 0.000000
vt -3.016038 -1.598279 0.000000
vt -3.286910 -1.610290 0.000000
vt -3.040272 -2.023912 0.000000
vt -3.290272 -2.023912 0.000000
vt 0.852600 1.080343 0.000000
vt 1.304735 1.962888 0.000000
vt 1.204239 0.983013 0.000000
vt 1.638286 1.934384 0.000000
vt 1.983416 1.882146 0.000000
vt 1.563191 0.859593 0.000000
vt 2.331244 1.802349 0.000000
vt 2.673021 1.691550 0.000000
vt 1.924959 0.707679 0.000000
vt 3.001417 1.548217 0.000000
vt 3.310229 1.372333 0.000000
vt 2.285043 0.524869 0.000000
vt 2.638948 0.308760 0.000000
vt 2.982176 0.056949 0.000000
vt 3.310229 -0.232969 0.000000
vt -0.020000 -0.000000 0.000000
vt 0.020000 -0.000000 0.000000
vt -0.020000 0.426553 0.000000
vt 0.020000 0.426553 0.000000
vt 0.020000 0.853105 0.000000
vt -0.020000 0.853105 0.000000
vt 0.020000 1.279658 0.000000
vt -0.020000 1.279658 0.000000
vt 0.020000 1.706211 0.000000
vt -0.020000 1.706211 0.000000
vt 0.020000 2.132763 0.000000
vt -0.020000 2.132763 0.000000
vt 0.020000 2.559316 0.000000
vt -0.020000 2.559316 0.000000
vt 0.020000 2.985869 0.000000
vt -0.020000 2.985869 0.000000
vt 0.020000 3.412421 0.000000
vt -0.020000 3.412421 0.000000
vt -0.020000 3.838974 0.000000
vt 0.020000 3.838974 0.000000
vt -5.411950 0.040000 0.000000
vt -5.411479 0.026671 0.000000
vt -5.073703 0.040000 0.000000
vt -5.073703 0.000000 0.000000
vt -4.735457 0.000000 0.000000
vt -5.411479 0.013329 0.000000
vt -5.411950 0.000000 0.000000
vt -4.735457 0.040000 0.000000
vt -4.397210 0.000000 0.000000
vt -4.397210 0.040000 0.000000
vt -4.058963 0.000000 0.000000
vt -4.058963 0.040000 0.000000
vt -3.720716 0.000000 0.000000
vt -3.720716 0.040000 0.000000
vt -3.382469 0.000000 0.000000
vt -3.382469 0.040000 0.000000
vt -3.044222 0.000000 0.000000
vt -3.044222 0.040000 0.000000
vt -2.705975 0.000000 0.000000
vt -2.705975 0.040000 0.000000
vt -2.367728 0.000000 0.000000
vt -2.367728 0.040000 0.000000
vt -2.029481 0.000000 0.000000
vt -2.029481 0.040000 0.000000
vt -1.691234 0.000000 0.000000
vt -1.691234 0.040000 0.000000
vt -1.352988 0.000000 0.000000
vt -1.352988 0.040000 0.000000
vt -1.014741 0.000000 0.000000
vt -1.014741 0.040000 0.000000
vt -0.676494 0.000000 0.000000
vt -0.676494 0.040000 0.000000
vt -0.338247 0.000000 0.000000
vt -0.338247 0.040000 0.000000
vt 0.000000 0.000000 0.000000
vt 0.000000 0.040000 0.000000
vt 6.609193 0.746667 0.000000
vt 6.196118 0.746667 0.000000
vt 6.609193 0.000000 0.000000
vt 6.196118 0.000000 0.000000
vt 5.783044 0.746667 0.000000
vt 5.783044 0.000000 0.000000
vt 5.369969 0.746667 0.000000
vt 5.369969 0.000000 0.000000
vt 4.956895 0.746667 0.000000
vt 4.956895 0.000000 0.000000
vt 4.543820 0.746667 0.000000
vt 4.543820 0.000000 0.000000
vt 4.130746 0.746667 0.000000
vt 4.130746 0.000000 0.000000
vt 3.717671 0.746667 0.000000
vt 3.717671 0.000000 0.000000
vt 3.304596 0.746667 0.000000
vt 3.304596 0.000000 0.000000
vt 2.891522 0.746667 0.000000
vt 2.891522 0.000000 0.000000
vt 2.478447 0.746667 0.000000
vt 2.478447 0.000000 0.000000
vt 2.065373 0.746667 0.000000
vt 2.065373 0.000000 0.000000
vt 1.652298 0.746667 0.000000
vt 1.652298 0.000000 0.000000
vt 1.239224 0.746667 0.000000
vt 1.239224 0.000000 0.000000
vt 0.826149 0.746667 0.000000
vt 0.826149 0.000000 0.000000
vt 0.413075 0.746667 0.000000
vt 0.413075 0.000000 0.000000
vt 0.000000 0.746667 0.000000
vt 0.000000 0.000000 0.000000
vt 1.782616 -2.014990 0.000000
vt 1.779878 -1.632041 0.000000
vt 1.632616 -2.014990 0.000000
vt 1.603893 -1.545591 0.000000
vt 1.764021 -1.240949 0.000000
vt 1.518155 -1.083195 0.000000
vt 1.723736 -0.848774 0.000000
vt 1.376681 -0.634703 0.000000
vt 1.650972 -0.462556 0.000000
vt 1.181581 -0.206804 0.000000
vt 1.540652 -0.089313 0.000000
vt 1.388847 0.264356 0.000000
vt 0.935766 0.194114 0.000000
vt 1.195017 0.593218 0.000000
vt 0.642904 0.562072 0.000000
vt 0.959453 0.892387 0.000000
vt 0.684512 1.158004 0.000000
vt 0.307365 0.891578 0.000000
vt 0.374132 1.387000 0.000000
vt -0.065845 1.177717 0.000000
vt 0.033329 1.577083 0.000000
vt -0.471157 1.416218 0.000000
vt -0.330103 1.727998 0.000000
vt -0.707743 1.840052 0.000000
vt -0.902524 1.603523 0.000000
vt -1.089263 1.916130 0.000000
vt -1.353509 1.736838 0.000000
vt -1.463105 1.960775 0.000000
vt -1.817384 1.814174 0.000000
vt -1.817384 1.980309 0.000000
vt 0.000232 0.000000 0.000000
vt 0.000233 -0.005000 0.000000
vt 0.166366 0.000000 0.000000
vt 0.000233 -0.010000 0.000000
vt 0.166366 -0.020000 0.000000
vt 0.000233 -0.015000 0.000000
vt 0.000233 -0.020000 0.000000
vt 1.817384 1.980307 0.000000
vt 1.463104 1.960769 0.000000
vt 1.817384 1.814174 0.000000
vt 1.353509 1.736838 0.000000
vt 1.089263 1.916121 0.000000
vt 0.902524 1.603523 0.000000
vt 0.707744 1.840042 0.000000
vt 0.471157 1.416218 0.000000
vt 0.330104 1.727987 0.000000
vt -0.033327 1.577073 0.000000
vt 0.065845 1.177717 0.000000
vt -0.374130 1.386992 0.000000
vt -0.307365 0.891578 0.000000
vt -0.684509 1.157998 0.000000
vt -0.642904 0.562072 0.000000
vt -0.959449 0.892381 0.000000
vt -1.195012 0.593214 0.000000
vt -0.935766 0.194114 0.000000
vt -1.388843 0.264353 0.000000
vt -1.181581 -0.206804 0.000000
vt -1.540649 -0.089314 0.000000
vt -1.650968 -0.462557 0.000000
vt -1.376681 -0.634703 0.000000
vt -1.723731 -0.848774 0.000000
vt -1.518155 -1.083195 0.000000
vt -1.764017 -1.240948 0.000000
vt -1.603893 -1.545591 0.000000
vt -1.779877 -1.632041 0.000000
vt -1.632616 -2.014990 0.000000
vt -1.782616 -2.014990 0.000000
vt -0.020000 -0.000000 0.000000
vt 0.020000 -0.000000 0.000000
vt -0.020000 0.470570 0.000000
vt 0.020000 0.470570 0.000000
vt -0.020000 0.941140 0.000000
vt 0.020000 0.941140 0.000000
vt -0.020000 1.411711 0.000000
vt 0.020000 1.411711 0.000000
vt -0.020000 1.882281 0.000000
vt 0.020000 1.882281 0.000000
vt -0.020000 2.352851 0.000000
vt 0.020000 2.352851 0.000000
vt -0.020000 2.823421 0.000000
vt 0.020000 2.823421 0.000000
vt -0.020000 3.293992 0.000000
vt 0.020000 3.293992 0.000000
vt -0.020000 3.764562 0.000000
vt 0.020000 3.764562 0.000000
vt -0.020000 4.235132 0.000000
vt 0.020000 4.235132 0.000000
vt -0.020000 4.705702 0.000000
vt 0.020000 4.705702 0.000000
vt -0.020000 5.176272 0.000000
vt 0.020000 5.176272 0.000000
vt 0.000000 5.646843 0.000000
vt 0.020000 5.646843 0.000000
vt -0.020000 5.646843 0.000000
vt 0.000232 0.000000 0.000000
vt 0.166366 0.000000 0.000000
vt 0.000231 0.005000 0.000000
vt 0.000231 0.010000 0.000000
vt 0.166366 0.020000 0.000000
vt 0.000231 0.015000 0.000000
vt 0.000231 0.020000 0.000000
vt -0.674524 -0.979547 0.000000
vt -0.824524 -0.979547 0.000000
vt -0.674524 -1.019547 0.000000
vt -0.824524 -1.019547 0.000000
vt 0.000000 0.020000 0.000000
vt 0.382848 0.020000 0.000000
vt 0.000000 2.436667 0.000000
vt 0.413073 2.436667 0.000000
vt 0.765696 0.020000 0.000000
vt 0.826147 2.436667 0.000000
vt 1.148544 0.020000 0.000000
vt 1.239220 2.436667 0.000000
vt 1.531393 0.020000 0.000000
vt 1.652293 2.436667 0.000000
vt 1.914241 0.020000 0.000000
vt 2.065367 2.436667 0.000000
vt 2.297089 0.020000 0.000000
vt 2.478440 2.436667 0.000000
vt 2.679937 0.020000 0.000000
vt 2.891513 2.436667 0.000000
vt 3.062785 0.020000 0.000000
vt 3.304587 2.436667 0.000000
vt 3.445633 0.020000 0.000000
vt 3.717660 2.436667 0.000000
vt 3.828481 0.020000 0.000000
vt 4.130734 2.436667 0.000000
vt 4.211329 0.020000 0.000000
vt 4.543807 2.436667 0.000000
vt 4.594178 0.020000 0.000000
vt 4.956880 2.436667 0.000000
vt 4.977026 0.020000 0.000000
vt 5.369954 2.436667 0.000000
vt 5.359874 0.020000 0.000000
vt 5.742722 0.020000 0.000000
vt 5.783027 2.436667 0.000000
vt 6.125570 0.020000 0.000000
vt 6.196100 2.436667 0.000000
vt 6.166834 0.166917 0.000000
vt 6.268032 0.289814 0.000000
vt 6.126132 0.019975 0.000000
vt 6.125570 0.015000 0.000000
vt 6.125570 0.010000 0.000000
vt 6.125570 0.005000 0.000000
vt 6.125570 0.000000 0.000000
vt 6.420222 0.371391 0.000000
vt 6.609174 2.436667 0.000000
vt 6.609174 0.400000 0.000000
vt 1.786584 -2.011154 0.000000
vt 1.783849 -1.628203 0.000000
vt 1.636584 -2.011154 0.000000
vt 1.607862 -1.541754 0.000000
vt 1.767993 -1.237107 0.000000
vt 1.522124 -1.079359 0.000000
vt 1.727707 -0.844934 0.000000
vt 1.380650 -0.630866 0.000000
vt 1.654945 -0.458719 0.000000
vt 1.185549 -0.202968 0.000000
vt 1.544646 -0.085468 0.000000
vt 1.392886 0.268224 0.000000
vt 0.939734 0.197951 0.000000
vt 1.199089 0.597102 0.000000
vt 0.646873 0.565908 0.000000
vt 0.963505 0.896254 0.000000
vt 0.688513 1.161846 0.000000
vt 0.311334 0.895415 0.000000
vt 0.378127 1.390868 0.000000
vt -0.061876 1.181553 0.000000
vt 0.037395 1.581048 0.000000
vt -0.467188 1.420054 0.000000
vt -0.325972 1.732033 0.000000
vt -0.703641 1.844024 0.000000
vt -0.898555 1.607360 0.000000
vt -1.085257 1.919953 0.000000
vt -1.349541 1.740675 0.000000
vt -1.459160 1.964508 0.000000
vt -1.813416 1.818011 0.000000
vt -1.813416 1.984080 0.000000
vt 0.166070 0.000000 0.000000
vt 0.166070 0.005000 0.000000
vt -0.000000 0.000000 0.000000
vt 0.166070 0.010000 0.000000
vt -0.000000 0.020000 0.000000
vt 0.166070 0.015000 0.000000
vt 0.166070 0.020000 0.000000
vt 0.166069 -0.020000 0.000000
vt -0.000000 0.000000 0.000000
vt 0.000000 -0.020000 0.000000
vt -0.020000 6.448289 0.000000
vt 0.000000 6.448289 0.000000
vt -0.020000 6.918859 0.000000
vt 0.020000 6.918859 0.000000
vt -0.020000 7.389429 0.000000
vt 0.020000 7.389429 0.000000
vt -0.020000 7.860000 0.000000
vt 0.020000 7.860000 0.000000
vt -0.020000 8.330570 0.000000
vt 0.020000 8.330570 0.000000
vt -0.020000 8.801140 0.000000
vt 0.020000 8.801140 0.000000
vt -0.020000 9.271710 0.000000
vt 0.020000 9.271710 0.000000
vt -0.020000 9.742281 0.000000
vt 0.020000 9.742281 0.000000
vt -0.020000 10.212851 0.000000
vt 0.020000 10.212851 0.000000
vt -0.020000 10.683421 0.000000
vt 0.020000 10.683421 0.000000
vt -0.020000 11.153991 0.000000
vt 0.020000 11.153991 0.000000
vt -0.020000 11.624561 0.000000
vt 0.020000 11.624561 0.000000
vt -0.020000 12.095132 0.000000
vt 0.020000 12.095132 0.000000
vt 0.020000 6.448289 0.000000
vt 1.813416 1.984081 0.000000
vt 1.459160 1.964510 0.000000
vt 1.813416 1.818011 0.000000
vt 1.349541 1.740675 0.000000
vt 1.085258 1.919954 0.000000
vt 0.898555 1.607360 0.000000
vt 0.703643 1.844025 0.000000
vt 0.467188 1.420054 0.000000
vt 0.325974 1.732033 0.000000
vt -0.037392 1.581047 0.000000
vt 0.061876 1.181553 0.000000
vt -0.378125 1.390867 0.000000
vt -0.311334 0.895415 0.000000
vt -0.688511 1.161845 0.000000
vt -0.646873 0.565908 0.000000
vt -0.963503 0.896253 0.000000
vt -1.199087 0.597100 0.000000
vt -0.939734 0.197951 0.000000
vt -1.392885 0.268223 0.000000
vt -1.185549 -0.202968 0.000000
vt -1.544646 -0.085470 0.000000
vt -1.654946 -0.458721 0.000000
vt -1.380650 -0.630866 0.000000
vt -1.727709 -0.844935 0.000000
vt -1.522124 -1.079359 0.000000
vt -1.767994 -1.237108 0.000000
vt -1.607862 -1.541754 0.000000
vt -1.783849 -1.628204 0.000000
vt -1.636584 -2.011154 0.000000
vt -1.786584 -2.011154 0.000000
vt -0.000000 0.906104 0.000000
vt -0.026663 0.905491 0.000000
vt 0.000000 0.000000 0.000000
vt -0.053330 0.905123 0.000000
vt -0.080000 -0.000000 0.000000
vt -0.080000 0.905000 0.000000
vt -0.040000 -0.000000 0.000000
vt 0.040000 0.000000 0.000000
vt -0.040000 0.002478 0.000000
vt 0.040000 0.002478 0.000000
vt 0.040000 0.004956 0.000000
vt -0.040000 0.004956 0.000000
vt 0.040000 0.007435 0.000000
vt -0.040000 0.007435 0.000000
vt -0.080000 0.000000 0.000000
vt 0.000000 0.000000 0.000000
vt -0.080000 0.458333 0.000000
vt 0.000000 0.458333 0.000000
vt -0.040000 0.000000 0.000000
vt 0.040000 -0.000000 0.000000
vt -0.040000 0.001720 0.000000
vt 0.000000 0.002580 0.000000
vt -0.040000 0.003440 0.000000
vt -0.040000 0.005159 0.000000
vt 0.040000 0.003440 0.000000
vt 0.040000 0.005159 0.000000
vt 0.040000 0.001720 0.000000
vt -0.032172 6.614252 0.000000
vt -0.016086 6.614258 0.000000
vt -0.032172 6.694258 0.000000
vt -0.015507 6.641070 0.000000
vt -0.021447 6.694258 0.000000
vt -0.010726 6.694258 0.000000
vt -0.000000 6.614261 0.000000
vt -0.000000 6.694258 0.000000
vt 0.025000 5.027237 0.000000
vt 0.025000 4.947111 0.000000
vt 0.254167 4.973829 0.000000
vt 0.483333 4.947357 0.000000
vt 0.483333 5.027237 0.000000
vt -0.000000 0.000000 0.000000
vt -0.000000 0.080019 0.000000
vt -0.021573 0.026301 0.000000
vt -0.023174 0.079999 0.000000
vt -0.046347 0.079983 0.000000
vt -0.046347 0.000000 0.000000
vt -0.030889 0.000000 0.000000
vt -0.015458 0.000000 0.000000
vt -0.040000 -0.000000 0.000000
vt 0.040000 0.000000 0.000000
vt -0.040000 0.001720 0.000000
vt -0.000000 0.002580 0.000000
vt -0.040000 0.003440 0.000000
vt -0.040000 0.005159 0.000000
vt 0.040000 0.003440 0.000000
vt 0.040000 0.005159 0.000000
vt 0.040000 0.001720 0.000000
vt -0.080000 -0.000000 0.000000
vt -0.000000 -0.000000 0.000000
vt -0.080000 0.458333 0.000000
vt -0.000000 0.458333 0.000000
vt 0.040000 0.000000 0.000000
vt 0.040000 0.002478 0.000000
vt -0.040000 0.000000 0.000000
vt -0.040000 0.002478 0.000000
vt 0.040000 0.004956 0.000000
vt -0.040000 0.004956 0.000000
vt -0.040000 0.007435 0.000000
vt 0.040000 0.007435 0.000000
vt -0.080000 0.000000 0.000000
vt -0.000000 0.000000 0.000000
vt -0.080000 7.610000 0.000000
vt -0.000000 7.610000 0.000000
vt 0.040000 -0.000000 0.000000
vt 0.040000 0.002478 0.000000
vt -0.040000 0.000000 0.000000
vt -0.040000 0.002478 0.000000
vt 0.040000 0.004956 0.000000
vt -0.040000 0.004956 0.000000
vt -0.040000 0.007435 0.000000
vt 0.040000 0.007435 0.000000
vt -0.080000 -0.000000 0.000000
vt -0.000000 0.000000 0.000000
vt -0.080000 0.458333 0.000000
vt -0.000000 0.458333 0.000000
vt -0.040000 0.000000 0.000000
vt 0.040000 0.000000 0.000000
vt -0.040000 0.001720 0.000000
vt -0.000000 0.002580 0.000000
vt -0.040000 0.003440 0.000000
vt -0.040000 0.005159 0.000000
vt 0.040000 0.003440 0.000000
vt 0.040000 0.005159 0.000000
vt 0.040000 0.001720 0.000000
vt -0.000000 2.893333 0.000000
vt -0.080000 2.893333 0.000000
vt -0.000000 -2.463333 0.000000
vt -0.080000 -2.463333 0.000000
vt -0.032172 2.080427 0.000000
vt -0.032172 2.000435 0.000000
vt -0.015507 2.027203 0.000000
vt -0.016086 2.000427 0.000000
vt -0.000000 2.000424 0.000000
vt -0.000000 2.080427 0.000000
vt -0.010726 2.080427 0.000000
vt -0.021447 2.080427 0.000000
vt 0.025000 2.548911 0.000000
vt 0.025000 2.469058 0.000000
vt 0.254167 2.495493 0.000000
vt 0.483333 2.468759 0.000000
vt 0.483333 2.548911 0.000000
vt -0.000000 0.000000 0.000000
vt -0.000000 0.079972 0.000000
vt -0.021573 0.026458 0.000000
vt -0.023174 0.079996 0.000000
vt -0.030889 0.000000 0.000000
vt -0.046347 0.080015 0.000000
vt -0.046347 0.000000 0.000000
vt -0.015458 0.000000 0.000000
vt -0.080007 14.773333 0.000000
vt -0.080007 9.416667 0.000000
vt -0.000000 14.773333 0.000000
vt -0.000000 9.416667 0.000000
vt -0.000000 0.000000 0.000000
vt -0.000000 0.079997 0.000000
vt -0.015507 0.026222 0.000000
vt -0.016086 0.079999 0.000000
vt -0.021447 0.000000 0.000000
vt -0.032172 0.080006 0.000000
vt -0.032172 0.000000 0.000000
vt -0.010726 0.000000 0.000000
vt 0.483333 0.000000 0.000000
vt 0.483333 0.079883 0.000000
vt 0.254167 0.026661 0.000000
vt 0.025000 0.080128 0.000000
vt 0.025000 0.000000 0.000000
vt -0.046347 6.180218 0.000000
vt -0.023174 6.180202 0.000000
vt -0.046347 6.260201 0.000000
vt -0.021573 6.206981 0.000000
vt -0.030889 6.260201 0.000000
vt -0.015458 6.260201 0.000000
vt -0.000000 6.180182 0.000000
vt -0.000000 6.260201 0.000000
vt 0.000000 0.366519 0.000000
vt 0.150000 0.366519 0.000000
vt 0.000000 0.439823 0.000000
vt 0.150000 0.439823 0.000000
vt 0.000000 -0.439823 0.000000
vt 0.150000 -0.439823 0.000000
vt -0.000000 -0.366519 0.000000
vt 0.150000 -0.366519 0.000000
vt -0.000000 -0.293215 0.000000
vt 0.150000 -0.293215 0.000000
vt -0.000000 -0.219911 0.000000
vt 0.150000 -0.219911 0.000000
vt -0.000000 -0.146608 0.000000
vt 0.150000 -0.146608 0.000000
vt -0.000000 -0.073304 0.000000
vt 0.150000 -0.073304 0.000000
vt -0.000000 -0.000000 0.000000
vt 0.150000 -0.000000 0.000000
vt 0.000000 0.073304 0.000000
vt 0.150000 0.073304 0.000000
vt 0.000000 0.146608 0.000000
vt 0.150000 0.146608 0.000000
vt 0.000000 0.219911 0.000000
vt 0.150000 0.219911 0.000000
vt 0.000000 0.293215 0.000000
vt 0.150000 0.293215 0.000000
vt -0.230219 0.120828 0.000000
vt -0.260000 0.000000 0.000000
vt -0.140000 0.000000 0.000000
vt -0.230219 -0.120828 0.000000
vt -0.121244 -0.070000 0.000000
vt -0.147697 -0.213976 0.000000
vt -0.070000 -0.121244 0.000000
vt -0.031340 -0.258104 0.000000
vt -0.000000 -0.140000 0.000000
vt 0.092197 -0.243104 0.000000
vt 0.070000 -0.121244 0.000000
vt 0.194613 -0.172412 0.000000
vt 0.121244 -0.070000 0.000000
vt 0.252445 -0.062222 0.000000
vt 0.140000 -0.000000 0.000000
vt 0.252445 0.062222 0.000000
vt 0.121244 0.070000 0.000000
vt 0.194613 0.172412 0.000000
vt 0.070000 0.121244 0.000000
vt 0.092197 0.243104 0.000000
vt 0.000000 0.140000 0.000000
vt -0.031340 0.258104 0.000000
vt -0.070000 0.121244 0.000000
vt -0.147697 0.213976 0.000000
vt -0.121244 0.070000 0.000000
vt -3.029514 0.717498 0.000000
vt -1.804493 0.691150 0.000000
vt -3.013060 0.774148 0.000000
vt -1.804493 0.816814 0.000000
vt -3.009810 0.833083 0.000000
vt -3.009810 -0.800545 0.000000
vt -1.804493 -0.816814 0.000000
vt -3.020690 -0.742551 0.000000
vt -1.804493 -0.691150 0.000000
vt -3.072928 -0.636416 0.000000
vt -1.804493 -0.565487 0.000000
vt -3.145220 -0.541183 0.000000
vt -1.804493 -0.439823 0.000000
vt -3.223917 -0.450348 0.000000
vt -3.301490 -0.358795 0.000000
vt -1.804493 -0.314159 0.000000
vt -3.371813 -0.262253 0.000000
vt -1.804493 -0.188496 0.000000
vt -3.427126 -0.157267 0.000000
vt -1.804493 -0.062832 0.000000
vt -3.456913 -0.042925 0.000000
vt -3.458987 0.016332 0.000000
vt -1.804493 0.062832 0.000000
vt -3.451909 0.075191 0.000000
vt -1.804493 0.188496 0.000000
vt -3.413923 0.187213 0.000000
vt -3.353465 0.289714 0.000000
vt -1.804493 0.314159 0.000000
vt -3.280472 0.384477 0.000000
vt -1.804493 0.439823 0.000000
vt -3.201948 0.475370 0.000000
vt -1.804493 0.566167 0.000000
vt -3.124269 0.566710 0.000000
vt -3.055665 0.664308 0.000000
vt -0.150000 -0.691150 0.000000
vt -0.150000 -0.816814 0.000000
vt -0.150000 0.816814 0.000000
vt -0.150000 0.691150 0.000000
vt -0.150000 -0.565487 0.000000
vt -0.150000 -0.439823 0.000000
vt -0.150000 -0.314159 0.000000
vt -0.150000 -0.188496 0.000000
vt -0.150000 -0.062832 0.000000
vt -0.150000 0.062832 0.000000
vt -0.150000 0.188496 0.000000
vt -0.150000 0.314159 0.000000
vt -0.150000 0.439823 0.000000
vt -0.150000 0.565487 0.000000
vt -0.232026 0.119888 0.000000
vt -0.261808 -0.000940 0.000000
vt -0.141808 -0.000940 0.000000
vt -0.232026 -0.121768 0.000000
vt -0.123051 -0.070940 0.000000
vt -0.149505 -0.214916 0.000000
vt -0.071808 -0.122183 0.000000
vt -0.033147 -0.259044 0.000000
vt -0.001808 -0.140940 0.000000
vt 0.090390 -0.244044 0.000000
vt 0.068192 -0.122183 0.000000
vt 0.192805 -0.173352 0.000000
vt 0.119436 -0.070940 0.000000
vt 0.250637 -0.063162 0.000000
vt 0.138192 -0.000940 0.000000
vt 0.250637 0.061282 0.000000
vt 0.119436 0.069060 0.000000
vt 0.192805 0.171472 0.000000
vt 0.068192 0.120304 0.000000
vt 0.090390 0.242164 0.000000
vt -0.001808 0.139060 0.000000
vt -0.033147 0.257164 0.000000
vt -0.071808 0.120304 0.000000
vt -0.149505 0.213036 0.000000
vt -0.123051 0.069060 0.000000
vt -5.742984 0.020000 0.000000
vt -5.783338 2.436667 0.000000
vt -6.125850 0.020000 0.000000
vt -6.196434 2.436667 0.000000
vt -6.167121 0.166917 0.000000
vt -6.268339 0.289814 0.000000
vt -6.420555 0.371391 0.000000
vt -6.609529 2.436667 0.000000
vt -6.609529 0.400000 0.000000
vt -5.370242 2.436667 0.000000
vt -5.360118 0.020000 0.000000
vt -4.977253 0.020000 0.000000
vt -4.957147 2.436667 0.000000
vt -4.594387 0.020000 0.000000
vt -4.544051 2.436667 0.000000
vt -4.211522 0.020000 0.000000
vt -4.130956 2.436667 0.000000
vt -3.828656 0.020000 0.000000
vt -3.717860 2.436667 0.000000
vt -3.445790 0.020000 0.000000
vt -3.304765 2.436667 0.000000
vt -3.062925 0.020000 0.000000
vt -2.891669 2.436667 0.000000
vt -2.680059 0.020000 0.000000
vt -2.478573 2.436667 0.000000
vt -2.297194 0.020000 0.000000
vt -2.065478 2.436667 0.000000
vt -1.914328 0.020000 0.000000
vt -1.652382 2.436667 0.000000
vt -1.531462 0.020000 0.000000
vt -1.239287 2.436667 0.000000
vt -1.148597 0.020000 0.000000
vt -0.826191 2.436667 0.000000
vt -0.765731 0.020000 0.000000
vt -0.413096 2.436667 0.000000
vt -0.382866 0.020000 0.000000
vt -0.000000 1.180000 0.000000
vt -0.000000 1.140000 0.000000
vt -0.000000 0.020000 0.000000
vt 0.000000 2.436667 0.000000
vt -6.126411 0.019975 0.000000
vt -6.125850 0.000000 0.000000
vt 0.186188 -0.523599 0.000000
vt -0.033296 -0.549698 0.000000
vt 0.186188 -0.628319 0.000000
vt -0.033166 -0.628319 0.000000
vt 0.186188 0.628319 0.000000
vt -0.033166 0.628319 0.000000
vt -0.033296 0.549698 0.000000
vt -0.033571 -0.471190 0.000000
vt 0.186188 -0.418879 0.000000
vt -0.033771 -0.392695 0.000000
vt 0.186188 -0.314159 0.000000
vt -0.033812 -0.314159 0.000000
vt -0.033771 -0.235626 0.000000
vt 0.186188 -0.209440 0.000000
vt -0.033571 -0.157130 0.000000
vt 0.186188 -0.104720 0.000000
vt -0.033296 -0.078622 0.000000
vt 0.186188 -0.000000 0.000000
vt -0.033166 -0.000001 0.000000
vt -0.033296 0.078620 0.000000
vt 0.186188 0.104720 0.000000
vt -0.033571 0.157127 0.000000
vt 0.186188 0.209440 0.000000
vt -0.033771 0.235621 0.000000
vt 0.186188 0.314159 0.000000
vt -0.033812 0.314159 0.000000
vt -0.033771 0.392695 0.000000
vt 0.186188 0.418879 0.000000
vt -0.033571 0.471190 0.000000
vt 0.186188 0.523599 0.000000
vt 0.283205 0.100000 0.000000
vt 0.205263 0.055000 0.000000
vt 0.310000 0.000000 0.000000
vt 0.220000 0.000000 0.000000
vt 0.283205 -0.100000 0.000000
vt 0.205263 -0.055000 0.000000
vt 0.165000 -0.095263 0.000000
vt 0.165000 0.095263 0.000000
vt 0.210000 0.173205 0.000000
vt 0.110000 0.110000 0.000000
vt 0.110000 0.200000 0.000000
vt 0.010000 0.173205 0.000000
vt 0.055000 0.095263 0.000000
vt -0.063205 0.100000 0.000000
vt 0.014737 0.055000 0.000000
vt -0.090000 0.000000 0.000000
vt -0.000000 0.000000 0.000000
vt 0.014737 -0.055000 0.000000
vt -0.063205 -0.100000 0.000000
vt 0.055000 -0.095263 0.000000
vt 0.010000 -0.173205 0.000000
vt 0.110000 -0.110000 0.000000
vt 0.110000 -0.200000 0.000000
vt 0.210000 -0.173205 0.000000
vt 6.911788 12.110000 0.000000
vt 6.808407 12.125222 0.000000
vt 6.911788 9.416667 0.000000
vt 6.724142 12.168544 0.000000
vt 6.479801 9.416667 0.000000
vt 6.669265 12.233389 0.000000
vt 6.479801 9.486716 0.000000
vt 6.650210 12.310000 0.000000
vt 6.479801 14.773333 0.000000
vt 6.669265 12.386611 0.000000
vt 6.724142 12.451456 0.000000
vt 6.911788 14.773333 0.000000
vt 6.808407 12.494778 0.000000
vt 6.911788 12.510000 0.000000
vt 6.047814 9.556765 0.000000
vt 6.047814 14.773333 0.000000
vt 5.615827 9.626814 0.000000
vt 5.615827 14.773333 0.000000
vt 5.183841 9.696863 0.000000
vt 5.183841 14.773333 0.000000
vt 4.751854 9.766912 0.000000
vt 4.751854 14.773333 0.000000
vt 4.319867 9.836961 0.000000
vt 4.319867 14.773333 0.000000
vt 3.910019 10.193679 0.000000
vt 3.887880 14.773333 0.000000
vt 3.906385 10.252731 0.000000
vt 3.854825 10.357852 0.000000
vt 3.762006 10.429996 0.000000
vt 3.671887 14.773333 0.000000
vt 3.648866 10.465287 0.000000
vt 3.529497 10.466625 0.000000
vt 3.455894 14.773333 0.000000
vt 3.413447 10.436828 0.000000
vt 3.310703 10.376268 0.000000
vt 3.239900 14.773333 0.000000
vt 3.238508 10.283258 0.000000
vt 3.223670 10.226259 0.000000
vt 3.023907 14.773333 0.000000
vt 3.023907 9.416667 0.000000
vt 2.807914 14.773333 0.000000
vt 2.807914 9.416667 0.000000
vt 2.591920 14.773333 0.000000
vt 2.591920 9.416667 0.000000
vt 2.159934 14.773333 0.000000
vt 2.159934 9.416667 0.000000
vt 1.727947 14.773333 0.000000
vt 1.727947 9.416667 0.000000
vt 1.295960 14.773333 0.000000
vt 1.295960 9.416667 0.000000
vt 0.863973 14.773333 0.000000
vt 0.863973 9.416667 0.000000
vt 0.431987 14.773333 0.000000
vt 0.431987 9.416667 0.000000
vt 0.000000 14.773333 0.000000
vt -0.000000 9.416667 0.000000
vt 3.239900 9.416667 0.000000
vt 3.228095 10.167525 0.000000
vt 3.250590 10.113081 0.000000
vt 3.286666 10.066090 0.000000
vt 3.383315 9.996721 0.000000
vt 3.455894 9.416667 0.000000
vt 3.496646 9.958573 0.000000
vt 3.615985 9.951100 0.000000
vt 3.671887 9.416667 0.000000
vt 3.671887 9.942035 0.000000
vt 3.731981 9.976625 0.000000
vt 3.887880 9.416667 0.000000
vt 3.832334 10.038550 0.000000
vt 3.887880 9.907010 0.000000
vt 3.897641 10.135853 0.000000
vt 4.319867 9.416667 0.000000
vt 4.751854 9.416667 0.000000
vt 5.183841 9.416667 0.000000
vt 5.615827 9.416667 0.000000
vt 6.047814 9.416667 0.000000
vt -6.911862 12.510000 0.000000
vt -6.808483 12.494778 0.000000
vt -6.911862 14.773333 0.000000
vt -6.724216 12.451457 0.000000
vt -6.669338 12.386612 0.000000
vt -6.650281 12.310001 0.000000
vt -6.479870 14.773333 0.000000
vt -6.479870 9.416667 0.000000
vt -6.047879 9.416667 0.000000
vt -6.669337 12.233389 0.000000
vt -6.724212 12.168545 0.000000
vt -6.911862 9.416667 0.000000
vt -6.808478 12.125223 0.000000
vt -6.911862 12.110000 0.000000
vt -6.047879 14.773333 0.000000
vt -5.615888 9.416667 0.000000
vt -5.615888 14.773333 0.000000
vt -5.183896 9.416667 0.000000
vt -5.183896 14.773333 0.000000
vt -4.751905 9.416667 0.000000
vt -4.751905 14.773333 0.000000
vt -4.319914 9.416667 0.000000
vt -4.319914 14.773333 0.000000
vt -3.887922 9.416667 0.000000
vt -3.887922 14.773333 0.000000
vt -3.671927 9.416667 0.000000
vt -3.671927 14.773333 0.000000
vt -3.455931 9.416667 0.000000
vt -3.455931 14.773333 0.000000
vt -3.239935 9.416667 0.000000
vt -3.239935 14.773333 0.000000
vt -3.023940 9.416667 0.000000
vt -3.023940 14.773333 0.000000
vt -2.807944 9.416667 0.000000
vt -2.807944 14.773333 0.000000
vt -2.591948 9.416667 0.000000
vt -2.591948 14.773333 0.000000
vt -2.159957 9.416667 0.000000
vt -2.159957 14.773333 0.000000
vt -1.727965 9.416667 0.000000
vt -1.727965 14.773333 0.000000
vt -1.295974 9.416667 0.000000
vt -1.295974 14.773333 0.000000
vt -0.863983 9.416667 0.000000
vt -0.863983 14.773333 0.000000
vt -0.431991 9.416667 0.000000
vt -0.431991 14.773333 0.000000
vt -0.000000 9.416667 0.000000
vt -0.000000 14.773333 0.000000
vt -0.033481 0.287979 0.000000
vt 0.166519 0.287979 0.000000
vt -0.033481 0.345575 0.000000
vt 0.166519 0.345575 0.000000
vt -0.033481 -0.345575 0.000000
vt 0.166519 -0.345575 0.000000
vt -0.033481 -0.287979 0.000000
vt 0.166519 -0.287979 0.000000
vt -0.033481 -0.230383 0.000000
vt 0.166519 -0.230383 0.000000
vt -0.033481 -0.172788 0.000000
vt 0.166519 -0.172788 0.000000
vt -0.033481 -0.115192 0.000000
vt 0.166519 -0.115192 0.000000
vt -0.033481 -0.057596 0.000000
vt 0.166519 -0.057596 0.000000
vt -0.033481 0.000000 0.000000
vt 0.166519 0.000000 0.000000
vt -0.033481 0.057596 0.000000
vt 0.166519 0.057596 0.000000
vt -0.033481 0.115192 0.000000
vt 0.166519 0.115192 0.000000
vt -0.033481 0.172788 0.000000
vt 0.166519 0.172788 0.000000
vt -0.033481 0.230383 0.000000
vt 0.166519 0.230383 0.000000
vt 0.118731 1.236654 0.000000
vt 0.118715 1.256637 0.000000
vt -0.166519 1.256637 0.000000
vt -0.166519 -1.256637 0.000000
vt 0.118715 -1.256637 0.000000
vt 0.118730 -1.236654 0.000000
vt -0.166519 -1.108797 0.000000
vt 0.119748 -1.084451 0.000000
vt -0.166519 -0.960958 0.000000
vt 0.121631 -0.932493 0.000000
vt -0.166519 -0.813118 0.000000
vt 0.123084 -0.780519 0.000000
vt -0.166519 -0.665278 0.000000
vt 0.123481 -0.628319 0.000000
vt -0.166519 -0.517439 0.000000
vt 0.123098 -0.476118 0.000000
vt -0.166519 -0.369599 0.000000
vt 0.121669 -0.324144 0.000000
vt -0.166519 -0.221759 0.000000
vt 0.119804 -0.172185 0.000000
vt -0.166519 -0.073920 0.000000
vt 0.118794 -0.019983 0.000000
vt 0.118780 -0.000000 0.000000
vt -0.166519 0.073920 0.000000
vt 0.118796 0.019983 0.000000
vt 0.119806 0.172184 0.000000
vt -0.166519 0.221759 0.000000
vt 0.121670 0.324162 0.000000
vt -0.166519 0.369599 0.000000
vt 0.123098 0.476107 0.000000
vt -0.166519 0.517439 0.000000
vt 0.123481 0.628319 0.000000
vt -0.166519 0.665278 0.000000
vt 0.123085 0.780530 0.000000
vt -0.166519 0.813118 0.000000
vt 0.121632 0.932476 0.000000
vt -0.166519 0.960958 0.000000
vt 0.119748 1.084453 0.000000
vt -0.166519 1.108797 0.000000
vt -0.482989 0.144497 0.000000
vt -0.510000 0.000000 0.000000
vt -0.220000 0.000000 0.000000
vt -0.482989 -0.144497 0.000000
vt -0.205263 -0.055000 0.000000
vt -0.405604 -0.269478 0.000000
vt -0.165000 -0.095263 0.000000
vt -0.288295 -0.358065 0.000000
vt -0.146907 -0.398294 0.000000
vt -0.110000 -0.110000 0.000000
vt -0.000535 -0.384730 0.000000
vt -0.055000 -0.095263 0.000000
vt 0.131054 -0.319207 0.000000
vt -0.014737 -0.055000 0.000000
vt 0.230087 -0.210573 0.000000
vt 0.283189 -0.073500 0.000000
vt 0.000000 0.000000 0.000000
vt 0.283189 0.073500 0.000000
vt -0.014737 0.055000 0.000000
vt 0.230087 0.210573 0.000000
vt 0.131054 0.319207 0.000000
vt -0.055000 0.095263 0.000000
vt -0.000535 0.384730 0.000000
vt -0.110000 0.110000 0.000000
vt -0.146907 0.398294 0.000000
vt -0.165000 0.095263 0.000000
vt -0.288295 0.358065 0.000000
vt -0.405604 0.269478 0.000000
vt -0.205263 0.055000 0.000000
vt 0.000000 0.000000 0.000000
vt 0.413075 0.000000 0.000000
vt 0.000000 1.580000 0.000000
vt 0.382850 2.060000 0.000000
vt 0.000000 2.060000 0.000000
vt 0.765700 2.060000 0.000000
vt 0.826150 0.000000 0.000000
vt 1.148550 2.060000 0.000000
vt 1.239226 0.000000 0.000000
vt 1.531399 2.060000 0.000000
vt 1.652301 0.000000 0.000000
vt 1.914249 2.060000 0.000000
vt 2.065376 0.000000 0.000000
vt 2.297099 2.060000 0.000000
vt 2.478451 0.000000 0.000000
vt 2.679949 2.060000 0.000000
vt 2.891527 0.000000 0.000000
vt 3.062799 2.060000 0.000000
vt 3.304602 0.000000 0.000000
vt 3.445649 2.060000 0.000000
vt 3.717677 0.000000 0.000000
vt 3.828498 2.060000 0.000000
vt 4.130752 0.000000 0.000000
vt 4.211348 2.060000 0.000000
vt 4.543828 0.000000 0.000000
vt 4.594198 2.060000 0.000000
vt 4.956903 0.000000 0.000000
vt 4.977048 2.060000 0.000000
vt 5.369978 0.000000 0.000000
vt 5.359898 2.060000 0.000000
vt 5.742748 2.060000 0.000000
vt 5.783053 0.000000 0.000000
vt 6.125597 2.060000 0.000000
vt 6.166861 1.913084 0.000000
vt 6.126159 2.060025 0.000000
vt 6.196129 0.000000 0.000000
vt 6.268075 1.790174 0.000000
vt 6.420238 1.708613 0.000000
vt 6.609204 0.000000 0.000000
vt 6.609204 1.680000 0.000000
vt 6.125597 2.080000 0.000000
vt 6.125597 2.075000 0.000000
vt 6.125597 2.070000 0.000000
vt 6.125597 2.065000 0.000000
vt -0.456495 7.058618 0.000000
vt -0.260921 7.185463 0.000000
vt -0.456655 7.497656 0.000000
vt -0.064998 7.263354 0.000000
vt -0.064998 7.497656 0.000000
vt -0.456655 6.638230 0.000000
vt -0.260921 6.739069 0.000000
vt -0.260921 6.962266 0.000000
vt -0.064998 7.029052 0.000000
vt -0.260921 6.292675 0.000000
vt -0.456595 6.234011 0.000000
vt -0.260921 5.833370 0.000000
vt -0.456514 5.841609 0.000000
vt -0.260921 5.603717 0.000000
vt -0.456398 5.445036 0.000000
vt -0.260921 5.374064 0.000000
vt -0.260921 5.144411 0.000000
vt -0.064998 5.154638 0.000000
vt -0.064998 4.920337 0.000000
vt -0.260921 4.914758 0.000000
vt -0.064998 4.686035 0.000000
vt -0.260921 4.685570 0.000000
vt -0.260921 4.455452 0.000000
vt -0.456844 4.650122 0.000000
vt -0.456500 4.255293 0.000000
vt -0.456635 5.046926 0.000000
vt -0.456730 3.863246 0.000000
vt -0.260921 3.996146 0.000000
vt -0.260921 4.225799 0.000000
vt -0.064998 4.451733 0.000000
vt -0.260921 3.766494 0.000000
vt -0.456561 3.460214 0.000000
vt -0.260921 3.536841 0.000000
vt -0.260921 3.307188 0.000000
vt -0.064998 3.514526 0.000000
vt -0.064998 3.280224 0.000000
vt -0.260921 3.077535 0.000000
vt -0.064998 3.045923 0.000000
vt -0.260921 2.847882 0.000000
vt -0.064998 2.811621 0.000000
vt -0.260921 2.618229 0.000000
vt -0.064998 2.343017 0.000000
vt -0.260921 2.052825 0.000000
vt -0.064998 1.874414 0.000000
vt -0.260921 1.487421 0.000000
vt -0.064998 1.405810 0.000000
vt -0.260921 0.922017 0.000000
vt -0.064998 0.937207 0.000000
vt -0.260921 0.356612 0.000000
vt -0.064998 0.000000 0.000000
vt -0.456655 0.000000 0.000000
vt -0.456518 0.660432 0.000000
vt -0.456613 1.294078 0.000000
vt -0.456593 1.903040 0.000000
vt -0.456648 2.489697 0.000000
vt -0.456658 3.010308 0.000000
vt -0.064998 3.748828 0.000000
vt -0.064998 3.983130 0.000000
vt -0.064998 4.217431 0.000000
vt -0.064998 5.388940 0.000000
vt -0.064998 5.623242 0.000000
vt -0.064998 6.091845 0.000000
vt -0.064998 6.326147 0.000000
vt -0.064998 6.560449 0.000000
vt -0.456662 0.000000 0.000000
vt -0.064999 0.000000 0.000000
vt -0.456585 0.266773 0.000000
vt -0.260831 0.336487 0.000000
vt -0.456533 0.525388 0.000000
vt -0.260831 0.694003 0.000000
vt -0.456630 1.024640 0.000000
vt -0.260831 1.051520 0.000000
vt -0.260831 1.409037 0.000000
vt -0.064999 1.324916 0.000000
vt -0.064999 1.766554 0.000000
vt -0.064999 0.441639 0.000000
vt -0.064999 0.883277 0.000000
vt -0.064999 2.208193 0.000000
vt -0.260831 2.124071 0.000000
vt -0.260831 1.766554 0.000000
vt -0.456634 1.500873 0.000000
vt -0.260831 2.481588 0.000000
vt -0.064999 2.649831 0.000000
vt -0.260831 2.839105 0.000000
vt -0.064999 2.870651 0.000000
vt -0.064999 3.091470 0.000000
vt -0.260831 3.196622 0.000000
vt -0.064999 3.312289 0.000000
vt -0.260831 3.554139 0.000000
vt -0.064999 3.533109 0.000000
vt -0.064999 3.753928 0.000000
vt -0.260831 3.911656 0.000000
vt -0.064999 3.974747 0.000000
vt -0.064999 4.195567 0.000000
vt -0.260831 4.269173 0.000000
vt -0.064999 4.416386 0.000000
vt -0.260831 4.626690 0.000000
vt -0.064999 4.858024 0.000000
vt -0.260831 4.984207 0.000000
vt -0.064999 5.299663 0.000000
vt -0.260831 5.341724 0.000000
vt -0.064999 5.741302 0.000000
vt -0.260831 5.699241 0.000000
vt -0.260831 6.056758 0.000000
vt -0.456640 5.809596 0.000000
vt -0.456640 6.423807 0.000000
vt -0.260831 6.561488 0.000000
vt -0.456662 7.066217 0.000000
vt -0.064999 7.066217 0.000000
vt -0.064999 6.182940 0.000000
vt -0.456640 5.226183 0.000000
vt -0.456654 4.952872 0.000000
vt -0.456662 4.695803 0.000000
vt -0.456662 4.454599 0.000000
vt -0.456662 4.223735 0.000000
vt -0.456662 3.998631 0.000000
vt -0.456662 3.774772 0.000000
vt -0.456659 3.549905 0.000000
vt -0.456656 3.324513 0.000000
vt -0.456661 3.098815 0.000000
vt -0.456662 2.872961 0.000000
vt -0.456638 2.645830 0.000000
vt -0.456591 2.417121 0.000000
vt -0.456629 2.188078 0.000000
vt -0.456662 1.959945 0.000000
vt -0.064999 7.066343 0.000000
vt -0.456663 7.066343 0.000000
vt -0.260910 6.561605 0.000000
vt -0.456481 6.502660 0.000000
vt -0.260910 6.056866 0.000000
vt -0.456615 5.960894 0.000000
vt -0.260910 5.699322 0.000000
vt -0.456557 5.438980 0.000000
vt -0.260910 5.341779 0.000000
vt -0.456748 4.951219 0.000000
vt -0.260910 4.984236 0.000000
vt -0.260910 4.626692 0.000000
vt -0.064999 4.858111 0.000000
vt -0.064999 4.416465 0.000000
vt -0.260910 4.269149 0.000000
vt -0.064999 4.195641 0.000000
vt -0.260910 3.911605 0.000000
vt -0.064999 3.974818 0.000000
vt -0.064999 3.753995 0.000000
vt -0.260910 3.554062 0.000000
vt -0.064999 3.533172 0.000000
vt -0.064999 3.312348 0.000000
vt -0.260910 3.196518 0.000000
vt -0.064999 3.091525 0.000000
vt -0.260910 2.838975 0.000000
vt -0.064999 2.870702 0.000000
vt -0.064999 2.649879 0.000000
vt -0.260910 2.481432 0.000000
vt -0.064999 2.208232 0.000000
vt -0.260910 2.123888 0.000000
vt -0.064999 1.766586 0.000000
vt -0.260910 1.766465 0.000000
vt -0.260910 1.408801 0.000000
vt -0.456686 1.732584 0.000000
vt -0.456519 1.326092 0.000000
vt -0.456682 4.513657 0.000000
vt -0.456653 4.111452 0.000000
vt -0.456649 3.718721 0.000000
vt -0.456620 3.324300 0.000000
vt -0.456771 2.929459 0.000000
vt -0.456530 2.531787 0.000000
vt -0.456585 2.130901 0.000000
vt -0.260910 1.051258 0.000000
vt -0.456783 0.901916 0.000000
vt -0.260910 0.693714 0.000000
vt -0.456625 0.461411 0.000000
vt -0.260910 0.336171 0.000000
vt -0.456663 0.000000 0.000000
vt -0.064999 0.000000 0.000000
vt -0.064999 0.441646 0.000000
vt -0.064999 0.883293 0.000000
vt -0.064999 1.324939 0.000000
vt -0.064999 5.299758 0.000000
vt -0.064999 5.741404 0.000000
vt -0.064999 6.183050 0.000000
vt -0.456464 7.058755 0.000000
vt -0.260912 7.185552 0.000000
vt -0.456660 7.497777 0.000000
vt -0.064999 7.263471 0.000000
vt -0.064999 7.497777 0.000000
vt -0.456588 6.638386 0.000000
vt -0.260912 6.739164 0.000000
vt -0.260912 6.962358 0.000000
vt -0.064999 7.029166 0.000000
vt -0.260912 6.292777 0.000000
vt -0.456585 6.234158 0.000000
vt -0.260912 5.855779 0.000000
vt -0.456614 5.841723 0.000000
vt -0.456561 5.445151 0.000000
vt -0.456724 5.047007 0.000000
vt -0.260912 5.200281 0.000000
vt -0.260912 5.418780 0.000000
vt -0.064999 5.623333 0.000000
vt -0.064999 6.091944 0.000000
vt -0.456824 4.650087 0.000000
vt -0.260912 4.763283 0.000000
vt -0.260912 4.981782 0.000000
vt -0.064999 5.154722 0.000000
vt -0.064999 5.389027 0.000000
vt -0.260912 4.544783 0.000000
vt -0.456517 4.255168 0.000000
vt -0.260912 4.326284 0.000000
vt -0.260912 4.107785 0.000000
vt -0.064999 4.217500 0.000000
vt -0.064999 3.983194 0.000000
vt -0.260912 3.889286 0.000000
vt -0.064999 3.748889 0.000000
vt -0.260912 3.670787 0.000000
vt -0.064999 3.514583 0.000000
vt -0.260912 3.452287 0.000000
vt -0.064999 3.280277 0.000000
vt -0.260912 3.233788 0.000000
vt -0.064999 3.045972 0.000000
vt -0.260912 3.015289 0.000000
vt -0.064999 2.811666 0.000000
vt -0.260912 2.796790 0.000000
vt -0.260912 2.490577 0.000000
vt -0.456628 2.489379 0.000000
vt -0.260912 2.186761 0.000000
vt -0.456600 1.903027 0.000000
vt -0.260912 1.576732 0.000000
vt -0.456585 1.294481 0.000000
vt -0.260912 0.966702 0.000000
vt -0.456504 0.660698 0.000000
vt -0.260912 0.356673 0.000000
vt -0.456660 0.000000 0.000000
vt -0.064999 0.000000 0.000000
vt -0.456767 3.863133 0.000000
vt -0.456587 3.460168 0.000000
vt -0.456675 3.010375 0.000000
vt -0.064999 0.937222 0.000000
vt -0.064999 1.405833 0.000000
vt -0.064999 1.874444 0.000000
vt -0.064999 2.343055 0.000000
vt -0.064999 4.451805 0.000000
vt -0.064999 4.686111 0.000000
vt -0.064999 4.920416 0.000000
vt -0.064999 6.326249 0.000000
vt -0.064999 6.560555 0.000000
vt -7.979852 3.009022 0.000000
vt -8.030709 2.928178 0.000000
vt -8.006863 2.864525 0.000000
vt -8.099509 2.782847 0.000000
vt -7.979852 2.720029 0.000000
vt -8.193074 2.641599 0.000000
vt -7.902466 2.595047 0.000000
vt -8.310125 2.514332 0.000000
vt -7.785158 2.506460 0.000000
vt -8.442542 2.409694 0.000000
vt -7.643770 2.466232 0.000000
vt -8.583524 2.328570 0.000000
vt -9.093913 0.365000 0.000000
vt -8.729668 2.267195 0.000000
vt -9.029610 2.189394 0.000000
vt -7.947190 3.222402 0.000000
vt -7.902466 3.134004 0.000000
vt -7.785158 3.222591 0.000000
vt -7.909206 3.518904 0.000000
vt -7.643770 3.262819 0.000000
vt -7.497398 3.249256 0.000000
vt -7.895000 4.130000 0.000000
vt -7.365809 3.183732 0.000000
vt -7.886396 4.715795 0.000000
vt -7.266776 3.075098 0.000000
vt -7.866554 5.021130 0.000000
vt -0.376445 4.778580 0.000000
vt -4.130000 7.895000 0.000000
vt -0.403064 5.116521 0.000000
vt -3.812696 7.892395 0.000000
vt -0.454016 5.459676 0.000000
vt -3.448472 7.875550 0.000000
vt -3.048655 7.830783 0.000000
vt -0.541090 5.817030 0.000000
vt -2.624245 7.743599 0.000000
vt -0.679922 6.191232 0.000000
vt -0.773380 6.379324 0.000000
vt -0.365000 4.130000 0.000000
vt -7.213673 2.938025 0.000000
vt -0.373552 3.544424 0.000000
vt -0.393379 3.239056 0.000000
vt -0.431767 2.928301 0.000000
vt -0.493579 2.617477 0.000000
vt -0.588458 2.297228 0.000000
vt -0.655174 2.125181 0.000000
vt -0.737818 1.947821 0.000000
vt -0.838032 1.768054 0.000000
vt -0.959636 1.586500 0.000000
vt -1.100581 1.410286 0.000000
vt -1.256162 1.247388 0.000000
vt -1.425794 1.098488 0.000000
vt -1.608588 0.963615 0.000000
vt -1.803195 0.842920 0.000000
vt -2.008259 0.736560 0.000000
vt -2.222426 0.644687 0.000000
vt -2.444390 0.567268 0.000000
vt -2.906281 0.453602 0.000000
vt -3.138045 0.416326 0.000000
vt -3.360758 0.391395 0.000000
vt -3.773311 0.368277 0.000000
vt -3.959295 0.365412 0.000000
vt -4.130000 0.365000 0.000000
vt -7.213673 2.791026 0.000000
vt -7.266776 2.653953 0.000000
vt -7.365809 2.545319 0.000000
vt -7.497398 2.479795 0.000000
vt -0.882404 6.561880 0.000000
vt -1.005397 6.734300 0.000000
vt -1.141754 6.895526 0.000000
vt -1.291065 7.045181 0.000000
vt -1.452974 7.183048 0.000000
vt -1.626949 7.308843 0.000000
vt -1.810862 7.421640 0.000000
vt -2.203198 7.607604 0.000000
vt -4.300740 7.894579 0.000000
vt -4.486761 7.891694 0.000000
vt -7.828249 5.331620 0.000000
vt -7.766443 5.642270 0.000000
vt -4.899296 7.868576 0.000000
vt -5.121950 7.843661 0.000000
vt -7.671307 5.963667 0.000000
vt -5.353672 7.806389 0.000000
vt -7.604846 6.134623 0.000000
vt -7.522282 6.311667 0.000000
vt -7.421964 6.491813 0.000000
vt -7.300401 6.673310 0.000000
vt -7.159514 6.849572 0.000000
vt -7.003961 7.012466 0.000000
vt -6.834325 7.161374 0.000000
vt -6.651503 7.296291 0.000000
vt -6.456854 7.417042 0.000000
vt -6.251744 7.523453 0.000000
vt -6.037537 7.615349 0.000000
vt -5.815549 7.692757 0.000000
vt -9.043166 2.187007 0.000000
vt -9.056736 2.184698 0.000000
vt -9.070319 2.182464 0.000000
vt -9.083913 2.180303 0.000000
vt -9.086413 2.179914 0.000000
vt -9.088913 2.179527 0.000000
vt -9.091413 2.179142 0.000000
vt -9.093914 2.178760 0.000000
vt 7.915372 4.911921 0.000000
vt 0.325000 4.130000 0.000000
vt 7.935000 4.130000 0.000000
vt 0.325024 4.050000 0.000000
vt 7.935029 4.050000 0.000000
vt 0.344639 4.911938 0.000000
vt 7.873493 5.300946 0.000000
vt 0.386587 5.300976 0.000000
vt 7.797305 5.684528 0.000000
vt 0.462832 5.684592 0.000000
vt 7.679142 6.057269 0.000000
vt 0.580925 6.057418 0.000000
vt 7.514210 6.412022 0.000000
vt 0.745674 6.412254 0.000000
vt 0.958597 6.739722 0.000000
vt 7.301155 6.739552 0.000000
vt 1.218670 7.031531 0.000000
vt 7.041116 7.031603 0.000000
vt 4.130000 7.935000 0.000000
vt 6.741214 7.282814 0.000000
vt 4.521218 7.929821 0.000000
vt 4.911534 7.907211 0.000000
vt 6.409508 7.489118 0.000000
vt 5.299550 7.856979 0.000000
vt 6.053836 7.651525 0.000000
vt 5.681852 7.773011 0.000000
vt 1.518718 7.282590 0.000000
vt 3.738983 7.930633 0.000000
vt 3.348457 7.907546 0.000000
vt 2.960320 7.856793 0.000000
vt 1.850597 7.489067 0.000000
vt 2.206350 7.651704 0.000000
vt 2.578205 7.773052 0.000000
vt 0.024999 0.000000 0.000000
vt 0.483321 0.000000 0.000000
vt 0.254193 0.369856 0.000000
vt 0.483068 0.690028 0.000000
vt 0.254193 0.852077 0.000000
vt 0.483233 1.331946 0.000000
vt 0.254193 1.333121 0.000000
vt 0.254193 1.816518 0.000000
vt 0.024905 1.280696 0.000000
vt 0.025018 1.887060 0.000000
vt 0.254193 2.298738 0.000000
vt 0.025080 2.480413 0.000000
vt 0.254193 2.715288 0.000000
vt 0.024887 3.029695 0.000000
vt 0.254193 2.977560 0.000000
vt 0.254193 3.239832 0.000000
vt 0.483182 3.070388 0.000000
vt 0.483318 3.536104 0.000000
vt 0.483299 1.944692 0.000000
vt 0.483323 2.535769 0.000000
vt 0.483497 3.750399 0.000000
vt 0.254193 3.764377 0.000000
vt 0.254193 3.502104 0.000000
vt 0.024887 3.511361 0.000000
vt 0.483499 3.953745 0.000000
vt 0.254193 4.165499 0.000000
vt 0.025140 3.944270 0.000000
vt 0.024887 4.359277 0.000000
vt 0.254193 4.366060 0.000000
vt 0.254193 4.566621 0.000000
vt 0.483121 4.354894 0.000000
vt 0.483437 4.757082 0.000000
vt 0.483340 4.153900 0.000000
vt 0.254193 4.967743 0.000000
vt 0.483466 5.156996 0.000000
vt 0.254193 5.368865 0.000000
vt 0.483147 5.555212 0.000000
vt 0.254193 5.658136 0.000000
vt 0.483227 5.952050 0.000000
vt 0.254193 5.947406 0.000000
vt 0.254193 6.236677 0.000000
vt 0.024924 5.985678 0.000000
vt 0.025037 6.381071 0.000000
vt 0.254193 6.525948 0.000000
vt 0.024954 6.794202 0.000000
vt 0.254193 6.757416 0.000000
vt 0.254193 6.988884 0.000000
vt 0.483239 6.763720 0.000000
vt 0.483224 7.225934 0.000000
vt 0.483364 6.348244 0.000000
vt 0.483321 7.775597 0.000000
vt 0.254193 7.451819 0.000000
vt 0.254193 7.220352 0.000000
vt 0.024916 7.248418 0.000000
vt 0.024999 7.775597 0.000000
vt 0.024894 5.586695 0.000000
vt 0.025243 5.182720 0.000000
vt 0.025172 4.773706 0.000000
vt 0.025000 -0.000000 0.000000
vt 0.483325 -0.000000 0.000000
vt 0.254108 0.347471 0.000000
vt 0.483325 0.650332 0.000000
vt 0.254108 0.730283 0.000000
vt 0.483259 1.189755 0.000000
vt 0.254108 1.111905 0.000000
vt 0.254108 1.493526 0.000000
vt 0.024904 1.463498 0.000000
vt 0.025097 1.869770 0.000000
vt 0.254108 1.875148 0.000000
vt 0.254108 2.256769 0.000000
vt 0.483256 2.130809 0.000000
vt 0.483228 2.358804 0.000000
vt 0.483247 1.673498 0.000000
vt 0.254108 2.638391 0.000000
vt 0.483249 2.587491 0.000000
vt 0.483279 2.816459 0.000000
vt 0.254108 3.020012 0.000000
vt 0.483265 3.045299 0.000000
vt 0.483240 3.274650 0.000000
vt 0.254108 3.401634 0.000000
vt 0.483248 3.505060 0.000000
vt 0.254108 3.783255 0.000000
vt 0.483301 3.735977 0.000000
vt 0.483325 3.966864 0.000000
vt 0.254108 4.164877 0.000000
vt 0.483312 4.196899 0.000000
vt 0.483288 4.428356 0.000000
vt 0.254108 4.546498 0.000000
vt 0.483271 4.665326 0.000000
vt 0.254108 4.928120 0.000000
vt 0.483282 4.911905 0.000000
vt 0.483302 5.173157 0.000000
vt 0.254108 5.309741 0.000000
vt 0.483281 5.449470 0.000000
vt 0.254108 5.691363 0.000000
vt 0.483206 6.036562 0.000000
vt 0.254108 6.072984 0.000000
vt 0.254108 6.454606 0.000000
vt 0.024890 6.232773 0.000000
vt 0.254108 6.890662 0.000000
vt 0.025000 7.326719 0.000000
vt 0.483325 7.326719 0.000000
vt 0.483135 6.657339 0.000000
vt 0.024990 5.713593 0.000000
vt 0.025069 5.215775 0.000000
vt 0.024960 4.759870 0.000000
vt 0.025057 4.333127 0.000000
vt 0.025201 3.918725 0.000000
vt 0.024898 3.500900 0.000000
vt 0.025001 3.086109 0.000000
vt 0.025027 2.676603 0.000000
vt 0.024930 2.270046 0.000000
vt 0.025046 1.029592 0.000000
vt 0.025065 0.553593 0.000000
vt -0.000000 5.529235 0.000000
vt -0.000000 6.319126 0.000000
vt -0.021590 5.867759 0.000000
vt -0.015454 6.319126 0.000000
vt -0.030881 6.319126 0.000000
vt -0.046335 6.319126 0.000000
vt -0.046335 5.529235 0.000000
vt -0.021590 5.416393 0.000000
vt -0.046335 5.134289 0.000000
vt -0.021590 5.096676 0.000000
vt -0.046335 4.739344 0.000000
vt -0.021590 4.776958 0.000000
vt -0.021590 4.457240 0.000000
vt -0.000000 4.739344 0.000000
vt -0.000000 4.344399 0.000000
vt -0.021590 4.137523 0.000000
vt -0.000000 3.949453 0.000000
vt -0.021590 3.817805 0.000000
vt -0.000000 3.554508 0.000000
vt -0.021590 3.498087 0.000000
vt -0.000000 3.159563 0.000000
vt -0.021590 3.178370 0.000000
vt -0.021590 2.858652 0.000000
vt -0.046335 3.159563 0.000000
vt -0.046335 2.764617 0.000000
vt -0.046335 4.344399 0.000000
vt -0.046335 3.949453 0.000000
vt -0.046335 3.554508 0.000000
vt -0.021590 2.538934 0.000000
vt -0.046335 2.369672 0.000000
vt -0.021590 2.219217 0.000000
vt -0.046335 1.974727 0.000000
vt -0.021590 1.899499 0.000000
vt -0.046335 1.579781 0.000000
vt -0.021590 1.579781 0.000000
vt -0.021590 1.260064 0.000000
vt -0.000000 1.579781 0.000000
vt -0.000000 1.184836 0.000000
vt -0.021590 0.940346 0.000000
vt -0.000000 0.789891 0.000000
vt -0.021590 0.620628 0.000000
vt -0.000000 0.394945 0.000000
vt -0.021590 0.300911 0.000000
vt -0.015454 0.000000 0.000000
vt -0.030881 0.000000 0.000000
vt -0.046335 0.394945 0.000000
vt -0.046335 0.000000 0.000000
vt -0.046335 1.184836 0.000000
vt -0.046335 0.789891 0.000000
vt -0.000000 0.000000 0.000000
vt -0.000000 1.974727 0.000000
vt -0.000000 2.369672 0.000000
vt -0.000000 2.764617 0.000000
vt -0.000000 5.134289 0.000000
vt -0.000000 6.317529 0.000000
vt -0.015454 6.317529 0.000000
vt -0.000000 5.922683 0.000000
vt -0.021586 5.866277 0.000000
vt -0.000000 5.527837 0.000000
vt -0.021586 5.518436 0.000000
vt -0.021586 5.170596 0.000000
vt -0.046336 5.527837 0.000000
vt -0.046336 5.132992 0.000000
vt -0.030882 6.317529 0.000000
vt -0.046336 5.922683 0.000000
vt -0.046336 6.317529 0.000000
vt -0.021586 4.822756 0.000000
vt -0.046336 4.738146 0.000000
vt -0.021586 4.474916 0.000000
vt -0.046336 4.343301 0.000000
vt -0.021586 4.127076 0.000000
vt -0.046336 3.948455 0.000000
vt -0.021586 3.779236 0.000000
vt -0.046336 3.553610 0.000000
vt -0.021586 3.431396 0.000000
vt -0.046336 3.158764 0.000000
vt -0.021586 3.083556 0.000000
vt -0.046336 2.763919 0.000000
vt -0.021586 2.735715 0.000000
vt -0.046336 2.369073 0.000000
vt -0.021586 2.387875 0.000000
vt -0.021586 2.040035 0.000000
vt -0.000000 2.369073 0.000000
vt -0.000000 1.974228 0.000000
vt -0.021586 1.692195 0.000000
vt -0.000000 1.579382 0.000000
vt -0.021586 1.344355 0.000000
vt -0.000000 1.184537 0.000000
vt -0.021586 0.996515 0.000000
vt -0.000000 0.789691 0.000000
vt -0.021586 0.648675 0.000000
vt -0.021586 0.300835 0.000000
vt -0.046336 0.000000 0.000000
vt -0.030882 0.000000 0.000000
vt -0.046336 1.974228 0.000000
vt -0.046336 1.579382 0.000000
vt -0.046336 1.184537 0.000000
vt -0.046336 0.789691 0.000000
vt -0.015454 0.000000 0.000000
vt -0.000000 0.000000 0.000000
vt -0.000000 2.763919 0.000000
vt -0.000000 3.158764 0.000000
vt -0.000000 3.553610 0.000000
vt -0.000000 3.948455 0.000000
vt -0.000000 4.343301 0.000000
vt -0.000000 4.738146 0.000000
vt -0.000000 5.132992 0.000000
vt -0.000000 5.528670 0.000000
vt -0.000000 6.318480 0.000000
vt -0.021582 5.867160 0.000000
vt -0.015452 6.318480 0.000000
vt -0.030877 6.318480 0.000000
vt -0.046329 6.318480 0.000000
vt -0.046329 5.528670 0.000000
vt -0.021582 5.415840 0.000000
vt -0.046329 5.133765 0.000000
vt -0.021582 5.077350 0.000000
vt -0.046329 4.738860 0.000000
vt -0.021582 4.738860 0.000000
vt -0.021582 4.400370 0.000000
vt -0.000000 4.738860 0.000000
vt -0.000000 4.343955 0.000000
vt -0.021582 4.061880 0.000000
vt -0.000000 3.949050 0.000000
vt -0.021582 3.723390 0.000000
vt -0.000000 3.554145 0.000000
vt -0.021582 3.384900 0.000000
vt -0.000000 3.159240 0.000000
vt -0.021582 3.046410 0.000000
vt -0.000000 2.764335 0.000000
vt -0.021582 2.707920 0.000000
vt -0.000000 2.369430 0.000000
vt -0.021582 2.369430 0.000000
vt -0.021582 2.030940 0.000000
vt -0.046329 2.369430 0.000000
vt -0.046329 1.974525 0.000000
vt -0.046329 4.343955 0.000000
vt -0.046329 3.949050 0.000000
vt -0.046329 3.554145 0.000000
vt -0.046329 3.159240 0.000000
vt -0.046329 2.764335 0.000000
vt -0.021582 1.692450 0.000000
vt -0.046329 1.579620 0.000000
vt -0.021582 1.353960 0.000000
vt -0.046329 1.184715 0.000000
vt -0.021582 1.015470 0.000000
vt -0.046329 0.789810 0.000000
vt -0.021582 0.676980 0.000000
vt -0.046329 0.394905 0.000000
vt -0.030877 0.000000 0.000000
vt -0.046329 0.000000 0.000000
vt -0.015452 0.000000 0.000000
vt -0.000000 0.394905 0.000000
vt -0.000000 0.789810 0.000000
vt -0.000000 0.000000 0.000000
vt -0.000000 1.184715 0.000000
vt -0.000000 1.579620 0.000000
vt -0.000000 1.974525 0.000000
vt -0.000000 5.133765 0.000000
vt -0.000000 6.317623 0.000000
vt -0.015454 6.317623 0.000000
vt -0.000000 5.922772 0.000000
vt -0.021586 5.866364 0.000000
vt -0.000000 5.527920 0.000000
vt -0.021586 5.518519 0.000000
vt -0.021586 5.170674 0.000000
vt -0.046336 5.527920 0.000000
vt -0.046336 5.133069 0.000000
vt -0.030882 6.317623 0.000000
vt -0.046336 5.922772 0.000000
vt -0.046336 6.317623 0.000000
vt -0.021586 4.822828 0.000000
vt -0.046336 4.738217 0.000000
vt -0.021586 4.474983 0.000000
vt -0.046336 4.343366 0.000000
vt -0.021586 4.127138 0.000000
vt -0.046336 3.948514 0.000000
vt -0.021586 3.779292 0.000000
vt -0.046336 3.553663 0.000000
vt -0.021586 3.431447 0.000000
vt -0.046336 3.158812 0.000000
vt -0.021586 3.083602 0.000000
vt -0.046336 2.763960 0.000000
vt -0.021586 2.735756 0.000000
vt -0.046336 2.369109 0.000000
vt -0.021586 2.387911 0.000000
vt -0.021586 2.040066 0.000000
vt -0.000000 2.369109 0.000000
vt -0.000000 1.974257 0.000000
vt -0.021586 1.692220 0.000000
vt -0.000000 1.579406 0.000000
vt -0.021586 1.344375 0.000000
vt -0.000000 1.184554 0.000000
vt -0.021586 0.996530 0.000000
vt -0.000000 0.789703 0.000000
vt -0.021586 0.648685 0.000000
vt -0.021586 0.300839 0.000000
vt -0.046336 0.000000 0.000000
vt -0.030882 0.000000 0.000000
vt -0.046336 1.974257 0.000000
vt -0.046336 1.579406 0.000000
vt -0.046336 1.184554 0.000000
vt -0.046336 0.789703 0.000000
vt -0.015454 0.000000 0.000000
vt -0.000000 0.000000 0.000000
vt -0.000000 2.763960 0.000000
vt -0.000000 3.158812 0.000000
vt -0.000000 3.553663 0.000000
vt -0.000000 3.948514 0.000000
vt -0.000000 4.343366 0.000000
vt -0.000000 4.738217 0.000000
vt -0.000000 5.133069 0.000000
vt 0.025000 -0.000000 0.000000
vt 0.483324 -0.000000 0.000000
vt 0.254109 0.347461 0.000000
vt 0.483324 0.650304 0.000000
vt 0.254109 0.730262 0.000000
vt 0.483260 1.189699 0.000000
vt 0.254109 1.111870 0.000000
vt 0.254109 1.493477 0.000000
vt 0.024901 1.463431 0.000000
vt 0.025094 1.869688 0.000000
vt 0.254109 1.875084 0.000000
vt 0.254109 2.256692 0.000000
vt 0.483248 2.130734 0.000000
vt 0.483218 2.358720 0.000000
vt 0.483248 1.673432 0.000000
vt 0.254109 2.638299 0.000000
vt 0.483242 2.587395 0.000000
vt 0.483275 2.816349 0.000000
vt 0.254109 3.019907 0.000000
vt 0.483262 3.045175 0.000000
vt 0.483236 3.274517 0.000000
vt 0.254109 3.401514 0.000000
vt 0.483245 3.504926 0.000000
vt 0.254109 3.783122 0.000000
vt 0.483300 3.735845 0.000000
vt 0.483324 3.966728 0.000000
vt 0.254109 4.164729 0.000000
vt 0.483311 4.196758 0.000000
vt 0.483286 4.428207 0.000000
vt 0.254109 4.546337 0.000000
vt 0.483269 4.665168 0.000000
vt 0.254109 4.927944 0.000000
vt 0.483280 4.911734 0.000000
vt 0.483301 5.172973 0.000000
vt 0.254109 5.309552 0.000000
vt 0.483280 5.449277 0.000000
vt 0.254109 5.691159 0.000000
vt 0.483204 6.036347 0.000000
vt 0.254109 6.072766 0.000000
vt 0.254109 6.454374 0.000000
vt 0.024893 6.232536 0.000000
vt 0.254109 6.890417 0.000000
vt 0.025000 7.326459 0.000000
vt 0.483324 7.326459 0.000000
vt 0.483133 6.657100 0.000000
vt 0.024984 5.713375 0.000000
vt 0.025065 5.215569 0.000000
vt 0.024960 4.759691 0.000000
vt 0.025060 4.332975 0.000000
vt 0.025205 3.918599 0.000000
vt 0.024897 3.500785 0.000000
vt 0.024996 3.085998 0.000000
vt 0.025022 2.676502 0.000000
vt 0.024926 2.269949 0.000000
vt 0.025043 1.029532 0.000000
vt 0.025064 0.553559 0.000000
vt 0.024999 0.000000 0.000000
vt 0.483323 0.000000 0.000000
vt 0.254167 0.369573 0.000000
vt 0.483202 0.689214 0.000000
vt 0.254167 0.870707 0.000000
vt 0.483237 1.331122 0.000000
vt 0.254167 1.371842 0.000000
vt 0.254167 1.872976 0.000000
vt 0.024969 1.885739 0.000000
vt 0.254167 2.374110 0.000000
vt 0.025011 2.478192 0.000000
vt 0.254167 2.633297 0.000000
vt 0.025062 3.028317 0.000000
vt 0.254167 2.892483 0.000000
vt 0.254167 3.151670 0.000000
vt 0.483417 3.068633 0.000000
vt 0.254167 3.410856 0.000000
vt 0.483172 3.533601 0.000000
vt 0.254167 3.670043 0.000000
vt 0.483492 3.747458 0.000000
vt 0.254167 3.929229 0.000000
vt 0.483505 3.950733 0.000000
vt 0.483292 4.150902 0.000000
vt 0.483285 1.943257 0.000000
vt 0.483216 2.533207 0.000000
vt 0.254167 4.188416 0.000000
vt 0.483095 4.351711 0.000000
vt 0.254167 4.447602 0.000000
vt 0.483431 4.753485 0.000000
vt 0.254167 4.706789 0.000000
vt 0.254167 4.965975 0.000000
vt 0.025178 4.770101 0.000000
vt 0.025161 5.178751 0.000000
vt 0.254167 5.225162 0.000000
vt 0.254167 5.484348 0.000000
vt 0.483131 5.551073 0.000000
vt 0.254167 5.743535 0.000000
vt 0.483234 5.947575 0.000000
vt 0.254167 6.002721 0.000000
vt 0.254167 6.261908 0.000000
vt 0.024904 5.981155 0.000000
vt 0.025135 6.376322 0.000000
vt 0.254167 6.521094 0.000000
vt 0.024830 6.788992 0.000000
vt 0.254167 6.833274 0.000000
vt 0.254167 7.145454 0.000000
vt 0.483230 7.220529 0.000000
vt 0.254167 7.457634 0.000000
vt 0.483323 7.769815 0.000000
vt 0.024999 7.769815 0.000000
vt 0.483446 5.153122 0.000000
vt 0.483383 6.343476 0.000000
vt 0.483252 6.758650 0.000000
vt 0.024830 7.242776 0.000000
vt 0.024830 5.582418 0.000000
vt 0.024830 4.356102 0.000000
vt 0.025135 3.941244 0.000000
vt 0.024830 3.508820 0.000000
vt 0.024936 1.279829 0.000000
vt -0.000000 6.805988 0.000000
vt -0.010725 6.805988 0.000000
vt -0.000000 6.383662 0.000000
vt -0.015529 6.319881 0.000000
vt -0.000000 5.948731 0.000000
vt -0.015529 5.834037 0.000000
vt -0.000000 5.509280 0.000000
vt -0.015529 5.469701 0.000000
vt -0.015529 5.105669 0.000000
vt -0.032194 5.349691 0.000000
vt -0.032232 5.106330 0.000000
vt -0.021446 6.805988 0.000000
vt -0.032044 6.319576 0.000000
vt -0.032232 5.833704 0.000000
vt -0.032171 6.805988 0.000000
vt -0.032232 4.861419 0.000000
vt -0.015529 4.740407 0.000000
vt -0.000000 5.070175 0.000000
vt -0.000000 4.634508 0.000000
vt -0.015529 4.376623 0.000000
vt -0.000000 4.202671 0.000000
vt -0.015529 4.011114 0.000000
vt -0.000000 3.987436 0.000000
vt -0.000000 3.772362 0.000000
vt -0.015529 3.646326 0.000000
vt -0.000000 3.557254 0.000000
vt -0.015529 3.281820 0.000000
vt -0.000000 3.341778 0.000000
vt -0.000000 3.125549 0.000000
vt -0.015529 2.917019 0.000000
vt -0.000000 2.908205 0.000000
vt -0.015529 2.552527 0.000000
vt -0.000000 2.469878 0.000000
vt -0.015529 2.187650 0.000000
vt -0.000000 2.028543 0.000000
vt -0.015529 1.823234 0.000000
vt -0.000000 1.587262 0.000000
vt -0.015529 1.458062 0.000000
vt -0.000000 1.152909 0.000000
vt -0.015529 1.093940 0.000000
vt -0.000000 0.734946 0.000000
vt -0.015529 0.729293 0.000000
vt -0.015529 0.364647 0.000000
vt -0.032232 0.486142 0.000000
vt -0.021446 -0.000000 0.000000
vt -0.032171 0.000000 0.000000
vt -0.032125 4.619498 0.000000
vt -0.032070 4.377542 0.000000
vt -0.032159 4.132451 0.000000
vt -0.032202 3.889136 0.000000
vt -0.032143 3.646174 0.000000
vt -0.032124 3.403132 0.000000
vt -0.032186 3.160012 0.000000
vt -0.032232 2.916852 0.000000
vt -0.032232 2.673335 0.000000
vt -0.032232 2.430143 0.000000
vt -0.032225 2.187403 0.000000
vt -0.032232 1.944568 0.000000
vt -0.032232 1.457497 0.000000
vt -0.032216 0.972284 0.000000
vt -0.010725 -0.000000 0.000000
vt -0.000000 0.345538 0.000000
vt -0.000000 0.000000 0.000000
vt -0.000000 6.805297 0.000000
vt -0.010725 6.805297 0.000000
vt -0.000000 6.459887 0.000000
vt -0.021446 6.805297 0.000000
vt -0.015500 6.319204 0.000000
vt -0.032172 6.379966 0.000000
vt -0.032172 5.954635 0.000000
vt -0.032172 6.805297 0.000000
vt -0.032172 5.529304 0.000000
vt -0.015500 5.569811 0.000000
vt -0.015500 5.944508 0.000000
vt -0.000000 6.070601 0.000000
vt -0.015500 5.195115 0.000000
vt -0.032172 5.103973 0.000000
vt -0.015500 4.820419 0.000000
vt -0.032172 4.678642 0.000000
vt -0.015500 4.445722 0.000000
vt -0.032172 4.253311 0.000000
vt -0.015500 4.071026 0.000000
vt -0.032172 3.827979 0.000000
vt -0.015500 3.696329 0.000000
vt -0.032172 3.402648 0.000000
vt -0.015500 3.321633 0.000000
vt -0.032172 3.189983 0.000000
vt -0.015500 2.946937 0.000000
vt -0.032172 2.977317 0.000000
vt -0.032172 2.764652 0.000000
vt -0.015500 2.572240 0.000000
vt -0.032172 2.551986 0.000000
vt -0.015500 2.197544 0.000000
vt -0.032172 2.126655 0.000000
vt -0.015500 1.822847 0.000000
vt -0.032172 1.701324 0.000000
vt -0.015500 1.448151 0.000000
vt -0.032172 1.275993 0.000000
vt -0.015500 1.073455 0.000000
vt -0.032172 0.850662 0.000000
vt -0.015500 0.698758 0.000000
vt -0.032172 0.425331 0.000000
vt -0.015500 0.324062 0.000000
vt -0.021446 0.000000 0.000000
vt -0.010725 0.000000 0.000000
vt -0.032172 0.000000 0.000000
vt -0.000000 0.000000 0.000000
vt -0.000000 0.422385 0.000000
vt -0.000000 0.857418 0.000000
vt -0.000000 1.296742 0.000000
vt -0.000000 1.735544 0.000000
vt -0.000000 2.171015 0.000000
vt -0.000000 2.602886 0.000000
vt -0.000000 2.818192 0.000000
vt -0.000000 3.033341 0.000000
vt -0.000000 3.248502 0.000000
vt -0.000000 3.463994 0.000000
vt -0.000000 3.680196 0.000000
vt -0.000000 3.897472 0.000000
vt -0.000000 4.335598 0.000000
vt -0.000000 4.776806 0.000000
vt -0.000000 5.218142 0.000000
vt -0.000000 5.652613 0.000000
vt -0.000000 6.805946 0.000000
vt -0.010725 6.805946 0.000000
vt -0.000000 6.383624 0.000000
vt -0.015529 6.319842 0.000000
vt -0.000000 5.948700 0.000000
vt -0.015529 5.834001 0.000000
vt -0.000000 5.509251 0.000000
vt -0.015529 5.469666 0.000000
vt -0.015529 5.105638 0.000000
vt -0.032193 5.349660 0.000000
vt -0.032232 5.106300 0.000000
vt -0.021446 6.805946 0.000000
vt -0.032044 6.319538 0.000000
vt -0.032232 5.833668 0.000000
vt -0.032171 6.805946 0.000000
vt -0.032232 4.861389 0.000000
vt -0.015529 4.740377 0.000000
vt -0.000000 5.070143 0.000000
vt -0.000000 4.634474 0.000000
vt -0.015529 4.376595 0.000000
vt -0.000000 4.202642 0.000000
vt -0.015529 4.011089 0.000000
vt -0.000000 3.987413 0.000000
vt -0.000000 3.772343 0.000000
vt -0.015529 3.646302 0.000000
vt -0.000000 3.557239 0.000000
vt -0.015529 3.281800 0.000000
vt -0.000000 3.341764 0.000000
vt -0.000000 3.125534 0.000000
vt -0.015529 2.917001 0.000000
vt -0.000000 2.908186 0.000000
vt -0.015529 2.552511 0.000000
vt -0.000000 2.469848 0.000000
vt -0.015529 2.187636 0.000000
vt -0.000000 2.028510 0.000000
vt -0.015529 1.823222 0.000000
vt -0.000000 1.587242 0.000000
vt -0.015529 1.458052 0.000000
vt -0.000000 1.152902 0.000000
vt -0.015529 1.093933 0.000000
vt -0.000000 0.734940 0.000000
vt -0.015529 0.729289 0.000000
vt -0.015529 0.364644 0.000000
vt -0.032232 0.486139 0.000000
vt -0.021446 -0.000000 0.000000
vt -0.032171 0.000000 0.000000
vt -0.032123 4.619468 0.000000
vt -0.032063 4.377513 0.000000
vt -0.032147 4.132426 0.000000
vt -0.032188 3.889112 0.000000
vt -0.032132 3.646151 0.000000
vt -0.032117 3.403111 0.000000
vt -0.032182 3.159993 0.000000
vt -0.032232 2.916834 0.000000
vt -0.032232 2.673316 0.000000
vt -0.032232 2.430125 0.000000
vt -0.032222 2.187388 0.000000
vt -0.032232 1.944556 0.000000
vt -0.032232 1.457486 0.000000
vt -0.032221 0.972278 0.000000
vt -0.010725 -0.000000 0.000000
vt -0.000000 0.345533 0.000000
vt -0.000000 0.000000 0.000000
vt -0.000000 6.805484 0.000000
vt -0.010725 6.805484 0.000000
vt -0.000000 6.460065 0.000000
vt -0.021446 6.805484 0.000000
vt -0.015500 6.319378 0.000000
vt -0.032172 6.380141 0.000000
vt -0.032172 5.954798 0.000000
vt -0.032172 6.805484 0.000000
vt -0.032172 5.529456 0.000000
vt -0.015500 5.569965 0.000000
vt -0.015500 5.944671 0.000000
vt -0.000000 6.070768 0.000000
vt -0.015500 5.195258 0.000000
vt -0.032172 5.104113 0.000000
vt -0.015500 4.820551 0.000000
vt -0.032172 4.678770 0.000000
vt -0.015500 4.445844 0.000000
vt -0.032172 4.253427 0.000000
vt -0.015500 4.071138 0.000000
vt -0.032172 3.828085 0.000000
vt -0.015500 3.696431 0.000000
vt -0.032172 3.402742 0.000000
vt -0.015500 3.321724 0.000000
vt -0.032172 3.190071 0.000000
vt -0.015500 2.947018 0.000000
vt -0.032172 2.977399 0.000000
vt -0.032172 2.764728 0.000000
vt -0.015500 2.572311 0.000000
vt -0.032172 2.552056 0.000000
vt -0.015500 2.197604 0.000000
vt -0.032172 2.126714 0.000000
vt -0.015500 1.822897 0.000000
vt -0.032172 1.701371 0.000000
vt -0.015500 1.448191 0.000000
vt -0.032172 1.276028 0.000000
vt -0.015500 1.073484 0.000000
vt -0.032172 0.850685 0.000000
vt -0.015500 0.698777 0.000000
vt -0.032172 0.425343 0.000000
vt -0.015500 0.324071 0.000000
vt -0.021446 0.000000 0.000000
vt -0.010725 0.000000 0.000000
vt -0.032172 0.000000 0.000000
vt -0.000000 0.000000 0.000000
vt -0.000000 0.422398 0.000000
vt -0.000000 0.857449 0.000000
vt -0.000000 1.296799 0.000000
vt -0.000000 1.735632 0.000000
vt -0.000000 2.171120 0.000000
vt -0.000000 2.602988 0.000000
vt -0.000000 2.818287 0.000000
vt -0.000000 3.033430 0.000000
vt -0.000000 3.248587 0.000000
vt -0.000000 3.464079 0.000000
vt -0.000000 3.680284 0.000000
vt -0.000000 3.897566 0.000000
vt -0.000000 4.335710 0.000000
vt -0.000000 4.776938 0.000000
vt -0.000000 5.218286 0.000000
vt -0.000000 5.652768 0.000000
vt -0.000000 0.000000 0.000000
vt -0.000000 0.080002 0.000000
vt -0.015507 0.026318 0.000000
vt -0.016086 0.080000 0.000000
vt -0.032172 0.079992 0.000000
vt -0.032172 0.000000 0.000000
vt -0.021447 0.000000 0.000000
vt -0.010726 0.000000 0.000000
vt -3.818673 9.416667 0.000000
vt -3.818673 14.773333 0.000000
vt -3.898680 9.416667 0.000000
vt -3.898680 14.773333 0.000000
vt 0.483333 -0.000000 0.000000
vt 0.483333 0.080151 0.000000
vt 0.254167 0.026670 0.000000
vt 0.025000 0.079852 0.000000
vt 0.025000 0.000000 0.000000
vt -0.046347 3.444153 0.000000
vt -0.046347 3.364134 0.000000
vt -0.021573 3.390900 0.000000
vt -0.023174 3.364153 0.000000
vt -0.000000 3.364177 0.000000
vt -0.000000 3.444153 0.000000
vt -0.015458 3.444153 0.000000
vt -0.030889 3.444153 0.000000
vt 5.794971 4.050000 0.000000
vt 6.701104 4.050000 0.000000
vt 5.795000 4.130000 0.000000
vt 6.717976 4.452393 0.000000
vt 5.814626 4.911925 0.000000
vt 6.790434 4.848569 0.000000
vt 6.917081 5.230885 0.000000
vt 7.095474 5.591968 0.000000
vt 5.932818 5.684580 0.000000
vt 5.856570 5.300960 0.000000
vt 6.050917 6.057409 0.000000
vt 7.322172 5.924854 0.000000
vt 6.215674 6.412248 0.000000
vt 7.592803 6.223122 0.000000
vt 6.428603 6.739720 0.000000
vt 7.902147 6.481020 0.000000
vt 6.688679 7.031538 0.000000
vt 8.244238 6.693573 0.000000
vt 6.988726 7.282603 0.000000
vt 7.320602 7.489080 0.000000
vt 8.612477 6.856683 0.000000
vt 7.676352 7.651712 0.000000
vt 8.048205 7.773059 0.000000
vt 8.999764 6.967202 0.000000
vt 8.430319 7.856801 0.000000
vt 8.818456 7.907555 0.000000
vt 9.398627 7.023000 0.000000
vt 9.208983 7.930638 0.000000
vt 9.600000 7.935000 0.000000
vt 9.801373 7.023000 0.000000
vt 9.990944 7.930630 0.000000
vt 10.381404 7.907578 0.000000
vt 10.200236 6.967202 0.000000
vt 10.769598 7.856818 0.000000
vt 11.151839 7.773046 0.000000
vt 10.587523 6.856683 0.000000
vt 11.523761 7.651752 0.000000
vt 11.879466 7.489237 0.000000
vt 10.955762 6.693573 0.000000
vt 12.211214 7.282781 0.000000
vt 12.511107 7.031557 0.000000
vt 11.297853 6.481020 0.000000
vt 12.771123 6.739554 0.000000
vt 11.607197 6.223122 0.000000
vt 12.984179 6.412033 0.000000
vt 11.877828 5.924854 0.000000
vt 13.149130 6.057257 0.000000
vt 12.104526 5.591968 0.000000
vt 13.267301 5.684509 0.000000
vt 12.282919 5.230885 0.000000
vt 13.343484 5.300945 0.000000
vt 13.385361 4.911931 0.000000
vt 12.409566 4.848569 0.000000
vt 12.482024 4.452393 0.000000
vt 13.405000 4.130000 0.000000
vt 12.498896 4.050000 0.000000
vt 13.404976 4.050000 0.000000
vt -0.000000 5.356667 0.000000
vt -0.080000 5.356667 0.000000
vt -0.000000 -0.000000 0.000000
vt -0.080000 -0.000000 0.000000
vt -0.040000 0.000000 0.000000
vt 0.040000 0.000000 0.000000
vt -0.040000 0.001720 0.000000
vt -0.000000 0.002580 0.000000
vt -0.040000 0.003440 0.000000
vt -0.040000 0.005159 0.000000
vt 0.040000 0.003440 0.000000
vt 0.040000 0.005159 0.000000
vt 0.040000 0.001720 0.000000
vt -0.080000 -0.000000 0.000000
vt -0.000000 -0.000000 0.000000
vt -0.080000 0.458333 0.000000
vt -0.000000 0.458333 0.000000
vt 0.040000 -0.000000 0.000000
vt 0.040000 0.002478 0.000000
vt -0.040000 -0.000000 0.000000
vt -0.040000 0.002478 0.000000
vt 0.040000 0.004956 0.000000
vt -0.040000 0.004956 0.000000
vt -0.040000 0.007435 0.000000
vt 0.040000 0.007435 0.000000
vt -0.000000 0.905000 0.000000
vt -0.026670 0.905123 0.000000
vt -0.000000 -0.000000 0.000000
vt -0.080000 -0.000000 0.000000
vt -0.053337 0.905491 0.000000
vt -0.080000 0.906104 0.000000
vt 8.176035 -2.463333 0.000000
vt 8.218046 -2.463333 0.000000
vt 8.176035 2.893333 0.000000
vt 8.218046 2.893333 0.000000
vt 8.175852 2.895040 0.000000
vt 8.215460 2.909138 0.000000
vt 8.175309 2.896668 0.000000
vt 8.174432 2.898144 0.000000
vt 8.208046 2.923333 0.000000
vt 7.899432 3.264811 0.000000
vt 7.933046 3.290000 0.000000
vt 7.897664 3.266534 0.000000
vt 7.895457 3.267638 0.000000
vt 7.915364 3.304636 0.000000
vt 7.893018 3.268018 0.000000
vt 7.893046 3.310000 0.000000
vt 0.283042 3.310000 0.000000
vt 8.175852 -2.465040 0.000000
vt 8.215460 -2.479138 0.000000
vt 8.175309 -2.466668 0.000000
vt 8.174432 -2.468144 0.000000
vt 8.208046 -2.493333 0.000000
vt 7.899432 -2.834811 0.000000
vt 7.933046 -2.860000 0.000000
vt 7.897664 -2.836534 0.000000
vt 7.895457 -2.837638 0.000000
vt 7.915364 -2.874636 0.000000
vt 7.893018 -2.838018 0.000000
vt 7.893046 -2.880000 0.000000
vt 6.986914 -2.880000 0.000000
vt 6.986914 -2.838018 0.000000
vt 0.283018 3.268018 0.000000
vt 0.260724 3.304636 0.000000
vt 0.280579 3.267638 0.000000
vt 0.243042 3.290000 0.000000
vt 0.278371 3.266534 0.000000
vt 0.276604 3.264811 0.000000
vt -0.031958 2.923333 0.000000
vt 0.001604 2.898144 0.000000
vt -0.039371 2.909138 0.000000
vt 0.000727 2.896668 0.000000
vt 0.000184 2.895040 0.000000
vt -0.041958 2.893333 0.000000
vt -0.000000 2.893333 0.000000
vt 0.000000 -2.463333 0.000000
vt -0.041958 -2.463333 0.000000
vt 0.000184 -2.465040 0.000000
vt -0.039371 -2.479138 0.000000
vt 0.000727 -2.466668 0.000000
vt 0.001604 -2.468144 0.000000
vt -0.031958 -2.493333 0.000000
vt 0.276604 -2.834811 0.000000
vt 0.243042 -2.860000 0.000000
vt 0.278371 -2.836534 0.000000
vt 0.280579 -2.837638 0.000000
vt 0.260724 -2.874636 0.000000
vt 0.283018 -2.838018 0.000000
vt 0.283042 -2.880000 0.000000
vt 1.189121 -2.838018 0.000000
vt 1.189121 -2.880000 0.000000
vt -7.893203 0.239723 0.000000
vt -7.924226 0.239723 0.000000
vt -7.893203 0.193730 0.000000
vt -8.318730 0.004723 0.000000
vt -7.991576 0.093764 0.000000
vt -7.991576 -1.628969 0.000000
vt -8.318730 -1.765277 0.000000
vt -7.629731 -1.832488 0.000000
vt -7.924226 -2.000277 0.000000
vt 2.679286 -1.832488 0.000000
vt 4.332515 -2.000277 0.000000
vt 4.332515 -1.600277 0.000000
vt 4.538481 -1.599499 0.000000
vt 4.670379 -1.997225 0.000000
vt 5.048364 -1.979101 0.000000
vt 4.764626 -1.594432 0.000000
vt 5.450647 -1.932924 0.000000
vt 5.008207 -1.580981 0.000000
vt 5.862223 -1.850319 0.000000
vt 5.266481 -1.555052 0.000000
vt 6.268607 -1.725602 0.000000
vt 5.595485 -1.500790 0.000000
vt 6.657125 -1.555555 0.000000
vt 5.923453 -1.419203 0.000000
vt 6.256788 -1.300379 0.000000
vt 7.017278 -1.339895 0.000000
vt 6.569699 -1.147787 0.000000
vt 7.340026 -1.079488 0.000000
vt 6.857203 -0.961612 0.000000
vt 7.619811 -0.777755 0.000000
vt 7.114316 -0.742039 0.000000
vt 7.314076 -0.518872 0.000000
vt 7.852145 -0.438782 0.000000
vt 7.479972 -0.282005 0.000000
vt 8.035644 -0.068199 0.000000
vt 7.617526 -0.025654 0.000000
vt 7.716831 0.217363 0.000000
vt 8.170311 0.327692 0.000000
vt 7.782557 0.425140 0.000000
vt 7.830549 0.622601 0.000000
vt 8.259515 0.741234 0.000000
vt 7.888562 0.973875 0.000000
vt 8.309448 1.163648 0.000000
vt 7.918937 1.323691 0.000000
vt 8.329148 1.586100 0.000000
vt 7.932515 1.999723 0.000000
vt 8.332515 1.999723 0.000000
vt -0.457058 0.020000 0.000000
vt 0.000000 0.020000 0.000000
vt -0.457058 0.040000 0.000000
vt 0.000000 0.040000 0.000000
vt 0.000000 0.041921 0.000000
vt -1.039144 0.041921 0.000000
vt 0.000000 0.001921 0.000000
vt -1.039144 0.001921 0.000000
vt -1.558716 0.041921 0.000000
vt -1.558716 0.001921 0.000000
vt -2.078288 0.041921 0.000000
vt -2.078288 0.001921 0.000000
vt -2.372485 0.041921 0.000000
vt -2.372485 0.001921 0.000000
vt -2.666682 0.041921 0.000000
vt -2.666682 0.001921 0.000000
vt -2.979893 0.041921 0.000000
vt -2.979893 0.001921 0.000000
vt -3.293104 0.041921 0.000000
vt -3.293104 0.001921 0.000000
vt -3.578372 0.041921 0.000000
vt -3.578372 0.001921 0.000000
vt -3.863640 0.041921 0.000000
vt -3.863640 0.001921 0.000000
vt -4.185610 0.041921 0.000000
vt -4.185610 0.001921 0.000000
vt -4.507580 0.041921 0.000000
vt -4.507580 0.001921 0.000000
vt -4.829550 0.041921 0.000000
vt -4.829550 0.001921 0.000000
vt -5.151519 0.041921 0.000000
vt -5.151519 0.001921 0.000000
vt -5.453403 0.041921 0.000000
vt -5.453403 0.001921 0.000000
vt -5.755286 0.041921 0.000000
vt -5.755286 0.001921 0.000000
vt -6.002972 0.041921 0.000000
vt -6.002972 0.001921 0.000000
vt -6.250657 0.041921 0.000000
vt -6.250657 0.001921 0.000000
vt -6.498343 0.041921 0.000000
vt -6.498343 0.001921 0.000000
vt -6.746029 0.041921 0.000000
vt -6.746029 0.001921 0.000000
vt 1.669458 0.020000 0.000000
vt 0.000000 0.020000 0.000000
vt 1.669458 -0.020000 0.000000
vt -0.000000 -0.020000 0.000000
vt 10.309017 0.020000 0.000000
vt 0.000000 0.020000 0.000000
vt 10.309017 -0.020000 0.000000
vt -0.000000 -0.020000 0.000000
vt 0.415153 0.020000 0.000000
vt 0.000000 0.020000 0.000000
vt 0.415153 -0.020000 0.000000
vt -0.000000 -0.020000 0.000000
vt 1.722733 0.020000 0.000000
vt 0.000000 0.020000 0.000000
vt 1.722733 -0.020000 0.000000
vt -0.000000 -0.020000 0.000000
vt 0.140251 0.020000 0.000000
vt -0.000000 0.020000 0.000000
vt 0.140251 -0.020000 0.000000
vt 0.000000 -0.020000 0.000000
vt 0.000000 -0.020000 0.000000
vt 0.045993 -0.020000 0.000000
vt 0.000000 0.000000 0.000000
vt 0.045993 0.020000 0.000000
vt -0.000000 0.020000 0.000000
vt 0.030983 0.020000 0.000000
vt 0.036408 0.013320 0.000000
vt 0.047309 0.020000 0.000000
vt 0.041850 0.006653 0.000000
vt 0.047309 -0.000000 0.000000
vt -0.457048 0.020000 0.000000
vt 0.000000 0.020000 0.000000
vt -0.457048 0.040000 0.000000
vt 0.000000 0.040000 0.000000
vt 0.000000 0.000000 0.000000
vt 1.770000 0.000000 0.000000
vt -0.000000 0.020000 0.000000
vt 1.770000 0.020000 0.000000
vt 8.332921 0.004723 0.000000
vt 7.991576 -1.628969 0.000000
vt 8.332921 -1.765277 0.000000
vt 7.629731 -1.832488 0.000000
vt 7.940512 -2.000277 0.000000
vt -2.679286 -1.832488 0.000000
vt -4.332515 -2.000277 0.000000
vt -4.332515 -1.600277 0.000000
vt -4.538481 -1.599499 0.000000
vt 7.991576 0.093764 0.000000
vt 7.940512 0.239723 0.000000
vt 7.893203 0.193730 0.000000
vt 7.909529 0.239723 0.000000
vt 7.893203 0.239723 0.000000
vt -4.764626 -1.594432 0.000000
vt -5.048364 -1.979103 0.000000
vt -4.670379 -1.997226 0.000000
vt -5.450647 -1.932926 0.000000
vt -5.008207 -1.580981 0.000000
vt -5.862223 -1.850322 0.000000
vt -5.266481 -1.555052 0.000000
vt -6.268608 -1.725605 0.000000
vt -5.595485 -1.500790 0.000000
vt -6.657126 -1.555558 0.000000
vt -5.923453 -1.419203 0.000000
vt -6.256788 -1.300379 0.000000
vt -7.017279 -1.339897 0.000000
vt -6.569699 -1.147787 0.000000
vt -7.340027 -1.079490 0.000000
vt -6.857203 -0.961612 0.000000
vt -7.619812 -0.777757 0.000000
vt -7.114316 -0.742039 0.000000
vt -7.314076 -0.518872 0.000000
vt -7.852146 -0.438783 0.000000
vt -7.479972 -0.282005 0.000000
vt -8.035645 -0.068200 0.000000
vt -7.617526 -0.025654 0.000000
vt -7.716831 0.217363 0.000000
vt -8.170312 0.327692 0.000000
vt -7.782557 0.425140 0.000000
vt -7.830549 0.622601 0.000000
vt -8.259516 0.741234 0.000000
vt -7.888562 0.973875 0.000000
vt -8.309449 1.163648 0.000000
vt -7.918937 1.323691 0.000000
vt -8.329148 1.586100 0.000000
vt -7.932515 1.999723 0.000000
vt -8.332515 1.999723 0.000000
vt 2.031791 4.450000 0.000000
vt 2.000807 4.450000 0.000000
vt 1.784694 4.102447 0.000000
vt 2.000807 4.470000 0.000000
vt 1.752381 4.119913 0.000000
vt 1.583047 3.726697 0.000000
vt 1.549537 3.741587 0.000000
vt 1.430021 3.328661 0.000000
vt 1.395440 3.340924 0.000000
vt 1.328023 2.914601 0.000000
vt 1.292494 2.924176 0.000000
vt 1.278658 2.491029 0.000000
vt 1.242306 2.497846 0.000000
vt 1.245658 2.068585 0.000000
vt 1.282702 2.064610 0.000000
vt 1.302499 1.643090 0.000000
vt 1.340092 1.642051 0.000000
vt 1.411941 1.228001 0.000000
vt 1.417967 1.230000 0.000000
vt 1.417967 1.210000 0.000000
vt 1.449925 1.230000 0.000000
vt -0.206667 -2.442187 0.000000
vt 0.185000 -2.205685 0.000000
vt -0.206667 -1.993051 0.000000
vt 0.185000 -1.796252 0.000000
vt -0.206667 -1.543915 0.000000
vt 0.185000 -1.386819 0.000000
vt -0.206667 -1.094779 0.000000
vt 0.185000 -0.977386 0.000000
vt -0.206667 -0.645643 0.000000
vt 0.185000 -0.567954 0.000000
vt -0.206667 -0.196507 0.000000
vt 0.185000 -0.158521 0.000000
vt -0.206667 0.252629 0.000000
vt 0.185000 0.250912 0.000000
vt 0.185000 0.660345 0.000000
vt -0.206667 0.701765 0.000000
vt 0.185000 1.069777 0.000000
vt -0.206667 1.150901 0.000000
vt -0.206667 1.170749 0.000000
vt 6.196036 1.640000 0.000000
vt 6.414277 0.869438 0.000000
vt 6.609105 1.640000 0.000000
vt 6.507895 0.892279 0.000000
vt 6.609105 0.900000 0.000000
vt 5.782967 1.640000 0.000000
vt 6.159847 0.652943 0.000000
vt 6.201979 0.722090 0.000000
vt 6.259481 0.782721 0.000000
vt 5.369898 1.640000 0.000000
vt 5.546928 0.000000 0.000000
vt 5.900987 0.000000 0.000000
vt 6.134150 0.577975 0.000000
vt 6.125508 0.500000 0.000000
vt 6.134150 0.422026 0.000000
vt 6.159847 0.347057 0.000000
vt 6.255046 0.000000 0.000000
vt 6.201979 0.277910 0.000000
vt 6.259481 0.217279 0.000000
vt 6.330800 0.167563 0.000000
vt 6.414278 0.130562 0.000000
vt 6.507895 0.107721 0.000000
vt 6.609105 0.000000 0.000000
vt 6.609105 0.100000 0.000000
vt 5.192868 0.000000 0.000000
vt 4.956829 1.640000 0.000000
vt 4.838809 0.000000 0.000000
vt 4.543760 1.640000 0.000000
vt 4.484750 0.000000 0.000000
vt 4.130691 1.640000 0.000000
vt 4.130691 0.000000 0.000000
vt 3.776632 0.000000 0.000000
vt 3.717622 1.640000 0.000000
vt 3.422572 0.000000 0.000000
vt 3.304553 1.640000 0.000000
vt 3.068513 0.000000 0.000000
vt 2.891484 1.640000 0.000000
vt 2.714454 0.000000 0.000000
vt 2.478414 1.640000 0.000000
vt 2.360395 0.000000 0.000000
vt 2.065345 1.640000 0.000000
vt 2.006336 0.000000 0.000000
vt 1.652276 1.640000 0.000000
vt 1.652276 0.000000 0.000000
vt 1.298217 0.000000 0.000000
vt 1.239207 1.640000 0.000000
vt 0.944158 0.000000 0.000000
vt 0.826138 1.640000 0.000000
vt 0.472079 0.000000 0.000000
vt 0.413069 1.640000 0.000000
vt 0.000000 0.520000 0.000000
vt 0.000000 1.640000 0.000000
vt 0.000000 0.480000 0.000000
vt 0.000000 0.000000 0.000000
vt 6.330800 0.832438 0.000000
vt 0.000000 0.000000 0.000000
vt 0.413069 0.000000 0.000000
vt 0.000000 1.256667 0.000000
vt 0.413069 1.256667 0.000000
vt 0.826137 0.000000 0.000000
vt 0.826137 1.256667 0.000000
vt 1.239206 0.000000 0.000000
vt 1.239206 1.256667 0.000000
vt 1.652275 0.000000 0.000000
vt 1.652275 1.256667 0.000000
vt 2.065343 0.000000 0.000000
vt 2.065343 1.256667 0.000000
vt 2.478412 0.000000 0.000000
vt 2.478412 1.256667 0.000000
vt 2.891481 0.000000 0.000000
vt 2.891481 1.256667 0.000000
vt 3.304549 0.000000 0.000000
vt 3.304549 1.256667 0.000000
vt 3.717618 0.000000 0.000000
vt 3.717618 1.256667 0.000000
vt 4.130687 0.000000 0.000000
vt 4.130687 1.256667 0.000000
vt 4.543755 0.000000 0.000000
vt 4.543755 1.256667 0.000000
vt 4.956824 0.000000 0.000000
vt 4.956824 1.256667 0.000000
vt 5.369893 0.000000 0.000000
vt 5.369893 1.256667 0.000000
vt 5.782961 0.000000 0.000000
vt 5.782961 1.256667 0.000000
vt 6.196030 0.000000 0.000000
vt 6.196030 1.256667 0.000000
vt 6.609098 0.000000 0.000000
vt 6.609098 1.256667 0.000000
vt 2.135000 2.301851 0.000000
vt 0.365000 2.301851 0.000000
vt 2.135000 1.874567 0.000000
vt 0.365000 1.874567 0.000000
vt 2.135000 1.447284 0.000000
vt 0.365000 1.447284 0.000000
vt 2.135000 1.020000 0.000000
vt 0.365000 1.020000 0.000000
vt 2.135000 0.592716 0.000000
vt 0.365000 0.592716 0.000000
vt 2.135000 0.165432 0.000000
vt 0.365000 0.165432 0.000000
vt 2.135000 -0.261851 0.000000
vt 0.365000 -0.261851 0.000000
vt 2.135000 -0.689135 0.000000
vt 0.365000 -0.689135 0.000000
vt 2.135000 -1.116419 0.000000
vt 0.365000 -1.116419 0.000000
vt -1.197989 0.144497 0.000000
vt -8.353177 0.241415 0.000000
vt -1.225000 0.000000 0.000000
vt -8.356529 -0.187846 0.000000
vt -1.197989 -0.144497 0.000000
vt -1.120604 -0.269478 0.000000
vt -8.306341 -0.614176 0.000000
vt -1.003295 -0.358065 0.000000
vt -8.203395 -1.030924 0.000000
vt -0.861907 -0.398294 0.000000
vt -8.049298 -1.431587 0.000000
vt -7.846454 -1.809913 0.000000
vt -1.120604 0.269478 0.000000
vt -8.296336 0.666910 0.000000
vt -1.003295 0.358065 0.000000
vt -8.180868 1.080000 0.000000
vt -0.861907 0.398294 0.000000
vt 4.675000 1.080000 0.000000
vt -0.715535 0.384730 0.000000
vt 4.038093 0.398294 0.000000
vt 3.896705 0.358065 0.000000
vt -0.583946 0.319207 0.000000
vt 3.779396 0.269478 0.000000
vt -0.484913 0.210573 0.000000
vt 3.702011 0.144497 0.000000
vt -0.431811 0.073500 0.000000
vt 3.675000 -0.000000 0.000000
vt -0.431811 -0.073500 0.000000
vt 3.702011 -0.144497 0.000000
vt -0.484913 -0.210573 0.000000
vt 3.779396 -0.269478 0.000000
vt -0.583946 -0.319207 0.000000
vt 3.896705 -0.358065 0.000000
vt -0.715535 -0.384730 0.000000
vt 4.328590 -0.800000 0.000000
vt 4.281077 -0.930541 0.000000
vt 4.281077 -1.069459 0.000000
vt 4.328590 -1.200000 0.000000
vt 4.417885 -1.306418 0.000000
vt -7.598028 -2.140000 0.000000
vt 4.675000 -2.140000 0.000000
vt 4.184465 0.384730 0.000000
vt 4.316054 0.319207 0.000000
vt 4.415087 0.210573 0.000000
vt 4.468189 0.073500 0.000000
vt 4.675000 -0.500000 0.000000
vt 4.468189 -0.073500 0.000000
vt 4.415087 -0.210573 0.000000
vt 4.316054 -0.319207 0.000000
vt 4.184465 -0.384730 0.000000
vt 4.038093 -0.398294 0.000000
vt 4.417885 -0.693582 0.000000
vt 4.538192 -0.624123 0.000000
vt 4.675000 -1.400000 0.000000
vt 4.538192 -1.375877 0.000000
vt 4.675000 -0.600000 0.000000
vt -8.180868 1.100000 0.000000
vt -8.186895 1.081999 0.000000
vt -7.598028 -2.160000 0.000000
vt -7.581742 -2.180000 0.000000
vt -7.286139 -2.497138 0.000000
vt 4.675000 -2.180000 0.000000
vt -6.952961 -2.774537 0.000000
vt -6.587509 -3.007780 0.000000
vt 4.675000 -3.436667 0.000000
vt -6.195599 -3.193158 0.000000
vt -4.925000 -3.436667 0.000000
vt -5.783469 -3.327718 0.000000
vt -5.357678 -3.409321 0.000000
vt -0.206667 2.442187 0.000000
vt -0.206667 1.993051 0.000000
vt 0.185000 2.205685 0.000000
vt 0.185000 1.796252 0.000000
vt -0.206667 1.543915 0.000000
vt 0.185000 1.386819 0.000000
vt -0.206667 1.094779 0.000000
vt 0.185000 0.977386 0.000000
vt -0.206667 0.645643 0.000000
vt 0.185000 0.567954 0.000000
vt -0.206667 0.196507 0.000000
vt 0.185000 0.158521 0.000000
vt -0.206667 -0.252629 0.000000
vt 0.185000 -0.250912 0.000000
vt 0.185000 -0.660345 0.000000
vt -0.206667 -0.701765 0.000000
vt 0.185000 -1.069777 0.000000
vt -0.206667 -1.150901 0.000000
vt -0.206667 -1.170749 0.000000
vt 0.000000 0.000000 0.000000
vt 0.000000 -0.045047 0.000000
vt 0.375305 0.004480 0.000000
vt 0.414007 -0.039440 0.000000
vt 0.775925 0.025850 0.000000
vt 0.838864 -0.013782 0.000000
vt 1.194286 0.077553 0.000000
vt 1.265027 0.044250 0.000000
vt 1.622816 0.173030 0.000000
vt 1.683169 0.143631 0.000000
vt 1.865739 0.250954 0.000000
vt 2.084418 0.290181 0.000000
vt 2.135315 0.362352 0.000000
vt 2.460604 0.486748 0.000000
vt 2.421704 0.515566 0.000000
vt 2.715064 0.718937 0.000000
vt 2.804498 0.733403 0.000000
vt 2.929380 0.905587 0.000000
vt 2.962392 0.874820 0.000000
vt 3.123157 1.110854 0.000000
vt 3.110050 1.027621 0.000000
vt 3.296513 1.333501 0.000000
vt 3.372638 1.364477 0.000000
vt 3.449570 1.572290 0.000000
vt 3.589303 1.736828 0.000000
vt 3.596395 1.855763 0.000000
vt 3.716527 2.150409 0.000000
vt 3.758994 2.135508 0.000000
vt 3.811743 2.454070 0.000000
vt 3.882809 2.549511 0.000000
vt 3.883821 2.764589 0.000000
vt 3.964236 2.966184 0.000000
vt 3.942389 3.143620 0.000000
vt 4.009396 3.371412 0.000000
vt 3.972402 3.495606 0.000000
vt 4.027281 3.749809 0.000000
vt 3.983408 3.812131 0.000000
vt 4.030000 4.084906 0.000000
vt 3.984955 4.084785 0.000000
vt 3.984955 17.113083 0.000000
vt 4.030000 17.120176 0.000000
vt 4.020000 17.150419 0.000000
vt 4.027395 17.136168 0.000000
vt 3.745000 17.519747 0.000000
vt 3.749931 17.429570 0.000000
vt 3.727309 17.534566 0.000000
vt 3.707706 17.486378 0.000000
vt 3.705000 17.539877 0.000000
vt 1.855000 17.539877 0.000000
vt 1.852294 17.486378 0.000000
vt 1.832691 17.534566 0.000000
vt 1.815000 17.519747 0.000000
vt 1.617224 17.169925 0.000000
vt 1.540000 17.150419 0.000000
vt 1.575045 17.113083 0.000000
vt 1.575045 17.056316 0.000000
vt 1.530000 17.056316 0.000000
vt 1.530000 17.120176 0.000000
vt 1.532605 17.136168 0.000000
vt -3.318912 0.060000 0.000000
vt -3.731097 0.060000 0.000000
vt -3.318912 0.000000 0.000000
vt -3.731097 0.000000 0.000000
vt -4.143282 0.060000 0.000000
vt -4.143282 0.000000 0.000000
vt -4.555467 0.060000 0.000000
vt -4.555467 0.000000 0.000000
vt -4.967652 0.060000 0.000000
vt -4.967652 0.000000 0.000000
vt -0.060000 0.000000 0.000000
vt -0.000000 0.000000 0.000000
vt -0.060000 13.028298 0.000000
vt -0.000000 13.028298 0.000000
vt 0.394022 0.060000 0.000000
vt 0.000000 0.060000 0.000000
vt 0.394022 0.000000 0.000000
vt 0.000000 0.000000 0.000000
vt -0.060000 -0.000000 0.000000
vt -0.000000 -0.000000 0.000000
vt -0.060000 1.855412 0.000000
vt -0.000000 1.855412 0.000000
vt 0.408701 0.060000 0.000000
vt 0.014688 0.060000 0.000000
vt 0.408701 0.000000 0.000000
vt 0.014688 0.000000 0.000000
vt 0.000000 0.056767 0.000000
vt -0.020016 0.059440 0.000000
vt -0.000000 0.000000 0.000000
vt -0.060000 -0.000000 0.000000
vt -0.040017 0.062231 0.000000
vt -0.060000 0.065142 0.000000
vt -0.000000 0.030000 0.000000
vt -0.070782 0.030000 0.000000
vt 0.000000 -0.030000 0.000000
vt -0.070782 -0.030000 0.000000
vt 0.000000 0.030000 0.000000
vt -0.070782 0.030000 0.000000
vt -0.000000 -0.030000 0.000000
vt -0.070782 -0.030000 0.000000
vt -5.687311 0.000000 0.000000
vt -5.316032 0.000000 0.000000
vt -5.687311 0.060000 0.000000
vt -5.316032 0.060000 0.000000
vt -4.944753 0.000000 0.000000
vt -4.944753 0.060000 0.000000
vt -4.573473 0.000000 0.000000
vt -4.573473 0.060000 0.000000
vt -4.202194 0.000000 0.000000
vt -4.202194 0.060000 0.000000
vt -3.918105 0.000000 0.000000
vt -3.918105 0.060000 0.000000
vt -3.634015 0.000000 0.000000
vt -3.634015 0.060000 0.000000
vt -3.349925 0.000000 0.000000
vt -3.349925 0.060000 0.000000
vt -3.065835 0.000000 0.000000
vt -3.065835 0.060000 0.000000
vt -2.746333 0.000000 0.000000
vt -2.746333 0.060000 0.000000
vt -2.426832 0.000000 0.000000
vt -2.426832 0.060000 0.000000
vt -2.107330 0.000000 0.000000
vt -2.107330 0.060000 0.000000
vt -1.787828 0.000000 0.000000
vt -1.787828 0.060000 0.000000
vt -1.390270 0.000000 0.000000
vt -1.390270 0.060000 0.000000
vt -0.992712 0.000000 0.000000
vt -0.992712 0.060000 0.000000
vt -0.595154 0.000000 0.000000
vt -0.595154 0.060000 0.000000
vt -0.197597 0.000000 0.000000
vt -0.197597 0.060000 0.000000
vt -0.100000 -2.461635 0.000000
vt -0.000000 0.500000 0.000000
vt -0.100000 2.891635 0.000000
vt -0.000000 0.580000 0.000000
vt -0.000000 2.891635 0.000000
vt 0.000000 -2.461635 0.000000
vt -0.000000 0.906725 0.000000
vt -0.033326 0.905767 0.000000
vt -0.000000 0.002547 0.000000
vt -0.066661 0.905192 0.000000
vt -0.100000 0.002547 0.000000
vt -0.100000 0.905000 0.000000
vt -8.289085 2.909138 0.000000
vt -8.291672 2.893333 0.000000
vt -8.236522 2.891635 0.000000
vt -8.291672 -2.463333 0.000000
vt -8.236522 -2.461635 0.000000
vt -8.289085 -2.479138 0.000000
vt -8.281672 -2.493333 0.000000
vt -7.964069 -2.824906 0.000000
vt -8.006672 -2.860000 0.000000
vt -7.988990 -2.874636 0.000000
vt -7.966672 -2.880000 0.000000
vt -7.059891 -2.880000 0.000000
vt -7.059891 -2.824906 0.000000
vt -8.281672 2.923333 0.000000
vt -7.964069 3.254906 0.000000
vt -8.006672 3.290000 0.000000
vt -7.988990 3.304636 0.000000
vt -7.966672 3.310000 0.000000
vt -0.356663 3.310000 0.000000
vt -0.359162 3.254906 0.000000
vt -0.334344 3.304636 0.000000
vt -0.316663 3.290000 0.000000
vt -0.041662 2.923333 0.000000
vt -0.086709 2.891635 0.000000
vt -0.034249 2.909138 0.000000
vt -0.031662 2.893333 0.000000
vt -0.031662 0.580000 0.000000
vt -0.086709 0.580000 0.000000
vt -0.000000 0.905000 0.000000
vt -0.033339 0.905192 0.000000
vt -0.000000 0.002547 0.000000
vt -0.100000 0.002547 0.000000
vt -0.066674 0.905767 0.000000
vt -0.100000 0.906725 0.000000
vt -0.000000 0.455787 0.000000
vt -0.100000 0.455787 0.000000
vt -0.000000 0.001698 0.000000
vt -0.100000 0.001698 0.000000
vt -0.000000 0.455787 0.000000
vt -0.100000 0.455787 0.000000
vt -0.000000 0.001698 0.000000
vt -0.100000 0.001698 0.000000
vt -0.000000 0.001698 0.000000
vt -0.000000 5.354969 0.000000
vt -0.100000 0.001698 0.000000
vt -0.100000 5.354969 0.000000
vt -1.263340 -2.824906 0.000000
vt -1.263340 -2.880000 0.000000
vt -0.359162 -2.824906 0.000000
vt -0.356663 -2.880000 0.000000
vt -0.334344 -2.874636 0.000000
vt -0.316663 -2.860000 0.000000
vt -0.086709 -2.461635 0.000000
vt -0.041662 -2.493333 0.000000
vt -0.031662 -2.463333 0.000000
vt -0.034249 -2.479138 0.000000
vt -0.076709 0.500000 0.000000
vt -0.031662 0.560000 0.000000
vt -0.076709 0.560000 0.000000
vt -0.086709 0.500000 0.000000
vt 8.674524 -2.139547 0.000000
vt 8.274524 -2.139547 0.000000
vt 8.674524 -2.179547 0.000000
vt 8.274524 -2.179547 0.000000
vt -0.105707 11.750000 0.000000
vt -0.105707 14.773333 0.000000
vt -0.531459 11.750000 0.000000
vt -0.531459 14.773333 0.000000
vt -0.957211 11.750000 0.000000
vt -0.957211 14.773333 0.000000
vt -1.382964 11.750000 0.000000
vt -1.382964 14.773333 0.000000
vt -1.808716 11.750000 0.000000
vt -1.808716 14.773333 0.000000
vt -2.234468 11.750000 0.000000
vt -2.234468 14.773333 0.000000
vt -2.660220 14.773333 0.000000
vt -2.660220 11.750000 0.000000
vt -3.085973 14.773333 0.000000
vt -3.085973 11.750000 0.000000
vt -3.298849 14.773333 0.000000
vt -3.298849 11.750000 0.000000
vt -3.511725 14.773333 0.000000
vt -3.511725 11.750000 0.000000
vt -3.937477 14.773333 0.000000
vt -3.937477 11.750000 0.000000
vt -4.363230 14.773333 0.000000
vt -4.363230 11.750000 0.000000
vt -4.788982 14.773333 0.000000
vt -4.788982 11.750000 0.000000
vt -5.214734 14.773333 0.000000
vt -5.214734 11.750000 0.000000
vt -5.640486 14.773333 0.000000
vt -5.640486 11.750000 0.000000
vt -6.066239 14.773333 0.000000
vt -6.066239 11.750000 0.000000
vt -6.415941 12.310001 0.000000
vt -6.424894 12.231847 0.000000
vt -6.424894 12.388154 0.000000
vt -6.491991 14.773333 0.000000
vt -6.451502 12.463232 0.000000
vt -6.495061 12.532351 0.000000
vt -6.554511 12.592914 0.000000
vt -6.628488 12.642652 0.000000
vt -6.917743 14.773333 0.000000
vt -6.715028 12.679553 0.000000
vt -6.812321 12.702319 0.000000
vt -6.917743 12.710000 0.000000
vt -6.491991 11.750000 0.000000
vt -6.451501 12.156769 0.000000
vt -6.495060 12.087650 0.000000
vt -6.554510 12.027086 0.000000
vt -6.628487 11.977349 0.000000
vt -6.715026 11.940447 0.000000
vt -6.917743 11.750000 0.000000
vt -6.812320 11.917681 0.000000
vt -6.917743 11.910000 0.000000
vt -0.046339 0.489370 0.000000
vt -0.046339 0.100880 0.000000
vt -0.021588 0.396872 0.000000
vt -0.023170 0.100905 0.000000
vt -0.000000 0.100936 0.000000
vt -0.000000 0.489423 0.000000
vt -0.000000 0.877909 0.000000
vt -0.021588 1.007356 0.000000
vt -0.000000 1.266396 0.000000
vt -0.021588 1.312598 0.000000
vt -0.000000 1.654882 0.000000
vt -0.021588 1.617841 0.000000
vt -0.021588 1.923083 0.000000
vt -0.046339 1.654840 0.000000
vt -0.046339 2.043330 0.000000
vt -0.021588 2.228325 0.000000
vt -0.046339 2.431820 0.000000
vt -0.021588 2.533567 0.000000
vt -0.046339 2.820310 0.000000
vt -0.021588 2.838809 0.000000
vt -0.021588 3.144051 0.000000
vt -0.000000 2.820341 0.000000
vt -0.000000 3.208828 0.000000
vt -0.000000 2.043369 0.000000
vt -0.000000 2.431855 0.000000
vt -0.021588 3.449293 0.000000
vt -0.000000 3.597314 0.000000
vt -0.021588 3.754536 0.000000
vt -0.000000 3.985801 0.000000
vt -0.021588 4.059778 0.000000
vt -0.000000 4.374287 0.000000
vt -0.021588 4.365020 0.000000
vt -0.021588 4.670262 0.000000
vt -0.046339 4.374270 0.000000
vt -0.046339 4.762760 0.000000
vt -0.021588 4.975504 0.000000
vt -0.046339 5.151250 0.000000
vt -0.021588 5.280746 0.000000
vt -0.046339 5.539740 0.000000
vt -0.021588 5.798733 0.000000
vt -0.046339 5.928230 0.000000
vt -0.030884 6.316720 0.000000
vt -0.046339 6.316720 0.000000
vt -0.000000 4.762774 0.000000
vt -0.000000 5.151260 0.000000
vt -0.000000 5.539747 0.000000
vt -0.000000 5.928233 0.000000
vt -0.015455 6.316720 0.000000
vt -0.000000 6.316720 0.000000
vt -0.046339 3.985780 0.000000
vt -0.046339 3.597290 0.000000
vt -0.046339 3.208800 0.000000
vt -0.046339 1.266350 0.000000
vt -0.046339 0.877860 0.000000
vt -0.000000 6.703626 0.000000
vt -0.016086 6.703622 0.000000
vt -0.000000 6.284067 0.000000
vt -0.015500 6.224795 0.000000
vt -0.000000 5.854263 0.000000
vt -0.015500 5.745965 0.000000
vt -0.000000 5.421365 0.000000
vt -0.015500 5.386842 0.000000
vt -0.015500 5.027714 0.000000
vt -0.032171 5.027709 0.000000
vt -0.015500 4.668596 0.000000
vt -0.032171 4.608733 0.000000
vt -0.015500 4.309474 0.000000
vt -0.032171 4.189757 0.000000
vt -0.015500 3.950351 0.000000
vt -0.032171 3.770782 0.000000
vt -0.015500 3.591228 0.000000
vt -0.032171 3.351806 0.000000
vt -0.015500 3.232105 0.000000
vt -0.032171 2.932830 0.000000
vt -0.015500 2.872982 0.000000
vt -0.032171 2.513854 0.000000
vt -0.015500 2.513857 0.000000
vt -0.015500 2.154737 0.000000
vt -0.000000 2.429270 0.000000
vt -0.000000 1.994542 0.000000
vt -0.015500 1.795614 0.000000
vt -0.000000 1.560266 0.000000
vt -0.015500 1.436491 0.000000
vt -0.000000 1.133191 0.000000
vt -0.015500 1.077368 0.000000
vt -0.000000 0.722475 0.000000
vt -0.015500 0.718246 0.000000
vt -0.015500 0.359123 0.000000
vt -0.032171 0.418976 0.000000
vt -0.021446 0.000000 0.000000
vt -0.032171 0.000000 0.000000
vt -0.032171 6.703612 0.000000
vt -0.032171 6.284636 0.000000
vt -0.032171 5.865660 0.000000
vt -0.032171 5.446684 0.000000
vt -0.032171 2.094879 0.000000
vt -0.032171 1.675903 0.000000
vt -0.032171 1.256927 0.000000
vt -0.032171 0.837951 0.000000
vt -0.010725 0.000000 0.000000
vt -0.000000 0.339849 0.000000
vt -0.000000 0.000000 0.000000
vt -0.000000 2.861259 0.000000
vt -0.000000 3.288620 0.000000
vt -0.000000 3.500960 0.000000
vt -0.000000 3.712858 0.000000
vt -0.000000 4.136415 0.000000
vt -0.000000 4.561141 0.000000
vt -0.000000 4.989478 0.000000
vt 0.483334 7.163249 0.000000
vt 0.025000 7.162697 0.000000
vt 0.483082 6.595051 0.000000
vt 0.254251 6.566561 0.000000
vt 0.254251 6.177439 0.000000
vt 0.024930 6.620406 0.000000
vt 0.024962 6.100589 0.000000
vt 0.254251 5.788317 0.000000
vt 0.024936 5.592419 0.000000
vt 0.254251 5.399195 0.000000
vt 0.025021 5.112715 0.000000
vt 0.254251 5.010073 0.000000
vt 0.024941 4.670652 0.000000
vt 0.254251 4.620951 0.000000
vt 0.025032 4.255878 0.000000
vt 0.254251 4.231828 0.000000
vt 0.025127 3.849316 0.000000
vt 0.254251 3.844110 0.000000
vt 0.254251 3.453584 0.000000
vt 0.483262 3.845514 0.000000
vt 0.483185 3.447351 0.000000
vt 0.254251 3.064462 0.000000
vt 0.483348 3.053340 0.000000
vt 0.254251 2.675340 0.000000
vt 0.483392 2.659636 0.000000
vt 0.254251 2.286218 0.000000
vt 0.483339 2.266161 0.000000
vt 0.254251 1.897095 0.000000
vt 0.483317 1.875683 0.000000
vt 0.254251 1.507973 0.000000
vt 0.483288 1.474931 0.000000
vt 0.254251 1.118851 0.000000
vt 0.483312 1.044971 0.000000
vt 0.254251 0.729729 0.000000
vt 0.483271 0.568357 0.000000
vt 0.254251 0.340607 0.000000
vt 0.483334 0.000000 0.000000
vt 0.025000 -0.000000 0.000000
vt 0.024966 0.544498 0.000000
vt 0.024973 1.012839 0.000000
vt 0.024956 1.439470 0.000000
vt 0.024970 1.840200 0.000000
vt 0.024964 2.232090 0.000000
vt 0.024996 2.630593 0.000000
vt 0.024950 3.032925 0.000000
vt 0.024930 3.438311 0.000000
vt 0.483237 4.239932 0.000000
vt 0.483290 4.643053 0.000000
vt 0.483418 5.075515 0.000000
vt 0.483315 5.550073 0.000000
vt 0.483271 6.061973 0.000000
vt 0.055094 4.521969 0.000000
vt 0.130000 4.555309 0.000000
vt 0.055094 4.555309 0.000000
vt 0.000000 4.878370 0.000000
vt 0.041982 4.555309 0.000000
vt 0.000000 4.475299 0.000000
vt 0.041982 4.528639 0.000000
vt 0.041982 4.501969 0.000000
vt 0.041982 4.475299 0.000000
vt 0.055094 4.488629 0.000000
vt 0.055094 4.455290 0.000000
vt 0.130000 4.141190 0.000000
vt 0.000000 4.455290 0.000000
vt 0.000000 4.050263 0.000000
vt 0.130000 3.727071 0.000000
vt -0.000000 3.645237 0.000000
vt 0.130000 3.312952 0.000000
vt -0.000000 3.240211 0.000000
vt 0.130000 2.898833 0.000000
vt -0.000000 2.835184 0.000000
vt 0.130000 2.484714 0.000000
vt -0.000000 2.430158 0.000000
vt 0.130000 2.070595 0.000000
vt 0.000000 2.025132 0.000000
vt 0.130000 1.656476 0.000000
vt 0.000000 1.620105 0.000000
vt 0.130000 1.242357 0.000000
vt -0.000000 1.215079 0.000000
vt 0.130000 0.828238 0.000000
vt -0.000000 0.810053 0.000000
vt 0.130000 0.414119 0.000000
vt 0.000000 0.405026 0.000000
vt 0.130000 0.000000 0.000000
vt 0.000000 -0.000000 0.000000
vt -0.000000 -0.405026 0.000000
vt 0.130000 -0.414119 0.000000
vt 0.000000 -0.810053 0.000000
vt 0.130000 -0.828238 0.000000
vt 0.000000 -1.215079 0.000000
vt 0.130000 -1.242357 0.000000
vt -0.000000 -1.620105 0.000000
vt 0.130000 -1.656476 0.000000
vt -0.000000 -2.025132 0.000000
vt 0.130000 -2.070595 0.000000
vt 0.000000 -2.430158 0.000000
vt 0.130000 -2.484714 0.000000
vt 0.000000 -2.835184 0.000000
vt 0.130000 -2.898833 0.000000
vt 0.000000 -3.240211 0.000000
vt 0.130000 -3.312952 0.000000
vt 0.000000 -3.645237 0.000000
vt 0.130000 -3.727071 0.000000
vt -0.000000 -4.050263 0.000000
vt 0.130000 -4.141190 0.000000
vt 0.055094 -4.455290 0.000000
vt 0.130000 -4.555309 0.000000
vt 0.055094 -4.488629 0.000000
vt 0.055094 -4.521969 0.000000
vt -0.000000 -4.455290 0.000000
vt 0.055094 -4.555309 0.000000
vt 0.130000 -4.969428 0.000000
vt -0.000000 -4.878370 0.000000
vt 0.000000 -5.281442 0.000000
vt 0.041982 -4.555309 0.000000
vt -0.000000 -4.475299 0.000000
vt 0.041982 -4.528639 0.000000
vt 0.041982 -4.501969 0.000000
vt 0.041982 -4.475299 0.000000
vt 0.130000 -5.383547 0.000000
vt 0.000000 -5.684513 0.000000
vt 0.130000 -5.797666 0.000000
vt 0.000000 -6.087584 0.000000
vt 0.130000 -6.211785 0.000000
vt 0.000000 -6.490655 0.000000
vt 0.130000 -6.625905 0.000000
vt -0.000000 -6.893727 0.000000
vt 0.130000 -7.040024 0.000000
vt -0.000000 -7.296798 0.000000
vt 0.130000 -7.454143 0.000000
vt 0.000000 -7.699869 0.000000
vt 0.130000 -7.868262 0.000000
vt 0.000000 -8.102941 0.000000
vt 0.130000 -8.282381 0.000000
vt -0.000000 -8.506012 0.000000
vt 0.130000 -8.696500 0.000000
vt -0.000000 -8.909083 0.000000
vt 0.130000 -9.110619 0.000000
vt 0.130000 9.110619 0.000000
vt -0.000000 9.312154 0.000000
vt 0.000000 8.909083 0.000000
vt 0.130000 8.696500 0.000000
vt 0.000000 8.506012 0.000000
vt 0.130000 8.282381 0.000000
vt -0.000000 8.102941 0.000000
vt 0.130000 7.868262 0.000000
vt -0.000000 7.699869 0.000000
vt 0.130000 7.454143 0.000000
vt 0.000000 7.296798 0.000000
vt 0.130000 7.040024 0.000000
vt 0.000000 6.893727 0.000000
vt 0.130000 6.625905 0.000000
vt -0.000000 6.490655 0.000000
vt 0.130000 6.211785 0.000000
vt -0.000000 6.087584 0.000000
vt 0.130000 5.797666 0.000000
vt -0.000000 5.684513 0.000000
vt 0.130000 5.383547 0.000000
vt -0.000000 5.281442 0.000000
vt 0.130000 4.969428 0.000000
vt -2.208000 14.773333 0.000000
vt -2.208000 9.416667 0.000000
vt -2.070000 14.773333 0.000000
vt -1.892514 9.416667 0.000000
vt -1.932000 14.773333 0.000000
vt -1.794000 14.773333 0.000000
vt -1.708738 9.416667 0.000000
vt -1.656000 14.773333 0.000000
vt -1.503500 9.416667 0.000000
vt -1.518000 14.773333 0.000000
vt -1.380000 14.773333 0.000000
vt -1.393136 9.416667 0.000000
vt -1.278103 9.416667 0.000000
vt -1.242000 14.773333 0.000000
vt -1.160949 9.416667 0.000000
vt -1.104000 14.773333 0.000000
vt -1.045096 9.416667 0.000000
vt -0.966000 14.773333 0.000000
vt -0.824870 9.416667 0.000000
vt -0.828000 14.773333 0.000000
vt -0.690000 14.773333 0.000000
vt -0.625345 9.416667 0.000000
vt -0.552000 14.773333 0.000000
vt -0.613058 9.416667 0.000000
vt -0.600858 9.416664 0.000000
vt -0.588743 9.416658 0.000000
vt -0.428955 9.415108 0.000000
vt -0.414000 14.773333 0.000000
vt -0.279434 9.408144 0.000000
vt -0.276000 14.773333 0.000000
vt -0.137247 9.392047 0.000000
vt -0.000000 14.773333 0.000000
vt -0.000000 9.364125 0.000000
vt 13.404953 4.030000 0.000000
vt 12.498275 4.030000 0.000000
vt 13.399847 3.645125 0.000000
vt 12.456133 3.627503 0.000000
vt 13.378539 3.260877 0.000000
vt 12.358369 3.234792 0.000000
vt 13.330644 2.878758 0.000000
vt 12.206888 2.859514 0.000000
vt 13.247957 2.502831 0.000000
vt 12.004639 2.508979 0.000000
vt 13.123592 2.138660 0.000000
vt 11.755561 2.190011 0.000000
vt 12.953446 1.793353 0.000000
vt 11.464505 1.908824 0.000000
vt 11.137139 1.670894 0.000000
vt 12.736758 1.475862 0.000000
vt 10.779838 1.480852 0.000000
vt 12.475091 1.193969 0.000000
vt 10.399560 1.342402 0.000000
vt 12.175581 0.952099 0.000000
vt 10.003711 1.258238 0.000000
vt 11.846196 0.753460 0.000000
vt 11.494463 0.597122 0.000000
vt 9.600000 1.230000 0.000000
vt 11.127633 0.480517 0.000000
vt 10.751176 0.400061 0.000000
vt 10.369084 0.351323 0.000000
vt 9.984772 0.329180 0.000000
vt 9.600000 0.325000 0.000000
vt 9.196289 1.258238 0.000000
vt 8.800440 1.342402 0.000000
vt 0.000000 0.325000 0.000000
vt 8.420162 1.480852 0.000000
vt 4.133858 2.178883 0.000000
vt 8.062861 1.670894 0.000000
vt 4.550709 2.207683 0.000000
vt 7.735495 1.908824 0.000000
vt 4.757236 2.241424 0.000000
vt 6.003271 2.366348 0.000000
vt 4.959315 2.295192 0.000000
vt 5.884486 2.380771 0.000000
vt 5.151673 2.376111 0.000000
vt 5.786010 2.448745 0.000000
vt 5.327891 2.489057 0.000000
vt 5.730402 2.554697 0.000000
vt 5.478908 2.632775 0.000000
vt 5.730402 2.674354 0.000000
vt 5.596615 2.804226 0.000000
vt 5.786010 2.780306 0.000000
vt 5.884486 2.848280 0.000000
vt 7.444439 2.190011 0.000000
vt 6.115153 2.408780 0.000000
vt 7.195361 2.508979 0.000000
vt 6.194501 2.498345 0.000000
vt 6.223137 2.614525 0.000000
vt 6.993112 2.859514 0.000000
vt 6.194501 2.730706 0.000000
vt 6.115153 2.820271 0.000000
vt 6.003271 2.862703 0.000000
vt 6.841631 3.234792 0.000000
vt 5.681431 2.995504 0.000000
vt 5.737147 3.197075 0.000000
vt 5.769570 3.403300 0.000000
vt 6.743867 3.627503 0.000000
vt 5.786163 3.611777 0.000000
vt 5.794944 4.030000 0.000000
vt 6.701725 4.030000 0.000000
vt 3.715952 2.175000 0.000000
vt 0.000000 2.175000 0.000000
vt -0.032164 0.436766 0.000000
vt -0.032164 0.094138 0.000000
vt -0.015495 0.224636 0.000000
vt -0.016082 0.094150 0.000000
vt -0.000000 0.094155 0.000000
vt 0.000000 0.307180 0.000000
vt -0.015495 0.518330 0.000000
vt -0.032164 0.779393 0.000000
vt -0.015495 0.812024 0.000000
vt -0.032164 0.950707 0.000000
vt -0.015495 1.073073 0.000000
vt -0.032164 1.122020 0.000000
vt -0.015495 1.195440 0.000000
vt -0.032164 1.293334 0.000000
vt -0.015495 1.317807 0.000000
vt -0.015495 1.440174 0.000000
vt 0.000000 1.432374 0.000000
vt 0.000000 1.573279 0.000000
vt 0.000000 0.505037 0.000000
vt -0.000000 0.687180 0.000000
vt -0.000000 0.855095 0.000000
vt -0.000000 1.010172 0.000000
vt -0.000000 1.155005 0.000000
vt -0.000000 1.294245 0.000000
vt -0.015495 1.562541 0.000000
vt -0.000000 1.721509 0.000000
vt -0.015495 1.807275 0.000000
vt -0.000000 1.879891 0.000000
vt -0.015495 2.052008 0.000000
vt 0.000000 2.049491 0.000000
vt 0.000000 2.231563 0.000000
vt -0.015495 2.443582 0.000000
vt 0.000000 2.424949 0.000000
vt -0.010723 2.835156 0.000000
vt 0.000000 2.835156 0.000000
vt -0.021441 2.835156 0.000000
vt -0.032164 2.492529 0.000000
vt -0.032164 2.149902 0.000000
vt -0.032164 2.835156 0.000000
vt -0.032164 1.807275 0.000000
vt -0.032164 1.635961 0.000000
vt -0.032164 1.464647 0.000000
vt -0.000000 3.279384 0.000000
vt -0.023139 3.279347 0.000000
vt -0.000000 2.869461 0.000000
vt -0.021568 2.810901 0.000000
vt -0.000000 2.664499 0.000000
vt -0.021568 2.576659 0.000000
vt -0.000000 2.459538 0.000000
vt -0.021568 2.342417 0.000000
vt -0.000000 2.254576 0.000000
vt -0.021568 2.108175 0.000000
vt -0.000000 2.049615 0.000000
vt -0.021568 1.873934 0.000000
vt -0.000000 1.844653 0.000000
vt -0.021568 1.639676 0.000000
vt -0.000000 1.639692 0.000000
vt -0.000000 1.434730 0.000000
vt -0.021568 1.405450 0.000000
vt -0.000000 1.229769 0.000000
vt -0.021568 1.171209 0.000000
vt -0.000000 1.024807 0.000000
vt -0.021568 0.936967 0.000000
vt -0.000000 0.819846 0.000000
vt -0.021568 0.546564 0.000000
vt -0.000000 0.409923 0.000000
vt -0.021568 0.156161 0.000000
vt -0.000000 0.000000 0.000000
vt -0.015435 0.000000 0.000000
vt -0.030844 0.000000 0.000000
vt -0.046279 0.409915 0.000000
vt -0.046279 0.000000 0.000000
vt -0.046279 3.279317 0.000000
vt -0.046279 2.869403 0.000000
vt -0.046279 2.664445 0.000000
vt -0.046279 2.459488 0.000000
vt -0.046279 2.254531 0.000000
vt -0.046279 2.049573 0.000000
vt -0.046279 1.844616 0.000000
vt -0.046279 1.639659 0.000000
vt -0.046279 1.434701 0.000000
vt -0.046279 1.229744 0.000000
vt -0.046279 1.024787 0.000000
vt -0.046279 0.819829 0.000000
vt 0.025071 0.432696 0.000000
vt 0.025000 0.081865 0.000000
vt 0.254162 0.222575 0.000000
vt 0.483325 0.082252 0.000000
vt 0.483399 0.396371 0.000000
vt 0.483247 0.744545 0.000000
vt 0.254162 0.680500 0.000000
vt 0.254162 0.451537 0.000000
vt 0.254162 0.909462 0.000000
vt 0.483302 0.933695 0.000000
vt 0.254162 1.138424 0.000000
vt 0.483160 1.132273 0.000000
vt 0.254162 1.323333 0.000000
vt 0.483073 1.336213 0.000000
vt 0.254162 1.508241 0.000000
vt 0.483476 1.540414 0.000000
vt 0.254162 1.693149 0.000000
vt 0.483476 1.744808 0.000000
vt 0.254162 1.878057 0.000000
vt 0.483262 1.951858 0.000000
vt 0.254162 2.062965 0.000000
vt 0.483476 2.342137 0.000000
vt 0.254162 2.247873 0.000000
vt 0.254162 2.617690 0.000000
vt 0.025203 2.264722 0.000000
vt 0.024982 2.654601 0.000000
vt 0.025000 3.040231 0.000000
vt 0.483315 2.699212 0.000000
vt 0.483325 3.040231 0.000000
vt 0.025137 2.066671 0.000000
vt 0.025063 1.868032 0.000000
vt 0.025041 1.679323 0.000000
vt 0.025227 1.502258 0.000000
vt 0.024848 1.330272 0.000000
vt 0.024985 1.157323 0.000000
vt 0.025104 0.978929 0.000000
vt 0.025073 0.796578 0.000000
vt 0.025110 0.613592 0.000000
vt 1.860000 -0.664568 0.000000
vt -0.000000 -0.664568 0.000000
vt 1.860000 -0.785398 0.000000
vt -0.000000 -0.785398 0.000000
vt 1.860000 0.785398 0.000000
vt -0.000000 0.785398 0.000000
vt 1.860000 0.664568 0.000000
vt -0.000000 0.664568 0.000000
vt 1.860000 0.543737 0.000000
vt -0.000000 0.543737 0.000000
vt 1.860000 0.422907 0.000000
vt -0.000000 0.422907 0.000000
vt 1.860000 0.302076 0.000000
vt 0.000000 0.302076 0.000000
vt 1.860000 0.181246 0.000000
vt 0.000000 0.181246 0.000000
vt 1.860000 0.060415 0.000000
vt 0.000000 0.060415 0.000000
vt 1.860000 -0.060415 0.000000
vt 0.000000 -0.060415 0.000000
vt 1.860000 -0.181246 0.000000
vt 0.000000 -0.181246 0.000000
vt 1.860000 -0.302076 0.000000
vt 0.000000 -0.302076 0.000000
vt 1.860000 -0.422907 0.000000
vt -0.000000 -0.422907 0.000000
vt 1.860000 -0.543737 0.000000
vt -0.000000 -0.543737 0.000000
vt -0.116181 -0.221364 0.000000
vt -0.000000 -0.250000 0.000000
vt -0.000000 -0.110000 0.000000
vt 0.116181 -0.221364 0.000000
vt 0.055000 -0.095263 0.000000
vt 0.205746 -0.142016 0.000000
vt 0.095263 -0.055000 0.000000
vt 0.248177 -0.030134 0.000000
vt 0.110000 -0.000000 0.000000
vt 0.233754 0.088651 0.000000
vt 0.095263 0.055000 0.000000
vt 0.165781 0.187128 0.000000
vt 0.055000 0.095263 0.000000
vt 0.059829 0.242735 0.000000
vt 0.000000 0.110000 0.000000
vt -0.059829 0.242735 0.000000
vt -0.055000 0.095263 0.000000
vt -0.165781 0.187128 0.000000
vt -0.095263 0.055000 0.000000
vt -0.233754 0.088651 0.000000
vt -0.110000 0.000000 0.000000
vt -0.248177 -0.030134 0.000000
vt -0.095263 -0.055000 0.000000
vt -0.205746 -0.142016 0.000000
vt -0.055000 -0.095263 0.000000
vt 2.060000 -0.287979 0.000000
vt 1.860000 -0.287979 0.000000
vt 2.060000 -0.345575 0.000000
vt 1.860000 -0.345575 0.000000
vt 2.060000 0.345575 0.000000
vt 1.860000 0.345575 0.000000
vt 2.060000 0.287979 0.000000
vt 1.860000 0.287979 0.000000
vt 2.060000 0.230383 0.000000
vt 1.860000 0.230383 0.000000
vt 2.060000 0.172788 0.000000
vt 1.860000 0.172788 0.000000
vt 2.060000 0.115192 0.000000
vt 1.860000 0.115192 0.000000
vt 2.060000 0.057596 0.000000
vt 1.860000 0.057596 0.000000
vt 2.060000 0.000000 0.000000
vt 1.860000 0.000000 0.000000
vt 2.060000 -0.057596 0.000000
vt 1.860000 -0.057596 0.000000
vt 2.060000 -0.115192 0.000000
vt 1.860000 -0.115192 0.000000
vt 2.060000 -0.172788 0.000000
vt 1.860000 -0.172788 0.000000
vt 2.060000 -0.230383 0.000000
vt 1.860000 -0.230383 0.000000
vt -0.130000 0.457984 0.000000
vt -2.060000 0.369599 0.000000
vt -0.130000 0.304513 0.000000
vt -2.060000 0.221759 0.000000
vt -0.154596 0.198775 0.000000
vt -2.060000 0.073920 0.000000
vt -0.130000 0.093244 0.000000
vt -0.130000 -0.060224 0.000000
vt -2.060000 -0.073920 0.000000
vt -0.130000 -0.213690 0.000000
vt -2.060000 -0.221759 0.000000
vt -0.130000 -0.367157 0.000000
vt -2.060000 -0.369599 0.000000
vt -2.060000 -0.517439 0.000000
vt -2.060000 0.517439 0.000000
vt -0.130000 0.611451 0.000000
vt -2.060000 0.665278 0.000000
vt -0.130000 0.764917 0.000000
vt -2.060000 0.813118 0.000000
vt -0.130000 0.918384 0.000000
vt -2.060000 0.960958 0.000000
vt -0.130000 1.071851 0.000000
vt -2.060000 1.108797 0.000000
vt -0.130000 1.225317 0.000000
vt -2.060000 1.256637 0.000000
vt -2.060000 -1.256637 0.000000
vt -0.130000 -1.287957 0.000000
vt -0.130000 -1.134490 0.000000
vt -2.060000 -1.108797 0.000000
vt -0.130000 -0.981023 0.000000
vt -2.060000 -0.960958 0.000000
vt -0.130000 -0.827557 0.000000
vt -2.060000 -0.813118 0.000000
vt -0.130000 -0.674090 0.000000
vt -2.060000 -0.665278 0.000000
vt -0.130000 -0.520624 0.000000
vt -0.144497 -0.372989 0.000000
vt -0.000000 -0.400000 0.000000
vt 0.000000 -0.110000 0.000000
vt 0.144497 -0.372989 0.000000
vt 0.055000 -0.095263 0.000000
vt 0.269478 -0.295604 0.000000
vt 0.095263 -0.055000 0.000000
vt 0.358065 -0.178295 0.000000
vt 0.398294 -0.036907 0.000000
vt 0.110000 0.000000 0.000000
vt 0.384730 0.109465 0.000000
vt 0.095263 0.055000 0.000000
vt 0.319207 0.241054 0.000000
vt 0.055000 0.095263 0.000000
vt 0.210573 0.340087 0.000000
vt 0.073500 0.393189 0.000000
vt -0.000000 0.110000 0.000000
vt -0.073500 0.393189 0.000000
vt -0.055000 0.095263 0.000000
vt -0.210573 0.340087 0.000000
vt -0.319207 0.241054 0.000000
vt -0.095263 0.055000 0.000000
vt -0.384730 0.109465 0.000000
vt -0.110000 -0.000000 0.000000
vt -0.398294 -0.036907 0.000000
vt -0.095263 -0.055000 0.000000
vt -0.358065 -0.178295 0.000000
vt -0.269478 -0.295604 0.000000
vt -0.055000 -0.095263 0.000000
vt -6.729518 3.717287 0.000000
vt -5.833028 3.808439 0.000000
vt -6.700000 4.130000 0.000000
vt -5.835000 4.130000 0.000000
vt -6.729518 4.542713 0.000000
vt -5.846441 4.778562 0.000000
vt -6.817470 4.947024 0.000000
vt -5.873058 5.116497 0.000000
vt -6.962067 5.334704 0.000000
vt -5.924011 5.459666 0.000000
vt -7.160365 5.697858 0.000000
vt -6.011084 5.817040 0.000000
vt -6.149915 6.191242 0.000000
vt -5.818801 3.495244 0.000000
vt -6.817470 3.312976 0.000000
vt -5.776359 3.189761 0.000000
vt -6.107097 2.991427 0.000000
vt -5.956274 3.014170 0.000000
vt -6.238440 2.913882 0.000000
vt -6.962067 2.925296 0.000000
vt -6.331208 2.792809 0.000000
vt -6.371912 2.645813 0.000000
vt -7.160365 2.562142 0.000000
vt -6.354632 2.494268 0.000000
vt -6.281882 2.360209 0.000000
vt -7.408326 2.230904 0.000000
vt -6.164239 2.263128 0.000000
vt -7.700904 1.938326 0.000000
vt -6.018809 2.217141 0.000000
vt -8.032142 1.690365 0.000000
vt -4.451647 2.156441 0.000000
vt -8.395296 1.492067 0.000000
vt -0.000000 0.365000 0.000000
vt -9.600000 0.365000 0.000000
vt -8.782976 1.347470 0.000000
vt -9.187287 1.259518 0.000000
vt -9.600000 1.230000 0.000000
vt -9.917283 0.367594 0.000000
vt -10.012713 1.259518 0.000000
vt -10.281519 0.384447 0.000000
vt -10.681436 0.429266 0.000000
vt -10.417024 1.347470 0.000000
vt -11.105597 0.516248 0.000000
vt -11.526486 0.652174 0.000000
vt -10.804704 1.492067 0.000000
vt -11.919223 0.838452 0.000000
vt -12.103219 0.951238 0.000000
vt -11.167858 1.690365 0.000000
vt -12.276996 1.076868 0.000000
vt -12.438880 1.214773 0.000000
vt -12.588219 1.364457 0.000000
vt -11.499096 1.938326 0.000000
vt -12.724465 1.525438 0.000000
vt -12.847354 1.697645 0.000000
vt -11.791674 2.230904 0.000000
vt -12.956872 1.881089 0.000000
vt -13.050136 2.068909 0.000000
vt -12.039635 2.562142 0.000000
vt -13.188826 2.442781 0.000000
vt -13.276102 2.800607 0.000000
vt -12.237933 2.925296 0.000000
vt -13.326888 3.143543 0.000000
vt -12.382530 3.312976 0.000000
vt -13.353622 3.481640 0.000000
vt -12.470482 3.717287 0.000000
vt -13.365000 4.130000 0.000000
vt -12.500000 4.130000 0.000000
vt -12.470482 4.542713 0.000000
vt -13.356448 4.715577 0.000000
vt -12.382530 4.947024 0.000000
vt -13.336621 5.020945 0.000000
vt -13.298232 5.331701 0.000000
vt -12.237933 5.334704 0.000000
vt -13.236420 5.642525 0.000000
vt -12.039635 5.697858 0.000000
vt -13.141541 5.962773 0.000000
vt -13.074825 6.134820 0.000000
vt -11.791674 6.029096 0.000000
vt -12.992182 6.312179 0.000000
vt -12.891968 6.491946 0.000000
vt -11.499096 6.321674 0.000000
vt -12.770365 6.673499 0.000000
vt -12.629421 6.849713 0.000000
vt -11.167858 6.569635 0.000000
vt -12.473841 7.012611 0.000000
vt -12.304209 7.161510 0.000000
vt -12.121415 7.296383 0.000000
vt -10.804704 6.767933 0.000000
vt -11.926808 7.417078 0.000000
vt -11.721745 7.523438 0.000000
vt -11.507580 7.615310 0.000000
vt -10.417024 6.912530 0.000000
vt -11.285620 7.692728 0.000000
vt -10.823736 7.806393 0.000000
vt -10.012713 7.000482 0.000000
vt -10.591981 7.843666 0.000000
vt -10.369292 7.868587 0.000000
vt -9.956750 7.891702 0.000000
vt -9.600000 7.030000 0.000000
vt -9.770733 7.894583 0.000000
vt -9.600000 7.895000 0.000000
vt -9.282709 7.892403 0.000000
vt -9.187287 7.000482 0.000000
vt -8.918503 7.875570 0.000000
vt -8.518686 7.830806 0.000000
vt -8.782976 6.912530 0.000000
vt -8.094278 7.743626 0.000000
vt -7.673222 7.607628 0.000000
vt -8.395296 6.767933 0.000000
vt -7.280862 7.421648 0.000000
vt -7.096945 7.308849 0.000000
vt -8.032142 6.569635 0.000000
vt -6.922971 7.183055 0.000000
vt -6.761061 7.045188 0.000000
vt -6.611747 6.895534 0.000000
vt -7.700904 6.321674 0.000000
vt -6.475390 6.734308 0.000000
vt -6.352398 6.561888 0.000000
vt -7.408326 6.029096 0.000000
vt -6.243373 6.379333 0.000000
vt -0.000000 2.135000 0.000000
vt -3.715952 2.135000 0.000000
vt -4.091934 2.137695 0.000000
vt -5.866739 2.228936 0.000000
vt -4.789543 2.207198 0.000000
vt -4.939795 2.246925 0.000000
vt -5.071259 2.294556 0.000000
vt -5.730139 2.296796 0.000000
vt -5.187048 2.349616 0.000000
vt -5.286459 2.409265 0.000000
vt -5.628872 2.410856 0.000000
vt -5.365736 2.467545 0.000000
vt -5.427790 2.521758 0.000000
vt -5.577662 2.554529 0.000000
vt -5.521604 2.622444 0.000000
vt -5.583947 2.706930 0.000000
vt -5.737978 3.039222 0.000000
vt -5.807904 2.978803 0.000000
vt -5.683522 2.890498 0.000000
vt 0.420000 -0.287979 0.000000
vt 0.175000 -0.287979 0.000000
vt 0.420000 -0.345575 0.000000
vt 0.175000 -0.345575 0.000000
vt 0.420000 0.345575 0.000000
vt 0.175000 0.345575 0.000000
vt 0.420000 0.287979 0.000000
vt 0.175000 0.287979 0.000000
vt 0.420000 0.230383 0.000000
vt 0.175000 0.230383 0.000000
vt 0.420000 0.172788 0.000000
vt 0.175000 0.172788 0.000000
vt 0.420000 0.115192 0.000000
vt 0.175000 0.115192 0.000000
vt 0.420000 0.057596 0.000000
vt 0.175000 0.057596 0.000000
vt 0.420000 -0.000000 0.000000
vt 0.175000 0.000000 0.000000
vt 0.420000 -0.057596 0.000000
vt 0.175000 -0.057596 0.000000
vt 0.420000 -0.115192 0.000000
vt 0.175000 -0.115192 0.000000
vt 0.420000 -0.172788 0.000000
vt 0.175000 -0.172788 0.000000
vt 0.420000 -0.230383 0.000000
vt 0.175000 -0.230383 0.000000
vt 0.010607 0.412334 0.000000
vt 0.144957 0.412334 0.000000
vt 0.010607 0.494801 0.000000
vt 0.144957 0.494801 0.000000
vt 0.010607 -0.494801 0.000000
vt 0.144957 -0.494801 0.000000
vt 0.010607 -0.412334 0.000000
vt 0.144957 -0.412334 0.000000
vt 0.010607 -0.329867 0.000000
vt 0.144957 -0.329867 0.000000
vt 0.010607 -0.247400 0.000000
vt 0.144957 -0.247400 0.000000
vt 0.010607 -0.164934 0.000000
vt 0.144957 -0.164934 0.000000
vt 0.010607 -0.082467 0.000000
vt 0.144957 -0.082467 0.000000
vt 0.010607 0.000000 0.000000
vt 0.144957 -0.000000 0.000000
vt 0.010607 0.082467 0.000000
vt 0.144957 0.082467 0.000000
vt 0.010607 0.164934 0.000000
vt 0.144957 0.164934 0.000000
vt 0.010607 0.247400 0.000000
vt 0.144957 0.247400 0.000000
vt 0.010607 0.329867 0.000000
vt 0.144957 0.329867 0.000000
vt 0.040000 -0.536689 0.000000
vt -0.040000 -0.536689 0.000000
vt 0.040000 -0.644026 0.000000
vt -0.040000 -0.644026 0.000000
vt 0.040000 0.644026 0.000000
vt -0.040000 0.644026 0.000000
vt 0.040000 0.536689 0.000000
vt -0.040000 0.536689 0.000000
vt 0.040000 0.429351 0.000000
vt -0.040000 0.429351 0.000000
vt 0.040000 0.322013 0.000000
vt -0.040000 0.322013 0.000000
vt 0.040000 0.214675 0.000000
vt -0.040000 0.214675 0.000000
vt 0.040000 0.107338 0.000000
vt -0.040000 0.107338 0.000000
vt 0.040000 0.000000 0.000000
vt -0.040000 0.000000 0.000000
vt 0.040000 -0.107338 0.000000
vt -0.040000 -0.107338 0.000000
vt 0.040000 -0.214675 0.000000
vt -0.040000 -0.214675 0.000000
vt 0.040000 -0.322013 0.000000
vt -0.040000 -0.322013 0.000000
vt 0.040000 -0.429351 0.000000
vt -0.040000 -0.429351 0.000000
vt -0.130000 0.767945 0.000000
vt -0.420000 0.665278 0.000000
vt -0.130000 0.628319 0.000000
vt -0.420000 0.517439 0.000000
vt -0.130082 0.549600 0.000000
vt -0.130415 0.470942 0.000000
vt -0.420000 0.369599 0.000000
vt -0.131057 0.392428 0.000000
vt -0.131940 0.313988 0.000000
vt -0.420000 0.221759 0.000000
vt -0.132933 0.235454 0.000000
vt -0.133842 0.156939 0.000000
vt -0.420000 0.073920 0.000000
vt -0.134476 0.078477 0.000000
vt -0.134708 0.000000 0.000000
vt -0.420000 -0.073920 0.000000
vt -0.134476 -0.078477 0.000000
vt -0.133842 -0.156939 0.000000
vt -0.420000 -0.221759 0.000000
vt -0.132933 -0.235454 0.000000
vt -0.131940 -0.313988 0.000000
vt -0.420000 -0.369599 0.000000
vt -0.131057 -0.392429 0.000000
vt -0.130415 -0.470942 0.000000
vt -0.420000 -0.517439 0.000000
vt -0.130082 -0.549600 0.000000
vt -0.130000 -0.628319 0.000000
vt -0.420000 -0.665278 0.000000
vt -0.130000 -0.767945 0.000000
vt -0.420000 -0.813118 0.000000
vt -0.130000 -0.907571 0.000000
vt -0.420000 -0.960958 0.000000
vt -0.130000 -1.047198 0.000000
vt -0.420000 -1.108797 0.000000
vt -0.130000 -1.186824 0.000000
vt -0.420000 -1.256637 0.000000
vt -0.130000 -1.326450 0.000000
vt -0.130000 1.186824 0.000000
vt -0.420000 1.256637 0.000000
vt -0.420000 1.108797 0.000000
vt -0.130000 1.047198 0.000000
vt -0.420000 0.960958 0.000000
vt -0.130000 0.907571 0.000000
vt -0.420000 0.813118 0.000000
vt -0.000000 0.628319 0.000000
vt -0.000045 0.549805 0.000000
vt -0.000000 0.488692 0.000000
vt -0.000303 0.471241 0.000000
vt -0.000869 0.392813 0.000000
vt -0.000000 0.349066 0.000000
vt -0.001703 0.314260 0.000000
vt -0.000000 0.209440 0.000000
vt -0.002662 0.235766 0.000000
vt -0.003553 0.157250 0.000000
vt -0.000000 0.069813 0.000000
vt -0.004183 0.078659 0.000000
vt -0.004410 -0.000001 0.000000
vt 0.000000 -0.069813 0.000000
vt -0.004183 -0.078660 0.000000
vt -0.003553 -0.157251 0.000000
vt 0.000000 -0.209440 0.000000
vt -0.002662 -0.235767 0.000000
vt -0.001703 -0.314261 0.000000
vt 0.000000 -0.349066 0.000000
vt -0.000869 -0.392814 0.000000
vt -0.000303 -0.471242 0.000000
vt 0.000000 -0.488692 0.000000
vt -0.000045 -0.549805 0.000000
vt 0.000000 -0.628319 0.000000
vt 2.377011 -0.355503 0.000000
vt 2.350000 -0.500000 0.000000
vt 2.640000 -0.500000 0.000000
vt 2.377011 -0.644497 0.000000
vt 2.654737 -0.555000 0.000000
vt 2.454396 -0.769478 0.000000
vt 2.695000 -0.595263 0.000000
vt 2.571705 -0.858065 0.000000
vt 2.713093 -0.898294 0.000000
vt 2.750000 -0.610000 0.000000
vt 2.859465 -0.884730 0.000000
vt 2.805000 -0.595263 0.000000
vt 2.991054 -0.819207 0.000000
vt 2.845263 -0.555000 0.000000
vt 3.090087 -0.710573 0.000000
vt 3.143189 -0.573500 0.000000
vt 2.860000 -0.500000 0.000000
vt 3.143189 -0.426500 0.000000
vt 2.845263 -0.445000 0.000000
vt 3.090087 -0.289427 0.000000
vt 2.991054 -0.180793 0.000000
vt 2.805000 -0.404737 0.000000
vt 2.859465 -0.115270 0.000000
vt 2.750000 -0.390000 0.000000
vt 2.713093 -0.101706 0.000000
vt 2.695000 -0.404737 0.000000
vt 2.571705 -0.141935 0.000000
vt 2.454396 -0.230522 0.000000
vt 2.654737 -0.445000 0.000000
vt -4.675000 -3.463333 0.000000
vt 4.925000 -3.463333 0.000000
vt -4.675000 -1.400000 0.000000
vt 7.037725 -2.744280 0.000000
vt 7.378631 -2.444253 0.000000
vt 5.378151 -3.433560 0.000000
vt 5.823511 -3.344750 0.000000
vt 6.253423 -3.198433 0.000000
vt 6.660494 -2.997122 0.000000
vt 7.677350 -2.102201 0.000000
vt 7.928746 -1.724004 0.000000
vt -4.497465 -1.102500 0.000000
vt 8.128496 -1.316165 0.000000
vt -4.470000 -1.000000 0.000000
vt 8.273166 -0.885697 0.000000
vt -4.497465 -0.897500 0.000000
vt 8.360270 -0.440000 0.000000
vt -4.675000 -0.600000 0.000000
vt -4.675000 -0.440000 0.000000
vt -4.811808 -0.624123 0.000000
vt -4.675000 -0.795000 0.000000
vt -4.572500 -0.822465 0.000000
vt -4.932115 -0.693582 0.000000
vt -5.021410 -0.800000 0.000000
vt -4.777500 -0.822465 0.000000
vt -4.852535 -0.897500 0.000000
vt -5.068923 -0.930541 0.000000
vt -4.880000 -1.000000 0.000000
vt -5.068923 -1.069459 0.000000
vt -4.852535 -1.102500 0.000000
vt -5.021410 -1.200000 0.000000
vt -4.777500 -1.177535 0.000000
vt -4.675000 -1.205000 0.000000
vt -4.932115 -1.306418 0.000000
vt -4.811808 -1.375877 0.000000
vt -4.572500 -1.177535 0.000000
vt 6.052870 0.233333 0.000000
vt 2.336918 0.233333 0.000000
vt 6.052870 -0.225000 0.000000
vt 2.336918 -0.225000 0.000000
vt -2.175000 0.440949 0.000000
vt -0.325000 0.440949 0.000000
vt -2.175000 0.912094 0.000000
vt -0.325000 0.912094 0.000000
vt -2.175000 1.383239 0.000000
vt -0.325000 1.383239 0.000000
vt -2.175000 1.854384 0.000000
vt -0.325000 1.854384 0.000000
vt -2.175000 2.325529 0.000000
vt -0.325000 2.325529 0.000000
vt -2.175000 2.796674 0.000000
vt -0.325000 2.796674 0.000000
vt -2.175000 3.267819 0.000000
vt -0.325000 3.267819 0.000000
vt -2.175000 3.738964 0.000000
vt -0.325000 3.738964 0.000000
vt -2.175000 4.210109 0.000000
vt -0.325000 4.210109 0.000000
vt -2.175000 4.681254 0.000000
vt -0.325000 4.681254 0.000000
vt -2.175000 5.152400 0.000000
vt -0.325000 5.152400 0.000000
vt -2.175000 5.623545 0.000000
vt -0.325000 5.623545 0.000000
vt -2.175000 6.094690 0.000000
vt -0.325000 6.094690 0.000000
vt 2.462500 0.233333 0.000000
vt -7.137500 0.233333 0.000000
vt 2.462500 -0.225000 0.000000
vt -7.137500 -0.225000 0.000000
vt -0.023135 -0.440951 0.000000
vt -0.046365 -0.442640 0.000000
vt -0.023182 -0.911903 0.000000
vt -0.046365 -0.912953 0.000000
vt -0.023182 -1.382312 0.000000
vt -0.046365 -1.383267 0.000000
vt -0.023182 -1.852720 0.000000
vt -0.046365 -1.853580 0.000000
vt -0.023182 -2.323129 0.000000
vt -0.046365 -2.323893 0.000000
vt -0.023182 -2.793538 0.000000
vt -0.046365 -2.794206 0.000000
vt -0.023182 -3.263946 0.000000
vt -0.046365 -3.264519 0.000000
vt -0.023182 -3.734355 0.000000
vt -0.046365 -3.734832 0.000000
vt -0.023182 -4.204764 0.000000
vt -0.046365 -4.205145 0.000000
vt -0.023182 -4.675172 0.000000
vt -0.046365 -4.675459 0.000000
vt -0.023182 -5.145581 0.000000
vt -0.046365 -5.145772 0.000000
vt -0.023182 -5.615989 0.000000
vt -0.046365 -5.616085 0.000000
vt -0.030910 -6.086398 0.000000
vt -0.046365 -6.086398 0.000000
vt -0.015455 -6.086398 0.000000
vt -0.000000 -5.615894 0.000000
vt -0.000000 -5.145390 0.000000
vt -0.000000 -4.674886 0.000000
vt -0.000000 -4.204382 0.000000
vt -0.000000 -3.733877 0.000000
vt -0.000000 -3.263373 0.000000
vt -0.000000 -2.792869 0.000000
vt -0.000000 -2.322365 0.000000
vt -0.000000 -1.851861 0.000000
vt -0.000000 -1.381357 0.000000
vt -0.000000 -0.910853 0.000000
vt -0.000000 -0.440349 0.000000
vt -0.000000 -6.086398 0.000000
vt -1.231250 0.007727 0.000000
vt -0.751250 -0.000000 0.000000
vt -1.231250 0.023182 0.000000
vt -0.271250 -0.000000 0.000000
vt 0.208750 -0.000000 0.000000
vt -1.231250 -0.007727 0.000000
vt 0.688750 -0.000000 0.000000
vt 1.168750 -0.000000 0.000000
vt 1.648750 -0.000000 0.000000
vt 2.128750 -0.000000 0.000000
vt 8.368750 -0.023182 0.000000
vt -1.231250 -0.023182 0.000000
vt 8.368750 -0.007727 0.000000
vt 7.888750 -0.000000 0.000000
vt 7.408750 -0.000000 0.000000
vt 6.928750 -0.000000 0.000000
vt 8.368750 0.007727 0.000000
vt 6.448750 -0.000000 0.000000
vt 5.968750 -0.000000 0.000000
vt 5.488750 -0.000000 0.000000
vt 5.008750 -0.000000 0.000000
vt 8.368750 0.023182 0.000000
vt 2.608750 -0.000000 0.000000
vt 3.088750 -0.000000 0.000000
vt 3.568750 -0.000000 0.000000
vt 4.048750 -0.000000 0.000000
vt 4.528750 -0.000000 0.000000
vt -4.884411 0.007727 0.000000
vt -4.419917 -0.000000 0.000000
vt -4.884411 0.023182 0.000000
vt -3.955423 -0.000000 0.000000
vt -3.490929 -0.000000 0.000000
vt -4.884411 -0.007727 0.000000
vt -1.168459 -0.023182 0.000000
vt -4.884411 -0.023182 0.000000
vt -1.168459 -0.007727 0.000000
vt -1.632953 -0.000000 0.000000
vt -2.097447 -0.000000 0.000000
vt -2.561941 -0.000000 0.000000
vt -1.168459 0.007727 0.000000
vt -1.168459 0.023182 0.000000
vt -3.026435 -0.000000 0.000000
vt -1.299876 2.730000 0.000000
vt -1.273996 2.276977 0.000000
vt -1.236063 2.730000 0.000000
vt -1.210634 2.279761 0.000000
vt -1.243921 1.830035 0.000000
vt -1.308671 1.824542 0.000000
vt -1.335360 1.388446 0.000000
vt -1.403285 1.380753 0.000000
vt -1.483401 0.962481 0.000000
vt -1.556151 0.953516 0.000000
vt -1.685533 0.559363 0.000000
vt -1.764549 0.550440 0.000000
vt -1.938330 0.185926 0.000000
vt -2.024764 0.178704 0.000000
vt -2.237506 -0.151499 0.000000
vt -2.332164 -0.155071 0.000000
vt -2.577988 -0.447191 0.000000
vt -2.681271 -0.444939 0.000000
vt -2.954004 -0.696137 0.000000
vt -3.065869 -0.685738 0.000000
vt -3.359178 -0.894115 0.000000
vt -3.479108 -0.873179 0.000000
vt -3.786642 -1.037770 0.000000
vt -3.913626 -1.003922 0.000000
vt -4.229147 -1.124666 0.000000
vt -4.361684 -1.075641 0.000000
vt -4.679192 -1.153329 0.000000
vt -4.815302 -1.087056 0.000000
vt -5.129146 -1.123274 0.000000
vt -5.266401 -1.037964 0.000000
vt -5.571380 -1.035010 0.000000
vt -5.706945 -0.929241 0.000000
vt -5.998397 -0.890033 0.000000
vt -6.129088 -0.762823 0.000000
vt -6.402957 -0.690802 0.000000
vt -6.525311 -0.541673 0.000000
vt -6.778201 -0.440695 0.000000
vt -6.888556 -0.269731 0.000000
vt -7.122973 -0.170488 0.000000
vt -7.212355 0.048160 0.000000
vt -7.302257 -0.044556 0.000000
vt -7.490300 0.067909 0.000000
vt -7.490938 0.406338 0.000000
vt -7.686956 0.164124 0.000000
vt -7.891305 0.242936 0.000000
vt -7.719345 0.798422 0.000000
vt -8.101534 0.305131 0.000000
vt -8.315774 0.351609 0.000000
vt -7.893508 1.217430 0.000000
vt -8.339548 0.355812 0.000000
vt -8.363351 0.359847 0.000000
vt -8.387182 0.363713 0.000000
vt -8.389788 0.364125 0.000000
vt -8.010323 1.655897 0.000000
vt -8.067711 2.106016 0.000000
vt -8.064649 2.559767 0.000000
vt -8.389788 5.773333 0.000000
vt -8.001192 3.009070 0.000000
vt -7.878470 3.445922 0.000000
vt -7.698669 3.862541 0.000000
vt -7.464991 4.251507 0.000000
vt -7.181599 4.605892 0.000000
vt -6.853540 4.919384 0.000000
vt -6.486658 5.186399 0.000000
vt -6.087487 5.402182 0.000000
vt -5.663136 5.562888 0.000000
vt -5.221165 5.665656 0.000000
vt -4.673835 5.773333 0.000000
vt -4.769445 5.708655 0.000000
vt -4.316022 5.691120 0.000000
vt -4.220684 5.743560 0.000000
vt -3.868972 5.613361 0.000000
vt -3.775324 5.654750 0.000000
vt -3.436258 5.476765 0.000000
vt -3.345412 5.508433 0.000000
vt -3.025587 5.283765 0.000000
vt -2.938341 5.307122 0.000000
vt -2.644274 5.037798 0.000000
vt -2.561110 5.054280 0.000000
vt -2.299110 4.743245 0.000000
vt -2.220204 4.754253 0.000000
vt -1.996243 4.405352 0.000000
vt -1.921485 4.412201 0.000000
vt -1.741068 4.030138 0.000000
vt -1.670090 4.034004 0.000000
vt -1.538129 3.624286 0.000000
vt -1.470339 3.626165 0.000000
vt -1.391042 3.195025 0.000000
vt -1.325669 3.195697 0.000000
vt -1.302426 2.750000 0.000000
vt -1.238566 2.750000 0.000000
vt -0.225000 0.420015 0.000000
vt 0.233333 0.464325 0.000000
vt -0.225000 0.866288 0.000000
vt 0.233333 0.947140 0.000000
vt -0.225000 1.312561 0.000000
vt 0.233333 1.429956 0.000000
vt -0.225000 1.758835 0.000000
vt 0.233333 1.912771 0.000000
vt -0.225000 2.205108 0.000000
vt 0.233333 2.395587 0.000000
vt -0.225000 2.651381 0.000000
vt 0.233333 2.878402 0.000000
vt -0.225000 3.097655 0.000000
vt 0.233333 3.361217 0.000000
vt -0.225000 3.543928 0.000000
vt 0.233333 3.844033 0.000000
vt -0.225000 3.990201 0.000000
vt 0.233333 4.326848 0.000000
vt -0.225000 4.436475 0.000000
vt 0.233333 4.809664 0.000000
vt -0.225000 4.882748 0.000000
vt 0.233333 5.292479 0.000000
vt -0.225000 5.329021 0.000000
vt 0.233333 5.775294 0.000000
vt -0.225000 5.775294 0.000000
vt 3.505376 0.005363 0.000000
vt 3.843190 0.000000 0.000000
vt 3.505376 0.016088 0.000000
vt 4.181004 0.000000 0.000000
vt 4.518818 0.000000 0.000000
vt 3.505376 -0.005363 0.000000
vt 4.856632 0.000000 0.000000
vt 7.221329 -0.016088 0.000000
vt 5.194446 0.000000 0.000000
vt 5.532260 0.000000 0.000000
vt 5.870073 0.000000 0.000000
vt 7.221329 0.005363 0.000000
vt 6.207887 0.000000 0.000000
vt 6.545701 0.000000 0.000000
vt 6.883515 0.000000 0.000000
vt 7.221329 -0.005363 0.000000
vt 3.505376 -0.016088 0.000000
vt 7.221329 0.016088 0.000000
vt -5.906250 0.005363 0.000000
vt -5.563393 0.000000 0.000000
vt -5.906250 0.016088 0.000000
vt -5.220536 0.000000 0.000000
vt -4.877679 0.000000 0.000000
vt -5.906250 -0.005363 0.000000
vt -4.534821 0.000000 0.000000
vt -4.191964 0.000000 0.000000
vt -3.849107 0.000000 0.000000
vt -3.506250 0.000000 0.000000
vt -3.163393 0.000000 0.000000
vt -2.820536 0.000000 0.000000
vt -2.477679 0.000000 0.000000
vt -2.134821 0.000000 0.000000
vt 3.693750 -0.016088 0.000000
vt -1.791964 0.000000 0.000000
vt -1.449107 0.000000 0.000000
vt -1.106250 0.000000 0.000000
vt -0.763393 0.000000 0.000000
vt -0.420536 0.000000 0.000000
vt -0.077679 0.000000 0.000000
vt 0.265179 0.000000 0.000000
vt 3.693750 0.005363 0.000000
vt 0.608036 0.000000 0.000000
vt 0.950893 0.000000 0.000000
vt 1.293750 0.000000 0.000000
vt 1.636607 0.000000 0.000000
vt 1.979464 0.000000 0.000000
vt 2.322321 0.000000 0.000000
vt 2.665179 0.000000 0.000000
vt 3.008036 0.000000 0.000000
vt 3.350893 0.000000 0.000000
vt 3.693750 -0.005363 0.000000
vt -5.906250 -0.016088 0.000000
vt 3.693750 0.016088 0.000000
vt 0.062391 -10.488881 0.000000
vt 0.078540 -10.486849 0.000000
vt 0.062452 -10.155632 0.000000
vt 0.078540 -10.030320 0.000000
vt 0.062452 -9.820589 0.000000
vt 0.078540 -9.573791 0.000000
vt 0.062452 -9.485546 0.000000
vt 0.078540 -9.117261 0.000000
vt 0.062452 -9.150503 0.000000
vt 0.062452 -8.815460 0.000000
vt 0.046365 -9.120044 0.000000
vt 0.046365 -8.663167 0.000000
vt 0.062452 -8.480416 0.000000
vt 0.046365 -8.206290 0.000000
vt 0.062452 -8.145373 0.000000
vt 0.062452 -7.810330 0.000000
vt 0.078540 -8.204203 0.000000
vt 0.078540 -7.747674 0.000000
vt 0.078540 -8.660732 0.000000
vt 0.062452 -7.475287 0.000000
vt 0.078540 -7.291145 0.000000
vt 0.062452 -7.140244 0.000000
vt 0.078540 -6.834615 0.000000
vt 0.062452 -6.805201 0.000000
vt 0.062452 -6.470157 0.000000
vt 0.046365 -6.835659 0.000000
vt 0.046365 -6.378782 0.000000
vt 0.062452 -6.135114 0.000000
vt 0.046365 -5.921905 0.000000
vt 0.062452 -5.800071 0.000000
vt 0.046365 -5.465028 0.000000
vt 0.057090 -5.465028 0.000000
vt 0.067815 -5.465028 0.000000
vt 0.078540 -5.921557 0.000000
vt 0.078540 -5.465028 0.000000
vt 0.078540 -6.378086 0.000000
vt 0.046365 -7.292536 0.000000
vt 0.046365 -7.749413 0.000000
vt 0.046365 -9.576921 0.000000
vt 0.046365 -10.033799 0.000000
vt 0.046365 -10.490676 0.000000
vt -0.064999 1.035877 0.000000
vt -0.064999 1.183988 0.000000
vt -0.260843 1.171222 0.000000
vt -0.095743 1.279481 0.000000
vt -0.260843 1.312577 0.000000
vt -0.064999 1.373274 0.000000
vt -0.260843 1.453931 0.000000
vt -0.065015 1.466677 0.000000
vt -0.260843 1.585189 0.000000
vt -0.064999 1.588572 0.000000
vt -0.065002 1.661718 0.000000
vt -0.260843 1.716447 0.000000
vt -0.065004 1.749820 0.000000
vt -0.260843 1.847704 0.000000
vt -0.064999 1.855733 0.000000
vt -0.260843 1.978529 0.000000
vt -0.065077 1.978095 0.000000
vt -0.065081 2.119339 0.000000
vt -0.260843 2.241477 0.000000
vt -0.064999 2.280534 0.000000
vt -0.260843 2.503993 0.000000
vt -0.065007 2.635710 0.000000
vt -0.260843 2.948249 0.000000
vt -0.064999 3.006245 0.000000
vt -0.456659 3.392506 0.000000
vt -0.064999 3.392506 0.000000
vt -0.456680 2.923419 0.000000
vt -0.456686 2.693641 0.000000
vt -0.456686 2.467724 0.000000
vt -0.456686 2.245782 0.000000
vt -0.456686 2.029654 0.000000
vt -0.456560 1.828000 0.000000
vt -0.456686 1.636940 0.000000
vt -0.456521 1.448019 0.000000
vt -0.456508 1.257957 0.000000
vt -0.456608 1.061787 0.000000
vt -0.260843 0.888204 0.000000
vt -0.456605 0.859508 0.000000
vt -0.260843 0.706764 0.000000
vt -0.456686 0.652106 0.000000
vt -0.260843 0.525014 0.000000
vt -0.456686 0.439482 0.000000
vt -0.260843 0.161514 0.000000
vt -0.456686 0.221901 0.000000
vt -0.456659 0.000000 0.000000
vt -0.064999 0.000000 0.000000
vt -0.064999 0.295965 0.000000
vt -0.064999 0.591930 0.000000
vt -0.064999 0.887895 0.000000
vt -0.456657 0.000000 0.000000
vt -0.064999 0.000000 0.000000
vt -0.260915 0.336052 0.000000
vt -0.064999 0.441535 0.000000
vt -0.260915 0.704031 0.000000
vt -0.064999 0.883070 0.000000
vt -0.260915 1.072010 0.000000
vt -0.064999 1.324604 0.000000
vt -0.260915 1.439989 0.000000
vt -0.064999 1.766139 0.000000
vt -0.260915 1.807968 0.000000
vt -0.064999 2.207674 0.000000
vt -0.260915 2.175947 0.000000
vt -0.260915 2.543926 0.000000
vt -0.456533 2.531189 0.000000
vt -0.260915 2.911905 0.000000
vt -0.456726 2.928619 0.000000
vt -0.260915 3.279884 0.000000
vt -0.456613 3.323536 0.000000
vt -0.260915 3.647863 0.000000
vt -0.456617 3.718005 0.000000
vt -0.260915 4.015842 0.000000
vt -0.456630 4.110399 0.000000
vt -0.260915 4.383821 0.000000
vt -0.456703 4.512881 0.000000
vt -0.260915 4.751799 0.000000
vt -0.456724 4.949877 0.000000
vt -0.260915 5.119778 0.000000
vt -0.456545 5.437450 0.000000
vt -0.260915 5.487757 0.000000
vt -0.260915 5.855736 0.000000
vt -0.064999 5.739952 0.000000
vt -0.064999 6.181487 0.000000
vt -0.064999 2.649209 0.000000
vt -0.064999 2.869976 0.000000
vt -0.064999 3.090743 0.000000
vt -0.064999 3.311511 0.000000
vt -0.064999 3.532278 0.000000
vt -0.064999 3.753046 0.000000
vt -0.064999 3.973813 0.000000
vt -0.064999 4.194580 0.000000
vt -0.064999 4.415348 0.000000
vt -0.064999 4.856882 0.000000
vt -0.064999 5.298417 0.000000
vt -0.064999 7.064556 0.000000
vt -0.260915 6.644136 0.000000
vt -0.260915 6.223715 0.000000
vt -0.456602 5.959152 0.000000
vt -0.456657 7.064556 0.000000
vt -0.456435 6.500937 0.000000
vt -0.456495 2.130748 0.000000
vt -0.456616 1.732270 0.000000
vt -0.456532 1.325618 0.000000
vt -0.456780 0.901642 0.000000
vt -0.456615 0.461295 0.000000
vt 7.137500 0.206667 0.000000
vt -2.462500 0.206667 0.000000
vt 7.137500 -0.185000 0.000000
vt -2.462500 -0.185000 0.000000
vt -2.336918 0.206667 0.000000
vt -6.052870 0.206667 0.000000
vt -2.336918 -0.185000 0.000000
vt -6.052870 -0.185000 0.000000
vt 0.000000 -11.732447 0.000000
vt 0.000000 -11.261943 0.000000
vt -0.023135 -11.731845 0.000000
vt -0.023182 -11.260893 0.000000
vt -0.046365 -11.730156 0.000000
vt -0.046365 -11.259843 0.000000
vt -0.023182 -10.790484 0.000000
vt -0.046365 -10.789530 0.000000
vt -0.023182 -10.320076 0.000000
vt -0.046365 -10.319216 0.000000
vt -0.023182 -9.849667 0.000000
vt -0.046365 -9.848903 0.000000
vt -0.023182 -9.379259 0.000000
vt -0.046365 -9.378590 0.000000
vt -0.023182 -8.908850 0.000000
vt -0.046365 -8.908277 0.000000
vt -0.023182 -8.438441 0.000000
vt -0.046365 -8.437964 0.000000
vt -0.023182 -7.968033 0.000000
vt -0.046365 -7.967651 0.000000
vt -0.023182 -7.497624 0.000000
vt -0.046365 -7.497338 0.000000
vt -0.023182 -7.027215 0.000000
vt -0.046365 -7.027024 0.000000
vt -0.023182 -6.556807 0.000000
vt -0.046365 -6.556711 0.000000
vt -0.030910 -6.086398 0.000000
vt -0.046365 -6.086398 0.000000
vt 0.000000 -10.791439 0.000000
vt 0.000000 -10.320935 0.000000
vt 0.000000 -9.850431 0.000000
vt 0.000000 -9.379927 0.000000
vt 0.000000 -8.909423 0.000000
vt 0.000000 -8.438919 0.000000
vt 0.000000 -7.968415 0.000000
vt 0.000000 -7.497910 0.000000
vt 0.000000 -7.027406 0.000000
vt 0.000000 -6.556902 0.000000
vt 0.000000 -6.086398 0.000000
vt -0.015455 -6.086398 0.000000
vt -0.225000 -0.420015 0.000000
vt -0.225000 -0.866288 0.000000
vt 0.233333 -0.464325 0.000000
vt 0.233333 -0.947140 0.000000
vt -0.225000 -1.312561 0.000000
vt 0.233333 -1.429956 0.000000
vt -0.225000 -1.758835 0.000000
vt 0.233333 -1.912771 0.000000
vt -0.225000 -2.205108 0.000000
vt 0.233333 -2.395587 0.000000
vt -0.225000 -2.651381 0.000000
vt 0.233333 -2.878402 0.000000
vt -0.225000 -3.097655 0.000000
vt 0.233333 -3.361217 0.000000
vt -0.225000 -3.543928 0.000000
vt 0.233333 -3.844033 0.000000
vt -0.225000 -3.990201 0.000000
vt 0.233333 -4.326848 0.000000
vt -0.225000 -4.436475 0.000000
vt 0.233333 -4.809664 0.000000
vt -0.225000 -4.882748 0.000000
vt 0.233333 -5.292479 0.000000
vt -0.225000 -5.329021 0.000000
vt 0.233333 -5.775294 0.000000
vt -0.225000 -5.775294 0.000000
vt 0.062391 -0.441175 0.000000
vt 0.046365 -0.439380 0.000000
vt 0.062452 -0.774423 0.000000
vt 0.046365 -0.896257 0.000000
vt 0.062452 -1.109466 0.000000
vt 0.046365 -1.353134 0.000000
vt 0.062452 -1.444509 0.000000
vt 0.046365 -1.810011 0.000000
vt 0.062452 -1.779553 0.000000
vt 0.062452 -2.114596 0.000000
vt 0.078540 -1.812794 0.000000
vt 0.078540 -2.269323 0.000000
vt 0.062452 -2.449639 0.000000
vt 0.078540 -2.725853 0.000000
vt 0.062452 -2.784682 0.000000
vt 0.062452 -3.119725 0.000000
vt 0.046365 -3.180642 0.000000
vt 0.062452 -3.454769 0.000000
vt 0.046365 -3.637519 0.000000
vt 0.062452 -3.789812 0.000000
vt 0.046365 -4.094397 0.000000
vt 0.062452 -4.124855 0.000000
vt 0.062452 -4.459898 0.000000
vt 0.078540 -4.095440 0.000000
vt 0.078540 -4.551969 0.000000
vt 0.062452 -4.794941 0.000000
vt 0.078540 -5.008499 0.000000
vt 0.062452 -5.129985 0.000000
vt 0.067815 -5.465028 0.000000
vt 0.057090 -5.465028 0.000000
vt 0.046365 -5.008151 0.000000
vt 0.046365 -5.465028 0.000000
vt 0.046365 -2.266888 0.000000
vt 0.046365 -2.723765 0.000000
vt 0.046365 -4.551274 0.000000
vt 0.078540 -5.465028 0.000000
vt 0.078540 -3.638911 0.000000
vt 0.078540 -3.182382 0.000000
vt 0.078540 -1.356265 0.000000
vt 0.078540 -0.899736 0.000000
vt 0.078540 -0.443207 0.000000
vt 0.055045 -0.474905 0.000000
vt 0.055045 -0.501820 0.000000
vt 0.130000 -0.607833 0.000000
vt 0.045045 -0.501820 0.000000
vt 0.000000 -0.895337 0.000000
vt 0.000000 -0.441237 0.000000
vt 0.045045 -0.481626 0.000000
vt 0.045045 -0.461432 0.000000
vt 0.045045 -0.441237 0.000000
vt 0.130000 -1.034552 0.000000
vt 0.000000 -1.349436 0.000000
vt 0.130000 -1.461270 0.000000
vt 0.000000 -1.803535 0.000000
vt 0.130000 -1.887988 0.000000
vt 0.000000 -2.257635 0.000000
vt 0.130000 -2.314706 0.000000
vt 0.130000 -2.323312 0.000000
vt 0.130000 -2.331918 0.000000
vt 0.130000 -2.340524 0.000000
vt 0.130000 -2.619950 0.000000
vt 0.000000 -2.711734 0.000000
vt 0.130000 -2.899376 0.000000
vt 0.000000 -3.165833 0.000000
vt 0.130000 -3.178802 0.000000
vt 0.130000 -3.458228 0.000000
vt 0.000000 -3.619933 0.000000
vt 0.130000 -3.737654 0.000000
vt 0.000000 -4.074032 0.000000
vt 0.130000 -4.017080 0.000000
vt 0.130000 -4.296506 0.000000
vt 0.000000 -4.528131 0.000000
vt 0.130000 -4.575932 0.000000
vt 0.130000 -4.855358 0.000000
vt 0.000000 -4.982231 0.000000
vt 0.130000 -5.134784 0.000000
vt 0.000000 -5.436330 0.000000
vt 0.130000 -5.414210 0.000000
vt 0.130000 -5.693636 0.000000
vt 0.000000 -5.890429 0.000000
vt 0.130000 -5.973062 0.000000
vt 0.130000 -6.252488 0.000000
vt 0.000000 -6.344529 0.000000
vt 0.130000 -6.531914 0.000000
vt 0.000000 -6.798628 0.000000
vt 0.130000 -6.811340 0.000000
vt 0.130000 -7.090766 0.000000
vt 0.000000 -7.252727 0.000000
vt 0.130000 -7.370192 0.000000
vt 0.000000 -7.706827 0.000000
vt 0.130000 -7.649618 0.000000
vt 0.130000 -7.929044 0.000000
vt 0.000000 -8.160926 0.000000
vt 0.130000 -8.208470 0.000000
vt 0.130000 -8.487896 0.000000
vt 0.000000 -8.615025 0.000000
vt 0.130000 -8.767322 0.000000
vt 0.000000 -9.069125 0.000000
vt 0.130000 -9.046748 0.000000
vt 0.130000 -9.326174 0.000000
vt 0.000000 -9.523224 0.000000
vt 0.130000 -9.605600 0.000000
vt 0.130000 -9.885026 0.000000
vt 0.000000 -9.977323 0.000000
vt 0.130000 -10.164452 0.000000
vt 0.000000 -10.431423 0.000000
vt 0.130000 -10.443878 0.000000
vt 0.130000 10.918952 0.000000
vt 0.000000 10.931407 0.000000
vt 0.130000 10.639526 0.000000
vt -0.000000 10.477308 0.000000
vt 0.130000 10.360100 0.000000
vt -0.000000 10.023209 0.000000
vt 0.130000 10.080674 0.000000
vt 0.130000 9.801248 0.000000
vt -0.000000 9.569110 0.000000
vt 0.130000 9.521822 0.000000
vt 0.130000 9.242396 0.000000
vt -0.000000 9.115010 0.000000
vt 0.130000 8.962970 0.000000
vt -0.000000 8.660911 0.000000
vt 0.130000 8.683544 0.000000
vt 0.130000 8.404118 0.000000
vt -0.000000 8.206812 0.000000
vt 0.130000 8.124692 0.000000
vt 0.130000 7.845266 0.000000
vt -0.000000 7.752712 0.000000
vt 0.130000 7.565840 0.000000
vt -0.000000 7.298613 0.000000
vt 0.130000 7.286414 0.000000
vt 0.130000 7.006988 0.000000
vt -0.000000 6.844514 0.000000
vt 0.130000 6.727562 0.000000
vt -0.000000 6.390414 0.000000
vt 0.130000 6.448136 0.000000
vt 0.130000 6.168710 0.000000
vt -0.000000 5.936315 0.000000
vt 0.130000 5.889284 0.000000
vt 0.130000 5.609858 0.000000
vt -0.000000 5.482216 0.000000
vt 0.130000 5.330432 0.000000
vt -0.000000 5.028116 0.000000
vt 0.130000 5.051006 0.000000
vt 0.130000 4.771580 0.000000
vt -0.000000 4.574017 0.000000
vt 0.130000 4.492154 0.000000
vt 0.130000 4.212728 0.000000
vt -0.000000 4.119918 0.000000
vt 0.130000 3.933302 0.000000
vt -0.000000 3.665818 0.000000
vt 0.130000 3.653876 0.000000
vt 0.130000 3.374450 0.000000
vt -0.000000 3.211719 0.000000
vt 0.130000 3.095024 0.000000
vt -0.000000 2.757620 0.000000
vt 0.130000 2.815598 0.000000
vt 0.130000 2.536172 0.000000
vt -0.000000 2.303520 0.000000
vt 0.130000 2.256746 0.000000
vt 0.130000 1.977320 0.000000
vt -0.000000 1.849421 0.000000
vt 0.130000 1.697894 0.000000
vt -0.000000 1.395322 0.000000
vt 0.130000 1.418468 0.000000
vt 0.130000 1.139042 0.000000
vt -0.000000 0.941222 0.000000
vt 0.130000 1.120154 0.000000
vt 0.130000 1.113116 0.000000
vt 0.130000 1.106078 0.000000
vt 0.130000 1.099040 0.000000
vt 0.130000 0.672322 0.000000
vt -0.000000 0.487123 0.000000
vt 0.130000 0.245603 0.000000
vt -0.000000 0.033024 0.000000
vt 0.130000 -0.181115 0.000000
vt 0.055045 -0.421076 0.000000
vt 0.055045 -0.447990 0.000000
vt 0.000000 -0.421076 0.000000
vt 2.048116 4.470000 0.000000
vt 2.234297 4.678259 0.000000
vt 2.048116 4.490000 0.000000
vt 2.017093 4.490000 0.000000
vt 2.312696 4.807138 0.000000
vt 2.436945 4.870531 0.000000
vt 2.645874 5.084537 0.000000
vt 2.654693 5.045519 0.000000
vt 2.886071 5.202041 0.000000
vt 3.011326 5.317780 0.000000
vt 3.129518 5.339040 0.000000
vt 3.403236 5.503158 0.000000
vt 3.383389 5.455592 0.000000
vt 3.645971 5.550910 0.000000
vt 3.815366 5.637718 0.000000
vt 3.915492 5.624350 0.000000
vt 4.241158 5.719321 0.000000
vt 4.190132 5.675417 0.000000
vt 4.468037 5.703766 0.000000
vt 4.673835 5.746667 0.000000
vt 4.747332 5.709206 0.000000
vt 5.026130 5.691699 0.000000
vt 8.389788 5.746667 0.000000
vt 5.302550 5.651365 0.000000
vt 5.574726 5.588475 0.000000
vt 5.840821 5.503453 0.000000
vt 6.099038 5.396875 0.000000
vt 6.347634 5.269459 0.000000
vt 6.584931 5.122065 0.000000
vt 6.809328 4.955689 0.000000
vt 7.019309 4.771453 0.000000
vt 7.213457 4.570601 0.000000
vt 7.390462 4.354490 0.000000
vt 7.549128 4.124577 0.000000
vt 7.688385 3.882415 0.000000
vt 7.807293 3.629638 0.000000
vt 8.389788 2.810000 0.000000
vt 7.905048 3.367953 0.000000
vt 7.980991 3.099127 0.000000
vt 8.034609 2.824974 0.000000
vt 8.065541 2.547344 0.000000
vt 8.073577 2.268112 0.000000
vt 8.058664 1.989163 0.000000
vt 8.389788 0.391119 0.000000
vt 8.020901 1.712380 0.000000
vt 7.960545 1.439631 0.000000
vt 7.878001 1.172758 0.000000
vt 8.383017 0.390051 0.000000
vt 8.364998 0.387144 0.000000
vt 8.346994 0.384143 0.000000
vt 7.773828 0.913561 0.000000
vt 8.329007 0.381046 0.000000
vt 8.311037 0.377852 0.000000
vt 8.000994 0.305398 0.000000
vt 7.648729 0.663791 0.000000
vt 7.734442 0.213150 0.000000
vt 7.503548 0.425133 0.000000
vt 7.508669 0.108521 0.000000
vt 7.339266 0.199199 0.000000
vt 7.317152 -0.002791 0.000000
vt 7.156990 -0.012486 0.000000
vt 7.151284 -0.116061 0.000000
vt 6.957952 -0.208493 0.000000
vt 7.005169 -0.226510 0.000000
vt 6.876208 -0.329281 0.000000
vt 6.743496 -0.387500 0.000000
vt 6.761998 -0.419515 0.000000
vt 6.515068 -0.548297 0.000000
vt 6.402061 -0.660507 0.000000
vt 6.274211 -0.689799 0.000000
vt 6.014668 -0.854308 0.000000
vt 6.022551 -0.811052 0.000000
vt 5.761787 -0.911236 0.000000
vt 5.605974 -0.997839 0.000000
vt 5.493678 -0.989675 0.000000
vt 5.182471 -1.088819 0.000000
vt 5.220035 -1.045841 0.000000
vt 4.942705 -1.079352 0.000000
vt 4.750887 -1.125803 0.000000
vt 4.663560 -1.089984 0.000000
vt 4.318080 -1.108204 0.000000
vt 4.384485 -1.077665 0.000000
vt 4.107362 -1.042478 0.000000
vt 3.890924 -1.036301 0.000000
vt 3.834064 -0.984660 0.000000
vt 3.566434 -0.904602 0.000000
vt 3.476206 -0.911236 0.000000
vt 3.306280 -0.802843 0.000000
vt 3.080515 -0.734997 0.000000
vt 3.055357 -0.680072 0.000000
vt 2.815360 -0.537116 0.000000
vt 2.710136 -0.510383 0.000000
vt 2.587909 -0.374941 0.000000
vt 2.370953 -0.240963 0.000000
vt 2.374538 -0.194642 0.000000
vt 2.176688 0.002565 0.000000
vt 2.068356 0.068984 0.000000
vt 1.995696 0.215348 0.000000
vt 1.807151 0.414533 0.000000
vt 1.832781 0.442271 0.000000
vt 1.689046 0.681801 0.000000
vt 1.591488 0.790194 0.000000
vt 1.565458 0.932323 0.000000
vt 1.424793 1.190000 0.000000
vt 1.456694 1.190000 0.000000
vt 1.462854 1.192145 0.000000
vt 1.456694 1.210000 0.000000
vt 0.185000 -2.229183 0.000000
vt -0.206667 -2.469155 0.000000
vt 0.185000 -2.656085 0.000000
vt -0.206667 -2.922760 0.000000
vt 0.185000 -3.082986 0.000000
vt -0.206667 -3.376366 0.000000
vt 0.185000 -3.509888 0.000000
vt -0.206667 -3.829972 0.000000
vt 0.185000 -3.936789 0.000000
vt -0.206667 -4.283578 0.000000
vt 0.185000 -4.363690 0.000000
vt -0.206667 -4.737183 0.000000
vt 0.185000 -4.790592 0.000000
vt -0.206667 -5.190789 0.000000
vt 0.185000 -5.217493 0.000000
vt -0.206667 -5.644395 0.000000
vt 0.185000 -5.644395 0.000000
vt 0.365000 2.326374 0.000000
vt 2.135000 2.326374 0.000000
vt 0.365000 2.771888 0.000000
vt 2.135000 2.771888 0.000000
vt 0.365000 3.217402 0.000000
vt 2.135000 3.217402 0.000000
vt 0.365000 3.662916 0.000000
vt 2.135000 3.662916 0.000000
vt 0.365000 4.108430 0.000000
vt 2.135000 4.108430 0.000000
vt 0.365000 4.553944 0.000000
vt 2.135000 4.553944 0.000000
vt 0.365000 4.999458 0.000000
vt 2.135000 4.999458 0.000000
vt 0.365000 5.444972 0.000000
vt 2.135000 5.444972 0.000000
vt 0.365000 5.890486 0.000000
vt 2.135000 5.890486 0.000000
vt 0.185000 2.229183 0.000000
vt 0.185000 2.656085 0.000000
vt -0.206667 2.469155 0.000000
vt -0.206667 2.922760 0.000000
vt 0.185000 3.082986 0.000000
vt -0.206667 3.376366 0.000000
vt 0.185000 3.509888 0.000000
vt -0.206667 3.829972 0.000000
vt 0.185000 3.936789 0.000000
vt -0.206667 4.283578 0.000000
vt 0.185000 4.363690 0.000000
vt -0.206667 4.737183 0.000000
vt 0.185000 4.790592 0.000000
vt -0.206667 5.190789 0.000000
vt 0.185000 5.217493 0.000000
vt -0.206667 5.644395 0.000000
vt 0.185000 5.644395 0.000000
vt 1.255732 0.000000 0.000000
vt 1.166602 2.936667 0.000000
vt 1.054191 0.000000 0.000000
vt 0.999945 2.936667 0.000000
vt 0.922417 0.000000 0.000000
vt 0.833287 2.936667 0.000000
vt 0.790643 0.000000 0.000000
vt 0.666630 2.936667 0.000000
vt 0.527095 0.000000 0.000000
vt 0.499972 2.936667 0.000000
vt 0.333315 2.936667 0.000000
vt 1.333260 2.936667 0.000000
vt 1.457273 0.000000 0.000000
vt 1.499917 2.936667 0.000000
vt 1.658814 0.000000 0.000000
vt 1.666575 2.936667 0.000000
vt 1.833232 2.936667 0.000000
vt 1.860355 0.000000 0.000000
vt 1.999890 2.936667 0.000000
vt 2.061896 0.000000 0.000000
vt 2.166547 2.936667 0.000000
vt 2.263437 0.000000 0.000000
vt 2.333204 2.936667 0.000000
vt 2.464978 0.000000 0.000000
vt 2.499862 2.936667 0.000000
vt 2.666519 0.480000 0.000000
vt 2.666519 0.520000 0.000000
vt 2.666519 0.000000 0.000000
vt 2.666519 2.936667 0.000000
vt 0.263548 0.000000 0.000000
vt 0.000000 2.936667 0.000000
vt 0.000000 0.000000 0.000000
vn 0.000000 -0.000000 -0.100000
vn 0.000000 -0.000000 -0.100000
vn 0.000000 -0.000000 -0.100000
vn 0.000000 -0.000000 -0.100000
vn -0.100000 0.000000 0.000000
vn -0.100000 0.000000 0.000000
vn -0.100000 0.000000 0.000000
vn -0.100000 0.000000 0.000000
vn 0.000000 0.100000 -0.000000
vn 0.000000 0.100000 -0.000000
vn 0.000000 0.100000 -0.000000
vn 0.000000 0.100000 -0.000000
vn 0.000000 0.100000 -0.000000
vn 0.000000 0.100000 -0.000000
vn 0.000000 0.100000 -0.000000
vn 0.000000 0.100000 -0.000000
vn 0.000000 0.100000 -0.000000
vn 0.000000 0.100000 -0.000000
vn 0.000000 0.100000 -0.000000
vn 0.000000 0.100000 -0.000000
vn 0.000000 0.100000 -0.000000
vn 0.000000 0.100000 -0.000000
vn 0.000000 0.100000 -0.000000
vn 0.000000 0.100000 -0.000000
vn -0.100000 0.000000 0.000000
vn -0.099988 0.000000 -0.001554
vn -0.100000 0.000000 0.000000
vn -0.099988 0.000000 -0.001554
vn -0.099834 0.000000 -0.005758
vn -0.099834 0.000000 -0.005758
vn -0.099226 0.000000 -0.012414
vn -0.099226 0.000000 -0.012414
vn -0.097684 0.000000 -0.021395
vn -0.097684 0.000000 -0.021395
vn -0.095444 0.000000 -0.029840
vn -0.095444 0.000000 -0.029840
vn -0.092304 0.000000 -0.038471
vn -0.092304 0.000000 -0.038471
vn -0.087318 0.000000 -0.048739
vn -0.087318 0.000000 -0.048739
vn -0.087318 0.000000 -0.048739
vn -0.100000 0.000000 0.000000
vn -0.100000 0.000000 0.000000
vn -0.000000 -0.100000 0.000000
vn -0.000000 -0.100000 0.000000
vn -0.000000 -0.100000 0.000000
vn -0.000000 -0.100000 0.000000
vn -0.000000 -0.100000 0.000000
vn -0.000000 -0.100000 0.000000
vn -0.000000 -0.100000 0.000000
vn -0.000000 -0.100000 0.000000
vn -0.000000 -0.100000 0.000000
vn -0.000000 -0.100000 0.000000
vn -0.000000 -0.100000 0.000000
vn -0.000000 -0.100000 0.000000
vn -0.000000 -0.100000 0.000000
vn -0.000000 -0.100000 0.000000
vn -0.000000 -0.100000 0.000000
vn -0.000000 -0.100000 0.000000
vn -0.082165 0.000000 -0.056999
vn -0.082165 0.000000 -0.056999
vn -0.082148 0.000000 -0.057024
vn -0.081730 0.000000 -0.057621
vn -0.086337 0.000000 -0.050458
vn -0.080849 0.000000 -0.058851
vn -0.078117 0.000000 -0.062432
vn -0.078080 0.000000 -0.062478
vn -0.074135 0.000000 -0.067112
vn -0.068200 0.000000 -0.073136
vn -0.069539 0.000000 -0.071864
vn -0.064630 0.000000 -0.076309
vn -0.057132 0.000000 -0.082073
vn -0.062180 0.000000 -0.078317
vn -0.059845 0.000000 -0.080116
vn -0.057742 0.000000 -0.081644
vn -0.056015 0.000000 -0.082839
vn -0.045629 0.000000 -0.088983
vn -0.054826 0.000000 -0.083631
vn -0.054292 0.000000 -0.083979
vn -0.054308 0.000000 -0.083968
vn -0.054296 0.000000 -0.083976
vn -0.054292 0.000000 -0.083979
vn -0.088223 0.000000 -0.047082
vn -0.092403 0.000000 -0.038233
vn -0.092871 0.000000 -0.037081
vn -0.096467 0.000000 -0.026348
vn -0.096191 0.000000 -0.027336
vn -0.098234 0.000000 -0.018710
vn -0.098692 0.000000 -0.016120
vn -0.099364 0.000000 -0.011262
vn -0.099704 0.000000 -0.007683
vn -0.099860 0.000000 -0.005287
vn -0.099976 0.000000 -0.002177
vn -0.100000 0.000000 -0.000000
vn -0.100000 0.000000 0.000000
vn -0.044632 0.000000 -0.089488
vn -0.034609 0.000000 -0.093820
vn -0.035331 0.000000 -0.093551
vn -0.026419 0.000000 -0.096447
vn -0.024231 0.000000 -0.097020
vn -0.018519 0.000000 -0.098270
vn -0.015310 0.000000 -0.098821
vn -0.011580 0.000000 -0.099327
vn -0.007652 0.000000 -0.099707
vn -0.005693 0.000000 -0.099838
vn -0.002314 0.000000 -0.099973
vn -0.001740 0.000000 -0.099985
vn 0.000000 0.000000 -0.100000
vn 0.000000 0.000000 -0.100000
vn -0.058104 0.000000 -0.081388
vn -0.058104 0.000000 -0.081388
vn -0.058104 0.000000 -0.081388
vn -0.058104 0.000000 -0.081388
vn -0.100000 0.000000 0.000000
vn -0.100000 0.000000 0.000000
vn -0.100000 0.000000 0.000000
vn -0.100000 0.000000 0.000000
vn -0.058104 0.000000 0.081388
vn -0.058104 0.000000 0.081388
vn -0.058104 0.000000 0.081388
vn -0.058104 0.000000 0.081388
vn 0.100000 -0.000000 -0.000000
vn 0.100000 -0.000000 -0.000000
vn 0.100000 -0.000000 -0.000000
vn 0.100000 -0.000000 -0.000000
vn -0.000000 0.100000 -0.000000
vn -0.000000 0.100000 -0.000000
vn -0.000000 0.100000 -0.000000
vn -0.000000 0.100000 -0.000000
vn -0.000000 0.100000 -0.000000
vn -0.000000 0.100000 -0.000000
vn -0.000000 0.100000 -0.000000
vn -0.000000 0.100000 -0.000000
vn -0.000000 0.100000 -0.000000
vn -0.000000 0.100000 -0.000000
vn -0.000000 0.100000 -0.000000
vn -0.000000 0.100000 -0.000000
vn -0.000000 0.100000 -0.000000
vn -0.000000 0.100000 -0.000000
vn -0.000000 0.100000 -0.000000
vn -0.000000 0.100000 -0.000000
vn -0.000000 0.100000 -0.000000
vn -0.000000 0.100000 -0.000000
vn -0.000000 0.100000 -0.000000
vn -0.000000 0.100000 -0.000000
vn -0.000000 0.100000 -0.000000
vn -0.000000 0.100000 -0.000000
vn -0.000000 0.100000 -0.000000
vn -0.000000 0.100000 -0.000000
vn -0.000000 0.100000 -0.000000
vn -0.000000 0.100000 -0.000000
vn -0.000000 0.100000 -0.000000
vn -0.000000 0.100000 -0.000000
vn -0.000000 0.100000 -0.000000
vn -0.000000 0.100000 -0.000000
vn -0.000000 0.100000 -0.000000
vn -0.000000 0.100000 -0.000000
vn -0.000000 0.100000 -0.000000
vn -0.000000 0.100000 -0.000000
vn -0.000000 -0.000000 -0.100000
vn -0.000000 -0.000000 -0.100000
vn -0.000000 -0.000000 -0.100000
vn -0.000000 -0.000000 -0.100000
vn -0.000000 -0.000000 -0.100000
vn 0.100000 -0.000000 -0.000000
vn 0.100000 -0.000000 -0.000000
vn -0.080706 0.000000 -0.059047
vn -0.080706 0.000000 -0.059047
vn -0.073572 0.000000 -0.067728
vn -0.073572 0.000000 -0.067728
vn -0.066863 0.000000 -0.074359
vn -0.080706 0.000000 -0.059047
vn -0.066863 0.000000 -0.074359
vn -0.060778 0.000000 -0.079410
vn -0.060778 0.000000 -0.079410
vn -0.055361 0.000000 -0.083278
vn -0.055361 0.000000 -0.083278
vn -0.046351 0.000000 -0.088609
vn -0.046351 0.000000 -0.088609
vn -0.039275 0.000000 -0.091964
vn -0.039275 0.000000 -0.091964
vn -0.036271 0.000000 -0.093190
vn -0.036271 0.000000 -0.093190
vn -0.033526 0.000000 -0.094213
vn -0.033526 0.000000 -0.094213
vn -0.030961 0.000000 -0.095086
vn -0.030961 0.000000 -0.095086
vn -0.028476 0.000000 -0.095860
vn -0.028476 0.000000 -0.095860
vn -0.025909 0.000000 -0.096585
vn -0.025909 0.000000 -0.096585
vn -0.022887 0.000000 -0.097346
vn -0.022887 0.000000 -0.097346
vn -0.018115 0.000000 -0.098346
vn -0.018115 0.000000 -0.098346
vn 0.000000 0.000000 -0.100000
vn 0.000000 0.000000 -0.100000
vn 0.000000 -0.000000 -0.100000
vn 0.000000 -0.000000 -0.100000
vn 0.065030 -0.000000 -0.075968
vn 0.065030 -0.000000 -0.075968
vn 0.065030 -0.000000 -0.075968
vn 0.065030 -0.000000 -0.075968
vn 0.100000 -0.000000 -0.000000
vn 0.100000 -0.000000 -0.000000
vn 0.100000 -0.000000 -0.000000
vn 0.100000 -0.000000 -0.000000
vn 0.077038 -0.000000 0.063759
vn 0.077038 -0.000000 0.063759
vn 0.077038 -0.000000 0.063759
vn 0.077038 -0.000000 0.063759
vn 0.100000 -0.000000 -0.000000
vn 0.100000 -0.000000 -0.000000
vn 0.100000 -0.000000 -0.000000
vn 0.100000 -0.000000 -0.000000
vn 0.100000 -0.000000 -0.000000
vn 0.000000 -0.100000 0.000000
vn 0.000000 -0.100000 0.000000
vn 0.000000 -0.100000 0.000000
vn 0.000000 -0.100000 0.000000
vn 0.000000 -0.100000 0.000000
vn 0.000000 -0.100000 0.000000
vn 0.000000 -0.100000 0.000000
vn 0.000000 -0.100000 0.000000
vn 0.000000 -0.100000 0.000000
vn 0.000000 -0.100000 0.000000
vn 0.000000 -0.100000 0.000000
vn 0.000000 -0.100000 0.000000
vn 0.000000 -0.100000 0.000000
vn 0.000000 -0.100000 0.000000
vn 0.000000 -0.100000 0.000000
vn 0.000000 -0.100000 0.000000
vn 0.000000 -0.100000 0.000000
vn 0.000000 -0.100000 0.000000
vn 0.000000 -0.100000 0.000000
vn 0.000000 -0.100000 0.000000
vn 0.000000 -0.100000 0.000000
vn 0.000000 -0.100000 0.000000
vn 0.000000 -0.100000 0.000000
vn 0.000000 -0.100000 0.000000
vn 0.000000 -0.100000 0.000000
vn 0.000000 -0.100000 0.000000
vn 0.000000 -0.100000 0.000000
vn 0.000000 -0.100000 0.000000
vn 0.000000 -0.100000 0.000000
vn 0.000000 -0.100000 0.000000
vn 0.000000 -0.100000 0.000000
vn 0.000000 -0.100000 0.000000
vn 0.000000 -0.100000 0.000000
vn 0.057261 0.017920 0.080000
vn 0.054704 0.024648 0.080000
vn 0.056724 0.019554 0.080000
vn 0.053814 0.026534 0.080000
vn 0.051358 0.031021 0.080000
vn 0.050049 0.033093 0.080000
vn 0.047274 0.036948 0.080000
vn 0.045488 0.039125 0.080000
vn 0.042510 0.042343 0.080000
vn 0.040206 0.044537 0.080000
vn 0.037133 0.047129 0.080000
vn 0.034284 0.049240 0.080000
vn 0.031223 0.051236 0.080000
vn 0.027817 0.053162 0.080000
vn 0.024863 0.054606 0.080000
vn 0.020909 0.056239 0.080000
vn 0.018145 0.057191 0.080000
vn 0.013669 0.058422 0.080000
vn 0.011166 0.058952 0.080000
vn 0.006211 0.059678 0.080000
vn 0.004026 0.059865 0.080000
vn -0.001345 0.059985 0.080000
vn -0.003171 0.059916 0.080000
vn -0.008880 0.059339 0.080000
vn -0.010323 0.059105 0.080000
vn -0.016274 0.057751 0.080000
vn -0.017327 0.057444 0.080000
vn -0.023409 0.055245 0.080000
vn -0.024081 0.054956 0.080000
vn -0.030173 0.051861 0.080000
vn -0.030488 0.051677 0.080000
vn -0.036457 0.047654 0.080000
vn -0.036457 0.047654 0.080000
vn 0.095436 0.029867 -0.000000
vn 0.095436 0.029867 -0.000000
vn 0.091173 0.041080 -0.000000
vn 0.091173 0.041080 -0.000000
vn 0.085597 0.051702 -0.000000
vn 0.085597 0.051702 -0.000000
vn 0.078790 0.061580 -0.000000
vn 0.078790 0.061580 -0.000000
vn 0.070849 0.070572 -0.000000
vn 0.070849 0.070572 -0.000000
vn 0.061889 0.078548 -0.000000
vn 0.061889 0.078548 -0.000000
vn 0.052038 0.085394 -0.000000
vn 0.052038 0.085394 -0.000000
vn 0.041438 0.091010 -0.000000
vn 0.041438 0.091010 -0.000000
vn 0.030241 0.095318 -0.000000
vn 0.030241 0.095318 -0.000000
vn 0.018610 0.098253 -0.000000
vn 0.018610 0.098253 -0.000000
vn 0.006711 0.099775 -0.000000
vn 0.006711 0.099775 -0.000000
vn -0.005285 0.099860 -0.000000
vn -0.005285 0.099860 -0.000000
vn -0.017205 0.098509 -0.000000
vn -0.017205 0.098509 -0.000000
vn -0.028878 0.095740 -0.000000
vn -0.028878 0.095740 -0.000000
vn -0.040134 0.091593 -0.000000
vn -0.040134 0.091593 -0.000000
vn -0.050813 0.086128 -0.000000
vn -0.050813 0.086128 -0.000000
vn -0.060761 0.079423 -0.000000
vn -0.060761 0.079423 -0.000000
vn 0.057261 0.017920 -0.080000
vn 0.056724 0.019554 -0.080000
vn 0.054704 0.024648 -0.080000
vn 0.053814 0.026534 -0.080000
vn 0.051358 0.031021 -0.080000
vn 0.050049 0.033093 -0.080000
vn 0.047274 0.036948 -0.080000
vn 0.045488 0.039125 -0.080000
vn 0.042510 0.042343 -0.080000
vn 0.040206 0.044537 -0.080000
vn 0.037133 0.047129 -0.080000
vn 0.034284 0.049240 -0.080000
vn 0.031223 0.051236 -0.080000
vn 0.027817 0.053162 -0.080000
vn 0.024863 0.054606 -0.080000
vn 0.020909 0.056239 -0.080000
vn 0.018145 0.057191 -0.080000
vn 0.013669 0.058422 -0.080000
vn 0.011166 0.058952 -0.080000
vn 0.006211 0.059678 -0.080000
vn 0.004026 0.059865 -0.080000
vn -0.001345 0.059985 -0.080000
vn -0.003171 0.059916 -0.080000
vn -0.008880 0.059339 -0.080000
vn -0.010323 0.059105 -0.080000
vn -0.016274 0.057751 -0.080000
vn -0.017327 0.057444 -0.080000
vn -0.023409 0.055245 -0.080000
vn -0.024081 0.054956 -0.080000
vn -0.030173 0.051861 -0.080000
vn -0.030488 0.051677 -0.080000
vn -0.036457 0.047654 -0.080000
vn -0.036457 0.047654 -0.080000
vn -0.000000 -0.000000 -0.100000
vn -0.000000 -0.000000 -0.100000
vn -0.000000 -0.000000 -0.100000
vn -0.000000 -0.000000 -0.100000
vn -0.000000 -0.000000 -0.100000
vn -0.000000 -0.000000 -0.100000
vn -0.000000 -0.000000 -0.100000
vn -0.000000 -0.000000 -0.100000
vn -0.000000 -0.000000 -0.100000
vn -0.000000 -0.000000 -0.100000
vn -0.000000 -0.000000 -0.100000
vn -0.000000 -0.000000 -0.100000
vn -0.000000 -0.000000 -0.100000
vn -0.000000 -0.000000 -0.100000
vn -0.000000 -0.000000 -0.100000
vn -0.000000 -0.000000 -0.100000
vn -0.000000 -0.000000 -0.100000
vn -0.000000 -0.000000 -0.100000
vn -0.000000 -0.000000 -0.100000
vn -0.000000 -0.000000 -0.100000
vn -0.000000 -0.000000 -0.100000
vn -0.000000 -0.000000 -0.100000
vn -0.000000 -0.000000 -0.100000
vn -0.000000 -0.000000 -0.100000
vn -0.000000 -0.000000 -0.100000
vn -0.000000 -0.000000 -0.100000
vn -0.000000 -0.000000 -0.100000
vn 0.000000 0.100000 -0.000000
vn 0.000000 0.100000 -0.000000
vn 0.000000 0.100000 -0.000000
vn 0.000000 0.100000 -0.000000
vn 0.000000 0.100000 -0.000000
vn 0.000000 0.100000 -0.000000
vn 0.000000 0.100000 -0.000000
vn 0.000000 0.100000 -0.000000
vn 0.000000 0.100000 -0.000000
vn 0.000000 0.100000 -0.000000
vn 0.000000 0.100000 -0.000000
vn 0.000000 0.100000 -0.000000
vn 0.000000 0.100000 -0.000000
vn 0.000000 0.100000 -0.000000
vn 0.000000 0.100000 -0.000000
vn 0.000000 0.100000 -0.000000
vn 0.000000 0.100000 -0.000000
vn 0.000000 0.100000 -0.000000
vn 0.000000 0.100000 -0.000000
vn 0.000000 0.100000 -0.000000
vn 0.000000 0.100000 -0.000000
vn 0.000000 0.100000 -0.000000
vn 0.000000 0.100000 -0.000000
vn 0.000000 0.100000 -0.000000
vn 0.000000 0.100000 -0.000000
vn 0.000000 0.100000 -0.000000
vn 0.000000 0.100000 -0.000000
vn 0.000000 0.100000 -0.000000
vn 0.000000 0.100000 -0.000000
vn 0.000000 0.100000 -0.000000
vn 0.000000 0.100000 -0.000000
vn 0.000000 0.100000 -0.000000
vn 0.000000 0.100000 -0.000000
vn 0.000000 0.100000 -0.000000
vn 0.000000 0.100000 -0.000000
vn 0.000000 0.100000 -0.000000
vn 0.000000 0.100000 -0.000000
vn 0.000000 0.100000 -0.000000
vn 0.000000 0.100000 -0.000000
vn 0.000000 0.100000 -0.000000
vn 0.000000 0.100000 -0.000000
vn 0.000000 0.100000 -0.000000
vn 0.000000 0.100000 -0.000000
vn 0.000000 0.100000 -0.000000
vn 0.000000 0.100000 -0.000000
vn 0.000000 0.100000 -0.000000
vn 0.000000 0.100000 -0.000000
vn 0.000000 0.100000 -0.000000
vn 0.000000 0.100000 -0.000000
vn 0.000000 0.100000 -0.000000
vn 0.000000 0.100000 -0.000000
vn 0.000000 0.100000 -0.000000
vn 0.000000 0.100000 -0.000000
vn 0.000000 0.100000 -0.000000
vn 0.000000 0.100000 -0.000000
vn 0.000000 0.100000 -0.000000
vn 0.000000 0.100000 -0.000000
vn 0.000000 0.100000 -0.000000
vn 0.000000 0.100000 -0.000000
vn 0.096230 0.000000 0.027200
vn 0.094039 0.000000 0.034011
vn 0.096230 0.000000 0.027200
vn 0.094039 0.000000 0.034011
vn 0.090565 0.000000 0.042402
vn 0.090565 0.000000 0.042402
vn 0.085490 0.000000 0.051880
vn 0.085490 0.000000 0.051880
vn 0.078557 0.000000 0.061877
vn 0.078557 0.000000 0.061877
vn 0.072086 0.000000 0.069308
vn 0.072086 0.000000 0.069308
vn 0.065074 0.000000 0.075930
vn 0.065074 0.000000 0.075930
vn 0.057710 0.000000 0.081667
vn 0.057710 0.000000 0.081667
vn 0.050173 0.000000 0.086502
vn 0.050173 0.000000 0.086502
vn 0.041803 0.000000 0.090843
vn 0.041803 0.000000 0.090843
vn 0.033747 0.000000 0.094134
vn 0.033747 0.000000 0.094134
vn 0.026166 0.000000 0.096516
vn 0.026166 0.000000 0.096516
vn 0.019146 0.000000 0.098150
vn 0.019146 0.000000 0.098150
vn 0.011559 0.000000 0.099330
vn 0.011559 0.000000 0.099330
vn 0.005627 0.000000 0.099842
vn 0.005627 0.000000 0.099842
vn 0.001583 0.000000 0.099987
vn 0.001583 0.000000 0.099987
vn 0.000000 0.000000 0.100000
vn 0.000000 0.000000 0.100000
vn -0.059655 0.000000 0.080257
vn -0.059655 0.000000 0.080257
vn -0.059655 0.000000 0.080257
vn -0.059655 0.000000 0.080257
vn -0.059589 0.000000 -0.080307
vn -0.059589 0.000000 -0.080307
vn -0.059589 0.000000 -0.080307
vn -0.059589 0.000000 -0.080307
vn -0.000000 -0.000000 -0.100000
vn -0.000000 -0.000000 -0.100000
vn -0.000000 -0.000000 -0.100000
vn -0.000000 -0.000000 -0.100000
vn -0.000000 -0.000000 -0.100000
vn -0.000000 -0.000000 -0.100000
vn -0.059596 0.000000 -0.080301
vn -0.059661 0.000000 -0.080253
vn -0.059596 0.000000 -0.080301
vn -0.059661 0.000000 -0.080253
vn -0.100000 0.000000 0.000000
vn -0.100000 0.000000 0.000000
vn -0.100000 0.000000 0.000000
vn -0.100000 0.000000 0.000000
vn -0.059652 0.000000 0.080260
vn -0.059584 0.000000 0.080310
vn -0.059652 0.000000 0.080260
vn -0.059584 0.000000 0.080310
vn -0.000000 0.000000 0.100000
vn -0.000000 0.000000 0.100000
vn 0.096230 0.000000 0.027199
vn 0.098618 0.000000 0.016566
vn 0.096230 0.000000 0.027199
vn 0.098618 0.000000 0.016566
vn 0.099653 0.000000 0.008321
vn 0.099653 0.000000 0.008321
vn 0.099962 0.000000 0.002747
vn 0.099962 0.000000 0.002747
vn 0.100000 0.000000 0.000143
vn 0.100000 0.000000 0.000143
vn 0.100000 -0.000000 0.000139
vn 0.100000 -0.000000 0.000139
vn 0.099950 -0.000000 0.003147
vn 0.099950 -0.000000 0.003155
vn 0.099581 -0.000000 0.009141
vn 0.099563 -0.000000 0.009342
vn 0.098471 -0.000000 0.017423
vn 0.098369 -0.000000 0.017989
vn 0.096141 -0.000000 0.027512
vn 0.095852 -0.000000 0.028502
vn 0.092131 -0.000000 0.038882
vn 0.091556 -0.000000 0.040218
vn 0.086121 -0.000000 0.050825
vn 0.085211 -0.000000 0.052337
vn 0.078106 -0.000000 0.062446
vn 0.076855 -0.000000 0.063979
vn 0.072032 -0.000000 0.069364
vn 0.068439 -0.000000 0.072911
vn 0.066873 -0.000000 0.074351
vn 0.057768 -0.000000 0.081626
vn 0.055898 -0.000000 0.082918
vn 0.046829 -0.000000 0.088358
vn 0.044644 -0.000000 0.089481
vn 0.036196 -0.000000 0.093219
vn 0.033746 -0.000000 0.094134
vn 0.026271 -0.000000 0.096488
vn 0.023691 -0.000000 0.097153
vn 0.017289 -0.000000 0.098494
vn 0.014841 -0.000000 0.098893
vn 0.009447 -0.000000 0.099553
vn 0.007526 -0.000000 0.099716
vn 0.003159 -0.000000 0.099950
vn 0.002228 -0.000000 0.099975
vn 0.000000 0.000000 0.100000
vn 0.000000 0.000000 0.100000
vn 0.000000 0.000000 0.100000
vn 0.000000 0.000000 0.100000
vn 0.000000 0.000000 0.100000
vn 0.000000 0.000000 0.100000
vn 0.000000 0.000000 0.100000
vn 0.000000 0.000000 0.100000
vn 0.000000 0.000000 0.100000
vn 0.000000 0.000000 0.100000
vn 0.000000 0.000000 0.100000
vn 0.000000 0.000000 0.100000
vn 0.000000 0.000000 0.100000
vn 0.000000 0.000000 0.100000
vn 0.000000 0.000000 0.100000
vn 0.000000 0.000000 0.100000
vn 0.000000 0.000000 0.100000
vn 0.000000 0.000000 0.100000
vn 0.000000 0.000000 0.100000
vn 0.000000 0.000000 0.100000
vn 0.000000 0.000000 0.100000
vn 0.000000 0.000000 0.100000
vn 0.000000 0.000000 0.100000
vn 0.000000 0.000000 0.100000
vn 0.000000 0.000000 0.100000
vn 0.000000 0.000000 0.100000
vn 0.000000 0.000000 0.100000
vn 0.000000 0.000000 0.100000
vn 0.000000 0.000000 0.100000
vn 0.000000 0.000000 0.100000
vn 0.000000 0.000000 0.100000
vn 0.000000 0.000000 0.100000
vn 0.000000 0.000000 0.100000
vn 0.000000 0.000000 0.100000
vn 0.000000 0.000000 0.100000
vn 0.000000 0.000000 0.100000
vn 0.000000 0.000000 0.100000
vn 0.000000 0.000000 0.100000
vn 0.000000 0.000000 0.100000
vn 0.000000 0.000000 0.100000
vn 0.000000 0.000000 0.100000
vn 0.000000 0.000000 0.100000
vn 0.000000 0.000000 0.100000
vn 0.000000 0.000000 0.100000
vn 0.000000 0.000000 0.100000
vn 0.000000 0.000000 0.100000
vn 0.000000 0.000000 0.100000
vn 0.000000 0.000000 0.100000
vn 0.000000 0.000000 0.100000
vn 0.000000 0.000000 0.100000
vn 0.000000 0.000000 0.100000
vn 0.000000 0.000000 0.100000
vn 0.000000 0.000000 0.100000
vn -0.031614 0.000754 0.094868
vn -0.031509 0.003832 0.094829
vn -0.059565 0.007214 0.080000
vn -0.059997 -0.000583 0.080000
vn -0.031537 -0.002334 0.094868
vn -0.031158 -0.005400 0.094868
vn -0.030479 -0.008428 0.094868
vn -0.029516 -0.011349 0.094868
vn -0.057823 -0.016016 0.080000
vn -0.055253 -0.023390 0.080000
vn -0.059413 -0.008370 0.080000
vn -0.028268 -0.014174 0.094868
vn -0.051747 -0.030368 0.080000
vn -0.026750 -0.016865 0.094868
vn -0.047365 -0.036831 0.080000
vn -0.024970 -0.019403 0.094868
vn -0.022966 -0.021739 0.094868
vn -0.020735 -0.023876 0.094868
vn -0.018307 -0.025785 0.094868
vn -0.015696 -0.027452 0.094868
vn -0.012950 -0.028849 0.094868
vn -0.029768 -0.052095 0.080000
vn -0.022750 -0.055520 0.080000
vn -0.042180 -0.042671 0.080000
vn -0.036281 -0.047788 0.080000
vn -0.010074 -0.029975 0.094868
vn -0.015346 -0.058004 0.080000
vn -0.007101 -0.030815 0.094868
vn -0.007683 -0.059506 0.080000
vn -0.004055 -0.031362 0.094868
vn -0.000981 -0.031608 0.094868
vn 0.002108 -0.031552 0.094868
vn 0.005176 -0.031196 0.094868
vn 0.008198 -0.030542 0.094868
vn 0.011136 -0.029597 0.094868
vn 0.015560 -0.057947 0.080000
vn 0.022954 -0.055436 0.080000
vn 0.000110 -0.060000 0.080000
vn 0.007902 -0.059477 0.080000
vn 0.013971 -0.028369 0.094868
vn 0.029959 -0.051985 0.080000
vn 0.016672 -0.026871 0.094868
vn 0.025274 -0.033037 0.090938
vn 0.012934 -0.016906 0.097708
vn 0.036457 -0.047654 0.080000
vn 0.000000 -0.000000 0.100000
vn -0.059644 0.006528 0.080000
vn -0.059994 -0.000825 0.080000
vn -0.059442 -0.008167 0.080000
vn -0.057994 -0.015386 0.080000
vn -0.055673 -0.022373 0.080000
vn -0.052514 -0.029023 0.080000
vn -0.048564 -0.035236 0.080000
vn -0.043883 -0.040918 0.080000
vn -0.038541 -0.045985 0.080000
vn -0.032619 -0.050359 0.080000
vn -0.026206 -0.053975 0.080000
vn -0.019398 -0.056778 0.080000
vn -0.012298 -0.058726 0.080000
vn -0.005013 -0.059790 0.080000
vn 0.002348 -0.059954 0.080000
vn 0.009673 -0.059215 0.080000
vn 0.016852 -0.057585 0.080000
vn 0.023778 -0.055087 0.080000
vn 0.030346 -0.051760 0.080000
vn 0.036457 -0.047654 0.080000
vn -0.088960 0.009700 0.044633
vn -0.089434 -0.001254 0.044721
vn -0.088607 -0.012197 0.044721
vn -0.086447 -0.022956 0.044721
vn -0.082985 -0.033370 0.044721
vn -0.078274 -0.043281 0.044721
vn -0.072384 -0.052540 0.044721
vn -0.065406 -0.061009 0.044721
vn -0.057442 -0.068559 0.044721
vn -0.048614 -0.075078 0.044721
vn -0.039054 -0.080466 0.044721
vn -0.028906 -0.084643 0.044721
vn -0.018323 -0.087546 0.044721
vn -0.007465 -0.089131 0.044721
vn 0.003506 -0.089374 0.044721
vn 0.014425 -0.088272 0.044721
vn 0.025126 -0.085841 0.044721
vn 0.035449 -0.082118 0.044721
vn 0.045238 -0.077159 0.044721
vn 0.049516 -0.064724 0.057957
vn 0.057882 -0.075659 0.030420
vn 0.050579 -0.086266 -0.000000
vn 0.060761 -0.079423 -0.000000
vn -0.099412 0.010825 0.000000
vn -0.099990 -0.001429 -0.000000
vn -0.099062 -0.013662 -0.000000
vn -0.096644 -0.025689 -0.000000
vn -0.092771 -0.037329 -0.000000
vn -0.087503 -0.048407 -0.000000
vn -0.080917 -0.058757 -0.000000
vn -0.073114 -0.068223 -0.000000
vn -0.064210 -0.076662 -0.000000
vn -0.054340 -0.083948 -0.000000
vn -0.043652 -0.089970 -0.000000
vn -0.032307 -0.094637 -0.000000
vn -0.020476 -0.097881 -0.000000
vn -0.008337 -0.099652 -0.000000
vn 0.003928 -0.099923 -0.000000
vn 0.016133 -0.098690 -0.000000
vn 0.028096 -0.095972 -0.000000
vn 0.039636 -0.091810 -0.000000
vn -0.099412 0.010825 -0.000000
vn -0.099990 -0.001429 0.000000
vn -0.099062 -0.013662 0.000000
vn -0.096644 -0.025689 0.000000
vn -0.092771 -0.037329 0.000000
vn -0.087503 -0.048407 0.000000
vn -0.080917 -0.058757 0.000000
vn -0.073114 -0.068223 0.000000
vn -0.064210 -0.076662 0.000000
vn -0.054340 -0.083948 0.000000
vn -0.043652 -0.089970 0.000000
vn -0.032307 -0.094637 0.000000
vn -0.020476 -0.097881 0.000000
vn -0.008337 -0.099652 0.000000
vn 0.003928 -0.099923 0.000000
vn 0.016133 -0.098690 0.000000
vn 0.028096 -0.095972 0.000000
vn 0.039636 -0.091810 0.000000
vn 0.050579 -0.086266 0.000000
vn 0.060761 -0.079423 0.000000
vn -0.059997 -0.000583 -0.080000
vn -0.059565 0.007214 -0.080000
vn -0.031614 0.000754 -0.094868
vn -0.031509 0.003832 -0.094829
vn -0.000000 0.000000 -0.100000
vn 0.000000 0.000000 -0.100000
vn -0.031537 -0.002334 -0.094868
vn -0.059413 -0.008370 -0.080000
vn -0.031158 -0.005400 -0.094868
vn -0.057823 -0.016016 -0.080000
vn -0.030479 -0.008428 -0.094868
vn -0.029516 -0.011349 -0.094868
vn 0.000000 0.000000 -0.100000
vn 0.000000 0.000000 -0.100000
vn 0.000000 0.000000 -0.100000
vn -0.028268 -0.014174 -0.094868
vn 0.000000 0.000000 -0.100000
vn -0.026750 -0.016865 -0.094868
vn 0.000000 0.000000 -0.100000
vn -0.024970 -0.019403 -0.094868
vn -0.022966 -0.021739 -0.094868
vn -0.047365 -0.036831 -0.080000
vn -0.042180 -0.042671 -0.080000
vn -0.020735 -0.023876 -0.094868
vn -0.036281 -0.047788 -0.080000
vn -0.018307 -0.025785 -0.094868
vn -0.029768 -0.052095 -0.080000
vn -0.015696 -0.027452 -0.094868
vn -0.012950 -0.028849 -0.094868
vn 0.000000 0.000000 -0.100000
vn 0.000000 0.000000 -0.100000
vn 0.000000 0.000000 -0.100000
vn 0.000000 0.000000 -0.100000
vn -0.010074 -0.029975 -0.094868
vn 0.000000 0.000000 -0.100000
vn -0.007101 -0.030815 -0.094868
vn 0.000000 0.000000 -0.100000
vn -0.004055 -0.031362 -0.094868
vn -0.000981 -0.031608 -0.094868
vn -0.007683 -0.059506 -0.080000
vn 0.000110 -0.060000 -0.080000
vn 0.002108 -0.031552 -0.094868
vn 0.007902 -0.059477 -0.080000
vn 0.005176 -0.031196 -0.094868
vn 0.015560 -0.057947 -0.080000
vn 0.008198 -0.030542 -0.094868
vn 0.011136 -0.029597 -0.094868
vn -0.000000 0.000000 -0.100000
vn -0.000000 0.000000 -0.100000
vn -0.000000 0.000000 -0.100000
vn -0.000000 0.000000 -0.100000
vn 0.013971 -0.028369 -0.094868
vn -0.000000 0.000000 -0.100000
vn 0.016672 -0.026871 -0.094868
vn 0.012934 -0.016906 -0.097708
vn 0.025274 -0.033037 -0.090938
vn 0.000000 -0.000000 -0.100000
vn 0.036457 -0.047654 -0.080000
vn 0.029959 -0.051985 -0.080000
vn 0.022954 -0.055436 -0.080000
vn -0.015346 -0.058004 -0.080000
vn -0.022750 -0.055520 -0.080000
vn -0.051747 -0.030368 -0.080000
vn -0.055253 -0.023390 -0.080000
vn -0.089434 -0.001254 -0.044721
vn -0.088960 0.009700 -0.044633
vn -0.059994 -0.000825 -0.080000
vn -0.059644 0.006528 -0.080000
vn -0.059442 -0.008167 -0.080000
vn -0.088607 -0.012197 -0.044721
vn -0.086447 -0.022956 -0.044721
vn -0.082985 -0.033370 -0.044721
vn -0.078274 -0.043281 -0.044721
vn -0.072384 -0.052540 -0.044721
vn -0.065406 -0.061009 -0.044721
vn -0.057442 -0.068559 -0.044721
vn -0.048614 -0.075078 -0.044721
vn -0.039054 -0.080466 -0.044721
vn -0.028906 -0.084643 -0.044721
vn -0.018323 -0.087546 -0.044721
vn -0.007465 -0.089131 -0.044721
vn 0.003506 -0.089374 -0.044721
vn 0.014425 -0.088272 -0.044721
vn 0.025126 -0.085841 -0.044721
vn 0.035449 -0.082118 -0.044721
vn 0.045238 -0.077159 -0.044721
vn 0.057882 -0.075659 -0.030420
vn 0.060761 -0.079423 -0.000000
vn -0.057994 -0.015386 -0.080000
vn -0.055673 -0.022373 -0.080000
vn -0.052514 -0.029023 -0.080000
vn -0.048564 -0.035236 -0.080000
vn -0.043883 -0.040918 -0.080000
vn -0.038541 -0.045985 -0.080000
vn -0.032619 -0.050359 -0.080000
vn -0.026206 -0.053975 -0.080000
vn -0.019398 -0.056778 -0.080000
vn -0.012298 -0.058726 -0.080000
vn -0.005013 -0.059790 -0.080000
vn 0.002348 -0.059954 -0.080000
vn 0.009673 -0.059215 -0.080000
vn 0.016852 -0.057585 -0.080000
vn 0.023778 -0.055087 -0.080000
vn 0.030346 -0.051760 -0.080000
vn 0.036457 -0.047654 -0.080000
vn 0.049516 -0.064724 -0.057957
vn 0.000110 -0.060000 -0.080000
vn 0.036457 -0.047654 -0.080000
vn 0.010234 -0.059121 -0.080000
vn 0.010026 -0.059156 -0.080000
vn 0.010658 -0.059046 -0.080000
vn 0.010228 -0.059122 -0.080000
vn 0.010658 -0.059046 -0.080000
vn 0.009816 -0.059191 -0.080000
vn 0.009355 -0.059264 -0.080001
vn 0.009793 -0.059195 -0.080000
vn 0.009403 -0.059257 -0.080001
vn 0.037330 -0.046915 -0.080034
vn 0.035110 -0.048631 -0.080014
vn 0.035143 -0.048607 -0.080014
vn 0.032349 -0.050532 -0.080000
vn 0.036337 -0.047698 -0.080028
vn 0.029329 -0.052338 -0.080003
vn 0.028605 -0.052735 -0.080005
vn 0.024411 -0.054798 -0.080008
vn 0.024136 -0.054920 -0.080008
vn 0.019549 -0.056733 -0.079995
vn 0.019621 -0.056708 -0.079995
vn 0.015177 -0.058057 -0.079994
vn 0.017955 -0.057261 -0.079993
vn 0.031171 -0.051267 -0.080001
vn 0.025929 -0.054095 -0.080008
vn 0.060779 -0.079410 0.000000
vn 0.054881 -0.083595 0.000000
vn 0.048910 -0.087223 0.000000
vn 0.043358 -0.090111 0.000000
vn 0.041063 -0.091180 0.000000
vn 0.032453 -0.094588 0.000000
vn 0.029709 -0.095485 0.000000
vn 0.017779 -0.098407 0.000000
vn 0.018015 -0.098364 0.000000
vn 0.017078 -0.098531 0.000000
vn 0.016386 -0.098648 0.000000
vn 0.015703 -0.098759 0.000000
vn 0.008580 -0.099631 0.000000
vn 0.004395 -0.099903 0.000000
vn 0.000000 -0.100000 0.000000
vn 0.000000 -0.100000 0.000000
vn -0.004722 -0.095109 -0.030529
vn 0.000000 -0.100000 0.000000
vn -0.006442 -0.090782 -0.041438
vn -0.004769 -0.095109 -0.030521
vn -0.008884 -0.081779 -0.056861
vn -0.012230 -0.060001 -0.079059
vn -0.012350 -0.060001 -0.079040
vn -0.008798 -0.081779 -0.056875
vn -0.004769 -0.095109 -0.030521
vn 0.000000 -0.100000 0.000000
vn -0.006931 -0.090782 -0.041359
vn -0.000000 -0.100000 -0.000001
vn -0.005442 -0.095109 -0.030409
vn -0.000000 -0.100000 -0.000000
vn -0.008884 -0.081779 -0.056861
vn -0.012914 -0.060001 -0.078950
vn -0.013496 -0.060000 -0.078853
vn -0.012350 -0.060001 -0.079040
vn -0.014094 -0.060000 -0.078749
vn -0.010139 -0.081779 -0.056652
vn -0.000000 -0.095261 0.030420
vn -0.000000 -0.089443 0.044721
vn -0.000000 -0.100000 0.000000
vn -0.000000 -0.089443 0.044721
vn -0.000000 -0.089443 0.044721
vn -0.000000 -0.081492 0.057957
vn -0.000000 -0.089443 0.044721
vn -0.000000 -0.060000 0.080000
vn -0.000000 -0.089443 0.044721
vn -0.000000 -0.089443 0.044721
vn -0.000000 -0.095261 0.030420
vn -0.000000 -0.060000 0.080000
vn -0.000000 -0.081492 0.057957
vn -0.000000 -0.089443 0.044721
vn -0.000000 -0.089443 0.044721
vn -0.000000 -0.089443 0.044721
vn 0.008498 -0.099638 -0.000017
vn 0.002889 -0.090740 0.041926
vn 0.000000 -0.095109 0.030892
vn 0.000000 -0.081779 0.057552
vn 0.000000 -0.060000 0.080000
vn 0.005197 -0.059764 0.080008
vn 0.010055 -0.090230 0.041921
vn 0.010807 -0.059002 0.080013
vn 0.016329 -0.089307 0.041925
vn 0.023663 -0.087647 0.041929
vn 0.017959 -0.098374 -0.000023
vn 0.029803 -0.095456 -0.000023
vn 0.031911 -0.084995 0.041924
vn 0.043172 -0.090201 -0.000019
vn 0.040485 -0.081266 0.041913
vn 0.048363 -0.076833 0.041925
vn 0.032861 -0.050187 0.080009
vn 0.054065 -0.072939 0.041916
vn 0.049690 -0.064952 0.057552
vn 0.017744 -0.057294 0.080016
vn 0.025654 -0.054237 0.080001
vn 0.057789 -0.075539 0.030892
vn 0.055116 -0.083440 -0.000015
vn 0.057789 -0.075539 -0.030892
vn 0.060700 -0.079470 0.000014
vn 0.055971 -0.071461 -0.041959
vn 0.054018 -0.072955 -0.041947
vn 0.036387 -0.047646 -0.080037
vn 0.048730 -0.076602 -0.041923
vn 0.029418 -0.052271 -0.080014
vn 0.041717 -0.080631 -0.041933
vn 0.024431 -0.054774 -0.080018
vn 0.033635 -0.084328 -0.041923
vn 0.019503 -0.056739 -0.080002
vn 0.026019 -0.086987 -0.041909
vn 0.014527 -0.080478 -0.057552
vn 0.049690 -0.064952 -0.057552
vn 0.016895 -0.093596 -0.030892
vn 0.017763 -0.098410 0.000000
vn 0.032508 -0.094569 0.000012
vn 0.040737 -0.091326 0.000015
vn 0.049042 -0.087149 0.000015
vn 0.017054 -0.098535 0.000000
vn 0.015170 -0.089506 -0.041936
vn 0.016356 -0.098653 -0.000001
vn 0.014884 -0.093937 -0.030893
vn 0.015668 -0.098765 -0.000000
vn 0.010228 -0.059123 -0.079999
vn 0.009793 -0.059195 -0.080000
vn 0.009355 -0.059264 -0.080001
vn 0.012781 -0.080773 -0.057553
vn 0.015668 -0.098765 0.000000
vn 0.014884 -0.093937 -0.030893
vn 0.004427 -0.099902 -0.000127
vn 0.012781 -0.080773 -0.057553
vn 0.002249 -0.090738 -0.041971
vn -0.000371 -0.060071 -0.079946
vn -0.012230 -0.060001 -0.079059
vn -0.008798 -0.081779 -0.056875
vn -0.004722 -0.095109 -0.030529
vn -0.000000 -0.060000 0.080000
vn 0.000797 -0.059983 0.080009
vn 0.001629 -0.059963 0.080011
vn 0.003879 -0.059863 0.080008
vn 0.005687 -0.059725 0.080004
vn 0.008950 -0.059326 0.080002
vn 0.011271 -0.058928 0.080002
vn 0.015811 -0.057877 0.080002
vn 0.017952 -0.057250 0.080001
vn 0.019710 -0.056669 0.080001
vn 0.025407 -0.054353 0.080002
vn 0.023781 -0.055083 0.080002
vn 0.030698 -0.051553 0.079999
vn 0.025674 -0.054227 0.080002
vn 0.032812 -0.050231 0.080001
vn 0.035454 -0.048399 0.080003
vn 0.037482 -0.046849 0.080002
vn 0.036854 -0.047346 0.080001
vn 0.032220 -0.050614 0.080001
vn 0.017754 -0.057312 0.080001
vn 0.010848 -0.059008 0.080003
vn 0.005272 -0.059762 0.080005
vn -0.000000 -0.060000 0.080000
vn -0.000000 -0.060000 0.080000
vn -0.012893 -0.060000 -0.078954
vn -0.013216 -0.060000 -0.078901
vn -0.012312 -0.060001 -0.079046
vn -0.012914 -0.060000 -0.078951
vn -0.012350 -0.060001 -0.079040
vn -0.013487 -0.060000 -0.078855
vn -0.013496 -0.060000 -0.078853
vn -0.014094 -0.060000 -0.078749
vn 0.009356 -0.059264 -0.080001
vn 0.004726 -0.059798 -0.080012
vn -0.000376 -0.060046 -0.079964
vn -0.000317 -0.060041 -0.079969
vn -0.005981 -0.060058 -0.079733
vn -0.005206 -0.060059 -0.079786
vn -0.012312 -0.060001 -0.079046
vn 0.005165 -0.059761 -0.080013
vn 0.000416 -0.060019 -0.079985
vn -0.012350 -0.060001 -0.079040
vn -0.012232 -0.060001 -0.079059
vn 0.000000 -0.000000 -0.100000
vn 0.003345 -0.021184 -0.097673
vn 0.000000 0.000000 -0.100000
vn 0.004775 -0.030164 -0.095222
vn 0.003361 -0.021182 -0.097673
vn 0.006495 -0.040933 -0.091007
vn 0.009358 -0.059264 -0.080001
vn 0.009403 -0.059257 -0.080001
vn 0.006464 -0.040937 -0.091007
vn 0.000000 -0.000000 0.100000
vn 0.013032 -0.017034 0.097673
vn 0.018848 -0.024028 0.095223
vn 0.016737 -0.025547 0.095222
vn 0.036907 -0.047293 0.080008
vn 0.032298 -0.050553 0.080007
vn 0.025183 -0.032918 0.091007
vn 0.036457 -0.047654 0.080000
vn 0.013380 -0.027468 0.095218
vn 0.025255 -0.054444 0.079987
vn 0.009912 -0.028914 0.095214
vn 0.018110 -0.057222 0.079986
vn 0.006506 -0.029835 0.095224
vn 0.011223 -0.058922 0.080014
vn 0.003602 -0.030328 0.095222
vn 0.005644 -0.059735 0.079999
vn 0.001419 -0.030529 0.095215
vn 0.001630 -0.059999 0.079985
vn 0.000143 -0.030551 0.095219
vn -0.000000 -0.041446 0.091007
vn -0.000000 -0.021447 0.097673
vn -0.000000 -0.060000 0.080000
vn 0.003361 -0.021182 -0.097673
vn -0.000000 0.000000 -0.100000
vn 0.005106 -0.030111 -0.095222
vn 0.000000 -0.000001 -0.100000
vn 0.003810 -0.021106 -0.097673
vn 0.000000 -0.000000 -0.100000
vn 0.006495 -0.040933 -0.091007
vn 0.009816 -0.059191 -0.080001
vn 0.010234 -0.059121 -0.080000
vn 0.009403 -0.059257 -0.080001
vn 0.010658 -0.059046 -0.080000
vn 0.007362 -0.040787 -0.091007
vn 0.000000 0.000000 -0.100000
vn 0.008372 -0.029926 -0.095049
vn 0.000000 0.000000 -0.100000
vn 0.011461 -0.028875 -0.095052
vn 0.000000 0.000000 -0.100000
vn 0.014693 -0.027369 -0.095053
vn -0.000000 -0.000000 -0.100000
vn -0.000000 -0.000000 -0.100000
vn 0.017400 -0.025725 -0.095055
vn -0.000000 -0.000000 -0.100000
vn 0.013032 -0.017034 -0.097673
vn -0.000000 -0.000000 -0.100000
vn 0.007362 -0.040787 -0.091007
vn 0.017971 -0.057288 -0.079969
vn 0.026066 -0.054130 -0.079941
vn 0.031067 -0.051239 -0.080059
vn 0.035260 -0.048622 -0.079954
vn 0.025183 -0.032918 -0.091007
vn -0.000000 -0.021286 0.097708
vn -0.000000 -0.031623 0.094868
vn -0.000000 -0.031623 0.094868
vn -0.000000 -0.031623 0.094868
vn -0.000000 -0.041596 0.090938
vn -0.000000 -0.031623 0.094868
vn -0.000000 -0.031623 0.094868
vn -0.000000 -0.031623 0.094868
vn -0.000000 -0.031623 0.094868
vn -0.000000 -0.031623 0.094868
vn -0.000000 -0.031623 0.094868
vn -0.000000 -0.031623 0.094868
vn -0.000000 -0.021286 0.097708
vn -0.000000 -0.031623 0.094868
vn -0.000000 -0.031623 0.094868
vn -0.000000 -0.031623 0.094868
vn -0.000000 -0.031623 0.094868
vn -0.000000 -0.041596 0.090938
vn -0.017617 -0.000000 -0.098436
vn -0.017207 -0.021447 -0.096145
vn -0.016863 0.000000 -0.098568
vn -0.015731 -0.030541 -0.093914
vn -0.016134 -0.000001 -0.098690
vn -0.015059 -0.021448 -0.096505
vn -0.015429 0.000000 -0.098803
vn -0.016033 -0.041446 -0.089583
vn -0.013487 -0.059999 -0.078856
vn -0.012893 -0.060000 -0.078954
vn -0.014094 -0.060000 -0.078749
vn -0.012312 -0.060001 -0.079046
vn -0.014020 -0.041447 -0.089920
vn -0.015429 -0.000000 -0.098803
vn -0.007865 -0.000026 -0.099690
vn -0.014020 -0.041447 -0.089920
vn -0.004202 -0.030579 -0.095117
vn -0.005312 -0.060046 -0.079789
vn 0.000479 -0.059969 -0.080021
vn -0.001037 -0.030520 -0.095223
vn 0.005235 -0.059723 -0.080036
vn 0.003430 -0.030319 -0.095231
vn 0.006464 -0.040937 -0.091007
vn 0.003345 -0.021184 -0.097673
vn 0.009358 -0.059264 -0.080001
vn 0.000000 0.000000 -0.100000
vn -0.000792 0.000004 -0.099997
vn -0.003116 0.000001 -0.099951
vn 0.000415 0.060047 0.079964
vn -0.004728 0.059797 0.080012
vn -0.009360 0.059264 0.080001
vn -0.009279 0.059276 0.080002
vn -0.009401 0.059257 0.080001
vn 0.012045 0.060002 0.079087
vn 0.005999 0.060057 0.079732
vn 0.000310 0.060040 0.079969
vn 0.000139 0.060032 0.079976
vn 0.012120 0.060001 0.079076
vn 0.012196 0.060001 0.079064
vn 0.012271 0.060001 0.079053
vn 0.012347 0.060001 0.079041
vn 0.012314 0.060001 0.079046
vn 0.012895 0.060000 0.078954
vn 0.012314 0.060001 0.079046
vn 0.013215 0.060000 0.078901
vn 0.012347 0.060001 0.079041
vn 0.012770 0.060000 0.078974
vn 0.013202 0.060000 0.078903
vn 0.013644 0.060000 0.078828
vn 0.014094 0.060000 0.078749
vn 0.014094 0.060000 0.078749
vn 0.013488 0.060000 0.078855
vn 0.026664 0.060004 0.075422
vn 0.014094 0.060000 0.078749
vn 0.021393 0.060009 0.077080
vn 0.014094 0.060000 0.078749
vn 0.026916 0.060004 0.075333
vn 0.030679 0.059999 0.073884
vn 0.035196 0.059999 0.071843
vn 0.041862 0.060003 0.068171
vn 0.044630 0.060003 0.066391
vn 0.053869 0.059996 0.059149
vn 0.054313 0.059996 0.058742
vn 0.063136 0.059998 0.049134
vn 0.064588 0.059996 0.047210
vn 0.069809 0.060001 0.039072
vn 0.072021 0.060000 0.034827
vn 0.074395 0.059989 0.029440
vn 0.076374 0.059971 0.023886
vn 0.078540 0.059998 0.015224
vn 0.078446 0.059993 0.015718
vn 0.079568 0.060033 0.008063
vn 0.079624 0.060032 0.007502
vn 0.079949 0.059984 0.003177
vn 0.080011 0.059960 0.001730
vn 0.080000 0.060000 -0.000000
vn 0.080000 0.060000 -0.000000
vn 0.079769 0.060022 0.005856
vn 0.077922 0.059976 0.018195
vn 0.072389 0.059999 0.034059
vn 0.067269 0.059997 0.043304
vn 0.060477 0.059999 0.052371
vn 0.052317 0.059998 0.060524
vn 0.043382 0.060003 0.067213
vn -0.079980 0.060003 -0.001713
vn -0.080000 0.060000 -0.000000
vn -0.079997 0.060002 -0.000528
vn -0.080000 0.060000 -0.000000
vn -0.079930 0.060001 -0.003334
vn -0.079921 0.060000 -0.003540
vn -0.079669 0.060001 -0.007260
vn -0.079486 0.060001 -0.009045
vn -0.079015 0.060000 -0.012516
vn -0.078256 0.060000 -0.016612
vn -0.077733 0.060001 -0.018906
vn -0.077145 0.060001 -0.021181
vn -0.075434 0.060001 -0.026638
vn -0.075531 0.060001 -0.026364
vn -0.073912 0.060002 -0.030608
vn -0.073953 0.060002 -0.030508
vn -0.071787 0.060001 -0.035306
vn -0.069101 0.060002 -0.040309
vn -0.069208 0.060001 -0.040127
vn -0.065842 0.060000 -0.045440
vn -0.068326 0.060002 -0.041609
vn -0.064547 0.059999 -0.047264
vn -0.073646 0.060002 -0.031241
vn -0.071272 0.060001 -0.036335
vn -0.062062 0.059999 -0.050482
vn -0.060241 0.060000 -0.052640
vn -0.057695 0.060002 -0.055417
vn -0.055352 0.060003 -0.057757
vn -0.052951 0.060003 -0.059966
vn -0.050140 0.060000 -0.062338
vn -0.048037 0.059998 -0.063974
vn -0.044829 0.059995 -0.066265
vn -0.043071 0.059994 -0.067421
vn -0.039492 0.059995 -0.069578
vn -0.038099 0.059996 -0.070349
vn -0.034174 0.060001 -0.072333
vn -0.033150 0.060002 -0.072807
vn -0.028905 0.060007 -0.074590
vn -0.028246 0.060008 -0.074842
vn -0.023830 0.060006 -0.076364
vn -0.019079 0.060000 -0.077692
vn -0.014681 0.059998 -0.078643
vn -0.011297 0.060001 -0.079198
vn -0.010749 0.060001 -0.079274
vn -0.007143 0.060001 -0.079680
vn -0.002057 0.060001 -0.079973
vn -0.003294 0.060001 -0.079932
vn -0.006710 0.060001 -0.079718
vn -0.006155 0.060001 -0.079762
vn -0.012267 0.060000 -0.079054
vn -0.000877 0.060000 -0.079995
vn -0.000539 0.060000 -0.079998
vn -0.000000 0.060000 -0.080000
vn -0.000000 0.060000 -0.080000
vn -0.001817 0.060001 -0.079979
vn -0.019354 0.060000 -0.077623
vn -0.027663 0.060008 -0.075059
vn -0.036623 0.059997 -0.071127
vn -0.045647 0.059995 -0.065703
vn -0.054529 0.060003 -0.058534
vn -0.062545 0.059999 -0.049882
vn -0.077150 0.060001 -0.021162
vn -0.078958 0.060000 -0.012870
vn -0.079760 0.060000 -0.006193
vn 0.000000 0.060000 -0.080000
vn 0.000000 0.060000 -0.080000
vn 0.000000 0.060000 -0.080000
vn -0.001399 0.059969 -0.080011
vn -0.000795 0.059983 -0.080009
vn -0.001405 0.059969 -0.080011
vn -0.003892 0.059862 -0.080008
vn -0.005183 0.059769 -0.080005
vn -0.008958 0.059325 -0.080002
vn -0.010812 0.059014 -0.080003
vn -0.015821 0.057874 -0.080002
vn -0.017879 0.057273 -0.080001
vn -0.019720 0.056666 -0.080001
vn -0.023788 0.055081 -0.080002
vn -0.020369 0.056435 -0.080001
vn -0.024804 0.054630 -0.080002
vn -0.028733 0.052674 -0.079999
vn -0.030702 0.051551 -0.079999
vn -0.032036 0.050731 -0.080000
vn -0.035457 0.048397 -0.080003
vn -0.034660 0.048971 -0.080003
vn -0.037398 0.046917 -0.080001
vn -0.037478 0.046852 -0.080002
vn -0.037151 0.047114 -0.080000
vn -0.033013 0.050099 -0.080002
vn -0.025928 0.054106 -0.080001
vn -0.016029 0.057817 -0.080002
vn -0.011994 0.058786 -0.080002
vn -0.005552 0.059737 -0.080004
vn -0.061907 0.078534 -0.000000
vn -0.061317 0.078995 -0.000000
vn -0.055097 0.083452 -0.000000
vn -0.052030 0.085398 -0.000000
vn -0.043237 0.090169 -0.000000
vn -0.045084 0.089260 -0.000000
vn -0.037417 0.092736 -0.000000
vn -0.029712 0.095484 -0.000000
vn -0.026886 0.096318 -0.000000
vn -0.018059 0.098356 -0.000000
vn -0.017830 0.098398 -0.000000
vn -0.017123 0.098523 -0.000000
vn -0.016430 0.098641 -0.000000
vn -0.015745 0.098753 -0.000000
vn -0.008595 0.099630 -0.000000
vn -0.004300 0.099907 -0.000000
vn -0.002328 0.099973 -0.000000
vn -0.000000 0.100000 -0.000000
vn 0.000000 0.100000 0.000000
vn -0.010662 0.059045 0.080000
vn -0.010658 0.059046 0.080000
vn -0.015284 0.058030 0.079994
vn -0.016737 0.057629 0.079992
vn -0.019813 0.056640 0.079996
vn -0.022551 0.055596 0.080004
vn -0.024137 0.054920 0.080008
vn -0.027882 0.053119 0.080006
vn -0.028707 0.052680 0.080004
vn -0.032266 0.050586 0.080000
vn -0.032486 0.050444 0.080000
vn -0.035193 0.048570 0.080015
vn -0.035116 0.048627 0.080014
vn -0.036970 0.047198 0.080035
vn -0.037351 0.046898 0.080034
vn -0.037549 0.046760 0.080023
vn -0.036728 0.047390 0.080033
vn -0.031295 0.051191 0.080000
vn -0.026929 0.053606 0.080007
vn -0.022385 0.055663 0.080003
vn -0.016227 0.057774 0.079993
vn -0.009401 0.059257 0.080001
vn -0.009711 0.059208 0.080001
vn -0.009360 0.059264 0.080001
vn -0.009796 0.059194 0.080000
vn -0.010022 0.059157 0.080000
vn -0.010229 0.059122 0.080000
vn -0.010658 0.059046 0.080000
vn -0.010340 0.059102 0.080000
vn -0.010024 0.059157 0.080000
vn 0.100000 -0.000000 -0.000000
vn 0.099988 -0.000000 0.001558
vn 0.100000 -0.000000 0.000000
vn 0.100000 -0.000000 -0.000000
vn 0.099975 -0.000000 0.002220
vn 0.100000 -0.000000 0.000000
vn 0.099799 -0.000000 0.006336
vn 0.099566 -0.000000 0.009307
vn 0.098835 -0.000000 0.015219
vn 0.097389 -0.000000 0.022700
vn 0.095766 -0.000000 0.028790
vn 0.090552 -0.000000 0.042430
vn 0.088583 -0.000000 0.046400
vn 0.084161 -0.000000 0.054009
vn 0.075184 -0.000000 0.065935
vn 0.075383 -0.000000 0.065707
vn 0.065262 -0.000000 0.075768
vn 0.057822 -0.000000 0.081588
vn 0.054420 -0.000000 0.083895
vn 0.039520 -0.000000 0.091860
vn 0.033186 -0.000000 0.094333
vn 0.029076 -0.000000 0.095680
vn 0.020554 -0.000000 0.097865
vn 0.008672 -0.000000 0.099623
vn 0.015437 -0.000000 0.098801
vn 0.016128 -0.000000 0.098691
vn 0.016840 -0.000000 0.098572
vn 0.003609 -0.000000 0.099935
vn 0.002070 -0.000000 0.099979
vn 0.000000 0.000000 0.100000
vn 0.000000 0.000000 0.100000
vn 0.017575 -0.000000 0.098444
vn -0.082165 0.000000 -0.056999
vn -0.082148 0.000000 -0.057024
vn -0.082165 0.000000 -0.056999
vn -0.081715 0.000000 -0.057642
vn -0.081911 0.000000 -0.057364
vn -0.080803 0.000000 -0.058915
vn -0.079541 0.000000 -0.060608
vn -0.077938 0.000000 -0.062655
vn -0.074026 0.000000 -0.067232
vn -0.073858 0.000000 -0.067417
vn -0.069107 0.000000 -0.072279
vn -0.065143 0.000000 -0.075871
vn -0.064057 0.000000 -0.076790
vn -0.061563 0.000000 -0.078804
vn -0.059250 0.000000 -0.080557
vn -0.055473 0.000000 -0.083203
vn -0.057311 0.000000 -0.081948
vn -0.055795 0.000000 -0.082987
vn -0.054761 0.000000 -0.083673
vn -0.045629 0.000000 -0.088983
vn -0.054292 0.000000 -0.083979
vn -0.044632 0.000000 -0.089488
vn -0.054308 0.000000 -0.083968
vn -0.054296 0.000000 -0.083976
vn -0.054292 0.000000 -0.083979
vn -0.036154 0.000000 -0.093236
vn -0.035331 0.000000 -0.093551
vn -0.027057 0.000000 -0.096270
vn -0.026419 0.000000 -0.096447
vn -0.018963 0.000000 -0.098186
vn -0.018519 0.000000 -0.098270
vn -0.011875 0.000000 -0.099292
vn -0.011580 0.000000 -0.099327
vn -0.005842 0.000000 -0.099829
vn -0.005693 0.000000 -0.099838
vn -0.001784 0.000000 -0.099984
vn -0.001740 0.000000 -0.099985
vn -0.000000 0.000000 -0.100000
vn 0.000000 0.000000 -0.100000
vn -0.088282 0.000000 -0.046972
vn -0.088223 0.000000 -0.047082
vn -0.092871 0.000000 -0.037081
vn -0.093105 0.000000 -0.036488
vn -0.096191 0.000000 -0.027336
vn -0.096467 0.000000 -0.026348
vn -0.098234 0.000000 -0.018710
vn -0.098462 0.000000 -0.017472
vn -0.099364 0.000000 -0.011262
vn -0.099511 0.000000 -0.009875
vn -0.099860 0.000000 -0.005287
vn -0.099962 0.000000 -0.002759
vn -0.100000 0.000000 0.000000
vn -0.100000 0.000000 -0.000000
vn -0.000000 -0.000000 -0.100000
vn -0.000000 -0.000000 -0.100000
vn -0.000000 -0.000000 -0.100000
vn -0.000000 -0.000000 -0.100000
vn -0.000000 -0.000000 -0.100000
vn -0.000000 -0.000000 -0.100000
vn -0.000000 -0.000000 -0.100000
vn -0.000000 -0.000000 -0.100000
vn -0.000000 -0.000000 -0.100000
vn -0.000000 -0.000000 -0.100000
vn -0.000000 -0.000000 -0.100000
vn -0.000000 -0.000000 -0.100000
vn -0.000000 -0.000000 -0.100000
vn -0.000000 -0.000000 -0.100000
vn -0.000000 -0.000000 -0.100000
vn -0.000000 -0.000000 -0.100000
vn -0.000000 -0.000000 -0.100000
vn -0.000000 -0.000000 -0.100000
vn -0.000000 -0.000000 -0.100000
vn -0.000000 -0.000000 -0.100000
vn -0.000000 -0.000000 -0.100000
vn -0.000000 -0.000000 -0.100000
vn -0.000000 -0.000000 -0.100000
vn -0.000000 -0.000000 -0.100000
vn -0.000000 -0.000000 -0.100000
vn -0.000000 -0.000000 -0.100000
vn -0.000000 -0.000000 -0.100000
vn -0.000000 -0.000000 -0.100000
vn -0.000000 -0.000000 -0.100000
vn -0.093247 0.036124 -0.000000
vn -0.093247 0.036124 -0.000000
vn -0.100000 0.000000 -0.000000
vn -0.100000 0.000000 -0.000000
vn -0.093247 -0.036124 0.000000
vn -0.093247 -0.036124 0.000000
vn -0.073901 -0.067370 0.000000
vn -0.073901 0.067370 -0.000000
vn -0.073901 0.067370 -0.000000
vn -0.044574 0.089516 -0.000000
vn -0.044574 0.089516 -0.000000
vn -0.009227 0.099573 -0.000000
vn -0.009227 0.099573 -0.000000
vn 0.027366 0.096183 -0.000000
vn 0.027366 0.096183 -0.000000
vn 0.060263 0.079802 -0.000000
vn 0.060263 0.079802 -0.000000
vn 0.085022 0.052643 -0.000000
vn 0.085022 0.052643 -0.000000
vn 0.098297 0.018375 -0.000000
vn 0.098297 0.018375 -0.000000
vn 0.098297 -0.018375 0.000000
vn 0.098297 -0.018375 0.000000
vn 0.085022 -0.052643 0.000000
vn 0.085022 -0.052643 0.000000
vn 0.060263 -0.079802 0.000000
vn 0.060263 -0.079802 0.000000
vn 0.027366 -0.096183 0.000000
vn 0.027366 -0.096183 0.000000
vn -0.009227 -0.099573 0.000000
vn -0.009227 -0.099573 0.000000
vn -0.044574 -0.089516 0.000000
vn -0.044574 -0.089516 0.000000
vn -0.073901 -0.067370 0.000000
vn -0.000000 -0.000000 -0.100000
vn -0.000000 -0.000000 -0.100000
vn -0.000000 -0.000000 -0.100000
vn -0.000000 -0.000000 -0.100000
vn -0.000000 -0.000000 -0.100000
vn -0.000000 -0.000000 -0.100000
vn -0.000000 -0.000000 -0.100000
vn -0.000000 -0.000000 -0.100000
vn -0.000000 -0.000000 -0.100000
vn -0.000000 -0.000000 -0.100000
vn -0.000000 -0.000000 -0.100000
vn -0.000000 -0.000000 -0.100000
vn -0.000000 -0.000000 -0.100000
vn -0.000000 -0.000000 -0.100000
vn -0.000000 -0.000000 -0.100000
vn -0.000000 -0.000000 -0.100000
vn -0.000000 -0.000000 -0.100000
vn -0.000000 -0.000000 -0.100000
vn -0.000000 -0.000000 -0.100000
vn -0.000000 -0.000000 -0.100000
vn -0.000000 -0.000000 -0.100000
vn -0.000000 -0.000000 -0.100000
vn -0.000000 -0.000000 -0.100000
vn -0.000000 -0.000000 -0.100000
vn -0.000000 -0.000000 -0.100000
vn -0.000000 -0.000000 -0.100000
vn -0.000000 -0.000000 -0.100000
vn -0.000000 -0.000000 -0.100000
vn -0.000000 -0.000000 -0.100000
vn -0.093247 0.036124 -0.000000
vn -0.093247 0.036124 -0.000000
vn -0.100000 0.000000 -0.000000
vn -0.100000 0.000000 -0.000000
vn -0.093247 -0.036124 0.000000
vn -0.093247 -0.036124 0.000000
vn -0.073901 -0.067370 0.000000
vn -0.073901 0.067370 -0.000000
vn -0.073901 0.067370 -0.000000
vn -0.044574 0.089516 -0.000000
vn -0.044574 0.089516 -0.000000
vn -0.009227 0.099573 -0.000000
vn -0.009227 0.099573 -0.000000
vn 0.027366 0.096183 -0.000000
vn 0.027366 0.096183 -0.000000
vn 0.060263 0.079802 -0.000000
vn 0.060263 0.079802 -0.000000
vn 0.085022 0.052643 -0.000000
vn 0.085022 0.052643 -0.000000
vn 0.098297 0.018375 -0.000000
vn 0.098297 0.018375 -0.000000
vn 0.098297 -0.018375 0.000000
vn 0.098297 -0.018375 0.000000
vn 0.085022 -0.052643 0.000000
vn 0.085022 -0.052643 0.000000
vn 0.060263 -0.079802 0.000000
vn 0.060263 -0.079802 0.000000
vn 0.027366 -0.096183 0.000000
vn 0.027366 -0.096183 0.000000
vn -0.009227 -0.099573 0.000000
vn -0.009227 -0.099573 0.000000
vn -0.044574 -0.089516 0.000000
vn -0.044574 -0.089516 0.000000
vn -0.073901 -0.067370 0.000000
vn -0.086603 0.050000 -0.000000
vn -0.086603 0.050000 -0.000000
vn -0.100000 0.000000 -0.000000
vn -0.100000 0.000000 -0.000000
vn -0.086603 -0.050000 0.000000
vn -0.086603 -0.050000 0.000000
vn -0.050000 -0.086603 0.000000
vn -0.050000 -0.086603 0.000000
vn -0.000000 -0.100000 0.000000
vn -0.000000 -0.100000 0.000000
vn 0.050000 -0.086603 0.000000
vn 0.050000 -0.086603 0.000000
vn 0.086603 -0.050000 0.000000
vn 0.086603 -0.050000 0.000000
vn 0.100000 -0.000000 -0.000000
vn 0.100000 -0.000000 -0.000000
vn 0.086603 0.050000 -0.000000
vn 0.086603 0.050000 -0.000000
vn 0.050000 0.086603 -0.000000
vn 0.050000 0.086603 -0.000000
vn -0.000000 0.100000 -0.000000
vn -0.000000 0.100000 -0.000000
vn -0.050000 0.086603 -0.000000
vn -0.050000 0.086603 -0.000000
vn 0.061237 -0.035355 0.070711
vn 0.061237 -0.035355 0.070711
vn 0.070711 -0.000000 0.070711
vn 0.070711 -0.000000 0.070711
vn 0.061237 0.035355 0.070711
vn 0.061237 0.035355 0.070711
vn 0.035355 0.061237 0.070711
vn 0.035355 0.061237 0.070711
vn -0.000000 0.070711 0.070711
vn -0.000000 0.070711 0.070711
vn -0.035355 0.061237 0.070711
vn -0.035355 0.061237 0.070711
vn -0.061237 0.035355 0.070711
vn -0.061237 0.035355 0.070711
vn -0.070711 0.000000 0.070711
vn -0.070711 0.000000 0.070711
vn -0.061237 -0.035355 0.070711
vn -0.061237 -0.035355 0.070711
vn -0.035355 -0.061237 0.070711
vn -0.035355 -0.061237 0.070711
vn -0.000000 -0.070711 0.070711
vn -0.000000 -0.070711 0.070711
vn 0.035355 -0.061237 0.070711
vn 0.035355 -0.061237 0.070711
vn -0.086603 0.050000 -0.000000
vn -0.086603 0.050000 -0.000000
vn -0.100000 0.000000 -0.000000
vn -0.100000 0.000000 -0.000000
vn -0.086603 -0.050000 0.000000
vn -0.086603 -0.050000 0.000000
vn -0.050000 -0.086603 0.000000
vn -0.050000 -0.086603 0.000000
vn -0.000000 -0.100000 0.000000
vn -0.000000 -0.100000 0.000000
vn 0.050000 -0.086603 0.000000
vn 0.050000 -0.086603 0.000000
vn 0.086603 -0.050000 0.000000
vn 0.086603 -0.050000 0.000000
vn 0.100000 -0.000000 -0.000000
vn 0.100000 -0.000000 -0.000000
vn 0.086603 0.050000 -0.000000
vn 0.086603 0.050000 -0.000000
vn 0.050000 0.086603 -0.000000
vn 0.050000 0.086603 -0.000000
vn -0.000000 0.100000 -0.000000
vn -0.000000 0.100000 -0.000000
vn -0.050000 0.086603 -0.000000
vn -0.050000 0.086603 -0.000000
vn 0.061237 -0.035355 0.070711
vn 0.061237 -0.035355 0.070711
vn 0.070711 -0.000000 0.070711
vn 0.070711 -0.000000 0.070711
vn 0.061237 0.035355 0.070711
vn 0.061237 0.035355 0.070711
vn 0.035355 0.061237 0.070711
vn 0.035355 0.061237 0.070711
vn -0.000000 0.070711 0.070711
vn -0.000000 0.070711 0.070711
vn -0.035355 0.061237 0.070711
vn -0.035355 0.061237 0.070711
vn -0.061237 0.035355 0.070711
vn -0.061237 0.035355 0.070711
vn -0.070711 0.000000 0.070711
vn -0.070711 0.000000 0.070711
vn -0.061237 -0.035355 0.070711
vn -0.061237 -0.035355 0.070711
vn -0.035355 -0.061237 0.070711
vn -0.035355 -0.061237 0.070711
vn -0.000000 -0.070711 0.070711
vn -0.000000 -0.070711 0.070711
vn 0.035355 -0.061237 0.070711
vn 0.035355 -0.061237 0.070711
vn 0.086603 -0.050000 0.000000
vn 0.086603 -0.050000 0.000000
vn 0.100000 -0.000000 0.000000
vn 0.100000 -0.000000 0.000000
vn 0.086603 0.050000 -0.000000
vn 0.086603 0.050000 -0.000000
vn 0.050000 0.086603 -0.000000
vn 0.050000 0.086603 -0.000000
vn 0.000000 0.100000 -0.000000
vn 0.000000 0.100000 -0.000000
vn -0.050000 0.086603 -0.000000
vn -0.050000 0.086603 -0.000000
vn -0.086603 0.050000 -0.000000
vn -0.086603 0.050000 -0.000000
vn -0.100000 0.000000 0.000000
vn -0.100000 0.000000 0.000000
vn -0.086603 -0.050000 0.000000
vn -0.086603 -0.050000 0.000000
vn -0.050000 -0.086603 0.000000
vn -0.050000 -0.086603 0.000000
vn 0.000000 -0.100000 0.000000
vn 0.000000 -0.100000 0.000000
vn 0.050000 -0.086603 0.000000
vn 0.050000 -0.086603 0.000000
vn 0.086603 -0.050000 0.000000
vn 0.086603 -0.050000 0.000000
vn 0.100000 -0.000000 0.000000
vn 0.100000 -0.000000 0.000000
vn 0.086603 0.050000 -0.000000
vn 0.086603 0.050000 -0.000000
vn 0.050000 0.086603 -0.000000
vn 0.050000 0.086603 -0.000000
vn 0.000000 0.100000 -0.000000
vn 0.000000 0.100000 -0.000000
vn -0.050000 0.086603 -0.000000
vn -0.050000 0.086603 -0.000000
vn -0.086603 0.050000 -0.000000
vn -0.086603 0.050000 -0.000000
vn -0.100000 0.000000 0.000000
vn -0.100000 0.000000 0.000000
vn -0.086603 -0.050000 0.000000
vn -0.086603 -0.050000 0.000000
vn -0.050000 -0.086603 0.000000
vn -0.050000 -0.086603 0.000000
vn 0.000000 -0.100000 0.000000
vn 0.000000 -0.100000 0.000000
vn 0.050000 -0.086603 0.000000
vn 0.050000 -0.086603 0.000000
vn 0.000000 0.100000 -0.000000
vn 0.000000 0.100000 -0.000000
vn 0.000000 0.100000 -0.000000
vn 0.000000 0.100000 -0.000000
vn 0.000000 0.100000 -0.000000
vn 0.000000 0.100000 -0.000000
vn 0.000000 0.100000 -0.000000
vn 0.000000 0.100000 -0.000000
vn 0.000000 0.100000 -0.000000
vn 0.000000 0.100000 -0.000000
vn 0.000000 0.100000 -0.000000
vn 0.000000 0.100000 -0.000000
vn 0.000000 0.100000 -0.000000
vn 0.000000 0.100000 -0.000000
vn 0.000000 0.100000 -0.000000
vn 0.000000 0.100000 -0.000000
vn 0.000000 0.100000 -0.000000
vn 0.000000 0.100000 -0.000000
vn 0.000000 0.100000 -0.000000
vn 0.000000 0.100000 -0.000000
vn 0.000000 0.100000 -0.000000
vn 0.000000 0.100000 -0.000000
vn 0.000000 0.100000 -0.000000
vn 0.000000 0.100000 -0.000000
vn 0.000000 0.100000 -0.000000
vn 0.000000 0.100000 -0.000000
vn 0.000000 0.100000 -0.000000
vn 0.000000 0.100000 -0.000000
vn 0.000000 0.100000 -0.000000
vn -0.093247 0.000000 0.036124
vn -0.093247 0.000000 0.036124
vn -0.100000 0.000000 0.000000
vn -0.100000 0.000000 0.000000
vn -0.093247 0.000000 -0.036124
vn -0.093247 0.000000 -0.036124
vn -0.073901 0.000000 -0.067370
vn -0.073901 0.000000 0.067370
vn -0.073901 0.000000 0.067370
vn -0.044574 0.000000 0.089516
vn -0.044574 0.000000 0.089516
vn -0.009227 0.000000 0.099573
vn -0.009227 0.000000 0.099573
vn 0.027366 -0.000000 0.096183
vn 0.027366 -0.000000 0.096183
vn 0.060263 -0.000000 0.079802
vn 0.060263 -0.000000 0.079802
vn 0.085022 -0.000000 0.052643
vn 0.085022 -0.000000 0.052643
vn 0.098297 -0.000000 0.018375
vn 0.098297 -0.000000 0.018375
vn 0.098297 -0.000000 -0.018375
vn 0.098297 -0.000000 -0.018375
vn 0.085022 -0.000000 -0.052643
vn 0.085022 -0.000000 -0.052643
vn 0.060263 -0.000000 -0.079802
vn 0.060263 -0.000000 -0.079802
vn 0.027366 -0.000000 -0.096183
vn 0.027366 -0.000000 -0.096183
vn -0.009227 0.000000 -0.099573
vn -0.009227 0.000000 -0.099573
vn -0.044574 0.000000 -0.089516
vn -0.044574 0.000000 -0.089516
vn -0.073901 0.000000 -0.067370
vn 0.050000 -0.000000 0.086603
vn 0.050000 -0.000000 0.086603
vn 0.000000 -0.000000 0.100000
vn 0.000000 -0.000000 0.100000
vn -0.050000 0.000000 0.086603
vn -0.050000 0.000000 0.086603
vn -0.086603 0.000000 0.050000
vn -0.086603 0.000000 0.050000
vn -0.100000 0.000000 -0.000000
vn -0.100000 0.000000 -0.000000
vn -0.086603 0.000000 -0.050000
vn -0.086603 0.000000 -0.050000
vn -0.050000 0.000000 -0.086603
vn -0.050000 0.000000 -0.086603
vn 0.000000 -0.000000 -0.100000
vn -0.000000 0.000000 -0.100000
vn 0.050000 -0.000000 -0.086603
vn 0.050000 -0.000000 -0.086603
vn 0.086603 -0.000000 -0.050000
vn 0.086603 -0.000000 -0.050000
vn 0.100000 -0.000000 -0.000000
vn 0.100000 -0.000000 -0.000000
vn 0.086603 -0.000000 0.050000
vn 0.086603 -0.000000 0.050000
vn 0.061237 -0.070711 -0.035355
vn 0.061237 -0.070711 -0.035355
vn 0.070711 -0.070711 -0.000000
vn 0.070711 -0.070711 -0.000000
vn 0.061237 -0.070711 0.035355
vn 0.061237 -0.070711 0.035355
vn 0.035355 -0.070711 0.061237
vn 0.035355 -0.070711 0.061237
vn -0.000000 -0.070711 0.070711
vn -0.000000 -0.070711 0.070711
vn -0.035355 -0.070711 0.061237
vn -0.035355 -0.070711 0.061237
vn -0.061237 -0.070711 0.035355
vn -0.061237 -0.070711 0.035355
vn -0.070711 -0.070711 -0.000000
vn -0.070711 -0.070711 -0.000000
vn -0.061237 -0.070711 -0.035355
vn -0.061237 -0.070711 -0.035355
vn -0.035355 -0.070711 -0.061237
vn -0.035355 -0.070711 -0.061237
vn -0.000000 -0.070711 -0.070711
vn -0.000000 -0.070711 -0.070711
vn 0.035355 -0.070711 -0.061237
vn 0.035355 -0.070711 -0.061237
vn 0.086603 -0.000000 -0.050000
vn 0.086603 -0.000000 -0.050000
vn 0.100000 -0.000000 -0.000000
vn 0.100000 -0.000000 -0.000000
vn 0.086603 -0.000000 0.050000
vn 0.086603 -0.000000 0.050000
vn 0.050000 -0.000000 0.086603
vn 0.050000 -0.000000 0.086603
vn 0.000000 -0.000000 0.100000
vn 0.000000 -0.000000 0.100000
vn -0.050000 0.000000 0.086603
vn -0.050000 0.000000 0.086603
vn -0.086603 0.000000 0.050000
vn -0.086603 0.000000 0.050000
vn -0.100000 0.000000 -0.000000
vn -0.100000 0.000000 -0.000000
vn -0.086603 0.000000 -0.050000
vn -0.086603 0.000000 -0.050000
vn -0.050000 0.000000 -0.086603
vn -0.050000 0.000000 -0.086603
vn 0.000000 -0.000000 -0.100000
vn 0.000000 -0.000000 -0.100000
vn 0.050000 -0.000000 -0.086603
vn 0.050000 -0.000000 -0.086603
vn -0.063851 0.000000 -0.076961
vn -0.061001 0.000000 -0.079239
vn -0.067186 0.000000 -0.074068
vn -0.059258 0.000000 -0.080551
vn -0.058968 0.000000 -0.080764
vn -0.068583 0.000000 -0.072776
vn -0.059149 0.000000 -0.080631
vn -0.059791 0.000000 -0.080156
vn -0.060820 0.000000 -0.079378
vn -0.063651 0.000000 -0.077127
vn -0.066956 0.000000 -0.074275
vn -0.070311 0.000000 -0.071108
vn -0.073343 0.000000 -0.067976
vn -0.075645 0.000000 -0.065405
vn -0.076963 0.000000 -0.063849
vn -0.077156 0.000000 -0.063616
vn -0.076967 0.000000 -0.063844
vn -0.075608 0.000000 -0.065448
vn -0.073387 0.000000 -0.067929
vn -0.070471 0.000000 -0.070949
vn -0.088546 0.046472 -0.000000
vn -0.088546 0.046472 -0.000000
vn -0.100000 0.000000 -0.000000
vn -0.100000 0.000000 -0.000000
vn -0.088546 -0.046472 0.000000
vn -0.088546 -0.046472 0.000000
vn -0.056806 -0.082298 0.000000
vn -0.056806 -0.082298 0.000000
vn -0.012054 -0.099271 0.000000
vn -0.012054 -0.099271 0.000000
vn 0.035460 -0.093502 0.000000
vn 0.035460 -0.093502 0.000000
vn 0.074851 -0.066312 0.000000
vn 0.074851 -0.066312 0.000000
vn 0.097094 -0.023932 0.000000
vn 0.097094 -0.023932 0.000000
vn 0.097094 0.023932 -0.000000
vn 0.097094 0.023932 -0.000000
vn 0.074851 0.066312 -0.000000
vn 0.074851 0.066312 -0.000000
vn 0.035460 0.093502 -0.000000
vn 0.035460 0.093502 -0.000000
vn -0.012054 0.099271 -0.000000
vn -0.012054 0.099271 -0.000000
vn -0.056806 0.082298 -0.000000
vn -0.056806 0.082298 -0.000000
vn 0.045037 0.089284 -0.000000
vn 0.076985 0.063822 -0.000000
vn 0.096668 0.025600 -0.000000
vn 0.099959 0.002873 -0.000000
vn 0.097904 -0.020365 0.000000
vn 0.090636 -0.042250 0.000000
vn 0.079021 -0.061284 0.000000
vn 0.047276 -0.088119 0.000000
vn 0.010584 -0.099438 0.000000
vn -0.026218 -0.096502 0.000000
vn -0.059123 -0.080650 0.000000
vn -0.083867 -0.054463 0.000000
vn -0.097940 -0.020192 0.000000
vn -0.100000 -0.000220 0.000000
vn -0.097986 0.019968 -0.000000
vn -0.083470 0.055070 -0.000000
vn -0.059590 0.080306 -0.000000
vn -0.027971 0.096008 -0.000000
vn 0.008048 0.099676 -0.000000
vn -0.000000 -0.100000 0.000000
vn -0.000000 -0.100000 0.000000
vn -0.000000 -0.100000 0.000000
vn -0.000000 -0.100000 0.000000
vn -0.000000 -0.100000 0.000000
vn -0.000000 -0.100000 0.000000
vn -0.000000 -0.100000 0.000000
vn -0.000000 -0.100000 0.000000
vn -0.000000 -0.100000 0.000000
vn -0.000000 -0.100000 0.000000
vn -0.000000 -0.100000 0.000000
vn -0.000000 -0.100000 0.000000
vn -0.000000 -0.100000 0.000000
vn -0.000000 -0.100000 0.000000
vn -0.000000 -0.100000 0.000000
vn -0.000000 -0.100000 0.000000
vn -0.000000 -0.100000 0.000000
vn -0.000000 -0.100000 0.000000
vn -0.000000 -0.100000 0.000000
vn -0.000000 -0.100000 0.000000
vn -0.000000 -0.100000 0.000000
vn -0.000000 -0.100000 0.000000
vn -0.000000 -0.100000 0.000000
vn -0.000000 -0.100000 0.000000
vn -0.000000 -0.100000 0.000000
vn -0.000000 -0.100000 0.000000
vn -0.000000 -0.100000 0.000000
vn -0.000000 -0.100000 0.000000
vn -0.000000 -0.100000 0.000000
vn -0.000000 -0.100000 0.000000
vn -0.000000 -0.100000 0.000000
vn -0.000000 -0.100000 0.000000
vn -0.000000 -0.100000 0.000000
vn -0.000000 -0.100000 0.000000
vn -0.000000 -0.100000 0.000000
vn -0.000000 -0.100000 0.000000
vn -0.000000 -0.100000 0.000000
vn -0.000000 -0.100000 0.000000
vn -0.000000 -0.100000 0.000000
vn -0.000000 -0.100000 0.000000
vn -0.000000 -0.100000 0.000000
vn -0.079609 -0.060003 -0.007878
vn -0.080000 -0.060000 -0.000136
vn -0.041913 -0.090761 -0.002418
vn -0.044721 -0.089443 -0.000076
vn -0.041534 -0.090789 -0.005692
vn -0.077824 -0.059973 -0.018620
vn -0.040557 -0.090766 -0.010802
vn -0.072345 -0.059932 -0.034269
vn -0.038161 -0.090754 -0.017536
vn -0.067189 -0.059968 -0.043468
vn -0.033414 -0.090767 -0.025393
vn -0.060270 -0.059953 -0.052661
vn -0.026699 -0.090769 -0.032376
vn -0.052160 -0.059965 -0.060693
vn -0.043148 -0.059983 -0.067382
vn -0.019130 -0.090770 -0.037348
vn -0.034471 -0.059978 -0.072211
vn -0.026507 -0.059988 -0.075490
vn -0.012453 -0.090772 -0.040067
vn 0.000000 -0.100000 0.000000
vn 0.044721 -0.089443 0.000063
vn 0.041948 -0.090764 0.001514
vn 0.041741 -0.090762 0.004466
vn 0.041324 -0.090766 0.007338
vn 0.040569 -0.090769 0.010732
vn 0.078893 -0.059994 0.013291
vn 0.077118 -0.059998 0.021286
vn 0.080000 -0.060000 0.000112
vn 0.079965 -0.059999 0.002382
vn 0.079715 -0.059990 0.006841
vn 0.039351 -0.090764 0.014610
vn 0.073946 -0.059977 0.030574
vn 0.037605 -0.090757 0.018683
vn 0.069182 -0.059971 0.040216
vn 0.035251 -0.090761 0.022801
vn 0.062529 -0.059986 0.049918
vn 0.032236 -0.090763 0.026888
vn 0.054571 -0.059971 0.058528
vn 0.028842 -0.090758 0.030514
vn 0.025174 -0.090762 0.033593
vn 0.021306 -0.090767 0.036159
vn 0.017547 -0.090762 0.038135
vn 0.014001 -0.090758 0.039584
vn 0.010691 -0.090762 0.040596
vn 0.007634 -0.090765 0.041272
vn 0.020377 -0.059984 0.077373
vn 0.013254 -0.059995 0.078898
vn 0.045840 -0.059984 0.065579
vn 0.036774 -0.059986 0.071059
vn 0.028232 -0.059975 0.074873
vn 0.004845 -0.090764 0.041694
vn 0.006959 -0.059988 0.079706
vn 0.002496 -0.090761 0.041908
vn 0.002420 -0.059992 0.079970
vn 0.000867 -0.090762 0.041970
vn 0.000000 -0.081779 0.057552
vn 0.000000 -0.095109 0.030892
vn 0.000000 -0.060000 0.080000
vn -0.079749 -0.060010 -0.006234
vn -0.080000 -0.060000 -0.000137
vn -0.079873 -0.060021 -0.004220
vn -0.080000 -0.060000 -0.000136
vn -0.079586 -0.059999 -0.008130
vn -0.077856 -0.060059 -0.018204
vn -0.078463 -0.060040 -0.015455
vn -0.079510 -0.059996 -0.008866
vn -0.076169 -0.060073 -0.024281
vn -0.072060 -0.060025 -0.034703
vn -0.071744 -0.060020 -0.035360
vn -0.067064 -0.059975 -0.043652
vn -0.064506 -0.059977 -0.047347
vn -0.060465 -0.060001 -0.052381
vn -0.053639 -0.060008 -0.059345
vn -0.051992 -0.060005 -0.060797
vn -0.041770 -0.059995 -0.068234
vn -0.043199 -0.059996 -0.067338
vn -0.034463 -0.059998 -0.072198
vn -0.030641 -0.060004 -0.073896
vn -0.026522 -0.060011 -0.075467
vn -0.021356 -0.060014 -0.077086
vn -0.014094 -0.060000 -0.078749
vn -0.026238 -0.060012 -0.075566
vn -0.044206 -0.059996 -0.066680
vn -0.054124 -0.060009 -0.058903
vn -0.063249 -0.059983 -0.049006
vn -0.069916 -0.059996 -0.038887
vn -0.074432 -0.060058 -0.029205
vn -0.078667 -0.060030 -0.014417
vn 0.079964 -0.060002 0.002349
vn 0.080000 -0.060000 0.000112
vn 0.079992 -0.060002 0.001047
vn 0.080000 -0.060000 0.000111
vn 0.079959 -0.060002 0.002520
vn 0.079918 -0.060001 0.003599
vn 0.079664 -0.059999 0.007326
vn 0.079646 -0.059999 0.007524
vn 0.078991 -0.060000 0.012667
vn 0.079702 -0.059999 0.006910
vn 0.078882 -0.060000 0.013327
vn 0.077749 -0.060000 0.018845
vn 0.077130 -0.060002 0.021232
vn 0.076220 -0.060001 0.024296
vn 0.073970 -0.059998 0.030474
vn 0.074018 -0.059998 0.030357
vn 0.070776 -0.060000 0.037292
vn 0.073712 -0.059998 0.031094
vn 0.068916 -0.060002 0.040624
vn 0.078770 -0.060000 0.013975
vn 0.076918 -0.060002 0.021986
vn 0.066072 -0.060001 0.045104
vn 0.062492 -0.059998 0.049950
vn 0.060465 -0.059999 0.052384
vn 0.054746 -0.060003 0.058331
vn 0.053766 -0.060003 0.059236
vn 0.046123 -0.059996 0.065370
vn 0.046617 -0.059996 0.065018
vn 0.039435 -0.059991 0.069612
vn 0.045672 -0.059995 0.065686
vn 0.036890 -0.059993 0.070993
vn 0.032296 -0.059998 0.073193
vn 0.028286 -0.060002 0.074831
vn 0.025262 -0.060003 0.075905
vn 0.020273 -0.059998 0.077390
vn 0.018789 -0.059997 0.077765
vn 0.013313 -0.059999 0.078885
vn 0.013006 -0.059999 0.078936
vn 0.008732 -0.059999 0.079523
vn 0.013903 -0.059998 0.078784
vn 0.007530 -0.059998 0.079646
vn 0.037521 -0.059992 0.070662
vn 0.029017 -0.060002 0.074551
vn 0.020946 -0.059999 0.077210
vn 0.005260 -0.060000 0.079827
vn 0.002547 -0.060003 0.079957
vn 0.001522 -0.060004 0.079983
vn 0.000000 -0.060000 0.080000
vn 0.002355 -0.060003 0.079963
vn 0.007120 -0.059999 0.079684
vn 0.054546 -0.060003 0.058519
vn 0.062558 -0.059998 0.049867
vn 0.069156 -0.060002 0.040215
vn -0.100000 0.000000 -0.000171
vn -0.094868 -0.031623 -0.000162
vn -0.099693 0.000028 -0.007832
vn -0.094769 -0.030441 -0.009603
vn -0.098353 0.000043 -0.018074
vn -0.093647 -0.030566 -0.017204
vn -0.090707 -0.030617 -0.028893
vn -0.078618 -0.060092 -0.014427
vn -0.074395 -0.060116 -0.029180
vn -0.080000 -0.060000 -0.000137
vn -0.079839 -0.059887 -0.006269
vn -0.084134 -0.030477 -0.044638
vn -0.069897 -0.059942 -0.039005
vn -0.063208 -0.059814 -0.049265
vn -0.072434 -0.030374 -0.061893
vn -0.054471 -0.059917 -0.058676
vn -0.055997 -0.030510 -0.077029
vn -0.044080 -0.060009 -0.066752
vn -0.039552 -0.030468 -0.086645
vn -0.026338 -0.059933 -0.075593
vn -0.026512 -0.030486 -0.091475
vn -0.017207 -0.021447 -0.096145
vn -0.032896 0.000017 -0.094435
vn -0.055105 0.000028 -0.083447
vn -0.068012 0.000033 -0.073310
vn -0.078872 0.000038 -0.061475
vn -0.087341 0.000043 -0.048699
vn -0.093105 0.000046 -0.036489
vn 0.079957 -0.060004 0.002547
vn 0.080000 -0.060000 0.000111
vn 0.095203 -0.030529 0.002096
vn 0.094868 -0.031623 0.000132
vn 0.099949 0.000003 0.003184
vn 0.095052 -0.030527 0.005765
vn 0.079670 -0.060001 0.007249
vn 0.094580 -0.030525 0.011083
vn 0.078772 -0.060004 0.013944
vn 0.093575 -0.030527 0.017656
vn 0.076912 -0.060008 0.021990
vn 0.091831 -0.030530 0.025199
vn 0.089088 -0.030527 0.033637
vn 0.096147 0.000008 0.027489
vn 0.092105 0.000010 0.038945
vn 0.099589 0.000008 0.009061
vn 0.098469 0.000009 0.017430
vn 0.085260 -0.030523 0.042415
vn 0.086181 0.000013 0.050724
vn 0.080257 -0.030532 0.051251
vn 0.078064 0.000015 0.062498
vn 0.073919 -0.030538 0.060029
vn 0.066728 -0.030525 0.067938
vn 0.062438 -0.060023 0.049987
vn 0.054716 -0.060002 0.058361
vn 0.058996 -0.030523 0.074751
vn 0.046257 -0.060005 0.065266
vn 0.050789 -0.030530 0.080550
vn 0.037438 -0.060010 0.070691
vn 0.042606 -0.030530 0.085163
vn 0.028965 -0.060004 0.074569
vn 0.034714 -0.030526 0.088674
vn 0.027185 -0.030525 0.091264
vn 0.036208 0.000011 0.093215
vn 0.026258 0.000010 0.096491
vn 0.068395 0.000013 0.072952
vn 0.057825 0.000011 0.081586
vn 0.046802 0.000011 0.088372
vn 0.020199 -0.030526 0.093060
vn 0.017290 0.000006 0.098494
vn 0.013852 -0.030527 0.094214
vn 0.009451 0.000004 0.099552
vn 0.004778 -0.030528 0.095106
vn 0.003089 0.000003 0.099952
vn 0.000000 -0.041446 0.091007
vn 0.000000 -0.021447 0.097673
vn 0.000000 -0.060000 0.080000
vn 0.002471 -0.060001 0.079961
vn 0.007561 -0.060001 0.079641
vn 0.013831 -0.060002 0.078794
vn 0.021005 -0.060002 0.077191
vn 0.068939 -0.060008 0.040577
vn 0.073683 -0.060001 0.031156
vn 0.000000 0.100000 -0.000000
vn 0.000000 0.100000 -0.000000
vn 0.000000 0.100000 -0.000000
vn 0.000000 0.100000 -0.000000
vn 0.000000 0.100000 -0.000000
vn 0.000000 0.100000 -0.000000
vn 0.000000 0.100000 -0.000000
vn 0.000000 0.100000 -0.000000
vn 0.080000 -0.060000 0.000000
vn 0.080000 -0.060000 0.000000
vn 0.080000 -0.060000 0.000000
vn 0.080000 -0.060000 0.000000
vn -0.000000 -0.100000 0.000000
vn -0.000000 -0.100000 0.000000
vn -0.000000 -0.100000 0.000000
vn -0.000000 -0.100000 0.000000
vn -0.080000 -0.060000 0.000000
vn -0.080000 -0.060000 0.000000
vn -0.080000 -0.060000 0.000000
vn -0.080000 -0.060000 0.000000
vn -0.000000 -0.100000 0.000000
vn -0.000000 -0.100000 0.000000
vn -0.000000 -0.100000 0.000000
vn -0.000000 -0.100000 0.000000
vn -0.000000 -0.100000 0.000000
vn -0.000000 -0.100000 0.000000
vn -0.000000 -0.100000 0.000000
vn -0.000000 -0.100000 0.000000
vn -0.000000 -0.100000 0.000000
vn -0.000000 -0.100000 0.000000
vn -0.000000 -0.100000 0.000000
vn -0.000000 -0.100000 0.000000
vn -0.000000 -0.100000 0.000000
vn -0.000000 -0.100000 0.000000
vn -0.000000 -0.100000 0.000000
vn -0.000000 -0.100000 0.000000
vn -0.000000 -0.100000 0.000000
vn -0.000000 -0.100000 0.000000
vn -0.000000 -0.100000 0.000000
vn -0.000000 -0.100000 0.000000
vn -0.000000 -0.100000 0.000000
vn -0.000000 -0.100000 0.000000
vn -0.000000 -0.100000 0.000000
vn -0.000000 -0.100000 0.000000
vn -0.000000 -0.100000 0.000000
vn -0.000000 -0.100000 0.000000
vn -0.000000 -0.100000 0.000000
vn -0.000000 -0.100000 0.000000
vn -0.000000 -0.100000 0.000000
vn -0.000000 -0.100000 0.000000
vn -0.000000 -0.100000 0.000000
vn -0.000000 -0.100000 0.000000
vn -0.000000 -0.100000 0.000000
vn -0.000000 -0.100000 0.000000
vn -0.000000 -0.100000 0.000000
vn -0.000000 -0.100000 0.000000
vn -0.000000 -0.100000 0.000000
vn -0.000000 -0.100000 0.000000
vn -0.000000 -0.100000 0.000000
vn -0.000000 -0.100000 0.000000
vn -0.000000 -0.100000 0.000000
vn -0.000000 -0.100000 0.000000
vn -0.000000 -0.100000 0.000000
vn -0.000000 -0.100000 0.000000
vn -0.000000 -0.100000 0.000000
vn -0.000000 -0.100000 0.000000
vn -0.000000 -0.100000 0.000000
vn -0.000000 -0.100000 0.000000
vn -0.000000 -0.100000 0.000000
vn -0.000000 -0.100000 0.000000
vn -0.000000 -0.100000 0.000000
vn -0.000000 -0.100000 0.000000
vn -0.000000 -0.100000 0.000000
vn -0.000000 -0.100000 0.000000
vn -0.000000 -0.100000 0.000000
vn -0.000000 -0.100000 0.000000
vn -0.000000 -0.100000 0.000000
vn -0.000000 -0.100000 0.000000
vn -0.000000 -0.100000 0.000000
vn -0.000000 -0.100000 0.000000
vn -0.000000 -0.100000 0.000000
vn -0.000000 -0.100000 0.000000
vn -0.000000 -0.100000 0.000000
vn -0.000000 -0.100000 0.000000
vn -0.000000 -0.100000 0.000000
vn -0.000000 -0.100000 0.000000
vn -0.000000 -0.100000 0.000000
vn -0.000000 -0.100000 0.000000
vn -0.000000 -0.100000 0.000000
vn -0.000000 -0.100000 0.000000
vn -0.000000 -0.100000 0.000000
vn -0.000000 -0.100000 0.000000
vn -0.000000 -0.100000 0.000000
vn -0.000000 -0.100000 0.000000
vn -0.000000 -0.100000 0.000000
vn -0.000000 -0.100000 0.000000
vn -0.000000 -0.100000 0.000000
vn -0.000000 -0.100000 0.000000
vn -0.000000 -0.100000 0.000000
vn -0.000000 -0.100000 0.000000
vn -0.000000 -0.100000 0.000000
vn -0.000000 -0.100000 0.000000
vn -0.000000 -0.100000 0.000000
vn -0.000000 -0.100000 0.000000
vn -0.000000 -0.100000 0.000000
vn -0.000000 -0.100000 0.000000
vn -0.000000 -0.100000 0.000000
vn -0.000000 -0.100000 0.000000
vn -0.000000 -0.100000 0.000000
vn -0.000000 -0.100000 0.000000
vn -0.000000 -0.100000 0.000000
vn -0.000000 -0.100000 0.000000
vn -0.000000 -0.100000 0.000000
vn -0.000000 -0.100000 0.000000
vn -0.000000 -0.100000 0.000000
vn -0.000000 -0.100000 0.000000
vn -0.000000 -0.100000 0.000000
vn -0.000000 -0.100000 0.000000
vn -0.000000 -0.100000 0.000000
vn -0.000000 -0.100000 0.000000
vn -0.000000 0.000000 0.100000
vn -0.000000 0.000000 0.100000
vn -0.000000 0.000000 0.100000
vn -0.000000 0.000000 0.100000
vn -0.000000 0.000000 0.100000
vn -0.000000 0.000000 0.100000
vn -0.000000 0.000000 0.100000
vn -0.000000 0.000000 0.100000
vn -0.000000 0.000000 0.100000
vn -0.000000 0.000000 0.100000
vn -0.000000 0.000000 0.100000
vn -0.000000 0.000000 0.100000
vn -0.000000 0.000000 0.100000
vn -0.000000 0.000000 0.100000
vn -0.000000 0.000000 0.100000
vn -0.000000 0.000000 0.100000
vn -0.000000 0.000000 0.100000
vn -0.000000 0.000000 0.100000
vn -0.000000 0.000000 0.100000
vn -0.000000 0.000000 0.100000
vn -0.000000 0.000000 0.100000
vn -0.000000 0.000000 0.100000
vn -0.000000 0.000000 0.100000
vn -0.000000 0.000000 0.100000
vn -0.000000 0.000000 0.100000
vn -0.000000 0.000000 0.100000
vn -0.000000 0.000000 0.100000
vn -0.000000 0.000000 0.100000
vn -0.000000 0.000000 0.100000
vn -0.000000 0.000000 0.100000
vn -0.000000 0.000000 0.100000
vn -0.000000 0.000000 0.100000
vn -0.000000 0.000000 0.100000
vn -0.000000 0.000000 0.100000
vn -0.000000 0.000000 0.100000
vn -0.000000 0.000000 0.100000
vn -0.000000 0.000000 0.100000
vn -0.000000 0.000000 0.100000
vn -0.000000 0.000000 0.100000
vn -0.000000 0.000000 0.100000
vn -0.000000 0.000000 0.100000
vn -0.000000 0.000000 0.100000
vn -0.000000 0.000000 0.100000
vn -0.000000 0.000000 0.100000
vn -0.000000 0.000000 0.100000
vn -0.000000 0.000000 0.100000
vn -0.000000 0.000000 0.100000
vn -0.000000 0.000000 0.100000
vn -0.000000 0.000000 0.100000
vn -0.000000 0.000000 0.100000
vn -0.000000 0.000000 0.100000
vn -0.000000 0.000000 0.100000
vn 0.000000 0.100000 -0.000000
vn 0.000000 0.100000 -0.000000
vn 0.000000 0.100000 -0.000000
vn 0.000000 0.100000 -0.000000
vn 0.000000 0.100000 -0.000000
vn 0.000000 0.100000 -0.000000
vn 0.000000 0.100000 -0.000000
vn 0.000000 0.100000 -0.000000
vn 0.000000 0.100000 -0.000000
vn 0.000000 0.100000 -0.000000
vn -0.086896 0.000000 0.049488
vn -0.090727 0.000000 0.042056
vn -0.086896 0.000000 0.049488
vn -0.090727 0.000000 0.042056
vn -0.093810 0.000000 0.034636
vn -0.093810 0.000000 0.034636
vn -0.000322 0.000000 0.099999
vn -0.000322 0.000000 0.099999
vn -0.000322 0.000000 0.099999
vn -0.000322 0.000000 0.099999
vn -0.000000 -0.100000 0.000000
vn -0.000000 -0.100000 0.000000
vn -0.000000 -0.100000 0.000000
vn -0.000000 -0.100000 0.000000
vn -0.000000 -0.100000 0.000000
vn -0.000000 -0.100000 0.000000
vn -0.000000 -0.100000 0.000000
vn -0.000000 -0.100000 0.000000
vn -0.000000 -0.100000 0.000000
vn -0.000000 -0.100000 0.000000
vn 0.099876 0.004981 -0.000000
vn 0.100000 -0.000000 -0.000000
vn 0.100000 -0.000000 -0.000000
vn 0.099876 -0.004981 0.000000
vn 0.096938 -0.024556 0.000000
vn 0.092388 -0.038268 0.000000
vn 0.090773 -0.041955 0.000000
vn 0.070711 -0.070711 0.000000
vn 0.071567 -0.069843 0.000000
vn 0.044008 -0.089796 0.000000
vn 0.038268 -0.092388 0.000000
vn 0.011454 -0.099342 0.000000
vn -0.000000 -0.100000 0.000000
vn -0.023849 -0.097114 0.000000
vn -0.038268 -0.092388 0.000000
vn -0.041667 -0.090906 0.000000
vn -0.058783 -0.080899 0.000000
vn -0.070711 -0.070711 0.000000
vn -0.074290 -0.066940 0.000000
vn -0.087105 -0.049120 0.000000
vn -0.092388 -0.038268 0.000000
vn -0.095974 -0.028088 0.000000
vn -0.100000 0.000000 -0.000000
vn -0.099875 -0.004991 0.000000
vn -0.099969 -0.002499 0.000000
vn -0.100000 0.000000 -0.000000
vn -0.099969 0.002499 -0.000000
vn -0.099875 0.004991 -0.000000
vn -0.096462 0.026364 -0.000000
vn -0.092388 0.038268 -0.000000
vn -0.099875 0.005000 -0.000000
vn -0.095813 0.028634 -0.000000
vn -0.099875 0.005000 -0.000000
vn -0.088741 0.046099 -0.000000
vn -0.077487 0.063212 -0.000000
vn -0.070711 0.070711 -0.000000
vn -0.063158 0.077531 -0.000000
vn -0.038268 0.092388 -0.000000
vn -0.046180 0.088698 -0.000000
vn -0.028005 0.095999 -0.000000
vn 0.000000 0.100000 -0.000000
vn 0.008368 0.099649 -0.000000
vn 0.038268 0.092388 -0.000000
vn 0.042059 0.090725 -0.000000
vn 0.070645 0.070776 -0.000000
vn 0.070579 0.070842 -0.000000
vn 0.081682 0.057689 -0.000000
vn 0.092388 0.038268 -0.000000
vn 0.090448 0.042651 -0.000000
vn 0.096836 0.024957 -0.000000
vn 0.099875 0.005000 -0.000000
vn 0.099875 -0.005000 0.000000
vn 0.096292 -0.026977 0.000000
vn 0.089870 -0.043856 0.000000
vn 0.070279 -0.071140 0.000000
vn 0.042567 -0.090488 0.000000
vn 0.010170 -0.099482 0.000000
vn -0.024850 -0.096863 0.000000
vn -0.042479 -0.090529 0.000000
vn -0.059392 -0.080453 0.000000
vn -0.074679 -0.066506 0.000000
vn -0.087296 -0.048779 0.000000
vn -0.096032 -0.027891 0.000000
vn -0.099875 -0.005000 0.000000
vn -0.099986 -0.001668 0.000000
vn -0.099986 0.001668 -0.000000
vn 0.099875 0.005000 -0.000000
vn 0.097259 0.023251 -0.000000
vn 0.091812 0.039629 -0.000000
vn 0.073824 0.067454 -0.000000
vn 0.047507 0.087995 -0.000000
vn 0.014686 0.098916 -0.000000
vn -0.021320 0.097701 -0.000000
vn -0.039597 0.091826 -0.000000
vn -0.057235 0.082001 -0.000000
vn -0.073257 0.068070 -0.000000
vn -0.086559 0.050076 -0.000000
vn -0.099875 -0.005000 0.000000
vn 0.099686 -0.007919 0.000000
vn 0.099875 -0.004999 0.000000
vn -0.081772 0.000000 0.057561
vn -0.082146 0.000000 0.057027
vn -0.082606 0.000000 0.056358
vn -0.088216 0.000000 0.047096
vn -0.089260 0.000000 0.045084
vn -0.092867 0.000000 0.037090
vn -0.094129 0.000000 0.033760
vn -0.096188 0.000000 0.027348
vn -0.097280 0.000000 0.023166
vn -0.098232 0.000000 0.018722
vn -0.098999 0.000000 0.014112
vn -0.099363 0.000000 0.011270
vn -0.099778 0.000000 0.006665
vn -0.099860 0.000000 0.005288
vn -0.099982 0.000000 0.001901
vn -0.100000 0.000000 0.000000
vn -0.074153 0.000000 0.067092
vn -0.078396 0.000000 0.062081
vn -0.080993 0.000000 0.058652
vn -0.064529 0.000000 0.076394
vn -0.069978 0.000000 0.071435
vn -0.074620 0.000000 0.066572
vn -0.054030 0.000000 0.084148
vn -0.060056 0.000000 0.079958
vn -0.062460 0.000000 0.078095
vn -0.064970 0.000000 0.076019
vn -0.043470 0.000000 0.090057
vn -0.044676 0.000000 0.089465
vn -0.054325 0.000000 0.083957
vn -0.054863 0.000000 0.083607
vn -0.035356 0.000000 0.093541
vn -0.033303 0.000000 0.094292
vn -0.026399 0.000000 0.096452
vn -0.023725 0.000000 0.097145
vn -0.018479 0.000000 0.098278
vn -0.015469 0.000000 0.098796
vn -0.011554 0.000000 0.099330
vn -0.008314 0.000000 0.099654
vn -0.005702 0.000000 0.099837
vn -0.003043 0.000000 0.099954
vn -0.002618 0.000000 0.099966
vn -0.003037 0.000000 0.099954
vn -0.003043 0.000000 0.099954
vn -0.003043 0.000000 0.099954
vn -0.003043 0.000000 0.099954
vn -0.003043 0.000000 0.099954
vn -0.001760 0.000000 0.099985
vn -0.001695 0.000000 0.099986
vn -0.000653 0.000000 0.099998
vn -0.000000 0.000000 0.100000
vn -0.000000 0.000000 0.100000
vn -0.056100 0.000000 0.082782
vn -0.057888 0.000000 0.081541
vn -0.099962 0.000000 0.002758
vn -0.099860 0.000000 0.005288
vn -0.099511 0.000000 0.009875
vn -0.099363 0.000000 0.011270
vn -0.098232 0.000000 0.018722
vn -0.097932 0.000000 0.020233
vn -0.096188 0.000000 0.027348
vn -0.096479 0.000000 0.026302
vn -0.094399 0.000000 0.032998
vn -0.092867 0.000000 0.037090
vn -0.091669 0.000000 0.039959
vn -0.088216 0.000000 0.047096
vn -0.088284 0.000000 0.046968
vn -0.082118 0.000000 0.057067
vn -0.081634 0.000000 0.057757
vn -0.082146 0.000000 0.057027
vn -0.084206 0.000000 0.053939
vn -0.080715 0.000000 0.059035
vn -0.079417 0.000000 0.060769
vn -0.077885 0.000000 0.062721
vn -0.073917 0.000000 0.067352
vn -0.074018 0.000000 0.067241
vn -0.069346 0.000000 0.072050
vn -0.068196 0.000000 0.073139
vn -0.064484 0.000000 0.076432
vn -0.062003 0.000000 0.078458
vn -0.062066 0.000000 0.078408
vn -0.059763 0.000000 0.080177
vn -0.055487 0.000000 0.083194
vn -0.057697 0.000000 0.081677
vn -0.056001 0.000000 0.082849
vn -0.048895 0.000000 0.087231
vn -0.054834 0.000000 0.083626
vn -0.044676 0.000000 0.089465
vn -0.054325 0.000000 0.083957
vn -0.042457 0.000000 0.090540
vn -0.035356 0.000000 0.093541
vn -0.036171 0.000000 0.093229
vn -0.030011 0.000000 0.095390
vn -0.026399 0.000000 0.096452
vn -0.018882 0.000000 0.098201
vn -0.018479 0.000000 0.098278
vn -0.011554 0.000000 0.099330
vn -0.009670 0.000000 0.099531
vn -0.005702 0.000000 0.099837
vn -0.002922 0.000000 0.099957
vn -0.001760 0.000000 0.099985
vn -0.000930 0.000000 0.099996
vn -0.000000 0.000000 0.100000
vn -0.000000 0.000000 0.100000
vn -0.000000 -0.100000 0.000000
vn -0.000000 -0.100000 0.000000
vn -0.000000 -0.100000 0.000000
vn -0.000000 -0.100000 0.000000
vn -0.000000 -0.100000 0.000000
vn -0.000000 -0.100000 0.000000
vn -0.000000 -0.100000 0.000000
vn -0.000000 -0.100000 0.000000
vn -0.000000 -0.100000 0.000000
vn -0.000000 -0.100000 0.000000
vn -0.000000 -0.100000 0.000000
vn -0.000000 -0.100000 0.000000
vn -0.000000 -0.100000 0.000000
vn -0.000000 -0.100000 0.000000
vn -0.000000 -0.100000 0.000000
vn -0.000000 -0.100000 0.000000
vn -0.000000 -0.100000 0.000000
vn -0.000000 -0.100000 0.000000
vn -0.000000 -0.100000 0.000000
vn -0.000000 -0.100000 0.000000
vn -0.000000 -0.100000 0.000000
vn -0.000000 -0.100000 0.000000
vn -0.000000 -0.100000 0.000000
vn -0.000000 -0.100000 0.000000
vn -0.000000 -0.100000 0.000000
vn -0.000000 -0.100000 0.000000
vn -0.000000 -0.100000 0.000000
vn -0.000000 -0.100000 0.000000
vn -0.000000 -0.100000 0.000000
vn -0.000000 -0.100000 0.000000
vn -0.000000 -0.100000 0.000000
vn -0.000000 -0.100000 0.000000
vn -0.000000 -0.100000 0.000000
vn -0.000000 -0.100000 0.000000
vn -0.000000 -0.100000 0.000000
vn -0.000000 -0.100000 0.000000
vn -0.000000 -0.100000 0.000000
vn -0.000000 -0.100000 0.000000
vn -0.000000 -0.100000 0.000000
vn -0.000000 -0.100000 0.000000
vn -0.000000 -0.100000 0.000000
vn -0.000000 -0.100000 0.000000
vn -0.000000 -0.100000 0.000000
vn -0.000000 -0.100000 0.000000
vn -0.000000 -0.100000 0.000000
vn -0.000000 -0.100000 0.000000
vn -0.000000 -0.100000 0.000000
vn -0.000000 -0.100000 0.000000
vn -0.000000 -0.100000 0.000000
vn -0.000000 -0.100000 0.000000
vn -0.000000 -0.100000 0.000000
vn 0.000000 0.100000 -0.000000
vn 0.000000 0.100000 -0.000000
vn 0.000000 0.100000 -0.000000
vn 0.000000 0.100000 -0.000000
vn 0.000000 0.100000 -0.000000
vn 0.000000 0.100000 -0.000000
vn 0.000000 0.100000 -0.000000
vn 0.000000 0.100000 -0.000000
vn 0.000000 0.100000 -0.000000
vn 0.000000 0.100000 -0.000000
vn 0.000000 0.100000 -0.000000
vn 0.000000 0.100000 -0.000000
vn 0.000000 0.100000 -0.000000
vn 0.000000 0.100000 -0.000000
vn 0.000000 0.100000 -0.000000
vn 0.000000 0.100000 -0.000000
vn 0.000000 0.100000 -0.000000
vn 0.000000 0.100000 -0.000000
vn 0.000000 0.100000 -0.000000
vn 0.000000 0.100000 -0.000000
vn 0.000000 0.100000 -0.000000
vn 0.000000 0.100000 -0.000000
vn 0.000000 0.100000 -0.000000
vn 0.000000 0.100000 -0.000000
vn 0.000000 0.100000 -0.000000
vn 0.000000 0.100000 -0.000000
vn 0.000000 0.100000 -0.000000
vn 0.000000 0.100000 -0.000000
vn 0.000000 0.100000 -0.000000
vn 0.000000 0.100000 -0.000000
vn 0.000000 0.100000 -0.000000
vn 0.000000 0.100000 -0.000000
vn 0.000000 0.100000 -0.000000
vn 0.000000 0.100000 -0.000000
vn 0.000000 0.100000 -0.000000
vn 0.000000 0.100000 -0.000000
vn 0.000000 0.100000 -0.000000
vn 0.000000 0.100000 -0.000000
vn 0.000000 0.100000 -0.000000
vn 0.000000 0.100000 -0.000000
vn 0.000000 0.100000 -0.000000
vn 0.000000 0.100000 -0.000000
vn 0.000000 0.100000 -0.000000
vn 0.000000 0.100000 -0.000000
vn 0.000000 0.100000 -0.000000
vn 0.000000 0.100000 -0.000000
vn 0.000000 0.100000 -0.000000
vn 0.000000 0.100000 -0.000000
vn 0.000000 0.100000 -0.000000
vn 0.000000 0.100000 -0.000000
vn 0.000000 0.100000 -0.000000
vn 0.100000 -0.000000 -0.000000
vn 0.100000 -0.000000 -0.000000
vn 0.099354 -0.000000 0.011350
vn 0.099354 -0.000000 0.011350
vn 0.097423 -0.000000 0.022554
vn 0.097423 -0.000000 0.022554
vn 0.094234 -0.000000 0.033466
vn 0.094234 -0.000000 0.033466
vn 0.089827 -0.000000 0.043945
vn 0.089827 -0.000000 0.043945
vn 0.084258 -0.000000 0.053857
vn 0.084258 -0.000000 0.053857
vn 0.077601 -0.000000 0.063072
vn 0.077601 -0.000000 0.063072
vn 0.069941 -0.000000 0.071473
vn 0.069941 -0.000000 0.071473
vn 0.061376 -0.000000 0.078949
vn 0.061376 -0.000000 0.078949
vn 0.052019 -0.000000 0.085405
vn 0.052019 -0.000000 0.085405
vn -0.069669 0.000000 0.071737
vn -0.069660 0.000000 0.071746
vn -0.062660 0.000000 0.077934
vn -0.062660 0.000000 0.077934
vn -0.055582 0.000000 0.083130
vn -0.069660 0.000000 0.071746
vn -0.069669 0.000000 0.071737
vn -0.055582 0.000000 0.083130
vn -0.048623 0.000000 0.087383
vn -0.048623 0.000000 0.087383
vn -0.041913 0.000000 0.090793
vn -0.041913 0.000000 0.090793
vn -0.035532 0.000000 0.093474
vn -0.035532 0.000000 0.093474
vn -0.029512 0.000000 0.095546
vn -0.029512 0.000000 0.095546
vn -0.023849 0.000000 0.097115
vn -0.023849 0.000000 0.097115
vn -0.018506 0.000000 0.098273
vn -0.018506 0.000000 0.098273
vn -0.013424 0.000000 0.099095
vn -0.013424 0.000000 0.099095
vn -0.008511 0.000000 0.099637
vn -0.008511 0.000000 0.099637
vn -0.003631 0.000000 0.099934
vn -0.003631 0.000000 0.099934
vn 0.001431 0.000000 0.099990
vn 0.001431 0.000000 0.099990
vn 0.007060 0.000000 0.099750
vn 0.007060 0.000000 0.099750
vn 0.014078 0.000000 0.099004
vn 0.014078 0.000000 0.099004
vn 0.024666 0.000000 0.096910
vn 0.024666 0.000000 0.096910
vn 0.046839 0.000000 0.088352
vn 0.046839 0.000000 0.088352
vn 0.002311 -0.000000 0.099973
vn 0.002311 -0.000000 0.099973
vn 0.007649 -0.000000 0.099707
vn 0.007649 -0.000000 0.099707
vn 0.015308 -0.000000 0.098821
vn 0.015308 -0.000000 0.098821
vn 0.024230 -0.000000 0.097020
vn 0.024230 -0.000000 0.097020
vn 0.034609 -0.000000 0.093820
vn 0.034609 -0.000000 0.093820
vn 0.045630 -0.000000 0.088983
vn 0.045630 -0.000000 0.088983
vn 0.057133 -0.000000 0.082072
vn 0.057133 -0.000000 0.082072
vn 0.068199 -0.000000 0.073136
vn 0.068199 -0.000000 0.073136
vn 0.078117 -0.000000 0.062432
vn 0.078117 -0.000000 0.062432
vn 0.086337 -0.000000 0.050457
vn 0.086337 -0.000000 0.050457
vn 0.092403 -0.000000 0.038232
vn 0.092403 -0.000000 0.038232
vn 0.096466 -0.000000 0.026348
vn 0.096466 -0.000000 0.026348
vn 0.098692 -0.000000 0.016120
vn 0.098692 -0.000000 0.016120
vn 0.099705 -0.000000 0.007681
vn 0.099705 -0.000000 0.007681
vn 0.099976 -0.000000 0.002175
vn 0.099976 -0.000000 0.002175
vn -0.000000 -0.100000 0.000000
vn -0.000000 -0.100000 0.000000
vn -0.000000 -0.100000 0.000000
vn -0.000000 -0.100000 0.000000
vn -0.000000 -0.100000 0.000000
vn -0.000000 -0.100000 0.000000
vn -0.000000 -0.100000 0.000000
vn -0.000000 -0.100000 0.000000
vn -0.000000 -0.100000 0.000000
vn -0.000000 -0.100000 0.000000
vn -0.000000 -0.100000 0.000000
vn -0.000000 -0.100000 0.000000
vn -0.000000 -0.100000 0.000000
vn -0.000000 -0.100000 0.000000
vn -0.000000 -0.100000 0.000000
vn -0.000000 -0.100000 0.000000
vn -0.000000 -0.100000 0.000000
vn -0.000000 -0.100000 0.000000
vn -0.000000 -0.100000 0.000000
vn -0.000000 -0.100000 0.000000
vn -0.000000 -0.100000 0.000000
vn -0.000000 -0.100000 0.000000
vn -0.000000 -0.100000 0.000000
vn -0.000000 -0.100000 0.000000
vn -0.000000 -0.100000 0.000000
vn -0.000000 -0.100000 0.000000
vn -0.000000 -0.100000 0.000000
vn -0.000000 -0.100000 0.000000
vn -0.000000 -0.100000 0.000000
vn -0.000000 -0.100000 0.000000
vn 0.100000 -0.000000 -0.000000
vn 0.100000 -0.000000 -0.000000
vn 0.100000 -0.000000 -0.000000
vn 0.100000 -0.000000 -0.000000
vn 0.100000 -0.000000 -0.000000
vn 0.100000 -0.000000 -0.000000
vn 0.100000 -0.000000 -0.000000
vn 0.000000 0.100000 -0.000000
vn 0.000000 0.100000 -0.000000
vn 0.000000 0.100000 -0.000000
vn 0.000000 0.100000 -0.000000
vn 0.000000 0.100000 -0.000000
vn 0.000000 0.100000 -0.000000
vn 0.000000 0.100000 -0.000000
vn 0.000000 0.100000 -0.000000
vn 0.000000 0.100000 -0.000000
vn 0.000000 0.100000 -0.000000
vn 0.000000 0.100000 -0.000000
vn 0.000000 0.100000 -0.000000
vn 0.000000 0.100000 -0.000000
vn 0.000000 0.100000 -0.000000
vn 0.000000 0.100000 -0.000000
vn 0.000000 0.100000 -0.000000
vn 0.000000 0.100000 -0.000000
vn 0.000000 0.100000 -0.000000
vn 0.000000 0.100000 -0.000000
vn 0.000000 0.100000 -0.000000
vn 0.000000 0.100000 -0.000000
vn 0.000000 0.100000 -0.000000
vn 0.000000 0.100000 -0.000000
vn 0.000000 0.100000 -0.000000
vn 0.000000 0.100000 -0.000000
vn 0.000000 0.100000 -0.000000
vn 0.000000 0.100000 -0.000000
vn 0.000000 0.100000 -0.000000
vn 0.000000 0.100000 -0.000000
vn 0.000000 0.100000 -0.000000
vn 0.100000 -0.000000 -0.000000
vn 0.100000 -0.000000 -0.000000
vn 0.099254 -0.000000 0.012192
vn 0.099254 -0.000000 0.012192
vn 0.097027 -0.000000 0.024202
vn 0.097027 -0.000000 0.024202
vn 0.093352 -0.000000 0.035852
vn 0.093352 -0.000000 0.035852
vn 0.088285 -0.000000 0.046966
vn 0.088285 -0.000000 0.046966
vn 0.081900 -0.000000 0.057379
vn 0.081900 -0.000000 0.057379
vn 0.074293 -0.000000 0.066937
vn 0.074293 -0.000000 0.066937
vn 0.065578 -0.000000 0.075495
vn 0.065578 -0.000000 0.075495
vn 0.055884 -0.000000 0.082927
vn 0.055884 -0.000000 0.082927
vn 0.045357 -0.000000 0.089122
vn 0.045357 -0.000000 0.089122
vn 0.034152 -0.000000 0.093987
vn 0.034152 -0.000000 0.093987
vn 0.022438 -0.000000 0.097450
vn 0.022438 -0.000000 0.097450
vn 0.010390 -0.000000 0.099459
vn 0.010390 -0.000000 0.099459
vn 0.010390 -0.000000 0.099459
vn 0.100000 -0.000000 -0.000000
vn 0.100000 -0.000000 -0.000000
vn 0.100000 -0.000000 -0.000000
vn 0.100000 -0.000000 -0.000000
vn 0.100000 -0.000000 -0.000000
vn -0.000000 0.000000 0.100000
vn -0.000000 0.000000 0.100000
vn -0.000000 0.000000 0.100000
vn -0.000000 0.000000 0.100000
vn 0.100000 -0.000000 -0.000000
vn 0.099982 -0.000000 0.001903
vn 0.100000 -0.000000 -0.000000
vn 0.099976 -0.000000 0.002175
vn 0.099778 -0.000000 0.006666
vn 0.099705 -0.000000 0.007682
vn 0.098999 -0.000000 0.014111
vn 0.098692 -0.000000 0.016120
vn 0.097279 -0.000000 0.023168
vn 0.096466 -0.000000 0.026348
vn 0.094126 -0.000000 0.033769
vn 0.092403 -0.000000 0.038232
vn 0.089254 -0.000000 0.045096
vn 0.086337 -0.000000 0.050457
vn 0.082604 -0.000000 0.056361
vn 0.078117 -0.000000 0.062432
vn 0.074163 -0.000000 0.067081
vn 0.068199 -0.000000 0.073136
vn 0.064536 -0.000000 0.076388
vn 0.057133 -0.000000 0.082072
vn 0.054012 -0.000000 0.084159
vn 0.045629 -0.000000 0.088983
vn 0.043440 -0.000000 0.090072
vn 0.034609 -0.000000 0.093820
vn 0.033297 -0.000000 0.094294
vn 0.024230 -0.000000 0.097020
vn 0.023761 -0.000000 0.097136
vn 0.015308 -0.000000 0.098821
vn 0.015510 -0.000000 0.098790
vn 0.008320 -0.000000 0.099653
vn 0.007650 -0.000000 0.099707
vn 0.003023 -0.000000 0.099954
vn 0.002312 -0.000000 0.099973
vn 0.002597 -0.000000 0.099966
vn 0.001675 -0.000000 0.099986
vn 0.003017 -0.000000 0.099954
vn 0.003023 -0.000000 0.099954
vn 0.003023 -0.000000 0.099954
vn 0.003023 -0.000000 0.099954
vn 0.003023 -0.000000 0.099954
vn 0.000637 -0.000000 0.099998
vn 0.000000 -0.000000 0.100000
vn 0.000000 -0.000000 0.100000
vn 0.000000 0.100000 -0.000000
vn 0.000000 0.100000 -0.000000
vn 0.000000 0.100000 -0.000000
vn 0.000000 0.100000 -0.000000
vn 0.000000 0.100000 -0.000000
vn 0.000000 0.100000 -0.000000
vn 0.000000 0.100000 -0.000000
vn 0.000000 0.100000 -0.000000
vn 0.000000 0.100000 -0.000000
vn 0.000000 0.100000 -0.000000
vn 0.000000 0.100000 -0.000000
vn 0.000000 0.100000 -0.000000
vn 0.000000 0.100000 -0.000000
vn 0.000000 0.100000 -0.000000
vn 0.000000 0.100000 -0.000000
vn 0.000000 0.100000 -0.000000
vn 0.000000 0.100000 -0.000000
vn 0.000000 0.100000 -0.000000
vn 0.000000 0.100000 -0.000000
vn 0.000000 0.100000 -0.000000
vn 0.000000 0.100000 -0.000000
vn 0.000000 0.100000 -0.000000
vn 0.000000 0.100000 -0.000000
vn 0.000000 0.100000 -0.000000
vn 0.000000 0.100000 -0.000000
vn 0.000000 0.100000 -0.000000
vn 0.000000 0.100000 -0.000000
vn 0.000000 0.100000 -0.000000
vn 0.000000 0.100000 -0.000000
vn 0.000000 0.100000 -0.000000
vn -0.100000 0.000000 0.000000
vn -0.100000 0.000000 0.000000
vn -0.100000 0.000000 0.000000
vn -0.100000 0.000000 0.000000
vn -0.100000 0.000000 0.000000
vn -0.100000 0.000000 0.000000
vn -0.100000 0.000000 0.000000
vn -0.100000 0.000000 0.000000
vn -0.100000 0.000000 0.000000
vn -0.010390 0.000000 0.099459
vn -0.010390 0.000000 0.099459
vn -0.022438 0.000000 0.097450
vn -0.022438 0.000000 0.097450
vn -0.034152 0.000000 0.093987
vn -0.034152 0.000000 0.093987
vn -0.045357 0.000000 0.089122
vn -0.045357 0.000000 0.089122
vn -0.055884 0.000000 0.082927
vn -0.055884 0.000000 0.082927
vn -0.065578 0.000000 0.075495
vn -0.065578 0.000000 0.075495
vn -0.074293 0.000000 0.066937
vn -0.074293 0.000000 0.066937
vn -0.081900 0.000000 0.057379
vn -0.081900 0.000000 0.057379
vn -0.088285 0.000000 0.046966
vn -0.088285 0.000000 0.046966
vn -0.093352 0.000000 0.035852
vn -0.093352 0.000000 0.035852
vn -0.097027 0.000000 0.024202
vn -0.097027 0.000000 0.024202
vn -0.099254 0.000000 0.012192
vn -0.099254 0.000000 0.012192
vn -0.100000 0.000000 -0.000000
vn -0.100000 0.000000 -0.000000
vn -0.010390 0.000000 0.099459
vn -0.000000 -0.100000 0.000000
vn -0.000000 -0.100000 0.000000
vn -0.000000 -0.100000 0.000000
vn -0.000000 -0.100000 0.000000
vn -0.000000 -0.100000 0.000000
vn -0.000000 -0.100000 0.000000
vn -0.000000 -0.100000 0.000000
vn -0.000000 -0.100000 0.000000
vn -0.000000 -0.100000 0.000000
vn -0.000000 -0.100000 0.000000
vn -0.000000 -0.100000 0.000000
vn -0.000000 -0.100000 0.000000
vn -0.000000 -0.100000 0.000000
vn -0.000000 -0.100000 0.000000
vn -0.000000 -0.100000 0.000000
vn -0.000000 -0.100000 0.000000
vn -0.000000 -0.100000 0.000000
vn -0.000000 -0.100000 0.000000
vn -0.000000 -0.100000 0.000000
vn -0.000000 -0.100000 0.000000
vn -0.000000 -0.100000 0.000000
vn -0.000000 -0.100000 0.000000
vn -0.000000 -0.100000 0.000000
vn -0.000000 -0.100000 0.000000
vn -0.000000 -0.100000 0.000000
vn -0.000000 -0.100000 0.000000
vn -0.000000 -0.100000 0.000000
vn -0.000000 -0.100000 0.000000
vn -0.000000 -0.100000 0.000000
vn -0.000000 -0.100000 0.000000
vn -0.000000 -0.100000 0.000000
vn -0.000000 -0.100000 0.000000
vn -0.000000 -0.100000 0.000000
vn -0.000000 -0.100000 0.000000
vn -0.000000 -0.100000 0.000000
vn -0.000000 -0.100000 0.000000
vn -0.080000 -0.060000 0.000000
vn -0.080000 -0.060000 0.000000
vn -0.057957 -0.081492 0.000000
vn -0.057957 -0.081492 0.000000
vn -0.030420 -0.095261 0.000000
vn -0.030420 -0.095261 0.000000
vn 0.000000 -0.100000 -0.000000
vn -0.000000 -0.100000 0.000000
vn -0.080000 -0.060000 0.000000
vn -0.080000 -0.060000 0.000000
vn -0.080000 -0.060000 0.000000
vn -0.080000 -0.060000 0.000000
vn -0.100000 -0.000000 -0.000000
vn -0.100000 0.000000 -0.000000
vn -0.097708 -0.021286 -0.000000
vn -0.094868 -0.031623 0.000000
vn -0.090938 -0.041596 0.000000
vn -0.080000 -0.060000 0.000000
vn -0.090938 -0.041596 0.000000
vn -0.080000 -0.060000 0.000000
vn -0.097708 -0.021286 -0.000000
vn 0.080000 0.060000 0.000072
vn 0.094868 0.031623 0.000085
vn 0.080000 0.060000 0.000000
vn 0.095222 0.030541 0.000038
vn 0.091007 0.041446 0.000000
vn 0.097673 0.021447 0.000000
vn 0.100000 0.000000 0.000090
vn 0.100000 -0.000000 0.000000
vn 0.080000 0.060000 0.000000
vn 0.080000 0.060000 0.000072
vn 0.080000 0.060000 0.000032
vn 0.080000 0.060000 0.000072
vn 0.080000 0.060000 -0.000000
vn -0.000000 0.100000 -0.000000
vn -0.000000 0.100000 -0.000000
vn 0.041936 0.090782 0.000004
vn 0.044721 0.089443 0.000040
vn 0.080000 0.060000 0.000072
vn 0.080000 0.060000 0.000000
vn 0.057552 0.081779 0.000000
vn 0.030892 0.095109 0.000000
vn 0.080000 0.060000 -0.000000
vn 0.080000 0.060000 -0.000000
vn 0.090938 0.041596 -0.000000
vn 0.094868 0.031623 -0.000000
vn 0.097708 0.021286 -0.000000
vn 0.100000 0.000000 -0.000000
vn 0.097708 0.021286 -0.000000
vn 0.100000 0.000000 -0.000000
vn 0.090938 0.041596 -0.000000
vn 0.080000 0.060000 -0.000000
vn 0.080000 0.060000 -0.000000
vn 0.080000 0.060000 -0.000000
vn 0.080000 0.060000 -0.000000
vn 0.000000 0.100000 -0.000000
vn 0.030420 0.095261 -0.000000
vn 0.000000 0.100000 -0.000000
vn 0.030420 0.095261 -0.000000
vn 0.057957 0.081492 -0.000000
vn 0.057957 0.081492 -0.000000
vn 0.080000 0.060000 -0.000000
vn 0.080000 0.060000 -0.000000
vn 0.000000 0.100000 -0.000000
vn 0.000000 0.100000 -0.000000
vn 0.000000 0.100000 -0.000000
vn 0.000000 0.100000 -0.000000
vn -0.080000 0.060000 0.000000
vn -0.057957 0.081492 0.000000
vn -0.080000 0.060000 0.000000
vn -0.057957 0.081492 0.000000
vn -0.030420 0.095261 0.000000
vn -0.030420 0.095261 0.000000
vn 0.000000 0.100000 -0.000000
vn -0.000000 0.100000 0.000000
vn -0.080000 0.060000 -0.000000
vn -0.080000 0.060000 -0.000000
vn -0.080000 0.060000 -0.000000
vn -0.080000 0.060000 -0.000000
vn -0.100000 0.000000 -0.000000
vn -0.100000 0.000000 -0.000000
vn -0.097708 0.021286 -0.000000
vn -0.094868 0.031623 -0.000000
vn -0.090938 0.041596 -0.000000
vn -0.080000 0.060000 -0.000000
vn -0.090938 0.041596 -0.000000
vn -0.080000 0.060000 -0.000000
vn -0.097708 0.021286 -0.000000
vn -0.100000 0.000000 0.000000
vn -0.100000 0.000000 0.000000
vn -0.100000 0.000000 0.000000
vn -0.100000 0.000000 0.000000
vn -0.080000 -0.060000 0.000000
vn -0.080000 -0.060000 -0.000087
vn -0.095222 -0.030541 -0.000045
vn -0.094868 -0.031623 -0.000103
vn -0.100000 0.000000 -0.000109
vn -0.100000 0.000000 0.000000
vn -0.097673 -0.021447 0.000000
vn -0.091007 -0.041446 0.000000
vn -0.080000 -0.060000 0.000000
vn -0.080000 -0.060000 -0.000086
vn -0.080000 -0.060000 -0.000038
vn -0.080000 -0.060000 -0.000087
vn -0.080000 -0.060000 0.000000
vn 0.000000 -0.100000 0.000000
vn -0.000000 -0.100000 -0.000000
vn -0.041936 -0.090782 -0.000005
vn -0.044721 -0.089443 -0.000048
vn -0.057552 -0.081779 0.000000
vn -0.080000 -0.060000 -0.000086
vn -0.080000 -0.060000 0.000000
vn -0.030892 -0.095109 0.000000
vn 0.100000 -0.000000 0.000090
vn 0.100000 -0.000000 0.000090
vn 0.100000 -0.000000 0.000000
vn 0.100000 -0.000000 0.000090
vn 0.095222 -0.030541 0.000010
vn 0.094868 -0.031623 0.000085
vn 0.091007 -0.041446 0.000000
vn 0.080000 -0.060000 0.000072
vn 0.080000 -0.060000 0.000000
vn 0.097673 -0.021447 0.000000
vn 0.080000 -0.060000 -0.000000
vn 0.080000 -0.060000 0.000072
vn 0.080000 -0.060000 0.000008
vn 0.080000 -0.060000 0.000072
vn 0.080000 -0.060000 -0.000000
vn 0.080000 -0.060000 0.000072
vn 0.044721 -0.089443 0.000040
vn 0.080000 -0.060000 0.000000
vn 0.041936 -0.090782 0.000017
vn 0.057552 -0.081779 0.000000
vn 0.030892 -0.095109 0.000000
vn 0.000000 -0.100000 0.000000
vn 0.000000 -0.100000 0.000000
vn 0.086603 0.050000 -0.000000
vn 0.086603 0.050000 -0.000000
vn 0.100000 -0.000000 -0.000000
vn 0.100000 -0.000000 -0.000000
vn 0.086603 -0.050000 0.000000
vn 0.086603 -0.050000 0.000000
vn 0.050000 -0.086603 0.000000
vn 0.050000 -0.086603 0.000000
vn 0.000000 -0.100000 0.000000
vn 0.000000 -0.100000 0.000000
vn -0.050000 -0.086603 0.000000
vn -0.050000 -0.086603 0.000000
vn -0.086603 -0.050000 0.000000
vn -0.086603 -0.050000 0.000000
vn -0.100000 0.000000 0.000000
vn -0.100000 0.000000 0.000000
vn -0.086603 0.050000 -0.000000
vn -0.086603 0.050000 -0.000000
vn -0.050000 0.086603 -0.000000
vn -0.050000 0.086603 -0.000000
vn 0.000000 0.100000 -0.000000
vn 0.000000 0.100000 -0.000000
vn 0.050000 0.086603 -0.000000
vn 0.050000 0.086603 -0.000000
vn -0.000000 -0.000000 -0.100000
vn -0.000000 -0.000000 -0.100000
vn -0.000000 -0.000000 -0.100000
vn -0.000000 -0.000000 -0.100000
vn -0.000000 -0.000000 -0.100000
vn -0.000000 -0.000000 -0.100000
vn -0.000000 -0.000000 -0.100000
vn -0.000000 -0.000000 -0.100000
vn -0.000000 -0.000000 -0.100000
vn -0.000000 -0.000000 -0.100000
vn -0.000000 -0.000000 -0.100000
vn -0.000000 -0.000000 -0.100000
vn -0.000000 -0.000000 -0.100000
vn -0.000000 -0.000000 -0.100000
vn -0.000000 -0.000000 -0.100000
vn -0.000000 -0.000000 -0.100000
vn -0.000000 -0.000000 -0.100000
vn -0.000000 -0.000000 -0.100000
vn -0.000000 -0.000000 -0.100000
vn -0.000000 -0.000000 -0.100000
vn -0.000000 -0.000000 -0.100000
vn -0.000000 -0.000000 -0.100000
vn -0.000000 -0.000000 -0.100000
vn -0.000000 -0.000000 -0.100000
vn -0.000000 -0.000000 -0.100000
vn -0.092793 0.037276 -0.000000
vn -0.088546 0.046472 -0.000000
vn -0.098657 0.016336 -0.000000
vn -0.100000 0.000000 -0.000000
vn -0.099804 -0.006253 0.000000
vn -0.095948 -0.028176 0.000000
vn -0.088546 -0.046472 0.000000
vn -0.076880 -0.063949 0.000000
vn -0.056806 -0.082298 0.000000
vn -0.048877 -0.087241 0.000000
vn -0.012054 -0.099271 0.000000
vn -0.016061 -0.098702 0.000000
vn 0.018966 -0.098185 0.000000
vn 0.035460 -0.093502 0.000000
vn 0.053299 -0.084612 0.000000
vn 0.074851 -0.066312 0.000000
vn 0.082257 -0.056866 0.000000
vn 0.097094 -0.023932 0.000000
vn 0.098640 -0.016435 0.000000
vn 0.099803 0.006277 -0.000000
vn 0.097094 0.023932 -0.000000
vn 0.095847 0.028518 -0.000000
vn 0.074851 0.066312 -0.000000
vn 0.075177 0.065942 -0.000000
vn 0.044082 0.089760 -0.000000
vn 0.035460 0.093502 -0.000000
vn 0.009191 0.099577 -0.000000
vn -0.012054 0.099271 -0.000000
vn -0.025471 0.096702 -0.000000
vn -0.057022 0.082149 -0.000000
vn -0.057193 0.082030 -0.000000
vn -0.083285 0.055350 -0.000000
vn -0.088546 -0.046472 0.000000
vn -0.100000 0.000000 0.000000
vn -0.088546 0.046472 -0.000000
vn -0.056806 -0.082298 0.000000
vn -0.012054 -0.099271 0.000000
vn 0.035460 -0.093502 0.000000
vn 0.074851 -0.066312 0.000000
vn 0.097094 -0.023932 0.000000
vn 0.097094 0.023932 -0.000000
vn 0.074851 0.066312 -0.000000
vn 0.035460 0.093502 -0.000000
vn -0.012054 0.099271 -0.000000
vn -0.056806 0.082298 -0.000000
vn -0.000000 0.000000 0.100000
vn -0.000000 0.000000 0.100000
vn -0.000000 0.000000 0.100000
vn -0.000000 0.000000 0.100000
vn -0.000000 0.000000 0.100000
vn -0.000000 0.000000 0.100000
vn -0.000000 0.000000 0.100000
vn -0.000000 0.000000 0.100000
vn -0.000000 0.000000 0.100000
vn -0.000000 0.000000 0.100000
vn -0.000000 0.000000 0.100000
vn -0.000000 0.000000 0.100000
vn -0.000000 0.000000 0.100000
vn -0.000000 0.000000 0.100000
vn -0.000000 0.000000 0.100000
vn -0.000000 0.000000 0.100000
vn -0.000000 0.000000 0.100000
vn -0.000000 0.000000 0.100000
vn -0.000000 0.000000 0.100000
vn -0.000000 0.000000 0.100000
vn -0.000000 0.000000 0.100000
vn -0.000000 0.000000 0.100000
vn -0.000000 0.000000 0.100000
vn -0.000000 0.000000 0.100000
vn -0.000000 0.000000 0.100000
vn -0.008314 0.000000 0.099654
vn -0.007648 0.000000 0.099707
vn -0.003044 0.000000 0.099954
vn -0.002333 0.000000 0.099973
vn -0.002618 0.000000 0.099966
vn -0.001696 0.000000 0.099986
vn -0.000653 0.000000 0.099998
vn -0.015267 0.000000 0.098828
vn -0.015469 0.000000 0.098796
vn -0.023725 0.000000 0.097145
vn -0.024194 0.000000 0.097029
vn -0.033303 0.000000 0.094292
vn -0.034620 0.000000 0.093816
vn -0.043470 0.000000 0.090057
vn -0.045659 0.000000 0.088968
vn -0.054030 0.000000 0.084148
vn -0.057141 0.000000 0.082067
vn -0.064529 0.000000 0.076394
vn -0.068189 0.000000 0.073146
vn -0.074153 0.000000 0.067092
vn -0.078111 0.000000 0.062439
vn -0.082606 0.000000 0.056358
vn -0.086342 0.000000 0.050449
vn -0.089261 0.000000 0.045084
vn -0.092408 0.000000 0.038220
vn -0.094129 0.000000 0.033759
vn -0.096467 0.000000 0.026345
vn -0.097280 0.000000 0.023166
vn -0.098692 0.000000 0.016121
vn -0.098999 0.000000 0.014112
vn -0.099705 0.000000 0.007681
vn -0.099778 0.000000 0.006665
vn -0.099976 0.000000 0.002174
vn -0.099982 0.000000 0.001902
vn -0.100000 0.000000 0.000000
vn -0.100000 0.000000 0.000000
vn -0.100000 0.000000 0.000000
vn -0.100000 0.000000 -0.000000
vn -0.003038 0.000000 0.099954
vn -0.003044 0.000000 0.099954
vn -0.086603 -0.050000 0.000000
vn -0.092372 -0.038306 0.000000
vn -0.100000 0.000000 0.000000
vn -0.100000 0.000000 0.000000
vn -0.092372 0.038306 0.000000
vn -0.070693 -0.070728 0.000000
vn -0.050000 -0.086603 0.000000
vn -0.038266 -0.092389 0.000000
vn 0.000000 -0.100000 -0.000000
vn 0.000000 -0.100000 -0.000000
vn 0.038265 -0.092389 -0.000000
vn 0.050000 -0.086603 -0.000000
vn 0.070693 -0.070729 -0.000000
vn 0.086603 -0.050000 -0.000000
vn 0.092372 -0.038306 -0.000000
vn 0.100000 -0.000000 -0.000000
vn 0.100000 -0.000001 -0.000000
vn 0.092373 0.038305 -0.000000
vn 0.086603 0.050000 -0.000000
vn 0.070694 0.070727 -0.000000
vn 0.050000 0.086603 -0.000000
vn 0.038267 0.092388 -0.000000
vn 0.000000 0.100000 -0.000000
vn 0.000000 0.100000 -0.000000
vn -0.038266 0.092389 0.000000
vn -0.050000 0.086603 0.000000
vn -0.070693 0.070728 0.000000
vn -0.086603 0.050000 0.000000
vn -0.000000 0.000000 -0.100000
vn -0.000000 0.000000 -0.100000
vn -0.000000 0.000000 -0.100000
vn -0.000000 0.000000 -0.100000
vn -0.000000 0.000000 -0.100000
vn -0.000000 0.000000 -0.100000
vn -0.000000 0.000000 -0.100000
vn -0.000000 0.000000 -0.100000
vn -0.000000 0.000000 -0.100000
vn -0.000000 0.000000 -0.100000
vn -0.000000 0.000000 -0.100000
vn -0.000000 0.000000 -0.100000
vn -0.000000 0.000000 -0.100000
vn -0.000000 0.000000 -0.100000
vn -0.000000 0.000000 -0.100000
vn -0.000000 0.000000 -0.100000
vn -0.000000 0.000000 -0.100000
vn -0.000000 0.000000 -0.100000
vn -0.000000 0.000000 -0.100000
vn -0.000000 0.000000 -0.100000
vn -0.000000 0.000000 -0.100000
vn -0.000000 0.000000 -0.100000
vn -0.000000 0.000000 -0.100000
vn -0.000000 0.000000 -0.100000
vn 0.000000 -0.000000 -0.100000
vn 0.000155 -0.000000 -0.100000
vn 0.000000 -0.000000 -0.100000
vn 0.000488 -0.000000 -0.099999
vn 0.002291 -0.000000 -0.099974
vn 0.000791 -0.000000 -0.099997
vn 0.002291 -0.000000 -0.099974
vn 0.000912 -0.000000 -0.099996
vn 0.002291 -0.000000 -0.099974
vn 0.000791 -0.000000 -0.099997
vn 0.000488 -0.000000 -0.099999
vn 0.000000 -0.000000 -0.100000
vn 0.000155 -0.000000 -0.100000
vn 0.000000 -0.000000 -0.100000
vn 0.007726 -0.000000 -0.099701
vn 0.007726 -0.000000 -0.099701
vn 0.015222 -0.000000 -0.098835
vn 0.015222 -0.000000 -0.098835
vn 0.024284 -0.000000 -0.097007
vn 0.024284 -0.000000 -0.097007
vn 0.034567 -0.000000 -0.093836
vn 0.034567 -0.000000 -0.093836
vn 0.045685 -0.000000 -0.088954
vn 0.045685 -0.000000 -0.088954
vn 0.056533 -0.000000 -0.082487
vn 0.057116 -0.000000 -0.082084
vn 0.056628 -0.000000 -0.082421
vn 0.057985 -0.000000 -0.081472
vn 0.060411 -0.000000 -0.079690
vn 0.062741 -0.000000 -0.077869
vn 0.063331 -0.000000 -0.077390
vn 0.066353 -0.000000 -0.074815
vn 0.068180 -0.000000 -0.073154
vn 0.069219 -0.000000 -0.072171
vn 0.071685 -0.000000 -0.069723
vn 0.073340 -0.000000 -0.067980
vn 0.073372 -0.000000 -0.067945
vn 0.073714 -0.000000 -0.067574
vn 0.078132 -0.000000 -0.062413
vn 0.078132 -0.000000 -0.062413
vn 0.082481 -0.000000 -0.056540
vn 0.082481 -0.000000 -0.056540
vn 0.086332 -0.000000 -0.050465
vn 0.086332 -0.000000 -0.050465
vn 0.092430 -0.000000 -0.038166
vn 0.092430 -0.000000 -0.038166
vn 0.096444 -0.000000 -0.026432
vn 0.096444 -0.000000 -0.026432
vn 0.098699 -0.000000 -0.016075
vn 0.098699 -0.000000 -0.016075
vn 0.099698 -0.000000 -0.007768
vn 0.099698 -0.000000 -0.007768
vn 0.099977 -0.000000 -0.002138
vn 0.099977 -0.000000 -0.002138
vn 0.073340 -0.000000 -0.067980
vn 0.073612 -0.000000 -0.067685
vn 0.073093 -0.000000 -0.068246
vn 0.072251 -0.000000 -0.069136
vn 0.069950 -0.000000 -0.071463
vn 0.068180 -0.000000 -0.073154
vn 0.067173 -0.000000 -0.074080
vn 0.064170 -0.000000 -0.076696
vn 0.062741 -0.000000 -0.077869
vn 0.062741 -0.000000 -0.077869
vn 0.061190 -0.000000 -0.079093
vn 0.057116 -0.000000 -0.082084
vn 0.058575 -0.000000 -0.081049
vn 0.057116 -0.000000 -0.082084
vn 0.056859 -0.000000 -0.082262
vn 0.045685 -0.000000 -0.088954
vn 0.034567 -0.000000 -0.093836
vn 0.024284 -0.000000 -0.097007
vn 0.015222 -0.000000 -0.098835
vn 0.007726 -0.000000 -0.099701
vn -0.000155 0.000000 -0.100000
vn -0.000488 0.000000 -0.099999
vn -0.000791 0.000000 -0.099997
vn -0.000912 0.000000 -0.099996
vn -0.002291 0.000000 -0.099974
vn -0.002291 0.000000 -0.099974
vn -0.007726 0.000000 -0.099701
vn -0.000791 0.000000 -0.099997
vn -0.000488 0.000000 -0.099999
vn -0.000155 0.000000 -0.100000
vn -0.007726 0.000000 -0.099701
vn -0.015222 0.000000 -0.098835
vn -0.015222 0.000000 -0.098835
vn -0.024284 0.000000 -0.097007
vn -0.024284 0.000000 -0.097007
vn -0.034567 0.000000 -0.093836
vn -0.034567 0.000000 -0.093836
vn -0.045685 0.000000 -0.088954
vn -0.045685 0.000000 -0.088954
vn -0.057116 0.000000 -0.082084
vn -0.057116 0.000000 -0.082084
vn -0.062741 0.000000 -0.077869
vn -0.062741 0.000000 -0.077869
vn -0.068180 0.000000 -0.073154
vn -0.068180 0.000000 -0.073154
vn -0.073340 0.000000 -0.067980
vn -0.073340 0.000000 -0.067980
vn -0.078132 0.000000 -0.062413
vn -0.078132 0.000000 -0.062413
vn -0.082481 0.000000 -0.056540
vn -0.082481 0.000000 -0.056540
vn -0.086332 0.000000 -0.050465
vn -0.086332 0.000000 -0.050465
vn -0.092430 0.000000 -0.038166
vn -0.092430 0.000000 -0.038166
vn -0.096444 0.000000 -0.026432
vn -0.096444 0.000000 -0.026432
vn -0.098699 0.000000 -0.016075
vn -0.098699 0.000000 -0.016075
vn -0.099698 0.000000 -0.007768
vn -0.099698 0.000000 -0.007768
vn -0.099977 0.000000 -0.002138
vn -0.099977 0.000000 -0.002138
vn -0.100000 0.000000 0.000000
vn -0.086603 0.050000 -0.000000
vn -0.086603 0.050000 -0.000000
vn -0.100000 0.000000 -0.000000
vn -0.100000 0.000000 -0.000000
vn -0.086603 -0.050000 0.000000
vn -0.086603 -0.050000 0.000000
vn -0.050000 -0.086603 0.000000
vn -0.050000 -0.086603 0.000000
vn -0.000000 -0.100000 0.000000
vn -0.000000 -0.100000 0.000000
vn 0.050000 -0.086603 0.000000
vn 0.050000 -0.086603 0.000000
vn 0.086603 -0.050000 0.000000
vn 0.086603 -0.050000 0.000000
vn 0.100000 -0.000000 -0.000000
vn 0.100000 -0.000000 -0.000000
vn 0.086603 0.050000 -0.000000
vn 0.086603 0.050000 -0.000000
vn 0.050000 0.086603 -0.000000
vn 0.050000 0.086603 -0.000000
vn -0.000000 0.100000 -0.000000
vn -0.000000 0.100000 -0.000000
vn -0.050000 0.086603 -0.000000
vn -0.050000 0.086603 -0.000000
vn 0.099875 -0.004994 0.000000
vn 0.100000 -0.000000 0.000000
vn 0.100000 -0.000000 0.000000
vn 0.099875 0.004994 -0.000000
vn 0.093247 0.036124 -0.000000
vn 0.090877 0.041729 -0.000000
vn 0.073901 0.067370 -0.000000
vn 0.068924 0.072454 -0.000000
vn 0.044574 0.089516 -0.000000
vn 0.037139 0.092848 -0.000000
vn 0.009227 0.099573 -0.000000
vn -0.000000 0.100000 -0.000000
vn -0.027366 0.096183 -0.000000
vn -0.037139 0.092848 -0.000000
vn -0.060263 0.079802 -0.000000
vn -0.068924 0.072454 -0.000000
vn -0.085022 0.052643 -0.000000
vn -0.090877 0.041729 -0.000000
vn -0.098297 0.018375 -0.000000
vn -0.099875 0.004994 -0.000000
vn -0.100000 0.000000 -0.000000
vn -0.098297 -0.018375 0.000000
vn -0.099875 -0.004994 0.000000
vn -0.090877 -0.041729 0.000000
vn -0.085022 -0.052643 0.000000
vn -0.068921 -0.072457 0.000000
vn -0.060263 -0.079802 0.000000
vn -0.037141 -0.092847 0.000000
vn -0.027366 -0.096183 0.000000
vn -0.000000 -0.100000 0.000000
vn 0.009227 -0.099573 0.000000
vn 0.037141 -0.092847 0.000000
vn 0.044574 -0.089516 0.000000
vn 0.068921 -0.072457 0.000000
vn 0.073901 -0.067370 0.000000
vn 0.090877 -0.041729 0.000000
vn 0.093247 -0.036124 0.000000
vn 0.000000 0.000000 0.100000
vn 0.000000 0.000000 0.100000
vn 0.000000 0.000000 0.100000
vn 0.000000 0.000000 0.100000
vn 0.000000 0.000000 0.100000
vn 0.000000 0.000000 0.100000
vn 0.000000 0.000000 0.100000
vn 0.000000 0.000000 0.100000
vn 0.000000 0.000000 0.100000
vn 0.000000 0.000000 0.100000
vn 0.000000 0.000000 0.100000
vn 0.000000 0.000000 0.100000
vn 0.000000 0.000000 0.100000
vn 0.000000 0.000000 0.100000
vn 0.000000 0.000000 0.100000
vn 0.000000 0.000000 0.100000
vn 0.000000 0.000000 0.100000
vn 0.000000 0.000000 0.100000
vn 0.000000 0.000000 0.100000
vn 0.000000 0.000000 0.100000
vn 0.000000 0.000000 0.100000
vn 0.000000 0.000000 0.100000
vn 0.000000 0.000000 0.100000
vn 0.000000 0.000000 0.100000
vn 0.000000 0.000000 0.100000
vn 0.000000 0.000000 0.100000
vn 0.000000 0.000000 0.100000
vn 0.000000 0.000000 0.100000
vn 0.000000 0.000000 0.100000
vn 0.099976 -0.000000 0.002175
vn 0.099982 -0.000000 0.001902
vn 0.100000 -0.000000 -0.000000
vn 0.099778 -0.000000 0.006666
vn 0.099705 -0.000000 0.007681
vn 0.098999 -0.000000 0.014111
vn 0.098692 -0.000000 0.016120
vn 0.097279 -0.000000 0.023168
vn 0.096466 -0.000000 0.026348
vn 0.094126 -0.000000 0.033769
vn 0.092403 -0.000000 0.038232
vn 0.089254 -0.000000 0.045096
vn 0.086337 -0.000000 0.050457
vn 0.082604 -0.000000 0.056361
vn 0.078117 -0.000000 0.062432
vn 0.074163 -0.000000 0.067081
vn 0.068199 -0.000000 0.073136
vn 0.064536 -0.000000 0.076388
vn 0.057133 -0.000000 0.082072
vn 0.054012 -0.000000 0.084159
vn 0.045630 -0.000000 0.088983
vn 0.043440 -0.000000 0.090072
vn 0.034609 -0.000000 0.093820
vn 0.033297 -0.000000 0.094294
vn 0.024230 -0.000000 0.097020
vn 0.023761 -0.000000 0.097136
vn 0.015308 -0.000000 0.098821
vn 0.015509 -0.000000 0.098790
vn 0.008319 -0.000000 0.099653
vn 0.007649 -0.000000 0.099707
vn 0.003023 -0.000000 0.099954
vn 0.002596 -0.000000 0.099966
vn 0.003017 -0.000000 0.099954
vn 0.002311 -0.000000 0.099973
vn 0.001674 -0.000000 0.099986
vn 0.000637 -0.000000 0.099998
vn 0.003023 -0.000000 0.099954
vn 0.003023 -0.000000 0.099954
vn 0.003023 -0.000000 0.099954
vn 0.003023 -0.000000 0.099954
vn 0.001809 0.060000 0.079979
vn 0.000959 0.060000 0.079994
vn 0.000000 0.060000 0.080000
vn 0.000559 0.060000 0.079998
vn -0.000000 0.060000 0.080000
vn 0.006157 0.060000 0.079763
vn 0.004964 0.060000 0.079846
vn 0.002640 0.060001 0.079956
vn 0.002047 0.060000 0.079973
vn 0.011298 0.060000 0.079198
vn 0.012268 0.059999 0.079054
vn 0.019515 0.060000 0.077583
vn 0.019348 0.060000 0.077625
vn 0.024229 0.060006 0.076238
vn 0.027658 0.060008 0.075060
vn 0.029236 0.060008 0.074460
vn 0.034416 0.060001 0.072218
vn 0.034180 0.060001 0.072330
vn 0.039500 0.059995 0.069573
vn 0.039629 0.059995 0.069499
vn 0.044835 0.059995 0.066260
vn 0.044845 0.059995 0.066254
vn 0.050057 0.060000 0.062404
vn 0.045650 0.059995 0.065701
vn 0.054524 0.060003 0.058539
vn 0.036629 0.059998 0.071124
vn 0.062561 0.059998 0.049863
vn 0.059991 0.060000 0.052925
vn 0.055170 0.060003 0.057930
vn 0.050143 0.060000 0.062335
vn 0.064264 0.059997 0.047649
vn 0.069097 0.060001 0.040318
vn 0.067977 0.060001 0.042178
vn 0.071003 0.059999 0.036860
vn 0.068315 0.060001 0.041629
vn 0.071304 0.059999 0.036275
vn 0.073331 0.060000 0.031976
vn 0.073614 0.060001 0.031319
vn 0.075175 0.060003 0.027357
vn 0.075423 0.060003 0.026665
vn 0.076562 0.060001 0.023199
vn 0.077733 0.060000 0.018911
vn 0.078617 0.060000 0.014811
vn 0.079013 0.060000 0.012526
vn 0.079591 0.060000 0.008078
vn 0.079671 0.060000 0.007255
vn 0.079935 0.059999 0.003243
vn 0.079931 0.059999 0.003343
vn 0.079997 0.060002 0.000536
vn 0.079980 0.060001 0.001722
vn 0.079761 0.059999 0.006191
vn 0.078955 0.060000 0.012887
vn 0.077154 0.060000 0.021148
vn 0.073919 0.060001 0.030590
vn 0.064562 0.059997 0.047244
vn 0.060252 0.060000 0.052628
vn 0.055352 0.060003 0.057757
vn 0.028902 0.060008 0.074590
vn 0.023821 0.060006 0.076366
vn 0.014681 0.059997 0.078643
vn 0.010748 0.060001 0.079274
vn 0.007141 0.060000 0.079680
vn -0.000000 0.060000 0.080000
vn -0.000708 0.060002 0.079995
vn -0.001075 0.060003 0.079991
vn -0.002371 0.060002 0.079963
vn -0.003875 0.060001 0.079906
vn -0.007682 0.059999 0.079631
vn -0.008040 0.059999 0.079596
vn -0.013566 0.060001 0.078841
vn -0.012145 0.060001 0.079072
vn -0.020126 0.059998 0.077429
vn -0.001743 0.060003 0.079979
vn -0.005919 0.059999 0.079782
vn -0.029286 0.060001 0.074446
vn -0.027445 0.060000 0.075145
vn -0.020125 0.059998 0.077429
vn -0.015197 0.060000 0.078544
vn -0.035429 0.060000 0.071727
vn -0.039282 0.060000 0.069692
vn -0.043622 0.060000 0.067061
vn -0.044345 0.060000 0.066585
vn -0.049387 0.060000 0.062935
vn -0.051751 0.059999 0.061008
vn -0.054284 0.059998 0.058766
vn -0.059322 0.059999 0.053675
vn -0.058902 0.059999 0.054135
vn -0.063162 0.060001 0.049096
vn -0.065935 0.060001 0.045305
vn -0.066975 0.060000 0.043753
vn -0.070246 0.059998 0.038285
vn -0.071198 0.059998 0.036485
vn -0.072941 0.060000 0.032858
vn -0.074976 0.060001 0.027901
vn -0.076634 0.059999 0.022963
vn -0.077324 0.059998 0.020525
vn -0.078575 0.060000 0.015034
vn -0.078702 0.060000 0.014351
vn -0.079520 0.060000 0.008746
vn -0.079461 0.060000 0.009271
vn -0.079828 0.060000 0.005236
vn -0.079607 0.060000 0.007923
vn -0.079970 0.060000 0.002202
vn -0.079988 0.060000 0.001382
vn -0.080000 0.060000 0.000000
vn -0.080000 0.060000 0.000000
vn -0.079897 0.060000 0.004055
vn -0.078330 0.060000 0.016263
vn -0.077166 0.059998 0.021111
vn -0.075530 0.060001 0.026365
vn -0.073351 0.060000 0.031931
vn -0.070618 0.059998 0.037594
vn -0.067360 0.060000 0.043158
vn -0.063542 0.060001 0.048604
vn -0.059235 0.059999 0.053770
vn -0.054550 0.059998 0.058520
vn -0.049559 0.060000 0.062801
vn -0.044394 0.060000 0.066552
vn -0.039190 0.060000 0.069744
vn -0.033964 0.060001 0.072432
vn -0.028845 0.060001 0.074618
vn -0.023949 0.059999 0.076332
vn 0.080000 -0.060000 -0.000000
vn 0.080000 -0.060000 -0.000000
vn 0.079988 -0.060000 0.001382
vn 0.079982 -0.060000 0.001711
vn 0.079828 -0.060000 0.005236
vn 0.079758 -0.060000 0.006223
vn 0.079461 -0.060000 0.009271
vn 0.078963 -0.060001 0.012836
vn 0.078702 -0.060000 0.014351
vn 0.077157 -0.059998 0.021143
vn 0.077324 -0.059998 0.020525
vn 0.074975 -0.060001 0.027902
vn 0.076634 -0.059999 0.022962
vn 0.072941 -0.060000 0.032858
vn 0.071196 -0.059998 0.036488
vn 0.070246 -0.059998 0.038286
vn 0.065933 -0.060001 0.045308
vn 0.066975 -0.060000 0.043753
vn 0.063162 -0.060001 0.049096
vn 0.059319 -0.059999 0.053678
vn 0.058902 -0.059999 0.054136
vn 0.054284 -0.059998 0.058767
vn 0.051747 -0.059999 0.061011
vn 0.049387 -0.060000 0.062936
vn 0.043618 -0.060000 0.067063
vn 0.044345 -0.060000 0.066585
vn 0.039282 -0.060000 0.069692
vn 0.035425 -0.060001 0.071729
vn 0.029286 -0.060001 0.074446
vn 0.027441 -0.060001 0.075146
vn 0.020125 -0.059998 0.077429
vn 0.020122 -0.059998 0.077429
vn 0.013561 -0.060001 0.078842
vn 0.019478 -0.059998 0.077594
vn 0.012164 -0.060001 0.079069
vn 0.073949 -0.060001 0.030520
vn 0.069081 -0.059998 0.040348
vn 0.062507 -0.060001 0.049927
vn 0.054544 -0.059998 0.058526
vn 0.045684 -0.060000 0.065673
vn 0.036575 -0.060000 0.071149
vn 0.027594 -0.060001 0.075090
vn 0.008036 -0.059999 0.079596
vn 0.006142 -0.059999 0.079765
vn 0.003869 -0.060001 0.079906
vn 0.001880 -0.060003 0.079976
vn 0.001070 -0.060003 0.079991
vn -0.000000 -0.060000 0.080000
vn -0.000000 -0.060000 0.080000
vn 0.001740 -0.060003 0.079979
vn 0.005918 -0.059999 0.079782
vn 0.012144 -0.060001 0.079072
vn 0.078575 -0.060000 0.015033
vn 0.079520 -0.060000 0.008746
vn 0.079897 -0.060000 0.004055
vn -0.001808 -0.060001 0.079979
vn -0.000956 -0.060000 0.079994
vn -0.000556 -0.060000 0.079998
vn -0.006156 -0.060000 0.079762
vn -0.004963 -0.060000 0.079846
vn -0.002639 -0.060001 0.079956
vn -0.002047 -0.060001 0.079973
vn -0.011296 -0.060001 0.079198
vn -0.012265 -0.060000 0.079054
vn -0.019079 -0.060000 0.077692
vn -0.019354 -0.060000 0.077623
vn -0.027663 -0.060008 0.075059
vn -0.036622 -0.059997 0.071128
vn -0.033150 -0.060002 0.072807
vn -0.028246 -0.060007 0.074842
vn -0.023830 -0.060006 0.076364
vn -0.014681 -0.059998 0.078643
vn -0.045646 -0.059995 0.065704
vn -0.043071 -0.059994 0.067421
vn -0.038099 -0.059996 0.070349
vn -0.034175 -0.060001 0.072333
vn -0.028905 -0.060007 0.074590
vn -0.048037 -0.059998 0.063974
vn -0.054528 -0.060003 0.058535
vn -0.052951 -0.060003 0.059965
vn -0.057695 -0.060002 0.055417
vn -0.055352 -0.060003 0.057757
vn -0.060241 -0.060000 0.052640
vn -0.062062 -0.059999 0.050482
vn -0.064547 -0.059999 0.047264
vn -0.065842 -0.060000 0.045440
vn -0.068326 -0.060002 0.041609
vn -0.069208 -0.060001 0.040127
vn -0.071272 -0.060001 0.036335
vn -0.071787 -0.060001 0.035306
vn -0.073646 -0.060002 0.031241
vn -0.073912 -0.060002 0.030608
vn -0.075434 -0.060001 0.026638
vn -0.075531 -0.060001 0.026364
vn -0.077145 -0.060001 0.021181
vn -0.077150 -0.060001 0.021162
vn -0.078256 -0.060000 0.016612
vn -0.078958 -0.060000 0.012870
vn -0.079486 -0.060001 0.009046
vn -0.079760 -0.060000 0.006194
vn -0.079921 -0.060000 0.003541
vn -0.079980 -0.060002 0.001713
vn -0.079997 -0.060002 0.000529
vn -0.080000 -0.060000 0.000000
vn -0.080000 -0.060000 0.000000
vn -0.062545 -0.059999 0.049882
vn -0.069101 -0.060001 0.040310
vn -0.073953 -0.060002 0.030508
vn -0.079930 -0.060001 0.003334
vn -0.079669 -0.060001 0.007260
vn -0.079015 -0.060000 0.012516
vn -0.077733 -0.060001 0.018906
vn -0.050140 -0.060000 0.062338
vn -0.044829 -0.059995 0.066265
vn -0.039492 -0.059995 0.069578
vn -0.010747 -0.060001 0.079274
vn -0.007142 -0.060001 0.079680
vn 0.000000 0.100000 -0.000000
vn 0.000000 0.100000 -0.000000
vn 0.000000 0.100000 -0.000000
vn 0.000000 0.100000 -0.000000
vn 0.000000 0.100000 -0.000000
vn 0.000000 0.100000 -0.000000
vn 0.000000 0.100000 -0.000000
vn 0.000000 0.100000 -0.000000
vn 0.000000 0.100000 -0.000000
vn 0.000000 0.100000 -0.000000
vn 0.000000 0.100000 -0.000000
vn 0.000000 0.100000 -0.000000
vn 0.000000 0.100000 -0.000000
vn 0.000000 0.100000 -0.000000
vn 0.000000 0.100000 -0.000000
vn 0.000000 0.100000 -0.000000
vn 0.000000 0.100000 -0.000000
vn 0.000000 0.100000 -0.000000
vn 0.000000 0.100000 -0.000000
vn 0.000000 0.100000 -0.000000
vn 0.000000 0.100000 -0.000000
vn 0.000000 0.100000 -0.000000
vn 0.000000 0.100000 -0.000000
vn 0.000000 0.100000 -0.000000
vn 0.000000 0.100000 -0.000000
vn 0.000000 0.100000 -0.000000
vn 0.000000 0.100000 -0.000000
vn 0.000000 0.100000 -0.000000
vn 0.000000 0.100000 -0.000000
vn 0.000000 0.100000 -0.000000
vn 0.000000 0.100000 -0.000000
vn 0.000000 0.100000 -0.000000
vn 0.000000 0.100000 -0.000000
vn 0.000000 0.100000 -0.000000
vn 0.000000 0.100000 -0.000000
vn 0.000000 0.100000 -0.000000
vn 0.000000 0.100000 -0.000000
vn 0.000000 0.100000 -0.000000
vn 0.000000 0.100000 -0.000000
vn 0.000000 0.100000 -0.000000
vn 0.000000 0.100000 -0.000000
vn 0.000000 0.100000 -0.000000
vn 0.000000 0.100000 -0.000000
vn 0.000000 0.100000 -0.000000
vn 0.000000 0.100000 -0.000000
vn 0.000000 0.100000 -0.000000
vn 0.000000 0.100000 -0.000000
vn 0.000000 0.100000 -0.000000
vn 0.000000 0.100000 -0.000000
vn 0.000000 0.100000 -0.000000
vn 0.000000 0.100000 -0.000000
vn 0.000000 0.100000 -0.000000
vn 0.000000 0.100000 -0.000000
vn 0.000000 0.100000 -0.000000
vn 0.000000 0.100000 -0.000000
vn 0.000000 0.100000 -0.000000
vn 0.000000 0.100000 -0.000000
vn 0.000000 0.100000 -0.000000
vn 0.000000 0.100000 -0.000000
vn 0.000000 0.100000 -0.000000
vn 0.000000 0.100000 -0.000000
vn 0.000000 0.100000 -0.000000
vn 0.000000 0.100000 -0.000000
vn 0.000000 0.100000 -0.000000
vn 0.000000 0.100000 -0.000000
vn 0.000000 0.100000 -0.000000
vn 0.000000 0.100000 -0.000000
vn 0.000000 0.100000 -0.000000
vn 0.000000 0.100000 -0.000000
vn 0.000000 0.100000 -0.000000
vn 0.000000 0.100000 -0.000000
vn 0.000000 0.100000 -0.000000
vn 0.000000 0.100000 -0.000000
vn 0.000000 0.100000 -0.000000
vn 0.000000 0.100000 -0.000000
vn 0.000000 0.100000 -0.000000
vn 0.000000 0.100000 -0.000000
vn 0.000000 0.100000 -0.000000
vn 0.000000 0.100000 -0.000000
vn 0.000000 0.100000 -0.000000
vn 0.000000 0.100000 -0.000000
vn 0.000000 0.100000 -0.000000
vn 0.000000 0.100000 -0.000000
vn 0.000000 0.100000 -0.000000
vn 0.000000 0.100000 -0.000000
vn 0.000000 0.100000 -0.000000
vn 0.000000 0.100000 -0.000000
vn 0.000000 0.100000 -0.000000
vn 0.000000 0.100000 -0.000000
vn 0.000000 0.100000 -0.000000
vn 0.000000 0.100000 -0.000000
vn 0.000000 0.100000 -0.000000
vn 0.000000 0.100000 -0.000000
vn 0.000000 0.100000 -0.000000
vn 0.000000 0.100000 -0.000000
vn 0.000000 0.100000 -0.000000
vn 0.000000 0.100000 -0.000000
vn 0.000000 0.100000 -0.000000
vn 0.000000 0.100000 -0.000000
vn 0.000000 0.100000 -0.000000
vn 0.000000 0.100000 -0.000000
vn -0.000000 -0.100000 0.000000
vn -0.000000 -0.100000 0.000000
vn -0.000000 -0.100000 0.000000
vn -0.000000 -0.100000 0.000000
vn -0.000000 -0.100000 0.000000
vn -0.000000 -0.100000 0.000000
vn -0.000000 -0.100000 0.000000
vn -0.000000 -0.100000 0.000000
vn -0.000000 -0.100000 0.000000
vn -0.000000 -0.100000 0.000000
vn -0.000000 -0.100000 0.000000
vn -0.000000 -0.100000 0.000000
vn -0.000000 -0.100000 0.000000
vn -0.000000 -0.100000 0.000000
vn -0.000000 -0.100000 0.000000
vn -0.000000 -0.100000 0.000000
vn -0.000000 -0.100000 0.000000
vn -0.000000 -0.100000 0.000000
vn -0.000000 -0.100000 0.000000
vn -0.000000 -0.100000 0.000000
vn -0.000000 -0.100000 0.000000
vn -0.000000 -0.100000 0.000000
vn -0.000000 -0.100000 0.000000
vn -0.000000 -0.100000 0.000000
vn -0.000000 -0.100000 0.000000
vn -0.000000 -0.100000 0.000000
vn -0.000000 -0.100000 0.000000
vn -0.000000 -0.100000 0.000000
vn -0.000000 -0.100000 0.000000
vn -0.000000 -0.100000 0.000000
vn 0.080000 0.060000 0.000000
vn 0.079997 0.060002 -0.000510
vn 0.079979 0.060003 -0.001734
vn 0.079956 0.060001 -0.002607
vn 0.079765 0.059999 -0.006136
vn 0.079764 0.059999 -0.006147
vn 0.079241 0.060000 -0.010996
vn 0.079797 0.059999 -0.005699
vn 0.079122 0.060000 -0.011818
vn 0.078163 0.060000 -0.017044
vn 0.077549 0.060000 -0.019652
vn 0.076562 0.060001 -0.023198
vn 0.074638 0.060003 -0.028791
vn 0.075011 0.060003 -0.027804
vn 0.072900 0.060000 -0.032948
vn 0.074329 0.060002 -0.029578
vn 0.069770 0.060000 -0.039143
vn 0.079015 0.060000 -0.012511
vn 0.077337 0.060000 -0.020469
vn 0.066724 0.060000 -0.044136
vn 0.066508 0.059999 -0.044460
vn 0.070179 0.059999 -0.038405
vn 0.070069 0.060000 -0.038605
vn 0.063471 0.059997 -0.048701
vn 0.059578 0.060000 -0.053390
vn 0.063630 0.059997 -0.048493
vn 0.055656 0.060002 -0.057464
vn 0.055515 0.060002 -0.057601
vn 0.051225 0.060001 -0.061449
vn 0.055748 0.060002 -0.057374
vn 0.047078 0.059996 -0.064685
vn 0.059803 0.060000 -0.053137
vn 0.042463 0.059993 -0.067806
vn 0.038317 0.059995 -0.070231
vn 0.033684 0.060001 -0.072562
vn 0.029635 0.060006 -0.074303
vn 0.027427 0.060007 -0.075146
vn 0.021409 0.060003 -0.077080
vn 0.021505 0.060003 -0.077053
vn 0.016074 0.059998 -0.078370
vn 0.020760 0.060002 -0.077258
vn 0.013628 0.059999 -0.078832
vn 0.011298 0.060001 -0.079198
vn 0.007260 0.060001 -0.079669
vn 0.007746 0.060001 -0.079623
vn 0.004963 0.060000 -0.079846
vn 0.007659 0.060001 -0.079632
vn 0.002588 0.060001 -0.079958
vn 0.014175 0.059998 -0.078735
vn 0.000000 0.060000 -0.080000
vn 0.000957 0.060000 -0.079994
vn 0.002639 0.060001 -0.079956
vn 0.002390 0.060001 -0.079964
vn -0.000000 0.060000 -0.080000
vn 0.028952 0.060007 -0.074572
vn 0.037746 0.059996 -0.070539
vn 0.046718 0.059996 -0.064946
vn -0.000000 0.060000 -0.080000
vn -0.001056 0.060003 -0.079991
vn -0.003237 0.060002 -0.079933
vn -0.003972 0.060001 -0.079901
vn -0.009388 0.060000 -0.079447
vn -0.008325 0.059999 -0.079566
vn -0.014109 0.060001 -0.078746
vn -0.013603 0.060001 -0.078834
vn -0.020818 0.059999 -0.077245
vn -0.020918 0.059999 -0.077218
vn -0.028610 0.060001 -0.074708
vn -0.025967 0.060000 -0.075668
vn -0.030789 0.060001 -0.073837
vn -0.017255 0.059999 -0.078118
vn -0.036876 0.060000 -0.070994
vn -0.035759 0.060000 -0.071563
vn -0.040793 0.060000 -0.068818
vn -0.045286 0.060002 -0.065947
vn -0.045846 0.060002 -0.065559
vn -0.050914 0.060000 -0.061707
vn -0.053615 0.059998 -0.059378
vn -0.055751 0.059997 -0.057378
vn -0.061163 0.060000 -0.051567
vn -0.060277 0.059999 -0.052600
vn -0.064442 0.060001 -0.047405
vn -0.067653 0.059999 -0.042698
vn -0.068136 0.059999 -0.041923
vn -0.071226 0.060000 -0.036427
vn -0.072602 0.060000 -0.033600
vn -0.073820 0.060000 -0.030831
vn -0.075940 0.059999 -0.025166
vn -0.075829 0.059999 -0.025496
vn -0.077336 0.059999 -0.020476
vn -0.077930 0.060000 -0.018082
vn -0.078437 0.060001 -0.015730
vn -0.079087 0.060000 -0.012049
vn -0.079619 0.059999 -0.007803
vn -0.079658 0.059999 -0.007400
vn -0.079912 0.060003 -0.003700
vn -0.079795 0.060000 -0.005724
vn -0.079991 0.060005 -0.000953
vn -0.080000 0.060000 0.000000
vn -0.080000 0.060000 0.000000
vn -0.079966 0.060005 -0.002215
vn -0.079133 0.060000 -0.011746
vn -0.077533 0.059999 -0.019717
vn -0.074669 0.059999 -0.028715
vn -0.070026 0.059999 -0.038684
vn -0.063606 0.060001 -0.048520
vn -0.055665 0.059997 -0.057461
vn -0.046752 0.060002 -0.064916
vn -0.037717 0.060000 -0.070551
vn -0.028891 0.060001 -0.074600
vn -0.007270 0.059999 -0.079670
vn -0.002429 0.060002 -0.079961
vn -0.041961 -0.090764 -0.001067
vn -0.079808 -0.059992 -0.005615
vn -0.041810 -0.090762 -0.003776
vn -0.079127 -0.059998 -0.011796
vn -0.041457 -0.090766 -0.006544
vn -0.077554 -0.060002 -0.019626
vn -0.040788 -0.090769 -0.009868
vn -0.039672 -0.090764 -0.013714
vn -0.038027 -0.090758 -0.017804
vn -0.035756 -0.090762 -0.021995
vn -0.032795 -0.090764 -0.026200
vn -0.029419 -0.090759 -0.029957
vn -0.025725 -0.090764 -0.033169
vn -0.055667 -0.059977 -0.057480
vn -0.046861 -0.059993 -0.064845
vn -0.074625 -0.059983 -0.028864
vn -0.070084 -0.059980 -0.038609
vn -0.063581 -0.059993 -0.048563
vn -0.021792 -0.090768 -0.035864
vn -0.037626 -0.059994 -0.070604
vn -0.017958 -0.090763 -0.037941
vn -0.028905 -0.059980 -0.074612
vn -0.014336 -0.090759 -0.039463
vn -0.020870 -0.059989 -0.077238
vn -0.010950 -0.090762 -0.040527
vn -0.007820 -0.090766 -0.041236
vn -0.004964 -0.090764 -0.041680
vn -0.002557 -0.090760 -0.041905
vn -0.000888 -0.090762 -0.041970
vn -0.000000 -0.095109 -0.030892
vn -0.000000 -0.081779 -0.057552
vn -0.002480 -0.059992 -0.079967
vn -0.000000 -0.060000 -0.080000
vn -0.013577 -0.060000 -0.078839
vn -0.007131 -0.059990 -0.079689
vn 0.001554 -0.090767 -0.041940
vn 0.003917 -0.090767 -0.041786
vn 0.006790 -0.090766 -0.041417
vn 0.007332 -0.059995 -0.079667
vn 0.013584 -0.059991 -0.078845
vn 0.002351 -0.059997 -0.079968
vn 0.010067 -0.090765 -0.040748
vn 0.020820 -0.059982 -0.077257
vn 0.013714 -0.090764 -0.039671
vn 0.028923 -0.059983 -0.074602
vn 0.017644 -0.090768 -0.038077
vn 0.037660 -0.059994 -0.070586
vn 0.021799 -0.090770 -0.035856
vn 0.046847 -0.059986 -0.064862
vn 0.026047 -0.090764 -0.032917
vn 0.055630 -0.059975 -0.057518
vn 0.030011 -0.090764 -0.029346
vn 0.063567 -0.060001 -0.048572
vn 0.033614 -0.090775 -0.025101
vn 0.070098 -0.059986 -0.038573
vn 0.036629 -0.090768 -0.020480
vn 0.038823 -0.090764 -0.015961
vn 0.040327 -0.090768 -0.011613
vn 0.041242 -0.090769 -0.007756
vn 0.041725 -0.090766 -0.004539
vn 0.041919 -0.090767 -0.002053
vn 0.041962 -0.090768 -0.000527
vn 0.074641 -0.059980 -0.028829
vn 0.077559 -0.059995 -0.019627
vn 0.079129 -0.059992 -0.011814
vn 0.079810 -0.059990 -0.005624
vn 0.000000 0.100000 0.000000
vn 0.041951 0.090769 -0.001067
vn 0.079809 0.059992 -0.005616
vn 0.041800 0.090766 -0.003775
vn 0.079130 0.059995 -0.011796
vn 0.041420 0.090770 -0.006723
vn 0.077558 0.059996 -0.019628
vn 0.040676 0.090772 -0.010294
vn 0.039414 0.090766 -0.014425
vn -0.000000 0.100000 -0.000000
vn -0.000000 0.100000 -0.000000
vn 0.037544 0.090763 -0.018778
vn 0.000000 0.100000 0.000000
vn 0.034946 0.090769 -0.023235
vn 0.000000 0.100000 0.000000
vn 0.031634 0.090764 -0.027588
vn 0.000000 0.100000 0.000000
vn 0.027933 0.090761 -0.031341
vn 0.000000 0.100000 0.000000
vn 0.023888 0.090771 -0.034497
vn -0.000000 0.100000 -0.000000
vn 0.019744 0.090774 -0.037016
vn 0.015794 0.090770 -0.038876
vn 0.037651 0.059999 -0.070587
vn 0.028900 0.059991 -0.074605
vn 0.074629 0.059978 -0.028866
vn 0.070085 0.059978 -0.038610
vn 0.063581 0.059989 -0.048567
vn 0.055671 0.059967 -0.057487
vn 0.046875 0.059985 -0.064842
vn 0.012088 0.090767 -0.040191
vn 0.020814 0.059988 -0.077254
vn 0.008691 0.090768 -0.041057
vn 0.013587 0.059994 -0.078842
vn 0.005654 0.090769 -0.041583
vn 0.007325 0.059996 -0.079667
vn 0.003020 0.090768 -0.041857
vn 0.002349 0.059998 -0.079967
vn 0.000000 0.081779 -0.057552
vn 0.000000 0.060000 -0.080000
vn 0.000000 0.095109 -0.030892
vn -0.000000 0.100000 -0.000000
vn -0.000000 0.100000 -0.000000
vn -0.000000 0.100000 -0.000000
vn 0.000000 0.100000 0.000000
vn -0.000000 0.100000 -0.000000
vn -0.000000 0.100000 -0.000000
vn -0.000000 0.100000 -0.000000
vn 0.000000 0.100000 0.000000
vn -0.001554 0.090767 -0.041939
vn 0.000000 0.100000 0.000000
vn -0.003917 0.090767 -0.041785
vn -0.006791 0.090767 -0.041416
vn -0.007332 0.059997 -0.079666
vn -0.013584 0.059993 -0.078844
vn -0.002350 0.059998 -0.079967
vn -0.000000 0.060000 -0.080000
vn -0.010067 0.090765 -0.040747
vn -0.020820 0.059985 -0.077255
vn -0.013714 0.090765 -0.039670
vn -0.028922 0.059986 -0.074600
vn -0.017644 0.090768 -0.038076
vn -0.037659 0.059997 -0.070584
vn -0.021799 0.090770 -0.035855
vn -0.046846 0.059989 -0.064859
vn -0.026047 0.090764 -0.032917
vn -0.055629 0.059978 -0.057516
vn -0.030011 0.090764 -0.029345
vn -0.063565 0.060004 -0.048570
vn -0.033614 0.090775 -0.025101
vn -0.070096 0.059989 -0.038573
vn -0.036628 0.090769 -0.020481
vn -0.038822 0.090764 -0.015962
vn 0.000000 0.100000 0.000000
vn 0.000000 0.100000 0.000000
vn -0.040327 0.090768 -0.011614
vn 0.000000 0.100000 0.000000
vn -0.041241 0.090769 -0.007756
vn 0.000000 0.100000 0.000000
vn -0.041725 0.090766 -0.004539
vn 0.000000 0.100000 -0.000000
vn -0.041919 0.090767 -0.002052
vn -0.041962 0.090768 -0.000527
vn -0.080000 0.060000 0.000000
vn -0.057552 0.081779 0.000000
vn -0.074639 0.059983 -0.028829
vn -0.077557 0.059997 -0.019628
vn -0.079127 0.059994 -0.011814
vn -0.079809 0.059991 -0.005623
vn -0.030892 0.095109 0.000000
vn 0.000000 0.100000 0.000000
vn 0.000000 0.100000 0.000000
vn 0.000000 0.100000 0.000000
vn 0.000000 0.100000 0.000000
vn 0.000000 0.100000 0.000000
vn 0.000000 0.100000 0.000000
vn 0.000000 0.100000 -0.000000
vn 0.000000 0.100000 -0.000000
vn 0.000000 -0.060000 -0.080000
vn 0.000000 -0.060000 -0.080000
vn 0.001057 -0.060003 -0.079991
vn 0.003238 -0.060002 -0.079933
vn 0.003973 -0.060001 -0.079901
vn 0.009387 -0.060000 -0.079447
vn 0.008325 -0.059999 -0.079566
vn 0.014109 -0.060001 -0.078746
vn 0.013603 -0.060001 -0.078834
vn 0.020818 -0.059999 -0.077245
vn 0.020918 -0.059999 -0.077218
vn 0.028610 -0.060001 -0.074708
vn 0.025967 -0.060000 -0.075668
vn 0.030789 -0.060001 -0.073837
vn 0.017255 -0.059999 -0.078118
vn 0.036876 -0.060000 -0.070994
vn 0.035759 -0.060001 -0.071563
vn 0.040793 -0.060000 -0.068818
vn 0.045286 -0.060002 -0.065947
vn 0.045845 -0.060002 -0.065559
vn 0.050914 -0.060000 -0.061707
vn 0.053615 -0.059998 -0.059377
vn 0.055751 -0.059997 -0.057378
vn 0.061163 -0.060000 -0.051567
vn 0.060277 -0.059999 -0.052600
vn 0.064442 -0.060001 -0.047405
vn 0.067653 -0.059999 -0.042698
vn 0.068137 -0.059999 -0.041922
vn 0.071226 -0.059999 -0.036427
vn 0.072602 -0.060000 -0.033599
vn 0.073821 -0.060000 -0.030831
vn 0.075940 -0.059998 -0.025166
vn 0.075830 -0.059998 -0.025496
vn 0.077336 -0.059999 -0.020476
vn 0.077930 -0.060000 -0.018083
vn 0.078437 -0.060001 -0.015730
vn 0.079087 -0.060000 -0.012049
vn 0.079619 -0.059999 -0.007804
vn 0.079658 -0.059999 -0.007400
vn 0.079912 -0.060003 -0.003700
vn 0.079795 -0.060000 -0.005725
vn 0.079991 -0.060005 -0.000954
vn 0.080000 -0.060000 0.000000
vn 0.080000 -0.060000 0.000000
vn 0.079966 -0.060005 -0.002215
vn 0.079133 -0.060000 -0.011746
vn 0.077533 -0.059999 -0.019717
vn 0.074670 -0.059999 -0.028715
vn 0.070027 -0.059999 -0.038683
vn 0.063607 -0.060001 -0.048519
vn 0.055666 -0.059997 -0.057460
vn 0.046752 -0.060002 -0.064916
vn 0.037717 -0.060000 -0.070551
vn 0.028891 -0.060001 -0.074600
vn 0.007270 -0.059999 -0.079670
vn 0.002430 -0.060003 -0.079961
vn -0.079997 -0.060001 -0.000563
vn -0.079981 -0.059999 -0.001768
vn -0.079956 -0.059998 -0.002722
vn -0.079773 -0.059999 -0.006033
vn -0.079744 -0.059999 -0.006399
vn -0.079130 -0.060002 -0.011757
vn -0.079107 -0.060002 -0.011913
vn -0.077959 -0.060000 -0.017957
vn -0.077588 -0.060002 -0.019491
vn -0.076916 -0.060003 -0.021989
vn -0.074633 -0.059997 -0.028815
vn -0.075501 -0.059999 -0.026451
vn -0.073711 -0.059998 -0.031096
vn -0.074348 -0.059997 -0.029543
vn -0.071216 -0.060002 -0.036442
vn -0.069728 -0.060003 -0.039212
vn -0.067854 -0.060002 -0.042374
vn -0.066706 -0.060000 -0.044162
vn -0.063849 -0.059998 -0.048203
vn -0.063488 -0.059998 -0.048677
vn -0.059799 -0.060001 -0.053140
vn -0.078995 -0.060001 -0.012641
vn -0.077366 -0.060003 -0.020350
vn -0.059061 -0.060002 -0.053959
vn -0.055737 -0.060003 -0.057385
vn -0.053709 -0.060003 -0.059287
vn -0.047080 -0.059997 -0.064683
vn -0.048102 -0.059998 -0.063925
vn -0.042423 -0.059994 -0.067831
vn -0.046720 -0.059996 -0.064943
vn -0.037749 -0.059997 -0.070536
vn -0.036736 -0.059998 -0.071068
vn -0.031078 -0.060006 -0.073712
vn -0.029629 -0.060007 -0.074305
vn -0.025538 -0.060008 -0.075808
vn -0.021403 -0.060003 -0.077082
vn -0.020331 -0.060001 -0.077373
vn -0.015553 -0.059997 -0.078476
vn -0.020756 -0.060002 -0.077259
vn -0.013628 -0.059998 -0.078832
vn -0.011299 -0.060000 -0.079198
vn -0.007264 -0.060001 -0.079669
vn -0.006709 -0.060000 -0.079718
vn -0.003296 -0.060000 -0.079932
vn -0.002600 -0.060001 -0.079957
vn -0.000879 -0.060000 -0.079995
vn -0.038318 -0.059996 -0.070229
vn -0.014174 -0.059998 -0.078736
vn -0.007662 -0.060001 -0.079632
vn -0.002404 -0.060001 -0.079963
vn -0.028948 -0.060008 -0.074572
vn -0.055644 -0.060003 -0.057475
vn -0.063648 -0.059998 -0.048468
vn -0.070044 -0.060003 -0.038645
vn -0.079805 -0.059998 -0.005602
vn -0.097673 0.021447 0.000000
vn -0.099976 -0.000001 -0.002193
vn -0.095171 0.030584 -0.002658
vn -0.099707 -0.000002 -0.007653
vn -0.094767 0.030580 -0.009166
vn -0.098703 -0.000005 -0.016056
vn -0.093837 0.030584 -0.016102
vn -0.092056 0.030587 -0.024293
vn -0.078412 0.060048 -0.015676
vn -0.077274 0.060113 -0.020377
vn -0.091007 0.041446 0.000000
vn -0.080124 0.059793 -0.002240
vn -0.079553 0.060100 -0.007700
vn -0.075721 0.060108 -0.025561
vn -0.089072 0.030579 -0.033631
vn -0.096446 -0.000008 -0.026423
vn -0.092391 -0.000009 -0.038260
vn -0.084798 0.030574 -0.043296
vn -0.086381 -0.000007 -0.050381
vn -0.079003 0.030584 -0.053134
vn -0.082524 -0.000007 -0.056479
vn -0.078073 -0.000007 -0.062487
vn -0.071694 0.030578 -0.062649
vn -0.073281 -0.000008 -0.068043
vn -0.063546 0.030573 -0.070903
vn -0.068203 -0.000009 -0.073133
vn -0.062838 -0.000010 -0.077790
vn -0.054659 0.030585 -0.077955
vn -0.057175 -0.000011 -0.082043
vn -0.045496 0.030589 -0.083633
vn -0.045643 -0.000010 -0.088976
vn -0.036637 0.030583 -0.087877
vn -0.034562 -0.000006 -0.093838
vn -0.028226 0.030580 -0.090929
vn -0.024270 -0.000005 -0.097010
vn -0.020434 0.030581 -0.092991
vn -0.015238 -0.000004 -0.098832
vn -0.013426 0.030582 -0.094258
vn -0.007725 -0.000003 -0.099701
vn -0.007268 0.030582 -0.094931
vn -0.002327 0.030582 -0.095181
vn -0.003171 0.060102 -0.079861
vn -0.000000 0.041446 -0.091007
vn -0.073829 0.059921 -0.030965
vn -0.071376 0.059827 -0.036417
vn -0.068164 0.059982 -0.041903
vn -0.064403 0.060060 -0.047382
vn -0.060264 0.059954 -0.052666
vn -0.055786 0.059915 -0.057430
vn -0.050958 0.060022 -0.061650
vn -0.045876 0.060112 -0.065437
vn -0.040715 0.060117 -0.068762
vn -0.035658 0.060114 -0.071518
vn -0.030753 0.060095 -0.073776
vn -0.025998 0.060103 -0.075576
vn -0.017144 0.060102 -0.078063
vn -0.009454 0.060076 -0.079382
vn -0.000000 0.021447 -0.097673
vn -0.002237 -0.000001 -0.099975
vn 0.000000 0.021447 -0.097673
vn 0.002238 -0.000002 -0.099975
vn 0.000000 0.041446 -0.091007
vn 0.003784 0.030528 -0.095151
vn 0.002533 0.060001 -0.079959
vn 0.007736 0.060001 -0.079624
vn 0.014140 0.060002 -0.078739
vn 0.016057 0.030526 -0.093863
vn 0.009375 0.030527 -0.094764
vn 0.007732 -0.000003 -0.099701
vn 0.023597 0.030525 -0.092257
vn 0.021468 0.060002 -0.077064
vn 0.031923 0.030524 -0.089717
vn 0.029594 0.060004 -0.074322
vn 0.040793 0.030528 -0.086046
vn 0.038227 0.060010 -0.070267
vn 0.050051 0.030531 -0.081011
vn 0.047188 0.060005 -0.064596
vn 0.059413 0.030523 -0.074420
vn 0.055711 0.060000 -0.057414
vn 0.068138 0.030524 -0.066524
vn 0.059663 0.060011 -0.053282
vn 0.076090 0.030539 -0.057251
vn 0.063397 0.060023 -0.048765
vn 0.066828 0.060021 -0.043949
vn 0.082752 0.030529 -0.047118
vn 0.069773 0.060009 -0.039123
vn 0.087706 0.030523 -0.037093
vn 0.074327 0.060001 -0.029587
vn 0.091223 0.030529 -0.027318
vn 0.077340 0.060008 -0.020433
vn 0.093410 0.030529 -0.018508
vn 0.079013 0.060004 -0.012510
vn 0.094591 0.030525 -0.010993
vn 0.079770 0.060002 -0.006045
vn 0.095093 0.030527 -0.005039
vn 0.079977 0.060005 -0.001771
vn 0.095216 0.030530 -0.001335
vn 0.091007 0.041446 0.000000
vn 0.080000 0.060000 -0.000000
vn 0.099976 -0.000003 -0.002187
vn 0.099706 -0.000008 -0.007666
vn 0.098699 -0.000008 -0.016080
vn 0.096448 -0.000008 -0.026416
vn 0.092410 -0.000010 -0.038215
vn 0.086400 -0.000013 -0.050350
vn 0.082530 -0.000014 -0.056470
vn 0.078059 -0.000014 -0.062505
vn 0.073250 -0.000013 -0.068076
vn 0.068163 -0.000012 -0.073170
vn 0.062801 -0.000011 -0.077820
vn 0.057154 -0.000010 -0.082058
vn 0.045659 -0.000011 -0.088968
vn 0.034583 -0.000011 -0.093830
vn 0.024269 -0.000009 -0.097010
vn 0.015231 -0.000005 -0.098833
vn 0.100000 -0.000000 0.000000
vn 0.099976 0.000001 -0.002195
vn 0.095171 -0.030584 -0.002659
vn 0.099707 0.000004 -0.007654
vn 0.094767 -0.030580 -0.009167
vn 0.098703 0.000007 -0.016055
vn 0.093837 -0.030584 -0.016101
vn 0.092056 -0.030587 -0.024292
vn 0.078413 -0.060047 -0.015676
vn 0.077273 -0.060114 -0.020377
vn 0.091007 -0.041446 0.000000
vn 0.080124 -0.059793 -0.002241
vn 0.079552 -0.060101 -0.007700
vn 0.075720 -0.060109 -0.025562
vn 0.089072 -0.030579 -0.033633
vn 0.096446 0.000011 -0.026423
vn 0.092390 0.000011 -0.038262
vn 0.084797 -0.030573 -0.043298
vn 0.086380 0.000010 -0.050383
vn 0.079003 -0.030583 -0.053134
vn 0.082524 0.000010 -0.056479
vn 0.078074 0.000010 -0.062486
vn 0.071695 -0.030577 -0.062648
vn 0.073283 0.000011 -0.068041
vn 0.063548 -0.030572 -0.070901
vn 0.068205 0.000013 -0.073131
vn 0.062840 0.000014 -0.077789
vn 0.054659 -0.030584 -0.077955
vn 0.057175 0.000014 -0.082043
vn 0.045494 -0.030588 -0.083634
vn 0.045640 0.000012 -0.088977
vn 0.036636 -0.030583 -0.087878
vn 0.034561 0.000008 -0.093838
vn 0.028229 -0.030580 -0.090929
vn 0.024274 0.000006 -0.097009
vn 0.020439 -0.030581 -0.092990
vn 0.015241 0.000006 -0.098832
vn 0.013428 -0.030582 -0.094257
vn 0.007723 0.000004 -0.099701
vn 0.007266 -0.030582 -0.094931
vn 0.002327 -0.030582 -0.095181
vn 0.003170 -0.060102 -0.079860
vn 0.000000 -0.041446 -0.091007
vn 0.073830 -0.059919 -0.030967
vn 0.071382 -0.059816 -0.036422
vn 0.068176 -0.059963 -0.041911
vn 0.064417 -0.060038 -0.047392
vn 0.060276 -0.059936 -0.052674
vn 0.055793 -0.059903 -0.057435
vn 0.050961 -0.060018 -0.061651
vn 0.045875 -0.060113 -0.065436
vn 0.040713 -0.060118 -0.068762
vn 0.035656 -0.060115 -0.071518
vn 0.030753 -0.060091 -0.073779
vn 0.025999 -0.060103 -0.075575
vn 0.017147 -0.060103 -0.078061
vn 0.009453 -0.060086 -0.079375
vn 0.000000 -0.021447 -0.097673
vn 0.002237 0.000001 -0.099975
vn -0.000000 -0.021447 -0.097673
vn -0.002235 0.000001 -0.099975
vn -0.000000 -0.041446 -0.091007
vn -0.003781 -0.030528 -0.095151
vn -0.002530 -0.060001 -0.079959
vn -0.007736 -0.060000 -0.079625
vn -0.000000 -0.060000 -0.080000
vn -0.014141 -0.060001 -0.078739
vn -0.016057 -0.030527 -0.093863
vn -0.009374 -0.030527 -0.094764
vn -0.007730 0.000002 -0.099701
vn -0.023598 -0.030526 -0.092257
vn -0.021469 -0.060001 -0.077065
vn -0.031922 -0.030525 -0.089717
vn -0.029594 -0.060002 -0.074323
vn -0.040792 -0.030529 -0.086046
vn -0.038227 -0.060008 -0.070269
vn -0.050051 -0.030531 -0.081011
vn -0.047190 -0.060003 -0.064597
vn -0.059415 -0.030523 -0.074419
vn -0.055713 -0.059997 -0.057414
vn -0.068140 -0.030524 -0.066523
vn -0.059665 -0.060008 -0.053283
vn -0.076089 -0.030539 -0.057252
vn -0.063398 -0.060020 -0.048767
vn -0.066828 -0.060018 -0.043952
vn -0.082750 -0.030528 -0.047122
vn -0.069774 -0.060006 -0.039127
vn -0.087706 -0.030522 -0.037096
vn -0.074328 -0.059998 -0.029589
vn -0.091224 -0.030529 -0.027317
vn -0.077342 -0.060006 -0.020431
vn -0.093411 -0.030530 -0.018503
vn -0.079014 -0.060003 -0.012506
vn -0.094591 -0.030526 -0.010989
vn -0.079771 -0.060000 -0.006043
vn -0.095093 -0.030528 -0.005038
vn -0.079977 -0.060004 -0.001771
vn -0.095216 -0.030530 -0.001335
vn -0.099976 0.000002 -0.002188
vn -0.099706 0.000004 -0.007664
vn -0.098699 0.000004 -0.016075
vn -0.096448 0.000005 -0.026414
vn -0.092409 0.000007 -0.038219
vn -0.086397 0.000010 -0.050354
vn -0.082528 0.000010 -0.056472
vn -0.078058 0.000010 -0.062505
vn -0.073251 0.000009 -0.068075
vn -0.068165 0.000008 -0.073168
vn -0.062803 0.000007 -0.077819
vn -0.057155 0.000006 -0.082057
vn -0.045658 0.000007 -0.088968
vn -0.034583 0.000008 -0.093830
vn -0.024270 0.000006 -0.097010
vn -0.015232 0.000003 -0.098833
vn -0.100000 0.000000 -0.000109
vn -0.095222 0.030541 -0.000011
vn -0.094868 0.031623 -0.000103
vn -0.080000 0.060000 -0.000087
vn -0.080000 0.060000 0.000000
vn -0.097673 0.021447 0.000000
vn -0.100000 0.000000 -0.000109
vn -0.100000 0.000000 -0.000109
vn -0.080000 0.060000 -0.000087
vn -0.080000 0.060000 -0.000010
vn -0.080000 0.060000 -0.000086
vn -0.080000 0.060000 -0.000086
vn -0.041936 0.090782 -0.000020
vn -0.044721 0.089443 -0.000048
vn -0.000000 0.100000 -0.000000
vn 0.000000 0.100000 -0.000000
vn 0.000000 0.100000 -0.000000
vn 0.000000 0.100000 -0.000000
vn 0.000000 0.100000 -0.000000
vn 0.000000 0.100000 -0.000000
vn 0.000000 0.100000 -0.000000
vn 0.000000 0.100000 -0.000000
vn 0.000000 0.100000 -0.000000
vn 0.000000 0.100000 -0.000000
vn 0.000000 0.100000 -0.000000
vn 0.000000 0.100000 -0.000000
vn 0.000000 0.100000 -0.000000
vn 0.000000 0.100000 -0.000000
vn 0.000000 0.100000 -0.000000
vn 0.000000 0.100000 -0.000000
vn 0.000000 0.100000 -0.000000
vn 0.000000 0.100000 -0.000000
vn 0.000000 0.100000 -0.000000
vn 0.000000 0.100000 -0.000000
vn 0.000000 0.100000 -0.000000
vn 0.000000 0.100000 -0.000000
vn 0.000000 0.100000 -0.000000
vn 0.000000 0.100000 -0.000000
vn 0.000000 0.100000 -0.000000
vn 0.100000 -0.000000 -0.000000
vn 0.100000 -0.000000 -0.000000
vn 0.100000 -0.000000 -0.000000
vn 0.100000 -0.000000 0.000000
vn 0.100000 -0.000000 0.000000
vn 0.097708 -0.021286 0.000000
vn 0.094868 -0.031623 0.000000
vn 0.090938 -0.041596 0.000000
vn 0.080000 -0.060000 -0.000000
vn 0.090938 -0.041596 0.000000
vn 0.080000 -0.060000 -0.000000
vn 0.097708 -0.021286 0.000000
vn 0.080000 -0.060000 -0.000000
vn 0.080000 -0.060000 -0.000000
vn 0.080000 -0.060000 -0.000000
vn 0.080000 -0.060000 -0.000000
vn 0.080000 -0.060000 -0.000000
vn 0.057957 -0.081492 -0.000000
vn 0.080000 -0.060000 -0.000000
vn 0.057957 -0.081492 -0.000000
vn 0.030420 -0.095261 -0.000000
vn 0.030420 -0.095261 -0.000000
vn 0.000000 -0.100000 -0.000000
vn -0.000000 -0.100000 0.000000
vn -0.000000 -0.100000 0.000000
vn -0.000000 -0.100000 0.000000
vn -0.000000 -0.100000 0.000000
vn -0.000000 -0.100000 0.000000
vn -0.000000 -0.100000 0.000000
vn -0.000000 -0.100000 0.000000
vn 0.000000 0.000000 0.100000
vn 0.000000 0.000000 0.100000
vn 0.000000 0.000000 0.100000
vn 0.000000 0.000000 0.100000
vn 0.000000 0.000000 0.100000
vn 0.000000 0.000000 0.100000
vn 0.000000 0.000000 0.100000
vn 0.000000 0.000000 0.100000
vn 0.000000 0.000000 0.100000
vn 0.000000 0.000000 0.100000
vn 0.000000 0.000000 0.100000
vn 0.000000 0.000000 0.100000
vn 0.000000 0.000000 0.100000
vn 0.000000 0.000000 0.100000
vn 0.000000 0.000000 0.100000
vn 0.000000 0.000000 0.100000
vn 0.000000 0.000000 0.100000
vn 0.000000 0.000000 0.100000
vn 0.000000 0.000000 0.100000
vn 0.000000 0.000000 0.100000
vn 0.000000 0.000000 0.100000
vn 0.000000 0.000000 0.100000
vn 0.000000 0.000000 0.100000
vn 0.000000 0.000000 0.100000
vn 0.000000 0.000000 0.100000
vn 0.000000 0.000000 0.100000
vn 0.000000 0.000000 0.100000
vn 0.000000 0.000000 0.100000
vn 0.000000 0.000000 0.100000
vn 0.000000 0.000000 0.100000
vn 0.000000 0.000000 0.100000
vn 0.000000 0.000000 0.100000
vn 0.000000 0.000000 0.100000
vn 0.000000 0.000000 0.100000
vn 0.000000 0.000000 0.100000
vn 0.000000 0.000000 0.100000
vn 0.000000 0.000000 0.100000
vn 0.000000 0.000000 0.100000
vn 0.000000 0.000000 0.100000
vn 0.000000 0.000000 0.100000
vn 0.000000 0.000000 0.100000
vn 0.000000 0.000000 0.100000
vn 0.000000 0.000000 0.100000
vn 0.000000 0.000000 0.100000
vn 0.000000 0.000000 0.100000
vn 0.000000 0.000000 0.100000
vn 0.000000 0.000000 0.100000
vn 0.000000 0.000000 0.100000
vn 0.000000 0.000000 0.100000
vn 0.000000 0.000000 0.100000
vn 0.000000 0.000000 0.100000
vn 0.000000 0.000000 0.100000
vn 0.000000 0.000000 0.100000
vn 0.000000 0.000000 0.100000
vn 0.000000 0.000000 0.100000
vn 0.000000 0.000000 0.100000
vn 0.000000 0.000000 0.100000
vn 0.000000 0.000000 0.100000
vn 0.000000 0.000000 0.100000
vn 0.000000 0.000000 0.100000
vn 0.000000 0.100000 -0.000000
vn 0.000000 0.100000 -0.000000
vn 0.000000 0.100000 -0.000000
vn 0.000000 0.100000 -0.000000
vn 0.000000 0.100000 -0.000000
vn 0.000000 0.100000 -0.000000
vn 0.000000 0.100000 -0.000000
vn 0.000000 0.100000 -0.000000
vn 0.000000 0.100000 -0.000000
vn 0.000000 0.100000 -0.000000
vn 0.000000 0.100000 -0.000000
vn 0.000000 0.100000 -0.000000
vn 0.000000 0.100000 -0.000000
vn 0.000000 0.100000 -0.000000
vn 0.000000 0.100000 -0.000000
vn 0.000000 0.100000 -0.000000
vn 0.000000 0.100000 -0.000000
vn 0.000000 0.100000 -0.000000
vn 0.000000 0.100000 -0.000000
vn 0.000000 0.100000 -0.000000
vn 0.000000 0.100000 -0.000000
vn 0.000000 0.100000 -0.000000
vn 0.000000 0.100000 -0.000000
vn 0.000000 0.100000 -0.000000
vn 0.000000 0.100000 -0.000000
vn 0.000000 0.100000 -0.000000
vn 0.000000 0.100000 -0.000000
vn 0.000000 0.100000 -0.000000
vn 0.000000 0.100000 -0.000000
vn 0.000000 0.100000 -0.000000
vn 0.000000 0.100000 -0.000000
vn 0.000000 0.100000 -0.000000
vn 0.000000 0.100000 -0.000000
vn 0.000000 0.100000 -0.000000
vn 0.000000 0.100000 -0.000000
vn 0.000000 0.100000 -0.000000
vn 0.000000 0.100000 -0.000000
vn 0.000000 0.100000 -0.000000
vn 0.000000 0.100000 -0.000000
vn 0.000000 0.100000 -0.000000
vn 0.000000 0.100000 -0.000000
vn 0.000000 0.100000 -0.000000
vn 0.000000 0.100000 -0.000000
vn 0.000000 0.100000 -0.000000
vn 0.000000 0.100000 -0.000000
vn 0.000000 0.100000 -0.000000
vn 0.000000 0.100000 -0.000000
vn -0.050388 0.000000 0.086377
vn -0.052268 0.000000 0.085253
vn -0.050388 0.000000 0.086377
vn -0.052268 0.000000 0.085253
vn -0.100000 0.000000 0.000000
vn -0.099842 0.000000 -0.005613
vn -0.100000 0.000000 0.000000
vn -0.099842 0.000000 -0.005613
vn -0.099269 0.000000 -0.012066
vn -0.099269 0.000000 -0.012066
vn -0.097796 0.000000 -0.020879
vn -0.097796 0.000000 -0.020879
vn -0.096376 0.000000 -0.026678
vn -0.096376 0.000000 -0.026678
vn -0.094229 0.000000 -0.033481
vn -0.094229 0.000000 -0.033481
vn -0.090641 0.000000 -0.042240
vn -0.090641 0.000000 -0.042240
vn -0.085248 0.000000 -0.052276
vn -0.085248 0.000000 -0.052276
vn -0.078428 0.000000 -0.062041
vn -0.078428 0.000000 -0.062041
vn -0.070108 0.000000 -0.071309
vn -0.070108 0.000000 -0.071309
vn -0.059633 0.000000 -0.080274
vn -0.059633 0.000000 -0.080274
vn -0.049044 0.000000 -0.087148
vn -0.049044 0.000000 -0.087148
vn -0.038645 0.000000 -0.092231
vn -0.038645 0.000000 -0.092231
vn -0.028558 0.000000 -0.095835
vn -0.028558 0.000000 -0.095835
vn -0.020009 0.000000 -0.097978
vn -0.020009 0.000000 -0.097978
vn -0.012568 0.000000 -0.099207
vn -0.012568 0.000000 -0.099207
vn -0.007540 0.000000 -0.099715
vn -0.007540 0.000000 -0.099715
vn -0.003642 0.000000 -0.099934
vn -0.003642 0.000000 -0.099934
vn -0.001035 0.000000 -0.099995
vn -0.001035 0.000000 -0.099995
vn 0.000000 0.000000 -0.100000
vn 0.000000 0.000000 -0.100000
vn -0.013909 0.000000 -0.099028
vn -0.013909 0.000000 -0.099028
vn -0.013909 0.000000 -0.099028
vn -0.013909 0.000000 -0.099028
vn -0.000000 -0.000000 -0.100000
vn -0.000000 -0.000000 -0.100000
vn -0.000000 -0.000000 -0.100000
vn -0.000000 -0.000000 -0.100000
vn 0.049023 -0.000000 -0.087159
vn 0.049023 -0.000000 -0.087159
vn 0.049023 -0.000000 -0.087159
vn 0.049023 -0.000000 -0.087159
vn 0.100000 -0.000000 -0.000000
vn 0.100000 -0.000000 -0.000000
vn 0.100000 -0.000000 -0.000000
vn 0.100000 -0.000000 -0.000000
vn 0.071276 -0.000000 0.070140
vn 0.071276 -0.000000 0.070140
vn 0.071276 -0.000000 0.070140
vn 0.071276 -0.000000 0.070140
vn 0.100000 -0.000000 -0.000000
vn 0.100000 -0.000000 -0.000000
vn 0.100000 -0.000000 -0.000000
vn 0.100000 -0.000000 -0.000000
vn 0.100000 -0.000000 -0.000000
vn -0.000000 -0.000000 -0.100000
vn -0.000000 -0.000000 -0.100000
vn -0.000000 -0.000000 -0.100000
vn -0.000000 -0.000000 -0.100000
vn -0.000000 -0.000000 -0.100000
vn -0.052268 0.000000 -0.085253
vn -0.050388 0.000000 -0.086377
vn -0.052268 0.000000 -0.085253
vn -0.050388 0.000000 -0.086377
vn -0.100000 0.000000 0.000000
vn -0.100000 0.000000 0.000000
vn -0.100000 0.000000 0.000000
vn -0.100000 0.000000 0.000000
vn -0.000000 -0.100000 0.000000
vn -0.000000 -0.100000 0.000000
vn -0.000000 -0.100000 0.000000
vn -0.000000 -0.100000 0.000000
vn -0.000000 -0.100000 0.000000
vn -0.000000 -0.100000 0.000000
vn -0.000000 -0.100000 0.000000
vn -0.000000 -0.100000 0.000000
vn -0.000000 -0.100000 0.000000
vn -0.000000 -0.100000 0.000000
vn -0.000000 -0.100000 0.000000
vn -0.000000 -0.100000 0.000000
vn -0.000000 -0.100000 0.000000
vn -0.000000 -0.100000 0.000000
vn -0.000000 -0.100000 0.000000
vn -0.000000 -0.100000 0.000000
vn -0.000000 -0.100000 0.000000
vn -0.000000 -0.100000 0.000000
vn -0.000000 -0.100000 0.000000
vn -0.000000 -0.100000 0.000000
vn -0.000000 -0.100000 0.000000
vn -0.000000 -0.100000 0.000000
vn -0.000000 -0.100000 0.000000
vn -0.000000 -0.100000 0.000000
vn -0.000000 -0.100000 0.000000
vn -0.000000 -0.100000 0.000000
vn -0.000000 -0.100000 0.000000
vn -0.000000 -0.100000 0.000000
vn -0.000000 -0.100000 0.000000
vn -0.000000 -0.100000 0.000000
vn -0.000000 -0.100000 0.000000
vn -0.000000 -0.100000 0.000000
vn -0.000000 -0.100000 0.000000
vn -0.000000 -0.100000 0.000000
vn -0.000000 -0.100000 0.000000
vn -0.000000 -0.100000 0.000000
vn -0.000000 -0.100000 0.000000
vn -0.000000 -0.100000 0.000000
vn -0.000000 -0.100000 0.000000
vn -0.000000 -0.100000 0.000000
vn -0.000000 -0.100000 0.000000
vn -0.000000 -0.100000 0.000000
vn -0.000000 -0.100000 0.000000
vn -0.000000 -0.100000 0.000000
vn -0.000000 -0.100000 0.000000
vn -0.000000 -0.100000 0.000000
vn -0.000000 -0.100000 0.000000
vn -0.000000 -0.100000 0.000000
vn 0.000000 0.000000 0.100000
vn 0.000000 0.000000 0.100000
vn 0.000000 0.000000 0.100000
vn 0.000000 0.000000 0.100000
vn 0.000000 0.000000 0.100000
vn 0.000000 0.000000 0.100000
vn 0.000000 0.000000 0.100000
vn 0.000000 0.000000 0.100000
vn 0.000000 0.000000 0.100000
vn 0.000000 0.000000 0.100000
vn 0.000000 0.000000 0.100000
vn 0.000000 0.000000 0.100000
vn 0.000000 0.000000 0.100000
vn 0.000000 0.000000 0.100000
vn 0.000000 0.000000 0.100000
vn 0.000000 0.000000 0.100000
vn 0.000000 0.000000 0.100000
vn 0.000000 0.000000 0.100000
vn 0.000000 0.000000 0.100000
vn 0.000000 0.000000 0.100000
vn 0.000000 0.000000 0.100000
vn 0.046668 -0.037711 0.080000
vn 0.049047 -0.034560 0.080000
vn 0.051005 -0.031599 0.080000
vn 0.052658 -0.028759 0.080000
vn 0.054546 -0.024994 0.080000
vn 0.055587 -0.022586 0.080000
vn 0.057237 -0.017999 0.080000
vn 0.057794 -0.016120 0.080000
vn 0.059034 -0.010723 0.080000
vn 0.059252 -0.009444 0.080000
vn 0.059910 -0.003280 0.080000
vn 0.059942 -0.002646 0.080000
vn 0.059852 0.004215 0.080000
vn 0.059854 0.004186 0.080000
vn 0.058990 0.010964 0.080000
vn 0.058859 0.011643 0.080000
vn 0.057361 0.017600 0.080000
vn 0.056949 0.018890 0.080000
vn 0.056843 0.019205 0.080000
vn -0.002314 0.000000 -0.099973
vn -0.000670 0.000000 -0.099998
vn 0.000000 0.000000 -0.100000
vn -0.000246 0.000000 -0.100000
vn 0.000000 0.000000 -0.100000
vn -0.007652 0.000000 -0.099707
vn -0.002668 0.000000 -0.099964
vn -0.002258 0.000000 -0.099975
vn -0.001747 0.000000 -0.099985
vn -0.015310 0.000000 -0.098821
vn -0.011875 0.000000 -0.099292
vn -0.005842 0.000000 -0.099829
vn -0.002934 0.000000 -0.099957
vn -0.003026 0.000000 -0.099954
vn -0.002934 0.000000 -0.099957
vn -0.002668 0.000000 -0.099964
vn -0.001784 0.000000 -0.099984
vn -0.002258 0.000000 -0.099975
vn -0.001747 0.000000 -0.099985
vn -0.001196 0.000000 -0.099993
vn -0.000670 0.000000 -0.099998
vn -0.000246 0.000000 -0.100000
vn 0.000000 0.000000 -0.100000
vn -0.018963 0.000000 -0.098186
vn -0.024231 0.000000 -0.097020
vn -0.027057 0.000000 -0.096270
vn -0.034609 0.000000 -0.093820
vn -0.036154 0.000000 -0.093236
vn -0.045629 0.000000 -0.088983
vn -0.045629 0.000000 -0.088983
vn -0.055473 0.000000 -0.083203
vn -0.057132 0.000000 -0.082073
vn -0.065143 0.000000 -0.075871
vn -0.068200 0.000000 -0.073136
vn -0.074026 0.000000 -0.067232
vn -0.078117 0.000000 -0.062432
vn -0.081911 0.000000 -0.057364
vn -0.086337 0.000000 -0.050458
vn -0.088282 0.000000 -0.046972
vn -0.092403 0.000000 -0.038233
vn -0.093105 0.000000 -0.036488
vn -0.096467 0.000000 -0.026348
vn -0.096467 0.000000 -0.026348
vn -0.098462 0.000000 -0.017472
vn -0.098692 0.000000 -0.016120
vn -0.099511 0.000000 -0.009875
vn -0.099704 0.000000 -0.007683
vn -0.099962 0.000000 -0.002760
vn -0.099976 0.000000 -0.002177
vn -0.001196 0.000000 -0.099993
vn -0.099976 0.000000 -0.002177
vn -0.099976 0.000000 -0.002177
vn -0.099704 0.000000 -0.007683
vn -0.099704 0.000000 -0.007683
vn -0.098692 0.000000 -0.016120
vn -0.098692 0.000000 -0.016120
vn -0.096467 0.000000 -0.026348
vn -0.096467 0.000000 -0.026348
vn -0.092403 0.000000 -0.038233
vn -0.092403 0.000000 -0.038233
vn -0.086337 0.000000 -0.050458
vn -0.086337 0.000000 -0.050458
vn -0.078117 0.000000 -0.062432
vn -0.078117 0.000000 -0.062432
vn -0.068200 0.000000 -0.073136
vn -0.068200 0.000000 -0.073136
vn -0.057132 0.000000 -0.082073
vn -0.057132 0.000000 -0.082073
vn -0.045629 0.000000 -0.088983
vn -0.045629 0.000000 -0.088983
vn -0.034609 0.000000 -0.093820
vn -0.034609 0.000000 -0.093820
vn -0.024231 0.000000 -0.097020
vn -0.024231 0.000000 -0.097020
vn -0.015310 0.000000 -0.098821
vn -0.015310 0.000000 -0.098821
vn -0.007653 0.000000 -0.099707
vn -0.007653 0.000000 -0.099707
vn -0.002314 0.000000 -0.099973
vn -0.002314 0.000000 -0.099973
vn 0.000000 0.000000 -0.100000
vn 0.000000 0.000000 -0.100000
vn 0.081745 -0.057600 0.000000
vn 0.081745 -0.057600 0.000000
vn 0.087764 -0.047932 0.000000
vn 0.087764 -0.047932 0.000000
vn 0.092644 -0.037643 0.000000
vn 0.092644 -0.037643 0.000000
vn 0.096324 -0.026866 0.000000
vn 0.096324 -0.026866 0.000000
vn 0.098753 -0.015740 0.000000
vn 0.098753 -0.015740 0.000000
vn 0.099903 -0.004410 0.000000
vn 0.099903 -0.004410 0.000000
vn 0.099756 0.006977 -0.000000
vn 0.099756 0.006977 -0.000000
vn 0.098316 0.018274 -0.000000
vn 0.098316 0.018274 -0.000000
vn 0.095601 0.029333 -0.000000
vn 0.095601 0.029333 -0.000000
vn -0.000000 -0.000000 -0.100000
vn -0.000000 -0.000000 -0.100000
vn -0.000000 -0.000000 -0.100000
vn -0.000000 -0.000000 -0.100000
vn -0.000000 -0.000000 -0.100000
vn -0.000000 -0.000000 -0.100000
vn -0.000000 -0.000000 -0.100000
vn -0.000000 -0.000000 -0.100000
vn -0.000000 -0.000000 -0.100000
vn -0.000000 -0.000000 -0.100000
vn -0.000000 -0.000000 -0.100000
vn -0.000000 -0.000000 -0.100000
vn -0.000000 -0.000000 -0.100000
vn -0.000000 -0.000000 -0.100000
vn -0.000000 -0.000000 -0.100000
vn -0.000000 -0.000000 -0.100000
vn -0.000000 -0.000000 -0.100000
vn -0.000000 -0.000000 -0.100000
vn -0.000000 -0.000000 -0.100000
vn -0.000000 -0.000000 -0.100000
vn -0.000000 -0.000000 -0.100000
vn -0.000000 -0.000000 -0.100000
vn -0.000000 -0.000000 -0.100000
vn -0.000000 -0.000000 -0.100000
vn -0.000000 -0.000000 -0.100000
vn -0.000000 -0.000000 -0.100000
vn -0.000000 -0.000000 -0.100000
vn -0.000000 -0.000000 -0.100000
vn -0.000000 -0.000000 -0.100000
vn -0.000000 -0.000000 -0.100000
vn -0.000000 -0.000000 -0.100000
vn -0.000000 -0.000000 -0.100000
vn -0.000000 -0.000000 -0.100000
vn -0.000000 -0.000000 -0.100000
vn -0.000000 -0.000000 -0.100000
vn -0.000000 -0.000000 -0.100000
vn -0.000000 -0.000000 -0.100000
vn -0.000000 -0.000000 -0.100000
vn -0.000000 -0.000000 -0.100000
vn -0.000000 -0.000000 -0.100000
vn -0.000000 -0.000000 -0.100000
vn -0.000000 -0.000000 -0.100000
vn -0.000000 -0.000000 -0.100000
vn -0.000000 -0.000000 -0.100000
vn -0.000000 -0.000000 -0.100000
vn -0.000000 -0.000000 -0.100000
vn -0.000000 -0.000000 -0.100000
vn -0.000000 -0.000000 -0.100000
vn -0.000000 -0.000000 -0.100000
vn -0.000000 -0.000000 -0.100000
vn -0.000000 -0.000000 -0.100000
vn -0.000000 -0.000000 -0.100000
vn -0.000000 -0.000000 -0.100000
vn -0.000000 -0.000000 -0.100000
vn -0.000000 -0.000000 -0.100000
vn -0.000000 -0.000000 -0.100000
vn -0.000000 -0.000000 -0.100000
vn -0.000000 -0.000000 -0.100000
vn -0.000000 -0.000000 -0.100000
vn -0.000000 -0.000000 -0.100000
vn -0.000000 -0.000000 -0.100000
vn -0.000000 -0.000000 -0.100000
vn 0.046668 -0.037711 -0.080000
vn 0.051005 -0.031599 -0.080000
vn 0.049047 -0.034560 -0.080000
vn 0.052658 -0.028759 -0.080000
vn 0.054546 -0.024994 -0.080000
vn 0.055587 -0.022586 -0.080000
vn 0.057237 -0.017999 -0.080000
vn 0.057794 -0.016120 -0.080000
vn 0.059034 -0.010723 -0.080000
vn 0.059252 -0.009444 -0.080000
vn 0.059910 -0.003280 -0.080000
vn 0.059942 -0.002646 -0.080000
vn 0.059852 0.004215 -0.080000
vn 0.059854 0.004186 -0.080000
vn 0.058990 0.010964 -0.080000
vn 0.058859 0.011643 -0.080000
vn 0.057361 0.017600 -0.080000
vn 0.056949 0.018890 -0.080000
vn 0.056843 0.019205 -0.080000
vn -0.000000 -0.100000 0.000000
vn -0.000000 -0.100000 0.000000
vn -0.000000 -0.100000 0.000000
vn -0.000000 -0.100000 0.000000
vn -0.000000 -0.100000 0.000000
vn -0.000000 -0.100000 0.000000
vn -0.000000 -0.100000 0.000000
vn -0.000000 -0.100000 0.000000
vn -0.000000 -0.100000 0.000000
vn -0.000000 -0.100000 0.000000
vn -0.000000 -0.100000 0.000000
vn -0.000000 -0.100000 0.000000
vn -0.000000 -0.100000 0.000000
vn -0.000000 -0.100000 0.000000
vn -0.000000 -0.100000 0.000000
vn -0.000000 -0.100000 0.000000
vn -0.000000 -0.100000 0.000000
vn -0.000000 -0.100000 0.000000
vn -0.000000 -0.100000 0.000000
vn -0.000000 -0.100000 0.000000
vn -0.000000 -0.100000 0.000000
vn -0.000000 -0.100000 0.000000
vn -0.000000 -0.100000 0.000000
vn -0.000000 -0.100000 0.000000
vn -0.000000 -0.100000 0.000000
vn -0.000000 -0.100000 0.000000
vn -0.000000 -0.100000 0.000000
vn -0.000000 -0.100000 0.000000
vn -0.000000 -0.100000 0.000000
vn -0.000000 -0.100000 0.000000
vn -0.000000 -0.100000 0.000000
vn -0.000000 -0.100000 0.000000
vn -0.000000 -0.100000 0.000000
vn -0.000000 -0.100000 0.000000
vn -0.000000 -0.100000 0.000000
vn -0.000000 -0.100000 0.000000
vn -0.000000 -0.100000 0.000000
vn -0.000000 -0.100000 0.000000
vn -0.000000 -0.100000 0.000000
vn -0.000000 -0.100000 0.000000
vn -0.000000 -0.100000 0.000000
vn -0.000000 -0.100000 0.000000
vn -0.000000 -0.100000 0.000000
vn -0.000000 -0.100000 0.000000
vn -0.000000 -0.100000 0.000000
vn -0.000000 -0.100000 0.000000
vn -0.000000 -0.100000 0.000000
vn -0.000000 -0.100000 0.000000
vn -0.000000 -0.100000 0.000000
vn -0.000000 -0.100000 0.000000
vn -0.000000 -0.100000 0.000000
vn -0.000000 -0.100000 0.000000
vn -0.000000 -0.100000 0.000000
vn -0.000000 -0.100000 0.000000
vn -0.000000 -0.100000 0.000000
vn -0.000000 -0.100000 0.000000
vn -0.000000 -0.100000 0.000000
vn -0.000000 -0.100000 0.000000
vn -0.000000 -0.100000 0.000000
vn -0.096230 0.000000 -0.027199
vn -0.098618 0.000000 -0.016568
vn -0.096230 0.000000 -0.027199
vn -0.098618 0.000000 -0.016568
vn -0.099653 0.000000 -0.008321
vn -0.099653 0.000000 -0.008321
vn -0.099962 0.000000 -0.002744
vn -0.099962 0.000000 -0.002744
vn -0.100000 0.000000 -0.000143
vn -0.100000 0.000000 -0.000143
vn 0.000000 -0.000000 -0.100000
vn 0.000000 -0.000000 -0.100000
vn 0.000000 -0.000000 -0.100000
vn 0.000000 -0.000000 -0.100000
vn 0.059651 0.000000 -0.080260
vn 0.059584 0.000000 -0.080311
vn 0.059651 0.000000 -0.080260
vn 0.059584 0.000000 -0.080311
vn 0.100000 -0.000000 -0.000000
vn 0.100000 -0.000000 -0.000000
vn 0.100000 -0.000000 -0.000000
vn 0.100000 -0.000000 -0.000000
vn 0.059597 -0.000000 0.080300
vn 0.059662 -0.000000 0.080253
vn 0.059597 -0.000000 0.080300
vn 0.059662 -0.000000 0.080253
vn 0.000000 0.000000 0.100000
vn 0.000000 0.000000 0.100000
vn 0.000000 0.000000 0.100000
vn 0.000000 0.000000 0.100000
vn 0.000000 0.000000 0.100000
vn 0.000000 0.000000 0.100000
vn 0.059589 -0.000000 0.080307
vn 0.059589 -0.000000 0.080307
vn 0.059589 -0.000000 0.080307
vn 0.059589 -0.000000 0.080307
vn 0.059655 -0.000000 -0.080257
vn 0.059655 -0.000000 -0.080257
vn 0.059655 -0.000000 -0.080257
vn 0.059655 -0.000000 -0.080257
vn -0.096230 0.000000 -0.027199
vn -0.094039 0.000000 -0.034011
vn -0.096230 0.000000 -0.027199
vn -0.094039 0.000000 -0.034011
vn -0.090566 0.000000 -0.042402
vn -0.090566 0.000000 -0.042402
vn -0.085490 0.000000 -0.051879
vn -0.085490 0.000000 -0.051879
vn -0.078557 0.000000 -0.061877
vn -0.078557 0.000000 -0.061877
vn -0.072086 0.000000 -0.069308
vn -0.072086 0.000000 -0.069308
vn -0.065075 0.000000 -0.075930
vn -0.065075 0.000000 -0.075930
vn -0.057711 0.000000 -0.081667
vn -0.057711 0.000000 -0.081667
vn -0.050174 0.000000 -0.086502
vn -0.050174 0.000000 -0.086502
vn -0.041803 0.000000 -0.090843
vn -0.041803 0.000000 -0.090843
vn -0.033748 0.000000 -0.094133
vn -0.033748 0.000000 -0.094133
vn -0.026166 0.000000 -0.096516
vn -0.026166 0.000000 -0.096516
vn -0.019146 0.000000 -0.098150
vn -0.019146 0.000000 -0.098150
vn -0.011559 0.000000 -0.099330
vn -0.011559 0.000000 -0.099330
vn -0.005627 0.000000 -0.099842
vn -0.005627 0.000000 -0.099842
vn -0.001583 0.000000 -0.099987
vn -0.001583 0.000000 -0.099987
vn 0.000000 0.000000 -0.100000
vn 0.000000 0.000000 -0.100000
vn 0.100000 -0.000000 0.000000
vn 0.100000 -0.000000 0.000000
vn 0.100000 -0.000000 0.000000
vn 0.100000 -0.000000 0.000000
vn 0.100000 -0.000000 0.000000
vn 0.100000 -0.000000 0.000000
vn 0.000000 0.100000 0.000000
vn 0.000000 0.100000 0.000000
vn 0.000000 0.100000 0.000000
vn 0.000000 0.100000 0.000000
vn 0.000000 0.100000 0.000000
vn 0.000000 0.100000 0.000000
vn -0.000000 -0.000000 -0.100000
vn -0.000000 -0.000000 -0.100000
vn -0.000000 -0.000000 -0.100000
vn -0.000000 -0.000000 -0.100000
vn -0.000000 -0.000000 -0.100000
vn -0.000000 -0.000000 -0.100000
vn -0.000000 -0.000000 -0.100000
vn -0.000000 -0.000000 -0.100000
vn -0.000000 -0.000000 -0.100000
vn -0.000000 -0.000000 -0.100000
vn -0.000000 -0.000000 -0.100000
vn -0.000000 -0.000000 -0.100000
vn -0.000000 -0.000000 -0.100000
vn -0.000000 -0.000000 -0.100000
vn -0.000000 -0.000000 -0.100000
vn -0.000000 -0.000000 -0.100000
vn -0.000000 -0.000000 -0.100000
vn -0.000000 -0.000000 -0.100000
vn -0.000000 -0.000000 -0.100000
vn -0.000000 -0.000000 -0.100000
vn -0.000000 -0.000000 -0.100000
vn -0.000000 -0.000000 -0.100000
vn -0.000000 -0.000000 -0.100000
vn -0.000000 -0.000000 -0.100000
vn -0.000000 -0.000000 -0.100000
vn -0.000000 -0.000000 -0.100000
vn -0.000000 -0.000000 -0.100000
vn -0.000000 -0.000000 -0.100000
vn 0.000000 0.100000 0.000000
vn 0.000000 0.100000 0.000000
vn 0.000000 0.100000 0.000000
vn 0.000000 0.100000 0.000000
vn 0.000000 0.100000 0.000000
vn 0.000000 0.100000 0.000000
vn 0.080000 0.060000 0.000000
vn 0.080000 0.060000 0.000000
vn 0.080000 0.060000 0.000000
vn 0.080000 0.060000 0.000000
vn -0.080000 0.060000 0.000000
vn -0.080000 0.060000 0.000000
vn -0.080000 0.060000 0.000000
vn -0.080000 0.060000 0.000000
vn -0.100000 0.000000 0.000000
vn -0.100000 0.000000 0.000000
vn -0.100000 0.000000 0.000000
vn -0.100000 0.000000 0.000000
vn -0.000000 -0.000000 -0.100000
vn -0.000000 -0.000000 -0.100000
vn -0.000000 -0.000000 -0.100000
vn -0.000000 -0.000000 -0.100000
vn -0.000000 -0.000000 -0.100000
vn -0.000000 -0.000000 -0.100000
vn -0.000000 -0.000000 -0.100000
vn -0.000000 -0.000000 -0.100000
vn -0.000000 -0.000000 -0.100000
vn -0.000000 -0.000000 -0.100000
vn -0.000000 -0.000000 -0.100000
vn -0.000000 -0.000000 -0.100000
vn -0.000000 -0.000000 -0.100000
vn -0.000000 -0.000000 -0.100000
vn 0.000000 -0.000000 -0.100000
vn 0.000000 -0.000000 -0.100000
vn 0.000000 -0.000000 -0.100000
vn 0.000000 -0.000000 -0.100000
vn 0.100000 -0.000000 0.000139
vn 0.100000 -0.000000 0.000139
vn 0.099950 -0.000000 0.003155
vn 0.099950 -0.000000 0.003155
vn 0.099563 -0.000000 0.009342
vn 0.099563 -0.000000 0.009342
vn 0.098369 -0.000000 0.017989
vn 0.098369 -0.000000 0.017989
vn 0.095852 -0.000000 0.028502
vn 0.095852 -0.000000 0.028502
vn 0.091556 -0.000000 0.040218
vn 0.091556 -0.000000 0.040218
vn 0.085211 -0.000000 0.052337
vn 0.085211 -0.000000 0.052337
vn 0.076855 -0.000000 0.063979
vn 0.076855 -0.000000 0.063979
vn 0.072032 -0.000000 0.069364
vn 0.072032 -0.000000 0.069364
vn 0.066873 -0.000000 0.074351
vn 0.066873 -0.000000 0.074351
vn 0.055898 -0.000000 0.082918
vn 0.055898 -0.000000 0.082918
vn 0.044644 -0.000000 0.089481
vn 0.044644 -0.000000 0.089481
vn 0.033746 -0.000000 0.094134
vn 0.033746 -0.000000 0.094134
vn 0.023691 -0.000000 0.097153
vn 0.023691 -0.000000 0.097153
vn 0.014841 -0.000000 0.098893
vn 0.014841 -0.000000 0.098893
vn 0.007526 -0.000000 0.099716
vn 0.007526 -0.000000 0.099716
vn 0.002992 -0.000000 0.099955
vn 0.002898 -0.000000 0.099958
vn 0.002898 -0.000000 0.099958
vn 0.002228 -0.000000 0.099975
vn 0.002624 -0.000000 0.099966
vn 0.002199 -0.000000 0.099976
vn 0.001669 -0.000000 0.099986
vn 0.001097 -0.000000 0.099994
vn 0.000000 0.000000 0.100000
vn 0.000564 -0.000000 0.099998
vn 0.000161 -0.000000 0.100000
vn 0.000000 0.000000 0.100000
vn 0.002228 -0.000000 0.099975
vn 0.002624 -0.000000 0.099966
vn 0.002199 -0.000000 0.099976
vn 0.001669 -0.000000 0.099986
vn 0.001097 -0.000000 0.099994
vn 0.000564 -0.000000 0.099998
vn 0.000000 0.000000 0.100000
vn 0.000161 -0.000000 0.100000
vn 0.000000 0.000000 0.100000
vn 0.079967 0.059997 0.002378
vn 0.080000 0.060000 0.000112
vn 0.041958 0.090768 0.000859
vn 0.044721 0.089443 0.000063
vn -0.000000 0.100000 -0.000000
vn 0.000000 0.100000 0.000000
vn 0.000000 0.100000 0.000000
vn 0.041718 0.090764 0.004627
vn 0.000000 0.100000 0.000000
vn 0.041303 0.090767 0.007441
vn 0.000000 0.100000 0.000000
vn 0.040567 0.090769 0.010735
vn 0.039393 0.090767 0.014475
vn 0.077120 0.059994 0.021287
vn 0.073958 0.059982 0.030536
vn 0.037720 0.090764 0.018413
vn 0.069193 0.059985 0.040176
vn 0.035474 0.090771 0.022411
vn 0.062512 0.060000 0.049923
vn 0.032592 0.090774 0.026416
vn 0.029330 0.090765 0.030024
vn 0.000000 0.100000 0.000000
vn 0.000000 0.100000 0.000000
vn 0.000000 0.100000 0.000000
vn 0.000000 0.100000 -0.000000
vn 0.025819 0.090764 0.033095
vn 0.000000 0.100000 0.000000
vn 0.022101 0.090769 0.035672
vn 0.000000 0.100000 0.000000
vn 0.018426 0.090769 0.037702
vn 0.000000 0.100000 0.000000
vn 0.014921 0.090766 0.039229
vn 0.011617 0.090764 0.040335
vn 0.028248 0.059982 0.074861
vn 0.020329 0.059981 0.077388
vn 0.008573 0.090766 0.041087
vn 0.013261 0.059990 0.078901
vn 0.005830 0.090767 0.041562
vn 0.007151 0.059995 0.079684
vn 0.001967 0.090767 0.041922
vn 0.002289 0.059997 0.079970
vn 0.000000 0.081779 0.057552
vn 0.000000 0.060000 0.080000
vn 0.000000 0.100000 0.000000
vn 0.000000 0.100000 0.000000
vn 0.000000 0.100000 0.000000
vn 0.000000 0.100000 0.000000
vn 0.000000 0.095109 0.030892
vn -0.000000 0.100000 -0.000000
vn 0.036803 0.059992 0.071038
vn 0.045822 0.059985 0.065590
vn 0.054530 0.059976 0.058561
vn 0.078894 0.059987 0.013312
vn 0.079718 0.059984 0.006848
vn 0.100000 -0.000000 0.000139
vn 0.094868 0.031623 0.000132
vn 0.099949 -0.000002 0.003199
vn 0.095155 0.030529 0.003675
vn 0.099571 -0.000005 0.009254
vn 0.094623 0.030527 0.010702
vn 0.098372 -0.000009 0.017968
vn 0.093538 0.030531 0.017849
vn 0.091557 0.030533 0.026175
vn 0.076908 0.060014 0.021987
vn 0.088353 0.030525 0.035525
vn 0.073670 0.060001 0.031185
vn 0.083858 0.030519 0.045127
vn 0.068930 0.059998 0.040607
vn 0.077917 0.030528 0.054744
vn 0.062453 0.060009 0.049985
vn 0.070529 0.030524 0.063983
vn 0.054749 0.059995 0.058337
vn 0.062377 0.030519 0.071956
vn 0.046278 0.060009 0.065248
vn 0.053581 0.030530 0.078721
vn 0.037430 0.060017 0.070689
vn 0.044560 0.030534 0.084155
vn 0.035868 0.030530 0.088212
vn 0.044607 -0.000014 0.089500
vn 0.033739 -0.000010 0.094136
vn 0.027620 0.030527 0.091133
vn 0.023675 -0.000008 0.097157
vn 0.020001 0.030527 0.093102
vn 0.014857 -0.000006 0.098890
vn 0.013130 0.030528 0.094317
vn 0.007526 -0.000004 0.099716
vn 0.007102 0.030528 0.094961
vn 0.002272 0.030528 0.095199
vn 0.002470 0.060001 0.079961
vn 0.000000 0.041446 0.091007
vn 0.000000 0.060000 0.080000
vn 0.080000 0.060000 0.000111
vn 0.079957 0.060003 0.002555
vn 0.079671 0.060001 0.007244
vn 0.078773 0.060007 0.013925
vn 0.028949 0.060008 0.074573
vn 0.021003 0.060003 0.077192
vn 0.013836 0.060003 0.078792
vn 0.007556 0.060003 0.079640
vn 0.000000 0.021447 0.097673
vn 0.002178 -0.000002 0.099976
vn 0.055955 -0.000015 0.082880
vn 0.066895 -0.000014 0.074331
vn 0.071978 -0.000012 0.069421
vn 0.076801 -0.000012 0.064044
vn 0.085259 -0.000012 0.052259
vn 0.091513 -0.000013 0.040317
vn 0.095856 -0.000012 0.028488
vn 0.080000 0.060000 0.000111
vn 0.080000 0.060000 0.000112
vn 0.079959 0.060002 0.002528
vn 0.079952 0.060002 0.002729
vn 0.079768 0.059999 0.006099
vn 0.079964 0.060002 0.002350
vn 0.079706 0.059999 0.006861
vn 0.079295 0.060002 0.010586
vn 0.078876 0.060001 0.013359
vn 0.078318 0.059999 0.016320
vn 0.077114 0.060000 0.021295
vn 0.076535 0.060000 0.023288
vn 0.073970 0.060000 0.030469
vn 0.073498 0.060000 0.031592
vn 0.069113 0.060000 0.040292
vn 0.068777 0.060000 0.040863
vn 0.062571 0.060000 0.049849
vn 0.062475 0.060000 0.049969
vn 0.054835 0.060001 0.058250
vn 0.062499 0.060000 0.049939
vn 0.054708 0.060001 0.058369
vn 0.046497 0.060000 0.065100
vn 0.046246 0.060000 0.065278
vn 0.037788 0.060000 0.070513
vn 0.037442 0.060000 0.070697
vn 0.029393 0.060000 0.074404
vn 0.028970 0.060000 0.074570
vn 0.021441 0.060000 0.077073
vn 0.021028 0.060000 0.077187
vn 0.014372 0.060000 0.078699
vn 0.013828 0.060000 0.078796
vn 0.008525 0.060000 0.079545
vn 0.007555 0.060000 0.079643
vn 0.003976 0.060002 0.079900
vn 0.002528 0.060003 0.079957
vn 0.000979 0.060003 0.079991
vn 0.000000 0.060000 0.080000
vn 0.000000 0.060000 0.080000
vn 0.002335 0.060004 0.079963
vn 0.007147 0.060000 0.079680
vn 0.013253 0.060000 0.078895
vn 0.020348 0.060000 0.077369
vn 0.028254 0.060000 0.074845
vn 0.036801 0.060000 0.071033
vn 0.045789 0.060000 0.065600
vn 0.054517 0.060001 0.058547
vn 0.068891 0.060000 0.040669
vn 0.073711 0.060000 0.031092
vn 0.076914 0.060000 0.022006
vn 0.078766 0.060001 0.013995
vn 0.079670 0.060000 0.007263
vn 0.099993 -0.000000 -0.001150
vn 0.100000 -0.000000 0.000000
vn 0.100000 -0.000000 0.000000
vn 0.099380 -0.000000 0.011117
vn 0.100000 -0.000000 0.000000
vn 0.099962 -0.000000 -0.002759
vn 0.099996 -0.000000 -0.000920
vn 0.099983 -0.000000 -0.001839
vn 0.099962 -0.000000 -0.002759
vn 0.099974 -0.000000 -0.002299
vn 0.099941 -0.000000 -0.003448
vn 0.098982 -0.000000 -0.014231
vn 0.099941 -0.000000 -0.003448
vn 0.098487 -0.000000 -0.017327
vn 0.095949 -0.000000 -0.028173
vn 0.095116 -0.000000 -0.030869
vn 0.090963 -0.000000 -0.041542
vn 0.089893 -0.000000 -0.043810
vn 0.084125 -0.000000 -0.054064
vn 0.082919 -0.000000 -0.055897
vn 0.075575 -0.000000 -0.065486
vn 0.074330 -0.000000 -0.066896
vn 0.065486 -0.000000 -0.075575
vn 0.064293 -0.000000 -0.076592
vn 0.054064 -0.000000 -0.084125
vn 0.053005 -0.000000 -0.084797
vn 0.041542 -0.000000 -0.090963
vn 0.040684 -0.000000 -0.091350
vn 0.028173 -0.000000 -0.095949
vn 0.027571 -0.000000 -0.096124
vn 0.014231 -0.000000 -0.098982
vn 0.013921 -0.000000 -0.099026
vn 0.000000 -0.000000 -0.100000
vn -0.000000 -0.000000 -0.100000
vn -0.013921 0.000000 -0.099026
vn -0.014231 0.000000 -0.098982
vn -0.027571 0.000000 -0.096124
vn -0.028173 0.000000 -0.095949
vn -0.040684 0.000000 -0.091350
vn -0.041542 0.000000 -0.090963
vn -0.053005 0.000000 -0.084797
vn -0.054064 0.000000 -0.084125
vn -0.064293 0.000000 -0.076592
vn -0.065486 0.000000 -0.075575
vn -0.074330 0.000000 -0.066896
vn -0.075575 0.000000 -0.065486
vn -0.082919 0.000000 -0.055897
vn -0.084125 0.000000 -0.054064
vn -0.089893 0.000000 -0.043810
vn -0.090963 0.000000 -0.041542
vn -0.095116 0.000000 -0.030869
vn -0.095949 0.000000 -0.028173
vn -0.098487 0.000000 -0.017327
vn -0.098982 0.000000 -0.014231
vn -0.099941 0.000000 -0.003448
vn -0.100000 0.000000 -0.000000
vn -0.099974 0.000000 -0.002299
vn -0.099993 0.000000 -0.001150
vn -0.099941 0.000000 -0.003448
vn -0.100000 0.000000 0.000000
vn -0.098982 0.000000 0.014231
vn -0.099380 0.000000 0.011117
vn -0.096882 0.000000 0.024778
vn -0.100000 0.000000 0.000000
vn -0.099962 0.000000 -0.002759
vn -0.099996 0.000000 -0.000920
vn -0.099983 0.000000 -0.001839
vn -0.099962 0.000000 -0.002759
vn -0.095949 0.000000 0.028173
vn -0.092514 0.000000 0.037962
vn -0.090963 0.000000 0.041542
vn -0.086363 0.000000 0.050413
vn -0.084125 0.000000 0.054064
vn -0.078546 0.000000 0.061892
vn -0.075575 0.000000 0.065486
vn -0.069214 0.000000 0.072177
vn -0.065486 0.000000 0.075575
vn -0.058547 0.000000 0.081070
vn -0.054064 0.000000 0.084125
vn -0.046750 0.000000 0.088399
vn -0.041542 0.000000 0.090963
vn -0.034053 0.000000 0.094024
vn -0.028173 0.000000 0.095949
vn -0.020698 0.000000 0.097835
vn -0.014231 0.000000 0.098982
vn -0.006944 0.000000 0.099759
vn -0.000000 0.000000 0.100000
vn 0.006944 -0.000000 0.099759
vn 0.014231 -0.000000 0.098982
vn 0.020698 -0.000000 0.097835
vn 0.028173 -0.000000 0.095949
vn 0.034053 -0.000000 0.094024
vn 0.041542 -0.000000 0.090963
vn 0.046750 -0.000000 0.088399
vn 0.054064 -0.000000 0.084125
vn 0.058547 -0.000000 0.081070
vn 0.065486 -0.000000 0.075575
vn 0.069214 -0.000000 0.072177
vn 0.075575 -0.000000 0.065486
vn 0.078546 -0.000000 0.061892
vn 0.084125 -0.000000 0.054064
vn 0.086363 -0.000000 0.050413
vn 0.090963 -0.000000 0.041542
vn 0.092514 -0.000000 0.037962
vn 0.095949 -0.000000 0.028173
vn 0.096882 -0.000000 0.024778
vn 0.098982 -0.000000 0.014231
vn -0.100000 0.000000 -0.000171
vn -0.100000 0.000000 -0.000171
vn -0.099980 0.000000 -0.002005
vn -0.099705 0.000000 -0.007679
vn -0.099816 0.000000 -0.006061
vn -0.099191 0.000000 -0.012695
vn -0.098321 0.000000 -0.018246
vn -0.097489 0.000000 -0.022269
vn -0.093153 0.000000 -0.036367
vn -0.093719 0.000000 -0.034883
vn -0.086684 0.000000 -0.049858
vn -0.087522 0.000000 -0.048373
vn -0.078953 0.000000 -0.061372
vn -0.075718 0.000000 -0.065320
vn -0.067708 0.000000 -0.073591
vn -0.061652 0.000000 -0.078734
vn -0.055235 0.000000 -0.083361
vn -0.046709 0.000000 -0.088421
vn -0.032805 0.000000 -0.094466
vn -0.033087 0.000000 -0.094367
vn -0.021926 0.000000 -0.097567
vn -0.013408 0.000000 -0.099097
vn -0.016863 0.000000 -0.098568
vn -0.016134 0.000000 -0.098690
vn -0.015429 0.000000 -0.098803
vn -0.007828 0.000000 -0.099693
vn -0.007266 0.000000 -0.099736
vn -0.003230 0.000000 -0.099948
vn -0.003150 0.000000 -0.099950
vn -0.000771 0.000000 -0.099997
vn 0.000000 0.000000 -0.100000
vn 0.000000 0.100000 -0.000000
vn 0.000000 0.100000 -0.000000
vn 0.000000 0.100000 -0.000000
vn 0.000000 0.100000 -0.000000
vn 0.000000 0.100000 -0.000000
vn 0.000000 0.100000 -0.000000
vn 0.000000 0.100000 -0.000000
vn 0.000000 0.100000 -0.000000
vn 0.000000 0.100000 -0.000000
vn 0.000000 0.100000 -0.000000
vn 0.000000 0.100000 -0.000000
vn 0.000000 0.100000 -0.000000
vn 0.000000 0.100000 -0.000000
vn 0.000000 0.100000 -0.000000
vn 0.000000 0.100000 -0.000000
vn 0.000000 0.100000 -0.000000
vn 0.000000 0.100000 -0.000000
vn 0.000000 0.100000 -0.000000
vn 0.000000 0.100000 -0.000000
vn 0.000000 0.100000 -0.000000
vn 0.000000 0.100000 -0.000000
vn 0.000000 0.100000 -0.000000
vn 0.000000 0.100000 -0.000000
vn 0.000000 0.100000 -0.000000
vn 0.000000 0.100000 -0.000000
vn 0.000000 0.100000 -0.000000
vn 0.000000 0.100000 -0.000000
vn 0.000000 0.100000 -0.000000
vn 0.000000 0.100000 -0.000000
vn 0.000000 0.100000 -0.000000
vn 0.000000 0.100000 -0.000000
vn 0.000000 0.100000 -0.000000
vn 0.000000 0.100000 -0.000000
vn 0.000000 0.100000 -0.000000
vn 0.000000 0.100000 -0.000000
vn 0.000000 0.100000 -0.000000
vn 0.000000 0.100000 -0.000000
vn 0.000000 0.100000 -0.000000
vn 0.000000 0.100000 -0.000000
vn 0.000000 0.100000 -0.000000
vn 0.000000 0.100000 -0.000000
vn 0.000000 0.100000 -0.000000
vn 0.000000 0.100000 -0.000000
vn 0.000000 0.100000 -0.000000
vn 0.000000 0.100000 -0.000000
vn 0.000000 0.100000 -0.000000
vn 0.000000 0.100000 -0.000000
vn 0.000000 0.100000 -0.000000
vn 0.000000 0.100000 -0.000000
vn 0.000000 0.100000 -0.000000
vn 0.000000 0.100000 -0.000000
vn 0.000000 0.100000 -0.000000
vn -0.079936 0.059984 -0.003489
vn -0.080000 0.060000 -0.000137
vn -0.095223 0.030520 -0.001006
vn -0.094868 0.031623 -0.000162
vn -0.100000 -0.000000 -0.000171
vn -0.099979 -0.000008 -0.002066
vn -0.095044 0.030510 -0.005982
vn -0.078746 0.060019 -0.014029
vn -0.093393 0.030521 -0.018605
vn -0.076399 0.060022 -0.023678
vn -0.086893 0.030535 -0.038952
vn -0.071011 0.060041 -0.036777
vn -0.080058 0.030564 -0.051541
vn -0.060296 0.060091 -0.052474
vn -0.069501 0.030560 -0.065082
vn -0.057567 0.030464 -0.075882
vn -0.061244 -0.000035 -0.079052
vn -0.047049 -0.000035 -0.088240
vn -0.099824 -0.000022 -0.005928
vn -0.099203 -0.000030 -0.012603
vn -0.097464 -0.000032 -0.022380
vn -0.093741 -0.000030 -0.034823
vn -0.086847 -0.000031 -0.049575
vn -0.075352 -0.000034 -0.065742
vn -0.045820 0.030448 -0.083507
vn -0.033321 -0.000035 -0.094285
vn -0.025294 0.030569 -0.091792
vn -0.021685 -0.000034 -0.097620
vn -0.012565 0.030455 -0.094417
vn -0.013288 -0.000030 -0.099113
vn -0.007418 -0.000024 -0.099724
vn -0.002777 0.030525 -0.095187
vn -0.003209 -0.000016 -0.099948
vn -0.000000 0.021447 -0.097673
vn -0.000000 -0.000000 -0.100000
vn -0.000000 0.041446 -0.091007
vn -0.001772 0.060019 -0.079966
vn -0.007869 0.059906 -0.079683
vn -0.000000 0.060000 -0.080000
vn -0.021235 0.060083 -0.077065
vn -0.032854 0.059973 -0.072965
vn -0.046375 0.059920 -0.065260
vn -0.000000 0.100000 -0.000000
vn -0.044721 0.089443 -0.000076
vn -0.041915 0.090749 -0.002791
vn -0.041510 0.090768 -0.006177
vn -0.040393 0.090752 -0.011512
vn -0.037768 0.090759 -0.018342
vn -0.032713 0.090787 -0.026220
vn -0.025843 0.090731 -0.033167
vn -0.018471 0.090761 -0.037700
vn -0.011780 0.090773 -0.040267
vn -0.006973 0.090736 -0.041453
vn -0.002127 0.090756 -0.041938
vn -0.000167 0.090762 -0.041979
vn 0.000000 0.095109 -0.030892
vn -0.000000 0.081779 -0.057552
vn -0.002246 0.059993 -0.079974
vn -0.000000 0.060000 -0.080000
vn -0.080000 0.060000 -0.000135
vn -0.079924 0.059951 -0.004233
vn -0.079515 0.059981 -0.008921
vn -0.078313 0.059983 -0.016406
vn -0.075516 0.059936 -0.026550
vn -0.070094 0.059987 -0.038580
vn -0.060839 0.060018 -0.051928
vn -0.049219 0.059897 -0.063165
vn -0.036968 0.059954 -0.070985
vn -0.025334 0.060013 -0.075872
vn -0.016304 0.059944 -0.078364
vn -0.009871 0.059917 -0.079451
vn -0.079895 0.059994 -0.004185
vn -0.080000 0.060000 -0.000136
vn -0.079993 0.060001 -0.001046
vn -0.080000 0.060000 -0.000137
vn -0.079928 0.059995 -0.003469
vn -0.078757 0.060018 -0.013973
vn -0.079176 0.060020 -0.011349
vn -0.079873 0.059994 -0.004578
vn -0.076830 0.059985 -0.022335
vn -0.076419 0.059982 -0.023711
vn -0.070699 0.059998 -0.037442
vn -0.070934 0.059997 -0.036997
vn -0.061450 0.060006 -0.051217
vn -0.060645 0.060006 -0.052167
vn -0.048899 0.059993 -0.063322
vn -0.046538 0.059996 -0.065074
vn -0.035833 0.059997 -0.071529
vn -0.032579 0.059996 -0.073069
vn -0.024866 0.060003 -0.076035
vn -0.021174 0.060001 -0.077146
vn -0.016551 0.059998 -0.078271
vn -0.007747 0.060006 -0.079620
vn -0.010295 0.060002 -0.079333
vn -0.002651 0.059993 -0.079962
vn -0.009821 0.060003 -0.079393
vn -0.002204 0.059992 -0.079976
vn -0.000000 0.060000 -0.080000
vn -0.001722 0.059992 -0.079987
vn -0.016408 0.059998 -0.078301
vn -0.025414 0.060003 -0.075854
vn -0.036729 0.059997 -0.071073
vn -0.049339 0.059993 -0.062980
vn -0.061021 0.060006 -0.051728
vn -0.069937 0.059998 -0.038847
vn -0.075516 0.059982 -0.026447
vn -0.078283 0.060010 -0.016447
vn -0.079492 0.060013 -0.008909
vn -0.088546 0.000000 -0.046472
vn -0.088546 0.000000 -0.046472
vn -0.100000 0.000000 -0.000000
vn -0.100000 0.000000 -0.000000
vn -0.088546 0.000000 0.046472
vn -0.088546 0.000000 0.046472
vn -0.056806 0.000000 0.082298
vn -0.056806 0.000000 0.082298
vn -0.012054 0.000000 0.099271
vn -0.012054 0.000000 0.099271
vn 0.035460 -0.000000 0.093502
vn 0.035460 -0.000000 0.093502
vn 0.074851 -0.000000 0.066312
vn 0.074851 -0.000000 0.066312
vn 0.097094 -0.000000 0.023932
vn 0.097094 -0.000000 0.023932
vn 0.097094 -0.000000 -0.023932
vn 0.097094 -0.000000 -0.023932
vn 0.074851 -0.000000 -0.066312
vn 0.074851 -0.000000 -0.066312
vn 0.035460 -0.000000 -0.093502
vn 0.035460 -0.000000 -0.093502
vn -0.012054 0.000000 -0.099271
vn -0.012054 0.000000 -0.099271
vn -0.056806 0.000000 -0.082298
vn -0.056806 0.000000 -0.082298
vn 0.000000 0.100000 -0.000000
vn 0.000000 0.100000 -0.000000
vn 0.000000 0.100000 -0.000000
vn 0.000000 0.100000 -0.000000
vn 0.000000 0.100000 -0.000000
vn 0.000000 0.100000 -0.000000
vn 0.000000 0.100000 -0.000000
vn 0.000000 0.100000 -0.000000
vn 0.000000 0.100000 -0.000000
vn 0.000000 0.100000 -0.000000
vn 0.000000 0.100000 -0.000000
vn 0.000000 0.100000 -0.000000
vn 0.000000 0.100000 -0.000000
vn 0.000000 0.100000 -0.000000
vn 0.000000 0.100000 -0.000000
vn 0.000000 0.100000 -0.000000
vn 0.000000 0.100000 -0.000000
vn 0.000000 0.100000 -0.000000
vn 0.000000 0.100000 -0.000000
vn 0.000000 0.100000 -0.000000
vn 0.000000 0.100000 -0.000000
vn 0.000000 0.100000 -0.000000
vn 0.000000 0.100000 -0.000000
vn 0.000000 0.100000 -0.000000
vn 0.000000 0.100000 -0.000000
vn -0.086603 0.000000 -0.050000
vn -0.086603 0.000000 -0.050000
vn -0.100000 0.000000 -0.000000
vn -0.100000 0.000000 -0.000000
vn -0.086603 0.000000 0.050000
vn -0.086603 0.000000 0.050000
vn -0.050000 0.000000 0.086603
vn -0.050000 0.000000 0.086603
vn 0.000000 -0.000000 0.100000
vn 0.000000 -0.000000 0.100000
vn 0.050000 -0.000000 0.086603
vn 0.050000 -0.000000 0.086603
vn 0.086603 -0.000000 0.050000
vn 0.086603 -0.000000 0.050000
vn 0.100000 -0.000000 0.000000
vn 0.100000 -0.000000 0.000000
vn 0.086603 -0.000000 -0.050000
vn 0.086603 -0.000000 -0.050000
vn 0.050000 -0.000000 -0.086603
vn 0.050000 -0.000000 -0.086603
vn 0.000000 -0.000000 -0.100000
vn 0.000000 -0.000000 -0.100000
vn -0.050000 0.000000 -0.086603
vn -0.050000 0.000000 -0.086603
vn -0.041308 0.000000 -0.091069
vn -0.060263 0.000000 -0.079802
vn -0.072395 0.000000 -0.068985
vn -0.085022 0.000000 -0.052643
vn -0.087905 0.000000 -0.047674
vn -0.098297 0.000000 -0.018375
vn -0.097295 0.000000 -0.023101
vn -0.098869 0.000000 0.014999
vn -0.098297 0.000000 0.018375
vn -0.086066 0.000000 0.050917
vn -0.085022 0.000000 0.052643
vn -0.060750 0.000000 0.079432
vn -0.060263 0.000000 0.079802
vn -0.027366 0.000000 0.096183
vn -0.027366 0.000000 -0.096183
vn -0.004216 0.000000 -0.099911
vn 0.009227 -0.000000 -0.099573
vn 0.033490 -0.000000 -0.094225
vn 0.044574 -0.000000 -0.089516
vn 0.066326 -0.000000 -0.074839
vn 0.073901 -0.000000 -0.067370
vn 0.089518 -0.000000 -0.044571
vn 0.093247 -0.000000 -0.036124
vn 0.099694 -0.000000 -0.007822
vn 0.100000 -0.000000 -0.000000
vn 0.095374 -0.000000 0.030064
vn 0.093247 -0.000000 0.036124
vn 0.077186 -0.000000 0.063579
vn 0.073901 -0.000000 0.067370
vn 0.047775 -0.000000 0.087849
vn 0.044574 -0.000000 0.089516
vn 0.011418 -0.000000 0.099346
vn 0.009227 -0.000000 0.099573
vn -0.026600 0.000000 0.096397
vn -0.000000 -0.100000 0.000000
vn -0.000000 -0.100000 0.000000
vn -0.000000 -0.100000 0.000000
vn -0.000000 -0.100000 0.000000
vn -0.000000 -0.100000 0.000000
vn -0.000000 -0.100000 0.000000
vn -0.000000 -0.100000 0.000000
vn -0.000000 -0.100000 0.000000
vn -0.000000 -0.100000 0.000000
vn -0.000000 -0.100000 0.000000
vn -0.000000 -0.100000 0.000000
vn -0.000000 -0.100000 0.000000
vn -0.000000 -0.100000 0.000000
vn -0.000000 -0.100000 0.000000
vn -0.000000 -0.100000 0.000000
vn -0.000000 -0.100000 0.000000
vn -0.000000 -0.100000 0.000000
vn -0.000000 -0.100000 0.000000
vn -0.000000 -0.100000 0.000000
vn -0.000000 -0.100000 0.000000
vn -0.000000 -0.100000 0.000000
vn -0.000000 -0.100000 0.000000
vn -0.000000 -0.100000 0.000000
vn -0.000000 -0.100000 0.000000
vn -0.000000 -0.100000 0.000000
vn -0.000000 -0.100000 0.000000
vn -0.000000 -0.100000 0.000000
vn -0.000000 -0.100000 0.000000
vn -0.000000 -0.100000 0.000000
vn -0.000000 -0.100000 0.000000
vn -0.000000 -0.100000 0.000000
vn -0.000000 -0.100000 0.000000
vn -0.000000 -0.100000 0.000000
vn -0.000000 -0.100000 0.000000
vn -0.000000 -0.100000 0.000000
vn -0.000000 -0.100000 0.000000
vn -0.000000 -0.100000 0.000000
vn -0.000000 -0.100000 0.000000
vn -0.000000 -0.100000 0.000000
vn -0.000000 -0.100000 0.000000
vn -0.000000 -0.100000 0.000000
vn -0.000000 -0.100000 0.000000
vn -0.000000 -0.100000 0.000000
vn -0.000000 -0.100000 0.000000
vn -0.000000 -0.100000 0.000000
vn -0.000000 -0.100000 0.000000
vn -0.000000 -0.100000 0.000000
vn -0.000000 -0.100000 0.000000
vn -0.000000 -0.100000 0.000000
vn -0.000000 -0.100000 0.000000
vn -0.000000 -0.100000 0.000000
vn -0.000000 -0.100000 0.000000
vn -0.000000 -0.100000 0.000000
vn -0.000000 -0.100000 0.000000
vn -0.000000 -0.100000 0.000000
vn -0.000000 -0.100000 0.000000
vn -0.000000 -0.100000 0.000000
vn -0.000000 -0.100000 0.000000
vn -0.000000 -0.100000 0.000000
vn -0.000000 -0.100000 0.000000
vn -0.000000 -0.100000 0.000000
vn -0.000000 -0.100000 0.000000
vn -0.000000 -0.100000 0.000000
vn -0.000000 -0.100000 0.000000
vn -0.000000 -0.100000 0.000000
vn -0.000000 -0.100000 0.000000
vn -0.000000 -0.100000 0.000000
vn -0.000000 -0.100000 0.000000
vn -0.000000 -0.100000 0.000000
vn -0.000000 -0.100000 0.000000
vn -0.000000 -0.100000 0.000000
vn -0.000000 -0.100000 0.000000
vn -0.000000 -0.100000 0.000000
vn -0.000000 -0.100000 0.000000
vn -0.000000 -0.100000 0.000000
vn -0.000000 -0.100000 0.000000
vn -0.000000 -0.100000 0.000000
vn -0.000000 -0.100000 0.000000
vn -0.000000 -0.100000 0.000000
vn -0.000000 -0.100000 0.000000
vn -0.000000 -0.100000 0.000000
vn -0.000000 -0.100000 0.000000
vn -0.000000 -0.100000 0.000000
vn -0.000000 -0.100000 0.000000
vn -0.000000 -0.100000 0.000000
vn -0.000000 -0.100000 0.000000
vn -0.000000 -0.100000 0.000000
vn -0.000000 -0.100000 0.000000
vn -0.000000 -0.100000 0.000000
vn -0.000000 -0.100000 0.000000
vn -0.000000 -0.100000 0.000000
vn -0.000000 -0.100000 0.000000
vn -0.000000 -0.100000 0.000000
vn -0.000000 -0.100000 0.000000
vn -0.000000 -0.100000 0.000000
vn -0.000000 -0.100000 0.000000
vn -0.000000 -0.100000 0.000000
vn -0.000000 -0.100000 0.000000
vn -0.000000 -0.100000 0.000000
vn -0.000000 -0.100000 0.000000
vn -0.000000 -0.100000 0.000000
vn -0.000000 -0.100000 0.000000
vn -0.000000 -0.100000 0.000000
vn -0.000000 -0.100000 0.000000
vn -0.000000 -0.100000 0.000000
vn -0.000000 -0.100000 0.000000
vn -0.000000 -0.100000 0.000000
vn -0.000000 -0.100000 0.000000
vn -0.000000 -0.100000 0.000000
vn -0.000000 -0.100000 0.000000
vn -0.000000 -0.100000 0.000000
vn -0.000000 -0.100000 0.000000
vn -0.000000 -0.100000 0.000000
vn -0.000000 -0.100000 0.000000
vn -0.000000 -0.100000 0.000000
vn -0.000000 -0.100000 0.000000
vn -0.000000 -0.100000 0.000000
vn -0.000000 -0.100000 0.000000
vn -0.000000 -0.100000 0.000000
vn -0.000000 -0.100000 0.000000
vn -0.000000 -0.100000 0.000000
vn -0.000000 -0.100000 0.000000
vn -0.000000 -0.100000 0.000000
vn -0.000000 -0.100000 0.000000
vn -0.000000 -0.100000 0.000000
vn -0.000000 -0.100000 0.000000
vn -0.000000 -0.100000 0.000000
vn -0.000000 -0.100000 0.000000
vn -0.000000 -0.100000 0.000000
vn -0.000000 -0.100000 0.000000
vn -0.000000 -0.100000 0.000000
vn -0.000000 -0.100000 0.000000
vn -0.000000 -0.100000 0.000000
vn -0.000000 -0.100000 0.000000
vn -0.000000 -0.100000 0.000000
vn -0.000000 -0.100000 0.000000
vn -0.000000 -0.100000 0.000000
vn -0.000000 -0.100000 0.000000
vn -0.000000 -0.100000 0.000000
vn -0.000000 -0.100000 0.000000
vn -0.000000 -0.100000 0.000000
vn -0.000000 -0.100000 0.000000
vn -0.000000 -0.100000 0.000000
vn -0.000000 -0.100000 0.000000
vn -0.000000 -0.100000 0.000000
vn -0.000000 -0.100000 0.000000
vn -0.000000 -0.100000 0.000000
vn -0.000000 -0.100000 0.000000
vn -0.000000 -0.100000 0.000000
vn -0.000000 -0.100000 0.000000
vn -0.000000 -0.100000 0.000000
vn -0.000000 -0.100000 0.000000
vn -0.000000 -0.100000 0.000000
vn -0.000000 -0.100000 0.000000
vn -0.000000 -0.100000 0.000000
vn -0.000000 -0.100000 0.000000
vn -0.000000 -0.100000 0.000000
vn -0.000000 -0.100000 0.000000
vn -0.000000 -0.100000 0.000000
vn -0.000000 -0.100000 0.000000
vn -0.000000 -0.100000 0.000000
vn -0.000000 -0.100000 0.000000
vn -0.000000 -0.100000 0.000000
vn -0.000000 -0.100000 0.000000
vn -0.000000 -0.100000 0.000000
vn -0.000000 -0.100000 0.000000
vn -0.000000 -0.100000 0.000000
vn -0.000000 -0.100000 0.000000
vn 0.086603 -0.050000 0.000000
vn 0.086603 -0.050000 0.000000
vn 0.100000 -0.000000 0.000000
vn 0.100000 -0.000000 0.000000
vn 0.086603 0.050000 -0.000000
vn 0.086603 0.050000 -0.000000
vn 0.050000 0.086603 -0.000000
vn 0.050000 0.086603 -0.000000
vn 0.000000 0.100000 -0.000000
vn 0.000000 0.100000 -0.000000
vn -0.050000 0.086603 -0.000000
vn -0.050000 0.086603 -0.000000
vn -0.086603 0.050000 -0.000000
vn -0.086603 0.050000 -0.000000
vn -0.100000 0.000000 0.000000
vn -0.100000 0.000000 -0.000000
vn -0.086603 -0.050000 0.000000
vn -0.086603 -0.050000 0.000000
vn -0.050000 -0.086603 0.000000
vn -0.050000 -0.086603 0.000000
vn 0.000000 -0.100000 0.000000
vn 0.000000 -0.100000 0.000000
vn 0.050000 -0.086603 0.000000
vn 0.050000 -0.086603 0.000000
vn -0.061237 0.035355 0.070711
vn -0.061237 0.035355 0.070711
vn -0.070711 0.000000 0.070711
vn -0.070711 0.000000 0.070711
vn -0.061237 -0.035355 0.070711
vn -0.061237 -0.035355 0.070711
vn -0.035355 -0.061237 0.070711
vn -0.035355 -0.061237 0.070711
vn -0.000000 -0.070711 0.070711
vn -0.000000 -0.070711 0.070711
vn 0.035355 -0.061237 0.070711
vn 0.035355 -0.061237 0.070711
vn 0.061237 -0.035355 0.070711
vn 0.061237 -0.035355 0.070711
vn 0.070711 -0.000000 0.070711
vn 0.070711 -0.000000 0.070711
vn 0.061237 0.035355 0.070711
vn 0.061237 0.035355 0.070711
vn 0.035355 0.061237 0.070711
vn 0.035355 0.061237 0.070711
vn -0.000000 0.070711 0.070711
vn -0.000000 0.070711 0.070711
vn -0.035355 0.061237 0.070711
vn -0.035355 0.061237 0.070711
vn -0.086603 0.050000 -0.000000
vn -0.086603 0.050000 -0.000000
vn -0.100000 0.000000 -0.000000
vn -0.100000 0.000000 -0.000000
vn -0.086603 -0.050000 0.000000
vn -0.086603 -0.050000 0.000000
vn -0.050000 -0.086603 0.000000
vn -0.050000 -0.086603 0.000000
vn -0.000000 -0.100000 0.000000
vn -0.000000 -0.100000 0.000000
vn 0.050000 -0.086603 0.000000
vn 0.050000 -0.086603 0.000000
vn 0.086603 -0.050000 0.000000
vn 0.086603 -0.050000 0.000000
vn 0.100000 -0.000000 0.000000
vn 0.100000 -0.000000 0.000000
vn 0.086603 0.050000 -0.000000
vn 0.086603 0.050000 -0.000000
vn 0.050000 0.086603 -0.000000
vn 0.050000 0.086603 -0.000000
vn -0.000000 0.100000 -0.000000
vn -0.000000 0.100000 -0.000000
vn -0.050000 0.086603 -0.000000
vn -0.050000 0.086603 -0.000000
vn -0.034202 -0.093969 0.000000
vn -0.009227 -0.099573 0.000000
vn 0.000000 -0.100000 0.000000
vn 0.027366 -0.096183 0.000000
vn 0.019553 -0.098070 0.000000
vn 0.038337 -0.092360 0.000000
vn 0.060263 -0.079802 0.000000
vn 0.055613 -0.083109 0.000000
vn 0.070741 -0.070680 0.000000
vn 0.085022 -0.052643 0.000000
vn 0.083170 -0.055523 0.000000
vn 0.092401 -0.038236 0.000000
vn 0.098297 -0.018375 0.000000
vn 0.098082 -0.019494 0.000000
vn 0.100000 -0.000000 0.000000
vn 0.098297 0.018375 -0.000000
vn 0.098082 0.019494 -0.000000
vn 0.092401 0.038236 -0.000000
vn 0.085022 0.052643 -0.000000
vn 0.083170 0.055523 -0.000000
vn 0.070741 0.070680 -0.000000
vn 0.060263 0.079802 -0.000000
vn 0.055613 0.083109 -0.000000
vn 0.038337 0.092360 -0.000000
vn 0.027366 0.096183 -0.000000
vn 0.019553 0.098070 -0.000000
vn 0.000000 0.100000 -0.000000
vn -0.009227 0.099573 -0.000000
vn -0.034202 0.093969 -0.000000
vn -0.044574 0.089516 -0.000000
vn -0.064279 0.076604 -0.000000
vn -0.073901 0.067370 -0.000000
vn -0.086603 0.050000 -0.000000
vn -0.093247 0.036124 -0.000000
vn -0.098481 0.017365 -0.000000
vn -0.100000 0.000000 -0.000000
vn -0.098481 -0.017365 0.000000
vn -0.093247 -0.036124 0.000000
vn -0.086603 -0.050000 0.000000
vn -0.073901 -0.067370 0.000000
vn -0.064279 -0.076604 0.000000
vn -0.044574 -0.089516 0.000000
vn 0.000000 -0.100000 0.000000
vn 0.019503 -0.098080 0.000000
vn 0.034202 -0.093969 0.000000
vn 0.038268 -0.092388 0.000000
vn 0.055533 -0.083163 0.000000
vn 0.064279 -0.076604 0.000000
vn 0.070693 -0.070728 0.000000
vn 0.086603 -0.050000 0.000000
vn 0.083127 -0.055587 0.000000
vn 0.092372 -0.038308 0.000000
vn 0.098481 -0.017365 0.000000
vn 0.098073 -0.019538 0.000000
vn 0.100000 0.000000 -0.000000
vn 0.098481 0.017365 -0.000000
vn 0.098073 0.019539 -0.000000
vn 0.092372 0.038308 -0.000000
vn 0.086603 0.050000 -0.000000
vn 0.083126 0.055588 -0.000000
vn 0.070693 0.070729 -0.000000
vn 0.064279 0.076604 -0.000000
vn 0.055533 0.083163 -0.000000
vn 0.038268 0.092388 -0.000000
vn 0.034202 0.093969 -0.000000
vn 0.019503 0.098080 -0.000000
vn 0.000000 0.100000 -0.000000
vn -0.000000 -0.000000 -0.100000
vn -0.000000 -0.000000 -0.100000
vn -0.000000 -0.000000 -0.100000
vn -0.000000 -0.000000 -0.100000
vn -0.000000 -0.000000 -0.100000
vn -0.000000 -0.000000 -0.100000
vn -0.000000 -0.000000 -0.100000
vn -0.000000 -0.000000 -0.100000
vn -0.000000 -0.000000 -0.100000
vn -0.000000 -0.000000 -0.100000
vn -0.000000 -0.000000 -0.100000
vn -0.000000 -0.000000 -0.100000
vn -0.000000 -0.000000 -0.100000
vn -0.000000 -0.000000 -0.100000
vn -0.000000 -0.000000 -0.100000
vn -0.000000 -0.000000 -0.100000
vn -0.000000 -0.000000 -0.100000
vn -0.000000 -0.000000 -0.100000
vn -0.000000 -0.000000 -0.100000
vn -0.000000 -0.000000 -0.100000
vn -0.000000 -0.000000 -0.100000
vn -0.000000 -0.000000 -0.100000
vn -0.000000 -0.000000 -0.100000
vn -0.000000 -0.000000 -0.100000
vn -0.000000 -0.000000 -0.100000
vn -0.000000 -0.000000 -0.100000
vn -0.000000 -0.000000 -0.100000
vn -0.000000 -0.000000 -0.100000
vn -0.000000 -0.000000 -0.100000
vn 0.000000 0.000000 0.100000
vn 0.000000 0.000000 0.100000
vn 0.000000 0.000000 0.100000
vn 0.000000 0.000000 0.100000
vn 0.000000 0.000000 0.100000
vn 0.000000 0.000000 0.100000
vn 0.000000 0.000000 0.100000
vn 0.000000 0.000000 0.100000
vn 0.000000 0.000000 0.100000
vn 0.000000 0.000000 0.100000
vn 0.000000 0.000000 0.100000
vn 0.000000 0.000000 0.100000
vn 0.000000 0.000000 0.100000
vn 0.000000 0.000000 0.100000
vn 0.000000 0.000000 0.100000
vn 0.000000 0.000000 0.100000
vn 0.000000 0.000000 0.100000
vn 0.000000 0.000000 0.100000
vn 0.000000 0.000000 0.100000
vn 0.000000 0.000000 0.100000
vn 0.000000 0.000000 0.100000
vn 0.000000 0.000000 0.100000
vn 0.000000 0.000000 0.100000
vn 0.000000 0.000000 0.100000
vn 0.000000 0.000000 0.100000
vn 0.000000 0.000000 0.100000
vn 0.000000 0.000000 0.100000
vn 0.000000 0.000000 0.100000
vn 0.000000 0.000000 0.100000
vn 0.000000 0.000000 0.100000
vn 0.000000 0.000000 0.100000
vn 0.000000 0.000000 0.100000
vn 0.000000 0.060000 -0.080000
vn 0.000000 0.060000 -0.080000
vn -0.099355 0.011340 -0.000000
vn -0.099355 0.011340 -0.000000
vn -0.097250 0.023292 -0.000000
vn -0.097250 0.023292 -0.000000
vn -0.093712 0.034900 -0.000000
vn -0.093712 0.034900 -0.000000
vn -0.088795 0.045995 -0.000000
vn -0.088795 0.045995 -0.000000
vn -0.082570 0.056412 -0.000000
vn -0.082570 0.056412 -0.000000
vn -0.075128 0.065998 -0.000000
vn -0.075128 0.065998 -0.000000
vn -0.066581 0.074612 -0.000000
vn -0.066581 0.074612 -0.000000
vn -0.057053 0.082128 -0.000000
vn -0.057053 0.082128 -0.000000
vn -0.046684 0.088434 -0.000000
vn -0.046684 0.088434 -0.000000
vn -0.035628 0.093438 -0.000000
vn -0.035628 0.093438 -0.000000
vn -0.024048 0.097065 -0.000000
vn -0.024048 0.097065 -0.000000
vn -0.012113 0.099264 -0.000000
vn -0.012113 0.099264 -0.000000
vn 0.000000 0.060000 0.080000
vn 0.000000 0.060000 0.080000
vn 0.000000 0.060000 0.080000
vn -0.088906 0.010162 0.044637
vn -0.059609 0.006839 0.080000
vn -0.086977 0.020856 0.044721
vn -0.058342 0.014007 0.080000
vn -0.083811 0.031236 0.044721
vn -0.056217 0.020968 0.080000
vn -0.079411 0.041156 0.044721
vn -0.053265 0.027620 0.080000
vn -0.073842 0.050471 0.044721
vn -0.049528 0.033867 0.080000
vn -0.067187 0.059042 0.044721
vn -0.045063 0.039614 0.080000
vn -0.059542 0.066744 0.044721
vn -0.039935 0.044779 0.080000
vn -0.051020 0.073464 0.044721
vn -0.034219 0.049285 0.080000
vn -0.041748 0.079102 0.044721
vn -0.028000 0.053066 0.080000
vn -0.031861 0.083576 0.044721
vn -0.021369 0.056066 0.080000
vn -0.021505 0.086819 0.044721
vn -0.014423 0.058241 0.080000
vn -0.010832 0.088784 0.044721
vn -0.007265 0.059559 0.080000
vn 0.000000 0.081492 0.057957
vn 0.000000 0.095261 0.030420
vn 0.000000 0.089443 0.044721
vn 0.000000 0.089443 0.044721
vn 0.000000 0.089443 0.044721
vn 0.000000 0.089443 0.044721
vn 0.000000 0.089443 0.044721
vn 0.000000 0.089443 0.044721
vn 0.000000 0.089443 0.044721
vn 0.000000 0.060000 0.080000
vn 0.000000 0.081492 0.057957
vn 0.000000 0.089443 0.044721
vn 0.000000 0.089443 0.044721
vn 0.000000 0.089443 0.044721
vn 0.000000 0.095261 0.030420
vn 0.000000 0.089443 0.044721
vn 0.000000 0.089443 0.044721
vn 0.000000 0.089443 0.044721
vn 0.000000 0.089443 0.044721
vn 0.000000 0.100000 0.000000
vn 0.000000 0.089443 0.044721
vn 0.000000 0.089443 0.044721
vn 0.000000 0.089443 0.044721
vn 0.000000 0.089443 0.044721
vn 0.000000 0.089443 0.044721
vn 0.000000 0.095261 -0.030420
vn 0.000000 0.089443 -0.044721
vn 0.000000 0.089443 -0.044721
vn 0.000000 0.089443 -0.044721
vn 0.000000 0.081492 -0.057957
vn 0.000000 0.081492 -0.057957
vn 0.000000 0.089443 -0.044721
vn 0.000000 0.089443 -0.044721
vn 0.000000 0.089443 -0.044721
vn 0.000000 0.095261 -0.030420
vn 0.000000 0.089443 -0.044721
vn -0.000000 -0.000000 -0.100000
vn -0.000000 -0.000000 -0.100000
vn -0.000000 -0.000000 -0.100000
vn -0.000000 -0.000000 -0.100000
vn -0.000000 -0.000000 -0.100000
vn -0.000000 -0.000000 -0.100000
vn -0.000000 -0.000000 -0.100000
vn -0.000000 -0.000000 -0.100000
vn -0.000000 -0.000000 -0.100000
vn -0.000000 -0.000000 -0.100000
vn -0.000000 -0.000000 -0.100000
vn -0.000000 -0.000000 -0.100000
vn -0.000000 -0.000000 -0.100000
vn -0.000000 -0.000000 -0.100000
vn -0.000000 -0.000000 -0.100000
vn -0.000000 -0.000000 -0.100000
vn -0.000000 -0.000000 -0.100000
vn -0.000000 -0.000000 -0.100000
vn -0.000000 -0.000000 -0.100000
vn -0.000000 -0.000000 -0.100000
vn -0.000000 -0.000000 -0.100000
vn -0.000000 -0.000000 -0.100000
vn -0.000000 -0.000000 -0.100000
vn -0.000000 -0.000000 -0.100000
vn -0.000000 -0.000000 -0.100000
vn -0.000000 -0.000000 -0.100000
vn -0.000000 -0.000000 -0.100000
vn -0.000000 -0.000000 -0.100000
vn -0.000000 -0.000000 -0.100000
vn -0.000000 -0.000000 -0.100000
vn -0.000000 -0.000000 -0.100000
vn -0.000000 -0.000000 -0.100000
vn -0.000000 -0.000000 -0.100000
vn -0.000000 -0.000000 -0.100000
vn -0.000000 -0.000000 -0.100000
vn -0.000000 -0.000000 -0.100000
vn -0.000000 -0.000000 -0.100000
vn -0.000000 -0.000000 -0.100000
vn -0.000000 -0.000000 -0.100000
vn -0.000000 -0.000000 -0.100000
vn -0.000000 -0.000000 -0.100000
vn -0.000000 -0.000000 -0.100000
vn -0.000000 -0.000000 -0.100000
vn -0.000000 -0.000000 -0.100000
vn -0.000000 -0.000000 -0.100000
vn -0.000000 -0.000000 -0.100000
vn -0.000000 -0.000000 -0.100000
vn -0.000000 -0.000000 -0.100000
vn -0.000000 -0.000000 -0.100000
vn -0.000000 -0.000000 -0.100000
vn -0.000000 -0.000000 -0.100000
vn -0.000000 -0.000000 -0.100000
vn -0.000000 -0.000000 -0.100000
vn -0.000000 -0.000000 -0.100000
vn -0.000000 -0.000000 -0.100000
vn -0.000000 -0.000000 -0.100000
vn -0.000000 -0.000000 -0.100000
vn -0.000000 -0.000000 -0.100000
vn -0.000000 -0.000000 -0.100000
vn -0.000000 -0.000000 -0.100000
vn -0.000000 -0.000000 -0.100000
vn -0.000000 -0.000000 -0.100000
vn -0.059609 0.006839 0.080000
vn -0.059522 0.007557 0.080000
vn -0.058020 0.015286 0.080000
vn -0.055519 0.022752 0.080000
vn -0.052062 0.029826 0.080000
vn -0.047708 0.036386 0.080000
vn -0.042533 0.042320 0.080000
vn -0.036625 0.047525 0.080000
vn -0.030087 0.051911 0.080000
vn -0.023031 0.055404 0.080000
vn -0.015578 0.057943 0.080000
vn -0.007857 0.059483 0.080000
vn 0.000000 0.021286 -0.097708
vn 0.000000 0.031623 -0.094868
vn 0.000000 0.031623 -0.094868
vn 0.000000 0.031623 -0.094868
vn 0.000000 0.041596 -0.090938
vn 0.000000 0.031623 -0.094868
vn 0.000000 0.031623 -0.094868
vn 0.000000 0.031623 -0.094868
vn 0.000000 0.031623 -0.094868
vn 0.000000 0.021286 -0.097708
vn 0.000000 0.031623 -0.094868
vn 0.000000 0.031623 -0.094868
vn 0.000000 0.031623 -0.094868
vn 0.000000 0.041596 -0.090938
vn 0.000000 0.021286 0.097708
vn 0.000000 0.031623 0.094868
vn 0.000000 0.031623 0.094868
vn 0.000000 0.031623 0.094868
vn 0.000000 0.041596 0.090938
vn 0.000000 0.031623 0.094868
vn 0.000000 0.031623 0.094868
vn 0.000000 0.031623 0.094868
vn 0.000000 0.031623 0.094868
vn 0.000000 0.031623 0.094868
vn 0.000000 0.031623 0.094868
vn 0.000000 0.031623 0.094868
vn 0.000000 0.031623 0.094868
vn 0.000000 0.060000 0.080000
vn 0.000000 0.031623 0.094868
vn 0.000000 0.031623 0.094868
vn 0.000000 0.031623 0.094868
vn 0.000000 0.031623 0.094868
vn 0.000000 0.031623 0.094868
vn 0.000000 0.031623 0.094868
vn 0.000000 0.031623 0.094868
vn 0.000000 0.021286 0.097708
vn 0.000000 0.031623 0.094868
vn 0.000000 0.031623 0.094868
vn 0.000000 0.031623 0.094868
vn 0.000000 0.031623 0.094868
vn 0.000000 0.031623 0.094868
vn 0.000000 0.031623 0.094868
vn 0.000000 0.031623 0.094868
vn 0.000000 0.031623 0.094868
vn 0.000000 0.031623 0.094868
vn 0.000000 0.041596 0.090938
vn -0.000000 -0.000000 0.100000
vn -0.031484 0.004014 0.094830
vn -0.000000 0.000000 0.100000
vn -0.030843 0.006981 0.094868
vn -0.030028 0.009914 0.094868
vn -0.028936 0.012756 0.094868
vn -0.027576 0.015479 0.094868
vn -0.025959 0.018058 0.094868
vn -0.024103 0.020471 0.094868
vn -0.022023 0.022693 0.094868
vn -0.019739 0.024706 0.094868
vn -0.017272 0.026489 0.094868
vn -0.014645 0.028027 0.094868
vn -0.011882 0.029306 0.094868
vn -0.009009 0.030312 0.094868
vn -0.006053 0.031038 0.094868
vn -0.003041 0.031476 0.094868
vn 0.000000 0.041596 0.090938
vn 0.000000 0.021286 0.097708
vn 0.076541 -0.059986 0.023306
vn 0.073360 -0.059995 0.031919
vn 0.073701 -0.059995 0.031124
vn 0.070352 -0.059994 0.038097
vn 0.069127 -0.059994 0.040276
vn 0.066613 -0.059997 0.044307
vn 0.062642 -0.060000 0.049759
vn 0.061940 -0.059999 0.050631
vn 0.055109 -0.059989 0.058003
vn 0.054905 -0.059989 0.058196
vn 0.050295 -0.059995 0.062217
vn 0.046634 -0.059999 0.065004
vn 0.044452 -0.059998 0.066515
vn 0.038383 -0.059993 0.070196
vn 0.037900 -0.059993 0.070459
vn 0.030916 -0.060002 0.073783
vn 0.030947 -0.060002 0.073771
vn 0.023697 -0.060005 0.076406
vn 0.018737 -0.059999 0.077776
vn 0.017311 -0.059998 0.078106
vn 0.010422 -0.060004 0.079315
vn 0.007289 -0.060010 0.079659
vn 0.002354 -0.059999 0.079966
vn 0.001776 -0.059998 0.079982
vn 0.000000 -0.060000 0.080000
vn 0.000000 -0.060000 0.080000
vn 0.002634 -0.059999 0.079957
vn 0.006114 -0.060010 0.079758
vn 0.011386 -0.060002 0.079184
vn 0.018581 -0.059999 0.077813
vn 0.028147 -0.060006 0.074880
vn 0.039574 -0.059994 0.069532
vn 0.051861 -0.059992 0.060921
vn 0.062965 -0.060000 0.049350
vn 0.071093 -0.059994 0.036694
vn 0.076095 -0.059988 0.024719
vn 0.078299 -0.059998 0.016416
vn 0.078543 -0.060003 0.015183
vn 0.079395 -0.060020 0.009691
vn 0.079578 -0.060018 0.008073
vn 0.079844 -0.060003 0.004964
vn 0.079930 -0.059996 0.003423
vn 0.079999 -0.060000 0.000433
vn 0.079996 -0.060000 0.000828
vn 0.079987 -0.059998 0.001513
vn 0.079731 -0.060012 0.006441
vn 0.078294 -0.059998 0.016440
vn 0.000000 -0.060000 -0.080000
vn 0.000000 -0.060000 -0.080000
vn -0.001070 -0.060003 -0.079991
vn -0.001740 -0.060003 -0.079979
vn -0.003978 -0.060000 -0.079901
vn -0.005926 -0.059999 -0.079781
vn -0.008334 -0.059999 -0.079565
vn -0.012142 -0.060001 -0.079073
vn -0.014097 -0.060000 -0.078748
vn -0.020092 -0.059998 -0.077437
vn -0.020898 -0.059999 -0.077223
vn -0.029310 -0.060001 -0.074437
vn -0.028610 -0.060001 -0.074708
vn -0.036877 -0.060000 -0.070993
vn -0.036587 -0.060000 -0.071143
vn -0.045286 -0.060001 -0.065947
vn -0.045669 -0.060002 -0.065682
vn -0.053612 -0.059997 -0.059381
vn -0.054556 -0.059997 -0.058515
vn -0.061163 -0.060000 -0.051567
vn -0.062491 -0.060000 -0.049948
vn -0.067654 -0.059999 -0.042698
vn -0.069084 -0.059998 -0.040344
vn -0.072602 -0.060000 -0.033600
vn -0.073963 -0.059999 -0.030489
vn -0.075940 -0.059998 -0.025166
vn -0.077142 -0.059998 -0.021197
vn -0.077930 -0.060000 -0.018082
vn -0.078971 -0.060001 -0.012787
vn -0.079087 -0.060000 -0.012049
vn -0.079658 -0.059999 -0.007400
vn -0.079520 -0.059999 -0.008762
vn -0.079895 -0.060002 -0.004060
vn -0.039280 -0.060000 -0.069693
vn -0.044325 -0.060001 -0.066597
vn -0.049396 -0.060001 -0.062928
vn -0.054294 -0.059997 -0.058758
vn -0.058894 -0.059998 -0.054146
vn -0.063141 -0.060000 -0.049124
vn -0.066978 -0.059999 -0.043749
vn -0.070248 -0.059998 -0.038281
vn -0.072954 -0.060000 -0.032828
vn -0.076620 -0.059998 -0.023012
vn -0.078582 -0.060001 -0.014990
vn -0.080000 -0.060000 -0.000000
vn -0.079991 -0.060005 -0.000956
vn -0.079912 -0.060003 -0.003696
vn -0.079755 -0.060000 -0.006260
vn -0.080000 -0.060000 0.000000
vn -0.079978 -0.060005 -0.001698
vn -0.027619 -0.060001 -0.075081
vn -0.019446 -0.059998 -0.077602
vn -0.012159 -0.060001 -0.079070
vn -0.006150 -0.059999 -0.079764
vn -0.001881 -0.060003 -0.079976
vn -0.000000 -0.060000 -0.080000
vn -0.000000 -0.060000 -0.080000
vn -0.000000 -0.060000 -0.080000
vn -0.000000 -0.060000 0.080000
vn -0.000000 -0.060000 0.080000
vn -0.088906 0.010162 -0.044637
vn -0.086977 0.020856 -0.044721
vn -0.059609 0.006839 -0.080000
vn -0.058342 0.014007 -0.080000
vn -0.083811 0.031236 -0.044721
vn -0.056217 0.020968 -0.080000
vn -0.079411 0.041156 -0.044721
vn -0.053265 0.027620 -0.080000
vn -0.073842 0.050471 -0.044721
vn -0.049528 0.033867 -0.080000
vn -0.067187 0.059042 -0.044721
vn -0.045063 0.039614 -0.080000
vn -0.059542 0.066744 -0.044721
vn -0.039935 0.044779 -0.080000
vn -0.051020 0.073464 -0.044721
vn -0.034219 0.049285 -0.080000
vn -0.041748 0.079102 -0.044721
vn -0.028000 0.053066 -0.080000
vn -0.031861 0.083576 -0.044721
vn -0.021369 0.056066 -0.080000
vn -0.021505 0.086819 -0.044721
vn -0.014423 0.058241 -0.080000
vn -0.010832 0.088784 -0.044721
vn -0.007265 0.059559 -0.080000
vn -0.059522 0.007557 -0.080000
vn -0.058020 0.015286 -0.080000
vn -0.055519 0.022752 -0.080000
vn -0.052062 0.029826 -0.080000
vn -0.047708 0.036386 -0.080000
vn -0.042533 0.042320 -0.080000
vn -0.036625 0.047525 -0.080000
vn -0.030087 0.051911 -0.080000
vn -0.023031 0.055404 -0.080000
vn -0.015578 0.057943 -0.080000
vn -0.007857 0.059483 -0.080000
vn -0.031484 0.004014 -0.094830
vn -0.030843 0.006981 -0.094868
vn -0.030028 0.009914 -0.094868
vn -0.028936 0.012756 -0.094868
vn -0.027576 0.015479 -0.094868
vn -0.025959 0.018058 -0.094868
vn -0.024103 0.020471 -0.094868
vn -0.022023 0.022693 -0.094868
vn -0.019739 0.024706 -0.094868
vn -0.017272 0.026489 -0.094868
vn -0.014645 0.028027 -0.094868
vn -0.011882 0.029306 -0.094868
vn -0.009009 0.030312 -0.094868
vn -0.006053 0.031038 -0.094868
vn -0.003041 0.031476 -0.094868
vn -0.000000 0.000000 -0.100000
vn 0.099026 -0.013922 0.000000
vn 0.098913 -0.014706 0.000000
vn 0.098406 -0.017782 0.000000
vn 0.098913 -0.014706 0.000000
vn 0.096553 -0.026030 0.000000
vn 0.099159 -0.012941 0.000000
vn 0.098998 -0.014118 0.000000
vn 0.099080 -0.013530 0.000000
vn 0.099159 -0.012941 0.000000
vn 0.095406 -0.029961 0.000000
vn 0.092227 -0.038655 0.000000
vn 0.090906 -0.041668 0.000000
vn 0.086258 -0.050592 0.000000
vn 0.084975 -0.052719 0.000000
vn 0.078753 -0.061628 0.000000
vn 0.077707 -0.062941 0.000000
vn 0.077548 -0.063138 0.000000
vn 0.077388 -0.063334 0.000000
vn 0.077227 -0.063529 0.000000
vn 0.071751 -0.069655 0.000000
vn 0.069845 -0.071566 0.000000
vn 0.065791 -0.075310 0.000000
vn 0.059693 -0.080229 0.000000
vn 0.059387 -0.080456 0.000000
vn 0.052581 -0.085060 0.000000
vn 0.048478 -0.087464 0.000000
vn 0.045421 -0.089089 0.000000
vn 0.036399 -0.093140 0.000000
vn 0.037954 -0.092517 0.000000
vn 0.030231 -0.095321 0.000000
vn 0.023672 -0.097158 0.000000
vn 0.022304 -0.097481 0.000000
vn 0.014227 -0.098983 0.000000
vn 0.010524 -0.099445 0.000000
vn 0.006053 -0.099817 0.000000
vn -0.002812 -0.099960 0.000000
vn -0.002162 -0.099977 0.000000
vn -0.010362 -0.099462 0.000000
vn -0.016098 -0.098696 0.000000
vn -0.018492 -0.098275 0.000000
vn -0.026497 -0.096426 0.000000
vn -0.029097 -0.095673 0.000000
vn -0.034323 -0.093925 0.000000
vn -0.041578 -0.090947 0.000000
vn -0.041918 -0.090790 0.000000
vn -0.049229 -0.087043 0.000000
vn -0.053318 -0.084600 0.000000
vn -0.056209 -0.082708 0.000000
vn -0.064109 -0.076747 0.000000
vn -0.062809 -0.077814 0.000000
vn -0.068985 -0.072396 0.000000
vn -0.073758 -0.067526 0.000000
vn -0.074695 -0.066488 0.000000
vn -0.079901 -0.060132 0.000000
vn -0.082093 -0.057103 0.000000
vn -0.084567 -0.053370 0.000000
vn -0.088966 -0.045663 0.000000
vn -0.088663 -0.046247 0.000000
vn -0.092161 -0.038813 0.000000
vn -0.094254 -0.033409 0.000000
vn -0.095036 -0.031116 0.000000
vn -0.097269 -0.023210 0.000000
vn -0.097863 -0.020561 0.000000
vn -0.098846 -0.015146 0.000000
vn -0.099730 -0.007346 0.000000
vn -0.099756 -0.006981 0.000000
vn -0.099992 0.001232 -0.000000
vn -0.099820 0.006000 -0.000000
vn -0.099554 0.009436 -0.000000
vn -0.098132 0.019238 -0.000000
vn -0.098443 0.017577 -0.000000
vn -0.096668 0.025599 -0.000000
vn -0.094696 0.032134 -0.000000
vn -0.094240 0.033448 -0.000000
vn -0.091176 0.041072 -0.000000
vn -0.089574 0.044458 -0.000000
vn -0.087497 0.048418 -0.000000
vn -0.082856 0.055990 -0.000000
vn -0.083227 0.055437 -0.000000
vn -0.078395 0.062082 -0.000000
vn -0.074662 0.066525 -0.000000
vn -0.073034 0.068308 -0.000000
vn -0.067180 0.074073 -0.000000
vn -0.065139 0.075874 -0.000000
vn -0.060872 0.079338 -0.000000
vn -0.054455 0.083873 -0.000000
vn -0.054154 0.084068 -0.000000
vn -0.047070 0.088229 -0.000000
vn -0.042802 0.090377 -0.000000
vn -0.039668 0.091796 -0.000000
vn -0.030386 0.095272 -0.000000
vn -0.031999 0.094742 -0.000000
vn -0.024113 0.097049 -0.000000
vn -0.017428 0.098470 -0.000000
vn -0.016065 0.098701 -0.000000
vn -0.007908 0.099687 -0.000000
vn -0.004161 0.099913 -0.000000
vn 0.000302 0.100000 -0.000000
vn 0.009181 0.099578 -0.000000
vn 0.008510 0.099637 -0.000000
vn 0.016661 0.098602 -0.000000
vn 0.022359 0.097468 -0.000000
vn 0.024699 0.096902 -0.000000
vn 0.032571 0.094547 -0.000000
vn 0.035139 0.093623 -0.000000
vn 0.040222 0.091554 -0.000000
vn 0.047293 0.088110 -0.000000
vn 0.047602 0.087943 -0.000000
vn 0.054661 0.083739 -0.000000
vn 0.058605 0.081028 -0.000000
vn 0.061351 0.078969 -0.000000
vn 0.068873 0.072502 -0.000000
vn 0.067626 0.073666 -0.000000
vn 0.073445 0.067866 -0.000000
vn 0.077914 0.062685 -0.000000
vn 0.078769 0.061607 -0.000000
vn 0.083560 0.054933 -0.000000
vn 0.085567 0.051752 -0.000000
vn 0.087788 0.047888 -0.000000
vn 0.091697 0.039897 -0.000000
vn 0.091423 0.040520 -0.000000
vn 0.094441 0.032878 -0.000000
vn 0.096193 0.027331 -0.000000
vn 0.094622 0.032353 -0.000000
vn 0.094689 0.032157 -0.000000
vn 0.094755 0.031961 -0.000000
vn 0.094821 0.031765 -0.000000
vn 0.098051 0.019646 -0.000000
vn 0.098975 0.014278 -0.000000
vn 0.099739 0.007217 -0.000000
vn 0.099995 0.000971 -0.000000
vn 0.099858 -0.005324 0.000000
vn 0.099234 -0.012353 0.000000
vn 0.099133 -0.013138 0.000000
vn 0.099234 -0.012353 0.000000
vn 0.000000 0.000000 0.100000
vn 0.000000 0.000000 0.100000
vn 0.000000 0.000000 0.100000
vn 0.000000 0.000000 0.100000
vn 0.000000 0.000000 0.100000
vn 0.000000 0.000000 0.100000
vn 0.000000 0.000000 0.100000
vn 0.000000 0.000000 0.100000
vn 0.000000 0.000000 0.100000
vn 0.000000 0.000000 0.100000
vn 0.000000 0.000000 0.100000
vn 0.000000 0.000000 0.100000
vn 0.000000 0.000000 0.100000
vn 0.000000 0.000000 0.100000
vn 0.000000 0.000000 0.100000
vn 0.000000 0.000000 0.100000
vn 0.000000 0.000000 0.100000
vn 0.000000 0.000000 0.100000
vn 0.000000 0.000000 0.100000
vn 0.000000 0.000000 0.100000
vn 0.000000 0.000000 0.100000
vn 0.000000 0.000000 0.100000
vn 0.000000 0.000000 0.100000
vn 0.000000 0.000000 0.100000
vn 0.000000 0.000000 0.100000
vn 0.000000 0.000000 0.100000
vn 0.000000 0.000000 0.100000
vn 0.000000 0.000000 0.100000
vn 0.000000 0.000000 0.100000
vn 0.000000 0.000000 0.100000
vn 0.000000 0.000000 0.100000
vn 0.000000 0.000000 0.100000
vn 0.000000 0.000000 0.100000
vn 0.000000 0.000000 0.100000
vn 0.000000 0.000000 0.100000
vn 0.000000 0.000000 0.100000
vn 0.000000 0.000000 0.100000
vn 0.000000 0.000000 0.100000
vn 0.000000 0.000000 0.100000
vn 0.000000 0.000000 0.100000
vn 0.000000 0.000000 0.100000
vn 0.000000 0.000000 0.100000
vn 0.000000 0.000000 0.100000
vn 0.000000 0.000000 0.100000
vn 0.000000 0.000000 0.100000
vn 0.000000 0.000000 0.100000
vn 0.000000 0.000000 0.100000
vn 0.000000 0.000000 0.100000
vn 0.000000 0.000000 0.100000
vn 0.000000 0.000000 0.100000
vn 0.000000 0.000000 0.100000
vn 0.000000 0.000000 0.100000
vn 0.000000 0.000000 0.100000
vn 0.000000 0.000000 0.100000
vn 0.000000 0.000000 0.100000
vn 0.000000 0.000000 0.100000
vn 0.000000 0.000000 0.100000
vn 0.000000 0.000000 0.100000
vn 0.000000 0.000000 0.100000
vn 0.000000 0.000000 0.100000
vn 0.000000 0.000000 0.100000
vn 0.000000 0.000000 0.100000
vn 0.000000 0.000000 0.100000
vn 0.000000 0.000000 0.100000
vn 0.000000 0.000000 0.100000
vn 0.000000 0.000000 0.100000
vn 0.000000 0.000000 0.100000
vn 0.000000 0.000000 0.100000
vn 0.000000 0.000000 0.100000
vn 0.000000 0.000000 0.100000
vn 0.000000 0.000000 0.100000
vn 0.000000 0.000000 0.100000
vn 0.000000 0.000000 0.100000
vn 0.000000 0.000000 0.100000
vn 0.000000 0.000000 0.100000
vn 0.000000 0.000000 0.100000
vn 0.000000 0.000000 0.100000
vn 0.000000 0.000000 0.100000
vn 0.000000 0.000000 0.100000
vn 0.000000 0.000000 0.100000
vn 0.000000 0.000000 0.100000
vn 0.000000 0.000000 0.100000
vn 0.000000 0.000000 0.100000
vn 0.000000 0.000000 0.100000
vn 0.000000 0.000000 0.100000
vn 0.000000 0.000000 0.100000
vn 0.000000 0.000000 0.100000
vn 0.000000 0.000000 0.100000
vn 0.000000 0.000000 0.100000
vn 0.000000 0.000000 0.100000
vn 0.000000 0.000000 0.100000
vn 0.000000 0.000000 0.100000
vn 0.000000 0.000000 0.100000
vn 0.000000 0.000000 0.100000
vn 0.000000 0.000000 0.100000
vn 0.000000 0.000000 0.100000
vn 0.000000 0.000000 0.100000
vn 0.000000 0.000000 0.100000
vn 0.000000 0.000000 0.100000
vn 0.000000 0.000000 0.100000
vn 0.000000 0.000000 0.100000
vn 0.000000 0.000000 0.100000
vn 0.000000 0.000000 0.100000
vn 0.000000 0.000000 0.100000
vn 0.000000 0.000000 0.100000
vn 0.048820 -0.034880 0.080000
vn 0.046383 -0.038060 0.080000
vn 0.044342 -0.040420 0.080000
vn 0.041223 -0.043597 0.080000
vn 0.039238 -0.045391 0.080000
vn 0.035406 -0.048440 0.080000
vn 0.033582 -0.049722 0.080000
vn 0.029025 -0.052512 0.080000
vn 0.027452 -0.053352 0.080000
vn 0.022183 -0.055749 0.080000
vn 0.020935 -0.056229 0.080000
vn 0.014988 -0.058098 0.080000
vn 0.014123 -0.058314 0.080000
vn 0.007554 -0.059523 0.080000
vn 0.007111 -0.059577 0.080000
vn 0.081367 -0.058133 0.000000
vn 0.081367 -0.058133 0.000000
vn 0.073903 -0.067367 0.000000
vn 0.073903 -0.067367 0.000000
vn 0.065397 -0.075652 0.000000
vn 0.065397 -0.075652 0.000000
vn 0.055970 -0.082870 0.000000
vn 0.055970 -0.082870 0.000000
vn 0.045753 -0.088919 0.000000
vn 0.045753 -0.088919 0.000000
vn 0.034891 -0.093716 0.000000
vn 0.034891 -0.093716 0.000000
vn 0.023538 -0.097190 0.000000
vn 0.023538 -0.097190 0.000000
vn 0.011852 -0.099295 0.000000
vn 0.011852 -0.099295 0.000000
vn 0.048820 -0.034880 -0.080000
vn 0.044342 -0.040420 -0.080000
vn 0.046383 -0.038060 -0.080000
vn 0.041223 -0.043597 -0.080000
vn 0.039238 -0.045391 -0.080000
vn 0.035406 -0.048440 -0.080000
vn 0.033582 -0.049722 -0.080000
vn 0.029025 -0.052512 -0.080000
vn 0.027452 -0.053352 -0.080000
vn 0.022183 -0.055749 -0.080000
vn 0.020935 -0.056229 -0.080000
vn 0.014988 -0.058098 -0.080000
vn 0.014123 -0.058314 -0.080000
vn 0.007554 -0.059523 -0.080000
vn 0.007111 -0.059577 -0.080000
vn 0.057821 -0.000000 0.081589
vn 0.049650 -0.000000 0.086804
vn 0.039519 -0.000000 0.091860
vn 0.035001 -0.000000 0.093675
vn 0.029076 -0.000000 0.095680
vn 0.023096 -0.000000 0.097296
vn 0.020554 -0.000000 0.097865
vn 0.014222 -0.000000 0.098984
vn 0.008672 -0.000000 0.099623
vn 0.007769 -0.000000 0.099698
vn 0.003347 -0.000000 0.099944
vn 0.064750 -0.000000 0.076207
vn 0.075184 -0.000000 0.065935
vn 0.078504 -0.000000 0.061945
vn 0.088583 -0.000000 0.046401
vn 0.088965 -0.000000 0.045664
vn 0.095090 -0.000000 0.030950
vn 0.095766 -0.000000 0.028790
vn 0.098199 -0.000000 0.018892
vn 0.098835 -0.000000 0.015219
vn 0.099495 -0.000000 0.010042
vn 0.099799 -0.000000 0.006336
vn 0.099909 -0.000000 0.004263
vn 0.099988 -0.000000 0.001557
vn 0.099994 -0.000000 0.001079
vn 0.002071 -0.000000 0.099979
usemtl Opaque(246,246,243)
f 2/1/1 3/2/2 1/3/3
f 1/3/3 3/2/2 4/4/4
f 5/5/5 6/6/6 8/7/7
f 8/7/7 6/6/6 7/8/8
f 7/9/9 9/10/10 8/11/11
f 8/11/11 9/10/10 20/12/12
f 20/12/12 9/10/10 19/13/13
f 19/13/13 9/10/10 10/14/14
f 19/13/13 10/14/14 18/15/15
f 18/15/15 10/14/14 11/16/16
f 18/15/15 11/16/16 17/17/17
f 17/17/17 11/16/16 12/18/18
f 17/17/17 12/18/18 13/19/19
f 17/17/17 13/19/19 16/20/20
f 16/20/20 13/19/19 14/21/21
f 16/20/20 14/21/21 15/22/22
f 15/22/22 14/21/21 1/23/23
f 15/22/22 1/23/23 4/24/24
f 3/25/25 21/26/26 4/27/27
f 4/27/27 21/26/26 15/28/28
f 15/28/28 21/26/26 22/29/29
f 15/28/28 22/29/29 16/30/30
f 16/30/30 22/29/29 23/31/31
f 16/30/30 23/31/31 17/32/32
f 17/32/32 23/31/31 24/33/33
f 17/32/32 24/33/33 18/34/34
f 18/34/34 24/33/33 25/35/35
f 18/34/34 25/35/35 19/36/36
f 19/36/36 25/35/35 26/37/37
f 19/36/36 26/37/37 20/38/38
f 20/38/38 26/37/37 5/39/39
f 20/38/38 5/39/39 8/40/40
f 26/37/37 27/41/41 5/39/39
f 6/42/6 5/43/5 28/44/42
f 28/44/42 5/43/5 27/45/43
f 28/46/44 27/47/45 34/48/46
f 34/48/46 27/47/45 26/49/47
f 34/48/46 26/49/47 25/50/48
f 34/48/46 25/50/48 33/51/49
f 33/51/49 25/50/48 24/52/50
f 33/51/49 24/52/50 32/53/51
f 32/53/51 24/52/50 23/54/52
f 32/53/51 23/54/52 31/55/53
f 31/55/53 23/54/52 30/56/54
f 30/56/54 23/54/52 22/57/55
f 30/56/54 22/57/55 29/58/56
f 29/58/56 22/57/55 21/59/57
f 29/58/56 21/59/57 2/60/58
f 2/60/58 21/59/57 3/61/59
f 6/62/60 28/63/61 75/64/62
f 75/64/62 28/63/61 74/65/63
f 74/65/63 28/63/61 41/66/64
f 74/65/63 41/66/64 73/67/65
f 73/67/65 41/66/64 42/68/66
f 73/67/65 42/68/66 72/69/67
f 72/69/67 42/68/66 71/70/68
f 71/70/68 42/68/66 43/71/69
f 71/70/68 43/71/69 70/72/70
f 70/72/70 43/71/69 69/73/71
f 69/73/71 43/71/69 44/74/72
f 69/73/71 44/74/72 68/75/73
f 68/75/73 44/74/72 67/76/74
f 67/76/74 44/74/72 66/77/75
f 66/77/75 44/74/72 65/78/76
f 65/78/76 44/74/72 45/79/77
f 65/78/76 45/79/77 64/80/78
f 64/80/78 45/79/77 60/81/79
f 64/80/78 60/81/79 63/82/80
f 63/82/80 60/81/79 62/83/81
f 62/83/81 60/81/79 61/84/82
f 28/63/61 34/85/83 41/66/64
f 41/66/64 34/85/83 40/86/84
f 40/86/84 34/85/83 33/87/85
f 40/86/84 33/87/85 39/88/86
f 39/88/86 33/87/85 32/89/87
f 39/88/86 32/89/87 31/90/88
f 39/88/86 31/90/88 38/91/89
f 38/91/89 31/90/88 30/92/90
f 38/91/89 30/92/90 37/93/91
f 37/93/91 30/92/90 29/94/92
f 37/93/91 29/94/92 36/95/93
f 36/95/93 29/94/92 2/96/94
f 36/95/93 2/96/94 35/97/95
f 60/81/79 45/79/77 59/98/96
f 59/98/96 45/79/77 46/99/97
f 59/98/96 46/99/97 58/100/98
f 58/100/98 46/99/97 57/101/99
f 57/101/99 46/99/97 47/102/100
f 57/101/99 47/102/100 56/103/101
f 56/103/101 47/102/100 48/104/102
f 56/103/101 48/104/102 55/105/103
f 55/105/103 48/104/102 49/106/104
f 55/105/103 49/106/104 54/107/105
f 54/107/105 49/106/104 50/108/106
f 54/107/105 50/108/106 53/109/107
f 53/109/107 50/108/106 51/110/108
f 53/109/107 51/110/108 52/111/109
f 76/112/110 77/113/111 79/114/112
f 79/114/112 77/113/111 78/115/113
f 77/116/114 80/117/115 78/118/116
f 78/118/116 80/117/115 81/119/117
f 80/120/118 82/121/119 81/122/120
f 81/122/120 82/121/119 83/123/121
f 61/124/122 60/125/123 84/126/124
f 84/126/124 60/125/123 85/127/125
f 87/128/126 88/129/127 86/130/128
f 86/130/128 88/129/127 79/131/129
f 86/130/128 79/131/129 78/132/130
f 81/133/131 114/134/132 78/132/130
f 78/132/130 114/134/132 115/135/133
f 78/132/130 115/135/133 86/130/128
f 114/134/132 81/133/131 113/136/134
f 113/136/134 81/133/131 83/137/135
f 113/136/134 83/137/135 89/138/136
f 113/136/134 89/138/136 112/139/137
f 112/139/137 89/138/136 90/140/138
f 112/139/137 90/140/138 91/141/139
f 91/141/139 92/142/140 112/139/137
f 112/139/137 92/142/140 111/143/141
f 111/143/141 92/142/140 93/144/142
f 111/143/141 93/144/142 110/145/143
f 110/145/143 93/144/142 109/146/144
f 109/146/144 93/144/142 94/147/145
f 109/146/144 94/147/145 108/148/146
f 108/148/146 94/147/145 107/149/147
f 107/149/147 94/147/145 95/150/148
f 107/149/147 95/150/148 106/151/149
f 106/151/149 95/150/148 105/152/150
f 105/152/150 95/150/148 96/153/151
f 105/152/150 96/153/151 104/154/152
f 104/154/152 96/153/151 97/155/153
f 104/154/152 97/155/153 103/156/154
f 103/156/154 97/155/153 102/157/155
f 102/157/155 97/155/153 101/158/156
f 101/158/156 97/155/153 100/159/157
f 100/159/157 97/155/153 99/160/158
f 99/160/158 97/155/153 98/161/159
f 116/162/160 117/163/161 87/164/162
f 87/164/162 117/163/161 118/165/163
f 87/164/162 118/165/163 88/166/164
f 84/167/124 98/168/165 61/169/122
f 61/169/122 98/168/165 97/170/166
f 98/171/167 84/172/168 99/173/169
f 99/173/169 84/172/168 119/174/170
f 99/173/169 119/174/170 120/175/171
f 84/172/168 85/176/172 119/174/170
f 99/173/169 120/175/171 100/177/173
f 100/177/173 120/175/171 121/178/174
f 100/177/173 121/178/174 101/179/175
f 101/179/175 121/178/174 122/180/176
f 101/179/175 122/180/176 102/181/177
f 102/181/177 122/180/176 123/182/178
f 102/181/177 123/182/178 103/183/179
f 103/183/179 123/182/178 124/184/180
f 103/183/179 124/184/180 104/185/181
f 104/185/181 124/184/180 125/186/182
f 104/185/181 125/186/182 105/187/183
f 105/187/183 125/186/182 126/188/184
f 105/187/183 126/188/184 106/189/185
f 106/189/185 126/188/184 127/190/186
f 106/189/185 127/190/186 107/191/187
f 107/191/187 127/190/186 128/192/188
f 107/191/187 128/192/188 108/193/189
f 108/193/189 128/192/188 129/194/190
f 108/193/189 129/194/190 109/195/191
f 109/195/191 129/194/190 130/196/192
f 109/195/191 130/196/192 110/197/193
f 110/197/193 130/196/192 131/198/194
f 110/197/193 131/198/194 111/199/195
f 111/199/195 131/198/194 132/200/196
f 111/199/195 132/200/196 112/201/197
f 132/202/196 133/203/198 112/204/197
f 112/204/197 133/203/198 113/205/199
f 133/206/200 134/207/201 113/208/202
f 113/208/202 134/207/201 114/209/203
f 134/210/204 135/211/205 114/212/206
f 114/212/206 135/211/205 115/213/207
f 135/214/208 136/215/209 115/216/210
f 115/216/210 136/215/209 86/217/211
f 87/218/212 86/219/213 116/220/214
f 116/220/214 86/219/213 136/221/215
f 116/220/214 136/221/215 137/222/216
f 139/223/217 136/224/218 138/225/219
f 138/225/219 136/224/218 135/226/220
f 138/225/219 135/226/220 134/227/221
f 139/223/217 137/228/222 136/224/218
f 138/225/219 134/227/221 141/229/223
f 141/229/223 134/227/221 133/230/224
f 141/229/223 133/230/224 140/231/225
f 140/231/225 133/230/224 52/232/226
f 52/232/226 133/230/224 132/233/227
f 52/232/226 132/233/227 53/234/228
f 53/234/228 132/233/227 54/235/229
f 54/235/229 132/233/227 55/236/230
f 55/236/230 132/233/227 131/237/231
f 55/236/230 131/237/231 56/238/232
f 56/238/232 131/237/231 130/239/233
f 56/238/232 130/239/233 129/240/234
f 56/238/232 129/240/234 57/241/235
f 57/241/235 129/240/234 128/242/236
f 57/241/235 128/242/236 127/243/237
f 57/241/235 127/243/237 58/244/238
f 58/244/238 127/243/237 126/245/239
f 58/244/238 126/245/239 125/246/240
f 58/244/238 125/246/240 59/247/241
f 59/247/241 125/246/240 124/248/242
f 59/247/241 124/248/242 60/249/243
f 60/249/243 124/248/242 123/250/244
f 60/249/243 123/250/244 122/251/245
f 122/251/245 121/252/246 60/249/243
f 60/249/243 121/252/246 120/253/247
f 60/249/243 120/253/247 119/254/248
f 119/254/248 85/255/249 60/249/243
f 138/256/250 142/257/251 139/258/252
f 139/258/252 142/257/251 172/259/253
f 172/259/253 142/257/251 143/260/254
f 172/259/253 143/260/254 171/261/255
f 171/261/255 143/260/254 144/262/256
f 171/261/255 144/262/256 170/263/257
f 170/263/257 144/262/256 145/264/258
f 170/263/257 145/264/258 169/265/259
f 169/265/259 145/264/258 146/266/260
f 169/265/259 146/266/260 168/267/261
f 168/267/261 146/266/260 147/268/262
f 168/267/261 147/268/262 167/269/263
f 167/269/263 147/268/262 148/270/264
f 167/269/263 148/270/264 166/271/265
f 166/271/265 148/270/264 149/272/266
f 166/271/265 149/272/266 165/273/267
f 165/273/267 149/272/266 150/274/268
f 165/273/267 150/274/268 164/275/269
f 164/275/269 150/274/268 151/276/270
f 164/275/269 151/276/270 163/277/271
f 163/277/271 151/276/270 152/278/272
f 163/277/271 152/278/272 162/279/273
f 162/279/273 152/278/272 153/280/274
f 162/279/273 153/280/274 161/281/275
f 161/281/275 153/280/274 154/282/276
f 161/281/275 154/282/276 160/283/277
f 160/283/277 154/282/276 155/284/278
f 160/283/277 155/284/278 159/285/279
f 159/285/279 155/284/278 156/286/280
f 159/285/279 156/286/280 158/287/281
f 158/287/281 156/286/280 157/288/282
f 138/289/283 141/290/284 142/291/285
f 142/291/285 141/290/284 173/292/286
f 142/291/285 173/292/286 174/293/287
f 142/291/285 174/293/287 143/294/288
f 143/294/288 174/293/287 175/295/289
f 143/294/288 175/295/289 144/296/290
f 144/296/290 175/295/289 176/297/291
f 144/296/290 176/297/291 145/298/292
f 145/298/292 176/297/291 177/299/293
f 145/298/292 177/299/293 146/300/294
f 146/300/294 177/299/293 178/301/295
f 146/300/294 178/301/295 147/302/296
f 147/302/296 178/301/295 179/303/297
f 147/302/296 179/303/297 148/304/298
f 148/304/298 179/303/297 180/305/299
f 148/304/298 180/305/299 149/306/300
f 149/306/300 180/305/299 181/307/301
f 149/306/300 181/307/301 150/308/302
f 150/308/302 181/307/301 182/309/303
f 150/308/302 182/309/303 151/310/304
f 151/310/304 182/309/303 183/311/305
f 151/310/304 183/311/305 152/312/306
f 152/312/306 183/311/305 184/313/307
f 152/312/306 184/313/307 153/314/308
f 153/314/308 184/313/307 185/315/309
f 153/314/308 185/315/309 154/316/310
f 154/316/310 185/315/309 186/317/311
f 154/316/310 186/317/311 155/318/312
f 155/318/312 186/317/311 187/319/313
f 155/318/312 187/319/313 156/320/314
f 156/320/314 187/319/313 157/321/315
f 157/321/315 187/319/313 188/322/316
f 141/323/317 140/324/318 173/325/319
f 173/325/319 140/324/318 189/326/320
f 173/325/319 189/326/320 174/327/321
f 174/327/321 189/326/320 190/328/322
f 174/327/321 190/328/322 175/329/323
f 175/329/323 190/328/322 191/330/324
f 175/329/323 191/330/324 176/331/325
f 176/331/325 191/330/324 192/332/326
f 176/331/325 192/332/326 177/333/327
f 177/333/327 192/332/326 193/334/328
f 177/333/327 193/334/328 178/335/329
f 178/335/329 193/334/328 194/336/330
f 178/335/329 194/336/330 179/337/331
f 179/337/331 194/336/330 195/338/332
f 179/337/331 195/338/332 180/339/333
f 180/339/333 195/338/332 196/340/334
f 180/339/333 196/340/334 181/341/335
f 181/341/335 196/340/334 197/342/336
f 181/341/335 197/342/336 182/343/337
f 182/343/337 197/342/336 198/344/338
f 182/343/337 198/344/338 183/345/339
f 183/345/339 198/344/338 199/346/340
f 183/345/339 199/346/340 184/347/341
f 184/347/341 199/346/340 200/348/342
f 184/347/341 200/348/342 185/349/343
f 185/349/343 200/348/342 201/350/344
f 185/349/343 201/350/344 186/351/345
f 186/351/345 201/350/344 202/352/346
f 186/351/345 202/352/346 187/353/347
f 187/353/347 202/352/346 203/354/348
f 187/353/347 203/354/348 188/355/349
f 52/356/109 205/357/350 140/358/351
f 140/358/351 205/357/350 206/359/352
f 140/358/351 206/359/352 189/360/353
f 189/360/353 206/359/352 207/361/354
f 189/360/353 207/361/354 208/362/355
f 51/363/108 204/364/356 52/356/109
f 52/356/109 204/364/356 205/357/350
f 189/360/353 208/362/355 190/365/357
f 190/365/357 208/362/355 209/366/358
f 190/365/357 209/366/358 210/367/359
f 210/367/359 211/368/360 190/365/357
f 190/365/357 211/368/360 191/369/361
f 191/369/361 211/368/360 212/370/362
f 191/369/361 212/370/362 213/371/363
f 191/369/361 213/371/363 192/372/364
f 192/372/364 213/371/363 214/373/365
f 192/372/364 214/373/365 203/374/366
f 192/372/364 203/374/366 193/375/367
f 193/375/367 203/374/366 202/376/368
f 193/375/367 202/376/368 194/377/369
f 194/377/369 202/376/368 201/378/370
f 194/377/369 201/378/370 195/379/371
f 195/379/371 201/378/370 200/380/372
f 195/379/371 200/380/372 196/381/373
f 196/381/373 200/380/372 199/382/374
f 196/381/373 199/382/374 197/383/375
f 197/383/375 199/382/374 198/384/376
f 216/385/377 217/386/378 215/387/379
f 215/387/379 217/386/378 273/388/380
f 273/388/380 217/386/378 218/389/381
f 273/388/380 218/389/381 272/390/382
f 272/390/382 218/389/381 219/391/383
f 272/390/382 219/391/383 271/392/384
f 271/392/384 219/391/383 220/393/385
f 271/392/384 220/393/385 270/394/386
f 270/394/386 220/393/385 221/395/387
f 270/394/386 221/395/387 269/396/388
f 269/396/388 221/395/387 222/397/389
f 269/396/388 222/397/389 268/398/390
f 268/398/390 222/397/389 223/399/391
f 268/398/390 223/399/391 224/400/392
f 268/398/390 224/400/392 267/401/393
f 267/401/393 224/400/392 225/402/394
f 267/401/393 225/402/394 266/403/395
f 266/403/395 225/402/394 226/404/396
f 266/403/395 226/404/396 265/405/397
f 265/405/397 226/404/396 227/406/398
f 265/405/397 227/406/398 264/407/399
f 264/407/399 227/406/398 228/408/400
f 264/407/399 228/408/400 263/409/401
f 263/409/401 228/408/400 229/410/402
f 263/409/401 229/410/402 230/411/403
f 263/409/401 230/411/403 262/412/404
f 262/412/404 230/411/403 231/413/405
f 262/412/404 231/413/405 261/414/406
f 261/414/406 231/413/405 232/415/407
f 261/414/406 232/415/407 260/416/408
f 260/416/408 232/415/407 233/417/409
f 260/416/408 233/417/409 259/418/410
f 259/418/410 233/417/409 234/419/411
f 259/418/410 234/419/411 258/420/412
f 258/420/412 234/419/411 235/421/413
f 258/420/412 235/421/413 257/422/414
f 257/422/414 235/421/413 236/423/415
f 257/422/414 236/423/415 237/424/416
f 238/425/417 253/426/418 237/424/416
f 237/424/416 253/426/418 254/427/419
f 237/424/416 254/427/419 256/428/420
f 256/428/420 254/427/419 255/429/421
f 253/426/418 238/425/417 252/430/422
f 252/430/422 238/425/417 239/431/423
f 252/430/422 239/431/423 251/432/424
f 251/432/424 239/431/423 240/433/425
f 251/432/424 240/433/425 250/434/426
f 250/434/426 240/433/425 249/435/427
f 249/435/427 240/433/425 248/436/428
f 248/436/428 240/433/425 241/437/429
f 248/436/428 241/437/429 247/438/430
f 247/438/430 241/437/429 242/439/431
f 247/438/430 242/439/431 243/440/432
f 243/440/432 244/441/433 247/438/430
f 247/438/430 244/441/433 245/442/434
f 247/438/430 245/442/434 246/443/435
f 256/428/420 257/422/414 237/424/416
f 274/444/436 275/445/437 220/446/438
f 220/446/438 275/445/437 221/447/439
f 221/447/439 275/445/437 276/448/440
f 221/447/439 276/448/440 222/449/441
f 222/449/441 276/448/440 277/450/442
f 222/449/441 277/450/442 223/451/443
f 223/451/443 277/450/442 278/452/444
f 223/451/443 278/452/444 224/453/445
f 224/453/445 278/452/444 279/454/446
f 224/453/445 279/454/446 225/455/447
f 225/455/447 279/454/446 280/456/448
f 225/455/447 280/456/448 226/457/449
f 226/457/449 280/456/448 281/458/450
f 226/457/449 281/458/450 227/459/451
f 227/459/451 281/458/450 282/460/452
f 227/459/451 282/460/452 228/461/453
f 228/461/453 282/460/452 283/462/454
f 228/461/453 283/462/454 229/463/455
f 229/463/455 283/462/454 284/464/456
f 229/463/455 284/464/456 230/465/457
f 230/465/457 284/464/456 285/466/458
f 230/465/457 285/466/458 231/467/459
f 231/467/459 285/466/458 286/468/460
f 231/467/459 286/468/460 232/469/461
f 232/469/461 286/468/460 287/470/462
f 232/469/461 287/470/462 233/471/463
f 233/471/463 287/470/462 288/472/464
f 233/471/463 288/472/464 234/473/465
f 234/473/465 288/472/464 289/474/466
f 234/473/465 289/474/466 235/475/467
f 235/475/467 289/474/466 290/476/468
f 235/475/467 290/476/468 236/477/469
f 291/478/470 292/479/471 238/480/472
f 238/480/472 292/479/471 239/481/473
f 293/482/474 294/483/475 241/484/476
f 241/484/476 294/483/475 242/485/477
f 295/486/478 296/487/479 294/488/480
f 294/488/480 296/487/479 297/489/481
f 294/488/480 297/489/481 242/490/482
f 242/490/482 297/489/481 243/491/483
f 241/492/484 240/493/485 293/494/486
f 293/494/486 240/493/485 298/495/487
f 239/496/488 292/497/489 240/498/490
f 240/498/490 292/497/489 298/499/491
f 238/500/492 237/501/493 291/502/494
f 291/502/494 237/501/493 299/503/495
f 236/504/469 290/505/468 237/506/496
f 237/506/496 290/505/468 299/507/497
f 220/508/498 219/509/499 274/510/500
f 274/510/500 219/509/499 303/511/501
f 303/511/501 219/509/499 218/512/502
f 303/511/501 218/512/502 302/513/503
f 302/513/503 218/512/502 217/514/504
f 302/513/503 217/514/504 301/515/505
f 301/515/505 217/514/504 216/516/506
f 301/515/505 216/516/506 300/517/507
f 320/518/508 215/519/509 319/520/510
f 319/520/510 215/519/509 273/521/511
f 319/520/510 273/521/511 318/522/512
f 318/522/512 273/521/511 272/523/513
f 318/522/512 272/523/513 317/524/514
f 317/524/514 272/523/513 271/525/515
f 317/524/514 271/525/515 316/526/516
f 316/526/516 271/525/515 270/527/517
f 316/526/516 270/527/517 315/528/518
f 315/528/518 270/527/517 269/529/519
f 315/528/518 269/529/519 314/530/520
f 314/530/520 269/529/519 268/531/521
f 314/530/520 268/531/521 313/532/522
f 313/532/522 268/531/521 267/533/523
f 313/532/522 267/533/523 266/534/524
f 313/532/522 266/534/524 312/535/525
f 312/535/525 266/534/524 265/536/526
f 312/535/525 265/536/526 311/537/527
f 311/537/527 265/536/526 264/538/528
f 311/537/527 264/538/528 310/539/529
f 310/539/529 264/538/528 263/540/530
f 310/539/529 263/540/530 309/541/531
f 309/541/531 263/540/530 262/542/532
f 309/541/531 262/542/532 308/543/533
f 308/543/533 262/542/532 261/544/534
f 308/543/533 261/544/534 307/545/535
f 307/545/535 261/544/534 260/546/536
f 307/545/535 260/546/536 306/547/537
f 306/547/537 260/546/536 259/548/538
f 306/547/537 259/548/538 305/549/539
f 305/549/539 259/548/538 258/550/540
f 305/549/539 258/550/540 304/551/541
f 304/551/541 258/550/540 257/552/542
f 256/553/543 368/554/544 257/555/542
f 257/555/542 368/554/544 356/556/545
f 257/555/542 356/556/545 357/557/546
f 321/558/547 366/559/548 256/553/543
f 256/553/543 366/559/548 367/560/549
f 256/553/543 367/560/549 368/554/544
f 322/561/550 364/562/551 321/558/547
f 321/558/547 364/562/551 365/563/552
f 321/558/547 365/563/552 366/559/548
f 364/562/551 322/561/550 363/564/553
f 363/564/553 322/561/550 323/565/554
f 363/564/553 323/565/554 324/566/555
f 325/567/556 342/568/557 324/566/555
f 324/566/555 342/568/557 343/569/558
f 324/566/555 343/569/558 363/564/553
f 363/564/553 343/569/558 362/570/559
f 362/570/559 343/569/558 344/571/560
f 362/570/559 344/571/560 345/572/561
f 342/568/557 325/567/556 341/573/562
f 341/573/562 325/567/556 326/574/563
f 341/573/562 326/574/563 340/575/564
f 340/575/564 326/574/563 327/576/565
f 340/575/564 327/576/565 339/577/566
f 339/577/566 327/576/565 338/578/567
f 338/578/567 327/576/565 328/579/568
f 338/578/567 328/579/568 337/580/569
f 337/580/569 328/579/568 329/581/570
f 337/580/569 329/581/570 336/582/571
f 336/582/571 329/581/570 330/583/572
f 336/582/571 330/583/572 335/584/573
f 335/584/573 330/583/572 331/585/574
f 335/584/573 331/585/574 334/586/575
f 334/586/575 331/585/574 332/587/576
f 334/586/575 332/587/576 333/588/577
f 345/572/561 346/589/578 362/570/559
f 362/570/559 346/589/578 350/590/579
f 362/570/559 350/590/579 361/591/580
f 361/591/580 350/590/579 351/592/581
f 361/591/580 351/592/581 360/593/582
f 360/593/582 351/592/581 352/594/583
f 360/593/582 352/594/583 359/595/584
f 359/595/584 352/594/583 353/596/585
f 359/595/584 353/596/585 370/597/586
f 370/597/586 353/596/585 354/598/587
f 370/597/586 354/598/587 369/599/588
f 369/599/588 354/598/587 355/600/589
f 369/599/588 355/600/589 368/554/544
f 368/554/544 355/600/589 356/556/545
f 346/589/578 304/601/541 350/590/579
f 350/590/579 304/601/541 349/602/590
f 349/602/590 304/601/541 348/603/591
f 348/603/591 304/601/541 257/555/542
f 348/603/591 257/555/542 347/604/592
f 347/604/592 257/555/542 358/605/593
f 358/605/593 257/555/542 357/557/546
f 321/606/547 256/607/543 391/608/594
f 391/608/594 256/607/543 255/609/595
f 391/608/594 255/609/595 254/610/596
f 254/610/596 371/611/597 391/608/594
f 391/608/594 371/611/597 392/612/598
f 391/608/594 392/612/598 321/606/547
f 321/606/547 392/612/598 322/613/550
f 322/613/550 392/612/598 393/614/599
f 322/613/550 393/614/599 323/615/554
f 323/615/554 393/614/599 394/616/600
f 323/615/554 394/616/600 395/617/601
f 395/617/601 394/616/600 373/618/602
f 395/617/601 373/618/602 374/619/603
f 371/611/597 372/620/604 392/612/598
f 392/612/598 372/620/604 393/614/599
f 372/620/604 373/618/602 393/614/599
f 393/614/599 373/618/602 394/616/600
f 395/617/601 374/619/603 396/621/605
f 396/621/605 374/619/603 375/622/606
f 396/621/605 375/622/606 397/623/607
f 397/623/607 375/622/606 376/624/608
f 397/623/607 376/624/608 398/625/609
f 398/625/609 376/624/608 399/626/610
f 398/625/609 399/626/610 326/627/563
f 326/627/563 399/626/610 327/628/565
f 327/628/565 399/626/610 400/629/611
f 327/628/565 400/629/611 328/630/568
f 328/630/568 400/629/611 401/631/612
f 328/630/568 401/631/612 329/632/570
f 329/632/570 401/631/612 402/633/613
f 329/632/570 402/633/613 403/634/614
f 403/634/614 402/633/613 379/635/615
f 403/634/614 379/635/615 380/636/616
f 376/624/608 377/637/617 399/626/610
f 399/626/610 377/637/617 400/629/611
f 377/637/617 378/638/618 400/629/611
f 400/629/611 378/638/618 401/631/612
f 378/638/618 379/635/615 401/631/612
f 401/631/612 379/635/615 402/633/613
f 403/634/614 380/636/616 404/639/619
f 404/639/619 380/636/616 381/640/620
f 404/639/619 381/640/620 405/641/621
f 405/641/621 381/640/620 382/642/622
f 405/641/621 382/642/622 406/643/623
f 406/643/623 382/642/622 407/644/624
f 406/643/623 407/644/624 332/645/576
f 332/645/576 407/644/624 333/646/577
f 333/646/577 407/644/624 408/647/625
f 333/646/577 408/647/625 334/648/575
f 334/648/575 408/647/625 409/649/626
f 334/648/575 409/649/626 335/650/573
f 335/650/573 409/649/626 410/651/627
f 335/650/573 410/651/627 411/652/628
f 411/652/628 410/651/627 385/653/629
f 411/652/628 385/653/629 386/654/630
f 382/642/622 383/655/631 407/644/624
f 407/644/624 383/655/631 408/647/625
f 383/655/631 384/656/632 408/647/625
f 408/647/625 384/656/632 409/649/626
f 384/656/632 385/653/629 409/649/626
f 409/649/626 385/653/629 410/651/627
f 411/652/628 386/654/630 412/657/633
f 412/657/633 386/654/630 387/658/634
f 412/657/633 387/658/634 413/659/635
f 413/659/635 387/658/634 389/660/636
f 413/659/635 389/660/636 390/661/637
f 387/658/634 388/662/638 389/660/636
f 338/663/639 337/664/569 390/661/637
f 390/661/637 337/664/569 413/659/635
f 413/659/635 337/664/569 412/657/633
f 412/657/633 337/664/569 336/665/571
f 412/657/633 336/665/571 411/652/628
f 411/652/628 336/665/571 335/650/573
f 406/643/623 332/645/576 405/641/621
f 405/641/621 332/645/576 331/666/574
f 405/641/621 331/666/574 404/639/619
f 404/639/619 331/666/574 330/667/572
f 404/639/619 330/667/572 403/634/614
f 403/634/614 330/667/572 329/632/570
f 398/625/609 326/627/563 397/623/607
f 397/623/607 326/627/563 325/668/556
f 397/623/607 325/668/556 396/621/605
f 396/621/605 325/668/556 324/669/555
f 396/621/605 324/669/555 395/617/601
f 395/617/601 324/669/555 323/615/554
f 254/670/596 253/671/640 371/672/597
f 371/672/597 253/671/640 414/673/641
f 371/672/597 414/673/641 372/674/604
f 372/674/604 414/673/641 415/675/642
f 372/674/604 415/675/642 416/676/643
f 372/674/604 416/676/643 373/677/602
f 373/677/602 416/676/643 417/678/644
f 373/677/602 417/678/644 374/679/603
f 374/679/603 417/678/644 418/680/645
f 374/679/603 418/680/645 375/681/606
f 375/681/606 418/680/645 419/682/646
f 375/681/606 419/682/646 376/683/608
f 376/683/608 419/682/646 420/684/647
f 376/683/608 420/684/647 377/685/617
f 377/685/617 420/684/647 421/686/648
f 377/685/617 421/686/648 378/687/618
f 378/687/618 421/686/648 422/688/649
f 378/687/618 422/688/649 379/689/615
f 379/689/615 422/688/649 423/690/650
f 379/689/615 423/690/650 380/691/616
f 380/691/616 423/690/650 424/692/651
f 380/691/616 424/692/651 381/693/620
f 381/693/620 424/692/651 425/694/652
f 381/693/620 425/694/652 382/695/622
f 382/695/622 425/694/652 426/696/653
f 382/695/622 426/696/653 383/697/631
f 383/697/631 426/696/653 427/698/654
f 383/697/631 427/698/654 384/699/632
f 384/699/632 427/698/654 428/700/655
f 384/699/632 428/700/655 385/701/629
f 385/701/629 428/700/655 429/702/656
f 385/701/629 429/702/656 386/703/630
f 386/703/630 429/702/656 430/704/657
f 386/703/630 430/704/657 387/705/634
f 387/705/634 430/704/657 431/706/658
f 387/705/634 431/706/658 388/707/638
f 388/707/638 431/706/658 432/708/659
f 253/709/640 252/710/660 414/711/641
f 414/711/641 252/710/660 454/712/661
f 414/711/641 454/712/661 415/713/642
f 415/713/642 454/712/661 455/714/662
f 415/713/642 455/714/662 416/715/643
f 416/715/643 455/714/662 456/716/663
f 416/715/643 456/716/663 417/717/644
f 417/717/644 456/716/663 457/718/664
f 417/717/644 457/718/664 418/719/645
f 418/719/645 457/718/664 458/720/665
f 418/719/645 458/720/665 419/721/646
f 419/721/646 458/720/665 459/722/666
f 419/721/646 459/722/666 420/723/647
f 420/723/647 459/722/666 460/724/667
f 420/723/647 460/724/667 421/725/648
f 421/725/648 460/724/667 461/726/668
f 421/725/648 461/726/668 422/727/649
f 422/727/649 461/726/668 462/728/669
f 422/727/649 462/728/669 423/729/650
f 423/729/650 462/728/669 463/730/670
f 423/729/650 463/730/670 424/731/651
f 424/731/651 463/730/670 464/732/671
f 424/731/651 464/732/671 425/733/652
f 425/733/652 464/732/671 465/734/672
f 425/733/652 465/734/672 426/735/653
f 426/735/653 465/734/672 466/736/673
f 426/735/653 466/736/673 427/737/654
f 427/737/654 466/736/673 467/738/674
f 427/737/654 467/738/674 428/739/655
f 428/739/655 467/738/674 468/740/675
f 428/739/655 468/740/675 429/741/656
f 429/741/656 468/740/675 469/742/676
f 429/741/656 469/742/676 430/743/657
f 430/743/657 469/742/676 470/744/677
f 430/743/657 470/744/677 431/745/658
f 431/745/658 470/744/677 471/746/678
f 431/745/658 471/746/678 453/747/679
f 453/747/679 471/746/678 452/748/680
f 452/748/680 471/746/678 450/749/681
f 452/748/680 450/749/681 451/750/682
f 252/710/660 251/751/683 454/712/661
f 454/712/661 251/751/683 433/752/684
f 454/712/661 433/752/684 455/714/662
f 455/714/662 433/752/684 434/753/685
f 455/714/662 434/753/685 456/716/663
f 456/716/663 434/753/685 435/754/686
f 456/716/663 435/754/686 457/718/664
f 457/718/664 435/754/686 436/755/687
f 457/718/664 436/755/687 458/720/665
f 458/720/665 436/755/687 437/756/688
f 458/720/665 437/756/688 459/722/666
f 459/722/666 437/756/688 438/757/689
f 459/722/666 438/757/689 460/724/667
f 460/724/667 438/757/689 439/758/690
f 460/724/667 439/758/690 461/726/668
f 461/726/668 439/758/690 440/759/691
f 461/726/668 440/759/691 462/728/669
f 462/728/669 440/759/691 441/760/692
f 462/728/669 441/760/692 463/730/670
f 463/730/670 441/760/692 442/761/693
f 463/730/670 442/761/693 464/732/671
f 464/732/671 442/761/693 443/762/694
f 464/732/671 443/762/694 465/734/672
f 465/734/672 443/762/694 444/763/695
f 465/734/672 444/763/695 466/736/673
f 466/736/673 444/763/695 445/764/696
f 466/736/673 445/764/696 467/738/674
f 467/738/674 445/764/696 446/765/697
f 467/738/674 446/765/697 468/740/675
f 468/740/675 446/765/697 447/766/698
f 468/740/675 447/766/698 469/742/676
f 469/742/676 447/766/698 448/767/699
f 469/742/676 448/767/699 470/744/677
f 470/744/677 448/767/699 449/768/700
f 470/744/677 449/768/700 471/746/678
f 471/746/678 449/768/700 450/749/681
f 453/747/679 432/769/659 431/745/658
f 251/770/683 250/771/701 433/772/684
f 433/772/684 250/771/701 472/773/702
f 433/772/684 472/773/702 434/774/685
f 434/774/685 472/773/702 473/775/703
f 434/774/685 473/775/703 435/776/686
f 435/776/686 473/775/703 474/777/704
f 435/776/686 474/777/704 436/778/687
f 436/778/687 474/777/704 475/779/705
f 436/778/687 475/779/705 437/780/688
f 437/780/688 475/779/705 476/781/706
f 437/780/688 476/781/706 438/782/689
f 438/782/689 476/781/706 477/783/707
f 438/782/689 477/783/707 439/784/690
f 439/784/690 477/783/707 478/785/708
f 439/784/690 478/785/708 440/786/691
f 440/786/691 478/785/708 479/787/709
f 440/786/691 479/787/709 441/788/692
f 441/788/692 479/787/709 480/789/710
f 441/788/692 480/789/710 442/790/693
f 442/790/693 480/789/710 481/791/711
f 442/790/693 481/791/711 443/792/694
f 443/792/694 481/791/711 482/793/712
f 443/792/694 482/793/712 444/794/695
f 444/794/695 482/793/712 483/795/713
f 444/794/695 483/795/713 445/796/696
f 445/796/696 483/795/713 484/797/714
f 445/796/696 484/797/714 446/798/697
f 446/798/697 484/797/714 485/799/715
f 446/798/697 485/799/715 447/800/698
f 447/800/698 485/799/715 486/801/716
f 447/800/698 486/801/716 448/802/699
f 448/802/699 486/801/716 487/803/717
f 448/802/699 487/803/717 449/804/700
f 449/804/700 487/803/717 488/805/718
f 449/804/700 488/805/718 450/806/681
f 450/806/681 488/805/718 489/807/719
f 450/806/681 489/807/719 451/808/682
f 451/808/682 489/807/719 490/809/720
f 528/810/721 247/811/722 534/812/723
f 534/812/723 247/811/722 246/813/724
f 534/812/723 246/813/724 245/814/725
f 245/814/725 491/815/726 534/812/723
f 534/812/723 491/815/726 535/816/727
f 534/812/723 535/816/727 528/810/721
f 528/810/721 535/816/727 527/817/728
f 527/817/728 535/816/727 529/818/729
f 527/817/728 529/818/729 526/819/730
f 526/819/730 529/818/729 536/820/731
f 526/819/730 536/820/731 537/821/732
f 537/821/732 536/820/731 493/822/733
f 537/821/732 493/822/733 494/823/734
f 491/815/726 492/824/735 535/816/727
f 535/816/727 492/824/735 529/818/729
f 492/824/735 493/822/733 529/818/729
f 529/818/729 493/822/733 536/820/731
f 537/821/732 494/823/734 538/825/736
f 538/825/736 494/823/734 495/826/737
f 538/825/736 495/826/737 530/827/738
f 530/827/738 495/826/737 496/828/739
f 530/827/738 496/828/739 539/829/740
f 539/829/740 496/828/739 540/830/741
f 539/829/740 540/830/741 523/831/742
f 523/831/742 540/830/741 522/832/743
f 522/832/743 540/830/741 541/833/744
f 522/832/743 541/833/744 521/834/745
f 521/834/745 541/833/744 531/835/746
f 521/834/745 531/835/746 520/836/747
f 520/836/747 531/835/746 542/837/748
f 520/836/747 542/837/748 543/838/749
f 543/838/749 542/837/748 499/839/750
f 543/838/749 499/839/750 500/840/751
f 496/828/739 497/841/752 540/830/741
f 540/830/741 497/841/752 541/833/744
f 497/841/752 498/842/753 541/833/744
f 541/833/744 498/842/753 531/835/746
f 498/842/753 499/839/750 531/835/746
f 531/835/746 499/839/750 542/837/748
f 543/838/749 500/840/751 544/843/754
f 544/843/754 500/840/751 501/844/755
f 544/843/754 501/844/755 532/845/756
f 532/845/756 501/844/755 502/846/757
f 532/845/756 502/846/757 545/847/758
f 545/847/758 502/846/757 546/848/759
f 545/847/758 546/848/759 517/849/760
f 517/849/760 546/848/759 516/850/761
f 516/850/761 546/848/759 547/851/762
f 516/850/761 547/851/762 515/852/763
f 515/852/763 547/851/762 533/853/764
f 515/852/763 533/853/764 514/854/765
f 514/854/765 533/853/764 548/855/766
f 514/854/765 548/855/766 549/856/767
f 549/856/767 548/855/766 505/857/768
f 549/856/767 505/857/768 506/858/769
f 502/846/757 503/859/770 546/848/759
f 546/848/759 503/859/770 547/851/762
f 503/859/770 504/860/771 547/851/762
f 547/851/762 504/860/771 533/853/764
f 504/860/771 505/857/768 533/853/764
f 533/853/764 505/857/768 548/855/766
f 549/856/767 506/858/769 550/861/772
f 550/861/772 506/858/769 507/862/773
f 550/861/772 507/862/773 551/863/774
f 551/863/774 507/862/773 509/864/775
f 551/863/774 509/864/775 510/865/776
f 507/862/773 508/866/777 509/864/775
f 510/865/776 511/867/778 551/863/774
f 551/863/774 511/867/778 512/868/779
f 551/863/774 512/868/779 550/861/772
f 550/861/772 512/868/779 513/869/780
f 550/861/772 513/869/780 549/856/767
f 549/856/767 513/869/780 514/854/765
f 545/847/758 517/849/760 532/845/756
f 532/845/756 517/849/760 518/870/781
f 532/845/756 518/870/781 544/843/754
f 544/843/754 518/870/781 519/871/782
f 544/843/754 519/871/782 543/838/749
f 543/838/749 519/871/782 520/836/747
f 539/829/740 523/831/742 530/827/738
f 530/827/738 523/831/742 524/872/783
f 530/827/738 524/872/783 538/825/736
f 538/825/736 524/872/783 525/873/784
f 538/825/736 525/873/784 537/821/732
f 537/821/732 525/873/784 526/819/730
f 472/874/702 250/875/701 573/876/785
f 573/876/785 250/875/701 249/877/786
f 573/876/785 249/877/786 552/878/787
f 552/878/787 249/877/786 248/879/788
f 552/878/787 553/880/789 573/876/785
f 573/876/785 553/880/789 574/881/790
f 573/876/785 574/881/790 472/874/702
f 472/874/702 574/881/790 473/882/703
f 473/882/703 574/881/790 575/883/791
f 473/882/703 575/883/791 474/884/704
f 474/884/704 575/883/791 576/885/792
f 474/884/704 576/885/792 475/886/705
f 475/886/705 576/885/792 577/887/793
f 475/886/705 577/887/793 476/888/706
f 476/888/706 577/887/793 578/889/794
f 476/888/706 578/889/794 477/890/707
f 477/890/707 578/889/794 579/891/795
f 477/890/707 579/891/795 478/892/708
f 478/892/708 579/891/795 580/893/796
f 478/892/708 580/893/796 479/894/709
f 479/894/709 580/893/796 581/895/797
f 479/894/709 581/895/797 480/896/710
f 480/896/710 581/895/797 582/897/798
f 480/896/710 582/897/798 481/898/711
f 481/898/711 582/897/798 583/899/799
f 481/898/711 583/899/799 482/900/712
f 482/900/712 583/899/799 584/901/800
f 482/900/712 584/901/800 483/902/713
f 483/902/713 584/901/800 585/903/801
f 483/902/713 585/903/801 484/904/714
f 484/904/714 585/903/801 586/905/802
f 484/904/714 586/905/802 485/906/715
f 485/906/715 586/905/802 587/907/803
f 485/906/715 587/907/803 486/908/716
f 486/908/716 587/907/803 588/909/804
f 486/908/716 588/909/804 487/910/717
f 487/910/717 588/909/804 589/911/805
f 487/910/717 589/911/805 488/912/718
f 488/912/718 589/911/805 590/913/806
f 488/912/718 590/913/806 489/914/719
f 489/914/719 590/913/806 572/915/807
f 489/914/719 572/915/807 490/916/808
f 553/880/789 554/917/809 574/881/790
f 574/881/790 554/917/809 575/883/791
f 554/917/809 555/918/810 575/883/791
f 575/883/791 555/918/810 576/885/792
f 555/918/810 556/919/811 576/885/792
f 576/885/792 556/919/811 577/887/793
f 556/919/811 557/920/812 577/887/793
f 577/887/793 557/920/812 578/889/794
f 557/920/812 558/921/813 578/889/794
f 578/889/794 558/921/813 579/891/795
f 558/921/813 559/922/814 579/891/795
f 579/891/795 559/922/814 580/893/796
f 559/922/814 560/923/815 580/893/796
f 580/893/796 560/923/815 581/895/797
f 560/923/815 561/924/816 581/895/797
f 581/895/797 561/924/816 582/897/798
f 561/924/816 562/925/817 582/897/798
f 582/897/798 562/925/817 583/899/799
f 562/925/817 563/926/818 583/899/799
f 583/899/799 563/926/818 584/901/800
f 563/926/818 564/927/819 584/901/800
f 584/901/800 564/927/819 585/903/801
f 564/927/819 565/928/820 585/903/801
f 585/903/801 565/928/820 586/905/802
f 565/928/820 566/929/821 586/905/802
f 586/905/802 566/929/821 587/907/803
f 566/929/821 567/930/822 587/907/803
f 587/907/803 567/930/822 588/909/804
f 567/930/822 568/931/823 588/909/804
f 588/909/804 568/931/823 589/911/805
f 568/931/823 569/932/824 589/911/805
f 589/911/805 569/932/824 590/913/806
f 570/933/825 571/934/826 569/932/824
f 569/932/824 571/934/826 590/913/806
f 571/934/826 572/915/807 590/913/806
f 247/935/722 528/936/721 248/937/788
f 248/937/788 528/936/721 552/938/787
f 552/938/787 528/936/721 527/939/728
f 552/938/787 527/939/728 553/940/789
f 553/940/789 527/939/728 554/941/809
f 554/941/809 527/939/728 526/942/730
f 554/941/809 526/942/730 555/943/810
f 555/943/810 526/942/730 525/944/784
f 555/943/810 525/944/784 556/945/811
f 556/945/811 525/944/784 524/946/783
f 556/945/811 524/946/783 557/947/812
f 557/947/812 524/946/783 523/948/742
f 557/947/812 523/948/742 558/949/813
f 558/949/813 523/948/742 522/950/743
f 558/949/813 522/950/743 559/951/814
f 559/951/814 522/950/743 521/952/745
f 559/951/814 521/952/745 560/953/815
f 560/953/815 521/952/745 520/954/747
f 560/953/815 520/954/747 561/955/816
f 561/955/816 520/954/747 519/956/782
f 561/955/816 519/956/782 562/957/817
f 562/957/817 519/956/782 518/958/781
f 562/957/817 518/958/781 563/959/818
f 563/959/818 518/958/781 517/960/760
f 563/959/818 517/960/760 564/961/819
f 564/961/819 517/960/760 516/962/827
f 564/961/819 516/962/827 565/963/820
f 565/963/820 516/962/827 515/964/763
f 565/963/820 515/964/763 566/965/821
f 566/965/821 515/964/763 514/966/765
f 566/965/821 514/966/765 567/967/822
f 567/967/822 514/966/765 513/968/780
f 567/967/822 513/968/780 568/969/823
f 568/969/823 513/968/780 512/970/779
f 568/969/823 512/970/779 569/971/824
f 569/971/824 512/970/779 511/972/778
f 569/971/824 511/972/778 570/973/828
f 592/974/829 599/975/830 591/976/831
f 591/976/831 599/975/830 597/977/832
f 591/976/831 597/977/832 598/978/833
f 592/974/829 593/979/834 599/975/830
f 599/975/830 593/979/834 595/980/835
f 599/975/830 595/980/835 596/981/836
f 593/979/834 594/982/837 595/980/835
f 596/981/836 597/977/832 599/975/830
f 570/983/828 511/984/778 614/985/838
f 614/985/838 511/984/778 600/986/839
f 614/985/838 600/986/839 610/987/840
f 610/987/840 600/986/839 608/988/841
f 610/987/840 608/988/841 607/989/842
f 607/989/842 608/988/841 606/990/843
f 606/990/843 608/988/841 611/991/844
f 606/990/843 611/991/844 605/992/845
f 605/992/845 611/991/844 609/993/846
f 605/992/845 609/993/846 604/994/847
f 604/994/847 609/993/846 613/995/848
f 604/994/847 613/995/848 612/996/849
f 612/996/849 613/995/848 603/997/850
f 612/996/849 603/997/850 591/998/831
f 600/986/839 601/999/851 608/988/841
f 608/988/841 601/999/851 611/991/844
f 601/999/851 602/1000/852 611/991/844
f 611/991/844 602/1000/852 609/993/846
f 602/1000/852 603/997/850 609/993/846
f 609/993/846 603/997/850 613/995/848
f 591/998/831 598/1001/833 612/996/849
f 612/996/849 598/1001/833 604/994/847
f 610/987/840 607/989/842 614/985/838
f 614/985/838 607/989/842 570/983/828
f 490/1002/720 615/1003/853 451/1004/682
f 451/1004/682 615/1003/853 630/1005/854
f 630/1005/854 615/1003/853 616/1006/855
f 630/1005/854 616/1006/855 629/1007/856
f 629/1007/856 616/1006/855 617/1008/857
f 629/1007/856 617/1008/857 618/1009/858
f 629/1007/856 618/1009/858 628/1010/859
f 628/1010/859 618/1009/858 619/1011/860
f 628/1010/859 619/1011/860 627/1012/861
f 627/1012/861 619/1011/860 620/1013/862
f 627/1012/861 620/1013/862 621/1014/863
f 621/1014/863 622/1015/864 627/1012/861
f 627/1012/861 622/1015/864 626/1016/865
f 626/1016/865 622/1015/864 623/1017/866
f 626/1016/865 623/1017/866 625/1018/867
f 625/1018/867 623/1017/866 624/1019/868
f 624/1020/868 631/1021/869 637/1022/870
f 637/1022/870 631/1021/869 638/1023/871
f 637/1022/870 638/1023/871 636/1024/872
f 636/1024/872 638/1023/871 635/1025/873
f 635/1025/873 638/1023/871 633/1026/874
f 635/1025/873 633/1026/874 634/1027/875
f 631/1021/869 632/1028/876 638/1023/871
f 638/1023/871 632/1028/876 633/1026/874
f 637/1029/870 636/1030/877 646/1031/878
f 646/1031/878 636/1030/877 647/1032/879
f 646/1031/878 647/1032/879 645/1033/880
f 645/1033/880 647/1032/879 643/1034/881
f 645/1033/880 643/1034/881 644/1035/882
f 636/1030/877 635/1036/883 647/1032/879
f 647/1032/879 635/1036/883 639/1037/884
f 647/1032/879 639/1037/884 640/1038/885
f 635/1036/883 634/1039/886 639/1037/884
f 641/1040/887 642/1041/888 640/1038/885
f 640/1038/885 642/1041/888 647/1032/879
f 642/1041/888 643/1034/881 647/1032/879
f 649/1042/889 655/1043/890 648/1044/891
f 648/1044/891 655/1043/890 656/1045/892
f 648/1044/891 656/1045/892 657/1046/893
f 657/1046/893 656/1045/892 650/1047/894
f 657/1046/893 650/1047/894 658/1048/895
f 658/1048/895 650/1047/894 652/1049/896
f 658/1048/895 652/1049/896 659/1050/897
f 659/1050/897 652/1049/896 660/1051/898
f 659/1050/897 660/1051/898 648/1044/891
f 648/1044/891 660/1051/898 654/1052/899
f 648/1044/891 654/1052/899 625/1053/867
f 649/1042/889 650/1047/894 655/1043/890
f 655/1043/890 650/1047/894 656/1045/892
f 650/1047/894 651/1054/900 652/1049/896
f 653/1055/901 663/1056/902 652/1049/896
f 652/1049/896 663/1056/902 662/1057/903
f 652/1049/896 662/1057/903 661/1058/904
f 661/1058/904 662/1057/903 654/1052/899
f 661/1058/904 654/1052/899 660/1051/898
f 653/1055/901 654/1052/899 663/1056/902
f 663/1056/902 654/1052/899 662/1057/903
f 659/1050/897 648/1044/891 658/1048/895
f 658/1048/895 648/1044/891 657/1046/893
f 652/1049/896 661/1058/904 660/1051/898
f 626/1059/905 625/1060/867 672/1061/906
f 672/1061/906 625/1060/867 654/1062/907
f 672/1061/906 654/1062/907 653/1063/908
f 653/1063/908 652/1064/909 672/1061/906
f 672/1061/906 652/1064/909 664/1065/910
f 672/1061/906 664/1065/910 673/1066/911
f 673/1066/911 664/1065/910 665/1067/912
f 673/1066/911 665/1067/912 674/1068/913
f 674/1068/913 665/1067/912 675/1069/914
f 674/1068/913 675/1069/914 627/1070/915
f 627/1070/915 675/1069/914 628/1071/916
f 628/1071/916 675/1069/914 676/1072/917
f 628/1071/916 676/1072/917 629/1073/918
f 629/1073/918 676/1072/917 670/1074/919
f 629/1073/918 670/1074/919 671/1075/920
f 671/1075/920 670/1074/919 668/1076/921
f 671/1075/920 668/1076/921 669/1077/922
f 669/1077/922 668/1076/921 432/1078/659
f 669/1077/922 432/1078/659 453/1079/923
f 665/1067/912 666/1080/924 675/1069/914
f 675/1069/914 666/1080/924 676/1072/917
f 666/1080/924 667/1081/925 676/1072/917
f 676/1072/917 667/1081/925 670/1074/919
f 667/1081/925 668/1076/921 670/1074/919
f 453/1079/923 452/1082/926 669/1077/922
f 669/1077/922 452/1082/926 451/1083/682
f 669/1077/922 451/1083/682 630/1084/927
f 669/1077/922 630/1084/927 671/1075/920
f 671/1075/920 630/1084/927 629/1073/918
f 674/1068/913 627/1070/915 673/1066/911
f 673/1066/911 627/1070/915 626/1059/905
f 673/1066/911 626/1059/905 672/1061/906
f 490/1085/720 572/1086/928 615/1087/929
f 615/1087/929 572/1086/928 681/1088/930
f 615/1087/929 681/1088/930 682/1089/931
f 682/1089/931 681/1088/930 607/1090/932
f 682/1089/931 607/1090/932 680/1091/933
f 680/1091/933 607/1090/932 606/1092/934
f 680/1091/933 606/1092/934 683/1093/935
f 683/1093/935 606/1092/934 605/1094/936
f 683/1093/935 605/1094/936 684/1095/937
f 684/1095/937 605/1094/936 604/1096/938
f 684/1095/937 604/1096/938 679/1097/939
f 679/1097/939 604/1096/938 598/1098/833
f 679/1097/939 598/1098/833 677/1099/940
f 572/1086/928 571/1100/941 681/1088/930
f 681/1088/930 571/1100/941 607/1090/932
f 571/1100/941 570/1101/828 607/1090/932
f 677/1099/940 678/1102/942 679/1097/939
f 679/1097/939 678/1102/942 619/1103/943
f 679/1097/939 619/1103/943 618/1104/944
f 679/1097/939 618/1104/944 684/1095/937
f 684/1095/937 618/1104/944 617/1105/945
f 684/1095/937 617/1105/945 683/1093/935
f 683/1093/935 617/1105/945 616/1106/946
f 683/1093/935 616/1106/946 680/1091/933
f 680/1091/933 616/1106/946 615/1087/929
f 680/1091/933 615/1087/929 682/1089/931
f 619/1107/943 678/1108/942 620/1109/947
f 620/1109/947 678/1108/942 687/1110/948
f 620/1109/947 687/1110/948 621/1111/949
f 621/1111/949 687/1110/948 686/1112/950
f 621/1111/949 686/1112/950 622/1113/951
f 678/1108/942 677/1114/940 687/1110/948
f 687/1110/948 677/1114/940 597/1115/952
f 687/1110/948 597/1115/952 596/1116/953
f 677/1114/940 598/1117/833 597/1115/952
f 595/1118/954 685/1119/955 596/1116/953
f 596/1116/953 685/1119/955 687/1110/948
f 685/1119/955 686/1112/950 687/1110/948
f 622/1120/956 686/1121/957 623/1122/958
f 623/1122/958 686/1121/957 685/1123/959
f 623/1122/958 685/1123/959 689/1124/960
f 689/1124/960 685/1123/959 595/1125/835
f 689/1124/960 595/1125/835 688/1126/961
f 633/1127/962 632/1128/963 688/1126/961
f 688/1126/961 632/1128/963 689/1124/960
f 632/1128/963 631/1129/964 689/1124/960
f 689/1124/960 631/1129/964 623/1122/958
f 631/1129/964 624/1130/868 623/1122/958
f 652/1131/896 690/1132/965 698/1133/966
f 698/1133/966 690/1132/965 691/1134/967
f 698/1133/966 691/1134/967 701/1135/968
f 701/1135/968 691/1134/967 692/1136/969
f 701/1135/968 692/1136/969 702/1137/970
f 702/1137/970 692/1136/969 693/1138/971
f 702/1137/970 693/1138/971 703/1139/972
f 703/1139/972 693/1138/971 694/1140/973
f 703/1139/972 694/1140/973 699/1141/974
f 699/1141/974 694/1140/973 695/1142/975
f 699/1141/974 695/1142/975 705/1143/976
f 705/1143/976 695/1142/975 704/1144/977
f 705/1143/976 704/1144/977 667/1145/978
f 667/1145/978 704/1144/977 668/1146/979
f 668/1146/979 704/1144/977 706/1147/980
f 668/1146/979 706/1147/980 700/1148/981
f 700/1148/981 706/1147/980 697/1149/982
f 700/1148/981 697/1149/982 388/1150/638
f 695/1142/975 696/1151/983 704/1144/977
f 704/1144/977 696/1151/983 706/1147/980
f 696/1151/983 697/1149/982 706/1147/980
f 388/1150/638 432/1152/659 700/1148/981
f 700/1148/981 432/1152/659 668/1146/979
f 705/1143/976 667/1145/978 699/1141/974
f 699/1141/974 667/1145/978 666/1153/984
f 699/1141/974 666/1153/984 703/1139/972
f 703/1139/972 666/1153/984 665/1154/985
f 703/1139/972 665/1154/985 702/1137/970
f 702/1137/970 665/1154/985 664/1155/986
f 702/1137/970 664/1155/986 701/1135/968
f 701/1135/968 664/1155/986 698/1133/966
f 664/1155/986 652/1131/896 698/1133/966
f 707/1156/987 690/1157/988 651/1158/900
f 651/1158/900 690/1157/988 652/1159/896
f 709/1160/989 712/1161/990 708/1162/991
f 708/1162/991 712/1161/990 639/1163/992
f 708/1162/991 639/1163/992 634/1164/993
f 709/1160/989 710/1165/994 712/1161/990
f 712/1161/990 710/1165/994 641/1166/887
f 712/1161/990 641/1166/887 640/1167/995
f 710/1165/994 711/1168/996 641/1166/887
f 640/1167/995 639/1163/992 712/1161/990
f 594/1169/837 713/1170/997 595/1171/835
f 595/1171/835 713/1170/997 719/1172/998
f 595/1171/835 719/1172/998 688/1173/999
f 688/1173/999 719/1172/998 718/1174/1000
f 688/1173/999 718/1174/1000 717/1175/1001
f 717/1175/1001 718/1174/1000 716/1176/1002
f 717/1175/1001 716/1176/1002 708/1177/1003
f 713/1170/997 714/1178/1004 719/1172/998
f 719/1172/998 714/1178/1004 715/1179/1005
f 719/1172/998 715/1179/1005 718/1174/1000
f 718/1174/1000 715/1179/1005 716/1176/1002
f 634/1180/1006 633/1181/1007 708/1177/1003
f 708/1177/1003 633/1181/1007 717/1175/1001
f 633/1181/1007 688/1173/999 717/1175/1001
f 720/1182/1008 721/1183/1009 725/1184/1010
f 725/1184/1010 721/1183/1009 726/1185/1011
f 725/1184/1010 726/1185/1011 724/1186/1012
f 724/1186/1012 726/1185/1011 723/1187/1013
f 723/1187/1013 726/1185/1011 713/1188/1014
f 723/1187/1013 713/1188/1014 594/1189/1015
f 721/1183/1009 722/1190/1016 726/1185/1011
f 726/1185/1011 722/1190/1016 713/1188/1014
f 338/1191/1017 390/1192/1018 339/1193/566
f 339/1193/566 390/1192/1018 729/1194/1019
f 339/1193/566 729/1194/1019 730/1195/1020
f 730/1195/1020 729/1194/1019 697/1196/1021
f 730/1195/1020 697/1196/1021 696/1197/1022
f 390/1192/1018 389/1198/1023 729/1194/1019
f 729/1194/1019 389/1198/1023 697/1196/1021
f 389/1198/1023 388/1199/1024 697/1196/1021
f 730/1195/1020 696/1197/1022 731/1200/1025
f 731/1200/1025 696/1197/1022 695/1201/1026
f 731/1200/1025 695/1201/1026 732/1202/1027
f 732/1202/1027 695/1201/1026 694/1203/1028
f 732/1202/1027 694/1203/1028 733/1204/1029
f 733/1204/1029 694/1203/1028 693/1205/1030
f 733/1204/1029 693/1205/1030 734/1206/1031
f 734/1206/1031 693/1205/1030 692/1207/1032
f 734/1206/1031 692/1207/1032 735/1208/1033
f 735/1208/1033 692/1207/1032 691/1209/1034
f 735/1208/1033 691/1209/1034 736/1210/1035
f 736/1210/1035 691/1209/1034 727/1211/1036
f 736/1210/1035 727/1211/1036 728/1212/1037
f 691/1209/1034 690/1213/1038 727/1211/1036
f 346/1214/578 345/1215/561 728/1212/1037
f 728/1212/1037 345/1215/561 736/1210/1035
f 736/1210/1035 345/1215/561 735/1208/1033
f 735/1208/1033 345/1215/561 344/1216/560
f 735/1208/1033 344/1216/560 734/1206/1031
f 734/1206/1031 344/1216/560 343/1217/558
f 734/1206/1031 343/1217/558 733/1204/1029
f 733/1204/1029 343/1217/558 342/1218/557
f 733/1204/1029 342/1218/557 732/1202/1027
f 732/1202/1027 342/1218/557 341/1219/562
f 732/1202/1027 341/1219/562 731/1200/1025
f 731/1200/1025 341/1219/562 340/1220/564
f 731/1200/1025 340/1220/564 730/1195/1020
f 730/1195/1020 340/1220/564 339/1193/566
f 725/1221/1010 724/1222/1039 741/1223/1040
f 741/1223/1040 724/1222/1039 742/1224/1041
f 741/1223/1040 742/1224/1041 740/1225/1042
f 740/1225/1042 742/1224/1041 738/1226/1043
f 740/1225/1042 738/1226/1043 739/1227/1044
f 724/1222/1039 723/1228/1045 742/1224/1041
f 742/1224/1041 723/1228/1045 593/1229/1046
f 742/1224/1041 593/1229/1046 592/1230/1047
f 723/1228/1045 594/1231/1048 593/1229/1046
f 591/1232/1049 737/1233/1050 592/1230/1047
f 592/1230/1047 737/1233/1050 742/1224/1041
f 737/1233/1050 738/1226/1043 742/1224/1041
f 739/1234/1044 738/1235/1043 748/1236/1051
f 748/1236/1051 738/1235/1043 749/1237/1052
f 748/1236/1051 749/1237/1052 747/1238/1053
f 747/1238/1053 749/1237/1052 750/1239/1054
f 747/1238/1053 750/1239/1054 746/1240/1055
f 746/1240/1055 750/1239/1054 751/1241/1056
f 746/1240/1055 751/1241/1056 745/1242/1057
f 745/1242/1057 751/1241/1056 744/1243/1058
f 744/1243/1058 751/1241/1056 752/1244/1059
f 744/1243/1058 752/1244/1059 743/1245/1060
f 743/1245/1060 752/1244/1059 509/1246/1061
f 743/1245/1060 509/1246/1061 508/1247/1062
f 738/1235/1043 737/1248/1063 749/1237/1052
f 749/1237/1052 737/1248/1063 591/1249/1049
f 749/1237/1052 591/1249/1049 603/1250/1064
f 749/1237/1052 603/1250/1064 750/1239/1054
f 750/1239/1054 603/1250/1064 602/1251/1065
f 750/1239/1054 602/1251/1065 751/1241/1056
f 751/1241/1056 602/1251/1065 601/1252/1066
f 751/1241/1056 601/1252/1066 752/1244/1059
f 752/1244/1059 601/1252/1066 600/1253/1067
f 752/1244/1059 600/1253/1067 509/1246/1061
f 509/1246/1061 600/1253/1067 510/1254/1068
f 510/1254/1068 600/1253/1067 511/1255/778
f 728/1256/1069 755/1257/1070 346/1258/578
f 346/1258/578 755/1257/1070 756/1259/1071
f 346/1258/578 756/1259/1071 757/1260/1072
f 757/1260/1072 756/1259/1071 727/1261/1073
f 757/1260/1072 727/1261/1073 758/1262/1074
f 758/1262/1074 727/1261/1073 759/1263/1075
f 758/1262/1074 759/1263/1075 346/1258/578
f 346/1258/578 759/1263/1075 760/1264/1076
f 346/1258/578 760/1264/1076 761/1265/1077
f 761/1265/1077 760/1264/1076 707/1266/987
f 761/1265/1077 707/1266/987 762/1267/1078
f 762/1267/1078 707/1266/987 763/1268/1079
f 762/1267/1078 763/1268/1079 346/1258/578
f 346/1258/578 763/1268/1079 764/1269/1080
f 346/1258/578 764/1269/1080 754/1270/1081
f 754/1270/1081 764/1269/1080 765/1271/1082
f 754/1270/1081 765/1271/1082 766/1272/1083
f 766/1272/1083 765/1271/1082 707/1266/987
f 766/1272/1083 707/1266/987 767/1273/1084
f 767/1273/1084 707/1266/987 768/1274/1085
f 767/1273/1084 768/1274/1085 754/1270/1081
f 754/1270/1081 768/1274/1085 753/1275/1086
f 753/1275/1086 768/1274/1085 707/1266/987
f 728/1256/1069 727/1261/1073 755/1257/1070
f 755/1257/1070 727/1261/1073 756/1259/1071
f 690/1276/988 707/1266/987 727/1261/1073
f 727/1261/1073 707/1266/987 759/1263/1075
f 754/1270/1081 304/1277/541 346/1258/578
f 758/1262/1074 346/1258/578 757/1260/1072
f 707/1266/987 760/1264/1076 759/1263/1075
f 762/1267/1078 346/1258/578 761/1265/1077
f 764/1269/1080 763/1268/1079 707/1266/987
f 707/1266/987 765/1271/1082 764/1269/1080
f 767/1273/1084 754/1270/1081 766/1272/1083
f 769/1278/1087 770/1279/1088 776/1280/1089
f 776/1280/1089 770/1279/1088 777/1281/1090
f 776/1280/1089 777/1281/1090 775/1282/1091
f 775/1282/1091 777/1281/1090 773/1283/1092
f 775/1282/1091 773/1283/1092 774/1284/1093
f 770/1279/1088 771/1285/1094 777/1281/1090
f 777/1281/1090 771/1285/1094 710/1286/1095
f 777/1281/1090 710/1286/1095 709/1287/1096
f 771/1285/1094 711/1288/1097 710/1286/1095
f 708/1289/1098 772/1290/1099 709/1287/1096
f 709/1287/1096 772/1290/1099 777/1281/1090
f 772/1290/1099 773/1283/1092 777/1281/1090
f 774/1291/1100 773/1292/1092 780/1293/1101
f 780/1293/1101 773/1292/1092 772/1294/1102
f 780/1293/1101 772/1294/1102 781/1295/1103
f 781/1295/1103 772/1294/1102 716/1296/1104
f 781/1295/1103 716/1296/1104 715/1297/1105
f 772/1294/1102 708/1298/1003 716/1296/1104
f 781/1295/1103 715/1297/1105 782/1299/1106
f 782/1299/1106 715/1297/1105 714/1300/1107
f 782/1299/1106 714/1300/1107 783/1301/1108
f 783/1301/1108 714/1300/1107 722/1302/1109
f 783/1301/1108 722/1302/1109 721/1303/1110
f 714/1300/1107 713/1304/1111 722/1302/1109
f 720/1305/1112 778/1306/1113 721/1303/1110
f 721/1303/1110 778/1306/1113 783/1301/1108
f 783/1301/1108 778/1306/1113 782/1299/1106
f 782/1299/1106 778/1306/1113 779/1307/1114
f 782/1299/1106 779/1307/1114 781/1295/1103
f 781/1295/1103 779/1307/1114 780/1293/1101
f 785/1308/1115 797/1309/1116 784/1310/1117
f 784/1310/1117 797/1309/1116 793/1311/1118
f 784/1310/1117 793/1311/1118 794/1312/1119
f 786/1313/1120 795/1314/1121 785/1308/1115
f 785/1308/1115 795/1314/1121 796/1315/1122
f 785/1308/1115 796/1315/1122 797/1309/1116
f 797/1309/1116 796/1315/1122 792/1316/1123
f 797/1309/1116 792/1316/1123 793/1311/1118
f 786/1313/1120 787/1317/1124 795/1314/1121
f 795/1314/1121 787/1317/1124 788/1318/1125
f 795/1314/1121 788/1318/1125 789/1319/1126
f 790/1320/1127 791/1321/1128 789/1319/1126
f 789/1319/1126 791/1321/1128 795/1314/1121
f 791/1321/1128 792/1316/1123 795/1314/1121
f 795/1314/1121 792/1316/1123 796/1315/1122
f 804/1322/1129 791/1323/1130 805/1324/1131
f 805/1324/1131 791/1323/1130 790/1325/1132
f 805/1324/1131 790/1325/1132 798/1326/1133
f 798/1326/1133 799/1327/1134 805/1324/1131
f 805/1324/1131 799/1327/1134 800/1328/1135
f 805/1324/1131 800/1328/1135 801/1329/1136
f 801/1329/1136 802/1330/1137 805/1324/1131
f 805/1324/1131 802/1330/1137 803/1331/1138
f 805/1324/1131 803/1331/1138 804/1322/1129
f 825/1332/1139 802/1333/1140 829/1334/1141
f 829/1334/1141 802/1333/1140 801/1335/1142
f 829/1334/1141 801/1335/1142 806/1336/1143
f 829/1334/1141 806/1336/1143 826/1337/1144
f 826/1337/1144 806/1336/1143 807/1338/1145
f 826/1337/1144 807/1338/1145 830/1339/1146
f 830/1339/1146 807/1338/1145 808/1340/1147
f 830/1339/1146 808/1340/1147 831/1341/1148
f 831/1341/1148 808/1340/1147 809/1342/1149
f 831/1341/1148 809/1342/1149 810/1343/1150
f 831/1341/1148 810/1343/1150 832/1344/1151
f 832/1344/1151 810/1343/1150 811/1345/1152
f 832/1344/1151 811/1345/1152 833/1346/1153
f 833/1346/1153 811/1345/1152 812/1347/1154
f 833/1346/1153 812/1347/1154 828/1348/1155
f 828/1348/1155 812/1347/1154 813/1349/1156
f 828/1348/1155 813/1349/1156 827/1350/1157
f 827/1350/1157 813/1349/1156 834/1351/1158
f 827/1350/1157 834/1351/1158 818/1352/1159
f 818/1352/1159 834/1351/1158 835/1353/1160
f 818/1352/1159 835/1353/1160 817/1354/1161
f 817/1354/1161 835/1353/1160 815/1355/1162
f 817/1354/1161 815/1355/1162 816/1356/1163
f 813/1349/1156 814/1357/1164 834/1351/1158
f 834/1351/1158 814/1357/1164 835/1353/1160
f 814/1357/1164 815/1355/1162 835/1353/1160
f 818/1352/1159 819/1358/1165 827/1350/1157
f 827/1350/1157 819/1358/1165 828/1348/1155
f 819/1358/1165 820/1359/1166 828/1348/1155
f 828/1348/1155 820/1359/1166 833/1346/1153
f 820/1359/1166 821/1360/1167 833/1346/1153
f 833/1346/1153 821/1360/1167 832/1344/1151
f 821/1360/1167 822/1361/1168 832/1344/1151
f 832/1344/1151 822/1361/1168 831/1341/1148
f 822/1361/1168 823/1362/1169 831/1341/1148
f 831/1341/1148 823/1362/1169 830/1339/1146
f 823/1362/1169 824/1363/1170 830/1339/1146
f 830/1339/1146 824/1363/1170 826/1337/1144
f 824/1363/1170 825/1332/1139 826/1337/1144
f 826/1337/1144 825/1332/1139 829/1334/1141
f 36/1364/1171 35/1365/1172 869/1366/1173
f 869/1366/1173 35/1365/1172 836/1367/1174
f 869/1366/1173 836/1367/1174 837/1368/1175
f 869/1366/1173 837/1368/1175 868/1369/1176
f 868/1369/1176 837/1368/1175 838/1370/1177
f 868/1369/1176 838/1370/1177 870/1371/1178
f 870/1371/1178 838/1370/1177 839/1372/1179
f 870/1371/1178 839/1372/1179 871/1373/1180
f 871/1373/1180 839/1372/1179 840/1374/1181
f 871/1373/1180 840/1374/1181 860/1375/1182
f 860/1375/1182 840/1374/1181 841/1376/1183
f 860/1375/1182 841/1376/1183 873/1377/1184
f 873/1377/1184 841/1376/1183 872/1378/1185
f 873/1377/1184 872/1378/1185 40/1379/1186
f 40/1379/1186 872/1378/1185 861/1380/1187
f 40/1379/1186 861/1380/1187 41/1381/1188
f 41/1381/1188 861/1380/1187 874/1382/1189
f 41/1381/1188 874/1382/1189 875/1383/1190
f 875/1383/1190 874/1382/1189 844/1384/1191
f 875/1383/1190 844/1384/1191 845/1385/1192
f 841/1376/1183 842/1386/1193 872/1378/1185
f 872/1378/1185 842/1386/1193 861/1380/1187
f 842/1386/1193 843/1387/1194 861/1380/1187
f 861/1380/1187 843/1387/1194 874/1382/1189
f 843/1387/1194 844/1384/1191 874/1382/1189
f 875/1383/1190 845/1385/1192 876/1388/1195
f 876/1388/1195 845/1385/1192 846/1389/1196
f 876/1388/1195 846/1389/1196 862/1390/1197
f 862/1390/1197 846/1389/1196 847/1391/1198
f 862/1390/1197 847/1391/1198 877/1392/1199
f 877/1392/1199 847/1391/1198 848/1393/1200
f 877/1392/1199 848/1393/1200 863/1394/1201
f 863/1394/1201 848/1393/1200 849/1395/1202
f 863/1394/1201 849/1395/1202 864/1396/1203
f 864/1396/1203 849/1395/1202 850/1397/1204
f 864/1396/1203 850/1397/1204 878/1398/1205
f 878/1398/1205 850/1397/1204 851/1399/1206
f 878/1398/1205 851/1399/1206 865/1400/1207
f 865/1400/1207 851/1399/1206 852/1401/1208
f 865/1400/1207 852/1401/1208 879/1402/1209
f 879/1402/1209 852/1401/1208 853/1403/1210
f 879/1402/1209 853/1403/1210 880/1404/1211
f 880/1404/1211 853/1403/1210 854/1405/1212
f 880/1404/1211 854/1405/1212 866/1406/1213
f 866/1406/1213 854/1405/1212 855/1407/1214
f 866/1406/1213 855/1407/1214 856/1408/1215
f 857/1409/1216 867/1410/1217 856/1408/1215
f 856/1408/1215 867/1410/1217 881/1411/1218
f 856/1408/1215 881/1411/1218 866/1406/1213
f 866/1406/1213 881/1411/1218 49/1412/1219
f 866/1406/1213 49/1412/1219 48/1413/1220
f 867/1410/1217 857/1409/1216 882/1414/1221
f 882/1414/1221 857/1409/1216 858/1415/1222
f 882/1414/1221 858/1415/1222 51/1416/1223
f 51/1416/1223 858/1415/1222 859/1417/1224
f 51/1416/1223 50/1418/1225 882/1414/1221
f 882/1414/1221 50/1418/1225 867/1410/1217
f 50/1418/1225 49/1412/1219 867/1410/1217
f 867/1410/1217 49/1412/1219 881/1411/1218
f 866/1406/1213 48/1413/1220 880/1404/1211
f 880/1404/1211 48/1413/1220 47/1419/1226
f 880/1404/1211 47/1419/1226 46/1420/1227
f 45/1421/1228 865/1400/1207 46/1420/1227
f 46/1420/1227 865/1400/1207 879/1402/1209
f 46/1420/1227 879/1402/1209 880/1404/1211
f 44/1422/1229 864/1396/1203 45/1421/1228
f 45/1421/1228 864/1396/1203 878/1398/1205
f 45/1421/1228 878/1398/1205 865/1400/1207
f 864/1396/1203 44/1422/1229 863/1394/1201
f 863/1394/1201 44/1422/1229 43/1423/1230
f 863/1394/1201 43/1423/1230 877/1392/1199
f 877/1392/1199 43/1423/1230 862/1390/1197
f 43/1423/1230 42/1424/1231 862/1390/1197
f 862/1390/1197 42/1424/1231 876/1388/1195
f 876/1388/1195 42/1424/1231 875/1383/1190
f 875/1383/1190 42/1424/1231 41/1381/1188
f 40/1379/1186 39/1425/1232 873/1377/1184
f 873/1377/1184 39/1425/1232 860/1375/1182
f 860/1375/1182 39/1425/1232 871/1373/1180
f 871/1373/1180 39/1425/1232 38/1426/1233
f 871/1373/1180 38/1426/1233 870/1371/1178
f 870/1371/1178 38/1426/1233 37/1427/1234
f 870/1371/1178 37/1427/1234 868/1369/1176
f 868/1369/1176 37/1427/1234 36/1364/1171
f 868/1369/1176 36/1364/1171 869/1366/1173
f 859/1428/1235 883/1429/1236 51/1430/1223
f 51/1430/1223 883/1429/1236 204/1431/1237
f 205/1432/1238 204/1433/1237 893/1434/1239
f 893/1434/1239 204/1433/1237 883/1435/1236
f 893/1434/1239 883/1435/1236 884/1436/1240
f 893/1434/1239 884/1436/1240 892/1437/1241
f 892/1437/1241 884/1436/1240 885/1438/1242
f 892/1437/1241 885/1438/1242 894/1439/1243
f 894/1439/1243 885/1438/1242 886/1440/1244
f 894/1439/1243 886/1440/1244 895/1441/1245
f 895/1441/1245 886/1440/1244 887/1442/1246
f 895/1441/1245 887/1442/1246 896/1443/1247
f 896/1443/1247 887/1442/1246 891/1444/1248
f 896/1443/1247 891/1444/1248 209/1445/1249
f 209/1445/1249 891/1444/1248 210/1446/1250
f 210/1446/1250 891/1444/1248 211/1447/1251
f 211/1447/1251 891/1444/1248 897/1448/1252
f 211/1447/1251 897/1448/1252 212/1449/1253
f 212/1449/1253 897/1448/1252 898/1450/1254
f 212/1449/1253 898/1450/1254 213/1451/1255
f 213/1451/1255 898/1450/1254 214/1452/1256
f 214/1452/1256 898/1450/1254 899/1453/1257
f 214/1452/1256 899/1453/1257 203/1454/348
f 203/1454/348 899/1453/1257 188/1455/349
f 188/1455/349 899/1453/1257 890/1456/1258
f 890/1456/1258 899/1453/1257 898/1450/1254
f 890/1456/1258 898/1450/1254 889/1457/1259
f 889/1457/1259 898/1450/1254 897/1448/1252
f 889/1457/1259 897/1448/1252 888/1458/1260
f 888/1458/1260 897/1448/1252 891/1444/1248
f 888/1458/1260 891/1444/1248 887/1442/1246
f 209/1445/1249 208/1459/1261 896/1443/1247
f 896/1443/1247 208/1459/1261 895/1441/1245
f 208/1459/1261 207/1460/1262 895/1441/1245
f 895/1441/1245 207/1460/1262 894/1439/1243
f 207/1460/1262 206/1461/1263 894/1439/1243
f 894/1439/1243 206/1461/1263 892/1437/1241
f 206/1461/1263 205/1432/1238 892/1437/1241
f 892/1437/1241 205/1432/1238 893/1434/1239
f 188/1462/316 890/1463/1264 157/1464/315
f 157/1464/315 890/1463/1264 907/1465/1265
f 907/1465/1265 890/1463/1264 889/1466/1266
f 907/1465/1265 889/1466/1266 906/1467/1267
f 906/1467/1267 889/1466/1266 888/1468/1268
f 906/1467/1267 888/1468/1268 905/1469/1269
f 905/1469/1269 888/1468/1268 904/1470/1270
f 904/1470/1270 888/1468/1268 887/1471/1271
f 904/1470/1270 887/1471/1271 903/1472/1272
f 903/1472/1272 887/1471/1271 886/1473/1273
f 903/1472/1272 886/1473/1273 902/1474/1274
f 902/1474/1274 886/1473/1273 901/1475/1275
f 901/1475/1275 886/1473/1273 900/1476/1276
f 900/1476/1276 886/1473/1273 784/1477/1277
f 784/1477/1277 886/1473/1273 885/1478/1278
f 784/1477/1277 885/1478/1278 785/1479/1279
f 785/1479/1279 885/1478/1278 884/1480/1280
f 785/1479/1279 884/1480/1280 786/1481/1281
f 786/1481/1281 884/1480/1280 883/1482/1282
f 902/1483/1283 908/1484/1284 918/1485/1285
f 918/1485/1285 908/1484/1284 909/1486/1286
f 918/1485/1285 909/1486/1286 919/1487/1287
f 919/1487/1287 909/1486/1286 910/1488/1288
f 919/1487/1287 910/1488/1288 920/1489/1289
f 920/1489/1289 910/1488/1288 911/1490/1290
f 920/1489/1289 911/1490/1290 921/1491/1291
f 921/1491/1291 911/1490/1290 912/1492/1292
f 921/1491/1291 912/1492/1292 916/1493/1293
f 916/1493/1293 912/1492/1292 913/1494/1294
f 916/1493/1293 913/1494/1294 917/1495/1295
f 917/1495/1295 913/1494/1294 914/1496/1296
f 917/1495/1295 914/1496/1296 922/1497/1297
f 922/1497/1297 914/1496/1296 915/1498/1298
f 922/1497/1297 915/1498/1298 157/1499/282
f 157/1499/282 915/1498/1298 158/1500/281
f 157/1499/282 907/1501/1299 922/1497/1297
f 922/1497/1297 907/1501/1299 917/1495/1295
f 907/1501/1299 906/1502/1300 917/1495/1295
f 917/1495/1295 906/1502/1300 916/1493/1293
f 916/1493/1293 906/1502/1300 921/1491/1291
f 921/1491/1291 906/1502/1300 905/1503/1301
f 921/1491/1291 905/1503/1301 920/1489/1289
f 920/1489/1289 905/1503/1301 904/1504/1302
f 920/1489/1289 904/1504/1302 919/1487/1287
f 919/1487/1287 904/1504/1302 903/1505/1303
f 919/1487/1287 903/1505/1303 918/1485/1285
f 918/1485/1285 903/1505/1303 902/1483/1283
f 794/1506/1304 923/1507/1305 784/1508/1306
f 784/1508/1306 923/1507/1305 900/1509/1307
f 900/1509/1307 923/1507/1305 926/1510/1308
f 900/1509/1307 926/1510/1308 901/1511/1309
f 901/1511/1309 926/1510/1308 902/1512/1310
f 902/1512/1310 926/1510/1308 925/1513/1311
f 902/1512/1310 925/1513/1311 908/1514/1284
f 923/1507/1305 924/1515/1312 926/1510/1308
f 926/1510/1308 924/1515/1312 925/1513/1311
f 927/1516/1313 928/1517/1314 942/1518/1315
f 942/1518/1315 928/1517/1314 941/1519/1316
f 941/1519/1316 928/1517/1314 817/1520/1317
f 941/1519/1316 817/1520/1317 816/1521/1318
f 928/1517/1314 929/1522/1319 817/1520/1317
f 817/1520/1317 929/1522/1319 818/1523/1320
f 818/1523/1320 929/1522/1319 930/1524/1321
f 818/1523/1320 930/1524/1321 819/1525/1322
f 819/1525/1322 930/1524/1321 931/1526/1323
f 819/1525/1322 931/1526/1323 820/1527/1324
f 820/1527/1324 931/1526/1323 932/1528/1325
f 820/1527/1324 932/1528/1325 821/1529/1326
f 821/1529/1326 932/1528/1325 933/1530/1327
f 821/1529/1326 933/1530/1327 822/1531/1328
f 822/1531/1328 933/1530/1327 823/1532/1329
f 823/1532/1329 933/1530/1327 934/1533/1330
f 823/1532/1329 934/1533/1330 824/1534/1331
f 824/1534/1331 934/1533/1330 935/1535/1332
f 824/1534/1331 935/1535/1332 825/1536/1333
f 825/1536/1333 935/1535/1332 936/1537/1334
f 825/1536/1333 936/1537/1334 937/1538/1335
f 938/1539/1336 791/1540/1337 937/1538/1335
f 937/1538/1335 791/1540/1337 804/1541/1338
f 937/1538/1335 804/1541/1338 803/1542/1339
f 791/1540/1337 938/1539/1336 792/1543/1340
f 792/1543/1340 938/1539/1336 939/1544/1341
f 792/1543/1340 939/1544/1341 793/1545/1342
f 793/1545/1342 939/1544/1341 940/1546/1343
f 803/1542/1339 802/1547/1344 937/1538/1335
f 937/1538/1335 802/1547/1344 825/1536/1333
f 6/1548/1345 943/1549/1346 7/1550/1347
f 7/1550/1347 943/1549/1346 944/1551/1348
f 7/1550/1347 944/1551/1348 969/1552/1349
f 969/1552/1349 944/1551/1348 945/1553/1350
f 969/1552/1349 945/1553/1350 946/1554/1351
f 946/1554/1351 947/1555/1352 969/1552/1349
f 969/1552/1349 947/1555/1352 968/1556/1353
f 968/1556/1353 947/1555/1352 948/1557/1354
f 968/1556/1353 948/1557/1354 949/1558/1355
f 968/1556/1353 949/1558/1355 967/1559/1356
f 967/1559/1356 949/1558/1355 950/1560/1357
f 967/1559/1356 950/1560/1357 951/1561/1358
f 951/1561/1358 952/1562/1359 967/1559/1356
f 967/1559/1356 952/1562/1359 966/1563/1360
f 966/1563/1360 952/1562/1359 953/1564/1361
f 966/1563/1360 953/1564/1361 954/1565/1362
f 954/1565/1362 955/1566/1363 966/1563/1360
f 966/1563/1360 955/1566/1363 965/1567/1364
f 965/1567/1364 955/1566/1363 97/1568/1365
f 965/1567/1364 97/1568/1365 96/1569/1366
f 955/1566/1363 956/1570/1367 97/1568/1365
f 97/1568/1365 956/1570/1367 957/1571/1368
f 97/1568/1365 957/1571/1368 61/1572/1369
f 965/1567/1364 96/1569/1366 964/1573/1370
f 964/1573/1370 96/1569/1366 95/1574/1371
f 964/1573/1370 95/1574/1371 963/1575/1372
f 963/1575/1372 95/1574/1371 94/1576/1373
f 963/1575/1372 94/1576/1373 962/1577/1374
f 962/1577/1374 94/1576/1373 93/1578/1375
f 962/1577/1374 93/1578/1375 961/1579/1376
f 961/1579/1376 93/1578/1375 92/1580/1377
f 961/1579/1376 92/1580/1377 960/1581/1378
f 960/1581/1378 92/1580/1377 91/1582/1379
f 960/1581/1378 91/1582/1379 959/1583/1380
f 959/1583/1380 91/1582/1379 90/1584/1381
f 959/1583/1380 90/1584/1381 958/1585/1382
f 958/1585/1382 90/1584/1381 89/1586/1383
f 969/1552/1349 970/1587/1384 7/1550/1347
f 7/1550/1347 970/1587/1384 9/1588/1385
f 9/1588/1385 970/1587/1384 10/1589/1386
f 10/1589/1386 970/1587/1384 971/1590/1387
f 10/1589/1386 971/1590/1387 11/1591/1388
f 11/1591/1388 971/1590/1387 972/1592/1389
f 11/1591/1388 972/1592/1389 12/1593/1390
f 12/1593/1390 972/1592/1389 973/1594/1391
f 12/1593/1390 973/1594/1391 13/1595/1392
f 13/1595/1392 973/1594/1391 974/1596/1393
f 13/1595/1392 974/1596/1393 14/1597/1394
f 14/1597/1394 974/1596/1393 975/1598/1395
f 14/1597/1394 975/1598/1395 1/1599/1396
f 1/1599/1396 975/1598/1395 976/1600/1397
f 993/1601/1398 977/1602/1399 994/1603/1400
f 994/1603/1400 977/1602/1399 978/1604/1401
f 994/1603/1400 978/1604/1401 1005/1605/1402
f 1005/1605/1402 978/1604/1401 979/1606/1403
f 1005/1605/1402 979/1606/1403 1004/1607/1404
f 1004/1607/1404 979/1606/1403 980/1608/1405
f 1004/1607/1404 980/1608/1405 981/1609/1406
f 1004/1607/1404 981/1609/1406 1003/1610/1407
f 1003/1610/1407 981/1609/1406 982/1611/1408
f 1003/1610/1407 982/1611/1408 1002/1612/1409
f 1002/1612/1409 982/1611/1408 983/1613/1410
f 1002/1612/1409 983/1613/1410 1001/1614/1411
f 1001/1614/1411 983/1613/1410 984/1615/1412
f 1001/1614/1411 984/1615/1412 985/1616/1413
f 1001/1614/1411 985/1616/1413 1000/1617/1414
f 1000/1617/1414 985/1616/1413 986/1618/1415
f 1000/1617/1414 986/1618/1415 999/1619/1416
f 999/1619/1416 986/1618/1415 987/1620/1417
f 999/1619/1416 987/1620/1417 988/1621/1418
f 999/1619/1416 988/1621/1418 998/1622/1419
f 998/1622/1419 988/1621/1418 989/1623/1420
f 998/1622/1419 989/1623/1420 997/1624/1421
f 997/1624/1421 989/1623/1420 990/1625/1422
f 997/1624/1421 990/1625/1422 996/1626/1423
f 996/1626/1423 990/1625/1422 991/1627/1424
f 996/1626/1423 991/1627/1424 992/1628/1425
f 996/1626/1423 992/1628/1425 995/1629/1426
f 995/1629/1426 992/1628/1425 993/1601/1398
f 995/1629/1426 993/1601/1398 994/1603/1400
f 1007/1630/1427 978/1631/1428 1006/1632/1429
f 1006/1632/1429 978/1631/1428 977/1633/1430
f 1006/1634/1429 977/1635/1430 1022/1636/1431
f 1022/1636/1431 977/1635/1430 993/1637/1432
f 1022/1636/1431 993/1637/1432 992/1638/1433
f 1007/1630/1427 1008/1639/1434 978/1631/1428
f 978/1631/1428 1008/1639/1434 979/1640/1435
f 979/1640/1435 1008/1639/1434 1009/1641/1436
f 979/1640/1435 1009/1641/1436 980/1642/1437
f 980/1642/1437 1009/1641/1436 1010/1643/1438
f 980/1642/1437 1010/1643/1438 981/1644/1439
f 981/1644/1439 1010/1643/1438 1011/1645/1440
f 981/1644/1439 1011/1645/1440 982/1646/1441
f 982/1646/1441 1011/1645/1440 1012/1647/1442
f 982/1646/1441 1012/1647/1442 983/1648/1443
f 983/1648/1443 1012/1647/1442 1013/1649/1444
f 983/1648/1443 1013/1649/1444 984/1650/1445
f 984/1650/1445 1013/1649/1444 1014/1651/1446
f 984/1650/1445 1014/1651/1446 985/1652/1447
f 985/1652/1447 1014/1651/1446 1015/1653/1448
f 985/1652/1447 1015/1653/1448 986/1654/1449
f 986/1654/1449 1015/1653/1448 1016/1655/1450
f 986/1654/1449 1016/1655/1450 987/1656/1451
f 987/1656/1451 1016/1655/1450 1017/1657/1452
f 987/1656/1451 1017/1657/1452 988/1658/1453
f 988/1658/1453 1017/1657/1452 1018/1659/1454
f 988/1658/1453 1018/1659/1454 989/1660/1455
f 989/1660/1455 1018/1659/1454 1019/1661/1456
f 989/1660/1455 1019/1661/1456 990/1662/1457
f 990/1662/1457 1019/1661/1456 1020/1663/1458
f 990/1662/1457 1020/1663/1458 991/1664/1459
f 991/1664/1459 1020/1663/1458 1021/1665/1460
f 991/1664/1459 1021/1665/1460 992/1638/1433
f 992/1638/1433 1021/1665/1460 1022/1636/1431
f 1039/1666/1461 1023/1667/1462 1040/1668/1463
f 1040/1668/1463 1023/1667/1462 1024/1669/1464
f 1040/1668/1463 1024/1669/1464 1051/1670/1465
f 1051/1670/1465 1024/1669/1464 1025/1671/1466
f 1051/1670/1465 1025/1671/1466 1050/1672/1467
f 1050/1672/1467 1025/1671/1466 1026/1673/1468
f 1050/1672/1467 1026/1673/1468 1027/1674/1469
f 1050/1672/1467 1027/1674/1469 1049/1675/1470
f 1049/1675/1470 1027/1674/1469 1028/1676/1471
f 1049/1675/1470 1028/1676/1471 1048/1677/1472
f 1048/1677/1472 1028/1676/1471 1029/1678/1473
f 1048/1677/1472 1029/1678/1473 1047/1679/1474
f 1047/1679/1474 1029/1678/1473 1030/1680/1475
f 1047/1679/1474 1030/1680/1475 1031/1681/1476
f 1047/1679/1474 1031/1681/1476 1046/1682/1477
f 1046/1682/1477 1031/1681/1476 1032/1683/1478
f 1046/1682/1477 1032/1683/1478 1045/1684/1479
f 1045/1684/1479 1032/1683/1478 1033/1685/1480
f 1045/1684/1479 1033/1685/1480 1034/1686/1481
f 1045/1684/1479 1034/1686/1481 1044/1687/1482
f 1044/1687/1482 1034/1686/1481 1035/1688/1483
f 1044/1687/1482 1035/1688/1483 1043/1689/1484
f 1043/1689/1484 1035/1688/1483 1036/1690/1485
f 1043/1689/1484 1036/1690/1485 1042/1691/1486
f 1042/1691/1486 1036/1690/1485 1037/1692/1487
f 1042/1691/1486 1037/1692/1487 1038/1693/1488
f 1042/1691/1486 1038/1693/1488 1041/1694/1489
f 1041/1694/1489 1038/1693/1488 1039/1666/1461
f 1041/1694/1489 1039/1666/1461 1040/1668/1463
f 1053/1695/1490 1024/1696/1491 1052/1697/1492
f 1052/1697/1492 1024/1696/1491 1023/1698/1493
f 1052/1699/1492 1023/1700/1493 1068/1701/1494
f 1068/1701/1494 1023/1700/1493 1039/1702/1495
f 1068/1701/1494 1039/1702/1495 1038/1703/1496
f 1053/1695/1490 1054/1704/1497 1024/1696/1491
f 1024/1696/1491 1054/1704/1497 1025/1705/1498
f 1025/1705/1498 1054/1704/1497 1055/1706/1499
f 1025/1705/1498 1055/1706/1499 1026/1707/1500
f 1026/1707/1500 1055/1706/1499 1056/1708/1501
f 1026/1707/1500 1056/1708/1501 1027/1709/1502
f 1027/1709/1502 1056/1708/1501 1057/1710/1503
f 1027/1709/1502 1057/1710/1503 1028/1711/1504
f 1028/1711/1504 1057/1710/1503 1058/1712/1505
f 1028/1711/1504 1058/1712/1505 1029/1713/1506
f 1029/1713/1506 1058/1712/1505 1059/1714/1507
f 1029/1713/1506 1059/1714/1507 1030/1715/1508
f 1030/1715/1508 1059/1714/1507 1060/1716/1509
f 1030/1715/1508 1060/1716/1509 1031/1717/1510
f 1031/1717/1510 1060/1716/1509 1061/1718/1511
f 1031/1717/1510 1061/1718/1511 1032/1719/1512
f 1032/1719/1512 1061/1718/1511 1062/1720/1513
f 1032/1719/1512 1062/1720/1513 1033/1721/1514
f 1033/1721/1514 1062/1720/1513 1063/1722/1515
f 1033/1721/1514 1063/1722/1515 1034/1723/1516
f 1034/1723/1516 1063/1722/1515 1064/1724/1517
f 1034/1723/1516 1064/1724/1517 1035/1725/1518
f 1035/1725/1518 1064/1724/1517 1065/1726/1519
f 1035/1725/1518 1065/1726/1519 1036/1727/1520
f 1036/1727/1520 1065/1726/1519 1066/1728/1521
f 1036/1727/1520 1066/1728/1521 1037/1729/1522
f 1037/1729/1522 1066/1728/1521 1067/1730/1523
f 1037/1729/1522 1067/1730/1523 1038/1703/1496
f 1038/1703/1496 1067/1730/1523 1068/1701/1494
f 1070/1731/1524 360/1732/1525 1069/1733/1526
f 1069/1733/1526 360/1732/1525 359/1734/1527
f 1069/1735/1526 359/1736/1527 1080/1737/1528
f 1080/1737/1528 359/1736/1527 370/1738/1529
f 1080/1737/1528 370/1738/1529 1079/1739/1530
f 1079/1739/1530 370/1738/1529 369/1740/1531
f 1079/1739/1530 369/1740/1531 1078/1741/1532
f 1078/1741/1532 369/1740/1531 368/1742/1533
f 1078/1741/1532 368/1742/1533 1077/1743/1534
f 1077/1743/1534 368/1742/1533 367/1744/1535
f 1077/1743/1534 367/1744/1535 1076/1745/1536
f 1076/1745/1536 367/1744/1535 366/1746/1537
f 1076/1745/1536 366/1746/1537 1075/1747/1538
f 1075/1747/1538 366/1746/1537 365/1748/1539
f 1075/1747/1538 365/1748/1539 1074/1749/1540
f 1074/1749/1540 365/1748/1539 364/1750/1541
f 1074/1749/1540 364/1750/1541 1073/1751/1542
f 1073/1751/1542 364/1750/1541 363/1752/1543
f 1073/1751/1542 363/1752/1543 1072/1753/1544
f 1072/1753/1544 363/1752/1543 362/1754/1545
f 1072/1753/1544 362/1754/1545 1071/1755/1546
f 1071/1755/1546 362/1754/1545 361/1756/1547
f 1071/1755/1546 361/1756/1547 1070/1731/1524
f 1070/1731/1524 361/1756/1547 360/1732/1525
f 1082/1757/1548 1076/1758/1549 1081/1759/1550
f 1081/1759/1550 1076/1758/1549 1075/1760/1551
f 1081/1759/1550 1075/1760/1551 1092/1761/1552
f 1092/1761/1552 1075/1760/1551 1074/1762/1553
f 1092/1761/1552 1074/1762/1553 1091/1763/1554
f 1091/1763/1554 1074/1762/1553 1073/1764/1555
f 1091/1763/1554 1073/1764/1555 1090/1765/1556
f 1090/1765/1556 1073/1764/1555 1072/1766/1557
f 1090/1765/1556 1072/1766/1557 1089/1767/1558
f 1089/1767/1558 1072/1766/1557 1071/1768/1559
f 1089/1767/1558 1071/1768/1559 1088/1769/1560
f 1088/1769/1560 1071/1768/1559 1070/1770/1561
f 1088/1769/1560 1070/1770/1561 1087/1771/1562
f 1087/1771/1562 1070/1770/1561 1069/1772/1563
f 1087/1773/1562 1069/1774/1563 1086/1775/1564
f 1086/1775/1564 1069/1774/1563 1080/1776/1565
f 1086/1775/1564 1080/1776/1565 1085/1777/1566
f 1085/1777/1566 1080/1776/1565 1079/1778/1567
f 1085/1777/1566 1079/1778/1567 1084/1779/1568
f 1084/1779/1568 1079/1778/1567 1078/1780/1569
f 1084/1779/1568 1078/1780/1569 1083/1781/1570
f 1083/1781/1570 1078/1780/1569 1077/1782/1571
f 1083/1781/1570 1077/1782/1571 1082/1757/1548
f 1082/1757/1548 1077/1782/1571 1076/1758/1549
f 1094/1783/1572 348/1784/1573 1093/1785/1574
f 1093/1785/1574 348/1784/1573 347/1786/1575
f 1093/1787/1574 347/1788/1575 1104/1789/1576
f 1104/1789/1576 347/1788/1575 358/1790/1577
f 1104/1789/1576 358/1790/1577 1103/1791/1578
f 1103/1791/1578 358/1790/1577 357/1792/1579
f 1103/1791/1578 357/1792/1579 1102/1793/1580
f 1102/1793/1580 357/1792/1579 356/1794/1581
f 1102/1793/1580 356/1794/1581 1101/1795/1582
f 1101/1795/1582 356/1794/1581 355/1796/1583
f 1101/1795/1582 355/1796/1583 1100/1797/1584
f 1100/1797/1584 355/1796/1583 354/1798/1585
f 1100/1797/1584 354/1798/1585 1099/1799/1586
f 1099/1799/1586 354/1798/1585 353/1800/1587
f 1099/1799/1586 353/1800/1587 1098/1801/1588
f 1098/1801/1588 353/1800/1587 352/1802/1589
f 1098/1801/1588 352/1802/1589 1097/1803/1590
f 1097/1803/1590 352/1802/1589 351/1804/1591
f 1097/1803/1590 351/1804/1591 1096/1805/1592
f 1096/1805/1592 351/1804/1591 350/1806/1593
f 1096/1805/1592 350/1806/1593 1095/1807/1594
f 1095/1807/1594 350/1806/1593 349/1808/1595
f 1095/1807/1594 349/1808/1595 1094/1783/1572
f 1094/1783/1572 349/1808/1595 348/1784/1573
f 1106/1809/1596 1100/1810/1597 1105/1811/1598
f 1105/1811/1598 1100/1810/1597 1099/1812/1599
f 1105/1811/1598 1099/1812/1599 1116/1813/1600
f 1116/1813/1600 1099/1812/1599 1098/1814/1601
f 1116/1813/1600 1098/1814/1601 1115/1815/1602
f 1115/1815/1602 1098/1814/1601 1097/1816/1603
f 1115/1815/1602 1097/1816/1603 1114/1817/1604
f 1114/1817/1604 1097/1816/1603 1096/1818/1605
f 1114/1817/1604 1096/1818/1605 1113/1819/1606
f 1113/1819/1606 1096/1818/1605 1095/1820/1607
f 1113/1819/1606 1095/1820/1607 1112/1821/1608
f 1112/1821/1608 1095/1820/1607 1094/1822/1609
f 1112/1821/1608 1094/1822/1609 1111/1823/1610
f 1111/1823/1610 1094/1822/1609 1093/1824/1611
f 1111/1825/1610 1093/1826/1611 1110/1827/1612
f 1110/1827/1612 1093/1826/1611 1104/1828/1613
f 1110/1827/1612 1104/1828/1613 1109/1829/1614
f 1109/1829/1614 1104/1828/1613 1103/1830/1615
f 1109/1829/1614 1103/1830/1615 1108/1831/1616
f 1108/1831/1616 1103/1830/1615 1102/1832/1617
f 1108/1831/1616 1102/1832/1617 1107/1833/1618
f 1107/1833/1618 1102/1832/1617 1101/1834/1619
f 1107/1833/1618 1101/1834/1619 1106/1809/1596
f 1106/1809/1596 1101/1834/1619 1100/1810/1597
f 1051/1835/1620 1106/1836/1621 1040/1837/1622
f 1040/1837/1622 1106/1836/1621 1105/1838/1623
f 1040/1839/1622 1105/1840/1623 1041/1841/1624
f 1041/1841/1624 1105/1840/1623 1116/1842/1625
f 1041/1841/1624 1116/1842/1625 1042/1843/1626
f 1042/1843/1626 1116/1842/1625 1115/1844/1627
f 1042/1843/1626 1115/1844/1627 1043/1845/1628
f 1043/1845/1628 1115/1844/1627 1114/1846/1629
f 1043/1845/1628 1114/1846/1629 1044/1847/1630
f 1044/1847/1630 1114/1846/1629 1113/1848/1631
f 1044/1847/1630 1113/1848/1631 1045/1849/1632
f 1045/1849/1632 1113/1848/1631 1112/1850/1633
f 1045/1849/1632 1112/1850/1633 1046/1851/1634
f 1046/1851/1634 1112/1850/1633 1111/1852/1635
f 1046/1851/1634 1111/1852/1635 1047/1853/1636
f 1047/1853/1636 1111/1852/1635 1110/1854/1637
f 1047/1853/1636 1110/1854/1637 1048/1855/1638
f 1048/1855/1638 1110/1854/1637 1109/1856/1639
f 1048/1855/1638 1109/1856/1639 1049/1857/1640
f 1049/1857/1640 1109/1856/1639 1108/1858/1641
f 1049/1857/1640 1108/1858/1641 1050/1859/1642
f 1050/1859/1642 1108/1858/1641 1107/1860/1643
f 1050/1859/1642 1107/1860/1643 1051/1835/1620
f 1051/1835/1620 1107/1860/1643 1106/1836/1621
f 1005/1861/1644 1082/1862/1645 994/1863/1646
f 994/1863/1646 1082/1862/1645 1081/1864/1647
f 994/1865/1646 1081/1866/1647 995/1867/1648
f 995/1867/1648 1081/1866/1647 1092/1868/1649
f 995/1867/1648 1092/1868/1649 996/1869/1650
f 996/1869/1650 1092/1868/1649 1091/1870/1651
f 996/1869/1650 1091/1870/1651 997/1871/1652
f 997/1871/1652 1091/1870/1651 1090/1872/1653
f 997/1871/1652 1090/1872/1653 998/1873/1654
f 998/1873/1654 1090/1872/1653 1089/1874/1655
f 998/1873/1654 1089/1874/1655 999/1875/1656
f 999/1875/1656 1089/1874/1655 1088/1876/1657
f 999/1875/1656 1088/1876/1657 1000/1877/1658
f 1000/1877/1658 1088/1876/1657 1087/1878/1659
f 1000/1877/1658 1087/1878/1659 1001/1879/1660
f 1001/1879/1660 1087/1878/1659 1086/1880/1661
f 1001/1879/1660 1086/1880/1661 1002/1881/1662
f 1002/1881/1662 1086/1880/1661 1085/1882/1663
f 1002/1881/1662 1085/1882/1663 1003/1883/1664
f 1003/1883/1664 1085/1882/1663 1084/1884/1665
f 1003/1883/1664 1084/1884/1665 1004/1885/1666
f 1004/1885/1666 1084/1884/1665 1083/1886/1667
f 1004/1885/1666 1083/1886/1667 1005/1861/1644
f 1005/1861/1644 1083/1886/1667 1082/1862/1645
f 1133/1887/1668 1117/1888/1669 1134/1889/1670
f 1134/1889/1670 1117/1888/1669 1118/1890/1671
f 1134/1889/1670 1118/1890/1671 1145/1891/1672
f 1145/1891/1672 1118/1890/1671 1119/1892/1673
f 1145/1891/1672 1119/1892/1673 1144/1893/1674
f 1144/1893/1674 1119/1892/1673 1120/1894/1675
f 1144/1893/1674 1120/1894/1675 1121/1895/1676
f 1144/1893/1674 1121/1895/1676 1143/1896/1677
f 1143/1896/1677 1121/1895/1676 1122/1897/1678
f 1143/1896/1677 1122/1897/1678 1142/1898/1679
f 1142/1898/1679 1122/1897/1678 1123/1899/1680
f 1142/1898/1679 1123/1899/1680 1141/1900/1681
f 1141/1900/1681 1123/1899/1680 1124/1901/1682
f 1141/1900/1681 1124/1901/1682 1125/1902/1683
f 1141/1900/1681 1125/1902/1683 1140/1903/1684
f 1140/1903/1684 1125/1902/1683 1126/1904/1685
f 1140/1903/1684 1126/1904/1685 1139/1905/1686
f 1139/1905/1686 1126/1904/1685 1127/1906/1687
f 1139/1905/1686 1127/1906/1687 1128/1907/1688
f 1139/1905/1686 1128/1907/1688 1138/1908/1689
f 1138/1908/1689 1128/1907/1688 1129/1909/1690
f 1138/1908/1689 1129/1909/1690 1137/1910/1691
f 1137/1910/1691 1129/1909/1690 1130/1911/1692
f 1137/1910/1691 1130/1911/1692 1136/1912/1693
f 1136/1912/1693 1130/1911/1692 1131/1913/1694
f 1136/1912/1693 1131/1913/1694 1132/1914/1695
f 1136/1912/1693 1132/1914/1695 1135/1915/1696
f 1135/1915/1696 1132/1914/1695 1133/1887/1668
f 1135/1915/1696 1133/1887/1668 1134/1889/1670
f 1147/1916/1697 1118/1917/1698 1146/1918/1699
f 1146/1918/1699 1118/1917/1698 1117/1919/1700
f 1146/1920/1699 1117/1921/1700 1162/1922/1701
f 1162/1922/1701 1117/1921/1700 1133/1923/1702
f 1162/1922/1701 1133/1923/1702 1132/1924/1703
f 1147/1916/1697 1148/1925/1704 1118/1917/1698
f 1118/1917/1698 1148/1925/1704 1119/1926/1705
f 1119/1926/1705 1148/1925/1704 1149/1927/1706
f 1119/1926/1705 1149/1927/1706 1120/1928/1707
f 1120/1928/1707 1149/1927/1706 1150/1929/1708
f 1120/1928/1707 1150/1929/1708 1121/1930/1709
f 1121/1930/1709 1150/1929/1708 1151/1931/1710
f 1121/1930/1709 1151/1931/1710 1122/1932/1711
f 1122/1932/1711 1151/1931/1710 1152/1933/1712
f 1122/1932/1711 1152/1933/1712 1123/1934/1713
f 1123/1934/1713 1152/1933/1712 1153/1935/1714
f 1123/1934/1713 1153/1935/1714 1124/1936/1715
f 1124/1936/1715 1153/1935/1714 1154/1937/1716
f 1124/1936/1715 1154/1937/1716 1125/1938/1717
f 1125/1938/1717 1154/1937/1716 1155/1939/1718
f 1125/1938/1717 1155/1939/1718 1126/1940/1719
f 1126/1940/1719 1155/1939/1718 1156/1941/1720
f 1126/1940/1719 1156/1941/1720 1127/1942/1721
f 1127/1942/1721 1156/1941/1720 1157/1943/1722
f 1127/1942/1721 1157/1943/1722 1128/1944/1723
f 1128/1944/1723 1157/1943/1722 1158/1945/1724
f 1128/1944/1723 1158/1945/1724 1129/1946/1725
f 1129/1946/1725 1158/1945/1724 1159/1947/1726
f 1129/1946/1725 1159/1947/1726 1130/1948/1727
f 1130/1948/1727 1159/1947/1726 1160/1949/1728
f 1130/1948/1727 1160/1949/1728 1131/1950/1729
f 1131/1950/1729 1160/1949/1728 1161/1951/1730
f 1131/1950/1729 1161/1951/1730 1132/1924/1703
f 1132/1924/1703 1161/1951/1730 1162/1922/1701
f 1164/1952/1731 1186/1953/1732 1163/1954/1733
f 1163/1954/1733 1186/1953/1732 1175/1955/1734
f 1163/1956/1733 1175/1957/1734 1174/1958/1735
f 1174/1958/1735 1175/1957/1734 1176/1959/1736
f 1174/1958/1735 1176/1959/1736 1173/1960/1737
f 1173/1960/1737 1176/1959/1736 1177/1961/1738
f 1173/1960/1737 1177/1961/1738 1172/1962/1739
f 1172/1962/1739 1177/1961/1738 1178/1963/1740
f 1172/1962/1739 1178/1963/1740 1171/1964/1741
f 1171/1964/1741 1178/1963/1740 1179/1965/1742
f 1171/1964/1741 1179/1965/1742 1170/1966/1743
f 1170/1966/1743 1179/1965/1742 1180/1967/1744
f 1170/1966/1743 1180/1967/1744 1169/1968/1745
f 1169/1968/1745 1180/1967/1744 1181/1969/1746
f 1169/1968/1745 1181/1969/1746 1168/1970/1747
f 1168/1970/1747 1181/1969/1746 1182/1971/1748
f 1168/1970/1747 1182/1971/1748 1167/1972/1749
f 1167/1972/1749 1182/1971/1748 1183/1973/1750
f 1167/1972/1749 1183/1973/1750 1166/1974/1751
f 1166/1974/1751 1183/1973/1750 1184/1975/1752
f 1166/1974/1751 1184/1975/1752 1165/1976/1753
f 1165/1976/1753 1184/1975/1752 1185/1977/1754
f 1165/1976/1753 1185/1977/1754 1164/1952/1731
f 1164/1952/1731 1185/1977/1754 1186/1953/1732
f 1188/1978/1755 1167/1979/1756 1187/1980/1757
f 1187/1980/1757 1167/1979/1756 1166/1981/1758
f 1187/1980/1757 1166/1981/1758 1198/1982/1759
f 1198/1982/1759 1166/1981/1758 1165/1983/1760
f 1198/1982/1759 1165/1983/1760 1197/1984/1761
f 1197/1984/1761 1165/1983/1760 1164/1985/1762
f 1197/1984/1761 1164/1985/1762 1196/1986/1763
f 1196/1986/1763 1164/1985/1762 1163/1987/1764
f 1196/1988/1763 1163/1989/1764 1195/1990/1765
f 1195/1990/1765 1163/1989/1764 1174/1991/1766
f 1195/1990/1765 1174/1991/1766 1194/1992/1767
f 1194/1992/1767 1174/1991/1766 1173/1993/1768
f 1194/1992/1767 1173/1993/1768 1193/1994/1769
f 1193/1994/1769 1173/1993/1768 1172/1995/1770
f 1193/1994/1769 1172/1995/1770 1192/1996/1771
f 1192/1996/1771 1172/1995/1770 1171/1997/1772
f 1192/1996/1771 1171/1997/1772 1191/1998/1773
f 1191/1998/1773 1171/1997/1772 1170/1999/1774
f 1191/1998/1773 1170/1999/1774 1190/2000/1775
f 1190/2000/1775 1170/1999/1774 1169/2001/1776
f 1190/2000/1775 1169/2001/1776 1189/2002/1777
f 1189/2002/1777 1169/2001/1776 1168/2003/1778
f 1189/2002/1777 1168/2003/1778 1188/1978/1755
f 1188/1978/1755 1168/2003/1778 1167/1979/1756
f 1145/2004/1779 1188/2005/1780 1134/2006/1781
f 1134/2006/1781 1188/2005/1780 1187/2007/1782
f 1134/2008/1781 1187/2009/1782 1135/2010/1783
f 1135/2010/1783 1187/2009/1782 1198/2011/1784
f 1135/2010/1783 1198/2011/1784 1136/2012/1785
f 1136/2012/1785 1198/2011/1784 1197/2013/1786
f 1136/2012/1785 1197/2013/1786 1137/2014/1787
f 1137/2014/1787 1197/2013/1786 1196/2015/1788
f 1137/2014/1787 1196/2015/1788 1138/2016/1789
f 1138/2016/1789 1196/2015/1788 1195/2017/1790
f 1138/2016/1789 1195/2017/1790 1139/2018/1791
f 1139/2018/1791 1195/2017/1790 1194/2019/1792
f 1139/2018/1791 1194/2019/1792 1140/2020/1793
f 1140/2020/1793 1194/2019/1792 1193/2021/1794
f 1140/2020/1793 1193/2021/1794 1141/2022/1795
f 1141/2022/1795 1193/2021/1794 1192/2023/1796
f 1141/2022/1795 1192/2023/1796 1142/2024/1797
f 1142/2024/1797 1192/2023/1796 1191/2025/1798
f 1142/2024/1797 1191/2025/1798 1143/2026/1799
f 1143/2026/1799 1191/2025/1798 1190/2027/1800
f 1143/2026/1799 1190/2027/1800 1144/2028/1801
f 1144/2028/1801 1190/2027/1800 1189/2029/1802
f 1144/2028/1801 1189/2029/1802 1145/2004/1779
f 1145/2004/1779 1189/2029/1802 1188/2005/1780
f 1217/2030/1803 1199/2031/1804 1216/2032/1805
f 1216/2032/1805 1199/2031/1804 1200/2033/1806
f 1216/2032/1805 1200/2033/1806 1201/2034/1807
f 1216/2032/1805 1201/2034/1807 1218/2035/1808
f 1218/2035/1808 1201/2034/1807 1202/2036/1809
f 1218/2035/1808 1202/2036/1809 1203/2037/1810
f 1203/2037/1810 1204/2038/1811 1218/2035/1808
f 1218/2035/1808 1204/2038/1811 1205/2039/1812
f 1218/2035/1808 1205/2039/1812 1206/2040/1813
f 1206/2040/1813 1207/2041/1814 1218/2035/1808
f 1218/2035/1808 1207/2041/1814 1208/2042/1815
f 1218/2035/1808 1208/2042/1815 1209/2043/1816
f 1209/2043/1816 1210/2044/1817 1218/2035/1808
f 1218/2035/1808 1210/2044/1817 1211/2045/1818
f 1218/2035/1808 1211/2045/1818 1212/2046/1819
f 1212/2046/1819 1213/2047/1820 1218/2035/1808
f 1218/2035/1808 1213/2047/1820 1214/2048/1821
f 1218/2035/1808 1214/2048/1821 1215/2049/1822
f 1215/2049/1822 1216/2032/1805 1218/2035/1808
f 1220/2050/1823 1233/2051/1824 1219/2052/1825
f 1219/2052/1825 1233/2051/1824 1232/2053/1826
f 1219/2054/1825 1232/2055/1826 1231/2056/1827
f 1231/2056/1827 1232/2055/1826 1244/2057/1828
f 1231/2056/1827 1244/2057/1828 1230/2058/1829
f 1230/2058/1829 1244/2057/1828 1243/2059/1830
f 1230/2058/1829 1243/2059/1830 1229/2060/1831
f 1229/2060/1831 1243/2059/1830 1242/2061/1832
f 1229/2060/1831 1242/2061/1832 1228/2062/1833
f 1228/2062/1833 1242/2061/1832 1241/2063/1834
f 1228/2062/1833 1241/2063/1834 1227/2064/1835
f 1227/2064/1835 1241/2063/1834 1240/2065/1836
f 1227/2064/1835 1240/2065/1836 1226/2066/1837
f 1226/2066/1837 1240/2065/1836 1239/2067/1838
f 1226/2066/1837 1239/2067/1838 1225/2068/1839
f 1225/2068/1839 1239/2067/1838 1238/2069/1840
f 1225/2068/1839 1238/2069/1840 1224/2070/1841
f 1224/2070/1841 1238/2069/1840 1237/2071/1842
f 1224/2070/1841 1237/2071/1842 1223/2072/1843
f 1223/2072/1843 1237/2071/1842 1236/2073/1844
f 1223/2072/1843 1236/2073/1844 1222/2074/1845
f 1222/2074/1845 1236/2073/1844 1235/2075/1846
f 1222/2074/1845 1235/2075/1846 1221/2076/1847
f 1221/2076/1847 1235/2075/1846 1234/2077/1848
f 1221/2076/1847 1234/2077/1848 1220/2050/1823
f 1220/2050/1823 1234/2077/1848 1233/2051/1824
f 1217/2078/1849 1237/2071/1842 1199/2079/1850
f 1199/2079/1850 1237/2071/1842 1238/2069/1840
f 1199/2079/1850 1238/2069/1840 1200/2080/1851
f 1200/2080/1851 1238/2069/1840 1201/2081/1852
f 1201/2081/1852 1238/2069/1840 1239/2067/1838
f 1201/2081/1852 1239/2067/1838 1202/2082/1853
f 1202/2082/1853 1239/2067/1838 1203/2083/1854
f 1203/2083/1854 1239/2067/1838 1240/2065/1836
f 1203/2083/1854 1240/2065/1836 1204/2084/1855
f 1204/2084/1855 1240/2065/1836 1205/2085/1856
f 1205/2085/1856 1240/2065/1836 1241/2063/1834
f 1205/2085/1856 1241/2063/1834 1206/2086/1857
f 1206/2086/1857 1241/2063/1834 1242/2061/1832
f 1206/2086/1857 1242/2061/1832 1207/2087/1858
f 1207/2087/1858 1242/2061/1832 1243/2059/1830
f 1207/2087/1858 1243/2059/1830 1208/2088/1859
f 1208/2088/1859 1243/2059/1830 1209/2089/1860
f 1209/2089/1860 1243/2059/1830 1244/2057/1828
f 1209/2089/1860 1244/2057/1828 1210/2090/1861
f 1210/2090/1861 1244/2057/1828 1232/2055/1826
f 1210/2090/1861 1232/2055/1826 1211/2091/1862
f 1211/2091/1862 1232/2055/1826 1212/2092/1863
f 1212/2093/1863 1232/2053/1826 1233/2051/1824
f 1212/2093/1863 1233/2051/1824 1213/2094/1864
f 1213/2094/1864 1233/2051/1824 1234/2077/1848
f 1213/2094/1864 1234/2077/1848 1214/2095/1865
f 1214/2095/1865 1234/2077/1848 1215/2096/1866
f 1215/2096/1866 1234/2077/1848 1235/2075/1846
f 1215/2096/1866 1235/2075/1846 1216/2097/1867
f 1216/2097/1867 1235/2075/1846 1236/2073/1844
f 1216/2097/1867 1236/2073/1844 1217/2078/1849
f 1217/2078/1849 1236/2073/1844 1237/2071/1842
f 1246/2098/1868 1247/2099/1869 1245/2100/1870
f 1245/2100/1870 1247/2099/1869 1176/2101/1871
f 1245/2100/1870 1176/2101/1871 1271/2102/1872
f 1271/2102/1872 1176/2101/1871 1175/2103/1873
f 1271/2102/1872 1175/2103/1873 1270/2104/1874
f 1270/2104/1874 1175/2103/1873 1186/2105/1875
f 1270/2104/1874 1186/2105/1875 1269/2106/1876
f 1269/2106/1876 1186/2105/1875 1185/2107/1877
f 1269/2106/1876 1185/2107/1877 1268/2108/1878
f 1268/2108/1878 1185/2107/1877 1184/2109/1879
f 1268/2108/1878 1184/2109/1879 1183/2110/1880
f 1176/2101/1871 1247/2099/1869 1177/2111/1881
f 1177/2111/1881 1247/2099/1869 1248/2112/1882
f 1177/2111/1881 1248/2112/1882 1249/2113/1883
f 1177/2111/1881 1249/2113/1883 1178/2114/1884
f 1178/2114/1884 1249/2113/1883 1250/2115/1885
f 1178/2114/1884 1250/2115/1885 1179/2116/1886
f 1179/2116/1886 1250/2115/1885 1251/2117/1887
f 1179/2116/1886 1251/2117/1887 1252/2118/1888
f 1179/2116/1886 1252/2118/1888 1180/2119/1889
f 1180/2119/1889 1252/2118/1888 1253/2120/1890
f 1180/2119/1889 1253/2120/1890 1254/2121/1891
f 1180/2119/1889 1254/2121/1891 648/2122/891
f 648/2122/891 1254/2121/1891 1255/2123/1892
f 648/2122/891 1255/2123/1892 1256/2124/1893
f 1257/2125/1894 1259/2126/1895 1256/2124/1893
f 1256/2124/1893 1259/2126/1895 1260/2127/1896
f 1256/2124/1893 1260/2127/1896 1261/2128/1897
f 1257/2125/1894 1258/2129/1898 1259/2126/1895
f 1261/2128/1897 648/2122/891 1256/2124/1893
f 625/2130/867 1262/2131/1899 648/2122/891
f 648/2122/891 1262/2131/1899 1263/2132/1900
f 648/2122/891 1263/2132/1900 1181/2133/1901
f 1181/2133/1901 1263/2132/1900 1264/2134/1902
f 1181/2133/1901 1264/2134/1902 1265/2135/1903
f 624/2136/868 637/2137/870 625/2130/867
f 625/2130/867 637/2137/870 646/2138/1904
f 625/2130/867 646/2138/1904 645/2139/1905
f 645/2139/1905 644/2140/882 625/2130/867
f 625/2130/867 644/2140/882 1262/2131/1899
f 1265/2135/1903 1266/2141/1906 1181/2133/1901
f 1181/2133/1901 1266/2141/1906 1182/2142/1907
f 1182/2142/1907 1266/2141/1906 1267/2143/1908
f 1182/2142/1907 1267/2143/1908 1183/2110/1880
f 1183/2110/1880 1267/2143/1908 1268/2108/1878
f 1181/2133/1901 1180/2119/1889 648/2122/891
f 1282/2144/1909 1272/2145/1910 1283/2146/1911
f 1283/2146/1911 1272/2145/1910 1273/2147/1912
f 1283/2146/1911 1273/2147/1912 1245/2148/1870
f 1245/2148/1870 1271/2149/1872 1283/2146/1911
f 1283/2146/1911 1271/2149/1872 1285/2150/1913
f 1283/2146/1911 1285/2150/1913 1282/2144/1909
f 1282/2144/1909 1285/2150/1913 1281/2151/1914
f 1281/2151/1914 1285/2150/1913 1284/2152/1915
f 1281/2151/1914 1284/2152/1915 1280/2153/1916
f 1280/2153/1916 1284/2152/1915 1286/2154/1917
f 1280/2153/1916 1286/2154/1917 1279/2155/1918
f 1279/2155/1918 1286/2154/1917 1287/2156/1919
f 1279/2155/1918 1287/2156/1919 1278/2157/1920
f 1278/2157/1920 1287/2156/1919 1288/2158/1921
f 1278/2157/1920 1288/2158/1921 1277/2159/1922
f 1277/2159/1922 1288/2158/1921 1276/2160/1923
f 1276/2160/1923 1288/2158/1921 1289/2161/1924
f 1276/2160/1923 1289/2161/1924 1275/2162/1925
f 1275/2162/1925 1289/2161/1924 1274/2163/1926
f 1274/2163/1926 1289/2161/1924 1290/2164/1927
f 1274/2163/1926 1290/2164/1927 641/2165/887
f 641/2165/887 1290/2164/1927 642/2166/888
f 642/2166/888 1290/2164/1927 643/2167/881
f 643/2167/881 1290/2164/1927 1262/2168/1899
f 643/2167/881 1262/2168/1899 644/2169/882
f 1271/2149/1872 1270/2170/1874 1285/2150/1913
f 1285/2150/1913 1270/2170/1874 1284/2152/1915
f 1270/2170/1874 1269/2171/1876 1284/2152/1915
f 1284/2152/1915 1269/2171/1876 1286/2154/1917
f 1269/2171/1876 1268/2172/1878 1286/2154/1917
f 1286/2154/1917 1268/2172/1878 1267/2173/1908
f 1286/2154/1917 1267/2173/1908 1287/2156/1919
f 1287/2156/1919 1267/2173/1908 1266/2174/1906
f 1287/2156/1919 1266/2174/1906 1288/2158/1921
f 1288/2158/1921 1266/2174/1906 1265/2175/1903
f 1288/2158/1921 1265/2175/1903 1264/2176/1902
f 1288/2158/1921 1264/2176/1902 1289/2161/1924
f 1289/2161/1924 1264/2176/1902 1263/2177/1900
f 1289/2161/1924 1263/2177/1900 1262/2168/1899
f 1289/2161/1924 1262/2168/1899 1290/2164/1927
f 1246/2178/1928 1291/2179/1929 1247/2180/1869
f 1247/2180/1869 1291/2179/1929 1311/2181/1930
f 1247/2180/1869 1311/2181/1930 1248/2182/1882
f 1248/2182/1882 1311/2181/1930 1312/2183/1931
f 1248/2182/1882 1312/2183/1931 1249/2184/1883
f 1249/2184/1883 1312/2183/1931 1313/2185/1932
f 1249/2184/1883 1313/2185/1932 1310/2186/1933
f 1310/2186/1933 1313/2185/1932 1295/2187/1934
f 1310/2186/1933 1295/2187/1934 1296/2188/1935
f 1292/2189/1936 1293/2190/1937 1291/2179/1929
f 1291/2179/1929 1293/2190/1937 1311/2181/1930
f 1293/2190/1937 1294/2191/1938 1311/2181/1930
f 1311/2181/1930 1294/2191/1938 1312/2183/1931
f 1294/2191/1938 1295/2187/1934 1312/2183/1931
f 1312/2183/1931 1295/2187/1934 1313/2185/1932
f 1310/2186/1933 1296/2188/1935 1314/2192/1939
f 1314/2192/1939 1296/2188/1935 1297/2193/1940
f 1314/2192/1939 1297/2193/1940 1315/2194/1941
f 1315/2194/1941 1297/2193/1940 1298/2195/1942
f 1315/2194/1941 1298/2195/1942 1316/2196/1943
f 1316/2196/1943 1298/2195/1942 1299/2197/1944
f 1316/2196/1943 1299/2197/1944 1309/2198/1945
f 1309/2198/1945 1299/2197/1944 1300/2199/1946
f 1309/2198/1945 1300/2199/1946 1317/2200/1947
f 1317/2200/1947 1300/2199/1946 1318/2201/1948
f 1317/2200/1947 1318/2201/1948 1254/2202/1891
f 1254/2202/1891 1318/2201/1948 1255/2203/1892
f 1255/2203/1892 1318/2201/1948 1319/2204/1949
f 1255/2203/1892 1319/2204/1949 1256/2205/1893
f 1256/2205/1893 1319/2204/1949 1320/2206/1950
f 1256/2205/1893 1320/2206/1950 1257/2207/1894
f 1257/2207/1894 1320/2206/1950 1321/2208/1951
f 1257/2207/1894 1321/2208/1951 1258/2209/1898
f 1258/2209/1898 1321/2208/1951 1322/2210/1952
f 1258/2209/1898 1322/2210/1952 1308/2211/1953
f 1308/2211/1953 1322/2210/1952 1304/2212/1954
f 1308/2211/1953 1304/2212/1954 1305/2213/1955
f 1300/2199/1946 1301/2214/1956 1318/2201/1948
f 1318/2201/1948 1301/2214/1956 1319/2204/1949
f 1301/2214/1956 1302/2215/1957 1319/2204/1949
f 1319/2204/1949 1302/2215/1957 1320/2206/1950
f 1302/2215/1957 1303/2216/1958 1320/2206/1950
f 1320/2206/1950 1303/2216/1958 1321/2208/1951
f 1303/2216/1958 1304/2212/1954 1321/2208/1951
f 1321/2208/1951 1304/2212/1954 1322/2210/1952
f 1308/2211/1953 1305/2213/1955 1323/2217/1959
f 1323/2217/1959 1305/2213/1955 1306/2218/1960
f 1323/2217/1959 1306/2218/1960 1324/2219/1961
f 1324/2219/1961 1306/2218/1960 1307/2220/1962
f 1324/2219/1961 1307/2220/1962 1325/2221/1963
f 1325/2221/1963 1307/2220/1962 650/2222/1964
f 1325/2221/1963 650/2222/1964 649/2223/1965
f 1307/2220/1962 651/2224/1966 650/2222/1964
f 648/2225/891 1261/2226/1897 649/2223/1965
f 649/2223/1965 1261/2226/1897 1325/2221/1963
f 1325/2221/1963 1261/2226/1897 1324/2219/1961
f 1324/2219/1961 1261/2226/1897 1260/2227/1896
f 1324/2219/1961 1260/2227/1896 1323/2217/1959
f 1323/2217/1959 1260/2227/1896 1259/2228/1895
f 1323/2217/1959 1259/2228/1895 1308/2211/1953
f 1308/2211/1953 1259/2228/1895 1258/2209/1898
f 1317/2200/1947 1254/2202/1891 1309/2198/1945
f 1309/2198/1945 1254/2202/1891 1253/2229/1890
f 1309/2198/1945 1253/2229/1890 1316/2196/1943
f 1316/2196/1943 1253/2229/1890 1252/2230/1888
f 1316/2196/1943 1252/2230/1888 1315/2194/1941
f 1315/2194/1941 1252/2230/1888 1251/2231/1887
f 1315/2194/1941 1251/2231/1887 1314/2192/1939
f 1314/2192/1939 1251/2231/1887 1250/2232/1885
f 1314/2192/1939 1250/2232/1885 1310/2186/1933
f 1310/2186/1933 1250/2232/1885 1249/2184/1883
f 1334/2233/1967 1326/2234/1968 1338/2235/1969
f 1338/2235/1969 1326/2234/1968 1272/2236/1970
f 1338/2235/1969 1272/2236/1970 1282/2237/1971
f 1281/2238/1972 1336/2239/1973 1282/2237/1971
f 1282/2237/1971 1336/2239/1973 1339/2240/1974
f 1282/2237/1971 1339/2240/1974 1338/2235/1969
f 1338/2235/1969 1339/2240/1974 1334/2233/1967
f 1336/2239/1973 1281/2238/1972 1337/2241/1975
f 1337/2241/1975 1281/2238/1972 1280/2242/1976
f 1337/2241/1975 1280/2242/1976 1340/2243/1977
f 1340/2243/1977 1280/2242/1976 1279/2244/1978
f 1340/2243/1977 1279/2244/1978 1341/2245/1979
f 1341/2245/1979 1279/2244/1978 1278/2246/1980
f 1341/2245/1979 1278/2246/1980 1342/2247/1981
f 1342/2247/1981 1278/2246/1980 1277/2248/1982
f 1342/2247/1981 1277/2248/1982 1343/2249/1983
f 1343/2249/1983 1277/2248/1982 1276/2250/1984
f 1343/2249/1983 1276/2250/1984 1275/2251/1985
f 1343/2249/1983 1275/2251/1985 1335/2252/1986
f 1335/2252/1986 1275/2251/1985 1274/2253/1987
f 1335/2252/1986 1274/2253/1987 1344/2254/1988
f 1344/2254/1988 1274/2253/1987 641/2255/1989
f 1344/2254/1988 641/2255/1989 711/2256/1097
f 711/2256/1097 1327/2257/1990 1344/2254/1988
f 1344/2254/1988 1327/2257/1990 1335/2252/1986
f 1327/2257/1990 1328/2258/1991 1335/2252/1986
f 1335/2252/1986 1328/2258/1991 1343/2249/1983
f 1343/2249/1983 1328/2258/1991 1342/2247/1981
f 1342/2247/1981 1328/2258/1991 1329/2259/1992
f 1342/2247/1981 1329/2259/1992 1330/2260/1993
f 1342/2247/1981 1330/2260/1993 1341/2245/1979
f 1341/2245/1979 1330/2260/1993 1331/2261/1994
f 1341/2245/1979 1331/2261/1994 1340/2243/1977
f 1340/2243/1977 1331/2261/1994 1332/2262/1995
f 1340/2243/1977 1332/2262/1995 1337/2241/1975
f 1337/2241/1975 1332/2262/1995 1333/2263/1996
f 1337/2241/1975 1333/2263/1996 1336/2239/1973
f 1336/2239/1973 1333/2263/1996 1339/2240/1974
f 1333/2263/1996 1334/2233/1967 1339/2240/1974
f 1293/2264/1997 1292/2265/1998 1367/2266/1999
f 1367/2266/1999 1292/2265/1998 1345/2267/2000
f 1367/2266/1999 1345/2267/2000 1346/2268/2001
f 1367/2266/1999 1346/2268/2001 1366/2269/2002
f 1366/2269/2002 1346/2268/2001 1347/2270/2003
f 1366/2269/2002 1347/2270/2003 1368/2271/2004
f 1368/2271/2004 1347/2270/2003 1361/2272/2005
f 1368/2271/2004 1361/2272/2005 1294/2273/2006
f 1294/2273/2006 1361/2272/2005 1295/2274/2007
f 1295/2274/2007 1361/2272/2005 1369/2275/2008
f 1295/2274/2007 1369/2275/2008 1296/2276/2009
f 1296/2276/2009 1369/2275/2008 1362/2277/2010
f 1296/2276/2009 1362/2277/2010 1297/2278/2011
f 1297/2278/2011 1362/2277/2010 1371/2279/2012
f 1297/2278/2011 1371/2279/2012 1370/2280/2013
f 1370/2280/2013 1371/2279/2012 1350/2281/2014
f 1370/2280/2013 1350/2281/2014 1351/2282/2015
f 1347/2270/2003 1348/2283/2016 1361/2272/2005
f 1361/2272/2005 1348/2283/2016 1369/2275/2008
f 1348/2283/2016 1349/2284/2017 1369/2275/2008
f 1369/2275/2008 1349/2284/2017 1362/2277/2010
f 1349/2284/2017 1350/2281/2014 1362/2277/2010
f 1362/2277/2010 1350/2281/2014 1371/2279/2012
f 1370/2280/2013 1351/2282/2015 1372/2285/2018
f 1372/2285/2018 1351/2282/2015 1352/2286/2019
f 1372/2285/2018 1352/2286/2019 1373/2287/2020
f 1373/2287/2020 1352/2286/2019 1353/2288/2021
f 1373/2287/2020 1353/2288/2021 1364/2289/2022
f 1364/2289/2022 1353/2288/2021 1354/2290/2023
f 1364/2289/2022 1354/2290/2023 1363/2291/2024
f 1363/2291/2024 1354/2290/2023 1374/2292/2025
f 1363/2291/2024 1374/2292/2025 1301/2293/2026
f 1301/2293/2026 1374/2292/2025 1302/2294/2027
f 1302/2294/2027 1374/2292/2025 1375/2295/2028
f 1302/2294/2027 1375/2295/2028 1303/2296/2029
f 1303/2296/2029 1375/2295/2028 1376/2297/2030
f 1303/2296/2029 1376/2297/2030 1304/2298/2031
f 1304/2298/2031 1376/2297/2030 1377/2299/2032
f 1304/2298/2031 1377/2299/2032 1305/2300/2033
f 1305/2300/2033 1377/2299/2032 1378/2301/2034
f 1305/2300/2033 1378/2301/2034 1365/2302/2035
f 1365/2302/2035 1378/2301/2034 1358/2303/2036
f 1365/2302/2035 1358/2303/2036 1359/2304/2037
f 1354/2290/2023 1355/2305/2038 1374/2292/2025
f 1374/2292/2025 1355/2305/2038 1375/2295/2028
f 1355/2305/2038 1356/2306/2039 1375/2295/2028
f 1375/2295/2028 1356/2306/2039 1376/2297/2030
f 1356/2306/2039 1357/2307/2040 1376/2297/2030
f 1376/2297/2030 1357/2307/2040 1377/2299/2032
f 1357/2307/2040 1358/2303/2036 1377/2299/2032
f 1377/2299/2032 1358/2303/2036 1378/2301/2034
f 1365/2302/2035 1359/2304/2037 1379/2308/2041
f 1379/2308/2041 1359/2304/2037 1360/2309/2042
f 1379/2308/2041 1360/2309/2042 1380/2310/2043
f 1380/2310/2043 1360/2309/2042 707/2311/2044
f 1380/2310/2043 707/2311/2044 651/2312/900
f 651/2312/900 1307/2313/2045 1380/2310/2043
f 1380/2310/2043 1307/2313/2045 1379/2308/2041
f 1307/2313/2045 1306/2314/2046 1379/2308/2041
f 1379/2308/2041 1306/2314/2046 1365/2302/2035
f 1306/2314/2046 1305/2300/2033 1365/2302/2035
f 1301/2293/2026 1300/2315/2047 1363/2291/2024
f 1363/2291/2024 1300/2315/2047 1364/2289/2022
f 1364/2289/2022 1300/2315/2047 1373/2287/2020
f 1373/2287/2020 1300/2315/2047 1299/2316/2048
f 1373/2287/2020 1299/2316/2048 1372/2285/2018
f 1372/2285/2018 1299/2316/2048 1298/2317/2049
f 1372/2285/2018 1298/2317/2049 1370/2280/2013
f 1370/2280/2013 1298/2317/2049 1297/2278/2011
f 1368/2271/2004 1294/2273/2006 1366/2269/2002
f 1366/2269/2002 1294/2273/2006 1293/2264/1997
f 1366/2269/2002 1293/2264/1997 1367/2266/1999
f 1381/2318/2050 1382/2319/2051 1390/2320/2052
f 1390/2320/2052 1382/2319/2051 1398/2321/2053
f 1390/2320/2052 1398/2321/2053 1389/2322/2054
f 1389/2322/2054 1398/2321/2053 1392/2323/2055
f 1389/2322/2054 1392/2323/2055 1391/2324/2056
f 1391/2324/2056 1392/2323/2055 1333/2325/2057
f 1391/2324/2056 1333/2325/2057 1332/2326/2058
f 1326/2327/2059 1334/2328/2060 1382/2319/2051
f 1382/2319/2051 1334/2328/2060 1398/2321/2053
f 1334/2328/2060 1333/2325/2057 1398/2321/2053
f 1398/2321/2053 1333/2325/2057 1392/2323/2055
f 1391/2324/2056 1332/2326/2058 1393/2329/2061
f 1393/2329/2061 1332/2326/2058 1331/2330/2062
f 1393/2329/2061 1331/2330/2062 1330/2331/2063
f 1393/2329/2061 1330/2331/2063 1394/2332/2064
f 1394/2332/2064 1330/2331/2063 1329/2333/2065
f 1394/2332/2064 1329/2333/2065 1395/2334/2066
f 1395/2334/2066 1329/2333/2065 1328/2335/2067
f 1395/2334/2066 1328/2335/2067 1396/2336/2068
f 1396/2336/2068 1328/2335/2067 1327/2337/2069
f 1396/2336/2068 1327/2337/2069 1397/2338/2070
f 1397/2338/2070 1327/2337/2069 771/2339/1094
f 1397/2338/2070 771/2339/1094 770/2340/2071
f 1327/2337/2069 711/2341/1097 771/2339/1094
f 770/2340/2071 769/2342/1087 1397/2338/2070
f 1397/2338/2070 769/2342/1087 1383/2343/2072
f 1397/2338/2070 1383/2343/2072 1396/2336/2068
f 1396/2336/2068 1383/2343/2072 1384/2344/2073
f 1396/2336/2068 1384/2344/2073 1395/2334/2066
f 1395/2334/2066 1384/2344/2073 1385/2345/2074
f 1395/2334/2066 1385/2345/2074 1394/2332/2064
f 1394/2332/2064 1385/2345/2074 1386/2346/2075
f 1394/2332/2064 1386/2346/2075 1393/2329/2061
f 1393/2329/2061 1386/2346/2075 1387/2347/2076
f 1393/2329/2061 1387/2347/2076 1388/2348/2077
f 1393/2329/2061 1388/2348/2077 1391/2324/2056
f 1391/2324/2056 1388/2348/2077 1389/2322/2054
f 1346/2349/2078 1345/2350/2079 1404/2351/2080
f 1404/2351/2080 1345/2350/2079 1399/2352/2081
f 1404/2351/2080 1399/2352/2081 320/2353/508
f 320/2353/508 319/2354/2082 1404/2351/2080
f 1404/2351/2080 319/2354/2082 1403/2355/2083
f 1404/2351/2080 1403/2355/2083 1346/2349/2078
f 1346/2349/2078 1403/2355/2083 1347/2356/2084
f 1347/2356/2084 1403/2355/2083 1405/2357/2085
f 1347/2356/2084 1405/2357/2085 1348/2358/2086
f 1348/2358/2086 1405/2357/2085 1400/2359/2087
f 1348/2358/2086 1400/2359/2087 1349/2360/2088
f 1349/2360/2088 1400/2359/2087 1407/2361/2089
f 1349/2360/2088 1407/2361/2089 1406/2362/2090
f 1406/2362/2090 1407/2361/2089 316/2363/2091
f 1406/2362/2090 316/2363/2091 315/2364/2092
f 319/2354/2082 318/2365/2093 1403/2355/2083
f 1403/2355/2083 318/2365/2093 1405/2357/2085
f 318/2365/2093 317/2366/2094 1405/2357/2085
f 1405/2357/2085 317/2366/2094 1400/2359/2087
f 317/2366/2094 316/2363/2091 1400/2359/2087
f 1400/2359/2087 316/2363/2091 1407/2361/2089
f 1406/2362/2090 315/2364/2092 1408/2367/2095
f 1408/2367/2095 315/2364/2092 314/2368/2096
f 1408/2367/2095 314/2368/2096 1409/2369/2097
f 1409/2369/2097 314/2368/2096 313/2370/2098
f 1409/2369/2097 313/2370/2098 1410/2371/2099
f 1410/2371/2099 313/2370/2098 1401/2372/2100
f 1410/2371/2099 1401/2372/2100 1352/2373/2101
f 1352/2373/2101 1401/2372/2100 1353/2374/2102
f 1353/2374/2102 1401/2372/2100 1411/2375/2103
f 1353/2374/2102 1411/2375/2103 1354/2376/2104
f 1354/2376/2104 1411/2375/2103 1412/2377/2105
f 1354/2376/2104 1412/2377/2105 1355/2378/2106
f 1355/2378/2106 1412/2377/2105 1402/2379/2107
f 1355/2378/2106 1402/2379/2107 1356/2380/2108
f 1356/2380/2108 1402/2379/2107 1414/2381/2109
f 1356/2380/2108 1414/2381/2109 1413/2382/2110
f 1413/2382/2110 1414/2381/2109 309/2383/2111
f 1413/2382/2110 309/2383/2111 308/2384/2112
f 313/2370/2098 312/2385/2113 1401/2372/2100
f 1401/2372/2100 312/2385/2113 1411/2375/2103
f 312/2385/2113 311/2386/2114 1411/2375/2103
f 1411/2375/2103 311/2386/2114 1412/2377/2105
f 311/2386/2114 310/2387/2115 1412/2377/2105
f 1412/2377/2105 310/2387/2115 1402/2379/2107
f 310/2387/2115 309/2383/2111 1402/2379/2107
f 1402/2379/2107 309/2383/2111 1414/2381/2109
f 1413/2382/2110 308/2384/2112 1415/2388/2116
f 1415/2388/2116 308/2384/2112 307/2389/2117
f 1415/2388/2116 307/2389/2117 1416/2390/2118
f 1416/2390/2118 307/2389/2117 306/2391/2119
f 1416/2390/2118 306/2391/2119 1417/2392/2120
f 1417/2392/2120 306/2391/2119 305/2393/2121
f 1417/2392/2120 305/2393/2121 753/2394/2122
f 753/2394/2122 305/2393/2121 754/2395/2123
f 754/2395/2123 305/2393/2121 304/2396/541
f 707/2397/2124 1360/2398/2125 753/2394/2122
f 753/2394/2122 1360/2398/2125 1417/2392/2120
f 1360/2398/2125 1359/2399/2126 1417/2392/2120
f 1417/2392/2120 1359/2399/2126 1416/2390/2118
f 1359/2399/2126 1358/2400/2127 1416/2390/2118
f 1416/2390/2118 1358/2400/2127 1415/2388/2116
f 1358/2400/2127 1357/2401/2128 1415/2388/2116
f 1415/2388/2116 1357/2401/2128 1413/2382/2110
f 1357/2401/2128 1356/2380/2108 1413/2382/2110
f 1410/2371/2099 1352/2373/2101 1409/2369/2097
f 1409/2369/2097 1352/2373/2101 1351/2402/2129
f 1409/2369/2097 1351/2402/2129 1408/2367/2095
f 1408/2367/2095 1351/2402/2129 1350/2403/2130
f 1408/2367/2095 1350/2403/2130 1406/2362/2090
f 1406/2362/2090 1350/2403/2130 1349/2360/2088
f 1418/2404/2131 1419/2405/2132 937/2406/2133
f 937/2406/2133 1419/2405/2132 1420/2407/2134
f 937/2406/2133 1420/2407/2134 938/2408/2135
f 938/2408/2135 1420/2407/2134 1421/2409/2136
f 938/2408/2135 1421/2409/2136 939/2410/2137
f 939/2410/2137 1421/2409/2136 940/2411/2138
f 1423/2412/2139 1424/2413/2140 1422/2414/2141
f 1422/2414/2141 1424/2413/2140 1425/2415/2142
f 1427/2416/2143 1423/2417/2144 1426/2418/2145
f 1426/2418/2145 1423/2417/2144 1422/2419/2146
f 1428/2420/2147 1429/2421/2148 1426/2422/2149
f 1426/2422/2149 1429/2421/2148 1427/2423/2150
f 974/2424/2151 973/2425/2152 1444/2426/2153
f 1444/2426/2153 973/2425/2152 972/2427/2154
f 1444/2426/2153 972/2427/2154 1443/2428/2155
f 1443/2428/2155 972/2427/2154 971/2429/2156
f 1443/2428/2155 971/2429/2156 1442/2430/2157
f 1442/2430/2157 971/2429/2156 970/2431/2158
f 1442/2430/2157 970/2431/2158 1441/2432/2159
f 1441/2432/2159 970/2431/2158 969/2433/2160
f 1441/2432/2159 969/2433/2160 1440/2434/2161
f 1440/2434/2161 969/2433/2160 968/2435/2162
f 1440/2434/2161 968/2435/2162 1439/2436/2163
f 1439/2436/2163 968/2435/2162 967/2437/2164
f 1439/2436/2163 967/2437/2164 1438/2438/2165
f 1438/2438/2165 967/2437/2164 966/2439/2166
f 1438/2438/2165 966/2439/2166 1437/2440/2167
f 1437/2440/2167 966/2439/2166 965/2441/2168
f 1437/2440/2167 965/2441/2168 1436/2442/2169
f 1436/2442/2169 965/2441/2168 964/2443/2170
f 1436/2442/2169 964/2443/2170 1435/2444/2171
f 1435/2444/2171 964/2443/2170 963/2445/2172
f 1435/2444/2171 963/2445/2172 1434/2446/2173
f 1434/2446/2173 963/2445/2172 962/2447/2174
f 1434/2446/2173 962/2447/2174 1433/2448/2175
f 1433/2448/2175 962/2447/2174 1432/2449/2176
f 1432/2449/2176 962/2447/2174 961/2450/2177
f 1432/2449/2176 961/2450/2177 1431/2451/2178
f 295/2452/2179 294/2453/2180 1472/2454/2181
f 1472/2454/2181 294/2453/2180 1471/2455/2182
f 1471/2455/2182 294/2453/2180 1470/2456/2183
f 1470/2456/2183 294/2453/2180 293/2457/2184
f 1470/2456/2183 293/2457/2184 1469/2458/2185
f 1469/2458/2185 293/2457/2184 298/2459/2186
f 1469/2458/2185 298/2459/2186 292/2460/2187
f 1469/2458/2185 292/2460/2187 1468/2461/2188
f 1468/2461/2188 292/2460/2187 291/2462/2189
f 1468/2461/2188 291/2462/2189 1467/2463/2190
f 1467/2463/2190 291/2462/2189 299/2464/2191
f 1467/2463/2190 299/2464/2191 1466/2465/2192
f 1466/2465/2192 299/2464/2191 1465/2466/2193
f 1465/2466/2193 299/2464/2191 290/2467/2194
f 1465/2466/2193 290/2467/2194 1464/2468/2195
f 1464/2468/2195 290/2467/2194 289/2469/2196
f 1464/2468/2195 289/2469/2196 1463/2470/2197
f 1463/2470/2197 289/2469/2196 288/2471/2198
f 1463/2470/2197 288/2471/2198 1462/2472/2199
f 1462/2472/2199 288/2471/2198 287/2473/2200
f 1462/2472/2199 287/2473/2200 1461/2474/2201
f 1461/2474/2201 287/2473/2200 286/2475/2202
f 1461/2474/2201 286/2475/2202 1460/2476/2203
f 1460/2476/2203 286/2475/2202 285/2477/2204
f 1460/2476/2203 285/2477/2204 1459/2478/2205
f 1459/2478/2205 285/2477/2204 284/2479/2206
f 1459/2478/2205 284/2479/2206 1458/2480/2207
f 1458/2480/2207 284/2479/2206 283/2481/2208
f 1458/2480/2207 283/2481/2208 1457/2482/2209
f 1457/2482/2209 283/2481/2208 282/2483/2210
f 1457/2482/2209 282/2483/2210 1456/2484/2211
f 1456/2484/2211 282/2483/2210 281/2485/2212
f 1456/2484/2211 281/2485/2212 1455/2486/2213
f 1455/2486/2213 281/2485/2212 280/2487/2214
f 1455/2486/2213 280/2487/2214 1454/2488/2215
f 1454/2488/2215 280/2487/2214 279/2489/2216
f 1454/2488/2215 279/2489/2216 1453/2490/2217
f 1453/2490/2217 279/2489/2216 278/2491/2218
f 1453/2490/2217 278/2491/2218 1452/2492/2219
f 1452/2492/2219 278/2491/2218 277/2493/2220
f 1452/2492/2219 277/2493/2220 1451/2494/2221
f 1451/2494/2221 277/2493/2220 276/2495/2222
f 1451/2494/2221 276/2495/2222 1450/2496/2223
f 1450/2496/2223 276/2495/2222 275/2497/2224
f 1450/2496/2223 275/2497/2224 1449/2498/2225
f 1449/2498/2225 275/2497/2224 274/2499/2226
f 1449/2498/2225 274/2499/2226 1448/2500/2227
f 1448/2500/2227 274/2499/2226 303/2501/2228
f 1448/2500/2227 303/2501/2228 1447/2502/2229
f 1447/2502/2229 303/2501/2228 302/2503/2230
f 1447/2502/2229 302/2503/2230 1446/2504/2231
f 1446/2504/2231 302/2503/2230 301/2505/2232
f 1446/2504/2231 301/2505/2232 1445/2506/2233
f 1445/2506/2233 301/2505/2232 300/2507/2234
f 935/2508/2235 934/2509/2236 1479/2510/2237
f 1479/2510/2237 934/2509/2236 933/2511/2238
f 1479/2510/2237 933/2511/2238 1478/2512/2239
f 1478/2512/2239 933/2511/2238 932/2513/2240
f 1478/2512/2239 932/2513/2240 1477/2514/2241
f 1477/2514/2241 932/2513/2240 931/2515/2242
f 1477/2514/2241 931/2515/2242 1476/2516/2243
f 1476/2516/2243 931/2515/2242 1475/2517/2244
f 1475/2517/2244 931/2515/2242 930/2518/2245
f 1475/2517/2244 930/2518/2245 1474/2519/2246
f 1474/2519/2246 930/2518/2245 929/2520/2247
f 1474/2519/2246 929/2520/2247 1473/2521/2248
f 1473/2521/2248 929/2520/2247 928/2522/2249
f 1473/2521/2248 928/2522/2249 927/2523/2250
f 941/2524/2251 1480/2525/2252 942/2526/2253
f 942/2526/2253 1480/2525/2252 1481/2527/2254
f 1424/2528/2255 1511/2529/2256 1482/2530/2257
f 1482/2530/2257 1511/2529/2256 1512/2531/2258
f 1482/2530/2257 1512/2531/2258 1513/2532/2259
f 1423/2533/2260 1507/2534/2261 1424/2528/2255
f 1424/2528/2255 1507/2534/2261 1508/2535/2262
f 1424/2528/2255 1508/2535/2262 1509/2536/2263
f 1427/2537/2264 1503/2538/2265 1423/2533/2260
f 1423/2533/2260 1503/2538/2265 1504/2539/2266
f 1423/2533/2260 1504/2539/2266 1505/2540/2267
f 1429/2541/2268 1498/2542/2269 1427/2537/2264
f 1427/2537/2264 1498/2542/2269 1499/2543/2270
f 1427/2537/2264 1499/2543/2270 1500/2544/2271
f 1483/2545/2272 1494/2546/2273 1429/2541/2268
f 1429/2541/2268 1494/2546/2273 1495/2547/2274
f 1429/2541/2268 1495/2547/2274 1496/2548/2275
f 1484/2549/2276 1491/2550/2277 1483/2545/2272
f 1483/2545/2272 1491/2550/2277 1492/2551/2278
f 1483/2545/2272 1492/2551/2278 1493/2552/2279
f 1485/2553/2280 1486/2554/2281 1484/2549/2276
f 1484/2549/2276 1486/2554/2281 1487/2555/2282
f 1484/2549/2276 1487/2555/2282 1488/2556/2283
f 1488/2556/2283 1489/2557/2284 1484/2549/2276
f 1484/2549/2276 1489/2557/2284 1490/2558/2285
f 1484/2549/2276 1490/2558/2285 1491/2550/2277
f 1493/2552/2279 1494/2546/2273 1483/2545/2272
f 1496/2548/2275 1497/2559/2286 1429/2541/2268
f 1429/2541/2268 1497/2559/2286 1498/2542/2269
f 1500/2544/2271 1501/2560/2287 1427/2537/2264
f 1427/2537/2264 1501/2560/2287 1502/2561/2288
f 1427/2537/2264 1502/2561/2288 1503/2538/2265
f 1505/2540/2267 1506/2562/2289 1423/2533/2260
f 1423/2533/2260 1506/2562/2289 1507/2534/2261
f 1509/2536/2263 1510/2563/2290 1424/2528/2255
f 1424/2528/2255 1510/2563/2290 1511/2529/2256
f 1513/2532/2259 1514/2564/2291 1482/2530/2257
f 1482/2530/2257 1514/2564/2291 1521/2565/2292
f 1521/2565/2292 1514/2564/2291 1515/2566/2293
f 1521/2565/2292 1515/2566/2293 1516/2567/2294
f 1516/2567/2294 1517/2568/2295 1521/2565/2292
f 1521/2565/2292 1517/2568/2295 1518/2569/2296
f 1521/2565/2292 1518/2569/2296 1519/2570/2297
f 1519/2570/2297 1520/2571/2298 1521/2565/2292
f 1523/2572/2299 1524/2573/2300 1522/2574/2301
f 1522/2574/2301 1524/2573/2300 1525/2575/2302
f 1/2576/23 1526/2577/2303 1535/2578/2304
f 1535/2578/2304 1526/2577/2303 1527/2579/2305
f 1535/2578/2304 1527/2579/2305 1528/2580/2306
f 1535/2578/2304 1528/2580/2306 1534/2581/2307
f 1534/2581/2307 1528/2580/2306 1529/2582/2308
f 1534/2581/2307 1529/2582/2308 1530/2583/2309
f 1534/2581/2307 1530/2583/2309 1533/2584/2310
f 1533/2584/2310 1530/2583/2309 1531/2585/2311
f 1533/2584/2310 1531/2585/2311 1532/2586/2312
f 1536/2587/2313 1537/2588/2314 1533/2589/2315
f 1533/2589/2315 1537/2588/2314 1534/2590/2316
f 1534/2590/2316 1537/2588/2314 1538/2591/2317
f 1534/2590/2316 1538/2591/2317 1535/2592/2318
f 1538/2593/2319 2/2594/2320 1535/2595/2321
f 1535/2595/2321 2/2594/2320 1/2596/2322
f 1539/2597/2323 1540/2598/2324 1536/2599/2325
f 1536/2599/2325 1540/2598/2324 1541/2600/2326
f 1536/2599/2325 1541/2600/2326 1537/2601/2327
f 1537/2601/2327 1541/2600/2326 1542/2602/2328
f 1537/2601/2327 1542/2602/2328 1543/2603/2329
f 1537/2601/2327 1543/2603/2329 1538/2604/2330
f 1538/2604/2330 1543/2603/2329 1544/2605/2331
f 1538/2604/2330 1544/2605/2331 1545/2606/2332
f 1545/2606/2332 2/2607/58 1538/2604/2330
f 943/2608/2333 6/2609/2334 1575/2610/2335
f 1575/2611/2335 6/2612/2334 75/2613/2336
f 1575/2611/2335 75/2613/2336 74/2614/2337
f 1575/2611/2335 74/2614/2337 1577/2615/2338
f 1577/2615/2338 74/2614/2337 73/2616/2339
f 1577/2615/2338 73/2616/2339 1578/2617/2340
f 1578/2617/2340 73/2616/2339 72/2618/2341
f 1578/2617/2340 72/2618/2341 71/2619/2342
f 1578/2617/2340 71/2619/2342 1579/2620/2343
f 1579/2620/2343 71/2619/2342 70/2621/2344
f 1579/2620/2343 70/2621/2344 1580/2622/2345
f 1580/2622/2345 70/2621/2344 69/2623/2346
f 1580/2622/2345 69/2623/2346 1581/2624/2347
f 1581/2624/2347 69/2623/2346 68/2625/2348
f 1581/2624/2347 68/2625/2348 67/2626/2349
f 1581/2624/2347 67/2626/2349 1582/2627/2350
f 1582/2627/2350 67/2626/2349 66/2628/2351
f 1582/2627/2350 66/2628/2351 65/2629/2352
f 1582/2627/2350 65/2629/2352 1583/2630/2353
f 1583/2630/2353 65/2629/2352 64/2631/2354
f 1583/2630/2353 64/2631/2354 1584/2632/2355
f 1584/2632/2355 64/2631/2354 63/2633/2356
f 1584/2632/2355 63/2633/2356 62/2634/2357
f 62/2634/2357 61/2635/2358 1584/2632/2355
f 1584/2632/2355 61/2635/2358 957/2636/2359
f 1584/2632/2355 957/2636/2359 956/2637/2360
f 956/2637/2360 955/2638/2361 1584/2632/2355
f 1584/2632/2355 955/2638/2361 1585/2639/2362
f 1584/2632/2355 1585/2639/2362 1558/2640/2363
f 1558/2640/2363 1585/2639/2362 1556/2641/2364
f 1558/2640/2363 1556/2641/2364 1557/2642/2365
f 955/2638/2361 954/2643/2366 1585/2639/2362
f 1585/2639/2362 954/2643/2366 953/2644/2367
f 1585/2639/2362 953/2644/2367 1586/2645/2368
f 1586/2645/2368 953/2644/2367 952/2646/2369
f 1586/2645/2368 952/2646/2369 1587/2647/2370
f 1587/2647/2370 952/2646/2369 951/2648/2371
f 1587/2647/2370 951/2648/2371 950/2649/2372
f 1587/2647/2370 950/2649/2372 1588/2650/2373
f 1588/2650/2373 950/2649/2372 949/2651/2374
f 1588/2650/2373 949/2651/2374 1589/2652/2375
f 1589/2652/2375 949/2651/2374 948/2653/2376
f 1589/2652/2375 948/2653/2376 1576/2654/2377
f 1576/2654/2377 948/2653/2376 947/2655/2378
f 1576/2654/2377 947/2655/2378 946/2656/2379
f 1576/2654/2377 946/2656/2379 1590/2657/2380
f 1590/2657/2380 946/2656/2379 945/2658/2381
f 1590/2657/2380 945/2658/2381 944/2659/2382
f 1590/2657/2380 944/2659/2382 1575/2610/2335
f 1575/2610/2335 944/2659/2382 943/2608/2333
f 1533/2660/2383 1575/2610/2335 1536/2661/2384
f 1536/2662/2384 1575/2611/2335 1577/2615/2338
f 1536/2662/2384 1577/2615/2338 1573/2663/2385
f 1573/2663/2385 1577/2615/2338 1572/2664/2386
f 1572/2664/2386 1577/2615/2338 1578/2617/2340
f 1572/2664/2386 1578/2617/2340 1571/2665/2387
f 1571/2665/2387 1578/2617/2340 1570/2666/2388
f 1570/2666/2388 1578/2617/2340 1579/2620/2343
f 1570/2666/2388 1579/2620/2343 1569/2667/2389
f 1569/2667/2389 1579/2620/2343 1580/2622/2345
f 1569/2667/2389 1580/2622/2345 1568/2668/2390
f 1568/2668/2390 1580/2622/2345 1581/2624/2347
f 1568/2668/2390 1581/2624/2347 1567/2669/2391
f 1567/2669/2391 1581/2624/2347 1566/2670/2392
f 1566/2670/2392 1581/2624/2347 1582/2627/2350
f 1566/2670/2392 1582/2627/2350 1565/2671/2393
f 1565/2671/2393 1582/2627/2350 1564/2672/2394
f 1564/2672/2394 1582/2627/2350 1583/2630/2353
f 1564/2672/2394 1583/2630/2353 1563/2673/2395
f 1563/2673/2395 1583/2630/2353 1584/2632/2355
f 1563/2673/2395 1584/2632/2355 1561/2674/2396
f 1561/2674/2396 1584/2632/2355 1560/2675/2397
f 1560/2675/2397 1584/2632/2355 1559/2676/2398
f 1559/2676/2398 1584/2632/2355 1558/2640/2363
f 1532/2677/2399 1546/2678/2400 1533/2660/2383
f 1533/2660/2383 1546/2678/2400 1575/2610/2335
f 1575/2610/2335 1546/2678/2400 1590/2657/2380
f 1590/2657/2380 1546/2678/2400 1547/2679/2401
f 1590/2657/2380 1547/2679/2401 1548/2680/2402
f 1590/2657/2380 1548/2680/2402 1576/2654/2377
f 1576/2654/2377 1548/2680/2402 1549/2681/2403
f 1576/2654/2377 1549/2681/2403 1589/2652/2375
f 1589/2652/2375 1549/2681/2403 1550/2682/2404
f 1589/2652/2375 1550/2682/2404 1588/2650/2373
f 1588/2650/2373 1550/2682/2404 1551/2683/2405
f 1588/2650/2373 1551/2683/2405 1587/2647/2370
f 1587/2647/2370 1551/2683/2405 1552/2684/2406
f 1587/2647/2370 1552/2684/2406 1553/2685/2407
f 1587/2647/2370 1553/2685/2407 1586/2645/2368
f 1586/2645/2368 1553/2685/2407 1554/2686/2408
f 1586/2645/2368 1554/2686/2408 1555/2687/2409
f 1586/2645/2368 1555/2687/2409 1585/2639/2362
f 1585/2639/2362 1555/2687/2409 1556/2641/2364
f 1561/2674/2396 1562/2688/2410 1563/2673/2395
f 1573/2663/2385 1574/2689/2411 1536/2662/2384
f 1536/2662/2384 1574/2689/2411 1539/2690/2412
f 1546/2691/2413 1532/2692/2414 1597/2693/2415
f 1597/2693/2415 1532/2692/2414 1531/2694/2416
f 1597/2693/2415 1531/2694/2416 1596/2695/2417
f 1596/2695/2417 1531/2694/2416 1530/2696/2418
f 1596/2695/2417 1530/2696/2418 1595/2697/2419
f 1595/2697/2419 1530/2696/2418 1529/2698/2420
f 1595/2697/2419 1529/2698/2420 1594/2699/2421
f 1594/2699/2421 1529/2698/2420 1528/2700/2422
f 1594/2699/2421 1528/2700/2422 1593/2701/2423
f 1593/2701/2423 1528/2700/2422 1527/2702/2424
f 1593/2701/2423 1527/2702/2424 1592/2703/2425
f 1592/2703/2425 1527/2702/2424 1526/2704/2426
f 1592/2703/2425 1526/2704/2426 1591/2705/2427
f 1591/2705/2427 1526/2704/2426 1/2706/1396
f 1591/2705/2427 1/2706/1396 976/2707/1397
f 976/2707/1397 1522/2708/2428 1591/2705/2427
f 1598/2709/2429 1548/2710/2430 1597/2693/2415
f 1597/2693/2415 1548/2710/2430 1547/2711/2431
f 1597/2693/2415 1547/2711/2431 1546/2691/2413
f 1599/2712/2432 1550/2713/2433 1598/2709/2429
f 1598/2709/2429 1550/2713/2433 1549/2714/2434
f 1598/2709/2429 1549/2714/2434 1548/2710/2430
f 1600/2715/2435 1553/2716/2436 1599/2712/2432
f 1599/2712/2432 1553/2716/2436 1552/2717/2437
f 1599/2712/2432 1552/2717/2437 1551/2718/2438
f 1601/2719/2439 1623/2720/2440 1600/2715/2435
f 1600/2715/2435 1623/2720/2440 1557/2721/2441
f 1600/2715/2435 1557/2721/2441 1556/2722/2442
f 1623/2720/2440 1601/2719/2439 1622/2723/2443
f 1622/2723/2443 1601/2719/2439 1602/2724/2444
f 1622/2723/2443 1602/2724/2444 1621/2725/2445
f 1621/2725/2445 1602/2724/2444 1603/2726/2446
f 1621/2725/2445 1603/2726/2446 1620/2727/2447
f 1620/2727/2447 1603/2726/2446 1604/2728/2448
f 1620/2727/2447 1604/2728/2448 1619/2729/2449
f 1619/2729/2449 1604/2728/2448 1605/2730/2450
f 1619/2729/2449 1605/2730/2450 1618/2731/2451
f 1618/2731/2451 1605/2730/2450 1606/2732/2452
f 1618/2731/2451 1606/2732/2452 1612/2733/2453
f 1612/2733/2453 1606/2732/2452 1611/2734/2454
f 1611/2734/2454 1606/2732/2452 1607/2735/2455
f 1611/2734/2454 1607/2735/2455 1608/2736/2456
f 1608/2736/2456 1609/2737/2457 1611/2734/2454
f 1611/2734/2454 1609/2737/2457 1610/2738/2458
f 1618/2731/2451 1612/2733/2453 1617/2739/2459
f 1617/2739/2459 1612/2733/2453 1613/2740/2460
f 1617/2739/2459 1613/2740/2460 1614/2741/2461
f 1615/2742/2462 1616/2743/2463 1614/2741/2461
f 1614/2741/2461 1616/2743/2463 1617/2739/2459
f 1556/2722/2442 1555/2744/2464 1600/2715/2435
f 1600/2715/2435 1555/2744/2464 1554/2745/2465
f 1600/2715/2435 1554/2745/2465 1553/2716/2436
f 1551/2718/2438 1550/2713/2433 1599/2712/2432
f 35/2746/95 2/2747/94 1653/2748/2466
f 1653/2748/2466 2/2747/94 1545/2749/2467
f 1653/2748/2466 1545/2749/2467 1652/2750/2468
f 1652/2750/2468 1545/2749/2467 1544/2751/2469
f 1652/2750/2468 1544/2751/2469 1543/2752/2470
f 1652/2750/2468 1543/2752/2470 1651/2753/2471
f 1651/2753/2471 1543/2752/2470 1542/2754/2472
f 1651/2753/2471 1542/2754/2472 1650/2755/2473
f 1650/2755/2473 1542/2754/2472 1649/2756/2474
f 1649/2756/2474 1542/2754/2472 1541/2757/2475
f 1649/2756/2474 1541/2757/2475 1648/2758/2476
f 1648/2758/2476 1541/2757/2475 1540/2759/2477
f 1648/2758/2476 1540/2759/2477 1647/2760/2478
f 1647/2760/2478 1540/2759/2477 1574/2761/2479
f 1647/2760/2478 1574/2761/2479 1573/2762/2480
f 1540/2759/2477 1539/2763/2481 1574/2761/2479
f 1647/2760/2478 1573/2762/2480 1646/2764/2482
f 1646/2764/2482 1573/2762/2480 1572/2765/2483
f 1646/2764/2482 1572/2765/2483 1645/2766/2484
f 1645/2766/2484 1572/2765/2483 1571/2767/2485
f 1645/2766/2484 1571/2767/2485 1570/2768/2486
f 1645/2766/2484 1570/2768/2486 1644/2769/2487
f 1644/2769/2487 1570/2768/2486 1569/2770/2488
f 1644/2769/2487 1569/2770/2488 1643/2771/2489
f 1643/2771/2489 1569/2770/2488 1568/2772/2490
f 1643/2771/2489 1568/2772/2490 1642/2773/2491
f 1642/2773/2491 1568/2772/2490 1567/2774/2492
f 1642/2773/2491 1567/2774/2492 1566/2775/2493
f 1642/2773/2491 1566/2775/2493 1641/2776/2494
f 1641/2776/2494 1566/2775/2493 1565/2777/2495
f 1641/2776/2494 1565/2777/2495 1564/2778/2496
f 1641/2776/2494 1564/2778/2496 1640/2779/2497
f 1640/2779/2497 1564/2778/2496 1563/2780/2498
f 1640/2779/2497 1563/2780/2498 1624/2781/2499
f 1624/2781/2499 1563/2780/2498 1562/2782/2500
f 1640/2779/2497 1624/2781/2499 1639/2783/2501
f 1639/2783/2501 1624/2781/2499 1625/2784/2502
f 1639/2783/2501 1625/2784/2502 1638/2785/2503
f 1638/2785/2503 1625/2784/2502 1637/2786/2504
f 1637/2786/2504 1625/2784/2502 1626/2787/2505
f 1637/2786/2504 1626/2787/2505 1636/2788/2506
f 1636/2788/2506 1626/2787/2505 1627/2789/2507
f 1636/2788/2506 1627/2789/2507 1628/2790/2508
f 1636/2788/2506 1628/2790/2508 1635/2791/2509
f 1635/2791/2509 1628/2790/2508 1629/2792/2510
f 1635/2791/2509 1629/2792/2510 1634/2793/2511
f 1634/2793/2511 1629/2792/2510 1630/2794/2512
f 1634/2793/2511 1630/2794/2512 1633/2795/2513
f 1633/2795/2513 1630/2794/2512 1631/2796/2514
f 1633/2795/2513 1631/2796/2514 1632/2797/2515
f 941/2798/2516 1654/2799/2517 1480/2800/2518
f 1480/2800/2518 1654/2799/2517 1692/2801/2519
f 1692/2801/2519 1654/2799/2517 1655/2802/2520
f 1692/2801/2519 1655/2802/2520 1691/2803/2521
f 1691/2803/2521 1655/2802/2520 1656/2804/2522
f 1691/2803/2521 1656/2804/2522 1690/2805/2523
f 1690/2805/2523 1656/2804/2522 1657/2806/2524
f 1690/2805/2523 1657/2806/2524 1689/2807/2525
f 1689/2807/2525 1657/2806/2524 1658/2808/2526
f 1689/2807/2525 1658/2808/2526 1688/2809/2527
f 1688/2809/2527 1658/2808/2526 1659/2810/2528
f 1688/2809/2527 1659/2810/2528 1687/2811/2529
f 1687/2811/2529 1659/2810/2528 1660/2812/2530
f 1687/2811/2529 1660/2812/2530 1686/2813/2531
f 1686/2813/2531 1660/2812/2530 1661/2814/2532
f 1686/2813/2531 1661/2814/2532 1685/2815/2533
f 1685/2815/2533 1661/2814/2532 1662/2816/2534
f 1685/2815/2533 1662/2816/2534 1684/2817/2535
f 1684/2817/2535 1662/2816/2534 1663/2818/2536
f 1684/2817/2535 1663/2818/2536 1683/2819/2537
f 1683/2819/2537 1663/2818/2536 1664/2820/2538
f 1683/2819/2537 1664/2820/2538 1682/2821/2539
f 1682/2821/2539 1664/2820/2538 1681/2822/2540
f 1681/2822/2540 1664/2820/2538 1665/2823/2541
f 1681/2822/2540 1665/2823/2541 1680/2824/2542
f 1680/2824/2542 1665/2823/2541 1679/2825/2543
f 1679/2825/2543 1665/2823/2541 1666/2826/2544
f 1679/2825/2543 1666/2826/2544 1678/2827/2545
f 1678/2827/2545 1666/2826/2544 1667/2828/2546
f 1678/2827/2545 1667/2828/2546 1677/2829/2547
f 1677/2829/2547 1667/2828/2546 1668/2830/2548
f 1677/2829/2547 1668/2830/2548 1676/2831/2549
f 1676/2831/2549 1668/2830/2548 1631/2832/2550
f 1676/2831/2549 1631/2832/2550 1630/2833/2551
f 1676/2831/2549 1630/2833/2551 1675/2834/2552
f 1675/2834/2552 1630/2833/2551 1629/2835/2553
f 1675/2834/2552 1629/2835/2553 1674/2836/2554
f 1674/2836/2554 1629/2835/2553 1628/2837/2555
f 1674/2836/2554 1628/2837/2555 1627/2838/2556
f 1674/2836/2554 1627/2838/2556 1673/2839/2557
f 1673/2839/2557 1627/2838/2556 1626/2840/2558
f 1673/2839/2557 1626/2840/2558 1625/2841/2559
f 1673/2839/2557 1625/2841/2559 1672/2842/2560
f 1672/2842/2560 1625/2841/2559 1624/2843/2561
f 1672/2842/2560 1624/2843/2561 1562/2844/2562
f 1561/2845/2563 1669/2846/2564 1562/2844/2562
f 1562/2844/2562 1669/2846/2564 1670/2847/2565
f 1562/2844/2562 1670/2847/2565 1671/2848/2566
f 1671/2848/2566 1672/2842/2560 1562/2844/2562
f 1617/2849/2567 1616/2850/2568 1724/2851/2569
f 1724/2851/2569 1616/2850/2568 1693/2852/2570
f 1724/2851/2569 1693/2852/2570 1723/2853/2571
f 1723/2853/2571 1693/2852/2570 1694/2854/2572
f 1723/2853/2571 1694/2854/2572 1722/2855/2573
f 1722/2855/2573 1694/2854/2572 1695/2856/2574
f 1722/2855/2573 1695/2856/2574 1721/2857/2575
f 1721/2857/2575 1695/2856/2574 1696/2858/2576
f 1721/2857/2575 1696/2858/2576 1720/2859/2577
f 1720/2859/2577 1696/2858/2576 1719/2860/2578
f 1719/2860/2578 1696/2858/2576 1697/2861/2579
f 1719/2860/2578 1697/2861/2579 1718/2862/2580
f 1718/2862/2580 1697/2861/2579 1717/2863/2581
f 1717/2863/2581 1697/2861/2579 1698/2864/2582
f 1717/2863/2581 1698/2864/2582 1716/2865/2583
f 1716/2865/2583 1698/2864/2582 1699/2866/2584
f 1716/2865/2583 1699/2866/2584 1715/2867/2585
f 1715/2867/2585 1699/2866/2584 1700/2868/2586
f 1715/2867/2585 1700/2868/2586 1714/2869/2587
f 1714/2869/2587 1700/2868/2586 1701/2870/2588
f 1714/2869/2587 1701/2870/2588 1713/2871/2589
f 1713/2871/2589 1701/2870/2588 1702/2872/2590
f 1713/2871/2589 1702/2872/2590 1712/2873/2591
f 1712/2873/2591 1702/2872/2590 1703/2874/2592
f 1712/2873/2591 1703/2874/2592 1711/2875/2593
f 1711/2875/2593 1703/2874/2592 1704/2876/2594
f 1711/2875/2593 1704/2876/2594 1710/2877/2595
f 1710/2877/2595 1704/2876/2594 1705/2878/2596
f 1710/2877/2595 1705/2878/2596 1709/2879/2597
f 1709/2879/2597 1705/2878/2596 1706/2880/2598
f 1709/2879/2597 1706/2880/2598 1708/2881/2599
f 1708/2881/2599 1706/2880/2598 1707/2882/2600
f 1708/2881/2599 1707/2882/2600 1481/2883/2601
f 1481/2883/2601 1707/2882/2600 942/2884/2602
f 1724/2851/2569 1725/2885/2603 1617/2849/2567
f 1617/2849/2567 1725/2885/2603 1618/2886/2604
f 1618/2886/2604 1725/2885/2603 1726/2887/2605
f 1618/2886/2604 1726/2887/2605 1619/2888/2606
f 1619/2888/2606 1726/2887/2605 1620/2889/2607
f 1620/2889/2607 1726/2887/2605 1727/2890/2608
f 1620/2889/2607 1727/2890/2608 1621/2891/2609
f 1621/2891/2609 1727/2890/2608 1622/2892/2610
f 1622/2892/2610 1727/2890/2608 1728/2893/2611
f 1622/2892/2610 1728/2893/2611 1623/2894/2612
f 1623/2894/2612 1728/2893/2611 1557/2895/2613
f 1557/2895/2613 1728/2893/2611 1729/2896/2614
f 1557/2895/2613 1729/2896/2614 1730/2897/2615
f 1730/2897/2615 1731/2898/2616 1557/2895/2613
f 1557/2895/2613 1731/2898/2616 1558/2899/2617
f 1481/2900/2618 1480/2901/2619 1708/2902/2620
f 1708/2902/2620 1480/2901/2619 1692/2903/2621
f 1708/2902/2620 1692/2903/2621 1691/2904/2622
f 1708/2902/2620 1691/2904/2622 1709/2905/2623
f 1709/2905/2623 1691/2904/2622 1690/2906/2624
f 1709/2905/2623 1690/2906/2624 1710/2907/2625
f 1710/2907/2625 1690/2906/2624 1689/2908/2626
f 1710/2907/2625 1689/2908/2626 1711/2909/2627
f 1711/2909/2627 1689/2908/2626 1688/2910/2628
f 1711/2909/2627 1688/2910/2628 1712/2911/2629
f 1712/2911/2629 1688/2910/2628 1687/2912/2630
f 1712/2911/2629 1687/2912/2630 1713/2913/2631
f 1713/2913/2631 1687/2912/2630 1686/2914/2632
f 1713/2913/2631 1686/2914/2632 1714/2915/2633
f 1714/2915/2633 1686/2914/2632 1685/2916/2634
f 1714/2915/2633 1685/2916/2634 1715/2917/2635
f 1715/2917/2635 1685/2916/2634 1716/2918/2636
f 1716/2918/2636 1685/2916/2634 1684/2919/2637
f 1561/2920/2638 1560/2921/2639 1669/2922/2640
f 1669/2922/2640 1560/2921/2639 1731/2923/2641
f 1669/2922/2640 1731/2923/2641 1730/2924/2642
f 1560/2921/2639 1559/2925/2643 1731/2923/2641
f 1731/2923/2641 1559/2925/2643 1558/2926/2644
f 1669/2922/2640 1730/2924/2642 1670/2927/2645
f 1670/2927/2645 1730/2924/2642 1729/2928/2646
f 1670/2927/2645 1729/2928/2646 1671/2929/2647
f 1671/2929/2647 1729/2928/2646 1728/2930/2648
f 1671/2929/2647 1728/2930/2648 1672/2931/2649
f 1672/2931/2649 1728/2930/2648 1727/2932/2650
f 1672/2931/2649 1727/2932/2650 1673/2933/2651
f 1673/2933/2651 1727/2932/2650 1726/2934/2652
f 1673/2933/2651 1726/2934/2652 1674/2935/2653
f 1674/2935/2653 1726/2934/2652 1725/2936/2654
f 1674/2935/2653 1725/2936/2654 1675/2937/2655
f 1675/2937/2655 1725/2936/2654 1724/2938/2656
f 1675/2937/2655 1724/2938/2656 1676/2939/2657
f 1676/2939/2657 1724/2938/2656 1723/2940/2658
f 1676/2939/2657 1723/2940/2658 1677/2941/2659
f 1677/2941/2659 1723/2940/2658 1722/2942/2660
f 1677/2941/2659 1722/2942/2660 1678/2943/2661
f 1678/2943/2661 1722/2942/2660 1721/2944/2662
f 1678/2943/2661 1721/2944/2662 1679/2945/2663
f 1679/2945/2663 1721/2944/2662 1720/2946/2664
f 1679/2945/2663 1720/2946/2664 1680/2947/2665
f 1680/2947/2665 1720/2946/2664 1719/2948/2666
f 1680/2947/2665 1719/2948/2666 1681/2949/2667
f 1681/2949/2667 1719/2948/2666 1718/2950/2668
f 1681/2949/2667 1718/2950/2668 1682/2951/2669
f 1682/2951/2669 1718/2950/2668 1717/2952/2670
f 1682/2951/2669 1717/2952/2670 1683/2953/2671
f 1683/2953/2671 1717/2952/2670 1716/2954/2672
f 1683/2953/2671 1716/2954/2672 1684/2955/2673
f 1631/2956/2514 1668/2957/2674 1632/2958/2515
f 1632/2958/2515 1668/2957/2674 1746/2959/2675
f 1746/2959/2675 1668/2957/2674 1667/2960/2676
f 1746/2959/2675 1667/2960/2676 1745/2961/2677
f 1745/2961/2677 1667/2960/2676 1666/2962/2678
f 1745/2961/2677 1666/2962/2678 1744/2963/2679
f 1744/2963/2679 1666/2962/2678 1665/2964/2680
f 1744/2963/2679 1665/2964/2680 1743/2965/2681
f 1743/2965/2681 1665/2964/2680 1664/2966/2682
f 1743/2965/2681 1664/2966/2682 1742/2967/2683
f 1742/2967/2683 1664/2966/2682 1663/2968/2684
f 1742/2967/2683 1663/2968/2684 1741/2969/2685
f 1741/2969/2685 1663/2968/2684 1662/2970/2686
f 1741/2969/2685 1662/2970/2686 1740/2971/2687
f 1740/2971/2687 1662/2970/2686 1661/2972/2688
f 1740/2971/2687 1661/2972/2688 1739/2973/2689
f 1739/2973/2689 1661/2972/2688 1660/2974/2690
f 1739/2973/2689 1660/2974/2690 1738/2975/2691
f 1738/2975/2691 1660/2974/2690 1659/2976/2692
f 1738/2975/2691 1659/2976/2692 1737/2977/2693
f 1737/2977/2693 1659/2976/2692 1658/2978/2694
f 1737/2977/2693 1658/2978/2694 1736/2979/2695
f 1736/2979/2695 1658/2978/2694 1657/2980/2696
f 1736/2979/2695 1657/2980/2696 1735/2981/2697
f 1735/2981/2697 1657/2980/2696 1656/2982/2698
f 1735/2981/2697 1656/2982/2698 1734/2983/2699
f 1734/2983/2699 1656/2982/2698 1655/2984/2700
f 1734/2983/2699 1655/2984/2700 1733/2985/2701
f 1733/2985/2701 1655/2984/2700 1654/2986/2702
f 1733/2985/2701 1654/2986/2702 1732/2987/2703
f 1732/2987/2703 1654/2986/2702 941/2988/1316
f 1732/2987/2703 941/2988/1316 816/2989/1318
f 1747/2990/2704 1748/2991/2705 1776/2992/2706
f 1776/2992/2706 1748/2991/2705 1775/2993/2707
f 1775/2993/2707 1748/2991/2705 1749/2994/2708
f 1775/2993/2707 1749/2994/2708 1774/2995/2709
f 1774/2995/2709 1749/2994/2708 1750/2996/2710
f 1774/2995/2709 1750/2996/2710 1773/2997/2711
f 1773/2997/2711 1750/2996/2710 1751/2998/2712
f 1773/2997/2711 1751/2998/2712 1772/2999/2713
f 1772/2999/2713 1751/2998/2712 1752/3000/2714
f 1772/2999/2713 1752/3000/2714 1753/3001/2715
f 1772/2999/2713 1753/3001/2715 1771/3002/2716
f 1771/3002/2716 1753/3001/2715 1754/3003/2717
f 1771/3002/2716 1754/3003/2717 1770/3004/2718
f 1770/3004/2718 1754/3003/2717 1755/3005/2719
f 1770/3004/2718 1755/3005/2719 1756/3006/2720
f 1770/3004/2718 1756/3006/2720 1769/3007/2721
f 1769/3007/2721 1756/3006/2720 1757/3008/2722
f 1769/3007/2721 1757/3008/2722 1768/3009/2723
f 1768/3009/2723 1757/3008/2722 1758/3010/2724
f 1768/3009/2723 1758/3010/2724 1767/3011/2725
f 1767/3011/2725 1758/3010/2724 1759/3012/2726
f 1767/3011/2725 1759/3012/2726 1760/3013/2727
f 1767/3011/2725 1760/3013/2727 1766/3014/2728
f 1766/3014/2728 1760/3013/2727 1761/3015/2729
f 1766/3014/2728 1761/3015/2729 1765/3016/2730
f 1765/3016/2730 1761/3015/2729 1762/3017/2731
f 1765/3016/2730 1762/3017/2731 1764/3018/2732
f 1764/3018/2732 1762/3017/2731 1763/3019/2733
f 1778/3020/2734 1779/3021/2735 1777/3022/2736
f 1777/3022/2736 1779/3021/2735 1780/3023/2737
f 1777/3022/2736 1780/3023/2737 1783/3024/2738
f 1783/3024/2738 1780/3023/2737 1781/3025/2739
f 1783/3024/2738 1781/3025/2739 1782/3026/2740
f 1782/3027/2741 1784/3028/2742 1783/3029/2743
f 1783/3029/2743 1784/3028/2742 1811/3030/2744
f 1811/3030/2744 1784/3028/2742 1785/3031/2745
f 1811/3030/2744 1785/3031/2745 1810/3032/2746
f 1810/3032/2746 1785/3031/2745 1786/3033/2747
f 1810/3032/2746 1786/3033/2747 1809/3034/2748
f 1809/3034/2748 1786/3033/2747 1787/3035/2749
f 1809/3034/2748 1787/3035/2749 1788/3036/2750
f 1809/3034/2748 1788/3036/2750 1808/3037/2751
f 1808/3037/2751 1788/3036/2750 1789/3038/2752
f 1808/3037/2751 1789/3038/2752 1807/3039/2753
f 1807/3039/2753 1789/3038/2752 1790/3040/2754
f 1807/3039/2753 1790/3040/2754 1806/3041/2755
f 1806/3041/2755 1790/3040/2754 1791/3042/2756
f 1806/3041/2755 1791/3042/2756 1792/3043/2757
f 1806/3041/2755 1792/3043/2757 1805/3044/2758
f 1805/3044/2758 1792/3043/2757 1793/3045/2759
f 1805/3044/2758 1793/3045/2759 1804/3046/2760
f 1804/3046/2760 1793/3045/2759 1794/3047/2761
f 1804/3046/2760 1794/3047/2761 1795/3048/2762
f 1804/3046/2760 1795/3048/2762 1803/3049/2763
f 1803/3049/2763 1795/3048/2762 1796/3050/2764
f 1803/3049/2763 1796/3050/2764 1802/3051/2765
f 1802/3051/2765 1796/3050/2764 1797/3052/2766
f 1802/3051/2765 1797/3052/2766 1801/3053/2767
f 1801/3053/2767 1797/3052/2766 1798/3054/2768
f 1801/3053/2767 1798/3054/2768 1800/3055/2769
f 1800/3055/2769 1798/3054/2768 1799/3056/2770
f 1800/3057/2771 1776/3058/2772 1801/3059/2773
f 1801/3059/2773 1776/3058/2772 1775/3060/2774
f 1801/3059/2773 1775/3060/2774 1802/3061/2775
f 1802/3061/2775 1775/3060/2774 1774/3062/2776
f 1802/3061/2775 1774/3062/2776 1803/3063/2777
f 1803/3063/2777 1774/3062/2776 1773/3064/2778
f 1803/3063/2777 1773/3064/2778 1804/3065/2779
f 1804/3065/2779 1773/3064/2778 1772/3066/2780
f 1804/3065/2779 1772/3066/2780 1805/3067/2781
f 1805/3067/2781 1772/3066/2780 1771/3068/2782
f 1805/3067/2781 1771/3068/2782 1806/3069/2783
f 1806/3069/2783 1771/3068/2782 1770/3070/2784
f 1806/3069/2783 1770/3070/2784 1807/3071/2785
f 1807/3071/2785 1770/3070/2784 1769/3072/2786
f 1807/3071/2785 1769/3072/2786 1808/3073/2787
f 1808/3073/2787 1769/3072/2786 1768/3074/2788
f 1808/3073/2787 1768/3074/2788 1809/3075/2789
f 1809/3075/2789 1768/3074/2788 1767/3076/2790
f 1809/3075/2789 1767/3076/2790 1810/3077/2791
f 1810/3077/2791 1767/3076/2790 1766/3078/2792
f 1810/3077/2791 1766/3078/2792 1811/3079/2793
f 1811/3079/2793 1766/3078/2792 1765/3080/2794
f 1811/3079/2793 1765/3080/2794 1777/3081/2795
f 1777/3081/2795 1765/3080/2794 1764/3082/2796
f 1777/3081/2795 1783/3083/2797 1811/3079/2793
f 1778/3084/2734 1777/3085/2736 1814/3086/2798
f 1814/3086/2798 1777/3085/2736 1813/3087/2799
f 1813/3087/2799 1777/3085/2736 1764/3088/2800
f 1813/3087/2799 1764/3088/2800 1812/3089/2801
f 1812/3089/2801 1764/3088/2800 1763/3090/2802
f 1747/3091/2803 1776/3092/2804 1799/3093/2805
f 1799/3093/2805 1776/3092/2804 1800/3094/2806
f 1799/3095/2807 1798/3096/2808 1836/3097/2809
f 1836/3097/2809 1798/3096/2808 1835/3098/2810
f 1835/3098/2810 1798/3096/2808 1797/3099/2811
f 1835/3098/2810 1797/3099/2811 1834/3100/2812
f 1834/3100/2812 1797/3099/2811 1796/3101/2813
f 1834/3100/2812 1796/3101/2813 1833/3102/2814
f 1833/3102/2814 1796/3101/2813 1795/3103/2815
f 1833/3102/2814 1795/3103/2815 1832/3104/2816
f 1832/3104/2816 1795/3103/2815 1794/3105/2817
f 1832/3104/2816 1794/3105/2817 1831/3106/2818
f 1831/3106/2818 1794/3105/2817 1793/3107/2819
f 1831/3106/2818 1793/3107/2819 1830/3108/2820
f 1830/3108/2820 1793/3107/2819 1792/3109/2821
f 1830/3108/2820 1792/3109/2821 1829/3110/2822
f 1829/3110/2822 1792/3109/2821 1791/3111/2823
f 1829/3110/2822 1791/3111/2823 1828/3112/2824
f 1828/3112/2824 1791/3111/2823 1790/3113/2825
f 1828/3112/2824 1790/3113/2825 1827/3114/2826
f 1827/3114/2826 1790/3113/2825 1789/3115/2827
f 1827/3114/2826 1789/3115/2827 1826/3116/2828
f 1826/3116/2828 1789/3115/2827 1788/3117/2829
f 1826/3116/2828 1788/3117/2829 1825/3118/2830
f 1825/3118/2830 1788/3117/2829 1787/3119/2831
f 1825/3118/2830 1787/3119/2831 1824/3120/2832
f 1824/3120/2832 1787/3119/2831 1786/3121/2833
f 1824/3120/2832 1786/3121/2833 1823/3122/2834
f 1823/3122/2834 1786/3121/2833 1785/3123/2835
f 1823/3122/2834 1785/3123/2835 1784/3124/2836
f 1823/3122/2834 1784/3124/2836 1822/3125/2837
f 1822/3125/2837 1784/3124/2836 1782/3126/2838
f 1822/3125/2837 1782/3126/2838 1821/3127/2839
f 1821/3127/2839 1782/3126/2838 1816/3128/2840
f 1821/3127/2839 1816/3128/2840 1817/3129/2841
f 1816/3128/2840 1782/3126/2838 1815/3130/2842
f 1815/3130/2842 1782/3126/2838 1781/3131/2843
f 1815/3130/2842 1781/3131/2843 1780/3132/2844
f 1780/3132/2844 1779/3133/2845 1815/3130/2842
f 1815/3130/2842 1779/3133/2845 1778/3134/2846
f 1817/3129/2841 1818/3135/2847 1821/3127/2839
f 1821/3127/2839 1818/3135/2847 1820/3136/2848
f 1820/3136/2848 1818/3135/2847 1819/3137/2849
f 1523/3138/2850 1837/3139/2851 1524/3140/2852
f 1524/3140/2852 1837/3139/2851 1864/3141/2853
f 1864/3141/2853 1837/3139/2851 1838/3142/2854
f 1864/3141/2853 1838/3142/2854 1863/3143/2855
f 1863/3143/2855 1838/3142/2854 1839/3144/2856
f 1863/3143/2855 1839/3144/2856 1862/3145/2857
f 1862/3145/2857 1839/3144/2856 1840/3146/2858
f 1862/3145/2857 1840/3146/2858 1861/3147/2859
f 1861/3147/2859 1840/3146/2858 1841/3148/2860
f 1861/3147/2859 1841/3148/2860 1842/3149/2861
f 1861/3147/2859 1842/3149/2861 1860/3150/2862
f 1860/3150/2862 1842/3149/2861 1843/3151/2863
f 1860/3150/2862 1843/3151/2863 1859/3152/2864
f 1859/3152/2864 1843/3151/2863 1844/3153/2865
f 1859/3152/2864 1844/3153/2865 1845/3154/2866
f 1859/3152/2864 1845/3154/2866 1858/3155/2867
f 1858/3155/2867 1845/3154/2866 1846/3156/2868
f 1858/3155/2867 1846/3156/2868 1857/3157/2869
f 1857/3157/2869 1846/3156/2868 1847/3158/2870
f 1857/3157/2869 1847/3158/2870 1856/3159/2871
f 1856/3159/2871 1847/3158/2870 1848/3160/2872
f 1856/3159/2871 1848/3160/2872 1849/3161/2873
f 1856/3159/2871 1849/3161/2873 1855/3162/2874
f 1855/3162/2874 1849/3161/2873 1850/3163/2875
f 1855/3162/2874 1850/3163/2875 1854/3164/2876
f 1854/3164/2876 1850/3163/2875 1851/3165/2877
f 1854/3164/2876 1851/3165/2877 1853/3166/2878
f 1853/3166/2878 1851/3165/2877 1852/3167/2879
f 1610/3168/2880 1609/3169/2881 1865/3170/2882
f 1865/3170/2882 1609/3169/2881 1608/3171/2883
f 1865/3170/2882 1608/3171/2883 1866/3172/2884
f 1866/3172/2884 1608/3171/2883 1607/3173/2885
f 1866/3172/2884 1607/3173/2885 1606/3174/2886
f 1610/3168/2880 1865/3170/2882 1852/3175/2887
f 1852/3175/2887 1865/3176/2882 1853/3177/2888
f 1853/3178/2889 1865/3179/2890 1854/3180/2891
f 1854/3180/2891 1865/3179/2890 1867/3181/2892
f 1854/3180/2891 1867/3181/2892 1855/3182/2893
f 1855/3182/2893 1867/3181/2892 1868/3183/2894
f 1855/3182/2893 1868/3183/2894 1856/3184/2895
f 1856/3184/2895 1868/3183/2894 1869/3185/2896
f 1856/3184/2895 1869/3185/2896 1857/3186/2897
f 1857/3186/2897 1869/3185/2896 1870/3187/2898
f 1857/3186/2897 1870/3187/2898 1858/3188/2899
f 1858/3188/2899 1870/3187/2898 1871/3189/2900
f 1858/3188/2899 1871/3189/2900 1859/3190/2901
f 1859/3190/2901 1871/3189/2900 1872/3191/2902
f 1859/3190/2901 1872/3191/2902 1860/3192/2903
f 1860/3192/2903 1872/3191/2902 1873/3193/2904
f 1860/3192/2903 1873/3193/2904 1861/3194/2905
f 1861/3194/2905 1873/3193/2904 1874/3195/2906
f 1861/3194/2905 1874/3195/2906 1862/3196/2907
f 1862/3196/2907 1874/3195/2906 1875/3197/2908
f 1862/3196/2907 1875/3197/2908 1863/3198/2909
f 1863/3198/2909 1875/3197/2908 1876/3199/2910
f 1863/3198/2909 1876/3199/2910 1864/3200/2911
f 1864/3200/2911 1876/3199/2910 1877/3201/2912
f 1864/3200/2911 1877/3201/2912 1524/3202/2913
f 1524/3202/2913 1877/3201/2912 1525/3203/2914
f 1865/3179/2890 1866/3204/2915 1867/3181/2892
f 1606/3205/2916 1605/3206/2917 1866/3207/2918
f 1866/3207/2918 1605/3206/2917 1867/3208/2919
f 1867/3208/2919 1605/3206/2917 1604/3209/2920
f 1867/3208/2919 1604/3209/2920 1868/3210/2921
f 1868/3210/2921 1604/3209/2920 1603/3211/2922
f 1868/3210/2921 1603/3211/2922 1869/3212/2923
f 1869/3212/2923 1603/3211/2922 1602/3213/2924
f 1869/3212/2923 1602/3213/2924 1601/3214/2925
f 1869/3212/2923 1601/3214/2925 1870/3215/2926
f 1870/3215/2926 1601/3214/2925 1600/3216/2927
f 1870/3215/2926 1600/3216/2927 1871/3217/2928
f 1871/3217/2928 1600/3216/2927 1599/3218/2929
f 1871/3217/2928 1599/3218/2929 1872/3219/2930
f 1872/3219/2930 1599/3218/2929 1598/3220/2931
f 1872/3219/2930 1598/3220/2931 1597/3221/2932
f 1872/3219/2930 1597/3221/2932 1873/3222/2933
f 1873/3222/2933 1597/3221/2932 1596/3223/2934
f 1873/3222/2933 1596/3223/2934 1874/3224/2935
f 1874/3224/2935 1596/3223/2934 1595/3225/2936
f 1874/3224/2935 1595/3225/2936 1594/3226/2937
f 1874/3224/2935 1594/3226/2937 1875/3227/2938
f 1875/3227/2938 1594/3226/2937 1593/3228/2939
f 1875/3227/2938 1593/3228/2939 1876/3229/2940
f 1876/3229/2940 1593/3228/2939 1592/3230/2941
f 1876/3229/2940 1592/3230/2941 1877/3231/2942
f 1877/3231/2942 1592/3230/2941 1591/3232/2943
f 1877/3231/2942 1591/3232/2943 1525/3233/2944
f 1525/3233/2944 1591/3232/2943 1522/3234/2945
f 1878/3235/2946 1879/3236/2947 1881/3237/2948
f 1881/3237/2948 1879/3236/2947 1880/3238/2949
f 1881/3237/2948 1880/3238/2949 1518/3239/2950
f 1518/3239/2950 1880/3238/2949 1519/3240/2951
f 1515/3241/2952 1882/3242/2953 1516/3243/2954
f 1516/3243/2954 1882/3242/2953 1883/3244/2955
f 1516/3243/2954 1883/3244/2955 1884/3245/2956
f 1516/3243/2954 1884/3245/2956 1517/3246/2957
f 1517/3246/2957 1884/3245/2956 1881/3247/2958
f 1517/3246/2957 1881/3247/2958 1518/3248/2959
f 1514/3249/2960 1885/3250/2961 1515/3251/2962
f 1515/3251/2962 1885/3250/2961 1882/3252/2963
f 1511/3253/2964 1886/3254/2965 1512/3255/2966
f 1512/3255/2966 1886/3254/2965 1889/3256/2967
f 1512/3255/2966 1889/3256/2967 1513/3257/2968
f 1513/3257/2968 1889/3256/2967 1514/3258/2969
f 1514/3258/2969 1889/3256/2967 1888/3259/2970
f 1514/3258/2969 1888/3259/2970 1885/3260/2971
f 1886/3254/2965 1887/3261/2972 1889/3256/2967
f 1889/3256/2967 1887/3261/2972 1888/3259/2970
f 1890/3262/2973 1891/3263/2974 1896/3264/2975
f 1896/3264/2975 1891/3263/2974 1897/3265/2976
f 1896/3264/2975 1897/3265/2976 1895/3266/2977
f 1895/3266/2977 1897/3265/2976 1894/3267/2978
f 1894/3267/2978 1897/3265/2976 1892/3268/2979
f 1894/3267/2978 1892/3268/2979 1893/3269/2980
f 1891/3263/2974 1892/3268/2979 1897/3265/2976
f 1899/3270/2981 1898/3271/2982 1900/3272/2983
f 1900/3272/2983 1898/3271/2982 1890/3273/2984
f 1900/3272/2983 1890/3273/2984 1896/3274/2985
f 1896/3274/2985 1899/3270/2981 1900/3272/2983
f 1905/3275/2986 1901/3276/2987 1906/3277/2988
f 1906/3277/2988 1901/3276/2987 1902/3278/2989
f 1906/3277/2988 1902/3278/2989 1898/3279/2990
f 1899/3280/2991 1903/3281/2992 1898/3279/2990
f 1898/3279/2990 1903/3281/2992 1906/3277/2988
f 1903/3281/2992 1904/3282/2993 1906/3277/2988
f 1906/3277/2988 1904/3282/2993 1905/3275/2986
f 1907/3283/2994 1498/3284/2995 1910/3285/2996
f 1910/3285/2996 1498/3284/2995 1911/3286/2997
f 1910/3285/2996 1911/3286/2997 1909/3287/2998
f 1909/3287/2998 1911/3286/2997 1908/3288/2999
f 1908/3288/2999 1911/3286/2997 1496/3289/3000
f 1908/3288/2999 1496/3289/3000 1495/3290/3001
f 1498/3284/2995 1497/3291/3002 1911/3286/2997
f 1911/3286/2997 1497/3291/3002 1496/3289/3000
f 1912/3292/3003 1499/3293/3004 1907/3294/3005
f 1907/3294/3005 1499/3293/3004 1498/3295/3006
f 1502/3296/3007 1501/3297/3008 1913/3298/3009
f 1913/3298/3009 1501/3297/3008 1915/3299/3010
f 1915/3299/3010 1501/3297/3008 1500/3300/3011
f 1915/3299/3010 1500/3300/3011 1914/3301/3012
f 1914/3301/3012 1500/3300/3011 1912/3302/3013
f 1912/3302/3013 1500/3300/3011 1499/3303/3014
f 1916/3304/3015 1503/3305/3016 1913/3306/3017
f 1913/3306/3017 1503/3305/3016 1502/3307/3018
f 1506/3308/3019 1505/3309/3020 1917/3310/3021
f 1917/3310/3021 1505/3309/3020 1919/3311/3022
f 1919/3311/3022 1505/3309/3020 1504/3312/3023
f 1919/3311/3022 1504/3312/3023 1918/3313/3024
f 1918/3313/3024 1504/3312/3023 1916/3314/3025
f 1916/3314/3025 1504/3312/3023 1503/3315/3026
f 1920/3316/3027 1507/3317/3028 1917/3318/3029
f 1917/3318/3029 1507/3317/3028 1506/3319/3030
f 1921/3320/3031 1510/3321/3032 1923/3322/3033
f 1923/3322/3033 1510/3321/3032 1924/3323/3034
f 1923/3322/3033 1924/3323/3034 1922/3324/3035
f 1922/3324/3035 1924/3323/3034 1920/3325/3036
f 1920/3325/3036 1924/3323/3034 1508/3326/3037
f 1920/3325/3036 1508/3326/3037 1507/3327/3038
f 1510/3321/3032 1509/3328/3039 1924/3323/3034
f 1924/3323/3034 1509/3328/3039 1508/3326/3037
f 1510/3329/3040 1921/3330/3041 1511/3331/3042
f 1511/3331/3042 1921/3330/3041 1886/3332/3043
f 1931/3333/3044 1925/3334/3045 1932/3335/3046
f 1932/3335/3046 1925/3334/3045 1926/3336/3047
f 1932/3335/3046 1926/3336/3047 1927/3337/3048
f 1928/3338/3049 1929/3339/3050 1927/3337/3048
f 1927/3337/3048 1929/3339/3050 1932/3335/3046
f 1929/3339/3050 1930/3340/3051 1932/3335/3046
f 1932/3335/3046 1930/3340/3051 1931/3333/3044
f 1934/3341/3052 1933/3342/3053 1935/3343/3054
f 1935/3343/3054 1933/3342/3053 1925/3344/3055
f 1935/3343/3054 1925/3344/3055 1931/3345/3056
f 1931/3345/3056 1934/3341/3052 1935/3343/3054
f 1940/3346/3057 1936/3347/3058 1941/3348/3059
f 1941/3348/3059 1936/3347/3058 1937/3349/3060
f 1941/3348/3059 1937/3349/3060 1938/3350/3061
f 1938/3350/3061 1937/3349/3060 1933/3351/3062
f 1938/3350/3061 1933/3351/3062 1934/3352/3063
f 1938/3350/3061 1939/3353/3064 1941/3348/3059
f 1941/3348/3059 1939/3353/3064 1940/3346/3057
f 1892/3354/3065 1942/3355/3066 1893/3356/2980
f 1893/3356/2980 1942/3355/3066 1943/3357/3067
f 1943/3358/3067 1942/3359/3068 1949/3360/3069
f 1949/3360/3069 1942/3359/3068 1944/3361/3070
f 1949/3360/3069 1944/3361/3070 1947/3362/3071
f 1947/3362/3071 1944/3361/3070 1945/3363/3072
f 1947/3362/3071 1945/3363/3072 1946/3364/3073
f 1947/3362/3071 1948/3365/3074 1949/3360/3069
f 1949/3360/3069 1948/3365/3074 1943/3358/3067
f 1946/3366/3075 1945/3367/3076 1952/3368/3077
f 1952/3368/3077 1945/3367/3076 1950/3369/3078
f 1952/3368/3077 1950/3369/3078 1951/3370/3079
f 1951/3370/3079 1946/3366/3075 1952/3368/3077
f 1950/3371/3080 1953/3372/3081 1951/3373/3082
f 1951/3373/3082 1953/3372/3081 1958/3374/3083
f 1951/3373/3082 1958/3374/3083 1957/3375/3084
f 1957/3375/3084 1958/3374/3083 1956/3376/3085
f 1956/3376/3085 1958/3374/3083 1954/3377/3086
f 1956/3376/3085 1954/3377/3086 1955/3378/3087
f 1953/3372/3081 1954/3377/3086 1958/3374/3083
f 1960/3379/3088 1982/3380/3089 1959/3381/3090
f 1959/3381/3090 1982/3380/3089 1971/3382/3091
f 1959/3383/3090 1971/3384/3091 1970/3385/3092
f 1970/3385/3092 1971/3384/3091 1972/3386/3093
f 1970/3385/3092 1972/3386/3093 1969/3387/3094
f 1969/3387/3094 1972/3386/3093 1973/3388/3095
f 1969/3387/3094 1973/3388/3095 1968/3389/3096
f 1968/3389/3096 1973/3388/3095 1974/3390/3097
f 1968/3389/3096 1974/3390/3097 1967/3391/3098
f 1967/3391/3098 1974/3390/3097 1975/3392/3099
f 1967/3391/3098 1975/3392/3099 1966/3393/3100
f 1966/3393/3100 1975/3392/3099 1976/3394/3101
f 1966/3393/3100 1976/3394/3101 1965/3395/3102
f 1965/3395/3102 1976/3394/3101 1977/3396/3103
f 1965/3395/3102 1977/3396/3103 1964/3397/3104
f 1964/3397/3104 1977/3396/3103 1978/3398/3105
f 1964/3397/3104 1978/3398/3105 1963/3399/3106
f 1963/3399/3106 1978/3398/3105 1979/3400/3107
f 1963/3399/3106 1979/3400/3107 1962/3401/3108
f 1962/3401/3108 1979/3400/3107 1980/3402/3109
f 1962/3401/3108 1980/3402/3109 1961/3403/3110
f 1961/3403/3110 1980/3402/3109 1981/3404/3111
f 1961/3403/3110 1981/3404/3111 1960/3379/3088
f 1960/3379/3088 1981/3404/3111 1982/3380/3089
f 1995/3405/3112 1983/3406/3113 1977/3407/3114
f 1977/3407/3114 1983/3406/3113 1984/3408/3115
f 1977/3407/3114 1984/3408/3115 1978/3409/3116
f 1978/3409/3116 1984/3408/3115 1985/3410/3117
f 1978/3409/3116 1985/3410/3117 1979/3411/3118
f 1979/3411/3118 1985/3410/3117 1986/3412/3119
f 1979/3411/3118 1986/3412/3119 1980/3413/3120
f 1980/3413/3120 1986/3412/3119 1987/3414/3121
f 1980/3413/3120 1987/3414/3121 1981/3415/3122
f 1981/3415/3122 1987/3414/3121 1988/3416/3123
f 1981/3415/3122 1988/3416/3123 1982/3417/3124
f 1982/3417/3124 1988/3416/3123 1989/3418/3125
f 1982/3417/3124 1989/3418/3125 1971/3419/3126
f 1971/3419/3126 1989/3418/3125 1990/3420/3127
f 1971/3419/3126 1990/3420/3127 1972/3421/3128
f 1972/3421/3128 1990/3420/3127 1991/3422/3129
f 1972/3421/3128 1991/3422/3129 1973/3423/3130
f 1973/3423/3130 1991/3422/3129 1992/3424/3131
f 1973/3423/3130 1992/3424/3131 1974/3425/3132
f 1974/3425/3132 1992/3424/3131 1993/3426/3133
f 1974/3425/3132 1993/3426/3133 1975/3427/3134
f 1975/3427/3134 1993/3426/3133 1994/3428/3135
f 1975/3427/3134 1994/3428/3135 1976/3429/3136
f 1976/3429/3136 1994/3428/3135 1995/3405/3112
f 1976/3429/3136 1995/3405/3112 1977/3407/3114
f 1997/3430/3137 2016/3431/3138 1996/3432/3139
f 1996/3432/3139 2016/3431/3138 2015/3433/3140
f 1996/3432/3139 2015/3433/3140 2014/3434/3141
f 2014/3435/3141 2015/3436/3140 2013/3437/3142
f 2013/3437/3142 2015/3436/3140 2027/3438/3143
f 2013/3437/3142 2027/3438/3143 2012/3439/3144
f 2012/3439/3144 2027/3438/3143 2026/3440/3145
f 2012/3439/3144 2026/3440/3145 2011/3441/3146
f 2011/3441/3146 2026/3440/3145 2025/3442/3147
f 2011/3441/3146 2025/3442/3147 2010/3443/3148
f 2010/3443/3148 2025/3442/3147 2009/3444/3149
f 2009/3444/3149 2025/3442/3147 2024/3445/3150
f 2009/3444/3149 2024/3445/3150 2008/3446/3151
f 2008/3446/3151 2024/3445/3150 2023/3447/3152
f 2008/3446/3151 2023/3447/3152 2007/3448/3153
f 2007/3448/3153 2023/3447/3152 2022/3449/3154
f 2007/3448/3153 2022/3449/3154 2006/3450/3155
f 2006/3450/3155 2022/3449/3154 2005/3451/3156
f 2005/3451/3156 2022/3449/3154 2021/3452/3157
f 2005/3451/3156 2021/3452/3157 2004/3453/3158
f 2004/3453/3158 2021/3452/3157 2020/3454/3159
f 2004/3453/3158 2020/3454/3159 2003/3455/3160
f 2003/3455/3160 2020/3454/3159 2002/3456/3161
f 2002/3456/3161 2020/3454/3159 2019/3457/3162
f 2002/3456/3161 2019/3457/3162 2001/3458/3163
f 2001/3458/3163 2019/3457/3162 2018/3459/3164
f 2001/3458/3163 2018/3459/3164 2000/3460/3165
f 2000/3460/3165 2018/3459/3164 2017/3461/3166
f 2000/3460/3165 2017/3461/3166 1999/3462/3167
f 1999/3462/3167 2017/3461/3166 1998/3463/3168
f 1998/3463/3168 2017/3461/3166 2016/3431/3138
f 1998/3463/3168 2016/3431/3138 1997/3430/3137
f 1995/3464/3169 2027/3438/3143 1983/3465/3170
f 1983/3465/3170 2027/3438/3143 2015/3436/3140
f 1983/3466/3170 2015/3433/3140 1984/3467/3171
f 1984/3467/3171 2015/3433/3140 2016/3431/3138
f 1984/3467/3171 2016/3431/3138 2017/3461/3166
f 2027/3438/3143 1995/3464/3169 2026/3440/3145
f 2026/3440/3145 1995/3464/3169 1994/3468/3172
f 2026/3440/3145 1994/3468/3172 2025/3442/3147
f 2025/3442/3147 1994/3468/3172 1993/3469/3173
f 2025/3442/3147 1993/3469/3173 2024/3445/3150
f 2024/3445/3150 1993/3469/3173 1992/3470/3174
f 2024/3445/3150 1992/3470/3174 2023/3447/3152
f 2023/3447/3152 1992/3470/3174 1991/3471/3175
f 2023/3447/3152 1991/3471/3175 2022/3449/3154
f 2022/3449/3154 1991/3471/3175 1990/3472/3176
f 2022/3449/3154 1990/3472/3176 2021/3452/3157
f 2021/3452/3157 1990/3472/3176 1989/3473/3177
f 2021/3452/3157 1989/3473/3177 2020/3454/3159
f 2020/3454/3159 1989/3473/3177 1988/3474/3178
f 2020/3454/3159 1988/3474/3178 2019/3457/3162
f 2019/3457/3162 1988/3474/3178 1987/3475/3179
f 2019/3457/3162 1987/3475/3179 2018/3459/3164
f 2018/3459/3164 1987/3475/3179 1986/3476/3180
f 2018/3459/3164 1986/3476/3180 1985/3477/3181
f 2018/3459/3164 1985/3477/3181 2017/3461/3166
f 2017/3461/3166 1985/3477/3181 1984/3467/3171
f 1220/3478/3182 1219/3479/3183 1965/3480/3184
f 1965/3480/3184 1219/3479/3183 1231/3481/3185
f 1965/3480/3184 1231/3481/3185 1966/3482/3186
f 1966/3482/3186 1231/3481/3185 1230/3483/3187
f 1966/3482/3186 1230/3483/3187 1967/3484/3188
f 1967/3484/3188 1230/3483/3187 1229/3485/3189
f 1967/3484/3188 1229/3485/3189 1968/3486/3190
f 1968/3486/3190 1229/3485/3189 1228/3487/3191
f 1968/3486/3190 1228/3487/3191 1969/3488/3192
f 1969/3488/3192 1228/3487/3191 1227/3489/3193
f 1969/3488/3192 1227/3489/3193 1970/3490/3194
f 1970/3490/3194 1227/3489/3193 1226/3491/3195
f 1970/3490/3194 1226/3491/3195 1959/3492/3196
f 1959/3492/3196 1226/3491/3195 1225/3493/3197
f 1959/3492/3196 1225/3493/3197 1960/3494/3198
f 1960/3494/3198 1225/3493/3197 1224/3495/3199
f 1960/3494/3198 1224/3495/3199 1961/3496/3200
f 1961/3496/3200 1224/3495/3199 1223/3497/3201
f 1961/3496/3200 1223/3497/3201 1962/3498/3202
f 1962/3498/3202 1223/3497/3201 1222/3499/3203
f 1962/3498/3202 1222/3499/3203 1963/3500/3204
f 1963/3500/3204 1222/3499/3203 1221/3501/3205
f 1963/3500/3204 1221/3501/3205 1964/3502/3206
f 1964/3502/3206 1221/3501/3205 1220/3478/3182
f 1964/3502/3206 1220/3478/3182 1965/3480/3184
f 1851/3503/3207 2044/3504/3208 1852/3505/3209
f 1852/3505/3209 2044/3504/3208 2045/3506/3210
f 1852/3505/3209 2045/3506/3210 2048/3507/3211
f 2048/3507/3211 2045/3506/3210 2047/3508/3212
f 2047/3508/3212 2045/3506/3210 2046/3509/3213
f 2046/3509/3213 2045/3506/3210 1820/3510/2848
f 2046/3509/3213 1820/3510/2848 1819/3511/2849
f 2044/3504/3208 1851/3503/3207 2043/3512/3214
f 2043/3512/3214 1851/3503/3207 1850/3513/3215
f 2043/3512/3214 1850/3513/3215 1849/3514/3216
f 2043/3512/3214 1849/3514/3216 2042/3515/3217
f 2042/3515/3217 1849/3514/3216 1848/3516/3218
f 2042/3515/3217 1848/3516/3218 2041/3517/3219
f 2041/3517/3219 1848/3516/3218 1847/3518/3220
f 2041/3517/3219 1847/3518/3220 2040/3519/3221
f 2040/3519/3221 1847/3518/3220 1846/3520/3222
f 2040/3519/3221 1846/3520/3222 2039/3521/3223
f 2039/3521/3223 1846/3520/3222 1845/3522/3224
f 2039/3521/3223 1845/3522/3224 2038/3523/3225
f 2038/3523/3225 1845/3522/3224 1844/3524/3226
f 2038/3523/3225 1844/3524/3226 2037/3525/3227
f 2037/3525/3227 1844/3524/3226 1843/3526/3228
f 2037/3525/3227 1843/3526/3228 2036/3527/3229
f 2036/3527/3229 1843/3526/3228 1842/3528/3230
f 2036/3527/3229 1842/3528/3230 2035/3529/3231
f 2035/3529/3231 1842/3528/3230 1841/3530/3232
f 2035/3529/3231 1841/3530/3232 2034/3531/3233
f 2034/3531/3233 1841/3530/3232 1840/3532/3234
f 2034/3531/3233 1840/3532/3234 2033/3533/3235
f 2033/3533/3235 1840/3532/3234 1839/3534/3236
f 2033/3533/3235 1839/3534/3236 2032/3535/3237
f 2032/3535/3237 1839/3534/3236 1838/3536/3238
f 2032/3535/3237 1838/3536/3238 2031/3537/3239
f 2031/3537/3239 1838/3536/3238 1837/3538/3240
f 2031/3537/3239 1837/3538/3240 2029/3539/3241
f 2029/3539/3241 1837/3538/3240 2028/3540/3242
f 2028/3540/3242 1837/3538/3240 1523/3541/3243
f 2029/3539/3241 2030/3542/3244 2031/3537/3239
f 2048/3507/3211 2049/3543/3245 1852/3505/3209
f 1852/3505/3209 2049/3543/3245 1610/3544/3246
f 2051/3545/3247 2065/3546/3248 2050/3547/3249
f 2050/3547/3249 2065/3546/3248 2066/3548/3250
f 2050/3549/3249 2066/3550/3250 2067/3551/3251
f 2065/3546/3248 2051/3545/3247 2064/3552/3252
f 2064/3552/3252 2051/3545/3247 2052/3553/3253
f 2064/3552/3252 2052/3553/3253 2063/3554/3254
f 2063/3554/3254 2052/3553/3253 2053/3555/3255
f 2063/3554/3254 2053/3555/3255 2062/3556/3256
f 2062/3556/3256 2053/3555/3255 2077/3557/3257
f 2077/3557/3257 2053/3555/3255 2054/3558/3258
f 2077/3557/3257 2054/3558/3258 2076/3559/3259
f 2076/3559/3259 2054/3558/3258 2055/3560/3260
f 2076/3559/3259 2055/3560/3260 2075/3561/3261
f 2075/3561/3261 2055/3560/3260 2056/3562/3262
f 2075/3561/3261 2056/3562/3262 2074/3563/3263
f 2074/3563/3263 2056/3562/3262 2073/3564/3264
f 2073/3564/3264 2056/3562/3262 2057/3565/3265
f 2073/3564/3264 2057/3565/3265 2072/3566/3266
f 2072/3566/3266 2057/3565/3265 2058/3567/3267
f 2072/3566/3266 2058/3567/3267 2071/3568/3268
f 2071/3568/3268 2058/3567/3267 2059/3569/3269
f 2071/3568/3268 2059/3569/3269 2070/3570/3270
f 2070/3570/3270 2059/3569/3269 2069/3571/3271
f 2069/3571/3271 2059/3569/3269 2060/3572/3272
f 2069/3571/3271 2060/3572/3272 2068/3573/3273
f 2068/3573/3273 2060/3572/3272 2061/3574/3274
f 2068/3573/3273 2061/3574/3274 2067/3551/3251
f 2067/3551/3251 2061/3574/3274 2050/3549/3249
f 2061/3575/3275 2089/3576/3276 2050/3577/3277
f 2050/3577/3277 2089/3576/3276 2078/3578/3278
f 2050/3577/3277 2078/3578/3278 2051/3579/3279
f 2051/3579/3279 2078/3578/3278 2079/3580/3280
f 2051/3579/3279 2079/3580/3280 2080/3581/3281
f 2089/3576/3276 2061/3575/3275 2088/3582/3282
f 2088/3582/3282 2061/3575/3275 2060/3583/3283
f 2088/3582/3282 2060/3583/3283 2087/3584/3284
f 2087/3584/3284 2060/3583/3283 2059/3585/3285
f 2087/3584/3284 2059/3585/3285 2058/3586/3286
f 2087/3584/3284 2058/3586/3286 2086/3587/3287
f 2086/3587/3287 2058/3586/3286 2057/3588/3288
f 2086/3587/3287 2057/3588/3288 2085/3589/3289
f 2085/3589/3289 2057/3588/3288 2056/3590/3290
f 2085/3589/3289 2056/3590/3290 2084/3591/3291
f 2084/3591/3291 2056/3590/3290 2083/3592/3292
f 2083/3592/3292 2056/3590/3290 2055/3593/3293
f 2083/3592/3292 2055/3593/3293 2082/3594/3294
f 2082/3594/3294 2055/3593/3293 2054/3595/3295
f 2082/3594/3294 2054/3595/3295 2081/3596/3296
f 2081/3596/3296 2054/3595/3295 2053/3597/3297
f 2081/3596/3296 2053/3597/3297 2052/3598/3298
f 2081/3596/3296 2052/3598/3298 2080/3581/3281
f 2080/3581/3281 2052/3598/3298 2051/3579/3279
f 2070/3599/3299 2069/3600/3300 2127/3601/3301
f 2127/3601/3301 2069/3600/3300 2068/3602/3302
f 2127/3601/3301 2068/3602/3302 2126/3603/3303
f 2126/3603/3303 2068/3602/3302 2067/3604/3304
f 2126/3603/3303 2067/3604/3304 2128/3605/3305
f 2128/3605/3305 2067/3604/3304 2066/3606/3306
f 2128/3605/3305 2066/3606/3306 2091/3607/3307
f 2091/3607/3307 2066/3606/3306 2065/3608/3308
f 2091/3607/3307 2065/3608/3308 2064/3609/3309
f 2091/3607/3307 2064/3609/3309 2090/3610/3310
f 2090/3610/3310 2064/3609/3309 2063/3611/3311
f 2090/3610/3310 2063/3611/3311 2062/3612/3312
f 2128/3605/3305 2091/3607/3307 2129/3613/3313
f 2129/3613/3313 2091/3607/3307 2092/3614/3314
f 2129/3613/3313 2092/3614/3314 2130/3615/3315
f 2130/3615/3315 2092/3614/3314 2093/3616/3316
f 2130/3615/3315 2093/3616/3316 2131/3617/3317
f 2131/3617/3317 2093/3616/3316 2094/3618/3318
f 2131/3617/3317 2094/3618/3318 2132/3619/3319
f 2132/3619/3319 2094/3618/3318 2095/3620/3320
f 2132/3619/3319 2095/3620/3320 2133/3621/3321
f 2133/3621/3321 2095/3620/3320 2096/3622/3322
f 2133/3621/3321 2096/3622/3322 2005/3623/3323
f 2005/3623/3323 2096/3622/3322 2097/3624/3324
f 2005/3623/3323 2097/3624/3324 2006/3625/3325
f 2006/3625/3325 2097/3624/3324 2007/3626/3326
f 2007/3626/3326 2097/3624/3324 2008/3627/3327
f 2008/3627/3327 2097/3624/3324 2098/3628/3328
f 2008/3627/3327 2098/3628/3328 2009/3629/3329
f 2009/3629/3329 2098/3628/3328 2010/3630/3330
f 2010/3630/3330 2098/3628/3328 2099/3631/3331
f 2010/3630/3330 2099/3631/3331 2011/3632/3332
f 2011/3632/3332 2099/3631/3331 2012/3633/3333
f 2012/3633/3333 2099/3631/3331 2100/3634/3334
f 2012/3633/3333 2100/3634/3334 2013/3635/3335
f 2013/3635/3335 2100/3634/3334 2014/3636/3336
f 2014/3636/3336 2100/3634/3334 2101/3637/3337
f 2014/3636/3336 2101/3637/3337 2116/3638/3338
f 2116/3638/3338 2101/3637/3337 2102/3639/3339
f 2116/3638/3338 2102/3639/3339 2115/3640/3340
f 2115/3640/3340 2102/3639/3339 2103/3641/3341
f 2115/3640/3340 2103/3641/3341 2114/3642/3342
f 2114/3642/3342 2103/3641/3341 2104/3643/3343
f 2114/3642/3342 2104/3643/3343 2113/3644/3344
f 2113/3644/3344 2104/3643/3343 2105/3645/3345
f 2113/3644/3344 2105/3645/3345 2112/3646/3346
f 2112/3646/3346 2105/3645/3345 2106/3647/3347
f 2112/3646/3346 2106/3647/3347 2111/3648/3348
f 2111/3648/3348 2106/3647/3347 2107/3649/3349
f 2111/3648/3348 2107/3649/3349 2110/3650/3350
f 2110/3650/3350 2107/3649/3349 2108/3651/3351
f 2110/3650/3350 2108/3651/3351 2109/3652/3352
f 2109/3652/3352 2108/3651/3351 1893/3653/2980
f 2109/3652/3352 1893/3653/2980 1943/3654/3067
f 2116/3638/3338 2117/3655/3353 2014/3636/3336
f 2014/3636/3336 2117/3655/3353 1996/3656/3354
f 1996/3656/3354 2117/3655/3353 1997/3657/3355
f 1997/3657/3355 2117/3655/3353 1998/3658/3356
f 1998/3658/3356 2117/3655/3353 1999/3659/3357
f 1999/3659/3357 2117/3655/3353 2118/3660/3358
f 1999/3659/3357 2118/3660/3358 2000/3661/3359
f 2000/3661/3359 2118/3660/3358 2001/3662/3360
f 2001/3662/3360 2118/3660/3358 2119/3663/3361
f 2001/3662/3360 2119/3663/3361 2134/3664/3362
f 2134/3664/3362 2119/3663/3361 2002/3665/3363
f 2134/3664/3362 2002/3665/3363 2001/3662/3360
f 2119/3663/3361 2120/3666/3364 2002/3665/3363
f 2002/3665/3363 2120/3666/3364 2003/3667/3365
f 2003/3667/3365 2120/3666/3364 2135/3668/3366
f 2003/3667/3365 2135/3668/3366 2004/3669/3367
f 2004/3669/3367 2135/3668/3366 2005/3623/3323
f 2005/3623/3323 2135/3668/3366 2120/3666/3364
f 2005/3623/3323 2120/3666/3364 2121/3670/3368
f 2122/3671/3369 2132/3619/3319 2121/3670/3368
f 2121/3670/3368 2132/3619/3319 2133/3621/3321
f 2121/3670/3368 2133/3621/3321 2005/3623/3323
f 2132/3619/3319 2122/3671/3369 2131/3617/3317
f 2131/3617/3317 2122/3671/3369 2123/3672/3370
f 2131/3617/3317 2123/3672/3370 2130/3615/3315
f 2130/3615/3315 2123/3672/3370 2124/3673/3371
f 2130/3615/3315 2124/3673/3371 2129/3613/3313
f 2129/3613/3313 2124/3673/3371 2125/3674/3372
f 2129/3613/3313 2125/3674/3372 2128/3605/3305
f 2128/3605/3305 2125/3674/3372 2126/3603/3303
f 2062/3675/3312 2077/3676/3373 2090/3677/3310
f 2090/3677/3310 2077/3676/3373 2076/3678/3374
f 2090/3677/3310 2076/3678/3374 2075/3679/3375
f 2075/3679/3375 2074/3680/3376 2090/3677/3310
f 2090/3677/3310 2074/3680/3376 2172/3681/3377
f 2172/3681/3377 2074/3680/3376 2136/3682/3378
f 2172/3681/3377 2136/3682/3378 2137/3683/3379
f 2074/3680/3376 2073/3684/3380 2136/3682/3378
f 2136/3682/3378 2073/3684/3380 2072/3685/3381
f 2136/3682/3378 2072/3685/3381 2127/3686/3301
f 2127/3686/3301 2072/3685/3381 2071/3687/3382
f 2127/3686/3301 2071/3687/3382 2070/3688/3299
f 2172/3681/3377 2137/3683/3379 2171/3689/3383
f 2171/3689/3383 2137/3683/3379 2138/3690/3384
f 2171/3689/3383 2138/3690/3384 2170/3691/3385
f 2170/3691/3385 2138/3690/3384 2139/3692/3386
f 2170/3691/3385 2139/3692/3386 2169/3693/3387
f 2169/3693/3387 2139/3692/3386 2140/3694/3388
f 2169/3693/3387 2140/3694/3388 2168/3695/3389
f 2168/3695/3389 2140/3694/3388 2141/3696/3390
f 2168/3695/3389 2141/3696/3390 2167/3697/3391
f 2167/3697/3391 2141/3696/3390 2142/3698/3392
f 2167/3697/3391 2142/3698/3392 2166/3699/3393
f 2166/3699/3393 2142/3698/3392 2143/3700/3394
f 2166/3699/3393 2143/3700/3394 2165/3701/3395
f 2165/3701/3395 2143/3700/3394 2144/3702/3396
f 2165/3701/3395 2144/3702/3396 2164/3703/3397
f 2164/3703/3397 2144/3702/3396 2145/3704/3398
f 2164/3703/3397 2145/3704/3398 2163/3705/3399
f 2163/3705/3399 2145/3704/3398 2146/3706/3400
f 2163/3705/3399 2146/3706/3400 2162/3707/3401
f 2162/3707/3401 2146/3706/3400 2147/3708/3402
f 2162/3707/3401 2147/3708/3402 2161/3709/3403
f 2161/3709/3403 2147/3708/3402 2148/3710/3404
f 2161/3709/3403 2148/3710/3404 2160/3711/3405
f 2160/3711/3405 2148/3710/3404 2149/3712/3406
f 2160/3711/3405 2149/3712/3406 2159/3713/3407
f 2159/3713/3407 2149/3712/3406 2150/3714/3408
f 2159/3713/3407 2150/3714/3408 2158/3715/3409
f 2158/3715/3409 2150/3714/3408 2151/3716/3410
f 2158/3715/3409 2151/3716/3410 2157/3717/3411
f 2157/3717/3411 2151/3716/3410 2152/3718/3412
f 2157/3717/3411 2152/3718/3412 2156/3719/3413
f 2156/3719/3413 2152/3718/3412 2153/3720/3414
f 2156/3719/3413 2153/3720/3414 2155/3721/3415
f 2155/3721/3415 2153/3720/3414 1928/3722/3049
f 2155/3721/3415 1928/3722/3049 2154/3723/3416
f 2089/3724/3417 2184/3725/3418 2078/3726/3419
f 2078/3726/3419 2184/3725/3418 2173/3727/3420
f 2078/3728/3419 2173/3729/3420 2079/3730/3421
f 2079/3730/3421 2173/3729/3420 2174/3731/3422
f 2079/3730/3421 2174/3731/3422 2080/3732/3423
f 2080/3732/3423 2174/3731/3422 2175/3733/3424
f 2080/3732/3423 2175/3733/3424 2081/3734/3425
f 2081/3734/3425 2175/3733/3424 2176/3735/3426
f 2081/3734/3425 2176/3735/3426 2082/3736/3427
f 2082/3736/3427 2176/3735/3426 2177/3737/3428
f 2082/3736/3427 2177/3737/3428 2083/3738/3429
f 2083/3738/3429 2177/3737/3428 2178/3739/3430
f 2083/3738/3429 2178/3739/3430 2084/3740/3431
f 2084/3740/3431 2178/3739/3430 2179/3741/3432
f 2084/3740/3431 2179/3741/3432 2085/3742/3433
f 2085/3742/3433 2179/3741/3432 2180/3743/3434
f 2085/3742/3433 2180/3743/3434 2086/3744/3435
f 2086/3744/3435 2180/3743/3434 2181/3745/3436
f 2086/3744/3435 2181/3745/3436 2087/3746/3437
f 2087/3746/3437 2181/3745/3436 2182/3747/3438
f 2087/3746/3437 2182/3747/3438 2088/3748/3439
f 2088/3748/3439 2182/3747/3438 2183/3749/3440
f 2088/3748/3439 2183/3749/3440 2089/3724/3417
f 2089/3724/3417 2183/3749/3440 2184/3725/3418
f 1611/3750/3441 1610/3751/3442 2189/3752/3443
f 2189/3753/3443 1610/3754/3442 2049/3755/3444
f 2189/3753/3443 2049/3755/3444 2205/3756/3445
f 2205/3756/3445 2049/3755/3444 2048/3757/3446
f 2205/3756/3445 2048/3757/3446 2204/3758/3447
f 2204/3758/3447 2048/3757/3446 2047/3759/3448
f 2204/3758/3447 2047/3759/3448 2203/3760/3449
f 2203/3760/3449 2047/3759/3448 2046/3761/3450
f 2203/3760/3449 2046/3761/3450 2202/3762/3451
f 2202/3762/3451 2046/3761/3450 1819/3763/3452
f 2202/3762/3451 1819/3763/3452 2201/3764/3453
f 2201/3764/3453 1819/3763/3452 1818/3765/3454
f 2201/3764/3453 1818/3765/3454 2200/3766/3455
f 2200/3766/3455 1818/3765/3454 1817/3767/3456
f 2200/3766/3455 1817/3767/3456 2199/3768/3457
f 2199/3768/3457 1817/3767/3456 1816/3769/3458
f 2199/3768/3457 1816/3769/3458 2198/3770/3459
f 2198/3770/3459 1816/3769/3458 1815/3771/3460
f 2198/3770/3459 1815/3771/3460 1778/3772/3461
f 2198/3770/3459 1778/3772/3461 2197/3773/3462
f 2197/3773/3462 1778/3772/3461 2185/3774/3463
f 2197/3773/3462 2185/3774/3463 2186/3775/3464
f 2197/3773/3462 2186/3775/3464 2196/3776/3465
f 2196/3776/3465 2186/3775/3464 2187/3777/3466
f 2196/3776/3465 2187/3777/3466 2195/3778/3467
f 2195/3778/3467 2187/3777/3466 2188/3779/3468
f 2195/3778/3467 2188/3779/3468 2194/3780/3469
f 2194/3780/3469 2188/3779/3468 1615/3781/3470
f 2194/3780/3469 1615/3781/3470 2193/3782/3471
f 2193/3782/3471 1615/3781/3470 1614/3783/3472
f 2193/3782/3471 1614/3783/3472 2192/3784/3473
f 2192/3784/3473 1614/3783/3472 1613/3785/3474
f 2192/3784/3473 1613/3785/3474 2191/3786/3475
f 2191/3786/3475 1613/3785/3474 1612/3787/3476
f 2191/3786/3475 1612/3787/3476 2190/3788/3477
f 2190/3788/3477 1612/3787/3476 1611/3750/3441
f 2190/3788/3477 1611/3750/3441 2189/3752/3443
f 2190/3789/3478 2189/3790/3479 2173/3791/3480
f 2173/3791/3480 2189/3790/3479 2205/3792/3481
f 2173/3791/3480 2205/3792/3481 2174/3793/3482
f 2174/3793/3482 2205/3792/3481 2204/3794/3483
f 2174/3793/3482 2204/3794/3483 2175/3795/3484
f 2175/3795/3484 2204/3794/3483 2203/3796/3485
f 2175/3795/3484 2203/3796/3485 2202/3797/3486
f 2175/3795/3484 2202/3797/3486 2176/3798/3487
f 2176/3798/3487 2202/3797/3486 2201/3799/3488
f 2176/3798/3487 2201/3799/3488 2177/3800/3489
f 2177/3800/3489 2201/3799/3488 2200/3801/3490
f 2177/3800/3489 2200/3801/3490 2178/3802/3491
f 2178/3802/3491 2200/3801/3490 2199/3803/3492
f 2178/3802/3491 2199/3803/3492 2198/3804/3493
f 2178/3802/3491 2198/3804/3493 2179/3805/3494
f 2179/3805/3494 2198/3804/3493 2197/3806/3495
f 2179/3805/3494 2197/3806/3495 2180/3807/3496
f 2180/3807/3496 2197/3806/3495 2196/3808/3497
f 2180/3807/3496 2196/3808/3497 2195/3809/3498
f 2180/3807/3496 2195/3809/3498 2181/3810/3499
f 2181/3810/3499 2195/3809/3498 2194/3811/3500
f 2181/3810/3499 2194/3811/3500 2182/3812/3501
f 2182/3812/3501 2194/3811/3500 2193/3813/3502
f 2182/3812/3501 2193/3813/3502 2183/3814/3503
f 2183/3814/3503 2193/3813/3502 2192/3815/3504
f 2183/3814/3503 2192/3815/3504 2191/3816/3505
f 2183/3814/3503 2191/3816/3505 2184/3817/3506
f 2184/3817/3506 2191/3816/3505 2190/3789/3478
f 2184/3817/3506 2190/3789/3478 2173/3791/3480
f 942/3818/1315 1707/3819/3507 927/3820/1313
f 927/3820/1313 1707/3819/3507 1748/3821/3508
f 927/3820/1313 1748/3821/3508 1747/3822/3509
f 1748/3821/3508 1707/3819/3507 1749/3823/3510
f 1749/3823/3510 1707/3819/3507 1706/3824/3511
f 1749/3823/3510 1706/3824/3511 1750/3825/3512
f 1750/3825/3512 1706/3824/3511 1705/3826/3513
f 1750/3825/3512 1705/3826/3513 1751/3827/3514
f 1751/3827/3514 1705/3826/3513 1704/3828/3515
f 1751/3827/3514 1704/3828/3515 1752/3829/3516
f 1752/3829/3516 1704/3828/3515 1703/3830/3517
f 1752/3829/3516 1703/3830/3517 1753/3831/3518
f 1753/3831/3518 1703/3830/3517 1702/3832/3519
f 1753/3831/3518 1702/3832/3519 1754/3833/3520
f 1754/3833/3520 1702/3832/3519 1701/3834/3521
f 1754/3833/3520 1701/3834/3521 1755/3835/3522
f 1755/3835/3522 1701/3834/3521 1700/3836/3523
f 1755/3835/3522 1700/3836/3523 1756/3837/3524
f 1756/3837/3524 1700/3836/3523 1699/3838/3525
f 1756/3837/3524 1699/3838/3525 1757/3839/3526
f 1757/3839/3526 1699/3838/3525 1698/3840/3527
f 1757/3839/3526 1698/3840/3527 1758/3841/3528
f 1758/3841/3528 1698/3840/3527 1697/3842/3529
f 1758/3841/3528 1697/3842/3529 1759/3843/3530
f 1759/3843/3530 1697/3842/3529 1696/3844/3531
f 1759/3843/3530 1696/3844/3531 1760/3845/3532
f 1760/3845/3532 1696/3844/3531 1695/3846/3533
f 1760/3845/3532 1695/3846/3533 1761/3847/3534
f 1761/3847/3534 1695/3846/3533 1762/3848/3535
f 1762/3848/3535 1695/3846/3533 1694/3849/3536
f 1762/3848/3535 1694/3849/3536 1763/3850/3537
f 1763/3850/3537 1694/3849/3536 2186/3851/3538
f 1763/3850/3537 2186/3851/3538 2185/3852/3539
f 1694/3849/3536 1693/3853/3540 2186/3851/3538
f 2186/3851/3538 1693/3853/3540 2187/3854/3541
f 2187/3854/3541 1693/3853/3540 2188/3855/3542
f 2188/3855/3542 1693/3853/3540 1616/3856/2463
f 2188/3855/3542 1616/3856/2463 1615/3857/2462
f 1778/3858/3543 1814/3859/3544 2185/3852/3539
f 2185/3852/3539 1814/3859/3544 1813/3860/3545
f 2185/3852/3539 1813/3860/3545 1812/3861/3546
f 1812/3861/3546 1763/3850/3537 2185/3852/3539
f 1746/3862/3547 2238/3863/3548 1632/3864/3549
f 1632/3864/3549 2238/3863/3548 2227/3865/3550
f 1632/3864/3549 2227/3865/3550 2228/3866/3551
f 1745/3867/3552 2237/3868/3553 1746/3862/3547
f 1746/3862/3547 2237/3868/3553 2239/3869/3554
f 1746/3862/3547 2239/3869/3554 2238/3863/3548
f 2238/3863/3548 2239/3869/3554 2226/3870/3555
f 2238/3863/3548 2226/3870/3555 2227/3865/3550
f 2237/3868/3553 1745/3867/3552 2240/3871/3556
f 2240/3871/3556 1745/3867/3552 1744/3872/3557
f 2240/3871/3556 1744/3872/3557 2241/3873/3558
f 2241/3873/3558 1744/3872/3557 1743/3874/3559
f 2241/3873/3558 1743/3874/3559 2236/3875/3560
f 2236/3875/3560 1743/3874/3559 1742/3876/3561
f 2236/3875/3560 1742/3876/3561 2242/3877/3562
f 2242/3877/3562 1742/3876/3561 2235/3878/3563
f 2242/3877/3562 2235/3878/3563 2220/3879/3564
f 2220/3879/3564 2235/3878/3563 2219/3880/3565
f 2219/3880/3565 2235/3878/3563 2234/3881/3566
f 2219/3880/3565 2234/3881/3566 2218/3882/3567
f 2218/3882/3567 2234/3881/3566 2243/3883/3568
f 2218/3882/3567 2243/3883/3568 2244/3884/3569
f 2244/3884/3569 2243/3883/3568 1740/3885/3570
f 2244/3884/3569 1740/3885/3570 1739/3886/3571
f 1742/3876/3561 1741/3887/3572 2235/3878/3563
f 2235/3878/3563 1741/3887/3572 2234/3881/3566
f 1741/3887/3572 1740/3885/3570 2234/3881/3566
f 2234/3881/3566 1740/3885/3570 2243/3883/3568
f 1738/3888/3573 2233/3889/3574 1739/3886/3571
f 1739/3886/3571 2233/3889/3574 2245/3890/3575
f 1739/3886/3571 2245/3890/3575 2244/3884/3569
f 2244/3884/3569 2245/3890/3575 2217/3891/3576
f 2244/3884/3569 2217/3891/3576 2218/3882/3567
f 2233/3889/3574 1738/3888/3573 2232/3892/3577
f 2232/3892/3577 1738/3888/3573 1737/3893/3578
f 2232/3892/3577 1737/3893/3578 2246/3894/3579
f 2246/3894/3579 1737/3893/3578 2231/3895/3580
f 2246/3894/3579 2231/3895/3580 2213/3896/3581
f 2213/3896/3581 2231/3895/3580 2212/3897/3582
f 2212/3897/3582 2231/3895/3580 2247/3898/3583
f 2212/3897/3582 2247/3898/3583 2211/3899/3584
f 2211/3899/3584 2247/3898/3583 2230/3900/3585
f 2211/3899/3584 2230/3900/3585 2210/3901/3586
f 2210/3901/3586 2230/3900/3585 2248/3902/3587
f 2210/3901/3586 2248/3902/3587 2209/3903/3588
f 2209/3903/3588 2248/3902/3587 2249/3904/3589
f 2209/3903/3588 2249/3904/3589 2208/3905/3590
f 2208/3905/3590 2249/3904/3589 2250/3906/3591
f 2208/3905/3590 2250/3906/3591 2207/3907/3592
f 2207/3907/3592 2250/3906/3591 2251/3908/3593
f 2207/3907/3592 2251/3908/3593 2206/3909/3594
f 2206/3909/3594 2251/3908/3593 2229/3910/3595
f 2206/3909/3594 2229/3910/3595 815/3911/1162
f 815/3911/1162 2229/3910/3595 816/3912/1163
f 816/3912/1163 2229/3910/3595 1732/3913/3596
f 1732/3913/3596 2229/3910/3595 2251/3908/3593
f 1732/3913/3596 2251/3908/3593 1733/3914/3597
f 1733/3914/3597 2251/3908/3593 2250/3906/3591
f 1733/3914/3597 2250/3906/3591 1734/3915/3598
f 1734/3915/3598 2250/3906/3591 2249/3904/3589
f 1734/3915/3598 2249/3904/3589 1735/3916/3599
f 1735/3916/3599 2249/3904/3589 2248/3902/3587
f 1735/3916/3599 2248/3902/3587 2230/3900/3585
f 1737/3893/3578 1736/3917/3600 2231/3895/3580
f 2231/3895/3580 1736/3917/3600 2247/3898/3583
f 2247/3898/3583 1736/3917/3600 2230/3900/3585
f 2230/3900/3585 1736/3917/3600 1735/3916/3599
f 2213/3896/3581 2214/3918/3601 2246/3894/3579
f 2246/3894/3579 2214/3918/3601 2232/3892/3577
f 2214/3918/3601 2215/3919/3602 2232/3892/3577
f 2232/3892/3577 2215/3919/3602 2233/3889/3574
f 2215/3919/3602 2216/3920/3603 2233/3889/3574
f 2233/3889/3574 2216/3920/3603 2245/3890/3575
f 2216/3920/3603 2217/3891/3576 2245/3890/3575
f 2220/3879/3564 2221/3921/3604 2242/3877/3562
f 2242/3877/3562 2221/3921/3604 2236/3875/3560
f 2221/3921/3604 2222/3922/3605 2236/3875/3560
f 2236/3875/3560 2222/3922/3605 2241/3873/3558
f 2222/3922/3605 2223/3923/3606 2241/3873/3558
f 2241/3873/3558 2223/3923/3606 2240/3871/3556
f 2223/3923/3606 2224/3924/3607 2240/3871/3556
f 2240/3871/3556 2224/3924/3607 2225/3925/3608
f 2240/3871/3556 2225/3925/3608 2237/3868/3553
f 2237/3868/3553 2225/3925/3608 2226/3870/3555
f 2237/3868/3553 2226/3870/3555 2239/3869/3554
f 1632/3926/3609 2228/3927/3551 1633/3928/3610
f 1633/3928/3610 2228/3927/3551 2273/3929/3611
f 1633/3928/3610 2273/3929/3611 1634/3930/3612
f 1634/3930/3612 2273/3929/3611 2272/3931/3613
f 1634/3930/3612 2272/3931/3613 1635/3932/3614
f 1635/3932/3614 2272/3931/3613 2274/3933/3615
f 1635/3932/3614 2274/3933/3615 2270/3934/3616
f 2270/3934/3616 2274/3933/3615 2254/3935/3617
f 2270/3934/3616 2254/3935/3617 2255/3936/3618
f 2228/3927/3551 2252/3937/3619 2273/3929/3611
f 2273/3929/3611 2252/3937/3619 2272/3931/3613
f 2252/3937/3619 2253/3938/3620 2272/3931/3613
f 2272/3931/3613 2253/3938/3620 2274/3933/3615
f 2253/3938/3620 2254/3935/3617 2274/3933/3615
f 2256/3939/3621 2276/3940/3622 2255/3936/3618
f 2255/3936/3618 2276/3940/3622 2275/3941/3623
f 2255/3936/3618 2275/3941/3623 2270/3934/3616
f 2270/3934/3616 2275/3941/3623 1636/3942/3624
f 2270/3934/3616 1636/3942/3624 1635/3932/3614
f 2276/3940/3622 2256/3939/3621 2277/3943/3625
f 2277/3943/3625 2256/3939/3621 2257/3944/3626
f 2277/3943/3625 2257/3944/3626 2278/3945/3627
f 2278/3945/3627 2257/3944/3626 2258/3946/3628
f 2278/3945/3627 2258/3946/3628 2259/3947/3629
f 2278/3945/3627 2259/3947/3629 2279/3948/3630
f 2279/3948/3630 2259/3947/3629 2260/3949/3631
f 2279/3948/3630 2260/3949/3631 2280/3950/3632
f 2280/3950/3632 2260/3949/3631 2261/3951/3633
f 2280/3950/3632 2261/3951/3633 2262/3952/3634
f 2280/3950/3632 2262/3952/3634 2281/3953/3635
f 2281/3953/3635 2262/3952/3634 2263/3954/3636
f 2281/3953/3635 2263/3954/3636 2264/3955/3637
f 2281/3953/3635 2264/3955/3637 2282/3956/3638
f 2282/3956/3638 2264/3955/3637 2265/3957/3639
f 2282/3956/3638 2265/3957/3639 2283/3958/3640
f 2283/3958/3640 2265/3957/3639 2266/3959/3641
f 2283/3958/3640 2266/3959/3641 2284/3960/3642
f 2284/3960/3642 2266/3959/3641 2267/3961/3643
f 2284/3960/3642 2267/3961/3643 2271/3962/3644
f 2271/3962/3644 2267/3961/3643 2268/3963/3645
f 2271/3962/3644 2268/3963/3645 2286/3964/3646
f 2286/3964/3646 2268/3963/3645 2285/3965/3647
f 2286/3964/3646 2285/3965/3647 1652/3966/3648
f 1652/3966/3648 2285/3965/3647 1653/3967/3649
f 1653/3967/3649 2285/3965/3647 2287/3968/3650
f 1653/3967/3649 2287/3968/3650 35/3969/3651
f 35/3969/3651 2287/3968/3650 836/3970/3652
f 836/3970/3652 2287/3968/3650 2269/3971/3653
f 2269/3971/3653 2287/3968/3650 2285/3965/3647
f 2269/3971/3653 2285/3965/3647 2268/3963/3645
f 2286/3964/3646 1652/3966/3648 2271/3962/3644
f 2271/3962/3644 1652/3966/3648 1651/3972/3654
f 2271/3962/3644 1651/3972/3654 2284/3960/3642
f 2284/3960/3642 1651/3972/3654 1650/3973/3655
f 2284/3960/3642 1650/3973/3655 1649/3974/3656
f 2284/3960/3642 1649/3974/3656 2283/3958/3640
f 2283/3958/3640 1649/3974/3656 1648/3975/3657
f 2283/3958/3640 1648/3975/3657 2282/3956/3638
f 2282/3956/3638 1648/3975/3657 1647/3976/3658
f 2282/3956/3638 1647/3976/3658 1646/3977/3659
f 2282/3956/3638 1646/3977/3659 2281/3953/3635
f 2281/3953/3635 1646/3977/3659 1645/3978/3660
f 2281/3953/3635 1645/3978/3660 2280/3950/3632
f 2280/3950/3632 1645/3978/3660 1644/3979/3661
f 2280/3950/3632 1644/3979/3661 1643/3980/3662
f 2280/3950/3632 1643/3980/3662 2279/3948/3630
f 2279/3948/3630 1643/3980/3662 1642/3981/3663
f 2279/3948/3630 1642/3981/3663 2278/3945/3627
f 2278/3945/3627 1642/3981/3663 1641/3982/3664
f 2278/3945/3627 1641/3982/3664 1640/3983/3665
f 2278/3945/3627 1640/3983/3665 2277/3943/3625
f 2277/3943/3625 1640/3983/3665 1639/3984/3666
f 2277/3943/3625 1639/3984/3666 2276/3940/3622
f 2276/3940/3622 1639/3984/3666 1638/3985/3667
f 2276/3940/3622 1638/3985/3667 1637/3986/3668
f 2276/3940/3622 1637/3986/3668 2275/3941/3623
f 2275/3941/3623 1637/3986/3668 1636/3942/3624
f 2307/3987/3669 1836/3988/3670 2310/3989/3671
f 2310/3989/3671 1836/3988/3670 1835/3990/3672
f 2310/3989/3671 1835/3990/3672 2311/3991/3673
f 2311/3991/3673 1835/3990/3672 1834/3992/3674
f 2311/3991/3673 1834/3992/3674 2312/3993/3675
f 2312/3993/3675 1834/3992/3674 1833/3994/3676
f 2312/3993/3675 1833/3994/3676 2309/3995/3677
f 2309/3995/3677 1833/3994/3676 1832/3996/3678
f 2309/3995/3677 1832/3996/3678 2313/3997/3679
f 2313/3997/3679 1832/3996/3678 2314/3998/3680
f 2313/3997/3679 2314/3998/3680 2303/3999/3681
f 2303/3999/3681 2314/3998/3680 2302/4000/3682
f 2302/4000/3682 2314/3998/3680 2315/4001/3683
f 2302/4000/3682 2315/4001/3683 2301/4002/3684
f 2301/4002/3684 2315/4001/3683 2316/4003/3685
f 2301/4002/3684 2316/4003/3685 2300/4004/3686
f 2300/4004/3686 2316/4003/3685 2299/4005/3687
f 2299/4005/3687 2316/4003/3685 2317/4006/3688
f 2299/4005/3687 2317/4006/3688 2298/4007/3689
f 2298/4007/3689 2317/4006/3688 2297/4008/3690
f 2297/4008/3690 2317/4006/3688 2318/4009/3691
f 2297/4008/3690 2318/4009/3691 2296/4010/3692
f 2296/4010/3692 2318/4009/3691 2319/4011/3693
f 2296/4010/3692 2319/4011/3693 2295/4012/3694
f 2295/4012/3694 2319/4011/3693 2294/4013/3695
f 2294/4013/3695 2319/4011/3693 2320/4014/3696
f 2294/4013/3695 2320/4014/3696 2293/4015/3697
f 2293/4015/3697 2320/4014/3696 2321/4016/3698
f 2293/4015/3697 2321/4016/3698 2292/4017/3699
f 2292/4017/3699 2321/4016/3698 2308/4018/3700
f 2292/4017/3699 2308/4018/3700 2322/4019/3701
f 2322/4019/3701 2308/4018/3700 1824/4020/3702
f 2322/4019/3701 1824/4020/3702 1823/4021/3703
f 1832/3996/3678 1831/4022/3704 2314/3998/3680
f 2314/3998/3680 1831/4022/3704 2315/4001/3683
f 1831/4022/3704 1830/4023/3705 2315/4001/3683
f 2315/4001/3683 1830/4023/3705 2316/4003/3685
f 1830/4023/3705 1829/4024/3706 2316/4003/3685
f 2316/4003/3685 1829/4024/3706 2317/4006/3688
f 1829/4024/3706 1828/4025/3707 2317/4006/3688
f 2317/4006/3688 1828/4025/3707 2318/4009/3691
f 1828/4025/3707 1827/4026/3708 2318/4009/3691
f 2318/4009/3691 1827/4026/3708 2319/4011/3693
f 1827/4026/3708 1826/4027/3709 2319/4011/3693
f 2319/4011/3693 1826/4027/3709 2320/4014/3696
f 1826/4027/3709 1825/4028/3710 2320/4014/3696
f 2320/4014/3696 1825/4028/3710 2321/4016/3698
f 2321/4016/3698 1825/4028/3710 2308/4018/3700
f 2308/4018/3700 1825/4028/3710 1824/4020/3702
f 2322/4019/3701 1823/4021/3703 2323/4029/3711
f 2323/4029/3711 1823/4021/3703 1822/4030/3712
f 2323/4029/3711 1822/4030/3712 2324/4031/3713
f 2324/4031/3713 1822/4030/3712 1821/4032/3714
f 2324/4031/3713 1821/4032/3714 2325/4033/3715
f 2325/4033/3715 1821/4032/3714 1820/4034/3716
f 2325/4033/3715 1820/4034/3716 2288/4035/3717
f 2288/4035/3717 2289/4036/3718 2325/4033/3715
f 2325/4033/3715 2289/4036/3718 2324/4031/3713
f 2289/4036/3718 2290/4037/3719 2324/4031/3713
f 2324/4031/3713 2290/4037/3719 2323/4029/3711
f 2290/4037/3719 2291/4038/3720 2323/4029/3711
f 2323/4029/3711 2291/4038/3720 2322/4019/3701
f 2291/4038/3720 2292/4017/3699 2322/4019/3701
f 2303/3999/3681 2304/4039/3721 2313/3997/3679
f 2313/3997/3679 2304/4039/3721 2309/3995/3677
f 2304/4039/3721 2305/4040/3722 2309/3995/3677
f 2309/3995/3677 2305/4040/3722 2312/3993/3675
f 2312/3993/3675 2305/4040/3722 2311/3991/3673
f 2311/3991/3673 2305/4040/3722 2306/4041/3723
f 2311/3991/3673 2306/4041/3723 2310/3989/3671
f 2310/3989/3671 2306/4041/3723 2307/3987/3669
f 2045/4042/3724 2356/4043/3725 1820/4044/3716
f 1820/4044/3716 2356/4043/3725 2348/4045/3726
f 1820/4044/3716 2348/4045/3726 2288/4046/3717
f 2044/4047/3727 2355/4048/3728 2045/4042/3724
f 2045/4042/3724 2355/4048/3728 2357/4049/3729
f 2045/4042/3724 2357/4049/3729 2356/4043/3725
f 2356/4043/3725 2357/4049/3729 2347/4050/3730
f 2356/4043/3725 2347/4050/3730 2348/4045/3726
f 2355/4048/3728 2044/4047/3727 2358/4051/3731
f 2358/4051/3731 2044/4047/3727 2043/4052/3732
f 2358/4051/3731 2043/4052/3732 2359/4053/3733
f 2359/4053/3733 2043/4052/3732 2042/4054/3734
f 2359/4053/3733 2042/4054/3734 2041/4055/3735
f 2040/4056/3736 2354/4057/3737 2041/4055/3735
f 2041/4055/3735 2354/4057/3737 2360/4058/3738
f 2041/4055/3735 2360/4058/3738 2359/4053/3733
f 2359/4053/3733 2360/4058/3738 2343/4059/3739
f 2359/4053/3733 2343/4059/3739 2344/4060/3740
f 2039/4061/3741 2353/4062/3742 2040/4056/3736
f 2040/4056/3736 2353/4062/3742 2361/4063/3743
f 2040/4056/3736 2361/4063/3743 2354/4057/3737
f 2354/4057/3737 2361/4063/3743 2341/4064/3744
f 2354/4057/3737 2341/4064/3744 2342/4065/3745
f 2353/4062/3742 2039/4061/3741 2352/4066/3746
f 2352/4066/3746 2039/4061/3741 2038/4067/3747
f 2352/4066/3746 2038/4067/3747 2362/4068/3748
f 2362/4068/3748 2038/4067/3747 2351/4069/3749
f 2362/4068/3748 2351/4069/3749 2337/4070/3750
f 2337/4070/3750 2351/4069/3749 2336/4071/3751
f 2336/4071/3751 2351/4069/3749 2363/4072/3752
f 2336/4071/3751 2363/4072/3752 2335/4073/3753
f 2335/4073/3753 2363/4072/3752 2364/4074/3754
f 2335/4073/3753 2364/4074/3754 2334/4075/3755
f 2334/4075/3755 2364/4074/3754 2365/4076/3756
f 2334/4075/3755 2365/4076/3756 2333/4077/3757
f 2333/4077/3757 2365/4076/3756 2350/4078/3758
f 2333/4077/3757 2350/4078/3758 2332/4079/3759
f 2332/4079/3759 2350/4078/3758 2366/4080/3760
f 2332/4079/3759 2366/4080/3760 2331/4081/3761
f 2331/4081/3761 2366/4080/3760 2367/4082/3762
f 2331/4081/3761 2367/4082/3762 2349/4083/3763
f 2349/4083/3763 2367/4082/3762 2034/4084/3764
f 2349/4083/3763 2034/4084/3764 2368/4085/3765
f 2368/4085/3765 2034/4084/3764 2033/4086/3766
f 2368/4085/3765 2033/4086/3766 2369/4087/3767
f 2369/4087/3767 2033/4086/3766 2032/4088/3768
f 2369/4087/3767 2032/4088/3768 2370/4089/3769
f 2370/4089/3769 2032/4088/3768 2031/4090/3770
f 2370/4089/3769 2031/4090/3770 2371/4091/3771
f 2371/4091/3771 2031/4090/3770 2030/4092/3772
f 2371/4091/3771 2030/4092/3772 2326/4093/3773
f 2038/4067/3747 2037/4094/3774 2351/4069/3749
f 2351/4069/3749 2037/4094/3774 2363/4072/3752
f 2363/4072/3752 2037/4094/3774 2364/4074/3754
f 2364/4074/3754 2037/4094/3774 2036/4095/3775
f 2364/4074/3754 2036/4095/3775 2365/4076/3756
f 2365/4076/3756 2036/4095/3775 2350/4078/3758
f 2036/4095/3775 2035/4096/3776 2350/4078/3758
f 2350/4078/3758 2035/4096/3776 2366/4080/3760
f 2366/4080/3760 2035/4096/3776 2367/4082/3762
f 2367/4082/3762 2035/4096/3776 2034/4084/3764
f 2326/4093/3773 2327/4097/3777 2371/4091/3771
f 2371/4091/3771 2327/4097/3777 2370/4089/3769
f 2327/4097/3777 2328/4098/3778 2370/4089/3769
f 2370/4089/3769 2328/4098/3778 2369/4087/3767
f 2328/4098/3778 2329/4099/3779 2369/4087/3767
f 2369/4087/3767 2329/4099/3779 2368/4085/3765
f 2329/4099/3779 2330/4100/3780 2368/4085/3765
f 2368/4085/3765 2330/4100/3780 2349/4083/3763
f 2330/4100/3780 2331/4081/3761 2349/4083/3763
f 2337/4070/3750 2338/4101/3781 2362/4068/3748
f 2362/4068/3748 2338/4101/3781 2352/4066/3746
f 2338/4101/3781 2339/4102/3782 2352/4066/3746
f 2352/4066/3746 2339/4102/3782 2353/4062/3742
f 2339/4102/3782 2340/4103/3783 2353/4062/3742
f 2353/4062/3742 2340/4103/3783 2361/4063/3743
f 2340/4103/3783 2341/4064/3744 2361/4063/3743
f 2354/4057/3737 2342/4065/3745 2360/4058/3738
f 2360/4058/3738 2342/4065/3745 2343/4059/3739
f 2359/4053/3733 2344/4060/3740 2358/4051/3731
f 2358/4051/3731 2344/4060/3740 2345/4104/3784
f 2358/4051/3731 2345/4104/3784 2346/4105/3785
f 2358/4051/3731 2346/4105/3785 2355/4048/3728
f 2355/4048/3728 2346/4105/3785 2347/4050/3730
f 2355/4048/3728 2347/4050/3730 2357/4049/3729
f 1162/4106/3786 812/4107/3787 1146/4108/3788
f 1146/4108/3788 812/4107/3787 811/4109/3789
f 1146/4108/3788 811/4109/3789 1147/4110/3790
f 1147/4110/3790 811/4109/3789 810/4111/3791
f 1147/4110/3790 810/4111/3791 1148/4112/3792
f 1148/4112/3792 810/4111/3791 809/4113/3793
f 1148/4112/3792 809/4113/3793 1149/4114/3794
f 1149/4114/3794 809/4113/3793 808/4115/3795
f 1149/4114/3794 808/4115/3795 1150/4116/3796
f 1150/4116/3796 808/4115/3795 807/4117/3797
f 1150/4116/3796 807/4117/3797 883/4118/1282
f 883/4118/1282 807/4117/3797 806/4119/3798
f 883/4118/1282 806/4119/3798 801/4120/3799
f 812/4107/3787 1162/4106/3786 813/4121/3800
f 813/4121/3800 1162/4106/3786 1161/4122/3801
f 813/4121/3800 1161/4122/3801 1160/4123/3802
f 813/4121/3800 1160/4123/3802 814/4124/3803
f 814/4124/3803 1160/4123/3802 1159/4125/3804
f 814/4124/3803 1159/4125/3804 1158/4126/3805
f 814/4124/3803 1158/4126/3805 815/4127/3806
f 815/4127/3806 1158/4126/3805 1157/4128/3807
f 815/4127/3806 1157/4128/3807 2206/4129/3808
f 2206/4129/3808 1157/4128/3807 1156/4130/3809
f 2206/4129/3808 1156/4130/3809 2207/4131/3810
f 2207/4131/3810 1156/4130/3809 2269/4132/3811
f 2207/4131/3810 2269/4132/3811 2228/4133/3812
f 2228/4133/3812 2269/4132/3811 2268/4134/3813
f 2228/4133/3812 2268/4134/3813 2252/4135/3814
f 2252/4135/3814 2268/4134/3813 2267/4136/3815
f 2252/4135/3814 2267/4136/3815 2253/4137/3816
f 2253/4137/3816 2267/4136/3815 2254/4138/3817
f 2254/4138/3817 2267/4136/3815 2266/4139/3818
f 2254/4138/3817 2266/4139/3818 2255/4140/3819
f 2255/4140/3819 2266/4139/3818 2265/4141/3820
f 2255/4140/3819 2265/4141/3820 2264/4142/3821
f 2269/4132/3811 1156/4130/3809 836/4143/3822
f 836/4143/3822 1156/4130/3809 1155/4144/3823
f 836/4143/3822 1155/4144/3823 837/4145/3824
f 837/4145/3824 1155/4144/3823 838/4146/3825
f 838/4146/3825 1155/4144/3823 839/4147/3826
f 839/4147/3826 1155/4144/3823 840/4148/3827
f 840/4148/3827 1155/4144/3823 841/4149/3828
f 841/4149/3828 1155/4144/3823 842/4150/3829
f 842/4150/3829 1155/4144/3823 843/4151/3830
f 843/4151/3830 1155/4144/3823 844/4152/3831
f 844/4152/3831 1155/4144/3823 845/4153/3832
f 845/4153/3832 1155/4144/3823 846/4154/3833
f 846/4154/3833 1155/4144/3823 847/4155/3834
f 847/4155/3834 1155/4144/3823 848/4156/3835
f 848/4156/3835 1155/4144/3823 849/4157/3836
f 849/4157/3836 1155/4144/3823 850/4158/3837
f 850/4158/3837 1155/4144/3823 851/4159/3838
f 851/4159/3838 1155/4144/3823 852/4160/3839
f 852/4160/3839 1155/4144/3823 853/4161/3840
f 853/4161/3840 1155/4144/3823 854/4162/3841
f 854/4162/3841 1155/4144/3823 855/4163/3842
f 855/4163/3842 1155/4144/3823 856/4164/3843
f 856/4164/3843 1155/4144/3823 857/4165/3844
f 857/4165/3844 1155/4144/3823 858/4166/3845
f 858/4166/3845 1155/4144/3823 859/4167/3846
f 859/4167/3846 1155/4144/3823 1154/4168/3847
f 859/4167/3846 1154/4168/3847 1153/4169/3848
f 1153/4169/3848 1152/4170/3849 859/4167/3846
f 859/4167/3846 1152/4170/3849 1151/4171/3850
f 859/4167/3846 1151/4171/3850 883/4118/1282
f 883/4118/1282 1151/4171/3850 1150/4116/3796
f 2264/4142/3821 2263/4172/3851 2255/4140/3819
f 2255/4140/3819 2263/4172/3851 2262/4173/3852
f 2255/4140/3819 2262/4173/3852 2261/4174/3853
f 2261/4174/3853 2260/4175/3854 2255/4140/3819
f 2255/4140/3819 2260/4175/3854 2259/4176/3855
f 2255/4140/3819 2259/4176/3855 2258/4177/3856
f 2258/4177/3856 2257/4178/3857 2255/4140/3819
f 2255/4140/3819 2257/4178/3857 2256/4179/3858
f 2228/4133/3812 2227/4180/3859 2207/4131/3810
f 2207/4131/3810 2227/4180/3859 2226/4181/3860
f 2207/4131/3810 2226/4181/3860 2208/4182/3861
f 2208/4182/3861 2226/4181/3860 2209/4183/3862
f 2209/4183/3862 2226/4181/3860 2225/4184/3863
f 2209/4183/3862 2225/4184/3863 2224/4185/3864
f 2209/4183/3862 2224/4185/3864 2210/4186/3865
f 2210/4186/3865 2224/4185/3864 2223/4187/3866
f 2210/4186/3865 2223/4187/3866 2211/4188/3867
f 2211/4188/3867 2223/4187/3866 2212/4189/3868
f 2212/4189/3868 2223/4187/3866 2213/4190/3869
f 2213/4190/3869 2223/4187/3866 2214/4191/3870
f 2214/4191/3870 2223/4187/3866 2215/4192/3871
f 2215/4192/3871 2223/4187/3866 2216/4193/3872
f 2216/4193/3872 2223/4187/3866 2217/4194/3873
f 2217/4194/3873 2223/4187/3866 2218/4195/3874
f 2218/4195/3874 2223/4187/3866 2219/4196/3875
f 2219/4196/3875 2223/4187/3866 2220/4197/3876
f 2220/4197/3876 2223/4187/3866 2221/4198/3877
f 2221/4198/3877 2223/4187/3866 2222/4199/3878
f 801/4120/3799 800/4200/3879 883/4118/1282
f 883/4118/1282 800/4200/3879 799/4201/3880
f 883/4118/1282 799/4201/3880 798/4202/3881
f 798/4202/3881 790/4203/3882 883/4118/1282
f 883/4118/1282 790/4203/3882 789/4204/3883
f 883/4118/1282 789/4204/3883 788/4205/3884
f 788/4205/3884 787/4206/3885 883/4118/1282
f 883/4118/1282 787/4206/3885 786/4207/3886
f 2372/4208/3887 1955/4209/3087 1940/4210/3057
f 1940/4210/3057 1955/4209/3087 1954/4211/3086
f 1940/4210/3057 1954/4211/3086 1936/4212/3888
f 1955/4209/3087 2372/4208/3887 2400/4213/3889
f 2400/4213/3889 2372/4208/3887 2373/4214/3890
f 2400/4213/3889 2373/4214/3890 2399/4215/3891
f 2399/4215/3891 2373/4214/3890 2374/4216/3892
f 2399/4215/3891 2374/4216/3892 2398/4217/3893
f 2398/4217/3893 2374/4216/3892 2375/4218/3894
f 2398/4217/3893 2375/4218/3894 2397/4219/3895
f 2397/4219/3895 2375/4218/3894 2376/4220/3896
f 2397/4219/3895 2376/4220/3896 2396/4221/3897
f 2396/4221/3897 2376/4220/3896 2395/4222/3898
f 2395/4222/3898 2376/4220/3896 2377/4223/3899
f 2395/4222/3898 2377/4223/3899 2394/4224/3900
f 2394/4224/3900 2377/4223/3899 2378/4225/3901
f 2394/4224/3900 2378/4225/3901 2386/4226/3902
f 2386/4226/3902 2378/4225/3901 2379/4227/3903
f 2386/4226/3902 2379/4227/3903 2385/4228/3904
f 2385/4228/3904 2379/4227/3903 2384/4229/3905
f 2384/4229/3905 2379/4227/3903 2380/4230/3906
f 2384/4229/3905 2380/4230/3906 2383/4231/3907
f 2383/4231/3907 2380/4230/3906 2381/4232/3908
f 2383/4231/3907 2381/4232/3908 2382/4233/3909
f 2394/4224/3900 2386/4226/3902 2393/4234/3910
f 2393/4234/3910 2386/4226/3902 2387/4235/3911
f 2393/4234/3910 2387/4235/3911 2388/4236/3912
f 2388/4236/3912 2389/4237/3913 2393/4234/3910
f 2393/4234/3910 2389/4237/3913 2392/4238/3914
f 2392/4238/3914 2389/4237/3913 2391/4239/3915
f 2391/4239/3915 2389/4237/3913 2390/4240/3916
f 1899/4241/2981 1896/4242/3917 2442/4243/3918
f 2442/4243/3918 1896/4242/3917 2401/4244/3919
f 2442/4243/3918 2401/4244/3919 2434/4245/3920
f 2434/4245/3920 2401/4244/3919 2402/4246/3921
f 2434/4245/3920 2402/4246/3921 2443/4247/3922
f 2443/4247/3922 2402/4246/3921 2435/4248/3923
f 2443/4247/3922 2435/4248/3923 2433/4249/3924
f 2433/4249/3924 2435/4248/3923 2432/4250/3925
f 2432/4250/3925 2435/4248/3923 2444/4251/3926
f 2432/4250/3925 2444/4251/3926 2431/4252/3927
f 2431/4252/3927 2444/4251/3926 2436/4253/3928
f 2431/4252/3927 2436/4253/3928 2430/4254/3929
f 2430/4254/3929 2436/4253/3928 2445/4255/3930
f 2430/4254/3929 2445/4255/3930 2437/4256/3931
f 2437/4256/3931 2445/4255/3930 2405/4257/3932
f 2437/4256/3931 2405/4257/3932 2406/4258/3933
f 2402/4246/3921 2403/4259/3934 2435/4248/3923
f 2435/4248/3923 2403/4259/3934 2444/4251/3926
f 2403/4259/3934 2404/4260/3935 2444/4251/3926
f 2444/4251/3926 2404/4260/3935 2436/4253/3928
f 2404/4260/3935 2405/4257/3932 2436/4253/3928
f 2436/4253/3928 2405/4257/3932 2445/4255/3930
f 2407/4261/3936 2446/4262/3937 2406/4258/3933
f 2406/4258/3933 2446/4262/3937 2447/4263/3938
f 2406/4258/3933 2447/4263/3938 2437/4256/3931
f 2437/4256/3931 2447/4263/3938 2429/4264/3939
f 2437/4256/3931 2429/4264/3939 2430/4254/3929
f 2407/4261/3936 2408/4265/3940 2446/4262/3937
f 2446/4262/3937 2408/4265/3940 2448/4266/3941
f 2446/4262/3937 2448/4266/3941 2428/4267/3942
f 2428/4267/3942 2448/4266/3941 2427/4268/3943
f 2427/4268/3943 2448/4266/3941 2449/4269/3944
f 2427/4268/3943 2449/4269/3944 2438/4270/3945
f 2438/4270/3945 2449/4269/3944 2410/4271/3946
f 2438/4270/3945 2410/4271/3946 2411/4272/3947
f 2408/4265/3940 2409/4273/3948 2448/4266/3941
f 2448/4266/3941 2409/4273/3948 2410/4271/3946
f 2448/4266/3941 2410/4271/3946 2449/4269/3944
f 2438/4270/3945 2411/4272/3947 2450/4274/3949
f 2450/4274/3949 2411/4272/3947 2412/4275/3950
f 2450/4274/3949 2412/4275/3950 2451/4276/3951
f 2451/4276/3951 2412/4275/3950 2413/4277/3952
f 2451/4276/3951 2413/4277/3952 2439/4278/3953
f 2439/4278/3953 2413/4277/3952 2414/4279/3954
f 2439/4278/3953 2414/4279/3954 2453/4280/3955
f 2453/4280/3955 2414/4279/3954 2452/4281/3956
f 2453/4280/3955 2452/4281/3956 2423/4282/3957
f 2423/4282/3957 2452/4281/3956 2422/4283/3958
f 2422/4283/3958 2452/4281/3956 2440/4284/3959
f 2422/4283/3958 2440/4284/3959 2421/4285/3960
f 2421/4285/3960 2440/4284/3959 2454/4286/3961
f 2421/4285/3960 2454/4286/3961 2441/4287/3962
f 2441/4287/3962 2454/4286/3961 2416/4288/3963
f 2441/4287/3962 2416/4288/3963 2417/4289/3964
f 2414/4279/3954 2415/4290/3965 2452/4281/3956
f 2452/4281/3956 2415/4290/3965 2440/4284/3959
f 2415/4290/3965 2416/4288/3963 2440/4284/3959
f 2440/4284/3959 2416/4288/3963 2454/4286/3961
f 2418/4291/3966 2455/4292/3967 2417/4289/3964
f 2417/4289/3964 2455/4292/3967 2456/4293/3968
f 2417/4289/3964 2456/4293/3968 2441/4287/3962
f 2441/4287/3962 2456/4293/3968 2420/4294/3969
f 2441/4287/3962 2420/4294/3969 2421/4285/3960
f 2418/4291/3966 2419/4295/3970 2455/4292/3967
f 2455/4292/3967 2419/4295/3970 2420/4294/3969
f 2455/4292/3967 2420/4294/3969 2456/4293/3968
f 2453/4280/3955 2423/4282/3957 2439/4278/3953
f 2439/4278/3953 2423/4282/3957 2424/4296/3971
f 2439/4278/3953 2424/4296/3971 2451/4276/3951
f 2451/4276/3951 2424/4296/3971 2425/4297/3972
f 2451/4276/3951 2425/4297/3972 2450/4274/3949
f 2450/4274/3949 2425/4297/3972 2426/4298/3973
f 2450/4274/3949 2426/4298/3973 2438/4270/3945
f 2438/4270/3945 2426/4298/3973 2427/4268/3943
f 2428/4267/3942 2429/4264/3939 2446/4262/3937
f 2446/4262/3937 2429/4264/3939 2447/4263/3938
f 2443/4247/3922 2433/4249/3924 2434/4245/3920
f 2434/4245/3920 2433/4249/3924 1899/4241/2981
f 2434/4245/3920 1899/4241/2981 2442/4243/3918
f 2419/4299/3970 2418/4300/3974 2493/4301/3975
f 2493/4301/3975 2418/4300/3974 2457/4302/3976
f 2493/4301/3975 2457/4302/3976 2494/4303/3977
f 2494/4303/3977 2457/4302/3976 2458/4304/3978
f 2494/4303/3977 2458/4304/3978 2500/4305/3979
f 2500/4305/3979 2458/4304/3978 2499/4306/3980
f 2500/4305/3979 2499/4306/3980 2490/4307/3981
f 2490/4307/3981 2499/4306/3980 2489/4308/3982
f 2489/4308/3982 2499/4306/3980 2501/4309/3983
f 2489/4308/3982 2501/4309/3983 2495/4310/3984
f 2495/4310/3984 2501/4309/3983 2460/4311/3985
f 2495/4310/3984 2460/4311/3985 2461/4312/3986
f 2458/4304/3978 2459/4313/3987 2499/4306/3980
f 2499/4306/3980 2459/4313/3987 2501/4309/3983
f 2459/4313/3987 2460/4311/3985 2501/4309/3983
f 2495/4310/3984 2461/4312/3986 2502/4314/3988
f 2502/4314/3988 2461/4312/3986 2462/4315/3989
f 2502/4314/3988 2462/4315/3989 2463/4316/3990
f 2502/4314/3988 2463/4316/3990 2503/4317/3991
f 2503/4317/3991 2463/4316/3990 2464/4318/3992
f 2503/4317/3991 2464/4318/3992 2465/4319/3993
f 2503/4317/3991 2465/4319/3993 2504/4320/3994
f 2504/4320/3994 2465/4319/3993 2466/4321/3995
f 2504/4320/3994 2466/4321/3995 2505/4322/3996
f 2505/4322/3996 2466/4321/3995 2467/4323/3997
f 2505/4322/3996 2467/4323/3997 2468/4324/3998
f 2505/4322/3996 2468/4324/3998 2506/4325/3999
f 2506/4325/3999 2468/4324/3998 2469/4326/4000
f 2506/4325/3999 2469/4326/4000 2470/4327/4001
f 2506/4325/3999 2470/4327/4001 2507/4328/4002
f 2507/4328/4002 2470/4327/4001 2471/4329/4003
f 2507/4328/4002 2471/4329/4003 2508/4330/4004
f 2508/4330/4004 2471/4329/4003 2472/4331/4005
f 2508/4330/4004 2472/4331/4005 2473/4332/4006
f 2508/4330/4004 2473/4332/4006 2496/4333/4007
f 2496/4333/4007 2473/4332/4006 2474/4334/4008
f 2496/4333/4007 2474/4334/4008 2509/4335/4009
f 2509/4335/4009 2474/4334/4008 2475/4336/4010
f 2509/4335/4009 2475/4336/4010 2510/4337/4011
f 2510/4337/4011 2475/4336/4010 2498/4338/4012
f 2510/4337/4011 2498/4338/4012 2479/4339/4013
f 2479/4339/4013 2498/4338/4012 2497/4340/4014
f 2479/4339/4013 2497/4340/4014 2478/4341/4015
f 2478/4341/4015 2497/4340/4014 2477/4342/4016
f 2477/4342/4016 2497/4340/4014 2476/4343/4017
f 2476/4343/4017 2497/4340/4014 2498/4338/4012
f 2476/4343/4017 2498/4338/4012 2475/4336/4010
f 2479/4339/4013 2480/4344/4018 2510/4337/4011
f 2510/4337/4011 2480/4344/4018 2509/4335/4009
f 2509/4335/4009 2480/4344/4018 2496/4333/4007
f 2496/4333/4007 2480/4344/4018 2481/4345/4019
f 2496/4333/4007 2481/4345/4019 2508/4330/4004
f 2508/4330/4004 2481/4345/4019 2482/4346/4020
f 2508/4330/4004 2482/4346/4020 2507/4328/4002
f 2507/4328/4002 2482/4346/4020 2483/4347/4021
f 2507/4328/4002 2483/4347/4021 2506/4325/3999
f 2506/4325/3999 2483/4347/4021 2484/4348/4022
f 2506/4325/3999 2484/4348/4022 2505/4322/3996
f 2505/4322/3996 2484/4348/4022 2485/4349/4023
f 2505/4322/3996 2485/4349/4023 2504/4320/3994
f 2504/4320/3994 2485/4349/4023 2486/4350/4024
f 2504/4320/3994 2486/4350/4024 2503/4317/3991
f 2503/4317/3991 2486/4350/4024 2487/4351/4025
f 2503/4317/3991 2487/4351/4025 2502/4314/3988
f 2502/4314/3988 2487/4351/4025 2488/4352/4026
f 2502/4314/3988 2488/4352/4026 2495/4310/3984
f 2495/4310/3984 2488/4352/4026 2489/4308/3982
f 2490/4307/3981 2491/4353/4027 2500/4305/3979
f 2500/4305/3979 2491/4353/4027 2494/4303/3977
f 2491/4353/4027 2492/4354/4028 2494/4303/3977
f 2494/4303/3977 2492/4354/4028 2493/4301/3975
f 2492/4354/4028 2419/4299/3970 2493/4301/3975
f 2372/4355/3887 1940/4356/3057 2531/4357/4029
f 2531/4357/4029 1940/4356/3057 1939/4358/3064
f 2531/4357/4029 1939/4358/3064 1938/4359/3061
f 1938/4359/3061 1934/4360/3063 2531/4357/4029
f 2531/4357/4029 1934/4360/3063 2511/4361/4030
f 2531/4357/4029 2511/4361/4030 2532/4362/4031
f 2532/4362/4031 2511/4361/4030 2512/4363/4032
f 2532/4362/4031 2512/4363/4032 2529/4364/4033
f 2529/4364/4033 2512/4363/4032 2513/4365/4034
f 2529/4364/4033 2513/4365/4034 2530/4366/4035
f 2530/4366/4035 2513/4365/4034 2533/4367/4036
f 2530/4366/4035 2533/4367/4036 2374/4368/3892
f 2374/4368/3892 2533/4367/4036 2375/4369/3894
f 2375/4369/3894 2533/4367/4036 2534/4370/4037
f 2375/4369/3894 2534/4370/4037 2376/4371/3896
f 2376/4371/3896 2534/4370/4037 2535/4372/4038
f 2376/4371/3896 2535/4372/4038 2377/4373/3899
f 2377/4373/3899 2535/4372/4038 2528/4374/4039
f 2377/4373/3899 2528/4374/4039 2378/4375/3901
f 2378/4375/3901 2528/4374/4039 2536/4376/4040
f 2378/4375/3901 2536/4376/4040 2537/4377/4041
f 2537/4377/4041 2536/4376/4040 2517/4378/4042
f 2537/4377/4041 2517/4378/4042 2518/4379/4043
f 2513/4365/4034 2514/4380/4044 2533/4367/4036
f 2533/4367/4036 2514/4380/4044 2534/4370/4037
f 2514/4380/4044 2515/4381/4045 2534/4370/4037
f 2534/4370/4037 2515/4381/4045 2535/4372/4038
f 2515/4381/4045 2516/4382/4046 2535/4372/4038
f 2535/4372/4038 2516/4382/4046 2528/4374/4039
f 2516/4382/4046 2517/4378/4042 2528/4374/4039
f 2528/4374/4039 2517/4378/4042 2536/4376/4040
f 2537/4377/4041 2518/4379/4043 2538/4383/4047
f 2538/4383/4047 2518/4379/4043 2519/4384/4048
f 2538/4383/4047 2519/4384/4048 2539/4385/4049
f 2539/4385/4049 2519/4384/4048 2520/4386/4050
f 2539/4385/4049 2520/4386/4050 2540/4387/4051
f 2540/4387/4051 2520/4386/4050 2521/4388/4052
f 2540/4387/4051 2521/4388/4052 2541/4389/4053
f 2541/4389/4053 2521/4388/4052 2542/4390/4054
f 2541/4389/4053 2542/4390/4054 2382/4391/3909
f 2382/4391/3909 2542/4390/4054 2383/4392/3907
f 2383/4392/3907 2542/4390/4054 2543/4393/4055
f 2383/4392/3907 2543/4393/4055 2384/4394/3905
f 2384/4394/3905 2543/4393/4055 2544/4395/4056
f 2384/4394/3905 2544/4395/4056 2385/4396/3904
f 2385/4396/3904 2544/4395/4056 2545/4397/4057
f 2385/4396/3904 2545/4397/4057 2527/4398/4058
f 2527/4398/4058 2545/4397/4057 2526/4399/4059
f 2526/4399/4059 2545/4397/4057 2524/4400/4060
f 2526/4399/4059 2524/4400/4060 2525/4401/4061
f 2521/4388/4052 2522/4402/4062 2542/4390/4054
f 2542/4390/4054 2522/4402/4062 2543/4393/4055
f 2522/4402/4062 2523/4403/4063 2543/4393/4055
f 2543/4393/4055 2523/4403/4063 2544/4395/4056
f 2523/4403/4063 2524/4400/4060 2544/4395/4056
f 2544/4395/4056 2524/4400/4060 2545/4397/4057
f 2527/4398/4058 2386/4404/3902 2385/4396/3904
f 2541/4389/4053 2382/4391/3909 2540/4387/4051
f 2540/4387/4051 2382/4391/3909 2381/4405/3908
f 2540/4387/4051 2381/4405/3908 2539/4385/4049
f 2539/4385/4049 2381/4405/3908 2380/4406/3906
f 2539/4385/4049 2380/4406/3906 2538/4383/4047
f 2538/4383/4047 2380/4406/3906 2379/4407/3903
f 2538/4383/4047 2379/4407/3903 2537/4377/4041
f 2537/4377/4041 2379/4407/3903 2378/4375/3901
f 2374/4368/3892 2373/4408/3890 2530/4366/4035
f 2530/4366/4035 2373/4408/3890 2529/4364/4033
f 2529/4364/4033 2373/4408/3890 2532/4362/4031
f 2532/4362/4031 2373/4408/3890 2372/4355/3887
f 2532/4362/4031 2372/4355/3887 2531/4357/4029
f 2386/4409/3902 2527/4410/4058 2387/4411/3911
f 2387/4411/3911 2527/4410/4058 2563/4412/4064
f 2387/4411/3911 2563/4412/4064 2388/4413/3912
f 2388/4413/3912 2563/4412/4064 2564/4414/4065
f 2388/4413/3912 2564/4414/4065 2562/4415/4066
f 2562/4415/4066 2564/4414/4065 2547/4416/4067
f 2562/4415/4066 2547/4416/4067 2548/4417/4068
f 2527/4410/4058 2526/4418/4059 2563/4412/4064
f 2563/4412/4064 2526/4418/4059 2546/4419/4069
f 2563/4412/4064 2546/4419/4069 2547/4416/4067
f 2526/4418/4059 2525/4420/4061 2546/4419/4069
f 2562/4415/4066 2548/4417/4068 2565/4421/4070
f 2565/4421/4070 2548/4417/4068 2549/4422/4071
f 2565/4421/4070 2549/4422/4071 2566/4423/4072
f 2566/4423/4072 2549/4422/4071 2550/4424/4073
f 2566/4423/4072 2550/4424/4073 2567/4425/4074
f 2567/4425/4074 2550/4424/4073 2551/4426/4075
f 2567/4425/4074 2551/4426/4075 2568/4427/4076
f 2568/4427/4076 2551/4426/4075 2552/4428/4077
f 2568/4427/4076 2552/4428/4077 2569/4429/4078
f 2569/4429/4078 2552/4428/4077 2553/4430/4079
f 2569/4429/4078 2553/4430/4079 2570/4431/4080
f 2570/4431/4080 2553/4430/4079 2554/4432/4081
f 2570/4431/4080 2554/4432/4081 2561/4433/4082
f 2561/4433/4082 2554/4432/4081 2555/4434/4083
f 2561/4433/4082 2555/4434/4083 2571/4435/4084
f 2571/4435/4084 2555/4434/4083 2572/4436/4085
f 2571/4435/4084 2572/4436/4085 2396/4437/3897
f 2396/4437/3897 2572/4436/4085 2397/4438/3895
f 2397/4438/3895 2572/4436/4085 2573/4439/4086
f 2397/4438/3895 2573/4439/4086 2398/4440/3893
f 2398/4440/3893 2573/4439/4086 2574/4441/4087
f 2398/4440/3893 2574/4441/4087 2399/4442/3891
f 2399/4442/3891 2574/4441/4087 2575/4443/4088
f 2399/4442/3891 2575/4443/4088 2400/4444/3889
f 2400/4444/3889 2575/4443/4088 2576/4445/4089
f 2400/4444/3889 2576/4445/4089 2560/4446/4090
f 2560/4446/4090 2576/4445/4089 1951/4447/3082
f 2560/4446/4090 1951/4447/3082 1957/4448/3084
f 2555/4434/4083 2556/4449/4091 2572/4436/4085
f 2572/4436/4085 2556/4449/4091 2573/4439/4086
f 2556/4449/4091 2557/4450/4092 2573/4439/4086
f 2573/4439/4086 2557/4450/4092 2574/4441/4087
f 2557/4450/4092 2558/4451/4093 2574/4441/4087
f 2574/4441/4087 2558/4451/4093 2575/4443/4088
f 2558/4451/4093 2559/4452/4094 2575/4443/4088
f 2575/4443/4088 2559/4452/4094 2576/4445/4089
f 2559/4452/4094 1951/4447/3082 2576/4445/4089
f 1957/4448/3084 1956/4453/3085 2560/4446/4090
f 2560/4446/4090 1956/4453/3085 1955/4454/3087
f 2560/4446/4090 1955/4454/3087 2400/4444/3889
f 2571/4435/4084 2396/4437/3897 2561/4433/4082
f 2561/4433/4082 2396/4437/3897 2395/4455/3898
f 2561/4433/4082 2395/4455/3898 2570/4431/4080
f 2570/4431/4080 2395/4455/3898 2394/4456/3900
f 2570/4431/4080 2394/4456/3900 2569/4429/4078
f 2569/4429/4078 2394/4456/3900 2393/4457/3910
f 2569/4429/4078 2393/4457/3910 2568/4427/4076
f 2568/4427/4076 2393/4457/3910 2392/4458/3914
f 2568/4427/4076 2392/4458/3914 2567/4425/4074
f 2567/4425/4074 2392/4458/3914 2391/4459/3915
f 2567/4425/4074 2391/4459/3915 2566/4423/4072
f 2566/4423/4072 2391/4459/3915 2390/4460/3916
f 2566/4423/4072 2390/4460/3916 2565/4421/4070
f 2565/4421/4070 2390/4460/3916 2389/4461/3913
f 2565/4421/4070 2389/4461/3913 2562/4415/4066
f 2562/4415/4066 2389/4461/3913 2388/4413/3912
f 2547/4416/4067 2564/4414/4065 2563/4412/4064
f 2593/4462/4095 1905/4463/2986 2594/4464/4096
f 2594/4464/4096 1905/4463/2986 1904/4465/2993
f 2594/4464/4096 1904/4465/2993 1903/4466/2992
f 1903/4466/2992 1899/4467/2991 2594/4464/4096
f 2594/4464/4096 1899/4467/2991 2433/4468/4097
f 2594/4464/4096 2433/4468/4097 2595/4469/4098
f 2595/4469/4098 2433/4468/4097 2432/4470/4099
f 2595/4469/4098 2432/4470/4099 2596/4471/4100
f 2596/4471/4100 2432/4470/4099 2431/4472/4101
f 2596/4471/4100 2431/4472/4101 2597/4473/4102
f 2597/4473/4102 2431/4472/4101 2598/4474/4103
f 2597/4473/4102 2598/4474/4103 2591/4475/4104
f 2591/4475/4104 2598/4474/4103 2590/4476/4105
f 2590/4476/4105 2598/4474/4103 2599/4477/4106
f 2590/4476/4105 2599/4477/4106 2589/4478/4107
f 2589/4478/4107 2599/4477/4106 2600/4479/4108
f 2589/4478/4107 2600/4479/4108 2588/4480/4109
f 2588/4480/4109 2600/4479/4108 2601/4481/4110
f 2588/4480/4109 2601/4481/4110 2587/4482/4111
f 2587/4482/4111 2601/4481/4110 2602/4483/4112
f 2587/4482/4111 2602/4483/4112 2586/4484/4113
f 2586/4484/4113 2602/4483/4112 2603/4485/4114
f 2586/4484/4113 2603/4485/4114 2585/4486/4115
f 2585/4486/4115 2603/4485/4114 2604/4487/4116
f 2585/4486/4115 2604/4487/4116 2605/4488/4117
f 2605/4488/4117 2604/4487/4116 2425/4489/4118
f 2605/4488/4117 2425/4489/4118 2424/4490/4119
f 2431/4472/4101 2430/4491/4120 2598/4474/4103
f 2598/4474/4103 2430/4491/4120 2599/4477/4106
f 2430/4491/4120 2429/4492/4121 2599/4477/4106
f 2599/4477/4106 2429/4492/4121 2600/4479/4108
f 2429/4492/4121 2428/4493/4122 2600/4479/4108
f 2600/4479/4108 2428/4493/4122 2601/4481/4110
f 2428/4493/4122 2427/4494/4123 2601/4481/4110
f 2601/4481/4110 2427/4494/4123 2602/4483/4112
f 2427/4494/4123 2426/4495/4124 2602/4483/4112
f 2602/4483/4112 2426/4495/4124 2603/4485/4114
f 2426/4495/4124 2425/4489/4118 2603/4485/4114
f 2603/4485/4114 2425/4489/4118 2604/4487/4116
f 2605/4488/4117 2424/4490/4119 2606/4496/4125
f 2606/4496/4125 2424/4490/4119 2423/4497/4126
f 2606/4496/4125 2423/4497/4126 2607/4498/4127
f 2607/4498/4127 2423/4497/4126 2422/4499/4128
f 2607/4498/4127 2422/4499/4128 2608/4500/4129
f 2608/4500/4129 2422/4499/4128 2421/4501/4130
f 2608/4500/4129 2421/4501/4130 2609/4502/4131
f 2609/4502/4131 2421/4501/4130 2420/4503/4132
f 2609/4502/4131 2420/4503/4132 2577/4504/4133
f 2577/4504/4133 2420/4503/4132 2419/4505/4134
f 2577/4504/4133 2578/4506/4135 2609/4502/4131
f 2609/4502/4131 2578/4506/4135 2580/4507/4136
f 2609/4502/4131 2580/4507/4136 2581/4508/4137
f 2578/4506/4135 2579/4509/4138 2580/4507/4136
f 2609/4502/4131 2581/4508/4137 2608/4500/4129
f 2608/4500/4129 2581/4508/4137 2582/4510/4139
f 2608/4500/4129 2582/4510/4139 2607/4498/4127
f 2607/4498/4127 2582/4510/4139 2583/4511/4140
f 2607/4498/4127 2583/4511/4140 2606/4496/4125
f 2606/4496/4125 2583/4511/4140 2584/4512/4141
f 2606/4496/4125 2584/4512/4141 2605/4488/4117
f 2605/4488/4117 2584/4512/4141 2585/4486/4115
f 2597/4473/4102 2591/4475/4104 2596/4471/4100
f 2596/4471/4100 2591/4475/4104 2592/4513/4142
f 2596/4471/4100 2592/4513/4142 2595/4469/4098
f 2595/4469/4098 2592/4513/4142 2593/4462/4095
f 2595/4469/4098 2593/4462/4095 2594/4464/4096
f 2579/4514/4138 2578/4515/4135 2626/4516/4143
f 2626/4516/4143 2578/4515/4135 2630/4517/4144
f 2626/4516/4143 2630/4517/4144 2625/4518/4145
f 2625/4518/4145 2630/4517/4144 2631/4519/4146
f 2625/4518/4145 2631/4519/4146 2629/4520/4147
f 2629/4520/4147 2631/4519/4146 2491/4521/4148
f 2629/4520/4147 2491/4521/4148 2490/4522/4149
f 2578/4515/4135 2577/4523/4133 2630/4517/4144
f 2630/4517/4144 2577/4523/4133 2492/4524/4150
f 2630/4517/4144 2492/4524/4150 2491/4521/4148
f 2577/4523/4133 2419/4525/4151 2492/4524/4150
f 2629/4520/4147 2490/4522/4149 2632/4526/4152
f 2632/4526/4152 2490/4522/4149 2489/4527/4153
f 2632/4526/4152 2489/4527/4153 2633/4528/4154
f 2633/4528/4154 2489/4527/4153 2488/4529/4155
f 2633/4528/4154 2488/4529/4155 2634/4530/4156
f 2634/4530/4156 2488/4529/4155 2487/4531/4157
f 2634/4530/4156 2487/4531/4157 2635/4532/4158
f 2635/4532/4158 2487/4531/4157 2486/4533/4159
f 2635/4532/4158 2486/4533/4159 2636/4534/4160
f 2636/4534/4160 2486/4533/4159 2485/4535/4161
f 2636/4534/4160 2485/4535/4161 2637/4536/4162
f 2637/4536/4162 2485/4535/4161 2484/4537/4163
f 2637/4536/4162 2484/4537/4163 2628/4538/4164
f 2628/4538/4164 2484/4537/4163 2483/4539/4165
f 2628/4538/4164 2483/4539/4165 2638/4540/4166
f 2638/4540/4166 2483/4539/4165 2639/4541/4167
f 2638/4540/4166 2639/4541/4167 2617/4542/4168
f 2617/4542/4168 2639/4541/4167 2616/4543/4169
f 2616/4543/4169 2639/4541/4167 2640/4544/4170
f 2616/4543/4169 2640/4544/4170 2615/4545/4171
f 2615/4545/4171 2640/4544/4170 2641/4546/4172
f 2615/4545/4171 2641/4546/4172 2614/4547/4173
f 2614/4547/4173 2641/4546/4172 2642/4548/4174
f 2614/4547/4173 2642/4548/4174 2613/4549/4175
f 2613/4549/4175 2642/4548/4174 2643/4550/4176
f 2613/4549/4175 2643/4550/4176 2627/4551/4177
f 2627/4551/4177 2643/4550/4176 2478/4552/4178
f 2627/4551/4177 2478/4552/4178 2610/4553/4179
f 2483/4539/4165 2482/4554/4180 2639/4541/4167
f 2639/4541/4167 2482/4554/4180 2640/4544/4170
f 2482/4554/4180 2481/4555/4181 2640/4544/4170
f 2640/4544/4170 2481/4555/4181 2641/4546/4172
f 2481/4555/4181 2480/4556/4182 2641/4546/4172
f 2641/4546/4172 2480/4556/4182 2642/4548/4174
f 2480/4556/4182 2479/4557/4183 2642/4548/4174
f 2642/4548/4174 2479/4557/4183 2643/4550/4176
f 2479/4557/4183 2478/4552/4178 2643/4550/4176
f 2610/4553/4179 2611/4558/4184 2627/4551/4177
f 2627/4551/4177 2611/4558/4184 2612/4559/4185
f 2627/4551/4177 2612/4559/4185 2613/4549/4175
f 2638/4540/4166 2617/4542/4168 2628/4538/4164
f 2628/4538/4164 2617/4542/4168 2618/4560/4186
f 2628/4538/4164 2618/4560/4186 2637/4536/4162
f 2637/4536/4162 2618/4560/4186 2619/4561/4187
f 2637/4536/4162 2619/4561/4187 2636/4534/4160
f 2636/4534/4160 2619/4561/4187 2620/4562/4188
f 2636/4534/4160 2620/4562/4188 2635/4532/4158
f 2635/4532/4158 2620/4562/4188 2621/4563/4189
f 2635/4532/4158 2621/4563/4189 2634/4530/4156
f 2634/4530/4156 2621/4563/4189 2622/4564/4190
f 2634/4530/4156 2622/4564/4190 2633/4528/4154
f 2633/4528/4154 2622/4564/4190 2623/4565/4191
f 2633/4528/4154 2623/4565/4191 2632/4526/4152
f 2632/4526/4152 2623/4565/4191 2624/4566/4192
f 2632/4526/4152 2624/4566/4192 2629/4520/4147
f 2629/4520/4147 2624/4566/4192 2625/4518/4145
f 2491/4521/4148 2631/4519/4146 2630/4517/4144
f 2525/4567/4193 2644/4568/4194 2665/4569/4195
f 2665/4569/4195 2644/4568/4194 2645/4570/4196
f 2665/4569/4195 2645/4570/4196 2666/4571/4197
f 2666/4571/4197 2645/4570/4196 2646/4572/4198
f 2666/4571/4197 2646/4572/4198 2672/4573/4199
f 2672/4573/4199 2646/4572/4198 2671/4574/4200
f 2672/4573/4199 2671/4574/4200 2548/4575/4201
f 2548/4575/4201 2671/4574/4200 2549/4576/4202
f 2549/4576/4202 2671/4574/4200 2673/4577/4203
f 2549/4576/4202 2673/4577/4203 2667/4578/4204
f 2667/4578/4204 2673/4577/4203 2648/4579/4205
f 2667/4578/4204 2648/4579/4205 2649/4580/4206
f 2646/4572/4198 2647/4581/4207 2671/4574/4200
f 2671/4574/4200 2647/4581/4207 2673/4577/4203
f 2647/4581/4207 2648/4579/4205 2673/4577/4203
f 2667/4578/4204 2649/4580/4206 2674/4582/4208
f 2674/4582/4208 2649/4580/4206 2650/4583/4209
f 2674/4582/4208 2650/4583/4209 2651/4584/4210
f 2674/4582/4208 2651/4584/4210 2675/4585/4211
f 2675/4585/4211 2651/4584/4210 2652/4586/4212
f 2675/4585/4211 2652/4586/4212 2653/4587/4213
f 2675/4585/4211 2653/4587/4213 2676/4588/4214
f 2676/4588/4214 2653/4587/4213 2654/4589/4215
f 2676/4588/4214 2654/4589/4215 2677/4590/4216
f 2677/4590/4216 2654/4589/4215 2655/4591/4217
f 2677/4590/4216 2655/4591/4217 2656/4592/4218
f 2677/4590/4216 2656/4592/4218 2678/4593/4219
f 2678/4593/4219 2656/4592/4218 2657/4594/4220
f 2678/4593/4219 2657/4594/4220 2658/4595/4221
f 2678/4593/4219 2658/4595/4221 2679/4596/4222
f 2679/4596/4222 2658/4595/4221 2659/4597/4223
f 2679/4596/4222 2659/4597/4223 2680/4598/4224
f 2680/4598/4224 2659/4597/4223 2660/4599/4225
f 2680/4598/4224 2660/4599/4225 2661/4600/4226
f 2680/4598/4224 2661/4600/4226 2668/4601/4227
f 2668/4601/4227 2661/4600/4226 2662/4602/4228
f 2668/4601/4227 2662/4602/4228 2681/4603/4229
f 2681/4603/4229 2662/4602/4228 2663/4604/4230
f 2681/4603/4229 2663/4604/4230 2682/4605/4231
f 2682/4605/4231 2663/4604/4230 2670/4606/4232
f 2682/4605/4231 2670/4606/4232 2559/4607/4233
f 2559/4607/4233 2670/4606/4232 2669/4608/4234
f 2559/4607/4233 2669/4608/4234 1951/4609/4235
f 1951/4609/4235 2669/4608/4234 1946/4610/4236
f 1946/4610/4236 2669/4608/4234 2664/4611/4237
f 2664/4611/4237 2669/4608/4234 2670/4606/4232
f 2664/4611/4237 2670/4606/4232 2663/4604/4230
f 2559/4607/4233 2558/4612/4238 2682/4605/4231
f 2682/4605/4231 2558/4612/4238 2681/4603/4229
f 2681/4603/4229 2558/4612/4238 2668/4601/4227
f 2668/4601/4227 2558/4612/4238 2557/4613/4239
f 2668/4601/4227 2557/4613/4239 2680/4598/4224
f 2680/4598/4224 2557/4613/4239 2556/4614/4240
f 2680/4598/4224 2556/4614/4240 2679/4596/4222
f 2679/4596/4222 2556/4614/4240 2555/4615/4241
f 2679/4596/4222 2555/4615/4241 2678/4593/4219
f 2678/4593/4219 2555/4615/4241 2554/4616/4242
f 2678/4593/4219 2554/4616/4242 2677/4590/4216
f 2677/4590/4216 2554/4616/4242 2553/4617/4243
f 2677/4590/4216 2553/4617/4243 2676/4588/4214
f 2676/4588/4214 2553/4617/4243 2552/4618/4244
f 2676/4588/4214 2552/4618/4244 2675/4585/4211
f 2675/4585/4211 2552/4618/4244 2551/4619/4245
f 2675/4585/4211 2551/4619/4245 2674/4582/4208
f 2674/4582/4208 2551/4619/4245 2550/4620/4246
f 2674/4582/4208 2550/4620/4246 2667/4578/4204
f 2667/4578/4204 2550/4620/4246 2549/4576/4202
f 2548/4575/4201 2547/4621/4247 2672/4573/4199
f 2672/4573/4199 2547/4621/4247 2666/4571/4197
f 2547/4621/4247 2546/4622/4248 2666/4571/4197
f 2666/4571/4197 2546/4622/4248 2665/4569/4195
f 2546/4622/4248 2525/4567/4193 2665/4569/4195
f 1934/4623/3052 1931/4624/3056 2714/4625/4249
f 2714/4625/4249 1931/4624/3056 2683/4626/4250
f 2714/4625/4249 2683/4626/4250 2700/4627/4251
f 2700/4627/4251 2683/4626/4250 2684/4628/4252
f 2700/4627/4251 2684/4628/4252 2701/4629/4253
f 2701/4629/4253 2684/4628/4252 2702/4630/4254
f 2701/4629/4253 2702/4630/4254 2512/4631/4255
f 2512/4631/4255 2702/4630/4254 2715/4632/4256
f 2512/4631/4255 2715/4632/4256 2513/4633/4257
f 2513/4633/4257 2715/4632/4256 2703/4634/4258
f 2513/4633/4257 2703/4634/4258 2514/4635/4259
f 2514/4635/4259 2703/4634/4258 2704/4636/4260
f 2514/4635/4259 2704/4636/4260 2705/4637/4261
f 2705/4637/4261 2704/4636/4260 2687/4638/4262
f 2705/4637/4261 2687/4638/4262 2706/4639/4263
f 2706/4639/4263 2687/4638/4262 2688/4640/4264
f 2706/4639/4263 2688/4640/4264 2707/4641/4265
f 2707/4641/4265 2688/4640/4264 2689/4642/4266
f 2707/4641/4265 2689/4642/4266 2716/4643/4267
f 2716/4643/4267 2689/4642/4266 2690/4644/4268
f 2716/4643/4267 2690/4644/4268 2691/4645/4269
f 2684/4628/4252 2685/4646/4270 2702/4630/4254
f 2702/4630/4254 2685/4646/4270 2715/4632/4256
f 2685/4646/4270 2686/4647/4271 2715/4632/4256
f 2715/4632/4256 2686/4647/4271 2703/4634/4258
f 2703/4634/4258 2686/4647/4271 2704/4636/4260
f 2704/4636/4260 2686/4647/4271 2687/4638/4262
f 2716/4643/4267 2691/4645/4269 2717/4648/4272
f 2717/4648/4272 2691/4645/4269 2692/4649/4273
f 2717/4648/4272 2692/4649/4273 2708/4650/4274
f 2708/4650/4274 2692/4649/4273 2693/4651/4275
f 2708/4650/4274 2693/4651/4275 2719/4652/4276
f 2719/4652/4276 2693/4651/4275 2718/4653/4277
f 2719/4652/4276 2718/4653/4277 2518/4654/4278
f 2518/4654/4278 2718/4653/4277 2519/4655/4279
f 2519/4655/4279 2718/4653/4277 2710/4656/4280
f 2519/4655/4279 2710/4656/4280 2709/4657/4281
f 2709/4657/4281 2710/4656/4280 2695/4658/4282
f 2709/4657/4281 2695/4658/4282 2720/4659/4283
f 2720/4659/4283 2695/4658/4282 2696/4660/4284
f 2720/4659/4283 2696/4660/4284 2721/4661/4285
f 2721/4661/4285 2696/4660/4284 2711/4662/4286
f 2721/4661/4285 2711/4662/4286 2521/4663/4287
f 2521/4663/4287 2711/4662/4286 2522/4664/4288
f 2522/4664/4288 2711/4662/4286 2722/4665/4289
f 2522/4664/4288 2722/4665/4289 2523/4666/4290
f 2523/4666/4290 2722/4665/4289 2713/4667/4291
f 2523/4666/4290 2713/4667/4291 2712/4668/4292
f 2712/4668/4292 2713/4667/4291 2699/4669/4293
f 2712/4668/4292 2699/4669/4293 2723/4670/4294
f 2723/4670/4294 2699/4669/4293 2644/4671/4194
f 2723/4670/4294 2644/4671/4194 2525/4672/4193
f 2693/4651/4275 2694/4673/4295 2718/4653/4277
f 2718/4653/4277 2694/4673/4295 2710/4656/4280
f 2694/4673/4295 2695/4658/4282 2710/4656/4280
f 2696/4660/4284 2697/4674/4296 2711/4662/4286
f 2711/4662/4286 2697/4674/4296 2722/4665/4289
f 2697/4674/4296 2698/4675/4297 2722/4665/4289
f 2722/4665/4289 2698/4675/4297 2713/4667/4291
f 2698/4675/4297 2699/4669/4293 2713/4667/4291
f 2525/4672/4193 2524/4676/4298 2723/4670/4294
f 2723/4670/4294 2524/4676/4298 2712/4668/4292
f 2524/4676/4298 2523/4666/4290 2712/4668/4292
f 2721/4661/4285 2521/4663/4287 2720/4659/4283
f 2720/4659/4283 2521/4663/4287 2520/4677/4299
f 2720/4659/4283 2520/4677/4299 2709/4657/4281
f 2709/4657/4281 2520/4677/4299 2519/4655/4279
f 2719/4652/4276 2518/4654/4278 2708/4650/4274
f 2708/4650/4274 2518/4654/4278 2517/4678/4300
f 2708/4650/4274 2517/4678/4300 2717/4648/4272
f 2717/4648/4272 2517/4678/4300 2516/4679/4301
f 2717/4648/4272 2516/4679/4301 2716/4643/4267
f 2716/4643/4267 2516/4679/4301 2707/4641/4265
f 2516/4679/4301 2515/4680/4302 2707/4641/4265
f 2707/4641/4265 2515/4680/4302 2706/4639/4263
f 2706/4639/4263 2515/4680/4302 2705/4637/4261
f 2705/4637/4261 2515/4680/4302 2514/4635/4259
f 2512/4631/4255 2511/4681/4303 2701/4629/4253
f 2701/4629/4253 2511/4681/4303 2700/4627/4251
f 2511/4681/4303 1934/4623/3052 2700/4627/4251
f 2700/4627/4251 1934/4623/3052 2714/4625/4249
f 2154/4682/3416 2724/4683/4304 2155/4684/4305
f 2155/4684/4305 2724/4683/4304 2731/4685/4306
f 2155/4684/4305 2731/4685/4306 2156/4686/4307
f 2156/4686/4307 2731/4685/4306 2732/4687/4308
f 2156/4686/4307 2732/4687/4308 2157/4688/4309
f 2157/4688/4309 2732/4687/4308 2733/4689/4310
f 2157/4688/4309 2733/4689/4310 2730/4690/4311
f 2730/4690/4311 2733/4689/4310 2474/4691/4312
f 2730/4690/4311 2474/4691/4312 2473/4692/4313
f 2724/4683/4304 2725/4693/4314 2731/4685/4306
f 2731/4685/4306 2725/4693/4314 2476/4694/4315
f 2731/4685/4306 2476/4694/4315 2732/4687/4308
f 2732/4687/4308 2476/4694/4315 2475/4695/4316
f 2732/4687/4308 2475/4695/4316 2733/4689/4310
f 2733/4689/4310 2475/4695/4316 2474/4691/4312
f 2725/4693/4314 2477/4696/4016 2476/4694/4315
f 2473/4692/4313 2472/4697/4317 2730/4690/4311
f 2730/4690/4311 2472/4697/4317 2734/4698/4318
f 2730/4690/4311 2734/4698/4318 2158/4699/4319
f 2158/4699/4319 2734/4698/4318 2159/4700/4320
f 2159/4700/4320 2734/4698/4318 2729/4701/4321
f 2159/4700/4320 2729/4701/4321 2160/4702/4322
f 2160/4702/4322 2729/4701/4321 2735/4703/4323
f 2160/4702/4322 2735/4703/4323 2161/4704/4324
f 2161/4704/4324 2735/4703/4323 2162/4705/4325
f 2162/4705/4325 2735/4703/4323 2736/4706/4326
f 2162/4705/4325 2736/4706/4326 2163/4707/4327
f 2163/4707/4327 2736/4706/4326 2737/4708/4328
f 2163/4707/4327 2737/4708/4328 2164/4709/4329
f 2164/4709/4329 2737/4708/4328 2165/4710/4330
f 2165/4710/4330 2737/4708/4328 2738/4711/4331
f 2165/4710/4330 2738/4711/4331 2166/4712/4332
f 2166/4712/4332 2738/4711/4331 2739/4713/4333
f 2166/4712/4332 2739/4713/4333 2167/4714/4334
f 2167/4714/4334 2739/4713/4333 2740/4715/4335
f 2167/4714/4334 2740/4715/4335 2168/4716/4336
f 2168/4716/4336 2740/4715/4335 2741/4717/4337
f 2168/4716/4336 2741/4717/4337 2169/4718/4338
f 2169/4718/4338 2741/4717/4337 2742/4719/4339
f 2169/4718/4338 2742/4719/4339 2170/4720/4340
f 2170/4720/4340 2742/4719/4339 2743/4721/4341
f 2170/4720/4340 2743/4721/4341 2171/4722/4342
f 2171/4722/4342 2743/4721/4341 2744/4723/4343
f 2171/4722/4342 2744/4723/4343 2728/4724/4344
f 2728/4724/4344 2744/4723/4343 2457/4725/4345
f 2728/4724/4344 2457/4725/4345 2726/4726/4346
f 2726/4726/4346 2457/4725/4345 2418/4727/3974
f 2472/4697/4317 2471/4728/4347 2734/4698/4318
f 2734/4698/4318 2471/4728/4347 2729/4701/4321
f 2471/4728/4347 2470/4729/4348 2729/4701/4321
f 2729/4701/4321 2470/4729/4348 2469/4730/4349
f 2729/4701/4321 2469/4730/4349 2735/4703/4323
f 2735/4703/4323 2469/4730/4349 2468/4731/4350
f 2735/4703/4323 2468/4731/4350 2736/4706/4326
f 2736/4706/4326 2468/4731/4350 2467/4732/4351
f 2736/4706/4326 2467/4732/4351 2466/4733/4352
f 2736/4706/4326 2466/4733/4352 2737/4708/4328
f 2737/4708/4328 2466/4733/4352 2465/4734/4353
f 2737/4708/4328 2465/4734/4353 2738/4711/4331
f 2738/4711/4331 2465/4734/4353 2464/4735/4354
f 2738/4711/4331 2464/4735/4354 2463/4736/4355
f 2738/4711/4331 2463/4736/4355 2739/4713/4333
f 2739/4713/4333 2463/4736/4355 2462/4737/4356
f 2739/4713/4333 2462/4737/4356 2740/4715/4335
f 2740/4715/4335 2462/4737/4356 2461/4738/4357
f 2740/4715/4335 2461/4738/4357 2460/4739/4358
f 2740/4715/4335 2460/4739/4358 2741/4717/4337
f 2741/4717/4337 2460/4739/4358 2459/4740/4359
f 2741/4717/4337 2459/4740/4359 2742/4719/4339
f 2742/4719/4339 2459/4740/4359 2743/4721/4341
f 2459/4740/4359 2458/4741/4360 2743/4721/4341
f 2743/4721/4341 2458/4741/4360 2744/4723/4343
f 2458/4741/4360 2457/4725/4345 2744/4723/4343
f 2726/4726/4346 2727/4742/4361 2728/4724/4344
f 2728/4724/4344 2727/4742/4361 2172/4743/4362
f 2728/4724/4344 2172/4743/4362 2171/4722/4342
f 2727/4742/4361 2090/4744/3310 2172/4743/4362
f 2158/4699/4319 2157/4688/4309 2730/4690/4311
f 2090/4745/3310 2727/4746/4363 2091/4747/4364
f 2091/4747/4364 2727/4746/4363 2726/4748/4365
f 2091/4747/4364 2726/4748/4365 2748/4749/4366
f 2748/4749/4366 2726/4748/4365 2417/4750/4367
f 2748/4749/4366 2417/4750/4367 2416/4751/4368
f 2726/4748/4365 2418/4752/3974 2417/4750/4367
f 2415/4753/4369 2747/4754/4370 2416/4751/4368
f 2416/4751/4368 2747/4754/4370 2749/4755/4371
f 2416/4751/4368 2749/4755/4371 2748/4749/4366
f 2748/4749/4366 2749/4755/4371 2092/4756/4372
f 2748/4749/4366 2092/4756/4372 2091/4747/4364
f 2747/4754/4370 2415/4753/4369 2750/4757/4373
f 2750/4757/4373 2415/4753/4369 2414/4758/4374
f 2750/4757/4373 2414/4758/4374 2746/4759/4375
f 2746/4759/4375 2414/4758/4374 2413/4760/4376
f 2746/4759/4375 2413/4760/4376 2751/4761/4377
f 2751/4761/4377 2413/4760/4376 2412/4762/4378
f 2751/4761/4377 2412/4762/4378 2752/4763/4379
f 2752/4763/4379 2412/4762/4378 2411/4764/4380
f 2752/4763/4379 2411/4764/4380 2753/4765/4381
f 2753/4765/4381 2411/4764/4380 2410/4766/4382
f 2753/4765/4381 2410/4766/4382 2754/4767/4383
f 2754/4767/4383 2410/4766/4382 2409/4768/4384
f 2754/4767/4383 2409/4768/4384 2755/4769/4385
f 2755/4769/4385 2409/4768/4384 2408/4770/4386
f 2755/4769/4385 2408/4770/4386 2407/4771/4387
f 2755/4769/4385 2407/4771/4387 2745/4772/4388
f 2745/4772/4388 2407/4771/4387 2406/4773/4389
f 2745/4772/4388 2406/4773/4389 2756/4774/4390
f 2756/4774/4390 2406/4773/4389 2405/4775/4391
f 2756/4774/4390 2405/4775/4391 2757/4776/4392
f 2757/4776/4392 2405/4775/4391 2404/4777/4393
f 2757/4776/4392 2404/4777/4393 2758/4778/4394
f 2758/4778/4394 2404/4777/4393 2403/4779/4395
f 2758/4778/4394 2403/4779/4395 2759/4780/4396
f 2759/4780/4396 2403/4779/4395 2402/4781/4397
f 2759/4780/4396 2402/4781/4397 2760/4782/4398
f 2760/4782/4398 2402/4781/4397 2401/4783/4399
f 2760/4782/4398 2401/4783/4399 2761/4784/4400
f 2761/4784/4400 2401/4783/4399 1895/4785/4401
f 2761/4784/4400 1895/4785/4401 1894/4786/2978
f 2401/4783/4399 1896/4787/4402 1895/4785/4401
f 1894/4786/2978 1893/4788/2980 2761/4784/4400
f 2761/4784/4400 1893/4788/2980 2108/4789/4403
f 2761/4784/4400 2108/4789/4403 2760/4782/4398
f 2760/4782/4398 2108/4789/4403 2107/4790/4404
f 2760/4782/4398 2107/4790/4404 2759/4780/4396
f 2759/4780/4396 2107/4790/4404 2106/4791/4405
f 2759/4780/4396 2106/4791/4405 2758/4778/4394
f 2758/4778/4394 2106/4791/4405 2105/4792/4406
f 2758/4778/4394 2105/4792/4406 2757/4776/4392
f 2757/4776/4392 2105/4792/4406 2104/4793/4407
f 2757/4776/4392 2104/4793/4407 2756/4774/4390
f 2756/4774/4390 2104/4793/4407 2745/4772/4388
f 2104/4793/4407 2103/4794/4408 2745/4772/4388
f 2745/4772/4388 2103/4794/4408 2102/4795/4409
f 2745/4772/4388 2102/4795/4409 2755/4769/4385
f 2755/4769/4385 2102/4795/4409 2101/4796/4410
f 2755/4769/4385 2101/4796/4410 2754/4767/4383
f 2754/4767/4383 2101/4796/4410 2100/4797/4411
f 2754/4767/4383 2100/4797/4411 2099/4798/4412
f 2754/4767/4383 2099/4798/4412 2753/4765/4381
f 2753/4765/4381 2099/4798/4412 2098/4799/4413
f 2753/4765/4381 2098/4799/4413 2097/4800/4414
f 2753/4765/4381 2097/4800/4414 2752/4763/4379
f 2752/4763/4379 2097/4800/4414 2096/4801/4415
f 2752/4763/4379 2096/4801/4415 2751/4761/4377
f 2751/4761/4377 2096/4801/4415 2095/4802/4416
f 2751/4761/4377 2095/4802/4416 2746/4759/4375
f 2746/4759/4375 2095/4802/4416 2094/4803/4417
f 2746/4759/4375 2094/4803/4417 2750/4757/4373
f 2750/4757/4373 2094/4803/4417 2747/4754/4370
f 2094/4803/4417 2093/4804/4418 2747/4754/4370
f 2747/4754/4370 2093/4804/4418 2749/4755/4371
f 2093/4804/4418 2092/4756/4372 2749/4755/4371
f 1943/4805/4419 1948/4806/3074 2109/4807/4420
f 2109/4807/4420 1948/4806/3074 2767/4808/4421
f 2109/4807/4420 2767/4808/4421 2110/4809/4422
f 2110/4809/4422 2767/4808/4421 2768/4810/4423
f 2110/4809/4422 2768/4810/4423 2111/4811/4424
f 2111/4811/4424 2768/4810/4423 2769/4812/4425
f 2111/4811/4424 2769/4812/4425 2766/4813/4426
f 2766/4813/4426 2769/4812/4425 2662/4814/4427
f 2766/4813/4426 2662/4814/4427 2661/4815/4428
f 1948/4806/3074 1947/4816/4429 2767/4808/4421
f 2767/4808/4421 1947/4816/4429 2664/4817/4430
f 2767/4808/4421 2664/4817/4430 2768/4810/4423
f 2768/4810/4423 2664/4817/4430 2663/4818/4431
f 2768/4810/4423 2663/4818/4431 2769/4812/4425
f 2769/4812/4425 2663/4818/4431 2662/4814/4427
f 1947/4816/4429 1946/4819/3073 2664/4817/4430
f 2661/4815/4428 2660/4820/4432 2766/4813/4426
f 2766/4813/4426 2660/4820/4432 2770/4821/4433
f 2766/4813/4426 2770/4821/4433 2112/4822/4434
f 2112/4822/4434 2770/4821/4433 2113/4823/4435
f 2113/4823/4435 2770/4821/4433 2765/4824/4436
f 2113/4823/4435 2765/4824/4436 2114/4825/4437
f 2114/4825/4437 2765/4824/4436 2771/4826/4438
f 2114/4825/4437 2771/4826/4438 2115/4827/4439
f 2115/4827/4439 2771/4826/4438 2116/4828/4440
f 2116/4828/4440 2771/4826/4438 2772/4829/4441
f 2116/4828/4440 2772/4829/4441 2117/4830/4442
f 2117/4830/4442 2772/4829/4441 2773/4831/4443
f 2117/4830/4442 2773/4831/4443 2118/4832/4444
f 2118/4832/4444 2773/4831/4443 2119/4833/4445
f 2119/4833/4445 2773/4831/4443 2774/4834/4446
f 2119/4833/4445 2774/4834/4446 2120/4835/4447
f 2120/4835/4447 2774/4834/4446 2775/4836/4448
f 2120/4835/4447 2775/4836/4448 2121/4837/4449
f 2121/4837/4449 2775/4836/4448 2776/4838/4450
f 2121/4837/4449 2776/4838/4450 2122/4839/4451
f 2122/4839/4451 2776/4838/4450 2777/4840/4452
f 2122/4839/4451 2777/4840/4452 2123/4841/4453
f 2123/4841/4453 2777/4840/4452 2778/4842/4454
f 2123/4841/4453 2778/4842/4454 2124/4843/4455
f 2124/4843/4455 2778/4842/4454 2779/4844/4456
f 2124/4843/4455 2779/4844/4456 2125/4845/4457
f 2125/4845/4457 2779/4844/4456 2780/4846/4458
f 2125/4845/4457 2780/4846/4458 2764/4847/4459
f 2764/4847/4459 2780/4846/4458 2645/4848/4460
f 2764/4847/4459 2645/4848/4460 2762/4849/4461
f 2762/4849/4461 2645/4848/4460 2644/4850/4194
f 2660/4820/4432 2659/4851/4462 2770/4821/4433
f 2770/4821/4433 2659/4851/4462 2765/4824/4436
f 2659/4851/4462 2658/4852/4463 2765/4824/4436
f 2765/4824/4436 2658/4852/4463 2657/4853/4464
f 2765/4824/4436 2657/4853/4464 2771/4826/4438
f 2771/4826/4438 2657/4853/4464 2656/4854/4465
f 2771/4826/4438 2656/4854/4465 2772/4829/4441
f 2772/4829/4441 2656/4854/4465 2655/4855/4466
f 2772/4829/4441 2655/4855/4466 2654/4856/4467
f 2772/4829/4441 2654/4856/4467 2773/4831/4443
f 2773/4831/4443 2654/4856/4467 2653/4857/4468
f 2773/4831/4443 2653/4857/4468 2774/4834/4446
f 2774/4834/4446 2653/4857/4468 2652/4858/4469
f 2774/4834/4446 2652/4858/4469 2651/4859/4470
f 2774/4834/4446 2651/4859/4470 2775/4836/4448
f 2775/4836/4448 2651/4859/4470 2650/4860/4471
f 2775/4836/4448 2650/4860/4471 2776/4838/4450
f 2776/4838/4450 2650/4860/4471 2649/4861/4472
f 2776/4838/4450 2649/4861/4472 2648/4862/4473
f 2776/4838/4450 2648/4862/4473 2777/4840/4452
f 2777/4840/4452 2648/4862/4473 2647/4863/4474
f 2777/4840/4452 2647/4863/4474 2778/4842/4454
f 2778/4842/4454 2647/4863/4474 2779/4844/4456
f 2647/4863/4474 2646/4864/4475 2779/4844/4456
f 2779/4844/4456 2646/4864/4475 2780/4846/4458
f 2646/4864/4475 2645/4848/4460 2780/4846/4458
f 2762/4849/4461 2763/4865/4476 2764/4847/4459
f 2764/4847/4459 2763/4865/4476 2126/4866/4477
f 2764/4847/4459 2126/4866/4477 2125/4845/4457
f 2763/4865/4476 2127/4867/3301 2126/4866/4477
f 2112/4822/4434 2111/4811/4424 2766/4813/4426
f 2127/4868/3301 2763/4869/4478 2136/4870/4479
f 2136/4870/4479 2763/4869/4478 2762/4871/4480
f 2136/4870/4479 2762/4871/4480 2784/4872/4481
f 2784/4872/4481 2762/4871/4480 2699/4873/4482
f 2784/4872/4481 2699/4873/4482 2698/4874/4483
f 2762/4871/4480 2644/4875/4484 2699/4873/4482
f 2697/4876/4485 2783/4877/4486 2698/4874/4483
f 2698/4874/4483 2783/4877/4486 2785/4878/4487
f 2698/4874/4483 2785/4878/4487 2784/4872/4481
f 2784/4872/4481 2785/4878/4487 2137/4879/4488
f 2784/4872/4481 2137/4879/4488 2136/4870/4479
f 2783/4877/4486 2697/4876/4485 2786/4880/4489
f 2786/4880/4489 2697/4876/4485 2696/4881/4490
f 2786/4880/4489 2696/4881/4490 2782/4882/4491
f 2782/4882/4491 2696/4881/4490 2695/4883/4492
f 2782/4882/4491 2695/4883/4492 2787/4884/4493
f 2787/4884/4493 2695/4883/4492 2694/4885/4494
f 2787/4884/4493 2694/4885/4494 2788/4886/4495
f 2788/4886/4495 2694/4885/4494 2693/4887/4496
f 2788/4886/4495 2693/4887/4496 2789/4888/4497
f 2789/4888/4497 2693/4887/4496 2692/4889/4498
f 2789/4888/4497 2692/4889/4498 2790/4890/4499
f 2790/4890/4499 2692/4889/4498 2691/4891/4500
f 2790/4890/4499 2691/4891/4500 2791/4892/4501
f 2791/4892/4501 2691/4891/4500 2690/4893/4502
f 2791/4892/4501 2690/4893/4502 2689/4894/4503
f 2791/4892/4501 2689/4894/4503 2781/4895/4504
f 2781/4895/4504 2689/4894/4503 2688/4896/4505
f 2781/4895/4504 2688/4896/4505 2792/4897/4506
f 2792/4897/4506 2688/4896/4505 2687/4898/4507
f 2792/4897/4506 2687/4898/4507 2793/4899/4508
f 2793/4899/4508 2687/4898/4507 2686/4900/4509
f 2793/4899/4508 2686/4900/4509 2794/4901/4510
f 2794/4901/4510 2686/4900/4509 2685/4902/4511
f 2794/4901/4510 2685/4902/4511 2795/4903/4512
f 2795/4903/4512 2685/4902/4511 2684/4904/4513
f 2795/4903/4512 2684/4904/4513 2796/4905/4514
f 2796/4905/4514 2684/4904/4513 2683/4906/4515
f 2796/4905/4514 2683/4906/4515 2797/4907/4516
f 2797/4907/4516 2683/4906/4515 1930/4908/3051
f 2797/4907/4516 1930/4908/3051 1929/4909/3050
f 2683/4906/4515 1931/4910/3044 1930/4908/3051
f 1929/4909/3050 1928/4911/3049 2797/4907/4516
f 2797/4907/4516 1928/4911/3049 2153/4912/4517
f 2797/4907/4516 2153/4912/4517 2796/4905/4514
f 2796/4905/4514 2153/4912/4517 2152/4913/4518
f 2796/4905/4514 2152/4913/4518 2795/4903/4512
f 2795/4903/4512 2152/4913/4518 2151/4914/4519
f 2795/4903/4512 2151/4914/4519 2794/4901/4510
f 2794/4901/4510 2151/4914/4519 2150/4915/4520
f 2794/4901/4510 2150/4915/4520 2793/4899/4508
f 2793/4899/4508 2150/4915/4520 2149/4916/4521
f 2793/4899/4508 2149/4916/4521 2792/4897/4506
f 2792/4897/4506 2149/4916/4521 2781/4895/4504
f 2149/4916/4521 2148/4917/4522 2781/4895/4504
f 2781/4895/4504 2148/4917/4522 2147/4918/4523
f 2781/4895/4504 2147/4918/4523 2791/4892/4501
f 2791/4892/4501 2147/4918/4523 2146/4919/4524
f 2791/4892/4501 2146/4919/4524 2790/4890/4499
f 2790/4890/4499 2146/4919/4524 2145/4920/4525
f 2790/4890/4499 2145/4920/4525 2144/4921/4526
f 2790/4890/4499 2144/4921/4526 2789/4888/4497
f 2789/4888/4497 2144/4921/4526 2143/4922/4527
f 2789/4888/4497 2143/4922/4527 2142/4923/4528
f 2789/4888/4497 2142/4923/4528 2788/4886/4495
f 2788/4886/4495 2142/4923/4528 2141/4924/4529
f 2788/4886/4495 2141/4924/4529 2787/4884/4493
f 2787/4884/4493 2141/4924/4529 2140/4925/4530
f 2787/4884/4493 2140/4925/4530 2782/4882/4491
f 2782/4882/4491 2140/4925/4530 2139/4926/4531
f 2782/4882/4491 2139/4926/4531 2786/4880/4489
f 2786/4880/4489 2139/4926/4531 2783/4877/4486
f 2139/4926/4531 2138/4927/4532 2783/4877/4486
f 2783/4877/4486 2138/4927/4532 2785/4878/4487
f 2138/4927/4532 2137/4879/4488 2785/4878/4487
f 2154/4928/3416 2798/4929/4533 2801/4930/4534
f 2801/4930/4534 2798/4929/4533 2799/4931/4535
f 2801/4930/4534 2799/4931/4535 2800/4932/4536
f 2477/4933/4537 2725/4934/4314 2800/4932/4536
f 2800/4932/4536 2725/4934/4314 2801/4930/4534
f 2725/4934/4314 2724/4935/4538 2801/4930/4534
f 2801/4930/4534 2724/4935/4538 2154/4928/3416
f 1927/4936/4539 2798/4937/4540 1928/4938/3049
f 1928/4938/3049 2798/4937/4540 2154/4939/3416
f 2477/4940/4016 2800/4941/4541 2803/4942/4542
f 2803/4942/4542 2800/4941/4541 2802/4943/4543
f 2803/4942/4542 2802/4943/4543 2478/4944/4015
f 2478/4944/4015 2477/4940/4016 2803/4942/4542
f 2478/4945/4178 2802/4946/4544 2806/4947/4545
f 2806/4947/4545 2802/4946/4544 2804/4948/4546
f 2806/4947/4545 2804/4948/4546 2805/4949/4547
f 2612/4950/4185 2611/4951/4184 2805/4949/4547
f 2805/4949/4547 2611/4951/4184 2806/4947/4545
f 2611/4951/4184 2610/4952/4179 2806/4947/4545
f 2806/4947/4545 2610/4952/4179 2478/4945/4178
f 2805/4953/4547 2807/4954/4548 2612/4955/4185
f 2612/4955/4185 2807/4954/4548 2808/4956/4549
f 2612/4955/4185 2808/4956/4549 2613/4957/4175
f 2613/4957/4175 2808/4956/4549 2809/4958/4550
f 2613/4957/4175 2809/4958/4550 2810/4959/4551
f 2811/4960/4552 2615/4961/4171 2810/4959/4551
f 2810/4959/4551 2615/4961/4171 2614/4962/4173
f 2810/4959/4551 2614/4962/4173 2613/4957/4175
f 2615/4961/4171 2811/4960/4552 2616/4963/4169
f 2616/4963/4169 2811/4960/4552 2812/4964/4553
f 2616/4963/4169 2812/4964/4553 2617/4965/4168
f 2617/4965/4168 2812/4964/4553 2813/4966/4554
f 2617/4965/4168 2813/4966/4554 2618/4967/4186
f 2618/4967/4186 2813/4966/4554 2814/4968/4555
f 2618/4967/4186 2814/4968/4555 2619/4969/4187
f 2619/4969/4187 2814/4968/4555 2815/4970/4556
f 2619/4969/4187 2815/4970/4556 2620/4971/4188
f 2620/4971/4188 2815/4970/4556 2621/4972/4189
f 2621/4972/4189 2815/4970/4556 2816/4973/4557
f 2621/4972/4189 2816/4973/4557 2622/4974/4190
f 2622/4974/4190 2816/4973/4557 2623/4975/4191
f 2623/4975/4191 2816/4973/4557 2817/4976/4558
f 2623/4975/4191 2817/4976/4558 2624/4977/4192
f 2624/4977/4192 2817/4976/4558 2625/4978/4145
f 2625/4978/4145 2817/4976/4558 2818/4979/4559
f 2625/4978/4145 2818/4979/4559 2626/4980/4143
f 2626/4980/4143 2818/4979/4559 2579/4981/4138
f 2579/4981/4138 2818/4979/4559 2819/4982/4560
f 2579/4981/4138 2819/4982/4560 2580/4983/4136
f 2580/4983/4136 2819/4982/4560 2581/4984/4137
f 2581/4984/4137 2819/4982/4560 2820/4985/4561
f 2581/4984/4137 2820/4985/4561 2582/4986/4139
f 2582/4986/4139 2820/4985/4561 2583/4987/4140
f 2583/4987/4140 2820/4985/4561 2821/4988/4562
f 2583/4987/4140 2821/4988/4562 2584/4989/4141
f 2584/4989/4141 2821/4988/4562 2585/4990/4115
f 2585/4990/4115 2821/4988/4562 2822/4991/4563
f 2585/4990/4115 2822/4991/4563 2586/4992/4113
f 2586/4992/4113 2822/4991/4563 2587/4993/4111
f 2587/4993/4111 2822/4991/4563 2823/4994/4564
f 2587/4993/4111 2823/4994/4564 2588/4995/4109
f 2588/4995/4109 2823/4994/4564 2824/4996/4565
f 2588/4995/4109 2824/4996/4565 2589/4997/4107
f 2589/4997/4107 2824/4996/4565 2825/4998/4566
f 2589/4997/4107 2825/4998/4566 2590/4999/4105
f 2590/4999/4105 2825/4998/4566 2826/5000/4567
f 2590/4999/4105 2826/5000/4567 2591/5001/4104
f 2591/5001/4104 2826/5000/4567 2827/5002/4568
f 2591/5001/4104 2827/5002/4568 2592/5003/4142
f 2592/5003/4142 2827/5002/4568 2593/5004/4095
f 2593/5004/4095 2827/5002/4568 2828/5005/4569
f 2593/5004/4095 2828/5005/4569 2829/5006/4570
f 2593/5004/4095 2829/5006/4570 1905/5007/2986
f 1905/5007/2986 2829/5006/4570 2830/5008/4571
f 1905/5007/2986 2830/5008/4571 1901/5009/2987
f 1494/5010/4572 2831/5011/4573 1495/5012/3001
f 1495/5012/3001 2831/5011/4573 1908/5013/4574
f 2831/5014/4575 1494/5015/4576 2834/5016/4577
f 2834/5016/4577 1494/5015/4576 2835/5017/4578
f 2834/5016/4577 2835/5017/4578 2833/5018/4579
f 2833/5018/4579 2835/5017/4578 2832/5019/4580
f 2832/5019/4580 2835/5017/4578 1492/5020/4581
f 2832/5019/4580 1492/5020/4581 1491/5021/4582
f 1494/5015/4576 1493/5022/4583 2835/5017/4578
f 2835/5017/4578 1493/5022/4583 1492/5020/4581
f 2832/5023/4584 1491/5024/4585 2836/5025/4586
f 2836/5025/4586 1491/5024/4585 1490/5026/4587
f 1490/5027/4588 1489/5028/4589 2836/5029/4590
f 2836/5029/4590 1489/5028/4589 2839/5030/4591
f 2839/5030/4591 1489/5028/4589 1488/5031/4592
f 2839/5030/4591 1488/5031/4592 2838/5032/4593
f 2838/5032/4593 1488/5031/4592 2837/5033/4594
f 2837/5033/4594 1488/5031/4592 1487/5034/4595
f 1486/5035/4596 2840/5036/4597 1487/5037/4598
f 1487/5037/4598 2840/5036/4597 2837/5038/4599
f 2837/5038/4599 2840/5036/4597 2841/5039/4600
f 2837/5038/4599 2841/5039/4600 2842/5040/4601
f 2831/5041/4602 2798/5042/4603 1908/5043/4604
f 1908/5043/4604 2798/5042/4603 1927/5044/4605
f 1908/5043/4604 1927/5044/4605 1909/5045/4606
f 1909/5045/4606 1927/5044/4605 1926/5046/4607
f 1909/5045/4606 1926/5046/4607 1910/5047/4608
f 1910/5047/4608 1926/5046/4607 1907/5048/4609
f 1907/5048/4609 1926/5046/4607 1925/5049/4610
f 1907/5048/4609 1925/5049/4610 1912/5050/4611
f 1912/5050/4611 1925/5049/4610 1933/5051/4612
f 1912/5050/4611 1933/5051/4612 1914/5052/4613
f 1914/5052/4613 1933/5051/4612 1915/5053/4614
f 1915/5053/4614 1933/5051/4612 1937/5054/4615
f 1915/5053/4614 1937/5054/4615 1913/5055/4616
f 1913/5055/4616 1937/5054/4615 1936/5056/4617
f 1913/5055/4616 1936/5056/4617 1954/5057/4618
f 2831/5041/4602 2834/5058/4619 2798/5042/4603
f 2798/5042/4603 2834/5058/4619 2799/5059/4620
f 2799/5059/4620 2834/5058/4619 2833/5060/4621
f 2799/5059/4620 2833/5060/4621 2832/5061/4622
f 2799/5059/4620 2832/5061/4622 2800/5062/4623
f 2800/5062/4623 2832/5061/4622 2836/5063/4624
f 2800/5062/4623 2836/5063/4624 2802/5064/4625
f 2802/5064/4625 2836/5063/4624 2839/5065/4626
f 2802/5064/4625 2839/5065/4626 2838/5066/4627
f 2802/5064/4625 2838/5066/4627 2804/5067/4628
f 2804/5067/4628 2838/5066/4627 2837/5068/4629
f 2804/5067/4628 2837/5068/4629 2805/5069/4630
f 2805/5069/4630 2837/5068/4629 2807/5070/4631
f 2807/5070/4631 2837/5068/4629 2842/5071/4632
f 1913/5055/4616 1954/5057/4618 1916/5072/4633
f 1916/5072/4633 1954/5057/4618 1953/5073/4634
f 1916/5072/4633 1953/5073/4634 1918/5074/4635
f 1918/5074/4635 1953/5073/4634 1950/5075/4636
f 1918/5074/4635 1950/5075/4636 1919/5076/4637
f 1919/5076/4637 1950/5075/4636 1917/5077/4638
f 1917/5077/4638 1950/5075/4636 1945/5078/4639
f 1917/5077/4638 1945/5078/4639 1920/5079/4640
f 1920/5079/4640 1945/5078/4639 1944/5080/4641
f 1920/5079/4640 1944/5080/4641 1922/5081/4642
f 1922/5081/4642 1944/5080/4641 1923/5082/4643
f 1923/5082/4643 1944/5080/4641 1942/5083/4644
f 1923/5082/4643 1942/5083/4644 1921/5084/4645
f 1921/5084/4645 1942/5083/4644 1886/5085/4646
f 1886/5085/4646 1942/5083/4644 1892/5086/4647
f 1886/5085/4646 1892/5086/4647 1887/5087/4648
f 1887/5087/4648 1892/5086/4647 1891/5088/4649
f 1887/5087/4648 1891/5088/4649 1888/5089/4650
f 1888/5089/4650 1891/5088/4649 1885/5090/4651
f 1885/5090/4651 1891/5088/4649 1890/5091/4652
f 1885/5090/4651 1890/5091/4652 1882/5092/4653
f 1882/5092/4653 1890/5091/4652 1898/5093/4654
f 1882/5092/4653 1898/5093/4654 1883/5094/4655
f 1883/5094/4655 1898/5093/4654 1884/5095/4656
f 1884/5095/4656 1898/5093/4654 1902/5096/4657
f 1884/5095/4656 1902/5096/4657 1881/5097/4658
f 1881/5097/4658 1902/5096/4657 1901/5098/4659
f 1881/5097/4658 1901/5098/4659 1878/5099/4660
f 1878/5099/4660 1901/5098/4659 2830/5100/4661
f 2888/5101/4662 2843/5102/4663 2887/5103/4664
f 2887/5103/4664 2843/5102/4663 2844/5104/4665
f 2887/5103/4664 2844/5104/4665 2886/5105/4666
f 2886/5105/4666 2844/5104/4665 2885/5106/4667
f 2885/5106/4667 2844/5104/4665 2845/5107/4668
f 2885/5106/4667 2845/5107/4668 2884/5108/4669
f 2884/5108/4669 2845/5107/4668 2846/5109/4670
f 2884/5108/4669 2846/5109/4670 2883/5110/4671
f 2883/5110/4671 2846/5109/4670 2847/5111/4672
f 2883/5110/4671 2847/5111/4672 2882/5112/4673
f 2882/5112/4673 2847/5111/4672 2881/5113/4674
f 2881/5113/4674 2847/5111/4672 2848/5114/4675
f 2881/5113/4674 2848/5114/4675 2849/5115/4676
f 2881/5113/4674 2849/5115/4676 2880/5116/4677
f 2880/5116/4677 2849/5115/4676 2850/5117/4678
f 2880/5116/4677 2850/5117/4678 2879/5118/4679
f 2879/5118/4679 2850/5117/4678 2851/5119/4680
f 2879/5118/4679 2851/5119/4680 2878/5120/4681
f 2878/5120/4681 2851/5119/4680 2852/5121/4682
f 2878/5120/4681 2852/5121/4682 2877/5122/4683
f 2877/5122/4683 2852/5121/4682 2853/5123/4684
f 2877/5122/4683 2853/5123/4684 2876/5124/4685
f 2876/5124/4685 2853/5123/4684 2875/5125/4686
f 2875/5125/4686 2853/5123/4684 2854/5126/4687
f 2875/5125/4686 2854/5126/4687 2874/5127/4688
f 2874/5127/4688 2854/5126/4687 2855/5128/4689
f 2874/5127/4688 2855/5128/4689 2873/5129/4690
f 2873/5129/4690 2855/5128/4689 2856/5130/4691
f 2873/5129/4690 2856/5130/4691 2872/5131/4692
f 2872/5131/4692 2856/5130/4691 2871/5132/4693
f 2871/5132/4693 2856/5130/4691 2857/5133/4694
f 2871/5132/4693 2857/5133/4694 2870/5134/4695
f 2870/5134/4695 2857/5133/4694 2858/5135/4696
f 2870/5134/4695 2858/5135/4696 2869/5136/4697
f 2869/5136/4697 2858/5135/4696 2868/5137/4698
f 2868/5137/4698 2858/5135/4696 2859/5138/4699
f 2868/5137/4698 2859/5138/4699 2867/5139/4700
f 2867/5139/4700 2859/5138/4699 2866/5140/4701
f 2866/5140/4701 2859/5138/4699 2860/5141/4702
f 2866/5140/4701 2860/5141/4702 2865/5142/4703
f 2865/5142/4703 2860/5141/4702 2861/5143/4704
f 2865/5142/4703 2861/5143/4704 2864/5144/4705
f 2864/5144/4705 2861/5143/4704 2862/5145/4706
f 2864/5144/4705 2862/5145/4706 2863/5146/4707
f 2863/5146/4707 2862/5145/4706 2029/5147/4708
f 2889/5148/4709 2890/5149/4710 2892/5150/4711
f 2892/5150/4711 2890/5149/4710 2891/5151/4712
f 2893/5152/4713 2894/5153/4714 2863/5154/4715
f 2863/5154/4715 2894/5153/4714 2864/5155/4716
f 2864/5155/4716 2894/5153/4714 2895/5156/4717
f 2864/5155/4716 2895/5156/4717 2865/5157/4718
f 2865/5157/4718 2895/5156/4717 2896/5158/4719
f 2865/5157/4718 2896/5158/4719 2866/5159/4720
f 2866/5159/4720 2896/5158/4719 2897/5160/4721
f 2866/5159/4720 2897/5160/4721 2867/5161/4722
f 2867/5161/4722 2897/5160/4721 2898/5162/4723
f 2867/5161/4722 2898/5162/4723 2868/5163/4724
f 2868/5163/4724 2898/5162/4723 2899/5164/4725
f 2868/5163/4724 2899/5164/4725 2869/5165/4726
f 2869/5165/4726 2899/5164/4725 2900/5166/4727
f 2869/5165/4726 2900/5166/4727 2870/5167/4728
f 2870/5167/4728 2900/5166/4727 2901/5168/4729
f 2870/5167/4728 2901/5168/4729 2871/5169/4730
f 2871/5169/4730 2901/5168/4729 2902/5170/4731
f 2871/5169/4730 2902/5170/4731 2872/5171/4732
f 2872/5171/4732 2902/5170/4731 2903/5172/4733
f 2872/5171/4732 2903/5172/4733 2873/5173/4734
f 2873/5173/4734 2903/5172/4733 2904/5174/4735
f 2873/5173/4734 2904/5174/4735 2874/5175/4736
f 2874/5175/4736 2904/5174/4735 2905/5176/4737
f 2874/5175/4736 2905/5176/4737 2875/5177/4738
f 2875/5177/4738 2905/5176/4737 2906/5178/4739
f 2875/5177/4738 2906/5178/4739 2876/5179/4740
f 2876/5179/4740 2906/5178/4739 2907/5180/4741
f 2876/5179/4740 2907/5180/4741 2877/5181/4742
f 2877/5181/4742 2907/5180/4741 2908/5182/4743
f 2877/5181/4742 2908/5182/4743 2878/5183/4744
f 2878/5183/4744 2908/5182/4743 2909/5184/4745
f 2878/5183/4744 2909/5184/4745 2879/5185/4746
f 2879/5185/4746 2909/5184/4745 2910/5186/4747
f 2879/5185/4746 2910/5186/4747 2880/5187/4748
f 2880/5187/4748 2910/5186/4747 2911/5188/4749
f 2880/5187/4748 2911/5188/4749 2881/5189/4750
f 2881/5189/4750 2911/5188/4749 2912/5190/4751
f 2881/5189/4750 2912/5190/4751 2882/5191/4752
f 2912/5192/4753 2913/5193/4754 2882/5194/4755
f 2882/5194/4755 2913/5193/4754 2883/5195/4756
f 2913/5196/4757 2914/5197/4758 2883/5198/4759
f 2883/5198/4759 2914/5197/4758 2884/5199/4760
f 2914/5200/4761 2915/5201/4762 2884/5202/4763
f 2884/5202/4763 2915/5201/4762 2885/5203/4764
f 2915/5204/4765 2916/5205/4766 2885/5206/4767
f 2885/5206/4767 2916/5205/4766 2886/5207/4768
f 2916/5208/4769 2917/5209/4770 2886/5210/4771
f 2886/5210/4771 2917/5209/4770 2887/5211/4772
f 2888/5212/4773 2887/5213/4774 2919/5214/4775
f 2919/5214/4775 2887/5213/4774 2917/5215/4776
f 2919/5214/4775 2917/5215/4776 2918/5216/4777
f 2920/5217/4778 2921/5218/4779 2918/5219/4780
f 2918/5219/4780 2921/5218/4779 2922/5220/4781
f 2918/5219/4780 2922/5220/4781 2919/5221/4782
f 2923/5222/4783 2924/5223/4784 2926/5224/4785
f 2926/5224/4785 2924/5223/4784 2925/5225/4786
f 2890/5226/4787 2923/5227/4788 2891/5228/4789
f 2891/5228/4789 2923/5227/4788 2926/5229/4790
f 2926/5230/4791 2915/5231/4792 2891/5232/4793
f 2891/5232/4793 2915/5231/4792 2914/5233/4794
f 2891/5232/4793 2914/5233/4794 2892/5234/4795
f 2892/5234/4795 2914/5233/4794 2913/5235/4796
f 2892/5234/4795 2913/5235/4796 2942/5236/4797
f 2942/5236/4797 2913/5235/4796 2912/5237/4798
f 2942/5236/4797 2912/5237/4798 2911/5238/4799
f 2915/5231/4792 2926/5230/4791 2916/5239/4800
f 2916/5239/4800 2926/5230/4791 2925/5240/4801
f 2916/5239/4800 2925/5240/4801 2917/5241/4802
f 2917/5241/4802 2925/5240/4801 2920/5242/4803
f 2917/5241/4802 2920/5242/4803 2918/5243/4804
f 2910/5244/4805 2940/5245/4806 2911/5238/4799
f 2911/5238/4799 2940/5245/4806 2941/5246/4807
f 2911/5238/4799 2941/5246/4807 2942/5236/4797
f 2940/5245/4806 2910/5244/4805 2939/5247/4808
f 2939/5247/4808 2910/5244/4805 2909/5248/4809
f 2939/5247/4808 2909/5248/4809 2938/5249/4810
f 2938/5249/4810 2909/5248/4809 2908/5250/4811
f 2938/5249/4810 2908/5250/4811 2937/5251/4812
f 2937/5251/4812 2908/5250/4811 2907/5252/4813
f 2937/5251/4812 2907/5252/4813 2936/5253/4814
f 2936/5253/4814 2907/5252/4813 2906/5254/4815
f 2936/5253/4814 2906/5254/4815 2905/5255/4816
f 2936/5253/4814 2905/5255/4816 2935/5256/4817
f 2935/5256/4817 2905/5255/4816 2904/5257/4818
f 2935/5256/4817 2904/5257/4818 2934/5258/4819
f 2934/5258/4819 2904/5257/4818 2903/5259/4820
f 2934/5258/4819 2903/5259/4820 2933/5260/4821
f 2933/5260/4821 2903/5259/4820 2902/5261/4822
f 2933/5260/4821 2902/5261/4822 2901/5262/4823
f 2933/5260/4821 2901/5262/4823 2932/5263/4824
f 2932/5263/4824 2901/5262/4823 2900/5264/4825
f 2932/5263/4824 2900/5264/4825 2931/5265/4826
f 2931/5265/4826 2900/5264/4825 2899/5266/4827
f 2931/5265/4826 2899/5266/4827 2898/5267/4828
f 2931/5265/4826 2898/5267/4828 2930/5268/4829
f 2930/5268/4829 2898/5267/4828 2897/5269/4830
f 2930/5268/4829 2897/5269/4830 2896/5270/4831
f 2930/5268/4829 2896/5270/4831 2929/5271/4832
f 2929/5271/4832 2896/5270/4831 2895/5272/4833
f 2929/5271/4832 2895/5272/4833 2928/5273/4834
f 2928/5273/4834 2895/5272/4833 2894/5274/4835
f 2928/5273/4834 2894/5274/4835 2927/5275/4836
f 2927/5275/4836 2894/5274/4835 2893/5276/4837
f 2927/5275/4836 2893/5276/4837 2028/5277/4838
f 2920/5278/4839 2925/5279/4840 2957/5280/4841
f 2957/5280/4841 2925/5279/4840 2924/5281/4842
f 2957/5280/4841 2924/5281/4842 2943/5282/4843
f 2957/5280/4841 2943/5282/4843 2956/5283/4844
f 2956/5283/4844 2943/5282/4843 2944/5284/4845
f 2956/5283/4844 2944/5284/4845 2955/5285/4846
f 2955/5285/4846 2944/5284/4845 2945/5286/4847
f 2955/5285/4846 2945/5286/4847 2954/5287/4848
f 2954/5287/4848 2945/5286/4847 2946/5288/4849
f 2954/5287/4848 2946/5288/4849 2953/5289/4850
f 2953/5289/4850 2946/5288/4849 2947/5290/4851
f 2953/5289/4850 2947/5290/4851 2948/5291/4852
f 2953/5289/4850 2948/5291/4852 2952/5292/4853
f 2952/5292/4853 2948/5291/4852 2949/5293/4854
f 2952/5292/4853 2949/5293/4854 2951/5294/4855
f 2951/5294/4855 2949/5293/4854 2950/5295/4856
f 2951/5294/4855 2950/5295/4856 79/5296/4857
f 79/5296/4857 2950/5295/4856 76/5297/4858
f 79/5296/4857 88/5298/4859 2951/5294/4855
f 2924/5299/4860 2923/5300/4861 2943/5301/4862
f 2943/5301/4862 2923/5300/4861 2958/5302/4863
f 2943/5301/4862 2958/5302/4863 2944/5303/4864
f 2944/5303/4864 2958/5302/4863 2959/5304/4865
f 2944/5303/4864 2959/5304/4865 2945/5305/4866
f 2945/5305/4866 2959/5304/4865 2960/5306/4867
f 2945/5305/4866 2960/5306/4867 2946/5307/4868
f 2946/5307/4868 2960/5306/4867 2961/5308/4869
f 2946/5307/4868 2961/5308/4869 2947/5309/4870
f 2947/5309/4870 2961/5308/4869 2962/5310/4871
f 2947/5309/4870 2962/5310/4871 2948/5311/4872
f 2948/5311/4872 2962/5310/4871 2963/5312/4873
f 2948/5311/4872 2963/5312/4873 2964/5313/4874
f 2948/5311/4872 2964/5313/4874 2949/5314/4875
f 2949/5314/4875 2964/5313/4874 77/5315/4876
f 2949/5314/4875 77/5315/4876 2950/5316/4877
f 2950/5316/4877 77/5315/4876 76/5317/4878
f 2941/5318/4879 2979/5319/4880 2942/5320/4881
f 2942/5320/4881 2979/5319/4880 2980/5321/4882
f 2942/5320/4881 2980/5321/4882 2981/5322/4883
f 2940/5323/4884 2975/5324/4885 2941/5318/4879
f 2941/5318/4879 2975/5324/4885 2976/5325/4886
f 2941/5318/4879 2976/5325/4886 2977/5326/4887
f 2939/5327/4888 1432/5328/4889 2940/5323/4884
f 2940/5323/4884 1432/5328/4889 1431/5329/4890
f 2940/5323/4884 1431/5329/4890 2975/5324/4885
f 2975/5324/4885 1431/5329/4890 2974/5330/4891
f 2974/5330/4891 1431/5329/4890 2973/5331/4892
f 2973/5331/4892 1431/5329/4890 2972/5332/4893
f 2972/5332/4893 1431/5329/4890 2971/5333/4894
f 2971/5333/4894 1431/5329/4890 1430/5334/4895
f 2971/5333/4894 1430/5334/4895 2970/5335/4896
f 2970/5335/4896 1430/5334/4895 2969/5336/4897
f 2969/5336/4897 1430/5334/4895 2968/5337/4898
f 2968/5337/4898 1430/5334/4895 2967/5338/4899
f 2967/5338/4899 1430/5334/4895 2966/5339/4900
f 2966/5339/4900 1430/5334/4895 958/5340/1382
f 2966/5339/4900 958/5340/1382 2965/5341/4901
f 1432/5328/4889 2939/5327/4888 1433/5342/4902
f 1433/5342/4902 2939/5327/4888 2938/5343/4903
f 1433/5342/4902 2938/5343/4903 1434/5344/4904
f 1434/5344/4904 2938/5343/4903 2937/5345/4905
f 1434/5344/4904 2937/5345/4905 1435/5346/4906
f 1435/5346/4906 2937/5345/4905 2936/5347/4907
f 1435/5346/4906 2936/5347/4907 1436/5348/4908
f 1436/5348/4908 2936/5347/4907 1437/5349/4909
f 1437/5349/4909 2936/5347/4907 2935/5350/4910
f 1437/5349/4909 2935/5350/4910 1438/5351/4911
f 1438/5351/4911 2935/5350/4910 2934/5352/4912
f 1438/5351/4911 2934/5352/4912 1439/5353/4913
f 1439/5353/4913 2934/5352/4912 2933/5354/4914
f 1439/5353/4913 2933/5354/4914 1440/5355/4915
f 1440/5355/4915 2933/5354/4914 2932/5356/4916
f 1440/5355/4915 2932/5356/4916 1441/5357/4917
f 1441/5357/4917 2932/5356/4916 2931/5358/4918
f 1441/5357/4917 2931/5358/4918 1442/5359/4919
f 1442/5359/4919 2931/5358/4918 2930/5360/4920
f 1442/5359/4919 2930/5360/4920 1443/5361/4921
f 1443/5361/4921 2930/5360/4920 1444/5362/4922
f 1444/5362/4922 2930/5360/4920 2929/5363/4923
f 1444/5362/4922 2929/5363/4923 974/5364/4924
f 974/5364/4924 2929/5363/4923 2928/5365/4925
f 974/5364/4924 2928/5365/4925 975/5366/4926
f 975/5366/4926 2928/5365/4925 2927/5367/4927
f 975/5366/4926 2927/5367/4927 1523/5368/3243
f 1523/5368/3243 2927/5367/4927 2028/5369/3242
f 1523/5368/3243 1522/5370/2428 975/5366/4926
f 975/5366/4926 1522/5370/2428 976/5371/1397
f 2977/5326/4887 2978/5372/4928 2941/5318/4879
f 2941/5318/4879 2978/5372/4928 2979/5319/4880
f 2029/5373/3241 2862/5374/4929 2030/5375/3244
f 2030/5375/3244 2862/5374/4929 2997/5376/4930
f 2997/5376/4930 2862/5374/4929 2861/5377/4931
f 2997/5376/4930 2861/5377/4931 2996/5378/4932
f 2996/5378/4932 2861/5377/4931 2860/5379/4933
f 2996/5378/4932 2860/5379/4933 2995/5380/4934
f 2995/5380/4934 2860/5379/4933 2859/5381/4935
f 2995/5380/4934 2859/5381/4935 2994/5382/4936
f 2994/5382/4936 2859/5381/4935 2858/5383/4937
f 2994/5382/4936 2858/5383/4937 2993/5384/4938
f 2993/5384/4938 2858/5383/4937 2857/5385/4939
f 2993/5384/4938 2857/5385/4939 2992/5386/4940
f 2992/5386/4940 2857/5385/4939 2856/5387/4941
f 2992/5386/4940 2856/5387/4941 2991/5388/4942
f 2991/5388/4942 2856/5387/4941 2855/5389/4943
f 2991/5388/4942 2855/5389/4943 2990/5390/4944
f 2990/5390/4944 2855/5389/4943 2854/5391/4945
f 2990/5390/4944 2854/5391/4945 2989/5392/4946
f 2989/5392/4946 2854/5391/4945 2853/5393/4947
f 2989/5392/4946 2853/5393/4947 2988/5394/4948
f 2988/5394/4948 2853/5393/4947 2852/5395/4949
f 2988/5394/4948 2852/5395/4949 2987/5396/4950
f 2987/5396/4950 2852/5395/4949 2851/5397/4951
f 2987/5396/4950 2851/5397/4951 2986/5398/4952
f 2986/5398/4952 2851/5397/4951 2850/5399/4953
f 2986/5398/4952 2850/5399/4953 2985/5400/4954
f 2985/5400/4954 2850/5399/4953 2849/5401/4955
f 2985/5400/4954 2849/5401/4955 2984/5402/4956
f 2984/5402/4956 2849/5401/4955 2848/5403/4957
f 2984/5402/4956 2848/5403/4957 2983/5404/4958
f 2983/5404/4958 2848/5403/4957 2847/5405/4959
f 2983/5404/4958 2847/5405/4959 2982/5406/4960
f 2923/5407/4961 2890/5408/4962 2958/5409/4963
f 2958/5409/4963 2890/5408/4962 2998/5410/4964
f 2958/5409/4963 2998/5410/4964 2959/5411/4965
f 2959/5411/4965 2998/5410/4964 2999/5412/4966
f 2959/5411/4965 2999/5412/4966 2960/5413/4967
f 2960/5413/4967 2999/5412/4966 3000/5414/4968
f 2960/5413/4967 3000/5414/4968 2961/5415/4969
f 2961/5415/4969 3000/5414/4968 3001/5416/4970
f 2961/5415/4969 3001/5416/4970 2962/5417/4971
f 2962/5417/4971 3001/5416/4970 3002/5418/4972
f 2962/5417/4971 3002/5418/4972 2963/5419/4973
f 2963/5419/4973 3002/5418/4972 3003/5420/4974
f 2963/5419/4973 3003/5420/4974 2964/5421/4975
f 2964/5421/4975 3003/5420/4974 3004/5422/4976
f 2964/5421/4975 3004/5422/4976 77/5423/4977
f 77/5423/4977 3004/5422/4976 80/5424/4978
f 1022/5425/4979 3015/5426/4980 1006/5427/4981
f 1006/5427/4981 3015/5426/4980 3016/5428/4982
f 1006/5427/4981 3016/5428/4982 1007/5429/4983
f 1007/5429/4983 3016/5428/4982 1008/5430/4984
f 1008/5430/4984 3016/5428/4982 3017/5431/4985
f 1008/5430/4984 3017/5431/4985 1009/5432/4986
f 1009/5432/4986 3017/5431/4985 3018/5433/4987
f 1009/5432/4986 3018/5433/4987 1010/5434/4988
f 1010/5434/4988 3018/5433/4987 3019/5435/4989
f 1010/5434/4988 3019/5435/4989 3020/5436/4990
f 1022/5425/4979 1021/5437/4991 3015/5426/4980
f 3015/5426/4980 1021/5437/4991 3014/5438/4992
f 3014/5438/4992 1021/5437/4991 1020/5439/4993
f 3014/5438/4992 1020/5439/4993 83/5440/4994
f 83/5440/4994 1020/5439/4993 1019/5441/4995
f 83/5440/4994 1019/5441/4995 89/5442/1383
f 89/5442/1383 1019/5441/4995 1018/5443/4996
f 89/5442/1383 1018/5443/4996 1065/5444/4997
f 1065/5444/4997 1018/5443/4996 1066/5445/4998
f 1066/5445/4998 1018/5443/4996 1017/5446/4999
f 1066/5445/4998 1017/5446/4999 1067/5447/5000
f 1067/5447/5000 1017/5446/4999 1016/5448/5001
f 1067/5447/5000 1016/5448/5001 1068/5449/5002
f 1068/5449/5002 1016/5448/5001 1015/5450/5003
f 1068/5449/5002 1015/5450/5003 1052/5451/5004
f 1052/5451/5004 1015/5450/5003 1014/5452/5005
f 1052/5451/5004 1014/5452/5005 1053/5453/5006
f 1053/5453/5006 1014/5452/5005 1013/5454/5007
f 1053/5453/5006 1013/5454/5007 1054/5455/5008
f 1054/5455/5008 1013/5454/5007 1012/5456/5009
f 1054/5455/5008 1012/5456/5009 1055/5457/5010
f 1055/5457/5010 1012/5456/5009 1011/5458/5011
f 1055/5457/5010 1011/5458/5011 3010/5459/5012
f 3010/5459/5012 1011/5458/5011 3009/5460/5013
f 3009/5460/5013 1011/5458/5011 3008/5461/5014
f 3008/5461/5014 1011/5458/5011 3007/5462/5015
f 3007/5462/5015 1011/5458/5011 1010/5434/4988
f 3007/5462/5015 1010/5434/4988 3006/5463/5016
f 3006/5463/5016 1010/5434/4988 2892/5464/5017
f 3006/5463/5016 2892/5464/5017 2942/5465/4881
f 1065/5444/4997 1064/5466/5018 89/5442/1383
f 89/5442/1383 1064/5466/5018 1063/5467/5019
f 89/5442/1383 1063/5467/5019 1062/5468/5020
f 1062/5468/5020 1061/5469/5021 89/5442/1383
f 89/5442/1383 1061/5469/5021 958/5470/1382
f 958/5470/1382 1061/5469/5021 1060/5471/5022
f 958/5470/1382 1060/5471/5022 1059/5472/5023
f 1059/5472/5023 1058/5473/5024 958/5470/1382
f 958/5470/1382 1058/5473/5024 1057/5474/5025
f 958/5470/1382 1057/5474/5025 1056/5475/5026
f 1055/5457/5010 3010/5459/5012 1056/5475/5026
f 1056/5475/5026 3010/5459/5012 3011/5476/5027
f 1056/5475/5026 3011/5476/5027 3012/5477/5028
f 2981/5478/4883 3005/5479/5029 2942/5465/4881
f 2942/5465/4881 3005/5479/5029 3006/5463/5016
f 2965/5480/4901 958/5470/1382 3012/5477/5028
f 3012/5477/5028 958/5470/1382 1056/5475/5026
f 82/5481/5030 3013/5482/5031 83/5440/4994
f 83/5440/4994 3013/5482/5031 3014/5438/4992
f 2889/5483/5032 2892/5464/5017 3020/5436/4990
f 3020/5436/4990 2892/5464/5017 1010/5434/4988
f 2846/5484/5033 3021/5485/5034 2847/5486/4959
f 2847/5486/4959 3021/5485/5034 3022/5487/5035
f 2847/5486/4959 3022/5487/5035 3023/5488/5036
f 2847/5486/4959 3023/5488/5036 2982/5489/4960
f 2982/5489/4960 3023/5488/5036 3024/5490/5037
f 2982/5489/4960 3024/5490/5037 3027/5491/5038
f 3027/5491/5038 3024/5490/5037 3025/5492/5039
f 3027/5491/5038 3025/5492/5039 3026/5493/5040
f 2889/5494/5041 3020/5495/5042 2890/5496/5043
f 2890/5496/5043 3020/5495/5042 2998/5497/5044
f 2998/5497/5044 3020/5495/5042 3019/5498/5045
f 2998/5497/5044 3019/5498/5045 2999/5499/5046
f 2999/5499/5046 3019/5498/5045 3018/5500/5047
f 2999/5499/5046 3018/5500/5047 3000/5501/5048
f 3000/5501/5048 3018/5500/5047 3017/5502/5049
f 3000/5501/5048 3017/5502/5049 3001/5503/5050
f 3001/5503/5050 3017/5502/5049 3016/5504/5051
f 3001/5503/5050 3016/5504/5051 3002/5505/5052
f 3002/5505/5052 3016/5504/5051 3015/5506/5053
f 3002/5505/5052 3015/5506/5053 3003/5507/5054
f 3003/5507/5054 3015/5506/5053 3004/5508/5055
f 3004/5508/5055 3015/5506/5053 3014/5509/5056
f 3004/5508/5055 3014/5509/5056 80/5510/5057
f 80/5510/5057 3014/5509/5056 3013/5511/5058
f 80/5510/5057 3013/5511/5058 82/5512/5059
f 3028/5513/5060 3029/5514/5061 3086/5515/5062
f 3086/5515/5062 3029/5514/5061 3030/5516/5063
f 3086/5515/5062 3030/5516/5063 3085/5517/5064
f 3085/5517/5064 3030/5516/5063 3031/5518/5065
f 3085/5517/5064 3031/5518/5065 3084/5519/5066
f 3084/5519/5066 3031/5518/5065 3032/5520/5067
f 3084/5519/5066 3032/5520/5067 3083/5521/5068
f 3083/5521/5068 3032/5520/5067 3033/5522/5069
f 3083/5521/5068 3033/5522/5069 3082/5523/5070
f 3082/5523/5070 3033/5522/5069 3034/5524/5071
f 3082/5523/5070 3034/5524/5071 3081/5525/5072
f 3081/5525/5072 3034/5524/5071 3035/5526/5073
f 3081/5525/5072 3035/5526/5073 3080/5527/5074
f 3080/5527/5074 3035/5526/5073 3079/5528/5075
f 3079/5528/5075 3035/5526/5073 3036/5529/5076
f 3079/5528/5075 3036/5529/5076 3078/5530/5077
f 3078/5530/5077 3036/5529/5076 3037/5531/5078
f 3078/5530/5077 3037/5531/5078 3077/5532/5079
f 3077/5532/5079 3037/5531/5078 3038/5533/5080
f 3077/5532/5079 3038/5533/5080 3076/5534/5081
f 3076/5534/5081 3038/5533/5080 3039/5535/5082
f 3076/5534/5081 3039/5535/5082 3075/5536/5083
f 3075/5536/5083 3039/5535/5082 3040/5537/5084
f 3075/5536/5083 3040/5537/5084 3074/5538/5085
f 3074/5538/5085 3040/5537/5084 3073/5539/5086
f 3073/5539/5086 3040/5537/5084 3041/5540/5087
f 3073/5539/5086 3041/5540/5087 3072/5541/5088
f 3072/5541/5088 3041/5540/5087 3042/5542/5089
f 3072/5541/5088 3042/5542/5089 3071/5543/5090
f 3071/5543/5090 3042/5542/5089 3043/5544/5091
f 3071/5543/5090 3043/5544/5091 3070/5545/5092
f 3070/5545/5092 3043/5544/5091 3044/5546/5093
f 3070/5545/5092 3044/5546/5093 3069/5547/5094
f 3069/5547/5094 3044/5546/5093 3045/5548/5095
f 3069/5547/5094 3045/5548/5095 3068/5549/5096
f 3068/5549/5096 3045/5548/5095 3046/5550/5097
f 3068/5549/5096 3046/5550/5097 3067/5551/5098
f 3067/5551/5098 3046/5550/5097 3066/5552/5099
f 3066/5552/5099 3046/5550/5097 3047/5553/5100
f 3066/5552/5099 3047/5553/5100 3049/5554/5101
f 3049/5554/5101 3047/5553/5100 3048/5555/5102
f 3049/5554/5101 3050/5556/5103 3066/5552/5099
f 3066/5552/5099 3050/5556/5103 3065/5557/5104
f 3065/5557/5104 3050/5556/5103 3051/5558/5105
f 3065/5557/5104 3051/5558/5105 3064/5559/5106
f 3064/5559/5106 3051/5558/5105 3052/5560/5107
f 3064/5559/5106 3052/5560/5107 3053/5561/5108
f 3064/5559/5106 3053/5561/5108 3063/5562/5109
f 3063/5562/5109 3053/5561/5108 3054/5563/5110
f 3063/5562/5109 3054/5563/5110 3055/5564/5111
f 3063/5562/5109 3055/5564/5111 3062/5565/5112
f 3062/5565/5112 3055/5564/5111 3056/5566/5113
f 3062/5565/5112 3056/5566/5113 3061/5567/5114
f 3061/5567/5114 3056/5566/5113 3060/5568/5115
f 3060/5568/5115 3056/5566/5113 3059/5569/5116
f 3059/5569/5116 3056/5566/5113 3058/5570/5117
f 3058/5570/5117 3056/5566/5113 3057/5571/5118
f 1449/5572/5119 1448/5573/5120 3083/5574/5121
f 3083/5574/5121 1448/5573/5120 3084/5575/5122
f 3084/5575/5122 1448/5573/5120 1447/5576/5123
f 3084/5575/5122 1447/5576/5123 3085/5577/5124
f 3085/5577/5124 1447/5576/5123 1446/5578/5125
f 3085/5577/5124 1446/5578/5125 3086/5579/5126
f 3086/5579/5126 1446/5578/5125 1445/5580/5127
f 3086/5579/5126 1445/5580/5127 3028/5581/5128
f 1465/5582/5129 3067/5583/5130 1466/5584/5131
f 1466/5584/5131 3067/5583/5130 3066/5585/5132
f 1467/5586/5133 1466/5587/5134 3065/5588/5135
f 3065/5588/5135 1466/5587/5134 3066/5589/5136
f 1468/5590/5137 3064/5591/5138 1469/5592/5139
f 1469/5592/5139 3064/5591/5138 3063/5593/5140
f 1470/5594/5141 1469/5595/5142 3062/5596/5143
f 3062/5596/5143 1469/5595/5142 3063/5597/5144
f 3060/5598/5145 3087/5599/5146 3061/5600/5147
f 3061/5600/5147 3087/5599/5146 1471/5601/5148
f 1471/5601/5148 3087/5599/5146 3088/5602/5149
f 1471/5601/5148 3088/5602/5149 1472/5603/5150
f 3062/5604/5151 3061/5605/5152 1470/5606/5153
f 1470/5606/5153 3061/5605/5152 1471/5607/5154
f 3065/5608/5155 3064/5609/5156 1467/5610/5157
f 1467/5610/5157 3064/5609/5156 1468/5611/5158
f 3083/5612/5159 3082/5613/5160 1449/5614/5161
f 1449/5614/5161 3082/5613/5160 1450/5615/5162
f 1450/5615/5162 3082/5613/5160 3081/5616/5163
f 1450/5615/5162 3081/5616/5163 1451/5617/5164
f 1451/5617/5164 3081/5616/5163 3080/5618/5165
f 1451/5617/5164 3080/5618/5165 1452/5619/5166
f 1452/5619/5166 3080/5618/5165 3079/5620/5167
f 1452/5619/5166 3079/5620/5167 1453/5621/5168
f 1453/5621/5168 3079/5620/5167 3078/5622/5169
f 1453/5621/5168 3078/5622/5169 1454/5623/5170
f 1454/5623/5170 3078/5622/5169 3077/5624/5171
f 1454/5623/5170 3077/5624/5171 1455/5625/5172
f 1455/5625/5172 3077/5624/5171 3076/5626/5173
f 1455/5625/5172 3076/5626/5173 1456/5627/5174
f 1456/5627/5174 3076/5626/5173 3075/5628/5175
f 1456/5627/5174 3075/5628/5175 1457/5629/5176
f 1457/5629/5176 3075/5628/5175 3074/5630/5177
f 1457/5629/5176 3074/5630/5177 1458/5631/5178
f 1458/5631/5178 3074/5630/5177 3073/5632/5179
f 1458/5631/5178 3073/5632/5179 1459/5633/5180
f 1459/5633/5180 3073/5632/5179 3072/5634/5181
f 1459/5633/5180 3072/5634/5181 1460/5635/5182
f 1460/5635/5182 3072/5634/5181 3071/5636/5183
f 1460/5635/5182 3071/5636/5183 1461/5637/5184
f 1461/5637/5184 3071/5636/5183 3070/5638/5185
f 1461/5637/5184 3070/5638/5185 1462/5639/5186
f 1462/5639/5186 3070/5638/5185 3069/5640/5187
f 1462/5639/5186 3069/5640/5187 1463/5641/5188
f 1463/5641/5188 3069/5640/5187 3068/5642/5189
f 1463/5641/5188 3068/5642/5189 1464/5643/5190
f 1464/5643/5190 3068/5642/5189 3067/5644/5191
f 1464/5643/5190 3067/5644/5191 1465/5645/5192
f 1482/5646/5193 300/5647/5194 1424/5648/5195
f 1424/5648/5195 300/5647/5194 216/5649/5196
f 1424/5648/5195 216/5649/5196 1425/5650/5197
f 1482/5646/5193 3089/5651/5198 300/5647/5194
f 3090/5652/5199 3091/5653/5200 3093/5654/5201
f 3093/5654/5201 3091/5653/5200 3092/5655/5202
f 3093/5654/5201 3092/5655/5202 1484/5656/5203
f 1484/5656/5203 3092/5655/5202 1485/5657/5204
f 1382/5658/5205 1381/5659/5206 1428/5660/5207
f 1428/5660/5207 1381/5659/5206 3094/5661/5208
f 1428/5660/5207 3094/5661/5208 3101/5662/5209
f 3101/5662/5209 3094/5661/5208 3095/5663/5210
f 3101/5662/5209 3095/5663/5210 3096/5664/5211
f 3101/5662/5209 3096/5664/5211 3093/5665/5212
f 3093/5665/5212 3096/5664/5211 3097/5666/5213
f 3093/5665/5212 3097/5666/5213 3098/5667/5214
f 3098/5667/5214 3099/5668/5215 3093/5665/5212
f 3093/5665/5212 3099/5668/5215 3100/5669/5216
f 3093/5665/5212 3100/5669/5216 3090/5670/5217
f 1382/5658/5205 1428/5660/5207 1326/5671/5218
f 1326/5671/5218 1428/5660/5207 1426/5672/5219
f 1326/5671/5218 1426/5672/5219 1272/5673/5220
f 1272/5673/5220 1426/5672/5219 1273/5674/5221
f 1273/5674/5221 1426/5672/5219 1245/5675/5222
f 1245/5675/5222 1426/5672/5219 1246/5676/5223
f 1246/5676/5223 1426/5672/5219 1422/5677/5224
f 1246/5676/5223 1422/5677/5224 1291/5678/5225
f 1291/5678/5225 1422/5677/5224 1292/5679/5226
f 1292/5679/5226 1422/5677/5224 1345/5680/5227
f 1345/5680/5227 1422/5677/5224 1425/5681/5228
f 1345/5680/5227 1425/5681/5228 1399/5682/5229
f 1399/5682/5229 1425/5681/5228 320/5683/5230
f 320/5683/5230 1425/5681/5228 215/5684/5231
f 215/5684/5231 1425/5681/5228 216/5685/5232
f 1520/5686/5233 3102/5687/5234 1521/5688/5235
f 1521/5688/5235 3102/5687/5234 3105/5689/5236
f 3105/5689/5236 3102/5687/5234 3103/5690/5237
f 3105/5689/5236 3103/5690/5237 3104/5691/5238
f 1521/5692/5239 3105/5693/5240 1482/5694/5241
f 1482/5694/5241 3105/5693/5240 3089/5695/5242
f 3093/5696/5243 1484/5697/5244 3101/5698/5245
f 3101/5698/5245 1484/5697/5244 1483/5699/5246
f 1428/5700/5247 3101/5701/5248 1429/5702/5249
f 1429/5702/5249 3101/5701/5248 1483/5703/5250
f 3104/5704/5251 3106/5705/5252 3105/5706/5253
f 3105/5706/5253 3106/5705/5252 3107/5707/5254
f 3105/5706/5253 3107/5707/5254 3108/5708/5255
f 3108/5708/5255 3109/5709/5256 3105/5706/5253
f 3105/5706/5253 3109/5709/5256 3089/5710/5257
f 3089/5710/5257 3109/5709/5256 3110/5711/5258
f 3089/5710/5257 3110/5711/5258 3112/5712/5259
f 3112/5712/5259 3110/5711/5258 3111/5713/5260
f 3089/5710/5257 3112/5712/5259 1445/5714/5261
f 1445/5714/5261 3112/5712/5259 3029/5715/5262
f 1445/5714/5261 3029/5715/5262 3028/5716/5263
f 1445/5714/5261 300/5717/5264 3089/5710/5257
f 2028/5718/5265 2893/5719/5266 2029/5720/5267
f 2029/5720/5267 2893/5719/5266 2863/5721/5268
f 3029/5722/5269 3112/5723/5270 3030/5724/5271
f 3030/5724/5271 3112/5723/5270 3113/5725/5272
f 3030/5724/5271 3113/5725/5272 3031/5726/5273
f 3031/5726/5273 3113/5725/5272 3114/5727/5274
f 3031/5726/5273 3114/5727/5274 3032/5728/5275
f 3032/5728/5275 3114/5727/5274 3115/5729/5276
f 3032/5728/5275 3115/5729/5276 3033/5730/5277
f 3033/5730/5277 3115/5729/5276 3116/5731/5278
f 3033/5730/5277 3116/5731/5278 3034/5732/5279
f 3034/5732/5279 3116/5731/5278 3117/5733/5280
f 3034/5732/5279 3117/5733/5280 3118/5734/5281
f 3034/5732/5279 3118/5734/5281 3035/5735/5282
f 3035/5735/5282 3118/5734/5281 3119/5736/5283
f 3035/5735/5282 3119/5736/5283 3036/5737/5284
f 3036/5737/5284 3119/5736/5283 3120/5738/5285
f 3036/5737/5284 3120/5738/5285 3037/5739/5286
f 3037/5739/5286 3120/5738/5285 3121/5740/5287
f 3037/5739/5286 3121/5740/5287 3038/5741/5288
f 3038/5741/5288 3121/5740/5287 3122/5742/5289
f 3038/5741/5288 3122/5742/5289 3039/5743/5290
f 3039/5743/5290 3122/5742/5289 3123/5744/5291
f 3039/5743/5290 3123/5744/5291 3040/5745/5292
f 3040/5745/5292 3123/5744/5291 3124/5746/5293
f 3040/5745/5292 3124/5746/5293 3041/5747/5294
f 3041/5747/5294 3124/5746/5293 3125/5748/5295
f 3041/5747/5294 3125/5748/5295 3042/5749/5296
f 3042/5749/5296 3125/5748/5295 3126/5750/5297
f 3042/5749/5296 3126/5750/5297 3043/5751/5298
f 3043/5751/5298 3126/5750/5297 3127/5752/5299
f 3043/5751/5298 3127/5752/5299 3044/5753/5300
f 3044/5753/5300 3127/5752/5299 3138/5754/5301
f 3044/5753/5300 3138/5754/5301 3139/5755/5302
f 3138/5754/5301 3127/5752/5299 3137/5756/5303
f 3137/5756/5303 3127/5752/5299 3128/5757/5304
f 3137/5756/5303 3128/5757/5304 3136/5758/5305
f 3136/5758/5305 3128/5757/5304 3135/5759/5306
f 3135/5759/5306 3128/5757/5304 3134/5760/5307
f 3134/5760/5307 3128/5757/5304 3133/5761/5308
f 3133/5761/5308 3128/5757/5304 3129/5762/5309
f 3133/5761/5308 3129/5762/5309 3132/5763/5310
f 3132/5763/5310 3129/5762/5309 3131/5764/5311
f 3131/5764/5311 3129/5762/5309 3130/5765/5312
f 3044/5753/5300 3139/5755/5302 3045/5766/5313
f 3045/5766/5313 3139/5755/5302 3140/5767/5314
f 3045/5766/5313 3140/5767/5314 3141/5768/5315
f 3141/5768/5315 3142/5769/5316 3045/5766/5313
f 3045/5766/5313 3142/5769/5316 3143/5770/5317
f 3045/5766/5313 3143/5770/5317 3144/5771/5318
f 3045/5766/5313 3144/5771/5318 3046/5772/5319
f 3046/5772/5319 3144/5771/5318 3145/5773/5320
f 3046/5772/5319 3145/5773/5320 3146/5774/5321
f 3180/5775/5322 3109/5776/5323 3186/5777/5324
f 3186/5777/5324 3109/5776/5323 3108/5778/5325
f 3186/5777/5324 3108/5778/5325 3107/5779/5326
f 3107/5779/5326 3147/5780/5327 3186/5777/5324
f 3186/5777/5324 3147/5780/5327 3148/5781/5328
f 3186/5777/5324 3148/5781/5328 3185/5782/5329
f 3185/5782/5329 3148/5781/5328 3149/5783/5330
f 3185/5782/5329 3149/5783/5330 3182/5784/5331
f 3182/5784/5331 3149/5783/5330 3150/5785/5332
f 3182/5784/5331 3150/5785/5332 3181/5786/5333
f 3181/5786/5333 3150/5785/5332 3187/5787/5334
f 3181/5786/5333 3187/5787/5334 3177/5788/5335
f 3177/5788/5335 3187/5787/5334 3176/5789/5336
f 3176/5789/5336 3187/5787/5334 3188/5790/5337
f 3176/5789/5336 3188/5790/5337 3175/5791/5338
f 3175/5791/5338 3188/5790/5337 3189/5792/5339
f 3175/5791/5338 3189/5792/5339 3174/5793/5340
f 3174/5793/5340 3189/5792/5339 3190/5794/5341
f 3174/5793/5340 3190/5794/5341 3183/5795/5342
f 3183/5795/5342 3190/5794/5341 3153/5796/5343
f 3183/5795/5342 3153/5796/5343 3154/5797/5344
f 3150/5785/5332 3151/5798/5345 3187/5787/5334
f 3187/5787/5334 3151/5798/5345 3188/5790/5337
f 3151/5798/5345 3152/5799/5346 3188/5790/5337
f 3188/5790/5337 3152/5799/5346 3189/5792/5339
f 3152/5799/5346 3153/5796/5343 3189/5792/5339
f 3189/5792/5339 3153/5796/5343 3190/5794/5341
f 3183/5795/5342 3154/5797/5344 3191/5800/5347
f 3191/5800/5347 3154/5797/5344 3155/5801/5348
f 3191/5800/5347 3155/5801/5348 3192/5802/5349
f 3192/5802/5349 3155/5801/5348 3156/5803/5350
f 3192/5802/5349 3156/5803/5350 3184/5804/5351
f 3184/5804/5351 3156/5803/5350 3157/5805/5352
f 3184/5804/5351 3157/5805/5352 3194/5806/5353
f 3194/5806/5353 3157/5805/5352 3193/5807/5354
f 3194/5806/5353 3193/5807/5354 3170/5808/5355
f 3170/5808/5355 3193/5807/5354 3169/5809/5356
f 3169/5809/5356 3193/5807/5354 3195/5810/5357
f 3169/5809/5356 3195/5810/5357 3168/5811/5358
f 3168/5811/5358 3195/5810/5357 3196/5812/5359
f 3168/5811/5358 3196/5812/5359 3167/5813/5360
f 3167/5813/5360 3196/5812/5359 3197/5814/5361
f 3167/5813/5360 3197/5814/5361 3166/5815/5362
f 3166/5815/5362 3197/5814/5361 3164/5816/5363
f 3166/5815/5362 3164/5816/5363 3165/5817/5364
f 3157/5805/5352 3158/5818/5365 3193/5807/5354
f 3193/5807/5354 3158/5818/5365 3195/5810/5357
f 3158/5818/5365 3159/5819/5366 3195/5810/5357
f 3195/5810/5357 3159/5819/5366 3196/5812/5359
f 3159/5819/5366 3160/5820/5367 3196/5812/5359
f 3196/5812/5359 3160/5820/5367 3197/5814/5361
f 3160/5820/5367 3161/5821/5368 3197/5814/5361
f 3197/5814/5361 3161/5821/5368 3163/5822/5369
f 3197/5814/5361 3163/5822/5369 3164/5816/5363
f 3161/5821/5368 3162/5823/5370 3163/5822/5369
f 3194/5806/5353 3170/5808/5355 3184/5804/5351
f 3184/5804/5351 3170/5808/5355 3171/5824/5371
f 3184/5804/5351 3171/5824/5371 3192/5802/5349
f 3192/5802/5349 3171/5824/5371 3172/5825/5372
f 3192/5802/5349 3172/5825/5372 3191/5800/5347
f 3191/5800/5347 3172/5825/5372 3173/5826/5373
f 3191/5800/5347 3173/5826/5373 3183/5795/5342
f 3183/5795/5342 3173/5826/5373 3174/5793/5340
f 3177/5788/5335 3178/5827/5374 3181/5786/5333
f 3181/5786/5333 3178/5827/5374 3182/5784/5331
f 3182/5784/5331 3178/5827/5374 3185/5782/5329
f 3185/5782/5329 3178/5827/5374 3179/5828/5375
f 3185/5782/5329 3179/5828/5375 3186/5777/5324
f 3186/5777/5324 3179/5828/5375 3180/5775/5322
f 3112/5829/5376 3111/5830/5377 3113/5831/5378
f 3113/5831/5378 3111/5830/5377 3219/5832/5379
f 3113/5831/5378 3219/5832/5379 3114/5833/5380
f 3114/5833/5380 3219/5832/5379 3220/5834/5381
f 3114/5833/5380 3220/5834/5381 3115/5835/5382
f 3115/5835/5382 3220/5834/5381 3221/5836/5383
f 3115/5835/5382 3221/5836/5383 3218/5837/5384
f 3218/5837/5384 3221/5836/5383 3201/5838/5385
f 3218/5837/5384 3201/5838/5385 3222/5839/5386
f 3222/5839/5386 3201/5838/5385 3202/5840/5387
f 3222/5839/5386 3202/5840/5387 3223/5841/5388
f 3223/5841/5388 3202/5840/5387 3203/5842/5389
f 3223/5841/5388 3203/5842/5389 3224/5843/5390
f 3224/5843/5390 3203/5842/5389 3204/5844/5391
f 3224/5843/5390 3204/5844/5391 3225/5845/5392
f 3225/5845/5392 3204/5844/5391 3205/5846/5393
f 3225/5845/5392 3205/5846/5393 3217/5847/5394
f 3217/5847/5394 3205/5846/5393 3206/5848/5395
f 3217/5847/5394 3206/5848/5395 3226/5849/5396
f 3226/5849/5396 3206/5848/5395 3207/5850/5397
f 3226/5849/5396 3207/5850/5397 3227/5851/5398
f 3227/5851/5398 3207/5850/5397 3228/5852/5399
f 3227/5851/5398 3228/5852/5399 3123/5853/5400
f 3123/5853/5400 3228/5852/5399 3124/5854/5401
f 3124/5854/5401 3228/5852/5399 3229/5855/5402
f 3124/5854/5401 3229/5855/5402 3125/5856/5403
f 3125/5856/5403 3229/5855/5402 3230/5857/5404
f 3125/5856/5403 3230/5857/5404 3126/5858/5405
f 3126/5858/5405 3230/5857/5404 3231/5859/5406
f 3126/5858/5405 3231/5859/5406 3127/5860/5407
f 3127/5860/5407 3231/5859/5406 3232/5861/5408
f 3127/5860/5407 3232/5861/5408 3216/5862/5409
f 3216/5862/5409 3232/5861/5408 3212/5863/5410
f 3216/5862/5409 3212/5863/5410 3214/5864/5411
f 3214/5864/5411 3212/5863/5410 3213/5865/5412
f 3110/5866/5413 3198/5867/5414 3111/5830/5377
f 3111/5830/5377 3198/5867/5414 3219/5832/5379
f 3198/5867/5414 3199/5868/5415 3219/5832/5379
f 3219/5832/5379 3199/5868/5415 3220/5834/5381
f 3199/5868/5415 3200/5869/5416 3220/5834/5381
f 3220/5834/5381 3200/5869/5416 3221/5836/5383
f 3200/5869/5416 3201/5838/5385 3221/5836/5383
f 3207/5850/5397 3208/5870/5417 3228/5852/5399
f 3228/5852/5399 3208/5870/5417 3229/5855/5402
f 3208/5870/5417 3209/5871/5418 3229/5855/5402
f 3229/5855/5402 3209/5871/5418 3230/5857/5404
f 3209/5871/5418 3210/5872/5419 3230/5857/5404
f 3230/5857/5404 3210/5872/5419 3231/5859/5406
f 3210/5872/5419 3211/5873/5420 3231/5859/5406
f 3231/5859/5406 3211/5873/5420 3232/5861/5408
f 3211/5873/5420 3212/5863/5410 3232/5861/5408
f 3214/5864/5411 3215/5874/5421 3216/5862/5409
f 3216/5862/5409 3215/5874/5421 3128/5875/5422
f 3216/5862/5409 3128/5875/5422 3127/5860/5407
f 3215/5874/5421 3129/5876/5309 3128/5875/5422
f 3123/5853/5400 3122/5877/5423 3227/5851/5398
f 3227/5851/5398 3122/5877/5423 3226/5849/5396
f 3226/5849/5396 3122/5877/5423 3217/5847/5394
f 3217/5847/5394 3122/5877/5423 3121/5878/5424
f 3217/5847/5394 3121/5878/5424 3120/5879/5425
f 3217/5847/5394 3120/5879/5425 3225/5845/5392
f 3225/5845/5392 3120/5879/5425 3119/5880/5426
f 3225/5845/5392 3119/5880/5426 3224/5843/5390
f 3224/5843/5390 3119/5880/5426 3118/5881/5427
f 3224/5843/5390 3118/5881/5427 3223/5841/5388
f 3223/5841/5388 3118/5881/5427 3117/5882/5428
f 3223/5841/5388 3117/5882/5428 3222/5839/5386
f 3222/5839/5386 3117/5882/5428 3116/5883/5429
f 3222/5839/5386 3116/5883/5429 3218/5837/5384
f 3218/5837/5384 3116/5883/5429 3115/5835/5382
f 3110/5884/5430 3109/5885/5431 3198/5886/5432
f 3198/5886/5432 3109/5885/5431 3249/5887/5433
f 3198/5886/5432 3249/5887/5433 3234/5888/5434
f 3234/5888/5434 3249/5887/5433 3180/5889/5435
f 3234/5888/5434 3180/5889/5435 3179/5890/5436
f 3109/5885/5431 3180/5889/5435 3249/5887/5433
f 3234/5888/5434 3179/5890/5436 3235/5891/5437
f 3235/5891/5437 3179/5890/5436 3178/5892/5438
f 3235/5891/5437 3178/5892/5438 3236/5893/5439
f 3236/5893/5439 3178/5892/5438 3177/5894/5440
f 3236/5893/5439 3177/5894/5440 3237/5895/5441
f 3237/5895/5441 3177/5894/5440 3176/5896/5442
f 3237/5895/5441 3176/5896/5442 3238/5897/5443
f 3238/5897/5443 3176/5896/5442 3175/5898/5444
f 3238/5897/5443 3175/5898/5444 3239/5899/5445
f 3239/5899/5445 3175/5898/5444 3174/5900/5446
f 3239/5899/5445 3174/5900/5446 3240/5901/5447
f 3240/5901/5447 3174/5900/5446 3233/5902/5448
f 3240/5901/5447 3233/5902/5448 3204/5903/5449
f 3204/5903/5449 3233/5902/5448 3205/5904/5450
f 3205/5904/5450 3233/5902/5448 3241/5905/5451
f 3205/5904/5450 3241/5905/5451 3206/5906/5452
f 3206/5906/5452 3241/5905/5451 3242/5907/5453
f 3206/5906/5452 3242/5907/5453 3207/5908/5454
f 3207/5908/5454 3242/5907/5453 3243/5909/5455
f 3207/5908/5454 3243/5909/5455 3208/5910/5456
f 3208/5910/5456 3243/5909/5455 3244/5911/5457
f 3208/5910/5456 3244/5911/5457 3209/5912/5458
f 3209/5912/5458 3244/5911/5457 3245/5913/5459
f 3209/5912/5458 3245/5913/5459 3210/5914/5460
f 3210/5914/5460 3245/5913/5459 3246/5915/5461
f 3210/5914/5460 3246/5915/5461 3211/5916/5462
f 3211/5916/5462 3246/5915/5461 3247/5917/5463
f 3211/5916/5462 3247/5917/5463 3212/5918/5464
f 3212/5918/5464 3247/5917/5463 3248/5919/5465
f 3212/5918/5464 3248/5919/5465 3213/5920/5466
f 3213/5920/5466 3248/5919/5465 3165/5921/5467
f 3165/5921/5467 3248/5919/5465 3166/5922/5468
f 3166/5922/5468 3248/5919/5465 3247/5917/5463
f 3166/5922/5468 3247/5917/5463 3167/5923/5469
f 3167/5923/5469 3247/5917/5463 3246/5915/5461
f 3167/5923/5469 3246/5915/5461 3168/5924/5470
f 3168/5924/5470 3246/5915/5461 3245/5913/5459
f 3168/5924/5470 3245/5913/5459 3169/5925/5471
f 3169/5925/5471 3245/5913/5459 3244/5911/5457
f 3169/5925/5471 3244/5911/5457 3170/5926/5472
f 3170/5926/5472 3244/5911/5457 3243/5909/5455
f 3170/5926/5472 3243/5909/5455 3171/5927/5473
f 3171/5927/5473 3243/5909/5455 3242/5907/5453
f 3171/5927/5473 3242/5907/5453 3172/5928/5474
f 3172/5928/5474 3242/5907/5453 3241/5905/5451
f 3172/5928/5474 3241/5905/5451 3173/5929/5475
f 3173/5929/5475 3241/5905/5451 3233/5902/5448
f 3173/5929/5475 3233/5902/5448 3174/5900/5446
f 3240/5901/5447 3204/5903/5449 3239/5899/5445
f 3239/5899/5445 3204/5903/5449 3203/5930/5476
f 3239/5899/5445 3203/5930/5476 3238/5897/5443
f 3238/5897/5443 3203/5930/5476 3202/5931/5477
f 3238/5897/5443 3202/5931/5477 3237/5895/5441
f 3237/5895/5441 3202/5931/5477 3201/5932/5478
f 3237/5895/5441 3201/5932/5478 3236/5893/5439
f 3236/5893/5439 3201/5932/5478 3200/5933/5479
f 3236/5893/5439 3200/5933/5479 3235/5891/5437
f 3235/5891/5437 3200/5933/5479 3199/5934/5480
f 3235/5891/5437 3199/5934/5480 3234/5888/5434
f 3234/5888/5434 3199/5934/5480 3198/5886/5432
f 3092/5935/5481 3271/5936/5482 1485/5937/5483
f 1485/5937/5483 3271/5936/5482 2808/5938/5484
f 1485/5937/5483 2808/5938/5484 1486/5939/5485
f 1486/5939/5485 2808/5938/5484 2807/5940/5486
f 1486/5939/5485 2807/5940/5486 2840/5941/5487
f 2840/5941/5487 2807/5940/5486 2841/5942/5488
f 2841/5942/5488 2807/5940/5486 2842/5943/5489
f 3092/5935/5481 3091/5944/5490 3271/5936/5482
f 3271/5936/5482 3091/5944/5490 3090/5945/5491
f 3271/5936/5482 3090/5945/5491 3314/5946/5492
f 3314/5946/5492 3090/5945/5491 3100/5947/5493
f 3314/5946/5492 3100/5947/5493 3250/5948/5494
f 3314/5946/5492 3250/5948/5494 3313/5949/5495
f 3313/5949/5495 3250/5948/5494 3251/5950/5496
f 3313/5949/5495 3251/5950/5496 3312/5951/5497
f 3312/5951/5497 3251/5950/5496 3252/5952/5498
f 3312/5951/5497 3252/5952/5498 3311/5953/5499
f 3311/5953/5499 3252/5952/5498 3253/5954/5500
f 3311/5953/5499 3253/5954/5500 3310/5955/5501
f 3310/5955/5501 3253/5954/5500 3254/5956/5502
f 3310/5955/5501 3254/5956/5502 3309/5957/5503
f 3309/5957/5503 3254/5956/5502 3255/5958/5504
f 3309/5957/5503 3255/5958/5504 3308/5959/5505
f 3308/5959/5505 3255/5958/5504 3256/5960/5506
f 3308/5959/5505 3256/5960/5506 3307/5961/5507
f 3307/5961/5507 3256/5960/5506 3257/5962/5508
f 3307/5961/5507 3257/5962/5508 3306/5963/5509
f 3306/5963/5509 3257/5962/5508 3258/5964/5510
f 3306/5963/5509 3258/5964/5510 3305/5965/5511
f 3305/5965/5511 3258/5964/5510 3259/5966/5512
f 3305/5965/5511 3259/5966/5512 3304/5967/5513
f 3304/5967/5513 3259/5966/5512 3260/5968/5514
f 3304/5967/5513 3260/5968/5514 3261/5969/5515
f 3304/5967/5513 3261/5969/5515 3303/5970/5516
f 3303/5970/5516 3261/5969/5515 3262/5971/5517
f 3303/5970/5516 3262/5971/5517 3302/5972/5518
f 3302/5972/5518 3262/5971/5517 3263/5973/5519
f 3302/5972/5518 3263/5973/5519 3301/5974/5520
f 3301/5974/5520 3263/5973/5519 3264/5975/5521
f 3301/5974/5520 3264/5975/5521 3300/5976/5522
f 3300/5976/5522 3264/5975/5521 3265/5977/5523
f 3300/5976/5522 3265/5977/5523 3299/5978/5524
f 3299/5978/5524 3265/5977/5523 3266/5979/5525
f 3299/5978/5524 3266/5979/5525 3298/5980/5526
f 3298/5980/5526 3266/5979/5525 3267/5981/5527
f 3298/5980/5526 3267/5981/5527 3297/5982/5528
f 3297/5982/5528 3267/5981/5527 3268/5983/5529
f 3297/5982/5528 3268/5983/5529 3296/5984/5530
f 3296/5984/5530 3268/5983/5529 3269/5985/5531
f 3296/5984/5530 3269/5985/5531 3295/5986/5532
f 3295/5986/5532 3269/5985/5531 3270/5987/5533
f 3295/5986/5532 3270/5987/5533 3294/5988/5534
f 3294/5988/5534 3270/5987/5533 3104/5989/5535
f 3294/5988/5534 3104/5989/5535 3293/5990/5536
f 3293/5990/5536 3104/5989/5535 3103/5991/5537
f 3293/5990/5536 3103/5991/5537 3102/5992/5538
f 3270/5987/5533 3106/5993/5539 3104/5989/5535
f 3102/5992/5538 1520/5994/5540 3293/5990/5536
f 3293/5990/5536 1520/5994/5540 3292/5995/5541
f 3292/5995/5541 1520/5994/5540 2829/5996/5542
f 3292/5995/5541 2829/5996/5542 2828/5997/5543
f 1520/5994/5540 1519/5998/5544 2829/5996/5542
f 2829/5996/5542 1519/5998/5544 2830/5999/5545
f 2830/5999/5545 1519/5998/5544 1880/6000/5546
f 2830/5999/5545 1880/6000/5546 1879/6001/5547
f 1879/6001/5547 1878/6002/5548 2830/5999/5545
f 3292/5995/5541 2828/5997/5543 3291/6003/5549
f 3291/6003/5549 2828/5997/5543 2827/6004/5550
f 3291/6003/5549 2827/6004/5550 3290/6005/5551
f 3290/6005/5551 2827/6004/5550 2826/6006/5552
f 3290/6005/5551 2826/6006/5552 3289/6007/5553
f 3289/6007/5553 2826/6006/5552 2825/6008/5554
f 3289/6007/5553 2825/6008/5554 3288/6009/5555
f 3288/6009/5555 2825/6008/5554 2824/6010/5556
f 3288/6009/5555 2824/6010/5556 3287/6011/5557
f 3287/6011/5557 2824/6010/5556 2823/6012/5558
f 3287/6011/5557 2823/6012/5558 3286/6013/5559
f 3286/6013/5559 2823/6012/5558 2822/6014/5560
f 3286/6013/5559 2822/6014/5560 3285/6015/5561
f 3285/6015/5561 2822/6014/5560 2821/6016/5562
f 3285/6015/5561 2821/6016/5562 3284/6017/5563
f 3284/6017/5563 2821/6016/5562 2820/6018/5564
f 3284/6017/5563 2820/6018/5564 3283/6019/5565
f 3283/6019/5565 2820/6018/5564 2819/6020/5566
f 3283/6019/5565 2819/6020/5566 3282/6021/5567
f 3282/6022/5567 2819/6023/5566 2818/6024/5568
f 3282/6022/5567 2818/6024/5568 3281/6025/5569
f 3281/6025/5569 2818/6024/5568 2817/6026/5570
f 3281/6025/5569 2817/6026/5570 3280/6027/5571
f 3280/6027/5571 2817/6026/5570 2816/6028/5572
f 3280/6027/5571 2816/6028/5572 3279/6029/5573
f 3279/6029/5573 2816/6028/5572 2815/6030/5574
f 3279/6029/5573 2815/6030/5574 3278/6031/5575
f 3278/6031/5575 2815/6030/5574 2814/6032/5576
f 3278/6031/5575 2814/6032/5576 3277/6033/5577
f 3277/6033/5577 2814/6032/5576 2813/6034/5578
f 3277/6033/5577 2813/6034/5578 3276/6035/5579
f 3276/6035/5579 2813/6034/5578 2812/6036/5580
f 3276/6035/5579 2812/6036/5580 3275/6037/5581
f 3275/6037/5581 2812/6036/5580 2811/6038/5582
f 3275/6037/5581 2811/6038/5582 3274/6039/5583
f 3274/6039/5583 2811/6038/5582 2810/6040/5584
f 3274/6039/5583 2810/6040/5584 3273/6041/5585
f 3273/6041/5585 2810/6040/5584 2809/6042/5586
f 3273/6041/5585 2809/6042/5586 3272/6043/5587
f 3272/6043/5587 2809/6042/5586 2808/5938/5484
f 3272/6043/5587 2808/5938/5484 3271/5936/5482
f 3094/6044/5588 1381/6045/5589 3329/6046/5590
f 3329/6046/5590 1381/6045/5589 1390/6047/5591
f 3329/6046/5590 1390/6047/5591 3328/6048/5592
f 3328/6048/5592 1390/6047/5591 3327/6049/5593
f 3327/6049/5593 1390/6047/5591 1389/6050/5594
f 3327/6049/5593 1389/6050/5594 3326/6051/5595
f 3326/6051/5595 1389/6050/5594 1388/6052/5596
f 3326/6051/5595 1388/6052/5596 3325/6053/5597
f 3325/6053/5597 1388/6052/5596 3324/6054/5598
f 3324/6054/5598 1388/6052/5596 1387/6055/5599
f 3324/6054/5598 1387/6055/5599 1386/6056/5600
f 3324/6054/5598 1386/6056/5600 3323/6057/5601
f 3323/6057/5601 1386/6056/5600 1385/6058/5602
f 3323/6057/5601 1385/6058/5602 3322/6059/5603
f 3322/6059/5603 1385/6058/5602 1384/6060/5604
f 3322/6059/5603 1384/6060/5604 3321/6061/5605
f 3321/6061/5605 1384/6060/5604 1383/6062/5606
f 3321/6061/5605 1383/6062/5606 3320/6063/5607
f 3320/6063/5607 1383/6062/5606 3319/6064/5608
f 3319/6064/5608 1383/6062/5606 769/6065/1087
f 3319/6064/5608 769/6065/1087 3318/6066/5609
f 3318/6066/5609 769/6065/1087 776/6067/5610
f 3318/6066/5609 776/6067/5610 775/6068/5611
f 775/6068/5611 774/6069/5612 3318/6066/5609
f 3318/6066/5609 774/6069/5612 780/6070/5613
f 3318/6066/5609 780/6070/5613 3317/6071/5614
f 3317/6071/5614 780/6070/5613 779/6072/5615
f 3317/6071/5614 779/6072/5615 3316/6073/5616
f 3316/6073/5616 779/6072/5615 778/6074/5617
f 3316/6073/5616 778/6074/5617 3315/6075/5618
f 3315/6075/5618 778/6074/5617 720/6076/1112
f 3107/6077/5326 3106/6078/5619 3147/6079/5327
f 3147/6079/5327 3106/6078/5619 3270/6080/5620
f 3147/6079/5327 3270/6080/5620 3148/6081/5328
f 3148/6081/5328 3270/6080/5620 3269/6082/5621
f 3148/6081/5328 3269/6082/5621 3149/6083/5330
f 3149/6083/5330 3269/6082/5621 3268/6084/5622
f 3149/6083/5330 3268/6084/5622 3150/6085/5332
f 3150/6085/5332 3268/6084/5622 3267/6086/5623
f 3150/6085/5332 3267/6086/5623 3151/6087/5345
f 3151/6087/5345 3267/6086/5623 3266/6088/5624
f 3151/6087/5345 3266/6088/5624 3152/6089/5346
f 3152/6089/5346 3266/6088/5624 3265/6090/5625
f 3152/6089/5346 3265/6090/5625 3264/6091/5626
f 3152/6089/5346 3264/6091/5626 3153/6092/5343
f 3153/6092/5343 3264/6091/5626 3263/6093/5627
f 3153/6092/5343 3263/6093/5627 3154/6094/5344
f 3154/6094/5344 3263/6093/5627 3262/6095/5628
f 3154/6094/5344 3262/6095/5628 3155/6096/5348
f 3155/6096/5348 3262/6095/5628 3261/6097/5629
f 3155/6096/5348 3261/6097/5629 3156/6098/5350
f 3156/6098/5350 3261/6097/5629 3157/6099/5352
f 3157/6099/5352 3261/6097/5629 3260/6100/5630
f 3157/6099/5352 3260/6100/5630 3158/6101/5365
f 3158/6101/5365 3260/6100/5630 3159/6102/5366
f 3159/6102/5366 3260/6100/5630 3160/6103/5367
f 3160/6103/5367 3260/6100/5630 3161/6104/5368
f 3161/6104/5368 3260/6100/5630 3162/6105/5370
f 3162/6105/5370 3260/6100/5630 3259/6106/5631
f 3162/6105/5370 3259/6106/5631 3258/6107/5632
f 3162/6105/5370 3258/6107/5632 3344/6108/5633
f 3344/6108/5633 3258/6107/5632 3257/6109/5634
f 3344/6108/5633 3257/6109/5634 3341/6110/5635
f 3341/6110/5635 3257/6109/5634 3256/6111/5636
f 3341/6110/5635 3256/6111/5636 3340/6112/5637
f 3340/6112/5637 3256/6111/5636 3255/6113/5638
f 3340/6112/5637 3255/6113/5638 3339/6114/5639
f 3339/6114/5639 3255/6113/5638 3348/6115/5640
f 3339/6114/5639 3348/6115/5640 3338/6116/5641
f 3338/6116/5641 3348/6115/5640 3349/6117/5642
f 3338/6116/5641 3349/6117/5642 3337/6118/5643
f 3337/6118/5643 3349/6117/5642 3350/6119/5644
f 3337/6118/5643 3350/6119/5644 3336/6120/5645
f 3336/6120/5645 3350/6119/5644 3351/6121/5646
f 3336/6120/5645 3351/6121/5646 3335/6122/5647
f 3335/6122/5647 3351/6121/5646 3352/6123/5648
f 3335/6122/5647 3352/6123/5648 3334/6124/5649
f 3334/6124/5649 3352/6123/5648 3353/6125/5650
f 3334/6124/5649 3353/6125/5650 3354/6126/5651
f 3255/6113/5638 3254/6127/5652 3348/6115/5640
f 3348/6115/5640 3254/6127/5652 3347/6128/5653
f 3347/6128/5653 3254/6127/5652 3253/6129/5654
f 3347/6128/5653 3253/6129/5654 3346/6130/5655
f 3346/6130/5655 3253/6129/5654 3345/6131/5656
f 3345/6131/5656 3253/6129/5654 3252/6132/5657
f 3345/6131/5656 3252/6132/5657 3357/6133/5658
f 3357/6133/5658 3252/6132/5657 3356/6134/5659
f 3356/6134/5659 3252/6132/5657 3355/6135/5660
f 3355/6135/5660 3252/6132/5657 3251/6136/5661
f 3355/6135/5660 3251/6136/5661 3333/6137/5662
f 3333/6137/5662 3251/6136/5661 3332/6138/5663
f 3332/6138/5663 3251/6136/5661 3331/6139/5664
f 3331/6139/5664 3251/6136/5661 3250/6140/5665
f 3331/6139/5664 3250/6140/5665 3330/6141/5666
f 3330/6141/5666 3250/6140/5665 3099/6142/5667
f 3099/6142/5667 3250/6140/5665 3100/6143/5668
f 3355/6135/5660 3333/6137/5662 3354/6126/5651
f 3354/6126/5651 3333/6137/5662 3334/6124/5649
f 3341/6110/5635 3342/6144/5669 3344/6108/5633
f 3344/6108/5633 3342/6144/5669 3343/6145/5670
f 3370/6146/5671 3096/6147/5672 3371/6148/5673
f 3371/6148/5673 3096/6147/5672 3095/6149/5674
f 3371/6148/5673 3095/6149/5674 3094/6150/5675
f 3094/6150/5675 3329/6151/5676 3371/6148/5673
f 3371/6148/5673 3329/6151/5676 3373/6152/5677
f 3371/6148/5673 3373/6152/5677 3370/6146/5671
f 3370/6146/5671 3373/6152/5677 3369/6153/5678
f 3369/6153/5678 3373/6152/5677 3374/6154/5679
f 3369/6153/5678 3374/6154/5679 3368/6155/5680
f 3368/6155/5680 3374/6154/5679 3375/6156/5681
f 3368/6155/5680 3375/6156/5681 3367/6157/5682
f 3367/6157/5682 3375/6156/5681 3376/6158/5683
f 3367/6157/5682 3376/6158/5683 3366/6159/5684
f 3366/6159/5684 3376/6158/5683 3377/6160/5685
f 3366/6159/5684 3377/6160/5685 3372/6161/5686
f 3372/6161/5686 3377/6160/5685 3322/6162/5687
f 3372/6161/5686 3322/6162/5687 3321/6163/5688
f 3329/6151/5676 3328/6164/5689 3373/6152/5677
f 3373/6152/5677 3328/6164/5689 3327/6165/5690
f 3373/6152/5677 3327/6165/5690 3374/6154/5679
f 3374/6154/5679 3327/6165/5690 3326/6166/5691
f 3374/6154/5679 3326/6166/5691 3325/6167/5692
f 3374/6154/5679 3325/6167/5692 3375/6156/5681
f 3375/6156/5681 3325/6167/5692 3324/6168/5693
f 3375/6156/5681 3324/6168/5693 3376/6158/5683
f 3376/6158/5683 3324/6168/5693 3323/6169/5694
f 3376/6158/5683 3323/6169/5694 3377/6160/5685
f 3377/6160/5685 3323/6169/5694 3322/6162/5687
f 3372/6161/5686 3321/6163/5688 3379/6170/5695
f 3379/6170/5695 3321/6163/5688 3320/6171/5696
f 3379/6170/5695 3320/6171/5696 3378/6172/5697
f 3378/6172/5697 3320/6171/5696 3319/6173/5698
f 3378/6172/5697 3319/6173/5698 3380/6174/5699
f 3380/6174/5699 3319/6173/5698 3318/6175/5700
f 3380/6174/5699 3318/6175/5700 3317/6176/5701
f 3380/6174/5699 3317/6176/5701 3381/6177/5702
f 3381/6177/5702 3317/6176/5701 3316/6178/5703
f 3381/6177/5702 3316/6178/5703 3358/6179/5704
f 3358/6179/5704 3316/6178/5703 3315/6180/5705
f 3358/6179/5704 3359/6181/5706 3381/6177/5702
f 3381/6177/5702 3359/6181/5706 3361/6182/5707
f 3381/6177/5702 3361/6182/5707 3362/6183/5708
f 3359/6181/5706 3360/6184/5709 3361/6182/5707
f 3381/6177/5702 3362/6183/5708 3380/6174/5699
f 3380/6174/5699 3362/6183/5708 3363/6185/5710
f 3380/6174/5699 3363/6185/5710 3378/6172/5697
f 3378/6172/5697 3363/6185/5710 3364/6186/5711
f 3378/6172/5697 3364/6186/5711 3379/6170/5695
f 3379/6170/5695 3364/6186/5711 3365/6187/5712
f 3379/6170/5695 3365/6187/5712 3372/6161/5686
f 3372/6161/5686 3365/6187/5712 3366/6159/5684
f 3099/6188/5713 3098/6189/5714 3330/6190/5666
f 3330/6190/5666 3098/6189/5714 3397/6191/5715
f 3330/6190/5666 3397/6191/5715 3331/6192/5664
f 3331/6192/5664 3397/6191/5715 3398/6193/5716
f 3331/6192/5664 3398/6193/5716 3332/6194/5663
f 3332/6194/5663 3398/6193/5716 3399/6195/5717
f 3332/6194/5663 3399/6195/5717 3333/6196/5662
f 3333/6196/5662 3399/6195/5717 3400/6197/5718
f 3333/6196/5662 3400/6197/5718 3334/6198/5649
f 3334/6198/5649 3400/6197/5718 3401/6199/5719
f 3334/6198/5649 3401/6199/5719 3335/6200/5647
f 3335/6200/5647 3401/6199/5719 3402/6201/5720
f 3335/6200/5647 3402/6201/5720 3336/6202/5645
f 3336/6202/5645 3402/6201/5720 3337/6203/5643
f 3337/6203/5643 3402/6201/5720 3403/6204/5721
f 3337/6203/5643 3403/6204/5721 3338/6205/5641
f 3338/6205/5641 3403/6204/5721 3404/6206/5722
f 3338/6205/5641 3404/6206/5722 3339/6207/5639
f 3339/6207/5639 3404/6206/5722 3405/6208/5723
f 3339/6207/5639 3405/6208/5723 3340/6209/5637
f 3340/6209/5637 3405/6208/5723 3406/6210/5724
f 3340/6209/5637 3406/6210/5724 3341/6211/5635
f 3341/6211/5635 3406/6210/5724 3407/6212/5725
f 3341/6211/5635 3407/6212/5725 3342/6213/5669
f 3342/6213/5669 3407/6212/5725 3396/6214/5726
f 3396/6214/5726 3407/6212/5725 3395/6215/5727
f 3395/6215/5727 3407/6212/5725 3393/6216/5728
f 3395/6215/5727 3393/6216/5728 3394/6217/5729
f 3098/6189/5714 3097/6218/5730 3397/6191/5715
f 3397/6191/5715 3097/6218/5730 3382/6219/5731
f 3397/6191/5715 3382/6219/5731 3383/6220/5732
f 3397/6191/5715 3383/6220/5732 3398/6193/5716
f 3398/6193/5716 3383/6220/5732 3384/6221/5733
f 3398/6193/5716 3384/6221/5733 3399/6195/5717
f 3399/6195/5717 3384/6221/5733 3385/6222/5734
f 3399/6195/5717 3385/6222/5734 3400/6197/5718
f 3400/6197/5718 3385/6222/5734 3386/6223/5735
f 3400/6197/5718 3386/6223/5735 3401/6199/5719
f 3401/6199/5719 3386/6223/5735 3387/6224/5736
f 3401/6199/5719 3387/6224/5736 3402/6201/5720
f 3402/6201/5720 3387/6224/5736 3388/6225/5737
f 3402/6201/5720 3388/6225/5737 3389/6226/5738
f 3402/6201/5720 3389/6226/5738 3403/6204/5721
f 3403/6204/5721 3389/6226/5738 3390/6227/5739
f 3403/6204/5721 3390/6227/5739 3404/6206/5722
f 3404/6206/5722 3390/6227/5739 3391/6228/5740
f 3404/6206/5722 3391/6228/5740 3405/6208/5723
f 3405/6208/5723 3391/6228/5740 3392/6229/5741
f 3405/6208/5723 3392/6229/5741 3406/6210/5724
f 3406/6210/5724 3392/6229/5741 3393/6216/5728
f 3406/6210/5724 3393/6216/5728 3407/6212/5725
f 3382/6230/5742 3097/6231/5743 3412/6232/5744
f 3412/6232/5744 3097/6231/5743 3096/6233/5745
f 3412/6232/5744 3096/6233/5745 3370/6234/5746
f 3369/6235/5747 3408/6236/5748 3370/6234/5746
f 3370/6234/5746 3408/6236/5748 3411/6237/5749
f 3370/6234/5746 3411/6237/5749 3412/6232/5744
f 3412/6232/5744 3411/6237/5749 3382/6230/5742
f 3408/6236/5748 3369/6235/5747 3413/6238/5750
f 3413/6238/5750 3369/6235/5747 3368/6239/5751
f 3413/6238/5750 3368/6239/5751 3414/6240/5752
f 3414/6240/5752 3368/6239/5751 3367/6241/5753
f 3414/6240/5752 3367/6241/5753 3409/6242/5754
f 3409/6242/5754 3367/6241/5753 3366/6243/5755
f 3409/6242/5754 3366/6243/5755 3415/6244/5756
f 3415/6244/5756 3366/6243/5755 3365/6245/5757
f 3415/6244/5756 3365/6245/5757 3416/6246/5758
f 3416/6246/5758 3365/6245/5757 3364/6247/5759
f 3416/6246/5758 3364/6247/5759 3417/6248/5760
f 3417/6248/5760 3364/6247/5759 3363/6249/5761
f 3417/6248/5760 3363/6249/5761 3410/6250/5762
f 3410/6250/5762 3363/6249/5761 3362/6251/5763
f 3410/6250/5762 3362/6251/5763 3419/6252/5764
f 3419/6252/5764 3362/6251/5763 3418/6253/5765
f 3419/6252/5764 3418/6253/5765 3392/6254/5766
f 3392/6254/5766 3418/6253/5765 3393/6255/5767
f 3393/6255/5767 3418/6253/5765 3394/6256/5768
f 3394/6256/5768 3418/6253/5765 3361/6257/5769
f 3394/6256/5768 3361/6257/5769 3360/6258/5709
f 3362/6251/5763 3361/6257/5769 3418/6253/5765
f 3392/6254/5766 3391/6259/5770 3419/6252/5764
f 3419/6252/5764 3391/6259/5770 3410/6250/5762
f 3391/6259/5770 3390/6260/5771 3410/6250/5762
f 3410/6250/5762 3390/6260/5771 3417/6248/5760
f 3417/6248/5760 3390/6260/5771 3416/6246/5758
f 3416/6246/5758 3390/6260/5771 3389/6261/5772
f 3416/6246/5758 3389/6261/5772 3415/6244/5756
f 3415/6244/5756 3389/6261/5772 3388/6262/5773
f 3415/6244/5756 3388/6262/5773 3387/6263/5774
f 3415/6244/5756 3387/6263/5774 3409/6242/5754
f 3409/6242/5754 3387/6263/5774 3386/6264/5775
f 3409/6242/5754 3386/6264/5775 3414/6240/5752
f 3414/6240/5752 3386/6264/5775 3385/6265/5776
f 3414/6240/5752 3385/6265/5776 3413/6238/5750
f 3413/6238/5750 3385/6265/5776 3384/6266/5777
f 3413/6238/5750 3384/6266/5777 3408/6236/5748
f 3408/6236/5748 3384/6266/5777 3383/6267/5778
f 3408/6236/5748 3383/6267/5778 3411/6237/5749
f 3411/6237/5749 3383/6267/5778 3382/6230/5742
f 3421/6268/5779 3346/6269/5780 3420/6270/5781
f 3420/6270/5781 3346/6269/5780 3345/6271/5782
f 3420/6272/5781 3345/6273/5782 3432/6274/5783
f 3432/6274/5783 3345/6273/5782 3357/6275/5784
f 3432/6274/5783 3357/6275/5784 3431/6276/5785
f 3431/6276/5785 3357/6275/5784 3356/6277/5786
f 3431/6276/5785 3356/6277/5786 3430/6278/5787
f 3430/6278/5787 3356/6277/5786 3355/6279/5788
f 3430/6278/5787 3355/6279/5788 3429/6280/5789
f 3429/6280/5789 3355/6279/5788 3354/6281/5790
f 3429/6280/5789 3354/6281/5790 3428/6282/5791
f 3428/6282/5791 3354/6281/5790 3353/6283/5792
f 3428/6282/5791 3353/6283/5792 3427/6284/5793
f 3427/6284/5793 3353/6283/5792 3352/6285/5794
f 3427/6284/5793 3352/6285/5794 3426/6286/5795
f 3426/6286/5795 3352/6285/5794 3351/6287/5796
f 3426/6286/5795 3351/6287/5796 3425/6288/5797
f 3425/6288/5797 3351/6287/5796 3350/6289/5798
f 3425/6288/5797 3350/6289/5798 3424/6290/5799
f 3424/6290/5799 3350/6289/5798 3349/6291/5800
f 3424/6290/5799 3349/6291/5800 3423/6292/5801
f 3423/6292/5801 3349/6291/5800 3348/6293/5802
f 3423/6292/5801 3348/6293/5802 3422/6294/5803
f 3422/6294/5803 3348/6293/5802 3347/6295/5804
f 3422/6294/5803 3347/6295/5804 3421/6268/5779
f 3421/6268/5779 3347/6295/5804 3346/6269/5780
f 3421/6296/5805 3420/6297/5806 3433/6298/5807
f 3433/6298/5807 3420/6297/5806 3432/6299/5808
f 3433/6298/5807 3432/6299/5808 3444/6300/5809
f 3444/6300/5809 3432/6299/5808 3431/6301/5810
f 3444/6300/5809 3431/6301/5810 3443/6302/5811
f 3443/6302/5811 3431/6301/5810 3430/6303/5812
f 3443/6302/5811 3430/6303/5812 3442/6304/5813
f 3442/6304/5813 3430/6303/5812 3429/6305/5814
f 3442/6304/5813 3429/6305/5814 3441/6306/5815
f 3441/6306/5815 3429/6305/5814 3428/6307/5816
f 3441/6306/5815 3428/6307/5816 3440/6308/5817
f 3440/6308/5817 3428/6307/5816 3427/6309/5818
f 3440/6308/5817 3427/6309/5818 3439/6310/5819
f 3439/6310/5819 3427/6309/5818 3426/6311/5820
f 3439/6310/5819 3426/6311/5820 3438/6312/5821
f 3438/6312/5821 3426/6311/5820 3425/6313/5822
f 3438/6312/5821 3425/6313/5822 3437/6314/5823
f 3437/6314/5823 3425/6313/5822 3424/6315/5824
f 3437/6314/5823 3424/6315/5824 3436/6316/5825
f 3436/6316/5825 3424/6315/5824 3423/6317/5826
f 3436/6316/5825 3423/6317/5826 3435/6318/5827
f 3435/6318/5827 3423/6317/5826 3422/6319/5828
f 3435/6318/5827 3422/6319/5828 3434/6320/5829
f 3434/6320/5829 3422/6319/5828 3421/6296/5805
f 3434/6320/5829 3421/6296/5805 3433/6298/5807
f 3446/6321/5830 3434/6322/5831 3445/6323/5832
f 3445/6323/5832 3434/6322/5831 3433/6324/5833
f 3445/6325/5832 3433/6326/5833 3456/6327/5834
f 3456/6327/5834 3433/6326/5833 3444/6328/5835
f 3456/6327/5834 3444/6328/5835 3455/6329/5836
f 3455/6329/5836 3444/6328/5835 3443/6330/5837
f 3455/6329/5836 3443/6330/5837 3454/6331/5838
f 3454/6331/5838 3443/6330/5837 3442/6332/5839
f 3454/6331/5838 3442/6332/5839 3453/6333/5840
f 3453/6333/5840 3442/6332/5839 3441/6334/5841
f 3453/6333/5840 3441/6334/5841 3452/6335/5842
f 3452/6335/5842 3441/6334/5841 3440/6336/5843
f 3452/6335/5842 3440/6336/5843 3451/6337/5844
f 3451/6337/5844 3440/6336/5843 3439/6338/5845
f 3451/6337/5844 3439/6338/5845 3450/6339/5846
f 3450/6339/5846 3439/6338/5845 3438/6340/5847
f 3450/6339/5846 3438/6340/5847 3449/6341/5848
f 3449/6341/5848 3438/6340/5847 3437/6342/5849
f 3449/6341/5848 3437/6342/5849 3448/6343/5850
f 3448/6343/5850 3437/6342/5849 3436/6344/5851
f 3448/6343/5850 3436/6344/5851 3447/6345/5852
f 3447/6345/5852 3436/6344/5851 3435/6346/5853
f 3447/6345/5852 3435/6346/5853 3446/6321/5830
f 3446/6321/5830 3435/6346/5853 3434/6322/5831
f 3458/6347/5854 3480/6348/5855 3457/6349/5856
f 3457/6349/5856 3480/6348/5855 3481/6350/5857
f 3457/6349/5856 3481/6350/5857 3473/6351/5858
f 3473/6351/5858 3481/6350/5857 3482/6352/5859
f 3473/6351/5858 3482/6352/5859 3472/6353/5860
f 3472/6353/5860 3482/6352/5859 3471/6354/5861
f 3471/6354/5861 3482/6352/5859 3483/6355/5862
f 3471/6354/5861 3483/6355/5862 3470/6356/5863
f 3470/6356/5863 3483/6355/5862 3484/6357/5864
f 3470/6356/5863 3484/6357/5864 3469/6358/5865
f 3469/6358/5865 3484/6357/5864 3485/6359/5866
f 3469/6358/5865 3485/6359/5866 3486/6360/5867
f 3480/6348/5855 3458/6347/5854 3479/6361/5868
f 3479/6361/5868 3458/6347/5854 3459/6362/5869
f 3479/6361/5868 3459/6362/5869 3478/6363/5870
f 3478/6363/5870 3459/6362/5869 3460/6364/5871
f 3478/6363/5870 3460/6364/5871 3477/6365/5872
f 3477/6365/5872 3460/6364/5871 3461/6366/5873
f 3477/6365/5872 3461/6366/5873 3476/6367/5874
f 3476/6367/5874 3461/6366/5873 3462/6368/5875
f 3476/6367/5874 3462/6368/5875 3475/6369/5876
f 3475/6369/5876 3462/6368/5875 3463/6370/5877
f 3475/6369/5876 3463/6370/5877 3474/6371/5878
f 3474/6372/5878 3463/6373/5877 3464/6374/5879
f 3474/6372/5878 3464/6374/5879 3490/6375/5880
f 3490/6375/5880 3464/6374/5879 3465/6376/5881
f 3490/6375/5880 3465/6376/5881 3489/6377/5882
f 3489/6377/5882 3465/6376/5881 3466/6378/5883
f 3489/6377/5882 3466/6378/5883 3488/6379/5884
f 3488/6379/5884 3466/6378/5883 3467/6380/5885
f 3488/6379/5884 3467/6380/5885 3487/6381/5886
f 3487/6381/5886 3467/6380/5885 3468/6382/5887
f 3487/6381/5886 3468/6382/5887 3486/6360/5867
f 3486/6360/5867 3468/6382/5887 3469/6358/5865
f 3475/6383/5888 3474/6384/5889 3445/6385/5890
f 3445/6385/5890 3474/6384/5889 3490/6386/5891
f 3445/6385/5890 3490/6386/5891 3446/6387/5892
f 3446/6387/5892 3490/6386/5891 3489/6388/5893
f 3446/6387/5892 3489/6388/5893 3447/6389/5894
f 3447/6389/5894 3489/6388/5893 3488/6390/5895
f 3447/6389/5894 3488/6390/5895 3487/6391/5896
f 3447/6389/5894 3487/6391/5896 3448/6392/5897
f 3448/6392/5897 3487/6391/5896 3486/6393/5898
f 3448/6392/5897 3486/6393/5898 3449/6394/5899
f 3449/6394/5899 3486/6393/5898 3485/6395/5900
f 3449/6394/5899 3485/6395/5900 3450/6396/5901
f 3450/6396/5901 3485/6395/5900 3484/6397/5902
f 3450/6396/5901 3484/6397/5902 3483/6398/5903
f 3450/6396/5901 3483/6398/5903 3451/6399/5904
f 3451/6399/5904 3483/6398/5903 3482/6400/5905
f 3451/6399/5904 3482/6400/5905 3452/6401/5906
f 3452/6401/5906 3482/6400/5905 3481/6402/5907
f 3452/6401/5906 3481/6402/5907 3480/6403/5908
f 3452/6401/5906 3480/6403/5908 3453/6404/5909
f 3453/6404/5909 3480/6403/5908 3479/6405/5910
f 3453/6404/5909 3479/6405/5910 3454/6406/5911
f 3454/6406/5911 3479/6405/5910 3478/6407/5912
f 3454/6406/5911 3478/6407/5912 3455/6408/5913
f 3455/6408/5913 3478/6407/5912 3477/6409/5914
f 3455/6408/5913 3477/6409/5914 3476/6410/5915
f 3455/6408/5913 3476/6410/5915 3456/6411/5916
f 3456/6411/5916 3476/6410/5915 3475/6383/5888
f 3456/6411/5916 3475/6383/5888 3445/6385/5890
f 3314/6412/5917 3526/6413/5918 3271/6414/5919
f 3271/6414/5919 3526/6413/5918 2307/6415/5920
f 3271/6414/5919 2307/6415/5920 3272/6416/5921
f 3272/6416/5921 2307/6415/5920 2306/6417/5922
f 3272/6416/5921 2306/6417/5922 3273/6418/5923
f 3273/6418/5923 2306/6417/5922 2305/6419/5924
f 3273/6418/5923 2305/6419/5924 3274/6420/5925
f 3274/6420/5925 2305/6419/5924 2304/6421/5926
f 3274/6420/5925 2304/6421/5926 3275/6422/5927
f 3275/6422/5927 2304/6421/5926 2303/6423/5928
f 3275/6422/5927 2303/6423/5928 2302/6424/5929
f 3526/6413/5918 3314/6412/5917 3525/6425/5930
f 3525/6425/5930 3314/6412/5917 3313/6426/5931
f 3525/6425/5930 3313/6426/5931 3524/6427/5932
f 3524/6427/5932 3313/6426/5931 3460/6428/5933
f 3524/6427/5932 3460/6428/5933 3459/6429/5934
f 3460/6428/5933 3313/6426/5931 3461/6430/5935
f 3461/6430/5935 3313/6426/5931 3312/6431/5936
f 3461/6430/5935 3312/6431/5936 3462/6432/5937
f 3462/6432/5937 3312/6431/5936 3463/6433/5938
f 3463/6433/5938 3312/6431/5936 3311/6434/5939
f 3463/6433/5938 3311/6434/5939 3464/6435/5940
f 3464/6435/5940 3311/6434/5939 3465/6436/5941
f 3465/6436/5941 3311/6434/5939 3310/6437/5942
f 3465/6436/5941 3310/6437/5942 3466/6438/5943
f 3466/6438/5943 3310/6437/5942 3309/6439/5944
f 3466/6438/5943 3309/6439/5944 3467/6440/5945
f 3467/6440/5945 3309/6439/5944 3308/6441/5946
f 3467/6440/5945 3308/6441/5946 3514/6442/5947
f 3514/6442/5947 3308/6441/5946 3307/6443/5948
f 3514/6442/5947 3307/6443/5948 3510/6444/5949
f 3510/6444/5949 3307/6443/5948 3509/6445/5950
f 3509/6445/5950 3307/6443/5948 3306/6446/5951
f 3509/6445/5950 3306/6446/5951 3305/6447/5952
f 3305/6447/5952 3304/6448/5953 3509/6445/5950
f 3509/6445/5950 3304/6448/5953 3508/6449/5954
f 3508/6449/5954 3304/6448/5953 3303/6450/5955
f 3508/6449/5954 3303/6450/5955 3507/6451/5956
f 3507/6451/5956 3303/6450/5955 3506/6452/5957
f 3506/6452/5957 3303/6450/5955 3302/6453/5958
f 3506/6452/5957 3302/6453/5958 3505/6454/5959
f 3505/6454/5959 3302/6453/5958 3504/6455/5960
f 3504/6455/5960 3302/6453/5958 3301/6456/5961
f 3504/6455/5960 3301/6456/5961 3503/6457/5962
f 3503/6457/5962 3301/6456/5961 3502/6458/5963
f 3502/6458/5963 3301/6456/5961 3300/6459/5964
f 3502/6458/5963 3300/6459/5964 3501/6460/5965
f 3501/6460/5965 3300/6459/5964 3500/6461/5966
f 3500/6461/5966 3300/6459/5964 3499/6462/5967
f 3499/6462/5967 3300/6459/5964 3299/6463/5968
f 3499/6462/5967 3299/6463/5968 3498/6464/5969
f 3498/6464/5969 3299/6463/5968 3497/6465/5970
f 3497/6465/5970 3299/6463/5968 3298/6466/5971
f 3497/6465/5970 3298/6466/5971 3496/6467/5972
f 3496/6467/5972 3298/6466/5971 3495/6468/5973
f 3495/6468/5973 3298/6466/5971 3297/6469/5974
f 3495/6468/5973 3297/6469/5974 3494/6470/5975
f 3494/6470/5975 3297/6469/5974 3493/6471/5976
f 3493/6471/5976 3297/6469/5974 3296/6472/5977
f 3493/6471/5976 3296/6472/5977 3492/6473/5978
f 3492/6473/5978 3296/6472/5977 3295/6474/5979
f 3492/6473/5978 3295/6474/5979 3491/6475/5980
f 3491/6475/5980 3295/6474/5979 3294/6476/5981
f 3491/6475/5980 3294/6476/5981 2326/6477/5982
f 2326/6477/5982 3294/6476/5981 3293/6478/5983
f 2326/6477/5982 3293/6478/5983 3292/6479/5984
f 2326/6477/5982 3292/6479/5984 2327/6480/5985
f 2327/6480/5985 3292/6479/5984 3291/6481/5986
f 2327/6480/5985 3291/6481/5986 2328/6482/5987
f 2328/6482/5987 3291/6481/5986 2329/6483/5988
f 2329/6483/5988 3291/6481/5986 3290/6484/5989
f 2329/6483/5988 3290/6484/5989 2330/6485/5990
f 2330/6485/5990 3290/6484/5989 3289/6486/5991
f 2330/6485/5990 3289/6486/5991 2331/6487/5992
f 2331/6487/5992 3289/6486/5991 2332/6488/5993
f 2332/6488/5993 3289/6486/5991 3288/6489/5994
f 2332/6488/5993 3288/6489/5994 2333/6490/5995
f 2333/6490/5995 3288/6489/5994 2334/6491/5996
f 2334/6491/5996 3288/6489/5994 3287/6492/5997
f 2334/6491/5996 3287/6492/5997 2335/6493/5998
f 2335/6493/5998 3287/6492/5997 2336/6494/5999
f 2336/6494/5999 3287/6492/5997 3286/6495/6000
f 2336/6494/5999 3286/6495/6000 2337/6496/6001
f 2337/6496/6001 3286/6495/6000 2338/6497/6002
f 2338/6497/6002 3286/6495/6000 2339/6498/6003
f 2339/6498/6003 3286/6495/6000 3285/6499/6004
f 2339/6498/6003 3285/6499/6004 2340/6500/6005
f 2340/6500/6005 3285/6499/6004 2341/6501/6006
f 2341/6501/6006 3285/6499/6004 2342/6502/6007
f 2342/6502/6007 3285/6499/6004 3284/6503/6008
f 2342/6502/6007 3284/6503/6008 2343/6504/6009
f 2343/6504/6009 3284/6503/6008 2344/6505/6010
f 2344/6505/6010 3284/6503/6008 3283/6506/6011
f 2344/6505/6010 3283/6506/6011 2345/6507/6012
f 2345/6507/6012 3283/6506/6011 2346/6508/6013
f 2346/6508/6013 3283/6506/6011 2347/6509/6014
f 2347/6509/6014 3283/6506/6011 3282/6510/6015
f 2347/6509/6014 3282/6510/6015 2348/6511/6016
f 2348/6511/6016 3282/6510/6015 2288/6512/6017
f 2288/6512/6017 3282/6510/6015 2289/6513/6018
f 2289/6513/6018 3282/6510/6015 3281/6514/6019
f 2289/6513/6018 3281/6514/6019 2290/6515/6020
f 2290/6515/6020 3281/6514/6019 2291/6516/6021
f 2291/6516/6021 3281/6514/6019 3280/6517/6022
f 2291/6516/6021 3280/6517/6022 2292/6518/6023
f 2292/6518/6023 3280/6517/6022 2293/6519/6024
f 2293/6519/6024 3280/6517/6022 3279/6520/6025
f 2293/6519/6024 3279/6520/6025 2294/6521/6026
f 2294/6521/6026 3279/6520/6025 2295/6522/6027
f 2295/6522/6027 3279/6520/6025 3278/6523/6028
f 2295/6522/6027 3278/6523/6028 2296/6524/6029
f 2296/6524/6029 3278/6523/6028 2297/6525/6030
f 2297/6525/6030 3278/6523/6028 2298/6526/6031
f 2298/6526/6031 3278/6523/6028 3277/6527/6032
f 2298/6526/6031 3277/6527/6032 2299/6528/6033
f 2299/6528/6033 3277/6527/6032 2300/6529/6034
f 2300/6529/6034 3277/6527/6032 3276/6530/6035
f 2300/6529/6034 3276/6530/6035 2301/6531/6036
f 2301/6531/6036 3276/6530/6035 2302/6424/5929
f 2302/6424/5929 3276/6530/6035 3275/6422/5927
f 3511/6532/6037 3512/6533/6038 3510/6444/5949
f 3510/6444/5949 3512/6533/6038 3513/6534/6039
f 3510/6444/5949 3513/6534/6039 3514/6442/5947
f 3467/6440/5945 3514/6442/5947 3468/6535/6040
f 3468/6535/6040 3514/6442/5947 3515/6536/6041
f 3468/6535/6040 3515/6536/6041 3516/6537/6042
f 3516/6537/6042 3517/6538/6043 3468/6535/6040
f 3468/6535/6040 3517/6538/6043 3469/6539/6044
f 3469/6539/6044 3517/6538/6043 3518/6540/6045
f 3469/6539/6044 3518/6540/6045 3519/6541/6046
f 3469/6539/6044 3519/6541/6046 3470/6542/6047
f 3470/6542/6047 3519/6541/6046 3520/6543/6048
f 3470/6542/6047 3520/6543/6048 3521/6544/6049
f 3470/6542/6047 3521/6544/6049 3471/6545/6050
f 3471/6545/6050 3521/6544/6049 3522/6546/6051
f 3471/6545/6050 3522/6546/6051 3472/6547/6052
f 3524/6427/5932 3459/6429/5934 3523/6548/6053
f 3523/6548/6053 3459/6429/5934 3458/6549/6054
f 3523/6548/6053 3458/6549/6054 3457/6550/6055
f 3528/6551/6056 3544/6552/6057 3527/6553/6058
f 3527/6553/6058 3544/6552/6057 3545/6554/6059
f 3527/6555/6058 3545/6556/6059 3538/6557/6060
f 3538/6557/6060 3545/6556/6059 3546/6558/6061
f 3538/6557/6060 3546/6558/6061 3537/6559/6062
f 3537/6559/6062 3546/6558/6061 3547/6560/6063
f 3537/6559/6062 3547/6560/6063 3536/6561/6064
f 3536/6561/6064 3547/6560/6063 3548/6562/6065
f 3536/6561/6064 3548/6562/6065 3535/6563/6066
f 3535/6563/6066 3548/6562/6065 3549/6564/6067
f 3535/6563/6066 3549/6564/6067 3534/6565/6068
f 3534/6565/6068 3549/6564/6067 3550/6566/6069
f 3534/6565/6068 3550/6566/6069 3533/6567/6070
f 3533/6567/6070 3550/6566/6069 3539/6568/6071
f 3533/6567/6070 3539/6568/6071 3532/6569/6072
f 3532/6569/6072 3539/6568/6071 3540/6570/6073
f 3532/6569/6072 3540/6570/6073 3531/6571/6074
f 3531/6571/6074 3540/6570/6073 3541/6572/6075
f 3531/6571/6074 3541/6572/6075 3530/6573/6076
f 3530/6573/6076 3541/6572/6075 3542/6574/6077
f 3530/6573/6076 3542/6574/6077 3529/6575/6078
f 3529/6575/6078 3542/6574/6077 3543/6576/6079
f 3529/6575/6078 3543/6576/6079 3528/6551/6056
f 3528/6551/6056 3543/6576/6079 3544/6552/6057
f 3550/6577/6080 3562/6578/6081 3539/6579/6082
f 3539/6579/6082 3562/6578/6081 3551/6580/6083
f 3539/6581/6082 3551/6582/6083 3540/6583/6084
f 3540/6583/6084 3551/6582/6083 3552/6584/6085
f 3540/6583/6084 3552/6584/6085 3541/6585/6086
f 3541/6585/6086 3552/6584/6085 3553/6586/6087
f 3541/6585/6086 3553/6586/6087 3542/6587/6088
f 3542/6587/6088 3553/6586/6087 3554/6588/6089
f 3542/6587/6088 3554/6588/6089 3543/6589/6090
f 3543/6589/6090 3554/6588/6089 3555/6590/6091
f 3543/6589/6090 3555/6590/6091 3544/6591/6092
f 3544/6591/6092 3555/6590/6091 3556/6592/6093
f 3544/6591/6092 3556/6592/6093 3545/6593/6094
f 3545/6593/6094 3556/6592/6093 3557/6594/6095
f 3545/6593/6094 3557/6594/6095 3546/6595/6096
f 3546/6595/6096 3557/6594/6095 3558/6596/6097
f 3546/6595/6096 3558/6596/6097 3547/6597/6098
f 3547/6597/6098 3558/6596/6097 3559/6598/6099
f 3547/6597/6098 3559/6598/6099 3548/6599/6100
f 3548/6599/6100 3559/6598/6099 3560/6600/6101
f 3548/6599/6100 3560/6600/6101 3549/6601/6102
f 3549/6601/6102 3560/6600/6101 3561/6602/6103
f 3549/6601/6102 3561/6602/6103 3550/6577/6080
f 3550/6577/6080 3561/6602/6103 3562/6578/6081
f 3562/6603/6104 3574/6604/6105 3551/6605/6106
f 3551/6605/6106 3574/6604/6105 3563/6606/6107
f 3551/6607/6106 3563/6608/6107 3552/6609/6108
f 3552/6609/6108 3563/6608/6107 3564/6610/6109
f 3552/6609/6108 3564/6610/6109 3553/6611/6110
f 3553/6611/6110 3564/6610/6109 3565/6612/6111
f 3553/6611/6110 3565/6612/6111 3554/6613/6112
f 3554/6613/6112 3565/6612/6111 3566/6614/6113
f 3554/6613/6112 3566/6614/6113 3555/6615/6114
f 3555/6615/6114 3566/6614/6113 3567/6616/6115
f 3555/6615/6114 3567/6616/6115 3556/6617/6116
f 3556/6617/6116 3567/6616/6115 3568/6618/6117
f 3556/6617/6116 3568/6618/6117 3557/6619/6118
f 3557/6619/6118 3568/6618/6117 3569/6620/6119
f 3557/6619/6118 3569/6620/6119 3558/6621/6120
f 3558/6621/6120 3569/6620/6119 3570/6622/6121
f 3558/6621/6120 3570/6622/6121 3559/6623/6122
f 3559/6623/6122 3570/6622/6121 3571/6624/6123
f 3559/6623/6122 3571/6624/6123 3560/6625/6124
f 3560/6625/6124 3571/6624/6123 3572/6626/6125
f 3560/6625/6124 3572/6626/6125 3561/6627/6126
f 3561/6627/6126 3572/6626/6125 3573/6628/6127
f 3561/6627/6126 3573/6628/6127 3562/6603/6104
f 3562/6603/6104 3573/6628/6127 3574/6604/6105
f 3012/6629/6128 3579/6630/6129 2965/6631/6130
f 2965/6631/6130 3579/6630/6129 3580/6632/6131
f 2965/6631/6130 3580/6632/6131 2966/6633/6132
f 2966/6633/6132 3580/6632/6131 2967/6634/6133
f 2967/6634/6133 3580/6632/6131 3581/6635/6134
f 2967/6634/6133 3581/6635/6134 2968/6636/6135
f 2968/6636/6135 3581/6635/6134 2969/6637/6136
f 2969/6637/6136 3581/6635/6134 3582/6638/6137
f 2969/6637/6136 3582/6638/6137 2970/6639/6138
f 2970/6639/6138 3582/6638/6137 2971/6640/6139
f 2971/6640/6139 3582/6638/6137 3583/6641/6140
f 2971/6640/6139 3583/6641/6140 2972/6642/6141
f 2972/6642/6141 3583/6641/6140 2973/6643/6142
f 2973/6643/6142 3583/6641/6140 3584/6644/6143
f 2973/6643/6142 3584/6644/6143 2974/6645/6144
f 2974/6645/6144 3584/6644/6143 2975/6646/6145
f 2975/6646/6145 3584/6644/6143 3585/6647/6146
f 2975/6646/6145 3585/6647/6146 2976/6648/6147
f 2976/6648/6147 3585/6647/6146 2977/6649/6148
f 2977/6649/6148 3585/6647/6146 3586/6650/6149
f 2977/6649/6148 3586/6650/6149 2978/6651/6150
f 2978/6651/6150 3586/6650/6149 2979/6652/6151
f 2979/6652/6151 3586/6650/6149 3587/6653/6152
f 2979/6652/6151 3587/6653/6152 2980/6654/6153
f 2980/6654/6153 3587/6653/6152 2981/6655/6154
f 2981/6655/6154 3587/6653/6152 3588/6656/6155
f 2981/6655/6154 3588/6656/6155 3005/6657/6156
f 3005/6657/6156 3588/6656/6155 3589/6658/6157
f 3005/6657/6156 3589/6658/6157 3006/6659/6158
f 3006/6659/6158 3589/6658/6157 3590/6660/6159
f 3006/6659/6158 3590/6660/6159 3007/6661/6160
f 3007/6661/6160 3590/6660/6159 3591/6662/6161
f 3007/6661/6160 3591/6662/6161 3008/6663/6162
f 3008/6663/6162 3591/6662/6161 3575/6664/6163
f 3008/6663/6162 3575/6664/6163 3009/6665/6164
f 3009/6666/6164 3575/6667/6163 3576/6668/6165
f 3009/6666/6164 3576/6668/6165 3010/6669/6166
f 3010/6669/6166 3576/6668/6165 3577/6670/6167
f 3010/6669/6166 3577/6670/6167 3011/6671/6168
f 3011/6671/6168 3577/6670/6167 3578/6672/6169
f 3011/6671/6168 3578/6672/6169 3012/6629/6128
f 3012/6629/6128 3578/6672/6169 3579/6630/6129
f 3146/6673/6170 3145/6674/6171 3599/6675/6172
f 3599/6675/6172 3145/6674/6171 3144/6676/6173
f 3599/6675/6172 3144/6676/6173 3143/6677/6174
f 3599/6675/6172 3143/6677/6174 3598/6678/6175
f 3598/6678/6175 3143/6677/6174 3142/6679/6176
f 3598/6678/6175 3142/6679/6176 3597/6680/6177
f 3597/6680/6177 3142/6679/6176 3141/6681/6178
f 3597/6680/6177 3141/6681/6178 3140/6682/6179
f 3597/6680/6177 3140/6682/6179 3596/6683/6180
f 3596/6683/6180 3140/6682/6179 3139/6684/6181
f 3596/6683/6180 3139/6684/6181 3138/6685/6182
f 3596/6683/6180 3138/6685/6182 3595/6686/6183
f 3595/6686/6183 3138/6685/6182 3137/6687/6184
f 3595/6686/6183 3137/6687/6184 3136/6688/6185
f 3595/6686/6183 3136/6688/6185 3594/6689/6186
f 3594/6689/6186 3136/6688/6185 3135/6690/6187
f 3594/6689/6186 3135/6690/6187 3134/6691/6188
f 3594/6689/6186 3134/6691/6188 3593/6692/6189
f 3593/6692/6189 3134/6691/6188 3133/6693/6190
f 3593/6692/6189 3133/6693/6190 3132/6694/6191
f 3593/6692/6189 3132/6694/6191 3592/6695/6192
f 3592/6695/6192 3132/6694/6191 3131/6696/6193
f 3592/6695/6192 3131/6696/6193 3130/6697/6194
f 3576/6698/6195 3575/6699/6196 3527/6700/6197
f 3527/6700/6197 3575/6699/6196 3591/6701/6198
f 3527/6700/6197 3591/6701/6198 3528/6702/6199
f 3528/6702/6199 3591/6701/6198 3590/6703/6200
f 3528/6702/6199 3590/6703/6200 3529/6704/6201
f 3529/6704/6201 3590/6703/6200 3589/6705/6202
f 3529/6704/6201 3589/6705/6202 3588/6706/6203
f 3529/6704/6201 3588/6706/6203 3530/6707/6204
f 3530/6707/6204 3588/6706/6203 3587/6708/6205
f 3530/6707/6204 3587/6708/6205 3531/6709/6206
f 3531/6709/6206 3587/6708/6205 3586/6710/6207
f 3531/6709/6206 3586/6710/6207 3532/6711/6208
f 3532/6711/6208 3586/6710/6207 3585/6712/6209
f 3532/6711/6208 3585/6712/6209 3584/6713/6210
f 3532/6711/6208 3584/6713/6210 3533/6714/6211
f 3533/6714/6211 3584/6713/6210 3583/6715/6212
f 3533/6714/6211 3583/6715/6212 3534/6716/6213
f 3534/6716/6213 3583/6715/6212 3582/6717/6214
f 3534/6716/6213 3582/6717/6214 3581/6718/6215
f 3534/6716/6213 3581/6718/6215 3535/6719/6216
f 3535/6719/6216 3581/6718/6215 3580/6720/6217
f 3535/6719/6216 3580/6720/6217 3536/6721/6218
f 3536/6721/6218 3580/6720/6217 3579/6722/6219
f 3536/6721/6218 3579/6722/6219 3537/6723/6220
f 3537/6723/6220 3579/6722/6219 3578/6724/6221
f 3537/6723/6220 3578/6724/6221 3577/6725/6222
f 3537/6723/6220 3577/6725/6222 3538/6726/6223
f 3538/6726/6223 3577/6725/6222 3576/6698/6195
f 3538/6726/6223 3576/6698/6195 3527/6700/6197
f 3129/6727/5309 3600/6728/6224 3130/6729/5312
f 3130/6729/5312 3600/6728/6224 3605/6730/6225
f 3130/6729/5312 3605/6730/6225 3606/6731/6226
f 3601/6732/6227 3602/6733/6228 3600/6728/6224
f 3600/6728/6224 3602/6733/6228 3603/6734/6229
f 3600/6728/6224 3603/6734/6229 3604/6735/6230
f 3604/6735/6230 3605/6730/6225 3600/6728/6224
f 3606/6731/6226 3607/6736/6231 3130/6729/5312
f 3130/6729/5312 3607/6736/6231 3608/6737/6232
f 3130/6729/5312 3608/6737/6232 3568/6738/6233
f 3568/6738/6233 3608/6737/6232 3609/6739/6234
f 3568/6738/6233 3609/6739/6234 3569/6740/6235
f 3569/6740/6235 3609/6739/6234 3610/6741/6236
f 3569/6740/6235 3610/6741/6236 3570/6742/6237
f 3570/6742/6237 3610/6741/6236 3047/6743/6238
f 3570/6742/6237 3047/6743/6238 3146/6744/5321
f 3146/6744/5321 3047/6743/6238 3046/6745/5319
f 3599/6746/6239 3572/6747/6240 3146/6744/5321
f 3146/6744/5321 3572/6747/6240 3571/6748/6241
f 3146/6744/5321 3571/6748/6241 3570/6742/6237
f 3599/6746/6239 3598/6749/6242 3572/6747/6240
f 3572/6747/6240 3598/6749/6242 3597/6750/6243
f 3572/6747/6240 3597/6750/6243 3573/6751/6244
f 3573/6751/6244 3597/6750/6243 3574/6752/6245
f 3574/6752/6245 3597/6750/6243 3596/6753/6246
f 3574/6752/6245 3596/6753/6246 3563/6754/6247
f 3563/6754/6247 3596/6753/6246 3595/6755/6248
f 3563/6754/6247 3595/6755/6248 3564/6756/6249
f 3564/6756/6249 3595/6755/6248 3594/6757/6250
f 3564/6756/6249 3594/6757/6250 3565/6758/6251
f 3565/6758/6251 3594/6757/6250 3566/6759/6252
f 3566/6759/6252 3594/6757/6250 3593/6760/6253
f 3566/6759/6252 3593/6760/6253 3592/6761/6254
f 3592/6761/6254 3130/6729/5312 3566/6759/6252
f 3566/6759/6252 3130/6729/5312 3567/6762/6255
f 3567/6762/6255 3130/6729/5312 3568/6738/6233
f 3360/6763/5709 3611/6764/6256 3394/6765/5768
f 3394/6765/5768 3611/6764/6256 3612/6766/6257
f 3053/6767/6258 3052/6768/6259 3634/6769/6260
f 3634/6769/6260 3052/6768/6259 3613/6770/6261
f 3634/6769/6260 3613/6770/6261 3633/6771/6262
f 3633/6771/6262 3613/6770/6261 3614/6772/6263
f 3633/6771/6262 3614/6772/6263 3632/6773/6264
f 3632/6773/6264 3614/6772/6263 3615/6774/6265
f 3632/6773/6264 3615/6774/6265 3631/6775/6266
f 3631/6775/6266 3615/6774/6265 3616/6776/6267
f 3631/6775/6266 3616/6776/6267 3630/6777/6268
f 3630/6777/6268 3616/6776/6267 3617/6778/6269
f 3630/6777/6268 3617/6778/6269 3629/6779/6270
f 3629/6779/6270 3617/6778/6269 3618/6780/6271
f 3629/6779/6270 3618/6780/6271 3628/6781/6272
f 3628/6781/6272 3618/6780/6271 3619/6782/6273
f 3628/6781/6272 3619/6782/6273 3627/6783/6274
f 3627/6783/6274 3619/6782/6273 3620/6784/6275
f 3627/6783/6274 3620/6784/6275 3626/6785/6276
f 3626/6785/6276 3620/6784/6275 3621/6786/6277
f 3626/6785/6276 3621/6786/6277 3625/6787/6278
f 3625/6787/6278 3621/6786/6277 3622/6788/6279
f 3625/6787/6278 3622/6788/6279 3624/6789/6280
f 3624/6789/6280 3622/6788/6279 3623/6790/6281
f 3624/6789/6280 3623/6790/6281 3343/6791/5670
f 3343/6791/5670 3623/6790/6281 3344/6792/5633
f 3635/6793/6282 3213/6794/6283 3636/6795/6284
f 3636/6795/6284 3213/6794/6283 3165/6796/5467
f 3051/6797/6285 3050/6798/6286 3650/6799/6287
f 3650/6799/6287 3050/6798/6286 3637/6800/6288
f 3650/6799/6287 3637/6800/6288 3651/6801/6289
f 3651/6801/6289 3637/6800/6288 3638/6802/6290
f 3651/6801/6289 3638/6802/6290 3652/6803/6291
f 3652/6803/6291 3638/6802/6290 3639/6804/6292
f 3652/6803/6291 3639/6804/6292 3653/6805/6293
f 3653/6805/6293 3639/6804/6292 3640/6806/6294
f 3653/6805/6293 3640/6806/6294 3654/6807/6295
f 3654/6807/6295 3640/6806/6294 3641/6808/6296
f 3654/6807/6295 3641/6808/6296 3655/6809/6297
f 3655/6809/6297 3641/6808/6296 3642/6810/6298
f 3655/6809/6297 3642/6810/6298 3656/6811/6299
f 3656/6811/6299 3642/6810/6298 3643/6812/6300
f 3656/6811/6299 3643/6812/6300 3657/6813/6301
f 3657/6813/6301 3643/6812/6300 3644/6814/6302
f 3657/6813/6301 3644/6814/6302 3658/6815/6303
f 3658/6815/6303 3644/6814/6302 3645/6816/6304
f 3658/6815/6303 3645/6816/6304 3659/6817/6305
f 3659/6817/6305 3645/6816/6304 3646/6818/6306
f 3659/6817/6305 3646/6818/6306 3660/6819/6307
f 3660/6819/6307 3646/6818/6306 3647/6820/6308
f 3660/6819/6307 3647/6820/6308 3648/6821/6309
f 3648/6821/6309 3647/6820/6308 3636/6822/6284
f 3648/6821/6309 3649/6823/6310 3660/6819/6307
f 3660/6819/6307 3649/6823/6310 3623/6824/6281
f 3660/6819/6307 3623/6824/6281 3659/6817/6305
f 3659/6817/6305 3623/6824/6281 3622/6825/6279
f 3659/6817/6305 3622/6825/6279 3658/6815/6303
f 3658/6815/6303 3622/6825/6279 3621/6826/6277
f 3658/6815/6303 3621/6826/6277 3657/6813/6301
f 3657/6813/6301 3621/6826/6277 3620/6827/6275
f 3657/6813/6301 3620/6827/6275 3656/6811/6299
f 3656/6811/6299 3620/6827/6275 3619/6828/6273
f 3656/6811/6299 3619/6828/6273 3655/6809/6297
f 3655/6809/6297 3619/6828/6273 3618/6829/6271
f 3655/6809/6297 3618/6829/6271 3654/6807/6295
f 3654/6807/6295 3618/6829/6271 3617/6830/6269
f 3654/6807/6295 3617/6830/6269 3653/6805/6293
f 3653/6805/6293 3617/6830/6269 3616/6831/6267
f 3653/6805/6293 3616/6831/6267 3652/6803/6291
f 3652/6803/6291 3616/6831/6267 3615/6832/6265
f 3652/6803/6291 3615/6832/6265 3651/6801/6289
f 3651/6801/6289 3615/6832/6265 3614/6833/6263
f 3651/6801/6289 3614/6833/6263 3650/6799/6287
f 3650/6799/6287 3614/6833/6263 3613/6834/6261
f 3650/6799/6287 3613/6834/6261 3051/6797/6285
f 3051/6797/6285 3613/6834/6261 3052/6835/6259
f 3649/6823/6310 3344/6836/5633 3623/6824/6281
f 3649/6837/6310 3661/6838/6311 3344/6839/5633
f 3344/6839/5633 3661/6838/6311 3662/6840/6312
f 3344/6839/5633 3662/6840/6312 3663/6841/6313
f 3663/6841/6313 3662/6840/6312 3648/6842/6309
f 3663/6841/6313 3648/6842/6309 3664/6843/6314
f 3664/6843/6314 3648/6842/6309 3665/6844/6315
f 3664/6843/6314 3665/6844/6315 3344/6839/5633
f 3344/6839/5633 3665/6844/6315 3666/6845/6316
f 3344/6839/5633 3666/6845/6316 3667/6846/6317
f 3667/6846/6317 3666/6845/6316 3648/6842/6309
f 3667/6846/6317 3648/6842/6309 3165/6847/6318
f 3165/6847/6318 3648/6842/6309 3636/6848/6284
f 3649/6837/6310 3648/6842/6309 3661/6838/6311
f 3661/6838/6311 3648/6842/6309 3662/6840/6312
f 3164/6849/6319 3679/6850/6320 3165/6847/6318
f 3165/6847/6318 3679/6850/6320 3678/6851/6321
f 3165/6847/6318 3678/6851/6321 3677/6852/6322
f 3677/6852/6322 3678/6851/6321 3163/6853/6323
f 3677/6852/6322 3163/6853/6323 3676/6854/6324
f 3676/6854/6324 3163/6853/6323 3675/6855/6325
f 3676/6854/6324 3675/6855/6325 3165/6847/6318
f 3165/6847/6318 3675/6855/6325 3674/6856/6326
f 3165/6847/6318 3674/6856/6326 3673/6857/6327
f 3673/6857/6327 3674/6856/6326 3163/6853/6323
f 3673/6857/6327 3163/6853/6323 3344/6839/5633
f 3344/6839/5633 3163/6853/6323 3162/6858/6328
f 3164/6849/6319 3163/6853/6323 3679/6850/6320
f 3679/6850/6320 3163/6853/6323 3678/6851/6321
f 3664/6843/6314 3344/6839/5633 3663/6841/6313
f 3648/6842/6309 3666/6845/6316 3665/6844/6315
f 3667/6846/6317 3668/6859/6329 3344/6839/5633
f 3344/6839/5633 3668/6859/6329 3669/6860/6330
f 3344/6839/5633 3669/6860/6330 3670/6861/6331
f 3670/6861/6331 3669/6860/6330 3165/6847/6318
f 3670/6861/6331 3165/6847/6318 3671/6862/6332
f 3671/6862/6332 3165/6847/6318 3672/6863/6333
f 3671/6862/6332 3672/6863/6333 3344/6839/5633
f 3344/6839/5633 3672/6863/6333 3673/6857/6327
f 3165/6847/6318 3669/6860/6330 3668/6859/6329
f 3668/6859/6329 3667/6846/6317 3165/6847/6318
f 3671/6862/6332 3344/6839/5633 3670/6861/6331
f 3165/6847/6318 3673/6857/6327 3672/6863/6333
f 3675/6855/6325 3163/6853/6323 3674/6856/6326
f 3165/6847/6318 3677/6852/6322 3676/6854/6324
f 3396/6864/6334 3682/6865/6335 3342/6866/5669
f 3342/6866/5669 3682/6865/6335 3683/6867/6336
f 3342/6866/5669 3683/6867/6336 3684/6868/6337
f 3684/6868/6337 3683/6867/6336 3395/6869/6338
f 3684/6868/6337 3395/6869/6338 3612/6870/6257
f 3612/6870/6257 3395/6869/6338 3394/6871/5768
f 3396/6864/6334 3395/6869/6338 3682/6865/6335
f 3682/6865/6335 3395/6869/6338 3683/6867/6336
f 3680/6872/6339 3688/6873/6340 3612/6870/6257
f 3612/6870/6257 3688/6873/6340 3687/6874/6341
f 3612/6870/6257 3687/6874/6341 3686/6875/6342
f 3686/6875/6342 3687/6874/6341 3681/6876/6343
f 3686/6875/6342 3681/6876/6343 3342/6866/5669
f 3342/6866/5669 3681/6876/6343 3343/6877/5670
f 3680/6872/6339 3681/6876/6343 3688/6873/6340
f 3688/6873/6340 3681/6876/6343 3687/6874/6341
f 3686/6875/6342 3342/6866/5669 3685/6878/6344
f 3685/6878/6344 3342/6866/5669 3684/6868/6337
f 3685/6878/6344 3684/6868/6337 3612/6870/6257
f 3612/6870/6257 3686/6875/6342 3685/6878/6344
f 244/6879/6345 3689/6880/6346 245/6881/725
f 245/6881/725 3689/6880/6346 491/6882/726
f 491/6882/726 3689/6880/6346 492/6883/735
f 492/6883/735 3689/6880/6346 3690/6884/6347
f 492/6883/735 3690/6884/6347 493/6885/733
f 493/6885/733 3690/6884/6347 3691/6886/6348
f 493/6885/733 3691/6886/6348 494/6887/734
f 494/6887/734 3691/6886/6348 3692/6888/6349
f 494/6887/734 3692/6888/6349 495/6889/737
f 495/6889/737 3692/6888/6349 3693/6890/6350
f 495/6889/737 3693/6890/6350 496/6891/739
f 496/6891/739 3693/6890/6350 3694/6892/6351
f 496/6891/739 3694/6892/6351 497/6893/752
f 497/6893/752 3694/6892/6351 3695/6894/6352
f 497/6893/752 3695/6894/6352 498/6895/753
f 498/6895/753 3695/6894/6352 3696/6896/6353
f 498/6895/753 3696/6896/6353 499/6897/750
f 499/6897/750 3696/6896/6353 3697/6898/6354
f 499/6897/750 3697/6898/6354 500/6899/751
f 500/6899/751 3697/6898/6354 3698/6900/6355
f 500/6899/751 3698/6900/6355 501/6901/755
f 501/6901/755 3698/6900/6355 3699/6902/6356
f 501/6901/755 3699/6902/6356 502/6903/757
f 502/6903/757 3699/6902/6356 3700/6904/6357
f 502/6903/757 3700/6904/6357 503/6905/770
f 503/6905/770 3700/6904/6357 3701/6906/6358
f 503/6905/770 3701/6906/6358 504/6907/771
f 504/6907/771 3701/6906/6358 3702/6908/6359
f 504/6907/771 3702/6908/6359 505/6909/768
f 505/6909/768 3702/6908/6359 3703/6910/6360
f 505/6909/768 3703/6910/6360 506/6911/769
f 506/6911/769 3703/6910/6360 3704/6912/6361
f 506/6911/769 3704/6912/6361 507/6913/773
f 507/6913/773 3704/6912/6361 3705/6914/6362
f 507/6913/773 3705/6914/6362 508/6915/1062
f 508/6915/1062 3705/6914/6362 3706/6916/6363
f 508/6915/1062 3706/6916/6363 743/6917/1060
f 743/6917/1060 3706/6916/6363 3707/6918/6364
f 743/6917/1060 3707/6918/6364 744/6919/1058
f 744/6919/1058 3707/6918/6364 745/6920/1057
f 745/6920/1057 3707/6918/6364 3708/6921/6365
f 745/6920/1057 3708/6921/6365 746/6922/1055
f 746/6922/1055 3708/6921/6365 747/6923/1053
f 747/6923/1053 3708/6921/6365 3709/6924/6366
f 747/6923/1053 3709/6924/6366 748/6925/1051
f 748/6925/1051 3709/6924/6366 739/6926/1044
f 739/6926/1044 3709/6924/6366 3710/6927/6367
f 739/6926/1044 3710/6927/6367 740/6928/6368
f 740/6928/6368 3710/6927/6367 741/6929/6369
f 741/6929/6369 3710/6927/6367 725/6930/1010
f 725/6930/1010 3710/6927/6367 720/6931/1112
f 720/6931/1112 3710/6927/6367 3711/6932/6370
f 720/6931/1112 3711/6932/6370 3712/6933/6371
f 3712/6933/6371 3713/6934/6372 720/6931/1112
f 720/6931/1112 3713/6934/6372 3315/6935/5618
f 3315/6935/5618 3713/6934/6372 3714/6936/6373
f 3315/6935/5618 3714/6936/6373 3715/6937/6374
f 3715/6937/6374 3716/6938/6375 3315/6935/5618
f 3315/6935/5618 3716/6938/6375 3717/6939/6376
f 3315/6935/5618 3717/6939/6376 3718/6940/6377
f 3718/6940/6377 3719/6941/6378 3315/6935/5618
f 3315/6935/5618 3719/6941/6378 3720/6942/6379
f 3315/6935/5618 3720/6942/6379 3721/6943/6380
f 3721/6943/6380 3722/6944/6381 3315/6935/5618
f 3315/6935/5618 3722/6944/6381 3723/6945/6382
f 3315/6935/5618 3723/6945/6382 3745/6946/6383
f 3745/6946/6383 3723/6945/6382 3724/6947/6384
f 3745/6946/6383 3724/6947/6384 3725/6948/6385
f 3745/6946/6383 3725/6948/6385 3744/6949/6386
f 3744/6949/6386 3725/6948/6385 3726/6950/6387
f 3744/6949/6386 3726/6950/6387 3743/6951/6388
f 3743/6951/6388 3726/6950/6387 3727/6952/6389
f 3743/6951/6388 3727/6952/6389 3742/6953/6390
f 3742/6953/6390 3727/6952/6389 3728/6954/6391
f 3742/6953/6390 3728/6954/6391 3741/6955/6392
f 3741/6955/6392 3728/6954/6391 3729/6956/6393
f 3741/6955/6392 3729/6956/6393 3740/6957/6394
f 3740/6957/6394 3729/6956/6393 3730/6958/6395
f 3740/6957/6394 3730/6958/6395 3739/6959/6396
f 3739/6959/6396 3730/6958/6395 3731/6960/6397
f 3739/6959/6396 3731/6960/6397 3738/6961/6398
f 3738/6961/6398 3731/6960/6397 3732/6962/6399
f 3738/6961/6398 3732/6962/6399 3737/6963/6400
f 3737/6963/6400 3732/6962/6399 3733/6964/6401
f 3737/6963/6400 3733/6964/6401 3736/6965/6402
f 3736/6965/6402 3733/6964/6401 3734/6966/6403
f 3736/6965/6402 3734/6966/6403 3735/6967/6404
f 3735/6967/6404 3734/6966/6403 3059/6968/6405
f 3735/6967/6404 3059/6968/6405 3058/6969/6406
f 3050/6970/6407 3049/6971/6408 3637/6972/6288
f 3637/6972/6288 3049/6971/6408 3746/6973/6409
f 3637/6972/6288 3746/6973/6409 3638/6974/6290
f 3638/6974/6290 3746/6973/6409 3747/6975/6410
f 3638/6974/6290 3747/6975/6410 3639/6976/6292
f 3639/6976/6292 3747/6975/6410 3748/6977/6411
f 3639/6976/6292 3748/6977/6411 3640/6978/6294
f 3640/6978/6294 3748/6977/6411 3749/6979/6412
f 3640/6978/6294 3749/6979/6412 3641/6980/6296
f 3641/6980/6296 3749/6979/6412 3750/6981/6413
f 3641/6980/6296 3750/6981/6413 3642/6982/6298
f 3642/6982/6298 3750/6981/6413 3751/6983/6414
f 3642/6982/6298 3751/6983/6414 3643/6984/6300
f 3643/6984/6300 3751/6983/6414 3752/6985/6415
f 3643/6984/6300 3752/6985/6415 3644/6986/6302
f 3644/6986/6302 3752/6985/6415 3753/6987/6416
f 3644/6986/6302 3753/6987/6416 3645/6988/6304
f 3645/6988/6304 3753/6987/6416 3754/6989/6417
f 3645/6988/6304 3754/6989/6417 3646/6990/6306
f 3646/6990/6306 3754/6989/6417 3755/6991/6418
f 3646/6990/6306 3755/6991/6418 3647/6992/6308
f 3647/6992/6308 3755/6991/6418 3635/6993/6282
f 3647/6992/6308 3635/6993/6282 3636/6994/6284
f 3756/6995/6419 3758/6996/6420 3745/6997/6383
f 3745/6997/6383 3758/6996/6420 3759/6998/6421
f 3745/6997/6383 3759/6998/6421 3760/6999/6422
f 3760/6999/6422 3759/6998/6421 3757/7000/6423
f 3760/6999/6422 3757/7000/6423 3761/7001/6424
f 3761/7001/6424 3757/7000/6423 3360/7002/5709
f 3761/7001/6424 3360/7002/5709 3762/7003/6425
f 3762/7003/6425 3360/7002/5709 3763/7004/6426
f 3762/7003/6425 3763/7004/6426 3745/6997/6383
f 3745/6997/6383 3763/7004/6426 3764/7005/6427
f 3745/6997/6383 3764/7005/6427 3358/7006/6428
f 3358/7006/6428 3764/7005/6427 3765/7007/6429
f 3358/7006/6428 3765/7007/6429 3766/7008/6430
f 3766/7008/6430 3765/7007/6429 3360/7002/5709
f 3766/7008/6430 3360/7002/5709 3767/7009/6431
f 3767/7009/6431 3360/7002/5709 3359/7010/6432
f 3767/7009/6431 3359/7010/6432 3358/7006/6428
f 3756/6995/6419 3757/7000/6423 3758/6996/6420
f 3758/6996/6420 3757/7000/6423 3759/6998/6421
f 3757/7000/6423 3611/7011/6256 3360/7002/5709
f 3358/7006/6428 3315/7012/5618 3745/6997/6383
f 3762/7003/6425 3745/6997/6383 3761/7001/6424
f 3761/7001/6424 3745/6997/6383 3760/6999/6422
f 3764/7005/6427 3763/7004/6426 3360/7002/5709
f 3360/7002/5709 3765/7007/6429 3764/7005/6427
f 3767/7009/6431 3358/7006/6428 3766/7008/6430
f 3215/7013/6433 3770/7014/6434 3129/7015/5309
f 3129/7015/5309 3770/7014/6434 3771/7016/6435
f 3129/7015/5309 3771/7016/6435 3772/7017/6436
f 3772/7017/6436 3771/7016/6435 3214/7018/6437
f 3772/7017/6436 3214/7018/6437 3773/7019/6438
f 3773/7019/6438 3214/7018/6437 3774/7020/6439
f 3773/7019/6438 3774/7020/6439 3129/7015/5309
f 3129/7015/5309 3774/7020/6439 3775/7021/6440
f 3129/7015/5309 3775/7021/6440 3776/7022/6441
f 3776/7022/6441 3775/7021/6440 3214/7018/6437
f 3776/7022/6441 3214/7018/6437 3777/7023/6442
f 3777/7023/6442 3214/7018/6437 3778/7024/6443
f 3777/7023/6442 3778/7024/6443 3129/7015/5309
f 3129/7015/5309 3778/7024/6443 3779/7025/6444
f 3129/7015/5309 3779/7025/6444 3780/7026/6445
f 3780/7026/6445 3779/7025/6444 3635/7027/6446
f 3780/7026/6445 3635/7027/6446 3781/7028/6447
f 3781/7028/6447 3635/7027/6446 3782/7029/6448
f 3781/7028/6447 3782/7029/6448 3129/7015/5309
f 3129/7015/5309 3782/7029/6448 3783/7030/6449
f 3129/7015/5309 3783/7030/6449 3784/7031/6450
f 3784/7031/6450 3783/7030/6449 3635/7027/6446
f 3784/7031/6450 3635/7027/6446 3785/7032/6451
f 3785/7032/6451 3635/7027/6446 3786/7033/6452
f 3785/7032/6451 3786/7033/6452 3129/7015/5309
f 3129/7015/5309 3786/7033/6452 3787/7034/6453
f 3129/7015/5309 3787/7034/6453 3769/7035/6454
f 3769/7035/6454 3787/7034/6453 3788/7036/6455
f 3769/7035/6454 3788/7036/6455 3789/7037/6456
f 3789/7037/6456 3788/7036/6455 3635/7027/6446
f 3789/7037/6456 3635/7027/6446 3790/7038/6457
f 3790/7038/6457 3635/7027/6446 3791/7039/6458
f 3790/7038/6457 3791/7039/6458 3769/7035/6454
f 3769/7035/6454 3791/7039/6458 3792/7040/6459
f 3769/7035/6454 3792/7040/6459 3793/7041/6460
f 3793/7041/6460 3792/7040/6459 3635/7027/6446
f 3793/7041/6460 3635/7027/6446 3794/7042/6461
f 3794/7042/6461 3635/7027/6446 3795/7043/6462
f 3794/7042/6461 3795/7043/6462 3769/7035/6454
f 3769/7035/6454 3795/7043/6462 3796/7044/6463
f 3769/7035/6454 3796/7044/6463 3768/7045/6464
f 3768/7045/6464 3796/7044/6463 3635/7027/6446
f 3635/7027/6446 3796/7044/6463 3795/7043/6462
f 3215/7013/6433 3214/7018/6437 3770/7014/6434
f 3770/7014/6434 3214/7018/6437 3771/7016/6435
f 3213/7046/6283 3635/7027/6446 3214/7018/6437
f 3214/7018/6437 3635/7027/6446 3779/7025/6444
f 3214/7018/6437 3779/7025/6444 3778/7024/6443
f 3769/7035/6454 3600/7047/6465 3129/7015/5309
f 3773/7019/6438 3129/7015/5309 3772/7017/6436
f 3214/7018/6437 3775/7021/6440 3774/7020/6439
f 3777/7023/6442 3129/7015/5309 3776/7022/6441
f 3781/7028/6447 3129/7015/5309 3780/7026/6445
f 3635/7027/6446 3783/7030/6449 3782/7029/6448
f 3785/7032/6451 3129/7015/5309 3784/7031/6450
f 3787/7034/6453 3786/7033/6452 3635/7027/6446
f 3635/7027/6446 3788/7036/6455 3787/7034/6453
f 3790/7038/6457 3769/7035/6454 3789/7037/6456
f 3635/7027/6446 3792/7040/6459 3791/7039/6458
f 3794/7042/6461 3769/7035/6454 3793/7041/6460
f 3048/7048/6466 3047/7049/6467 3800/7050/6468
f 3800/7050/6468 3047/7049/6467 3610/7051/6236
f 3800/7050/6468 3610/7051/6236 3801/7052/6469
f 3801/7052/6469 3610/7051/6236 3609/7053/6234
f 3801/7052/6469 3609/7053/6234 3797/7054/6470
f 3797/7054/6470 3609/7053/6234 3608/7055/6232
f 3797/7054/6470 3608/7055/6232 3803/7056/6471
f 3803/7056/6471 3608/7055/6232 3802/7057/6472
f 3803/7056/6471 3802/7057/6472 3748/7058/6411
f 3748/7058/6411 3802/7057/6472 3749/7059/6412
f 3749/7059/6412 3802/7057/6472 3804/7060/6473
f 3749/7059/6412 3804/7060/6473 3750/7061/6413
f 3750/7061/6413 3804/7060/6473 3805/7062/6474
f 3750/7061/6413 3805/7062/6474 3798/7063/6475
f 3798/7063/6475 3805/7062/6474 3606/7064/6226
f 3798/7063/6475 3606/7064/6226 3605/7065/6225
f 3608/7055/6232 3607/7066/6231 3802/7057/6472
f 3802/7057/6472 3607/7066/6231 3804/7060/6473
f 3607/7066/6231 3606/7064/6226 3804/7060/6473
f 3804/7060/6473 3606/7064/6226 3805/7062/6474
f 3798/7063/6475 3605/7065/6225 3806/7067/6476
f 3806/7067/6476 3605/7065/6225 3604/7068/6230
f 3806/7067/6476 3604/7068/6230 3807/7069/6477
f 3807/7069/6477 3604/7068/6230 3603/7070/6229
f 3807/7069/6477 3603/7070/6229 3808/7071/6478
f 3808/7071/6478 3603/7070/6229 3799/7072/6479
f 3808/7071/6478 3799/7072/6479 3753/7073/6416
f 3753/7073/6416 3799/7072/6479 3754/7074/6417
f 3754/7074/6417 3799/7072/6479 3809/7075/6480
f 3754/7074/6417 3809/7075/6480 3755/7076/6418
f 3755/7076/6418 3809/7075/6480 3810/7077/6481
f 3755/7076/6418 3810/7077/6481 3635/7078/6282
f 3635/7078/6282 3810/7077/6481 3768/7079/6482
f 3768/7079/6482 3810/7077/6481 3769/7080/6483
f 3769/7080/6483 3810/7077/6481 3601/7081/6227
f 3769/7080/6483 3601/7081/6227 3600/7082/6224
f 3603/7070/6229 3602/7083/6228 3799/7072/6479
f 3799/7072/6479 3602/7083/6228 3809/7075/6480
f 3602/7083/6228 3601/7081/6227 3809/7075/6480
f 3809/7075/6480 3601/7081/6227 3810/7077/6481
f 3808/7071/6478 3753/7073/6416 3807/7069/6477
f 3807/7069/6477 3753/7073/6416 3752/7084/6415
f 3807/7069/6477 3752/7084/6415 3806/7067/6476
f 3806/7067/6476 3752/7084/6415 3751/7085/6414
f 3806/7067/6476 3751/7085/6414 3798/7063/6475
f 3798/7063/6475 3751/7085/6414 3750/7061/6413
f 3803/7056/6471 3748/7058/6411 3797/7054/6470
f 3797/7054/6470 3748/7058/6411 3747/7086/6410
f 3797/7054/6470 3747/7086/6410 3801/7052/6469
f 3801/7052/6469 3747/7086/6410 3746/7087/6409
f 3801/7052/6469 3746/7087/6409 3800/7050/6468
f 3800/7050/6468 3746/7087/6409 3049/7088/6408
f 3800/7050/6468 3049/7088/6408 3048/7048/6466
f 3523/7089/6484 3457/7090/6485 3829/7091/6486
f 3829/7091/6486 3457/7090/6485 3473/7092/6487
f 3829/7091/6486 3473/7092/6487 3828/7093/6488
f 3828/7093/6488 3473/7092/6487 3472/7094/6489
f 3828/7093/6488 3472/7094/6489 3830/7095/6490
f 3830/7095/6490 3472/7094/6489 3522/7096/6491
f 3830/7095/6490 3522/7096/6491 3826/7097/6492
f 3826/7097/6492 3522/7096/6491 3521/7098/6493
f 3826/7097/6492 3521/7098/6493 3520/7099/6494
f 3826/7097/6492 3520/7099/6494 3831/7100/6495
f 3831/7100/6495 3520/7099/6494 3519/7101/6496
f 3831/7100/6495 3519/7101/6496 3832/7102/6497
f 3832/7102/6497 3519/7101/6496 3518/7103/6498
f 3832/7102/6497 3518/7103/6498 3827/7104/6499
f 3827/7104/6499 3518/7103/6498 3517/7105/6500
f 3827/7104/6499 3517/7105/6500 3516/7106/6501
f 3827/7104/6499 3516/7106/6501 3833/7107/6502
f 3833/7107/6502 3516/7106/6501 3515/7108/6503
f 3833/7107/6502 3515/7108/6503 3834/7109/6504
f 3834/7109/6504 3515/7108/6503 3514/7110/6505
f 3834/7109/6504 3514/7110/6505 3835/7111/6506
f 3835/7111/6506 3514/7110/6505 3513/7112/6507
f 3835/7111/6506 3513/7112/6507 3811/7113/6508
f 3811/7113/6508 3513/7112/6507 3512/7114/6509
f 3811/7113/6508 3812/7115/6510 3835/7111/6506
f 3835/7111/6506 3812/7115/6510 3813/7116/6511
f 3835/7111/6506 3813/7116/6511 3834/7109/6504
f 3834/7109/6504 3813/7116/6511 3814/7117/6512
f 3834/7109/6504 3814/7117/6512 3833/7107/6502
f 3833/7107/6502 3814/7117/6512 3815/7118/6513
f 3833/7107/6502 3815/7118/6513 3816/7119/6514
f 3833/7107/6502 3816/7119/6514 3827/7104/6499
f 3827/7104/6499 3816/7119/6514 3817/7120/6515
f 3827/7104/6499 3817/7120/6515 3832/7102/6497
f 3832/7102/6497 3817/7120/6515 3831/7100/6495
f 3817/7120/6515 3818/7121/6516 3831/7100/6495
f 3831/7100/6495 3818/7121/6516 3826/7097/6492
f 3818/7121/6516 3819/7122/6517 3826/7097/6492
f 3826/7097/6492 3819/7122/6517 3830/7095/6490
f 3830/7095/6490 3819/7122/6517 3828/7093/6488
f 3828/7093/6488 3819/7122/6517 3820/7123/6518
f 3828/7093/6488 3820/7123/6518 3829/7091/6486
f 3829/7091/6486 3820/7123/6518 3821/7124/6519
f 3829/7091/6486 3821/7124/6519 3836/7125/6520
f 3836/7125/6520 3821/7124/6519 3822/7126/6521
f 3836/7125/6520 3822/7126/6521 3837/7127/6522
f 3837/7127/6522 3822/7126/6521 3823/7128/6523
f 3837/7127/6522 3823/7128/6523 3838/7129/6524
f 3838/7129/6524 3823/7128/6523 3824/7130/6525
f 3838/7129/6524 3824/7130/6525 3839/7131/6526
f 3839/7131/6526 3824/7130/6525 3825/7132/6527
f 3839/7131/6526 3825/7132/6527 1836/7133/3670
f 1836/7133/3670 2307/7134/3669 3839/7131/6526
f 3839/7131/6526 2307/7134/3669 3526/7135/6528
f 3839/7131/6526 3526/7135/6528 3838/7129/6524
f 3838/7129/6524 3526/7135/6528 3525/7136/6529
f 3838/7129/6524 3525/7136/6529 3837/7127/6522
f 3837/7127/6522 3525/7136/6529 3524/7137/6530
f 3837/7127/6522 3524/7137/6530 3836/7125/6520
f 3836/7125/6520 3524/7137/6530 3523/7089/6484
f 3836/7125/6520 3523/7089/6484 3829/7091/6486
f 2982/7138/6531 3509/7139/6532 3845/7140/6533
f 3845/7140/6533 3509/7139/6532 3508/7141/6534
f 3845/7140/6533 3508/7141/6534 3844/7142/6535
f 3844/7142/6535 3508/7141/6534 3507/7143/6536
f 3844/7142/6535 3507/7143/6536 3846/7144/6537
f 3846/7144/6537 3507/7143/6536 3506/7145/6538
f 3846/7144/6537 3506/7145/6538 3847/7146/6539
f 3847/7146/6539 3506/7145/6538 3505/7147/6540
f 3847/7146/6539 3505/7147/6540 3840/7148/6541
f 3840/7148/6541 3505/7147/6540 3504/7149/6542
f 3840/7148/6541 3504/7149/6542 3849/7150/6543
f 3849/7150/6543 3504/7149/6542 3848/7151/6544
f 3849/7150/6543 3848/7151/6544 2988/7152/6545
f 2988/7152/6545 3848/7151/6544 3841/7153/6546
f 2988/7152/6545 3841/7153/6546 2989/7154/6547
f 2989/7154/6547 3841/7153/6546 3850/7155/6548
f 2989/7154/6547 3850/7155/6548 2990/7156/6549
f 2990/7156/6549 3850/7155/6548 3851/7157/6550
f 2990/7156/6549 3851/7157/6550 2991/7158/6551
f 2991/7158/6551 3851/7157/6550 3852/7159/6552
f 2991/7158/6551 3852/7159/6552 2992/7160/6553
f 2992/7160/6553 3852/7159/6552 3853/7161/6554
f 2992/7160/6553 3853/7161/6554 2993/7162/6555
f 2993/7162/6555 3853/7161/6554 3854/7163/6556
f 2993/7162/6555 3854/7163/6556 2994/7164/6557
f 2994/7164/6557 3854/7163/6556 3855/7165/6558
f 2994/7164/6557 3855/7165/6558 2995/7166/6559
f 2995/7166/6559 3855/7165/6558 3856/7167/6560
f 2995/7166/6559 3856/7167/6560 3842/7168/6561
f 3842/7168/6561 3856/7167/6560 3492/7169/6562
f 3842/7168/6561 3492/7169/6562 3491/7170/6563
f 3504/7149/6542 3503/7171/6564 3848/7151/6544
f 3848/7151/6544 3503/7171/6564 3841/7153/6546
f 3503/7171/6564 3502/7172/6565 3841/7153/6546
f 3841/7153/6546 3502/7172/6565 3501/7173/6566
f 3841/7153/6546 3501/7173/6566 3850/7155/6548
f 3850/7155/6548 3501/7173/6566 3500/7174/6567
f 3850/7155/6548 3500/7174/6567 3499/7175/6568
f 3850/7155/6548 3499/7175/6568 3851/7157/6550
f 3851/7157/6550 3499/7175/6568 3498/7176/6569
f 3851/7157/6550 3498/7176/6569 3852/7159/6552
f 3852/7159/6552 3498/7176/6569 3497/7177/6570
f 3852/7159/6552 3497/7177/6570 3496/7178/6571
f 3852/7159/6552 3496/7178/6571 3853/7161/6554
f 3853/7161/6554 3496/7178/6571 3495/7179/6572
f 3853/7161/6554 3495/7179/6572 3854/7163/6556
f 3854/7163/6556 3495/7179/6572 3494/7180/6573
f 3854/7163/6556 3494/7180/6573 3855/7165/6558
f 3855/7165/6558 3494/7180/6573 3493/7181/6574
f 3855/7165/6558 3493/7181/6574 3856/7167/6560
f 3856/7167/6560 3493/7181/6574 3492/7169/6562
f 2326/7182/6575 3843/7183/6576 3491/7170/6563
f 3491/7170/6563 3843/7183/6576 3857/7184/6577
f 3491/7170/6563 3857/7184/6577 3842/7168/6561
f 3842/7168/6561 3857/7184/6577 2996/7185/6578
f 3842/7168/6561 2996/7185/6578 2995/7166/6559
f 2326/7182/6575 2030/7186/6579 3843/7183/6576
f 3843/7183/6576 2030/7186/6579 2997/7187/6580
f 3843/7183/6576 2997/7187/6580 3857/7184/6577
f 3857/7184/6577 2997/7187/6580 2996/7185/6578
f 2988/7152/6545 2987/7188/6581 3849/7150/6543
f 3849/7150/6543 2987/7188/6581 3840/7148/6541
f 2987/7188/6581 2986/7189/6582 3840/7148/6541
f 3840/7148/6541 2986/7189/6582 3847/7146/6539
f 2986/7189/6582 2985/7190/6583 3847/7146/6539
f 3847/7146/6539 2985/7190/6583 3846/7144/6537
f 2985/7190/6583 2984/7191/6584 3846/7144/6537
f 3846/7144/6537 2984/7191/6584 3844/7142/6535
f 2984/7191/6584 2983/7192/6585 3844/7142/6535
f 3844/7142/6535 2983/7192/6585 3845/7140/6533
f 2983/7192/6585 2982/7138/6531 3845/7140/6533
f 2982/7193/6586 3027/7194/6587 3509/7195/6532
f 3509/7195/6532 3027/7194/6587 3510/7196/6588
f 3858/7197/6589 3811/7198/6508 3511/7199/6590
f 3511/7199/6590 3811/7198/6508 3512/7200/6509
f 3053/7201/6258 3634/7202/6260 3054/7203/6591
f 3054/7203/6591 3634/7202/6260 3870/7204/6592
f 3054/7203/6591 3870/7204/6592 3055/7205/6593
f 3055/7205/6593 3870/7204/6592 3869/7206/6594
f 3869/7206/6594 3870/7204/6592 3871/7207/6595
f 3869/7206/6594 3871/7207/6595 3868/7208/6596
f 3868/7208/6596 3871/7207/6595 3872/7209/6597
f 3868/7208/6596 3872/7209/6597 3867/7210/6598
f 3867/7210/6598 3872/7209/6597 3873/7211/6599
f 3867/7210/6598 3873/7211/6599 3866/7212/6600
f 3866/7212/6600 3873/7211/6599 3874/7213/6601
f 3866/7212/6600 3874/7213/6601 3865/7214/6602
f 3865/7214/6602 3874/7213/6601 3875/7215/6603
f 3865/7214/6602 3875/7215/6603 3864/7216/6604
f 3864/7216/6604 3875/7215/6603 3876/7217/6605
f 3864/7216/6604 3876/7217/6605 3863/7218/6606
f 3863/7218/6606 3876/7217/6605 3877/7219/6607
f 3863/7218/6606 3877/7219/6607 3862/7220/6608
f 3862/7220/6608 3877/7219/6607 3878/7221/6609
f 3862/7220/6608 3878/7221/6609 3861/7222/6610
f 3861/7222/6610 3878/7221/6609 3879/7223/6611
f 3861/7222/6610 3879/7223/6611 3860/7224/6612
f 3860/7224/6612 3879/7223/6611 3880/7225/6613
f 3860/7224/6612 3880/7225/6613 3859/7226/6614
f 3859/7226/6614 3880/7225/6613 3680/7227/6339
f 3859/7226/6614 3680/7227/6339 3612/7228/6257
f 3634/7202/6260 3633/7229/6262 3870/7204/6592
f 3870/7204/6592 3633/7229/6262 3871/7207/6595
f 3633/7229/6262 3632/7230/6264 3871/7207/6595
f 3871/7207/6595 3632/7230/6264 3872/7209/6597
f 3632/7230/6264 3631/7231/6266 3872/7209/6597
f 3872/7209/6597 3631/7231/6266 3873/7211/6599
f 3631/7231/6266 3630/7232/6268 3873/7211/6599
f 3873/7211/6599 3630/7232/6268 3874/7213/6601
f 3630/7232/6268 3629/7233/6270 3874/7213/6601
f 3874/7213/6601 3629/7233/6270 3875/7215/6603
f 3629/7233/6270 3628/7234/6272 3875/7215/6603
f 3875/7215/6603 3628/7234/6272 3876/7217/6605
f 3628/7234/6272 3627/7235/6274 3876/7217/6605
f 3876/7217/6605 3627/7235/6274 3877/7219/6607
f 3627/7235/6274 3626/7236/6276 3877/7219/6607
f 3877/7219/6607 3626/7236/6276 3878/7221/6609
f 3626/7236/6276 3625/7237/6278 3878/7221/6609
f 3878/7221/6609 3625/7237/6278 3879/7223/6611
f 3625/7237/6278 3624/7238/6280 3879/7223/6611
f 3879/7223/6611 3624/7238/6280 3880/7225/6613
f 3343/7239/5670 3681/7240/6343 3624/7238/6280
f 3624/7238/6280 3681/7240/6343 3880/7225/6613
f 3681/7240/6343 3680/7227/6339 3880/7225/6613
f 3055/7241/6593 3869/7242/6594 3056/7243/6615
f 3056/7243/6615 3869/7242/6594 3890/7244/6616
f 3890/7244/6616 3869/7242/6594 3868/7245/6596
f 3890/7244/6616 3868/7245/6596 3889/7246/6617
f 3889/7246/6617 3868/7245/6596 3867/7247/6598
f 3889/7246/6617 3867/7247/6598 3888/7248/6618
f 3888/7248/6618 3867/7247/6598 3866/7249/6600
f 3888/7248/6618 3866/7249/6600 3887/7250/6619
f 3887/7250/6619 3866/7249/6600 3865/7251/6602
f 3887/7250/6619 3865/7251/6602 3886/7252/6620
f 3886/7252/6620 3865/7251/6602 3864/7253/6604
f 3886/7252/6620 3864/7253/6604 3885/7254/6621
f 3885/7254/6621 3864/7253/6604 3863/7255/6606
f 3885/7254/6621 3863/7255/6606 3884/7256/6622
f 3884/7256/6622 3863/7255/6606 3862/7257/6608
f 3884/7256/6622 3862/7257/6608 3883/7258/6623
f 3883/7258/6623 3862/7257/6608 3861/7259/6610
f 3883/7258/6623 3861/7259/6610 3882/7260/6624
f 3882/7260/6624 3861/7259/6610 3860/7261/6612
f 3882/7260/6624 3860/7261/6612 3881/7262/6625
f 3881/7262/6625 3860/7261/6612 3859/7263/6614
f 3881/7262/6625 3859/7263/6614 3611/7264/6256
f 3611/7264/6256 3859/7263/6614 3612/7265/6257
f 3057/7266/6626 3056/7267/6615 3895/7268/6627
f 3895/7268/6627 3056/7267/6615 3890/7269/6616
f 3895/7268/6627 3890/7269/6616 3896/7270/6628
f 3896/7270/6628 3890/7269/6616 3889/7271/6617
f 3896/7270/6628 3889/7271/6617 3894/7272/6629
f 3894/7272/6629 3889/7271/6617 3888/7273/6618
f 3894/7272/6629 3888/7273/6618 3897/7274/6630
f 3897/7274/6630 3888/7273/6618 3898/7275/6631
f 3897/7274/6630 3898/7275/6631 3737/7276/6400
f 3737/7276/6400 3898/7275/6631 3738/7277/6398
f 3738/7277/6398 3898/7275/6631 3899/7278/6632
f 3738/7277/6398 3899/7278/6632 3739/7279/6396
f 3739/7279/6396 3899/7278/6632 3892/7280/6633
f 3739/7279/6396 3892/7280/6633 3893/7281/6634
f 3893/7281/6634 3892/7280/6633 3885/7282/6621
f 3893/7281/6634 3885/7282/6621 3900/7283/6635
f 3900/7283/6635 3885/7282/6621 3884/7284/6622
f 3900/7283/6635 3884/7284/6622 3901/7285/6636
f 3901/7285/6636 3884/7284/6622 3883/7286/6623
f 3901/7285/6636 3883/7286/6623 3902/7287/6637
f 3902/7287/6637 3883/7286/6623 3891/7288/6638
f 3902/7287/6637 3891/7288/6638 3742/7289/6390
f 3742/7289/6390 3891/7288/6638 3743/7290/6388
f 3743/7290/6388 3891/7288/6638 3903/7291/6639
f 3743/7290/6388 3903/7291/6639 3744/7292/6386
f 3744/7292/6386 3903/7291/6639 3904/7293/6640
f 3744/7292/6386 3904/7293/6640 3756/7294/6419
f 3756/7294/6419 3904/7293/6640 3757/7295/6423
f 3757/7295/6423 3904/7293/6640 3881/7296/6625
f 3757/7295/6423 3881/7296/6625 3611/7297/6256
f 3888/7273/6618 3887/7298/6619 3898/7275/6631
f 3898/7275/6631 3887/7298/6619 3899/7278/6632
f 3887/7298/6619 3886/7299/6620 3899/7278/6632
f 3899/7278/6632 3886/7299/6620 3892/7280/6633
f 3886/7299/6620 3885/7282/6621 3892/7280/6633
f 3883/7286/6623 3882/7300/6624 3891/7288/6638
f 3891/7288/6638 3882/7300/6624 3903/7291/6639
f 3882/7300/6624 3881/7296/6625 3903/7291/6639
f 3903/7291/6639 3881/7296/6625 3904/7293/6640
f 3756/7294/6419 3745/7301/6383 3744/7292/6386
f 3902/7287/6637 3742/7289/6390 3901/7285/6636
f 3901/7285/6636 3742/7289/6390 3741/7302/6392
f 3901/7285/6636 3741/7302/6392 3900/7283/6635
f 3900/7283/6635 3741/7302/6392 3740/7303/6394
f 3900/7283/6635 3740/7303/6394 3893/7281/6634
f 3893/7281/6634 3740/7303/6394 3739/7279/6396
f 3897/7274/6630 3737/7276/6400 3894/7272/6629
f 3894/7272/6629 3737/7276/6400 3736/7304/6402
f 3894/7272/6629 3736/7304/6402 3896/7270/6628
f 3896/7270/6628 3736/7304/6402 3735/7305/6404
f 3896/7270/6628 3735/7305/6404 3895/7268/6627
f 3895/7268/6627 3735/7305/6404 3058/7306/6641
f 3895/7268/6627 3058/7306/6641 3057/7266/6626
f 296/7307/6642 295/7308/6643 2954/7309/6644
f 2954/7309/6644 295/7308/6643 1472/7310/6645
f 2954/7309/6644 1472/7310/6645 3734/7311/6646
f 3734/7311/6646 1472/7310/6645 3059/7312/6647
f 3059/7312/6647 1472/7310/6645 3088/7313/6648
f 3059/7312/6647 3088/7313/6648 3087/7314/6649
f 3087/7314/6649 3060/7315/6650 3059/7312/6647
f 2954/7309/6644 3734/7311/6646 2955/7316/6651
f 2955/7316/6651 3734/7311/6646 3733/7317/6652
f 2955/7316/6651 3733/7317/6652 2956/7318/6653
f 2956/7318/6653 3733/7317/6652 3732/7319/6654
f 2956/7318/6653 3732/7319/6654 2957/7320/6655
f 2957/7320/6655 3732/7319/6654 3731/7321/6656
f 2957/7320/6655 3731/7321/6656 2920/7322/6657
f 2920/7322/6657 3731/7321/6656 2921/7323/6658
f 2921/7323/6658 3731/7321/6656 2922/7324/6659
f 2922/7324/6659 3731/7321/6656 2919/7325/6660
f 2919/7325/6660 3731/7321/6656 3968/7326/6661
f 3968/7326/6661 3731/7321/6656 3730/7327/6662
f 3968/7326/6661 3730/7327/6662 3967/7328/6663
f 3967/7328/6663 3730/7327/6662 3729/7329/6664
f 3967/7328/6663 3729/7329/6664 3966/7330/6665
f 3966/7330/6665 3729/7329/6664 3965/7331/6666
f 3965/7331/6666 3729/7329/6664 3728/7332/6667
f 3965/7331/6666 3728/7332/6667 3964/7333/6668
f 3964/7333/6668 3728/7332/6667 3727/7334/6669
f 3964/7333/6668 3727/7334/6669 3963/7335/6670
f 3963/7335/6670 3727/7334/6669 3962/7336/6671
f 3962/7336/6671 3727/7334/6669 3726/7337/6672
f 3962/7336/6671 3726/7337/6672 3961/7338/6673
f 3961/7338/6673 3726/7337/6672 3960/7339/6674
f 3960/7339/6674 3726/7337/6672 3725/7340/6675
f 3960/7339/6674 3725/7340/6675 3959/7341/6676
f 3959/7341/6676 3725/7340/6675 3724/7342/6677
f 3959/7341/6676 3724/7342/6677 3958/7343/6678
f 3958/7343/6678 3724/7342/6677 3957/7344/6679
f 3957/7344/6679 3724/7342/6677 3723/7345/6680
f 3957/7344/6679 3723/7345/6680 3956/7346/6681
f 3956/7346/6681 3723/7345/6680 3955/7347/6682
f 3955/7347/6682 3723/7345/6680 3722/7348/6683
f 3955/7347/6682 3722/7348/6683 3954/7349/6684
f 3954/7349/6684 3722/7348/6683 3721/7350/6685
f 3954/7349/6684 3721/7350/6685 3953/7351/6686
f 3953/7351/6686 3721/7350/6685 3952/7352/6687
f 3952/7352/6687 3721/7350/6685 3720/7353/6688
f 3952/7352/6687 3720/7353/6688 3951/7354/6689
f 3951/7354/6689 3720/7353/6688 3719/7355/6690
f 3951/7354/6689 3719/7355/6690 3950/7356/6691
f 3950/7356/6691 3719/7355/6690 3949/7357/6692
f 3949/7357/6692 3719/7355/6690 3718/7358/6693
f 3949/7357/6692 3718/7358/6693 3948/7359/6694
f 3948/7359/6694 3718/7358/6693 3947/7360/6695
f 3947/7360/6695 3718/7358/6693 3717/7361/6696
f 3947/7360/6695 3717/7361/6696 3946/7362/6697
f 3946/7362/6697 3717/7361/6696 3716/7363/6698
f 3946/7362/6697 3716/7363/6698 3945/7364/6699
f 3945/7364/6699 3716/7363/6698 3944/7365/6700
f 3944/7365/6700 3716/7363/6698 3715/7366/6701
f 3944/7365/6700 3715/7366/6701 3943/7367/6702
f 3943/7367/6702 3715/7366/6701 3942/7368/6703
f 3942/7368/6703 3715/7366/6701 3714/7369/6704
f 3942/7368/6703 3714/7369/6704 3941/7370/6705
f 3941/7370/6705 3714/7369/6704 3713/7371/6706
f 3941/7370/6705 3713/7371/6706 3940/7372/6707
f 3940/7373/6707 3713/7374/6706 3939/7375/6708
f 3939/7375/6708 3713/7374/6706 3712/7376/6709
f 3939/7375/6708 3712/7376/6709 3938/7377/6710
f 3938/7377/6710 3712/7376/6709 3711/7378/6711
f 3938/7377/6710 3711/7378/6711 3937/7379/6712
f 3937/7379/6712 3711/7378/6711 3936/7380/6713
f 3936/7380/6713 3711/7378/6711 3710/7381/6714
f 3936/7380/6713 3710/7381/6714 3935/7382/6715
f 3935/7382/6715 3710/7381/6714 3934/7383/6716
f 3934/7383/6716 3710/7381/6714 3709/7384/6717
f 3934/7383/6716 3709/7384/6717 3933/7385/6718
f 3933/7385/6718 3709/7384/6717 3708/7386/6719
f 3933/7385/6718 3708/7386/6719 3932/7387/6720
f 3932/7387/6720 3708/7386/6719 3931/7388/6721
f 3931/7388/6721 3708/7386/6719 3707/7389/6722
f 3931/7388/6721 3707/7389/6722 3930/7390/6723
f 3930/7390/6723 3707/7389/6722 3929/7391/6724
f 3929/7391/6724 3707/7389/6722 3706/7392/6725
f 3929/7391/6724 3706/7392/6725 3928/7393/6726
f 3928/7393/6726 3706/7392/6725 3705/7394/6727
f 3928/7393/6726 3705/7394/6727 3927/7395/6728
f 3927/7395/6728 3705/7394/6727 3926/7396/6729
f 3926/7396/6729 3705/7394/6727 3704/7397/6730
f 3926/7396/6729 3704/7397/6730 3925/7398/6731
f 3925/7398/6731 3704/7397/6730 3703/7399/6732
f 3925/7398/6731 3703/7399/6732 3924/7400/6733
f 3924/7400/6733 3703/7399/6732 3923/7401/6734
f 3923/7401/6734 3703/7399/6732 3702/7402/6735
f 3923/7401/6734 3702/7402/6735 3922/7403/6736
f 3922/7403/6736 3702/7402/6735 3921/7404/6737
f 3921/7404/6737 3702/7402/6735 3701/7405/6738
f 3921/7404/6737 3701/7405/6738 3920/7406/6739
f 3920/7406/6739 3701/7405/6738 3700/7407/6740
f 3920/7406/6739 3700/7407/6740 3919/7408/6741
f 3919/7408/6741 3700/7407/6740 3918/7409/6742
f 3918/7409/6742 3700/7407/6740 3699/7410/6743
f 3918/7409/6742 3699/7410/6743 3917/7411/6744
f 3917/7411/6744 3699/7410/6743 3916/7412/6745
f 3916/7412/6745 3699/7410/6743 3698/7413/6746
f 3916/7412/6745 3698/7413/6746 3915/7414/6747
f 3915/7414/6747 3698/7413/6746 3697/7415/6748
f 3915/7414/6747 3697/7415/6748 3914/7416/6749
f 3914/7416/6749 3697/7415/6748 3913/7417/6750
f 3913/7417/6750 3697/7415/6748 3696/7418/6751
f 3913/7417/6750 3696/7418/6751 3912/7419/6752
f 3912/7419/6752 3696/7418/6751 3695/7420/6753
f 3912/7419/6752 3695/7420/6753 3911/7421/6754
f 3911/7421/6754 3695/7420/6753 3910/7422/6755
f 3910/7422/6755 3695/7420/6753 3694/7423/6756
f 3910/7422/6755 3694/7423/6756 3909/7424/6757
f 3909/7424/6757 3694/7423/6756 3908/7425/6758
f 3908/7425/6758 3694/7423/6756 3693/7426/6759
f 3908/7425/6758 3693/7426/6759 3907/7427/6760
f 3907/7427/6760 3693/7426/6759 3692/7428/6761
f 3907/7427/6760 3692/7428/6761 3906/7429/6762
f 3906/7429/6762 3692/7428/6761 3905/7430/6763
f 3905/7430/6763 3692/7428/6761 3691/7431/6764
f 3905/7430/6763 3691/7431/6764 116/7432/6765
f 116/7432/6765 3691/7431/6764 117/7433/6766
f 117/7433/6766 3691/7431/6764 118/7434/6767
f 118/7434/6767 3691/7431/6764 88/7435/6768
f 88/7435/6768 3691/7431/6764 2951/7436/6769
f 2951/7436/6769 3691/7431/6764 3690/7437/6770
f 2951/7436/6769 3690/7437/6770 2952/7438/6771
f 2952/7438/6771 3690/7437/6770 3689/7439/6772
f 2952/7438/6771 3689/7439/6772 2953/7440/6773
f 2953/7440/6773 3689/7439/6772 243/7441/6774
f 2953/7440/6773 243/7441/6774 2954/7309/6644
f 2954/7309/6644 243/7441/6774 297/7442/6775
f 2954/7309/6644 297/7442/6775 296/7307/6642
f 3689/7439/6772 244/7443/6776 243/7441/6774
f 2919/7444/6777 3968/7445/6778 2888/7446/6779
f 2888/7446/6779 3968/7445/6778 2843/7447/6780
f 2843/7447/6780 3968/7445/6778 3974/7448/6781
f 3974/7448/6781 3968/7445/6778 3967/7449/6782
f 3974/7448/6781 3967/7449/6782 3973/7450/6783
f 3973/7450/6783 3967/7449/6782 3966/7451/6784
f 3973/7450/6783 3966/7451/6784 3965/7452/6785
f 3973/7450/6783 3965/7452/6785 3972/7453/6786
f 3972/7453/6786 3965/7452/6785 3964/7454/6787
f 3972/7453/6786 3964/7454/6787 3971/7455/6788
f 3971/7455/6788 3964/7454/6787 3963/7456/6789
f 3971/7455/6788 3963/7456/6789 3962/7457/6790
f 3971/7455/6788 3962/7457/6790 3970/7458/6791
f 3970/7458/6791 3962/7457/6790 3961/7459/6792
f 3970/7458/6791 3961/7459/6792 3969/7460/6793
f 3969/7460/6793 3961/7459/6792 3960/7461/6794
f 3969/7460/6793 3960/7461/6794 3959/7462/6795
f 3969/7460/6793 3959/7462/6795 3858/7463/6796
f 3858/7463/6796 3959/7462/6795 3958/7464/6797
f 3858/7463/6796 3958/7464/6797 3957/7465/6798
f 3858/7463/6796 3957/7465/6798 3811/7466/6799
f 3811/7466/6799 3957/7465/6798 3956/7467/6800
f 3811/7466/6799 3956/7467/6800 3955/7468/6801
f 3955/7468/6801 3954/7469/6802 3811/7466/6799
f 3811/7466/6799 3954/7469/6802 3953/7470/6803
f 3811/7466/6799 3953/7470/6803 3952/7471/6804
f 3952/7471/6804 3951/7472/6805 3811/7466/6799
f 3811/7466/6799 3951/7472/6805 3950/7473/6806
f 3811/7466/6799 3950/7473/6806 3949/7474/6807
f 3949/7474/6807 3948/7475/6808 3811/7466/6799
f 3811/7466/6799 3948/7475/6808 3947/7476/6809
f 3811/7466/6799 3947/7476/6809 3946/7477/6810
f 3946/7477/6810 3945/7478/6811 3811/7466/6799
f 3811/7466/6799 3945/7478/6811 3944/7479/6812
f 3811/7466/6799 3944/7479/6812 940/7480/1343
f 940/7480/1343 3944/7479/6812 3943/7481/6813
f 940/7480/1343 3943/7481/6813 3942/7482/6814
f 3942/7482/6814 3941/7483/6815 940/7480/1343
f 940/7480/1343 3941/7483/6815 3940/7484/6816
f 940/7480/1343 3940/7484/6816 3939/7485/6817
f 3939/7485/6817 3938/7486/6818 940/7480/1343
f 940/7480/1343 3938/7486/6818 793/7487/1342
f 793/7487/1342 3938/7486/6818 3937/7488/6819
f 793/7487/1342 3937/7488/6819 3936/7489/6820
f 3936/7489/6820 3935/7490/6821 793/7487/1342
f 793/7487/1342 3935/7490/6821 794/7491/6822
f 794/7491/6822 3935/7490/6821 923/7492/6823
f 923/7492/6823 3935/7490/6821 924/7493/6824
f 924/7493/6824 3935/7490/6821 3934/7494/6825
f 924/7493/6824 3934/7494/6825 925/7495/6826
f 925/7495/6826 3934/7494/6825 908/7496/6827
f 908/7496/6827 3934/7494/6825 909/7497/6828
f 909/7497/6828 3934/7494/6825 3933/7498/6829
f 909/7497/6828 3933/7498/6829 910/7499/6830
f 910/7499/6830 3933/7498/6829 3932/7500/6831
f 910/7499/6830 3932/7500/6831 911/7501/6832
f 911/7501/6832 3932/7500/6831 3931/7502/6833
f 911/7501/6832 3931/7502/6833 912/7503/6834
f 912/7503/6834 3931/7502/6833 3930/7504/6835
f 912/7503/6834 3930/7504/6835 913/7505/6836
f 913/7505/6836 3930/7504/6835 3929/7506/6837
f 913/7505/6836 3929/7506/6837 914/7507/6838
f 914/7507/6838 3929/7506/6837 915/7508/6839
f 915/7508/6839 3929/7506/6837 3928/7509/6840
f 915/7508/6839 3928/7509/6840 158/7510/6841
f 158/7510/6841 3928/7509/6840 3927/7511/6842
f 158/7510/6841 3927/7511/6842 159/7512/6843
f 159/7512/6843 3927/7511/6842 3926/7513/6844
f 159/7512/6843 3926/7513/6844 160/7514/6845
f 160/7514/6845 3926/7513/6844 3925/7515/6846
f 160/7514/6845 3925/7515/6846 3924/7516/6847
f 160/7514/6845 3924/7516/6847 161/7517/6848
f 161/7517/6848 3924/7516/6847 3923/7518/6849
f 161/7517/6848 3923/7518/6849 162/7519/6850
f 162/7519/6850 3923/7518/6849 3922/7520/6851
f 162/7519/6850 3922/7520/6851 3921/7521/6852
f 162/7519/6850 3921/7521/6852 163/7522/6853
f 163/7522/6853 3921/7521/6852 3920/7523/6854
f 163/7522/6853 3920/7523/6854 164/7524/6855
f 164/7524/6855 3920/7523/6854 3919/7525/6856
f 164/7524/6855 3919/7525/6856 3918/7526/6857
f 164/7524/6855 3918/7526/6857 165/7527/6858
f 165/7527/6858 3918/7526/6857 3917/7528/6859
f 165/7527/6858 3917/7528/6859 3916/7529/6860
f 165/7527/6858 3916/7529/6860 166/7530/6861
f 166/7530/6861 3916/7529/6860 3915/7531/6862
f 166/7530/6861 3915/7531/6862 167/7532/6863
f 167/7532/6863 3915/7531/6862 3914/7533/6864
f 167/7532/6863 3914/7533/6864 3913/7534/6865
f 167/7532/6863 3913/7534/6865 168/7535/6866
f 168/7535/6866 3913/7534/6865 3912/7536/6867
f 168/7535/6866 3912/7536/6867 169/7537/6868
f 169/7537/6868 3912/7536/6867 3911/7538/6869
f 169/7537/6868 3911/7538/6869 3910/7539/6870
f 169/7537/6868 3910/7539/6870 170/7540/6871
f 170/7540/6871 3910/7539/6870 3909/7541/6872
f 170/7540/6871 3909/7541/6872 171/7542/6873
f 171/7542/6873 3909/7541/6872 3908/7543/6874
f 171/7542/6873 3908/7543/6874 3907/7544/6875
f 171/7542/6873 3907/7544/6875 172/7545/6876
f 172/7545/6876 3907/7544/6875 3906/7546/6877
f 172/7545/6876 3906/7546/6877 139/7547/6878
f 139/7547/6878 3906/7546/6877 137/7548/6879
f 137/7548/6879 3906/7546/6877 3905/7549/6880
f 137/7548/6879 3905/7549/6880 116/7550/6881
f 2844/7551/6882 2843/7552/6883 3981/7553/6884
f 3981/7553/6884 2843/7552/6883 3974/7554/6885
f 3981/7553/6884 3974/7554/6885 3980/7555/6886
f 3980/7555/6886 3974/7554/6885 3973/7556/6887
f 3980/7555/6886 3973/7556/6887 3979/7557/6888
f 3979/7557/6888 3973/7556/6887 3972/7558/6889
f 3979/7557/6888 3972/7558/6889 3978/7559/6890
f 3978/7559/6890 3972/7558/6889 3971/7560/6891
f 3978/7559/6890 3971/7560/6891 3977/7561/6892
f 3977/7561/6892 3971/7560/6891 3970/7562/6893
f 3977/7561/6892 3970/7562/6893 3976/7563/6894
f 3976/7563/6894 3970/7562/6893 3969/7564/6895
f 3976/7563/6894 3969/7564/6895 3975/7565/6896
f 3975/7565/6896 3969/7564/6895 3858/7566/6589
f 3975/7565/6896 3858/7566/6589 3511/7567/6590
f 2845/7568/6897 2844/7569/6898 3988/7570/6899
f 3988/7570/6899 2844/7569/6898 3981/7571/6900
f 3988/7570/6899 3981/7571/6900 3987/7572/6901
f 3987/7572/6901 3981/7571/6900 3980/7573/6902
f 3987/7572/6901 3980/7573/6902 3986/7574/6903
f 3986/7574/6903 3980/7573/6902 3979/7575/6904
f 3986/7574/6903 3979/7575/6904 3985/7576/6905
f 3985/7576/6905 3979/7575/6904 3978/7577/6906
f 3985/7576/6905 3978/7577/6906 3984/7578/6907
f 3984/7578/6907 3978/7577/6906 3977/7579/6908
f 3984/7578/6907 3977/7579/6908 3983/7580/6909
f 3983/7580/6909 3977/7579/6908 3976/7581/6910
f 3983/7580/6909 3976/7581/6910 3982/7582/6911
f 3982/7582/6911 3976/7581/6910 3975/7583/6912
f 3982/7582/6911 3975/7583/6912 3510/7584/5949
f 3510/7584/5949 3975/7583/6912 3511/7585/6037
f 2845/7586/6913 3988/7587/6914 2846/7588/6915
f 2846/7588/6915 3988/7587/6914 3021/7589/6916
f 3021/7589/6916 3988/7587/6914 3987/7590/6917
f 3021/7589/6916 3987/7590/6917 3022/7591/6918
f 3022/7591/6918 3987/7590/6917 3986/7592/6919
f 3022/7591/6918 3986/7592/6919 3023/7593/6920
f 3023/7593/6920 3986/7592/6919 3985/7594/6921
f 3023/7593/6920 3985/7594/6921 3024/7595/6922
f 3024/7595/6922 3985/7594/6921 3984/7596/6923
f 3024/7595/6922 3984/7596/6923 3025/7597/6924
f 3025/7597/6924 3984/7596/6923 3983/7598/6925
f 3025/7597/6924 3983/7598/6925 3026/7599/6926
f 3026/7599/6926 3983/7598/6925 3982/7600/6927
f 3026/7599/6926 3982/7600/6927 3027/7601/6587
f 3027/7601/6587 3982/7600/6927 3510/7602/6588
f 1479/7603/6928 3817/7604/6929 935/7605/6930
f 935/7605/6930 3817/7604/6929 3816/7606/6931
f 935/7605/6930 3816/7606/6931 1418/7607/6932
f 1418/7607/6932 3816/7606/6931 3815/7608/6933
f 1418/7607/6932 3815/7608/6933 1419/7609/6934
f 1419/7609/6934 3815/7608/6933 3814/7610/6935
f 1419/7609/6934 3814/7610/6935 1420/7611/6936
f 1420/7611/6936 3814/7610/6935 3813/7612/6937
f 1420/7611/6936 3813/7612/6937 3812/7613/6938
f 3817/7604/6929 1479/7603/6928 3818/7614/6939
f 3818/7614/6939 1479/7603/6928 1478/7615/6940
f 3818/7614/6939 1478/7615/6940 3819/7616/6941
f 3819/7616/6941 1478/7615/6940 1477/7617/6942
f 3819/7616/6941 1477/7617/6942 3820/7618/6943
f 3820/7618/6943 1477/7617/6942 3821/7619/6944
f 3821/7619/6944 1477/7617/6942 1476/7620/6945
f 3821/7619/6944 1476/7620/6945 3822/7621/6946
f 3822/7621/6946 1476/7620/6945 1475/7622/6947
f 3822/7621/6946 1475/7622/6947 3823/7623/6948
f 3823/7623/6948 1475/7622/6947 1474/7624/6949
f 3823/7623/6948 1474/7624/6949 3824/7625/6950
f 3824/7625/6950 1474/7624/6949 1473/7626/6951
f 3824/7625/6950 1473/7626/6951 3825/7627/6952
f 3825/7627/6952 1473/7626/6951 1747/7628/3509
f 3825/7627/6952 1747/7628/3509 1799/7629/2807
f 1473/7626/6951 927/7630/1313 1747/7628/3509
f 1799/7629/2807 1836/7631/2809 3825/7627/6952
f 1420/7611/6936 3812/7613/6938 1421/7632/6953
f 1421/7632/6953 3812/7613/6938 3811/7633/6799
f 1421/7632/6953 3811/7633/6799 940/7634/1343
# 3988 vertices
# 7634 texture params
# 6953 normals
# 7998 facets

# 1 groups
