# Blender 5.1.2
# www.blender.org
mtllib L2.mtl
o L2
v 93.599998 78.200035 470.408295
v 85.238594 78.198952 469.970398
v 81.695503 78.198303 469.396606
v 78.410637 78.199051 468.569611
v 74.886147 78.198914 467.292999
v 71.739441 78.198463 465.725342
v 68.084396 78.200035 463.174469
v 65.018044 78.198433 460.311615
v 62.637009 78.196930 457.332581
v 60.679382 78.198738 454.099091
v 58.495476 78.198204 448.993927
v 57.509342 78.198364 445.617554
v 56.689491 78.200027 441.211823
v 56.100693 78.200058 434.874146
v 56.097660 78.199936 80.162621
v 56.692139 78.200005 73.271027
v 58.220730 78.199341 66.323624
v 59.437759 78.198135 63.019585
v 60.899529 78.198509 59.988575
v 62.652294 78.198311 57.150646
v 64.683159 78.198463 54.559097
v 66.994995 78.198517 52.221416
v 69.904030 78.199997 49.963646
v 73.393555 78.199997 47.921013
v 75.469345 78.199196 46.956112
v 78.731812 78.197708 45.821957
v 81.336258 78.199257 45.182224
v 85.308846 78.199203 44.524998
v 90.102226 78.199638 44.154278
v 93.599998 78.199997 44.092171
v 93.599998 78.199997 50.084805
v 88.006310 78.200005 50.953041
v 82.634193 78.200005 52.737309
v 77.632568 78.200005 55.388149
v 73.140076 78.200005 58.832081
v 69.281227 78.200005 62.973644
v 66.163002 78.200005 67.698036
v 63.871834 78.200005 72.874306
v 62.471226 78.200005 78.358971
v 62.000000 78.200005 83.999992
v 62.000000 78.200027 430.500000
v 62.471226 78.200027 436.141022
v 63.871834 78.200027 441.625671
v 66.163002 78.200027 446.801941
v 69.281227 78.200027 451.526337
v 73.140076 78.200035 455.667908
v 77.632568 78.200035 459.111847
v 82.634193 78.200035 461.762695
v 88.006310 78.200035 463.546936
v 93.599998 78.200035 464.415192
v 93.599998 78.599998 44.081818
v 93.599998 78.599998 50.084805
v 93.599998 78.600037 470.418701
v 93.599998 78.600037 464.415192
v 62.000000 78.600029 430.500000
v 62.471226 78.600029 436.141022
v 63.871834 78.600029 441.625671
v 66.163002 78.600029 446.801941
v 69.281227 78.600029 451.526337
v 73.140076 78.600037 455.667908
v 77.632568 78.600037 459.111847
v 82.634193 78.600037 461.762695
v 88.006310 78.600037 463.546936
v 62.000000 78.600006 83.999992
v 88.006310 78.600006 50.953041
v 82.634193 78.600006 52.737309
v 77.632568 78.600006 55.388149
v 73.140076 78.600006 58.832081
v 69.281227 78.600006 62.973644
v 66.163002 78.600006 67.698036
v 63.871834 78.600006 72.874306
v 62.471226 78.600006 78.358971
v 56.082375 78.600021 432.585114
v 56.306328 78.600204 438.225739
v 57.039234 78.600029 443.390106
v 57.921543 78.600029 447.124115
v 59.223553 78.600029 450.921753
v 60.980476 78.600029 454.621216
v 63.180817 78.600037 458.051971
v 65.844360 78.600037 461.161224
v 68.715347 78.600037 463.691742
v 71.569389 78.600037 465.609100
v 74.943611 78.600517 467.330536
v 78.605446 78.600784 468.637604
v 82.060440 78.600037 469.459595
v 87.660622 78.600037 470.199341
v 84.331779 78.598930 44.613689
v 78.584633 78.599998 45.886478
v 74.792389 78.599998 47.256996
v 71.228897 78.599998 49.097603
v 67.991943 78.600006 51.385078
v 65.102531 78.600006 54.118122
v 62.577583 78.600006 57.287674
v 60.441319 78.600006 60.889580
v 58.695415 78.600006 64.964523
v 57.441849 78.600006 69.218994
v 56.669376 78.600006 73.351418
v 56.116566 78.600250 79.121872
v 56.087978 79.800415 435.410156
v 57.004070 79.800034 443.361908
v 57.789249 79.800034 446.762543
v 58.875408 79.800034 450.116760
v 60.400917 79.800034 453.596191
v 62.465801 79.800041 457.099762
v 65.089363 79.800041 460.413757
v 67.997772 79.800041 463.161682
v 71.115921 79.800041 465.369446
v 74.549545 79.800041 467.169128
v 78.703392 79.800041 468.679413
v 83.707268 79.800041 469.778717
v 89.033600 79.800041 470.318878
v 94.530663 79.800041 470.453064
v 94.530907 69.217529 470.120148
v 86.661041 68.926918 469.720825
v 82.714355 67.728638 469.049377
v 78.904167 69.403488 468.222015
v 76.336723 70.649918 467.422485
v 68.486542 69.976898 462.828033
v 64.806618 69.851021 459.235443
v 61.203987 69.814011 454.012177
v 59.766850 72.851028 451.568390
v 58.982178 69.883362 449.023895
v 57.243103 69.566376 442.358887
v 56.597206 72.594345 438.840149
v 91.457848 75.200218 470.284973
v 69.587982 75.227249 464.156372
v 67.073654 75.228386 462.137421
v 56.063854 79.800018 80.313553
v 78.699997 69.500031 373.493317
v 78.699989 69.500031 391.755951
v 78.700043 67.699699 391.756287
v 78.699997 67.700027 373.493317
v 78.300003 69.500031 391.883362
v 78.299614 67.704201 391.888672
v 78.300003 69.500031 373.493317
v 78.300003 67.700027 373.493317
v 76.942596 67.700027 373.064087
v 75.935921 67.700027 372.057404
v 75.506676 67.700027 370.700012
v 59.371597 67.700027 370.700012
v 59.276146 67.688286 408.991699
v 60.777748 67.683609 406.292786
v 64.038651 67.682297 401.589478
v 68.520729 67.685036 397.210236
v 73.242760 67.685204 394.217255
v 76.942596 69.500031 373.064087
v 75.935921 69.500031 372.057404
v 75.506676 69.500031 370.700012
v 58.697296 67.779015 370.300018
v 58.096836 67.961807 370.299927
v 57.232906 68.583824 370.299896
v 56.599148 69.500031 370.299988
v 75.506676 69.500031 370.299988
v 75.506676 67.700027 370.299988
v 56.597958 69.499176 370.700043
v 57.132690 68.688553 370.700195
v 58.075294 67.968040 370.700195
v 58.738789 67.742668 257.449982
v 57.989658 68.037651 257.450043
v 57.204075 68.603615 257.450165
v 56.598625 69.493980 257.450104
v 56.596367 69.496155 257.049896
v 57.216679 68.593956 257.049805
v 58.102150 67.958221 257.049896
v 58.693138 67.779099 257.050049
v 59.371597 67.700005 144.199997
v 58.255169 67.900955 144.200165
v 57.282806 68.525131 144.200027
v 56.598728 69.493515 144.200043
v 56.599388 69.498512 143.800003
v 57.132687 68.688538 143.799866
v 58.075294 67.968018 143.799866
v 59.371597 67.700005 143.800003
v 59.423084 67.697983 106.270714
v 58.081768 67.986801 105.839745
v 57.169086 68.650589 105.981895
v 56.338329 70.506195 106.000832
v 56.349979 70.386383 408.518707
v 57.229290 68.579758 408.584656
v 57.935154 68.052681 408.670929
v 56.606297 69.484558 341.269775
v 75.935921 67.700027 368.942596
v 76.942596 67.700027 367.935913
v 78.300003 67.700027 367.506683
v 78.300003 67.700020 260.243317
v 76.942596 67.700020 259.814087
v 75.935921 67.700020 258.807404
v 75.506676 67.700020 257.450012
v 75.935921 69.500031 368.942596
v 76.942596 69.500031 367.935913
v 78.300003 69.500031 367.506683
v 78.300003 69.500023 260.243317
v 78.699997 69.500023 260.243317
v 78.699997 69.500031 367.506683
v 78.699997 67.700027 367.506683
v 78.699997 67.700020 260.243317
v 80.057404 67.700027 373.064087
v 81.064079 67.700027 372.057404
v 81.493324 67.700027 370.700012
v 81.493324 69.500031 370.700012
v 81.064079 69.500031 372.057404
v 80.057404 69.500031 373.064087
v 85.348694 67.700394 390.229309
v 94.150002 67.700027 389.722839
v 94.150002 67.700027 370.700012
v 76.942596 69.500023 259.814087
v 75.935921 69.500023 258.807404
v 75.506676 69.500023 257.450012
v 75.506676 69.500023 257.049988
v 75.506676 67.700020 257.049988
v 80.057404 67.700020 259.814087
v 81.064079 67.700020 258.807404
v 81.493324 67.700020 257.450012
v 81.493324 69.500023 257.450012
v 81.064079 69.500023 258.807404
v 80.057404 69.500023 259.814087
v 80.057404 67.700027 367.935913
v 81.064079 67.700027 368.942596
v 81.493324 67.700027 370.299988
v 94.150002 67.700027 370.299988
v 94.150002 67.700020 257.450012
v 94.150002 69.500023 257.450012
v 81.493324 69.500023 257.049988
v 94.150002 69.500023 257.049988
v 94.150002 67.700020 257.049988
v 81.493324 67.700020 257.049988
v 94.150002 69.500008 144.199997
v 94.150002 67.700005 144.199997
v 81.493324 69.500008 144.199997
v 81.493324 67.700005 144.199997
v 81.493324 69.500008 143.800003
v 94.150002 69.500008 143.800003
v 94.150002 67.700005 143.800003
v 81.493324 67.700005 143.800003
v 94.150002 69.500008 124.777138
v 94.150002 67.700005 124.777138
v 95.099998 69.500008 124.783844
v 95.099998 67.700005 124.783844
v 95.099998 69.500031 389.716156
v 94.150002 69.500031 389.722839
v 95.099998 67.700027 389.716156
v 94.150002 69.500031 370.700012
v 81.493324 69.500031 370.299988
v 94.150002 69.500031 370.299988
v 81.064079 67.700020 255.692596
v 80.057404 67.700020 254.685928
v 78.699997 67.700020 254.256668
v 78.699997 69.500023 254.256668
v 80.057404 69.500023 254.685928
v 81.064079 69.500023 255.692596
v 81.064079 67.700005 145.557404
v 80.057404 67.700005 146.564072
v 78.699997 67.700005 146.993332
v 85.683014 67.700455 124.316154
v 78.700195 67.698868 122.745010
v 78.699997 67.700005 141.006668
v 80.057404 67.700005 141.435928
v 81.064079 67.700005 142.442596
v 81.064079 69.500008 145.557404
v 80.057404 69.500008 146.564072
v 78.699997 69.500008 146.993332
v 78.300003 69.500023 254.256668
v 78.300003 69.500008 146.993332
v 78.300003 67.700005 146.993332
v 78.300003 67.700020 254.256668
v 76.942596 69.500008 146.564072
v 75.935921 69.500008 145.557404
v 75.506676 69.500008 144.199997
v 75.506676 67.700005 144.199997
v 75.935921 67.700005 145.557404
v 76.942596 67.700005 146.564072
v 78.699997 69.500008 141.006668
v 80.057404 69.500008 141.435928
v 81.064079 69.500008 142.442596
v 75.506676 69.500008 143.800003
v 75.506676 67.700005 143.800003
v 75.935921 67.700005 142.442596
v 76.942596 67.700005 141.435928
v 78.300003 67.700005 141.006668
v 78.300018 67.700035 122.617287
v 71.489433 67.700226 119.721725
v 64.716042 67.700081 114.094604
v 75.935921 69.500008 142.442596
v 76.942596 69.500008 141.435928
v 78.300003 69.500008 141.006668
v 78.300011 69.500008 122.617126
v 78.699997 69.500008 122.743568
v 75.935921 67.700020 255.692596
v 76.942596 67.700020 254.685928
v 94.530663 80.599991 471.292908
v 95.800011 80.599960 471.292389
v 95.800011 80.599960 43.106392
v 95.099998 80.599991 43.107121
v 95.099998 69.427689 43.448566
v 95.800011 68.357605 43.495178
v 95.800011 69.404167 470.950500
v 94.530663 68.338028 470.903961
v 55.097080 69.174606 100.283035
v 55.190174 67.133224 89.849663
v 55.209625 66.330894 82.962639
v 55.341320 66.440208 89.325020
v 56.013653 66.461792 95.283913
v 56.902500 66.399986 99.227684
v 58.081566 66.400009 102.957695
v 56.596607 66.795937 102.959923
v 55.552559 67.779190 102.693550
v 57.018280 66.572525 101.826767
v 55.294098 67.913109 97.740990
v 55.458424 67.529526 97.620285
v 55.820126 67.068901 98.201080
v 95.800232 37.308910 468.185394
v 95.800011 36.895741 467.619171
v 95.800011 42.774349 468.732208
v 95.800011 54.844936 470.088898
v 95.800003 80.600037 471.773193
v 95.800026 67.587601 471.359436
v 95.800537 48.180019 469.943512
v 95.099998 55.023045 44.296944
v 95.099998 45.432747 45.315083
v 95.099998 40.182034 46.118591
v 95.800003 40.182034 46.118591
v 95.800003 45.432747 45.315083
v 95.800011 53.833332 44.398174
v 78.500000 67.500023 259.250000
v 77.500000 67.500023 258.982056
v 76.767952 67.500023 258.250000
v 76.500000 67.500023 257.250000
v 76.767952 67.500023 256.250000
v 77.500000 67.500023 255.517944
v 78.500000 67.500023 255.250000
v 79.500000 67.500023 255.517944
v 80.232048 67.500023 256.250000
v 80.500000 67.500023 257.250000
v 80.232048 67.500023 258.250000
v 79.500000 67.500023 258.982056
v 78.152962 67.500023 258.325104
v 79.050003 67.500023 258.202637
v 79.575089 67.500023 257.596985
v 79.338058 67.500023 256.492462
v 78.500000 67.500023 256.149994
v 77.742462 67.500023 256.411926
v 77.395447 67.500023 257.487000
v 94.530663 41.847427 468.585785
v 94.530800 36.892464 467.613190
v 57.916027 66.427490 411.877136
v 56.860340 66.666702 409.939484
v 55.527149 67.828255 411.542297
v 55.090195 69.249336 412.066132
v 56.964844 66.621460 133.814484
v 55.349636 68.164734 133.817047
v 56.006454 67.236076 133.815140
v 55.349636 68.164764 380.682892
v 56.006458 67.236099 380.683533
v 94.530663 80.600037 471.075958
v 87.110344 80.600037 470.807861
v 83.160530 80.600037 470.319366
v 77.711082 80.600037 469.056610
v 73.919617 80.600037 467.563812
v 71.088524 80.600037 466.074036
v 68.216728 80.600037 464.118378
v 64.146454 80.600037 460.282898
v 60.870441 80.600037 455.735840
v 59.405491 80.600029 452.964020
v 58.198021 80.600029 450.071533
v 56.494038 80.600029 443.999054
v 55.877037 80.600029 440.186218
v 55.461189 80.600029 435.063141
v 55.439396 80.600006 80.849098
v 55.665207 80.600006 76.424965
v 56.203819 80.600006 72.062424
v 57.229900 80.600006 67.433487
v 58.262684 80.600006 64.255302
v 59.564125 80.600006 61.203396
v 61.148426 80.600006 58.302197
v 63.029781 80.600006 55.576141
v 66.097923 80.600006 52.145645
v 70.681831 80.599998 48.635284
v 74.560226 80.599998 46.652748
v 77.380424 80.599998 45.581558
v 82.729324 80.599998 44.254032
v 89.137085 80.599998 43.551479
v 95.099998 80.599998 43.422951
v 95.800003 80.599998 42.726784
v 89.491898 80.599998 42.835205
v 82.602898 80.599998 43.570427
v 77.163521 80.599998 44.920364
v 72.639969 80.599960 46.737839
v 67.631767 80.600052 49.918140
v 63.520985 80.600037 53.813446
v 60.554588 80.600006 57.936718
v 58.283291 80.600006 62.229355
v 56.558334 80.600006 67.242844
v 55.518791 80.600006 71.941170
v 54.780678 80.600037 78.611870
v 54.758022 80.600021 435.003937
v 55.052998 80.598793 439.566956
v 55.814117 80.600029 444.146790
v 57.545769 80.600029 450.321838
v 59.725708 80.600258 455.227539
v 63.623734 80.600037 460.746185
v 66.707916 80.600021 463.849884
v 72.050629 80.600029 467.465851
v 77.913712 80.600128 469.852448
v 83.429588 80.600037 471.067444
v 89.007797 80.600166 471.656555
v 55.492363 79.800011 78.478630
v 54.945316 73.255318 80.918488
v 55.208389 66.993858 424.490723
v 55.209785 66.340958 431.282440
v 54.966759 72.890747 433.718719
v 94.530663 79.800041 471.075958
v 87.110344 79.800041 470.807861
v 83.160530 79.800041 470.319366
v 78.153564 79.800041 469.193359
v 73.919617 79.800041 467.563812
v 71.088524 79.800041 466.074036
v 68.216728 79.800041 464.118378
v 64.146454 79.800041 460.282898
v 60.870441 79.800041 455.735840
v 59.405491 79.800034 452.964020
v 58.198021 79.800034 450.071533
v 56.494038 79.800034 443.999054
v 55.877037 79.800034 440.186218
v 55.457081 79.800034 435.203583
v 94.530663 53.641258 469.985504
v 78.500000 67.500008 146.000000
v 77.500000 67.500008 145.732056
v 76.767952 67.500008 145.000000
v 76.500000 67.500008 144.000000
v 76.767952 67.500008 143.000000
v 77.500000 67.500008 142.267944
v 78.500000 67.500008 142.000000
v 79.500000 67.500008 142.267944
v 80.232048 67.500008 143.000000
v 80.500000 67.500008 144.000000
v 80.232048 67.500008 145.000000
v 79.500000 67.500008 145.732056
v 78.500000 67.500008 145.100006
v 79.050003 67.500008 144.952621
v 79.575081 67.500008 144.347031
v 79.338081 67.500008 143.242477
v 78.500000 67.500008 142.899994
v 77.742447 67.500008 143.161957
v 77.400002 67.500008 144.000000
v 77.661926 67.500008 144.757538
v 78.262955 69.500023 258.354584
v 79.050003 69.500023 258.202637
v 79.604561 69.500023 257.487000
v 79.257538 69.500023 256.411926
v 78.500000 69.500023 256.149994
v 77.661942 69.500023 256.492462
v 77.424919 69.500023 257.597015
v 78.263000 69.500008 145.104568
v 79.050003 69.500008 144.952621
v 79.452629 69.500008 144.550003
v 79.599998 69.500008 144.000000
v 79.257568 69.500008 143.161957
v 78.500000 69.500008 142.899994
v 77.661926 69.500008 143.242477
v 77.400002 69.500008 144.000000
v 77.547371 69.500008 144.550003
v 95.099998 79.800003 43.422951
v 95.099998 79.800003 44.045876
v 95.100143 69.629051 44.364788
v 95.099998 53.877899 45.343136
v 95.099998 41.100002 46.901539
v 95.099998 41.100002 58.716011
v 95.099998 40.182034 58.716011
v 55.427101 64.156929 435.018127
v 55.850273 63.612133 439.269714
v 56.164780 66.400032 442.449036
v 57.975262 64.155205 448.585602
v 59.072464 66.400032 451.871948
v 60.565838 66.400040 454.802155
v 63.927139 66.400040 459.624481
v 65.925034 66.400040 461.769531
v 68.135101 66.400040 463.722198
v 70.334305 66.400040 465.324097
v 72.630264 64.686943 466.497864
v 76.345070 65.064301 468.288208
v 79.600266 64.612663 469.355530
v 85.046196 64.475929 470.539917
v 86.459961 70.391785 471.095123
v 91.187553 64.072914 471.086304
v 92.676102 73.498344 471.553528
v 82.355042 73.496300 470.643097
v 78.958694 73.495758 469.857025
v 75.665680 73.495285 468.764862
v 72.521095 73.494881 467.344391
v 69.564178 73.494545 465.594482
v 66.833321 73.494278 463.516602
v 64.359138 73.494080 461.125977
v 62.163864 73.493950 458.452576
v 60.268311 73.493889 455.528290
v 58.680454 73.493889 452.398560
v 57.399551 73.493965 449.118011
v 56.421822 73.494118 445.743347
v 56.971989 66.399872 415.014801
v 56.135124 66.399986 418.711487
v 55.635509 66.426476 421.774872
v 56.234623 66.887680 414.469696
v 55.200241 68.281288 415.924774
v 55.453037 67.621803 416.446838
v 55.806770 66.923538 417.545837
v 92.301292 37.485542 468.057465
v 88.992134 37.499794 467.582489
v 84.860268 37.475601 466.539368
v 81.108910 37.486118 465.166748
v 78.085808 37.651615 463.729919
v 75.655876 37.525280 462.278259
v 72.263336 37.503384 459.804443
v 68.534203 37.504944 456.341583
v 66.413933 37.503902 453.895569
v 64.299255 37.503571 450.940063
v 62.486332 37.500114 447.814453
v 60.988201 37.494171 444.543182
v 59.809551 37.485554 441.142517
v 58.958431 37.477356 437.645660
v 58.440624 37.479820 434.090942
v 58.329163 37.328835 430.521271
v 58.917805 36.870277 430.499451
v 59.590580 36.841251 436.023254
v 61.318787 36.841213 442.845306
v 64.281746 36.841202 449.163757
v 69.339050 36.839165 455.910645
v 79.019569 36.840141 463.328491
v 89.301277 36.841091 466.728271
v 92.574837 36.988174 467.673889
v 89.567062 36.986488 467.274048
v 85.017471 36.988136 466.173920
v 80.652176 36.984486 464.509003
v 76.512581 36.990963 462.320038
v 72.691200 36.992710 459.636566
v 68.496201 36.988281 455.696503
v 66.284691 36.990978 453.052094
v 64.323944 36.990532 450.210144
v 62.632877 36.989708 447.199890
v 61.229797 36.988487 444.046753
v 60.124336 36.987061 440.776642
v 59.324051 36.985676 437.418152
v 58.835838 36.983147 433.990356
v 78.500000 67.500031 372.500000
v 77.500000 67.500031 372.232056
v 76.767952 67.500031 371.500000
v 76.500000 67.500031 370.500000
v 76.767952 67.500031 369.500000
v 77.500000 67.500031 368.767944
v 78.500000 67.500031 368.500000
v 79.500000 67.500031 368.767944
v 80.232048 67.500031 369.500000
v 80.500000 67.500031 370.500000
v 80.232048 67.500031 371.500000
v 79.500000 67.500031 372.232056
v 78.500000 67.500031 371.600006
v 79.257538 67.500031 371.338074
v 79.604561 67.500031 370.263000
v 79.050003 67.500031 369.547363
v 78.500000 67.500031 369.399994
v 77.742462 67.500031 369.661926
v 77.395439 67.500031 370.737000
v 77.949997 67.500031 371.452637
v 95.800026 68.104416 43.119991
v 92.611656 68.407326 43.131840
v 86.358566 70.729233 43.391125
v 82.952019 70.201767 43.906212
v 79.391769 66.400002 45.050152
v 75.916512 66.400002 46.250488
v 72.912224 66.400002 47.647251
v 70.334175 66.400002 49.176323
v 68.134888 66.400009 50.777817
v 65.925011 66.400009 52.730587
v 63.927410 66.400009 54.876057
v 60.566357 66.400009 59.698719
v 59.072826 66.400009 62.628696
v 57.852055 66.400009 65.675369
v 56.164886 66.400009 72.051178
v 55.422554 69.448448 75.701294
v 55.503548 62.846554 79.442451
v 78.958900 73.496964 44.643894
v 75.665970 73.496742 45.736725
v 72.521118 73.496590 47.156708
v 69.563896 73.496506 48.905758
v 66.833015 73.496498 50.983288
v 64.359131 73.496552 53.374290
v 62.164188 73.496674 56.048199
v 60.268711 73.496864 58.972622
v 58.680679 73.497124 62.102108
v 57.399555 73.497459 65.382317
v 56.421734 73.497856 68.756874
v 95.799973 40.182022 58.698635
v 55.965160 54.406174 430.563751
v 57.315228 42.566689 430.500214
v 91.371216 55.120228 470.430115
v 56.095978 54.788086 434.601807
v 56.868141 47.440144 434.609039
v 91.506210 41.435566 468.733185
v 57.734425 41.443928 434.636749
v 87.298363 41.349964 467.995605
v 83.168396 41.066353 466.743683
v 79.273232 40.720718 465.042633
v 75.497643 40.517399 462.885925
v 71.954529 40.541641 460.346619
v 68.725075 40.562126 457.420807
v 65.841667 40.606071 454.150085
v 63.330990 40.777275 450.598572
v 91.444679 47.600586 469.632263
v 86.987915 47.768433 468.998322
v 82.575584 48.220703 467.929108
v 80.453583 48.150318 467.170044
v 78.413620 47.974110 466.277466
v 74.367508 48.463928 464.239899
v 70.242439 51.441391 462.150452
v 66.907227 51.516998 459.137451
v 64.448967 48.564243 455.240753
v 62.001411 48.289619 451.432037
v 60.003414 48.122555 447.386810
v 58.480385 47.989990 443.177399
v 57.429691 47.851807 438.889374
v 86.682289 55.185223 469.901093
v 79.839470 55.577374 468.256531
v 77.697876 55.430725 467.423798
v 73.506996 55.765476 465.416656
v 63.298367 55.676346 456.131165
v 61.175156 53.272362 451.908905
v 58.901939 55.372421 447.862579
v 57.739693 53.276939 443.357544
v 56.556351 55.165306 438.957733
v 57.063313 59.367237 443.678589
v 60.362667 59.056114 452.429962
v 62.498806 61.731991 456.732208
v 65.791656 59.513012 460.212921
v 69.234413 59.737900 463.381561
v 81.786934 58.351559 469.256317
v 58.368080 41.761993 438.809326
v 59.531658 41.660652 442.904175
v 61.210373 41.187809 446.838348
v 57.751499 40.308437 83.976234
v 57.840965 40.628086 87.746330
v 58.398651 40.624214 91.454422
v 59.314381 40.618481 95.090675
v 60.720188 40.212200 98.590576
v 62.350300 40.188564 102.012817
v 64.321304 40.185749 105.294785
v 66.608444 40.184525 108.362617
v 68.828682 40.587410 111.037781
v 71.597450 40.586876 113.567535
v 74.616936 40.644478 115.860748
v 77.736183 40.660652 117.758896
v 81.002151 40.693115 119.346596
v 84.712059 40.610699 120.651970
v 88.347610 40.619675 121.576065
v 92.055656 40.626568 122.143356
v 95.800018 40.405922 122.296013
v 95.800247 50.774632 123.710831
v 95.800003 66.400009 124.785477
v 88.840317 66.400009 124.571365
v 82.183380 66.400009 123.648331
v 76.687393 66.400078 122.096344
v 70.988235 66.400139 119.283234
v 66.597214 66.400009 115.904175
v 62.837666 66.400009 111.758179
v 60.309917 66.400009 107.843628
v 55.659241 58.719490 83.999992
v 56.620426 47.795124 84.000877
v 92.523270 46.024189 123.013672
v 89.234177 46.020683 122.634575
v 85.843826 48.802254 122.428169
v 82.373184 49.431320 121.595169
v 70.258560 51.700329 115.728081
v 67.719498 51.908966 113.559654
v 65.400375 51.893867 111.078537
v 63.329723 51.662766 108.304276
v 61.532501 51.320412 105.308434
v 60.018059 50.906925 102.148666
v 59.516418 46.013660 98.670097
v 57.695034 46.018772 92.362495
v 57.058578 46.023182 88.134819
v 92.560692 55.402538 124.037766
v 88.827339 55.439182 123.740265
v 78.614716 56.333298 121.455261
v 75.416840 56.520847 120.106766
v 72.447258 56.580250 118.470261
v 58.537006 52.338005 99.005669
v 56.872021 52.342999 92.432892
v 56.331284 52.347305 88.112381
v 85.392395 58.989937 123.580452
v 81.928459 58.987995 122.840546
v 69.306519 58.983566 116.761513
v 66.656868 58.983295 114.446213
v 64.270988 58.983360 111.845032
v 62.171310 58.983761 108.988831
v 60.373341 58.984497 105.915588
v 58.881824 58.985569 102.674240
v 57.699284 58.986973 99.315506
v 56.200901 58.990791 92.493805
v 55.759842 58.994083 88.087242
v 82.186775 67.592552 45.570965
v 77.459030 66.526932 47.040012
v 74.580940 68.114662 48.041447
v 71.446976 67.237160 49.888416
v 67.668999 66.556953 52.866405
v 64.304459 68.073364 56.136528
v 61.976505 68.176628 59.460178
v 59.850040 66.528000 64.086678
v 58.155960 68.385300 68.449554
v 57.424393 66.493286 72.381393
v 56.790428 68.452278 75.797501
v 56.510151 66.469177 84.097931
v 57.264191 54.496513 83.976990
v 58.138439 46.232166 84.000000
v 58.903996 41.099831 82.358917
v 59.504864 41.100006 77.324020
v 60.792660 41.100163 72.185333
v 62.919540 41.100002 67.215477
v 65.684296 41.100014 62.537395
v 70.355103 41.100040 57.108932
v 74.676559 41.100002 53.606853
v 77.763611 41.100399 51.636681
v 80.993713 41.100002 50.038372
v 84.394966 41.100002 48.735802
v 89.681313 41.099907 47.387691
v 91.996185 46.426723 46.293129
v 88.839622 46.439980 46.698502
v 85.496155 49.358749 46.917202
v 82.176750 49.980919 47.756340
v 79.047478 50.894108 48.772701
v 73.345413 51.810932 51.641617
v 70.730530 52.137333 53.480347
v 68.321381 52.274673 55.603054
v 66.128563 52.221794 58.011547
v 64.176674 52.021168 60.674183
v 62.482204 51.728111 63.544209
v 61.047165 51.229626 66.645584
v 60.616928 46.471901 69.924919
v 58.903255 46.437820 75.980865
v 58.306225 46.424328 80.036430
v 92.177315 55.430954 45.287178
v 88.175919 56.286339 45.567890
v 85.021667 59.244251 45.786533
v 81.708183 59.265263 46.536652
v 78.488983 59.286228 47.569115
v 75.668686 57.000938 49.146420
v 72.487411 59.318848 50.541420
v 69.770012 59.327312 52.479694
v 67.280602 59.329048 54.708462
v 65.040939 59.324360 57.205215
v 63.070908 59.313892 59.943962
v 61.383942 59.298729 62.890911
v 59.983513 59.280617 66.000214
v 58.871132 59.261353 69.224205
v 57.457695 59.226299 75.783997
v 57.380165 54.870720 80.016739
v 58.103050 52.708515 75.876984
v 59.669479 52.748299 69.558823
v 95.800003 39.800003 58.700787
v 95.800026 39.878376 46.198483
v 95.799988 40.396049 45.709324
v 95.800117 49.770321 44.389179
v 78.500000 66.400009 146.000000
v 77.500000 66.400009 145.732056
v 76.767952 66.400009 145.000000
v 76.500000 66.400009 144.000000
v 76.767952 66.400009 143.000000
v 77.500000 66.400009 142.267944
v 78.500000 66.400009 142.000000
v 79.500000 66.400009 142.267944
v 80.232048 66.400009 143.000000
v 80.500000 66.400009 144.000000
v 80.232048 66.400009 145.000000
v 79.500000 66.400009 145.732056
v 78.500000 69.500031 371.600006
v 79.050003 69.500031 371.452637
v 79.604561 69.500031 370.737000
v 79.257545 69.500031 369.661957
v 78.500000 69.500031 369.399994
v 77.949997 69.500031 369.547363
v 77.395439 69.500031 370.263000
v 77.742462 69.500031 371.338104
v 56.203819 79.800011 72.062424
v 57.229900 79.800011 67.433487
v 58.262684 79.800011 64.255302
v 59.564125 79.800011 61.203396
v 61.148426 79.800011 58.302197
v 63.029781 79.800011 55.576141
v 65.729416 79.800011 52.498085
v 70.246437 79.800003 48.909374
v 74.560226 79.800003 46.652748
v 77.380424 79.800003 45.581558
v 82.729324 79.800003 44.254032
v 89.137085 79.800003 43.551479
v 92.056435 40.626640 45.857132
v 88.349968 40.619907 46.425446
v 84.715668 40.611050 47.350361
v 81.020287 40.764915 48.618687
v 77.830475 40.719116 50.165672
v 74.594688 40.588673 52.181496
v 71.369011 40.180496 54.822311
v 68.581230 40.182583 57.435741
v 66.323082 40.591228 59.751621
v 64.098007 40.596867 62.768822
v 62.174660 40.603691 65.986443
v 60.573994 40.610966 69.376312
v 59.311169 40.617943 72.906929
v 58.396523 40.623867 76.543999
v 57.840260 40.627975 80.253151
v 92.687164 54.535061 44.031590
v 57.058762 46.020531 79.864990
v 57.695217 46.016117 75.637238
v 58.912128 50.075470 68.935349
v 60.153416 50.312542 65.781410
v 61.674500 50.752693 62.639912
v 63.445259 51.128853 59.703686
v 65.456635 51.484676 56.981052
v 67.710678 51.769005 54.491863
v 70.219704 51.866238 52.264889
v 72.955612 51.796371 50.324986
v 82.766914 46.012367 46.917290
v 85.972214 46.014977 46.006508
v 89.234406 46.018028 45.366108
v 92.523369 46.021534 44.986809
v 56.331635 52.340431 79.887276
v 56.546261 54.916065 75.664299
v 75.932861 52.328682 48.494495
v 79.069199 52.330349 47.083347
v 82.326195 52.332458 45.969280
v 85.666512 52.335003 45.140762
v 89.052399 52.337986 44.584057
v 57.701237 58.983112 68.685303
v 58.884018 58.981705 65.326569
v 60.374573 58.980637 62.084339
v 62.171478 58.979900 59.010372
v 64.271095 58.979496 56.154621
v 66.657745 58.979431 53.554619
v 69.307983 58.979702 51.239887
v 72.196037 58.980309 49.235897
v 75.287300 58.981247 47.552494
v 78.544899 58.982521 46.195419
v 81.928574 58.984131 45.159115
v 85.392815 58.986076 44.420486
v 88.891548 58.988358 43.953320
v 56.408405 69.646141 80.340927
v 56.495495 73.300598 76.425606
v 57.134888 70.650101 72.482086
v 59.129211 69.183632 65.242134
v 60.472103 69.366928 62.035553
v 66.125381 69.333252 53.902363
v 68.471375 69.151001 51.772896
v 69.962898 72.414101 50.293877
v 72.532333 72.995132 48.651035
v 78.069008 70.023148 46.494648
v 83.801888 69.471596 45.132454
v 88.455177 68.301674 44.646862
v 89.461266 79.800003 44.161522
v 82.294792 79.800438 44.926762
v 77.560959 79.800003 46.174179
v 73.715233 79.800003 47.718281
v 69.465179 79.800003 50.220619
v 66.409485 79.801445 52.706486
v 63.115883 79.800011 56.480679
v 60.885773 79.800194 59.938206
v 58.952477 79.799721 64.102814
v 57.727558 79.800011 67.963676
v 56.566196 79.800011 73.882729
v 57.563583 75.210121 69.236313
v 78.500000 66.400024 259.250000
v 77.500000 66.400024 258.982056
v 76.767952 66.400024 258.250000
v 76.500000 66.400024 257.250000
v 76.767952 66.400024 256.250000
v 77.500000 66.400024 255.517944
v 78.500000 66.400024 255.250000
v 79.500000 66.400024 255.517944
v 80.232048 66.400024 256.250000
v 80.500000 66.400024 257.250000
v 80.232048 66.400024 258.250000
v 79.500000 66.400024 258.982056
v 94.530663 36.841267 466.470001
v 94.530663 38.141266 466.470001
v 94.530663 38.141266 467.022095
v 94.530663 45.285702 468.214050
v 94.530663 52.479248 469.020996
v 90.278969 39.808929 46.905052
v 83.250587 39.807472 48.629169
v 75.923180 39.811428 52.214058
v 69.857582 39.810696 57.006737
v 64.875984 39.810211 62.970001
v 60.916962 39.803539 70.553490
v 58.965126 39.809910 77.923866
v 58.775932 39.805202 88.806572
v 58.188175 39.906853 84.000000
v 90.277893 40.106537 46.337929
v 84.823647 40.104214 47.576469
v 81.134087 40.099316 48.920044
v 77.596497 40.095394 50.641850
v 74.259125 40.093014 52.721718
v 65.784058 40.095337 60.845242
v 63.561237 40.098263 64.077187
v 61.686146 40.100922 67.506752
v 60.006302 40.101719 71.587708
v 58.434597 40.104801 77.725548
v 90.570412 39.800003 59.289482
v 85.575752 39.800003 60.947338
v 81.032120 39.800003 63.602631
v 77.136108 39.800003 67.140472
v 74.056297 39.800003 71.407776
v 71.925941 39.800007 76.219925
v 70.837204 39.800007 81.368690
v 70.837204 39.800007 86.631310
v 71.925941 39.800007 91.780075
v 74.056297 39.800007 96.592224
v 77.136108 39.800007 100.859528
v 81.032120 39.800007 104.397362
v 85.575752 39.800007 107.052658
v 90.570412 39.800007 108.710518
v 95.800003 39.800007 109.299210
v 95.800003 39.800007 121.361542
v 89.768478 39.812004 121.030434
v 82.318108 39.802940 119.021851
v 74.784683 39.810108 115.028427
v 68.831062 39.810856 109.957535
v 64.081276 39.811817 103.814949
v 60.570755 39.814011 96.536926
v 78.500000 66.400032 372.500000
v 77.500000 66.400032 372.232056
v 76.767952 66.400032 371.500000
v 76.500000 66.400032 370.500000
v 76.767952 66.400032 369.500000
v 77.500000 66.400032 368.767944
v 78.500000 66.400032 368.500000
v 79.500000 66.400032 368.767944
v 80.232048 66.400032 369.500000
v 80.500000 66.400032 370.500000
v 80.232048 66.400032 371.500000
v 79.500000 66.400032 372.232056
v 76.942596 69.500023 254.685928
v 75.935921 69.500023 255.692596
v 81.064079 69.500031 368.942596
v 80.057404 69.500031 367.935913
v 95.799980 37.415493 392.785187
v 95.800034 36.912712 393.281982
v 90.415421 36.848759 393.973145
v 83.280853 36.848866 395.752930
v 76.250862 36.856537 399.210114
v 70.292587 36.852657 403.914673
v 65.365967 36.851974 409.781921
v 61.507107 36.850109 417.077850
v 59.572529 36.845276 424.377258
v 58.410599 37.635345 426.811157
v 58.956795 37.640202 423.158203
v 59.856079 37.646580 419.575836
v 61.099407 37.653072 416.098724
v 62.677570 37.658298 412.761475
v 64.575645 37.661530 409.595245
v 66.771843 37.662830 406.627258
v 69.038414 37.228020 404.322083
v 71.730240 37.235874 401.792328
v 74.749474 37.233208 399.487640
v 78.006859 37.230659 397.488312
v 81.416260 37.646484 395.674500
v 85.103409 37.230583 394.508759
v 88.464188 37.637470 393.496246
v 92.113098 37.634571 392.930786
v 90.407532 37.134861 393.411194
v 81.475739 37.147205 395.914612
v 66.252419 37.148739 407.681671
v 64.052254 37.148106 410.869751
v 62.197746 37.145935 414.256439
v 60.558350 37.140270 418.238892
v 59.008320 37.134514 424.301117
v 95.800003 66.400032 389.714508
v 89.826233 66.398872 389.827271
v 82.183388 66.400032 390.851837
v 78.140938 66.400032 391.936157
v 75.869568 66.398033 392.722107
v 70.969460 66.400414 395.236633
v 66.597198 66.400032 398.596008
v 62.837696 66.400032 402.741943
v 60.309948 66.400032 406.656464
v 95.800003 51.949486 390.706146
v 95.800003 45.206593 391.460510
v 91.305038 54.776516 390.610321
v 56.854172 47.552006 426.382568
v 91.434143 47.485035 391.384857
v 91.485031 41.593182 392.245453
v 57.743015 41.396694 426.343323
v 58.441975 41.326527 422.199402
v 59.620888 41.119862 418.134979
v 61.263954 40.863132 414.193268
v 63.331696 40.756729 410.407562
v 65.814484 40.720100 406.844574
v 68.698097 40.640118 403.581665
v 71.942299 40.512562 400.670502
v 83.080383 41.645863 394.168427
v 57.445610 47.700169 422.135132
v 58.492584 47.884102 417.837097
v 60.021633 47.999603 413.624725
v 62.031548 48.107689 409.587433
v 64.472595 48.440445 405.771729
v 70.606735 48.998932 399.258514
v 74.358887 48.539219 396.747681
v 78.374962 48.256912 394.680450
v 80.717232 44.804375 394.405060
v 82.594185 48.111530 393.085175
v 86.960869 47.905304 391.987518
v 87.272758 41.749954 392.937134
v 79.266350 40.817810 395.938110
v 75.495888 40.468380 398.126648
v 56.558353 55.145149 422.039734
v 58.897861 55.466450 413.108612
v 60.831005 55.652401 408.831757
v 63.278698 55.810909 404.853485
v 66.895782 51.540749 401.867157
v 69.669983 55.783901 398.178589
v 73.529282 55.616611 395.601440
v 77.724777 55.401104 393.570068
v 80.178131 51.629921 393.283142
v 82.265388 53.276566 392.343323
v 86.688950 55.185810 391.098358
v 55.801304 58.229847 426.255402
v 57.209316 57.555824 417.477417
v 60.041538 61.732658 408.379211
v 62.498741 61.731895 404.267853
v 65.612076 60.243240 400.792267
v 69.007088 61.731873 397.406067
v 72.949387 61.732616 394.805420
v 79.619545 59.842674 392.201813
v 81.786774 59.106190 391.675018
v 86.473869 61.737854 390.501068
v 95.800003 36.841263 394.500549
v 89.643082 36.841263 395.065704
v 83.673676 36.841263 396.676025
v 78.067841 36.841263 399.284027
v 72.990944 36.841263 402.812775
v 68.592720 36.841263 407.158173
v 65.002899 36.841263 412.192078
v 62.327381 36.841263 417.765991
v 60.645073 36.841263 423.715515
v 60.005596 36.841267 429.865173
v 60.427818 36.841267 436.033539
v 61.899281 36.841267 442.038666
v 64.376579 36.841267 447.703461
v 67.786652 36.841267 452.860840
v 72.028908 36.841267 457.358643
v 76.978218 36.841267 461.064209
v 82.488594 36.841267 463.868286
v 88.397507 36.841267 465.688110
v 95.800072 39.936337 121.888374
v 89.494408 40.098866 121.530151
v 83.327499 40.098259 119.927689
v 79.324234 40.096851 118.257393
v 75.884346 40.094505 116.349068
v 72.651939 40.092907 114.086784
v 69.667175 40.092598 111.503098
v 59.490719 40.097691 94.786530
v 58.295483 40.114784 89.433281
v 95.800011 37.226719 393.183990
v 95.099998 37.223312 393.204773
v 89.979340 41.100002 59.426807
v 85.110069 41.100002 61.163635
v 80.695496 41.100002 63.853977
v 76.919945 41.100002 67.385506
v 73.941071 41.100002 71.610748
v 71.883247 41.100006 76.353294
v 70.832397 41.100006 81.415123
v 70.832397 41.100006 86.584877
v 71.883247 41.100006 91.646706
v 73.941071 41.100006 96.389252
v 76.919945 41.100006 100.614494
v 80.695496 41.100006 104.146019
v 85.110069 41.100006 106.836357
v 89.979340 41.100006 108.573189
v 95.099998 41.100006 109.283989
v 95.099998 40.182037 109.283989
v 95.799988 40.182026 109.301369
v 89.196228 65.882843 469.769867
v 76.865837 65.312317 467.125549
v 74.364296 68.529167 466.388611
v 71.253220 68.416847 464.643402
v 67.668785 66.557037 461.633820
v 64.553482 66.554398 458.356812
v 61.958488 66.544136 454.626526
v 59.849686 66.527962 450.413330
v 58.140690 67.836655 445.796204
v 56.883507 66.370560 438.484070
v 56.446968 68.985672 434.614532
v 56.509804 66.472198 430.381622
v 62.897926 68.627213 456.520935
v 95.099998 40.182037 121.881409
v 95.800003 40.182037 121.881409
v 89.370033 38.141109 466.470001
v 84.279961 38.141266 465.106018
v 79.412163 38.141403 463.094025
v 75.542259 38.142441 460.752106
v 72.403008 38.143238 458.345337
v 69.542168 38.142765 455.629639
v 67.028030 38.143929 452.694855
v 64.438164 38.141323 448.952789
v 62.525581 38.142513 445.146454
v 61.182018 38.142063 441.640533
v 60.210381 38.143177 438.044983
v 59.595299 38.143772 434.242035
v 59.422016 38.143158 430.499207
v 58.262848 45.272533 430.500000
v 57.269466 54.420033 430.449158
v 57.237999 56.551441 434.446167
v 90.299210 56.392895 469.153992
v 58.186218 47.218960 434.403931
v 90.362167 49.427158 468.417480
v 90.566940 43.342247 467.602173
v 85.495590 63.327572 469.173584
v 81.033791 63.350735 468.248047
v 72.989616 60.279438 464.461792
v 69.155991 62.411827 462.171997
v 65.926315 62.520206 459.127655
v 63.170124 62.597717 455.622314
v 60.824898 63.375881 451.725739
v 59.092735 63.355431 447.489166
v 57.875660 63.334408 443.086884
v 57.643044 56.853535 438.567322
v 58.465370 57.080246 442.882233
v 59.745903 57.279999 447.169159
v 61.517929 57.447887 451.289215
v 63.997082 56.020195 454.935760
v 67.086861 53.823891 458.127289
v 70.185432 53.853653 461.067230
v 73.924942 51.833908 463.243835
v 77.734436 52.249100 465.403137
v 81.805359 51.999386 466.949310
v 85.794212 56.887680 468.616150
v 86.136154 49.451443 467.717072
v 65.211967 48.619690 454.056610
v 62.961220 48.204025 450.408447
v 61.110493 47.957672 446.550232
v 59.707264 47.649673 442.520966
v 58.745113 47.327957 438.427490
v 78.826416 43.449234 463.971649
v 82.458839 44.400951 465.757050
v 86.427635 44.201603 466.945312
v 64.133247 41.631271 449.705780
v 77.101349 58.905613 466.319733
v 81.310364 58.800072 467.797485
v 95.800003 45.487614 122.691612
v 95.800011 55.200047 123.717094
v 95.800011 66.782036 124.421585
v 95.800003 66.782059 390.078522
v 95.800011 54.044952 390.880463
v 95.800003 45.535038 391.802124
v 95.799988 37.223286 394.499023
v 95.099998 43.155445 392.110138
v 95.099777 66.812080 123.546448
v 95.099998 53.877903 122.656853
v 95.099998 41.100006 121.098457
v 89.690956 41.099911 120.613846
v 84.416588 41.100006 119.271172
v 81.015366 41.101723 118.007133
v 77.985489 41.101173 116.493347
v 74.712654 41.100006 114.419052
v 70.387398 41.100048 110.922112
v 65.711464 41.100014 105.501167
v 62.946392 41.100006 100.838402
v 61.149303 41.101830 96.817970
v 59.781788 41.099995 92.263634
v 59.043598 41.100006 87.329971
v 56.574699 66.490463 87.733566
v 56.915577 66.488167 92.270767
v 57.882164 66.503784 97.836433
v 59.363888 66.528435 102.693703
v 61.643738 66.829285 107.694138
v 67.668640 66.557007 115.133690
v 71.038956 66.870422 117.823296
v 73.939415 66.889763 119.508736
v 77.397964 66.857384 121.004646
v 82.578392 66.502998 122.408707
v 88.997940 66.606079 123.292625
v 91.996147 46.427612 121.706993
v 92.172585 54.897594 122.666359
v 88.388847 59.226921 122.702919
v 85.021629 59.245438 122.213455
v 81.708267 59.266430 121.463112
v 78.489021 59.287399 120.430687
v 75.403572 59.305897 119.097740
v 72.486458 59.320103 117.459915
v 69.768883 59.328594 115.521950
v 67.279999 59.330303 113.292419
v 65.040962 59.325554 110.794586
v 63.070816 59.315048 108.055534
v 61.382889 59.299873 105.109322
v 59.981625 59.281776 102.000847
v 59.166096 56.875916 98.837860
v 57.787495 55.345863 92.086334
v 57.292763 55.794632 87.983925
v 88.601379 52.711029 122.079201
v 85.350258 52.732121 121.506302
v 82.156647 52.755886 120.674484
v 79.054092 52.779442 119.572479
v 76.075729 52.800007 118.190994
v 73.326462 52.118061 116.413933
v 70.707550 52.223705 114.522102
v 68.334366 52.135509 112.369476
v 66.191681 51.903339 109.966011
v 64.279449 51.592133 107.335938
v 62.605682 51.221378 104.502441
v 61.182049 50.753601 101.484840
v 58.306271 46.425213 87.963463
v 58.903328 46.438713 92.019012
v 82.655930 46.480114 119.740265
v 85.716972 46.459389 120.648819
v 88.839554 46.440868 121.301628
v 95.099998 66.782028 124.421654
v 95.099998 45.487614 122.691612
v 95.099998 53.994633 123.615295
v 95.099998 37.223293 394.511261
v 59.371342 67.348663 103.820099
v 59.351398 66.944778 102.948265
v 56.341141 70.449242 96.850784
v 56.782650 69.147003 105.901566
v 56.547638 69.732368 102.754433
v 56.584965 69.651634 100.021072
v 56.442623 69.844734 96.718689
v 56.429718 69.459312 91.537056
v 56.481331 69.770477 105.984741
v 57.052483 69.060570 102.747269
v 57.245979 68.762741 100.418030
v 57.057987 68.772423 98.665749
v 56.760948 68.804474 95.674782
v 56.470768 68.398918 88.248627
v 56.418732 68.489075 84.258652
v 58.421249 67.944679 103.139076
v 58.163795 68.015991 101.711220
v 57.519329 67.700539 97.491783
v 57.019909 67.315598 93.794289
v 56.705109 67.044716 90.580101
v 56.624893 68.111481 91.254913
v 57.117214 68.321465 96.995651
v 57.596951 68.567139 102.694458
v 57.527657 68.332092 105.661743
v 57.428638 66.700127 95.779243
v 58.391773 67.356468 100.571312
v 58.723763 67.553612 102.270241
v 58.863632 67.637009 103.337585
v 59.158237 67.697495 105.021935
v 58.107491 67.741837 100.331833
v 58.772308 67.780746 105.384315
v 95.099876 67.550392 124.128990
v 66.456223 66.937416 114.124237
v 68.774376 66.939056 116.213707
v 89.165604 67.090599 123.493889
v 88.934875 67.470451 123.820412
v 85.384384 66.911613 122.995346
v 85.037918 67.489861 123.419548
v 81.137947 66.917259 122.176758
v 80.960281 67.489983 122.617233
v 76.933723 67.502396 121.379158
v 73.541183 67.490044 119.855080
v 70.644928 67.489471 118.150047
v 66.145065 67.489464 114.458199
v 68.235390 67.494423 116.367264
v 61.178692 67.486771 107.886948
v 64.256676 67.488960 112.374634
v 64.739532 66.860489 112.184967
v 95.099998 38.141262 394.511261
v 88.993385 38.141262 395.188416
v 83.090858 38.141262 396.894135
v 77.564339 38.141262 399.578705
v 72.574806 38.141262 403.163940
v 68.267593 38.141262 407.545410
v 64.768158 38.141262 412.595490
v 62.178429 38.141262 418.167053
v 60.573837 38.141262 424.097870
v 60.001125 38.141266 430.215179
v 60.476974 38.141266 436.340759
v 61.987518 38.141266 442.296234
v 64.488762 38.141266 447.908112
v 67.907860 38.141266 453.012909
v 72.145203 38.141266 457.461975
v 77.077377 38.141266 461.125702
v 82.560730 38.141266 463.897400
v 88.435532 38.141266 465.696289
v 95.099998 66.782059 390.078522
v 95.099998 38.141262 393.959259
v 91.397972 38.142941 394.197327
v 87.520470 38.142773 394.922119
v 83.844322 38.142040 396.022308
v 80.280708 38.142185 397.511871
v 76.551155 38.141331 399.535248
v 72.795052 38.143555 402.329498
v 69.878181 38.142506 405.016205
v 67.265289 38.143063 407.983398
v 65.443687 38.141262 410.513519
v 62.819370 38.141346 415.129944
v 60.421223 38.141201 421.985748
v 59.597076 38.143600 426.786163
v 95.099998 55.250961 390.778839
v 56.573132 66.479836 426.795685
v 56.921967 66.488724 422.185638
v 57.886650 66.502556 416.663696
v 59.350700 66.525200 411.839874
v 59.404549 66.931602 411.420746
v 59.346951 67.371758 410.672119
v 56.380135 69.405975 430.367920
v 57.328705 66.612473 419.364929
v 57.727436 67.211960 416.830322
v 58.706806 67.112381 413.235199
v 58.863697 67.551903 411.662537
v 56.708096 67.043831 423.879517
v 57.101845 67.313713 420.061523
v 57.892136 67.746147 415.099854
v 58.329605 67.955070 412.156189
v 58.139423 68.146065 411.388367
v 58.599880 67.825256 409.169189
v 57.203022 68.390625 416.686646
v 56.891212 68.112686 420.084747
v 56.482960 68.268051 425.944763
v 56.590351 68.531136 422.848083
v 56.741783 68.813286 419.232422
v 57.106594 68.765938 415.333344
v 56.975159 69.076683 414.109131
v 57.454910 68.683136 411.990570
v 57.108997 68.981117 411.476532
v 56.442307 69.406471 422.822449
v 56.339417 70.476891 417.780212
v 56.397537 70.175133 413.448822
v 56.524437 69.663277 408.490448
v 56.535397 69.548576 417.845276
v 56.633068 69.616028 412.147949
v 56.780151 69.152519 408.589905
v 95.100128 67.492188 390.461395
v 95.099907 66.746399 390.976227
v 95.099998 52.488628 391.967468
v 95.099998 45.292328 392.769562
v 89.109245 66.652779 391.177368
v 82.826523 66.578812 392.030823
v 77.040939 66.718002 393.654633
v 73.704727 66.764389 395.138763
v 71.081680 66.710312 396.700439
v 67.956528 66.682617 399.079590
v 64.655396 66.795433 402.440155
v 61.739590 66.755829 406.671143
v 90.763283 58.251530 391.644257
v 90.987312 47.231281 392.775635
v 58.213699 47.029949 426.568756
v 75.666031 41.638084 399.295807
v 63.887722 43.081200 411.123688
v 61.807598 44.120724 414.680908
v 60.284054 44.341110 418.506622
v 59.277508 43.910275 422.527405
v 86.717613 47.466148 393.442566
v 82.520660 47.853214 394.538971
v 65.295364 48.895241 406.730896
v 86.340370 54.591026 392.562744
v 82.019226 54.621037 393.580963
v 78.039452 51.469284 395.592346
v 74.121651 52.216515 397.531708
v 70.567635 52.756496 399.927185
v 67.429955 52.862904 402.814728
v 64.337463 54.676983 406.028534
v 62.302982 52.775913 409.946045
v 60.162640 54.629993 413.858765
v 58.801266 54.602245 418.078644
v 58.172047 52.006531 422.376556
v 57.146194 57.491867 426.631104
v 59.482082 49.458042 418.295715
v 60.917709 49.485409 414.231628
v 57.279221 61.248947 422.305420
v 58.052162 61.361496 417.932251
v 59.299831 61.609360 413.488922
v 61.068756 62.169601 409.108276
v 63.415405 61.865200 405.205261
v 66.223259 61.992466 401.666351
v 69.492691 62.145531 398.606384
v 73.207153 61.869926 396.137695
v 77.243576 61.899742 394.173798
v 81.455894 62.238770 392.749512
v 85.902451 62.644905 391.813080
v 89.407532 67.675293 390.114563
v 91.540901 67.302582 390.735962
v 81.338089 67.670456 391.271149
v 84.103577 67.311920 391.444214
v 87.978661 67.311951 390.945831
v 80.170082 67.311981 392.309753
v 80.197708 66.825188 392.595398
v 76.443787 67.311920 393.556213
v 73.268303 67.311913 395.029510
v 70.581001 67.311920 396.650482
v 68.305885 67.312019 398.356842
v 64.471832 67.312019 402.196045
v 61.389744 67.311623 406.658447
v 118.199997 84.700035 463.469910
v 118.193703 86.498375 461.711060
v 118.199997 86.500031 373.391357
v 118.199997 84.700027 373.391357
v 119.800003 86.500038 460.506439
v 119.785950 84.695396 462.530518
v 119.800003 84.700027 373.391357
v 119.800003 86.500031 373.391357
v 120.727386 84.700027 372.952789
v 121.452782 84.700027 372.227386
v 121.891365 84.700027 371.299988
v 121.891365 86.500031 371.299988
v 121.452782 86.500031 372.227386
v 120.727386 86.500031 372.952789
v 117.272614 86.500031 372.952789
v 116.547218 86.500031 372.227386
v 116.108635 86.500031 371.299988
v 116.108635 84.700027 371.299988
v 116.547218 84.700027 372.227386
v 117.272614 84.700027 372.952789
v 112.442383 86.496796 464.293488
v 108.075211 86.498367 465.424713
v 101.781540 86.500038 466.105011
v 94.165955 86.498718 466.194031
v 90.726692 86.500038 466.125092
v 83.678345 86.500053 465.395386
v 79.947113 86.499374 464.433838
v 76.881996 86.500038 463.244446
v 73.800003 86.500038 461.588318
v 73.800003 86.500031 373.391357
v 74.727386 86.500031 372.952789
v 75.452782 86.500031 372.227386
v 75.891365 86.500031 371.299988
v 131.693802 86.500031 371.299988
v 131.685501 86.499687 432.573151
v 131.577835 86.493408 436.285767
v 130.945892 86.499252 442.035614
v 129.920212 86.496552 446.004456
v 128.498703 86.498100 449.713074
v 125.109573 86.499016 455.340179
v 123.237045 86.499290 457.513428
v 72.212227 84.695160 462.526276
v 72.199997 86.500038 460.506439
v 72.199997 86.500031 373.391357
v 72.199997 84.700027 373.391357
v 73.800003 84.700035 463.469910
v 73.800003 84.700027 373.391357
v 74.727386 84.700027 372.952789
v 75.452782 84.700027 372.227386
v 75.891365 84.700027 371.299988
v 71.272614 86.500031 372.952789
v 70.547218 86.500031 372.227386
v 70.108635 86.500031 371.299988
v 70.108635 84.700027 371.299988
v 70.547218 84.700027 372.227386
v 71.272614 84.700027 372.952789
v 68.799927 86.499374 457.552643
v 65.349312 86.497208 453.127472
v 63.432304 86.499031 449.525787
v 62.004440 86.498322 445.709564
v 61.070568 86.495934 441.875153
v 60.482918 86.500488 437.589600
v 60.318287 86.499825 432.929108
v 60.306198 86.500031 371.299988
v 58.795822 84.700027 369.700012
v 60.306198 86.500031 369.700012
v 70.108635 86.500031 369.700012
v 70.108635 84.700027 369.700012
v 58.795822 84.700027 371.299988
v 56.025002 81.386436 433.385742
v 56.042927 81.398697 80.301262
v 60.314518 86.499664 81.927063
v 60.306198 86.500008 143.199997
v 58.795822 84.700005 143.199997
v 58.795822 84.700005 144.800003
v 60.306198 86.500008 144.800003
v 60.306198 86.500023 256.450012
v 58.795822 84.700020 256.450012
v 58.795822 84.700020 258.049988
v 60.306198 86.500023 258.049988
v 70.547218 86.500031 368.772614
v 71.272614 86.500031 368.047211
v 72.199997 86.500031 367.608643
v 72.199997 84.700027 367.608643
v 71.272614 84.700027 368.047211
v 70.547218 84.700027 368.772614
v 116.108635 84.700027 369.700012
v 75.891365 84.700027 369.700012
v 75.891365 86.500031 369.700012
v 116.108635 86.500031 369.700012
v 70.108635 86.500023 258.049988
v 70.547218 86.500023 258.977386
v 71.272614 86.500023 259.702789
v 72.199997 86.500023 260.141357
v 133.204178 84.700027 371.299988
v 131.693802 86.500031 369.700012
v 133.204178 84.700027 369.700012
v 121.891365 84.700027 369.700012
v 121.891365 86.500031 369.700012
v 116.547218 86.500031 368.772614
v 117.272614 86.500031 368.047211
v 118.199997 86.500031 367.608643
v 118.199997 84.700027 367.608643
v 117.272614 84.700027 368.047211
v 116.547218 84.700027 368.772614
v 75.452782 86.500031 368.772614
v 74.727386 86.500031 368.047211
v 73.800003 86.500031 367.608643
v 73.800003 86.500023 260.141357
v 74.727386 86.500023 259.702789
v 75.452782 86.500023 258.977386
v 75.891365 86.500023 258.049988
v 116.108635 86.500023 258.049988
v 116.547218 86.500023 258.977386
v 117.272614 86.500023 259.702789
v 118.199997 86.500023 260.141357
v 119.800003 84.700027 367.608643
v 119.800003 84.700020 260.141357
v 119.800003 86.500023 260.141357
v 119.800003 86.500031 367.608643
v 118.199997 84.700020 260.141357
v 120.727386 84.700020 259.702789
v 121.452782 84.700020 258.977386
v 121.891365 84.700020 258.049988
v 121.891365 86.500023 258.049988
v 121.452782 86.500023 258.977386
v 120.727386 86.500023 259.702789
v 73.800003 84.700027 367.608643
v 73.800003 84.700020 260.141357
v 72.199997 84.700020 260.141357
v 74.727386 84.700020 259.702789
v 75.452782 84.700020 258.977386
v 75.891365 84.700020 258.049988
v 70.108635 84.700020 258.049988
v 70.547218 84.700020 258.977386
v 71.272614 84.700020 259.702789
v 133.204178 84.700020 258.049988
v 131.693802 86.500023 258.049988
v 131.693802 86.500023 256.450012
v 133.204178 84.700020 256.450012
v 121.891365 84.700020 256.450012
v 121.891365 86.500023 256.450012
v 116.108635 84.700020 258.049988
v 116.547218 84.700020 258.977386
v 117.272614 84.700020 259.702789
v 121.452782 86.500031 368.772614
v 120.727386 86.500031 368.047211
v 116.108635 84.700020 256.450012
v 75.891365 84.700020 256.450012
v 75.891365 86.500023 256.450012
v 116.108635 86.500023 256.450012
v 116.547218 86.500023 255.522614
v 117.272614 86.500023 254.797211
v 118.199997 86.500023 254.358627
v 118.199997 84.700020 254.358627
v 117.272614 84.700020 254.797211
v 116.547218 84.700020 255.522614
v 75.452782 86.500023 255.522614
v 74.727386 86.500023 254.797211
v 73.800003 86.500023 254.358627
v 73.800003 86.500008 146.891373
v 74.727386 86.500008 146.452789
v 75.452782 86.500008 145.727386
v 75.891365 86.500008 144.800003
v 116.108635 86.500008 144.800003
v 116.547218 86.500008 145.727386
v 117.272614 86.500008 146.452789
v 118.199997 86.500008 146.891373
v 75.452782 84.700020 255.522614
v 74.727386 84.700020 254.797211
v 73.800003 84.700020 254.358627
v 70.108635 86.500023 256.450012
v 70.108635 84.700020 256.450012
v 70.547218 86.500023 255.522614
v 71.272614 86.500023 254.797211
v 72.199997 86.500023 254.358627
v 72.199997 84.700020 254.358627
v 71.272614 84.700020 254.797211
v 70.547218 84.700020 255.522614
v 70.108635 86.500008 144.800003
v 70.547218 86.500008 145.727386
v 71.272614 86.500008 146.452789
v 72.199997 86.500008 146.891373
v 121.452782 86.500023 255.522614
v 120.727386 86.500023 254.797211
v 119.800003 86.500023 254.358627
v 119.800003 86.500008 146.891373
v 120.727386 86.500008 146.452789
v 121.452782 86.500008 145.727386
v 121.891365 86.500008 144.800003
v 131.693802 86.500008 144.800003
v 73.800003 84.700005 146.891373
v 72.199997 84.700005 146.891373
v 74.727386 84.700005 146.452789
v 75.452782 84.700005 145.727386
v 75.891365 84.700005 144.800003
v 70.108635 84.700005 144.800003
v 70.547218 84.700005 145.727386
v 71.272614 84.700005 146.452789
v 119.800003 84.700020 254.358627
v 119.800003 84.700005 146.891373
v 118.199997 84.700005 146.891373
v 120.727386 84.700005 146.452789
v 121.452782 84.700005 145.727386
v 121.891365 84.700005 144.800003
v 133.204178 84.700005 144.800003
v 131.693802 86.500008 143.199997
v 133.204178 84.700005 143.199997
v 121.891365 84.700005 143.199997
v 121.891365 86.500008 143.199997
v 116.108635 84.700005 144.800003
v 116.547218 84.700005 145.727386
v 117.272614 84.700005 146.452789
v 116.108635 84.700005 143.199997
v 75.891365 84.700005 143.199997
v 75.891365 86.500008 143.199997
v 116.108635 86.500008 143.199997
v 116.547218 86.500008 142.272614
v 117.272614 86.500008 141.547211
v 118.199997 86.500008 141.108627
v 118.199997 84.700005 141.108627
v 117.272614 84.700005 141.547211
v 116.547218 84.700005 142.272614
v 75.452782 86.500008 142.272614
v 74.727386 86.500008 141.547211
v 73.800003 86.500008 141.108627
v 73.806305 86.498344 52.788918
v 79.557709 86.496758 50.206440
v 83.924881 86.498329 49.075249
v 90.217491 86.500000 48.394928
v 97.834114 86.498680 48.305969
v 101.274406 86.500000 48.374928
v 108.322617 86.500015 49.104771
v 112.053650 86.499336 50.066376
v 115.119827 86.500008 51.256344
v 118.199997 86.500008 52.911686
v 75.452782 84.700005 142.272614
v 74.727386 84.700005 141.547211
v 73.800003 84.700005 141.108627
v 70.108635 86.500008 143.199997
v 70.108635 84.700005 143.199997
v 70.547218 86.500008 142.272614
v 71.272614 86.500008 141.547211
v 72.199997 86.500008 141.108627
v 72.199997 84.700005 141.108627
v 71.272614 84.700005 141.547211
v 70.547218 84.700005 142.272614
v 60.422192 86.493378 78.214554
v 61.054146 86.499229 72.464478
v 62.080017 86.496521 68.495354
v 63.501652 86.498077 64.786667
v 66.890717 86.498985 59.159821
v 68.762955 86.499260 56.986851
v 72.199997 86.500008 53.993584
v 121.452782 86.500008 142.272614
v 120.727386 86.500008 141.547211
v 119.800003 86.500008 141.108627
v 119.800003 86.500008 53.993580
v 123.200134 86.499352 56.947636
v 126.650505 86.497177 61.372543
v 128.567566 86.499008 64.974365
v 129.995407 86.498299 68.790352
v 130.929352 86.495903 72.624840
v 131.517059 86.500465 76.910240
v 131.681702 86.499802 81.570847
v 73.800003 84.700005 51.030087
v 72.214058 84.695366 51.969551
v 119.787781 84.695129 51.973789
v 119.800003 84.700005 141.108627
v 118.199997 84.700005 51.030087
v 93.482666 80.004616 44.037708
v 105.407524 80.003036 44.317261
v 112.531761 80.006020 45.550369
v 116.415115 80.009361 46.879116
v 119.602806 80.009018 48.362995
v 122.289009 80.000000 50.043941
v 124.986748 79.999619 52.147842
v 128.745071 80.012108 56.264496
v 130.942993 80.007874 59.634365
v 132.216049 80.003006 62.162449
v 133.599304 80.009720 65.678024
v 134.489120 80.014412 68.769760
v 135.583542 80.012627 74.961044
v 135.914444 80.000351 79.859253
v 135.955612 80.803574 80.372368
v 134.493866 80.809631 68.721176
v 132.812073 80.809143 63.520180
v 130.207947 80.802444 58.395046
v 126.906578 80.795708 54.060032
v 122.437744 80.792336 50.137756
v 113.695580 80.814194 45.915680
v 107.551971 80.804054 44.587975
v 99.951088 80.804298 44.042992
v 96.039711 80.817169 44.019627
v 112.702934 80.400597 45.640175
v 105.964050 80.403618 44.405163
v 56.095528 80.000320 78.902458
v 57.196613 79.999550 69.957047
v 58.422054 80.001831 65.629532
v 59.609638 80.001076 62.533241
v 61.380329 80.016075 59.067303
v 63.849754 80.000008 55.523735
v 66.571121 80.000008 52.584457
v 69.869102 80.004410 49.929058
v 73.680916 80.009315 47.716164
v 77.780556 80.000000 46.098423
v 82.776176 79.990211 44.843983
v 90.178062 80.000000 44.124603
v 91.359833 80.816498 44.051044
v 86.648170 80.813286 44.325050
v 80.927513 80.812393 45.220016
v 76.152588 80.812653 46.641617
v 71.064613 80.809433 49.137573
v 66.109222 80.810913 52.987885
v 64.862869 80.807213 54.302715
v 62.870106 80.806335 56.786701
v 59.965298 80.811188 61.739723
v 58.265488 80.812111 66.051865
v 57.351284 80.808556 69.368446
v 56.739334 80.815315 72.410553
v 56.031540 80.809387 81.079338
v 86.035950 80.403458 44.405151
v 79.297058 80.400429 45.640160
v 67.499374 80.396057 51.746490
v 56.342499 80.405251 75.685135
v 135.909454 79.999443 435.665863
v 135.965622 80.810387 433.534637
v 56.085613 80.000381 434.640991
v 135.261536 80.000031 441.854645
v 134.525894 80.019501 445.552856
v 133.108490 79.998680 450.233704
v 130.767303 80.021027 455.158600
v 128.338776 80.000038 458.739410
v 125.507393 80.000038 461.844574
v 122.329239 80.003052 464.436707
v 118.671928 80.011269 466.604187
v 115.549088 80.001320 467.950806
v 112.738441 80.022331 468.857330
v 106.094383 80.019753 470.069794
v 100.343773 80.005943 470.421722
v 93.479401 80.008858 470.453003
v 97.141701 80.818214 470.480652
v 105.201530 80.814613 470.195496
v 110.937881 80.812660 469.312866
v 115.760475 80.812653 467.890839
v 120.936806 80.810600 465.363647
v 125.092049 80.808975 462.245636
v 127.164764 80.808228 460.166290
v 129.172852 80.806168 457.654694
v 132.109406 80.811035 452.604858
v 133.763733 80.813026 448.358002
v 135.380615 80.811836 441.251923
v 86.595520 80.003052 470.182892
v 79.472023 80.006058 468.950562
v 75.586700 80.009407 467.621460
v 72.398521 80.009041 466.137512
v 69.715958 80.000038 464.459351
v 67.015282 79.999680 462.353699
v 63.256138 80.012138 458.236877
v 61.058167 80.007919 454.867340
v 59.784946 80.003029 452.339264
v 58.401314 80.009758 448.823120
v 57.511349 80.014473 445.731262
v 56.416687 80.012665 439.539917
v 61.360909 80.812805 455.412323
v 65.167549 80.810150 460.527374
v 69.563904 80.794922 464.362915
v 74.406334 80.809952 467.128967
v 78.056969 80.817238 468.513702
v 84.320511 80.809456 469.894714
v 91.693260 80.812851 470.455902
v 79.297119 80.400681 468.859741
v 86.035973 80.403709 470.094757
v 136.460617 80.800011 80.851913
v 136.438843 80.800034 435.059509
v 136.023712 80.800034 440.174042
v 135.407974 80.800034 443.979156
v 133.708115 80.800034 450.037109
v 132.504028 80.800034 452.921509
v 131.043472 80.800041 455.684998
v 127.778252 80.800041 460.217194
v 123.722145 80.800041 464.039276
v 120.860291 80.800041 465.988159
v 118.038635 80.800041 467.472992
v 114.205887 80.800041 468.979767
v 108.396194 80.800041 470.289337
v 104.052582 80.800041 470.773010
v 98.879547 80.800041 470.981598
v 98.273636 80.000038 470.989502
v 104.052582 80.000038 470.773010
v 108.396194 80.000038 470.289337
v 113.767426 80.000038 469.114105
v 118.038635 80.000038 467.472992
v 120.860291 80.000038 465.988159
v 123.722145 80.000038 464.039276
v 127.778252 80.000038 460.217194
v 131.043472 80.000038 455.684998
v 132.504028 80.000031 452.921509
v 133.708115 80.000031 450.037109
v 135.407974 80.000031 443.979156
v 136.023712 80.000031 440.174042
v 136.442947 80.000031 435.199707
v 89.639946 80.800041 470.873413
v 82.746651 80.800041 470.147491
v 77.411728 80.800041 468.823425
v 74.600060 80.800041 467.755493
v 70.734299 80.800041 465.779449
v 66.166466 80.800041 462.281403
v 63.108871 80.800041 458.862640
v 61.233624 80.800041 456.145447
v 59.654140 80.800034 453.253052
v 58.356358 80.800034 450.209717
v 57.326214 80.800034 447.039612
v 56.302494 80.800034 442.421204
v 55.764954 80.800034 438.067047
v 55.539398 80.800034 433.648132
v 55.592323 80.000031 436.015869
v 56.302494 80.000031 442.421204
v 57.326214 80.000031 447.039612
v 58.356358 80.000031 450.209717
v 59.654140 80.000031 453.253052
v 61.233624 80.000038 456.145447
v 63.108871 80.000038 458.862640
v 65.799286 80.000038 461.930237
v 70.300415 80.000038 465.506317
v 74.600060 80.000038 467.755493
v 77.411728 80.000038 468.823425
v 82.746651 80.000038 470.147491
v 89.639946 80.000038 470.873413
v 55.557056 80.000008 79.300301
v 55.976284 80.000008 74.325989
v 56.592033 80.000008 70.520897
v 58.291882 80.000008 64.462967
v 59.495983 80.000008 61.578587
v 60.956539 80.000008 58.815075
v 64.221771 80.000008 54.282894
v 68.277893 80.000000 50.460770
v 71.139755 80.000000 48.511875
v 73.961426 80.000000 47.027042
v 78.232796 80.000000 45.385860
v 83.603783 80.000000 44.210648
v 87.947395 80.000000 43.726959
v 93.726074 80.000000 43.510479
v 102.360046 80.000000 43.626568
v 109.253342 80.000000 44.352497
v 114.588280 80.000000 45.676544
v 117.399948 80.000000 46.744476
v 121.699524 80.000000 48.993652
v 126.200783 80.000008 52.569820
v 128.891113 80.000008 55.637337
v 130.766373 80.000008 58.354542
v 132.345856 80.000008 61.246937
v 133.643646 80.000008 64.290298
v 134.673798 80.000008 67.460419
v 135.697525 80.000008 72.078850
v 136.407684 80.000008 78.484085
v 55.561161 80.800011 79.440483
v 55.976284 80.800011 74.325989
v 56.592033 80.800011 70.520897
v 58.291882 80.800011 64.462967
v 59.495983 80.800011 61.578587
v 60.956539 80.800011 58.815075
v 64.221771 80.800011 54.282894
v 68.277893 80.800003 50.460770
v 71.139755 80.800003 48.511875
v 73.961426 80.800003 47.027042
v 77.794212 80.800003 45.520248
v 83.603783 80.800003 44.210648
v 87.947395 80.800003 43.726959
v 93.120522 80.800003 43.518391
v 102.360046 80.800003 43.626568
v 109.253342 80.800003 44.352497
v 114.588280 80.800003 45.676544
v 117.399948 80.800003 46.744476
v 121.265625 80.800003 48.720505
v 125.833527 80.800011 52.218575
v 128.891113 80.800011 55.637337
v 130.766373 80.800011 58.354542
v 132.345856 80.800011 61.246937
v 133.643646 80.800011 64.290298
v 134.673798 80.800011 67.460419
v 135.697525 80.800011 72.078850
v 136.235062 80.800011 76.432983
v 119.000000 84.700020 256.149994
v 119.838058 84.700020 256.492462
v 120.075089 84.700020 257.597015
v 119.237053 84.700020 258.354584
v 118.449997 84.700020 258.202637
v 117.895447 84.700020 257.487000
v 118.242470 84.700020 256.411926
v 119.000000 86.700020 256.149994
v 118.161942 86.700020 256.492462
v 117.924919 86.700020 257.596985
v 118.449997 86.700020 258.202637
v 119.347046 86.700020 258.325104
v 120.104561 86.700020 257.487000
v 119.757545 86.700020 256.411957
v 119.000000 84.700005 142.899994
v 119.838081 84.700005 143.242477
v 120.075081 84.700005 144.347031
v 119.550003 84.700005 144.952621
v 119.000000 84.700005 145.100006
v 118.161926 84.700005 144.757538
v 117.900002 84.700005 144.000000
v 118.242439 84.700005 143.161957
v 119.000000 86.700005 142.899994
v 118.161919 86.700005 143.242477
v 117.900002 86.700005 144.000000
v 118.242447 86.700005 144.838058
v 119.000000 86.700005 145.100006
v 119.838081 86.700005 144.757538
v 120.099998 86.700005 144.000000
v 119.757561 86.700005 143.161957
v 73.000000 84.700027 369.399994
v 73.550003 84.700027 369.547363
v 74.104561 84.700027 370.263000
v 73.757545 84.700027 371.338074
v 73.000000 84.700027 371.600006
v 72.449997 84.700027 371.452637
v 71.895439 84.700027 370.737000
v 72.242462 84.700027 369.661926
v 73.000000 86.700027 369.399994
v 72.449997 86.700027 369.547363
v 71.895439 86.700027 370.263000
v 72.242470 86.700027 371.338074
v 73.000000 86.700027 371.600006
v 73.550003 86.700027 371.452637
v 74.104561 86.700027 370.737000
v 73.757545 86.700027 369.661957
v 73.000000 84.700020 256.149994
v 73.838058 84.700020 256.492462
v 74.075089 84.700020 257.597015
v 73.237045 84.700020 258.354584
v 72.449997 84.700020 258.202637
v 71.895447 84.700020 257.487000
v 72.242470 84.700020 256.411926
v 73.000000 86.700020 256.149994
v 72.161942 86.700020 256.492462
v 71.924919 86.700020 257.596985
v 72.449997 86.700020 258.202637
v 73.347046 86.700020 258.325104
v 74.104561 86.700020 257.487000
v 73.757545 86.700020 256.411957
v 73.000000 84.700005 142.899994
v 73.838081 84.700005 143.242477
v 74.075081 84.700005 144.347031
v 73.550003 84.700005 144.952621
v 73.000000 84.700005 145.100006
v 72.161926 84.700005 144.757538
v 71.900002 84.700005 144.000000
v 72.242439 84.700005 143.161957
v 73.000000 86.700005 142.899994
v 72.161919 86.700005 143.242477
v 71.900002 86.700005 144.000000
v 72.242447 86.700005 144.838058
v 73.000000 86.700005 145.100006
v 73.838081 86.700005 144.757538
v 74.099998 86.700005 144.000000
v 73.757561 86.700005 143.161957
v 119.000000 84.700027 369.399994
v 119.550003 84.700027 369.547363
v 120.104561 84.700027 370.263000
v 119.757545 84.700027 371.338074
v 119.000000 84.700027 371.600006
v 118.449997 84.700027 371.452637
v 117.895439 84.700027 370.737000
v 118.242462 84.700027 369.661926
v 119.000000 86.700027 369.399994
v 118.449997 86.700027 369.547363
v 117.895439 86.700027 370.263000
v 118.242462 86.700027 371.338074
v 119.000000 86.700027 371.600006
v 119.550003 86.700027 371.452637
v 120.104561 86.700027 370.737000
v 119.757545 86.700027 369.661957
v 119.000000 86.700020 255.250000
v 120.000000 86.700020 255.517944
v 120.732048 86.700020 256.250000
v 121.000000 86.700020 257.250000
v 120.732048 86.700020 258.250000
v 120.000000 86.700020 258.982056
v 119.000000 86.700020 259.250000
v 118.000000 86.700020 258.982056
v 117.267952 86.700020 258.250000
v 117.000000 86.700020 257.250000
v 117.267952 86.700020 256.250000
v 118.000000 86.700020 255.517944
v 119.000000 87.800026 255.250000
v 118.000000 87.800026 255.517944
v 117.267952 87.800026 256.250000
v 117.000000 87.800026 257.250000
v 117.267952 87.800026 258.250000
v 118.000000 87.800026 258.982056
v 119.000000 87.800026 259.250000
v 120.000000 87.800026 258.982056
v 120.732048 87.800026 258.250000
v 121.000000 87.800026 257.250000
v 120.732048 87.800026 256.250000
v 120.000000 87.800026 255.517944
v 119.000000 86.700005 142.000000
v 120.000000 86.700005 142.267944
v 120.732048 86.700005 143.000000
v 121.000000 86.700005 144.000000
v 120.732048 86.700005 145.000000
v 120.000000 86.700005 145.732056
v 119.000000 86.700005 146.000000
v 118.000000 86.700005 145.732056
v 117.267952 86.700005 145.000000
v 117.000000 86.700005 144.000000
v 117.267952 86.700005 143.000000
v 118.000000 86.700005 142.267944
v 119.000000 87.800011 142.000000
v 118.000000 87.800011 142.267944
v 117.267952 87.800011 143.000000
v 117.000000 87.800011 144.000000
v 117.267952 87.800011 145.000000
v 118.000000 87.800011 145.732056
v 119.000000 87.800011 146.000000
v 120.000000 87.800011 145.732056
v 120.732048 87.800011 145.000000
v 121.000000 87.800011 144.000000
v 120.732048 87.800011 143.000000
v 120.000000 87.800011 142.267944
v 73.000000 86.700027 368.500000
v 74.000000 86.700027 368.767944
v 74.732048 86.700027 369.500000
v 75.000000 86.700027 370.500000
v 74.732048 86.700027 371.500000
v 74.000000 86.700027 372.232056
v 73.000000 86.700027 372.500000
v 72.000000 86.700027 372.232056
v 71.267952 86.700027 371.500000
v 71.000000 86.700027 370.500000
v 71.267952 86.700027 369.500000
v 72.000000 86.700027 368.767944
v 73.000000 87.800034 368.500000
v 72.000000 87.800034 368.767944
v 71.267952 87.800034 369.500000
v 71.000000 87.800034 370.500000
v 71.267952 87.800034 371.500000
v 72.000000 87.800034 372.232056
v 73.000000 87.800034 372.500000
v 74.000000 87.800034 372.232056
v 74.732048 87.800034 371.500000
v 75.000000 87.800034 370.500000
v 74.732048 87.800034 369.500000
v 74.000000 87.800034 368.767944
v 73.000000 86.700020 255.250000
v 74.000000 86.700020 255.517944
v 74.732048 86.700020 256.250000
v 75.000000 86.700020 257.250000
v 74.732048 86.700020 258.250000
v 74.000000 86.700020 258.982056
v 73.000000 86.700020 259.250000
v 72.000000 86.700020 258.982056
v 71.267952 86.700020 258.250000
v 71.000000 86.700020 257.250000
v 71.267952 86.700020 256.250000
v 72.000000 86.700020 255.517944
v 73.000000 87.800026 255.250000
v 72.000000 87.800026 255.517944
v 71.267952 87.800026 256.250000
v 71.000000 87.800026 257.250000
v 71.267952 87.800026 258.250000
v 72.000000 87.800026 258.982056
v 73.000000 87.800026 259.250000
v 74.000000 87.800026 258.982056
v 74.732048 87.800026 258.250000
v 75.000000 87.800026 257.250000
v 74.732048 87.800026 256.250000
v 74.000000 87.800026 255.517944
v 73.000000 86.700005 142.000000
v 74.000000 86.700005 142.267944
v 74.732048 86.700005 143.000000
v 75.000000 86.700005 144.000000
v 74.732048 86.700005 145.000000
v 74.000000 86.700005 145.732056
v 73.000000 86.700005 146.000000
v 72.000000 86.700005 145.732056
v 71.267952 86.700005 145.000000
v 71.000000 86.700005 144.000000
v 71.267952 86.700005 143.000000
v 72.000000 86.700005 142.267944
v 73.000000 87.800011 142.000000
v 72.000000 87.800011 142.267944
v 71.267952 87.800011 143.000000
v 71.000000 87.800011 144.000000
v 71.267952 87.800011 145.000000
v 72.000000 87.800011 145.732056
v 73.000000 87.800011 146.000000
v 74.000000 87.800011 145.732056
v 74.732048 87.800011 145.000000
v 75.000000 87.800011 144.000000
v 74.732048 87.800011 143.000000
v 74.000000 87.800011 142.267944
v 119.000000 86.700027 368.500000
v 120.000000 86.700027 368.767944
v 120.732048 86.700027 369.500000
v 121.000000 86.700027 370.500000
v 120.732048 86.700027 371.500000
v 120.000000 86.700027 372.232056
v 119.000000 86.700027 372.500000
v 118.000000 86.700027 372.232056
v 117.267952 86.700027 371.500000
v 117.000000 86.700027 370.500000
v 117.267952 86.700027 369.500000
v 118.000000 86.700027 368.767944
v 119.000000 87.800034 368.500000
v 118.000000 87.800034 368.767944
v 117.267952 87.800034 369.500000
v 117.000000 87.800034 370.500000
v 117.267952 87.800034 371.500000
v 118.000000 87.800034 372.232056
v 119.000000 87.800034 372.500000
v 120.000000 87.800034 372.232056
v 120.732048 87.800034 371.500000
v 121.000000 87.800034 370.500000
v 120.732048 87.800034 369.500000
v 120.000000 87.800034 368.767944
v 75.452782 84.700027 368.772614
v 74.727386 84.700027 368.047211
v 121.452782 84.700027 368.772614
v 120.727386 84.700027 368.047211
v 120.727386 84.700005 141.547211
v 121.452782 84.700005 142.272614
v 120.727386 84.700020 254.797211
v 121.452782 84.700020 255.522614
v 135.763580 80.812370 76.750816
v 135.426437 80.812508 73.571663
v 131.127441 80.811111 59.961002
v 128.511215 80.805466 55.957748
v 124.994057 80.810722 52.160107
v 121.157143 80.825623 49.268013
v 117.560318 80.808556 47.355782
v 110.569893 80.806908 45.104591
v 103.719551 80.810844 44.197083
v 83.298759 80.817604 44.762005
v 73.612122 80.817780 47.747868
v 69.730621 80.813484 50.011158
v 62.416222 80.819618 57.432800
v 56.296562 80.814705 76.029297
v 56.108746 80.817505 78.691322
v 56.038322 80.809700 433.927460
v 56.240166 80.813438 437.814056
v 56.587311 80.810760 441.029144
v 57.506493 80.809883 445.780914
v 59.177799 80.809601 450.957214
v 63.504215 80.816551 458.557434
v 66.846970 80.808685 462.189178
v 71.008652 80.798248 465.340027
v 81.506882 80.815247 469.409607
v 87.948540 80.815071 470.281464
v 101.380730 80.818367 470.417175
v 108.684135 80.819267 469.738586
v 118.374886 80.817528 466.759186
v 122.193665 80.816635 464.532654
v 126.321404 80.815002 461.059692
v 129.584946 80.819290 457.063477
v 134.905518 80.814995 444.003754
v 135.688141 80.809608 438.632690
v 135.893036 80.817802 435.776794
v 56.263538 81.302345 438.343231
v 56.564812 81.382034 440.884888
v 57.347050 81.328712 445.148651
v 58.400864 81.341034 448.884369
v 59.626587 81.350021 452.024261
v 61.104729 81.348030 454.969208
v 62.738750 81.326668 457.551697
v 64.710129 81.305687 460.032684
v 68.456688 81.325371 463.573425
v 73.287254 81.331963 466.602905
v 78.923103 81.306465 468.791107
v 83.403801 81.374855 469.761017
v 87.842422 81.378532 470.276550
v 92.707985 81.335022 470.482544
v 98.980476 81.364456 470.490601
v 86.030418 81.106010 470.108337
v 76.067131 81.098824 467.819885
v 104.136307 81.378540 470.278107
v 108.562798 81.374901 469.766449
v 112.923744 81.287750 468.824402
v 115.827126 81.338524 467.869995
v 118.145409 81.355568 466.877014
v 120.895721 81.348778 465.388153
v 123.901428 81.287231 463.283600
v 127.586166 81.333740 459.695679
v 130.796448 81.330284 455.142120
v 132.418243 81.342461 451.952362
v 133.398621 81.367355 449.450043
v 134.686371 81.315720 445.012970
v 135.659958 81.343758 439.014709
v 135.957047 81.398743 434.198212
v 105.969566 81.104370 470.108307
v 135.975021 81.386414 81.114235
v 93.019608 81.364388 44.009388
v 99.291550 81.334991 44.017441
v 104.157585 81.378487 44.223400
v 108.596214 81.374817 44.738895
v 113.076851 81.306419 45.708809
v 118.712868 81.331924 47.897041
v 123.543427 81.325340 50.926495
v 127.290039 81.305664 54.467274
v 129.261398 81.326630 56.948227
v 130.895386 81.347984 59.530621
v 132.373581 81.350006 62.475697
v 133.599289 81.340996 65.615494
v 134.653091 81.328682 69.351303
v 135.435303 81.382011 73.615097
v 135.736572 81.302315 76.157059
v 116.190559 84.185036 49.485802
v 105.574455 84.989136 47.413780
v 121.965370 84.580688 53.450249
v 125.531052 85.012291 57.542870
v 132.930176 84.902153 78.500076
v 105.969597 81.105919 44.391605
v 115.932938 81.098732 46.680058
v 87.863693 81.378502 44.221813
v 83.437187 81.374855 44.733456
v 79.076218 81.287689 45.675537
v 76.172813 81.338470 46.629944
v 73.854538 81.355530 47.622856
v 70.637711 81.311699 49.385231
v 68.098328 81.287155 51.216354
v 64.413612 81.333679 54.804287
v 61.203365 81.330238 59.357777
v 59.581444 81.342430 62.547771
v 58.601158 81.367340 65.049873
v 57.313442 81.315674 69.486893
v 56.339912 81.343735 75.485397
v 86.030411 81.104263 44.391621
v 97.813316 84.932648 467.507050
v 132.251190 84.873848 442.209808
v 127.770317 85.149628 453.601990
v 121.915390 84.637001 461.023407
v 116.079666 84.521523 464.730621
v 105.561615 85.043900 467.040405
v 94.186295 84.932816 46.993126
v 59.748535 84.873375 72.290268
v 64.229828 85.149460 60.897945
v 70.084198 84.636482 53.476509
v 75.920174 84.521408 49.769337
v 86.438446 85.043793 47.459499
v 75.808937 84.184502 465.014496
v 86.425545 84.988976 467.086365
v 70.034554 84.580635 461.049896
v 66.469154 85.012871 456.956848
v 59.070450 84.902939 436.000183
v 54.730042 80.799942 81.980347
v 54.789951 80.799583 436.065277
v 54.717964 81.839951 433.771332
v 54.727592 81.842651 80.536346
v 59.776394 87.798889 435.763672
v 59.709900 87.799774 81.879982
v 54.966099 81.768509 438.524170
v 55.387932 81.841263 441.879272
v 56.169605 81.784729 445.886047
v 57.360321 81.826012 449.872864
v 59.290127 81.841263 454.339691
v 61.621807 81.836525 458.210449
v 64.235603 81.842110 461.433289
v 67.413857 81.841270 464.388458
v 70.959030 81.841270 466.818024
v 75.068619 81.828842 468.834808
v 79.114571 81.817955 470.189178
v 83.206100 81.841270 471.053040
v 87.538681 81.841270 471.565399
v 94.489006 81.809036 471.812836
v 97.771133 87.798210 466.804871
v 87.010605 87.800003 466.527802
v 82.858307 87.798477 465.831787
v 79.520416 87.798790 464.923035
v 73.972305 87.798470 462.386200
v 71.109299 87.799469 460.410217
v 68.299217 87.799988 457.851624
v 66.545174 87.798363 455.832977
v 63.645176 87.800034 451.336304
v 61.528954 87.797287 446.252594
v 60.471985 87.799408 442.245239
v 94.123093 85.950768 468.352753
v 86.340454 85.967697 467.955536
v 75.900124 86.096268 465.094696
v 63.325695 85.954567 454.079437
v 61.415081 85.988167 450.336945
v 59.054729 86.058365 442.322357
v 97.510414 81.808960 42.687160
v 87.538666 81.841232 42.934540
v 82.785240 81.827774 43.510029
v 78.936325 81.841232 44.367943
v 74.825066 81.841232 45.767117
v 70.958939 81.841232 47.681839
v 67.413750 81.841232 50.111408
v 64.323051 81.833946 52.962135
v 61.608070 81.800110 56.280910
v 59.289997 81.841240 60.160202
v 57.526016 81.841240 64.190193
v 56.199051 81.772453 68.428123
v 55.387814 81.841240 72.620636
v 54.966908 81.785004 76.014168
v 59.819592 87.795456 78.135109
v 60.472118 87.799385 72.254562
v 62.019417 87.800011 66.829811
v 63.645451 87.800011 63.163353
v 66.553909 87.798340 58.657375
v 71.114998 87.799438 54.084530
v 73.980400 87.798439 52.107311
v 79.523766 87.798767 49.573643
v 82.855194 87.798454 48.667118
v 86.816071 87.798515 48.024654
v 94.092720 87.798004 47.695271
v 58.991467 85.973915 72.149170
v 59.937958 85.950058 68.113495
v 61.403080 85.962891 64.144463
v 63.329922 85.948044 60.407185
v 68.301460 87.799957 56.646488
v 75.917084 86.117523 49.415443
v 104.461319 81.841270 471.565369
v 109.214828 81.827835 470.989838
v 113.063622 81.841270 470.131927
v 117.174858 81.841270 468.732758
v 121.040962 81.841270 466.818024
v 124.586136 81.841270 464.388428
v 127.676796 81.833969 461.537781
v 130.391815 81.800125 458.218964
v 132.709854 81.841263 454.339661
v 134.473831 81.841263 450.309692
v 135.800797 81.772469 446.071747
v 136.612061 81.841263 441.879272
v 137.033005 81.785034 438.485748
v 137.272400 81.842690 433.963348
v 132.293152 87.799675 432.288422
v 132.160950 87.792809 436.687317
v 131.540894 87.796249 441.883575
v 130.670532 87.796944 445.569061
v 129.335220 87.795937 449.279541
v 127.528259 87.797783 452.818909
v 125.364571 87.797417 455.947266
v 121.141136 87.799995 460.204193
v 118.281158 87.799805 462.220886
v 115.164444 87.798904 463.870422
v 111.882759 87.798981 465.110962
v 108.483704 87.798424 465.965729
v 105.014870 87.797485 466.481995
v 123.696678 87.800018 457.855560
v 92.981209 80.803314 42.721718
v 86.467445 80.812462 43.036869
v 83.487556 80.800003 43.419159
v 78.846031 80.800476 44.402809
v 75.930161 80.804047 45.335487
v 72.855217 80.809013 46.658119
v 69.820595 80.811729 48.373985
v 67.251945 80.812340 50.245850
v 63.618481 80.800011 53.756187
v 60.160870 80.804382 58.574871
v 58.520943 80.807190 61.766548
v 57.398415 80.808006 64.585114
v 55.809723 80.800011 70.362396
v 55.001286 80.801804 75.652481
v 137.210068 80.799561 78.434326
v 136.485016 80.800011 71.942444
v 134.996323 80.799461 65.616440
v 133.411682 80.807762 61.610828
v 131.755341 80.806679 58.425018
v 128.484436 80.799576 53.814487
v 125.500237 80.803543 50.875618
v 122.810410 80.808693 48.800865
v 119.881912 80.809525 47.035709
v 116.156670 80.798485 45.328823
v 109.541046 80.801338 43.590736
v 102.392830 80.800003 42.826786
v 104.461334 81.841232 42.934551
v 108.793930 81.841232 43.446892
v 112.885521 81.817917 44.310780
v 116.931396 81.828789 45.665081
v 121.041046 81.841232 47.681862
v 124.586235 81.841232 50.111431
v 127.764534 81.842056 53.066639
v 130.378296 81.836502 56.289471
v 132.709976 81.841240 60.160221
v 134.639801 81.825981 64.627037
v 135.830521 81.784706 68.613899
v 136.612167 81.841240 72.620644
v 137.033981 81.768478 75.975853
v 137.282043 81.839912 80.728134
v 106.109192 81.319702 43.094902
v 104.990921 87.799965 47.972321
v 109.142227 87.798439 48.668270
v 112.480644 87.798752 49.577278
v 118.028374 87.798439 52.114204
v 120.891640 87.799438 54.090530
v 123.700783 87.799957 56.648476
v 125.454941 87.798340 58.667282
v 128.354568 87.800011 63.163353
v 130.470810 87.797264 68.247231
v 131.527893 87.799385 72.254501
v 132.223587 87.798866 78.736816
v 97.877075 85.951103 46.147549
v 105.659637 85.968063 46.544785
v 116.099777 86.096588 49.405563
v 128.674622 85.954102 60.420406
v 130.585327 85.987381 64.162651
v 132.945816 86.057602 72.177780
v 137.269958 80.799965 432.518707
v 99.019104 80.803345 471.778259
v 105.532631 80.812500 471.463043
v 108.512413 80.800041 471.080750
v 113.154144 80.800514 470.097046
v 116.069717 80.804085 469.164429
v 119.144699 80.809052 467.841797
v 122.179207 80.811760 466.125946
v 124.747871 80.812386 464.254059
v 128.381393 80.800041 460.743652
v 131.838943 80.804413 455.925140
v 133.478943 80.807213 452.733276
v 134.601425 80.808029 449.914795
v 136.190140 80.800034 444.137512
v 136.998611 80.801826 438.847504
v 55.515087 80.800034 442.557495
v 57.003819 80.799484 448.883545
v 58.588440 80.807785 452.889069
v 60.244820 80.806709 456.074951
v 63.515671 80.799606 460.685425
v 66.499847 80.803574 463.624268
v 69.189766 80.808723 465.699097
v 72.118172 80.809563 467.464203
v 75.843475 80.798523 469.171143
v 82.458916 80.801376 470.909149
v 89.607178 80.800041 471.673157
v 85.890831 81.319717 471.405029
v 95.999977 78.199982 44.084908
v 100.654175 78.199173 44.122639
v 109.261650 78.199905 44.891628
v 113.794876 78.199997 46.012398
v 118.248856 78.196442 47.713490
v 121.871643 78.197899 49.780178
v 125.720200 78.200005 52.924828
v 128.800949 78.197998 56.386223
v 130.814835 78.200005 59.533466
v 132.558319 78.197205 63.009739
v 133.555878 78.199051 65.639473
v 134.449982 78.197578 68.753395
v 135.478378 78.200005 74.600983
v 135.900909 78.199913 80.394318
v 135.900696 78.199944 434.009003
v 135.575089 78.198196 439.156342
v 134.828827 78.200027 443.984192
v 133.826324 78.200027 447.928528
v 132.225998 78.199547 452.288483
v 129.511993 78.200035 457.059906
v 127.258545 78.200035 459.964203
v 124.034134 78.200035 463.132202
v 120.143730 78.200035 465.760254
v 116.222527 78.198174 467.682007
v 114.213837 78.200035 468.357025
v 107.957153 78.200035 469.783051
v 100.708176 78.199783 470.369934
v 95.999977 78.200020 470.415375
v 96.000000 78.200035 464.500000
v 101.904037 78.200035 463.983459
v 107.628685 78.200035 462.449554
v 113.000000 78.200035 459.944855
v 117.854782 78.200035 456.545502
v 122.045509 78.200027 452.354767
v 125.444862 78.200027 447.500000
v 127.949547 78.200027 442.128693
v 129.483459 78.200027 436.404053
v 130.000000 78.200027 430.500000
v 130.000000 78.200005 83.999992
v 129.483459 78.200005 78.095955
v 127.949547 78.200005 72.371307
v 125.444862 78.200005 66.999992
v 122.045509 78.200005 62.145214
v 117.854782 78.200005 57.954483
v 113.000000 78.200005 54.555130
v 107.628685 78.200005 52.050442
v 101.904037 78.199997 50.516529
v 96.000000 78.199997 49.999992
v 96.000000 78.600037 470.424927
v 96.000000 78.600037 464.500000
v 96.000000 78.599998 44.075085
v 96.000000 78.599998 49.999992
v 130.000000 78.600006 83.999992
v 129.483459 78.600006 78.095955
v 127.949547 78.600006 72.371307
v 125.444862 78.600006 66.999992
v 122.045509 78.600006 62.145214
v 117.854782 78.600006 57.954483
v 113.000000 78.600006 54.555130
v 107.628685 78.600006 52.050442
v 101.904037 78.599998 50.516529
v 130.000000 78.600029 430.500000
v 101.904037 78.600037 463.983459
v 107.628685 78.600037 462.449554
v 113.000000 78.600037 459.944855
v 117.854782 78.600037 456.545502
v 122.045509 78.600029 452.354767
v 125.444862 78.600029 447.500000
v 127.949547 78.600029 442.128693
v 129.483459 78.600029 436.404053
v 135.904343 78.601036 80.575630
v 135.593765 78.616104 75.505371
v 134.852051 78.600006 70.570831
v 133.701965 78.603050 66.122688
v 132.249268 78.600792 62.305153
v 129.223907 78.605736 56.986664
v 127.305466 78.600006 54.569950
v 125.084717 78.600006 52.315693
v 122.245331 78.608131 50.034336
v 120.185219 78.599998 48.749298
v 118.356300 78.609108 47.766853
v 114.248482 78.599998 46.141762
v 107.979492 78.599998 44.709000
v 101.824120 78.599998 44.162411
v 100.153244 78.607338 470.396179
v 105.999168 78.617691 470.039307
v 112.551453 78.611084 468.855194
v 115.561028 78.602737 467.899689
v 119.139221 78.602158 466.314148
v 123.117432 78.600037 463.813416
v 126.632454 78.604424 460.674438
v 129.206741 78.600723 457.544586
v 130.864990 78.602463 454.918152
v 132.298065 78.602432 452.064606
v 133.326401 78.600029 449.476868
v 134.748322 78.601830 444.628204
v 135.650681 78.609566 438.589081
v 135.918747 78.599960 432.448761
v 135.954407 79.800011 83.999992
v 135.646332 79.798332 75.251022
v 134.419983 79.799088 68.444702
v 132.807617 79.800377 63.542820
v 131.031113 79.789909 59.818703
v 129.725571 79.800011 57.684650
v 127.183411 79.798157 54.388153
v 124.281158 79.798225 51.580246
v 120.319839 79.800003 48.797150
v 116.161423 79.796989 46.794380
v 112.687180 79.784927 45.646271
v 107.024239 79.800003 44.545372
v 100.327080 79.794388 44.079086
v 95.200264 79.800102 44.043976
v 134.529816 79.199516 69.046379
v 105.952904 79.198357 44.431744
v 135.921173 79.799644 434.376709
v 94.631416 79.800537 470.457275
v 105.394371 79.798317 470.179291
v 112.511353 79.796616 468.950378
v 118.682220 79.799690 466.630402
v 121.815361 79.792839 464.787109
v 124.539635 79.789719 462.720062
v 125.992775 79.800041 461.367065
v 128.613342 79.800041 458.376709
v 130.626648 79.800041 455.374634
v 132.210114 79.800034 452.318756
v 133.560913 79.797760 448.897217
v 134.450562 79.787224 445.850922
v 135.448349 79.800034 440.528290
v 113.300003 69.500031 391.756409
v 113.300003 69.500031 373.493317
v 113.300003 67.700027 373.493317
v 113.299957 67.700035 391.755920
v 113.699997 69.500031 373.493317
v 113.699982 69.500031 391.882843
v 113.700066 67.700027 391.883118
v 113.699997 67.700027 373.493317
v 111.942596 69.500031 373.064087
v 110.935921 69.500031 372.057404
v 110.506676 69.500031 370.700012
v 110.506676 67.700027 370.700012
v 110.935921 67.700027 372.057404
v 111.942596 67.700027 373.064087
v 115.057404 67.700027 373.064087
v 116.064079 67.700027 372.057404
v 116.493324 67.700027 370.700012
v 116.493324 69.500031 370.700012
v 116.064079 69.500031 372.057404
v 115.057404 69.500031 373.064087
v 96.150002 67.700027 370.700012
v 96.149452 67.698471 389.714111
v 101.576004 67.684563 390.035858
v 109.264809 67.680908 390.936920
v 116.683105 67.680000 393.214050
v 122.809761 67.684166 396.697174
v 128.245651 67.681396 401.884949
v 132.560989 67.692360 408.387085
v 132.628403 67.700027 370.700012
v 135.404083 69.496346 370.299927
v 134.717209 68.525162 370.299957
v 133.598450 67.826118 370.299927
v 116.493324 67.700027 370.299988
v 116.493324 69.500031 370.299988
v 133.924698 67.968033 370.700195
v 134.867325 68.688560 370.700195
v 135.400131 69.497368 370.700043
v 133.918243 67.986816 408.660217
v 134.830917 68.650612 408.518097
v 135.635284 70.270340 408.533112
v 135.650009 70.386284 105.981285
v 134.770737 68.579765 105.915359
v 134.064865 68.052666 105.829048
v 132.712524 67.686302 105.550529
v 132.628403 67.700005 143.800003
v 133.924698 67.968010 143.799866
v 134.867325 68.688538 143.799866
v 135.402267 69.499573 143.800018
v 135.400848 69.500008 144.199997
v 134.767105 68.583801 144.200104
v 133.856308 67.937523 144.200073
v 132.628403 67.700005 144.199997
v 133.326797 67.764877 257.050018
v 134.010345 68.037651 257.049957
v 134.795944 68.603622 257.049835
v 135.402939 69.496750 257.049896
v 135.400848 69.500023 257.450012
v 134.783325 68.593948 257.450195
v 133.852966 67.935265 257.450134
v 132.628403 67.700020 257.450012
v 135.393707 69.484543 274.049347
v 135.393707 69.484550 173.230209
v 113.300003 69.500031 367.506683
v 113.300003 69.500023 260.243317
v 113.300003 67.700020 260.243317
v 113.300003 67.700027 367.506683
v 113.699997 69.500023 260.243317
v 113.699997 69.500031 367.506683
v 113.699997 67.700027 367.506683
v 113.699997 67.700020 260.243317
v 111.942596 67.700027 367.935913
v 110.935921 67.700027 368.942596
v 110.506676 67.700027 370.299988
v 110.506676 69.500031 370.299988
v 110.935921 69.500031 368.942596
v 111.942596 69.500031 367.935913
v 111.942596 67.700020 259.814087
v 110.935921 67.700020 258.807404
v 110.506676 67.700020 257.450012
v 96.150002 67.700020 257.450012
v 96.150002 67.700027 370.299988
v 111.942596 69.500023 259.814087
v 110.935921 69.500023 258.807404
v 110.506676 69.500023 257.450012
v 116.493324 69.500023 257.450012
v 116.493324 67.700020 257.450012
v 116.493324 67.700020 257.049988
v 116.493324 69.500023 257.049988
v 115.057404 67.700020 259.814087
v 116.064079 67.700020 258.807404
v 116.064079 69.500023 258.807404
v 115.057404 69.500023 259.814087
v 116.064079 67.700020 255.692596
v 115.057404 67.700020 254.685928
v 113.699997 67.700020 254.256668
v 113.699997 69.500023 254.256668
v 115.057404 69.500023 254.685928
v 116.064079 69.500023 255.692596
v 115.057404 67.700027 367.935913
v 116.064079 67.700027 368.942596
v 116.493324 67.700005 144.199997
v 116.064079 67.700005 145.557404
v 115.057404 67.700005 146.564072
v 113.699997 67.700005 146.993332
v 113.300003 69.500023 254.256668
v 113.300003 69.500008 146.993332
v 113.300003 67.700005 146.993332
v 113.300003 67.700020 254.256668
v 113.699997 69.500008 146.993332
v 111.942596 69.500008 146.564072
v 110.935921 69.500008 145.557404
v 110.506676 69.500008 144.199997
v 110.506676 67.700005 144.199997
v 110.935921 67.700005 145.557404
v 111.942596 67.700005 146.564072
v 116.493324 69.500008 144.199997
v 116.064079 69.500008 145.557404
v 115.057404 69.500008 146.564072
v 111.942596 67.700020 254.685928
v 110.935921 67.700020 255.692596
v 110.506676 67.700020 257.049988
v 110.506676 69.500023 257.049988
v 110.935921 69.500023 255.692596
v 111.942596 69.500023 254.685928
v 96.150002 67.700005 144.199997
v 96.150002 67.700020 257.049988
v 116.493324 67.700005 143.800003
v 116.493324 69.500008 143.800003
v 113.300003 69.500008 122.743568
v 113.699982 69.500008 122.617126
v 113.699615 67.707283 122.571579
v 113.299873 67.700027 122.744232
v 113.699997 69.500008 141.006668
v 113.699997 67.700005 141.006668
v 113.300003 69.500008 141.006668
v 113.300003 67.700005 141.006668
v 127.984398 67.673943 112.885307
v 122.976105 67.675652 117.634697
v 118.130821 67.677116 120.557571
v 115.057404 67.700005 141.435928
v 116.064079 67.700005 142.442596
v 115.057404 69.500008 141.435928
v 116.064079 69.500008 142.442596
v 96.150002 69.500023 257.450012
v 96.150002 69.500031 370.299988
v 96.150002 69.500031 370.700012
v 96.150009 69.500031 389.714417
v 95.199997 69.500031 389.715759
v 95.199997 67.700027 389.715759
v 95.199997 69.500008 124.784225
v 96.150009 69.500008 124.785629
v 96.149460 67.698456 124.785866
v 95.199997 67.700005 124.784225
v 96.150002 69.500008 143.800003
v 96.150002 67.700005 143.800003
v 110.506676 69.500008 143.800003
v 110.506676 67.700005 143.800003
v 96.150002 69.500008 144.199997
v 96.150002 69.500023 257.049988
v 115.057404 69.500031 367.935913
v 116.064079 69.500031 368.942596
v 96.000046 36.901936 393.300476
v 101.698158 36.840889 394.099487
v 108.258865 36.840752 395.794586
v 115.032356 36.841755 398.974335
v 123.459251 36.839962 405.783600
v 129.199738 36.841187 414.601898
v 131.659851 36.841228 421.329651
v 133.093292 36.869591 430.240326
v 132.506302 36.849583 436.236633
v 131.146332 36.846222 441.840240
v 128.939667 36.847710 447.180908
v 125.882057 36.849731 452.194061
v 122.156845 36.847244 456.547668
v 117.753387 36.847942 460.332977
v 111.848206 36.852352 463.952454
v 102.680717 36.847900 466.922272
v 94.630699 36.855133 467.505737
v 94.630661 36.841267 466.473938
v 100.641953 36.841267 466.199463
v 106.523544 36.841267 464.927521
v 112.111099 36.841267 462.693665
v 117.248505 36.841267 459.560303
v 121.792213 36.841267 455.614960
v 125.615273 36.841267 450.967926
v 128.610870 36.841267 445.748962
v 130.695297 36.841267 440.103973
v 131.810318 36.841267 434.190613
v 131.924789 36.841263 428.174164
v 131.035492 36.841263 422.222687
v 129.167297 36.841263 416.502472
v 126.372383 36.841263 411.173370
v 122.728851 36.841263 406.384277
v 118.338493 36.841263 402.268951
v 113.323997 36.841263 398.942444
v 107.825447 36.841263 396.497681
v 101.996498 36.841263 395.002930
v 96.000000 36.841263 394.500000
v 137.035233 72.961815 433.754822
v 136.787979 66.413124 430.303223
v 136.904572 69.179329 414.641724
v 136.909760 69.256531 102.746811
v 136.788925 66.419594 84.452782
v 137.055695 73.291695 80.883461
v 95.999992 36.868610 467.531891
v 113.500000 67.500031 372.500000
v 112.500000 67.500031 372.232056
v 111.767952 67.500031 371.500000
v 111.500000 67.500031 370.500000
v 111.767952 67.500031 369.500000
v 112.500000 67.500031 368.767944
v 113.500000 67.500031 368.500000
v 114.500000 67.500031 368.767944
v 115.232048 67.500031 369.500000
v 115.500000 67.500031 370.500000
v 115.232048 67.500031 371.500000
v 114.500000 67.500031 372.232056
v 113.500000 67.500031 371.600006
v 114.257538 67.500031 371.338074
v 114.604561 67.500031 370.263000
v 114.050003 67.500031 369.547363
v 113.500000 67.500031 369.399994
v 112.742462 67.500031 369.661926
v 112.395439 67.500031 370.737000
v 112.949997 67.500031 371.452637
v 113.847054 69.500031 371.575073
v 114.604561 69.500031 370.737000
v 114.257545 69.500031 369.661957
v 113.500000 69.500031 369.399994
v 112.949997 69.500031 369.547363
v 112.395439 69.500031 370.263000
v 112.742462 69.500031 371.338074
v 136.471954 67.826324 102.956329
v 135.418289 66.800919 102.170113
v 133.917557 66.400009 102.957695
v 135.026245 66.400002 99.484657
v 135.864624 66.399986 95.788513
v 136.535217 66.467819 91.106911
v 136.741531 67.719803 96.136574
v 136.193192 66.923401 96.954605
v 136.779800 68.380257 100.600487
v 136.333664 67.543365 100.703995
v 113.500000 67.500008 146.000000
v 114.500000 67.500008 145.732056
v 115.232048 67.500008 145.000000
v 115.500000 67.500008 144.000000
v 115.232048 67.500008 143.000000
v 114.500000 67.500008 142.267944
v 113.500000 67.500008 142.000000
v 112.500000 67.500008 142.267944
v 111.767952 67.500008 143.000000
v 111.500000 67.500008 144.000000
v 111.767952 67.500008 145.000000
v 112.500000 67.500008 145.732056
v 113.500000 66.400009 146.000000
v 112.500000 66.400009 145.732056
v 111.767952 66.400009 145.000000
v 111.500000 66.400009 144.000000
v 111.767952 66.400009 143.000000
v 112.500000 66.400009 142.267944
v 113.500000 66.400009 142.000000
v 114.500000 66.400009 142.267944
v 115.232048 66.400009 143.000000
v 115.500000 66.400009 144.000000
v 115.232048 66.400009 145.000000
v 114.500000 66.400009 145.732056
v 96.000092 40.394161 122.292503
v 99.757774 40.626831 122.161995
v 102.599739 40.461353 121.740341
v 108.084518 40.480587 120.375122
v 110.834618 40.650337 119.409668
v 113.334320 40.428429 118.177719
v 116.769836 40.428612 116.196930
v 119.851913 40.435158 113.977806
v 122.741310 40.432018 111.417274
v 125.361664 40.429615 108.578781
v 127.684799 40.428738 105.486862
v 129.689865 40.432304 102.170723
v 131.359833 40.441521 98.659203
v 132.688431 40.448833 94.942993
v 133.596344 40.624161 91.478828
v 134.018799 40.465900 88.823921
v 134.250732 40.317631 84.007378
v 135.379807 47.797859 84.001831
v 136.340759 58.719490 83.999992
v 131.691132 66.400009 107.842094
v 129.109238 66.400009 111.830338
v 125.329926 66.400009 115.969330
v 120.910362 66.400139 119.345291
v 115.217827 66.400070 122.133720
v 109.852737 66.400009 123.641205
v 102.974213 66.400009 124.583832
v 96.000000 66.400009 124.785553
v 96.000031 54.034397 123.999496
v 96.000000 45.834240 123.121696
v 134.939011 46.013561 88.148109
v 134.298370 46.009144 92.389114
v 134.024994 49.056072 95.569595
v 133.064026 49.673820 98.948235
v 131.820831 50.270313 102.257500
v 130.299545 50.776348 105.413750
v 128.518326 51.190464 108.368263
v 126.482384 51.522633 111.101517
v 124.201378 51.725750 113.580360
v 121.674797 51.763123 115.791718
v 118.925812 51.709785 117.730873
v 115.984253 51.056725 119.285339
v 109.086861 46.005531 121.129417
v 105.868263 46.008167 122.030167
v 102.593887 46.011253 122.659119
v 99.294159 46.014793 123.025902
v 136.007416 55.863987 88.202492
v 135.494232 55.556499 92.504791
v 112.792183 52.315166 120.968201
v 109.520775 52.317303 122.072914
v 106.167236 52.319878 122.890900
v 102.769722 52.322895 123.436409
v 99.367378 52.326351 123.737190
v 135.176727 58.976265 95.938713
v 134.282700 58.974522 99.363869
v 133.091217 58.973118 102.731552
v 131.589935 58.972050 105.980980
v 129.780487 58.971317 109.060066
v 127.666740 58.970924 111.918541
v 125.264679 58.970867 114.518738
v 122.598175 58.971149 116.831108
v 119.693413 58.971767 118.830215
v 116.585503 58.972725 120.506485
v 113.311806 58.974018 121.854485
v 109.913101 58.975647 122.880287
v 106.435425 58.977615 123.607704
v 101.899239 59.651295 124.231140
v 96.000000 68.339180 470.803986
v 94.630661 69.403175 470.850433
v 94.630661 54.852604 469.989227
v 94.630661 42.787506 468.633057
v 96.000000 45.170422 468.948456
v 96.000000 53.649097 469.885803
v 113.500000 67.500008 145.100006
v 114.050003 67.500008 144.952621
v 114.575081 67.500008 144.347031
v 114.338081 67.500008 143.242477
v 113.500000 67.500008 142.899994
v 112.742447 67.500008 143.161957
v 112.400002 67.500008 144.000000
v 112.661926 67.500008 144.757538
v 113.500000 66.400032 372.500000
v 112.500000 66.400032 372.232056
v 111.767952 66.400032 371.500000
v 111.500000 66.400032 370.500000
v 111.767952 66.400032 369.500000
v 112.500000 66.400032 368.767944
v 113.500000 66.400032 368.500000
v 114.500000 66.400032 368.767944
v 115.232048 66.400032 369.500000
v 115.500000 66.400032 370.500000
v 115.232048 66.400032 371.500000
v 114.500000 66.400032 372.232056
v 96.000084 37.411358 392.788940
v 99.542107 37.494171 392.925323
v 102.834496 37.499981 393.384796
v 106.984367 37.475513 394.412720
v 110.755074 37.487583 395.773651
v 113.793152 37.651424 397.204895
v 116.237007 37.525307 398.653076
v 119.648605 37.503445 401.124207
v 123.399048 37.505009 404.587524
v 125.533211 37.504185 407.037537
v 127.661156 37.503838 409.998535
v 129.485809 37.500370 413.131622
v 130.993591 37.494431 416.411377
v 132.180069 37.485699 419.822357
v 133.036880 37.477474 423.330170
v 133.558212 37.479889 426.896881
v 133.670074 37.327431 430.470459
v 99.153748 36.990730 393.295441
v 102.245674 36.985573 393.694550
v 106.828018 36.983040 394.784546
v 111.227753 36.989407 396.430786
v 115.372490 36.991070 398.609589
v 119.220779 36.988155 401.299316
v 123.453133 36.992722 405.240784
v 125.661110 36.991241 407.876373
v 127.635727 36.990799 410.724884
v 129.338791 36.989964 413.743195
v 130.752014 36.988708 416.906250
v 131.865326 36.987221 420.187103
v 132.671356 36.985756 423.557495
v 133.163025 36.983147 426.997864
v 96.000000 80.599998 42.726784
v 101.186485 80.599396 42.747009
v 109.397057 80.599998 43.570683
v 114.836868 80.599998 44.918415
v 119.328918 80.599953 46.721577
v 124.371338 80.600029 49.921604
v 128.468887 80.600052 53.801548
v 131.445953 80.600006 57.935467
v 133.706802 80.600006 62.210129
v 135.439346 80.600006 67.244156
v 136.480515 80.600006 71.941582
v 137.219589 80.600044 78.595573
v 136.659241 65.819595 79.175438
v 136.184967 66.400009 74.166687
v 135.562988 66.400009 70.711441
v 134.451355 66.400009 66.580627
v 133.296326 66.400009 63.477421
v 131.433609 66.400009 59.697971
v 129.109238 66.400009 56.169945
v 126.334854 66.400009 52.989666
v 123.864044 66.400009 50.779182
v 119.894417 66.414284 48.053406
v 115.852783 66.400002 46.156757
v 110.620811 62.840649 44.839203
v 106.117668 70.766022 43.436592
v 100.170647 62.828384 43.461327
v 96.000023 68.634445 43.098557
v 136.724045 73.485237 75.477066
v 135.563385 73.484390 68.707352
v 134.577225 73.484070 65.323563
v 133.287094 73.483826 62.034801
v 131.688522 73.483650 58.898777
v 129.779892 73.483543 55.971317
v 127.569115 73.483498 53.298241
v 125.078087 73.483528 50.910660
v 122.330193 73.483627 48.837795
v 119.356674 73.483795 47.094532
v 116.196037 73.484032 45.682476
v 112.887672 73.484344 44.600578
v 109.477188 73.484718 43.825912
v 96.000000 37.323608 394.500000
v 95.200027 37.323612 394.506927
v 95.199997 37.325890 393.264252
v 96.000000 37.323643 393.284729
v 136.417282 66.481461 422.245819
v 135.408035 66.409363 416.406647
v 133.990219 66.412827 411.623047
v 135.373779 66.775681 412.619904
v 136.471878 67.826576 411.547394
v 136.571289 67.807098 414.748688
v 135.973160 67.056725 414.513275
v 136.765213 66.675400 426.069885
v 95.200089 80.599998 43.417542
v 102.364662 80.599998 43.526627
v 109.270668 80.599998 44.254017
v 114.619583 80.599998 45.581562
v 117.439774 80.599998 46.652748
v 121.753601 80.599998 48.909389
v 126.270622 80.600006 52.498112
v 128.970215 80.600006 55.576145
v 130.851578 80.600006 58.302197
v 132.435883 80.600006 61.203396
v 133.737320 80.600006 64.255295
v 134.770096 80.600006 67.433472
v 135.796173 80.600006 72.062408
v 136.507645 80.600006 78.478531
v 136.542923 80.600029 435.203552
v 136.122971 80.600029 440.186249
v 135.505966 80.600029 443.999084
v 133.801987 80.600029 450.071533
v 132.594513 80.600029 452.964020
v 131.129562 80.600037 455.735870
v 127.853561 80.600037 460.282898
v 123.783287 80.600037 464.118378
v 120.911491 80.600037 466.074036
v 118.080414 80.600037 467.563812
v 113.796265 80.600037 469.209930
v 108.411736 80.600037 470.388123
v 102.580795 80.600037 470.985687
v 96.000000 80.600037 471.077362
v 96.000000 80.600037 471.773224
v 102.898331 80.600166 471.661377
v 108.510422 80.600037 471.077179
v 114.061569 80.600151 469.859955
v 119.921280 80.600029 467.479248
v 124.206673 80.600037 464.672119
v 128.376144 80.600037 460.745667
v 131.726791 80.600037 456.096466
v 133.220963 80.600029 453.267273
v 134.451691 80.600029 450.320312
v 136.184418 80.600029 444.145691
v 136.941238 80.598709 439.610748
v 137.242157 80.600021 435.018707
v 95.999916 42.775326 391.778931
v 96.000023 54.695499 390.428864
v 96.000000 66.400032 389.714447
v 102.285385 66.399452 389.846588
v 109.846642 66.400032 390.858002
v 113.753105 66.400032 391.899567
v 115.851173 66.398506 392.606140
v 120.926926 66.400414 395.169922
v 125.335510 66.400032 398.533234
v 129.107986 66.400032 402.668854
v 131.690048 66.400032 406.655365
v 136.034424 54.401184 430.430695
v 134.684631 42.566330 430.498138
v 135.901550 54.770008 426.385590
v 135.128510 47.422508 426.378235
v 100.311188 41.411194 392.250427
v 134.262985 41.437004 426.350342
v 104.542358 41.333893 392.971466
v 108.690704 41.058567 394.208435
v 112.605026 40.724525 395.897278
v 116.398865 40.515869 398.048523
v 119.960411 40.539589 400.585052
v 123.206795 40.557442 403.511322
v 126.106300 40.597664 406.786224
v 128.630646 40.762154 410.344788
v 130.762955 41.166409 414.114441
v 132.452316 41.642735 418.058746
v 133.624466 41.752247 422.164734
v 100.399376 47.508488 391.366058
v 104.844337 47.736710 391.973419
v 109.273743 48.192387 393.027954
v 111.405090 48.123463 393.780334
v 113.454628 47.943684 394.668152
v 117.519333 48.429001 396.698547
v 121.666382 51.420048 398.782074
v 125.022560 51.509022 401.791748
v 127.497269 48.548985 405.692871
v 129.959976 48.271519 409.508118
v 131.971130 48.103882 413.562500
v 133.504456 47.971325 417.782928
v 134.562531 47.833534 422.083588
v 100.531342 54.937820 390.583008
v 105.143349 55.157825 391.074677
v 109.769890 55.629490 392.003784
v 112.014305 55.557919 392.695465
v 114.165359 55.406738 393.522095
v 118.582626 58.055065 395.154297
v 128.648407 55.663971 404.798065
v 131.121857 55.498920 408.798279
v 133.074844 55.357155 413.083099
v 134.502594 55.242931 417.532593
v 135.226532 53.259949 422.029327
v 122.707085 60.092152 397.496887
v 126.222244 60.130264 400.645142
v 135.775711 58.814465 421.934570
v 105.348076 61.730232 390.479095
v 110.735046 60.691982 391.603882
v 129.448898 61.724167 404.193939
v 131.923462 61.724926 408.311707
v 136.430084 61.733013 426.411652
v 136.560608 79.800011 80.849297
v 136.538818 79.800034 435.062988
v 113.500000 66.400024 259.250000
v 114.500000 66.400024 258.982056
v 115.232048 66.400024 258.250000
v 115.500000 66.400024 257.250000
v 115.232048 66.400024 256.250000
v 114.500000 66.400024 255.517944
v 113.500000 66.400024 255.250000
v 112.500000 66.400024 255.517944
v 111.767952 66.400024 256.250000
v 111.500000 66.400024 257.250000
v 111.767952 66.400024 258.250000
v 112.500000 66.400024 258.982056
v 94.630661 38.141266 466.473938
v 100.683708 38.141266 466.194031
v 106.604050 38.141266 464.902832
v 112.223969 38.141266 462.636932
v 117.384232 38.141266 459.460571
v 121.938652 38.141266 455.463684
v 125.758186 38.141266 450.759583
v 128.734634 38.141266 445.481445
v 130.783646 38.141266 439.778900
v 131.847183 38.141266 433.813446
v 131.895126 38.141262 427.754120
v 130.926102 38.141262 421.772614
v 128.967560 38.141262 416.038330
v 126.075005 38.141262 410.713776
v 122.330368 38.141262 405.949829
v 117.839760 38.141262 401.881378
v 112.730392 38.141262 398.623779
v 107.147034 38.141262 396.269257
v 101.247856 38.141262 394.884552
v 95.199997 38.141262 394.508881
v 96.000000 80.599991 43.207634
v 95.199997 80.599983 43.207115
v 113.500000 67.500023 259.250000
v 114.500000 67.500023 258.982056
v 115.232048 67.500023 258.250000
v 115.500000 67.500023 257.250000
v 115.232048 67.500023 256.250000
v 114.500000 67.500023 255.517944
v 113.500000 67.500023 255.250000
v 112.500000 67.500023 255.517944
v 111.767952 67.500023 256.250000
v 111.500000 67.500023 257.250000
v 111.767952 67.500023 258.250000
v 112.500000 67.500023 258.982056
v 96.000023 69.898994 471.449341
v 100.784683 63.722847 471.064789
v 105.231934 63.255642 470.673248
v 110.844254 63.926620 469.706909
v 115.342361 64.484703 468.340973
v 119.324020 64.857384 466.560181
v 120.762810 66.400047 465.893768
v 123.369026 64.554825 463.845825
v 126.334747 66.400040 461.510254
v 129.421875 64.680962 457.614563
v 131.433502 66.400040 454.801941
v 133.296204 66.400032 451.022491
v 134.163254 64.690125 448.350800
v 135.457169 65.194717 443.910309
v 136.199295 65.214508 439.761292
v 136.642410 65.409683 435.235718
v 99.128082 73.485970 471.556000
v 106.013794 73.484863 471.177063
v 109.477150 73.484413 470.673981
v 112.887619 73.484032 469.899323
v 116.195969 73.483727 468.817413
v 119.356590 73.483482 467.405334
v 122.330086 73.483315 465.662079
v 125.077972 73.483215 463.589203
v 127.569000 73.483185 461.201630
v 129.779770 73.483223 458.528564
v 131.688385 73.483330 455.601105
v 133.286957 73.483505 452.465088
v 134.577087 73.483749 449.176331
v 135.563248 73.484070 445.792572
v 94.632545 38.141121 467.040955
v 99.850876 38.144802 466.893829
v 103.795822 38.142464 466.238556
v 107.541466 38.142544 465.192993
v 111.674706 38.141407 463.548279
v 115.613800 38.142838 461.299133
v 118.829109 38.142750 458.976807
v 121.825958 38.143185 456.284027
v 124.505394 38.142555 453.305969
v 126.883308 38.142914 450.001038
v 129.076569 38.141338 446.094910
v 130.967728 38.141266 441.079895
v 131.843521 38.141266 437.610809
v 132.396988 38.144741 434.271271
v 132.577927 38.142529 430.500092
v 132.395370 38.144936 426.671234
v 131.752426 38.142513 422.785370
v 130.734970 38.142509 419.107330
v 129.326981 38.142204 415.524780
v 127.318657 38.141338 411.634338
v 124.610207 38.143173 407.841187
v 121.980942 38.143524 404.876343
v 118.985611 38.142487 402.145508
v 115.711205 38.142380 399.751343
v 111.674675 38.141407 397.451752
v 106.596497 38.141262 395.531097
v 103.122673 38.141262 394.655304
v 99.808212 38.143532 394.105682
v 95.201942 38.141174 393.953766
v 96.000038 37.572624 468.285858
v 99.700897 37.634453 468.089783
v 103.366051 37.637260 467.542847
v 106.959709 37.641365 466.639069
v 110.446495 37.646275 465.385712
v 113.793701 37.651421 463.796600
v 116.969833 37.656197 461.888580
v 119.634079 37.576664 459.859680
v 122.530472 37.208618 457.092773
v 125.176094 37.663109 454.443878
v 127.384895 37.661736 451.469360
v 129.292358 37.658325 448.293060
v 130.881516 37.653309 444.946075
v 132.135651 37.647152 441.459717
v 133.040833 37.640678 437.866455
v 133.589142 37.635521 434.201385
v 95.999977 54.929527 470.593719
v 95.999985 44.392883 469.440735
v 136.113129 57.080063 434.597137
v 135.142380 47.531460 434.630127
v 100.293884 41.461319 468.758728
v 134.256546 41.402428 434.669189
v 133.553116 41.332886 438.827545
v 132.361908 41.099991 442.903259
v 130.710663 40.853348 446.855194
v 128.630630 40.743153 450.648102
v 126.129242 40.682125 454.214386
v 123.229355 40.608845 457.482178
v 108.780846 41.651047 466.881012
v 134.546768 47.681545 438.892487
v 133.491348 47.863350 443.202301
v 131.950562 47.973503 447.424652
v 129.927933 48.081291 451.471191
v 127.473740 48.424011 455.294434
v 121.299416 48.965511 461.805817
v 117.528038 48.508896 464.313873
v 113.493225 48.228001 466.374298
v 111.148178 44.792934 466.647430
v 109.255699 48.083481 467.957977
v 104.872322 47.877369 469.041138
v 100.394783 47.440311 469.624847
v 104.569977 41.776569 468.102539
v 112.613014 40.825905 465.122375
v 116.400223 40.467468 462.939026
v 135.435944 55.127670 438.988617
v 134.502274 55.274868 443.482361
v 133.076431 55.446587 447.944336
v 131.131027 55.637215 452.232422
v 128.668457 55.797188 456.217102
v 125.034401 51.532394 459.202271
v 122.234665 55.762634 462.889435
v 118.354622 55.595882 465.461639
v 114.138199 55.378780 467.484436
v 111.677750 51.601414 467.765289
v 109.717705 55.383736 468.976379
v 105.137589 55.161987 469.926208
v 100.520103 54.809616 470.404816
v 131.922318 61.723980 452.687866
v 126.257973 59.797691 460.234314
v 112.459824 59.895103 468.780304
v 96.000038 39.864468 121.775848
v 96.000000 43.271858 392.194183
v 96.000000 55.367264 390.870239
v 96.000000 66.882378 390.174103
v 96.000000 66.882355 124.326096
v 96.000000 54.098068 123.523315
v 96.000000 45.589340 122.603836
v 96.000000 40.282352 121.797752
v 96.000000 40.282352 109.300003
v 96.000000 39.800007 109.300003
v 134.041412 40.477352 79.353676
v 133.600403 40.624748 76.518890
v 132.773407 40.441006 73.348213
v 131.154587 40.468239 68.811913
v 129.794373 40.603558 65.931961
v 128.250473 40.428200 63.361111
v 125.854820 40.421959 60.035892
v 123.102470 40.587498 56.890892
v 121.297050 40.409824 55.251995
v 116.885185 40.457859 51.865368
v 114.129005 40.612423 50.183105
v 110.936119 40.430424 48.719273
v 107.131866 40.611019 47.301155
v 104.470810 40.448845 46.622272
v 100.375809 40.456993 45.942322
v 95.999733 40.234478 45.777740
v 96.000000 45.834236 44.878304
v 96.000023 54.034668 44.000477
v 99.122635 48.570053 44.618492
v 102.593864 46.011658 45.340816
v 105.985321 48.754875 45.541271
v 109.465103 49.370884 46.363930
v 112.844658 50.069988 47.452980
v 121.649857 51.686260 52.204643
v 124.207008 51.909100 54.370514
v 126.541283 51.894123 56.852699
v 128.623413 51.650536 59.632023
v 130.428757 51.295956 62.632919
v 131.951614 50.888065 65.794914
v 132.464172 46.004429 69.285088
v 133.513931 46.006763 72.427551
v 134.298370 46.009548 75.610603
v 134.939056 46.013969 79.851753
v 102.706230 55.512146 44.198647
v 116.401955 56.541893 47.798748
v 119.423317 56.615871 49.441334
v 133.442566 52.316235 68.948174
v 134.417511 52.318516 72.236183
v 135.121124 52.321239 75.539299
v 135.665802 52.325562 79.873886
v 106.435371 58.977776 44.392265
v 113.311722 58.974178 46.145454
v 122.598061 58.971310 51.168774
v 125.264565 58.971027 53.481121
v 127.666626 58.971085 56.081284
v 129.780380 58.971478 58.939732
v 131.589828 58.972210 62.018795
v 133.091125 58.973278 65.268196
v 134.282623 58.974682 68.635857
v 135.176666 58.976425 72.060997
v 135.794556 58.978508 75.477264
v 136.238892 58.981812 79.898811
v 95.199997 66.882355 124.326012
v 111.942596 69.500008 141.435928
v 110.935921 69.500008 142.442596
v 113.500000 69.500008 145.100006
v 112.742447 69.500008 144.838058
v 112.400002 69.500008 144.000000
v 112.661926 69.500008 143.242477
v 113.500000 69.500008 142.899994
v 114.257568 69.500008 143.161957
v 114.599998 69.500008 144.000000
v 114.452629 69.500008 144.550003
v 114.050003 69.500008 144.952621
v 113.262955 69.500023 258.354584
v 112.424919 69.500023 257.597015
v 112.661942 69.500023 256.492462
v 113.500000 69.500023 256.149994
v 114.257538 69.500023 256.411926
v 114.604561 69.500023 257.487000
v 114.050003 69.500023 258.202637
v 96.000000 69.436295 43.548302
v 95.199997 68.365227 43.594940
v 94.631554 68.985260 470.121429
v 96.000000 40.282349 58.699997
v 95.200058 40.282360 58.709835
v 95.199997 40.282349 46.202248
v 96.000000 40.282349 46.202248
v 95.999870 79.799484 471.125275
v 94.630661 79.800041 471.173218
v 95.199997 55.303383 123.624649
v 95.199997 45.589340 122.603836
v 95.199997 40.282352 121.797752
v 96.000023 37.028751 467.896973
v 99.905998 37.125027 467.800903
v 104.737190 37.118359 466.960022
v 109.398911 37.120495 465.510590
v 113.863419 37.126007 463.455414
v 117.999672 37.124905 460.839020
v 126.305054 37.125687 452.540619
v 129.382111 37.125053 447.538452
v 131.650818 37.121319 442.088928
v 133.030151 37.116413 436.367004
v 95.200050 79.800003 43.419533
v 102.364662 79.800003 43.526627
v 109.270668 79.800003 44.254017
v 114.619583 79.800003 45.581562
v 117.439774 79.800003 46.652748
v 121.318199 79.800003 48.635300
v 125.902130 79.800011 52.145679
v 128.970215 79.800011 55.576145
v 130.851578 79.800011 58.302197
v 132.435883 79.800011 61.203396
v 133.737320 79.800011 64.255295
v 134.770096 79.800011 67.433472
v 135.796173 79.800011 72.062408
v 136.334793 79.800011 76.424957
v 102.986023 39.797779 120.794312
v 112.033897 39.800163 117.818092
v 118.434380 39.799984 113.935432
v 123.920593 39.799877 108.877777
v 128.253143 39.799797 102.902672
v 131.168320 39.799717 96.623787
v 133.029709 39.801426 89.429794
v 133.666870 39.831932 83.972343
v 102.307098 39.951794 121.387573
v 108.464310 39.949081 119.809090
v 112.500420 39.945663 118.136246
v 115.956757 39.943962 116.228287
v 119.194199 39.943172 113.970497
v 122.181519 39.943008 111.390312
v 124.886597 39.943451 108.515923
v 127.278107 39.944489 105.375694
v 129.330765 39.945885 102.003838
v 131.021790 39.942932 98.429482
v 132.347336 39.951363 94.701706
v 133.508057 39.948959 89.419342
v 95.200058 40.282364 109.290161
v 95.999992 39.828087 46.384407
v 101.387878 39.799278 46.993038
v 108.714684 39.798615 48.836544
v 116.427086 39.799095 52.576294
v 123.767082 39.798309 58.992485
v 128.001419 39.800438 64.640495
v 131.886749 39.798080 73.347359
v 101.260162 39.800007 108.747131
v 106.290436 39.800007 107.112701
v 110.870964 39.800007 104.468132
v 114.801567 39.800007 100.929001
v 117.910446 39.800007 96.650002
v 120.061729 39.800007 91.818130
v 121.161407 39.800007 86.644569
v 121.161407 39.800007 81.355431
v 120.061729 39.800007 76.181870
v 117.910446 39.800003 71.349998
v 114.801567 39.800003 67.070999
v 110.870964 39.800003 63.531868
v 106.290436 39.800003 60.887295
v 101.260162 39.800003 59.252861
v 96.000000 39.800003 58.699997
v 94.633598 51.677219 468.967255
v 100.466545 39.950493 46.354122
v 104.884087 39.952217 47.140739
v 110.819992 39.946064 49.101440
v 116.351280 39.943645 52.019947
v 121.316650 39.946938 55.797630
v 125.588486 39.941647 60.339451
v 128.123199 39.946888 63.915291
v 130.600845 39.949429 68.570770
v 132.412430 39.947029 73.520462
v 133.537186 39.952557 78.703217
v 96.000000 45.519753 45.404541
v 96.000000 55.079456 44.392902
v 95.199997 41.100006 109.287346
v 100.247322 41.100006 108.940933
v 105.124802 41.100006 107.597206
v 109.637405 41.100006 105.309883
v 113.604691 41.100006 102.170441
v 116.868004 41.100006 98.304413
v 119.296875 41.100006 93.866394
v 120.794159 41.100006 89.033844
v 121.300003 41.100006 84.000000
v 120.794159 41.100006 78.966156
v 119.296875 41.100002 74.133606
v 116.868004 41.100002 69.695587
v 113.604691 41.100002 65.829559
v 109.637405 41.100002 62.690113
v 105.124802 41.100002 60.402794
v 100.247322 41.100002 59.059059
v 95.199997 41.100002 58.712646
v 95.471344 58.143642 469.508698
v 94.636803 45.181137 468.235870
v 95.603363 41.142612 467.625427
v 95.199997 45.519753 45.404541
v 95.199997 53.894020 44.493526
v 136.122971 79.800034 440.186249
v 135.505966 79.800034 443.999084
v 133.801987 79.800034 450.071533
v 132.594513 79.800034 452.964020
v 131.129562 79.800041 455.735870
v 127.853561 79.800041 460.282898
v 123.783287 79.800041 464.118378
v 120.911491 79.800041 466.074036
v 118.080414 79.800041 467.563812
v 114.236214 79.800041 469.075134
v 108.411736 79.800041 470.388123
v 103.163841 79.800041 470.951508
v 95.199997 66.882378 390.174103
v 95.199997 45.649261 391.888245
v 95.199997 54.161819 390.971283
v 113.152962 67.500023 258.325104
v 114.050003 67.500023 258.202637
v 114.575089 67.500023 257.596985
v 114.338058 67.500023 256.492462
v 113.500000 67.500023 256.149994
v 112.742462 67.500023 256.411926
v 112.395447 67.500023 257.487000
v 95.202896 51.802231 392.018188
v 95.727859 41.324524 393.347595
v 95.205383 45.336010 392.742706
v 95.701988 58.435421 391.469269
v 95.203300 66.517471 391.003967
v 105.182350 68.118530 469.687805
v 108.517677 67.597900 469.177704
v 112.451904 68.337761 468.324799
v 115.684898 68.104362 467.198334
v 118.429657 67.312660 465.836090
v 121.168053 67.201797 464.199829
v 123.489922 67.755249 462.546844
v 127.087372 66.555107 458.791534
v 130.311157 66.542496 454.161957
v 131.796951 68.139046 451.634491
v 132.927475 66.665703 448.442078
v 134.560242 66.493576 442.210175
v 135.224533 63.294979 434.857147
v 135.490417 66.471298 430.398102
v 134.743988 54.530235 430.523987
v 133.737152 45.272533 430.500000
v 100.255730 47.178223 468.294281
v 133.779678 47.020073 434.487823
v 134.683914 61.007580 438.784760
v 133.878723 61.649807 443.475525
v 132.550751 61.002113 447.703064
v 130.704254 61.243843 452.049591
v 128.398239 62.222912 456.160187
v 125.458557 62.151161 459.709808
v 122.063278 61.500755 462.611176
v 118.243416 61.619915 465.129944
v 114.154488 61.884171 467.059692
v 109.821884 62.264187 468.433441
v 105.243507 62.134281 469.259247
v 134.574371 54.547634 434.524323
v 133.806274 52.000114 438.743225
v 133.148239 54.589268 443.103699
v 131.742935 54.617462 447.377533
v 129.838074 54.643986 451.470734
v 127.438599 54.664234 455.278290
v 124.274246 52.869350 458.496155
v 121.044876 52.705936 461.369995
v 117.390144 52.113449 463.741302
v 113.371109 51.333080 465.645081
v 109.309074 54.602055 467.608856
v 104.907410 54.572182 468.564087
v 100.474785 58.207333 469.398193
v 132.465622 49.459129 442.880798
v 130.986237 49.486935 446.996613
v 128.836182 48.465694 450.863007
v 126.488693 48.930340 454.570282
v 108.826202 47.780029 466.662018
v 104.553986 47.391319 467.698395
v 132.698700 43.919228 438.590424
v 131.658035 44.328690 442.662140
v 130.078903 44.021488 446.523163
v 112.205910 41.616684 464.025635
v 135.427292 66.477676 426.838196
v 135.077820 66.488922 422.177795
v 134.188568 66.501030 417.013733
v 132.628403 66.522919 411.789856
v 130.204987 66.750458 406.580109
v 127.235863 66.807030 402.306305
v 123.839645 66.723969 398.892944
v 120.784798 66.702667 396.612366
v 118.038063 66.759598 395.010315
v 114.648499 66.703300 393.545319
v 109.949593 66.618355 392.174988
v 102.397827 66.642334 391.149506
v 100.439346 61.417248 391.378815
v 133.802017 47.191963 426.504639
v 100.251534 47.051888 392.722961
v 127.613152 41.615654 410.883423
v 112.335854 43.677834 396.567902
v 108.514824 44.294830 394.901215
v 104.401901 44.000443 393.817047
v 133.216660 47.320549 422.380493
v 132.205002 47.652523 418.192657
v 130.729584 47.955143 414.082306
v 116.895149 48.843925 397.774323
v 134.889755 58.034958 426.523315
v 134.489166 58.554855 422.144257
v 133.663513 58.727493 417.812500
v 131.742966 54.617531 413.622498
v 129.327011 51.737949 409.658020
v 127.018158 52.412785 405.874725
v 124.270287 52.850788 402.505951
v 121.062592 52.821220 399.615295
v 117.561714 54.657326 396.815826
v 113.405754 52.633957 395.133667
v 109.309074 54.602123 393.391144
v 104.907417 54.572250 392.435883
v 100.440369 54.550266 391.928314
v 104.678619 49.443737 393.041962
v 108.940575 49.473248 394.088470
v 132.662262 62.118786 413.193085
v 130.851196 62.540699 408.833374
v 128.448425 62.229107 404.909180
v 125.550682 62.122391 401.395081
v 122.171944 62.053154 398.363464
v 118.271172 61.351006 395.933807
v 114.057693 61.030251 394.024567
v 109.768814 61.216301 392.671204
v 105.304337 62.123898 391.749908
v 132.639099 66.931137 411.511749
v 132.629257 67.376991 410.600769
v 95.209785 67.464706 390.480591
v 107.082573 66.824989 391.598694
v 130.585495 67.300728 406.633636
v 127.431015 67.311958 402.079498
v 123.503975 67.311905 398.202301
v 121.171181 67.311867 396.483826
v 118.362411 67.311859 394.835022
v 115.043434 67.311882 393.355865
v 111.173248 67.311867 392.136475
v 107.184380 67.311821 391.328674
v 102.107758 67.302689 390.793304
v 135.629715 69.650162 430.422729
v 135.658203 70.458824 414.277374
v 135.452377 69.732422 411.745697
v 135.448563 69.665298 415.822845
v 135.577133 69.837044 420.366821
v 135.350037 69.360519 408.501404
v 134.947510 69.060585 411.752686
v 134.754013 68.762749 414.081909
v 134.942017 68.772461 415.834167
v 135.239059 68.804474 418.825348
v 135.553925 68.548073 426.701599
v 133.578766 67.944710 411.360901
v 133.836273 68.016068 412.788849
v 134.480728 67.700645 417.008240
v 134.980911 67.316551 420.710083
v 135.294662 67.031975 423.931580
v 135.375107 68.111465 423.245209
v 134.882782 68.321526 417.504150
v 134.403061 68.567169 411.805603
v 134.472321 68.332100 408.838287
v 134.571487 66.695747 418.726196
v 133.679504 67.375397 414.177490
v 133.276230 67.553642 412.229736
v 133.135391 67.636360 411.160797
v 132.845901 67.698570 409.480408
v 133.010010 67.099228 412.345276
v 133.627991 66.600662 414.738281
v 133.892517 67.741867 414.168121
v 133.227676 67.780769 409.115845
v 95.203209 67.328278 123.866943
v 95.220222 67.574074 124.201340
v 96.228134 67.062798 123.689354
v 95.205246 66.715355 123.521790
v 95.201843 69.532318 44.355843
v 95.210686 67.020226 390.873230
v 95.211693 67.650925 390.073395
v 95.208992 52.967621 122.589653
v 95.201904 41.099953 121.113914
v 99.196365 68.637444 470.065277
v 104.898392 71.736458 469.914886
v 108.844833 73.073097 469.449951
v 118.581078 72.644371 466.287079
v 121.307800 72.549416 464.711273
v 123.567474 71.932014 463.007355
v 127.374031 70.650002 459.119049
v 130.546906 71.460403 454.713989
v 133.146606 71.367470 448.955933
v 134.728119 70.650093 442.775818
v 135.189026 68.632423 438.968719
v 135.539307 68.900261 434.633453
v 134.001846 68.578773 445.424042
v 128.383652 68.616028 457.526978
v 126.276161 68.619591 460.053680
v 99.682426 41.100006 120.928116
v 103.325241 41.100006 120.386658
v 106.899117 41.100006 119.487473
v 110.374733 41.100006 118.233185
v 113.704201 41.100437 116.657600
v 116.676414 41.100388 114.858101
v 119.784065 41.100006 112.502258
v 122.492889 41.100006 109.992897
v 126.093109 41.100018 105.776962
v 128.940460 41.100006 101.058167
v 131.136948 41.100170 96.026901
v 132.469223 41.100006 90.813942
v 133.094879 41.099773 85.681473
v 132.951660 41.100006 80.618439
v 132.191772 41.100006 75.615448
v 130.776901 41.101852 70.985954
v 128.940430 41.100002 66.941780
v 126.093132 41.100014 62.223072
v 122.492867 41.100002 58.007076
v 119.784042 41.100002 55.497723
v 116.847664 41.100002 53.277729
v 113.494514 41.101276 51.222771
v 110.399437 41.101856 49.739899
v 106.899109 41.100002 48.512527
v 103.325233 41.100002 47.613335
v 99.682426 41.100002 47.071884
v 95.201904 41.099949 46.886082
v 134.343796 74.402390 445.483673
v 128.781662 74.419579 457.787140
v 126.665199 74.421219 460.350372
v 112.570587 74.405510 468.685211
v 102.021400 70.649902 44.443001
v 108.535942 69.956238 45.166580
v 113.404167 71.807022 46.194683
v 118.984962 69.357834 48.720634
v 121.636345 69.581352 50.314907
v 128.170853 68.401794 56.687706
v 130.266541 72.259651 59.186523
v 133.922531 68.957306 68.619972
v 134.864258 70.650185 72.481972
v 135.446930 72.795593 75.982956
v 105.888046 74.394142 44.580334
v 115.763741 74.411072 46.855419
v 124.281982 74.421196 51.863739
v 126.665352 74.421211 54.149548
v 95.208649 53.012753 45.405621
v 111.942596 67.700005 141.435928
v 110.935921 67.700005 142.442596
v 95.692078 59.383350 123.093330
v 95.658249 45.994476 121.838875
v 95.658234 45.994316 46.161144
v 95.695908 59.385891 44.906521
v 105.853218 67.699944 124.411034
v 99.926003 68.041084 44.481651
v 105.802216 68.060463 44.881828
v 111.361938 67.284424 45.961555
v 113.312782 66.521362 46.617790
v 116.285332 68.126610 47.535469
v 120.060791 66.548775 49.690155
v 123.636871 67.909180 52.027885
v 125.925095 68.199554 54.109886
v 130.306488 67.119766 60.192558
v 131.807709 68.740417 62.722862
v 133.045059 68.448540 65.864082
v 134.292999 66.498894 70.971176
v 135.211578 68.247246 75.791641
v 135.520248 68.285820 80.332245
v 135.490158 66.471237 84.114281
v 132.628342 67.343620 103.807610
v 132.634567 66.524544 102.695793
v 130.241364 66.704445 107.836403
v 127.238808 66.718102 112.154572
v 123.942581 66.623466 115.495293
v 120.841927 66.670479 117.840462
v 118.042053 66.714806 119.472397
v 114.670464 66.670647 120.935905
v 108.890747 66.541534 122.527863
v 102.712296 66.610458 123.314552
v 130.594635 67.307686 107.898804
v 130.742126 67.581558 108.360565
v 127.468094 67.388664 112.501404
v 123.517914 67.388649 116.391609
v 118.343124 67.388596 119.765350
v 121.158913 67.388596 118.120583
v 115.014030 67.388603 121.241310
v 111.048103 66.726639 122.071800
v 111.128212 67.388603 122.458290
v 109.856636 67.641388 123.302185
v 107.116287 67.388580 123.263603
v 102.068176 67.392006 123.803833
v 102.083130 67.646164 124.298759
v 133.861557 46.232166 84.000000
v 134.733475 54.472496 83.995476
v 133.684586 46.397381 79.978867
v 133.449799 48.935333 75.873268
v 130.705444 50.741768 66.275238
v 129.239197 51.193436 63.235462
v 127.517288 51.555367 60.384197
v 125.549919 51.863598 57.741371
v 123.342766 52.084949 55.332478
v 120.897812 52.149548 53.184517
v 118.203194 52.013981 51.307316
v 108.706566 46.447704 48.052319
v 105.586472 46.426952 47.187035
v 102.409409 46.409145 46.583553
v 99.204170 46.397541 46.232056
v 134.660233 55.376915 79.909668
v 132.760101 56.634285 69.046303
v 115.388252 52.732006 49.548164
v 112.342827 52.710449 48.199280
v 109.175751 52.686275 47.137405
v 105.922089 52.662483 46.351109
v 102.617302 52.642170 45.826832
v 99.271721 55.130863 45.288212
v 134.521744 59.191818 75.660210
v 131.909653 59.247177 65.745644
v 130.463120 59.265373 62.605328
v 128.722290 59.280369 59.636395
v 126.691498 59.290356 56.885948
v 124.385490 59.294270 54.388271
v 121.825699 59.291527 52.169388
v 119.035507 59.281918 50.251614
v 116.045692 59.266647 48.643005
v 112.888916 59.247276 47.347881
v 109.601585 59.225788 46.360317
v 106.225883 59.204781 45.658516
v 102.804565 59.186935 45.217686
v 134.375168 66.517586 96.723846
v 135.075272 66.487907 92.348862
v 135.423248 66.490257 87.824547
v 134.952057 59.176281 88.023201
v 134.521759 59.191936 92.339767
v 133.059555 59.227764 98.991676
v 131.909683 59.247295 102.254349
v 130.463150 59.265491 105.394669
v 128.722321 59.280487 108.363602
v 126.691521 59.290470 111.114052
v 124.385513 59.294384 113.611732
v 121.825722 59.291645 115.830620
v 118.737793 56.961189 117.502121
v 115.806015 56.903107 119.093048
v 112.888924 59.247395 120.652122
v 109.601593 59.225906 121.639687
v 106.225891 59.204899 122.341484
v 102.920898 55.845562 122.494049
v 99.385590 55.846535 122.766983
v 134.393555 52.629574 88.023247
v 133.869415 52.646732 92.242401
v 132.251831 52.687366 98.645981
v 130.839874 51.181950 101.588249
v 129.359482 51.702713 104.728813
v 127.613014 51.984070 107.617752
v 125.603897 52.171417 110.289612
v 123.349709 52.205925 112.696907
v 120.875603 52.045364 114.809654
v 112.345673 50.719475 119.446777
v 109.132881 49.798477 120.433449
v 105.758087 49.199348 121.229332
v 133.684601 46.397419 88.021133
v 133.069473 46.411285 92.135094
v 131.304153 46.446056 98.272072
v 102.409409 46.409187 121.416451
v 99.204170 46.397583 121.767944
v 135.619873 69.406242 84.132027
v 134.296906 67.247345 97.607712
v 133.231491 67.435257 102.089554
v 133.200241 67.670685 103.232712
v 135.292770 67.059174 90.625114
v 134.898163 67.313721 94.438644
v 134.107834 67.746094 99.400284
v 133.670395 67.955040 102.343758
v 133.860580 68.146042 103.111450
v 133.400116 67.825233 105.330780
v 134.796951 68.390617 97.813606
v 135.108841 68.112717 94.415062
v 135.517044 68.267998 88.555206
v 135.409653 68.531174 91.652092
v 135.258209 68.813263 95.267769
v 134.893402 68.765900 99.166618
v 135.024857 69.076653 100.390602
v 134.545105 68.683121 102.509407
v 134.891006 68.981102 103.023392
v 135.557709 69.406494 91.677269
v 135.660599 70.477013 96.720444
v 135.602478 70.175133 101.050735
v 135.475555 69.663231 106.009598
v 133.564667 66.612480 99.927368
v 132.734543 66.938553 102.722282
v 135.464615 69.548553 96.654770
v 135.366943 69.616028 102.352051
v 135.219864 69.152519 105.910126
v 91.814461 87.850029 424.926971
v 101.538284 87.850029 424.926971
v 101.538284 87.850029 423.444916
v 90.486229 87.850029 423.444916
v 90.486229 87.850029 427.567261
v 91.814461 87.850029 427.706451
v 97.205894 87.850029 405.056061
v 101.538284 87.850029 407.111176
v 101.538284 87.850029 405.468323
v 96.401886 87.850029 403.321075
v 101.538284 87.850029 403.310211
v 101.538284 87.850029 401.851318
v 90.486450 87.850029 401.851318
v 90.486450 87.850029 403.310211
v 94.143707 87.850029 403.310211
v 95.655457 87.850029 404.049438
v 90.486450 87.850029 405.646881
v 90.486450 87.850029 407.259613
v 93.667381 87.850029 381.376129
v 94.238083 87.850029 382.484802
v 95.110031 87.850029 383.359344
v 96.216690 87.850029 383.933014
v 97.491508 87.850029 384.138947
v 99.059471 87.850029 383.822418
v 100.339928 87.850029 382.959137
v 101.203262 87.850029 381.678680
v 101.519844 87.850029 380.110626
v 101.271446 87.850029 378.715454
v 100.585854 87.850029 377.531982
v 101.513550 87.850029 377.531982
v 101.513550 87.850029 376.082306
v 91.909142 87.850029 376.082306
v 91.909142 87.850029 372.712677
v 101.513550 87.850029 372.712677
v 101.513550 87.850029 371.263458
v 90.486229 87.850029 371.263458
v 90.486229 87.850029 377.532196
v 94.397163 87.850029 377.532196
v 93.735466 87.850029 378.654266
v 93.466774 87.850029 379.972321
v 90.504219 87.850029 380.652191
v 90.504219 87.850029 384.060242
v 91.927361 87.850029 384.060242
v 91.927361 87.850029 381.775299
v 100.018890 87.850029 380.110840
v 99.820290 87.850029 381.094574
v 99.278671 87.850029 381.897919
v 98.475319 87.850029 382.439606
v 97.491508 87.850029 382.638245
v 96.507698 87.850029 382.439606
v 95.704346 87.850029 381.897919
v 95.162727 87.850029 381.094574
v 94.964127 87.850029 380.110840
v 95.162727 87.850029 379.127045
v 95.704346 87.850029 378.323700
v 96.507698 87.850029 377.782074
v 97.491508 87.850029 377.583466
v 98.475319 87.850029 377.782104
v 99.278671 87.850029 378.323761
v 99.820290 87.850029 379.127136
v 94.250000 87.850014 193.699997
v 97.750000 87.850014 193.699997
v 97.750000 87.850006 73.699989
v 94.250000 87.850006 73.699989
v 101.538284 87.850029 393.847260
v 97.083771 87.850029 393.847260
v 97.083771 87.850029 391.817139
v 101.538284 87.850029 391.817139
v 101.538284 87.850029 390.334839
v 90.486229 87.850029 390.334839
v 90.486229 87.850029 391.817139
v 95.720901 87.850029 391.817139
v 95.720901 87.850029 393.847260
v 90.486229 87.850029 393.847260
v 90.486229 87.850029 395.329315
v 101.538284 87.850029 395.329315
v 93.734177 87.850029 415.912476
v 93.181831 87.850029 415.912476
v 92.083267 87.850029 415.742188
v 91.907608 87.850029 415.627014
v 91.778076 87.850029 415.473480
v 91.697960 87.850029 415.276917
v 91.670532 87.850029 415.032684
v 91.699409 87.850029 414.785767
v 91.783089 87.850029 414.585236
v 91.917114 87.850029 414.426910
v 92.097046 87.850029 414.306702
v 93.186775 87.850029 414.123657
v 98.985489 87.850029 414.123657
v 99.555473 87.850029 414.165100
v 99.982346 87.850029 414.307739
v 100.137123 87.850029 414.425598
v 100.250153 87.850029 414.579071
v 100.342964 87.850029 415.006592
v 100.244789 87.850029 415.441895
v 100.127411 87.850029 415.593323
v 99.969269 87.850029 415.706818
v 99.000336 87.850029 415.874237
v 98.379623 87.850029 415.874237
v 98.379623 87.850029 417.366211
v 98.847855 87.850029 417.366211
v 99.923714 87.850029 417.277588
v 100.832001 87.850029 416.934082
v 101.188011 87.850029 416.630371
v 101.459785 87.850029 416.219208
v 101.694138 87.850029 415.016479
v 101.500519 87.850029 413.951111
v 100.944672 87.850029 413.201660
v 100.064133 87.850029 412.758789
v 98.896431 87.850029 412.613251
v 93.302597 87.850029 412.613251
v 92.138000 87.850029 412.705139
v 91.194344 87.850029 413.056641
v 90.833588 87.850029 413.365234
v 90.561928 87.850029 413.781372
v 90.331055 87.850029 414.993103
v 90.613197 87.850029 416.297516
v 90.930313 87.850029 416.724152
v 91.333160 87.850029 417.027557
v 93.327560 87.850029 417.416138
v 93.734177 87.850029 417.416138
v 96.154732 87.850029 437.036041
v 96.369514 87.850029 437.422333
v 96.777687 87.850029 437.785645
v 97.453041 87.850029 438.055359
v 98.469360 87.850029 438.160950
v 98.925896 87.850029 438.160950
v 100.144531 87.850029 437.991241
v 100.952492 87.850029 437.492462
v 101.400246 87.850029 436.680115
v 101.538284 87.850029 435.569702
v 101.538284 87.850029 433.389587
v 90.486450 87.850029 433.389587
v 90.486450 87.850029 434.871643
v 95.520973 87.850029 434.871643
v 95.520973 87.850029 435.388672
v 95.444519 87.850029 436.015228
v 95.336990 87.850029 436.228668
v 95.172638 87.850029 436.385864
v 94.620735 87.850029 436.568939
v 90.486450 87.850029 436.723663
v 90.486450 87.850029 438.159180
v 92.091759 87.850029 438.061829
v 93.888000 87.850029 438.055023
v 94.831215 87.850029 437.989746
v 95.473831 87.850029 437.796021
v 95.890213 87.850029 437.477051
v 100.302933 87.850029 435.430511
v 100.201736 87.850029 436.057343
v 100.078629 87.850029 436.274506
v 99.910179 87.850029 436.436707
v 99.446281 87.850029 436.623840
v 98.612907 87.850029 436.682556
v 97.641212 87.850029 436.610565
v 97.131477 87.850029 436.399261
v 96.962189 87.850029 436.227875
v 96.845444 87.850029 436.007202
v 96.756104 87.850029 435.401703
v 96.756104 87.850029 434.871643
v 100.302933 87.850029 434.871643
vn -0.0000 -1.0000 -0.0000
vn 0.0001 -1.0000 -0.0001
vn 0.0831 -0.6829 -0.7258
vn -0.0000 -1.0000 -0.0001
vn 0.1501 -0.6779 -0.7197
vn 0.2160 -0.6767 -0.7039
vn 0.2933 -0.6742 -0.6778
vn 0.3719 -0.6717 -0.6407
vn -0.0001 -1.0000 -0.0000
vn 0.0002 -1.0000 -0.0001
vn 0.5477 -0.6720 -0.4984
vn 0.0006 -1.0000 -0.0001
vn 0.6114 -0.6679 -0.4244
vn 0.0004 -1.0000 -0.0000
vn 0.6546 -0.6732 -0.3440
vn 0.6951 -0.6771 -0.2417
vn 0.7153 -0.6774 -0.1719
vn 0.7295 -0.6832 -0.0336
vn 0.7228 -0.6829 -0.1057
vn 0.7240 -0.6891 0.0303
vn 0.7017 -0.6780 0.2187
vn 0.6778 -0.6758 0.2896
vn 0.7222 -0.6841 0.1022
vn 0.6472 -0.6732 0.3576
vn 0.0005 -1.0000 -0.0000
vn 0.6079 -0.6703 0.4257
vn 0.0003 -1.0000 0.0001
vn 0.5569 -0.6702 0.4907
vn 0.0002 -1.0000 0.0001
vn 0.4950 -0.6705 0.5526
vn 0.4166 -0.6741 0.6100
vn 0.3318 -0.6811 0.6527
vn 0.2779 -0.6762 0.6823
vn 0.0001 -1.0000 0.0001
vn 0.2073 -0.6776 0.7056
vn 0.1509 -0.6803 0.7172
vn -0.0000 -1.0000 0.0001
vn 0.0883 -0.6837 0.7244
vn 0.0330 -0.6868 0.7261
vn 0.6734 -0.7393 -0.0000
vn 0.3126 -0.2711 0.9104
vn 0.6733 0.7393 -0.0000
vn 0.7143 0.6998 -0.0000
vn 0.7096 0.7046 -0.0000
vn 1.0000 -0.0000 -0.0000
vn 0.9861 -0.0000 -0.1659
vn 0.9449 -0.0000 -0.3272
vn 0.8776 -0.0000 -0.4795
vn 0.7858 -0.0000 -0.6184
vn 0.6724 -0.0000 -0.7402
vn 0.5402 -0.0000 -0.8415
vn 0.3931 -0.0000 -0.9195
vn 0.2351 -0.0000 -0.9720
vn 0.0706 -0.0000 -0.9975
vn 0.0706 -0.0000 0.9975
vn 0.2351 -0.0000 0.9720
vn 0.3931 -0.0000 0.9195
vn 0.5402 -0.0000 0.8415
vn 0.6723 -0.0000 0.7402
vn 0.7858 -0.0000 0.6184
vn 0.8776 -0.0000 0.4795
vn 0.9449 -0.0000 0.3272
vn 0.9861 -0.0000 0.1659
vn 0.7089 0.7053 -0.0025
vn 0.7464 0.6636 -0.0494
vn -0.0000 1.0000 -0.0000
vn -0.0001 1.0000 -0.0000
vn -0.0001 1.0000 -0.0001
vn -0.0000 1.0000 -0.0001
vn 0.0001 1.0000 -0.0000
vn 0.7244 0.6876 0.0492
vn 0.6977 0.7092 0.1009
vn 0.9992 0.0392 -0.0042
vn 0.9977 0.0519 -0.0432
vn 0.9934 0.0463 -0.1045
vn 0.9809 0.0627 -0.1841
vn 0.9385 0.0835 -0.3351
vn 0.9139 0.0650 -0.4007
vn 0.7577 0.0935 -0.6459
vn 0.6710 0.0551 -0.7394
vn 0.6373 0.1047 -0.7635
vn 0.5766 0.0574 -0.8150
vn 0.5440 0.1046 -0.8325
vn 0.4351 0.0923 -0.8957
vn 0.3629 0.0792 -0.9284
vn 0.2947 0.0831 -0.9520
vn 0.2025 0.0760 -0.9763
vn 0.1162 0.0674 -0.9909
vn 0.0281 0.0289 -0.9992
vn 0.0058 0.0451 -0.9990
vn 0.0092 0.0255 -0.9996
vn 0.0027 0.0237 -0.9997
vn 0.0114 0.0278 -0.9995
vn 0.6291 0.0326 -0.7766
vn 0.0549 0.0233 -0.9982
vn 0.0759 0.0263 -0.9968
vn 0.1539 0.0226 -0.9878
vn 0.1931 0.0300 -0.9807
vn 0.2796 0.0193 -0.9599
vn 0.2894 0.0434 -0.9562
vn 0.3815 0.0406 -0.9235
vn 0.4085 0.0233 -0.9125
vn 0.5056 0.0311 -0.8622
vn 0.5216 0.0204 -0.8530
vn 0.6070 0.0294 -0.7942
vn 0.6326 0.0202 -0.7742
vn 0.7106 0.0295 -0.7030
vn 0.7365 0.0202 -0.6762
vn 0.8028 0.0294 -0.5955
vn 0.8262 0.0206 -0.5630
vn 0.8751 0.0293 -0.4830
vn 0.8920 0.0213 -0.4514
vn 0.9267 0.0289 -0.3747
vn 0.9356 0.0221 -0.3525
vn 0.9614 0.0286 -0.2738
vn 0.9641 0.0229 -0.2647
vn 0.9827 0.0282 -0.1831
vn 0.9827 0.0246 -0.1833
vn 0.6736 0.7386 -0.0273
vn 0.8768 0.0820 -0.4739
vn 0.6875 0.7260 0.0147
vn 0.3358 0.9419 -0.0000
vn 0.6486 0.5959 0.4734
vn 0.6418 0.7669 -0.0000
vn 0.3901 0.8744 0.2886
vn -0.1805 0.8916 0.4153
vn -0.5912 0.0017 0.8065
vn -1.0000 -0.0000 -0.0000
vn 0.0001 1.0000 -0.0002
vn -0.0006 1.0000 0.0003
vn 0.0730 0.9865 0.1466
vn -0.0008 1.0000 0.0004
vn 0.0716 0.9829 0.1697
vn -0.0003 1.0000 0.0005
vn 0.1157 0.7215 0.6827
vn 0.1057 0.9916 0.0745
vn 0.1376 0.9851 0.1033
vn 0.1070 0.9850 0.1353
vn -0.0667 -0.0000 0.9978
vn -0.5191 -0.0000 0.8547
vn -0.8547 -0.0000 0.5191
vn -0.9978 -0.0000 0.0667
vn 0.0895 0.7531 -0.6517
vn 0.3274 0.6630 -0.6733
vn -0.0000 -0.0000 -1.0000
vn 0.5289 0.5200 -0.6707
vn -0.0000 0.0001 -1.0000
vn 0.9787 0.0808 0.1889
vn 0.5485 0.5054 0.6661
vn -0.0000 -0.0000 1.0000
vn 0.3143 0.6825 0.6598
vn 0.4668 0.8827 -0.0539
vn 0.6972 0.7169 -0.0059
vn 0.9266 0.3758 -0.0149
vn 0.8984 0.4391 -0.0001
vn 0.8990 0.4379 -0.0004
vn 0.7615 0.6313 0.1469
vn 0.1616 0.7286 0.6656
vn 0.3614 0.6233 0.6934
vn 0.8903 0.3767 -0.2560
vn 0.9975 0.0687 -0.0176
vn 0.8928 0.4124 0.1810
vn 0.8351 0.5032 -0.2224
vn 0.3266 0.6661 -0.6706
vn 0.2867 0.6905 0.6641
vn 0.5154 0.5385 0.6667
vn 0.5303 0.5188 -0.6706
vn 0.0152 0.9999 0.0002
vn 0.1085 0.7562 -0.6453
vn 0.5352 0.5078 -0.6750
vn 0.7455 0.6665 -0.0052
vn 0.4267 0.9039 0.0281
vn 0.3105 0.6823 -0.6619
vn 0.0368 0.9993 0.0057
vn 0.0871 0.7509 -0.6546
vn 0.9466 0.3223 -0.0026
vn 0.9904 0.1352 -0.0277
vn 0.5318 0.5175 0.6704
vn 0.0038 1.0000 -0.0002
vn 0.0021 1.0000 -0.0000
vn -0.9978 -0.0000 -0.0667
vn -0.8547 -0.0000 -0.5191
vn -0.5191 -0.0000 -0.8547
vn -0.0667 -0.0000 -0.9978
vn 0.0667 -0.0000 0.9978
vn 0.5191 -0.0000 0.8547
vn 0.8547 -0.0000 0.5191
vn 0.9978 -0.0000 0.0667
vn -0.0051 0.9998 -0.0174
vn 0.0004 0.9999 -0.0149
vn 0.0104 -0.0000 -0.9999
vn 0.0041 -0.0000 -1.0000
vn 0.0041 -0.0000 1.0000
vn 0.0104 -0.0000 0.9999
vn 0.9978 -0.0000 -0.0667
vn 0.8547 -0.0000 -0.5191
vn 0.5191 -0.0000 -0.8547
vn 0.0667 -0.0000 -0.9978
vn 0.0014 0.9995 -0.0304
vn -0.0683 0.9752 -0.2106
vn 0.4604 0.8695 -0.1788
vn 0.0301 0.9766 -0.2131
vn 0.0027 1.0000 0.0011
vn -0.0999 0.9652 -0.2417
vn -0.3358 0.9419 -0.0000
vn -0.4885 0.5629 -0.6667
vn -0.5891 -0.0006 -0.8080
vn 0.3001 -0.0002 -0.9539
vn 0.3023 -0.0007 -0.9532
vn 1.0000 0.0001 -0.0000
vn 0.0036 1.0000 -0.0005
vn 0.2943 0.9075 0.2998
vn -0.0100 0.0360 0.9993
vn 0.5794 0.5862 0.5663
vn 0.0147 0.0527 0.9985
vn 0.5792 0.5845 -0.5682
vn 0.0032 0.0387 -0.9992
vn 0.2929 0.9079 -0.2998
vn -0.0056 0.0505 -0.9987
vn -0.8458 -0.5316 0.0459
vn -0.9876 -0.1085 0.1137
vn -0.9498 -0.3128 -0.0068
vn -0.7422 -0.6572 0.1314
vn -0.8785 -0.4729 0.0684
vn -0.9853 -0.1601 0.0589
vn -0.9986 -0.0509 -0.0160
vn -0.9920 -0.1233 0.0263
vn -0.9050 -0.4078 0.1208
vn -0.7704 -0.5925 0.2354
vn -0.3422 -0.9386 0.0449
vn -0.5089 -0.8597 0.0430
vn -0.0027 -1.0000 0.0011
vn 0.6287 -0.3626 0.6880
vn 1.0000 0.0001 -0.0011
vn 1.0000 0.0001 -0.0009
vn 1.0000 0.0001 -0.0010
vn 0.5524 -0.7508 -0.3623
vn 0.7038 0.7104 -0.0001
vn -0.0252 0.0687 0.9973
vn 0.0221 0.0975 0.9950
vn 0.0009 0.1284 0.9917
vn -0.0000 0.1286 0.9917
vn -0.0000 0.1761 0.9844
vn 0.0095 0.1369 -0.9905
vn -0.0076 0.1677 -0.9858
vn 0.0480 -0.9972 0.0565
vn -0.9089 -0.4171 0.0020
vn -0.6888 -0.7250 -0.0018
vn -0.3720 -0.9283 0.0005
vn -0.6542 -0.6824 -0.3261
vn -0.4548 -0.8906 0.0027
vn -0.6941 -0.7199 0.0017
vn -0.8478 -0.5302 -0.0038
vn -0.9117 -0.4107 -0.0001
vn -0.9934 -0.1023 0.0511
vn -0.0000 1.0000 -0.0002
vn 0.6990 0.7151 0.0002
vn 0.0002 1.0000 -0.0001
vn 0.0003 1.0000 -0.0002
vn -0.7132 0.6821 0.1614
vn -0.0014 1.0000 -0.0000
vn -0.7275 0.6821 0.0744
vn -0.0001 1.0000 0.0001
vn -0.7253 0.6882 0.0208
vn 0.7023 0.7119 -0.0000
vn 0.7038 0.7104 -0.0000
vn 0.9994 -0.0115 -0.0328
vn 0.9990 -0.0120 -0.0419
vn 0.9989 0.0458 0.0079
vn 0.9976 -0.0511 0.0478
vn -0.9986 -0.0429 0.0316
vn -0.9988 -0.0377 -0.0318
vn -0.9984 -0.0219 -0.0522
vn -0.9981 -0.0606 0.0089
vn -0.9649 -0.2591 -0.0416
vn 0.0029 -0.0000 -1.0000
vn 0.0852 -0.0000 -0.9964
vn 0.1671 -0.0000 -0.9859
vn 0.1675 -0.0020 -0.9859
vn 0.2737 -0.0069 -0.9618
vn 0.3134 0.0053 -0.9496
vn 0.4132 0.0024 -0.9106
vn 0.4136 -0.0000 -0.9104
vn 0.5126 -0.0000 -0.8586
vn 0.6114 -0.0000 -0.7913
vn 0.7532 -0.0000 -0.6578
vn 0.8609 -0.0000 -0.5088
vn 0.9049 -0.0000 -0.4257
vn 0.9385 -0.0000 -0.3452
vn 0.9801 -0.0000 -0.1985
vn 0.9929 -0.0000 -0.1190
vn 0.9929 -0.0010 -0.1188
vn 0.0090 0.0743 -0.9972
vn -0.0116 0.0996 -0.9950
vn -0.5179 -0.0089 -0.8554
vn -0.4819 0.0089 -0.8762
vn 0.2605 -0.0106 -0.9654
vn 0.3429 0.0172 -0.9392
vn 0.9511 -0.0198 -0.3083
vn 0.9778 0.0198 -0.2085
vn 0.7666 -0.0172 0.6419
vn 0.7083 0.0106 0.7058
vn 0.0209 -0.0089 0.9997
vn -0.0209 0.0089 0.9997
vn -0.7083 -0.0106 0.7058
vn -0.7666 0.0172 0.6419
vn -0.9848 -0.0172 -0.1726
vn -0.9663 0.0106 -0.2571
vn -0.4765 0.0113 -0.8791
vn -0.5231 -0.0113 -0.8522
vn 0.2189 -0.0157 -0.9756
vn 0.0391 0.0069 -0.9992
vn 0.7355 0.0157 -0.6774
vn 0.8458 -0.0069 -0.5335
vn 0.9996 0.0113 0.0270
vn 0.9997 0.0089 0.0208
vn 0.7313 -0.0083 0.6820
vn 0.6820 0.0083 0.7313
vn 0.0208 -0.0089 0.9997
vn -0.0208 0.0089 0.9997
vn -0.6820 -0.0083 0.7313
vn -0.7616 0.0291 0.6474
vn -0.9976 -0.0153 0.0673
vn -0.9644 0.0235 -0.2632
vn -0.8561 -0.0000 -0.5167
vn 1.0000 -0.0000 -0.0002
vn -0.0443 -0.0700 0.9966
vn -0.0040 -0.0467 0.9989
vn -0.0116 -0.0354 0.9993
vn -0.0050 -0.0202 0.9998
vn -0.0575 -0.0202 0.9981
vn -0.1076 -0.0520 0.9928
vn -0.1544 -0.0205 0.9878
vn -0.1828 -0.0497 0.9819
vn -0.2990 -0.0108 0.9542
vn -0.2668 -0.0549 0.9622
vn -0.3634 -0.0586 0.9298
vn -0.4683 -0.0084 0.8835
vn -0.4583 -0.0652 0.8864
vn -0.5567 -0.0645 0.8282
vn -0.6431 -0.0099 0.7657
vn -0.6503 -0.0683 0.7566
vn -0.7334 -0.0673 0.6765
vn -0.7503 -0.0116 0.6610
vn -0.8061 -0.0653 0.5881
vn -0.8756 -0.0091 0.4830
vn -0.8650 -0.0649 0.4976
vn -0.9119 -0.0595 0.4060
vn -0.9350 -0.0147 0.3544
vn -0.9460 -0.0559 0.3193
vn -0.9700 -0.0502 0.2380
vn -0.9385 -0.1115 0.3269
vn -0.9810 -0.0678 0.1815
vn -0.9892 -0.0760 0.1257
vn -0.9966 -0.0594 0.0566
vn -0.9060 -0.1028 0.4106
vn -0.8640 -0.1108 0.4912
vn -0.7570 -0.1210 0.6421
vn -0.6937 -0.1228 0.7097
vn -0.6196 -0.1221 0.7754
vn -0.5486 -0.1166 0.8279
vn -0.4804 -0.1262 0.8679
vn -0.3667 -0.1020 0.9247
vn -0.2698 -0.0977 0.9580
vn -0.1588 -0.0816 0.9839
vn -0.7610 -0.6431 -0.0860
vn -0.9778 -0.2008 -0.0606
vn -0.8844 -0.4244 -0.1942
vn -0.8372 -0.5336 -0.1193
vn -0.6386 -0.7654 -0.0793
vn -0.8687 -0.4942 -0.0345
vn -0.9496 -0.3127 -0.0230
vn -0.1264 -0.8398 0.5279
vn -0.0866 -0.7780 0.6222
vn -0.0089 -0.9998 0.0188
vn -0.2274 -0.8498 0.4756
vn -0.0629 -0.9942 0.0875
vn -0.1990 -0.7960 0.5716
vn -0.3425 -0.8339 0.4329
vn -0.3845 -0.8497 0.3609
vn -0.0319 -0.9993 0.0203
vn -0.4888 -0.8061 0.3336
vn -0.4781 -0.8403 0.2557
vn -0.0292 -0.9996 0.0045
vn -0.5077 -0.7845 0.3561
vn -0.5175 -0.8395 0.1659
vn -0.0306 -0.9995 0.0018
vn -0.5552 -0.7917 0.2551
vn -0.5246 -0.8485 0.0690
vn -0.0318 -0.9995 -0.0020
vn -0.5839 -0.7986 0.1459
vn -0.6074 -0.7926 0.0532
vn -0.3669 -0.9258 -0.0912
vn -0.8639 -0.5027 0.0307
vn -0.9277 -0.3628 0.0883
vn -0.4643 -0.2809 0.8400
vn -0.5719 -0.3987 0.7169
vn -0.3201 -0.4228 0.8478
vn -0.1237 -0.4478 0.8855
vn -0.1831 -0.3545 0.9169
vn -0.3278 -0.4319 0.8402
vn -0.6273 -0.4457 0.6387
vn -0.5998 -0.3789 0.7048
vn -0.6918 -0.3753 0.6168
vn -0.7627 -0.3666 0.5328
vn -0.8274 -0.3656 0.4264
vn -0.8710 -0.3798 0.3116
vn -0.8948 -0.3923 0.2132
vn -0.9067 -0.4044 0.1196
vn -0.0475 -0.0236 -0.9986
vn -0.0011 -0.0271 -0.9996
vn -0.0231 -0.0476 -0.9986
vn 0.0021 -0.0466 -0.9989
vn -0.1802 -0.0610 -0.9817
vn -0.2753 -0.0913 -0.9570
vn -0.2661 -0.0528 -0.9625
vn -0.3746 -0.1014 -0.9216
vn -0.3619 -0.0583 -0.9304
vn -0.4601 -0.0637 -0.8856
vn -0.4546 -0.0111 -0.8906
vn -0.5550 -0.0653 -0.8293
vn -0.6153 -0.0058 -0.7883
vn -0.6515 -0.0674 -0.7556
vn -0.7523 -0.0084 -0.6587
vn -0.7322 -0.0682 -0.6777
vn -0.8060 -0.0667 -0.5882
vn -0.8515 -0.0114 -0.5242
vn -0.8659 -0.0626 -0.4962
vn -0.9173 -0.0157 -0.3979
vn -0.9113 -0.0607 -0.4073
vn -0.9458 -0.0543 -0.3201
vn -0.9613 -0.0170 -0.2751
vn -0.9699 -0.0505 -0.2381
vn -0.9871 -0.0200 -0.1590
vn -0.9935 -0.0500 -0.1024
vn -0.4655 -0.1105 -0.8781
vn -0.5472 -0.1165 -0.8288
vn -0.6201 -0.1198 -0.7753
vn -0.6931 -0.1209 -0.7106
vn -0.7579 -0.1193 -0.6414
vn -0.8635 -0.1096 -0.4923
vn -0.9063 -0.1013 -0.4102
vn -0.9394 -0.0919 -0.3302
vn -0.9809 -0.0733 -0.1801
vn -0.9952 -0.0714 -0.0675
vn -0.3197 -0.0150 -0.9474
vn -0.1725 -0.0227 -0.9847
vn -0.1016 -0.0447 -0.9938
vn 0.5813 0.5800 0.5707
vn 0.9455 0.3257 -0.0000
vn -0.9878 -0.1560 0.0036
vn -0.9807 -0.1629 0.1076
vn -0.0931 -0.1632 0.9822
vn -0.0044 -0.1156 0.9933
vn -0.9631 -0.1641 0.2132
vn -0.9325 -0.1711 0.3181
vn -0.8894 -0.1811 0.4196
vn -0.8351 -0.1904 0.5161
vn -0.7699 -0.1990 0.6063
vn -0.6934 -0.2085 0.6898
vn -0.6126 -0.2079 0.7626
vn -0.5226 -0.2034 0.8280
vn -0.4422 -0.2126 0.8714
vn -0.3054 -0.1903 0.9330
vn -0.2181 -0.1776 0.9596
vn -0.0954 -0.1283 0.9871
vn -0.1950 -0.1443 0.9701
vn -0.2979 -0.1559 0.9418
vn -0.3540 -0.1788 0.9180
vn -0.4283 -0.1791 0.8857
vn -0.5114 -0.2067 0.8341
vn -0.6092 -0.2060 0.7658
vn -0.7048 -0.2077 0.6783
vn -0.7827 -0.2118 0.5852
vn -0.8502 -0.1959 0.4887
vn -0.9038 -0.1762 0.3899
vn -0.9448 -0.1547 0.2887
vn -0.9726 -0.1339 0.1900
vn -0.9887 -0.1203 0.0891
vn -0.0637 -0.0838 0.9944
vn -0.1573 -0.1088 0.9815
vn -0.2614 -0.1130 0.9586
vn -0.3183 -0.1440 0.9370
vn -0.3813 -0.1675 0.9092
vn -0.4964 -0.1760 0.8501
vn -0.7971 -0.1825 0.5757
vn -0.8641 -0.1834 0.4688
vn -0.9218 -0.1485 0.3581
vn -0.9562 -0.1384 0.2579
vn -0.9817 -0.1039 0.1597
vn -0.9932 -0.0867 0.0779
vn -0.9960 -0.0895 0.0020
vn -0.6055 -0.1618 0.7792
vn -0.7120 -0.1661 0.6823
vn -0.8101 -0.1441 0.5683
vn -0.8781 -0.1496 0.4545
vn -0.9645 -0.1086 0.2408
vn -0.8797 -0.4738 -0.0405
vn -0.9780 -0.1701 0.1209
vn -0.9931 -0.1177 -0.0000
vn -0.9863 -0.1330 0.0974
vn -0.9921 -0.0996 0.0767
vn -0.9976 -0.0698 -0.0013
vn -0.9955 -0.0733 0.0597
vn -0.9861 -0.0893 0.1400
vn -0.9499 -0.1191 0.2891
vn -0.9333 -0.0939 0.3466
vn -0.9186 -0.1352 0.3712
vn -0.8774 -0.1495 0.4559
vn -0.8579 -0.1868 0.4786
vn -0.8041 -0.2005 0.5596
vn -0.7451 -0.1976 0.6370
vn -0.6897 -0.5900 0.4199
vn -0.6711 -0.2194 0.7082
vn -0.9648 -0.1788 0.1929
vn -0.9697 -0.1444 0.1973
vn -0.9790 -0.1143 0.1690
vn -0.9391 -0.1942 0.2835
vn -0.9181 -0.1822 0.3521
vn -0.9363 -0.1434 0.3206
vn -0.7542 -0.5202 0.4006
vn -0.8958 -0.1711 0.4102
vn -0.7070 -0.5436 0.4523
vn -0.5824 -0.6174 0.5288
vn -0.6770 -0.2039 0.7072
vn -0.5940 -0.2260 0.7721
vn -0.6002 -0.2031 0.7737
vn -0.4382 -0.3597 0.8238
vn -0.5021 -0.3747 0.7794
vn -0.4308 -0.3804 0.8184
vn -0.4352 -0.1646 0.8852
vn -0.3439 -0.1496 0.9270
vn -0.3613 -0.0988 0.9272
vn -0.2504 -0.1162 0.9611
vn -0.2139 -0.0793 0.9736
vn -0.1677 -0.0996 0.9808
vn -0.0718 -0.0615 0.9955
vn -0.1205 -0.1035 0.9873
vn -0.0416 -0.0852 0.9955
vn -0.0079 -0.1025 0.9947
vn -0.0726 -0.1313 0.9887
vn 0.0051 -0.3752 0.9269
vn -0.0872 -0.1728 0.9811
vn -0.1488 -0.1413 0.9787
vn -0.1946 -0.1861 0.9631
vn -0.2120 -0.1426 0.9668
vn -0.2879 -0.1918 0.9383
vn -0.3050 -0.1634 0.9382
vn -0.0015 -0.0527 0.9986
vn -0.5221 -0.1074 0.8461
vn -0.5222 -0.1781 0.8340
vn -0.6080 -0.1668 0.7762
vn -0.6688 -0.1197 0.7337
vn -0.6885 -0.1717 0.7046
vn -0.7929 -0.1173 0.5980
vn -0.7616 -0.1689 0.6256
vn -0.8252 -0.1613 0.5413
vn -0.8710 -0.1084 0.4792
vn 0.1657 0.1771 0.9701
vn 0.0348 0.1743 0.9841
vn 0.0894 0.1261 0.9880
vn 0.0094 0.0879 0.9961
vn 0.0588 0.0838 0.9947
vn 0.1282 0.1008 0.9866
vn 0.0752 0.0632 0.9952
vn 0.2059 0.0710 0.9760
vn 0.0040 0.0445 0.9990
vn 0.3405 0.0981 0.9351
vn 0.2604 0.1205 0.9580
vn 0.1795 0.0998 0.9787
vn 0.4246 0.0956 0.9003
vn 0.4427 0.1591 0.8825
vn 0.3499 0.1340 0.9271
vn 0.3095 0.1646 0.9365
vn 0.2244 0.1449 0.9637
vn 0.1615 0.1398 0.9769
vn 0.5298 0.1587 0.8331
vn 0.5286 0.1176 0.8407
vn 0.6157 0.1688 0.7697
vn 0.6647 0.1233 0.7369
vn 0.6971 0.1702 0.6965
vn 0.7713 0.1095 0.6269
vn 0.7680 0.1665 0.6184
vn 0.8309 0.1587 0.5334
vn 0.7519 0.2060 0.6263
vn 0.8115 0.1951 0.5509
vn 0.7979 0.2050 0.5668
vn 0.8623 0.1832 0.4721
vn 0.8731 0.1965 0.4461
vn 0.9030 0.1675 0.3956
vn 0.9220 0.1760 0.3448
vn 0.9383 0.1412 0.3157
vn 0.9796 0.1175 0.1631
vn 0.9869 0.0824 0.1388
vn 0.9925 0.0980 0.0736
vn 0.9922 0.0538 0.1125
vn 0.9977 0.0523 0.0430
vn 0.8519 0.0968 0.5147
vn 0.8810 0.1470 0.4496
vn 0.9178 0.0994 0.3844
vn 0.9214 0.1329 0.3652
vn 0.9635 0.0825 0.2545
vn 0.9516 0.1162 0.2845
vn 0.9808 0.0679 0.1830
vn 0.9984 0.0571 -0.0035
vn 0.9963 0.0858 -0.0016
vn 0.9871 0.1273 0.0969
vn 0.9924 0.1233 -0.0019
vn 0.9837 0.1744 0.0446
vn 0.9677 0.1773 0.1793
vn 0.9705 0.1433 0.1938
vn 0.9336 0.1829 0.3081
vn 0.6801 0.2146 0.7010
vn 0.6882 0.2083 0.6950
vn 0.6166 0.2081 0.7593
vn 0.5702 0.2121 0.7936
vn 0.5334 0.2032 0.8211
vn 0.3138 0.7650 0.5624
vn 0.2581 0.7636 0.5918
vn 0.3947 0.1797 0.9011
vn 0.2982 0.1870 0.9360
vn 1.0000 -0.0000 0.0003
vn 1.0000 -0.0000 0.0002
vn 0.7185 -0.0229 0.6951
vn -0.5000 -0.0000 -0.8660
vn 0.5000 -0.0000 -0.8660
vn 0.8660 -0.0000 -0.5000
vn 0.8660 -0.0000 0.5000
vn 0.5000 -0.0000 0.8660
vn -0.5000 -0.0000 0.8660
vn -0.8660 -0.0000 0.5000
vn -0.8660 -0.0000 -0.5000
vn -0.5335 -0.0069 -0.8458
vn -0.6988 0.0272 -0.7148
vn 0.0269 0.0113 -0.9996
vn -0.0270 -0.0113 -0.9996
vn 0.6988 -0.0272 -0.7148
vn 0.5335 0.0069 -0.8458
vn 0.9826 0.0411 -0.1813
vn 0.9826 -0.0411 0.1813
vn 0.6988 0.0272 0.7148
vn 0.5335 -0.0069 0.8458
vn -0.0270 0.0113 0.9996
vn 0.0269 -0.0113 0.9996
vn -0.6988 -0.0272 0.7148
vn -0.5335 0.0069 0.8458
vn -0.9826 0.0411 0.1813
vn -0.9826 -0.0411 -0.1813
vn 0.0011 -0.0000 1.0000
vn 0.0535 -0.0000 0.9986
vn 0.1735 -0.0000 0.9848
vn 0.3126 -0.0000 0.9499
vn 0.4035 -0.0000 0.9150
vn 0.4041 0.0030 0.9147
vn 0.5111 0.0125 0.8594
vn 0.5642 -0.0178 0.8255
vn 0.6629 0.0182 0.7485
vn 0.7085 -0.0121 0.7056
vn 0.7868 -0.0031 0.6172
vn 0.7871 -0.0000 0.6168
vn 0.8521 -0.0000 0.5233
vn 0.8521 -0.0000 0.5234
vn 0.9003 -0.0000 0.4353
vn 0.9003 -0.0000 0.4352
vn 0.9368 -0.0000 0.3498
vn 0.9368 -0.0000 0.3499
vn 0.9631 -0.0000 0.2690
vn 0.9862 -0.0000 0.1654
vn 0.9863 0.0039 0.1647
vn 0.9940 0.0461 0.0989
vn -0.0060 -0.1070 -0.9942
vn 0.0245 -0.4049 -0.9140
vn -0.0724 -0.1312 -0.9887
vn -0.1006 -0.1744 -0.9795
vn -0.1505 -0.1411 -0.9785
vn -0.1946 -0.1835 -0.9636
vn -0.2297 -0.1579 -0.9604
vn -0.2855 -0.2050 -0.9362
vn -0.3269 -0.1707 -0.9295
vn -0.4245 -0.3288 -0.8436
vn -0.3909 -0.3348 -0.8573
vn -0.6018 -0.2448 -0.7602
vn -0.5326 -0.1986 -0.8228
vn -0.6085 -0.2088 -0.7656
vn -0.5172 -0.1623 -0.8403
vn -0.6058 -0.1694 -0.7774
vn -0.6882 -0.1714 -0.7050
vn -0.7614 -0.1684 -0.6260
vn -0.8255 -0.1606 -0.5411
vn -0.8009 -0.2006 -0.5642
vn -0.8531 -0.1894 -0.4862
vn -0.8960 -0.1708 -0.4098
vn -0.8586 -0.2021 -0.4711
vn -0.9177 -0.1943 -0.3466
vn -0.4988 -0.6953 -0.5174
vn -0.6793 -0.2126 -0.7024
vn -0.5565 -0.6805 -0.4766
vn -0.7436 -0.2094 -0.6350
vn -0.7679 -0.2110 -0.6049
vn -0.8257 -0.2110 -0.5232
vn -0.9393 -0.1640 -0.3014
vn -0.9492 -0.1875 -0.2527
vn -0.9696 -0.1467 -0.1960
vn -0.9646 -0.1811 -0.1918
vn -0.9862 -0.1336 -0.0975
vn -0.9816 -0.1651 -0.0958
vn -0.9926 -0.0955 -0.0745
vn -0.9823 -0.1021 -0.1573
vn -0.9494 -0.1234 -0.2887
vn -0.9188 -0.1347 -0.3710
vn -0.8776 -0.1489 -0.4556
vn -0.4268 -0.1499 -0.8918
vn -0.4463 -0.1826 -0.8760
vn -0.3344 -0.1339 -0.9329
vn -0.3613 -0.1676 -0.9172
vn -0.2468 -0.1152 -0.9622
vn -0.2782 -0.1480 -0.9491
vn -0.1687 -0.0975 -0.9808
vn -0.1990 -0.1280 -0.9716
vn -0.0955 -0.0786 -0.9923
vn -0.1211 -0.1148 -0.9860
vn -0.0421 -0.0843 -0.9956
vn 0.0009 0.0237 0.9997
vn 0.4773 0.0609 0.8766
vn 0.5729 0.0724 0.8164
vn 0.6252 0.0957 0.7746
vn 0.7092 0.0997 0.6980
vn 0.8945 0.0924 0.4374
vn 0.9348 0.0843 0.3451
vn 0.9721 0.0418 0.2306
vn 0.9827 0.0557 0.1768
vn 0.9946 0.0394 0.0959
vn 0.9992 0.0400 0.0028
vn 0.3144 0.0752 0.9463
vn 0.1636 0.0746 0.9837
vn 0.0556 0.0549 0.9969
vn 0.0127 0.0289 0.9995
vn 0.1456 -0.0267 0.9890
vn 0.2052 0.0488 0.9775
vn 0.2750 0.0200 0.9612
vn 0.3083 0.0183 0.9511
vn 0.3986 0.0287 0.9167
vn 0.4335 0.0208 0.9009
vn 0.5179 0.0291 0.8549
vn 0.5825 0.0149 0.8127
vn 0.6320 0.0081 0.7749
vn 0.6902 0.0327 0.7229
vn 0.7388 0.0047 0.6739
vn 0.8048 0.0151 0.5934
vn 0.8250 0.0231 0.5646
vn 0.8728 0.0225 0.4875
vn 0.8969 0.0123 0.4420
vn 0.9257 0.0208 0.3777
vn 0.9442 0.0264 0.3282
vn 0.9653 0.0198 0.2603
vn 0.9729 0.0283 0.2294
vn 0.9915 0.0275 0.1268
vn 1.0000 -0.0000 0.0001
vn 1.0000 -0.0000 -0.0001
vn -0.0512 -0.7242 -0.6876
vn -0.2644 -0.6854 -0.6785
vn -0.2121 -0.7142 -0.6670
vn -0.2646 -0.7247 -0.6362
vn -0.3413 -0.7355 -0.5853
vn -0.4901 -0.7353 -0.4682
vn -0.5478 -0.7358 -0.3980
vn -0.5702 -0.7402 -0.3564
vn -0.6271 -0.7332 -0.2629
vn -0.6752 -0.7165 -0.1754
vn 0.0297 -0.9227 -0.3843
vn -0.4328 -0.9015 -0.0006
vn -0.1257 -0.9916 -0.0307
vn -0.1515 -0.9552 -0.2544
vn -0.2239 -0.9666 0.1244
vn -0.0956 -0.9771 -0.1902
vn -0.1364 -0.9764 -0.1674
vn -0.1883 -0.9720 -0.1403
vn -0.1918 -0.9766 -0.0970
vn -0.2211 -0.9740 -0.0492
vn -0.0006 -1.0000 -0.0000
vn -0.0006 -1.0000 0.0003
vn -0.2133 -0.9729 0.0893
vn -0.1903 -0.9744 0.1197
vn -0.0011 -1.0000 0.0003
vn -0.1602 -0.9754 0.1514
vn -0.0009 -1.0000 0.0005
vn -0.1160 -0.9781 0.1730
vn -0.0008 -1.0000 0.0005
vn -0.0750 -0.9775 0.1974
vn -0.0002 -1.0000 0.0002
vn -0.0001 -1.0000 0.0002
vn 0.0001 -1.0000 0.0007
vn 0.3438 -0.8746 0.3419
vn -0.0006 -1.0000 0.0007
vn 0.6789 -0.7333 0.0375
vn -0.0004 -1.0000 -0.0003
vn -0.0007 -1.0000 -0.0004
vn -0.0007 -1.0000 -0.0006
vn -0.0006 -1.0000 -0.0007
vn -0.0003 -1.0000 -0.0006
vn -0.0001 -1.0000 -0.0007
vn 0.0030 -1.0000 -0.0022
vn -0.0000 1.0000 0.0001
vn -0.0003 0.9999 0.0124
vn -0.0003 0.9999 0.0125
vn -0.0003 1.0000 0.0053
vn -0.0003 1.0000 0.0054
vn -0.0000 1.0000 0.0021
vn -0.0000 1.0000 0.0022
vn -0.0935 -0.2102 -0.9732
vn 0.0202 -0.4316 -0.9018
vn -0.0519 -0.7366 -0.6743
vn -0.1986 -0.1925 -0.9610
vn -0.2282 -0.5246 -0.8202
vn -0.2434 -0.6818 -0.6898
vn -0.3665 -0.2015 -0.9083
vn -0.4368 -0.6512 -0.6206
vn -0.7478 -0.1845 -0.6378
vn -0.5723 -0.5118 -0.6407
vn -0.4976 -0.7239 -0.4778
vn -0.8174 -0.1890 -0.5442
vn -0.5539 -0.7276 -0.4046
vn -0.8658 -0.1917 -0.4623
vn -0.5748 -0.7344 -0.3610
vn -0.9061 -0.1947 -0.3756
vn -0.6214 -0.7382 -0.2623
vn -0.9372 -0.1989 -0.2864
vn -0.6627 -0.7291 -0.1707
vn -0.9601 -0.2040 -0.1914
vn -0.9757 -0.1970 -0.0959
vn 0.6309 -0.6872 -0.3601
vn -0.1562 -0.9873 -0.0300
vn -0.1430 -0.9577 -0.2497
vn -0.1152 -0.9704 -0.2121
vn -0.5404 -0.6159 -0.5732
vn -0.1585 -0.9694 -0.1875
vn -0.5371 -0.6661 -0.5175
vn -0.1941 -0.9700 -0.1464
vn -0.1990 -0.9746 -0.1022
vn -0.2251 -0.9727 -0.0566
vn -0.0106 -0.7378 -0.6750
vn -0.0493 -0.7421 -0.6685
vn -0.1952 -0.7511 -0.6307
vn 0.0003 -1.0000 -0.0001
vn -0.2492 -0.7618 -0.5980
vn -0.0095 -1.0000 -0.0000
vn -0.0002 -1.0000 0.0001
vn -0.0006 1.0000 -0.0000
vn -0.0004 1.0000 0.0001
vn 0.0004 1.0000 0.0001
vn -0.0002 1.0000 -0.0001
vn -0.0016 1.0000 -0.0014
vn -0.0015 1.0000 -0.0016
vn 0.0008 1.0000 0.0005
vn -0.0002 1.0000 -0.0007
vn -0.0001 1.0000 -0.0007
vn -0.0051 -0.1318 -0.9913
vn -0.1181 -0.1604 -0.9800
vn -0.2211 -0.1744 -0.9595
vn -0.3113 -0.1775 -0.9336
vn -0.3665 -0.1905 -0.9107
vn -0.4343 -0.1947 -0.8795
vn -0.4128 -0.2011 -0.8884
vn -0.3384 -0.1631 -0.9268
vn -0.3825 -0.1717 -0.9079
vn -0.3089 -0.1210 -0.9434
vn -0.4774 -0.1464 -0.8664
vn -0.5255 -0.1058 -0.8442
vn -0.6043 -0.1511 -0.7823
vn -0.6706 -0.1212 -0.7319
vn -0.7158 -0.1633 -0.6789
vn -0.7916 -0.1187 -0.5994
vn -0.8116 -0.1462 -0.5655
vn -0.8707 -0.1086 -0.4797
vn -0.8838 -0.1337 -0.4483
vn -0.9628 -0.1133 -0.2451
vn -0.9947 -0.0780 -0.0667
vn -0.5229 -0.2156 -0.8247
vn -0.5107 -0.2054 -0.8349
vn -0.4941 -0.1767 -0.8512
vn -0.6140 -0.2196 -0.7582
vn -0.6097 -0.2159 -0.7627
vn -0.6079 -0.1877 -0.7715
vn -0.6955 -0.2185 -0.6845
vn -0.7060 -0.2065 -0.6774
vn -0.7733 -0.2043 -0.6003
vn -0.8369 -0.1988 -0.5099
vn -0.8903 -0.1895 -0.4141
vn -0.9322 -0.1795 -0.3142
vn -0.9626 -0.1694 -0.2115
vn -0.9809 -0.1631 -0.1059
vn -0.9889 -0.1201 -0.0871
vn -0.9723 -0.1365 -0.1898
vn -0.9447 -0.1547 -0.2890
vn -0.9030 -0.1753 -0.3922
vn -0.8484 -0.1931 -0.4930
vn -0.7805 -0.2071 -0.5898
vn -0.2081 -0.0827 -0.9746
vn -0.2360 -0.1266 -0.9635
vn -0.2712 -0.1512 -0.9506
vn -0.2948 -0.1543 -0.9430
vn -0.1266 -0.0817 -0.9886
vn -0.0059 -0.0932 -0.9956
vn -0.0947 -0.1263 -0.9875
vn -0.0679 -0.0904 -0.9936
vn -0.1579 -0.1140 -0.9809
vn -0.9830 -0.1017 -0.1530
vn -0.9233 -0.1439 -0.3561
vn -0.8686 -0.1664 -0.4668
vn -0.7964 -0.1826 -0.5765
vn -0.1951 -0.1426 -0.9704
vn 0.0020 -0.9992 0.0401
vn 0.0002 -1.0000 -0.0003
vn 0.0006 -1.0000 -0.0020
vn 0.0011 -1.0000 -0.0015
vn 0.0023 -1.0000 -0.0028
vn 0.0015 -1.0000 -0.0014
vn 0.0001 -1.0000 -0.0000
vn -0.0270 -0.9996 -0.0025
vn -0.0048 -1.0000 -0.0001
vn -0.0080 -1.0000 -0.0031
vn -0.0104 -0.9999 -0.0059
vn -0.0102 -0.9999 -0.0087
vn -0.0091 -0.9999 -0.0120
vn -0.0076 -0.9999 -0.0130
vn -0.0026 -1.0000 -0.0071
vn -0.0017 -1.0000 -0.0080
vn 0.5613 -0.6030 0.5669
vn 0.6346 -0.6350 0.4404
vn -0.1831 -0.7170 0.6725
vn -0.2987 -0.7074 0.6406
vn -0.3872 -0.7106 0.5874
vn -0.4289 -0.7164 0.5502
vn -0.4987 -0.7066 0.5020
vn -0.5259 -0.7192 0.4540
vn -0.6253 -0.7625 0.1661
vn -0.7799 -0.6226 0.0639
vn 0.0350 -0.0011 0.9994
vn 0.2146 -0.0000 0.9767
vn 0.0356 -0.0000 0.9994
vn 0.2380 -0.0000 0.9713
vn 0.4120 -0.0000 0.9112
vn 0.4304 -0.0000 0.9026
vn 0.5916 -0.0000 0.8062
vn 0.6049 -0.0000 0.7963
vn 0.7456 -0.0000 0.6664
vn 0.7542 -0.0000 0.6567
vn 0.8673 -0.0000 0.4977
vn 0.8719 -0.0000 0.4897
vn 0.9515 -0.0000 0.3075
vn 0.9532 -0.0000 0.3022
vn 0.9946 -0.0000 0.1040
vn 0.9948 -0.0000 0.1021
vn 0.9946 -0.0000 -0.1040
vn 0.9948 -0.0000 -0.1021
vn 0.9532 -0.0000 -0.3022
vn 0.9515 -0.0000 -0.3075
vn 0.8719 -0.0000 -0.4897
vn 0.8673 -0.0000 -0.4977
vn 0.7542 -0.0000 -0.6567
vn 0.7456 -0.0000 -0.6664
vn 0.6049 -0.0000 -0.7963
vn 0.5916 -0.0000 -0.8062
vn 0.4304 -0.0000 -0.9026
vn 0.4120 -0.0000 -0.9112
vn 0.2380 -0.0000 -0.9713
vn 0.2146 -0.0000 -0.9767
vn 0.0356 -0.0000 -0.9994
vn 0.0350 -0.0011 -0.9994
vn 0.6835 0.0150 -0.7298
vn 0.5817 0.5826 -0.5676
vn 0.0731 0.0545 -0.9958
vn 0.6640 0.1162 -0.7387
vn 0.7679 0.1211 -0.6290
vn 0.3663 0.1065 -0.9244
vn 0.8210 0.0740 -0.5661
vn 0.8549 0.1162 -0.5056
vn 0.9183 0.0957 -0.3840
vn 0.9637 0.0509 -0.2622
vn 0.9985 0.0544 0.0042
vn 0.9911 0.0698 -0.1136
vn 0.9454 0.3258 -0.0001
vn 0.0236 0.0917 -0.9955
vn 0.0872 0.0837 -0.9927
vn 0.1472 0.0834 -0.9856
vn 0.2581 0.0994 -0.9610
vn 0.5110 0.1524 -0.8460
vn 0.6248 0.1515 -0.7659
vn 0.7309 0.1520 -0.6653
vn 0.8216 0.1412 -0.5524
vn 0.8927 0.1236 -0.4335
vn 0.9417 0.1064 -0.3192
vn 0.9736 0.0880 -0.2106
vn 0.9960 0.0888 0.0036
vn 0.9942 0.0851 -0.0657
vn 0.8766 0.1557 -0.4554
vn 0.8080 0.1762 -0.5623
vn 0.7219 0.1955 -0.6639
vn 0.6249 0.1959 -0.7557
vn 0.1154 0.1210 -0.9859
vn 0.2103 0.1444 -0.9669
vn 0.2392 0.1621 -0.9573
vn 0.3400 0.1753 -0.9239
vn 0.4354 0.1960 -0.8787
vn 0.2987 0.7587 -0.5789
vn 0.0341 0.1318 -0.9907
vn 0.1345 0.1544 -0.9788
vn 0.3157 0.1988 -0.9278
vn 0.0511 0.2112 -0.9761
vn 0.1807 0.2005 -0.9629
vn 0.3615 0.7634 -0.5353
vn 0.5134 0.7660 -0.3869
vn 0.5642 0.7571 -0.3293
vn 0.8415 0.2042 -0.5002
vn 0.5958 0.7582 -0.2650
vn 0.6615 0.7500 0.0017
vn 0.9908 0.1353 -0.0014
vn 0.6586 0.7495 -0.0676
vn 0.9877 0.1267 -0.0913
vn 0.9722 0.1408 -0.1869
vn 0.9457 0.1568 -0.2848
vn 0.9641 0.1170 -0.2385
vn 0.9297 0.1375 -0.3416
vn 0.1767 0.1062 -0.9785
vn 0.2808 0.1247 -0.9516
vn 0.3933 0.1477 -0.9075
vn 0.9838 0.0978 -0.1503
vn 0.9062 0.1758 -0.3845
vn 0.8541 0.1946 -0.4824
vn 0.7914 0.2088 -0.5745
vn 0.5251 0.1938 -0.8287
vn 0.4156 0.1735 -0.8928
vn 0.3108 0.1564 -0.9375
vn 0.4632 0.7706 -0.4377
vn 0.4166 0.7688 -0.4851
vn 0.6452 0.7517 -0.1363
vn 0.6223 0.7568 -0.1998
vn 1.0000 -0.0000 -0.0004
vn 1.0000 0.0001 -0.0005
vn 1.0000 0.0001 -0.0006
vn 0.8848 0.3549 0.3019
vn 0.5800 0.5790 0.5730
vn 0.5926 0.6241 0.5092
vn -0.0980 0.1589 0.9824
vn 0.0399 0.1881 -0.9813
vn -0.0206 0.3076 -0.9513
vn 0.0624 0.0890 -0.9941
vn 0.0090 0.0889 -0.9960
vn 0.0902 0.1303 -0.9874
vn 0.1633 0.1400 -0.9766
vn 0.1634 0.1786 -0.9703
vn 0.0348 0.1743 -0.9841
vn 0.2421 0.1610 -0.9568
vn 0.2948 0.1915 -0.9362
vn 0.3398 0.1727 -0.9245
vn 0.2569 0.7601 -0.5969
vn 0.3133 0.7661 -0.5611
vn 0.3665 0.7701 -0.5221
vn 0.5417 0.1996 -0.8165
vn 0.6165 0.2075 -0.7595
vn 0.5284 0.1647 -0.8329
vn 0.6164 0.1707 -0.7687
vn 0.5215 0.3917 -0.7580
vn 0.6566 0.1816 -0.7321
vn 0.6962 0.1720 -0.6970
vn 0.6901 0.4156 -0.5925
vn 0.7688 0.1681 -0.6170
vn 0.8302 0.1591 -0.5343
vn 0.8111 0.1926 -0.5523
vn 0.8571 0.1882 -0.4796
vn 0.9040 0.1711 -0.3917
vn 0.8719 0.1935 -0.4499
vn 0.6266 0.7461 -0.2251
vn 0.6789 0.2150 -0.7020
vn 0.6880 0.2092 -0.6949
vn 0.7503 0.2083 -0.6274
vn 0.7967 0.2066 -0.5680
vn 0.6467 0.7484 -0.1470
vn 0.9707 0.1360 -0.1981
vn 0.9870 0.1289 -0.0965
vn 0.9809 0.1730 -0.0894
vn 0.9938 0.0878 -0.0677
vn 0.9832 0.1004 -0.1525
vn 0.9527 0.1319 -0.2738
vn 0.9886 0.1440 -0.0451
vn 0.9547 0.1481 -0.2582
vn 0.9974 0.0380 -0.0620
vn 0.9968 0.0716 -0.0351
vn 0.7803 0.4332 -0.4511
vn 0.8812 0.1486 -0.4489
vn 0.9203 0.1321 -0.3683
vn 0.4304 0.3910 -0.8136
vn 0.4390 0.1525 -0.8855
vn 0.4568 0.1838 -0.8704
vn 0.3388 0.3970 -0.8530
vn 0.3474 0.1373 -0.9276
vn 0.3730 0.1696 -0.9122
vn 0.2602 0.1193 -0.9582
vn 0.2031 0.1325 -0.9702
vn 0.1808 0.1015 -0.9783
vn 0.1096 0.0828 -0.9905
vn 0.1324 0.1168 -0.9843
vn 0.2111 0.1302 -0.9688
vn 0.2905 0.1502 -0.9450
vn -0.0001 0.7267 -0.6870
vn 0.0239 0.0692 -0.9973
vn 0.0048 0.7267 -0.6869
vn -0.0230 0.0972 -0.9950
vn -0.0009 0.1279 -0.9918
vn -0.0000 0.1279 -0.9918
vn -0.0000 0.1760 -0.9844
vn 0.7110 0.7031 -0.0000
vn 0.9709 0.2386 -0.0201
vn 0.8307 0.5565 -0.0192
vn 0.9266 0.3711 -0.0606
vn 0.9970 0.0745 -0.0228
vn 0.9925 0.1054 -0.0620
vn 0.8108 0.5371 -0.2325
vn 0.8704 0.4923 0.0082
vn 0.9870 0.1351 -0.0869
vn 0.9677 0.2109 -0.1384
vn 0.9138 0.3777 -0.1493
vn 0.9572 0.2613 -0.1245
vn 0.7900 0.5886 -0.1717
vn 0.8850 0.4286 -0.1819
vn 0.7060 0.7002 -0.1057
vn 0.7466 0.6482 -0.1498
vn 0.5868 0.8094 -0.0229
vn 0.6417 0.7516 -0.1527
vn 0.2230 0.9748 0.0047
vn 0.3336 0.9427 0.0003
vn 0.6178 0.7401 -0.2659
vn 0.5955 0.8033 0.0007
vn 0.7365 0.6763 0.0159
vn 0.7838 0.6166 -0.0730
vn 0.8910 0.4384 -0.1185
vn 0.8511 0.5181 -0.0849
vn 0.8272 0.4707 -0.3069
vn 0.9650 0.2585 -0.0437
vn 0.9956 0.0938 -0.0024
vn 0.6452 0.7640 -0.0048
vn 0.0001 1.0000 0.0001
vn 0.0001 1.0000 -0.0001
vn 0.0002 1.0000 -0.0000
vn 0.9305 0.3589 -0.0736
vn 0.6388 0.6573 -0.3998
vn 0.0645 0.8269 -0.5587
vn 0.0481 0.8531 -0.5195
vn 0.0530 0.5302 -0.8462
vn 0.0995 0.4912 -0.8654
vn 0.2039 0.4792 -0.8537
vn 0.4585 0.6144 -0.6421
vn 0.6428 0.4913 -0.5877
vn 0.3620 0.8601 -0.3595
vn 0.4358 0.8112 -0.3900
vn 0.4882 0.8298 -0.2704
vn 0.3373 0.8391 -0.4267
vn 0.2729 0.8608 -0.4296
vn 0.2605 0.8165 -0.5152
vn 0.2201 0.8015 -0.5560
vn 0.1477 0.8045 -0.5754
vn 0.0408 -0.0000 -0.9992
vn 0.0408 0.0003 -0.9992
vn 0.2101 -0.0000 -0.9777
vn 0.2112 -0.0000 -0.9774
vn 0.3733 -0.0000 -0.9277
vn 0.3753 -0.0000 -0.9269
vn 0.5256 -0.0000 -0.8507
vn 0.5284 -0.0000 -0.8490
vn 0.6626 -0.0000 -0.7490
vn 0.6659 -0.0000 -0.7461
vn 0.7803 -0.0000 -0.6253
vn 0.7837 -0.0000 -0.6211
vn 0.8753 -0.0000 -0.4836
vn 0.8784 -0.0000 -0.4779
vn 0.9448 0.0001 -0.3277
vn 0.9472 -0.0000 -0.3205
vn 0.9867 -0.0000 -0.1623
vn 0.9881 -0.0000 -0.1537
vn 1.0000 -0.0000 0.0079
vn 0.9998 -0.0000 0.0176
vn 0.9841 -0.0000 0.1778
vn 0.9821 -0.0000 0.1885
vn 0.9395 -0.0000 0.3426
vn 0.9354 -0.0000 0.3537
vn 0.8676 -0.0000 0.4973
vn 0.8610 -0.0000 0.5086
vn 0.7703 -0.0000 0.6376
vn 0.7613 -0.0000 0.6484
vn 0.6507 -0.0000 0.7593
vn 0.6391 -0.0000 0.7691
vn 0.5121 -0.0000 0.8589
vn 0.4981 -0.0000 0.8671
vn 0.3586 -0.0000 0.9335
vn 0.3424 -0.0000 0.9396
vn 0.1946 -0.0000 0.9809
vn 0.1766 -0.0000 0.9843
vn 0.0250 -0.0000 0.9997
vn 0.0246 -0.0008 0.9997
vn 0.9931 0.1173 0.0017
vn -0.0000 1.0000 0.0002
vn 0.0010 1.0000 -0.0013
vn 0.0026 1.0000 -0.0029
vn 0.0039 1.0000 -0.0031
vn 0.0015 1.0000 -0.0007
vn 0.0038 1.0000 -0.0005
vn 0.0033 1.0000 0.0001
vn 0.6587 0.7492 0.0696
vn 0.0018 1.0000 -0.0001
vn 0.6356 0.7552 0.1603
vn 0.5393 0.7614 0.3598
vn 0.0026 1.0000 0.0022
vn 0.5099 0.7640 0.3953
vn 0.4610 0.7674 0.4457
vn 0.0028 1.0000 0.0033
vn 0.4096 0.7677 0.4928
vn 0.3430 0.7568 0.5564
vn 0.0001 1.0000 0.0005
vn 0.2826 0.7619 0.5828
vn 0.0006 1.0000 0.0014
vn 0.2176 0.7591 0.6136
vn 0.0005 1.0000 0.0028
vn 0.1525 0.7546 0.6383
vn 0.0794 0.7488 0.6580
vn 0.0004 1.0000 0.0003
vn 0.0283 0.7577 0.6520
vn -0.0000 0.0506 0.9987
vn -0.0224 0.0700 0.9973
vn -0.0014 0.0507 0.9987
vn 0.0312 0.1008 0.9944
vn 0.0537 0.1112 0.9924
vn 0.2630 0.9647 0.0087
vn 0.6529 0.7524 0.0879
vn 0.7344 0.6481 0.2014
vn 0.8522 0.4843 0.1982
vn 0.9362 0.2867 0.2030
vn 0.9703 0.1981 0.1392
vn 0.8956 0.3376 0.2897
vn 0.9944 0.0267 0.1026
vn 0.9881 0.1298 0.0822
vn 0.9972 0.0621 0.0416
vn 0.7697 0.5635 0.3001
vn 0.8544 0.5196 -0.0056
vn 0.9840 0.1631 0.0711
vn 0.9877 0.1542 0.0245
vn 0.9971 0.0710 0.0292
vn 0.9804 -0.0190 0.1960
vn 0.8859 0.4133 0.2105
vn 0.8447 0.4065 0.3482
vn 0.6425 0.7277 0.2400
vn 0.9173 0.0672 0.3926
vn 0.6387 0.7694 0.0130
vn 0.6355 0.7718 0.0227
vn 0.7763 0.6232 0.0950
vn 0.8719 0.4745 0.1208
vn 0.9549 0.2827 0.0911
vn 0.9402 0.3347 0.0639
vn 0.9543 0.2978 0.0258
vn 0.9626 0.2711 0.0019
vn 0.7912 0.6095 0.0513
vn 0.7191 0.6943 -0.0295
vn 1.0000 -0.0001 0.0001
vn 1.0000 -0.0001 -0.0000
vn 0.6523 0.6229 0.4320
vn 0.9151 0.3896 0.1042
vn 0.0244 0.1345 0.9906
vn 0.1106 0.1320 0.9851
vn 0.2106 0.1539 0.9654
vn 0.1728 0.1149 0.9782
vn 0.2851 0.1414 0.9480
vn 0.2510 0.1052 0.9623
vn 0.3705 0.1306 0.9196
vn 0.4920 0.1520 0.8573
vn 0.4407 0.3431 0.8295
vn 0.5102 0.2589 0.8202
vn 0.0201 0.0938 0.9954
vn 0.0708 0.0867 0.9937
vn 0.1485 0.0891 0.9849
vn 0.3495 0.3172 0.8816
vn -0.0108 0.2810 0.9596
vn 0.0359 0.3047 0.9518
vn 0.1613 0.2510 0.9544
vn 0.6134 0.1587 0.7737
vn 0.5817 0.3117 0.7513
vn 0.7205 0.1599 0.6747
vn 0.7057 0.3167 0.6338
vn 0.8122 0.1520 0.5632
vn 0.8270 0.3439 0.4447
vn 0.8849 0.1409 0.4440
vn 0.9348 0.1219 0.3335
vn 0.9693 0.0983 0.2255
vn 0.9878 0.0760 0.1358
vn 0.9950 0.0769 0.0632
vn 0.9877 0.1279 0.0896
vn 0.9684 0.1527 0.1971
vn 0.9379 0.1690 0.3029
vn 0.8934 0.1903 0.4069
vn 0.8980 0.1820 0.4006
vn 0.8455 0.2006 0.4948
vn 0.5286 0.2135 0.8216
vn 0.3138 0.1732 0.9336
vn 0.4069 0.1776 0.8960
vn 0.5167 0.1942 0.8339
vn 0.6182 0.2008 0.7599
vn 0.7126 0.2005 0.6723
vn 0.7867 0.2113 0.5800
vn 0.7999 0.1811 0.5722
vn 0.8642 0.1772 0.4709
vn 0.9086 0.1771 0.3784
vn 0.9219 0.1431 0.3599
vn 0.9489 0.1557 0.2746
vn 0.9590 0.1220 0.2558
vn 0.9788 0.1178 0.1672
vn 0.0382 0.6788 0.7333
vn -0.0323 0.9651 0.2600
vn 0.1039 0.6841 0.7220
vn 0.0621 0.6868 0.7242
vn 0.1952 0.7408 0.6427
vn 0.2412 0.4736 0.8471
vn 0.4356 0.7049 0.5598
vn 0.4138 0.7318 0.5416
vn 0.0618 0.9643 0.2576
vn 0.6285 0.7162 0.3034
vn 0.4965 0.7627 0.4145
vn 0.2371 0.7428 0.6261
vn 0.2973 0.7489 0.5922
vn -0.5432 -0.4406 -0.7147
vn -0.9140 -0.2883 -0.2856
vn -1.0000 -0.0000 -0.0001
vn 1.0000 -0.0076 0.0002
vn 1.0000 -0.0075 0.0002
vn 0.2667 -0.0000 0.9638
vn 0.5758 -0.0000 0.8176
vn 0.8176 -0.0000 0.5758
vn 0.9638 -0.0000 0.2667
vn -0.2667 -0.0000 0.9638
vn -0.5758 -0.0000 0.8176
vn -0.8176 -0.0000 0.5758
vn -0.9638 -0.0000 0.2667
vn 0.0003 -1.0000 -0.0000
vn -0.1340 -0.9052 -0.4033
vn -0.0835 -0.9026 -0.4223
vn 0.0081 -0.9058 -0.4237
vn 0.0189 -0.8800 -0.4746
vn 0.0809 -0.9028 -0.4223
vn 0.1278 -0.9032 -0.4097
vn -0.0002 -1.0000 -0.0000
vn -0.3012 -0.9059 -0.2977
vn -0.4252 -0.9051 -0.0073
vn -0.3876 -0.9043 -0.1789
vn -0.3362 -0.9096 -0.2441
vn -0.4519 -0.8915 -0.0333
vn -0.4371 -0.8953 -0.0855
vn -0.4148 -0.9012 -0.1258
vn -1.0000 -0.0066 0.0001
vn -1.0000 -0.0001 -0.0000
vn 0.0002 -1.0000 -0.0000
vn 0.3553 -0.9076 -0.2236
vn 0.3891 -0.9050 -0.1721
vn 0.4257 -0.9048 -0.0088
vn 0.4127 -0.9024 -0.1240
vn 0.4316 -0.8990 -0.0742
vn 0.4457 -0.8932 -0.0592
vn 0.7660 -0.6428 -0.0000
vn 0.7671 -0.6416 -0.0000
vn 0.7668 -0.6419 -0.0000
vn 0.7674 -0.6409 -0.0179
vn 0.7668 -0.6419 -0.0001
vn 0.7660 -0.6428 -0.0002
vn 0.9408 -0.3373 0.0340
vn 0.7673 -0.6413 -0.0000
vn 0.7674 -0.6412 -0.0000
vn 0.7673 -0.6412 -0.0000
vn 0.4252 -0.9051 0.0073
vn 0.7660 -0.6428 0.0001
vn -0.9638 -0.0000 -0.2667
vn -0.8176 -0.0000 -0.5758
vn -0.5758 -0.0000 -0.8176
vn -0.2667 -0.0000 -0.9638
vn 0.9638 -0.0000 -0.2667
vn 0.8176 -0.0000 -0.5758
vn 0.5758 -0.0000 -0.8176
vn 0.2667 -0.0000 -0.9638
vn -0.0081 -0.9058 0.4237
vn 0.0835 -0.9026 0.4223
vn -0.0003 -1.0000 -0.0000
vn 0.1340 -0.9052 0.4033
vn -0.0189 -0.8800 0.4746
vn -0.0810 -0.9028 0.4223
vn -0.1278 -0.9032 0.4097
vn 0.3876 -0.9043 0.1788
vn 0.3361 -0.9096 0.2440
vn 0.4519 -0.8914 0.0333
vn 0.4371 -0.8953 0.0855
vn 0.4147 -0.9012 0.1258
vn 0.3012 -0.9059 0.2977
vn -0.4257 -0.9048 0.0088
vn -0.3892 -0.9049 0.1721
vn -0.4127 -0.9024 0.1239
vn -0.3553 -0.9076 0.2236
vn -0.4316 -0.8990 0.0742
vn -0.4457 -0.8932 0.0592
vn 0.5432 -0.4407 0.7147
vn 0.9140 -0.2883 0.2856
vn -1.0000 -0.0076 -0.0002
vn -1.0000 -0.0075 -0.0002
vn 1.0000 -0.0066 -0.0001
vn -0.0049 0.0258 0.9997
vn 0.0182 -0.7034 0.7106
vn 0.0877 -0.6674 0.7395
vn -0.0799 0.0790 0.9937
vn -0.1288 -0.0202 0.9915
vn -0.1305 -0.8212 0.5555
vn -0.2654 -0.0470 0.9630
vn -0.2403 -0.7252 0.6453
vn -0.5948 -0.2521 0.7633
vn -0.3492 -0.7325 0.5844
vn -0.3975 -0.7340 0.5507
vn -0.4786 -0.7164 0.5077
vn -0.2647 -0.8678 0.4206
vn -0.4814 -0.7790 0.4017
vn -0.7065 -0.7068 0.0364
vn -0.9947 -0.0248 0.0997
vn -0.6951 -0.7157 0.0680
vn -0.9986 0.0519 0.0136
vn -0.7117 -0.6794 0.1785
vn -0.9578 0.0034 0.2873
vn -0.6778 -0.7116 0.1850
vn -0.9017 -0.0150 0.4321
vn -0.6250 -0.7242 0.2915
vn -0.6280 -0.7167 0.3034
vn -0.7590 -0.4557 0.4651
vn -0.7162 -0.0004 0.6979
vn -0.4326 0.0251 0.9013
vn -0.4432 -0.0449 0.8953
vn -0.3793 -0.1341 0.9155
vn 0.0597 -0.6239 0.7793
vn -0.1666 -0.0826 0.9826
vn 0.9991 0.0433 -0.0030
vn 0.9988 -0.0385 0.0289
vn 0.9912 0.0834 0.1030
vn 0.6022 -0.7863 0.1384
vn 0.7303 -0.6696 0.1352
vn 0.6619 -0.7145 0.2268
vn 0.7193 -0.5292 0.4500
vn 0.5843 -0.7191 0.3762
vn 0.7807 0.0894 0.6185
vn 0.4917 -0.7553 0.4333
vn 0.6814 0.0386 0.7309
vn 0.6544 -0.0469 0.7547
vn 0.3661 -0.7528 0.5471
vn 0.2911 -0.7339 0.6137
vn 0.3757 -0.7028 0.6041
vn 0.4150 -0.0069 0.9098
vn 0.2550 0.0847 0.9632
vn 0.2998 0.0687 0.9515
vn 0.1850 -0.0805 0.9794
vn 0.1130 0.0671 0.9913
vn -0.0048 -0.8651 0.5015
vn -0.1205 -0.0527 0.9913
vn 0.2433 -0.6972 0.6743
vn 0.1741 0.2178 0.9603
vn 0.6619 -0.2427 0.7092
vn 0.8403 0.0630 0.5385
vn 0.6356 -0.7218 0.2738
vn 0.9279 -0.0148 0.3724
vn 0.9012 0.4281 0.0679
vn 0.9957 0.0564 0.0737
vn -0.9992 -0.0175 -0.0372
vn -0.9998 0.0176 -0.0094
vn 0.7040 -0.7092 -0.0386
vn 0.9981 -0.0128 -0.0606
vn -0.9956 0.0422 -0.0837
vn -0.5144 -0.8460 -0.1402
vn -0.6922 -0.6987 -0.1807
vn -0.9675 0.1504 -0.2034
vn -0.9422 -0.0309 -0.3337
vn -0.9185 -0.0295 -0.3943
vn -0.8831 -0.0696 -0.4641
vn -0.3854 -0.6858 -0.6174
vn -0.4414 -0.6633 -0.6044
vn -0.3737 -0.7613 -0.5298
vn -0.3108 -0.7827 -0.5393
vn -0.7893 0.0775 -0.6091
vn -0.7241 -0.5662 -0.3939
vn -0.5251 -0.7376 -0.4245
vn -0.6803 0.1072 -0.7251
vn -0.0212 -0.6960 -0.7177
vn 0.0364 -0.7032 -0.7101
vn -0.0005 0.0339 -0.9994
vn 0.1095 -0.0380 -0.9933
vn -0.0972 -0.6983 -0.7092
vn -0.2390 -0.6981 -0.6750
vn -0.1761 0.1470 -0.9733
vn -0.1546 -0.7024 -0.6948
vn -0.3357 -0.0426 -0.9410
vn -0.2534 -0.7053 -0.6621
vn -0.9212 -0.0584 -0.3846
vn -0.8453 -0.3821 -0.3736
vn 0.0254 -0.7177 -0.6958
vn 0.1271 -0.0146 -0.9918
vn 0.1302 -0.8214 -0.5553
vn 0.2649 -0.0535 -0.9628
vn 0.2434 -0.7230 -0.6466
vn 0.5867 -0.3028 -0.7511
vn 0.3499 -0.7315 -0.5852
vn 0.3973 -0.7339 -0.5509
vn 0.4728 -0.7195 -0.5088
vn 0.4908 -0.6776 -0.5477
vn 0.4709 -0.7927 -0.3871
vn 0.6924 -0.7184 -0.0669
vn 0.9999 0.0140 0.0053
vn 0.7120 -0.6790 -0.1790
vn 0.9593 0.0040 -0.2824
vn 0.6785 -0.7108 -0.1852
vn 0.9470 0.0666 -0.3144
vn 0.6244 -0.7247 -0.2914
vn 0.6488 -0.6918 -0.3172
vn 0.8747 0.0726 -0.4792
vn 0.6608 -0.0158 -0.7504
vn 0.4003 0.1441 -0.9050
vn 0.3544 0.0028 -0.9351
vn 0.4255 -0.1781 -0.8873
vn -0.1963 -0.6121 -0.7660
vn 0.2120 -0.1149 -0.9705
vn -0.0535 -0.4634 -0.8845
vn 0.9976 0.0510 -0.0478
vn 0.9987 -0.0501 -0.0002
vn 0.9991 0.0120 0.0417
vn 0.9994 0.0115 0.0327
vn 0.9929 0.0010 0.1188
vn 0.9929 -0.0000 0.1190
vn 0.9801 -0.0000 0.1984
vn 0.9385 -0.0000 0.3452
vn 0.9049 -0.0000 0.4257
vn 0.8609 -0.0000 0.5088
vn 0.7532 -0.0000 0.6578
vn 0.7533 -0.0000 0.6577
vn 0.6114 -0.0000 0.7913
vn 0.5126 -0.0000 0.8586
vn 0.4134 -0.0000 0.9106
vn 0.4130 -0.0024 0.9107
vn 0.3104 -0.0149 0.9505
vn 0.2708 0.0210 0.9624
vn 0.1576 0.0020 0.9875
vn 0.1573 -0.0000 0.9876
vn 0.0702 -0.0000 0.9975
vn 0.0701 -0.0009 0.9975
vn 0.0204 -0.0113 0.9997
vn 0.0052 0.0117 0.9999
vn -0.0451 0.0006 0.9990
vn -0.0452 -0.0000 0.9990
vn -0.1736 -0.0000 0.9848
vn -0.3126 -0.0000 0.9499
vn -0.3125 -0.0000 0.9499
vn -0.4035 -0.0000 0.9150
vn -0.4040 -0.0030 0.9148
vn -0.5112 -0.0140 0.8594
vn -0.5641 0.0184 0.8255
vn -0.6629 -0.0181 0.7485
vn -0.7084 0.0120 0.7057
vn -0.7868 0.0031 0.6172
vn -0.7871 -0.0000 0.6168
vn -0.8521 -0.0000 0.5233
vn -0.8521 -0.0000 0.5234
vn -0.9003 -0.0000 0.4352
vn -0.9368 -0.0000 0.3499
vn -0.9368 -0.0000 0.3498
vn -0.9631 -0.0000 0.2690
vn -0.9862 -0.0000 0.1654
vn -0.9863 -0.0039 0.1646
vn -0.9940 -0.0460 0.0990
vn -0.9976 0.0510 0.0478
vn -0.9987 -0.0501 0.0003
vn -0.0067 -1.0000 -0.0016
vn 0.0011 -1.0000 -0.0000
vn 0.0011 -1.0000 0.0001
vn -0.0201 -0.9998 0.0002
vn -0.0000 -1.0000 -0.0029
vn 0.0009 -1.0000 -0.0009
vn 0.0017 -1.0000 0.0009
vn -0.0306 -0.9993 -0.0207
vn -0.0011 -1.0000 -0.0010
vn -0.0391 -0.9990 -0.0193
vn -0.0002 -1.0000 -0.0001
vn -0.0028 -1.0000 -0.0025
vn -0.0077 -0.9999 -0.0098
vn -0.0045 -0.9999 -0.0155
vn -0.0136 -0.9996 -0.0265
vn -0.0056 -0.9994 -0.0333
vn 0.0004 -0.9997 -0.0262
vn -0.0005 -0.9999 -0.0124
vn 0.0012 -0.9999 -0.0101
vn 0.0010 -1.0000 -0.0077
vn 0.0040 -0.9999 -0.0140
vn 0.0074 -0.9998 -0.0162
vn 0.0048 -1.0000 -0.0035
vn 0.0016 -1.0000 -0.0040
vn 0.0185 -0.9997 -0.0146
vn 0.0117 -0.9999 -0.0076
vn 0.0049 -1.0000 -0.0028
vn 0.0158 -0.9999 -0.0066
vn 0.0245 -0.9997 -0.0074
vn 0.0174 -0.9998 -0.0037
vn 0.0067 -1.0000 0.0016
vn 0.0006 -1.0000 -0.0000
vn -0.0001 -1.0000 0.0001
vn -0.0009 -1.0000 -0.0002
vn 0.0028 -1.0000 0.0012
vn 0.0018 -1.0000 0.0009
vn 0.0275 -0.9995 0.0148
vn -0.0002 -1.0000 0.0003
vn -0.0098 -0.9999 -0.0029
vn 0.0002 -1.0000 0.0002
vn 0.0038 -1.0000 0.0034
vn 0.0065 -0.9999 0.0093
vn 0.0068 -0.9998 0.0163
vn -0.0022 -1.0000 -0.0016
vn -0.0029 -1.0000 -0.0018
vn -0.0041 -0.9998 -0.0198
vn -0.0024 -0.9998 -0.0186
vn 0.0007 -1.0000 -0.0049
vn 0.0004 -1.0000 0.0086
vn -0.0003 -1.0000 0.0057
vn -0.0010 -1.0000 0.0077
vn -0.0008 -1.0000 0.0080
vn -0.0040 -0.9999 0.0140
vn -0.0074 -0.9998 0.0162
vn -0.0048 -1.0000 0.0036
vn -0.0015 -1.0000 0.0039
vn -0.0185 -0.9997 0.0146
vn -0.0117 -0.9999 0.0076
vn -0.0049 -1.0000 0.0028
vn -0.0157 -0.9999 0.0065
vn -0.0244 -0.9997 0.0074
vn -0.0174 -0.9998 0.0037
vn -0.9991 0.0120 -0.0418
vn -0.9994 0.0114 -0.0327
vn -0.9929 0.0010 -0.1188
vn -0.9929 -0.0000 -0.1190
vn -0.9801 -0.0000 -0.1984
vn -0.9385 -0.0000 -0.3452
vn -0.9049 -0.0000 -0.4257
vn -0.8609 -0.0000 -0.5088
vn -0.7532 -0.0000 -0.6578
vn -0.6114 -0.0000 -0.7913
vn -0.5126 -0.0000 -0.8586
vn -0.4134 -0.0000 -0.9105
vn -0.4130 -0.0024 -0.9107
vn -0.3104 -0.0149 -0.9505
vn -0.2708 0.0210 -0.9624
vn -0.1576 0.0020 -0.9875
vn -0.1573 -0.0000 -0.9876
vn -0.0702 -0.0000 -0.9975
vn -0.0701 -0.0009 -0.9975
vn -0.0204 -0.0114 -0.9997
vn -0.0053 0.0118 -0.9999
vn 0.0451 0.0006 -0.9990
vn 0.0452 -0.0000 -0.9990
vn 0.1732 -0.0000 -0.9849
vn 0.3125 -0.0000 -0.9499
vn 0.4035 -0.0000 -0.9150
vn 0.4040 -0.0030 -0.9148
vn 0.5112 -0.0123 -0.8594
vn 0.5640 0.0186 -0.8256
vn 0.6629 -0.0181 -0.7485
vn 0.7084 0.0120 -0.7057
vn 0.7868 0.0031 -0.6172
vn 0.7871 -0.0000 -0.6168
vn 0.8521 -0.0000 -0.5233
vn 0.8521 -0.0000 -0.5234
vn 0.9003 -0.0000 -0.4352
vn 0.9003 -0.0000 -0.4353
vn 0.9368 -0.0000 -0.3499
vn 0.9631 -0.0000 -0.2690
vn 0.9862 -0.0000 -0.1654
vn 0.9863 -0.0039 -0.1646
vn 0.9940 -0.0460 -0.0990
vn 0.9848 0.0172 -0.1726
vn 0.9663 -0.0106 -0.2571
vn 0.5179 0.0089 -0.8554
vn 0.4819 -0.0089 -0.8762
vn -0.2605 0.0106 -0.9654
vn -0.3429 -0.0172 -0.9392
vn -0.9511 0.0198 -0.3083
vn -0.9778 -0.0198 -0.2085
vn 0.9997 -0.0089 -0.0208
vn 0.7313 0.0083 -0.6820
vn 0.6820 -0.0083 -0.7313
vn 0.0563 0.0088 -0.9984
vn -0.0163 -0.0157 -0.9997
vn -0.5182 0.0156 -0.8551
vn -0.7241 -0.0320 -0.6890
vn -0.9675 0.0388 -0.2500
vn -0.9991 -0.0212 0.0356
vn -0.0269 -0.0113 -0.9996
vn -0.3429 -0.0173 -0.9392
vn 0.3611 -0.6938 -0.6231
vn 0.3021 -0.8337 -0.4622
vn 0.3031 -0.8358 0.4578
vn -0.3612 -0.6936 0.6232
vn -0.3021 -0.8337 0.4622
vn -0.3041 -0.8356 -0.4576
vn -0.2863 0.0600 0.9563
vn -0.5543 0.7074 0.4387
vn -0.5881 0.7146 0.3788
vn -0.8536 0.5124 0.0941
vn 0.8289 0.5569 0.0526
vn 0.7815 0.5347 0.3215
vn 0.4025 0.7010 0.5888
vn 0.3519 0.7005 0.6209
vn 0.2941 0.7257 0.6220
vn 0.2304 0.7440 -0.6272
vn 0.7890 0.1135 -0.6038
vn 0.8206 0.5483 -0.1613
vn -0.8429 0.5355 -0.0523
vn -0.8217 0.5169 -0.2403
vn -0.3701 0.8428 -0.3908
vn -0.3509 0.7085 -0.6123
vn -0.4511 0.6056 -0.6555
vn -0.3488 0.6508 -0.6744
vn 0.9999 0.0144 -0.0084
vn 0.9465 -0.3160 -0.0653
vn 0.9716 0.1042 -0.2126
vn 0.9282 -0.3146 -0.1989
vn 0.9379 -0.2453 -0.2455
vn 0.8688 -0.2662 -0.4175
vn 0.8238 -0.3269 -0.4631
vn 0.7741 -0.3310 -0.5397
vn 0.6840 -0.2728 -0.6766
vn 0.6211 -0.2573 -0.7402
vn 0.3714 -0.0517 -0.9270
vn 0.4561 -0.0066 -0.8899
vn 0.2601 -0.2931 -0.9200
vn 0.2866 -0.1477 -0.9466
vn 0.1073 -0.0355 -0.9936
vn 0.1364 -0.2287 -0.9639
vn 0.0709 -0.2795 -0.9575
vn -0.0252 -0.2985 -0.9541
vn -0.1357 -0.2201 -0.9660
vn -0.1082 0.0237 -0.9939
vn -0.3197 -0.0695 -0.9450
vn -0.2378 -0.2629 -0.9350
vn -0.3429 -0.3276 -0.8804
vn -0.4321 -0.3097 -0.8470
vn -0.5216 -0.0151 -0.8530
vn -0.6536 -0.2291 -0.7214
vn -0.7124 -0.2704 -0.6476
vn -0.8120 -0.2602 -0.5224
vn -0.8604 -0.2943 -0.4161
vn -0.8967 -0.2993 -0.3261
vn -0.9251 -0.2886 -0.2469
vn -0.9406 -0.3378 -0.0336
vn -0.9346 -0.3401 -0.1042
vn -0.9997 0.0234 0.0060
vn -0.7660 -0.6428 -0.0000
vn -0.7674 -0.6412 -0.0000
vn -0.7675 -0.6411 -0.0000
vn -0.7671 -0.6416 -0.0000
vn -0.7674 -0.6409 0.0179
vn -0.7668 -0.6419 -0.0000
vn -0.7667 -0.6420 0.0001
vn -0.7660 -0.6428 0.0002
vn -0.7660 -0.6428 -0.0001
vn -0.3940 -0.6656 0.6338
vn -0.3120 -0.6601 0.6834
vn -0.3373 -0.6612 0.6701
vn -0.6178 -0.2724 0.7376
vn -0.3117 -0.6613 0.6823
vn -0.0711 -0.6609 0.7471
vn 0.0176 -0.3031 0.9528
vn 0.0148 -0.3149 0.9490
vn -0.1364 -0.2287 0.9639
vn -0.2864 -0.1479 0.9466
vn -0.2613 -0.2985 0.9179
vn -0.7206 -0.2258 0.6556
vn -0.5216 -0.6931 0.4976
vn -0.4644 -0.6797 0.5677
vn -0.5628 -0.6896 0.4557
vn -0.7755 -0.2822 0.5647
vn -0.8083 -0.3459 0.4765
vn -0.8417 -0.3332 0.4249
vn -0.8937 -0.3275 0.3067
vn -0.9240 -0.3221 0.2059
vn -0.9869 0.0554 0.1515
vn -0.7743 -0.6311 0.0474
vn -0.9471 -0.3142 0.0654
vn -0.4398 -0.6710 0.5970
vn -0.3690 -0.0392 0.9286
vn -0.4593 0.0088 0.8882
vn -0.1063 -0.0120 0.9943
vn 0.1357 -0.2200 0.9660
vn 0.1061 0.0404 0.9935
vn 0.3196 -0.0695 0.9450
vn 0.2387 -0.2644 0.9344
vn 0.3408 -0.3280 0.8811
vn 0.4341 -0.3087 0.8463
vn 0.4724 -0.2977 0.8296
vn 0.7153 -0.2477 0.6534
vn 0.8102 -0.2655 0.5226
vn 0.8606 -0.2902 0.4186
vn 0.8955 -0.3037 0.3254
vn 0.9450 -0.2152 0.2461
vn 0.9333 -0.3455 0.0975
vn 0.5910 -0.2665 0.7614
vn -0.4401 -0.6713 -0.5963
vn -0.4662 -0.6727 -0.5745
vn -0.3911 -0.6658 -0.6354
vn -0.6288 -0.6788 -0.3793
vn -0.7610 -0.6340 -0.1377
vn -0.3122 -0.6679 -0.6756
vn -0.0791 -0.6603 -0.7469
vn -0.0044 -0.6389 -0.7692
vn -0.0345 -0.6471 -0.7616
vn 0.4402 -0.6713 0.5963
vn 0.4665 -0.6732 0.5738
vn 0.6288 -0.6788 0.3793
vn 0.7610 -0.6340 0.1376
vn 0.3122 -0.6679 0.6756
vn 0.0791 -0.6603 0.7469
vn 0.0044 -0.6389 0.7693
vn 0.0345 -0.6471 0.7616
vn 0.3941 -0.6656 -0.6338
vn 0.3120 -0.6601 -0.6834
vn 0.3372 -0.6613 -0.6701
vn 0.3116 -0.6613 -0.6823
vn 0.0711 -0.6609 -0.7471
vn 0.5216 -0.6931 -0.4976
vn 0.4644 -0.6797 -0.5677
vn 0.5628 -0.6896 -0.4557
vn 0.7743 -0.6311 -0.0474
vn 0.4398 -0.6710 -0.5970
vn -0.9988 -0.0053 0.0482
vn -0.9488 0.3153 0.0201
vn -0.9998 -0.0175 0.0004
vn -0.9469 0.3206 -0.0260
vn -0.4243 0.9055 -0.0060
vn -0.4349 0.9003 0.0192
vn -0.4388 0.8953 0.0765
vn -0.7582 0.6374 0.1374
vn -0.4133 0.9015 0.1284
vn -0.6867 0.6611 0.3022
vn -0.6637 0.6628 0.3467
vn -0.6345 0.6708 0.3841
vn -0.3353 0.9061 0.2579
vn -0.2126 0.9075 0.3622
vn -0.2593 0.9080 0.3289
vn -0.4611 0.6720 0.5795
vn -0.3766 0.6647 0.6453
vn -0.9460 0.3114 0.0906
vn -0.9851 -0.1364 0.1052
vn -0.9338 0.2968 0.2000
vn -0.8757 0.3419 0.3410
vn -0.6726 0.6550 0.3445
vn -0.7725 0.3124 0.5528
vn -0.6821 0.3509 0.6416
vn -0.2937 0.9089 0.2961
vn -0.3070 0.6733 0.6726
vn -0.3743 0.3534 0.8573
vn -0.1379 0.9036 0.4055
vn -0.2228 0.2999 0.9276
vn -0.0896 0.9025 0.4213
vn -0.1235 0.6456 0.7536
vn -0.0875 0.6389 0.7643
vn -0.1007 0.2629 0.9596
vn -0.0057 0.6429 0.7659
vn -0.0273 0.3163 0.9483
vn 0.0033 0.9005 0.4348
vn -0.0333 0.8968 0.4411
vn -0.0040 0.9005 -0.4348
vn 0.0273 0.3163 -0.9483
vn -0.0621 0.6390 -0.7667
vn -0.0447 0.8996 -0.4344
vn -0.1757 0.3102 -0.9343
vn -0.0878 0.9035 -0.4194
vn -0.2550 0.3413 -0.9047
vn -0.1353 0.9047 -0.4039
vn -0.2894 0.6564 -0.6967
vn -0.3079 0.6750 -0.6705
vn -0.3777 0.6652 -0.6440
vn -0.2142 0.9067 -0.3634
vn -0.4606 0.6722 -0.5797
vn -0.2600 0.9078 -0.3291
vn -0.3026 0.9063 -0.2952
vn -0.3275 0.9103 -0.2532
vn -0.6347 0.6704 -0.3843
vn -0.6641 0.6593 -0.3526
vn -0.6909 0.6563 -0.3031
vn -0.7160 0.6480 -0.2596
vn -0.7291 0.6493 -0.2162
vn -0.4401 0.8939 -0.0848
vn -0.7606 0.6351 -0.1348
vn -0.4494 0.8925 -0.0370
vn -0.9374 0.3391 -0.0793
vn -0.9777 -0.1991 -0.0674
vn -0.9263 0.2639 -0.2689
vn -0.7170 0.6457 -0.2626
vn -0.6705 0.6558 -0.3470
vn -0.7674 0.3287 -0.5506
vn -0.6907 0.3366 -0.6400
vn 0.0624 0.6397 0.7661
vn 0.0421 0.9001 0.4337
vn 0.1756 0.3106 0.9342
vn 0.0808 0.9035 0.4210
vn 0.2550 0.3419 0.9045
vn 0.1272 0.9045 0.4071
vn 0.2891 0.6575 0.6958
vn 0.1734 0.9062 0.3857
vn 0.3770 0.6655 0.6442
vn 0.2193 0.9075 0.3582
vn 0.4608 0.6720 0.5797
vn 0.2630 0.9082 0.3257
vn 0.3025 0.9065 0.2947
vn 0.9468 0.3206 0.0261
vn 0.4242 0.9056 0.0056
vn 0.4471 0.8941 0.0247
vn 0.9377 0.3383 0.0787
vn 0.4255 0.9018 0.0751
vn 0.9774 -0.2001 0.0689
vn 0.9263 0.2639 0.2690
vn 0.4141 0.9023 0.1199
vn 0.7173 0.6454 0.2627
vn 0.3930 0.9041 0.1676
vn 0.6706 0.6554 0.3475
vn 0.3630 0.9066 0.2151
vn 0.7672 0.3289 0.5507
vn 0.3276 0.9112 0.2497
vn 0.6907 0.3366 0.6400
vn -0.0041 -0.6896 -0.7242
vn -0.0827 0.0706 -0.9941
vn -0.0766 -0.6921 -0.7177
vn -0.1877 -0.7017 -0.6873
vn -0.2383 -0.6909 -0.6826
vn -0.1191 -0.7047 -0.6994
vn -0.4514 -0.6767 -0.5817
vn -0.5567 -0.6904 -0.4620
vn -0.6142 -0.6880 -0.3866
vn -0.8867 0.0349 -0.4611
vn -0.6544 -0.6888 -0.3121
vn -0.9402 0.0339 -0.3389
vn -0.6918 -0.6833 -0.2335
vn -0.9757 -0.0916 -0.1990
vn -0.9917 -0.0755 -0.1039
vn -0.6361 0.0466 -0.7702
vn -0.4200 -0.6695 -0.6127
vn -0.4986 0.0518 -0.8653
vn -0.3408 -0.6676 -0.6620
vn -0.3726 0.0260 -0.9276
vn 0.9475 0.3191 -0.0196
vn 0.9988 -0.0053 -0.0481
vn 0.9511 0.2981 -0.0806
vn 0.9792 -0.1838 -0.0860
vn 0.9392 0.2731 -0.2081
vn 0.8757 0.3419 -0.3411
vn 0.6801 -0.6666 -0.3052
vn 0.8860 0.0407 -0.4620
vn 0.6199 -0.6769 -0.3968
vn 0.7725 0.3124 -0.5529
vn 0.4878 -0.6991 -0.5228
vn 0.6821 0.3509 -0.6416
vn 0.5761 -0.6748 -0.4612
vn 0.9782 -0.1273 -0.1641
vn 0.7010 -0.6853 -0.1973
vn 0.4309 -0.6840 -0.5887
vn 0.6311 0.0360 -0.7749
vn 0.5054 0.0502 -0.8614
vn 0.3497 -0.6818 -0.6425
vn 0.3743 0.3534 -0.8573
vn 0.1155 -0.0228 -0.9930
vn 0.1879 -0.0071 -0.9822
vn 0.0465 -0.0348 -0.9983
vn 0.2247 -0.6799 -0.6980
vn 0.2228 0.2998 -0.9276
vn 0.1007 0.2629 -0.9596
vn 0.1654 0.0018 -0.9862
vn 0.4388 0.8953 -0.0765
vn 0.4349 0.9003 -0.0192
vn 0.7582 0.6374 -0.1373
vn 0.4133 0.9015 -0.1284
vn 0.6867 0.6611 -0.3023
vn 0.6637 0.6628 -0.3467
vn 0.6346 0.6708 -0.3838
vn 0.3353 0.9061 -0.2579
vn 0.2126 0.9075 -0.3622
vn 0.2593 0.9081 -0.3289
vn 0.4611 0.6720 -0.5795
vn 0.3766 0.6647 -0.6453
vn 0.6726 0.6550 -0.3445
vn 0.2937 0.9089 -0.2961
vn 0.3071 0.6734 -0.6725
vn 0.1379 0.9036 -0.4055
vn 0.0896 0.9025 -0.4213
vn 0.1235 0.6456 -0.7536
vn 0.0875 0.6389 -0.7643
vn 0.0057 0.6432 -0.7657
vn 0.0333 0.8968 -0.4411
vn -0.0003 1.0000 -0.0001
vn 0.0004 1.0000 -0.0000
vn 0.0003 1.0000 0.0001
vn 0.9998 -0.0175 -0.0004
vn 0.0041 -0.6896 0.7242
vn 0.0827 0.0706 0.9941
vn 0.0766 -0.6921 0.7177
vn 0.1877 -0.7017 0.6872
vn 0.2383 -0.6909 0.6826
vn 0.1192 -0.7047 0.6994
vn 0.4514 -0.6766 0.5817
vn 0.5566 -0.6904 0.4620
vn 0.6143 -0.6879 0.3866
vn 0.8867 0.0349 0.4611
vn 0.6544 -0.6888 0.3120
vn 0.9402 0.0339 0.3389
vn 0.6918 -0.6833 0.2335
vn 0.9757 -0.0915 0.1990
vn 0.9917 -0.0754 0.1040
vn 0.6361 0.0466 0.7702
vn 0.4200 -0.6695 0.6127
vn 0.4986 0.0519 0.8653
vn 0.3408 -0.6675 0.6620
vn 0.3726 0.0260 0.9276
vn -0.6801 -0.6666 0.3052
vn -0.8860 0.0406 0.4620
vn -0.6199 -0.6770 0.3968
vn -0.4878 -0.6991 0.5228
vn -0.5761 -0.6748 0.4612
vn -0.9782 -0.1272 0.1641
vn -0.7010 -0.6853 0.1973
vn -0.4309 -0.6840 0.5887
vn -0.6311 0.0360 0.7749
vn -0.5054 0.0502 0.8614
vn -0.3497 -0.6818 0.6425
vn -0.1156 -0.0229 0.9930
vn -0.1879 -0.0071 0.9822
vn -0.0465 -0.0348 0.9983
vn -0.2247 -0.6799 0.6981
vn -0.1654 0.0018 0.9862
vn 0.0009 -1.0000 0.0003
vn -0.0005 -1.0000 -0.0000
vn -0.0004 -1.0000 -0.0000
vn -0.0007 -1.0000 0.0002
vn 0.0027 -1.0000 -0.0027
vn 0.0085 -1.0000 -0.0040
vn 0.0067 -1.0000 -0.0034
vn -0.0005 -1.0000 0.0003
vn 0.0015 -1.0000 -0.0030
vn 0.0062 -0.9999 -0.0100
vn -0.0009 -1.0000 0.0019
vn -0.0007 -1.0000 0.0011
vn 0.0003 -1.0000 -0.0015
vn 0.0004 -1.0000 -0.0016
vn -0.0000 -1.0000 -0.0041
vn 0.0019 -1.0000 0.0001
vn 0.0017 -1.0000 -0.0000
vn -0.0000 -1.0000 0.0006
vn 0.0003 -1.0000 0.0007
vn 0.0092 -1.0000 0.0031
vn 0.0077 -1.0000 0.0032
vn 0.0045 -1.0000 0.0024
vn -0.0002 -1.0000 0.0014
vn 0.0094 -0.9999 0.0118
vn 0.0074 -0.9999 0.0115
vn 0.0049 -1.0000 0.0084
vn 0.0016 -1.0000 0.0022
vn -0.0015 -1.0000 0.0015
vn 0.0019 -0.9999 0.0133
vn -0.0000 -1.0000 0.0041
vn -0.0004 -1.0000 0.0016
vn -0.0003 -1.0000 0.0015
vn 0.0007 -1.0000 -0.0011
vn 0.0009 -1.0000 -0.0019
vn -0.0062 -0.9999 0.0100
vn -0.0015 -1.0000 0.0030
vn 0.0005 -1.0000 -0.0003
vn -0.0067 -1.0000 0.0034
vn -0.0085 -1.0000 0.0040
vn -0.0027 -1.0000 0.0027
vn 0.0007 -1.0000 -0.0002
vn -0.0009 -1.0000 -0.0003
vn -0.0019 -1.0000 -0.0001
vn -0.0017 -1.0000 -0.0000
vn -0.0000 -1.0000 -0.0006
vn -0.0003 -1.0000 -0.0007
vn -0.0092 -1.0000 -0.0031
vn -0.0077 -1.0000 -0.0032
vn -0.0045 -1.0000 -0.0024
vn 0.0002 -1.0000 -0.0014
vn -0.0093 -0.9999 -0.0118
vn -0.0074 -0.9999 -0.0115
vn -0.0048 -1.0000 -0.0084
vn -0.0016 -1.0000 -0.0023
vn 0.0015 -1.0000 -0.0015
vn -0.0019 -0.9999 -0.0133
vn -0.3070 -0.2744 0.9113
vn -0.0334 -0.6893 0.7237
vn -0.0003 -1.0000 0.0001
vn -0.3210 -0.6740 0.6654
vn -0.4154 -0.6693 0.6160
vn -0.0004 -1.0000 0.0001
vn -0.5929 -0.6719 0.4438
vn -0.6419 -0.6756 0.3626
vn -0.6779 -0.6728 0.2962
vn -0.6968 -0.6783 0.2334
vn -0.7278 -0.6852 0.0266
vn -0.7160 -0.6762 0.1732
vn -0.7268 -0.6792 0.1020
vn -0.7235 -0.6900 -0.0233
vn -0.7264 -0.6737 -0.1363
vn -0.7305 -0.6786 -0.0769
vn -0.2792 -0.6731 -0.6848
vn -0.2110 -0.6815 -0.7007
vn -0.0296 -0.6910 -0.7222
vn -0.3091 -0.2739 -0.9107
vn -0.2999 0.3174 -0.8996
vn -0.3144 0.0235 0.9490
vn -0.9848 -0.0000 0.1736
vn -0.9397 -0.0000 0.3420
vn -0.7660 -0.0000 0.6428
vn -0.6428 -0.0000 0.7660
vn -0.3420 -0.0000 0.9397
vn -0.1737 -0.0000 -0.9848
vn -0.3420 -0.0000 -0.9397
vn -0.6428 -0.0000 -0.7660
vn -0.7660 -0.0000 -0.6428
vn -0.9397 -0.0000 -0.3420
vn -0.9848 -0.0000 -0.1736
vn -0.7315 0.6811 0.0323
vn -0.7124 0.6968 0.0836
vn -0.7828 0.6109 0.1180
vn -0.6816 0.6955 0.2274
vn -0.0002 1.0000 -0.0000
vn -0.6566 0.6913 0.3017
vn -0.5887 0.6967 0.4100
vn -0.0010 1.0000 0.0002
vn -0.5430 0.6985 0.4662
vn 0.0022 1.0000 -0.0001
vn -0.4283 0.6886 0.5851
vn -0.0009 1.0000 0.0005
vn -0.4871 0.0658 0.8709
vn -0.3012 0.6809 0.6676
vn -0.0008 1.0000 0.0002
vn -0.7094 0.7047 -0.0064
vn -0.7146 0.6895 -0.1180
vn -0.0008 1.0000 -0.0001
vn -0.6249 0.7013 -0.3430
vn -0.6496 0.7060 -0.2821
vn -0.6742 0.6956 -0.2482
vn -0.5914 0.6953 -0.4084
vn -0.5171 0.6997 -0.4930
vn -0.0006 1.0000 -0.0002
vn -0.3294 0.7115 -0.6207
vn -0.0002 1.0000 -0.0002
vn -0.2614 0.6799 -0.6852
vn -0.0000 1.0000 -0.0007
vn -0.1704 0.7149 -0.6782
vn -0.0003 1.0000 -0.0019
vn -0.0934 0.7096 -0.6983
vn -0.0008 1.0000 -0.0018
vn -0.0298 0.6777 -0.7347
vn -0.0007 1.0000 -0.0007
vn -0.7247 0.6875 -0.0453
vn -0.5791 0.5832 0.5696
vn -0.0130 0.7338 0.6793
vn -0.0422 0.1027 0.9938
vn -0.1061 0.0195 0.9942
vn -0.1389 0.0670 0.9880
vn -0.1959 0.7168 0.6692
vn -0.3072 0.0571 0.9499
vn -0.2458 0.7396 0.6265
vn -0.4401 0.7277 0.5260
vn -0.6683 0.0373 0.7430
vn -0.5199 0.7290 0.4453
vn -0.5642 0.7578 0.3276
vn -0.9753 0.0374 0.2175
vn -0.6920 0.7219 -0.0002
vn -0.9919 -0.0307 0.1233
vn -0.9663 0.0053 0.2574
vn -0.9287 0.0019 0.3709
vn -0.5831 0.7173 0.3813
vn -0.5013 0.0031 0.8653
vn -0.1110 0.7359 0.6679
vn -0.6770 0.7354 -0.0299
vn -0.6855 0.7185 -0.1179
vn -0.6800 0.7155 -0.1604
vn -0.6453 0.7350 -0.2081
vn -0.9147 0.0054 -0.4041
vn -0.8670 0.0021 -0.4983
vn -0.7958 0.0094 -0.6055
vn -0.4878 0.7158 -0.4997
vn -0.4504 0.7117 -0.5391
vn -0.2939 0.7564 -0.5843
vn -0.3669 0.7588 -0.5381
vn -0.2497 -0.0436 -0.9673
vn -0.0909 -0.0448 -0.9949
vn -0.7073 0.0016 -0.7070
vn -0.6000 0.0735 -0.7966
vn -0.8066 0.0010 0.5910
vn -0.8069 0.0005 0.5907
vn 0.4884 0.5629 0.6668
vn 0.5911 0.0016 0.8066
vn 0.0406 0.9988 -0.0263
vn -0.0009 1.0000 0.0009
vn -0.0853 0.9845 0.1529
vn -0.0004 1.0000 0.0008
vn -0.0598 0.9793 0.1934
vn -0.0002 1.0000 0.0005
vn 0.0004 1.0000 0.0006
vn -0.1843 0.9714 0.1496
vn 0.0095 0.9997 -0.0208
vn 0.0009 1.0000 0.0006
vn -0.0644 0.9624 0.2640
vn 0.0009 1.0000 0.0005
vn -0.0649 0.9818 0.1785
vn 0.0003 1.0000 0.0005
vn -0.0872 0.7506 0.6550
vn -0.1683 0.9681 0.1856
vn -0.1052 0.9712 0.2137
vn -0.8749 0.4343 -0.2145
vn -0.5128 0.5428 -0.6652
vn -0.2382 0.7243 -0.6470
vn -0.3142 0.6821 0.6604
vn -0.5467 0.4988 0.6725
vn -0.7636 0.6056 0.2240
vn -0.0673 0.7522 0.6555
vn -0.2955 0.6869 0.6639
vn -0.5294 0.5214 0.6692
vn -0.9025 0.4308 -0.0011
vn -0.8829 0.4696 -0.0003
vn -0.9910 0.1310 -0.0286
vn -0.7363 0.6766 -0.0059
vn -0.4260 0.9043 -0.0284
vn -0.8990 0.4373 -0.0222
vn -0.9904 0.1351 0.0277
vn -0.9364 0.3509 -0.0064
vn -0.7181 0.6948 0.0390
vn -0.9809 0.0009 -0.1945
vn -0.8984 0.4392 0.0001
vn -0.4703 0.8824 0.0123
vn -0.5403 0.4996 -0.6771
vn -0.0925 0.9902 -0.1048
vn -0.3112 0.6815 -0.6624
vn -0.1160 0.7215 -0.6827
vn -0.5276 0.5222 0.6700
vn -0.8986 0.4388 0.0004
vn -0.9729 -0.1225 -0.1960
vn -0.1575 0.7291 -0.6661
vn -0.3627 0.6221 -0.6939
vn -0.2938 0.6898 0.6617
vn -0.0683 0.7521 0.6555
vn -0.5319 0.5174 -0.6704
vn -0.0000 0.0002 1.0000
vn -0.0056 1.0000 -0.0008
vn -0.0029 1.0000 -0.0004
vn -0.0000 0.0001 1.0000
vn -0.4411 0.8624 -0.2484
vn -0.8059 -0.0002 -0.5920
vn -0.3153 0.0040 -0.9490
vn -0.1525 0.9046 -0.3980
vn 0.7839 0.6209 -0.0000
vn 1.0000 -0.0002 -0.0000
vn 0.0014 1.0000 -0.0007
vn 0.0005 1.0000 -0.0008
vn -0.0831 0.9854 -0.1487
vn -0.1162 0.9830 -0.1423
vn -0.0713 0.9734 -0.2178
vn 0.0009 1.0000 -0.0005
vn -0.0001 1.0000 0.0004
vn 0.5775 0.5775 0.5771
vn 0.7080 0.0001 0.7062
vn 0.3162 0.9487 -0.0000
vn 0.0035 -0.0001 1.0000
vn 0.0036 -0.0000 1.0000
vn 0.0034 -0.0000 -1.0000
vn 0.5782 0.5771 -0.5767
vn 0.0035 -0.0001 -1.0000
vn 0.7078 -0.0003 -0.7064
vn -0.6356 -0.6921 -0.3419
vn -0.0254 -0.9992 -0.0318
vn -0.6780 -0.7343 -0.0337
vn -0.0001 -1.0000 0.0005
vn 0.0017 -0.9995 -0.0312
vn -0.0002 -1.0000 0.0006
vn 0.0003 -1.0000 -0.0003
vn 0.2161 -0.9668 -0.1366
vn 0.2016 -0.9794 -0.0117
vn -0.0010 -1.0000 0.0009
vn -0.0009 -1.0000 0.0007
vn 0.0104 -0.9978 -0.0657
vn 0.0249 -0.9994 -0.0259
vn 0.0247 -0.9997 -0.0007
vn 0.3461 -0.9344 0.0842
vn 0.0160 -0.9999 -0.0010
vn 0.2904 -0.9554 -0.0544
vn 0.2058 -0.9670 0.1498
vn 0.0060 -1.0000 0.0014
vn 0.1844 -0.9638 0.1926
vn 0.0071 -1.0000 0.0030
vn 0.1618 -0.9622 0.2190
vn 0.0082 -1.0000 0.0051
vn 0.1243 -0.9608 0.2477
vn 0.0048 -1.0000 0.0046
vn 0.0810 -0.9635 0.2553
vn 0.0042 -1.0000 0.0061
vn 0.0692 -0.9477 0.3116
vn 0.0055 -0.9999 0.0100
vn 0.0039 -0.9999 0.0108
vn -0.0136 -0.9465 0.3223
vn 0.0001 -1.0000 0.0092
vn -0.6070 -0.6288 0.4859
vn -0.6940 -0.7199 0.0103
vn 0.9988 -0.0394 -0.0285
vn 0.9985 -0.0199 -0.0502
vn 0.7254 0.6880 0.0221
vn 0.9991 -0.0354 0.0253
vn 0.9994 -0.0328 -0.0102
vn 0.9987 -0.0505 0.0020
vn 0.9815 -0.1720 0.0836
vn 0.9974 -0.0610 0.0372
vn -0.2997 -0.0534 -0.9526
vn -0.7083 0.0388 -0.7049
vn -0.0121 0.0009 -0.9999
vn 0.6647 -0.0487 -0.7455
vn -0.9762 -0.0533 -0.2104
vn 0.7952 -0.6055 0.0331
vn 0.9203 -0.3858 0.0645
vn 0.9492 -0.3125 0.0374
vn 0.8600 -0.5097 0.0252
vn 0.9743 -0.2083 0.0862
vn 0.4935 -0.8686 0.0439
vn 0.7769 -0.6222 0.0963
vn 0.0007 -1.0000 0.0051
vn 0.3614 -0.9276 0.0951
vn 0.6719 -0.7318 0.1145
vn -0.0000 -0.1274 0.9919
vn -0.0153 -0.4194 0.9077
vn 0.0713 -0.1299 0.9890
vn 0.0938 -0.1963 0.9760
vn 0.1476 -0.1414 0.9789
vn 0.2598 -0.3946 0.8814
vn 0.2261 -0.1606 0.9608
vn 0.3293 -0.4847 0.8104
vn 0.3250 -0.1704 0.9302
vn 0.3499 -0.4805 0.8042
vn 0.3899 -0.5116 0.7657
vn 0.4520 -0.1808 0.8735
vn 0.5539 -0.4802 0.6802
vn 0.5265 -0.1977 0.8269
vn 0.6055 -0.2079 0.7682
vn 0.5136 -0.1620 0.8426
vn 0.6030 -0.1688 0.7797
vn 0.5212 -0.1044 0.8470
vn 0.6662 -0.1196 0.7361
vn 0.6858 -0.1715 0.7073
vn 0.7596 -0.1686 0.6282
vn 0.7404 -0.2078 0.6392
vn 0.8018 -0.2016 0.5625
vn 0.8539 -0.1849 0.4865
vn 0.7006 -0.4740 0.5334
vn 0.8368 -0.3781 0.3959
vn 0.5151 -0.4185 0.7480
vn 0.6775 -0.2109 0.7046
vn 0.6820 -0.4344 0.5884
vn 0.7407 -0.4065 0.5348
vn 0.8956 -0.1738 0.4096
vn 0.8740 -0.3689 0.3164
vn 0.9294 -0.1594 0.3329
vn 0.9027 -0.3514 0.2481
vn 0.9568 -0.1441 0.2524
vn 0.9632 -0.2229 0.1503
vn 0.9707 -0.1412 0.1945
vn 0.9864 -0.1354 0.0937
vn 0.9814 -0.1040 0.1611
vn 0.9941 -0.0855 0.0671
vn 0.9977 -0.0675 0.0016
vn 0.9168 -0.3582 0.1766
vn 0.9928 -0.1196 0.0013
vn 0.8619 -0.5062 0.0302
vn 0.9813 -0.0725 0.1784
vn 0.9709 -0.1037 0.2160
vn 0.9618 -0.0829 0.2611
vn 0.9497 -0.1195 0.2896
vn 0.9334 -0.0939 0.3464
vn 0.9182 -0.1351 0.3725
vn 0.8712 -0.1084 0.4788
vn 0.8766 -0.1493 0.4574
vn 0.8240 -0.1609 0.5432
vn 0.7911 -0.1174 0.6003
vn 0.4237 -0.1494 0.8934
vn 0.3569 -0.0948 0.9293
vn 0.3299 -0.1345 0.9344
vn 0.3599 -0.1632 0.9186
vn 0.2443 -0.1148 0.9629
vn 0.2746 -0.1474 0.9502
vn 0.2144 -0.0796 0.9735
vn 0.1615 -0.0994 0.9818
vn 0.1941 -0.1259 0.9729
vn 0.0696 -0.0588 0.9958
vn 0.0738 -0.0737 0.9945
vn 0.1240 -0.1097 0.9862
vn -0.0004 -0.0538 0.9986
vn 0.0047 -0.0835 0.9965
vn 0.0538 -0.1012 0.9934
vn 0.0061 -0.0364 0.9993
vn 0.0077 -0.0749 0.9972
vn -0.0040 -0.0491 0.9988
vn -0.0119 -0.0975 0.9952
vn 0.0457 -0.1598 0.9861
vn -0.0206 -0.1180 0.9928
vn -0.1748 -0.8758 0.4500
vn -0.0216 -0.8447 -0.5348
vn 0.0201 -0.8258 -0.5636
vn 0.1008 -0.3670 -0.9247
vn 0.2335 -0.3775 -0.8961
vn -0.0187 -0.4459 -0.8949
vn 0.3473 -0.4084 -0.8441
vn 0.3398 -0.6275 -0.7006
vn 0.5641 -0.4360 -0.7013
vn 0.8782 -0.4688 -0.0945
vn 0.8333 -0.5526 0.0167
vn 0.4632 -0.8818 -0.0886
vn 0.5834 -0.8056 -0.1037
vn 0.5913 -0.7885 -0.1691
vn 0.5650 -0.7974 -0.2119
vn 0.5628 -0.7785 -0.2777
vn 0.5099 -0.8027 -0.3094
vn 0.5051 -0.7826 -0.3638
vn 0.4910 -0.7421 -0.4563
vn 0.3726 -0.8071 -0.4580
vn 0.3314 -0.7592 -0.5602
vn 0.2662 -0.7927 -0.5485
vn 0.1745 -0.7999 -0.5741
vn 0.2380 -0.3763 -0.8954
vn 0.5355 -0.3804 -0.7540
vn 0.6427 -0.3406 -0.6863
vn 0.6920 -0.3735 -0.6178
vn 0.7627 -0.3655 -0.5336
vn 0.8272 -0.3653 -0.4271
vn 0.8026 -0.4645 -0.3743
vn 0.8387 -0.4497 -0.3072
vn 0.8694 -0.4370 -0.2308
vn 0.0080 -0.0423 -0.9991
vn -0.5767 0.5650 -0.5901
vn 0.0447 0.6853 -0.7268
vn 0.1127 -0.0606 -0.9918
vn 0.1700 -0.0202 -0.9852
vn 0.1830 -0.0498 -0.9819
vn 0.2628 -0.0550 -0.9633
vn 0.2399 -0.0958 -0.9661
vn 0.3725 -0.0971 -0.9229
vn 0.3591 -0.0593 -0.9314
vn 0.4947 -0.1029 -0.8629
vn 0.4545 -0.0645 -0.8884
vn 0.5524 -0.0645 -0.8311
vn 0.6167 -0.1203 -0.7779
vn 0.6486 -0.0672 -0.7582
vn 0.7015 -0.1208 -0.7024
vn 0.7293 -0.0678 -0.6808
vn 0.7911 -0.1174 -0.6004
vn 0.8044 -0.0668 -0.5903
vn 0.8649 -0.0628 -0.4981
vn 0.8516 -0.0114 -0.5241
vn 0.9173 -0.0156 -0.3980
vn 0.3196 -0.0152 -0.9474
vn 0.4542 -0.0113 -0.8908
vn 0.6153 -0.0064 -0.7883
vn 0.7518 -0.0082 -0.6593
vn 0.9104 -0.0605 -0.4092
vn 0.9456 -0.0548 -0.3207
vn 0.9612 -0.0169 -0.2754
vn 0.9697 -0.0504 -0.2391
vn 0.9867 -0.0186 -0.1615
vn 0.9939 -0.0412 -0.1024
vn 0.9968 -0.0561 -0.0572
vn 0.9881 -0.0658 -0.1393
vn 0.9742 -0.0760 -0.2124
vn 0.9474 -0.0890 -0.3073
vn 0.9166 -0.0987 -0.3873
vn 0.8636 -0.1096 -0.4921
vn 0.0452 -0.0676 -0.9967
vn -0.5739 -0.5775 0.5807
vn 0.0148 -0.7764 -0.6301
vn -0.5833 -0.6177 -0.5275
vn 0.8441 -0.5359 -0.0172
vn 0.8916 -0.4502 -0.0495
vn 0.9042 -0.4241 -0.0515
vn 0.9522 -0.2922 -0.0887
vn 0.6966 -0.7141 -0.0694
vn 0.4966 -0.8664 -0.0527
vn 0.6626 -0.6825 -0.3085
vn 0.8464 -0.4923 -0.2028
vn 0.0001 1.0000 -0.0009
vn -0.3096 0.9012 -0.3032
vn -0.5842 0.5792 0.5685
vn -0.5763 0.5681 -0.5875
vn 0.0001 1.0000 0.0002
vn 0.7228 0.6866 0.0787
vn 0.0015 1.0000 -0.0000
vn 0.7132 0.6820 0.1616
vn 0.9875 -0.1577 -0.0017
vn 0.9807 -0.1630 -0.1077
vn 0.9630 -0.1640 -0.2139
vn 0.9322 -0.1708 -0.3190
vn 0.8890 -0.1807 -0.4207
vn 0.8344 -0.1899 -0.5173
vn 0.7689 -0.1985 -0.6077
vn 0.6919 -0.2080 -0.6914
vn 0.6106 -0.2074 -0.7643
vn 0.5202 -0.2029 -0.8296
vn 0.4351 -0.2124 -0.8750
vn 0.3021 -0.1875 -0.9346
vn 0.2141 -0.1770 -0.9606
vn 0.1068 -0.1658 -0.9804
vn -0.0023 -0.1509 -0.9885
vn 0.0859 -0.1241 -0.9885
vn 0.0018 -0.0867 -0.9962
vn 0.0684 -0.0904 -0.9936
vn 0.0495 -0.7422 -0.6683
vn 0.0108 -0.7300 -0.6833
vn 0.1370 -0.0855 -0.9869
vn 0.1562 -0.1091 -0.9817
vn 0.1911 -0.1435 -0.9710
vn 0.2061 -0.0795 -0.9753
vn 0.2566 -0.1147 -0.9597
vn 0.2602 -0.1320 -0.9565
vn 0.2966 -0.1635 -0.9409
vn 0.1955 -0.7511 -0.6306
vn 0.3180 -0.1434 -0.9372
vn 0.3500 -0.1781 -0.9197
vn 0.2558 -0.7653 -0.5906
vn 0.4879 -0.1597 -0.8582
vn 0.5198 -0.1104 -0.8472
vn 0.6029 -0.1628 -0.7810
vn 0.6667 -0.1233 -0.7351
vn 0.7136 -0.1633 -0.6813
vn 0.7896 -0.1195 -0.6019
vn 0.8097 -0.1464 -0.5683
vn 0.8699 -0.1091 -0.4811
vn 0.8863 -0.1390 -0.4417
vn 0.9857 -0.0883 -0.1438
vn 0.9967 -0.0648 -0.0496
vn 0.9927 -0.0963 -0.0732
vn 0.9798 -0.1166 -0.1624
vn 0.9723 -0.1359 -0.1900
vn 0.9886 -0.1221 -0.0883
vn 0.9962 -0.0874 0.0005
vn 0.4034 -0.1899 -0.8951
vn 0.3725 -0.1566 -0.9147
vn 0.5073 -0.2045 -0.8371
vn 0.6050 -0.2045 -0.7695
vn 0.7018 -0.2073 -0.6816
vn 0.7807 -0.2114 -0.5880
vn 0.7972 -0.1802 -0.5762
vn 0.8484 -0.1955 -0.4920
vn 0.8678 -0.1669 -0.4680
vn 0.9035 -0.1732 -0.3921
vn 0.9220 -0.1455 -0.3588
vn 0.9440 -0.1556 -0.2908
vn 0.9586 -0.1232 -0.2566
vn -0.9975 0.0511 0.0478
vn -0.9988 0.0120 -0.0484
vn -0.9994 0.0114 -0.0328
vn 0.0046 -1.0000 -0.0000
vn -0.1458 -0.0000 0.9893
vn 0.0008 0.0008 1.0000
vn -0.5627 0.5844 0.5846
vn -0.1666 -0.0000 0.9860
vn -0.3096 -0.0000 0.9509
vn -0.3285 -0.0000 0.9445
vn -0.4647 -0.0000 0.8855
vn -0.4812 -0.0000 0.8766
vn -0.6066 -0.0000 0.7950
vn -0.6205 -0.0000 0.7842
vn -0.7314 -0.0000 0.6819
vn -0.7425 -0.0000 0.6699
vn -0.8354 -0.0000 0.5496
vn -0.8437 -0.0000 0.5368
vn -0.9158 -0.0000 0.4017
vn -0.9213 -0.0000 0.3888
vn -0.9702 -0.0000 0.2424
vn -0.9732 -0.0000 0.2299
vn -0.9971 -0.0000 0.0763
vn -0.9979 -0.0000 0.0646
vn -0.9958 -0.0000 -0.0920
vn -0.9947 -0.0000 -0.1025
vn -0.9662 0.0001 -0.2578
vn -0.9638 -0.0000 -0.2668
vn -0.9093 -0.0000 -0.4161
vn -0.9059 -0.0000 -0.4236
vn -0.8266 -0.0000 -0.5628
vn -0.8226 -0.0000 -0.5686
vn -0.7205 -0.0000 -0.6934
vn -0.7164 -0.0000 -0.6977
vn -0.5940 -0.0000 -0.8045
vn -0.5902 -0.0000 -0.8073
vn -0.4507 -0.0000 -0.8927
vn -0.4475 -0.0000 -0.8943
vn -0.2946 -0.0000 -0.9556
vn -0.2923 -0.0000 -0.9563
vn -0.1301 -0.0000 -0.9915
vn -0.1290 -0.0000 -0.9916
vn 0.0380 -0.0004 -0.9993
vn 0.0380 -0.0000 -0.9993
vn 0.9969 -0.0543 0.0564
vn 0.9877 -0.0651 0.1424
vn 0.9713 -0.0784 0.2244
vn 0.9701 -0.0515 0.2371
vn 0.9392 -0.1021 0.3278
vn 0.9456 -0.0561 0.3206
vn 0.9143 -0.1029 0.3918
vn 0.9109 -0.0598 0.4083
vn 0.8654 -0.1099 0.4889
vn 0.8645 -0.0637 0.4985
vn 0.8032 -0.0680 0.5919
vn 0.8611 -0.0153 0.5081
vn 0.7527 -0.0139 0.6583
vn 0.9381 -0.0176 0.3458
vn 0.9049 -0.0164 0.4254
vn 0.6056 -0.0118 0.7957
vn 0.6465 -0.0693 0.7598
vn 0.7316 -0.0695 0.6782
vn 0.7984 -0.1297 0.5880
vn 0.5536 -0.0664 0.8301
vn 0.4629 -0.0107 0.8863
vn 0.4542 -0.0652 0.8885
vn 0.3601 -0.0588 0.9310
vn 0.2983 -0.0105 0.9544
vn 0.2619 -0.0548 0.9635
vn 0.1813 -0.0480 0.9823
vn 0.1549 -0.0180 0.9878
vn 0.1090 -0.0439 0.9931
vn 0.0545 -0.0195 0.9983
vn 0.0138 -0.0352 0.9993
vn 0.0060 -0.0198 0.9998
vn 0.0009 -0.0445 0.9990
vn 0.0431 -0.0673 0.9968
vn 0.1222 -0.0858 0.9888
vn 0.2437 -0.0939 0.9653
vn 0.3621 -0.1174 0.9247
vn 0.4736 -0.1354 0.8703
vn 0.5217 -0.1113 0.8458
vn 0.6061 -0.1393 0.7831
vn 0.7033 -0.1192 0.7008
vn 0.0002 1.0000 0.0022
vn -0.0639 0.7493 0.6591
vn -0.9462 0.3237 -0.0008
vn -0.1283 0.7631 0.6334
vn -0.2816 0.7579 0.5885
vn -0.0006 1.0000 0.0007
vn -0.3463 0.7635 0.5451
vn -0.0015 1.0000 0.0020
vn -0.4032 0.7671 0.4990
vn -0.0034 1.0000 0.0031
vn -0.4536 0.7685 0.4514
vn -0.5039 0.7661 0.3990
vn -0.0009 1.0000 0.0010
vn -0.5651 0.7540 0.3348
vn -0.0017 1.0000 0.0006
vn -0.5926 0.7587 0.2706
vn -0.0022 1.0000 0.0006
vn -0.6217 0.7556 0.2060
vn -0.6442 0.7520 0.1400
vn -0.0051 1.0000 0.0007
vn -0.6611 0.7470 0.0704
vn -0.6606 0.7507 -0.0021
vn -0.0053 1.0000 -0.0005
vn -0.6598 0.7482 -0.0691
vn -0.6350 0.7616 -0.1291
vn -0.5929 0.7547 -0.2807
vn -0.0026 1.0000 -0.0018
vn -0.5516 0.7602 -0.3433
vn -0.5056 0.7640 -0.4009
vn -0.0026 1.0000 -0.0026
vn -0.4563 0.7675 -0.4502
vn -0.4035 0.7681 -0.4972
vn -0.0019 1.0000 -0.0026
vn -0.3468 0.7656 -0.5418
vn -0.0006 1.0000 -0.0006
vn -0.2793 0.7563 -0.5917
vn -0.0006 1.0000 -0.0022
vn -0.2090 0.7578 -0.6181
vn -0.1400 0.7538 -0.6421
vn -0.0004 1.0000 -0.0051
vn -0.0649 0.7495 -0.6589
vn -0.9465 0.3227 -0.0001
vn -0.6975 0.7166 0.0025
vn -0.0073 -0.3826 0.9239
vn 0.1960 -0.2817 0.9393
vn 0.1051 -0.1636 0.9809
vn 0.9802 -0.1675 0.1052
vn 0.9888 -0.1209 0.0878
vn 0.9721 -0.1369 0.1906
vn 0.9824 -0.1025 0.1563
vn 0.9594 -0.1219 0.2543
vn 0.9223 -0.1422 0.3594
vn 0.8822 -0.1343 0.4514
vn 0.2240 -0.2129 0.9510
vn 0.2160 -0.1698 0.9615
vn 0.3230 -0.2084 0.9232
vn 0.3086 -0.1723 0.9354
vn 0.4054 -0.2051 0.8908
vn 0.3625 -0.1874 0.9129
vn 0.4258 -0.2055 0.8812
vn 0.4719 -0.2053 0.8574
vn 0.5259 -0.2015 0.8264
vn 0.5552 -0.1866 0.8105
vn 0.6122 -0.2918 0.7349
vn 0.6956 -0.2136 0.6859
vn 0.5074 -0.5781 0.6390
vn 0.7719 -0.1734 0.6116
vn 0.7719 -0.2054 0.6017
vn 0.8272 -0.1859 0.5303
vn 0.8353 -0.1998 0.5123
vn 0.8737 -0.1969 0.4449
vn 0.8886 -0.1904 0.4173
vn 0.9167 -0.1916 0.3508
vn 0.9320 -0.1793 0.3151
vn 0.9416 -0.2048 0.2673
vn 0.9624 -0.1695 0.2124
vn 0.9634 -0.2056 0.1719
vn 0.9764 -0.1987 0.0848
vn 0.9945 -0.0795 0.0677
vn 0.7121 -0.1636 0.6827
vn 0.3083 -0.1252 0.9430
vn 0.4904 -0.1733 0.8541
vn 0.6044 -0.1857 0.7748
vn 0.8483 -0.1932 0.4930
vn 0.7796 -0.2067 0.5912
vn 0.1564 -0.1090 0.9817
vn 0.0701 -0.0936 0.9931
vn 0.1913 -0.1416 0.9713
vn 0.0888 -0.1243 0.9883
vn 0.0014 -0.0858 0.9963
vn -0.0031 -0.1385 0.9904
vn 0.9439 -0.1562 0.2908
vn 0.9024 -0.1773 0.3928
vn 0.7008 -0.2051 0.6833
vn 0.6064 -0.2152 0.7655
vn 0.4271 -0.1971 0.8824
vn 0.3328 -0.1632 0.9288
vn 0.2808 -0.1496 0.9480
vn 0.5059 -0.2044 0.8380
vn 0.8674 -0.1656 0.4693
vn 0.7964 -0.1806 0.5772
vn 0.3730 -0.1572 0.9144
vn 0.2613 -0.1324 0.9561
vn -1.0000 -0.0001 0.0001
vn -1.0000 -0.0000 0.0002
vn -1.0000 -0.0000 0.0001
vn -1.0000 -0.0000 -0.0002
vn -1.0000 -0.0001 -0.0001
vn 0.8701 -0.4629 -0.1692
vn 0.9862 -0.1359 -0.0943
vn 0.9920 -0.0998 -0.0770
vn 0.9954 -0.0737 -0.0608
vn 0.9862 -0.0870 -0.1405
vn 0.9717 -0.1021 -0.2130
vn 0.9496 -0.1186 -0.2901
vn 0.9181 -0.1355 -0.3726
vn 0.8765 -0.1499 -0.4574
vn 0.8240 -0.1616 -0.5431
vn 0.7595 -0.1690 -0.6281
vn 0.6859 -0.1717 -0.7072
vn 0.6023 -0.1661 -0.7808
vn 0.5237 -0.1739 -0.8340
vn 0.4291 -0.1633 -0.8884
vn 0.3295 -0.1355 -0.9344
vn 0.1651 -0.0989 -0.9813
vn 0.2077 -0.1409 -0.9680
vn 0.1045 -0.0953 -0.9900
vn 0.1432 -0.1435 -0.9792
vn 0.0653 -0.1194 -0.9907
vn 0.1695 -0.4249 -0.8892
vn -0.0304 -0.5005 -0.8652
vn 0.9554 -0.2270 -0.1888
vn 0.9696 -0.1443 -0.1978
vn 0.9788 -0.1145 -0.1698
vn 0.8770 -0.3672 -0.3099
vn 0.9479 -0.1600 -0.2756
vn 0.9611 -0.1306 -0.2435
vn 0.8710 -0.3414 -0.3532
vn 0.9214 -0.1793 -0.3449
vn 0.9358 -0.1437 -0.3220
vn 0.8989 -0.1600 -0.4079
vn 0.8477 -0.2459 -0.4701
vn 0.8554 -0.1750 -0.4876
vn 0.7006 -0.4821 -0.5260
vn 0.8036 -0.1871 -0.5650
vn 0.6720 -0.4041 -0.6205
vn 0.7469 -0.2052 -0.6324
vn 0.6496 -0.2391 -0.7217
vn 0.6809 -0.2078 -0.7023
vn 0.4979 -0.5478 -0.6724
vn 0.6021 -0.2082 -0.7708
vn 0.4701 -0.4429 -0.7634
vn 0.4016 -0.5924 -0.6984
vn 0.3829 -0.1801 -0.9061
vn 0.2978 -0.3975 -0.8679
vn 0.2922 -0.1597 -0.9429
vn 0.2620 -0.2158 -0.9406
vn 0.1272 -0.4784 -0.8689
vn 0.0082 -0.1425 -0.9898
vn 0.0134 -0.0823 -0.9965
vn -0.0000 1.0000 -0.0081
vn -0.0000 1.0000 -0.0080
vn -0.0000 1.0000 -0.0011
vn 0.0001 1.0000 -0.0025
vn 0.0001 1.0000 -0.0026
vn -0.0081 -0.0365 -0.9993
vn 0.0120 -0.0522 -0.9986
vn -0.5727 -0.5776 0.5817
vn -0.7393 -0.6734 0.0009
vn 0.0226 0.6862 0.7270
vn 0.0185 0.8912 0.4532
vn 0.0016 -0.7281 0.6854
vn 0.0195 -0.0697 0.9974
vn 0.0009 -0.7272 0.6865
vn -0.0187 -0.0960 0.9952
vn -0.0009 -0.1272 0.9919
vn -0.0000 -0.1750 0.9846
vn 0.7005 -0.6879 0.1899
vn 0.6704 -0.6788 0.2998
vn 0.6280 -0.6719 0.3926
vn 0.5800 -0.6457 0.4966
vn 0.4021 -0.6480 0.6469
vn 0.2804 -0.7187 0.6362
vn 0.1943 -0.6903 0.6970
vn 0.1040 -0.6923 0.7141
vn 0.0037 -0.7188 0.6952
vn -0.6421 -0.5781 0.5034
vn -0.0822 -0.1576 -0.9841
vn -0.9050 0.2995 0.3021
vn -0.0460 0.0001 0.9989
vn -0.0460 -0.0000 0.9989
vn -0.1735 -0.0000 0.9848
vn -0.1732 -0.0000 0.9849
vn -0.4040 -0.0030 0.9147
vn -0.5111 -0.0124 0.8594
vn -0.5642 0.0178 0.8255
vn -0.6629 -0.0182 0.7485
vn -0.7085 0.0121 0.7056
vn -0.7872 -0.0000 0.6167
vn -0.9863 -0.0039 0.1647
vn -0.9940 -0.0461 0.0989
vn 0.1257 -0.8473 0.5160
vn -0.0219 -0.9277 0.3727
vn 0.1282 -0.9904 0.0519
vn 0.2557 -0.8351 0.4870
vn 0.0223 -0.9997 0.0094
vn 0.2970 -0.8328 0.4671
vn 0.3377 -0.8407 0.4234
vn 0.0351 -0.9994 0.0043
vn 0.3829 -0.8416 0.3808
vn 0.4146 -0.8452 0.3372
vn 0.0572 -0.9983 -0.0091
vn 0.4491 -0.8466 0.2857
vn 0.4773 -0.8446 0.2424
vn 0.1057 -0.9936 -0.0389
vn 0.4986 -0.8474 0.1823
vn 0.5261 -0.8389 0.1397
vn 0.0553 -0.9979 -0.0325
vn 0.5474 -0.8338 0.0720
vn 0.0127 -0.9998 -0.0156
vn 0.5174 -0.8533 0.0647
vn 0.2716 -0.9624 -0.0021
vn -0.7193 0.0303 -0.6941
vn -0.9021 -0.0221 -0.4309
vn -1.0000 0.0001 0.0001
vn -0.6951 -0.0428 -0.7177
vn -0.7392 -0.6735 -0.0009
vn -0.5729 -0.5795 -0.5797
vn -0.0250 -0.9628 -0.2691
vn 0.0107 -0.9591 -0.2828
vn -0.0013 -1.0000 -0.0005
vn 0.0074 -0.9994 -0.0340
vn -0.0003 -0.9996 -0.0296
vn 0.0224 -0.9994 -0.0246
vn 0.0209 -0.9998 -0.0027
vn 0.0015 -1.0000 0.0007
vn 0.0239 -0.9997 -0.0103
vn 0.0012 -1.0000 -0.0007
vn -0.0000 -1.0000 -0.0002
vn -0.0029 -1.0000 0.0016
vn -0.7277 0.0919 -0.6797
vn -1.0000 0.0013 -0.0074
vn -0.7139 0.0678 -0.6970
vn -1.0000 0.0001 -0.0032
vn -1.0000 -0.0000 -0.0012
vn -1.0000 -0.0000 -0.0011
vn 0.0510 -0.8648 -0.4995
vn 0.1030 -0.8055 -0.5835
vn 0.1717 -0.8186 -0.5481
vn 0.2634 -0.8559 -0.4450
vn 0.3502 -0.8211 -0.4507
vn 0.4283 -0.8639 -0.2648
vn 0.4284 -0.8677 -0.2521
vn 0.5042 -0.8108 -0.2974
vn 0.5146 -0.8286 -0.2205
vn 0.4724 -0.8780 -0.0766
vn -0.5074 0.0112 -0.8616
vn -0.5305 -0.0000 -0.8477
vn -1.0000 0.0001 0.0006
vn -1.0000 0.0001 0.0004
vn 0.0011 0.0011 -1.0000
vn -0.2079 -0.0000 -0.9781
vn -0.1679 -0.0000 -0.9858
vn -0.3607 -0.0000 -0.9327
vn -0.5524 0.5879 -0.5910
vn -0.4067 -0.0000 -0.9135
vn -0.5390 -0.0000 -0.8423
vn -0.5878 -0.0000 -0.8090
vn -0.6958 -0.0000 -0.7182
vn -0.7431 -0.0000 -0.6691
vn -0.8248 -0.0000 -0.5654
vn -0.9208 -0.0000 -0.3900
vn -0.9511 -0.0000 -0.3090
vn -0.9800 -0.0000 -0.1990
vn -0.9945 -0.0000 -0.1045
vn -0.9945 -0.0000 0.1045
vn -0.9800 -0.0000 0.1990
vn -0.9511 -0.0000 0.3090
vn -0.9208 -0.0000 0.3900
vn -0.8248 -0.0000 0.5654
vn -0.7431 -0.0000 0.6691
vn -0.6958 -0.0000 0.7182
vn -0.5878 -0.0000 0.8090
vn -0.5390 -0.0000 0.8423
vn -0.4067 -0.0000 0.9135
vn -0.3607 -0.0000 0.9327
vn -0.2079 -0.0000 0.9781
vn -0.1679 -0.0000 0.9858
vn 0.0011 0.0011 1.0000
vn -0.5524 0.5879 0.5910
vn -0.0195 0.1625 -0.9865
vn 0.0082 0.2144 -0.9767
vn 0.0651 0.0806 -0.9946
vn -0.0205 -0.0693 -0.9974
vn 0.0178 -0.0963 -0.9952
vn 0.0009 -0.1279 -0.9918
vn -0.0000 -0.1280 -0.9918
vn -0.0000 -0.1751 -0.9845
vn -0.9801 -0.0000 -0.1985
vn -0.4134 -0.0000 -0.9106
vn -0.3106 -0.0045 -0.9505
vn -0.2707 0.0063 -0.9626
vn -0.1557 0.0020 -0.9878
vn -0.1552 -0.0015 -0.9879
vn -0.0736 -0.0133 -0.9972
vn -0.0416 0.0048 -0.9991
vn -0.0000 -0.0504 -0.9987
vn -0.0181 -0.0703 -0.9974
vn -0.0014 -0.0505 -0.9987
vn 0.0259 -0.0993 -0.9947
vn 0.0446 -0.1114 -0.9928
vn 0.0530 0.0774 0.9956
vn -0.6906 0.0391 0.7222
vn -0.7234 0.0570 0.6881
vn 0.0053 0.1609 0.9870
vn -0.7193 0.0959 0.6881
vn -0.0232 0.1640 0.9862
vn -0.0622 0.0794 -0.9949
vn -0.0229 0.0527 -0.9983
vn -0.1075 0.0607 -0.9924
vn -0.1320 0.0888 -0.9873
vn -0.1775 0.0706 -0.9816
vn -0.2342 0.1079 -0.9662
vn -0.2751 0.0811 -0.9580
vn -0.3527 0.1298 -0.9267
vn -0.3680 0.0901 -0.9254
vn -0.4752 0.1467 -0.8676
vn -0.4612 0.1101 -0.8805
vn -0.5497 0.1121 -0.8278
vn -0.5995 0.1607 -0.7841
vn -0.6294 0.1143 -0.7686
vn -0.7120 0.1606 -0.6835
vn -0.7582 0.1190 -0.6411
vn -0.8061 0.1523 -0.5719
vn -0.8628 0.1075 -0.4940
vn -0.8788 0.1391 -0.4565
vn -0.9057 0.0946 -0.4133
vn -0.9319 0.1234 -0.3411
vn -0.9395 0.1016 -0.3272
vn -0.9664 0.1073 -0.2334
vn -0.9803 0.0735 -0.1834
vn -0.9871 0.0859 -0.1354
vn -0.9922 0.0519 -0.1137
vn -0.9959 0.0725 -0.0533
vn -0.9977 0.0493 -0.0456
vn -0.9963 0.0864 0.0021
vn -0.9986 0.0526 0.0002
vn -0.9930 0.0848 -0.0822
vn -0.9875 0.1289 -0.0908
vn -0.9908 0.1353 -0.0014
vn -0.9662 0.1584 -0.2036
vn -0.9371 0.1894 -0.2933
vn -0.9354 0.1675 -0.3113
vn -0.8956 0.1813 -0.4062
vn -0.4210 0.2023 -0.8842
vn -0.0883 0.1300 -0.9876
vn -0.1928 0.1490 -0.9699
vn -0.2981 0.1698 -0.9393
vn -0.2679 0.1372 -0.9536
vn -0.3931 0.1753 -0.9026
vn -0.9782 0.1170 -0.1713
vn -0.9578 0.1231 -0.2598
vn -0.9474 0.1567 -0.2790
vn -0.9195 0.1502 -0.3634
vn -0.9061 0.1717 -0.3866
vn -0.8653 0.1722 -0.4708
vn -0.8476 0.1947 -0.4937
vn -0.7935 0.1847 -0.5799
vn -0.7807 0.2116 -0.5880
vn -0.7038 0.2007 -0.6815
vn -0.6074 0.2003 -0.7687
vn -0.5029 0.1921 -0.8427
vn -0.1562 0.1113 -0.9814
vn -0.0877 0.1302 0.9876
vn -0.2026 0.1617 0.9658
vn -0.1866 0.1354 0.9731
vn -0.3127 0.1804 0.9326
vn -0.2880 0.1656 0.9432
vn -0.4149 0.1988 0.8879
vn -0.3863 0.1699 0.9066
vn -0.5064 0.2083 0.8367
vn -0.9872 0.1302 0.0919
vn -0.2924 0.1966 0.9359
vn -0.6081 0.1986 0.7686
vn -0.7022 0.2010 0.6830
vn -0.8354 0.2043 0.5102
vn -0.9710 0.1417 0.1926
vn -0.9951 0.0780 0.0611
vn -0.9854 0.0898 0.1446
vn -0.9980 0.0301 0.0554
vn -0.9760 -0.0261 0.2161
vn -0.9968 0.0704 0.0374
vn -0.9307 0.1079 0.3494
vn -0.9354 0.1161 0.3339
vn -0.9634 0.1095 0.2445
vn -0.8819 0.1365 0.4512
vn -0.8429 0.2757 0.4622
vn -0.8097 0.1525 0.5667
vn -0.7202 0.3624 0.5915
vn -0.7153 0.1601 0.6802
vn -0.7012 0.3408 0.6262
vn -0.6052 0.1600 0.7798
vn -0.5358 0.3347 0.7752
vn -0.4856 0.1510 0.8611
vn -0.4549 0.2811 0.8450
vn -0.3581 0.1342 0.9240
vn -0.3488 0.3161 0.8823
vn -0.2417 0.1101 0.9641
vn -0.2470 0.2602 0.9334
vn -0.1367 0.0915 0.9864
vn -0.0975 0.2137 0.9720
vn -0.0558 0.0660 0.9963
vn -0.0690 0.0931 0.9933
vn -0.9435 0.1574 0.2916
vn -0.9029 0.1762 0.3920
vn -0.8580 0.1791 0.4813
vn -0.7886 0.1912 0.5845
vn -0.9197 0.1496 0.3630
vn -0.4966 0.1765 0.8498
vn -0.2671 0.1310 0.9547
vn -0.1592 0.1103 0.9811
vn -0.8368 0.4103 0.3626
vn -0.3485 0.7169 0.6038
vn -0.3755 0.7037 0.6032
vn -0.6193 0.7442 0.2504
vn -0.6037 0.7229 0.3361
vn -0.5252 0.7539 0.3947
vn -0.4856 0.7185 0.4980
vn -0.2438 0.6967 0.6747
vn -0.1331 0.7231 0.6778
vn -0.0016 0.7328 0.6804
vn -0.6547 0.3697 0.6593
vn -0.6511 0.6231 0.4333
vn -0.1270 0.4691 0.8740
vn -0.2792 0.7102 0.6462
vn -0.0011 1.0000 0.0058
vn 0.0006 1.0000 0.0085
vn -0.0068 0.9999 0.0126
vn -0.0019 1.0000 0.0029
vn -0.0001 1.0000 0.0003
vn -0.0000 1.0000 0.0005
vn -0.0018 1.0000 0.0019
vn -0.0013 1.0000 0.0006
vn -0.0048 1.0000 0.0062
vn -0.0083 1.0000 0.0018
vn -0.0003 1.0000 -0.0000
vn 0.0002 1.0000 0.0001
vn -0.0014 1.0000 0.0004
vn -0.0029 1.0000 0.0003
vn -0.0020 1.0000 0.0004
vn -0.0023 1.0000 -0.0000
vn -0.0121 0.9999 -0.0004
vn -0.0032 1.0000 -0.0017
vn 0.0005 1.0000 -0.0003
vn -0.0084 0.9999 -0.0115
vn -0.0024 1.0000 -0.0069
vn -0.0002 1.0000 -0.0005
vn -0.0017 1.0000 -0.0035
vn -0.0015 1.0000 -0.0061
vn -0.0004 1.0000 -0.0035
vn -0.0003 1.0000 -0.0031
vn 0.0001 1.0000 -0.0018
vn 0.0003 1.0000 0.0008
vn -0.9979 0.0617 0.0187
vn -0.9929 0.1017 0.0614
vn -0.9867 0.1374 0.0874
vn -0.9675 0.2116 0.1386
vn -0.9138 0.3776 0.1493
vn -0.9561 0.2697 0.1146
vn -0.7923 0.5880 0.1631
vn -0.8917 0.3968 0.2175
vn -0.7056 0.7009 0.1043
vn -0.7699 0.6230 0.1383
vn -0.5869 0.8093 0.0229
vn -0.6239 0.7659 0.1552
vn -0.2215 0.9752 -0.0006
vn -0.3042 0.9526 0.0083
vn -0.5955 0.8033 -0.0007
vn -0.7374 0.6753 -0.0138
vn -0.7861 0.6146 0.0663
vn -0.8909 0.4384 0.1184
vn -0.8715 0.4823 0.0886
vn -0.8251 0.4927 0.2765
vn -0.9622 0.1275 0.2405
vn -0.9724 0.2324 0.0215
vn -0.9993 0.0386 -0.0011
vn -0.9926 0.1214 0.0028
vn -0.8951 0.4455 -0.0175
vn -0.8723 0.4881 0.0279
vn -0.9341 0.3513 0.0635
vn -0.6452 0.7640 0.0048
vn 0.0540 0.5828 -0.8108
vn -0.7176 0.2187 -0.6612
vn -0.6481 0.5097 -0.5659
vn -0.5909 0.7209 -0.3622
vn -0.9329 0.3518 -0.0774
vn -0.0683 0.9975 0.0155
vn -0.7080 0.0319 0.7055
vn -0.9483 0.3174 -0.0012
vn -1.0000 0.0012 -0.0050
vn -0.9999 0.0011 -0.0109
vn -1.0000 0.0005 -0.0097
vn -1.0000 0.0009 -0.0045
vn -0.9999 0.0061 0.0084
vn -0.9366 0.3473 0.0474
vn -1.0000 0.0002 0.0034
vn -1.0000 0.0008 0.0066
vn -0.6256 0.7463 0.2271
vn -0.0885 0.0481 -0.9949
vn -0.1750 0.0528 -0.9832
vn -0.7253 0.1139 -0.6789
vn -0.6280 0.0812 -0.7740
vn -0.7611 0.0887 -0.6425
vn -0.4467 0.0699 -0.8919
vn -0.5420 0.0728 -0.8372
vn -0.7978 0.1067 -0.5934
vn -0.8579 0.0741 -0.5085
vn -0.9660 0.0801 -0.2457
vn -0.9412 0.0695 -0.3305
vn -0.9813 0.0584 -0.1832
vn -0.2474 0.7628 -0.5974
vn -0.3040 0.7652 -0.5675
vn -0.3571 0.7669 -0.5332
vn -0.6477 0.7467 0.1515
vn -0.6269 0.7471 0.2210
vn -0.3544 0.7708 0.5295
vn -0.3012 0.7654 0.5688
vn -0.2470 0.7588 0.6026
vn -0.9483 0.3174 0.0012
vn -0.1425 0.0313 -0.9893
vn -0.2705 0.0498 -0.9614
vn -0.7293 0.0608 -0.6814
vn -0.6319 0.0378 -0.7741
vn -0.7449 0.0314 -0.6665
vn -0.5003 0.0326 -0.8653
vn -0.8056 0.0594 -0.5895
vn -0.8310 0.0355 -0.5551
vn -0.9087 0.0420 -0.4154
vn -0.9530 0.0349 -0.3008
vn -0.9689 0.0515 -0.2421
vn -0.9946 0.0380 0.0970
vn -0.8578 0.0707 0.5091
vn -0.7949 0.1041 0.5977
vn -0.7339 0.0662 0.6761
vn -0.7197 0.1151 0.6846
vn -0.6444 0.0663 0.7618
vn -0.6337 0.1244 0.7635
vn -0.5637 0.0943 0.8206
vn -0.4749 0.0911 0.8753
vn -0.3988 0.0985 0.9117
vn -0.3628 0.0551 0.9302
vn -0.2918 0.0612 0.9545
vn -0.1733 0.0684 0.9825
vn -0.1804 0.0289 0.9832
vn -0.1090 0.0324 0.9935
vn -0.6955 0.0336 0.7178
vn -0.2860 0.0331 0.9577
vn -0.0522 0.0365 0.9980
vn -0.9072 0.0840 0.4123
vn -0.9404 0.0809 0.3302
vn -0.9648 0.0741 0.2522
vn -0.9837 0.0582 0.1702
vn -0.9980 0.0484 0.0399
vn -0.9992 0.0388 0.0056
vn -1.0000 0.0001 0.0022
vn -1.0000 0.0004 0.0098
vn -0.9999 0.0009 0.0102
vn -1.0000 0.0011 0.0048
vn 0.0546 0.1279 -0.9903
vn -0.0040 0.1709 -0.9853
vn -0.0091 0.1027 -0.9947
vn 0.0739 0.0640 -0.9952
vn 0.0511 0.0564 0.9971
vn -0.0073 0.0905 0.9959
vn 0.0010 0.1350 0.9908
vn 0.1340 0.0949 0.9864
vn -0.9931 0.1174 -0.0016
vn -0.0697 0.9973 -0.0241
vn -0.9987 0.0508 -0.0008
vn -0.9921 0.0633 0.1086
vn -0.9741 0.0781 0.2123
vn -0.8570 0.1069 0.5041
vn -0.2474 0.0942 0.9643
vn -0.0337 0.0624 0.9975
vn -0.1133 0.0582 0.9919
vn -0.3197 0.0767 0.9444
vn -0.5214 0.1179 0.8451
vn -0.4753 0.8143 -0.3332
vn -0.6835 0.3065 0.6625
vn -0.8483 0.4117 -0.3331
vn -0.6479 0.6961 -0.3094
vn -0.8779 0.2199 -0.4253
vn -0.9193 0.1052 -0.3792
vn -0.7745 0.2418 -0.5845
vn -0.4690 0.7811 -0.4122
vn -0.4809 0.7294 -0.4865
vn -0.4166 0.7086 -0.5696
vn -0.0689 0.9432 -0.3249
vn -0.0177 0.9448 -0.3272
vn -0.0074 0.7631 -0.6462
vn -0.0168 0.2620 -0.9649
vn -0.0637 0.2591 -0.9638
vn -0.1427 0.7655 -0.6274
vn -0.3632 0.2635 -0.8937
vn -0.6924 0.0275 -0.7210
vn -0.5701 0.3603 -0.7384
vn -0.3518 0.7394 -0.5740
vn -0.4631 0.3798 -0.8008
vn -0.2873 0.7447 -0.6023
vn -0.2255 0.7258 -0.6499
vn -0.1328 0.7026 -0.6991
vn -0.9836 0.1746 -0.0457
vn -0.9924 0.1233 0.0020
vn -0.9807 0.1732 0.0907
vn -0.9868 0.1297 0.0973
vn -0.9731 0.1367 0.1857
vn -0.8997 0.1734 0.4005
vn -0.8687 0.1943 0.4556
vn -0.8523 0.1898 0.4875
vn -0.7952 0.2052 0.5706
vn -0.8020 0.1998 0.5629
vn -0.7432 0.2080 0.6359
vn -0.7043 0.2118 0.6776
vn -0.6771 0.2101 0.7053
vn -0.6276 0.2112 0.7494
vn -0.6043 0.2069 0.7694
vn -0.5261 0.1990 0.8268
vn -0.4427 0.1812 0.8782
vn -0.3567 0.1662 0.9193
vn -0.3309 0.1329 0.9343
vn -0.2428 0.1153 0.9632
vn -0.1638 0.0974 0.9817
vn -0.0925 0.0778 0.9927
vn -0.0470 0.0873 0.9951
vn -0.9963 0.0856 0.0013
vn -0.9926 0.0932 0.0772
vn -0.9855 0.0891 0.1441
vn -0.9438 0.1299 0.3040
vn -0.9173 0.1327 0.3754
vn -0.8770 0.1481 0.4571
vn -0.8241 0.1592 0.5436
vn -0.7602 0.1669 0.6278
vn -0.6861 0.1703 0.7073
vn -0.6031 0.1681 0.7797
vn -0.5136 0.1608 0.8428
vn -0.4229 0.1478 0.8940
vn -0.0701 0.1272 0.9894
vn -0.0929 0.1713 0.9808
vn -0.1456 0.1393 0.9795
vn -0.1169 0.1124 0.9868
vn -0.1923 0.1787 0.9649
vn -0.2248 0.1561 0.9618
vn -0.1942 0.1263 0.9728
vn -0.2835 0.1874 0.9405
vn -0.3239 0.1690 0.9309
vn -0.2736 0.1466 0.9506
vn -0.9713 0.0920 -0.2192
vn -0.9498 0.1177 -0.2898
vn -0.9183 0.1347 -0.3724
vn -0.8767 0.1497 -0.4571
vn -0.8583 0.1841 -0.4790
vn -0.8092 0.1872 -0.5569
vn -0.7498 0.1996 -0.6308
vn -0.7957 0.2038 -0.5704
vn -0.7045 0.2113 -0.6775
vn -0.9862 0.0880 -0.1404
vn -0.9836 0.1451 -0.1072
vn -0.9970 0.0680 -0.0357
vn -0.9957 0.0709 -0.0594
vn -0.9918 0.1009 -0.0781
vn -0.9868 0.1287 -0.0980
vn -0.9669 0.1776 -0.1829
vn -0.9696 0.1448 -0.1974
vn -0.9791 0.1137 -0.1689
vn -0.9317 0.1833 -0.3135
vn -0.9199 0.1771 -0.3499
vn -0.9363 0.1427 -0.3210
vn -0.8693 0.1974 -0.4532
vn -0.8983 0.1695 -0.4055
vn -0.6827 0.2004 -0.7027
vn -0.6281 0.2114 -0.7488
vn -0.6007 0.2004 -0.7739
vn -0.3795 0.1775 -0.9080
vn -0.2939 0.1607 -0.9422
vn -0.3316 0.1321 -0.9341
vn -0.2434 0.1166 -0.9629
vn -0.1642 0.0997 -0.9814
vn -0.1138 0.0980 -0.9887
vn -0.0469 0.0840 -0.9954
vn -0.0699 0.1271 -0.9894
vn -0.0930 0.1713 -0.9808
vn -0.1439 0.1394 -0.9797
vn -0.1943 0.1767 -0.9649
vn -0.2073 0.1422 -0.9679
vn -0.2869 0.1835 -0.9402
vn -0.4258 0.1625 -0.8901
vn -0.5204 0.1763 -0.8356
vn -0.6047 0.1675 -0.7787
vn -0.6856 0.1718 -0.7074
vn -0.7602 0.1689 -0.6274
vn -0.8240 0.1602 -0.5434
vn -0.2637 0.9646 -0.0065
vn -0.6696 0.7371 -0.0908
vn -0.7197 0.6678 -0.1899
vn -0.8077 0.5529 -0.2047
vn -0.8434 0.4996 -0.1976
vn -0.9350 0.2910 -0.2026
vn -0.9680 0.2074 -0.1415
vn -0.9885 0.1275 -0.0819
vn -0.7697 0.5635 -0.3000
vn -0.8544 0.5196 0.0056
vn -0.9840 0.1633 -0.0711
vn -0.9877 0.1541 -0.0245
vn -0.9971 0.0707 -0.0291
vn -0.6352 0.5731 -0.5177
vn -0.6386 0.7694 -0.0130
vn -0.6355 0.7718 -0.0227
vn -0.7763 0.6232 -0.0950
vn -0.8714 0.4754 -0.1210
vn -0.9549 0.2825 -0.0910
vn -0.9401 0.3347 -0.0639
vn -0.9543 0.2978 -0.0258
vn -0.9626 0.2710 -0.0019
vn -0.7912 0.6094 -0.0512
vn -0.7191 0.6943 0.0295
vt 20.716476 -1.911266
vt 21.315788 -1.911266
vt 20.629654 -1.351897
vt 21.281401 -1.181770
vt 20.451225 -0.814686
vt 21.227861 -0.800963
vt 21.136957 -0.415914
vt 20.186142 -0.314523
vt 21.001663 -0.038901
vt 19.841749 0.134726
vt 20.819443 0.316531
vt 19.427593 0.520611
vt 20.592405 0.640294
vt 18.955154 0.832433
vt 20.320787 0.929785
vt 18.437527 1.061550
vt 20.005373 1.183130
vt 17.889061 1.201611
vt 19.646154 1.398074
vt 17.324959 1.248734
vt 19.238451 1.574330
vt 18.811230 1.701421
vt 17.762058 1.830522
vt 18.396139 1.779785
vt -17.708687 1.833586
vt -17.325043 1.248734
vt -19.027454 1.643693
vt -19.350224 1.531911
vt -18.397940 1.779520
vt -19.667122 1.386875
vt -17.889145 1.201611
vt -19.965570 1.209970
vt -18.437611 1.061550
vt -20.242441 0.999637
vt -18.955236 0.832433
vt -20.496380 0.752551
vt -19.427675 0.520611
vt -20.728678 0.458330
vt -19.841833 0.134726
vt -20.932940 0.109378
vt -21.024700 -0.093705
vt -20.186226 -0.314523
vt -21.117903 -0.352814
vt -21.203497 -0.678305
vt -20.451309 -0.814686
vt -21.269472 -1.070797
vt -20.629738 -1.351897
vt -21.304298 -1.481874
vt -20.716560 -1.911266
vt -21.315823 -1.911266
vt 0.670427 0.040000
vt 0.071165 0.040000
vt 0.670427 0.000000
vt 0.070129 0.000000
vt 0.000000 0.000000
vt 0.600347 -0.000000
vt -0.000000 0.040000
vt 0.599311 0.040000
vt 0.040000 0.000000
vt 0.040000 -0.566723
vt 0.000000 -0.566723
vt 0.040000 -1.133446
vt 0.000000 -1.133446
vt 0.040000 -1.700169
vt 0.000000 -1.700169
vt 0.040000 -2.266892
vt 0.000000 -2.266892
vt 0.040000 -2.833615
vt 0.000000 -2.833615
vt 0.040000 -3.400339
vt 0.000000 -3.400339
vt 0.040000 -3.967062
vt 0.000000 -3.967062
vt 0.040000 -4.533785
vt -0.000000 -4.533785
vt 0.040000 -5.100508
vt -0.000000 -5.100508
vt 34.650002 0.000000
vt 34.650002 0.040000
vt 0.040000 -5.580907
vt 0.000000 -5.580907
vt 0.040000 -6.147630
vt 0.000000 -6.147630
vt 0.040000 -6.714353
vt 0.000000 -6.714353
vt 0.040000 -7.281077
vt 0.000000 -7.281077
vt 0.040000 -7.847800
vt 0.000000 -7.847800
vt 0.040000 -8.414523
vt 0.000000 -8.414523
vt 0.040000 -8.981246
vt 0.000000 -8.981246
vt 0.040000 -9.547969
vt 0.000000 -9.547969
vt 0.040000 -10.114692
vt 0.000000 -10.114692
vt 0.040000 -10.681415
vt 0.000000 -10.681415
vt -17.533337 1.839762
vt -18.097061 1.812527
vt -18.613968 1.744810
vt -18.987368 1.656579
vt -17.324959 1.248734
vt -19.367134 1.526378
vt -19.737080 1.350686
vt -17.889061 1.201611
vt -20.080154 1.130652
vt -18.437527 1.061550
vt -20.391081 0.864297
vt -18.955154 0.832433
vt -20.644133 0.577199
vt -19.427593 0.520611
vt -20.835869 0.291795
vt -19.841749 0.134726
vt -21.005251 -0.046801
vt -20.186142 -0.314523
vt -21.135511 -0.412757
vt -20.451225 -0.814686
vt -21.220917 -0.757311
vt -21.294893 -1.317328
vt -20.629654 -1.351897
vt -21.316824 -1.911266
vt -20.716476 -1.911266
vt 17.325043 1.248734
vt 17.812569 1.830093
vt 18.803143 1.704549
vt 18.389898 1.781796
vt 17.889145 1.201611
vt 19.636084 1.404602
vt 19.228588 1.579192
vt 19.996275 1.190975
vt 18.437611 1.061550
vt 20.313229 0.938480
vt 18.955236 0.832433
vt 20.586533 0.649539
vt 19.427675 0.520611
vt 20.815281 0.325844
vt 19.841833 0.134726
vt 20.999340 -0.030506
vt 20.186226 -0.314523
vt 21.136393 -0.409730
vt 20.451309 -0.814686
vt 21.254816 -0.985690
vt 20.629738 -1.351897
vt 21.316858 -1.911266
vt 20.716560 -1.911266
vt -6.563927 1.104051
vt -6.055472 0.347457
vt -6.122598 1.006934
vt -5.611123 0.903983
vt -5.386461 0.347662
vt -5.232435 1.106140
vt -4.972324 0.346022
vt -4.613969 1.107861
vt -4.552641 0.372891
vt -4.327100 0.882386
vt -4.107084 0.359755
vt -3.700042 0.348218
vt -3.299705 0.353159
vt -3.444563 1.110307
vt -3.050203 0.640962
vt -2.885149 1.110379
vt -2.725565 0.640962
vt -2.580676 1.109991
vt -2.498875 0.363836
vt -2.279441 1.109377
vt -2.106159 0.348148
vt -1.979521 1.108592
vt -1.711414 0.350669
vt -1.679065 1.107671
vt -1.333565 0.371797
vt -1.272530 1.106380
vt -0.974276 0.389718
vt -0.882486 1.105257
vt -0.453102 0.640962
vt -0.149397 1.104054
vt -0.240417 0.347361
vt -0.147561 0.194353
vt -0.240317 0.308885
vt -2.901017 0.348060
vt -0.686605 0.194289
vt -0.820693 0.308945
vt -1.204095 0.194193
vt -1.367642 0.309054
vt -1.702212 0.194080
vt -1.714064 0.309126
vt -2.097117 0.309198
vt -2.137657 0.193984
vt -2.474233 0.309245
vt -2.523679 0.193914
vt -2.818646 0.309278
vt -2.906046 0.193874
vt -3.201894 0.309296
vt -3.305702 0.193879
vt -3.609151 0.309293
vt -3.724385 0.193934
vt -4.009904 0.309271
vt -4.122246 0.194019
vt -4.407906 0.309237
vt -4.490207 0.194124
vt -4.795864 0.309194
vt -4.830534 0.194225
vt -5.168377 0.309143
vt -5.169390 0.194312
vt -5.692081 0.309049
vt -5.990581 0.194378
vt -6.310151 0.308907
vt -3.997241 1.109442
vt -34.650002 -0.059845
vt -0.000000 -0.059846
vt 0.000000 0.060191
vt -34.650002 0.060190
vt 1.826310 0.180000
vt 0.000000 0.180000
vt 1.826310 -0.000000
vt -1.873991 0.000000
vt -1.873978 0.180000
vt -1.915942 0.000000
vt -1.915957 0.180000
vt 1.839003 0.180000
vt 1.839003 -0.000000
vt 1.770000 11.624333
vt 1.905740 11.581408
vt 1.770000 13.463335
vt 2.224480 13.650981
vt 2.006408 11.480740
vt 2.695187 13.936110
vt 2.049333 11.345000
vt 3.662840 11.345000
vt 3.662840 15.123561
vt 3.543414 14.894804
vt 3.134183 14.334092
vt 0.130000 -0.922463
vt 0.310000 -0.922463
vt 0.130000 -0.778727
vt 0.310000 -0.778727
vt 0.130000 -0.634990
vt 0.310000 -0.634990
vt 0.130000 -0.491254
vt 0.310000 -0.491254
vt 1.680621 0.010019
vt 1.781364 0.051285
vt 1.844530 0.108046
vt 1.890753 0.180000
vt 0.838412 0.180000
vt 0.884635 0.108046
vt 2.729165 0.180000
vt 0.993398 0.028990
vt 2.729165 -0.000000
vt 1.115657 0.000000
vt 0.451801 3.778561
vt 0.331790 3.778168
vt 0.451801 0.000000
vt 0.321156 0.000000
vt 0.196469 3.777729
vt 0.215011 0.000000
vt 0.111279 3.778558
vt 0.102160 0.000000
vt 0.111279 3.818561
vt 0.196413 3.818835
vt 0.112950 6.721585
vt 0.111279 15.103551
vt 0.393084 15.103561
vt 0.281581 15.102365
vt 0.281559 3.819510
vt 0.388774 3.818561
vt 0.111279 15.143571
vt 0.000000 30.247124
vt 0.111279 26.428556
vt 0.111279 26.468561
vt 0.281598 15.145241
vt 0.366669 26.428328
vt 0.236351 26.428534
vt 0.196418 15.144011
vt 0.451801 26.428560
vt 0.388391 15.143560
vt 0.196468 26.469387
vt 0.215011 30.247124
vt 0.321156 30.247124
vt 0.331791 26.468952
vt 0.451801 30.247131
vt 0.451801 26.468561
vt 0.102160 30.247124
vt 0.000115 -0.034089
vt 0.196417 15.103143
vt 3.662840 11.305000
vt 2.049333 11.305000
vt 3.662840 0.020000
vt 2.049333 0.020000
vt 2.006408 0.155740
vt 2.006408 11.169260
vt 1.905740 0.256408
vt 1.905740 11.068592
vt 1.770000 0.299333
vt 1.770000 11.025667
vt 0.130000 -0.451224
vt 0.310000 -0.451224
vt 0.130000 -0.307488
vt 0.310000 -0.307488
vt 0.130000 -0.163751
vt 0.310000 -0.163751
vt 0.130000 -0.020015
vt 0.310000 -0.020015
vt 10.726335 0.180000
vt 10.726335 0.000000
vt 0.310000 0.922463
vt 0.130000 0.922463
vt 0.310000 0.778727
vt 0.130000 0.778727
vt 0.310000 0.634990
vt 0.130000 0.634990
vt 0.310000 0.491254
vt 0.130000 0.491254
vt 1.730000 11.624333
vt 1.729993 13.450639
vt 1.063643 13.308264
vt 1.594260 11.581408
vt 1.493592 11.480740
vt 0.185000 11.345000
vt 1.450667 11.345000
vt 0.185000 13.247285
vt 2.650546 0.180000
vt 2.696768 0.108046
vt 4.541299 0.180000
vt 2.759935 0.051285
vt 4.541299 -0.000000
vt 2.865267 0.009334
vt 1.681029 0.010080
vt 1.730000 11.025667
vt 1.594260 11.068592
vt 1.730000 0.299333
vt 1.594260 0.256408
vt 1.493592 11.169260
vt 1.493592 0.155740
vt 1.450667 11.305000
vt 1.450667 0.020000
vt 0.185000 0.020000
vt 0.185000 11.305000
vt 1.265667 0.180000
vt 1.265667 -0.000000
vt 11.285000 0.180000
vt 11.285000 0.000000
vt 1.902285 0.180000
vt 1.902285 0.000000
vt 0.187191 0.180000
vt 0.092181 0.180000
vt 0.187191 0.000000
vt 0.092181 0.000000
vt -0.092179 0.180000
vt -0.187186 0.180000
vt -0.092179 0.000000
vt -0.187186 0.000000
vt 0.310000 0.451224
vt 0.130000 0.451224
vt 0.310000 0.307488
vt 0.130000 0.307488
vt 0.310000 0.163751
vt 0.130000 0.163751
vt 0.310000 0.020015
vt 0.130000 0.020015
vt 0.185000 -0.020000
vt 0.185000 -11.305000
vt 1.450667 -0.020000
vt 1.450667 -11.305000
vt 1.493592 -11.169260
vt 1.493592 -0.155740
vt 1.594260 -11.068592
vt 1.594260 -0.256408
vt 1.730000 -11.025667
vt 1.730000 -0.299333
vt 0.185000 -13.247285
vt 1.030248 -13.303471
vt 0.185000 -11.345000
vt 1.493592 -11.480740
vt 1.450667 -11.345000
vt 1.594260 -11.581408
vt 1.730000 -11.624333
vt 1.729942 -13.450625
vt 1.435243 0.180000
vt 1.511102 0.081415
vt 3.325996 0.180000
vt 3.325996 -0.000000
vt 1.712489 -0.000000
vt 1.621839 0.013533
vt 1.613508 0.000000
vt 1.735767 0.028989
vt 2.049333 -11.345000
vt 2.435544 -13.778621
vt 3.662840 -11.345000
vt 3.122257 -14.321261
vt 2.006408 -11.480740
vt 1.905740 -11.581408
vt 1.770000 -13.463336
vt 1.770000 -11.624333
vt 3.651218 -15.101308
vt 1.915866 0.000000
vt 1.915871 0.180000
vt 1.873922 0.180000
vt 1.873923 0.000000
vt 1.826311 0.000000
vt 3.662840 -0.020000
vt 2.049333 -0.020000
vt 3.662840 -11.305000
vt 2.049333 -11.305000
vt 2.006408 -11.169260
vt 2.006408 -0.155740
vt 1.905740 -11.068592
vt 1.905740 -0.256408
vt 1.770000 -11.025667
vt 1.770000 -0.299333
vt -5.648944 0.000000
vt -4.622602 0.000000
vt -5.648944 0.070000
vt -4.511479 0.070000
vt -5.647916 0.000000
vt -4.619124 0.000000
vt -5.647916 0.126934
vt -4.508409 0.126934
vt 0.124455 -1.871885
vt 0.194399 -1.630696
vt 0.129821 -1.360761
vt 0.063803 -1.395133
vt 0.096374 -1.342957
vt 0.040400 -0.510317
vt 0.094787 0.000253
vt 0.133838 -0.561045
vt -0.001134 -1.090325
vt 0.000015 -1.492120
vt 0.032082 -1.773014
vt 0.064809 -1.898719
vt 0.000037 -1.899184
vt -0.314379 4.245620
vt -0.259570 3.701716
vt -0.138817 3.161368
vt -0.123116 2.495122
vt 0.006069 1.221140
vt -0.034523 1.039494
vt -0.365439 4.290421
vt 0.001845 -0.079994
vt 0.050000 -0.080000
vt -3.114207 0.000000
vt -2.124206 0.000000
vt -3.114207 0.070000
vt -2.012132 0.070000
vt -1.138393 0.000000
vt -1.138393 0.070000
vt -0.479142 0.000000
vt -0.479142 0.070000
vt -1.650000 0.173205
vt -1.750000 0.200000
vt -1.783002 0.101157
vt -1.850000 0.173205
vt -1.923205 0.100000
vt -1.854105 0.021999
vt -1.950000 0.000000
vt -1.821104 -0.079159
vt -1.923205 -0.100000
vt -1.850000 -0.173205
vt -1.750000 -0.110000
vt -1.750000 -0.200000
vt -1.650000 -0.173205
vt -1.670843 -0.071106
vt -1.576795 -0.100000
vt -1.648842 0.032998
vt -1.550000 0.000000
vt -1.576795 0.100000
vt -1.695000 0.095263
vt -0.299893 0.000000
vt 0.000000 0.004137
vt -0.299893 0.126934
vt 0.000000 0.126934
vt 0.305121 30.858459
vt 0.343083 27.772526
vt 0.457416 30.858459
vt 0.228751 27.772717
vt 0.152477 30.858459
vt 0.114418 27.772779
vt 0.000088 30.858459
vt 0.000086 0.000000
vt 0.150494 0.160588
vt 0.228751 3.085876
vt 0.305120 0.000000
vt 0.343083 3.085940
vt 0.457416 0.000000
vt 0.020000 0.021431
vt 0.146934 0.021431
vt 0.020000 0.069585
vt 0.699036 0.053757
vt 0.146934 -0.000141
vt 0.888966 -0.026950
vt 1.283947 -0.075799
vt 1.257041 -0.000990
vt 1.806937 -0.127912
vt 1.827298 -0.207177
vt 2.208038 -0.351354
vt 2.390854 -0.368923
vt 2.491147 -0.500333
vt 2.778327 -0.695897
vt 2.924156 -0.728662
vt 3.185355 -1.079445
vt 3.237627 -1.033116
vt 3.512956 -1.534151
vt 3.620577 -1.588605
vt 3.659451 -1.811335
vt 3.780198 -2.100582
vt 3.845423 -2.075551
vt 3.950596 -2.707829
vt 4.018588 -2.693058
vt 4.012296 -3.089112
vt 4.080908 -3.079433
vt 4.049649 -3.601568
vt 4.118834 -3.607523
vt 4.113426 -39.246147
vt 4.054689 -39.022812
vt 4.033479 -39.465237
vt 4.048121 -39.913616
vt 3.979618 -39.901493
vt 3.944167 -40.383450
vt 3.877010 -40.364388
vt 3.764473 -40.881729
vt 3.773732 -40.682205
vt 3.643587 -40.987396
vt 3.544541 -41.314064
vt 3.485157 -41.277515
vt 3.242128 -41.721455
vt 3.297022 -41.550121
vt 2.985534 -41.888290
vt 2.832932 -42.110935
vt 2.528156 -42.238396
vt 2.332335 -42.426559
vt 2.143977 -42.442459
vt 1.883648 -42.615700
vt 1.861957 -42.549580
vt 1.339710 -42.750690
vt 1.327068 -42.682331
vt 0.686291 -42.752586
vt 0.650810 -42.824215
vt 0.090000 -42.765442
vt 0.090000 -42.796902
vt 0.020000 -42.796902
vt 0.020000 -42.835056
vt 0.080000 17.325001
vt -0.000000 17.325001
vt 0.080000 -17.325001
vt 0.000000 -17.325001
vt -4.965095 34.650002
vt -5.675491 34.650002
vt -4.965095 0.000005
vt -5.675491 0.000000
vt -4.256140 0.019760
vt -4.433218 0.909388
vt -4.539852 1.629033
vt -4.555496 32.811012
vt -4.255922 34.633003
vt -4.345895 34.160839
vt 0.263648 0.080000
vt 0.263648 0.000000
vt 1.494706 0.080000
vt 1.494706 0.000000
vt 2.110235 0.000000
vt 2.110235 0.080000
vt 2.864948 0.000000
vt 2.928750 0.080000
vt 3.448841 0.000000
vt 3.448841 0.080000
vt 3.810380 0.000000
vt 3.810380 0.080000
vt 4.171919 0.000000
vt 4.171919 0.080000
vt 4.736137 0.000000
vt 4.736137 0.080000
vt 5.300356 0.000000
vt 5.300356 0.080000
vt 5.613301 0.000000
vt 5.613301 0.080000
vt 5.926246 0.000000
vt 5.926246 0.080000
vt 6.552137 0.000000
vt 6.552137 0.080000
vt 6.948932 0.000000
vt 6.948932 0.080000
vt 7.525480 0.000000
vt 7.542480 0.080000
vt -3.099108 0.000000
vt -2.096295 0.000000
vt -3.099108 0.126934
vt -1.983059 0.126934
vt -0.799829 0.000000
vt -0.682719 0.126934
vt -1.650000 -11.151795
vt -1.750000 -11.125000
vt -1.750000 -11.215000
vt -1.850000 -11.151795
vt -1.829158 -11.253895
vt -1.923205 -11.225000
vt -1.950000 -11.325000
vt -1.860000 -11.325000
vt -1.821107 -11.404156
vt -1.923205 -11.425000
vt -1.850000 -11.498205
vt -1.750000 -11.435000
vt -1.750000 -11.525000
vt -1.650000 -11.498205
vt -1.670841 -11.396105
vt -1.576795 -11.425000
vt -1.648843 -11.291999
vt -1.550000 -11.325000
vt -1.576795 -11.225000
vt -1.695000 -11.229737
vt -0.310000 0.287979
vt -0.110000 0.287979
vt -0.310000 0.345575
vt -0.110000 0.345575
vt -0.310000 -0.322534
vt -0.110000 -0.311016
vt -0.310000 -0.207346
vt -0.110000 -0.195825
vt -0.310000 -0.092153
vt -0.110000 -0.080633
vt -0.310000 0.000000
vt -0.110000 0.000000
vt -0.310000 0.080633
vt -0.110000 0.092153
vt -0.310000 0.195825
vt -0.110000 0.207342
vt -0.310000 -0.322539
vt -0.110000 -0.345575
vt -0.110000 -0.253421
vt -0.310000 -0.230383
vt -0.310000 -0.172788
vt -0.110000 -0.172788
vt -0.310000 -0.092155
vt -0.110000 -0.080637
vt -0.310000 0.080638
vt -0.110000 0.092156
vt -0.310000 0.172788
vt -0.110000 0.207346
vt -0.310000 0.230383
vt -0.001845 -0.080002
vt 0.029617 -0.080000
vt 0.029617 0.000000
vt 0.034420 1.037138
vt 0.091909 0.000000
vt 0.124914 1.017046
vt 0.121536 2.477325
vt 0.221635 2.592211
vt 0.218830 3.436726
vt 0.377475 3.870000
vt 0.299180 3.961797
vt 1.558922 3.961797
vt 1.558922 3.870000
vt 0.414987 1.539214
vt 0.021338 1.415653
vt 0.345520 0.800195
vt 0.021025 0.115021
vt 0.709000 0.115009
vt 0.946736 1.114443
vt 1.260722 0.115005
vt 1.379847 0.800245
vt 1.814046 0.115001
vt 1.724623 0.800262
vt 2.069399 0.800279
vt 2.439326 0.114995
vt 2.414175 0.800296
vt 2.758950 0.800313
vt 3.080667 0.114995
vt 3.103726 0.800330
vt 3.448502 0.800347
vt 3.514691 0.114995
vt 3.793278 0.800364
vt 4.178668 0.114996
vt 4.138053 0.800381
vt 4.482829 0.800398
vt 4.700772 0.114998
vt 4.827605 0.800415
vt 5.172381 0.800432
vt 4.842236 1.538677
vt 5.504299 1.538861
vt 5.721904 0.127105
vt 5.853436 1.538985
vt 6.191531 1.539113
vt 6.448155 0.805955
vt 6.725553 1.539378
vt 5.327118 0.115003
vt 6.290818 0.115011
vt 4.515420 1.538605
vt 4.187153 1.538564
vt 3.595142 1.538506
vt 3.297979 1.538505
vt 2.998019 1.538532
vt 2.720941 1.538531
vt 2.416023 1.538554
vt 2.080054 1.538652
vt 1.708854 1.538748
vt 1.258749 1.538882
vt 0.101590 -2.096467
vt 0.055663 -1.461981
vt 0.000064 -1.968399
vt 0.000037 -1.588577
vt 0.000143 -1.208630
vt 0.055663 -1.145463
vt 0.000036 -0.828944
vt 0.064962 -0.828944
vt 0.111326 -1.339212
vt 0.129891 -0.828944
vt 0.151363 -1.214279
vt 0.194011 -0.881271
vt 0.093939 -2.730220
vt -0.105225 0.001799
vt -0.033414 0.001523
vt -0.102948 0.129748
vt -0.081633 0.318887
vt -0.081588 0.636327
vt -0.138858 0.665955
vt -0.081560 1.105133
vt -0.138858 1.768122
vt -0.082310 1.573939
vt -0.081545 2.042745
vt -0.081423 2.511551
vt -0.138858 3.010127
vt -0.082279 3.089881
vt -0.081810 3.435940
vt -0.138858 3.868204
vt -0.081817 3.782000
vt -0.081821 4.128059
vt -0.138858 4.578501
vt -0.081828 4.474119
vt -0.081841 4.820178
vt -0.138858 5.294764
vt -0.081863 5.166237
vt -0.081991 5.512298
vt -0.096374 5.858356
vt -0.032855 5.858356
vt -0.013125 5.504831
vt -0.000000 1.831731
vt -0.011574 2.112111
vt -0.009295 1.513723
vt -0.009109 0.346360
vt -0.011539 0.679991
vt -0.017223 1.104153
vt -0.014257 2.528248
vt -0.013686 3.034441
vt -0.009014 3.356205
vt -0.009549 3.716722
vt -0.009903 4.075346
vt -0.010085 4.432647
vt -0.010488 4.790228
vt -0.011400 5.148013
vt -1.650000 11.498205
vt -1.750000 11.525000
vt -1.750000 11.435000
vt -1.850000 11.498205
vt -1.805000 11.420263
vt -1.923205 11.425000
vt -1.854106 11.346998
vt -1.950000 11.325000
vt -1.821104 11.245842
vt -1.923205 11.225000
vt -1.850000 11.151795
vt -1.750000 11.215000
vt -1.750000 11.125000
vt -1.650000 11.151795
vt -1.695000 11.229737
vt -1.576795 11.225000
vt -1.645894 11.303001
vt -1.550000 11.325000
vt -1.678896 11.404159
vt -1.576795 11.425000
vt -0.661929 0.115008
vt -0.021026 0.115021
vt -0.395000 1.326425
vt -0.021325 1.361834
vt -1.323848 1.142023
vt -1.708910 1.538747
vt -1.724680 0.800138
vt -2.080122 1.538652
vt -2.069467 0.800129
vt -2.414254 0.800121
vt -2.374068 0.114997
vt -2.759041 0.800113
vt -2.963734 0.114995
vt -3.103828 0.800105
vt -3.525671 0.114995
vt -3.448615 0.800097
vt -3.793402 0.800088
vt -4.025652 0.114995
vt -4.138189 0.800080
vt -4.498660 0.114996
vt -4.482976 0.800072
vt -4.827763 0.800064
vt -5.013884 0.115001
vt -5.172550 0.800055
vt -5.487548 0.115001
vt -5.857285 1.220877
vt -6.194752 0.115012
vt -6.462122 0.806355
vt -2.416104 1.538554
vt -2.721032 1.538531
vt -2.998117 1.538531
vt -3.298087 1.538504
vt -3.595260 1.538505
vt -4.187290 1.538564
vt -4.515568 1.538605
vt -4.842395 1.538676
vt -5.504480 1.538860
vt -6.191734 1.539112
vt -6.694591 1.539360
vt -1.892353 0.115000
vt -1.342696 0.115005
vt -0.956607 1.079399
vt 0.000000 1.259742
vt -0.070000 1.258220
vt -0.070000 -0.000000
vt 6.380398 4.054927
vt 5.980360 4.054561
vt 6.380398 3.401432
vt 5.926080 3.532407
vt 0.474266 3.533362
vt 0.021519 4.054920
vt 0.020705 2.755060
vt 5.581088 4.053791
vt 5.471762 3.491347
vt 5.182473 4.052729
vt 5.017444 3.504151
vt 4.784513 4.051619
vt 4.563126 3.564537
vt 4.387119 4.050765
vt 4.108808 3.617097
vt 3.990091 4.050283
vt 3.654491 3.639021
vt 3.593282 4.050079
vt 3.200173 3.644600
vt 3.196673 4.050092
vt 2.800230 4.050380
vt 2.745855 3.647356
vt 2.403788 4.050993
vt 2.291537 3.650833
vt 2.007175 4.051807
vt 1.837219 3.624912
vt 1.610363 4.045927
vt 1.213431 4.053369
vt 1.382901 3.580636
vt 0.928584 3.544150
vt 0.816341 4.054040
vt 0.419013 4.054603
vt 0.474266 2.812048
vt 0.928584 2.793563
vt 1.382901 2.744607
vt 1.610060 2.751985
vt 1.837219 2.770791
vt 2.291537 2.718081
vt 2.745855 2.415892
vt 3.200173 2.408500
vt 3.654491 2.707316
vt 4.108808 2.736845
vt 4.563126 2.754949
vt 5.017444 2.769454
vt 5.471762 2.784647
vt 5.926080 2.829241
vt 0.019948 1.107200
vt 0.474266 2.064547
vt 0.928584 2.058105
vt 1.382901 1.777721
vt 1.610060 2.021390
vt 1.837219 2.034805
vt 2.291537 2.003833
vt 3.654491 2.011960
vt 4.108808 2.233574
vt 4.563126 2.040290
vt 5.017444 2.233574
vt 5.471762 2.059975
vt 5.926080 2.095101
vt 6.380398 2.138088
vt 0.432158 1.300463
vt 0.772268 1.106929
vt 1.069347 1.267725
vt 1.600811 1.250178
vt 1.911411 1.215151
vt 2.268610 1.245528
vt 2.539777 1.106553
vt 2.745855 1.653028
vt 2.798425 1.106557
vt 3.078423 1.106538
vt 3.200173 1.672312
vt 3.355793 1.106538
vt 3.654491 1.482216
vt 3.908368 1.106572
vt 4.108808 1.711749
vt 4.214792 1.106605
vt 4.540597 1.286618
vt 5.017444 1.685416
vt 5.137867 1.106792
vt 5.468538 1.331013
vt 6.277845 1.107165
vt 5.852298 1.293520
vt 6.438098 3.789543
vt 6.025386 3.789332
vt 6.438098 2.915910
vt 5.979683 3.107952
vt 5.979683 2.422107
vt 6.438098 1.812914
vt 5.979683 1.787723
vt 6.414168 1.153474
vt 5.800390 1.153786
vt 5.521269 1.787723
vt 5.252861 1.153622
vt 4.833626 1.787723
vt 4.865231 1.153530
vt 4.497641 1.153462
vt 4.489805 1.787723
vt 4.145983 1.787723
vt 4.145983 2.531809
vt 3.802162 2.494660
vt 3.458341 2.469622
vt 3.612813 3.793123
vt 3.214732 3.793635
vt 5.617330 3.789552
vt 5.521269 3.107952
vt 5.521269 2.422107
vt 5.212674 3.790045
vt 4.833626 3.107952
vt 4.833626 2.422107
vt 4.810545 3.790727
vt 4.489805 2.576727
vt 4.410233 3.791535
vt 4.011163 3.792376
vt 3.114520 2.467987
vt 2.816665 3.793796
vt 2.770698 2.490495
vt 2.418636 3.786294
vt 2.021242 3.783262
vt 1.624688 3.775734
vt 2.083056 2.021721
vt 1.739235 2.039754
vt 1.878954 1.153470
vt 1.395413 1.787723
vt 1.336960 1.153584
vt 1.051592 1.787723
vt 0.699115 1.153771
vt 0.707771 2.126197
vt 0.363950 2.130320
vt 0.020749 2.593970
vt 0.363950 3.107952
vt 0.021423 3.789520
vt 0.422642 3.789560
vt 0.707771 3.107952
vt 0.823086 3.790218
vt 1.051592 2.805237
vt 1.222842 3.791118
vt 1.395413 2.736324
vt 0.020128 1.154029
vt 2.486328 1.153384
vt 2.426877 2.016108
vt 2.770698 1.787723
vt 3.017824 1.153351
vt 3.114520 1.787723
vt 3.552347 1.153356
vt 3.458341 1.787723
vt 3.802162 1.787723
vt 3.993171 1.153388
vt 0.674681 3.745037
vt 0.095949 3.744114
vt 0.415191 3.071888
vt 0.090741 2.274121
vt 0.415191 2.132107
vt 0.742926 2.050820
vt 0.661576 1.150435
vt 1.276508 1.150255
vt 0.087456 1.150672
vt 1.780282 1.150158
vt 1.398397 1.771536
vt 1.070662 1.771536
vt 2.124857 1.150083
vt 2.053867 1.990841
vt 1.726132 1.771536
vt 1.398397 2.691647
vt 1.070662 2.757100
vt 0.742926 3.071888
vt 2.381603 1.771536
vt 2.434780 1.150041
vt 2.709338 1.771536
vt 2.882648 1.150024
vt 3.037073 1.771536
vt 3.317657 1.150028
vt 3.364808 1.771536
vt 3.692544 1.771536
vt 3.364808 2.457361
vt 3.692544 2.477711
vt 3.752393 3.749242
vt 4.020279 2.507520
vt 4.327844 3.747435
vt 4.348014 2.559279
vt 4.675749 3.071888
vt 4.675749 2.393048
vt 5.331220 2.393048
vt 5.331220 1.771536
vt 5.768200 2.185080
vt 5.371937 1.150386
vt 5.798092 1.150524
vt 3.750348 1.150055
vt 4.020279 1.771536
vt 4.193605 1.150093
vt 4.348014 1.771536
vt 4.636672 1.150179
vt 4.675749 1.771536
vt 5.005603 1.150285
vt 6.205181 1.150710
vt 6.205181 2.222028
vt 5.768200 3.071888
vt 6.205181 3.094180
vt 6.025000 3.744093
vt 5.472176 3.744286
vt 5.331220 3.071888
vt 4.903528 3.745592
vt 2.995528 3.750599
vt 3.037073 2.452257
vt 2.709338 2.466807
vt 2.407829 3.750435
vt 2.381603 2.500824
vt 2.024364 3.749468
vt 1.639425 3.748472
vt 1.726132 2.595408
vt 1.253604 3.747026
vt 0.015230 -0.080000
vt 0.053384 -0.080001
vt 0.057056 1.169456
vt 0.094077 1.144156
vt 0.186518 2.596327
vt 0.188819 3.002195
vt 0.274059 3.436726
vt 0.316396 3.939277
vt 0.354410 3.961797
vt 0.364172 3.987296
vt 1.612629 3.961797
vt 1.612629 4.000000
vt -0.110000 0.523599
vt -0.000000 0.523599
vt -0.110000 0.628319
vt -0.000000 0.628319
vt -0.110000 -0.628319
vt -0.000000 -0.628319
vt -0.110000 -0.523599
vt 0.000000 -0.523599
vt -0.110000 -0.418879
vt 0.000000 -0.418879
vt -0.110000 -0.314159
vt -0.000000 -0.314159
vt -0.110000 -0.209440
vt 0.000000 -0.209440
vt -0.110000 -0.104720
vt 0.000000 -0.104720
vt -0.110000 0.104720
vt -0.000000 0.104720
vt -0.110000 0.209440
vt -0.000000 0.209440
vt -0.110000 0.314159
vt 0.000000 0.314159
vt -0.110000 0.418879
vt -0.000000 0.418879
vt -0.110000 0.264942
vt -0.310000 -0.345575
vt -0.310000 -0.264944
vt -0.110000 -0.287979
vt -0.110000 -0.195825
vt -0.310000 -0.149751
vt -0.310000 -0.057596
vt -0.310000 0.080636
vt -0.110000 0.057596
vt -0.110000 0.149751
vt 7.327097 0.080000
vt 6.494407 0.080000
vt 7.327097 0.000000
vt 6.494407 0.000000
vt 5.661717 0.080000
vt 5.661717 0.000000
vt 5.020001 0.080000
vt 5.020001 0.000000
vt 4.699144 0.080000
vt 4.699144 0.000000
vt 4.261642 0.080000
vt 4.210651 0.000000
vt 3.685812 0.080000
vt 3.634820 0.000000
vt 3.227849 0.080000
vt 3.227849 0.000000
vt 2.900328 0.080000
vt 2.900328 0.000000
vt 2.572808 0.080000
vt 2.572808 0.000000
vt 2.245287 0.080000
vt 2.245287 0.000000
vt 1.917767 0.080000
vt 1.917767 0.000000
vt 1.438325 0.080000
vt 1.438325 0.000000
vt 0.958883 0.080000
vt 0.710474 0.000000
vt 0.423543 0.080000
vt -0.020810 2.708082
vt -0.021422 3.789545
vt -0.363933 3.108281
vt -0.422550 3.789585
vt -0.707739 3.108281
vt -0.822842 3.790255
vt -1.051545 3.108281
vt -1.222498 3.791180
vt -1.395350 3.108281
vt -1.625803 3.767591
vt -2.021665 3.777598
vt -2.418647 3.793487
vt -2.426767 2.480115
vt -2.770573 2.472590
vt -2.426767 1.788083
vt -2.770573 1.788083
vt -2.562732 1.153357
vt -2.823653 1.153352
vt -3.114379 1.788083
vt -3.106147 1.153346
vt -3.386049 1.153353
vt -3.458185 1.788083
vt -3.801990 1.788083
vt -3.801990 2.552228
vt -4.145796 2.592997
vt -4.489602 2.640858
vt -4.410039 3.791562
vt -4.810239 3.790722
vt -2.816746 3.793743
vt -3.114379 2.483095
vt -3.214644 3.793655
vt -3.458185 2.513785
vt -3.612654 3.793224
vt -4.011021 3.792466
vt -4.833407 2.666847
vt -5.212305 3.790047
vt -5.521019 3.108281
vt -5.616974 3.789569
vt -5.979421 3.108281
vt -6.025084 3.789356
vt -6.437823 2.915928
vt -6.437823 3.789567
vt -5.979421 2.422819
vt -5.521019 2.176076
vt -4.833407 1.788083
vt -5.184131 1.153610
vt -4.560565 1.153458
vt -6.437823 1.812925
vt -5.903221 1.461467
vt -5.513010 1.153710
vt -6.304991 1.153988
vt -4.489602 1.788083
vt -4.252820 1.153412
vt -4.145796 1.788083
vt -3.943684 1.153395
vt -2.275572 1.153388
vt -2.082962 1.788083
vt -2.082962 2.422819
vt -1.959123 1.153473
vt -1.739156 1.788083
vt -1.739156 2.422819
vt -1.609473 1.153541
vt -1.395350 1.788083
vt -1.395350 2.422819
vt -1.185543 1.153628
vt -1.051545 1.788083
vt -1.051545 2.422819
vt -0.779272 1.153742
vt -0.707739 1.788083
vt -0.707739 2.422819
vt -0.390865 1.153875
vt -0.363933 2.213233
vt -0.020127 1.154036
vt 0.240249 0.347355
vt 0.626206 0.386177
vt 0.091680 1.104022
vt 0.090567 0.194353
vt 1.060028 0.347954
vt 0.651551 1.104682
vt 2.045924 0.348154
vt 2.267143 0.347939
vt 2.382344 0.869426
vt 2.671335 0.348018
vt 2.691305 0.929067
vt 3.046961 0.348850
vt 2.979289 1.110376
vt 3.265644 1.110387
vt 3.399496 0.354379
vt 3.552708 1.110175
vt 3.741835 0.360528
vt 3.879162 1.109669
vt 4.079481 0.366069
vt 4.201318 1.108946
vt 4.415125 0.371651
vt 4.521728 1.108108
vt 4.745790 0.368770
vt 4.842834 1.107199
vt 4.980875 0.641179
vt 5.305422 1.105913
vt 5.381200 0.347657
vt 5.683349 0.840131
vt 6.109966 0.347435
vt 6.139894 0.930357
vt 6.559636 1.104032
vt 2.089398 1.108881
vt 1.791593 1.108008
vt 1.770612 0.364911
vt 1.246206 1.106279
vt 1.445388 0.349247
vt 0.644683 0.194298
vt 0.240149 0.308880
vt 1.143287 0.309015
vt 1.341432 0.194161
vt 1.715361 0.309123
vt 1.818158 0.194051
vt 2.112806 0.309196
vt 2.227409 0.193963
vt 2.512369 0.309252
vt 2.719653 0.193887
vt 2.909412 0.309287
vt 3.113335 0.193867
vt 3.307005 0.309292
vt 3.611007 0.193909
vt 3.708771 0.309277
vt 4.014348 0.193986
vt 4.118831 0.309248
vt 4.459254 0.194103
vt 4.548291 0.309218
vt 4.849994 0.194228
vt 4.976882 0.309164
vt 5.440351 0.194366
vt 5.388732 0.309109
vt 5.993783 0.308973
vt 6.124323 0.194375
vt -0.185020 4.289518
vt -0.124690 3.451433
vt -0.092794 3.794438
vt -0.043996 2.732079
vt 0.048160 2.615522
vt 0.064261 1.058178
vt 0.142292 1.146118
vt 0.099213 -0.000000
vt 0.161500 -0.000000
vt -0.243886 4.165877
vt -0.299094 4.295877
vt -0.299094 4.165877
vt 0.183072 -0.079998
vt 0.161500 -0.080000
vt -0.135418 0.372832
vt -0.112249 0.001242
vt -0.079014 0.555469
vt -0.135418 0.744467
vt -0.079655 1.109740
vt -0.135418 1.116101
vt -0.135418 1.487735
vt -0.079502 1.502079
vt -0.135418 1.859370
vt -0.079425 1.894417
vt -0.135418 2.231004
vt -0.079388 2.286755
vt -0.100834 2.649821
vt -0.135418 3.345907
vt -0.103073 3.030362
vt -0.079407 3.463771
vt -0.135418 3.717541
vt -0.079426 3.856109
vt -0.135418 4.089175
vt -0.079331 4.248447
vt -0.135418 4.460810
vt -0.078897 4.691864
vt -0.135418 4.832444
vt -0.078762 5.319606
vt -0.135418 5.204078
vt -0.135418 5.575713
vt -0.102816 5.947347
vt -0.043423 0.001491
vt -0.045129 5.947347
vt -0.019759 5.330024
vt -0.021339 0.562029
vt -0.000000 5.947347
vt -0.020588 1.292652
vt -0.019054 2.121690
vt -0.018844 2.904331
vt -0.018373 3.691042
vt -0.017584 4.557803
vt -3.717950 -17.689863
vt -2.516279 -17.588131
vt -3.699568 -16.866653
vt -2.516279 -17.061869
vt -3.510798 -16.066261
vt -3.224683 -15.450071
vt -2.407406 -16.546991
vt -2.797299 -14.856112
vt -2.194370 -16.065779
vt -2.253495 -14.350239
vt -1.886389 -15.639047
vt -1.151808 -13.792004
vt -1.496788 -15.285264
vt -1.042425 -15.019734
vt -0.542959 -14.853948
vt -0.384877 -13.608670
vt -0.020000 -14.795079
vt -0.020000 -13.588846
vt -3.537308 -18.456369
vt -2.407406 -18.103008
vt -2.985352 -19.561249
vt -2.194370 -18.584223
vt -2.484899 -20.109127
vt -1.886389 -19.010954
vt -1.892747 -20.542633
vt -1.496788 -19.364737
vt -1.182503 -20.857819
vt -1.042425 -19.630266
vt -0.542959 -19.796053
vt -0.384799 -21.041279
vt -0.020000 -19.854921
vt -0.020000 -21.061153
vt 1.645895 11.346998
vt 1.695000 11.420263
vt 1.750000 11.435000
vt 0.090000 13.246615
vt 0.090000 -13.246615
vt 1.640000 -11.325000
vt 1.654737 -11.270000
vt 1.678892 -11.404156
vt 1.750000 -11.435000
vt 1.829159 -11.396105
vt 1.860000 -11.325000
vt 1.845263 -11.270000
vt 1.771998 -11.220894
vt 1.695000 -11.229737
vt 1.730000 -13.450642
vt 1.769985 -13.463330
vt 3.940085 -11.345000
vt 3.940085 -11.305000
vt 1.750000 -0.110000
vt 1.829157 -0.071106
vt 1.851158 0.033001
vt 1.772002 0.104105
vt 1.695000 0.095263
vt 1.645895 0.021999
vt 1.678896 -0.079159
vt 3.940085 -0.020000
vt 3.940085 0.020000
vt 1.750000 11.215000
vt 1.805000 11.229737
vt 1.854106 11.303001
vt 1.821103 11.404160
vt 3.940085 11.305000
vt 3.940085 11.345000
vt 1.729988 13.450638
vt 1.678894 11.245844
vt 1.391800 1.353294
vt 1.176055 1.134218
vt 1.781541 1.096120
vt 2.162730 1.288421
vt 2.376704 1.036141
vt 2.526809 1.378638
vt 2.662486 1.036590
vt 2.865484 1.178579
vt 4.867167 1.251290
vt 5.246743 1.032661
vt 5.575912 1.250226
vt 5.683470 1.031686
vt 6.068646 1.207437
vt 6.487091 1.030906
vt 6.487091 1.449464
vt 5.232997 1.448928
vt 4.523388 1.176941
vt 4.384132 1.448699
vt 4.184577 1.160965
vt 3.882509 1.284931
vt 3.490570 1.296176
vt 3.013602 1.448612
vt 3.193854 1.167140
vt 1.861144 1.448771
vt 0.738223 1.260095
vt -0.138826 0.367505
vt -0.115935 0.001494
vt -0.080915 0.542714
vt -0.138826 0.733563
vt -0.092824 1.087216
vt -0.082308 1.471605
vt -0.138826 1.465679
vt -0.096226 1.852155
vt -0.138826 3.295970
vt -0.105989 2.982614
vt -0.081410 3.409721
vt -0.138826 3.662028
vt -0.081439 3.797345
vt -0.138826 4.028086
vt -0.081371 4.184968
vt -0.138826 4.394144
vt -0.080964 4.617982
vt -0.138826 4.760202
vt -0.080793 5.238179
vt -0.138826 5.126260
vt -0.138826 5.492318
vt -0.105992 5.858376
vt -0.043586 0.001756
vt -0.042490 5.851457
vt -0.020867 5.234471
vt -0.024774 0.545692
vt -0.018029 1.294966
vt -0.098039 2.232644
vt -0.022107 2.087195
vt -0.100263 2.611260
vt -0.019389 2.857451
vt -0.018858 3.633446
vt -0.018620 4.469527
vt -0.715969 -13.267863
vt -0.020000 -13.246452
vt -0.020000 13.246452
vt -0.715963 13.267870
vt -1.381661 13.360183
vt -1.785907 13.468617
vt -2.099057 13.588535
vt -2.500623 13.802610
vt -2.940281 14.134600
vt -3.316230 14.549195
vt -3.569005 14.940647
vt -3.569008 -14.940636
vt -3.316233 -14.549181
vt -2.940279 -14.134582
vt -2.498381 -13.801212
vt -3.791841 15.429230
vt -3.791844 -15.429230
vt -1.928289 -13.523123
vt -1.381662 -13.360166
vt 0.146934 0.038386
vt 0.696640 0.024965
vt 0.146934 0.100673
vt 0.888966 0.073864
vt 1.229273 -0.029049
vt 1.283947 0.025015
vt 1.729661 -0.138980
vt 1.783091 -0.092558
vt 2.145046 -0.290010
vt 2.208038 -0.250540
vt 2.488408 -0.469977
vt 2.491147 -0.399519
vt 2.778327 -0.595084
vt 2.800223 -0.690755
vt 3.091064 -0.965545
vt 3.185355 -0.978632
vt 3.353420 -1.296944
vt 3.512956 -1.433337
vt 3.559908 -1.647302
vt 3.659451 -1.710521
vt 3.712459 -1.995245
vt 3.780198 -1.999768
vt 3.821075 -2.330666
vt 3.950596 -2.607015
vt 3.899593 -2.670730
vt 3.985658 -3.466098
vt 4.049091 -3.486743
vt 4.012296 -2.988298
vt 4.043487 -39.158707
vt 3.989733 -38.975601
vt 3.979618 -39.800678
vt 3.943380 -39.618649
vt 3.877010 -40.263573
vt 3.827244 -40.210552
vt 3.773732 -40.581390
vt 3.700630 -40.595055
vt 3.643587 -40.886581
vt 3.508548 -41.011536
vt 3.485157 -41.176701
vt 3.297022 -41.449306
vt 3.288412 -41.358852
vt 3.022368 -41.752213
vt 2.955830 -41.732826
vt 2.571675 -42.110142
vt 2.653482 -41.984859
vt 2.228477 -42.235092
vt 2.143977 -42.341644
vt 1.843904 -42.389503
vt 1.861957 -42.448765
vt 1.369268 -42.507748
vt 1.327068 -42.581516
vt 0.686291 -42.651772
vt 0.653874 -42.590771
vt 0.090000 -42.664627
vt 0.090000 -42.602333
vt -0.020882 3.074824
vt -0.021519 4.054921
vt -0.474266 3.513541
vt -0.418923 4.054695
vt -0.928584 3.493077
vt -0.816209 4.054257
vt -1.213389 4.053546
vt -1.382902 3.506277
vt -1.610367 4.052655
vt -1.610061 3.124329
vt -1.837220 3.612623
vt -1.837220 2.740461
vt -1.610061 2.396329
vt -1.837220 2.037593
vt -1.610061 1.644429
vt -2.019489 1.135550
vt -1.718222 1.106688
vt -2.291541 1.482225
vt -2.466546 1.106582
vt -2.745862 1.482225
vt -2.990782 1.106550
vt -3.200183 1.609586
vt -3.520510 1.106554
vt -3.654503 1.482225
vt -3.957382 1.106585
vt -4.108824 1.482225
vt -4.458601 1.111184
vt -4.796711 1.106730
vt -5.017466 1.848825
vt -5.153375 1.106801
vt -5.525496 1.112068
vt -5.926094 1.791363
vt -6.359994 1.106704
vt -6.380400 2.138089
vt -2.007141 4.051758
vt -2.291541 3.657213
vt -2.291541 2.710034
vt -2.291541 2.017539
vt -2.403777 4.050987
vt -2.745862 3.650985
vt -2.745862 2.660715
vt -2.745862 2.002049
vt -2.800314 4.050436
vt -3.200183 3.634414
vt -3.200183 2.405869
vt -3.196821 4.050162
vt -3.593424 4.050130
vt -3.654503 3.624151
vt -3.990163 4.050300
vt -4.108824 3.619499
vt -4.387090 4.050752
vt -4.563145 3.605938
vt -4.784415 4.051594
vt -5.017466 3.573172
vt -5.182365 4.052706
vt -5.471787 3.546928
vt -5.581015 4.053780
vt -5.926094 3.538344
vt -5.980337 4.054559
vt -6.380400 3.401433
vt -6.380400 4.054929
vt -5.926094 2.817248
vt -5.471787 2.800863
vt -5.017466 2.780783
vt -4.563145 2.768113
vt -4.108824 2.756329
vt -3.654503 2.720572
vt -1.324977 1.106773
vt -1.382902 1.707521
vt -1.382902 2.233598
vt -1.382902 2.756350
vt -0.928584 1.482225
vt -0.674363 1.138682
vt -0.019948 1.107200
vt -0.020494 2.363109
vt -0.474266 2.824450
vt -0.474266 2.096165
vt -0.928584 2.058070
vt -5.471787 2.061828
vt -4.563145 2.031617
vt -4.108824 2.014282
vt -3.654503 1.999588
vt -0.928584 2.778865
vt -0.146934 3.676582
vt -0.668182 3.613766
vt -0.146934 3.597000
vt -0.760249 3.518810
vt -1.680592 3.248741
vt -1.351141 3.336828
vt -1.902178 3.056422
vt -2.397109 2.685864
vt -2.653801 2.529122
vt -2.821335 2.236084
vt -3.164896 1.862335
vt -3.162342 1.720347
vt -3.410072 1.153867
vt -3.460618 1.231907
vt -3.557218 0.553353
vt -3.633043 0.551168
vt -3.599440 -0.063484
vt -3.675371 -0.083208
vt -3.535493 -0.678448
vt -3.565269 -0.886031
vt -3.367262 -1.273400
vt -3.319635 -1.570929
vt -3.099710 -1.830792
vt -2.938435 -2.200973
vt -2.740728 -2.334183
vt -2.445450 -2.738794
vt -2.300906 -2.768724
vt -2.052671 -3.050249
vt -1.793216 -3.121599
vt -1.334840 -3.414091
vt -1.232633 -3.382398
vt -0.635691 -3.543430
vt -0.531839 -3.635837
vt -0.020000 -3.679477
vt -0.020000 -3.599944
vt -0.019159 5.334516
vt -0.000000 5.947421
vt -0.053031 5.947694
vt -0.078153 5.316418
vt -0.113290 5.947898
vt -0.135417 5.576190
vt -0.135417 5.204444
vt -0.135417 4.832698
vt -0.078906 4.684900
vt -0.135417 4.460952
vt -0.079350 4.248526
vt -0.135417 4.089206
vt -0.079422 3.853827
vt -0.135417 3.717460
vt -0.079402 3.459128
vt -0.135417 3.345714
vt -0.079379 3.064430
vt -0.135417 2.973968
vt -0.105321 2.638472
vt -0.093722 1.486945
vt -0.135417 1.115238
vt -0.078263 1.090935
vt -0.135417 0.743492
vt -0.079936 0.545468
vt -0.135417 0.371746
vt -0.102815 0.000000
vt -0.045129 0.000000
vt -0.021437 0.484140
vt -0.019825 1.291889
vt -0.095344 1.874200
vt -0.017366 4.552955
vt -0.018450 3.688628
vt -0.018904 2.896715
vt -0.019091 2.110352
vt -0.101077 2.257786
vt 0.000000 -0.020000
vt -0.038203 -0.020000
vt -0.038203 -0.090019
vt -0.000000 -0.547215
vt -0.130000 -0.090019
vt -0.130000 -0.607898
vt -0.000000 -1.074431
vt -0.130000 -1.125778
vt -0.000000 -1.601646
vt -0.130000 -1.643657
vt -0.000000 -2.128861
vt -0.130000 -2.161537
vt -0.000000 -2.656077
vt -0.130000 -2.679416
vt -0.000000 -3.183292
vt -0.130000 -3.197296
vt -0.000000 -3.710507
vt -0.130000 -3.715175
vt -0.000000 -4.237722
vt -0.130000 -4.233054
vt -0.130000 -4.750934
vt -0.000000 -4.764938
vt -0.130000 -5.268813
vt -0.000000 -5.292153
vt -0.130000 -5.786693
vt -0.000000 -5.819368
vt -0.130000 -6.304572
vt -0.000000 -6.346583
vt -0.130000 -6.822452
vt -0.000000 -6.873799
vt -0.130000 -7.340331
vt -0.000000 -7.401014
vt -0.130000 -7.858210
vt -0.038203 -7.858210
vt 0.000000 -7.928229
vt -0.038203 -7.928231
vt -0.148169 1.174017
vt -0.723243 1.449095
vt -0.928525 1.200659
vt -1.957466 1.035151
vt -1.703836 1.154862
vt -2.185140 1.244976
vt -3.374104 1.110831
vt -2.875742 1.102015
vt -3.015391 1.448604
vt -3.470406 1.448595
vt -1.317545 1.324853
vt -1.862242 1.448767
vt -2.542218 1.260303
vt -3.715784 1.237204
vt -3.923025 1.448641
vt -4.016344 1.116168
vt -4.386745 1.448699
vt -4.542617 1.109753
vt -4.884097 1.318282
vt -6.052945 1.229615
vt -6.490934 1.449462
vt -6.490934 1.030904
vt -5.662327 1.333221
vt -5.521330 1.032033
vt -5.212414 1.142858
vt -4.258915 1.035244
vt -0.070000 7.576281
vt -0.070002 6.318062
vt 0.000000 7.576281
vt 0.000000 6.316539
vt -0.147564 2.320647
vt -0.571046 1.956980
vt -0.141343 1.105997
vt -0.661906 1.158876
vt -1.000749 1.358756
vt -1.266631 1.105617
vt -1.430453 1.358756
vt -1.805007 1.209629
vt -2.108367 1.105446
vt -2.289860 1.622552
vt -2.415903 1.105419
vt -2.719564 1.441475
vt -2.860344 1.105406
vt -3.149268 1.432418
vt -3.291939 1.105387
vt -3.578973 1.425128
vt -3.721246 1.105418
vt -4.008677 1.358756
vt -4.161148 1.105472
vt -4.438381 1.358756
vt -4.600848 1.105556
vt -4.868085 1.358756
vt -4.966858 1.105653
vt -5.320393 1.183003
vt -6.157189 1.106056
vt -5.741241 1.223542
vt -6.157189 2.144862
vt -5.727489 1.941935
vt -4.008677 1.869526
vt -3.578973 1.998316
vt -3.149268 2.212759
vt -2.719564 2.209087
vt -0.571046 2.629397
vt -1.000749 2.629397
vt -1.000749 3.218842
vt -1.430453 3.197616
vt -1.860156 3.315544
vt -1.844285 4.012081
vt -0.152250 3.082138
vt -0.571046 3.321261
vt -1.280047 4.013240
vt -0.157769 4.014784
vt -0.714835 4.014181
vt -2.396922 3.986778
vt -3.526598 3.996504
vt -4.075667 4.010334
vt -4.008677 3.534335
vt -4.622518 3.951002
vt -6.157189 4.013903
vt -6.157189 3.083732
vt -5.778378 4.009148
vt -5.727489 2.869326
vt -5.297789 2.858863
vt -4.868085 2.826167
vt -4.868085 1.897958
vt -4.438381 1.882349
vt -1.000749 1.914685
vt -1.430453 1.744900
vt -1.860156 1.737959
vt -5.297789 1.916268
vt -4.438381 2.795400
vt -4.008677 2.771309
vt -3.578973 2.728344
vt -2.289860 2.404188
vt -1.860156 2.358601
vt -1.430453 2.380502
vt -3.150419 4.009607
vt -2.775593 4.006763
vt -5.397814 3.993693
vt -5.013245 3.974299
vt 7.969652 3.938525
vt 7.930691 3.961797
vt 8.011711 3.431239
vt 8.108355 2.902021
vt 8.109667 2.459622
vt 8.221099 1.340000
vt 8.184699 1.301796
vt 7.930343 3.984542
vt 6.672471 3.961797
vt 7.878705 4.000000
vt 6.672471 4.000000
vt 34.750401 1.301797
vt 34.714001 1.340000
vt 34.834801 2.575167
vt 34.813164 2.785054
vt 34.922764 3.426499
vt 34.888599 3.459344
vt 35.062946 4.256936
vt 35.024044 4.237180
vt 35.072598 4.284490
vt 35.192608 4.257674
vt 35.192608 4.295877
vt -0.000728 0.070000
vt -0.300308 0.000000
vt -0.661939 1.150435
vt -0.087461 1.150680
vt -0.415218 2.182956
vt -0.090747 2.274136
vt -0.415218 3.071805
vt -0.742974 3.071805
vt -0.673686 3.745058
vt -0.095955 3.744138
vt -1.070730 3.071805
vt -1.251275 3.747040
vt -1.398486 3.071805
vt -1.636455 3.747676
vt -2.020457 3.751397
vt -2.403285 3.750454
vt -2.381755 2.467945
vt -2.709511 2.457585
vt -2.381755 1.771441
vt -2.709511 1.771441
vt -2.434935 1.150072
vt -2.882876 1.150048
vt -3.037267 1.771441
vt -3.317869 1.150029
vt -3.365024 1.771441
vt -3.692780 1.771441
vt -3.692780 2.523773
vt -4.020536 2.561899
vt -4.348292 2.610312
vt -4.321733 3.747478
vt -4.708551 3.748899
vt -2.990999 3.750629
vt -3.037267 2.467273
vt -3.365024 2.491611
vt -3.747648 3.749271
vt -5.299375 3.744654
vt -5.331561 3.071805
vt -5.768569 3.071805
vt -5.839323 3.744021
vt -6.205578 3.094200
vt -6.205578 3.744213
vt -6.205578 2.222043
vt -5.768569 2.096935
vt -5.331561 2.141158
vt -4.676049 1.998339
vt -4.836216 1.150242
vt -4.315024 1.150139
vt -5.330476 1.150380
vt -6.205578 1.150718
vt -5.738770 1.150510
vt -3.750550 1.150058
vt -4.020536 1.771441
vt -4.348292 1.771441
vt -2.124972 1.150099
vt -2.053999 1.771441
vt -2.053999 2.392852
vt -1.780399 1.150162
vt -1.726243 1.771441
vt -1.726243 2.392852
vt -1.398486 1.771441
vt -1.276596 1.150259
vt -1.070730 1.771441
vt -0.742974 1.771441
vt -0.742974 2.392852
vt -1.070730 2.392852
vt -1.398486 2.392852
vt -0.432831 0.070000
vt -1.432946 0.070000
vt -0.432831 0.000000
vt -1.546306 0.000000
vt -2.431401 0.070000
vt -2.431401 0.000000
vt -3.100779 0.070000
vt -3.100779 0.000000
vt 0.000000 0.130585
vt -0.070000 0.129516
vt 0.912811 -0.119784
vt 0.572545 -0.157955
vt 0.992665 -0.249688
vt 1.732617 -0.272770
vt 1.434105 -0.285274
vt 1.785154 -0.419404
vt -0.027408 -0.223954
vt -0.010670 -0.161213
vt -0.007962 -0.094986
vt 0.306843 -0.146246
vt 1.508844 -0.392957
vt 1.336552 -0.455092
vt 1.179456 -0.391074
vt 0.804130 -0.383699
vt 0.969371 -0.462818
vt 0.509847 -0.411207
vt 0.499127 -0.469920
vt 0.369882 -0.394871
vt 0.307340 -0.461491
vt 0.226407 -0.405109
vt 0.198717 -0.460138
vt -0.000181 -0.410415
vt 0.025381 -0.459890
vt -0.073121 -0.469851
vt 0.145325 -0.520728
vt -0.032678 -0.336485
vt -0.005792 -0.276029
vt 0.287324 -0.228115
vt 0.479475 -0.277981
vt 0.857417 -0.315714
vt 0.666647 -0.264112
vt 0.238998 -0.561913
vt 0.268224 -0.592493
vt 0.772472 -0.510748
vt 1.403043 -0.155580
vt 2.074104 -0.085249
vt 0.892128 -0.067171
vt -0.000202 -0.019338
vt 2.145790 -0.413344
vt 0.276977 -0.298752
vt 0.090000 -21.034845
vt 0.630475 -20.978090
vt 0.090000 -19.853399
vt 0.602066 -19.782318
vt 1.088993 -19.608637
vt 1.160504 -20.851419
vt 1.500628 -20.721163
vt 1.530451 -19.339602
vt 1.825777 -20.558109
vt 1.908005 -18.986450
vt 2.132344 -20.364313
vt 2.558552 -20.007868
vt 2.205893 -18.563925
vt 3.024576 -19.466324
vt 2.411675 -18.089670
vt 3.308046 -19.003452
vt 2.516761 -17.583488
vt 3.512640 -18.503750
vt 3.649514 -17.992598
vt 3.703455 -17.488827
vt 2.516761 -17.066511
vt 3.695640 -16.992002
vt 3.612917 -16.500727
vt 3.454200 -15.972964
vt 3.305361 -15.641160
vt 2.411675 -16.560329
vt 3.021879 -15.179821
vt 2.205893 -16.086075
vt 2.555349 -14.639017
vt 1.908005 -15.663550
vt 2.128735 -14.283095
vt 1.822541 -14.090044
vt 1.530451 -15.310398
vt 1.497874 -13.927636
vt 1.088993 -15.041364
vt 1.158341 -13.797883
vt 0.629517 -13.671728
vt 0.602066 -14.867681
vt 0.090000 -14.796601
vt 0.090000 -13.615154
vt 0.611002 -0.080113
vt 0.544036 -0.080341
vt 0.610999 -0.162687
vt 0.610945 -0.837546
vt 0.531249 -0.577088
vt 0.534439 -0.887697
vt 0.480073 -0.577088
vt 0.459525 -0.887697
vt 0.423731 -0.583522
vt 0.417619 -1.092262
vt 0.449124 -0.080552
vt 0.460035 -1.198306
vt 0.448172 -1.501864
vt 0.462646 -2.440743
vt 0.462429 -2.751353
vt 0.534405 -2.751353
vt 0.534226 -3.061962
vt 0.533739 -3.658331
vt 0.611005 -3.900728
vt 0.513482 -4.142220
vt 0.455406 -3.642971
vt 0.456863 -3.066883
vt 0.423036 -2.587274
vt 0.457634 -2.119650
vt 0.419612 -4.254701
vt 0.454362 -4.230645
vt 0.610998 -2.895437
vt 0.535165 -2.440743
vt 0.534448 -2.130134
vt 0.453686 -1.813354
vt 0.610962 -2.007594
vt 0.534529 -1.819525
vt 0.536398 -1.508915
vt 0.611003 -1.390090
vt 0.611005 -1.359719
vt 0.534479 -1.198306
vt -0.130000 -11.162759
vt -0.000000 -11.162759
vt -0.130000 -10.547606
vt -0.000000 -10.543717
vt -0.130000 -9.932454
vt -0.000000 -9.924675
vt -0.130000 -9.317301
vt -0.000000 -9.305633
vt -0.130000 -8.702148
vt -0.000000 -8.686590
vt -0.130000 -8.086995
vt -0.000000 -8.067548
vt -0.130000 -7.471843
vt -0.000000 -7.448506
vt -0.130000 -6.856690
vt 0.000000 -6.829464
vt -0.130000 -6.241537
vt -0.000000 -6.210422
vt -0.130000 -5.626384
vt -0.000000 -5.591380
vt -0.130000 -5.011231
vt 0.000000 -4.972337
vt -0.130000 -4.396079
vt -0.000000 -4.353295
vt -0.130000 -3.780926
vt 0.000000 -3.734253
vt -0.130000 -3.165773
vt 0.000000 -3.115211
vt -0.130000 -2.550620
vt 0.000000 -2.496169
vt -0.130000 -1.935468
vt 0.000000 -1.877127
vt -0.130000 -1.320315
vt 0.000000 -1.258084
vt -0.130000 -0.705162
vt 0.000000 -0.639042
vt -0.130000 -0.090009
vt -0.038203 -0.090009
vt -0.038203 -0.020000
vt -0.000000 26.565702
vt -0.070000 26.565702
vt 5.496603 34.650002
vt 4.741224 2.061450
vt 5.496603 0.000000
vt 4.741224 1.356091
vt 4.741224 34.649078
vt 4.741224 33.073158
vt 4.741224 32.684624
vt 4.741224 0.000910
vt 0.146934 3.652209
vt 0.146934 3.597000
vt 0.661688 3.590004
vt 0.756447 3.519629
vt 1.172004 3.460600
vt 1.343927 3.339739
vt 1.654769 3.251542
vt 1.892262 3.062572
vt 2.102664 2.985474
vt 2.385480 2.696198
vt 2.377660 2.770816
vt 2.631735 2.530358
vt 2.809214 2.251292
vt 2.861967 2.266762
vt 3.148681 1.840902
vt 3.151124 1.740810
vt 3.401248 1.179623
vt 3.388399 1.363774
vt 3.504244 1.033245
vt 3.552303 0.584077
vt 3.587716 0.694115
vt 3.638226 0.348876
vt 3.599887 -0.028482
vt 3.655192 0.000000
vt 3.637933 -0.351921
vt 3.542616 -0.640212
vt 3.549477 -0.849339
vt 3.382157 -1.233294
vt 3.309998 -1.533245
vt 3.123184 -1.790453
vt 3.055631 -1.998647
vt 2.773241 -2.295460
vt 2.848410 -2.283790
vt 2.614202 -2.548479
vt 2.342519 -2.733606
vt 2.355631 -2.789585
vt 1.940186 -3.088951
vt 1.843566 -3.092129
vt 1.460031 -3.348590
vt 1.290914 -3.360586
vt 1.129541 -3.474792
vt 0.700661 -3.531158
vt 0.789397 -3.568151
vt 0.442065 -3.628099
vt 0.090000 -3.598875
vt 0.090000 -3.654073
vt -3.100517 0.000000
vt -2.101010 0.000000
vt -3.100517 0.070000
vt -1.987612 0.070000
vt -0.803239 0.000000
vt -1.102384 0.070000
vt -0.432795 0.070000
vt 0.027717 -0.322674
vt 0.004827 -0.395264
vt 0.022551 -0.462817
vt -0.304725 -0.403694
vt -0.248397 -0.461354
vt -0.624000 -0.402217
vt -0.785541 -0.441175
vt -1.122123 -0.393857
vt -1.040991 -0.469569
vt -1.332281 -0.455500
vt -1.497159 -0.400793
vt -1.787741 -0.424834
vt 0.011580 -0.161775
vt 0.020690 -0.233888
vt 0.011177 -0.102393
vt -0.337410 -0.156167
vt -1.386181 -0.263893
vt -1.393891 -0.161984
vt -1.708027 -0.261496
vt -0.903588 -0.076342
vt -2.120713 -0.048487
vt -0.772405 -0.510987
vt -0.411560 -0.506245
vt -0.227481 -0.550486
vt -0.144666 -0.518444
vt -0.271609 -0.591370
vt -0.293139 -0.291191
vt -0.230650 -0.371271
vt -0.641641 -0.280970
vt -0.769083 -0.308536
vt -1.117571 -0.307755
vt -2.141691 -0.413287
vt -1.037401 -0.241205
vt -0.902904 -0.164337
vt -0.476009 -0.092324
vt -0.519583 -0.237282
vt -0.259062 -0.231284
vt 35.083248 4.165877
vt 35.138447 4.165877
vt 35.007858 4.257658
vt 35.138447 4.257674
vt 34.903645 3.663650
vt 34.964275 3.450770
vt 34.769783 2.454535
vt 34.884068 2.731140
vt 34.782295 1.305984
vt 34.695171 1.301797
vt 34.730854 1.234720
vt 34.658936 1.210000
vt 8.129470 1.301797
vt 8.165706 1.210000
vt 34.658936 1.030000
vt 8.165706 1.030000
vt 8.044515 1.299436
vt 8.102732 1.229063
vt 8.044633 2.580194
vt 7.953007 2.592211
vt 7.956482 3.431239
vt 7.797167 3.870000
vt 7.875462 3.961797
vt 6.615720 3.961797
vt 6.615720 3.870000
vt 0.475915 4.010521
vt 0.096603 4.015079
vt 0.093282 3.081564
vt 0.520268 2.868973
vt 0.953775 2.845656
vt 0.953775 2.121893
vt 1.387283 2.121893
vt 1.387283 1.451288
vt 1.820790 1.481901
vt 2.254298 1.486046
vt 2.107963 1.105523
vt 2.415434 1.105483
vt 0.090481 2.319866
vt 0.520268 1.797222
vt 0.953775 1.415338
vt 1.766137 1.105596
vt 0.086761 1.106091
vt 0.656642 1.105855
vt 1.266364 1.105689
vt 2.687806 1.463869
vt 2.859758 1.105460
vt 3.121314 1.476723
vt 3.291303 1.105465
vt 3.554823 1.486601
vt 3.720562 1.105497
vt 3.988331 1.459637
vt 4.280429 1.105556
vt 4.421839 1.504871
vt 4.787020 1.105664
vt 4.855347 1.523679
vt 5.279701 1.105766
vt 5.288855 1.531348
vt 5.711921 1.105931
vt 5.722359 1.861659
vt 6.155863 1.106127
vt 6.155863 2.145000
vt 5.722359 2.890230
vt 6.155863 3.083930
vt 5.773929 4.010361
vt 5.288855 3.252510
vt 5.228743 4.013230
vt 6.155863 4.014162
vt 4.855347 3.202377
vt 4.447791 4.011230
vt 4.421839 3.231600
vt 3.988331 3.359429
vt 3.878492 4.010338
vt 3.502101 4.000752
vt 2.743609 4.003412
vt 2.195935 4.011636
vt 2.254298 3.535548
vt 1.642206 3.941554
vt 0.858131 3.992772
vt 1.246242 3.969205
vt 1.387283 2.806358
vt 1.820790 2.440937
vt 2.254298 2.366403
vt 2.687806 2.311790
vt 3.122772 4.010603
vt 3.121314 2.301641
vt 3.554823 2.698722
vt 3.554823 2.121893
vt 3.988331 2.306916
vt 4.421839 2.629565
vt 4.421839 2.121893
vt 4.855347 2.629565
vt 4.855347 2.121893
vt 5.288855 2.375360
vt 0.791179 -0.580561
vt 0.779848 -0.080193
vt 0.716471 -0.376572
vt 0.688696 -0.080006
vt 0.637741 -0.548720
vt 0.611028 -0.079747
vt 0.611035 -0.161956
vt 0.611083 -0.858730
vt 0.715042 -0.673397
vt 0.715053 -0.970221
vt 0.715051 -1.267046
vt 0.771426 -1.267046
vt 0.788213 -1.520248
vt 0.788683 -2.529861
vt 0.787427 -2.115364
vt 0.715077 -2.157520
vt 0.715002 -2.454345
vt 0.635809 -2.358135
vt 0.637741 -1.161806
vt 0.611028 -1.353835
vt 0.611074 -1.384172
vt 0.633411 -3.640969
vt 0.611065 -3.909327
vt 0.704389 -4.115364
vt 0.755312 -4.197855
vt 0.715119 -3.641643
vt 0.633547 -3.024802
vt 0.781273 -3.620131
vt 0.715060 -3.047994
vt 0.775239 -3.052001
vt 0.802427 -4.235293
vt 0.798913 -1.067491
vt 0.715074 -1.563871
vt 0.783684 -1.828560
vt 0.715077 -1.860695
vt 0.628026 -1.828089
vt 2.758729 0.180000
vt 2.946888 -0.000000
vt 11.766583 0.180000
vt 11.766583 0.000000
vt 8.909840 0.180000
vt 8.711508 -0.000000
vt -0.130000 -0.080980
vt -0.310000 -0.080980
vt -0.130000 -0.184073
vt -0.310000 -0.184073
vt -0.310000 -0.287166
vt -0.310000 -0.390259
vt -0.130000 -0.390259
vt -0.130000 -0.287166
vt -0.310000 0.080980
vt -0.130000 0.080980
vt -0.310000 0.184073
vt -0.130000 0.184073
vt -0.130000 0.287166
vt -0.130000 0.390259
vt -0.310000 0.390259
vt -0.310000 0.287166
vt 2.220000 11.614137
vt 2.214317 20.436977
vt 2.127261 11.570278
vt 1.708533 20.682756
vt 1.151626 20.827744
vt 2.054722 11.497739
vt 0.578154 20.885504
vt 0.000000 20.894381
vt -0.527331 20.887508
vt -2.054722 11.497739
vt -2.010863 11.405000
vt 2.010863 11.405000
vt -1.265695 20.804737
vt -2.127261 11.570278
vt -1.610279 20.716505
vt -1.911801 20.599445
vt -2.220000 20.433830
vt -2.220000 11.614137
vt 2.380000 11.614137
vt 2.472739 11.570278
vt 2.380000 20.325645
vt 2.729910 20.018694
vt 2.545278 11.497739
vt 2.589137 11.405000
vt 3.569380 11.405000
vt 3.569380 17.325001
vt 3.188033 19.371443
vt 2.982073 19.711502
vt 3.554308 17.948511
vt 3.485269 18.476830
vt 3.346031 19.008713
vt 3.453367 0.180000
vt 3.651699 -0.000000
vt 12.363206 0.180000
vt 12.363206 0.000000
vt 9.007853 0.180000
vt 8.819694 -0.000000
vt -2.380000 11.614137
vt -2.380000 20.325644
vt -2.472739 11.570278
vt -2.729915 20.018698
vt -2.545278 11.497739
vt -2.589137 11.405000
vt -3.010404 19.670589
vt -3.232066 19.282446
vt -3.569380 17.325001
vt -3.390346 18.877659
vt -3.484899 18.504232
vt -3.546522 18.033533
vt -3.569380 11.405000
vt 1.638662 0.180000
vt 1.789700 -0.000000
vt 2.769943 0.180000
vt 2.769943 0.000000
vt 1.131281 0.180000
vt 0.980243 -0.000000
vt -17.245001 -0.717242
vt -6.080000 -0.717242
vt -17.245001 -0.482269
vt -6.080000 -0.482269
vt -0.000000 -0.048872
vt -5.920000 -0.482269
vt -0.000000 -0.717242
vt -5.920000 -0.717242
vt -34.650002 -0.048872
vt -17.405001 -0.482269
vt -28.570000 -0.482269
vt -17.405001 -0.717242
vt -28.570000 -0.717242
vt -28.730000 -0.482269
vt -34.650002 -0.717242
vt -28.730000 -0.717242
vt -0.310000 0.552219
vt -0.130000 0.552219
vt -0.310000 0.655312
vt -0.130000 0.655312
vt -0.130000 0.758405
vt -0.130000 0.861498
vt -0.310000 0.861498
vt -0.310000 0.758405
vt 4.021727 0.180000
vt 4.021727 0.000000
vt -3.569380 11.245000
vt -3.569380 0.080000
vt -2.589137 11.245000
vt -2.589137 0.080000
vt -2.545278 0.172739
vt -2.545278 11.152261
vt -2.472739 0.245278
vt -2.472739 11.079722
vt -2.380000 0.289137
vt -2.380000 11.035863
vt -2.010863 11.245000
vt 2.010863 0.080000
vt 2.010863 11.245000
vt 2.054722 0.172739
vt 2.054722 11.152261
vt 2.127261 0.245278
vt 2.127261 11.079722
vt 2.220000 0.289137
vt 2.220000 11.035863
vt -2.054722 11.152261
vt -2.054722 0.172739
vt -2.010863 0.080000
vt -2.127261 0.245278
vt -2.127261 11.079722
vt -2.220000 0.289137
vt -2.220000 11.035863
vt 10.746727 0.180000
vt 10.746727 -0.000000
vt 1.772582 0.180000
vt 1.923620 0.000000
vt 2.903863 0.180000
vt 2.903863 -0.000000
vt 3.569380 11.245000
vt 2.589137 11.245000
vt 3.569380 0.080000
vt 2.589137 0.080000
vt 2.545278 0.172739
vt 2.545278 11.152261
vt 2.472739 0.245278
vt 2.472739 11.079722
vt 2.380000 0.289137
vt 2.380000 11.035863
vt -2.010863 -0.080000
vt 2.010863 -11.245000
vt 2.010863 -0.080000
vt 2.054722 -11.152261
vt 2.054722 -0.172739
vt 2.127261 -11.079722
vt 2.127261 -0.245278
vt 2.220000 -11.035863
vt 2.220000 -0.289137
vt -2.054722 -0.172739
vt -2.054722 -11.152261
vt -2.010863 -11.245000
vt -2.127261 -11.079722
vt -2.127261 -0.245278
vt -2.220000 -11.035863
vt -2.220000 -0.289137
vt -0.130000 -0.552219
vt -0.310000 -0.552219
vt -0.130000 -0.655312
vt -0.310000 -0.655312
vt -0.310000 -0.758405
vt -0.310000 -0.861498
vt -0.130000 -0.861498
vt -0.130000 -0.758405
vt -3.569380 -0.080000
vt -3.569380 -11.245000
vt -2.589137 -0.080000
vt -2.589137 -11.245000
vt -2.545278 -11.152261
vt -2.545278 -0.172739
vt -2.472739 -11.079722
vt -2.472739 -0.245278
vt -2.380000 -11.035863
vt -2.380000 -0.289137
vt 3.569380 -0.080000
vt 2.589137 -0.080000
vt 3.569380 -11.245000
vt 2.589137 -11.245000
vt 2.545278 -11.152261
vt 2.545278 -0.172739
vt 2.472739 -11.079722
vt 2.472739 -0.245278
vt 2.380000 -11.035863
vt 2.380000 -0.289137
vt 1.575640 0.180000
vt 1.726678 0.000000
vt 2.706921 0.180000
vt 2.706921 0.000000
vt 2.054722 -11.497739
vt 2.010863 -11.405000
vt 0.000000 -20.894381
vt -2.010863 -11.405000
vt -2.054722 -11.497739
vt -2.127261 -11.570278
vt -1.151592 -20.827753
vt -0.578251 -20.885508
vt -2.220000 -11.614137
vt -2.214315 -20.436977
vt -1.708523 -20.682766
vt 0.527440 -20.887506
vt 1.265999 -20.804678
vt 2.127261 -11.570278
vt 1.610580 -20.716412
vt 1.911983 -20.599365
vt 2.220000 -20.433830
vt 2.220000 -11.614137
vt -3.569380 -11.405000
vt -3.569380 -17.325001
vt -2.589137 -11.405000
vt -3.188027 -19.371429
vt -2.982068 -19.711487
vt -3.554306 -17.948509
vt -3.485266 -18.476818
vt -3.346026 -19.008699
vt -2.729906 -20.018681
vt -2.545278 -11.497739
vt -2.472739 -11.570278
vt -2.380000 -20.325642
vt -2.380000 -11.614137
vt 3.569380 -11.405000
vt 2.589137 -11.405000
vt 3.569380 -17.325001
vt 3.232054 -19.282450
vt 3.390335 -18.877674
vt 2.545278 -11.497739
vt 2.729912 -20.018688
vt 3.010395 -19.670586
vt 2.472739 -11.570278
vt 2.380000 -20.325642
vt 2.380000 -11.614137
vt 3.484892 -18.504250
vt 3.546519 -18.033548
vt 3.355352 0.180000
vt 3.543512 -0.000000
vt 8.909837 0.180000
vt 8.711504 0.000000
vt 2.856745 0.180000
vt 3.055078 0.000000
vt 9.007854 0.180000
vt -0.000000 0.105095
vt 0.248080 0.152631
vt -0.377447 0.118570
vt -0.927465 0.184341
vt -0.981870 0.144123
vt -1.631831 0.184134
vt -1.649542 0.144123
vt -2.042285 0.160624
vt -2.724905 0.112659
vt -2.391092 0.171122
vt -2.704878 0.183851
vt -3.036373 0.175601
vt -3.312288 0.105204
vt -3.601974 0.175581
vt -6.096211 0.170745
vt -6.148427 0.105068
vt -5.576965 0.162364
vt -5.507515 0.104925
vt -4.949509 0.161987
vt -4.956421 0.104623
vt -4.631206 0.160863
vt -4.416881 0.104278
vt -4.281515 0.185250
vt -3.976090 0.154288
vt -3.868511 0.103978
vt -3.028043 0.103805
vt -2.179367 0.104076
vt -1.819115 0.104283
vt -1.475858 0.104491
vt -1.149206 0.104689
vt -0.839808 0.104856
vt 6.253071 0.105434
vt 6.004941 0.184498
vt 5.655581 0.144139
vt 5.079236 0.184350
vt 5.037234 0.112106
vt 4.642055 0.184087
vt 3.685565 0.106570
vt 3.932548 0.163674
vt 3.511984 0.183855
vt 3.361798 0.120897
vt 3.111111 0.183822
vt 2.984890 0.144139
vt 2.670606 0.189499
vt 2.239503 0.173211
vt 2.547658 0.103909
vt 2.001856 0.105595
vt 1.649544 0.144139
vt 1.805709 0.184081
vt 1.301617 0.184237
vt 0.981872 0.144139
vt 0.578320 0.184427
vt 0.459208 0.105009
vt 0.946574 0.104808
vt 1.459948 0.104502
vt 3.095288 0.103803
vt 4.271609 0.104189
vt 4.326191 0.166371
vt 4.671616 0.104444
vt 5.402101 0.104876
vt 5.728305 0.105004
vt 0.000000 -0.039936
vt 34.650002 -0.039936
vt 0.000000 0.040085
vt 34.650002 0.040085
vt 6.323754 0.111179
vt 5.996610 0.184495
vt 5.712721 0.113368
vt 5.347068 0.184429
vt 4.974232 0.181386
vt 4.671298 0.105096
vt 4.501898 0.184142
vt 4.272930 0.105294
vt 3.968584 0.181124
vt 2.547647 0.103909
vt 3.072850 0.111994
vt 2.706272 0.187402
vt 2.285656 0.185076
vt 3.542092 0.183859
vt 3.687441 0.104410
vt 3.364862 0.119230
vt 3.121711 0.183817
vt 0.436133 0.168156
vt -0.248451 0.152566
vt 0.459205 0.105010
vt 1.008083 0.162505
vt 0.946568 0.104808
vt 1.459940 0.104502
vt 1.635724 0.152694
vt 2.002528 0.104175
vt 1.936783 0.170165
vt 5.048634 0.104680
vt 5.402065 0.104876
vt -0.927166 0.184341
vt -0.981865 0.144118
vt -1.631444 0.184135
vt -1.649533 0.144118
vt -2.042111 0.160647
vt -2.724839 0.112681
vt -2.390934 0.171222
vt -2.704269 0.183851
vt -3.036041 0.175386
vt -3.312797 0.108364
vt -3.601749 0.175486
vt -6.096160 0.170743
vt -6.187780 0.105070
vt -5.576841 0.162365
vt -5.507487 0.104925
vt -4.949397 0.161968
vt -4.956397 0.104623
vt -4.631111 0.160812
vt -4.416862 0.104278
vt -4.281191 0.185150
vt -3.976055 0.154193
vt -3.868495 0.103978
vt -3.028032 0.103805
vt -2.179360 0.104076
vt -1.819109 0.104283
vt -1.475853 0.104491
vt -1.149201 0.104689
vt -0.839804 0.104856
vt -0.410979 0.105022
vt -0.080000 -17.325001
vt -0.080000 17.325001
vt -7.337559 0.080000
vt -7.354128 0.000000
vt -6.775425 0.000000
vt -6.775425 0.080000
vt -6.388537 0.000000
vt -6.388537 0.080000
vt -5.778275 0.000000
vt -5.778275 0.080000
vt -5.473143 0.000000
vt -5.473143 0.080000
vt -5.168012 0.000000
vt -5.168012 0.080000
vt -4.617881 0.000000
vt -4.617881 0.080000
vt -4.067750 0.000000
vt -4.067750 0.080000
vt -3.715239 0.000000
vt -3.715239 0.080000
vt -3.362728 0.000000
vt -3.362728 0.080000
vt -2.848091 0.000000
vt -2.786320 0.080000
vt -1.993279 0.000000
vt -1.993279 0.080000
vt -1.328853 0.000000
vt -1.328853 0.080000
vt -0.491463 0.000000
vt -0.388040 0.080000
vt -7.429718 0.000000
vt -6.533921 0.000000
vt -7.429718 0.080000
vt -6.533921 0.080000
vt -5.638124 0.000000
vt -5.638124 0.080000
vt -4.999083 0.000000
vt -4.999083 0.080000
vt -4.679562 0.000000
vt -4.679562 0.080000
vt -4.243868 0.000000
vt -4.193092 0.080000
vt -3.670458 0.000000
vt -3.619684 0.080000
vt -3.214398 0.000000
vt -3.214398 0.080000
vt -2.888242 0.000000
vt -2.888242 0.080000
vt -2.562087 0.000000
vt -2.562087 0.080000
vt -2.235931 0.000000
vt -2.235931 0.080000
vt -1.909775 0.000000
vt -1.909775 0.080000
vt -1.432331 0.000000
vt -1.432331 0.080000
vt -0.954888 0.000000
vt -0.707475 0.080000
vt -0.421683 0.000000
vt 4.033501 -39.248974
vt 4.039100 -3.577944
vt 3.983462 -3.531484
vt 4.002372 -3.080330
vt 3.926154 -2.912270
vt 3.940797 -2.699819
vt 3.851602 -2.538927
vt 3.770812 -2.094024
vt 3.706207 -2.076091
vt 3.650403 -1.805586
vt 3.504347 -1.529235
vt 3.177825 -1.076017
vt 3.233878 -1.223793
vt 3.474427 -1.579913
vt 2.950740 -0.913278
vt 2.772215 -0.693807
vt 2.626289 -0.650441
vt 2.486029 -0.498919
vt 2.270222 -0.439715
vt 2.203863 -0.350437
vt 1.923818 -0.292161
vt 1.775170 -0.191362
vt 1.606003 -0.195739
vt 1.239620 -0.068802
vt 1.054775 -0.095866
vt 0.805258 -0.020433
vt 0.521366 -0.058003
vt 0.227345 -0.001502
vt 0.000000 -0.051824
vt -0.636005 -0.010394
vt -1.325335 -0.082987
vt -0.939753 -0.086711
vt -1.650425 -0.211483
vt -1.858827 -0.215392
vt -2.123551 -0.371095
vt -2.139994 -0.322185
vt -2.392903 -0.504691
vt -2.566289 -0.552924
vt -2.628404 -0.651800
vt -2.882308 -0.853685
vt -3.015396 -0.909594
vt -3.262169 -1.260508
vt -3.289113 -1.211470
vt -3.463449 -1.560802
vt -3.476638 -1.483190
vt -3.621740 -1.866444
vt -3.634586 -1.772429
vt -3.742803 -2.169219
vt -3.764364 -2.076765
vt -3.833644 -2.467229
vt -3.867379 -2.393774
vt -3.945381 -3.045431
vt -3.969751 -2.855614
vt -4.033500 -3.496499
vt -3.989126 -3.598962
vt -3.984486 -39.207355
vt -4.039100 -39.167526
vt -4.002372 -39.665134
vt -3.873493 -40.100491
vt -3.940797 -40.045647
vt -3.770812 -40.651440
vt -3.757089 -40.534290
vt -3.656977 -40.795860
vt -3.650402 -40.939877
vt -3.504346 -41.216228
vt -3.427228 -41.244640
vt -3.177823 -41.669445
vt -3.215025 -41.545361
vt -2.942888 -41.839291
vt -2.772211 -42.051659
vt -2.598715 -42.113892
vt -2.486024 -42.246548
vt -2.201917 -42.338867
vt -2.203858 -42.395031
vt -1.775148 -42.554115
vt -1.821945 -42.487892
vt -1.321379 -42.607773
vt -1.239622 -42.676670
vt -0.805261 -42.725040
vt -0.582194 -42.685272
vt -0.227375 -42.743969
vt 0.000000 -42.693645
vt 0.636004 -42.735077
vt 1.325334 -42.662483
vt 0.940057 -42.658730
vt 1.650802 -42.533894
vt 1.858828 -42.530079
vt 2.124126 -42.374134
vt 2.139994 -42.423286
vt 2.393454 -42.240482
vt 2.566283 -42.192551
vt 2.628901 -42.093342
vt 2.882748 -41.891411
vt 3.015403 -41.835869
vt 3.262459 -41.484608
vt 3.289112 -41.534000
vt 3.463684 -41.184299
vt 3.476637 -41.262280
vt 3.621921 -40.878674
vt 3.634585 -40.973042
vt 3.742932 -40.575939
vt 3.764364 -40.668705
vt 3.833732 -40.277977
vt 3.867380 -40.351692
vt 3.945415 -39.699867
vt 3.969752 -39.889851
vt 3.989133 -39.146458
vt -0.080000 0.000000
vt -0.080000 34.650002
vt 0.000000 34.650002
vt -7.337592 0.080000
vt -7.354160 0.000000
vt -6.775458 0.000000
vt -6.775458 0.080000
vt -6.388569 0.000000
vt -6.388569 0.080000
vt -5.778303 0.000000
vt -5.778303 0.080000
vt -5.473170 0.000000
vt -5.473170 0.080000
vt -5.168037 0.000000
vt -5.168037 0.080000
vt -4.617904 0.000000
vt -4.617904 0.080000
vt -4.067770 0.000000
vt -4.067770 0.080000
vt -3.715257 0.000000
vt -3.715257 0.080000
vt -3.362744 0.000000
vt -3.362744 0.080000
vt -2.848098 0.000000
vt -2.786309 0.080000
vt -1.993289 0.000000
vt -1.993289 0.080000
vt -1.328859 0.000000
vt -1.328859 0.080000
vt -0.491453 0.000000
vt -0.388091 0.080000
vt -6.533920 0.000000
vt -6.533920 0.080000
vt -5.638123 0.000000
vt -5.638123 0.080000
vt -4.999082 0.000000
vt -4.999082 0.080000
vt -4.243876 0.000000
vt -4.193098 0.080000
vt -3.670458 0.000000
vt -3.619673 0.080000
vt -2.562086 0.000000
vt -2.562086 0.080000
vt -0.954887 0.000000
vt -0.707482 0.080000
vt -0.421678 0.000000
vt 0.310000 -0.253422
vt 0.110000 -0.264939
vt 0.310000 -0.345575
vt 0.110000 -0.345575
vt 0.310000 0.345575
vt 0.110000 0.345575
vt 0.310000 0.264942
vt 0.110000 0.253422
vt 0.310000 0.149751
vt 0.110000 0.138233
vt 0.310000 0.057596
vt 0.110000 0.057596
vt 0.310000 -0.023041
vt 0.110000 -0.034560
vt 0.310000 -0.138230
vt 0.110000 -0.149751
vt 0.310000 -0.253419
vt 0.110000 -0.264938
vt 0.310000 0.264938
vt 0.110000 0.253419
vt 0.310000 0.172788
vt 0.110000 0.172788
vt 0.310000 0.092154
vt 0.110000 0.080636
vt 0.310000 0.000000
vt 0.110000 0.000000
vt 0.310000 -0.057596
vt 0.110000 -0.092155
vt 0.310000 -0.138229
vt 0.110000 -0.172788
vt 0.310000 -0.287979
vt 0.310000 0.264942
vt 0.110000 0.287979
vt 0.110000 0.195825
vt 0.310000 0.149751
vt 0.110000 0.080633
vt 0.310000 -0.080634
vt 0.110000 -0.057596
vt 0.310000 -0.195825
vt 0.310000 -0.023041
vt 0.110000 0.080633
vt 0.110000 -0.523599
vt 0.110000 -0.628319
vt 0.110000 0.628319
vt 0.110000 0.523599
vt 0.110000 0.418879
vt 0.110000 0.314159
vt 0.110000 0.209440
vt 0.110000 0.104720
vt 0.110000 -0.104720
vt 0.110000 -0.209440
vt 0.110000 -0.314159
vt 0.110000 -0.418879
vt -2.400000 -0.173205
vt -2.300000 -0.200000
vt -2.300000 -0.110000
vt -2.200000 -0.173205
vt -2.220843 -0.071106
vt -2.126795 -0.100000
vt -2.198842 0.032998
vt -2.100000 0.000000
vt -2.126795 0.100000
vt -2.245000 0.095263
vt -2.200000 0.173205
vt -2.333002 0.101157
vt -2.300000 0.200000
vt -2.400000 0.173205
vt -2.473205 0.100000
vt -2.404106 0.021999
vt -2.500000 0.000000
vt -2.371106 -0.079157
vt -2.473205 -0.100000
vt -2.400000 -11.498205
vt -2.300000 -11.525000
vt -2.300000 -11.435000
vt -2.200000 -11.498205
vt -2.220840 -11.396104
vt -2.126795 -11.425000
vt -2.190000 -11.325000
vt -2.100000 -11.325000
vt -2.228894 -11.245844
vt -2.126795 -11.225000
vt -2.200000 -11.151795
vt -2.300000 -11.215000
vt -2.300000 -11.125000
vt -2.400000 -11.151795
vt -2.379158 -11.253897
vt -2.473205 -11.225000
vt -2.500000 -11.325000
vt -2.410000 -11.325000
vt -2.371107 -11.404156
vt -2.473205 -11.425000
vt 2.200000 11.151795
vt 2.300000 11.125000
vt 2.300000 11.215000
vt 2.400000 11.151795
vt 2.355000 11.229737
vt 2.473205 11.225000
vt 2.404106 11.303001
vt 2.500000 11.325000
vt 2.371104 11.404160
vt 2.473205 11.425000
vt 2.400000 11.498205
vt 2.300000 11.435000
vt 2.300000 11.525000
vt 2.200000 11.498205
vt 2.245000 11.420263
vt 2.126795 11.425000
vt 2.195894 11.346998
vt 2.100000 11.325000
vt 2.228894 11.245844
vt 2.126795 11.225000
vt 2.200000 -0.173205
vt 2.300000 -0.200000
vt 2.300000 -0.110000
vt 2.400000 -0.173205
vt 2.379157 -0.071106
vt 2.473205 -0.100000
vt 2.401158 0.032998
vt 2.500000 0.000000
vt 2.473205 0.100000
vt 2.355000 0.095263
vt 2.400000 0.173205
vt 2.266998 0.101157
vt 2.300000 0.200000
vt 2.200000 0.173205
vt 2.126795 0.100000
vt 2.195894 0.021999
vt 2.100000 0.000000
vt 2.228894 -0.079157
vt 2.126795 -0.100000
vt 2.200000 -11.498205
vt 2.300000 -11.525000
vt 2.300000 -11.435000
vt 2.400000 -11.498205
vt 2.379159 -11.396104
vt 2.473205 -11.425000
vt 2.410000 -11.325000
vt 2.500000 -11.325000
vt 2.371106 -11.245844
vt 2.473205 -11.225000
vt 2.400000 -11.151795
vt 2.300000 -11.215000
vt 2.300000 -11.125000
vt 2.200000 -11.151795
vt 2.220841 -11.253897
vt 2.126795 -11.225000
vt 2.100000 -11.325000
vt 2.190000 -11.325000
vt 2.228893 -11.404156
vt 2.126795 -11.425000
vt -2.400000 11.151795
vt -2.300000 11.125000
vt -2.300000 11.215000
vt -2.200000 11.151795
vt -2.245000 11.229737
vt -2.126795 11.225000
vt -2.195894 11.303001
vt -2.100000 11.325000
vt -2.228895 11.404159
vt -2.126795 11.425000
vt -2.200000 11.498205
vt -2.300000 11.435000
vt -2.300000 11.525000
vt -2.400000 11.498205
vt -2.355000 11.420263
vt -2.473205 11.425000
vt -2.404106 11.346998
vt -2.500000 11.325000
vt -2.371106 11.245844
vt -2.473205 11.225000
vt -2.228895 11.404159
vt -2.371104 11.245842
vt -2.220000 20.621990
vt -2.380000 20.523975
vt -3.720418 11.245000
vt -3.720418 11.405000
vt -2.277998 0.104105
vt -2.355000 0.095263
vt -2.404106 0.021999
vt -2.371104 -0.079159
vt -2.198842 0.033000
vt -3.720418 -0.080000
vt -3.720418 0.080000
vt -2.379158 -11.253895
vt -2.198843 -11.291999
vt -2.245000 -11.229737
vt -3.720418 -11.405000
vt -3.720418 -11.245000
vt -2.380000 -20.523973
vt -2.220000 -20.621990
vt 2.220842 -11.253895
vt 2.401157 -11.291999
vt 2.355000 -11.229737
vt 2.220000 -20.621990
vt 2.380000 -20.523973
vt 3.720418 -11.405000
vt 3.720418 -11.245000
vt 2.401158 0.033000
vt 2.322003 0.104104
vt 2.245000 0.095263
vt 2.195895 0.021999
vt 2.228896 -0.079159
vt 3.720418 -0.080000
vt 3.720418 0.080000
vt 2.371105 11.404159
vt 2.228895 11.245842
vt 3.720418 11.245000
vt 3.720418 11.405000
vt 2.380000 20.523977
vt 2.220000 20.621990
vt -1.021151 -5.761668
vt -1.022374 -5.383840
vt -1.022827 -6.256889
vt -1.019360 -3.984609
vt -1.020634 -4.158966
vt -1.021833 -4.571238
vt -1.021867 -3.682304
vt -1.021275 -2.871360
vt -1.024179 -3.166556
vt -1.021636 -3.419775
vt -1.021295 -2.302877
vt -1.022527 -2.691931
vt -1.022055 -0.552907
vt -1.023166 -0.909143
vt -1.021976 -1.260818
vt -1.021266 -6.694702
vt -1.022829 -7.315974
vt -0.409717 -6.818150
vt -0.410513 -7.116889
vt -0.408913 -7.404803
vt -0.408770 -6.156276
vt -0.409522 -5.810898
vt -0.409843 -6.442615
vt -0.408678 -4.807241
vt -0.410123 -4.902327
vt -0.409234 -5.361376
vt -0.408461 -4.529406
vt -0.409363 -4.309598
vt -0.408576 -3.682961
vt -0.410037 -3.846446
vt -0.409079 -3.042961
vt -0.410239 -3.329144
vt -0.408976 -1.506462
vt -0.410689 -2.010617
vt -0.409186 -2.363511
vt -0.409510 -0.771569
vt -0.614175 -3.985673
vt -0.614350 -4.189566
vt -0.613238 -4.569327
vt -0.614191 -3.661921
vt -0.613148 -2.792065
vt -0.613348 -3.168944
vt -0.612854 -3.436970
vt -0.614012 -0.545971
vt -0.614995 -0.916733
vt -0.614268 -1.272051
vt -0.613152 -5.394796
vt -0.613854 -6.215447
vt -0.612574 -5.746941
vt -0.613117 -6.716575
vt -0.616932 -7.324812
vt -0.409718 -6.818810
vt -0.410464 -7.120406
vt -0.408979 -7.405682
vt -0.409002 -6.526301
vt -0.409598 -6.252411
vt -0.408537 -4.809610
vt -0.410124 -4.902718
vt -0.409026 -5.376706
vt -0.408673 -4.226459
vt -0.410024 -4.371276
vt -0.408742 -4.529851
vt -0.409149 -3.028961
vt -0.410078 -3.327717
vt -0.408580 -3.682806
vt -0.410020 -3.842180
vt -0.409160 -1.482821
vt -0.410750 -2.007692
vt -0.409281 -2.343706
vt -0.410135 -0.890226
vt -6.270478 0.098588
vt -6.252719 0.048134
vt -5.710218 0.066556
vt -5.446779 0.047696
vt -5.022519 0.060253
vt -4.637586 0.055662
vt -4.951034 0.102884
vt -5.402598 0.102888
vt -4.322620 0.049832
vt -4.003417 0.061259
vt -4.025482 0.102880
vt -3.693610 0.056183
vt -3.567198 0.102879
vt -3.377046 0.055843
vt -3.097485 0.102879
vt -2.858820 0.053873
vt -2.576309 0.101475
vt -1.984966 0.074997
vt -2.285237 0.053880
vt -1.686429 0.053120
vt -1.239648 0.048102
vt -0.982657 0.074997
vt -0.805909 0.048060
vt -0.334821 0.068023
vt -0.285036 0.050855
vt -0.000000 0.102902
vt -0.726795 0.102893
vt -1.395936 0.102886
vt -1.707674 0.102884
vt -2.149052 0.102881
vt -4.421215 0.102881
vt -5.784620 0.102892
vt 0.311172 0.048467
vt 0.803836 0.048060
vt 0.982656 0.075160
vt 1.236360 0.048101
vt 1.673844 0.059230
vt 1.965824 0.063740
vt 2.223800 0.049230
vt 2.248216 0.094555
vt 2.536723 0.049723
vt 2.694514 0.100822
vt 2.905322 0.056332
vt 3.421175 0.051562
vt 3.750717 0.097547
vt 3.236800 0.102879
vt 3.972274 0.052299
vt 4.206140 0.102880
vt 4.313191 0.069454
vt 4.716749 0.102883
vt 4.583024 0.049801
vt 5.034969 0.061260
vt 6.603449 0.102902
vt 6.078969 0.102895
vt 6.150207 0.055712
vt 5.632787 0.064402
vt 5.660099 0.102891
vt 5.237603 0.102887
vt 1.886700 0.102883
vt 1.517221 0.102885
vt 1.250312 0.102888
vt 0.581232 0.102894
vt 34.650002 0.027599
vt 0.000000 0.027599
vt 34.650002 -0.027529
vt 0.000000 -0.027529
vt 6.080000 -0.717242
vt 17.245001 -0.717242
vt 6.080000 -0.482269
vt 17.245001 -0.482269
vt 17.405001 -0.482269
vt 34.650002 -0.048872
vt 28.570000 -0.482269
vt 28.730000 -0.482269
vt 17.405001 -0.717242
vt 28.570000 -0.717242
vt 28.730000 -0.717242
vt 34.650002 -0.717242
vt 5.920000 -0.482269
vt 5.920000 -0.717242
vt 2.368666 0.747555
vt 2.000771 0.433509
vt 2.261997 0.504366
vt 2.451968 0.502125
vt 2.139171 0.050412
vt 2.662015 0.050659
vt 1.992339 0.746271
vt 1.646553 0.745005
vt 0.922924 0.539349
vt 1.269916 0.737850
vt 0.511512 0.743438
vt 0.089707 0.648854
vt -0.284828 0.050864
vt 0.368775 0.050551
vt 0.756729 0.050479
vt 1.164298 0.050406
vt 1.591344 0.050464
vt 3.183776 0.051068
vt 3.078618 0.747871
vt 2.719336 0.488589
vt 3.280371 0.547047
vt 3.474336 0.050776
vt 3.581299 0.702248
vt 3.758913 0.050712
vt 4.023594 0.727740
vt 4.039896 0.050658
vt 4.319535 0.050594
vt 4.465227 0.740682
vt 4.699787 0.050479
vt 4.861235 0.735520
vt 5.059760 0.050430
vt 5.499640 0.526710
vt 5.397471 0.050537
vt 5.787600 0.050711
vt 5.911591 0.628688
vt 5.351361 0.742948
vt 2.576931 0.748143
vt -6.240531 0.099673
vt -6.252750 0.048134
vt -5.710279 0.066554
vt -5.446806 0.047696
vt -5.022544 0.060256
vt -4.637604 0.055660
vt -4.951058 0.102884
vt -5.402614 0.102888
vt -4.322639 0.049829
vt -4.003434 0.061264
vt -4.025506 0.102880
vt -3.693628 0.056184
vt -3.567217 0.102879
vt -3.377068 0.055841
vt -3.097499 0.102879
vt -2.858834 0.053874
vt -2.568721 0.104094
vt -1.984977 0.075002
vt -2.285250 0.053884
vt -1.686430 0.053124
vt -1.239653 0.048102
vt -0.982662 0.075002
vt -0.805912 0.048060
vt -0.334784 0.068040
vt -0.726768 0.102893
vt -1.395946 0.102886
vt -1.707693 0.102884
vt -2.149061 0.102881
vt -4.421239 0.102881
vt -5.784648 0.102892
vt 0.311198 0.048477
vt 0.803841 0.048060
vt 0.982663 0.075167
vt 1.236367 0.048101
vt 1.673855 0.059232
vt 1.965834 0.063743
vt 2.223810 0.049230
vt 2.249002 0.094347
vt 2.589386 0.061226
vt 3.421205 0.051560
vt 3.750557 0.097505
vt 3.236824 0.102879
vt 3.972297 0.052302
vt 4.206175 0.102880
vt 4.313234 0.069467
vt 4.716783 0.102883
vt 4.583052 0.049801
vt 5.034996 0.061266
vt 6.603496 0.102902
vt 6.079010 0.102895
vt 6.150187 0.055711
vt 5.632833 0.064410
vt 5.660139 0.102890
vt 5.237651 0.102886
vt 2.905353 0.056338
vt 2.697846 0.102879
vt 1.886713 0.102883
vt 1.517228 0.102885
vt 1.250309 0.102887
vt 0.581250 0.102894
vt -2.576939 0.748151
vt -2.719350 0.496265
vt -2.451735 0.501843
vt -2.381776 0.050292
vt -2.088508 0.050250
vt -3.078633 0.747969
vt -2.701805 0.050747
vt -3.215437 0.051033
vt -3.428633 0.686940
vt -3.716942 0.050830
vt -3.683892 0.564549
vt -3.996216 0.050768
vt -3.979039 0.674460
vt -4.272518 0.050653
vt -4.377537 0.672712
vt -4.725592 0.050486
vt -4.894408 0.523804
vt -5.189621 0.050426
vt -5.443968 0.727754
vt -5.686090 0.050723
vt -5.939626 0.645219
vt -4.888193 0.743204
vt -2.000782 0.479157
vt -1.822953 0.050417
vt -1.740357 0.715982
vt -1.587009 0.050467
vt -1.168303 0.715763
vt -1.161214 0.050409
vt -0.922931 0.546817
vt -0.754786 0.050482
vt -0.204363 0.531197
vt 0.089679 0.648866
vt -0.561973 0.743416
vt -2.361682 0.747538
vt -2.262005 0.504369
vt -2.576977 0.748142
vt -2.719384 0.496197
vt -2.451772 0.501841
vt -2.381808 0.050280
vt -2.088537 0.050244
vt -3.078672 0.747966
vt -2.701838 0.050728
vt -3.215468 0.051004
vt -3.428568 0.686932
vt -3.716973 0.050798
vt -3.683938 0.564525
vt -3.996249 0.050735
vt -3.979018 0.674483
vt -4.272554 0.050622
vt -4.377571 0.672722
vt -4.725634 0.050461
vt -4.894470 0.523738
vt -5.189671 0.050410
vt -5.444031 0.727735
vt -5.686099 0.050717
vt -5.939699 0.645218
vt -4.888252 0.743194
vt -2.000808 0.479144
vt -1.822978 0.050414
vt -1.740379 0.715978
vt -1.587030 0.050464
vt -1.168296 0.715740
vt -1.161229 0.050405
vt -0.922943 0.546802
vt -0.754795 0.050480
vt -0.204366 0.531218
vt -0.562078 0.743403
vt -2.361714 0.747528
vt -2.262037 0.504365
vt 2.368640 0.747562
vt 2.000753 0.433431
vt 2.261973 0.504368
vt 2.451938 0.502126
vt 2.139150 0.050418
vt 2.661990 0.050673
vt 1.992102 0.746277
vt 1.646200 0.745012
vt 0.922916 0.539325
vt 1.269605 0.737946
vt 0.511397 0.743446
vt 0.368772 0.050551
vt 0.756722 0.050480
vt 1.164287 0.050409
vt 1.591328 0.050465
vt 3.183752 0.051089
vt 3.078590 0.747872
vt 2.719311 0.488580
vt 3.280340 0.547124
vt 3.474313 0.050800
vt 3.581303 0.702237
vt 3.758889 0.050737
vt 4.023581 0.727745
vt 4.039872 0.050682
vt 4.319508 0.050617
vt 4.465213 0.740692
vt 4.699757 0.050497
vt 4.861217 0.735530
vt 5.059726 0.050443
vt 5.499588 0.526819
vt 5.397432 0.050546
vt 5.787551 0.050715
vt 5.911525 0.628697
vt 5.351334 0.742956
vt 2.576903 0.748151
vt 6.167226 0.000000
vt 6.270597 0.000000
vt 6.167973 34.650002
vt 6.271370 34.650002
vt 34.650002 -0.777862
vt -0.000000 -0.777862
vt -5.048574 0.806099
vt -5.698761 0.773330
vt -5.063004 0.570626
vt -4.516731 0.730045
vt -4.228194 0.561214
vt -4.037607 0.806099
vt -3.810790 0.556700
vt -3.554727 0.737354
vt -2.306215 0.737856
vt -2.707121 0.773076
vt -2.805669 0.000028
vt -2.404831 -0.000188
vt -5.981765 0.000100
vt -5.542226 -0.000013
vt -5.157495 0.000141
vt -4.772312 0.000190
vt -4.385781 0.000213
vt -3.996737 0.000200
vt -3.604055 0.000023
vt -3.206631 0.000352
vt -3.184682 0.805933
vt -2.069651 0.575767
vt -2.004034 -0.000002
vt -1.817173 0.756020
vt -1.603267 0.000042
vt -1.442700 0.760498
vt -1.202481 0.000008
vt -0.954620 0.558409
vt -0.801656 0.000011
vt -0.211265 0.555653
vt 0.153890 0.024348
vt 0.074155 0.716692
vt -0.911198 0.806098
vt 0.081619 0.709670
vt 0.153833 0.024338
vt 0.801663 0.000010
vt 0.911818 0.803566
vt 1.202492 0.000005
vt 1.441954 0.759811
vt 1.603282 0.000039
vt 1.816173 0.754878
vt 2.004054 -0.000006
vt 2.069669 0.578505
vt 2.404855 -0.000195
vt 2.306128 0.738617
vt 2.805695 0.000017
vt 2.707215 0.773694
vt 3.184711 0.805942
vt 3.554159 0.736687
vt 3.810823 0.555938
vt 4.037590 0.806095
vt 4.228232 0.557997
vt 4.458186 0.806094
vt 4.645641 0.556231
vt 5.048584 0.806095
vt 5.063049 0.559456
vt 5.625113 0.788800
vt 5.968264 0.000099
vt 6.155750 0.701540
vt 5.542256 -0.000026
vt 5.157520 0.000123
vt 4.772329 0.000164
vt 4.385798 0.000184
vt 3.996763 0.000180
vt 3.604083 0.000007
vt 3.206657 0.000335
vt 0.801655 0.000011
vt 0.830574 0.752435
vt 1.202480 0.000009
vt 1.213999 0.771549
vt 1.603265 0.000043
vt 1.603975 0.785253
vt 2.004032 -0.000001
vt 1.997777 0.794878
vt 2.404829 -0.000187
vt 2.393496 0.800908
vt 2.805666 0.000031
vt 2.789459 0.804774
vt 3.184679 0.805945
vt 5.968285 0.000104
vt 6.179790 0.718051
vt 5.565569 0.758295
vt 5.542222 -0.000012
vt 5.142383 0.787414
vt 5.157492 0.000142
vt 4.772309 0.000193
vt 4.749429 0.780503
vt 4.385779 0.000216
vt 4.348792 0.766674
vt 3.996735 0.000203
vt 3.943135 0.753116
vt 3.604053 0.000026
vt 3.539491 0.747102
vt 3.206629 0.000355
vt -0.294405 0.074994
vt -0.863536 0.000000
vt -0.962016 0.069224
vt -1.326129 0.019507
vt -1.727073 0.000000
vt -1.727073 0.103998
vt -2.028296 0.081895
vt -1.268147 0.104154
vt -3.037819 0.082747
vt -3.552256 0.104143
vt -3.453090 -0.002673
vt -3.875423 0.008853
vt -4.132519 0.093988
vt -4.317682 0.000000
vt -4.480135 0.078314
vt -4.749450 0.000000
vt -4.786595 0.088971
vt -5.186448 0.006619
vt -5.612987 0.000000
vt -5.978470 0.027965
vt -5.384362 0.104152
vt -5.933277 0.104156
vt -6.484757 0.017925
vt -6.649399 0.103932
vt -3.022377 0.000000
vt -2.715122 0.072152
vt -2.590609 0.000000
vt -2.365155 0.075414
vt -2.158841 0.000000
vt 6.515755 0.017651
vt 6.239138 0.104160
vt 5.974476 0.029649
vt 5.612983 0.000000
vt 5.192998 0.014913
vt 4.789375 0.016846
vt 4.466832 0.076041
vt 4.317679 0.000000
vt 4.114177 0.081402
vt 3.877097 0.007437
vt 3.139967 0.104795
vt 3.454568 0.001077
vt 3.563169 0.104144
vt 5.545588 0.104150
vt 4.901175 0.104149
vt 2.817140 0.083893
vt 3.022375 0.000000
vt 2.590608 0.000000
vt 2.472224 0.072253
vt 2.139542 0.012212
vt 1.028019 0.052046
vt 1.358496 0.098599
vt 0.657322 0.104156
vt 2.049775 0.104149
vt 1.727072 0.002477
vt 0.863536 0.000000
vt 1.295304 0.000000
vt -5.048570 0.806097
vt -5.698788 0.773294
vt -5.063039 0.570527
vt -4.516703 0.730029
vt -4.228224 0.561111
vt -4.037586 0.806097
vt -3.810816 0.556642
vt -3.554763 0.737373
vt -2.306382 0.738070
vt -2.707374 0.773229
vt -2.805689 0.000020
vt -2.404850 -0.000193
vt -5.981769 0.000096
vt -5.542248 -0.000024
vt -5.157513 0.000126
vt -4.772323 0.000168
vt -4.385793 0.000189
vt -3.996758 0.000185
vt -3.604078 0.000012
vt -3.206652 0.000340
vt -3.184704 0.805935
vt -2.069664 0.575815
vt -2.004050 -0.000004
vt -1.817395 0.755837
vt -1.603279 0.000040
vt -1.442861 0.760334
vt -1.202490 0.000006
vt -0.954624 0.558463
vt -0.801661 0.000011
vt -0.211264 0.555703
vt -0.911364 0.806097
vt -34.650002 -0.000000
vt -34.650002 -0.777862
vt -3.616591 -17.873030
vt -3.543190 -18.497730
vt -3.398061 -19.042017
vt -3.235457 -19.408665
vt -3.026528 -19.749195
vt -2.772035 -20.057833
vt -2.430153 -20.360943
vt -2.085814 -20.579151
vt -1.754414 -20.729315
vt -1.417713 -20.833973
vt -0.898245 -20.919619
vt -0.000000 -20.955000
vt 0.898250 -20.919619
vt 1.417728 -20.833969
vt 1.754437 -20.729305
vt 2.085843 -20.579136
vt 2.430174 -20.360928
vt 2.772034 -20.057831
vt 3.026526 -19.749193
vt 3.235455 -19.408665
vt 3.630000 -17.325001
vt 3.398058 -19.042019
vt 3.543190 -18.497726
vt 3.614424 -17.961569
vt 3.616595 17.873028
vt 3.235482 19.408630
vt 3.026535 19.749189
vt 3.543203 18.497707
vt 3.398092 19.041967
vt 2.772036 20.057835
vt 2.429866 20.361155
vt 2.085397 20.579370
vt 1.754067 20.729441
vt 1.417441 20.834036
vt 0.898093 20.919632
vt -0.000000 20.955000
vt -0.790501 20.933132
vt -1.168562 20.886089
vt -1.532856 20.802839
vt -1.879786 20.678514
vt -2.204997 20.511345
vt -2.503930 20.303537
vt -2.772036 20.057837
vt -3.008849 19.773813
vt -3.208614 19.458870
vt -3.368036 19.120289
vt -3.630000 17.325001
vt -3.486065 18.766460
vt -3.564915 18.404425
vt -3.609321 18.040136
vt 6.270596 0.000000
vt 6.167976 34.650002
vt -0.294432 0.074979
vt -0.863533 0.000000
vt -0.962022 0.069223
vt -1.326130 0.019512
vt -1.727066 0.000000
vt -1.727066 0.103998
vt -2.028285 0.081898
vt -1.268142 0.104154
vt -3.037800 0.082751
vt -3.552242 0.104143
vt -3.453077 -0.002674
vt -3.875407 0.008853
vt -4.132496 0.093995
vt -4.317666 0.000000
vt -4.480124 0.078312
vt -4.749432 0.000000
vt -4.786575 0.088972
vt -5.186430 0.006620
vt -5.612965 0.000000
vt -5.978452 0.027965
vt -5.384342 0.104152
vt -5.933250 0.104156
vt -6.484769 0.017933
vt -6.649489 0.103931
vt -3.022366 0.000000
vt -2.715101 0.072157
vt -2.590599 0.000000
vt -2.365146 0.075415
vt -2.158833 0.000000
vt 6.515786 0.017638
vt 6.239161 0.104160
vt 5.974454 0.029652
vt 5.612967 0.000000
vt 5.192982 0.014911
vt 4.789362 0.016846
vt 4.466820 0.076042
vt 4.317667 0.000000
vt 4.114158 0.081407
vt 3.877086 0.007437
vt 3.139958 0.104795
vt 3.454558 0.001073
vt 3.563156 0.104144
vt 5.545572 0.104150
vt 4.901153 0.104149
vt 2.817124 0.083887
vt 3.022367 0.000000
vt 2.590600 0.000000
vt 2.472214 0.072253
vt 2.139540 0.012211
vt 1.028016 0.052048
vt 1.358493 0.098596
vt 0.657320 0.104156
vt 2.049758 0.104149
vt 1.727067 0.002477
vt 0.863533 0.000000
vt 1.295300 0.000000
vt 4.126421 17.527758
vt 4.039656 17.780806
vt 4.113440 -17.881199
vt 4.044689 -17.639795
vt 4.023506 -18.081701
vt 4.048501 -18.530754
vt 3.969752 -18.517115
vt 3.892233 -19.160954
vt 3.867380 -18.978956
vt 3.764364 -19.295969
vt 3.706593 -19.635271
vt 3.634585 -19.600306
vt 3.544860 -19.931570
vt 3.476637 -19.889545
vt 3.242629 -20.338573
vt 3.289112 -20.161264
vt 2.978694 -20.498276
vt 2.946582 -20.639587
vt 2.714290 -20.820917
vt 2.522914 -20.847160
vt 2.462911 -20.979292
vt 2.012745 -21.184429
vt 2.139994 -21.050552
vt 1.858828 -21.157345
vt 1.339188 -21.368404
vt 1.325334 -21.289749
vt 0.639283 -21.442322
vt 0.636004 -21.362343
vt -0.241016 -21.451225
vt -0.287932 -21.370834
vt 4.094350 18.159252
vt 4.002372 18.292404
vt 4.019014 18.688751
vt 3.940797 18.672916
vt 3.845756 19.306427
vt 3.770812 19.278711
vt 3.722679 19.601229
vt 3.650403 19.567150
vt 3.573249 19.884253
vt 3.504347 19.843500
vt 3.238139 20.349367
vt 3.177825 20.296719
vt 2.821117 20.742195
vt 2.772215 20.678928
vt 2.526648 20.942575
vt 2.486029 20.873817
vt 2.236515 21.095152
vt 2.203863 21.022299
vt 1.959922 21.207441
vt 1.818942 21.167702
vt 1.705074 21.287020
vt 1.251241 21.383074
vt 1.239620 21.303932
vt 0.809611 21.432320
vt 0.805258 21.352303
vt 0.241014 21.451225
vt 0.287939 21.370832
vt -0.636005 21.362341
vt -0.639282 21.442316
vt -1.325335 21.289747
vt -1.339185 21.368397
vt -1.858827 21.157345
vt -2.012729 21.184425
vt -2.139994 21.050550
vt -2.522921 20.847157
vt -2.462903 20.979282
vt -2.714282 20.820908
vt -2.978695 20.498276
vt -2.946573 20.639576
vt -3.242618 20.338566
vt -3.289113 20.161264
vt -3.476638 19.889545
vt -3.544849 19.931562
vt -3.634586 19.600306
vt -3.706582 19.635263
vt -3.764364 19.295971
vt -3.892218 19.160950
vt -3.867379 18.978962
vt -3.969751 18.517120
vt -4.048491 18.530748
vt -4.023505 18.081705
vt -4.113438 17.881161
vt -4.044688 17.639799
vt -4.039657 -17.780806
vt -4.126422 -17.527847
vt -4.094360 -18.159254
vt -4.002372 -18.292400
vt -4.019028 -18.688761
vt -3.940797 -18.672909
vt -3.845772 -19.306438
vt -3.770812 -19.278704
vt -3.722694 -19.601238
vt -3.650402 -19.567141
vt -3.573263 -19.884266
vt -3.504346 -19.843493
vt -3.238152 -20.349380
vt -3.177823 -20.296709
vt -2.821128 -20.742210
vt -2.772211 -20.678923
vt -2.526658 -20.942589
vt -2.486024 -20.873812
vt -2.236524 -21.095165
vt -2.203858 -21.022295
vt -1.959929 -21.207453
vt -1.818933 -21.167702
vt -1.705079 -21.287029
vt -1.251245 -21.383083
vt -1.239622 -21.303934
vt -0.809613 -21.432325
vt -0.805261 -21.352303
vt -21.316467 2.027613
vt -21.308464 1.458349
vt -20.725008 2.027613
vt -20.673355 1.437209
vt -21.221464 0.654420
vt -20.519962 0.864744
vt -20.269495 0.327613
vt -21.123768 0.248125
vt -19.929560 -0.157865
vt -20.976524 -0.140869
vt -20.738914 -0.566218
vt -19.510487 -0.576938
vt -20.432526 -0.944407
vt -19.025007 -0.916874
vt -18.487877 -1.167342
vt -20.107979 -1.232126
vt -17.915413 -1.320734
vt -19.771662 -1.453871
vt -17.325008 -1.372387
vt -19.348625 -1.656384
vt -19.096922 -1.745815
vt -17.694618 -1.958598
vt -18.817907 -1.823085
vt -18.264910 -1.920225
vt 17.324991 -1.372387
vt 17.684938 -1.959329
vt 19.067844 -1.755020
vt 18.673410 -1.855270
vt 18.199465 -1.928134
vt 19.507959 -1.585565
vt 17.915396 -1.320734
vt 19.980984 -1.323586
vt 18.487860 -1.167342
vt 20.271410 -1.098242
vt 19.024992 -0.916874
vt 20.581797 -0.770585
vt 19.510469 -0.576938
vt 20.851017 -0.386760
vt 19.929543 -0.157865
vt 20.993912 -0.102362
vt 21.110693 0.206229
vt 20.269478 0.327613
vt 21.253298 0.831897
vt 20.519945 0.864744
vt 21.307735 1.446232
vt 20.673338 1.437209
vt 20.724993 2.027613
vt 21.316450 2.027613
vt 0.062735 -0.000000
vt 0.655225 0.000000
vt 0.063767 0.040000
vt 0.655225 0.040000
vt 0.592491 -0.000000
vt 0.591459 0.040000
vt 0.040000 -0.593412
vt -0.000000 -0.593412
vt 0.040000 -1.186824
vt -0.000000 -1.186824
vt 0.040000 -1.780236
vt -0.000000 -1.780236
vt 0.040000 -2.373648
vt -0.000000 -2.373648
vt 0.040000 -2.967060
vt -0.000000 -2.967060
vt 0.040000 -3.560472
vt -0.000000 -3.560472
vt 0.040000 -4.153884
vt -0.000000 -4.153884
vt 0.040000 -4.747296
vt -0.000000 -4.747296
vt 0.040000 -5.340708
vt 0.000000 -5.340708
vt 0.040000 -5.934119
vt 0.000000 -5.934119
vt 0.040000 -6.527531
vt 0.000000 -6.527531
vt 0.040000 -7.120943
vt 0.000000 -7.120943
vt 0.040000 -7.714355
vt 0.000000 -7.714355
vt 0.040000 -8.307767
vt 0.000000 -8.307767
vt 0.040000 -8.901179
vt 0.000000 -8.901179
vt 0.040000 -9.494591
vt 0.000000 -9.494591
vt 0.040000 -10.088003
vt 0.000000 -10.088003
vt 17.695953 -1.960299
vt 18.195036 -1.929735
vt 18.667925 -1.857593
vt 19.062399 -1.757967
vt 17.325008 -1.372387
vt 19.448345 -1.613793
vt 17.915413 -1.320734
vt 19.976847 -1.327913
vt 18.487877 -1.167342
vt 20.268013 -1.102934
vt 19.025007 -0.916874
vt 20.493439 -0.880859
vt 20.683168 -0.648272
vt 19.510487 -0.576938
vt 20.850079 -0.390909
vt 19.929560 -0.157865
vt 20.993523 -0.106294
vt 21.110830 0.202765
vt 20.269495 0.327613
vt 21.254108 0.829664
vt 20.519962 0.864744
vt 21.308767 1.445201
vt 20.673355 1.437209
vt 20.725008 2.027613
vt 21.317499 2.027613
vt -17.324991 -1.372387
vt -17.509727 -1.963683
vt -18.736122 -1.839350
vt -17.915396 -1.320734
vt -19.732418 -1.477523
vt -19.502390 -1.592697
vt -19.222677 -1.705027
vt -18.487860 -1.167342
vt -20.044683 -1.279512
vt -20.367287 -1.011387
vt -19.024992 -0.916874
vt -20.656334 -0.684130
vt -19.510469 -0.576938
vt -20.903355 -0.293036
vt -19.929543 -0.157865
vt -21.069525 0.083185
vt -20.269478 0.327613
vt -21.170649 0.410481
vt -20.519945 0.864744
vt -21.272268 0.964359
vt -20.673338 1.437209
vt -21.311152 1.504605
vt -20.724993 2.027613
vt -21.317482 2.027613
vt -18.077183 -1.938194
vt 0.000000 0.202166
vt -0.000000 0.321294
vt -0.437771 0.228814
vt -0.578492 0.321330
vt -0.980451 0.261706
vt -1.179399 0.321438
vt -1.658800 0.206178
vt -1.808726 0.321561
vt -2.019236 0.211640
vt -2.236104 0.287967
vt -2.455102 0.321659
vt -2.711977 0.295154
vt -2.949885 0.203947
vt -3.065256 0.321717
vt -3.369766 0.214980
vt -3.382445 0.321712
vt -3.704073 0.295382
vt -4.033172 0.241128
vt -4.301368 0.300686
vt -4.980691 0.261706
vt -4.701537 0.297506
vt -5.133855 0.321570
vt -5.616921 0.311109
vt -6.150852 0.310887
vt -6.588631 0.202167
vt -5.606650 0.202176
vt -4.920423 0.202047
vt -4.419976 0.201897
vt -3.772267 0.201730
vt -2.467477 0.201715
vt -1.084440 0.202027
vt 0.000000 -0.059845
vt 34.650002 -0.059843
vt 34.650002 0.060190
vt 0.000000 0.060190
vt 6.115216 0.216584
vt 5.694393 0.294160
vt 5.473412 0.202169
vt 4.926473 0.224434
vt 4.611311 0.222785
vt 4.287146 0.311539
vt 4.275658 0.201851
vt 4.014365 0.302262
vt 3.939449 0.201763
vt 3.666336 0.318369
vt 3.582519 0.201698
vt 3.266728 0.304231
vt 3.185727 0.201658
vt 2.959689 0.213973
vt 2.279730 0.201750
vt 2.675039 0.229911
vt 2.341964 0.318606
vt 1.938625 0.315310
vt 1.627712 0.201897
vt 1.613363 0.301401
vt 1.011293 0.289192
vt 0.925008 0.202051
vt 0.422034 0.292955
vt 0.000000 0.202168
vt 0.000000 0.321295
vt 6.362127 0.321310
vt 5.065550 0.321583
vt 4.574429 0.321633
vt 2.808386 0.321704
vt 1.826287 0.000000
vt 0.000023 0.000000
vt 1.915886 0.000000
vt 1.915870 0.180000
vt 1.873914 0.000000
vt -0.130000 0.922463
vt -0.310000 0.922463
vt -0.130000 0.778727
vt -0.310000 0.778727
vt -0.130000 0.634990
vt -0.310000 0.634990
vt -0.130000 0.491254
vt -0.310000 0.491254
vt -0.310000 -0.922463
vt -0.130000 -0.922463
vt -0.310000 -0.778727
vt -0.130000 -0.778727
vt -0.310000 -0.634990
vt -0.130000 -0.634990
vt -0.310000 -0.491254
vt -0.130000 -0.491254
vt -1.729995 13.450620
vt -1.730000 11.624333
vt -1.275313 13.338732
vt -1.594260 11.581408
vt -0.713611 13.270353
vt -1.493592 11.480740
vt -0.015000 11.345000
vt -1.450667 11.345000
vt -0.015000 13.246448
vt -1.770000 11.624333
vt -1.770006 13.463312
vt -1.905740 11.581408
vt -2.150948 13.611750
vt -2.006408 11.480740
vt -2.590029 13.863679
vt -2.049333 11.345000
vt -3.662840 11.345000
vt -3.219462 14.442514
vt -3.662821 15.123475
vt 0.658412 0.180000
vt 0.734269 0.081417
vt 2.549165 0.180000
vt 2.549165 0.000000
vt 0.857580 0.011656
vt 1.735765 0.028988
vt -0.451801 15.103561
vt -0.378476 3.818763
vt -0.327171 15.103504
vt -0.196418 15.103113
vt -0.112950 13.443626
vt -0.111279 15.103561
vt -0.111279 3.818567
vt -0.236349 3.818589
vt 0.000160 -0.040407
vt -0.111279 3.778557
vt -0.196469 3.777729
vt -0.215011 0.000000
vt -0.321156 0.000000
vt -0.331793 3.778168
vt -0.451801 0.000086
vt -0.451801 3.778561
vt -0.102160 0.000000
vt -0.102160 30.247124
vt -0.215011 30.247124
vt -0.111279 26.468559
vt -0.111279 26.428560
vt -0.321156 30.247124
vt -0.196468 26.469387
vt -0.451801 30.247099
vt -0.331793 26.468952
vt -0.451801 26.468561
vt -0.196413 26.428284
vt -0.112950 23.525539
vt -0.111279 15.143570
vt -0.386754 15.143561
vt -0.281581 15.144759
vt -0.327171 26.428528
vt -0.451801 26.428560
vt -0.196417 15.143979
vt -0.310000 0.020015
vt -0.130000 0.020015
vt -0.310000 0.163751
vt -0.130000 0.163751
vt -0.310000 0.307488
vt -0.130000 0.307488
vt -0.310000 0.451224
vt -0.130000 0.451224
vt -1.730000 11.025667
vt -1.730000 0.299333
vt -1.594260 11.068592
vt -1.594260 0.256408
vt -1.493592 11.169260
vt -1.493592 0.155740
vt -1.450667 11.305000
vt -1.450667 0.020000
vt -0.015000 0.020000
vt -0.015000 11.305000
vt 1.739981 0.031050
vt 2.480546 0.180000
vt 2.526768 0.108046
vt 4.371299 0.180000
vt 2.589935 0.051285
vt 4.371299 0.000000
vt 2.688527 0.010340
vt -0.310000 -0.451224
vt -0.130000 -0.451224
vt -0.310000 -0.307488
vt -0.130000 -0.307488
vt -0.310000 -0.163751
vt -0.130000 -0.163751
vt -0.310000 -0.020015
vt -0.130000 -0.020015
vt -3.662840 11.305000
vt -3.662840 0.020000
vt -2.049333 11.305000
vt -2.049333 0.020000
vt -2.006408 0.155740
vt -2.006408 11.169260
vt -1.905740 0.256408
vt -1.905740 11.068592
vt -1.770000 0.299333
vt -1.770000 11.025667
vt -3.662840 -0.020000
vt -3.662840 -11.305000
vt -2.049333 -0.020000
vt -2.049333 -11.305000
vt -2.006408 -11.169260
vt -2.006408 -0.155740
vt -1.905740 -11.068592
vt -1.905740 -0.256408
vt -1.770000 -11.025667
vt -1.770000 -0.299333
vt -1.730000 -0.299333
vt -1.730000 -11.025667
vt -1.594260 -0.256408
vt -1.594260 -11.068592
vt -1.493592 -0.155740
vt -1.493592 -11.169260
vt -1.450667 -0.020000
vt -1.450667 -11.305000
vt -0.015000 -11.305000
vt -0.015000 -0.020000
vt 1.481466 0.108046
vt 1.590231 0.028989
vt -1.873978 0.000000
vt -1.873991 0.180000
vt -1.915941 0.180000
vt -1.915956 0.000000
vt 1.838984 0.000000
vt 0.000020 0.000000
vt -2.006408 -11.480740
vt -2.049333 -11.345000
vt -2.590830 -13.864245
vt -3.662840 -11.345000
vt -3.213048 -14.434924
vt -3.662835 -15.123538
vt -2.150942 -13.611760
vt -1.905740 -11.581408
vt -1.770005 -13.463317
vt -1.770000 -11.624333
vt 1.435667 0.180000
vt 1.435667 0.000000
vt 1.901448 0.180000
vt 1.901448 -0.000000
vt 0.015001 0.180000
vt -0.080003 0.180000
vt 0.014945 0.000000
vt -0.080003 0.000000
vt 0.080005 0.180000
vt -0.015001 0.180000
vt 0.080005 0.000000
vt -0.014946 0.000000
vt 0.000000 -3.679532
vt 0.568437 -3.630795
vt 0.000000 -3.600000
vt 0.599650 -3.549707
vt 1.223522 -3.463982
vt 1.182545 -3.400233
vt 1.732399 -3.155755
vt 1.898000 -3.143848
vt 2.233850 -2.823104
vt 2.715826 -2.444324
vt 2.672885 -2.411574
vt 3.037238 -1.932662
vt 3.312284 -1.586159
vt 3.316730 -1.399752
vt 3.557864 -0.914986
vt 3.503550 -0.827731
vt 3.592479 -0.232584
vt 3.669163 -0.206503
vt 3.581032 0.369063
vt 3.661537 0.360432
vt 3.560461 0.905931
vt 3.469530 0.960397
vt 3.308215 1.594736
vt 3.261087 1.524898
vt 3.056746 2.042201
vt 2.961527 2.046792
vt 2.703076 2.484696
vt 2.579221 2.511497
vt 2.184697 2.951347
vt 2.124850 2.906030
vt 1.585757 3.313078
vt 1.611110 3.219367
vt 1.052354 3.442753
vt 0.655684 3.608280
vt 0.464195 3.569947
vt -0.136894 3.676999
vt -0.136934 3.597395
vt 4.965095 -0.000018
vt 5.675491 0.000000
vt 5.675491 34.650002
vt 4.965095 34.650002
vt 4.255906 34.632904
vt 4.528496 33.062050
vt 4.558611 1.871942
vt 4.256178 0.020518
vt 1.850000 11.498205
vt 1.750000 11.525000
vt 1.650000 11.498205
vt 1.576795 11.425000
vt 1.645894 11.346998
vt 1.550000 11.325000
vt 1.678896 11.245842
vt 1.576795 11.225000
vt 1.650000 11.151795
vt 1.750000 11.125000
vt 1.850000 11.151795
vt 1.923205 11.225000
vt 1.950000 11.325000
vt 1.821104 11.404159
vt 1.923205 11.425000
vt 0.310000 -0.311013
vt 0.110000 -0.264942
vt 0.310000 -0.080636
vt -0.106809 -1.660361
vt -0.138884 -1.266463
vt -0.140883 -1.671349
vt -0.130027 -1.899082
vt -0.194848 -1.877812
vt -0.092439 -0.024281
vt -0.055301 -0.759651
vt -0.060031 -1.809586
vt -0.055718 -1.266090
vt 0.000000 -1.899082
vt -0.000044 -1.519344
vt -0.000016 -1.139454
vt -0.000000 3.130715
vt -0.000000 3.789601
vt -0.344865 3.109121
vt -0.402576 3.789600
vt -0.689730 3.109121
vt -0.804359 3.790239
vt -1.034595 3.109121
vt -1.205438 3.791142
vt -1.379461 3.109121
vt -1.607637 3.781502
vt -2.005585 3.792922
vt -2.069191 2.559819
vt -2.405068 3.793560
vt -2.414056 2.489415
vt -2.758921 2.483666
vt -2.414056 1.788872
vt -2.758921 1.788872
vt -2.474759 1.153404
vt -3.008158 1.153369
vt -3.103786 1.788872
vt -3.448652 1.788872
vt -3.448652 2.509634
vt -3.793517 2.545527
vt -4.138382 2.590403
vt -4.002810 3.792462
vt -4.403152 3.791611
vt -2.804465 3.793854
vt -3.103786 2.487711
vt -3.203810 3.793710
vt -3.603177 3.793211
vt -4.483247 2.645399
vt -4.804729 3.790798
vt -4.828112 2.710285
vt -5.208132 3.790117
vt -5.172976 2.777445
vt -5.614073 3.789621
vt -5.517843 3.109121
vt -5.977646 3.109121
vt -5.517842 2.115066
vt -5.977646 2.086254
vt -5.575706 1.153744
vt -6.412550 1.153469
vt -6.437449 1.812942
vt -6.023420 3.789394
vt -6.437449 2.915657
vt -6.437449 3.789601
vt -5.199451 1.153628
vt -5.172977 1.788872
vt -4.839570 1.153544
vt -4.828112 1.788872
vt -4.497152 1.153470
vt -4.483247 1.788872
vt -3.993017 1.153406
vt -4.138382 1.788872
vt -3.793517 1.788872
vt -3.543530 1.153373
vt -2.069191 1.788872
vt -1.869128 1.153489
vt -1.724326 1.788872
vt -1.724326 2.424387
vt -1.379461 1.788872
vt -1.379461 2.424387
vt -1.340310 1.153601
vt -1.034595 1.788872
vt -1.034595 2.424387
vt -0.681320 1.153794
vt -0.587773 1.788872
vt -0.689730 2.424387
vt -0.000000 1.154055
vt 0.000000 2.262953
vt -0.344865 2.424387
vt -3.097681 0.000000
vt -2.095498 0.000000
vt -3.097681 0.136934
vt -1.982291 0.136934
vt -0.799479 0.000000
vt -1.099502 0.136934
vt -0.432399 0.136934
vt 1.850000 -11.151795
vt 1.750000 -11.125000
vt 1.750000 -11.215000
vt 1.650000 -11.151795
vt 1.670842 -11.253895
vt 1.576795 -11.225000
vt 1.550000 -11.325000
vt 1.678893 -11.404156
vt 1.576795 -11.425000
vt 1.650000 -11.498205
vt 1.750000 -11.525000
vt 1.850000 -11.498205
vt 1.829159 -11.396105
vt 1.923205 -11.425000
vt 1.851157 -11.291999
vt 1.950000 -11.325000
vt 1.923205 -11.225000
vt 1.805000 -11.229737
vt -0.138853 0.581237
vt -0.097540 0.000000
vt -0.080925 0.318470
vt -0.081726 0.636940
vt -0.007857 0.348978
vt -0.011521 0.680869
vt -0.023514 0.000000
vt -0.009286 1.517326
vt -0.000000 1.836476
vt -0.011563 2.117866
vt -0.013113 5.521982
vt -0.033018 5.876721
vt -0.081988 5.529478
vt -0.098855 5.848250
vt -0.081849 5.182235
vt -0.138853 4.934598
vt -0.081816 4.834991
vt -0.081794 4.487747
vt -0.138853 4.205514
vt -0.081784 4.140503
vt -0.081782 3.793259
vt -0.138853 3.135059
vt -0.081774 3.446015
vt -0.081605 3.098771
vt -0.082075 2.518595
vt -0.138853 2.032477
vt -0.081529 2.048182
vt -0.081558 1.577768
vt -0.138853 1.270804
vt -0.082315 1.107354
vt -0.017218 1.106381
vt -0.014244 2.535378
vt -0.013681 3.043151
vt -0.009021 3.366112
vt -0.009554 3.727836
vt -0.009910 4.087685
vt -0.010081 4.446150
vt -0.010485 4.804952
vt -0.011385 5.163933
vt 0.000000 1.306304
vt 0.000000 0.115022
vt 0.629667 0.159176
vt 1.001473 1.081929
vt 1.342347 0.115005
vt 1.362705 0.801403
vt 1.708466 0.801403
vt 1.565123 1.538791
vt 2.054439 1.538666
vt 2.054227 0.801403
vt 2.507227 1.538586
vt 2.399989 0.801403
vt 2.745750 0.801403
vt 2.997339 1.538535
vt 3.091511 0.801403
vt 3.334449 1.538521
vt 3.437272 0.801403
vt 3.761739 1.538530
vt 3.783033 0.801403
vt 4.128794 0.801403
vt 4.024607 0.114995
vt 4.495428 0.114996
vt 1.891859 0.115000
vt 2.370034 0.114997
vt 2.963424 0.114995
vt 3.523210 0.114995
vt 4.474555 0.801403
vt 4.820316 0.801403
vt 5.012582 0.115001
vt 5.166077 0.801403
vt 5.486132 0.115001
vt 5.857599 0.801403
vt 6.191314 0.115012
vt 6.455890 0.807232
vt 6.833866 1.539440
vt 6.263299 1.539161
vt 5.722855 1.538939
vt 5.364591 1.538819
vt 4.936166 1.538702
vt 4.606546 1.538632
vt 4.186203 1.538567
vt 0.476042 1.539202
vt -0.000000 0.121441
vt -0.079994 0.122330
vt -0.129625 -0.829693
vt -0.194322 -1.140464
vt -0.120355 -1.162150
vt -0.064962 -2.280818
vt -0.092064 -2.730318
vt 0.008991 -1.925529
vt -0.063159 -1.152100
vt -0.049663 -0.951814
vt -0.000044 -0.829693
vt 0.000013 -1.373472
vt -0.639526 -42.824619
vt -0.000000 -42.835056
vt -0.636466 -42.755074
vt -0.000000 -42.786903
vt 0.079991 -42.765450
vt 0.080000 -42.786903
vt -1.327067 -42.682335
vt -1.339706 -42.750668
vt -1.861958 -42.549580
vt -1.883687 -42.615894
vt -2.143977 -42.442459
vt -2.329198 -42.428146
vt -2.571678 -42.210957
vt -2.833182 -42.110512
vt -3.022371 -41.853027
vt -3.241134 -41.722656
vt -3.297022 -41.550121
vt -3.485158 -41.277515
vt -3.544595 -41.314186
vt -3.643588 -40.987396
vt -3.763509 -40.883667
vt -3.773732 -40.682205
vt -3.877010 -40.364388
vt -3.943935 -40.383320
vt -3.979618 -39.901493
vt -4.048052 -39.913578
vt -4.043486 -39.259529
vt -4.113445 -39.247780
vt -4.118856 -3.606048
vt -4.049091 -3.587560
vt -4.080933 -3.079432
vt -4.012297 -3.089112
vt -4.018441 -2.693165
vt -3.950597 -2.707828
vt -3.845169 -2.075704
vt -3.780198 -2.100581
vt -3.722097 -1.781009
vt -3.659452 -1.811334
vt -3.572679 -1.498089
vt -3.512957 -1.534150
vt -3.237615 -1.033168
vt -3.185356 -1.079444
vt -2.820667 -0.640525
vt -2.778329 -0.695896
vt -2.388039 -0.367590
vt -2.491149 -0.500332
vt -2.208042 -0.351354
vt -1.804481 -0.127108
vt -1.778049 -0.191794
vt -1.251042 -0.000019
vt -1.241174 -0.068923
vt -0.689658 0.054296
vt -0.657868 -0.014092
vt -0.000000 0.069586
vt 6.380181 4.055030
vt 5.978807 4.054663
vt 6.380181 3.401565
vt 5.924453 3.533373
vt 5.578203 4.053891
vt 5.468726 3.492666
vt 5.178259 4.052824
vt 5.012999 3.506517
vt 4.778974 4.051712
vt 4.557272 3.567367
vt 4.380257 4.050858
vt 4.101545 3.619135
vt 3.981907 4.050381
vt 3.645817 3.640209
vt 3.583772 4.050184
vt 3.190090 3.645311
vt 3.185837 4.050204
vt 2.788068 4.050502
vt 2.734363 3.647733
vt 2.390297 4.051126
vt 2.278636 3.651145
vt 1.992349 4.051949
vt 1.822909 3.624529
vt 1.594209 4.045800
vt 1.195927 4.053504
vt 1.367182 3.581724
vt 0.911454 3.546298
vt 0.797502 4.054168
vt 0.455727 3.536593
vt 0.398834 4.054725
vt 0.000000 3.372499
vt 0.000000 4.055030
vt 0.455727 2.822016
vt 0.000000 2.116532
vt 0.455727 2.081380
vt 0.662357 1.129184
vt 0.000000 1.107236
vt 0.911454 1.482903
vt 0.911454 2.060710
vt 0.911454 2.797043
vt 1.327806 1.106800
vt 1.436498 1.482903
vt 1.367182 2.016853
vt 1.367182 2.747693
vt 1.707635 1.106718
vt 1.595045 2.023244
vt 1.595045 2.754915
vt 2.004171 1.141019
vt 2.278636 1.803154
vt 2.454832 1.106611
vt 2.734363 1.622675
vt 2.982002 1.106578
vt 3.190090 1.619332
vt 3.511881 1.106582
vt 3.645817 1.482903
vt 3.957217 1.106613
vt 4.101545 1.482903
vt 4.457360 1.107183
vt 4.947527 1.103848
vt 5.473040 1.106916
vt 5.468726 1.733284
vt 5.924453 1.482903
vt 5.924453 2.096842
vt 5.468726 2.235577
vt 5.468726 2.786660
vt 5.924453 2.831208
vt 6.359652 1.106727
vt 6.380181 2.138606
vt 1.822909 2.774111
vt 1.822909 2.037080
vt 2.278636 2.721852
vt 2.734363 2.418101
vt 3.190090 2.409305
vt 3.645817 2.708967
vt 3.645817 2.013148
vt 4.101545 2.738815
vt 4.101545 2.028475
vt 4.557272 2.756989
vt 4.557272 2.041753
vt 5.012999 2.771500
vt 5.012999 2.052556
vt -0.152419 30.851973
vt -0.305091 30.858597
vt -0.305125 -0.000510
vt -0.457416 30.858459
vt -0.457416 0.000000
vt -0.000000 30.858459
vt -0.152487 0.007275
vt -0.000102 0.000000
vt 0.697506 13.266622
vt 0.000000 13.246444
vt 1.550000 0.000000
vt 0.000000 -13.246444
vt 0.697421 -13.266616
vt 1.385274 -13.360879
vt 1.918841 -13.519379
vt 2.488270 -13.794995
vt 1.950000 0.000000
vt 2.932992 -14.128066
vt 3.310924 -14.541966
vt 3.569112 -14.940790
vt 3.569005 14.940537
vt 3.310798 14.541885
vt 3.791756 -15.429230
vt 3.791858 15.429230
vt 2.933551 14.128323
vt 2.490270 13.795961
vt 2.087249 13.583112
vt 1.775310 13.464957
vt 1.384664 13.360801
vt 1.923205 0.100000
vt 1.850000 0.173205
vt 1.750000 0.200000
vt 1.650000 0.173205
vt 1.576795 0.100000
vt 1.750000 -0.200000
vt 1.850000 -0.173205
vt 1.923205 -0.100000
vt 1.576795 -0.100000
vt 1.650000 -0.173205
vt -0.000000 5.683347
vt 0.130000 5.156685
vt 0.048234 5.683347
vt 0.130000 5.763353
vt 0.048234 5.763346
vt -0.000000 5.080889
vt 0.130000 4.550016
vt -0.000000 4.478431
vt 0.130000 3.943347
vt -0.000000 3.875973
vt 0.130000 3.336678
vt -0.000000 3.273515
vt 0.130000 2.730010
vt -0.000000 2.671057
vt 0.130000 2.123341
vt -0.000000 2.068599
vt 0.130000 1.516672
vt 0.000000 1.466141
vt 0.130000 0.910003
vt 0.000000 0.863684
vt 0.130000 0.303334
vt -0.000000 0.261226
vt 0.130000 -0.303334
vt 0.000000 -0.341232
vt 0.130000 -0.910003
vt -0.000000 -0.943690
vt 0.130000 -1.516672
vt -0.000000 -1.546148
vt 0.130000 -2.123341
vt 0.000000 -2.148606
vt 0.130000 -2.730010
vt 0.000000 -2.751064
vt 0.130000 -3.336678
vt 0.000000 -3.353522
vt 0.130000 -3.943347
vt 0.000000 -3.955980
vt 0.130000 -4.550016
vt 0.000000 -4.558438
vt 0.130000 -5.156685
vt 0.000000 -5.160895
vt 0.130000 -5.763353
vt 0.000000 -5.763353
vt -6.273130 1.539165
vt -6.441640 0.806506
vt -5.720333 0.126118
vt -5.722839 1.538939
vt -5.364575 1.538819
vt -5.166062 0.801437
vt -4.936148 1.538702
vt -4.820302 0.801437
vt -4.606532 1.538631
vt -4.474542 0.801437
vt -4.186191 1.538567
vt -4.128782 0.801437
vt -3.783022 0.801437
vt -4.077943 0.114996
vt -3.513883 0.114995
vt -6.287672 0.115011
vt -5.325894 0.115003
vt -4.699692 0.114998
vt -4.389672 0.114996
vt -2.944811 0.114996
vt -3.091502 0.801437
vt -3.437262 0.801437
vt -3.761729 1.538530
vt -2.745742 0.801437
vt -2.435697 0.114995
vt -2.399982 0.801437
vt -2.054222 0.801437
vt -1.811095 0.115001
vt -1.708461 0.801437
vt -1.362701 0.801437
vt -1.254490 0.115005
vt -1.016941 0.801437
vt -0.699514 0.115009
vt -0.325421 0.801437
vt 0.000000 1.174443
vt -0.476025 1.539202
vt -0.976264 1.538989
vt -1.565122 1.538790
vt -2.054460 1.538666
vt -2.392960 1.538602
vt -2.611708 1.538571
vt -2.997330 1.538534
vt -3.334437 1.538521
vt -6.833846 1.539440
vt -0.524786 -3.561545
vt -0.358183 -3.637419
vt 0.080000 -3.599111
vt 0.079800 -3.654311
vt -0.712267 -3.584469
vt -1.114703 -3.423074
vt -1.059650 -3.496889
vt -1.563468 -3.296415
vt -1.673039 -3.187623
vt -2.029208 -3.036049
vt -2.183976 -2.861861
vt -2.316680 -2.822091
vt -2.633037 -2.455018
vt -2.582562 -2.580562
vt -2.823592 -2.314378
vt -3.007500 -1.978621
vt -3.124040 -1.881866
vt -3.296756 -1.446167
vt -3.375284 -1.395637
vt -3.492610 -0.872740
vt -3.496769 -1.058002
vt -3.584348 -0.711095
vt -3.589513 -0.274587
vt -3.637372 -0.357550
vt -3.655192 0.000000
vt -3.584719 0.331345
vt -3.637374 0.357541
vt -3.584352 0.711081
vt -3.478365 0.927890
vt -3.496773 1.057989
vt -3.299361 1.555553
vt -3.273463 1.498146
vt -2.975819 2.025957
vt -3.037004 2.026769
vt -2.823601 2.314367
vt -2.593865 2.496370
vt -2.582564 2.580560
vt -2.316690 2.822083
vt -2.138423 2.896057
vt -2.029218 3.036042
vt -1.622397 3.213694
vt -1.563469 3.296413
vt -1.060405 3.440282
vt -1.059658 3.496886
vt -0.712279 3.584466
vt -0.468371 3.569402
vt -0.358190 3.637418
vt 0.136716 3.652605
vt 0.136934 3.597395
vt 0.000000 4.037124
vt -0.398764 4.054727
vt -0.455705 3.530187
vt -5.924163 3.537647
vt -6.379867 3.401530
vt -5.924163 2.819492
vt -5.468458 2.802892
vt -5.468458 2.063483
vt -5.012753 2.049590
vt -4.557048 2.033479
vt -4.589198 1.246715
vt -4.101344 1.482967
vt -4.300537 1.106644
vt -3.908124 1.106598
vt -0.797422 4.054212
vt -0.911410 3.489731
vt -1.195893 4.053479
vt -1.367114 3.505655
vt -1.594137 4.052684
vt -1.594967 3.125618
vt -1.822819 3.611651
vt -1.992230 4.051864
vt -2.278524 3.657414
vt -2.390159 4.051076
vt -2.788694 4.055836
vt -3.189934 3.638532
vt -3.185784 4.050127
vt -3.583671 4.050030
vt -3.645639 3.629117
vt -3.981709 4.050251
vt -4.101344 3.621310
vt -4.380037 4.050823
vt -4.557048 3.607255
vt -4.778773 4.051625
vt -5.012753 3.575782
vt -5.178002 4.052614
vt -5.468458 3.546161
vt -5.577889 4.053702
vt -5.978486 4.054567
vt -6.379867 4.054990
vt -6.379867 2.138584
vt -5.924163 1.891605
vt -5.009383 1.203497
vt -5.376242 1.207223
vt -6.379867 1.107225
vt -5.856406 1.107028
vt -3.562688 1.249579
vt -3.189934 1.647867
vt -3.112953 1.106566
vt -2.772701 1.256753
vt -2.438238 1.106604
vt -2.248966 1.233004
vt -1.412494 1.301446
vt -1.594967 1.639448
vt -1.878995 1.260895
vt -2.278524 2.019484
vt -2.734229 2.004034
vt -4.101344 2.759168
vt -3.645639 2.722324
vt -0.911411 1.360142
vt -0.450890 1.322817
vt -0.911410 2.060323
vt -0.455705 2.093183
vt -0.911410 2.781900
vt -0.455705 2.829317
vt -0.000000 1.107225
vt 0.000000 2.094955
vt 0.000000 3.172666
vt -5.012753 2.783030
vt -4.557048 2.770926
vt -3.189934 2.406685
vt -2.734229 2.664254
vt -1.822819 2.743571
vt -1.594967 2.399202
vt -1.367114 2.759380
vt -2.278524 2.713275
vt -4.101344 2.015708
vt -3.645639 2.000876
vt -1.822819 2.039696
vt -1.367114 2.039542
vt 13.549614 1.880755
vt 14.795000 1.843842
vt 14.795000 1.892076
vt 13.545225 1.843842
vt 13.498478 1.831666
vt 13.464616 1.313143
vt 13.412831 1.288653
vt 13.376862 0.461931
vt 13.328804 0.468334
vt 13.246444 -0.767924
vt 13.292410 -0.816159
vt -13.246444 -0.767924
vt -13.292411 -0.816158
vt -13.324965 0.401955
vt -13.366573 0.334985
vt -13.499685 1.544096
vt -13.457802 1.593793
vt -13.556215 2.130009
vt -13.603553 2.139698
vt -13.607121 2.177205
vt -13.725000 2.139719
vt -13.725000 2.187953
vt 6.437453 3.789615
vt 6.023339 3.789333
vt 6.437453 2.915668
vt 5.977635 3.109085
vt 5.977635 2.424355
vt 6.437453 1.812949
vt 5.977635 1.788864
vt 5.899988 1.153851
vt 5.517817 1.788864
vt 5.390900 1.153684
vt 5.172953 1.788864
vt 5.053419 1.153594
vt 4.828089 1.788864
vt 4.649847 1.153506
vt 4.483226 1.788864
vt 4.339351 1.153454
vt 4.138362 1.788864
vt 3.943395 1.153406
vt 3.793499 1.788864
vt 3.543555 1.153379
vt 3.448635 1.788864
vt 3.141049 1.153372
vt 3.103772 1.788864
vt 2.823494 1.153383
vt 2.758908 1.788864
vt 2.361815 1.153423
vt 2.414045 2.012798
vt 2.069181 2.019903
vt 1.935291 1.153484
vt 1.724318 1.788864
vt 1.428936 1.457593
vt 1.034591 1.788864
vt 1.034591 2.810434
vt 0.689727 2.119663
vt 0.689727 3.109085
vt 0.344864 2.831347
vt 0.402561 3.789618
vt 0.000000 3.789615
vt 5.613917 3.789452
vt 5.517817 3.109085
vt 5.517817 2.424355
vt 5.208021 3.789971
vt 5.172953 3.109085
vt 5.172953 2.424355
vt 4.804678 3.790782
vt 4.828089 3.109085
vt 4.828089 2.424355
vt 4.483226 2.578715
vt 4.403114 3.791670
vt 4.138362 2.534390
vt 4.002798 3.792487
vt 3.793499 2.495911
vt 3.603221 3.793174
vt 3.448635 2.469517
vt 3.203893 3.793654
vt 3.103772 2.467892
vt 2.804546 3.793815
vt 2.758908 2.491940
vt 2.405164 3.789432
vt 2.005887 3.789539
vt 1.724318 2.666554
vt 1.605747 3.792114
vt 1.379454 2.742917
vt 1.205377 3.791177
vt 0.804317 3.790266
vt 0.000000 3.130726
vt 0.000000 2.262935
vt 0.398905 1.457520
vt 0.000000 1.154060
vt 0.919638 1.153723
vt 6.437453 1.154060
vt -1.645895 11.303001
vt -1.783004 11.426157
vt -1.821106 11.245844
vt -1.854106 0.021999
vt -1.805000 0.095263
vt -1.727998 0.104105
vt -3.940085 0.020000
vt -3.940085 -0.020000
vt -1.648842 0.033001
vt -1.805000 -11.229737
vt -1.845263 -11.270000
vt -1.821108 -11.404156
vt -1.730000 -11.624333
vt -1.670841 -11.396105
vt -1.594260 -11.581408
vt -1.640000 -11.325000
vt -1.678894 -11.245844
vt -3.940085 -11.345000
vt -3.940085 -11.305000
vt -1.769984 -13.463330
vt -1.730000 -13.450642
vt -1.493592 -11.480740
vt -1.450667 -11.345000
vt -0.015000 -11.345000
vt -0.015001 -13.246448
vt 0.080000 -13.246576
vt 0.080000 13.246576
vt -0.015001 13.246448
vt -1.730000 13.450642
vt -1.769984 13.463330
vt -3.940085 11.305000
vt -3.940085 11.345000
vt -4.622464 0.000000
vt -5.647916 0.080000
vt -4.511237 0.080000
vt -0.000000 1.249775
vt -0.079987 1.251040
vt -5.646889 0.000000
vt -4.617990 0.000000
vt -5.646889 0.136934
vt -4.507495 0.136934
vt -0.432631 0.080000
vt -1.431183 0.080000
vt -0.432631 0.000000
vt -1.544504 0.000000
vt -2.429626 0.080000
vt -2.429626 0.000000
vt -3.099346 0.080000
vt -3.099346 0.000000
vt -0.021936 -0.000001
vt -0.023920 -0.138479
vt -0.016806 0.677536
vt -0.019689 5.294013
vt -0.039991 5.877088
vt -0.078220 5.289379
vt -0.105802 5.877088
vt -0.138800 5.509770
vt -0.138800 5.142452
vt -0.078363 4.701671
vt -0.138800 4.775133
vt -0.138800 4.407815
vt -0.078371 4.113962
vt -0.138800 4.040497
vt -0.138800 3.673179
vt -0.078089 3.526253
vt -0.138800 3.305860
vt -0.089753 2.938543
vt -0.138800 2.571224
vt -0.078280 2.350835
vt -0.138800 2.203905
vt -0.078953 1.861078
vt -0.138800 1.836587
vt -0.138800 1.469269
vt -0.078418 1.371321
vt -0.138800 1.101951
vt -0.078463 0.881563
vt -0.138800 0.734632
vt -0.079708 0.391806
vt -0.138800 0.367314
vt -0.118738 -0.000004
vt -0.064967 -0.000002
vt -0.020001 1.655596
vt -0.015676 2.358265
vt -0.019032 2.946998
vt -0.019873 3.527996
vt -0.017791 4.123443
vt -0.019465 4.709480
vt -0.000609 0.080000
vt -0.299895 0.000000
vt 4.936527 0.000000
vt -6.556885 0.000000
vt -7.455830 0.080000
vt -6.556885 0.080000
vt -5.657939 0.000000
vt -5.657939 0.080000
vt -5.016652 0.000000
vt -5.016652 0.080000
vt -4.696009 0.000000
vt -4.696009 0.080000
vt -4.258797 0.000000
vt -4.207839 0.080000
vt -3.683347 0.000000
vt -3.632390 0.080000
vt -3.225695 0.000000
vt -3.225695 0.080000
vt -2.898393 0.000000
vt -2.898393 0.080000
vt -2.571091 0.000000
vt -2.571091 0.080000
vt -2.243789 0.000000
vt -2.243789 0.080000
vt -1.916487 0.000000
vt -1.916487 0.080000
vt -1.437365 0.000000
vt -1.437365 0.080000
vt -0.958244 0.000000
vt -0.710010 0.080000
vt -0.423234 0.000000
vt -0.000000 5.594669
vt -0.023352 5.967648
vt -0.016040 5.309893
vt -0.000000 4.475735
vt -0.013694 4.749160
vt -0.010492 4.184899
vt -0.000000 0.745956
vt -0.015655 1.099964
vt -0.012532 0.479846
vt -0.079213 5.333964
vt -0.095249 5.967647
vt -0.135428 5.255067
vt -0.079388 4.700282
vt -0.135428 4.285357
vt -0.079611 4.262605
vt -0.079674 3.866553
vt -0.135428 3.523505
vt -0.079679 3.470502
vt -0.079688 3.074450
vt -0.135428 2.764392
vt -0.079709 2.678399
vt -0.079738 2.282347
vt -0.135428 2.013454
vt -0.079777 1.886295
vt -0.080475 1.491912
vt -0.135428 1.309211
vt -0.079528 1.094192
vt -0.135428 0.553253
vt -0.080265 0.547096
vt -0.092107 0.000000
vt -0.031708 0.000000
vt -0.009220 3.791543
vt -0.010374 3.414572
vt -0.010808 3.031797
vt -0.011484 2.648842
vt -0.012691 2.265513
vt -0.015279 1.880907
vt -0.017226 1.491912
vt 0.000000 0.310837
vt -0.000000 0.349552
vt -0.136173 0.195580
vt -0.091206 0.981847
vt -21.026115 2.184677
vt -21.063400 2.167478
vt -21.098326 2.113557
vt -21.169847 1.355038
vt -21.217100 1.432523
vt -21.259285 0.506815
vt -21.326920 0.378523
vt -21.353386 -0.961922
vt -21.417898 -1.117903
vt -21.387527 -2.107924
vt -21.452320 -2.187924
vt -21.382734 -2.187924
vt -0.080000 7.559550
vt -0.079987 6.308510
vt -0.000000 7.559550
vt -0.000000 6.309775
vt -0.000000 -21.061207
vt 0.537627 -21.017838
vt 0.000000 -19.855000
vt 0.526017 -19.799713
vt 1.029044 -19.636271
vt 1.269289 -20.835228
vt 1.487097 -19.371813
vt 2.030544 -20.449417
vt 1.880156 -19.017900
vt 2.191044 -18.590000
vt 2.772339 -19.821798
vt 2.406173 -18.106813
vt 3.191320 -19.255678
vt 2.516140 -17.589457
vt 3.570041 -18.384426
vt 3.727815 -17.493038
vt 2.516140 -17.060543
vt 3.691344 -16.783773
vt 3.510275 -16.064972
vt 3.218119 -15.439035
vt 2.406173 -16.543186
vt 2.785591 -14.843076
vt 2.191044 -16.059999
vt 2.238045 -14.338699
vt 1.880156 -15.632100
vt 1.487097 -15.278187
vt 1.599236 -13.951973
vt 1.029044 -15.013730
vt 0.694884 -13.664045
vt 0.526017 -14.850287
vt -0.000000 -14.795000
vt -0.000000 -13.588793
vt -0.299480 0.000000
vt 0.000000 0.008648
vt -0.000873 0.136934
vt 0.367082 4.292955
vt 0.414720 4.165877
vt 0.469926 4.295877
vt 0.469926 4.165877
vt 0.295414 3.449461
vt 0.259482 3.700400
vt 0.214853 2.729478
vt 0.123087 2.494356
vt 0.110039 1.129240
vt 0.034534 1.039593
vt 0.071987 -0.000000
vt -0.135443 0.549217
vt -0.110701 0.000000
vt -0.079834 0.451855
vt -0.079223 0.903709
vt -0.135443 1.318219
vt -0.079657 1.530301
vt -0.135443 2.190157
vt -0.079652 2.156892
vt -0.079081 2.783484
vt -0.135443 3.182927
vt -0.080074 3.410075
vt -0.135443 3.901182
vt -0.079459 3.850212
vt -0.079467 4.379567
vt -0.135443 4.871703
vt -0.080138 4.908922
vt -0.079440 5.438277
vt -0.092117 5.960833
vt -0.040101 0.000000
vt -0.031712 5.967631
vt -0.011623 5.505613
vt -0.000000 5.221677
vt -0.016457 4.897254
vt -0.000000 4.102746
vt -0.012218 4.418166
vt -0.012924 3.806028
vt -0.000000 2.983816
vt -0.016151 3.398952
vt -0.015559 2.742438
vt -0.000000 1.864885
vt -0.012070 2.189981
vt -0.016162 1.522308
vt -0.000000 1.118931
vt -0.013105 0.847240
vt -0.016105 0.435211
vt 0.110000 -0.287979
vt 0.310000 0.264939
vt 0.110000 0.253421
vt 0.310000 0.092155
vt 0.110000 0.080637
vt 0.310000 -0.080638
vt 0.110000 -0.092156
vt 0.310000 -0.172788
vt 0.110000 -0.207346
vt 0.310000 -0.230383
vt 21.141130 1.845244
vt 21.104774 1.843842
vt 21.184546 1.320101
vt 21.237169 1.288653
vt 21.281235 0.363765
vt 21.321198 0.468306
vt 21.367931 -1.071646
vt 21.412718 -0.991468
vt 21.404165 -2.187925
vt 21.452320 -2.187924
vt 21.086267 1.887625
vt 19.855000 1.892076
vt 19.855000 1.843842
vt 0.000000 -3.974115
vt 0.048234 -3.974115
vt -0.000000 -3.444233
vt 0.130000 -3.547362
vt 0.130000 -3.040596
vt 0.130000 -4.054128
vt 0.048234 -4.054115
vt 0.000000 -2.914351
vt 0.130000 -2.533830
vt 0.000000 -2.384469
vt 0.130000 -2.027064
vt 0.000000 -1.854587
vt 0.130000 -1.520298
vt 0.000000 -1.324705
vt 0.130000 -1.013532
vt 0.000000 -0.794823
vt 0.130000 -0.506766
vt 0.000000 -0.264941
vt 0.130000 0.000000
vt 0.000000 0.264941
vt 0.130000 0.506766
vt 0.000000 0.794823
vt 0.130000 1.013532
vt 0.000000 1.324705
vt 0.130000 1.520298
vt 0.000000 1.854587
vt 0.130000 2.027064
vt 0.000000 2.384469
vt 0.130000 2.533830
vt 0.000000 2.914351
vt 0.130000 3.040596
vt -0.000000 3.444233
vt 0.130000 3.547362
vt -0.000000 3.974115
vt 0.048234 3.974115
vt 0.130000 4.054128
vt 0.048234 4.054115
vt -0.037088 3.520553
vt -0.144741 3.932530
vt -0.089488 2.967458
vt -0.129820 1.083339
vt -0.019277 1.749817
vt -0.095360 2.308349
vt -3.116378 0.000000
vt -2.130543 0.000000
vt -3.116378 0.080000
vt -2.018848 0.080000
vt -1.148044 0.000000
vt -1.148044 0.080000
vt -0.491129 0.000000
vt -0.491129 0.080000
vt -7.363215 0.080000
vt -7.379863 0.000000
vt -6.799094 0.000000
vt -6.799094 0.080000
vt -6.410856 0.000000
vt -6.410856 0.080000
vt -5.798461 0.000000
vt -5.798461 0.080000
vt -5.492264 0.000000
vt -5.492264 0.080000
vt -5.186066 0.000000
vt -5.186066 0.080000
vt -4.634014 0.000000
vt -4.634014 0.080000
vt -4.081961 0.000000
vt -4.081961 0.080000
vt -3.728218 0.000000
vt -3.728218 0.080000
vt -3.374475 0.000000
vt -3.374475 0.080000
vt -2.858072 0.000000
vt -2.796050 0.080000
vt -2.000242 0.000000
vt -2.000242 0.080000
vt -1.189794 0.000000
vt -1.096399 0.080000
vt 0.000000 0.080000
vt -3.099084 0.000000
vt -2.101240 0.000000
vt -3.099084 0.080000
vt -1.987927 0.080000
vt -0.803653 0.000000
vt -1.102602 0.080000
vt -0.432595 0.080000
vt 1.716999 0.101157
vt 1.645895 0.021999
vt 1.851158 0.032998
vt 1.805000 0.095263
vt 0.310000 0.322534
vt 0.110000 0.311016
vt 0.310000 0.207346
vt 0.110000 0.195825
vt 0.310000 0.092153
vt 0.310000 -0.080633
vt 0.110000 -0.092153
vt 0.110000 -0.207342
vt 0.018340 1.737451
vt 0.075687 1.083332
vt 0.052187 2.318768
vt 0.024960 3.497813
vt 0.044569 2.976641
vt 0.084371 3.932459
vt 0.000000 1.765568
vt 0.000000 1.106220
vt 0.439591 1.800476
vt 0.358469 1.106061
vt 0.734334 1.105937
vt 0.879183 1.457942
vt 1.127790 1.105822
vt 1.318774 1.449037
vt 1.538570 1.105725
vt 1.758366 1.483057
vt 1.872779 1.105656
vt 2.197957 1.507021
vt 2.175312 1.105588
vt 2.449840 1.105572
vt 2.637549 1.517986
vt 2.699272 1.105569
vt 3.077140 1.463561
vt 3.236895 1.105551
vt 3.516732 1.456810
vt 3.769911 1.105593
vt 3.956323 1.537585
vt 4.065465 1.105622
vt 4.395915 1.556031
vt 4.359717 1.105674
vt 4.835506 1.499712
vt 4.955807 1.105806
vt 5.275098 1.551743
vt 5.270153 1.105895
vt 5.655905 1.368183
vt 5.869289 1.106094
vt 6.154281 2.134862
vt 6.154281 1.106220
vt 5.714689 2.123398
vt 5.714689 2.891633
vt 6.154281 3.084190
vt 5.766321 4.010506
vt 5.275098 3.251697
vt 5.380933 4.014006
vt 4.995649 4.012915
vt 6.154281 4.014588
vt 4.835506 3.204189
vt 4.420113 4.011516
vt 4.395915 3.243959
vt 3.850742 3.972094
vt 2.299958 3.984571
vt 1.734412 4.012905
vt 1.758366 3.537051
vt 1.170611 3.963348
vt 0.000000 3.743513
vt 0.385682 4.008274
vt 0.000000 4.015466
vt 0.000000 3.084285
vt 0.439591 2.874741
vt 0.879183 2.853660
vt 1.318774 2.814147
vt 1.318774 2.123398
vt 1.758366 2.454727
vt 0.000000 2.424947
vt 5.275098 2.376216
vt 4.835506 2.123398
vt 4.835506 2.629792
vt 4.395915 2.123398
vt 4.395915 2.629792
vt 3.956323 2.123398
vt 3.956323 2.743654
vt 3.516732 2.123398
vt 3.516732 2.695305
vt 3.459325 3.999916
vt 3.077140 2.301050
vt 3.073785 4.010769
vt 2.637549 2.317047
vt 2.688856 4.004908
vt 2.197957 2.376940
vt 0.775052 3.988195
vt 0.879183 2.123398
vt -0.080000 26.584822
vt 0.000000 26.584822
vt -0.000000 4.015467
vt -0.385548 4.009381
vt -0.000000 3.743514
vt -0.000000 3.084286
vt -0.439592 2.888572
vt -0.879183 3.242979
vt -0.879183 2.629788
vt -1.318775 3.210073
vt -1.318775 2.629788
vt -1.758366 3.287791
vt -1.758366 2.320131
vt -2.197959 2.703929
vt -5.714693 2.872835
vt -6.154282 3.084191
vt -6.154282 2.134863
vt -0.768916 4.014728
vt -1.152970 4.014080
vt -1.734411 4.012906
vt -2.300731 3.988016
vt -2.689167 4.007851
vt -2.637551 2.305707
vt -3.073790 4.009739
vt -3.077143 2.303042
vt -3.459831 3.995727
vt -4.022495 4.010870
vt -3.956328 3.537050
vt -4.582079 3.949914
vt -6.154282 4.014589
vt -5.766203 4.009507
vt -5.275105 2.860301
vt -5.714693 1.814044
vt -5.275105 1.770201
vt -5.278344 1.105859
vt -4.785790 1.105757
vt -6.154282 1.106221
vt -5.710457 1.106023
vt -4.279337 1.105649
vt -4.395920 1.462435
vt -4.835513 1.757101
vt -3.956328 1.428831
vt -3.719607 1.105587
vt -3.516736 1.456356
vt -3.289400 1.105570
vt -3.077143 1.465981
vt -2.859020 1.105550
vt -2.637551 1.471586
vt -2.414817 1.105577
vt -2.197959 1.529474
vt -2.106786 1.105603
vt -1.758366 1.554706
vt -1.765688 1.105689
vt -1.318775 1.536721
vt -1.266029 1.105781
vt -0.879183 1.458697
vt -0.610006 1.105963
vt -0.439592 1.516559
vt -0.000000 1.106221
vt -0.000000 2.424948
vt -0.439592 2.123392
vt -5.376472 3.993969
vt -4.835513 2.826559
vt -4.982489 3.973845
vt -4.395920 2.796439
vt -3.956328 2.415253
vt -3.516736 2.348088
vt -4.395920 2.123392
vt -2.197959 2.123392
vt -1.318775 2.123392
vt -0.879183 2.123392
vt -0.802438 -4.294310
vt -0.758316 -4.259752
vt -0.783044 -3.659767
vt -0.782099 -1.828683
vt -0.786343 -2.128614
vt -0.715077 -2.147155
vt -0.715080 -1.840419
vt -0.636123 -2.304663
vt -0.636578 -1.659574
vt -0.704404 -4.172700
vt -0.716584 -3.680837
vt -0.775393 -3.074663
vt -0.715070 -3.067364
vt -0.785599 -2.534370
vt -0.715134 -2.453891
vt -0.612281 -3.950999
vt -0.625640 -3.077389
vt -0.611061 -1.402906
vt -0.611056 -1.372157
vt -0.633878 -1.072162
vt -0.715097 -1.226946
vt -0.715112 -0.920209
vt -0.714767 -0.509973
vt -0.796031 -0.549561
vt -0.808473 -0.000000
vt -0.742680 -0.000000
vt -0.637082 -0.471313
vt -0.676788 -0.000000
vt -0.611037 -0.013566
vt -0.771458 -0.920209
vt -0.793795 -1.142702
vt -0.715079 -1.533682
vt -0.789427 -1.516808
vt -0.542104 -42.595390
vt 0.079995 -42.664635
vt 0.079973 -42.602341
vt -0.636466 -42.654259
vt -1.102423 -42.552383
vt -1.327067 -42.581520
vt -1.681748 -42.438492
vt -1.861958 -42.448765
vt -2.034681 -42.320133
vt -2.143977 -42.341644
vt -2.431984 -42.127205
vt -2.528159 -42.137589
vt -2.824450 -41.852730
vt -2.985538 -41.787468
vt -3.136312 -41.547905
vt -3.297022 -41.449306
vt -3.372557 -41.238457
vt -3.485158 -41.176701
vt -3.557660 -40.920258
vt -3.643588 -40.886581
vt -3.678163 -40.651581
vt -3.773732 -40.581390
vt -3.836910 -40.161137
vt -3.877010 -40.263573
vt -3.956662 -39.480976
vt -3.979618 -39.800678
vt -4.033479 -39.364426
vt -3.995440 -38.606922
vt -4.054689 -38.921978
vt -4.049649 -3.500769
vt -3.989106 -3.538936
vt -4.012297 -2.988298
vt -3.944835 -2.954092
vt -3.950597 -2.607014
vt -3.833019 -2.375819
vt -3.780198 -1.999767
vt -3.742129 -2.077804
vt -3.659452 -1.710520
vt -3.621011 -1.775046
vt -3.512957 -1.433336
vt -3.462665 -1.469459
vt -3.261334 -1.169250
vt -3.185356 -0.978631
vt -2.999278 -0.870215
vt -2.778329 -0.595082
vt -2.828856 -0.714614
vt -2.627438 -0.560793
vt -2.491149 -0.399518
vt -2.264800 -0.350786
vt -2.208042 -0.250540
vt -1.821970 -0.104697
vt -1.648770 -0.120665
vt -1.241174 0.031891
vt -0.938745 0.003748
vt -0.716212 0.084216
vt 0.136870 0.038412
vt 0.000000 0.105605
vt 0.136934 0.110399
vt 1.758151 -0.243010
vt 1.434127 -0.285269
vt 1.790119 -0.423614
vt 1.509337 -0.393864
vt 1.331401 -0.455572
vt 1.179744 -0.391172
vt 0.804126 -0.383699
vt 0.970638 -0.462871
vt 0.509841 -0.411208
vt 0.504328 -0.456155
vt 0.369879 -0.394865
vt 0.307335 -0.461489
vt 0.226404 -0.405106
vt 0.198716 -0.460249
vt -0.000165 -0.410411
vt 0.025740 -0.459731
vt -0.073217 -0.469851
vt 0.137272 -0.518131
vt -0.032678 -0.336480
vt -0.005789 -0.276032
vt -0.027409 -0.223953
vt 0.287326 -0.228114
vt 0.479474 -0.277974
vt 0.857396 -0.315714
vt 0.666646 -0.264125
vt 0.232418 -0.554913
vt 0.319202 -0.520727
vt 0.266442 -0.593084
vt 0.573890 -0.532680
vt 0.808153 -0.507693
vt 1.148079 -0.142658
vt 2.124694 -0.077628
vt 0.565529 -0.044294
vt 0.306862 -0.146253
vt -0.012372 -0.134377
vt 0.703835 -0.159176
vt 0.992675 -0.249688
vt 2.144707 -0.413519
vt 0.276981 -0.298744
vt 0.479300 -0.000000
vt 0.443154 -0.079000
vt 0.509971 -0.079688
vt 0.559719 -0.071461
vt 0.610971 -0.079689
vt 0.610971 -0.000000
vt 0.079563 0.195584
vt 0.074069 0.972487
vt 0.000000 0.349552
vt 0.000000 0.310836
vt -6.503409 3.870000
vt -6.503409 3.951766
vt -7.684745 3.870000
vt -7.754449 3.951766
vt -7.835058 3.421067
vt -7.840487 2.592154
vt -7.932573 2.449294
vt -7.929935 1.304741
vt -8.007263 1.291765
vt -7.961815 1.247518
vt -8.053098 1.210000
vt -8.003831 1.219942
vt -34.592087 1.291766
vt -34.546249 1.210000
vt -8.053098 1.030000
vt -34.546249 1.030000
vt -34.675983 2.563484
vt -34.676102 1.333722
vt -34.663799 1.285014
vt -34.634235 1.244374
vt -34.771149 2.728491
vt -34.851257 3.448753
vt -34.763500 3.415077
vt -34.903107 4.247017
vt -34.970367 4.165877
vt -35.025562 4.165877
vt -35.025562 4.247642
vt -34.591396 1.218147
vt 0.654218 -0.074834
vt 0.705156 -0.073876
vt 0.323447 1.228386
vt 0.789966 1.031847
vt 0.916400 1.291453
vt 1.214007 1.032961
vt 1.242173 1.339337
vt 1.634089 1.265970
vt 3.259727 1.238554
vt 2.893000 1.329843
vt 2.848562 1.036787
vt 3.400932 1.036737
vt 1.962843 1.290349
vt 2.250568 1.035872
vt 2.285216 1.369982
vt 2.547968 1.036440
vt 2.587603 1.380772
vt 3.587628 1.238554
vt 3.937689 1.094352
vt 4.264611 1.286417
vt 3.969943 1.448643
vt 4.589631 1.433554
vt 4.899234 1.238554
vt 5.218785 1.448923
vt 5.552324 1.230651
vt 5.870386 1.449158
vt 6.031776 1.194020
vt 6.480877 1.030908
vt 6.480877 1.449466
vt 4.555536 1.034461
vt 5.166207 1.032856
vt 3.408640 1.448587
vt 0.080000 -14.796265
vt 0.079791 -13.614926
vt -0.368243 -13.632189
vt -0.424732 -14.830906
vt -0.732524 -13.686334
vt -0.912480 -14.965280
vt -1.089912 -13.776253
vt -1.437473 -13.901681
vt -1.363740 -15.194011
vt -1.770440 -14.061238
vt -1.760469 -15.507956
vt -2.084768 -14.252774
vt -2.378407 -14.474774
vt -2.086801 -15.894558
vt -2.649289 -14.725710
vt -2.329687 -16.338362
vt -3.002156 -15.152465
vt -2.479416 -16.821615
vt -3.294046 -15.619183
vt -3.505339 -16.125172
vt -2.530000 -17.325001
vt -3.646923 -16.643606
vt -3.703100 -17.157150
vt -3.695166 -17.663157
vt -3.610020 -18.161274
vt -2.479416 -17.828384
vt -3.447016 -18.695145
vt -3.294043 -19.030823
vt -3.002158 -19.497532
vt -2.329687 -18.311640
vt -2.649286 -19.924292
vt -2.086801 -18.755442
vt -2.378405 -20.175226
vt -1.760469 -19.142044
vt -2.084767 -20.397226
vt -1.770439 -20.588762
vt -1.363740 -19.455990
vt -1.437473 -20.748320
vt -0.912480 -19.684719
vt -1.089911 -20.873747
vt -0.732523 -20.963667
vt -0.424732 -19.819094
vt -0.368242 -21.017811
vt 0.080000 -19.853735
vt 0.079791 -21.035072
vt 0.000000 1.095628
vt 0.000000 0.344709
vt 0.538050 0.395582
vt 0.855180 0.972752
vt 1.169913 0.344942
vt 1.276616 0.853726
vt 1.636205 0.716535
vt 1.674133 1.099225
vt 2.102168 0.386630
vt 1.973741 1.100135
vt 2.286384 0.897552
vt 3.291889 0.716535
vt 2.904299 0.975320
vt 2.904313 0.345393
vt 3.354983 0.345400
vt 1.794014 0.345149
vt 2.435307 0.345319
vt 2.601555 0.907788
vt 3.623026 0.716535
vt 3.718448 0.345371
vt 3.975539 0.977756
vt 4.246116 0.345991
vt 4.603520 1.026761
vt 4.701402 0.345179
vt 4.947573 0.716535
vt 5.094745 0.345082
vt 5.569331 0.345886
vt 6.544821 1.095628
vt 6.154384 1.095808
vt 6.118993 0.345293
vt 5.567159 1.096830
vt 5.217154 1.097695
vt 4.294259 1.100219
vt 3.434505 1.101819
vt 0.389338 1.095828
vt -5.661548 0.874643
vt -6.108744 0.345653
vt -5.502804 0.344978
vt -4.951262 0.346044
vt -4.405805 0.370752
vt -3.959859 0.345333
vt -3.906420 0.936003
vt -3.564924 0.349509
vt -3.544721 1.101719
vt -3.291906 0.716531
vt -3.258269 1.101918
vt -2.960767 0.716531
vt -2.972555 1.101900
vt -2.686210 1.101653
vt -2.646477 0.346027
vt -2.397880 1.101172
vt -2.167837 0.363936
vt -2.084705 1.100425
vt -1.967352 0.716531
vt -1.739490 0.977969
vt -1.243383 1.097853
vt -1.339501 0.359691
vt -0.973937 0.716531
vt -0.530453 0.391749
vt -3.133303 0.345401
vt -1.751046 0.345136
vt -0.000000 0.344708
vt -0.000000 1.095624
vt -0.601161 1.096170
vt -4.191873 1.100496
vt -4.511529 1.099658
vt -4.670508 0.355638
vt -4.831875 1.098753
vt -5.293417 1.097482
vt -6.151412 1.095772
vt -6.544854 1.095624
vt 0.083040 -0.080000
vt 0.104492 -0.080001
vt 0.083040 0.000000
vt 0.063825 1.143394
vt 0.020746 0.000000
vt -0.015954 1.101902
vt -0.028137 2.590262
vt -0.108862 2.592154
vt -0.115129 3.428025
vt -0.264603 3.870000
vt -0.194899 3.951766
vt -1.445939 3.951766
vt -1.445939 3.870000
vt -0.013443 3.077769
vt -0.083821 3.678900
vt -0.052473 2.325745
vt -0.014575 1.732364
vt -0.074720 1.130634
vt 0.014266 1.731676
vt 0.061521 1.130640
vt 0.053813 2.321213
vt 0.083821 3.678900
vt 0.013450 3.077785
vt -5.496603 0.000000
vt -4.741224 32.448563
vt -5.496603 34.650002
vt -4.741224 33.041077
vt -4.741224 0.001017
vt -4.741224 1.576778
vt -4.741224 1.965371
vt -4.741224 34.649200
vt -1.729986 -13.450622
vt -0.982983 -13.303244
vt -0.015000 -13.246448
vt -6.480905 1.030907
vt -6.058662 1.260836
vt -6.480905 1.449465
vt -5.678048 1.031685
vt -5.561773 1.295424
vt -5.085919 1.448880
vt -4.872458 1.190680
vt -4.577149 1.252523
vt -5.241725 1.032659
vt -4.246693 1.225568
vt -3.832632 1.036177
vt -3.954954 1.390617
vt -3.552130 1.262017
vt -2.023091 1.288156
vt -1.770046 1.034619
vt -1.530642 1.374099
vt -1.250143 1.096648
vt 0.078011 1.211884
vt -0.357596 1.313617
vt -0.595284 1.031420
vt -0.955638 1.286466
vt -1.730401 1.448787
vt -2.473500 1.448647
vt -2.314800 1.158795
vt -2.630867 1.141428
vt -2.887078 1.306912
vt -0.583932 -3.070515
vt -0.610897 -3.963810
vt -0.552436 -3.680928
vt -0.512714 -4.182302
vt -0.454076 -4.270325
vt -0.507553 -3.680928
vt -0.435782 -3.668337
vt -0.419579 -4.294416
vt -0.436512 -3.078390
vt -0.517831 -3.067440
vt -0.517853 -2.453952
vt -0.517819 -2.147208
vt -0.580676 -2.328894
vt -0.588960 -1.792791
vt -0.610944 -1.372194
vt -0.610459 -1.404651
vt -0.573929 -1.119061
vt -0.610959 -0.806505
vt -0.573929 -0.516024
vt -0.610959 -0.013567
vt -0.545175 -0.000000
vt -0.517346 -0.514749
vt -0.424233 -0.574630
vt -0.422728 -1.061173
vt -0.440225 -1.226976
vt -0.429050 -1.517871
vt -0.429469 -2.551870
vt -0.433846 -2.134669
vt -0.476752 -0.019936
vt -0.413547 -0.000000
vt -0.517819 -1.840464
vt -0.433792 -1.829474
vt -0.517821 -1.533720
vt -0.517827 -1.226976
vt -0.517826 -0.920232
vt -6.203054 3.744479
vt -6.203054 3.094420
vt -5.831301 3.744290
vt -5.759979 3.075285
vt -5.283938 3.744951
vt -5.316903 2.801073
vt -4.685903 3.749389
vt -4.319984 2.611733
vt -4.293761 3.747838
vt -3.987677 2.565037
vt -3.710449 3.749644
vt -3.655371 2.527816
vt -3.323065 2.495882
vt -3.124727 3.750834
vt -2.990758 2.472575
vt -2.734780 3.751012
vt -2.658452 2.465287
vt -2.345898 3.750633
vt -2.326145 2.478757
vt -1.956692 3.751643
vt -1.993839 2.399557
vt -1.661532 2.399557
vt -1.661532 1.774836
vt -1.329226 1.774836
vt -1.417744 1.150318
vt -0.996919 1.774836
vt -0.886145 1.150463
vt -0.664613 1.774836
vt -0.426959 1.150623
vt -0.332306 2.160530
vt -0.000000 1.150800
vt -0.000000 1.797319
vt -6.203053 2.224510
vt -5.759979 2.137121
vt -5.316903 1.774836
vt -4.652290 2.021815
vt -4.867888 1.150335
vt -4.474758 1.150246
vt -5.233325 1.150438
vt -6.203054 1.150800
vt -5.876129 1.150662
vt -4.319984 1.774836
vt -4.180589 1.150195
vt -3.987677 1.774836
vt -3.799812 1.150148
vt -3.655371 1.774836
vt -3.413242 1.150120
vt -3.323065 1.774836
vt -3.021119 1.150114
vt -2.990758 1.774836
vt -2.720688 1.150125
vt -2.658452 1.774836
vt -2.367483 1.150154
vt -2.326145 1.774836
vt -1.955192 1.150210
vt -1.993839 1.774836
vt -1.656236 1.150266
vt -0.000000 2.445280
vt -0.332306 3.075285
vt -0.000000 3.094420
vt -0.000000 3.744479
vt -0.392612 3.744605
vt -0.664613 3.075285
vt -0.664613 2.399557
vt -0.783879 3.745611
vt -0.996919 3.075285
vt -0.996919 2.399557
vt -1.174744 3.747015
vt -1.329226 3.075285
vt -1.329226 2.399557
vt -1.566307 3.747211
vt 4.824251 1.150314
vt 4.652293 1.774828
vt 4.313248 1.150208
vt 4.319986 1.774828
vt 3.987680 1.774828
vt 3.987680 2.510346
vt 3.655373 2.481753
vt 3.323066 2.462761
vt 3.710446 3.749648
vt 3.124732 3.750839
vt 5.316906 1.774828
vt 5.316906 1.150461
vt 5.736813 1.150593
vt 5.759982 1.774828
vt 6.203057 1.150801
vt 6.203056 2.224513
vt 5.759982 2.399551
vt 5.759982 3.075284
vt 6.203057 3.094424
vt 6.018531 3.744390
vt 5.455149 3.744608
vt 5.316906 3.075284
vt 5.316906 2.399551
vt 4.878010 3.745958
vt 4.652293 3.075284
vt 4.652293 2.399551
vt 4.293770 3.747842
vt 4.319986 2.564556
vt 2.990760 2.459533
vt 2.734784 3.751017
vt 2.658453 2.476465
vt 2.345874 3.749715
vt 1.956818 3.749384
vt 1.566125 3.748506
vt 1.661533 2.613805
vt 1.329227 2.711056
vt 1.661533 1.774828
vt 1.329227 1.774828
vt 1.779680 1.150249
vt 1.276062 1.150345
vt 0.996920 1.774828
vt 0.614847 1.150534
vt 0.664613 2.093011
vt 0.332307 2.092142
vt -0.000000 1.797330
vt -0.000000 2.445294
vt 0.332307 3.075284
vt 0.000000 3.094430
vt 0.000000 3.744484
vt 0.392612 3.744610
vt 0.664613 3.075284
vt 0.783880 3.745615
vt 0.996920 2.774087
vt 1.174745 3.747020
vt 0.000000 1.150801
vt 1.993840 1.999998
vt 2.123479 1.150160
vt 2.326146 1.995952
vt 2.433951 1.150133
vt 2.658453 1.774828
vt 2.881674 1.150105
vt 2.990760 1.774828
vt 3.315460 1.150125
vt 3.323066 1.774828
vt 3.655373 1.774828
vt 3.749081 1.150144
vt 0.027716 -0.322674
vt 0.004826 -0.395260
vt 0.026801 -0.463479
vt -0.304730 -0.403693
vt -0.212621 -0.456605
vt -0.325584 -0.468436
vt -0.624006 -0.402210
vt -0.802281 -0.442763
vt -1.122120 -0.393855
vt -0.886391 -0.495019
vt -1.328849 -0.455747
vt -1.496505 -0.400799
vt -1.776611 -0.425040
vt 0.011582 -0.161772
vt 0.020691 -0.233884
vt 0.011181 -0.102398
vt -0.337413 -0.156168
vt -1.386171 -0.263894
vt -1.393867 -0.161980
vt -1.708031 -0.261506
vt -0.903531 -0.076296
vt -2.120419 -0.048188
vt -0.556421 -0.530391
vt -0.267940 -0.592587
vt -0.258602 -0.554339
vt -0.293136 -0.291192
vt -0.230668 -0.371271
vt -0.641631 -0.280963
vt -0.769073 -0.308533
vt -1.117572 -0.307754
vt -2.142098 -0.413320
vt -0.146601 -0.521187
vt -1.037390 -0.241209
vt -0.902895 -0.164346
vt -0.476051 -0.092324
vt -0.519602 -0.237271
vt 0.000116 -0.034107
vt -0.259068 -0.231287
vt -0.064871 0.552603
vt -0.213078 0.552603
vt -0.064871 -0.419779
vt -0.213078 -0.552603
vt 0.199157 -0.552603
vt 0.213078 -0.419779
vt 0.255572 0.552592
vt 0.091285 0.552592
vt 0.050062 0.119352
vt -0.123290 0.039117
vt -0.050602 -0.035691
vt -0.124525 -0.186866
vt -0.270415 -0.552591
vt -0.270415 0.552592
vt -0.124525 0.552592
vt -0.124525 -0.552591
vt 0.109142 -0.552592
vt 0.270415 -0.552592
vt 0.478348 -0.176496
vt 0.339325 -0.084031
vt 0.367480 -0.233566
vt 0.240953 -0.103891
vt 0.227100 -0.253626
vt 0.095294 -0.226757
vt 0.142572 -0.084031
vt -0.016912 -0.160587
vt 0.062237 -0.029869
vt 0.008076 0.050466
vt 0.419661 -0.029869
vt 0.565804 -0.089301
vt 0.473828 0.050466
vt 0.623169 0.021365
vt 0.493691 0.148847
vt 0.643764 0.148847
vt 0.473828 0.247228
vt 0.612109 0.305643
vt 0.419661 0.327564
vt 0.525781 0.433689
vt 0.339325 0.381725
vt 0.397736 0.520022
vt 0.240953 0.401585
vt 0.240931 0.551681
vt 0.101414 0.526841
vt 0.142582 0.381725
vt -0.016935 0.458281
vt 0.062246 0.327564
vt 0.008079 0.247228
vt -0.161902 0.551051
vt -0.011784 0.148847
vt -0.161902 -0.409389
vt -0.016935 0.551051
vt -0.498864 -0.409389
vt -0.643787 -0.551681
vt -0.016912 -0.551681
vt -0.498864 0.551051
vt -0.643787 0.551051
vt 0.407399 -0.407568
vt 0.295086 -0.549882
vt 0.635893 -0.549882
vt 0.635893 -0.407568
vt 6.000000 0.175000
vt -6.000000 0.175000
vt 6.000000 -0.175000
vt -6.000000 -0.175000
vt 0.101518 0.552603
vt 0.101518 0.107152
vt 0.249724 0.552603
vt 0.101518 -0.029135
vt 0.249724 -0.552603
vt 0.101518 -0.552603
vt -0.101495 0.107152
vt -0.101495 -0.029135
vt -0.249724 0.552603
vt -0.249724 -0.552603
vt -0.101495 0.552603
vt -0.101495 -0.552603
vt 0.240144 -0.227842
vt 0.089778 -0.227842
vt 0.240144 -0.268503
vt 0.089778 -0.283076
vt 0.201287 -0.467944
vt 0.170947 -0.508228
vt 0.072751 -0.392932
vt 0.128283 -0.539939
vt 0.061233 -0.410499
vt 0.045878 -0.423452
vt -0.002159 -0.568154
vt 0.026222 -0.431463
vt 0.001799 -0.434206
vt -0.022892 -0.431318
vt -0.042946 -0.422950
vt -0.123330 -0.545067
vt -0.058777 -0.409548
vt -0.070800 -0.391555
vt -0.164944 -0.517901
vt -0.089104 -0.282582
vt -0.195806 -0.481825
vt -0.230954 -0.387459
vt -0.240144 -0.270999
vt -0.089104 0.297290
vt -0.240144 0.288384
vt -0.225588 0.405154
vt -0.181303 0.493208
vt -0.084960 0.354288
vt -0.106356 0.548792
vt -0.070696 0.396975
vt -0.058910 0.412453
vt -0.043562 0.423756
vt 0.000180 0.568154
vt -0.000810 0.433037
vt 0.042719 0.423219
vt 0.120453 0.544719
vt 0.057864 0.411482
vt 0.069214 0.395668
vt 0.161567 0.517542
vt 0.085955 0.298774
vt 0.191940 0.481941
vt 0.226290 0.391112
vt 0.235151 0.283526
vt 0.085955 0.236703
vt 0.235151 0.236703
vt 0.164707 0.035715
vt 0.083529 0.162885
vt 0.126076 0.014236
vt 0.062400 0.111911
vt 0.061059 -0.083973
vt 0.045338 -0.067538
vt 0.045261 0.094982
vt 0.023996 -0.056785
vt 0.023194 0.083307
vt -0.037355 0.074373
vt 0.089857 0.260054
vt 0.201037 0.076532
vt 0.228010 0.144067
vt 0.238570 0.245699
vt 0.238570 0.291353
vt 0.221598 0.413216
vt 0.171719 0.494012
vt 0.084857 0.343391
vt 0.090484 0.538788
vt 0.066144 0.389781
vt 0.049924 0.406626
vt 0.028207 0.418937
vt -0.020556 0.552592
vt -0.034477 0.429056
vt -0.090363 0.429056
vt -0.238570 0.552592
vt -0.090363 0.074373
vt -0.090363 -0.049140
vt -0.038659 -0.049140
vt -0.238570 -0.552591
vt -0.090363 -0.552591
vt 0.078853 -0.139190
vt 0.170177 -0.012216
vt 0.202074 -0.053854
vt 0.221448 -0.118116
vt 0.227977 -0.212437
vt 0.228655 -0.392061
vt 0.094839 -0.552592
vt 0.238390 -0.552592
s 1
usemtl Opaque(246,246,243).002
f 50/1/1 1/2/2 49/3/2
f 49/3/2 1/2/2 2/4/3
f 49/3/2 2/4/3 48/5/4
f 48/5/4 2/4/3 3/6/5
f 48/5/4 3/6/5 4/7/6
f 48/5/4 4/7/6 47/8/2
f 47/8/2 4/7/6 5/9/7
f 47/8/2 5/9/7 46/10/2
f 46/10/2 5/9/7 6/11/8
f 46/10/2 6/11/8 45/12/1
f 45/12/1 6/11/8 7/13/9
f 45/12/1 7/13/9 44/14/10
f 44/14/10 7/13/9 8/15/11
f 44/14/10 8/15/11 43/16/12
f 43/16/12 8/15/11 9/17/13
f 43/16/12 9/17/13 42/18/14
f 42/18/14 9/17/13 10/19/15
f 42/18/14 10/19/15 41/20/1
f 41/20/1 10/19/15 11/21/16
f 41/20/1 11/21/16 12/22/17
f 41/20/1 12/22/17 14/23/18
f 14/23/18 12/22/17 13/24/19
f 14/23/18 15/25/20 41/20/1
f 41/20/1 15/25/20 40/26/1
f 40/26/1 15/25/20 17/27/21
f 40/26/1 17/27/21 18/28/22
f 15/25/20 16/29/23 17/27/21
f 18/28/22 19/30/24 40/26/1
f 40/26/1 19/30/24 39/31/25
f 39/31/25 19/30/24 20/32/26
f 39/31/25 20/32/26 38/33/27
f 38/33/27 20/32/26 21/34/28
f 38/33/27 21/34/28 37/35/29
f 37/35/29 21/34/28 22/36/30
f 37/35/29 22/36/30 36/37/29
f 36/37/29 22/36/30 23/38/31
f 36/37/29 23/38/31 35/39/1
f 35/39/1 23/38/31 24/40/32
f 35/39/1 24/40/32 25/41/33
f 35/39/1 25/41/33 34/42/34
f 34/42/34 25/41/33 26/43/35
f 34/42/34 26/43/35 27/44/36
f 34/42/34 27/44/36 33/45/37
f 33/45/37 27/44/36 28/46/38
f 33/45/37 28/46/38 32/47/37
f 32/47/37 28/46/38 29/48/39
f 32/47/37 29/48/39 31/49/40
f 31/49/40 29/48/39 30/50/41
f 31/51/40 30/52/41 52/53/42
f 52/53/42 30/52/41 51/54/43
f 54/55/42 53/56/44 50/57/45
f 50/57/45 53/56/44 1/58/45
f 41/59/45 55/55/45 42/60/46
f 42/60/46 55/55/45 56/61/46
f 42/60/46 56/61/46 43/62/47
f 43/62/47 56/61/46 57/63/47
f 43/62/47 57/63/47 44/64/48
f 44/64/48 57/63/47 58/65/48
f 44/64/48 58/65/48 45/66/49
f 45/66/49 58/65/48 59/67/49
f 45/66/49 59/67/49 46/68/50
f 46/68/50 59/67/49 60/69/50
f 46/68/50 60/69/50 47/70/51
f 47/70/51 60/69/50 61/71/51
f 47/70/51 61/71/51 48/72/52
f 48/72/52 61/71/51 62/73/52
f 48/72/52 62/73/52 49/74/53
f 49/74/53 62/73/52 63/75/53
f 49/74/53 63/75/53 50/76/54
f 50/76/54 63/75/53 54/77/54
f 64/55/45 55/78/45 40/57/45
f 40/57/45 55/78/45 41/79/45
f 31/80/55 52/81/55 32/82/56
f 32/82/56 52/81/55 65/83/56
f 32/82/56 65/83/56 33/84/57
f 33/84/57 65/83/56 66/85/57
f 33/84/57 66/85/57 34/86/58
f 34/86/58 66/85/57 67/87/58
f 34/86/58 67/87/58 35/88/59
f 35/88/59 67/87/58 68/89/59
f 35/88/59 68/89/59 36/90/60
f 36/90/60 68/89/59 69/91/60
f 36/90/60 69/91/60 37/92/61
f 37/92/61 69/91/60 70/93/61
f 37/92/61 70/93/61 38/94/62
f 38/94/62 70/93/61 71/95/62
f 38/94/62 71/95/62 39/96/63
f 39/96/63 71/95/62 72/97/63
f 39/96/63 72/97/63 40/98/45
f 40/98/45 72/97/63 64/99/45
f 73/100/64 74/101/65 75/102/66
f 73/100/64 75/102/66 76/103/66
f 73/100/64 76/103/66 55/104/66
f 55/104/66 76/103/66 77/105/66
f 55/104/66 77/105/66 78/106/66
f 55/104/66 78/106/66 56/107/66
f 56/107/66 78/106/66 79/108/66
f 56/107/66 79/108/66 57/109/66
f 57/109/66 79/108/66 80/110/66
f 57/109/66 80/110/66 58/111/66
f 58/111/66 80/110/66 81/112/66
f 58/111/66 81/112/66 59/113/66
f 59/113/66 81/112/66 82/114/67
f 59/113/66 82/114/67 60/115/66
f 60/115/66 82/114/67 83/116/68
f 60/115/66 83/116/68 61/117/69
f 61/117/69 83/116/68 84/118/70
f 61/117/69 84/118/70 62/119/66
f 62/119/66 84/118/70 85/120/70
f 62/119/66 85/120/70 86/121/66
f 62/119/66 86/121/66 63/122/66
f 63/122/66 86/121/66 53/123/44
f 63/122/66 53/123/44 54/124/42
f 55/104/66 64/125/66 73/100/64
f 73/100/64 64/125/66 98/126/71
f 98/126/71 64/125/66 96/127/66
f 98/126/71 96/127/66 97/128/72
f 72/129/66 94/130/66 64/125/66
f 64/125/66 94/130/66 95/131/66
f 64/125/66 95/131/66 96/127/66
f 94/130/66 72/129/66 93/132/66
f 93/132/66 72/129/66 71/133/66
f 93/132/66 71/133/66 92/134/66
f 92/134/66 71/133/66 70/135/66
f 92/134/66 70/135/66 91/136/66
f 91/136/66 70/135/66 69/137/66
f 91/136/66 69/137/66 90/138/66
f 90/138/66 69/137/66 68/139/66
f 90/138/66 68/139/66 89/140/66
f 89/140/66 68/139/66 67/141/66
f 89/140/66 67/141/66 88/142/70
f 88/142/70 67/141/66 66/143/69
f 88/142/70 66/143/69 87/144/69
f 87/144/69 66/143/69 65/145/68
f 87/144/69 65/145/68 51/146/43
f 51/146/43 65/145/68 52/147/42
f 1300/148/73 14/149/18 1085/150/74
f 1085/150/74 14/149/18 124/151/75
f 124/151/75 14/149/18 13/152/19
f 124/151/75 13/152/19 123/153/76
f 123/153/76 13/152/19 12/154/17
f 123/153/76 12/154/17 122/155/77
f 122/155/77 12/154/17 11/156/16
f 122/155/77 11/156/16 121/157/78
f 121/157/78 11/156/16 10/158/15
f 9/159/13 8/160/11 119/161/79
f 119/161/79 8/160/11 127/162/80
f 119/161/79 127/162/80 118/163/81
f 118/163/81 127/162/80 126/164/82
f 118/163/81 126/164/82 1078/165/83
f 1078/165/83 126/164/82 6/166/8
f 1078/165/83 6/166/8 1077/167/84
f 1077/167/84 6/166/8 5/168/7
f 1077/167/84 5/168/7 117/169/85
f 117/169/85 5/168/7 4/170/6
f 117/169/85 4/170/6 116/171/86
f 116/171/86 4/170/6 3/172/5
f 116/171/86 3/172/5 115/173/87
f 115/173/87 3/172/5 2/174/3
f 115/173/87 2/174/3 114/175/88
f 114/175/88 2/174/3 125/176/89
f 114/175/88 125/176/89 113/177/90
f 113/177/90 125/176/89 1/178/91
f 113/177/90 1/178/91 112/179/92
f 112/179/92 1/178/91 53/180/93
f 8/160/11 7/181/94 127/162/80
f 127/162/80 7/181/94 126/164/82
f 7/181/94 6/166/8 126/164/82
f 125/176/89 2/174/3 1/178/91
f 112/179/92 53/180/93 111/182/95
f 111/182/95 53/180/93 86/183/96
f 111/182/95 86/183/96 110/184/97
f 110/184/97 86/183/96 85/185/98
f 110/184/97 85/185/98 109/186/99
f 109/186/99 85/185/98 84/187/100
f 84/187/100 83/188/101 109/186/99
f 109/186/99 83/188/101 108/189/102
f 108/189/102 83/188/101 82/190/103
f 108/189/102 82/190/103 107/191/104
f 107/191/104 82/190/103 81/192/105
f 107/191/104 81/192/105 106/193/106
f 106/193/106 81/192/105 80/194/107
f 106/193/106 80/194/107 105/195/108
f 105/195/108 80/194/107 79/196/109
f 105/195/108 79/196/109 104/197/110
f 104/197/110 79/196/109 78/198/111
f 104/197/110 78/198/111 103/199/112
f 103/199/112 78/198/111 77/200/113
f 103/199/112 77/200/113 102/201/114
f 102/201/114 77/200/113 76/202/115
f 102/201/114 76/202/115 101/203/116
f 101/203/116 76/202/115 75/204/117
f 101/203/116 75/204/117 100/205/118
f 100/205/118 75/204/117 74/206/65
f 100/205/118 74/206/65 99/207/119
f 99/207/119 74/206/65 73/208/64
f 119/161/79 120/209/120 9/159/13
f 9/159/13 120/209/120 10/158/15
f 120/209/120 121/157/78 10/158/15
f 73/210/64 98/211/71 128/212/121
f 73/210/64 128/212/121 99/213/119
f 129/214/122 130/215/123 132/216/124
f 132/216/124 130/215/123 131/55/125
f 131/217/125 130/218/123 134/219/126
f 134/219/126 130/218/123 133/220/127
f 135/215/128 136/55/128 133/221/127
f 133/221/127 136/55/128 134/222/126
f 136/223/129 137/224/130 134/225/126
f 134/225/126 137/224/130 145/226/131
f 145/226/131 137/224/130 138/227/132
f 145/226/131 138/227/132 144/228/133
f 144/228/133 138/227/132 139/229/134
f 144/228/133 139/229/134 140/230/135
f 141/231/136 142/232/137 140/230/135
f 140/230/135 142/232/137 143/233/138
f 143/233/138 144/228/133 140/230/135
f 136/234/139 135/235/139 137/236/140
f 137/236/140 135/235/139 146/237/140
f 137/236/140 146/237/140 138/238/141
f 138/238/141 146/237/140 147/239/141
f 138/238/141 147/239/141 139/240/142
f 139/240/142 147/239/141 148/241/142
f 149/242/143 150/243/144 154/55/145
f 154/55/145 150/243/144 153/215/145
f 153/215/145 150/243/144 151/244/146
f 153/215/145 151/244/146 152/245/147
f 155/246/148 156/247/149 148/248/150
f 148/248/150 156/247/149 157/249/151
f 148/248/150 157/249/151 139/250/150
f 139/250/150 157/249/151 140/251/135
f 140/252/135 157/253/151 141/254/136
f 141/254/136 157/253/151 180/255/152
f 180/255/152 157/253/151 156/256/149
f 179/257/153 156/256/149 155/258/148
f 179/257/153 155/258/148 1323/259/154
f 1323/259/154 155/258/148 152/260/155
f 151/261/146 181/262/156 152/260/155
f 152/260/155 181/262/156 161/263/157
f 158/264/158 159/265/159 150/266/144
f 150/266/144 159/265/159 151/261/146
f 151/261/146 161/263/157 181/262/156
f 149/267/143 158/264/158 150/266/144
f 152/260/155 161/263/157 1323/259/154
f 1323/259/154 161/263/157 162/268/160
f 1323/259/154 162/268/160 177/269/161
f 177/269/161 162/268/160 169/270/162
f 177/269/161 169/270/162 170/271/163
f 164/272/164 167/273/165 168/274/166
f 164/272/164 168/274/166 163/275/167
f 163/275/167 168/274/166 169/270/162
f 163/275/167 169/270/162 162/268/160
f 166/276/168 167/273/165 165/277/169
f 165/277/169 167/273/165 164/272/164
f 170/271/163 171/278/170 176/279/171
f 176/279/171 171/278/170 175/280/172
f 175/280/172 171/278/170 172/281/173
f 174/282/174 172/281/173 173/283/175
f 174/282/174 175/280/172 172/281/173
f 176/279/171 1221/284/176 170/271/163
f 170/271/163 1221/284/176 177/269/161
f 177/269/161 178/285/177 1323/259/154
f 179/257/153 180/255/152 156/256/149
f 161/263/157 151/261/146 160/286/178
f 151/261/146 159/265/159 160/286/178
f 149/287/143 154/288/179 158/289/158
f 158/289/158 154/288/179 188/290/180
f 188/290/180 154/288/179 187/291/66
f 187/291/66 154/288/179 182/292/66
f 187/291/66 182/292/66 186/293/66
f 186/293/66 182/292/66 183/294/66
f 186/293/66 183/294/66 185/295/66
f 185/295/66 183/294/66 184/296/66
f 154/297/181 153/298/181 182/299/182
f 182/299/182 153/298/181 189/300/182
f 182/299/182 189/300/182 183/301/183
f 183/301/183 189/300/182 190/302/183
f 183/301/183 190/302/183 184/303/184
f 184/303/184 190/302/183 191/304/184
f 191/305/128 192/215/128 184/306/128
f 184/306/128 192/215/128 185/55/128
f 193/305/45 194/215/45 196/306/45
f 196/306/45 194/215/45 195/55/45
f 129/307/185 132/308/185 202/309/186
f 202/309/186 132/308/185 197/310/186
f 202/309/186 197/310/186 201/311/187
f 201/311/187 197/310/186 198/312/187
f 201/311/187 198/312/187 200/313/188
f 200/313/188 198/312/187 199/314/188
f 132/315/124 131/316/125 203/317/189
f 132/315/124 203/317/189 197/318/66
f 197/318/66 203/317/189 198/319/66
f 198/319/66 203/317/189 205/320/66
f 198/319/66 205/320/66 199/321/66
f 203/317/189 204/322/190 205/320/66
f 185/234/139 192/235/139 186/236/140
f 186/236/140 192/235/139 206/237/140
f 186/236/140 206/237/140 187/238/141
f 187/238/141 206/237/140 207/239/141
f 187/238/141 207/239/141 188/240/142
f 188/240/142 207/239/141 208/241/142
f 161/323/157 160/324/178 208/325/150
f 208/325/150 160/324/178 159/326/159
f 208/325/150 159/326/159 188/327/150
f 188/327/150 159/326/159 158/328/158
f 165/329/169 164/243/164 210/55/145
f 210/55/145 164/243/164 209/215/145
f 209/215/145 164/243/164 163/244/167
f 209/215/145 163/244/167 162/245/160
f 193/307/185 196/308/185 216/309/186
f 216/309/186 196/308/185 211/310/186
f 216/309/186 211/310/186 215/311/187
f 215/311/187 211/310/186 212/312/187
f 215/311/187 212/312/187 214/313/188
f 214/313/188 212/312/187 213/314/188
f 195/330/66 217/331/66 196/332/66
f 196/332/66 217/331/66 211/333/66
f 211/333/66 217/331/66 218/334/66
f 211/333/66 218/334/66 212/335/66
f 212/335/66 218/334/66 219/336/66
f 212/335/66 219/336/66 213/337/66
f 213/337/66 219/336/66 221/338/66
f 221/338/66 219/336/66 220/339/66
f 222/340/150 214/215/150 221/341/150
f 221/341/150 214/215/150 213/55/150
f 223/340/145 224/215/145 226/341/145
f 226/341/145 224/215/145 225/55/145
f 224/342/128 227/215/128 225/343/128
f 225/343/128 227/215/128 228/55/128
f 227/340/150 229/215/150 228/341/150
f 228/341/150 229/215/150 230/55/150
f 231/340/145 232/215/145 234/341/145
f 234/341/145 232/215/145 233/55/145
f 232/344/128 235/215/128 233/345/128
f 233/345/128 235/215/128 236/55/128
f 235/346/191 237/347/192 236/348/191
f 236/348/191 237/347/192 238/349/192
f 239/350/193 240/351/194 241/352/193
f 241/352/193 240/351/194 204/353/194
f 242/215/128 205/55/128 240/344/128
f 240/344/128 205/55/128 204/345/128
f 242/340/150 200/215/150 205/341/150
f 205/341/150 200/215/150 199/55/150
f 243/340/145 244/215/145 219/341/145
f 219/341/145 244/215/145 220/55/145
f 244/342/128 222/215/128 220/343/128
f 220/343/128 222/215/128 221/55/128
f 223/354/195 226/355/195 250/356/196
f 250/356/196 226/355/195 245/357/196
f 250/356/196 245/357/196 249/358/197
f 249/358/197 245/357/196 246/359/197
f 249/358/197 246/359/197 248/360/198
f 248/360/198 246/359/197 247/361/198
f 225/362/66 228/363/66 226/364/66
f 226/364/66 228/363/66 230/365/66
f 226/364/66 230/365/66 251/366/66
f 226/364/66 251/366/66 245/367/66
f 245/367/66 251/366/66 252/368/66
f 245/367/66 252/368/66 246/369/66
f 246/369/66 252/368/66 253/370/66
f 246/369/66 253/370/66 247/371/66
f 236/372/199 254/373/200 233/374/66
f 233/374/66 254/373/200 258/375/66
f 233/374/66 258/375/66 234/376/66
f 258/375/66 254/373/200 257/377/66
f 257/377/66 254/373/200 256/378/124
f 256/378/124 254/373/200 255/379/201
f 230/314/188 229/313/188 251/312/187
f 251/312/187 229/313/188 259/311/187
f 251/312/187 259/311/187 252/310/186
f 252/310/186 259/311/187 260/309/186
f 252/310/186 260/309/186 253/308/185
f 253/308/185 260/309/186 261/307/185
f 262/305/128 263/215/128 265/306/128
f 265/306/128 263/215/128 264/55/128
f 261/305/45 248/215/45 253/306/45
f 253/306/45 248/215/45 247/55/45
f 264/234/139 263/235/139 271/236/140
f 271/236/140 263/235/139 266/237/140
f 271/236/140 266/237/140 270/238/141
f 270/238/141 266/237/140 267/239/141
f 270/238/141 267/239/141 269/240/142
f 269/240/142 267/239/141 268/241/142
f 231/354/195 234/355/195 274/356/196
f 274/356/196 234/355/195 258/357/196
f 274/356/196 258/357/196 273/358/197
f 273/358/197 258/357/196 257/359/197
f 273/358/197 257/359/197 272/360/198
f 272/360/198 257/359/197 256/361/198
f 169/380/162 168/381/166 268/382/150
f 268/382/150 168/381/166 269/383/150
f 269/383/150 168/381/166 166/384/150
f 166/384/150 168/381/166 167/385/165
f 173/386/175 172/387/173 276/55/145
f 276/55/145 172/387/173 275/215/145
f 275/215/145 172/387/173 171/244/170
f 275/215/145 171/244/170 170/245/163
f 276/388/66 281/389/202 173/390/175
f 173/390/175 281/389/202 282/391/203
f 276/388/66 277/392/66 281/389/202
f 281/389/202 277/392/66 278/393/66
f 281/389/202 278/393/66 280/394/204
f 280/394/204 278/393/66 279/395/66
f 173/390/175 282/391/203 174/396/174
f 276/297/181 275/298/181 277/299/182
f 277/299/182 275/298/181 283/300/182
f 277/299/182 283/300/182 278/301/183
f 278/301/183 283/300/182 284/302/183
f 278/301/183 284/302/183 279/303/184
f 279/303/184 284/302/183 285/304/184
f 285/221/205 286/215/206 279/222/128
f 279/222/128 286/215/206 280/55/207
f 280/397/207 286/398/206 287/399/208
f 287/399/208 255/400/209 280/397/207
f 272/215/45 256/55/124 287/214/210
f 287/214/210 256/55/124 255/401/201
f 165/402/169 210/403/211 166/404/168
f 166/404/168 210/403/211 269/405/66
f 269/405/66 210/403/211 270/406/66
f 270/406/66 210/403/211 288/407/66
f 270/406/66 288/407/66 271/408/66
f 271/408/66 288/407/66 289/409/66
f 271/408/66 289/409/66 264/410/66
f 264/410/66 289/409/66 265/411/66
f 293/412/212 294/413/213 292/414/214
f 292/414/214 294/413/213 295/415/215
f 291/416/216 296/417/217 290/418/218
f 290/418/218 296/417/217 297/419/219
f 306/420/220 298/421/221 308/422/222
f 310/423/223 309/424/224 301/425/225
f 300/426/226 301/425/225 299/427/227
f 299/427/227 308/422/222 298/421/221
f 301/425/225 302/428/228 310/423/223
f 308/422/222 309/424/224 306/420/220
f 302/428/228 303/429/229 307/430/230
f 302/428/228 307/430/230 310/423/223
f 310/423/223 307/430/230 305/431/231
f 310/423/223 305/431/231 309/424/224
f 309/424/224 305/431/231 306/420/220
f 303/429/229 304/432/232 307/430/230
f 307/430/230 304/432/232 305/431/231
f 299/427/227 301/425/225 309/424/224
f 309/424/224 308/422/222 299/427/227
f 311/433/233 313/434/234 317/435/235
f 317/435/235 313/434/234 314/436/236
f 317/435/235 314/436/236 316/437/45
f 316/437/45 314/436/236 296/438/45
f 313/434/234 311/433/233 312/439/237
f 316/437/45 296/438/45 291/440/216
f 316/437/45 291/440/216 315/441/238
f 294/442/213 318/443/239 295/444/215
f 295/444/215 318/443/239 323/445/240
f 323/445/240 318/443/239 319/446/241
f 323/445/240 319/446/241 322/447/242
f 322/447/242 319/446/241 320/448/243
f 322/447/242 320/448/243 321/449/243
f 335/450/1 324/451/1 336/452/1
f 336/452/1 324/451/1 325/453/1
f 336/452/1 325/453/1 326/454/1
f 336/452/1 326/454/1 342/455/1
f 342/455/1 326/454/1 327/456/1
f 342/455/1 327/456/1 341/457/1
f 341/457/1 327/456/1 328/458/1
f 341/457/1 328/458/1 329/459/1
f 341/457/1 329/459/1 340/460/1
f 340/460/1 329/459/1 330/461/1
f 340/460/1 330/461/1 331/462/1
f 340/460/1 331/462/1 339/463/1
f 339/463/1 331/462/1 332/464/1
f 339/463/1 332/464/1 338/465/1
f 338/465/1 332/464/1 333/466/1
f 338/465/1 333/466/1 334/467/1
f 338/465/1 334/467/1 337/468/1
f 337/468/1 334/467/1 335/450/1
f 337/468/1 335/450/1 336/452/1
f 313/469/244 312/470/237 343/471/245
f 343/471/245 312/470/237 344/472/246
f 306/473/220 350/474/247 298/475/221
f 350/474/247 306/473/220 351/476/248
f 351/476/248 306/473/220 305/477/231
f 351/476/248 305/477/231 349/478/249
f 349/478/249 305/477/231 304/479/232
f 304/479/232 345/480/250 349/478/249
f 349/478/249 345/480/250 346/481/251
f 349/478/249 346/481/251 353/482/252
f 353/482/252 346/481/251 347/483/253
f 353/482/252 347/483/253 352/484/254
f 352/484/254 347/483/253 348/485/255
f 352/484/254 348/485/255 350/474/247
f 350/474/247 348/485/255 298/475/221
f 351/476/248 349/478/249 353/482/252
f 353/482/252 352/484/254 350/474/247
f 350/474/247 351/476/248 353/482/252
f 291/486/216 290/487/218 315/488/238
f 315/488/238 290/487/218 405/489/256
f 405/489/256 290/487/218 354/490/257
f 405/489/256 354/490/257 355/491/69
f 356/492/66 404/493/66 355/491/69
f 355/491/69 404/493/66 405/489/256
f 404/493/66 356/492/66 403/494/69
f 403/494/69 356/492/66 357/495/69
f 403/494/69 357/495/69 358/496/66
f 403/494/69 358/496/66 402/497/66
f 402/497/66 358/496/66 359/498/66
f 402/497/66 359/498/66 360/499/66
f 402/497/66 360/499/66 401/500/66
f 401/500/66 360/499/66 361/501/66
f 401/500/66 361/501/66 400/502/66
f 400/502/66 361/501/66 362/503/258
f 400/502/66 362/503/258 399/504/258
f 399/504/258 362/503/258 363/505/259
f 399/504/258 363/505/259 364/506/66
f 399/504/258 364/506/66 398/507/66
f 398/507/66 364/506/66 365/508/66
f 398/507/66 365/508/66 397/509/260
f 397/509/260 365/508/66 366/510/261
f 397/509/260 366/510/261 396/511/262
f 396/511/262 366/510/261 367/512/263
f 396/511/262 367/512/263 395/513/264
f 395/513/264 367/512/263 394/514/66
f 394/514/66 367/512/263 368/515/66
f 394/514/66 368/515/66 369/516/66
f 394/514/66 369/516/66 393/517/66
f 393/517/66 369/516/66 370/518/66
f 393/517/66 370/518/66 392/519/66
f 392/519/66 370/518/66 371/520/66
f 392/519/66 371/520/66 391/521/66
f 391/521/66 371/520/66 372/522/66
f 391/521/66 372/522/66 373/523/66
f 391/521/66 373/523/66 390/524/66
f 390/524/66 373/523/66 374/525/66
f 390/524/66 374/525/66 389/526/66
f 389/526/66 374/525/66 375/527/66
f 389/526/66 375/527/66 376/528/66
f 389/526/66 376/528/66 388/529/66
f 388/529/66 376/528/66 377/530/66
f 388/529/66 377/530/66 387/531/66
f 387/531/66 377/530/66 378/532/66
f 387/531/66 378/532/66 386/533/66
f 386/533/66 378/532/66 379/534/66
f 386/533/66 379/534/66 385/535/66
f 385/535/66 379/534/66 380/536/66
f 385/535/66 380/536/66 381/537/66
f 385/535/66 381/537/66 384/538/66
f 384/538/66 381/537/66 382/539/265
f 384/538/66 382/539/265 293/540/212
f 292/541/214 383/542/266 293/540/212
f 293/540/212 383/542/266 384/538/66
f 367/543/267 424/544/268 368/545/269
f 368/545/269 424/544/268 406/546/270
f 410/547/271 395/548/264 407/549/272
f 407/549/272 395/548/264 394/550/273
f 300/551/226 299/552/227 407/549/272
f 407/549/272 299/552/227 298/553/221
f 298/553/221 348/554/255 407/549/272
f 407/549/272 348/554/255 410/547/271
f 410/547/271 348/554/255 409/555/274
f 409/555/274 348/554/255 408/556/275
f 354/557/276 411/558/276 355/559/277
f 355/559/277 411/558/276 412/560/277
f 355/559/277 412/560/277 413/561/278
f 355/559/277 413/561/278 356/562/279
f 356/562/279 413/561/278 414/563/280
f 356/562/279 414/563/280 357/564/281
f 357/564/281 414/563/280 415/565/282
f 357/564/281 415/565/282 358/566/283
f 358/566/283 415/565/282 416/567/284
f 358/566/283 416/567/284 359/568/284
f 359/568/284 416/567/284 417/569/285
f 359/568/284 417/569/285 360/570/285
f 360/570/285 417/569/285 418/571/286
f 360/570/285 418/571/286 361/572/286
f 361/572/286 418/571/286 419/573/287
f 361/572/286 419/573/287 362/574/287
f 362/574/287 419/573/287 420/575/288
f 362/574/287 420/575/288 363/576/288
f 363/576/288 420/575/288 421/577/289
f 363/576/288 421/577/289 364/578/289
f 364/578/289 421/577/289 422/579/290
f 364/578/289 422/579/290 365/580/290
f 365/580/290 422/579/290 423/581/291
f 365/580/290 423/581/291 366/582/292
f 366/582/292 423/581/291 424/583/268
f 366/582/292 424/583/268 367/584/267
f 296/585/217 314/586/293 297/587/219
f 297/587/219 314/586/293 425/588/294
f 425/588/294 314/586/293 313/589/244
f 425/588/294 313/589/244 343/590/245
f 437/591/1 426/592/1 438/593/1
f 438/593/1 426/592/1 427/594/1
f 438/593/1 427/594/1 445/595/1
f 445/595/1 427/594/1 428/596/1
f 445/595/1 428/596/1 429/597/1
f 445/595/1 429/597/1 444/598/1
f 444/598/1 429/597/1 443/599/1
f 443/599/1 429/597/1 430/600/1
f 443/599/1 430/600/1 431/601/1
f 443/599/1 431/601/1 442/602/1
f 442/602/1 431/601/1 432/603/1
f 442/602/1 432/603/1 433/604/1
f 442/602/1 433/604/1 441/605/1
f 441/605/1 433/604/1 434/606/1
f 441/605/1 434/606/1 440/607/1
f 440/607/1 434/606/1 435/608/1
f 440/607/1 435/608/1 436/609/1
f 440/607/1 436/609/1 439/610/1
f 439/610/1 436/609/1 437/591/1
f 439/610/1 437/591/1 438/593/1
f 447/611/295 337/612/296 446/613/297
f 446/613/297 337/612/296 336/614/298
f 446/615/297 336/616/298 452/617/299
f 452/617/299 336/616/298 342/618/300
f 452/617/299 342/618/300 451/619/301
f 451/619/301 342/618/300 341/620/302
f 451/619/301 341/620/302 450/621/303
f 450/621/303 341/620/302 340/622/304
f 450/621/303 340/622/304 449/623/305
f 449/623/305 340/622/304 339/624/306
f 449/623/305 339/624/306 448/625/307
f 448/625/307 339/624/306 338/626/308
f 448/625/307 338/626/308 447/611/295
f 447/611/295 338/626/308 337/612/296
f 454/611/309 439/612/310 453/613/311
f 453/613/311 439/612/310 438/614/312
f 453/627/311 438/628/312 445/629/313
f 453/627/311 445/629/313 461/630/314
f 461/630/314 445/629/313 460/631/315
f 460/631/315 445/629/313 444/632/316
f 460/631/315 444/632/316 459/633/317
f 459/633/317 444/632/316 443/634/318
f 459/633/317 443/634/318 458/621/319
f 458/621/319 443/634/318 442/622/320
f 458/621/319 442/622/320 457/635/321
f 457/635/321 442/622/320 441/636/322
f 457/635/321 441/636/322 456/637/323
f 456/637/323 441/636/322 440/638/324
f 456/637/323 440/638/324 455/639/325
f 455/639/325 440/638/324 454/611/309
f 454/611/309 440/638/324 439/612/310
f 293/640/212 382/641/265 462/642/45
f 293/640/212 462/642/45 294/643/326
f 294/643/326 462/642/45 463/644/45
f 294/643/326 463/644/45 464/645/326
f 294/643/326 464/645/326 318/646/45
f 318/646/45 464/645/326 465/647/45
f 318/646/45 465/647/45 319/648/45
f 319/648/45 465/647/45 466/649/45
f 319/648/45 466/649/45 320/650/45
f 320/650/45 466/649/45 468/651/45
f 468/651/45 466/649/45 467/652/45
f 484/653/327 316/654/328 485/655/329
f 485/655/329 316/654/328 315/656/330
f 315/656/330 405/657/331 485/655/329
f 485/655/329 405/657/331 483/658/332
f 483/658/332 405/657/331 404/659/333
f 483/658/332 404/659/333 486/660/334
f 486/660/334 404/659/333 403/661/335
f 486/660/334 403/661/335 487/662/336
f 487/662/336 403/661/335 488/663/337
f 488/663/337 403/661/335 402/664/338
f 488/663/337 402/664/338 489/665/339
f 489/665/339 402/664/338 490/666/340
f 490/666/340 402/664/338 401/667/341
f 490/666/340 401/667/341 491/668/342
f 491/668/342 401/667/341 492/669/343
f 492/669/343 401/667/341 400/670/344
f 492/669/343 400/670/344 493/671/345
f 493/671/345 400/670/344 399/672/346
f 493/671/345 399/672/346 494/673/347
f 494/673/347 399/672/346 495/674/348
f 495/674/348 399/672/346 398/675/349
f 495/674/348 398/675/349 496/676/350
f 496/676/350 398/675/349 497/677/351
f 496/676/350 497/677/351 472/678/352
f 472/678/352 497/677/351 471/679/353
f 471/679/353 497/677/351 396/680/262
f 471/679/353 396/680/262 470/681/354
f 470/681/354 396/680/262 469/682/355
f 469/682/355 396/680/262 410/683/271
f 469/682/355 410/683/271 409/684/274
f 398/675/349 397/685/260 497/677/351
f 497/677/351 397/685/260 396/680/262
f 396/680/262 395/686/264 410/683/271
f 472/678/352 473/687/356 496/676/350
f 496/676/350 473/687/356 495/674/348
f 473/687/356 474/688/357 495/674/348
f 495/674/348 474/688/357 494/673/347
f 494/673/347 474/688/357 493/671/345
f 493/671/345 474/688/357 475/689/358
f 493/671/345 475/689/358 492/669/343
f 492/669/343 475/689/358 476/690/359
f 492/669/343 476/690/359 491/668/342
f 491/668/342 476/690/359 477/691/360
f 491/668/342 477/691/360 490/666/340
f 490/666/340 477/691/360 478/692/361
f 490/666/340 478/692/361 489/665/339
f 489/665/339 478/692/361 479/693/362
f 489/665/339 479/693/362 480/694/363
f 489/665/339 480/694/363 488/663/337
f 488/663/337 480/694/363 481/695/364
f 488/663/337 481/695/364 487/662/336
f 487/662/336 481/695/364 486/660/334
f 481/695/364 482/696/365 486/660/334
f 486/660/334 482/696/365 483/658/332
f 483/658/332 484/653/327 485/655/329
f 408/697/275 504/698/366 500/699/367
f 500/699/367 504/698/366 499/700/368
f 499/700/368 504/698/366 498/701/369
f 498/701/369 504/698/366 501/702/370
f 498/701/369 501/702/370 345/703/250
f 345/703/250 501/702/370 346/704/251
f 346/704/251 501/702/370 503/705/371
f 346/704/251 503/705/371 347/706/253
f 347/706/253 503/705/371 502/707/372
f 348/708/255 502/707/372 408/697/275
f 348/708/255 347/706/253 502/707/372
f 500/699/367 409/709/274 408/697/275
f 503/705/371 408/697/275 502/707/372
f 501/702/370 504/698/366 503/705/371
f 503/705/371 504/698/366 408/697/275
f 312/710/237 311/711/233 344/712/246
f 344/712/246 311/711/233 528/713/373
f 528/713/373 529/714/374 527/715/375
f 527/715/375 529/714/374 530/716/376
f 527/715/375 530/716/376 526/717/377
f 526/717/377 530/716/376 531/718/378
f 526/717/377 531/718/378 532/719/379
f 526/717/377 532/719/379 533/720/380
f 526/717/377 533/720/380 525/721/381
f 525/721/381 533/720/380 534/722/382
f 525/721/381 534/722/382 535/723/383
f 525/721/381 535/723/383 524/724/384
f 524/724/384 535/723/383 536/725/385
f 524/724/384 536/725/385 537/726/386
f 524/724/384 537/726/386 523/727/387
f 523/727/387 537/726/386 538/728/388
f 523/727/387 538/728/388 539/729/389
f 523/727/387 539/729/389 522/730/390
f 522/730/390 539/729/389 540/731/391
f 522/730/390 540/731/391 541/732/392
f 522/730/390 541/732/392 521/733/393
f 521/733/393 541/732/392 520/734/394
f 520/734/394 541/732/392 519/735/395
f 509/736/396 510/737/397 508/738/398
f 311/711/233 505/739/399 528/713/373
f 527/715/375 344/712/246 528/713/373
f 528/713/373 505/739/399 529/714/374
f 529/714/374 505/739/399 506/740/400
f 529/714/374 506/740/400 530/716/376
f 530/716/376 506/740/400 507/741/401
f 530/716/376 507/741/401 531/718/378
f 531/718/378 507/741/401 508/738/398
f 531/718/378 508/738/398 532/719/379
f 532/719/379 508/738/398 510/737/397
f 532/719/379 510/737/397 533/720/380
f 533/720/380 510/737/397 511/742/402
f 533/720/380 511/742/402 534/722/382
f 534/722/382 511/742/402 512/743/403
f 534/722/382 512/743/403 535/723/383
f 535/723/383 512/743/403 513/744/404
f 535/723/383 513/744/404 536/725/385
f 536/725/385 513/744/404 514/745/405
f 536/725/385 514/745/405 537/726/386
f 537/726/386 514/745/405 515/746/406
f 537/726/386 515/746/406 538/728/388
f 538/728/388 515/746/406 516/747/407
f 538/728/388 516/747/407 539/729/389
f 539/729/389 516/747/407 517/748/408
f 539/729/389 517/748/408 540/731/391
f 540/731/391 517/748/408 518/749/409
f 540/731/391 518/749/409 541/732/392
f 541/732/392 518/749/409 519/735/395
f 553/750/1 542/751/1 554/752/1
f 554/752/1 542/751/1 543/753/1
f 554/752/1 543/753/1 561/754/1
f 561/754/1 543/753/1 544/755/1
f 561/754/1 544/755/1 560/756/1
f 560/756/1 544/755/1 545/757/1
f 560/756/1 545/757/1 559/758/1
f 559/758/1 545/757/1 546/759/1
f 559/758/1 546/759/1 547/760/1
f 559/758/1 547/760/1 558/761/1
f 558/761/1 547/760/1 548/762/1
f 558/761/1 548/762/1 549/763/1
f 558/761/1 549/763/1 557/764/1
f 557/764/1 549/763/1 550/765/1
f 557/764/1 550/765/1 556/766/1
f 556/766/1 550/765/1 551/767/1
f 556/766/1 551/767/1 555/768/1
f 555/768/1 551/767/1 552/769/1
f 555/768/1 552/769/1 553/750/1
f 555/768/1 553/750/1 554/752/1
f 384/770/410 383/771/411 563/772/412
f 563/772/412 383/771/411 562/773/413
f 565/774/414 566/775/415 579/776/416
f 579/776/416 566/775/415 567/777/417
f 579/776/416 567/777/417 580/778/418
f 580/778/418 567/777/417 581/779/419
f 580/778/418 581/779/419 387/780/420
f 387/780/420 581/779/419 582/781/421
f 387/780/420 582/781/421 388/782/422
f 388/782/422 582/781/421 583/783/423
f 388/782/422 583/783/423 389/784/424
f 389/784/424 583/783/423 584/785/425
f 389/784/424 584/785/425 585/786/426
f 389/784/424 585/786/426 390/787/427
f 390/787/427 585/786/426 586/788/428
f 390/787/427 586/788/428 391/789/429
f 391/789/429 586/788/428 587/790/430
f 391/789/429 587/790/430 588/791/431
f 391/789/429 588/791/431 392/792/432
f 392/792/432 588/791/431 589/793/433
f 392/792/432 589/793/433 393/794/434
f 393/794/434 589/793/433 577/795/435
f 393/794/434 577/795/435 394/796/273
f 394/796/273 577/795/435 407/797/272
f 567/777/417 568/798/436 581/779/419
f 581/779/419 568/798/436 569/799/437
f 581/779/419 569/799/437 582/781/421
f 582/781/421 569/799/437 570/800/438
f 582/781/421 570/800/438 583/783/423
f 583/783/423 570/800/438 571/801/439
f 583/783/423 571/801/439 584/785/425
f 584/785/425 571/801/439 572/802/440
f 584/785/425 572/802/440 585/786/426
f 585/786/426 572/802/440 573/803/441
f 585/786/426 573/803/441 586/788/428
f 586/788/428 573/803/441 587/790/430
f 573/803/441 574/804/442 587/790/430
f 587/790/430 574/804/442 588/791/431
f 574/804/442 575/805/443 588/791/431
f 588/791/431 575/805/443 589/793/433
f 575/805/443 576/806/444 589/793/433
f 589/793/433 576/806/444 577/795/435
f 577/795/435 578/807/445 407/797/272
f 407/797/272 578/807/445 300/808/226
f 387/780/420 386/809/446 580/778/418
f 580/778/418 386/809/446 579/776/416
f 386/809/446 385/810/447 579/776/416
f 579/776/416 385/810/447 565/774/414
f 565/774/414 385/810/447 564/811/448
f 564/811/448 385/810/447 384/770/410
f 564/811/448 384/770/410 563/772/412
f 468/812/66 590/813/449 320/55/66
f 320/55/66 590/813/449 321/814/450
f 520/815/394 519/816/395 592/817/451
f 592/817/451 519/816/395 597/818/452
f 596/819/453 311/820/233 317/821/454
f 519/816/395 518/822/409 597/818/452
f 597/818/452 518/822/409 634/823/455
f 518/822/409 517/824/408 634/823/455
f 634/823/455 517/824/408 635/825/456
f 517/824/408 516/826/407 635/825/456
f 635/825/456 516/826/407 636/827/457
f 516/826/407 515/828/406 636/827/457
f 636/827/457 515/828/406 605/829/458
f 515/828/406 514/830/405 605/829/458
f 605/829/458 514/830/405 604/831/459
f 514/830/405 513/832/404 604/831/459
f 604/831/459 513/832/404 603/833/460
f 513/832/404 512/834/403 603/833/460
f 603/833/460 512/834/403 511/835/402
f 603/833/460 511/835/402 602/836/461
f 602/836/461 511/835/402 510/837/397
f 602/836/461 510/837/397 601/838/462
f 601/838/462 510/837/397 509/839/396
f 601/838/462 509/839/396 600/840/463
f 600/840/463 509/839/396 508/841/398
f 508/841/398 507/842/401 599/843/464
f 599/843/464 507/842/401 598/844/465
f 507/842/401 506/845/400 598/844/465
f 598/844/465 506/845/400 596/819/453
f 506/845/400 505/846/399 596/819/453
f 596/819/453 505/846/399 311/820/233
f 317/821/454 606/847/466 596/819/453
f 596/819/453 606/847/466 607/848/467
f 596/819/453 607/848/467 598/844/465
f 598/844/465 607/848/467 608/849/468
f 598/844/465 608/849/468 599/843/464
f 599/843/464 608/849/468 609/850/469
f 599/843/464 609/850/469 508/841/398
f 508/841/398 609/850/469 610/851/470
f 508/841/398 610/851/470 600/840/463
f 600/840/463 610/851/470 611/852/471
f 600/840/463 611/852/471 601/838/462
f 601/838/462 611/852/471 612/853/472
f 601/838/462 612/853/472 602/836/461
f 602/836/461 612/853/472 613/854/473
f 602/836/461 613/854/473 603/833/460
f 603/833/460 613/854/473 614/855/474
f 603/833/460 614/855/474 604/831/459
f 604/831/459 614/855/474 615/856/475
f 604/831/459 615/856/475 605/829/458
f 605/829/458 615/856/475 616/857/476
f 605/829/458 616/857/476 636/827/457
f 636/827/457 616/857/476 617/858/477
f 636/827/457 617/858/477 635/825/456
f 635/825/456 617/858/477 618/859/478
f 635/825/456 618/859/478 634/823/455
f 634/823/455 618/859/478 595/860/479
f 634/823/455 595/860/479 597/818/452
f 597/818/452 595/860/479 592/817/451
f 316/861/328 593/862/480 317/821/454
f 317/821/454 593/862/480 606/847/466
f 606/847/466 593/862/480 619/863/481
f 606/847/466 619/863/481 607/848/467
f 607/848/467 619/863/481 633/864/482
f 607/848/467 633/864/482 608/849/468
f 608/849/468 633/864/482 620/865/483
f 608/849/468 620/865/483 609/850/469
f 609/850/469 620/865/483 621/866/484
f 609/850/469 621/866/484 610/851/470
f 610/851/470 621/866/484 622/867/485
f 610/851/470 622/867/485 611/852/471
f 611/852/471 622/867/485 612/853/472
f 613/854/473 623/868/486 614/855/474
f 614/855/474 623/868/486 624/869/487
f 614/855/474 624/869/487 615/856/475
f 615/856/475 624/869/487 625/870/488
f 615/856/475 625/870/488 616/857/476
f 616/857/476 625/870/488 626/871/489
f 616/857/476 626/871/489 617/858/477
f 617/858/477 626/871/489 627/872/490
f 617/858/477 627/872/490 618/859/478
f 618/859/478 627/872/490 594/873/491
f 618/859/478 594/873/491 595/860/479
f 595/860/479 594/873/491 591/874/492
f 595/860/479 591/874/492 592/817/451
f 593/862/480 316/861/328 484/875/327
f 484/875/327 483/876/332 482/877/365
f 633/864/482 482/877/365 481/878/364
f 481/878/364 480/879/363 620/865/483
f 620/865/483 480/879/363 621/866/484
f 480/879/363 479/880/362 621/866/484
f 621/866/484 479/880/362 622/867/485
f 479/880/362 478/881/361 632/882/493
f 632/882/493 478/881/361 477/883/360
f 632/882/493 477/883/360 476/884/359
f 632/882/493 476/884/359 631/885/494
f 631/885/494 476/884/359 475/886/358
f 631/885/494 475/886/358 630/887/495
f 630/887/495 475/886/358 474/888/357
f 630/887/495 474/888/357 629/889/496
f 629/889/496 474/888/357 473/890/356
f 629/889/496 473/890/356 472/891/352
f 628/892/497 472/891/352 471/893/353
f 628/892/497 471/893/353 470/894/354
f 409/895/274 591/874/492 469/896/355
f 469/896/355 591/874/492 594/873/491
f 469/896/355 594/873/491 627/872/490
f 619/863/481 593/862/480 482/877/365
f 482/877/365 593/862/480 484/875/327
f 633/864/482 619/863/481 482/877/365
f 612/853/472 622/867/485 632/882/493
f 632/882/493 622/867/485 479/880/362
f 613/854/473 612/853/472 631/885/494
f 631/885/494 612/853/472 632/882/493
f 623/868/486 613/854/473 631/885/494
f 623/868/486 631/885/494 630/887/495
f 624/869/487 623/868/486 629/889/496
f 629/889/496 623/868/486 630/887/495
f 625/870/488 624/869/487 629/889/496
f 625/870/488 629/889/496 472/891/352
f 626/871/489 625/870/488 628/892/497
f 628/892/497 625/870/488 472/891/352
f 628/892/497 470/894/354 627/872/490
f 627/872/490 470/894/354 469/896/355
f 633/864/482 481/878/364 620/865/483
f 626/871/489 628/892/497 627/872/490
f 637/897/498 638/898/499 664/899/500
f 664/899/500 638/898/499 677/900/501
f 664/899/500 677/900/501 685/901/502
f 664/899/500 685/901/502 663/902/503
f 663/902/503 685/901/502 696/903/504
f 663/902/503 696/903/504 300/904/226
f 300/904/226 696/903/504 301/905/225
f 301/905/225 696/903/504 695/906/505
f 301/905/225 695/906/505 302/907/228
f 302/907/228 695/906/505 694/908/506
f 302/907/228 694/908/506 303/909/229
f 303/909/229 694/908/506 304/910/507
f 304/910/507 694/908/506 693/911/508
f 304/910/507 693/911/508 692/912/509
f 692/912/509 693/911/508 673/913/510
f 692/912/509 673/913/510 672/914/511
f 671/915/512 672/914/511 644/916/513
f 671/915/512 644/916/513 645/917/514
f 638/898/499 639/918/515 677/900/501
f 677/900/501 639/918/515 676/919/516
f 677/900/501 676/919/516 685/901/502
f 685/901/502 676/919/516 684/920/517
f 685/901/502 684/920/517 696/903/504
f 696/903/504 684/920/517 695/906/505
f 639/918/515 640/921/518 676/919/516
f 676/919/516 640/921/518 675/922/519
f 676/919/516 675/922/519 684/920/517
f 684/920/517 675/922/519 683/923/520
f 684/920/517 683/923/520 695/906/505
f 695/906/505 683/923/520 694/908/506
f 640/921/518 641/924/521 675/922/519
f 675/922/519 641/924/521 674/925/522
f 675/922/519 674/925/522 683/923/520
f 683/923/520 674/925/522 694/908/506
f 694/908/506 674/925/522 693/911/508
f 641/924/521 642/926/523 674/925/522
f 674/925/522 642/926/523 673/913/510
f 674/925/522 673/913/510 693/911/508
f 642/926/523 643/927/524 673/913/510
f 673/913/510 643/927/524 672/914/511
f 643/927/524 644/916/513 672/914/511
f 671/915/512 645/917/514 670/928/525
f 670/928/525 645/917/514 646/929/526
f 670/928/525 646/929/526 669/930/527
f 669/930/527 646/929/526 647/931/528
f 648/932/529 649/933/530 681/934/531
f 681/934/531 649/933/530 680/935/532
f 681/934/531 680/935/532 658/936/533
f 658/936/533 680/935/532 687/937/534
f 658/936/533 687/937/534 657/938/535
f 657/938/535 687/937/534 686/939/536
f 657/938/535 686/939/536 656/940/537
f 656/940/537 686/939/536 679/941/538
f 656/940/537 679/941/538 678/942/539
f 654/943/540 678/942/539 665/944/541
f 654/943/540 665/944/541 653/945/542
f 653/945/542 665/944/541 652/946/543
f 652/946/543 665/944/541 666/947/544
f 652/946/543 666/947/544 651/948/545
f 651/948/545 666/947/544 667/949/546
f 651/948/545 667/949/546 650/950/547
f 650/950/547 667/949/546 668/951/548
f 650/950/547 668/951/548 649/933/530
f 654/943/540 655/952/549 678/942/539
f 678/942/539 655/952/549 656/940/537
f 658/936/533 659/953/550 681/934/531
f 681/934/531 659/953/550 682/954/551
f 681/934/531 682/954/551 648/932/529
f 648/932/529 682/954/551 647/931/528
f 682/954/551 659/953/550 688/955/552
f 682/954/551 688/955/552 669/930/527
f 682/954/551 669/930/527 647/931/528
f 659/953/550 660/956/553 688/955/552
f 688/955/552 660/956/553 689/957/554
f 688/955/552 689/957/554 669/930/527
f 669/930/527 689/957/554 670/928/525
f 660/956/553 661/958/555 689/957/554
f 689/957/554 661/958/555 690/959/556
f 689/957/554 690/959/556 670/928/525
f 670/928/525 690/959/556 671/915/512
f 690/959/556 661/958/555 691/960/557
f 691/960/557 661/958/555 662/961/558
f 691/960/557 662/961/558 692/912/509
f 692/912/509 662/961/558 304/910/507
f 666/947/544 665/944/541 679/941/538
f 679/941/538 665/944/541 678/942/539
f 667/949/546 666/947/544 679/941/538
f 667/949/546 679/941/538 686/939/536
f 680/935/532 649/933/530 668/951/548
f 668/951/548 667/949/546 687/937/534
f 687/937/534 667/949/546 686/939/536
f 680/935/532 668/951/548 687/937/534
f 690/959/556 691/960/557 671/915/512
f 671/915/512 691/960/557 672/914/511
f 691/960/557 692/912/509 672/914/511
f 721/962/559 466/963/560 722/964/561
f 722/964/561 466/963/560 465/965/562
f 722/964/561 465/965/562 737/966/563
f 738/967/564 737/966/563 852/968/565
f 738/967/564 852/968/565 697/969/566
f 465/965/562 464/970/567 737/966/563
f 737/966/563 464/970/567 852/968/565
f 698/971/568 740/972/569 697/969/566
f 697/969/566 740/972/569 739/973/570
f 697/969/566 739/973/570 738/967/564
f 737/966/563 738/967/564 722/964/561
f 699/974/571 742/975/572 698/971/568
f 698/971/568 742/975/572 741/976/573
f 698/971/568 741/976/573 740/972/569
f 740/972/569 741/976/573 725/977/574
f 740/972/569 725/977/574 724/978/575
f 723/979/576 724/978/575 721/962/559
f 742/975/572 699/974/571 743/980/577
f 743/980/577 699/974/571 700/981/578
f 743/980/577 700/981/578 744/982/579
f 744/982/579 700/981/578 701/983/580
f 744/982/579 701/983/580 745/984/581
f 745/984/581 701/983/580 702/985/582
f 745/984/581 702/985/582 746/986/583
f 746/986/583 702/985/582 747/987/584
f 746/986/583 747/987/584 730/988/585
f 730/988/585 747/987/584 731/989/586
f 730/988/585 731/989/586 715/990/587
f 715/990/587 731/989/586 732/991/588
f 715/990/587 732/991/588 714/992/589
f 714/992/589 732/991/588 733/993/590
f 714/992/589 733/993/590 734/994/591
f 734/994/591 733/993/590 754/995/592
f 734/994/591 754/995/592 753/996/593
f 753/996/593 754/995/592 751/997/594
f 753/996/593 751/997/594 752/998/595
f 752/998/595 751/997/594 707/999/596
f 752/998/595 707/999/596 841/1000/597
f 702/985/582 703/1001/598 747/987/584
f 747/987/584 703/1001/598 748/1002/599
f 747/987/584 748/1002/599 731/989/586
f 731/989/586 748/1002/599 732/991/588
f 703/1001/598 704/1003/600 748/1002/599
f 748/1002/599 704/1003/600 749/1004/601
f 748/1002/599 749/1004/601 732/991/588
f 732/991/588 749/1004/601 733/993/590
f 704/1003/600 705/1005/602 749/1004/601
f 749/1004/601 705/1005/602 750/1006/603
f 749/1004/601 750/1006/603 733/993/590
f 733/993/590 750/1006/603 754/995/592
f 705/1005/602 706/1007/604 750/1006/603
f 750/1006/603 706/1007/604 751/997/594
f 750/1006/603 751/997/594 754/995/592
f 706/1007/604 707/999/596 751/997/594
f 708/1008/605 709/1009/606 841/1000/597
f 841/1000/597 709/1009/606 752/998/595
f 752/998/595 709/1009/606 736/1010/607
f 736/1010/607 709/1009/606 710/1011/608
f 736/1010/607 710/1011/608 711/1012/609
f 711/1012/609 712/1013/610 736/1010/607
f 736/1010/607 712/1013/610 735/1014/611
f 736/1010/607 735/1014/611 752/998/595
f 752/998/595 735/1014/611 753/996/593
f 712/1013/610 713/1015/612 735/1014/611
f 735/1014/611 713/1015/612 734/994/591
f 735/1014/611 734/994/591 753/996/593
f 734/994/591 713/1015/612 714/992/589
f 715/990/587 716/1016/613 730/988/585
f 730/988/585 716/1016/613 729/1017/614
f 730/988/585 729/1017/614 746/986/583
f 746/986/583 729/1017/614 745/984/581
f 729/1017/614 716/1016/613 728/1018/615
f 729/1017/614 728/1018/615 745/984/581
f 745/984/581 728/1018/615 744/982/579
f 716/1016/613 717/1019/616 728/1018/615
f 728/1018/615 717/1019/616 727/1020/617
f 728/1018/615 727/1020/617 744/982/579
f 744/982/579 727/1020/617 743/980/577
f 717/1019/616 718/1021/618 727/1020/617
f 727/1020/617 718/1021/618 742/975/572
f 727/1020/617 742/975/572 743/980/577
f 718/1021/618 719/1022/619 726/1023/620
f 718/1021/618 726/1023/620 742/975/572
f 742/975/572 726/1023/620 741/976/573
f 726/1023/620 719/1022/619 725/977/574
f 725/977/574 719/1022/619 720/1024/621
f 725/977/574 720/1024/621 724/978/575
f 724/978/575 720/1024/621 721/962/559
f 723/979/576 721/962/559 722/964/561
f 724/978/575 723/979/576 738/967/564
f 738/967/564 723/979/576 722/964/561
f 724/978/575 738/967/564 739/973/570
f 739/973/570 740/972/569 724/978/575
f 726/1023/620 725/977/574 741/976/573
f 383/1025/266 292/1026/214 562/1027/45
f 562/1027/45 292/1026/214 295/1028/45
f 562/1027/45 295/1028/45 323/1029/622
f 562/1027/45 323/1029/622 758/1030/623
f 758/1030/623 323/1029/622 322/1031/623
f 758/1030/623 322/1031/623 757/1032/45
f 757/1032/45 322/1031/623 321/1033/450
f 757/1032/45 321/1033/450 756/1034/210
f 756/1034/210 321/1033/450 590/1035/449
f 756/1034/210 590/1035/449 755/1036/624
f 437/1037/625 770/1038/625 426/1039/145
f 426/1039/145 770/1038/625 759/1040/145
f 426/1041/145 759/1042/145 427/1043/626
f 427/1043/626 759/1042/145 760/1044/626
f 427/1043/626 760/1044/626 428/1045/627
f 428/1045/627 760/1044/626 761/1046/627
f 428/1045/627 761/1046/627 429/1047/45
f 429/1047/45 761/1046/627 762/1048/45
f 429/1047/45 762/1048/45 430/1049/628
f 430/1049/628 762/1048/45 763/1050/628
f 430/1049/628 763/1050/628 431/1051/629
f 431/1051/629 763/1050/628 764/1052/629
f 431/1051/629 764/1052/629 432/622/150
f 432/622/150 764/1052/629 765/55/150
f 432/622/150 765/55/150 433/1053/630
f 433/1053/630 765/55/150 766/1054/630
f 433/1053/630 766/1054/630 434/1055/631
f 434/1055/631 766/1054/630 767/1056/631
f 434/1055/631 767/1056/631 435/1057/128
f 435/1057/128 767/1056/631 768/1058/128
f 435/1057/128 768/1058/128 436/1059/632
f 436/1059/632 768/1058/128 769/1060/632
f 436/1059/632 769/1060/632 437/1037/625
f 437/1037/625 769/1060/632 770/1038/625
f 772/611/633 555/1061/634 771/613/635
f 771/613/635 555/1061/634 554/614/636
f 771/1062/635 554/628/636 778/1063/637
f 778/1063/637 554/628/636 561/1064/638
f 778/1063/637 561/1064/638 560/1065/639
f 778/1063/637 560/1065/639 777/1066/640
f 777/1066/640 560/1065/639 559/620/641
f 777/1066/640 559/620/641 776/1067/642
f 776/1067/642 559/620/641 775/621/643
f 775/621/643 559/620/641 558/622/644
f 775/621/643 558/622/644 774/1068/645
f 774/1068/645 558/622/644 557/1069/646
f 774/1068/645 557/1069/646 556/1070/647
f 774/1068/645 556/1070/647 773/625/648
f 773/625/648 556/1070/647 555/1061/634
f 773/625/648 555/1061/634 772/611/633
f 382/1071/649 381/1072/650 462/1073/649
f 462/1073/649 381/1072/650 790/1074/650
f 790/1074/650 381/1072/650 380/1075/651
f 790/1074/650 380/1075/651 789/1076/651
f 789/1076/651 380/1075/651 379/1077/652
f 789/1076/651 379/1077/652 788/1078/652
f 788/1078/652 379/1077/652 378/1079/653
f 788/1078/652 378/1079/653 787/1080/654
f 787/1080/654 378/1079/653 377/1081/655
f 787/1080/654 377/1081/655 786/1082/656
f 786/1082/656 377/1081/655 376/1083/657
f 786/1082/656 376/1083/657 785/1084/658
f 785/1084/658 376/1083/657 375/1085/659
f 785/1084/658 375/1085/659 784/1086/660
f 784/1086/660 375/1085/659 374/1087/661
f 784/1086/660 374/1087/661 783/1088/662
f 783/1088/662 374/1087/661 373/1089/663
f 783/1088/662 373/1089/663 782/1090/664
f 782/1090/664 373/1089/663 372/1091/665
f 782/1090/664 372/1091/665 781/1092/666
f 781/1092/666 372/1091/665 371/1093/667
f 781/1092/666 371/1093/667 780/1094/667
f 780/1094/667 371/1093/667 370/1095/668
f 780/1094/667 370/1095/668 779/1096/669
f 779/1096/669 370/1095/668 369/1097/670
f 779/1096/669 369/1097/670 406/1098/270
f 406/1098/270 369/1097/670 368/1099/269
f 758/1100/671 757/1101/672 820/1102/673
f 820/1102/673 757/1101/672 791/1103/674
f 820/1102/673 791/1103/674 819/1104/675
f 819/1104/675 791/1103/674 792/1105/676
f 819/1104/675 792/1105/676 818/1106/677
f 818/1106/677 792/1105/676 793/1107/678
f 818/1106/677 793/1107/678 817/1108/679
f 817/1108/679 793/1107/678 794/1109/680
f 795/1110/681 796/1111/682 816/1112/683
f 816/1112/683 796/1111/682 815/1113/684
f 816/1112/683 815/1113/684 835/1114/685
f 835/1114/685 815/1113/684 834/1115/686
f 835/1114/685 834/1115/686 569/1116/437
f 569/1116/437 834/1115/686 570/1117/438
f 570/1117/438 834/1115/686 833/1118/687
f 570/1117/438 833/1118/687 571/1119/439
f 571/1119/439 833/1118/687 572/1120/440
f 572/1120/440 833/1118/687 832/1121/688
f 572/1120/440 832/1121/688 831/1122/689
f 831/1122/689 832/1121/688 812/1123/690
f 831/1122/689 812/1123/690 811/1124/691
f 810/1125/692 811/1124/691 801/1126/693
f 810/1125/692 801/1126/693 802/1127/694
f 796/1111/682 797/1128/695 815/1113/684
f 815/1113/684 797/1128/695 814/1129/696
f 815/1113/684 814/1129/696 834/1115/686
f 834/1115/686 814/1129/696 833/1118/687
f 797/1128/695 798/1130/697 814/1129/696
f 814/1129/696 798/1130/697 813/1131/698
f 814/1129/696 813/1131/698 833/1118/687
f 833/1118/687 813/1131/698 832/1121/688
f 798/1130/697 799/1132/699 813/1131/698
f 813/1131/698 799/1132/699 812/1123/690
f 813/1131/698 812/1123/690 832/1121/688
f 799/1132/699 800/1133/700 812/1123/690
f 812/1123/690 800/1133/700 811/1124/691
f 800/1133/700 801/1126/693 811/1124/691
f 810/1125/692 802/1127/694 809/1134/701
f 809/1134/701 802/1127/694 803/1135/702
f 809/1134/701 803/1135/702 808/1136/703
f 808/1136/703 803/1135/702 804/1137/704
f 808/1136/703 804/1137/704 807/1138/705
f 807/1138/705 804/1137/704 805/1139/706
f 807/1138/705 805/1139/706 664/1140/500
f 664/1140/500 805/1139/706 637/1141/498
f 807/1138/705 664/1140/500 821/1142/707
f 807/1138/705 821/1142/707 822/1143/708
f 828/1144/709 822/1143/708 576/1145/444
f 828/1144/709 576/1145/444 575/1146/443
f 664/1140/500 663/1147/503 821/1142/707
f 821/1142/707 663/1147/503 578/1148/445
f 821/1142/707 578/1148/445 822/1143/708
f 822/1143/708 578/1148/445 577/1149/435
f 822/1143/708 577/1149/435 576/1145/444
f 663/1147/503 300/1150/226 578/1148/445
f 828/1144/709 575/1146/443 829/1151/710
f 829/1151/710 575/1146/443 574/1152/442
f 829/1151/710 574/1152/442 830/1153/711
f 830/1153/711 574/1152/442 573/1154/441
f 830/1153/711 573/1154/441 831/1122/689
f 831/1122/689 573/1154/441 572/1120/440
f 569/1116/437 568/1155/436 835/1114/685
f 835/1114/685 568/1155/436 836/1156/712
f 835/1114/685 836/1156/712 816/1112/683
f 816/1112/683 836/1156/712 823/1157/713
f 816/1112/683 823/1157/713 795/1110/681
f 568/1155/436 567/1158/417 836/1156/712
f 836/1156/712 567/1158/417 837/1159/714
f 836/1156/712 837/1159/714 823/1157/713
f 823/1157/713 837/1159/714 824/1160/715
f 823/1157/713 824/1160/715 795/1110/681
f 795/1110/681 824/1160/715 794/1109/680
f 567/1158/417 566/1161/415 837/1159/714
f 837/1159/714 566/1161/415 838/1162/716
f 837/1159/714 838/1162/716 824/1160/715
f 824/1160/715 838/1162/716 825/1163/717
f 824/1160/715 825/1163/717 794/1109/680
f 794/1109/680 825/1163/717 817/1108/679
f 566/1161/415 565/1164/414 838/1162/716
f 838/1162/716 565/1164/414 839/1165/718
f 838/1162/716 839/1165/718 825/1163/717
f 825/1163/717 839/1165/718 826/1166/719
f 825/1163/717 826/1166/719 817/1108/679
f 817/1108/679 826/1166/719 818/1106/677
f 565/1164/414 564/1167/448 839/1165/718
f 839/1165/718 564/1167/448 840/1168/720
f 839/1165/718 840/1168/720 826/1166/719
f 826/1166/719 840/1168/720 827/1169/721
f 826/1166/719 827/1169/721 818/1106/677
f 818/1106/677 827/1169/721 819/1104/675
f 564/1167/448 563/1170/412 840/1168/720
f 840/1168/720 563/1170/412 806/1171/722
f 840/1168/720 806/1171/722 827/1169/721
f 827/1169/721 806/1171/722 819/1104/675
f 819/1104/675 806/1171/722 820/1102/673
f 563/1170/412 562/1172/413 806/1171/722
f 806/1171/722 562/1172/413 758/1100/671
f 806/1171/722 758/1100/671 820/1102/673
f 807/1138/705 822/1143/708 808/1136/703
f 808/1136/703 822/1143/708 809/1134/701
f 822/1143/708 828/1144/709 809/1134/701
f 809/1134/701 828/1144/709 829/1151/710
f 809/1134/701 829/1151/710 810/1125/692
f 810/1125/692 829/1151/710 830/1153/711
f 810/1125/692 830/1153/711 811/1124/691
f 811/1124/691 830/1153/711 831/1122/689
f 30/1173/41 29/1174/39 464/1175/567
f 30/1173/41 464/1175/567 463/1176/723
f 29/1174/39 28/1177/38 852/1178/565
f 29/1174/39 852/1178/565 464/1175/567
f 25/1179/33 24/1180/32 849/1181/724
f 849/1181/724 24/1180/32 23/1182/31
f 849/1181/724 23/1182/31 848/1183/725
f 848/1183/725 23/1182/31 22/1184/30
f 848/1183/725 22/1184/30 847/1185/726
f 847/1185/726 22/1184/30 846/1186/727
f 846/1186/727 22/1184/30 21/1187/28
f 846/1186/727 21/1187/28 702/1188/582
f 702/1188/582 21/1187/28 20/1189/26
f 702/1188/582 20/1189/26 703/1190/598
f 703/1190/598 20/1189/26 19/1191/24
f 703/1190/598 19/1191/24 845/1192/728
f 845/1192/728 19/1191/24 18/1193/22
f 845/1192/728 18/1193/22 844/1194/729
f 844/1194/729 18/1193/22 17/1195/21
f 844/1194/729 17/1195/21 705/1196/602
f 705/1196/602 17/1195/21 864/1197/730
f 705/1196/602 864/1197/730 843/1198/731
f 843/1198/731 864/1197/730 16/1199/23
f 843/1198/731 16/1199/23 842/1200/732
f 842/1200/732 16/1199/23 15/1201/20
f 842/1200/732 15/1201/20 841/1202/597
f 841/1202/597 15/1201/20 1227/1203/733
f 17/1195/21 16/1199/23 864/1197/730
f 849/1181/724 699/1204/571 25/1179/33
f 25/1179/33 699/1204/571 850/1205/734
f 25/1179/33 850/1205/734 26/1206/35
f 26/1206/35 850/1205/734 851/1207/735
f 26/1206/35 851/1207/735 27/1208/36
f 27/1208/36 851/1207/735 28/1177/38
f 851/1207/735 852/1178/565 28/1177/38
f 853/1209/736 51/1210/737 463/1176/723
f 463/1176/723 51/1210/737 30/1173/41
f 51/1210/737 853/1209/736 87/1211/738
f 87/1211/738 853/1209/736 854/1212/739
f 87/1211/738 854/1212/739 88/1213/740
f 88/1213/740 854/1212/739 855/1214/741
f 88/1213/740 855/1214/741 89/1215/742
f 89/1215/742 855/1214/741 856/1216/743
f 89/1215/742 856/1216/743 90/1217/744
f 90/1217/744 856/1216/743 857/1218/745
f 90/1217/744 857/1218/745 91/1219/746
f 91/1219/746 857/1218/745 858/1220/747
f 91/1219/746 858/1220/747 92/1221/748
f 92/1221/748 858/1220/747 859/1222/749
f 92/1221/748 859/1222/749 93/1223/750
f 93/1223/750 859/1222/749 860/1224/751
f 93/1223/750 860/1224/751 94/1225/752
f 94/1225/752 860/1224/751 861/1226/753
f 94/1225/752 861/1226/753 95/1227/754
f 95/1227/754 861/1226/753 862/1228/755
f 95/1227/754 862/1228/755 96/1229/756
f 96/1229/756 862/1228/755 863/1230/757
f 96/1229/756 863/1230/757 97/1231/72
f 97/1231/72 863/1230/757 98/1232/71
f 98/1232/71 863/1230/757 128/1233/121
f 335/1037/625 876/1038/625 324/1039/145
f 324/1039/145 876/1038/625 865/1040/145
f 324/1041/145 865/1042/145 325/1043/626
f 325/1043/626 865/1042/145 866/1044/626
f 325/1043/626 866/1044/626 326/1045/627
f 326/1045/627 866/1044/626 867/1046/627
f 326/1045/627 867/1046/627 327/1047/45
f 327/1047/45 867/1046/627 868/1048/45
f 327/1047/45 868/1048/45 328/1049/628
f 328/1049/628 868/1048/45 869/1050/628
f 328/1049/628 869/1050/628 329/1051/629
f 329/1051/629 869/1050/628 870/1052/629
f 329/1051/629 870/1052/629 330/622/150
f 330/622/150 870/1052/629 871/55/150
f 330/622/150 871/55/150 331/1053/630
f 331/1053/630 871/55/150 872/1054/630
f 331/1053/630 872/1054/630 332/1055/631
f 332/1055/631 872/1054/630 873/1056/631
f 332/1055/631 873/1056/631 333/1057/128
f 333/1057/128 873/1056/631 874/1058/128
f 333/1057/128 874/1058/128 334/1059/632
f 334/1059/632 874/1058/128 875/1060/632
f 334/1059/632 875/1060/632 335/1037/625
f 335/1037/625 875/1060/632 876/1038/625
f 344/1234/326 880/1235/45 343/1236/758
f 343/1236/758 880/1235/45 881/1237/45
f 343/1236/758 881/1237/45 425/1238/45
f 425/1238/45 881/1237/45 113/1239/622
f 425/1238/45 113/1239/622 297/1240/622
f 297/1240/622 113/1239/622 112/1241/45
f 297/1240/622 112/1241/45 411/1242/45
f 880/1235/45 344/1234/326 879/1243/759
f 879/1243/759 344/1234/326 877/1244/759
f 879/1243/759 877/1244/759 878/1245/45
f 297/1240/622 411/1242/45 290/1246/218
f 290/1246/218 411/1242/45 354/1247/257
f 791/1248/674 757/1249/672 891/1250/760
f 791/1248/674 891/1250/760 792/1251/676
f 792/1251/676 891/1250/760 892/1252/761
f 792/1251/676 892/1252/761 793/1253/678
f 793/1253/678 892/1252/761 794/1254/680
f 794/1254/680 892/1252/761 893/1255/762
f 794/1254/680 893/1255/762 795/1256/681
f 795/1256/681 893/1255/762 894/1257/763
f 795/1256/681 894/1257/763 796/1258/682
f 796/1258/682 894/1257/763 895/1259/764
f 796/1258/682 895/1259/764 797/1260/695
f 799/1261/699 798/1262/697 896/1263/765
f 799/1261/699 896/1263/765 800/1264/700
f 800/1264/700 896/1263/765 897/1265/766
f 800/1264/700 897/1265/766 801/1266/693
f 801/1266/693 897/1265/766 898/1267/767
f 801/1266/693 898/1267/767 802/1268/694
f 802/1268/694 898/1267/767 899/1269/768
f 802/1268/694 899/1269/768 803/1270/702
f 803/1270/702 899/1269/768 900/1271/769
f 803/1270/702 900/1271/769 804/1272/704
f 804/1272/704 900/1271/769 805/1273/706
f 805/1273/706 900/1271/769 637/1274/498
f 757/1249/672 756/1275/770 891/1250/760
f 637/1274/498 900/1271/769 890/1276/771
f 890/1276/771 900/1271/769 888/1277/772
f 756/1275/770 882/1278/773 891/1250/760
f 888/1277/772 889/1279/774 890/1276/771
f 892/1252/761 891/1250/760 882/1278/773
f 893/1255/762 892/1252/761 883/1280/775
f 883/1280/775 892/1252/761 882/1278/773
f 894/1257/763 893/1255/762 883/1280/775
f 895/1259/764 894/1257/763 884/1281/776
f 884/1281/776 894/1257/763 883/1280/775
f 797/1260/695 895/1259/764 884/1281/776
f 798/1262/697 797/1260/695 885/1282/777
f 885/1282/777 797/1260/695 884/1281/776
f 896/1263/765 798/1262/697 885/1282/777
f 897/1265/766 896/1263/765 886/1283/778
f 886/1283/778 896/1263/765 885/1282/777
f 898/1267/767 897/1265/766 886/1283/778
f 899/1269/768 898/1267/767 887/1284/779
f 887/1284/779 898/1267/767 886/1283/778
f 900/1271/769 899/1269/768 887/1284/779
f 888/1277/772 900/1271/769 887/1284/779
f 888/1285/772 907/1286/780 889/1287/774
f 889/1287/774 907/1286/780 908/1288/781
f 889/1287/774 908/1288/781 922/1289/782
f 922/1289/782 908/1288/781 921/1290/783
f 921/1290/783 908/1288/781 909/1291/784
f 921/1290/783 909/1291/784 920/1292/785
f 920/1292/785 909/1291/784 910/1293/786
f 920/1292/785 910/1293/786 919/1294/787
f 919/1294/787 910/1293/786 911/1295/788
f 919/1294/787 911/1295/788 918/1296/789
f 918/1296/789 911/1295/788 912/1297/790
f 918/1296/789 912/1297/790 913/1298/791
f 918/1296/789 913/1298/791 914/1299/792
f 918/1296/789 914/1299/792 917/1300/793
f 917/1300/793 914/1299/792 915/1301/794
f 917/1300/793 915/1301/794 916/1302/795
f 888/1285/772 887/1303/779 907/1286/780
f 907/1286/780 887/1303/779 906/1304/796
f 906/1304/796 887/1303/779 886/1305/778
f 906/1304/796 886/1305/778 905/1306/797
f 905/1306/797 886/1305/778 885/1307/777
f 905/1306/797 885/1307/777 904/1308/798
f 904/1308/798 885/1307/777 884/1309/776
f 904/1308/798 884/1309/776 903/1310/799
f 903/1310/799 884/1309/776 883/1311/775
f 903/1310/799 883/1311/775 902/1312/800
f 902/1312/800 883/1311/775 901/1313/801
f 901/1313/801 883/1311/775 882/1314/773
f 901/1313/801 882/1314/773 755/1315/802
f 755/1315/802 882/1314/773 756/1316/770
f 553/1037/625 934/1038/625 542/1039/145
f 542/1039/145 934/1038/625 923/1040/145
f 542/1041/145 923/1042/145 543/1043/626
f 543/1043/626 923/1042/145 924/1044/626
f 543/1043/626 924/1044/626 544/1045/627
f 544/1045/627 924/1044/626 925/1046/627
f 544/1045/627 925/1046/627 545/1047/45
f 545/1047/45 925/1046/627 926/1048/45
f 545/1047/45 926/1048/45 546/1049/628
f 546/1049/628 926/1048/45 927/1050/628
f 546/1049/628 927/1050/628 547/1051/629
f 547/1051/629 927/1050/628 928/1052/629
f 547/1051/629 928/1052/629 548/622/150
f 548/622/150 928/1052/629 929/55/150
f 548/622/150 929/55/150 549/1053/630
f 549/1053/630 929/55/150 930/1054/630
f 549/1053/630 930/1054/630 550/1055/631
f 550/1055/631 930/1054/630 931/1056/631
f 550/1055/631 931/1056/631 551/1057/128
f 551/1057/128 931/1056/631 932/1058/128
f 551/1057/128 932/1058/128 552/1059/632
f 552/1059/632 932/1058/128 933/1060/632
f 552/1059/632 933/1060/632 553/1037/625
f 553/1037/625 933/1060/632 934/1038/625
f 202/318/66 773/1317/66 129/315/122
f 129/315/122 773/1317/66 772/1318/66
f 129/315/122 772/1318/66 771/1319/66
f 201/319/66 938/331/66 202/318/66
f 202/318/66 938/331/66 773/1317/66
f 938/331/66 201/319/66 937/334/66
f 937/334/66 201/319/66 200/321/66
f 937/334/66 200/321/66 243/336/66
f 243/336/66 200/321/66 242/320/66
f 243/336/66 242/320/66 244/339/66
f 244/339/66 242/320/66 239/1320/66
f 244/339/66 239/1320/66 222/338/66
f 222/338/66 239/1320/66 237/1321/66
f 222/338/66 237/1321/66 224/362/66
f 224/362/66 237/1321/66 227/363/66
f 227/363/66 237/1321/66 232/374/66
f 227/363/66 232/374/66 231/376/66
f 242/320/66 240/322/66 239/1320/66
f 237/1321/66 235/372/66 232/374/66
f 227/363/66 231/376/66 229/365/66
f 229/365/66 231/376/66 274/375/66
f 229/365/66 274/375/66 259/366/66
f 259/366/66 274/375/66 273/377/66
f 259/366/66 273/377/66 260/368/66
f 260/368/66 273/377/66 456/1322/66
f 260/368/66 456/1322/66 455/1323/66
f 456/1322/66 273/377/66 457/1324/66
f 457/1324/66 273/377/66 272/378/66
f 457/1324/66 272/378/66 458/1325/66
f 458/1325/66 272/378/66 285/395/205
f 458/1325/66 285/395/205 459/1326/66
f 459/1326/66 285/395/205 284/393/66
f 459/1326/66 284/393/66 460/1327/66
f 460/1327/66 284/393/66 266/408/66
f 460/1327/66 266/408/66 461/1328/66
f 461/1328/66 266/408/66 263/410/66
f 461/1328/66 263/410/66 453/1329/66
f 453/1329/66 263/410/66 261/370/66
f 453/1329/66 261/370/66 454/1330/66
f 454/1330/66 261/370/66 455/1323/66
f 455/1323/66 261/370/66 260/368/66
f 287/1331/66 286/1332/206 272/378/66
f 272/378/66 286/1332/206 285/395/205
f 284/393/66 283/392/66 266/408/66
f 266/408/66 283/392/66 267/406/66
f 267/406/66 283/392/66 268/405/803
f 268/405/803 283/392/66 275/388/66
f 268/405/803 275/388/66 170/1333/804
f 170/1333/804 169/1334/805 268/405/803
f 261/370/66 263/410/66 248/371/66
f 248/371/66 263/410/66 262/411/66
f 248/371/66 262/411/66 450/1335/66
f 450/1335/66 262/411/66 451/1336/66
f 451/1336/66 262/411/66 935/409/66
f 451/1336/66 935/409/66 452/1337/66
f 452/1337/66 935/409/66 206/293/66
f 452/1337/66 206/293/66 192/295/66
f 452/1337/66 192/295/66 446/1338/66
f 446/1338/66 192/295/66 193/332/66
f 446/1338/66 193/332/66 447/1339/66
f 447/1339/66 193/332/66 448/1340/66
f 448/1340/66 193/332/66 216/333/66
f 448/1340/66 216/333/66 249/369/66
f 448/1340/66 249/369/66 449/1341/66
f 449/1341/66 249/369/66 248/371/66
f 449/1341/66 248/371/66 450/1335/66
f 935/409/66 936/407/66 206/293/66
f 206/293/66 936/407/66 207/291/66
f 207/291/66 936/407/66 208/290/67
f 208/290/67 936/407/66 209/403/67
f 208/290/67 209/403/67 162/1342/806
f 162/1342/806 161/1343/807 208/290/67
f 193/332/66 192/295/66 194/330/66
f 194/330/66 192/295/66 191/296/66
f 194/330/66 191/296/66 775/1344/66
f 775/1344/66 191/296/66 776/1345/66
f 776/1345/66 191/296/66 777/1346/66
f 777/1346/66 191/296/66 190/294/66
f 777/1346/66 190/294/66 146/224/66
f 777/1346/66 146/224/66 778/1347/66
f 778/1347/66 146/224/66 135/223/66
f 778/1347/66 135/223/66 771/1319/66
f 771/1319/66 135/223/66 129/315/122
f 190/294/66 189/292/66 146/224/66
f 146/224/66 189/292/66 147/227/66
f 147/227/66 189/292/66 148/229/66
f 148/229/66 189/292/66 153/288/66
f 148/229/66 153/288/66 152/1348/808
f 152/1348/808 155/1349/809 148/229/66
f 133/225/66 130/1350/123 135/223/66
f 135/223/66 130/1350/123 129/315/122
f 250/367/66 214/337/66 223/364/66
f 223/364/66 214/337/66 222/338/66
f 223/364/66 222/338/66 224/362/66
f 214/337/66 250/367/66 215/335/66
f 215/335/66 250/367/66 249/369/66
f 215/335/66 249/369/66 216/333/66
f 775/1344/66 774/1351/66 194/330/66
f 194/330/66 774/1351/66 938/331/66
f 938/331/66 774/1351/66 773/1317/66
f 697/1352/566 851/1353/735 850/1354/734
f 699/1355/571 849/1356/724 700/1357/578
f 700/1357/578 849/1356/724 848/1358/725
f 700/1357/578 848/1358/725 847/1359/726
f 705/1360/602 843/1361/731 707/1362/596
f 707/1362/596 843/1361/731 842/1363/732
f 707/1362/596 842/1363/732 841/1364/597
f 1227/1365/733 708/1366/605 841/1364/597
f 707/1362/596 706/1367/604 705/1360/602
f 844/1368/729 705/1360/602 704/1369/600
f 844/1368/729 704/1369/600 845/1370/728
f 845/1370/728 704/1369/600 703/1371/598
f 702/1372/582 701/1373/580 846/1374/727
f 846/1374/727 701/1373/580 847/1359/726
f 701/1373/580 700/1357/578 847/1359/726
f 699/1355/571 698/1375/568 850/1354/734
f 850/1354/734 698/1375/568 697/1352/566
f 851/1353/735 697/1352/566 852/1376/565
f 962/1377/810 939/1378/811 963/1379/812
f 962/1377/810 963/1379/812 961/1380/813
f 961/1380/813 963/1379/812 960/1381/814
f 960/1381/814 964/1382/815 959/1383/816
f 959/1383/816 964/1382/815 958/1384/817
f 954/1385/818 955/1386/819 965/1387/820
f 954/1385/818 965/1387/820 953/1388/821
f 953/1388/821 965/1387/820 966/1389/822
f 953/1388/821 966/1389/822 952/1390/823
f 952/1390/823 966/1389/822 967/1391/824
f 952/1390/823 967/1391/824 951/1392/825
f 951/1392/825 967/1391/824 968/1393/826
f 951/1392/825 968/1393/826 950/1394/827
f 950/1394/827 968/1393/826 969/1395/828
f 950/1394/827 969/1395/828 949/1396/829
f 949/1396/829 969/1395/828 948/1397/830
f 948/1397/830 969/1395/828 520/1398/394
f 939/1378/811 940/1399/831 963/1379/812
f 520/1398/394 969/1395/828 521/1400/393
f 521/1400/393 969/1395/828 947/1401/832
f 940/1399/831 941/1402/833 963/1379/812
f 960/1381/814 963/1379/812 941/1402/833
f 964/1382/815 960/1381/814 942/1403/834
f 942/1403/834 960/1381/814 941/1402/833
f 958/1384/817 964/1382/815 942/1403/834
f 957/1404/835 958/1384/817 943/1405/836
f 943/1405/836 958/1384/817 942/1403/834
f 956/1406/837 957/1404/835 943/1405/836
f 955/1386/819 956/1406/837 944/1407/838
f 944/1407/838 956/1406/837 943/1405/836
f 965/1387/820 955/1386/819 944/1407/838
f 966/1389/822 965/1387/820 945/1408/839
f 945/1408/839 965/1387/820 944/1407/838
f 967/1391/824 966/1389/822 945/1408/839
f 968/1393/826 967/1391/824 946/1409/840
f 946/1409/840 967/1391/824 945/1408/839
f 969/1395/828 968/1393/826 946/1409/840
f 947/1401/832 969/1395/828 946/1409/840
f 656/1410/1 655/1411/1 874/466/1
f 874/466/1 655/1411/1 970/1412/841
f 874/466/1 970/1412/841 971/1413/842
f 874/466/1 971/1413/842 932/767/9
f 932/767/9 971/1413/842 972/1414/9
f 932/767/9 972/1414/9 933/769/1
f 933/769/1 972/1414/9 973/1415/843
f 933/769/1 973/1415/843 934/750/1
f 934/750/1 973/1415/843 923/751/1
f 923/751/1 973/1415/843 924/753/1
f 924/753/1 973/1415/843 925/755/844
f 925/755/844 973/1415/843 974/1416/845
f 925/755/844 974/1416/845 926/757/9
f 926/757/9 974/1416/845 975/1417/9
f 926/757/9 975/1417/9 868/456/1
f 868/456/1 975/1417/9 976/1418/1
f 868/456/1 976/1418/1 977/1419/1
f 978/1420/846 662/1421/847 977/1419/1
f 977/1419/1 662/1421/847 661/1422/1
f 977/1419/1 661/1422/1 868/456/1
f 868/456/1 661/1422/1 660/1423/1
f 868/456/1 660/1423/1 659/1424/1
f 978/1420/846 345/1425/250 662/1421/847
f 662/1421/847 345/1425/250 304/1426/232
f 868/456/1 659/1424/1 762/597/1
f 762/597/1 659/1424/1 658/1427/1
f 762/597/1 658/1427/1 763/600/1
f 763/600/1 658/1427/1 764/601/1
f 764/601/1 658/1427/1 765/603/1
f 765/603/1 658/1427/1 766/604/1
f 766/604/1 658/1427/1 767/606/1
f 767/606/1 658/1427/1 657/1428/1
f 767/606/1 657/1428/1 768/608/1
f 768/608/1 657/1428/1 656/1410/1
f 768/608/1 656/1410/1 874/466/1
f 866/453/1 865/451/1 929/762/1
f 929/762/1 865/451/1 876/450/1
f 929/762/1 876/450/1 930/763/1
f 930/763/1 876/450/1 875/467/1
f 930/763/1 875/467/1 931/765/1
f 931/765/1 875/467/1 874/466/1
f 931/765/1 874/466/1 932/767/9
f 768/608/1 874/466/1 769/609/1
f 769/609/1 874/466/1 873/464/1
f 769/609/1 873/464/1 872/462/1
f 769/609/1 872/462/1 770/591/1
f 770/591/1 872/462/1 871/461/1
f 770/591/1 871/461/1 759/592/1
f 759/592/1 871/461/1 760/594/1
f 760/594/1 871/461/1 870/459/1
f 760/594/1 870/459/1 761/596/1
f 761/596/1 870/459/1 869/458/1
f 761/596/1 869/458/1 868/456/1
f 926/757/9 868/456/1 927/759/1
f 927/759/1 868/456/1 867/454/1
f 927/759/1 867/454/1 928/760/1
f 928/760/1 867/454/1 866/453/1
f 928/760/1 866/453/1 929/762/1
f 762/597/1 761/596/1 868/456/1
f 112/1429/66 111/1430/66 411/1431/66
f 411/1431/66 111/1430/66 412/1432/66
f 412/1432/66 111/1430/66 110/1433/66
f 412/1432/66 110/1433/66 413/1434/66
f 413/1434/66 110/1433/66 109/1435/66
f 413/1434/66 109/1435/66 414/1436/66
f 414/1436/66 109/1435/66 108/1437/66
f 414/1436/66 108/1437/66 415/1438/66
f 415/1438/66 108/1437/66 107/1439/66
f 415/1438/66 107/1439/66 416/1440/66
f 416/1440/66 107/1439/66 417/1441/66
f 417/1441/66 107/1439/66 106/1442/66
f 417/1441/66 106/1442/66 105/1443/66
f 417/1441/66 105/1443/66 418/1444/66
f 418/1444/66 105/1443/66 104/1445/66
f 418/1444/66 104/1445/66 419/1446/66
f 419/1446/66 104/1445/66 103/1447/66
f 419/1446/66 103/1447/66 420/1448/66
f 420/1448/66 103/1447/66 102/1449/66
f 420/1448/66 102/1449/66 421/1450/66
f 421/1450/66 102/1449/66 101/1451/66
f 421/1450/66 101/1451/66 422/1452/66
f 422/1452/66 101/1451/66 100/1453/66
f 422/1452/66 100/1453/66 99/1454/119
f 99/1454/119 424/1455/848 423/1456/849
f 99/1454/119 423/1456/849 422/1452/66
f 424/1455/848 99/1454/119 406/1457/66
f 406/1457/66 99/1454/119 128/1458/121
f 406/1457/66 128/1458/121 779/1459/66
f 779/1459/66 128/1458/121 863/1460/66
f 779/1459/66 863/1460/66 780/1461/66
f 780/1461/66 863/1460/66 862/1462/66
f 780/1461/66 862/1462/66 781/1463/850
f 781/1463/850 862/1462/66 861/1464/850
f 781/1463/850 861/1464/850 782/1465/803
f 782/1465/803 861/1464/850 860/1466/851
f 782/1465/803 860/1466/851 783/1467/851
f 783/1467/851 860/1466/851 784/1468/66
f 784/1468/66 860/1466/851 859/1469/69
f 784/1468/66 859/1469/69 785/1470/852
f 785/1470/852 859/1469/69 858/1471/853
f 785/1470/852 858/1471/853 786/1472/66
f 786/1472/66 858/1471/853 857/1473/854
f 786/1472/66 857/1473/854 856/1474/66
f 786/1472/66 856/1474/66 787/1475/66
f 787/1475/66 856/1474/66 855/1476/66
f 787/1475/66 855/1476/66 788/1477/66
f 788/1477/66 855/1476/66 854/1478/855
f 788/1477/66 854/1478/855 789/1479/856
f 789/1479/856 854/1478/855 790/1480/66
f 790/1480/66 854/1478/855 853/1481/66
f 790/1480/66 853/1481/66 462/1482/66
f 462/1482/66 853/1481/66 463/1483/66
f 980/1484/857 939/1485/811 984/1486/858
f 984/1486/858 939/1485/811 962/1487/810
f 1005/1488/859 984/1486/858 961/1489/813
f 1005/1488/859 961/1489/813 960/1490/814
f 962/1487/810 961/1489/813 984/1486/858
f 1005/1488/859 960/1490/814 993/1491/860
f 993/1491/860 960/1490/814 959/1492/816
f 993/1491/860 959/1492/816 1002/1493/861
f 1002/1493/861 959/1492/816 1006/1494/862
f 1002/1493/861 1006/1494/862 1001/1495/863
f 1002/1493/861 1001/1495/863 1016/1496/864
f 1016/1496/864 1001/1495/863 1015/1497/865
f 1016/1496/864 1015/1497/865 1026/1498/866
f 1026/1498/866 1015/1497/865 974/1499/845
f 1026/1498/866 974/1499/845 973/1500/843
f 974/1499/845 1025/1501/867 975/1502/868
f 975/1502/868 1025/1501/867 1024/1503/869
f 975/1502/868 1024/1503/869 976/1504/870
f 976/1504/870 1024/1503/869 1023/1505/871
f 976/1504/870 1023/1505/871 977/1506/872
f 977/1506/872 1023/1505/871 1022/1507/873
f 977/1506/872 1022/1507/873 978/1508/874
f 978/1508/874 1022/1507/873 1021/1509/875
f 978/1508/874 1021/1509/875 345/1510/250
f 498/1511/369 345/1510/250 1020/1512/876
f 498/1511/369 1020/1512/876 499/1513/368
f 499/1513/368 1020/1512/876 500/1514/367
f 500/1514/367 1019/1515/877 409/1516/274
f 409/1516/274 1019/1515/877 591/1517/492
f 959/1492/816 958/1518/817 1006/1494/862
f 1006/1494/862 958/1518/817 1007/1519/878
f 1006/1494/862 1007/1519/878 1001/1495/863
f 1001/1495/863 1007/1519/878 1000/1520/879
f 1001/1495/863 1000/1520/879 1015/1497/865
f 1015/1497/865 1000/1520/879 1014/1521/880
f 1015/1497/865 1014/1521/880 974/1499/845
f 974/1499/845 1014/1521/880 1025/1501/867
f 958/1518/817 957/1522/835 1007/1519/878
f 1007/1519/878 957/1522/835 992/1523/881
f 1007/1519/878 992/1523/881 1000/1520/879
f 1000/1520/879 992/1523/881 999/1524/882
f 1000/1520/879 999/1524/882 1014/1521/880
f 1014/1521/880 999/1524/882 1013/1525/883
f 1014/1521/880 1013/1525/883 1025/1501/867
f 1025/1501/867 1013/1525/883 1024/1503/869
f 957/1522/835 956/1526/837 992/1523/881
f 992/1523/881 956/1526/837 991/1527/884
f 992/1523/881 991/1527/884 999/1524/882
f 999/1524/882 991/1527/884 1012/1528/885
f 999/1524/882 1012/1528/885 1013/1525/883
f 1013/1525/883 1012/1528/885 1023/1505/871
f 1013/1525/883 1023/1505/871 1024/1503/869
f 956/1526/837 955/1529/819 991/1527/884
f 991/1527/884 955/1529/819 954/1530/818
f 991/1527/884 954/1530/818 990/1531/886
f 990/1531/886 954/1530/818 953/1532/821
f 990/1531/886 953/1532/821 989/1533/887
f 989/1533/887 953/1532/821 952/1534/823
f 989/1533/887 952/1534/823 988/1535/888
f 988/1535/888 952/1534/823 951/1536/825
f 988/1535/888 951/1536/825 987/1537/889
f 987/1537/889 951/1536/825 950/1538/827
f 987/1537/889 950/1538/827 986/1539/890
f 986/1539/890 950/1538/827 949/1540/829
f 986/1539/890 949/1540/829 985/1541/891
f 985/1541/891 949/1540/829 948/1542/830
f 985/1541/891 948/1542/830 592/1543/451
f 592/1543/451 948/1542/830 520/1544/394
f 591/1517/492 982/1545/892 592/1543/451
f 592/1543/451 982/1545/892 985/1541/891
f 985/1541/891 982/1545/892 994/1546/893
f 985/1541/891 994/1546/893 986/1539/890
f 986/1539/890 994/1546/893 995/1547/894
f 986/1539/890 995/1547/894 987/1537/889
f 987/1537/889 995/1547/894 996/1548/895
f 987/1537/889 996/1548/895 988/1535/888
f 988/1535/888 996/1548/895 997/1549/896
f 988/1535/888 997/1549/896 989/1533/887
f 989/1533/887 997/1549/896 998/1550/897
f 989/1533/887 998/1550/897 990/1531/886
f 990/1531/886 998/1550/897 1012/1528/885
f 990/1531/886 1012/1528/885 991/1527/884
f 982/1545/892 591/1517/492 1019/1515/877
f 973/1500/843 972/1551/898 1026/1498/866
f 1026/1498/866 972/1551/898 1027/1552/899
f 1026/1498/866 1027/1552/899 1016/1496/864
f 1016/1496/864 1027/1552/899 1017/1553/900
f 1016/1496/864 1017/1553/900 1003/1554/901
f 1016/1496/864 1003/1554/901 1002/1493/861
f 1002/1493/861 1003/1554/901 993/1491/860
f 1027/1552/899 972/1551/898 1028/1555/902
f 1028/1555/902 972/1551/898 971/1556/842
f 971/1556/842 970/1557/841 979/1558/903
f 980/1484/857 983/1559/904 979/1558/903
f 979/1558/903 983/1559/904 981/1560/905
f 1018/1561/906 1017/1553/900 1027/1552/899
f 971/1556/842 979/1558/903 981/1560/905
f 983/1559/904 980/1484/857 984/1486/858
f 983/1559/904 984/1486/858 1005/1488/859
f 994/1546/893 982/1545/892 1008/1562/907
f 1008/1562/907 982/1545/892 1019/1515/877
f 1008/1562/907 1019/1515/877 500/1514/367
f 995/1547/894 994/1546/893 1020/1512/876
f 1020/1512/876 994/1546/893 1008/1562/907
f 1020/1512/876 1008/1562/907 500/1514/367
f 996/1548/895 995/1547/894 1009/1563/908
f 1009/1563/908 995/1547/894 1020/1512/876
f 1009/1563/908 1020/1512/876 345/1510/250
f 997/1549/896 996/1548/895 1010/1564/909
f 1010/1564/909 996/1548/895 1009/1563/908
f 1010/1564/909 1009/1563/908 1021/1509/875
f 1021/1509/875 1009/1563/908 345/1510/250
f 998/1550/897 997/1549/896 1011/1565/910
f 1011/1565/910 997/1549/896 1010/1564/909
f 1011/1565/910 1010/1564/909 1022/1507/873
f 1022/1507/873 1010/1564/909 1021/1509/875
f 1003/1554/901 1004/1566/911 993/1491/860
f 993/1491/860 1004/1566/911 1005/1488/859
f 1004/1566/911 983/1559/904 1005/1488/859
f 1004/1566/911 1003/1554/901 1018/1561/906
f 1018/1561/906 1003/1554/901 1017/1553/900
f 1011/1565/910 1012/1528/885 998/1550/897
f 1012/1528/885 1011/1565/910 1023/1505/871
f 1023/1505/871 1011/1565/910 1022/1507/873
f 1018/1561/906 981/1560/905 1004/1566/911
f 1004/1566/911 981/1560/905 983/1559/904
f 1018/1561/906 1027/1552/899 1028/1555/902
f 981/1560/905 1018/1561/906 971/1556/842
f 971/1556/842 1018/1561/906 1028/1555/902
f 344/1567/246 527/1568/375 877/1569/912
f 877/1569/912 527/1568/375 1046/1570/913
f 1046/1570/913 527/1568/375 526/1571/377
f 1046/1570/913 526/1571/377 1045/1572/914
f 1045/1572/914 526/1571/377 1044/1573/915
f 1044/1573/915 526/1571/377 1043/1574/916
f 1043/1574/916 526/1571/377 525/1575/381
f 1043/1574/916 525/1575/381 1042/1576/917
f 1042/1576/917 525/1575/381 524/1577/384
f 1042/1576/917 524/1577/384 1041/1578/918
f 1041/1578/918 524/1577/384 1040/1579/918
f 1040/1579/918 524/1577/384 523/1580/387
f 1040/1579/918 523/1580/387 1039/1581/1
f 1039/1581/1 523/1580/387 522/1582/390
f 1039/1581/1 522/1582/390 1038/1583/919
f 1038/1583/919 522/1582/390 521/1584/393
f 1038/1583/919 521/1584/393 1037/1585/920
f 1037/1585/920 521/1584/393 947/1586/832
f 1037/1585/920 947/1586/832 1036/1587/921
f 1036/1587/921 947/1586/832 946/1588/840
f 1036/1587/921 946/1588/840 1035/1589/922
f 1035/1589/922 946/1588/840 945/1590/839
f 1035/1589/922 945/1590/839 1034/1591/923
f 1034/1591/923 945/1590/839 944/1592/838
f 1034/1591/923 944/1592/838 1033/1593/924
f 1033/1593/924 944/1592/838 943/1594/836
f 1033/1593/924 943/1594/836 1032/1595/925
f 1032/1595/925 943/1594/836 942/1596/834
f 1032/1595/925 942/1596/834 1031/1597/926
f 1031/1597/926 942/1596/834 1030/1598/927
f 1030/1598/927 942/1596/834 941/1599/833
f 940/1600/831 1029/1601/928 941/1599/833
f 941/1599/833 1029/1601/928 1030/1598/927
f 917/1602/793 916/1603/795 1047/1604/929
f 917/1602/793 1047/1604/929 1048/1605/930
f 1048/1605/930 1047/1604/929 653/1606/542
f 1048/1605/930 653/1606/542 652/1607/543
f 652/1607/543 651/1608/545 1048/1605/930
f 1048/1605/930 651/1608/545 650/1609/547
f 1048/1605/930 650/1609/547 1049/1610/931
f 1049/1610/931 650/1609/547 649/1611/530
f 1049/1610/931 649/1611/530 1050/1612/932
f 1050/1612/932 649/1611/530 648/1613/529
f 1050/1612/932 648/1613/529 1051/1614/933
f 1051/1614/933 648/1613/529 647/1615/528
f 1051/1614/933 647/1615/528 1052/1616/934
f 1052/1616/934 647/1615/528 646/1617/526
f 1052/1616/934 646/1617/526 1053/1618/935
f 1053/1618/935 646/1617/526 645/1619/514
f 1053/1618/935 645/1619/514 644/1620/513
f 641/1621/521 640/1622/518 1054/1623/936
f 1054/1623/936 640/1622/518 639/1624/515
f 1054/1623/936 639/1624/515 1055/1625/937
f 1055/1625/937 639/1624/515 638/1626/499
f 1055/1625/937 638/1626/499 637/1627/498
f 1055/1625/937 637/1627/498 890/1628/771
f 1055/1625/937 890/1628/771 889/1629/774
f 889/1629/774 922/1630/782 1054/1623/936
f 1054/1623/936 922/1630/782 641/1621/521
f 641/1621/521 922/1630/782 642/1631/523
f 918/1632/789 917/1602/793 1048/1605/930
f 1049/1610/931 918/1632/789 1048/1605/930
f 918/1632/789 1049/1610/931 1050/1612/932
f 919/1633/787 918/1632/789 1050/1612/932
f 919/1633/787 1050/1612/932 1051/1614/933
f 919/1633/787 1051/1614/933 1052/1616/934
f 920/1634/785 919/1633/787 1052/1616/934
f 920/1634/785 1052/1616/934 1053/1618/935
f 920/1634/785 1053/1618/935 644/1620/513
f 921/1635/783 920/1634/785 644/1620/513
f 921/1635/783 644/1620/513 643/1636/524
f 921/1635/783 643/1636/524 642/1631/523
f 922/1630/782 921/1635/783 642/1631/523
f 1054/1623/936 1055/1625/937 889/1629/774
f 755/1637/624 590/1638/449 468/1639/938
f 755/1637/624 468/1639/938 901/1640/939
f 901/1640/939 468/1639/938 467/1641/940
f 901/1640/939 467/1641/940 1058/1642/941
f 901/1640/939 1058/1642/941 902/1643/942
f 902/1643/942 1058/1642/941 1059/1644/943
f 902/1643/942 1059/1644/943 903/1645/944
f 903/1645/944 1059/1644/943 1060/1646/945
f 903/1645/944 1060/1646/945 904/1647/946
f 904/1647/946 1060/1646/945 1061/1648/947
f 904/1647/946 1061/1648/947 905/1649/948
f 905/1649/948 1061/1648/947 1062/1650/949
f 905/1649/948 1062/1650/949 906/1651/950
f 906/1651/950 1062/1650/949 1063/1652/951
f 906/1651/950 1063/1652/951 907/1653/952
f 907/1653/952 1063/1652/951 1064/1654/953
f 907/1653/952 1064/1654/953 908/1655/954
f 908/1655/954 1064/1654/953 1065/1656/955
f 908/1655/954 1065/1656/955 1066/1657/956
f 908/1655/954 1066/1657/956 909/1658/957
f 909/1658/957 1066/1657/956 1067/1659/958
f 909/1658/957 1067/1659/958 910/1660/959
f 910/1660/959 1067/1659/958 1068/1661/960
f 910/1660/959 1068/1661/960 911/1662/961
f 911/1662/961 1068/1661/960 1069/1663/962
f 911/1662/961 1069/1663/962 912/1664/963
f 912/1664/963 1069/1663/962 1070/1665/964
f 912/1664/963 1070/1665/964 913/1666/965
f 913/1666/965 1070/1665/964 1071/1667/966
f 913/1666/965 1071/1667/966 914/1668/967
f 914/1668/967 1071/1667/966 1072/1669/968
f 914/1668/967 1072/1669/968 1073/1670/969
f 914/1668/967 1073/1670/969 915/1671/970
f 915/1671/970 1073/1670/969 1074/1672/971
f 113/1673/90 1075/1674/972 114/1675/88
f 117/1676/85 116/1677/86 1077/1678/84
f 119/1679/79 118/1680/81 1079/1681/973
f 119/1679/79 1079/1681/973 1080/1682/974
f 1075/1674/972 115/1683/87 114/1675/88
f 116/1677/86 115/1683/87 1076/1684/975
f 116/1677/86 1076/1684/975 1077/1678/84
f 118/1680/81 1078/1685/83 1079/1681/973
f 119/1679/79 1080/1682/974 1087/1686/976
f 1087/1686/976 1080/1682/974 1081/1687/977
f 1087/1686/976 1081/1687/977 120/1688/120
f 120/1688/120 1081/1687/977 1082/1689/978
f 120/1688/120 1082/1689/978 122/1690/77
f 122/1690/77 1082/1689/978 1083/1691/979
f 1085/1692/74 1086/1693/980 1300/1694/73
f 1084/1695/981 1085/1692/74 124/1696/75
f 1084/1695/981 124/1696/75 123/1697/76
f 1083/1691/979 123/1697/76 122/1690/77
f 122/1690/77 121/1698/78 120/1688/120
f 1087/1686/976 120/1688/120 119/1679/79
f 195/361/198 194/360/198 217/359/197
f 217/359/197 194/360/198 938/358/197
f 217/359/197 938/358/197 218/357/196
f 218/357/196 938/358/197 937/356/196
f 218/357/196 937/356/196 219/355/195
f 219/355/195 937/356/196 243/354/195
f 1089/1699/982 1074/1700/971 1088/1701/66
f 1088/1701/66 1074/1700/971 1073/1702/66
f 881/1703/983 1106/1704/984 113/1705/90
f 113/1705/90 1106/1704/984 1075/1706/972
f 1075/1706/972 1110/1707/985 115/1708/87
f 115/1708/87 1110/1707/985 1111/1709/986
f 115/1708/87 1111/1709/986 1076/1710/975
f 1077/1711/84 1076/1710/975 1112/1712/987
f 1077/1711/84 1112/1712/987 1078/1713/83
f 1078/1713/83 1112/1712/987 1113/1714/988
f 1078/1713/83 1113/1714/988 1079/1715/973
f 1079/1715/973 1113/1714/988 1114/1716/989
f 1079/1715/973 1114/1716/989 1080/1717/974
f 1080/1717/974 1114/1716/989 1115/1718/990
f 1080/1717/974 1115/1718/990 1081/1719/977
f 1081/1719/977 1115/1718/990 1116/1720/991
f 1081/1719/977 1116/1720/991 1082/1721/978
f 1082/1721/978 1116/1720/991 1117/1722/992
f 1082/1721/978 1117/1722/992 1083/1723/979
f 1083/1723/979 1117/1722/992 1118/1724/993
f 1083/1723/979 1118/1724/993 123/1725/76
f 123/1725/76 1118/1724/993 1084/1726/981
f 1086/1727/980 1085/1728/74 1104/1729/994
f 1104/1729/994 1085/1728/74 1105/1730/995
f 1122/1731/996 1115/1718/990 1123/1732/997
f 1123/1732/997 1115/1718/990 1114/1716/989
f 1123/1732/997 1114/1716/989 1124/1733/998
f 1124/1733/998 1114/1716/989 1113/1714/988
f 1124/1733/998 1113/1714/988 1125/1734/999
f 1125/1734/999 1113/1714/988 1112/1712/987
f 1106/1704/984 881/1703/983 1108/1735/1000
f 1106/1704/984 1108/1735/1000 1130/1736/1001
f 1130/1736/1001 1108/1735/1000 1138/1737/1002
f 1130/1736/1001 1138/1737/1002 1137/1738/1003
f 1136/1739/1004 1137/1738/1003 1092/1740/1005
f 881/1703/983 880/1741/1006 1108/1735/1000
f 1108/1735/1000 880/1741/1006 1109/1742/1007
f 1108/1735/1000 1109/1742/1007 1138/1737/1002
f 1137/1738/1003 1138/1737/1002 1091/1743/1008
f 1137/1738/1003 1091/1743/1008 1092/1740/1005
f 1109/1742/1007 880/1741/1006 879/1744/1009
f 1109/1742/1007 879/1744/1009 1090/1745/1010
f 1109/1742/1007 1090/1745/1010 1138/1737/1002
f 1090/1745/1010 1091/1743/1008 1138/1737/1002
f 1136/1739/1004 1092/1740/1005 1093/1746/1011
f 1096/1747/1012 1097/1748/1013 1139/1749/1014
f 1139/1749/1014 1097/1748/1013 1098/1750/1015
f 1102/1751/1016 1103/1752/1017 1101/1753/1018
f 1101/1753/1018 1103/1752/1017 1107/1754/1019
f 1101/1753/1018 1107/1754/1019 1135/1755/1020
f 1134/1756/1021 1135/1755/1020 1120/1757/1022
f 1134/1756/1021 1120/1757/1022 1121/1758/1023
f 1107/1754/1019 1103/1752/1017 1104/1729/994
f 1107/1754/1019 1104/1729/994 1105/1730/995
f 1106/1704/984 1129/1759/1024 1075/1706/972
f 1075/1706/972 1129/1759/1024 1110/1707/985
f 1129/1759/1024 1141/1760/1025 1110/1707/985
f 1110/1707/985 1141/1760/1025 1111/1709/986
f 1141/1760/1025 1140/1761/1026 1111/1709/986
f 1111/1709/986 1140/1761/1026 1076/1710/975
f 1140/1761/1026 1112/1712/987 1076/1710/975
f 1115/1718/990 1122/1731/996 1116/1720/991
f 1122/1731/996 1121/1758/1023 1116/1720/991
f 1116/1720/991 1121/1758/1023 1117/1722/992
f 1121/1758/1023 1120/1757/1022 1117/1722/992
f 1117/1722/992 1120/1757/1022 1118/1724/993
f 1105/1730/995 1085/1728/74 1084/1726/981
f 1120/1757/1022 1119/1762/1027 1118/1724/993
f 1118/1724/993 1119/1762/1027 1084/1726/981
f 1119/1762/1027 1105/1730/995 1084/1726/981
f 1105/1730/995 1119/1762/1027 1107/1754/1019
f 1107/1754/1019 1119/1762/1027 1135/1755/1020
f 1135/1755/1020 1119/1762/1027 1120/1757/1022
f 1121/1758/1023 1122/1731/996 1133/1763/1028
f 1133/1763/1028 1122/1731/996 1132/1764/1029
f 1133/1763/1028 1132/1764/1029 1098/1750/1015
f 1098/1750/1015 1132/1764/1029 1139/1749/1014
f 1122/1731/996 1123/1732/997 1132/1764/1029
f 1132/1764/1029 1123/1732/997 1131/1765/1030
f 1132/1764/1029 1131/1765/1030 1139/1749/1014
f 1139/1749/1014 1131/1765/1030 1096/1747/1012
f 1125/1734/999 1112/1712/987 1126/1766/1031
f 1126/1766/1031 1112/1712/987 1140/1761/1026
f 1126/1766/1031 1140/1761/1026 1127/1767/1032
f 1127/1767/1032 1140/1761/1026 1141/1760/1025
f 1127/1767/1032 1141/1760/1025 1128/1768/1033
f 1128/1768/1033 1141/1760/1025 1129/1759/1024
f 1123/1732/997 1124/1733/998 1131/1765/1030
f 1131/1765/1030 1124/1733/998 1096/1747/1012
f 1096/1747/1012 1124/1733/998 1095/1769/1034
f 1124/1733/998 1125/1734/999 1095/1769/1034
f 1095/1769/1034 1125/1734/999 1094/1770/1035
f 1125/1734/999 1126/1766/1031 1094/1770/1035
f 1094/1770/1035 1126/1766/1031 1093/1746/1011
f 1126/1766/1031 1127/1767/1032 1136/1739/1004
f 1126/1766/1031 1136/1739/1004 1093/1746/1011
f 1127/1767/1032 1128/1768/1033 1136/1739/1004
f 1136/1739/1004 1128/1768/1033 1137/1738/1003
f 1128/1768/1033 1129/1759/1024 1130/1736/1001
f 1128/1768/1033 1130/1736/1001 1137/1738/1003
f 1129/1759/1024 1106/1704/984 1130/1736/1001
f 1121/1758/1023 1133/1763/1028 1134/1756/1021
f 1135/1755/1020 1134/1756/1021 1100/1771/1036
f 1135/1755/1020 1100/1771/1036 1101/1753/1018
f 1099/1772/1037 1100/1771/1036 1134/1756/1021
f 1098/1750/1015 1099/1772/1037 1133/1763/1028
f 1133/1763/1028 1099/1772/1037 1134/1756/1021
f 210/297/181 209/298/181 288/299/182
f 288/299/182 209/298/181 936/300/182
f 288/299/182 936/300/182 289/301/183
f 289/301/183 936/300/182 935/302/183
f 289/301/183 935/302/183 265/303/184
f 265/303/184 935/302/183 262/304/184
f 653/1773/759 1089/1774/982 1142/1775/1038
f 653/1773/759 1142/1775/1038 654/1776/1039
f 654/1776/1039 1142/1775/1038 1143/1777/1040
f 654/1776/1039 1143/1777/1040 655/1778/45
f 655/1778/45 1143/1777/1040 1144/1779/45
f 653/1773/759 1047/1780/929 1089/1774/982
f 1089/1774/982 1047/1780/929 1074/1781/971
f 1074/1781/971 1047/1780/929 916/1782/795
f 1074/1781/971 916/1782/795 915/1783/970
f 1144/1779/45 1145/1784/45 655/1778/45
f 655/1778/45 1145/1784/45 970/1785/45
f 970/1785/45 1145/1784/45 1146/1786/45
f 970/1785/45 1146/1786/45 979/1787/45
f 979/1787/45 1146/1786/45 1147/1788/45
f 979/1787/45 1147/1788/45 980/1789/45
f 980/1789/45 1147/1788/45 1056/1790/1041
f 980/1789/45 1056/1790/1041 939/1791/759
f 939/1791/759 1056/1790/1041 940/1792/831
f 940/1792/831 1056/1790/1041 1148/1793/1042
f 940/1792/831 1148/1793/1042 1029/1794/928
f 1057/55/1043 1056/1795/1041 1149/1796/1044
f 1174/1797/1045 1150/1798/1046 1176/1799/1047
f 1176/1799/1047 1150/1798/1046 1151/1800/1048
f 1176/1799/1047 1151/1800/1048 1175/1801/1049
f 1176/1799/1047 1175/1801/1049 1208/1802/1050
f 1208/1802/1050 1175/1801/1049 1153/1803/1051
f 1151/1800/1048 1152/1804/1052 1175/1801/1049
f 1175/1801/1049 1152/1804/1052 1153/1803/1051
f 1208/1802/1050 1153/1803/1051 1207/1805/1053
f 1207/1805/1053 1153/1803/1051 1154/1806/1054
f 1207/1805/1053 1154/1806/1054 1206/1807/1055
f 1206/1807/1055 1154/1806/1054 1155/1808/1056
f 1156/1809/1057 1157/1810/1058 1197/1811/1059
f 1197/1811/1059 1157/1810/1058 1198/1812/1060
f 1197/1811/1059 1198/1812/1060 1182/1813/1061
f 1182/1813/1061 1198/1812/1060 1183/1814/1062
f 1182/1813/1061 1183/1814/1062 1170/1815/1063
f 1170/1815/1063 1183/1814/1062 1169/1816/1064
f 1169/1816/1064 1183/1814/1062 1184/1817/1065
f 1169/1816/1064 1184/1817/1065 1260/1818/1066
f 1260/1818/1066 1184/1817/1065 1185/1819/1067
f 1260/1818/1066 1185/1819/1067 1186/1820/1068
f 1186/1820/1068 1185/1819/1067 1201/1821/1069
f 1186/1820/1068 1201/1821/1069 1202/1822/1070
f 1203/1823/1071 1202/1822/1070 1160/1824/1072
f 1203/1823/1071 1160/1824/1072 1161/1825/1073
f 1157/1810/1058 1158/1826/1074 1198/1812/1060
f 1198/1812/1060 1158/1826/1074 1199/1827/1075
f 1198/1812/1060 1199/1827/1075 1183/1814/1062
f 1183/1814/1062 1199/1827/1075 1184/1817/1065
f 1199/1827/1075 1158/1826/1074 1200/1828/1076
f 1199/1827/1075 1200/1828/1076 1184/1817/1065
f 1184/1817/1065 1200/1828/1076 1185/1819/1067
f 1158/1826/1074 1159/1829/1077 1200/1828/1076
f 1200/1828/1076 1159/1829/1077 1201/1821/1069
f 1200/1828/1076 1201/1821/1069 1185/1819/1067
f 1201/1821/1069 1159/1829/1077 1202/1822/1070
f 1159/1829/1077 1160/1824/1072 1202/1822/1070
f 1161/1825/1073 1162/1830/1078 1205/1831/1079
f 1205/1831/1079 1162/1830/1078 1204/1832/1080
f 1204/1832/1080 1162/1830/1078 1163/1833/1081
f 1204/1832/1080 1163/1833/1081 710/1834/608
f 710/1834/608 1163/1833/1081 711/1835/609
f 710/1834/608 709/1836/606 1204/1832/1080
f 1204/1832/1080 709/1836/606 1191/1837/1082
f 1204/1832/1080 1191/1837/1082 1190/1838/1083
f 1189/1839/1084 1190/1838/1083 1166/1840/1085
f 1189/1839/1084 1166/1840/1085 1167/1841/1086
f 1190/1838/1083 1191/1837/1082 1165/1842/1087
f 1190/1838/1083 1165/1842/1087 1166/1840/1085
f 709/1836/606 708/1843/605 1191/1837/1082
f 1191/1837/1082 708/1843/605 1164/1844/1088
f 1191/1837/1082 1164/1844/1088 1165/1842/1087
f 1168/1845/1089 1187/1846/1090 1167/1841/1086
f 1167/1841/1086 1187/1846/1090 1188/1847/1091
f 1167/1841/1086 1188/1847/1091 1189/1839/1084
f 1190/1838/1083 1189/1839/1084 1205/1831/1079
f 1190/1838/1083 1205/1831/1079 1204/1832/1080
f 1187/1846/1090 1168/1845/1089 1186/1820/1068
f 1186/1820/1068 1168/1845/1089 1260/1818/1066
f 1170/1815/1063 1171/1848/1092 1182/1813/1061
f 1182/1813/1061 1171/1848/1092 1181/1849/1093
f 1182/1813/1061 1181/1849/1093 1197/1811/1059
f 1197/1811/1059 1181/1849/1093 1196/1850/1094
f 1197/1811/1059 1196/1850/1094 1156/1809/1057
f 1171/1848/1092 1172/1851/1095 1181/1849/1093
f 1181/1849/1093 1172/1851/1095 1180/1852/1096
f 1181/1849/1093 1180/1852/1096 1196/1850/1094
f 1196/1850/1094 1180/1852/1096 1195/1853/1097
f 1196/1850/1094 1195/1853/1097 1156/1809/1057
f 1156/1809/1057 1195/1853/1097 1155/1808/1056
f 1180/1852/1096 1172/1851/1095 1179/1854/1098
f 1179/1854/1098 1172/1851/1095 1173/1855/1099
f 1179/1854/1098 1173/1855/1099 1178/1856/1100
f 1178/1856/1100 1173/1855/1099 1174/1797/1045
f 1178/1856/1100 1174/1797/1045 1177/1857/1101
f 1177/1857/1101 1174/1797/1045 1176/1799/1047
f 1177/1857/1101 1176/1799/1047 1192/1858/1102
f 1192/1858/1102 1176/1799/1047 1208/1802/1050
f 1178/1856/1100 1177/1857/1101 1193/1859/1103
f 1193/1859/1103 1177/1857/1101 1192/1858/1102
f 1193/1859/1103 1192/1858/1102 1207/1805/1053
f 1207/1805/1053 1192/1858/1102 1208/1802/1050
f 1195/1853/1097 1180/1852/1096 1179/1854/1098
f 1179/1854/1098 1178/1856/1100 1194/1860/1104
f 1194/1860/1104 1178/1856/1100 1193/1859/1103
f 1194/1860/1104 1193/1859/1103 1206/1807/1055
f 1206/1807/1055 1193/1859/1103 1207/1805/1053
f 1186/1820/1068 1202/1822/1070 1187/1846/1090
f 1187/1846/1090 1202/1822/1070 1203/1823/1071
f 1187/1846/1090 1203/1823/1071 1188/1847/1091
f 1188/1847/1091 1203/1823/1071 1189/1839/1084
f 1155/1808/1056 1195/1853/1097 1194/1860/1104
f 1194/1860/1104 1195/1853/1097 1179/1854/1098
f 1155/1808/1056 1194/1860/1104 1206/1807/1055
f 1203/1823/1071 1161/1825/1073 1189/1839/1084
f 1189/1839/1084 1161/1825/1073 1205/1831/1079
f 1144/1861/1105 1143/1862/1106 1209/1863/1107
f 1209/1863/1107 1143/1862/1106 1211/1864/1108
f 1211/1864/1108 1143/1862/1106 1142/1865/1109
f 1211/1864/1108 1142/1865/1109 1210/1866/1110
f 1210/1866/1110 1142/1865/1109 1089/1867/1111
f 1210/1866/1110 1089/1867/1111 1088/1868/1111
f 1212/1869/1112 1148/1870/1042 1057/55/1043
f 1057/55/1043 1148/1870/1042 1056/814/1041
f 1219/1871/1113 1218/1872/1114 1225/1873/1115
f 1226/1874/1116 1233/1875/1117 1164/1876/1088
f 176/1877/171 1216/1878/1118 1221/1879/176
f 1221/1879/176 1216/1878/1118 1217/1880/1119
f 1232/1881/1120 1165/1882/1087 1164/1876/1088
f 1165/1882/1087 1231/1883/1121 1230/1884/1122
f 1165/1882/1087 1230/1884/1122 1237/1885/1123
f 1237/1885/1123 1230/1884/1122 1242/1886/1124
f 1237/1885/1123 1242/1886/1124 1238/1887/1125
f 1238/1887/1125 1242/1886/1124 1229/1888/1126
f 1238/1887/1125 1229/1888/1126 1239/1889/1127
f 1239/1889/1127 1229/1888/1126 1228/1890/1128
f 1239/1889/1127 1228/1890/1128 1240/1891/1129
f 1240/1891/1129 1228/1890/1128 1243/1892/1130
f 1240/1891/1129 1243/1892/1130 1241/1893/1131
f 1241/1893/1131 1243/1892/1130 174/1894/174
f 1241/1893/1131 174/1894/174 1213/1895/1132
f 175/1896/172 1236/1897/1133 176/1877/171
f 176/1877/171 1236/1897/1133 1222/1898/1134
f 1223/1899/1135 1234/1900/1136 1224/1901/1137
f 1213/1895/1132 1240/1891/1129 1241/1893/1131
f 1214/1902/1138 1167/1903/1086 1238/1887/1125
f 1214/1902/1138 1238/1887/1125 1239/1889/1127
f 1166/1904/1085 1165/1882/1087 1237/1885/1123
f 1220/1905/1139 1227/1906/733 1215/1907/1140
f 1220/1905/1139 1215/1907/1140 1219/1871/1113
f 1219/1871/1113 1215/1907/1140 1217/1880/1119
f 1217/1880/1119 1215/1907/1140 1221/1879/176
f 1215/1907/1140 177/1908/161 1221/1879/176
f 1216/1878/1118 176/1877/171 1222/1898/1134
f 1216/1878/1118 1222/1898/1134 1217/1880/1119
f 1219/1871/1113 1217/1880/1119 1218/1872/1114
f 1220/1905/1139 1219/1871/1113 1225/1873/1115
f 1226/1874/1116 1220/1905/1139 1225/1873/1115
f 1226/1874/1116 1225/1873/1115 1233/1875/1117
f 1227/1906/733 1220/1905/1139 1226/1874/1116
f 1227/1906/733 1226/1874/1116 708/1909/605
f 708/1909/605 1226/1874/1116 1164/1876/1088
f 1222/1898/1134 1236/1897/1133 1235/1910/1141
f 1223/1899/1135 1224/1901/1137 1218/1872/1114
f 1224/1901/1137 1225/1873/1115 1218/1872/1114
f 1222/1898/1134 1223/1899/1135 1217/1880/1119
f 1217/1880/1119 1223/1899/1135 1218/1872/1114
f 1235/1910/1141 1236/1897/1133 1228/1890/1128
f 1228/1890/1128 1236/1897/1133 175/1896/172
f 1228/1890/1128 175/1896/172 1243/1892/1130
f 1229/1888/1126 1235/1910/1141 1228/1890/1128
f 1223/1899/1135 1235/1910/1141 1229/1888/1126
f 1234/1900/1136 1223/1899/1135 1230/1884/1122
f 1230/1884/1122 1223/1899/1135 1229/1888/1126
f 1230/1884/1122 1229/1888/1126 1242/1886/1124
f 1234/1900/1136 1230/1884/1122 1231/1883/1121
f 1232/1881/1120 1231/1883/1121 1165/1882/1087
f 1231/1883/1121 1232/1881/1120 1234/1900/1136
f 1234/1900/1136 1232/1881/1120 1233/1875/1117
f 1232/1881/1120 1164/1876/1088 1233/1875/1117
f 1234/1900/1136 1225/1873/1115 1224/1901/1137
f 1237/1885/1123 1238/1887/1125 1166/1904/1085
f 1213/1895/1132 1214/1902/1138 1240/1891/1129
f 1240/1891/1129 1214/1902/1138 1239/1889/1127
f 1167/1903/1086 1166/1904/1085 1238/1887/1125
f 175/1896/172 174/1894/174 1243/1892/1130
f 1233/1875/1117 1225/1873/1115 1234/1900/1136
f 1222/1898/1134 1235/1910/1141 1223/1899/1135
f 466/1911/66 721/1912/66 467/1913/66
f 467/1913/66 721/1912/66 1058/1914/66
f 1058/1914/66 721/1912/66 1059/1915/66
f 1059/1915/66 721/1912/66 720/1916/66
f 1059/1915/66 720/1916/66 719/1917/619
f 1059/1915/66 719/1917/619 1060/1918/66
f 1060/1918/66 719/1917/619 718/1919/618
f 1060/1918/66 718/1919/618 1061/1920/66
f 1061/1920/66 718/1919/618 717/1921/67
f 1061/1920/66 717/1921/67 716/1922/66
f 1061/1920/66 716/1922/66 1062/1923/66
f 1062/1923/66 716/1922/66 715/1924/66
f 1062/1923/66 715/1924/66 1063/1925/66
f 1063/1925/66 715/1924/66 714/1926/66
f 1063/1925/66 714/1926/66 1064/1927/66
f 1064/1927/66 714/1926/66 713/1928/66
f 713/1928/66 712/1929/66 1064/1927/66
f 1064/1927/66 712/1929/66 711/1930/66
f 1064/1927/66 711/1930/66 1065/1931/66
f 1065/1931/66 711/1930/66 1163/1932/66
f 1065/1931/66 1163/1932/66 1162/1933/1078
f 1065/1931/66 1162/1933/1078 1161/1934/1073
f 1065/1931/66 1161/1934/1073 1160/1935/1142
f 1065/1931/66 1160/1935/1142 1066/1936/66
f 1066/1936/66 1160/1935/1142 1159/1937/66
f 1066/1936/66 1159/1937/66 1067/1938/66
f 1067/1938/66 1159/1937/66 1158/1939/66
f 1067/1938/66 1158/1939/66 1068/1940/66
f 1068/1940/66 1158/1939/66 1157/1941/1058
f 1068/1940/66 1157/1941/1058 1156/1942/1057
f 1068/1940/66 1156/1942/1057 1069/1943/1143
f 1069/1943/1143 1156/1942/1057 1155/1944/1056
f 1069/1943/1143 1155/1944/1056 1070/1945/1143
f 1070/1945/1143 1155/1944/1056 1154/1946/1144
f 1070/1945/1143 1154/1946/1144 1153/1947/66
f 1070/1945/1143 1153/1947/66 1071/1948/66
f 1071/1948/66 1153/1947/66 1072/1949/66
f 1072/1949/66 1153/1947/66 1152/1950/66
f 238/1951/1145 1244/1952/1146 236/1953/199
f 236/1953/199 1244/1952/1146 254/1954/200
f 254/1954/200 1244/1952/1146 1248/1955/1147
f 254/1954/200 1248/1955/1147 1250/1956/1148
f 1250/1956/1148 1248/1955/1147 1247/1957/1149
f 1250/1956/1148 1247/1957/1149 1249/1958/1150
f 1249/1958/1150 1247/1957/1149 1174/1959/1045
f 1249/1958/1150 1174/1959/1045 1173/1960/1099
f 1244/1952/1146 1150/1961/1046 1248/1955/1147
f 1248/1955/1147 1150/1961/1046 1247/1957/1149
f 1247/1957/1149 1150/1961/1046 1174/1959/1045
f 1249/1958/1150 1173/1960/1099 1251/1962/1151
f 1251/1962/1151 1173/1960/1099 1172/1963/1095
f 1246/1964/1152 1245/1965/1153 1256/1966/1154
f 1256/1966/1154 1245/1965/1153 1259/1967/1155
f 1259/1967/1155 1258/1968/1156 174/1969/174
f 174/1969/174 1258/1968/1156 1213/1970/1132
f 1213/1970/1132 1258/1968/1156 1168/1971/1089
f 1168/1971/1089 1258/1968/1156 1260/1972/1066
f 1260/1972/1066 1245/1965/1153 1169/1973/1064
f 1169/1973/1064 1245/1965/1153 1246/1964/1152
f 1169/1973/1064 1246/1964/1152 1170/1974/1063
f 1168/1971/1089 1167/1975/1086 1214/1976/1138
f 1168/1971/1089 1214/1976/1138 1213/1970/1132
f 174/1969/174 282/1977/203 1259/1967/1155
f 1259/1967/1155 282/1977/203 1256/1966/1154
f 1256/1966/1154 1257/1978/1157 1246/1964/1152
f 1246/1964/1152 1257/1978/1157 1170/1974/1063
f 1256/1966/1154 282/1977/203 1257/1978/1157
f 1257/1978/1157 1255/1979/1158 1170/1974/1063
f 1170/1974/1063 1255/1979/1158 1171/1980/1092
f 282/1977/203 281/1981/202 1257/1978/1157
f 1257/1978/1157 281/1981/202 1255/1979/1158
f 1255/1979/1158 281/1981/202 1254/1982/1159
f 1254/1982/1159 281/1981/202 1253/1983/1160
f 1253/1983/1160 281/1981/202 280/1984/204
f 1253/1983/1160 280/1984/204 255/1985/201
f 1253/1983/1160 255/1985/201 1252/1986/1161
f 1252/1986/1161 255/1985/201 254/1954/200
f 1252/1986/1161 254/1954/200 1250/1956/1148
f 1250/1956/1148 1249/1958/1150 1252/1986/1161
f 1252/1986/1161 1249/1958/1150 1251/1962/1151
f 1252/1986/1161 1251/1962/1151 1253/1983/1160
f 1253/1983/1160 1251/1962/1151 1172/1963/1095
f 1253/1983/1160 1172/1963/1095 1254/1982/1159
f 1254/1982/1159 1172/1963/1095 1171/1980/1092
f 1254/1982/1159 1171/1980/1092 1255/1979/1158
f 1245/1965/1153 1260/1972/1066 1259/1967/1155
f 1259/1967/1155 1260/1972/1066 1258/1968/1156
f 878/1987/1162 877/1988/1163 1278/1989/1164
f 1278/1989/1164 877/1988/1163 1046/1990/1165
f 1278/1989/1164 1046/1990/1165 1277/1991/1166
f 1277/1991/1166 1046/1990/1165 1045/1992/1167
f 1277/1991/1166 1045/1992/1167 1276/1993/1168
f 1276/1993/1168 1045/1992/1167 1044/1994/1169
f 1276/1993/1168 1044/1994/1169 1275/1995/1170
f 1275/1995/1170 1044/1994/1169 1043/1996/1171
f 1275/1995/1170 1043/1996/1171 1274/1997/1172
f 1274/1997/1172 1043/1996/1171 1042/1998/1173
f 1274/1997/1172 1042/1998/1173 1273/1999/1174
f 1273/1999/1174 1042/1998/1173 1041/2000/1175
f 1273/1999/1174 1041/2000/1175 1272/2001/1176
f 1272/2001/1176 1041/2000/1175 1040/2002/1177
f 1272/2001/1176 1040/2002/1177 1271/2003/1178
f 1271/2003/1178 1040/2002/1177 1039/2004/1179
f 1271/2003/1178 1039/2004/1179 1270/2005/1180
f 1270/2005/1180 1039/2004/1179 1038/2006/1181
f 1270/2005/1180 1038/2006/1181 1269/2007/1182
f 1269/2007/1182 1038/2006/1181 1037/2008/1183
f 1269/2007/1182 1037/2008/1183 1268/2009/1184
f 1268/2009/1184 1037/2008/1183 1036/2010/1185
f 1268/2009/1184 1036/2010/1185 1267/2011/1186
f 1267/2011/1186 1036/2010/1185 1035/2012/1187
f 1267/2011/1186 1035/2012/1187 1266/2013/1188
f 1266/2013/1188 1035/2012/1187 1034/2014/1189
f 1266/2013/1188 1034/2014/1189 1265/2015/1190
f 1265/2015/1190 1034/2014/1189 1033/2016/1191
f 1265/2015/1190 1033/2016/1191 1264/2017/1192
f 1264/2017/1192 1033/2016/1191 1032/2018/1193
f 1264/2017/1192 1032/2018/1193 1263/2019/1194
f 1263/2019/1194 1032/2018/1193 1031/2020/1195
f 1263/2019/1194 1031/2020/1195 1262/2021/1196
f 1262/2021/1196 1031/2020/1195 1030/2022/1197
f 1262/2021/1196 1030/2022/1197 1261/2023/1198
f 1261/2023/1198 1030/2022/1197 1212/2024/1199
f 1212/2024/1199 1030/2022/1197 1029/1637/928
f 1212/2024/1199 1029/1637/928 1148/2025/1042
f 1209/55/1107 1279/2026/66 1144/814/1105
f 1144/814/1105 1279/2026/66 1145/2027/66
f 14/2028/18 177/2029/161 15/2030/20
f 15/2030/20 177/2029/161 1215/2031/1140
f 14/2028/18 1300/2032/73 1321/2033/1200
f 1321/2033/1200 178/2034/177 14/2028/18
f 14/2028/18 178/2034/177 177/2029/161
f 1215/2031/1140 1227/2035/733 15/2030/20
f 879/2036/66 878/2037/66 1090/2038/1201
f 1090/2038/1201 878/2037/66 1278/2039/1201
f 1090/2038/1201 1278/2039/1201 1091/2040/66
f 1091/2040/66 1278/2039/1201 1277/2041/1143
f 1091/2040/66 1277/2041/1143 1092/2042/1005
f 1092/2042/1005 1277/2041/1143 1276/2043/1202
f 1092/2042/1005 1276/2043/1202 1093/2044/1011
f 1093/2044/1011 1276/2043/1202 1275/2045/1203
f 1093/2044/1011 1275/2045/1203 1094/2046/1035
f 1094/2046/1035 1275/2045/1203 1095/2047/1034
f 1095/2047/1034 1275/2045/1203 1274/2048/1204
f 1095/2047/1034 1274/2048/1204 1096/2049/1012
f 1096/2049/1012 1274/2048/1204 1097/2050/1013
f 1097/2050/1013 1274/2048/1204 1273/2051/70
f 1097/2050/1013 1273/2051/70 1272/2052/1205
f 1097/2050/1013 1272/2052/1205 1098/2053/1015
f 1098/2053/1015 1272/2052/1205 1099/2054/1037
f 1099/2054/1037 1272/2052/1205 1271/2055/1206
f 1099/2054/1037 1271/2055/1206 1100/2056/1036
f 1100/2056/1036 1271/2055/1206 1101/2057/1018
f 1101/2057/1018 1271/2055/1206 1270/2058/1207
f 1101/2057/1018 1270/2058/1207 1102/2059/1016
f 1102/2059/1016 1270/2058/1207 1292/2060/1208
f 1292/2060/1208 1270/2058/1207 1269/2061/1209
f 1292/2060/1208 1269/2061/1209 1291/2062/1210
f 1291/2062/1210 1269/2061/1209 1268/2063/66
f 1291/2062/1210 1268/2063/66 1290/2064/70
f 1290/2064/70 1268/2063/66 1267/2065/70
f 1290/2064/70 1267/2065/70 1289/2066/1211
f 1289/2066/1211 1267/2065/70 1266/2067/1212
f 1289/2066/1211 1266/2067/1212 1288/2068/1213
f 1288/2068/1213 1266/2067/1212 1287/2069/1214
f 1287/2069/1214 1266/2067/1212 1265/2070/1215
f 1287/2069/1214 1265/2070/1215 1286/2071/1216
f 1286/2071/1216 1265/2070/1215 1285/2072/1217
f 1285/2072/1217 1265/2070/1215 1264/2073/1218
f 1285/2072/1217 1264/2073/1218 1284/2074/1219
f 1284/2074/1219 1264/2073/1218 1263/2075/1220
f 1284/2074/1219 1263/2075/1220 1283/2076/1221
f 1283/2076/1221 1263/2075/1220 1262/2077/1222
f 1283/2076/1221 1262/2077/1222 1282/2078/1223
f 1282/2078/1223 1262/2077/1222 1281/2079/1224
f 1281/2079/1224 1262/2077/1222 1261/2080/1225
f 1281/2079/1224 1261/2080/1225 1280/2081/1226
f 1279/2082/1227 1293/2083/1228 1145/2084/1229
f 1145/2084/1229 1293/2083/1228 1146/2085/1230
f 1146/2085/1230 1293/2083/1228 1149/2086/1044
f 1146/2085/1230 1149/2086/1044 1147/2087/1231
f 1147/2087/1231 1149/2086/1044 1056/2088/1041
f 180/2089/152 1310/2090/1232 141/2091/136
f 141/2091/136 1310/2090/1232 1308/2092/1233
f 141/2091/136 1308/2092/1233 1304/2093/1234
f 1304/2093/1234 1308/2092/1233 1307/2094/1235
f 1304/2093/1234 1307/2094/1235 1302/2095/1236
f 1302/2095/1236 1306/2096/1237 1301/2097/1238
f 1301/2097/1238 1306/2096/1237 1295/2098/1239
f 1295/2098/1239 1306/2096/1237 1305/2099/1240
f 1294/2100/1241 1295/2098/1239 1305/2099/1240
f 1326/2101/1242 179/2102/153 1323/2103/154
f 1326/2101/1242 1325/2104/1243 179/2102/153
f 1314/2105/1244 1320/2106/1245 1313/2107/1246
f 1321/2108/1200 1300/2109/73 1320/2106/1245
f 1320/2106/1245 1300/2109/73 1313/2107/1246
f 1301/2097/1238 1295/2098/1239 1296/2110/1247
f 1301/2097/1238 1296/2110/1247 1302/2095/1236
f 1302/2095/1236 1296/2110/1247 1303/2111/1248
f 1304/2093/1234 1303/2111/1248 1298/2112/1249
f 1304/2093/1234 1298/2112/1249 1299/2113/1250
f 1304/2093/1234 1299/2113/1250 141/2091/136
f 1296/2110/1247 1297/2114/1251 1303/2111/1248
f 1310/2090/1232 180/2089/152 1318/2115/1252
f 1310/2090/1232 1318/2115/1252 1309/2116/1253
f 1309/2116/1253 1318/2115/1252 1308/2092/1233
f 1308/2092/1233 1318/2115/1252 1316/2117/1254
f 1308/2092/1233 1316/2117/1254 1311/2118/1255
f 1308/2092/1233 1311/2118/1255 1307/2094/1235
f 1307/2094/1235 1311/2118/1255 1302/2095/1236
f 1302/2095/1236 1311/2118/1255 1312/2119/1256
f 1302/2095/1236 1312/2119/1256 1306/2096/1237
f 1306/2096/1237 1312/2119/1256 1314/2105/1244
f 1306/2096/1237 1314/2105/1244 1305/2099/1240
f 1305/2099/1240 1314/2105/1244 1313/2107/1246
f 1305/2099/1240 1313/2107/1246 1294/2100/1241
f 1294/2100/1241 1313/2107/1246 1086/2120/980
f 1304/2093/1234 1302/2095/1236 1303/2111/1248
f 1309/2116/1253 1308/2092/1233 1310/2090/1232
f 1314/2105/1244 1315/2121/1257 1320/2106/1245
f 1320/2106/1245 1315/2121/1257 1324/2122/1258
f 1320/2106/1245 1324/2122/1258 1321/2108/1200
f 1321/2108/1200 1324/2122/1258 1322/2123/1259
f 1315/2121/1257 1316/2117/1254 1317/2124/1260
f 1315/2121/1257 1317/2124/1260 1324/2122/1258
f 1324/2122/1258 1325/2104/1243 1322/2123/1259
f 1321/2108/1200 1322/2123/1259 178/285/177
f 1324/2122/1258 1317/2124/1260 1325/2104/1243
f 1317/2124/1260 1318/2115/1252 1319/2125/1261
f 1317/2124/1260 1319/2125/1261 1325/2104/1243
f 1319/2125/1261 179/2102/153 1325/2104/1243
f 1313/2107/1246 1300/2109/73 1086/2120/980
f 1326/2101/1242 1323/2103/154 1325/2104/1243
f 1323/2103/154 1322/2123/1259 1325/2104/1243
f 1322/2123/1259 1323/2103/154 178/285/177
f 1303/2111/1248 1297/2114/1251 1298/2112/1249
f 1314/2105/1244 1312/2119/1256 1315/2121/1257
f 1312/2119/1256 1311/2118/1255 1315/2121/1257
f 1315/2121/1257 1311/2118/1255 1316/2117/1254
f 1316/2117/1254 1318/2115/1252 1317/2124/1260
f 1318/2115/1252 180/2089/152 1319/2125/1261
f 1319/2125/1261 180/2089/152 179/2102/153
f 1280/2126/45 1261/2127/45 1057/2128/1043
f 1057/2128/1043 1261/2127/45 1212/2129/1112
f 1057/2128/1043 1149/2130/45 1280/2126/45
f 1280/2126/45 1149/2130/45 1330/2131/45
f 1330/2131/45 1149/2130/45 1293/2132/45
f 1330/2131/45 1293/2132/45 1329/2133/45
f 1329/2133/45 1293/2132/45 1328/2134/1262
f 1328/2134/1262 1293/2132/45 1279/2135/1263
f 1328/2134/1262 1279/2135/1263 1327/2136/1264
f 1327/2136/1264 1279/2135/1263 241/2137/1265
f 1279/2135/1263 1209/2138/326 241/2137/1265
f 241/2137/1265 1209/2138/326 238/2139/1145
f 241/2137/1265 238/2139/1145 239/2140/45
f 239/2140/45 238/2139/1145 237/2141/45
f 1209/2138/326 1150/2142/326 1244/2143/1146
f 1209/2138/326 1244/2143/1146 238/2139/1145
f 1150/2142/326 1209/2138/326 1211/2144/45
f 1150/2142/326 1211/2144/45 1151/2145/45
f 1151/2145/45 1211/2144/45 1210/2146/45
f 1151/2145/45 1210/2146/45 1152/2147/45
f 1152/2147/45 1210/2146/45 1088/2148/45
f 1152/2147/45 1088/2148/45 1073/2149/45
f 1073/2149/45 1072/2150/45 1152/2147/45
f 1281/2151/1224 1280/2152/1226 1330/2153/1266
f 1281/2151/1224 1330/2153/1266 1340/2154/1267
f 1347/2155/1268 1340/2154/1267 1350/2156/1269
f 1347/2155/1268 1350/2156/1269 1351/2157/1270
f 1351/2157/1270 1350/2156/1269 1373/2158/1271
f 1351/2157/1270 1373/2158/1271 1372/2159/1272
f 1371/2160/1273 1372/2159/1272 1334/2161/1274
f 1371/2160/1273 1334/2161/1274 1335/2162/1275
f 1330/2153/1266 1329/2163/1276 1340/2154/1267
f 1340/2154/1267 1329/2163/1276 1339/2164/1277
f 1340/2154/1267 1339/2164/1277 1350/2156/1269
f 1350/2156/1269 1339/2164/1277 1374/2165/1278
f 1350/2156/1269 1374/2165/1278 1373/2158/1271
f 1372/2159/1272 1373/2158/1271 1333/2166/1279
f 1372/2159/1272 1333/2166/1279 1334/2161/1274
f 1339/2164/1277 1329/2163/1276 1328/2167/1280
f 1339/2164/1277 1328/2167/1280 1331/2168/1281
f 1339/2164/1277 1331/2168/1281 1374/2165/1278
f 1374/2165/1278 1331/2168/1281 1332/2169/1282
f 1374/2165/1278 1332/2169/1282 1373/2158/1271
f 1373/2158/1271 1332/2169/1282 1333/2166/1279
f 1371/2160/1273 1335/2162/1275 1370/2170/1283
f 1370/2170/1283 1335/2162/1275 1336/2171/1284
f 1370/2170/1283 1336/2171/1284 1369/2172/1285
f 1369/2172/1285 1336/2171/1284 1337/2173/1286
f 1369/2172/1285 1337/2173/1286 1368/2174/1287
f 1368/2174/1287 1337/2173/1286 1338/2175/1288
f 1368/2174/1287 1338/2175/1288 1367/2176/1289
f 1367/2176/1289 1338/2175/1288 1297/2177/1251
f 1367/2176/1289 1297/2177/1251 1366/2178/1290
f 1366/2178/1290 1297/2177/1251 1296/2179/1247
f 1366/2178/1290 1296/2179/1247 1365/2180/1291
f 1365/2180/1291 1296/2179/1247 1295/2181/1239
f 1365/2180/1291 1295/2181/1239 1364/2182/1292
f 1364/2182/1292 1295/2181/1239 1294/2183/1241
f 1364/2182/1292 1294/2183/1241 1361/2184/1293
f 1361/2184/1293 1294/2183/1241 1086/2185/980
f 1361/2184/1293 1086/2185/980 1104/2186/994
f 1361/2184/1293 1104/2186/994 1341/2187/1294
f 1341/2187/1294 1104/2186/994 1103/2188/1017
f 1341/2187/1294 1103/2188/1017 1292/2189/1208
f 1341/2187/1294 1292/2189/1208 1346/2190/1295
f 1346/2190/1295 1292/2189/1208 1291/2191/1210
f 1103/2188/1017 1102/2192/1016 1292/2189/1208
f 1346/2190/1295 1291/2191/1210 1345/2193/1296
f 1345/2193/1296 1291/2191/1210 1290/2194/1297
f 1345/2193/1296 1290/2194/1297 1344/2195/1298
f 1344/2195/1298 1290/2194/1297 1343/2196/1299
f 1343/2196/1299 1290/2194/1297 1289/2197/1211
f 1343/2196/1299 1289/2197/1211 1288/2198/1213
f 1286/2199/1216 1285/2200/1217 1342/2201/1300
f 1342/2201/1300 1285/2200/1217 1284/2202/1219
f 1282/2203/1223 1281/2151/1224 1347/2155/1268
f 1347/2155/1268 1281/2151/1224 1340/2154/1267
f 1283/2204/1221 1282/2203/1223 1348/2205/1301
f 1348/2205/1301 1282/2203/1223 1347/2155/1268
f 1348/2205/1301 1347/2155/1268 1351/2157/1270
f 1284/2202/1219 1283/2204/1221 1352/2206/1302
f 1352/2206/1302 1283/2204/1221 1348/2205/1301
f 1352/2206/1302 1348/2205/1301 1351/2157/1270
f 1352/2206/1302 1351/2157/1270 1372/2159/1272
f 1342/2201/1300 1284/2202/1219 1353/2207/1303
f 1353/2207/1303 1284/2202/1219 1352/2206/1302
f 1353/2207/1303 1352/2206/1302 1371/2160/1273
f 1371/2160/1273 1352/2206/1302 1372/2159/1272
f 1286/2199/1216 1342/2201/1300 1354/2208/1304
f 1354/2208/1304 1342/2201/1300 1353/2207/1303
f 1354/2208/1304 1353/2207/1303 1370/2170/1283
f 1370/2170/1283 1353/2207/1303 1371/2160/1273
f 1287/2209/1214 1286/2199/1216 1355/2210/1305
f 1355/2210/1305 1286/2199/1216 1354/2208/1304
f 1355/2210/1305 1354/2208/1304 1369/2172/1285
f 1369/2172/1285 1354/2208/1304 1370/2170/1283
f 1288/2198/1213 1287/2209/1214 1349/2211/1306
f 1349/2211/1306 1287/2209/1214 1355/2210/1305
f 1349/2211/1306 1355/2210/1305 1356/2212/1307
f 1356/2212/1307 1355/2210/1305 1368/2174/1287
f 1368/2174/1287 1355/2210/1305 1369/2172/1285
f 1343/2196/1299 1288/2198/1213 1349/2211/1306
f 1343/2196/1299 1349/2211/1306 1357/2213/1308
f 1357/2213/1308 1349/2211/1306 1356/2212/1307
f 1357/2213/1308 1356/2212/1307 1367/2176/1289
f 1367/2176/1289 1356/2212/1307 1368/2174/1287
f 1344/2195/1298 1343/2196/1299 1363/2214/1309
f 1363/2214/1309 1343/2196/1299 1357/2213/1308
f 1363/2214/1309 1357/2213/1308 1358/2215/1310
f 1358/2215/1310 1357/2213/1308 1366/2178/1290
f 1366/2178/1290 1357/2213/1308 1367/2176/1289
f 1345/2193/1296 1344/2195/1298 1362/2216/1311
f 1362/2216/1311 1344/2195/1298 1363/2214/1309
f 1362/2216/1311 1363/2214/1309 1359/2217/1312
f 1359/2217/1312 1363/2214/1309 1358/2215/1310
f 1359/2217/1312 1358/2215/1310 1365/2180/1291
f 1365/2180/1291 1358/2215/1310 1366/2178/1290
f 1346/2190/1295 1345/2193/1296 1360/2218/1313
f 1360/2218/1313 1345/2193/1296 1362/2216/1311
f 1360/2218/1313 1362/2216/1311 1359/2217/1312
f 1360/2218/1313 1359/2217/1312 1364/2182/1292
f 1364/2182/1292 1359/2217/1312 1365/2180/1291
f 1341/2187/1294 1346/2190/1295 1360/2218/1313
f 1341/2187/1294 1360/2218/1313 1361/2184/1293
f 1361/2184/1293 1360/2218/1313 1364/2182/1292
f 1331/2219/1281 1328/2220/1280 1376/2221/1314
f 1376/2221/1314 1328/2220/1280 1327/2222/1264
f 1376/2221/1314 1327/2222/1264 1375/2223/1315
f 1375/2223/1315 1327/2222/1264 241/2224/1265
f 1375/2223/1315 241/2224/1265 204/2225/190
f 204/2225/190 203/2226/189 1375/2223/1315
f 1379/2227/1316 1375/2223/1315 1378/2228/1317
f 1378/2228/1317 1380/2229/1318 1381/2230/1319
f 1381/2230/1319 1380/2229/1318 1333/2231/1279
f 1336/2232/1284 1335/2233/1275 1384/2234/1320
f 1336/2232/1284 1384/2234/1320 1385/2235/1321
f 1385/2235/1321 1384/2234/1320 144/2236/133
f 1375/2223/1315 203/2226/189 1377/2237/1322
f 1377/2237/1322 203/2226/189 131/2238/125
f 1377/2237/1322 131/2238/125 134/2239/126
f 142/2240/137 141/2241/136 1299/2242/1250
f 1298/2243/1249 1387/2244/1323 1299/2242/1250
f 1299/2242/1250 1387/2244/1323 142/2240/137
f 142/2240/137 1387/2244/1323 143/2245/138
f 1387/2244/1323 1298/2243/1249 1338/2246/1288
f 1387/2244/1323 1338/2246/1288 1386/2247/1324
f 1386/2247/1324 1338/2246/1288 1337/2248/1286
f 1386/2247/1324 1337/2248/1286 1385/2235/1321
f 1385/2235/1321 1337/2248/1286 1336/2232/1284
f 1298/2243/1249 1297/2249/1251 1338/2246/1288
f 1333/2231/1279 1332/2250/1282 1381/2230/1319
f 1381/2230/1319 1332/2250/1282 1378/2228/1317
f 1378/2228/1317 1332/2250/1282 1379/2227/1316
f 1379/2227/1316 1376/2221/1314 1375/2223/1315
f 1332/2250/1282 1331/2219/1281 1379/2227/1316
f 1379/2227/1316 1331/2219/1281 1376/2221/1314
f 1375/2223/1315 1377/2237/1322 1378/2228/1317
f 1378/2228/1317 1377/2237/1322 1380/2229/1318
f 1380/2229/1318 1382/2251/1325 1333/2231/1279
f 1333/2231/1279 1382/2251/1325 1334/2252/1274
f 1380/2229/1318 1377/2237/1322 1382/2251/1325
f 1382/2251/1325 1383/2253/1326 1334/2252/1274
f 1334/2252/1274 1383/2253/1326 1335/2233/1275
f 1377/2237/1322 134/2239/126 1382/2251/1325
f 1382/2251/1325 134/2239/126 1383/2253/1326
f 1383/2253/1326 1384/2234/1320 1335/2233/1275
f 134/2239/126 145/2254/131 1383/2253/1326
f 1383/2253/1326 145/2254/131 1384/2234/1320
f 144/2236/133 1384/2234/1320 145/2254/131
f 1385/2235/1321 144/2236/133 1386/2247/1324
f 1386/2247/1324 144/2236/133 143/2245/138
f 1386/2247/1324 143/2245/138 1387/2244/1323
f 1388/2255/1327 1389/2256/1328 1391/2257/1329
f 1391/2257/1329 1389/2256/1328 1390/2258/1329
f 1393/2259/1330 1394/215/1263 1392/2260/1331
f 1392/2260/1331 1394/215/1263 1395/55/45
f 1395/2261/1332 1394/2262/1332 1401/2263/1333
f 1401/2263/1333 1394/2262/1332 1396/2264/1333
f 1401/2263/1333 1396/2264/1333 1397/2265/1334
f 1398/2266/1335 1399/2267/1335 1397/2265/1334
f 1397/2265/1334 1399/2267/1335 1400/2268/1334
f 1397/2265/1334 1400/2268/1334 1401/2263/1333
f 1391/2269/1336 1390/2270/1336 1407/2271/1337
f 1407/2271/1337 1390/2270/1336 1402/2272/1337
f 1407/2271/1337 1402/2272/1337 1403/2273/1338
f 1404/2274/1339 1405/2275/1339 1403/2273/1338
f 1403/2273/1338 1405/2275/1339 1406/2276/1338
f 1403/2273/1338 1406/2276/1338 1407/2271/1337
f 1390/2277/1 1389/2278/1340 1402/2279/1
f 1402/2279/1 1389/2278/1340 1408/2280/1341
f 1408/2280/1341 1409/2281/1342 1402/2279/1
f 1402/2279/1 1409/2281/1342 1403/2282/1
f 1403/2282/1 1409/2281/1342 1410/2283/1
f 1403/2282/1 1410/2283/1 1411/2284/1343
f 1412/2285/1344 1419/2286/1 1411/2284/1343
f 1411/2284/1343 1419/2286/1 1420/2287/1
f 1411/2284/1343 1420/2287/1 1404/2288/1
f 1412/2285/1344 1413/2289/1345 1419/2286/1
f 1419/2286/1 1413/2289/1345 1418/2290/1
f 1418/2290/1 1413/2289/1345 1414/2291/1346
f 1418/2290/1 1414/2291/1346 1415/2292/9
f 1415/2292/9 1416/2293/1 1418/2290/1
f 1418/2290/1 1416/2293/1 1417/2294/1
f 1404/2288/1 1403/2282/1 1411/2284/1343
f 1395/2295/1 1401/2296/1 1392/2297/1347
f 1392/2297/1347 1401/2296/1 1428/2298/1348
f 1428/2298/1348 1401/2296/1 1400/2299/1
f 1428/2298/1348 1400/2299/1 1399/2300/1
f 1421/2301/1 1422/2302/1349 1399/2300/1
f 1399/2300/1 1422/2302/1349 1426/2303/1350
f 1399/2300/1 1426/2303/1350 1427/2304/1351
f 1423/2305/1352 1424/2306/1353 1422/2302/1349
f 1422/2302/1349 1424/2306/1353 1425/2307/1354
f 1425/2307/1354 1426/2303/1350 1422/2302/1349
f 1427/2304/1351 1428/2298/1348 1399/2300/1
f 1429/2308/1355 1430/2309/1355 1432/2310/1356
f 1432/2310/1356 1430/2309/1355 1431/2311/128
f 1433/2312/45 1434/215/45 1416/2313/45
f 1416/2313/45 1434/215/45 1417/55/45
f 1417/2261/1332 1434/2262/1332 1418/2263/1333
f 1418/2263/1333 1434/2262/1332 1435/2264/1333
f 1418/2263/1333 1435/2264/1333 1436/2265/1334
f 1437/2266/1335 1420/2267/1335 1436/2265/1334
f 1436/2265/1334 1420/2267/1335 1419/2268/1334
f 1436/2265/1334 1419/2268/1334 1418/2263/1333
f 1432/2269/1336 1431/2270/1336 1443/2271/1337
f 1443/2271/1337 1431/2270/1336 1438/2272/1337
f 1443/2271/1337 1438/2272/1337 1439/2273/1338
f 1440/2274/1339 1441/2275/1339 1439/2273/1338
f 1439/2273/1338 1441/2275/1339 1442/2276/1338
f 1439/2273/1338 1442/2276/1338 1443/2271/1337
f 1431/2314/1 1430/2315/1357 1438/2316/1
f 1438/2316/1 1430/2315/1357 1444/2317/1340
f 1438/2316/1 1444/2317/1340 1439/2318/1
f 1439/2318/1 1444/2317/1340 1440/2319/1
f 1440/2319/1 1444/2317/1340 1445/2320/1358
f 1440/2319/1 1445/2320/1358 1446/2321/1359
f 1440/2319/1 1446/2321/1359 1450/2322/1360
f 1450/2322/1360 1446/2321/1359 1447/2323/1361
f 1450/2322/1360 1447/2323/1361 1448/2324/1362
f 1448/2324/1362 1449/2325/1363 1450/2322/1360
f 1450/2322/1360 1451/2326/1 1440/2319/1
f 1452/2327/145 1453/2328/145 1455/2329/145
f 1455/2329/145 1453/2328/145 1454/2330/145
f 1456/2331/150 1441/215/150 1451/2332/150
f 1451/2332/150 1441/215/150 1440/55/150
f 1467/2333/1364 1453/2334/1364 1466/2335/1365
f 1466/2335/1365 1453/2334/1364 1452/2336/1366
f 1466/2335/1365 1452/2336/1366 1457/2337/1367
f 1457/2337/1367 1452/2336/1366 1456/2338/1368
f 1457/2337/1367 1456/2338/1368 1450/2339/1360
f 1450/2339/1360 1456/2338/1368 1451/2340/1369
f 1457/2337/1367 1458/2341/1370 1466/2335/1365
f 1466/2335/1365 1458/2341/1370 1465/2342/1371
f 1465/2342/1371 1458/2341/1370 1462/2343/1372
f 1465/2342/1371 1462/2343/1372 1464/2344/1364
f 1464/2344/1364 1462/2343/1372 1463/2345/1364
f 1462/2343/1372 1458/2341/1370 1461/2346/1373
f 1461/2346/1373 1458/2341/1370 1459/2347/1374
f 1461/2346/1373 1459/2347/1374 1460/2348/1375
f 1455/2349/1376 1454/2350/1376 1473/2351/1377
f 1473/2351/1377 1454/2350/1376 1468/2352/1377
f 1473/2351/1377 1468/2352/1377 1469/2353/1378
f 1470/2354/1379 1471/2355/1379 1469/2353/1378
f 1469/2353/1378 1471/2355/1379 1472/2356/1378
f 1469/2353/1378 1472/2356/1378 1473/2351/1377
f 1474/2357/145 1475/215/145 1477/2358/145
f 1477/2358/145 1475/215/145 1476/55/145
f 1437/2357/150 1405/215/150 1420/2358/150
f 1420/2358/150 1405/215/150 1404/55/150
f 1453/2359/1 1467/2360/1 1454/2361/1
f 1454/2361/1 1467/2360/1 1478/2362/1
f 1454/2361/1 1478/2362/1 1479/2363/1
f 1454/2361/1 1479/2363/1 1468/2364/1
f 1468/2364/1 1479/2363/1 1480/2365/1
f 1468/2364/1 1480/2365/1 1469/2366/1
f 1469/2366/1 1480/2365/1 1481/2367/1
f 1469/2366/1 1481/2367/1 1470/2368/1
f 1482/2327/150 1421/2328/150 1398/2329/150
f 1398/2329/150 1421/2328/150 1399/2330/150
f 1484/2331/145 1485/215/145 1483/2332/145
f 1483/2332/145 1485/215/145 1486/55/145
f 1474/2349/1376 1477/2350/1376 1492/2351/1377
f 1492/2351/1377 1477/2350/1376 1487/2352/1377
f 1492/2351/1377 1487/2352/1377 1488/2353/1378
f 1489/2354/1379 1490/2355/1379 1488/2353/1378
f 1488/2353/1378 1490/2355/1379 1491/2356/1378
f 1488/2353/1378 1491/2356/1378 1492/2351/1377
f 1476/2369/1 1500/2370/1 1477/2371/1
f 1477/2371/1 1500/2370/1 1501/2372/1
f 1477/2371/1 1501/2372/1 1487/2373/1
f 1487/2373/1 1501/2372/1 1502/2374/1
f 1487/2373/1 1502/2374/1 1488/2375/1
f 1488/2375/1 1502/2374/1 1503/2376/1
f 1488/2375/1 1503/2376/1 1489/2377/1
f 1493/2378/1 1498/2379/1 1476/2369/1
f 1476/2369/1 1498/2379/1 1499/2380/1
f 1476/2369/1 1499/2380/1 1500/2370/1
f 1498/2379/1 1493/2378/1 1497/2381/1
f 1497/2381/1 1493/2378/1 1494/2382/1
f 1497/2381/1 1494/2382/1 1496/2383/1
f 1496/2383/1 1494/2382/1 1495/2384/1
f 1504/2385/45 1505/215/45 1507/2386/45
f 1507/2386/45 1505/215/45 1506/55/45
f 1508/2385/128 1490/215/128 1503/2386/128
f 1503/2386/128 1490/215/128 1489/55/128
f 1506/2261/1332 1505/2262/1332 1514/2263/1333
f 1514/2263/1333 1505/2262/1332 1509/2264/1333
f 1514/2263/1333 1509/2264/1333 1510/2265/1334
f 1511/2266/1335 1512/2267/1335 1510/2265/1334
f 1510/2265/1334 1512/2267/1335 1513/2268/1334
f 1510/2265/1334 1513/2268/1334 1514/2263/1333
f 1515/2385/45 1516/215/45 1495/2386/45
f 1495/2386/45 1516/215/45 1496/55/45
f 1517/2385/128 1471/215/128 1481/2386/128
f 1481/2386/128 1471/215/128 1470/55/128
f 1496/2261/1332 1516/2262/1332 1497/2263/1333
f 1497/2263/1333 1516/2262/1332 1518/2264/1333
f 1497/2263/1333 1518/2264/1333 1519/2265/1334
f 1520/2266/1335 1499/2267/1335 1519/2265/1334
f 1519/2265/1334 1499/2267/1335 1498/2268/1334
f 1519/2265/1334 1498/2268/1334 1497/2263/1333
f 1517/2269/1336 1481/2270/1336 1523/2271/1337
f 1523/2271/1337 1481/2270/1336 1480/2272/1337
f 1523/2271/1337 1480/2272/1337 1479/2273/1338
f 1478/2274/1339 1521/2275/1339 1479/2273/1338
f 1479/2273/1338 1521/2275/1339 1522/2276/1338
f 1479/2273/1338 1522/2276/1338 1523/2271/1337
f 1524/2387/150 1525/2388/150 1511/2389/150
f 1511/2389/150 1525/2388/150 1512/2390/150
f 1527/2331/145 1528/215/145 1526/2332/145
f 1526/2332/145 1528/215/145 1529/55/145
f 1508/2269/1336 1503/2270/1336 1532/2271/1337
f 1532/2271/1337 1503/2270/1336 1502/2272/1337
f 1532/2271/1337 1502/2272/1337 1501/2273/1338
f 1500/2274/1339 1530/2275/1339 1501/2273/1338
f 1501/2273/1338 1530/2275/1339 1531/2276/1338
f 1501/2273/1338 1531/2276/1338 1532/2271/1337
f 1483/2391/1 1486/2392/1 1525/2393/1
f 1525/2393/1 1486/2392/1 1512/2394/1
f 1512/2394/1 1486/2392/1 1513/2395/1
f 1513/2395/1 1486/2392/1 1533/2396/1
f 1513/2395/1 1533/2396/1 1514/2397/1
f 1514/2397/1 1533/2396/1 1534/2398/1
f 1514/2397/1 1534/2398/1 1506/2399/1
f 1506/2399/1 1534/2398/1 1507/2400/1
f 1535/2357/145 1536/215/145 1538/2358/145
f 1538/2358/145 1536/215/145 1537/55/145
f 1520/2357/150 1530/215/150 1499/2358/150
f 1499/2358/150 1530/215/150 1500/55/150
f 1535/2349/1376 1538/2350/1376 1544/2351/1377
f 1544/2351/1377 1538/2350/1376 1539/2352/1377
f 1544/2351/1377 1539/2352/1377 1540/2353/1378
f 1541/2354/1379 1542/2355/1379 1540/2353/1378
f 1540/2353/1378 1542/2355/1379 1543/2356/1378
f 1540/2353/1378 1543/2356/1378 1544/2351/1377
f 1537/2401/1 1552/2402/1 1538/2403/1
f 1538/2403/1 1552/2402/1 1553/2404/1
f 1538/2403/1 1553/2404/1 1539/2405/1
f 1539/2405/1 1553/2404/1 1554/2406/1
f 1539/2405/1 1554/2406/1 1540/2407/1
f 1540/2407/1 1554/2406/1 1555/2408/1
f 1540/2407/1 1555/2408/1 1541/2409/1
f 1545/2410/1 1550/2411/1 1537/2401/1
f 1537/2401/1 1550/2411/1 1551/2412/1
f 1537/2401/1 1551/2412/1 1552/2402/1
f 1550/2411/1 1545/2410/1 1549/2413/1
f 1549/2413/1 1545/2410/1 1546/2414/1
f 1549/2413/1 1546/2414/1 1548/2415/1
f 1548/2415/1 1546/2414/1 1547/2416/1
f 1537/2417/1380 1536/2418/1380 1545/2419/1381
f 1545/2419/1381 1536/2418/1380 1556/2420/1381
f 1545/2419/1381 1556/2420/1381 1557/2421/1382
f 1558/2422/1383 1547/2423/1383 1557/2421/1382
f 1557/2421/1382 1547/2423/1383 1546/2424/1382
f 1557/2421/1382 1546/2424/1382 1545/2419/1381
f 1465/2387/145 1464/2388/145 1560/2389/145
f 1560/2389/145 1464/2388/145 1559/2390/145
f 1466/2331/150 1521/215/150 1467/2332/150
f 1467/2332/150 1521/215/150 1478/55/150
f 1560/2349/1376 1559/2350/1376 1566/2351/1377
f 1566/2351/1377 1559/2350/1376 1561/2352/1377
f 1566/2351/1377 1561/2352/1377 1562/2353/1378
f 1563/2354/1379 1564/2355/1379 1562/2353/1378
f 1562/2353/1378 1564/2355/1379 1565/2356/1378
f 1562/2353/1378 1565/2356/1378 1566/2351/1377
f 1464/2425/1 1463/2426/1 1559/2427/1
f 1559/2427/1 1463/2426/1 1567/2428/1
f 1559/2427/1 1567/2428/1 1568/2429/1
f 1559/2427/1 1568/2429/1 1561/2430/1
f 1561/2430/1 1568/2429/1 1569/2431/1
f 1561/2430/1 1569/2431/1 1562/2432/1
f 1562/2432/1 1569/2431/1 1570/2433/1
f 1562/2432/1 1570/2433/1 1563/2434/1
f 1526/2435/1 1529/2436/1 1578/2437/1
f 1578/2437/1 1529/2436/1 1577/2438/1
f 1577/2438/1 1529/2436/1 1576/2439/1
f 1576/2439/1 1529/2436/1 1571/2440/1
f 1576/2439/1 1571/2440/1 1575/2441/1
f 1575/2441/1 1571/2440/1 1572/2442/1
f 1575/2441/1 1572/2442/1 1574/2443/1
f 1574/2443/1 1572/2442/1 1573/2444/1
f 1558/2385/45 1579/215/45 1547/2386/45
f 1547/2386/45 1579/215/45 1548/55/45
f 1580/2385/128 1564/215/128 1570/2386/128
f 1570/2386/128 1564/215/128 1563/55/128
f 1548/2261/1332 1579/2262/1332 1549/2263/1333
f 1549/2263/1333 1579/2262/1332 1581/2264/1333
f 1549/2263/1333 1581/2264/1333 1582/2265/1334
f 1583/2266/1335 1551/2267/1335 1582/2265/1334
f 1582/2265/1334 1551/2267/1335 1550/2268/1334
f 1582/2265/1334 1550/2268/1334 1549/2263/1333
f 1580/2269/1336 1570/2270/1336 1586/2271/1337
f 1586/2271/1337 1570/2270/1336 1569/2272/1337
f 1586/2271/1337 1569/2272/1337 1568/2273/1338
f 1567/2274/1339 1584/2275/1339 1568/2273/1338
f 1568/2273/1338 1584/2275/1339 1585/2276/1338
f 1568/2273/1338 1585/2276/1338 1586/2271/1337
f 1587/2385/45 1588/215/45 1573/2386/45
f 1573/2386/45 1588/215/45 1574/55/45
f 1589/2385/128 1542/215/128 1555/2386/128
f 1555/2386/128 1542/215/128 1541/55/128
f 1574/2261/1332 1588/2262/1332 1575/2263/1333
f 1575/2263/1333 1588/2262/1332 1590/2264/1333
f 1575/2263/1333 1590/2264/1333 1591/2265/1334
f 1592/2266/1335 1577/2267/1335 1591/2265/1334
f 1591/2265/1334 1577/2267/1335 1576/2268/1334
f 1591/2265/1334 1576/2268/1334 1575/2263/1333
f 1593/2445/150 1578/2446/150 1592/2447/150
f 1592/2447/150 1578/2446/150 1577/2448/150
f 1595/2331/145 1596/215/145 1594/2332/145
f 1594/2332/145 1596/215/145 1597/55/145
f 1589/2269/1336 1555/2270/1336 1600/2271/1337
f 1600/2271/1337 1555/2270/1336 1554/2272/1337
f 1600/2271/1337 1554/2272/1337 1553/2273/1338
f 1552/2274/1339 1598/2275/1339 1553/2273/1338
f 1553/2273/1338 1598/2275/1339 1599/2276/1338
f 1553/2273/1338 1599/2276/1338 1600/2271/1337
f 1601/2357/145 1602/215/145 1604/2358/145
f 1604/2358/145 1602/215/145 1603/55/145
f 1583/2357/150 1598/215/150 1551/2358/150
f 1551/2358/150 1598/215/150 1552/55/150
f 1601/2349/1376 1604/2350/1376 1610/2351/1377
f 1610/2351/1377 1604/2350/1376 1605/2352/1377
f 1610/2351/1377 1605/2352/1377 1606/2353/1378
f 1607/2354/1379 1608/2355/1379 1606/2353/1378
f 1606/2353/1378 1608/2355/1379 1609/2356/1378
f 1606/2353/1378 1609/2356/1378 1610/2351/1377
f 1605/2449/1 1604/2450/1 1618/2451/1384
f 1618/2451/1384 1604/2450/1 1603/2452/1
f 1618/2451/1384 1603/2452/1 1611/2453/1
f 1612/2454/1 1616/2455/1385 1611/2453/1
f 1611/2453/1 1616/2455/1385 1617/2456/1
f 1611/2453/1 1617/2456/1 1618/2451/1384
f 1613/2457/1 1614/2458/1386 1612/2454/1
f 1612/2454/1 1614/2458/1386 1615/2459/1387
f 1615/2459/1387 1616/2455/1385 1612/2454/1
f 1618/2451/1384 1619/2460/1388 1605/2449/1
f 1605/2449/1 1619/2460/1388 1620/2461/1389
f 1605/2449/1 1620/2461/1389 1606/2462/1
f 1606/2462/1 1620/2461/1389 1621/2463/1390
f 1606/2462/1 1621/2463/1390 1622/2464/918
f 1622/2464/918 1623/2465/1 1606/2462/1
f 1606/2462/1 1623/2465/1 1607/2466/1
f 1603/2417/1380 1602/2418/1380 1611/2419/1381
f 1611/2419/1381 1602/2418/1380 1624/2420/1381
f 1611/2419/1381 1624/2420/1381 1625/2421/1382
f 1626/2422/1383 1613/2423/1383 1625/2421/1382
f 1625/2421/1382 1613/2423/1383 1612/2424/1382
f 1625/2421/1382 1612/2424/1382 1611/2419/1381
f 1461/2445/145 1460/2446/145 1628/2447/145
f 1628/2447/145 1460/2446/145 1627/2448/145
f 1462/2331/150 1584/215/150 1463/2332/150
f 1463/2332/150 1584/215/150 1567/55/150
f 1628/2349/1376 1627/2350/1376 1634/2351/1377
f 1634/2351/1377 1627/2350/1376 1629/2352/1377
f 1634/2351/1377 1629/2352/1377 1630/2353/1378
f 1631/2354/1379 1632/2355/1379 1630/2353/1378
f 1630/2353/1378 1632/2355/1379 1633/2356/1378
f 1630/2353/1378 1633/2356/1378 1634/2351/1377
f 1460/2467/1 1459/2468/1374 1627/2469/1
f 1627/2469/1 1459/2468/1374 1638/2470/1391
f 1627/2469/1 1638/2470/1391 1639/2471/1392
f 1635/2472/1393 1636/2473/1394 1459/2468/1374
f 1459/2468/1374 1636/2473/1394 1637/2474/1395
f 1637/2474/1395 1638/2470/1391 1459/2468/1374
f 1639/2471/1392 1640/2475/1396 1627/2469/1
f 1627/2469/1 1640/2475/1396 1629/2476/1
f 1629/2476/1 1640/2475/1396 1630/2477/1
f 1630/2477/1 1640/2475/1396 1641/2478/1357
f 1630/2477/1 1641/2478/1357 1631/2479/1
f 1594/2480/1 1597/2481/1 1652/2482/1397
f 1652/2482/1397 1597/2481/1 1648/2483/1398
f 1652/2482/1397 1648/2483/1398 1649/2484/1399
f 1642/2485/1 1646/2486/1386 1597/2481/1
f 1597/2481/1 1646/2486/1386 1647/2487/1400
f 1597/2481/1 1647/2487/1400 1648/2483/1398
f 1642/2485/1 1643/2488/1 1646/2486/1386
f 1646/2486/1386 1643/2488/1 1645/2489/1347
f 1645/2489/1347 1643/2488/1 1644/2490/1
f 1649/2484/1399 1650/2491/1401 1652/2482/1397
f 1652/2482/1397 1650/2491/1401 1651/2492/1402
f 1653/2493/1403 1614/2494/1404 1626/2310/758
f 1626/2310/758 1614/2494/1404 1613/2311/758
f 1654/2495/1405 1632/215/1356 1641/2496/1406
f 1641/2496/1406 1632/215/1356 1631/55/128
f 1655/2497/1407 1645/2498/1407 1656/2257/1263
f 1656/2257/1263 1645/2498/1407 1644/2258/45
f 1657/2499/128 1608/215/128 1623/2313/128
f 1623/2313/128 1608/215/128 1607/55/128
f 1681/2500/1408 1658/2501/1409 1680/2502/1410
f 1680/2502/1410 1658/2501/1409 1659/2503/1411
f 1680/2502/1410 1659/2503/1411 1683/2504/1412
f 1683/2504/1412 1659/2503/1411 1660/2505/1413
f 1683/2504/1412 1660/2505/1413 1682/2506/1414
f 1682/2506/1414 1660/2505/1413 1661/2507/1415
f 1677/2508/1416 1662/2509/1417 1663/2510/1418
f 1677/2508/1416 1663/2510/1418 1664/2511/1419
f 1676/2512/1420 1664/2511/1419 1665/2513/1421
f 1671/2514/1422 1672/2515/1423 1670/2516/1424
f 1672/2515/1423 2116/2517/1425 1670/2516/1424
f 1670/2516/1424 2116/2517/1425 1669/2518/1426
f 2116/2517/1425 1673/2519/1427 1669/2518/1426
f 1669/2518/1426 1673/2519/1427 1668/2520/1428
f 1673/2519/1427 1674/2521/1429 1668/2520/1428
f 1668/2520/1428 1674/2521/1429 1667/2522/1430
f 1667/2522/1430 1674/2521/1429 1666/2523/1431
f 1666/2523/1431 1674/2521/1429 1675/2524/1432
f 1666/2523/1431 1675/2524/1432 1665/2513/1421
f 1665/2513/1421 1675/2524/1432 1676/2512/1420
f 1676/2512/1420 2119/2525/1433 1664/2511/1419
f 1664/2511/1419 2119/2525/1433 1677/2508/1416
f 1677/2508/1416 2121/2526/1434 1662/2509/1417
f 1662/2509/1417 2121/2526/1434 1661/2507/1415
f 2121/2526/1434 1678/2527/1435 1661/2507/1415
f 1661/2507/1415 1678/2527/1435 1682/2506/1414
f 1678/2527/1435 2122/2528/1436 1682/2506/1414
f 1682/2506/1414 2122/2528/1436 1683/2504/1412
f 2122/2528/1436 1679/2529/1437 1683/2504/1412
f 1683/2504/1412 1679/2529/1437 2123/2530/1438
f 1683/2504/1412 2123/2530/1438 1680/2502/1410
f 1708/2531/1439 1684/2532/1440 1712/2533/1441
f 1712/2533/1441 1684/2532/1440 1685/2534/1442
f 1712/2533/1441 1685/2534/1442 1706/2535/1443
f 1706/2535/1443 1685/2534/1442 1686/2536/1444
f 1703/2537/1445 1688/2538/1446 1689/2539/1447
f 1703/2537/1445 1689/2539/1447 1702/2540/1448
f 1702/2540/1448 1689/2539/1447 1690/2541/1449
f 1702/2540/1448 1690/2541/1449 1711/2542/1450
f 1711/2542/1450 1690/2541/1449 1691/2543/1451
f 1691/2543/1451 1692/2544/1452 1700/2545/1453
f 1700/2545/1453 1692/2544/1452 1699/2546/1454
f 1710/2547/1455 1699/2546/1454 1693/2548/1456
f 1710/2547/1455 1693/2548/1456 1694/2549/1457
f 1692/2544/1452 1693/2548/1456 1699/2546/1454
f 1710/2547/1455 1694/2549/1457 1709/2550/1458
f 1709/2550/1458 1694/2549/1457 1695/2551/1459
f 1709/2550/1458 1695/2551/1459 1658/2501/1409
f 1681/2500/1408 1696/2552/1460 1658/2501/1409
f 1658/2501/1409 1696/2552/1460 1709/2550/1458
f 1696/2552/1460 1697/2553/1461 1709/2550/1458
f 1709/2550/1458 1697/2553/1461 1698/2554/1462
f 1709/2550/1458 1698/2554/1462 1710/2547/1455
f 1710/2547/1455 1698/2554/1462 1699/2546/1454
f 1691/2543/1451 1700/2545/1453 1711/2542/1450
f 1711/2542/1450 1700/2545/1453 1701/2555/1463
f 1711/2542/1450 1701/2555/1463 1702/2540/1448
f 1688/2538/1446 1703/2537/1445 1704/2556/1464
f 1688/2538/1446 1704/2556/1464 1687/2557/1465
f 1687/2557/1465 1704/2556/1464 1705/2558/1466
f 1687/2557/1465 1705/2558/1466 1686/2536/1444
f 1686/2536/1444 1705/2558/1466 1706/2535/1443
f 1706/2535/1443 1707/2559/1467 1712/2533/1441
f 1712/2533/1441 1707/2559/1467 2128/2560/1468
f 1712/2533/1441 2128/2560/1468 1708/2531/1439
f 1671/2561/1422 1713/2562/1469 1672/2563/1423
f 1672/2563/1423 1713/2562/1469 1714/2564/1470
f 1715/2561/1471 1684/2562/1440 2130/2563/1472
f 2130/2563/1472 1684/2562/1440 1708/2564/1439
f 1714/2565/1470 1713/2566/1469 2147/2567/1473
f 2147/2567/1473 1713/2566/1469 1716/2568/1474
f 2147/2567/1473 1716/2568/1474 1717/2569/1475
f 1738/2570/1476 1717/2569/1475 1718/2571/1477
f 1738/2570/1476 1718/2571/1477 1737/2572/1478
f 1737/2572/1478 1718/2571/1477 1719/2573/1479
f 1733/2574/1480 1734/2575/1481 1722/2576/1482
f 1733/2574/1480 1722/2576/1482 1723/2577/1483
f 1719/2573/1479 1720/2578/1484 1736/2579/1485
f 1736/2579/1485 1720/2578/1484 1735/2580/1486
f 1720/2578/1484 1721/2581/1487 1735/2580/1486
f 1735/2580/1486 1721/2581/1487 1734/2575/1481
f 1721/2581/1487 1722/2576/1482 1734/2575/1481
f 1727/2582/1488 1728/2583/1489 1729/2500/1490
f 1729/2500/1490 2140/2584/1491 1727/2582/1488
f 1727/2582/1488 2140/2584/1491 1726/2585/1492
f 2140/2584/1491 1730/2586/1493 1726/2585/1492
f 1726/2585/1492 1730/2586/1493 1731/2587/1494
f 1726/2585/1492 1731/2587/1494 1725/2588/1495
f 1725/2588/1495 1731/2587/1494 1732/2589/1496
f 1725/2588/1495 1732/2589/1496 1724/2590/1497
f 1724/2590/1497 1732/2589/1496 1723/2577/1483
f 1732/2589/1496 1733/2574/1480 1723/2577/1483
f 1736/2579/1485 1737/2572/1478 1719/2573/1479
f 1717/2569/1475 1738/2570/1476 2146/2591/1498
f 1717/2569/1475 2146/2591/1498 1739/2592/1499
f 1717/2569/1475 1739/2592/1499 2147/2567/1473
f 1728/2583/1489 1740/2593/1500 1760/2594/1501
f 1760/2594/1501 1740/2593/1500 1741/2595/1502
f 1760/2594/1501 1741/2595/1502 1759/2596/1503
f 1759/2596/1503 1741/2595/1502 1742/2597/1504
f 1754/2598/1505 1743/2599/1506 1744/2600/1507
f 1754/2598/1505 1744/2600/1507 1745/2601/1508
f 1753/2602/1509 1745/2601/1508 1746/2603/1510
f 1715/2604/1471 2130/2605/1472 1751/2606/1511
f 2130/2605/1472 2132/2607/1512 1751/2606/1511
f 1751/2606/1511 2132/2607/1512 1750/2608/1513
f 2132/2607/1512 2133/2609/1514 1750/2608/1513
f 1750/2608/1513 2133/2609/1514 1749/2610/1515
f 2133/2609/1514 2134/2611/1516 1749/2610/1515
f 1749/2610/1515 2134/2611/1516 1748/2612/1517
f 1748/2612/1517 2134/2611/1516 1747/2613/1518
f 1747/2613/1518 2134/2611/1516 1752/2614/1519
f 1747/2613/1518 1752/2614/1519 1746/2603/1510
f 1746/2603/1510 1752/2614/1519 1753/2602/1509
f 1753/2602/1509 2136/2615/1520 1745/2601/1508
f 1745/2601/1508 2136/2615/1520 1754/2598/1505
f 1754/2598/1505 1755/2616/1521 1743/2599/1506
f 1743/2599/1506 1755/2616/1521 1742/2597/1504
f 1755/2616/1521 1756/2617/1522 1742/2597/1504
f 1742/2597/1504 1756/2617/1522 1759/2596/1503
f 1756/2617/1522 2138/2618/1523 1759/2596/1503
f 1759/2596/1503 2138/2618/1523 1760/2594/1501
f 2138/2618/1523 1757/2619/1524 1760/2594/1501
f 1760/2594/1501 1757/2619/1524 2139/2620/1525
f 1760/2594/1501 2139/2620/1525 1728/2583/1489
f 1728/2583/1489 2139/2620/1525 1758/2621/1526
f 1728/2583/1489 1758/2621/1526 1729/2500/1490
f 1843/2622/1527 1761/546/1528 1789/2623/1529
f 1789/2623/1529 1761/546/1528 1762/544/1530
f 1789/2624/1529 1762/2625/1530 1763/2626/1531
f 1789/2624/1529 1763/2626/1531 1788/2627/1532
f 1788/2627/1532 1763/2626/1531 1764/2628/1533
f 1788/2627/1532 1764/2628/1533 1787/2629/1533
f 1787/2629/1533 1764/2628/1533 1765/2630/1534
f 1787/2629/1533 1765/2630/1534 1786/2631/1534
f 1786/2631/1534 1765/2630/1534 1766/2632/1535
f 1786/2631/1534 1766/2632/1535 1785/2633/1535
f 1785/2633/1535 1766/2632/1535 1767/2634/1536
f 1785/2633/1535 1767/2634/1536 1784/2635/1536
f 1784/2635/1536 1767/2634/1536 1768/2636/1537
f 1784/2635/1536 1768/2636/1537 1783/2637/1538
f 1783/2637/1538 1768/2636/1537 1769/2638/1539
f 1783/2637/1538 1769/2638/1539 1782/2639/1539
f 1782/2639/1539 1769/2638/1539 1770/2640/1540
f 1782/2639/1539 1770/2640/1540 1781/2641/1540
f 1781/2641/1540 1770/2640/1540 1771/2642/1541
f 1781/2641/1540 1771/2642/1541 1780/2643/1542
f 1780/2643/1542 1771/2642/1541 1772/2644/1543
f 1780/2643/1542 1772/2644/1543 1779/2645/1544
f 1779/2645/1544 1772/2644/1543 1773/2646/1545
f 1779/2645/1544 1773/2646/1545 1778/2647/1546
f 1778/2647/1546 1773/2646/1545 1774/2648/1547
f 1778/2647/1546 1774/2648/1547 1777/2649/1548
f 1777/2649/1548 1774/2648/1547 1775/2650/1549
f 1777/2649/1548 1775/2650/1549 1776/2651/1550
f 1775/2652/1549 1790/2653/1551 1776/2654/1550
f 1776/2654/1550 1790/2653/1551 1816/2655/1552
f 1816/2655/1552 1790/2653/1551 1791/2656/1553
f 1816/2655/1552 1791/2656/1553 1815/2657/1553
f 1815/2657/1553 1791/2656/1553 1792/2658/1554
f 1815/2657/1553 1792/2658/1554 1814/2659/1555
f 1814/2659/1555 1792/2658/1554 1793/2660/1556
f 1814/2659/1555 1793/2660/1556 1813/2661/1557
f 1813/2661/1557 1793/2660/1556 1794/2662/1558
f 1813/2661/1557 1794/2662/1558 1812/2663/1559
f 1812/2663/1559 1794/2662/1558 1795/2664/1560
f 1812/2663/1559 1795/2664/1560 1811/2665/1561
f 1811/2665/1561 1795/2664/1560 1796/2666/1562
f 1811/2665/1561 1796/2666/1562 1810/2667/1563
f 1810/2667/1563 1796/2666/1562 1797/2668/1564
f 1810/2667/1563 1797/2668/1564 1809/2669/1565
f 1809/2669/1565 1797/2668/1564 1798/2670/1566
f 1809/2669/1565 1798/2670/1566 1808/2671/1566
f 1808/2671/1566 1798/2670/1566 1799/2672/1567
f 1808/2671/1566 1799/2672/1567 1807/2673/1568
f 1807/2673/1568 1799/2672/1567 1800/2674/1569
f 1807/2673/1568 1800/2674/1569 1806/2675/1569
f 1806/2675/1569 1800/2674/1569 1801/2676/1570
f 1806/2675/1569 1801/2676/1570 1805/2677/1571
f 1805/2677/1571 1801/2676/1570 1802/2678/1572
f 1805/2677/1571 1802/2678/1572 1804/2679/1573
f 1804/2679/1573 1802/2678/1572 1803/2680/1574
f 1843/2681/1575 1789/2682/1576 1713/2683/1577
f 1713/2683/1577 1789/2682/1576 1788/2684/27
f 1713/2683/1577 1788/2684/27 1716/2685/1474
f 1716/2685/1474 1788/2684/27 1787/2686/1578
f 1716/2685/1474 1787/2686/1578 1717/2687/1475
f 1717/2687/1475 1787/2686/1578 1786/2688/1579
f 1717/2687/1475 1786/2688/1579 1718/2689/1580
f 1718/2689/1580 1786/2688/1579 1785/2690/1581
f 1718/2689/1580 1785/2690/1581 1784/2691/1582
f 1783/2692/1 1720/2693/1583 1784/2691/1582
f 1784/2691/1582 1720/2693/1583 1719/2694/1584
f 1784/2691/1582 1719/2694/1584 1718/2689/1580
f 1720/2693/1583 1783/2692/1 1721/2695/1585
f 1721/2695/1585 1783/2692/1 1782/2696/1586
f 1721/2695/1585 1782/2696/1586 1722/2697/1482
f 1722/2697/1482 1782/2696/1586 1781/2698/1587
f 1722/2697/1482 1781/2698/1587 1723/2699/1483
f 1723/2699/1483 1781/2698/1587 1780/2700/1588
f 1723/2699/1483 1780/2700/1588 1724/2701/1497
f 1724/2701/1497 1780/2700/1588 1779/2702/1589
f 1724/2701/1497 1779/2702/1589 1725/2703/1495
f 1725/2703/1495 1779/2702/1589 1778/2704/1590
f 1725/2703/1495 1778/2704/1590 1726/2705/1492
f 1726/2705/1492 1778/2704/1590 1777/2706/1591
f 1726/2705/1492 1777/2706/1591 1727/2707/1488
f 1727/2707/1488 1777/2706/1591 1776/2708/1592
f 1727/2707/1488 1776/2708/1592 1728/2709/1489
f 1728/2709/1489 1776/2708/1592 1816/2710/1593
f 1815/2711/1594 1740/2712/1500 1816/2710/1593
f 1816/2710/1593 1740/2712/1500 1728/2709/1489
f 1740/2712/1500 1815/2711/1594 1741/2713/1502
f 1741/2713/1502 1815/2711/1594 1814/2714/1595
f 1741/2713/1502 1814/2714/1595 1742/2715/1504
f 1742/2715/1504 1814/2714/1595 1813/2716/1596
f 1742/2715/1504 1813/2716/1596 1743/2717/1506
f 1743/2717/1506 1813/2716/1596 1812/2718/1597
f 1743/2717/1506 1812/2718/1597 1744/2719/1507
f 1744/2719/1507 1812/2718/1597 1745/2720/1508
f 1745/2720/1508 1812/2718/1597 1811/2721/1598
f 1745/2720/1508 1811/2721/1598 1746/2722/1510
f 1746/2722/1510 1811/2721/1598 1810/2723/1599
f 1746/2722/1510 1810/2723/1599 1747/2724/1518
f 1747/2724/1518 1810/2723/1599 1809/2725/1600
f 1747/2724/1518 1809/2725/1600 1748/2726/1517
f 1748/2726/1517 1809/2725/1600 1808/2727/1601
f 1748/2726/1517 1808/2727/1601 1749/2728/1515
f 1749/2728/1515 1808/2727/1601 1807/2729/1602
f 1749/2728/1515 1807/2729/1602 1750/2730/1513
f 1750/2730/1513 1807/2729/1602 1806/2731/1603
f 1750/2730/1513 1806/2731/1603 1751/2732/1511
f 1751/2732/1511 1806/2731/1603 1805/2733/1604
f 1751/2732/1511 1805/2733/1604 1804/2734/1605
f 1751/2732/1511 1804/2734/1605 1715/2735/1471
f 1715/2735/1471 1804/2734/1605 1684/2736/1606
f 1684/2736/1606 1804/2734/1605 1817/2737/1606
f 1684/2736/1606 1817/2737/1606 1818/2738/1607
f 1684/2736/1606 1818/2738/1607 1685/2739/1442
f 1685/2739/1442 1818/2738/1607 1819/2740/1608
f 1685/2739/1442 1819/2740/1608 1820/2741/1609
f 1685/2739/1442 1820/2741/1609 1686/2742/1444
f 1686/2742/1444 1820/2741/1609 1687/2743/1465
f 1687/2743/1465 1820/2741/1609 1821/2744/1610
f 1687/2743/1465 1821/2744/1610 1822/2745/1611
f 1687/2743/1465 1822/2745/1611 1688/2746/1446
f 1688/2746/1446 1822/2745/1611 1823/2747/1612
f 1688/2746/1446 1823/2747/1612 1689/2748/1613
f 1689/2748/1613 1823/2747/1612 1690/2749/1614
f 1690/2749/1614 1823/2747/1612 1824/2750/1615
f 1690/2749/1614 1824/2750/1615 1691/2751/1451
f 1691/2751/1451 1824/2750/1615 1825/2752/1616
f 1691/2751/1451 1825/2752/1616 1692/2753/1452
f 1692/2753/1452 1825/2752/1616 1826/2754/1617
f 1692/2753/1452 1826/2754/1617 1827/2755/1618
f 1692/2753/1452 1827/2755/1618 1693/2756/1619
f 1693/2756/1619 1827/2755/1618 1694/2757/1620
f 1694/2757/1620 1827/2755/1618 1828/2758/1621
f 1694/2757/1620 1828/2758/1621 1829/2759/1622
f 1694/2757/1620 1829/2759/1622 1695/2760/1459
f 1695/2760/1459 1829/2759/1622 1830/2761/1623
f 1695/2760/1459 1830/2761/1623 1658/2762/1409
f 1658/2762/1409 1830/2761/1623 1831/2763/1624
f 1832/2764/1625 1659/2765/1626 1831/2763/1624
f 1831/2763/1624 1659/2765/1626 1658/2762/1409
f 1659/2765/1626 1832/2764/1625 1660/2766/1413
f 1660/2766/1413 1832/2764/1625 1833/2767/1627
f 1660/2766/1413 1833/2767/1627 1661/2768/1415
f 1661/2768/1415 1833/2767/1627 1834/2769/1628
f 1661/2768/1415 1834/2769/1628 1662/2770/1417
f 1662/2770/1417 1834/2769/1628 1835/2771/1629
f 1662/2770/1417 1835/2771/1629 1663/2772/1418
f 1663/2772/1418 1835/2771/1629 1664/2773/1419
f 1664/2773/1419 1835/2771/1629 1836/2774/1630
f 1664/2773/1419 1836/2774/1630 1665/2775/1421
f 1665/2775/1421 1836/2774/1630 1837/2776/1631
f 1665/2775/1421 1837/2776/1631 1666/2777/1431
f 1666/2777/1431 1837/2776/1631 1838/2778/1632
f 1666/2777/1431 1838/2778/1632 1667/2779/1430
f 1667/2779/1430 1838/2778/1632 1839/2780/1633
f 1667/2779/1430 1839/2780/1633 1668/2781/1428
f 1668/2781/1428 1839/2780/1633 1840/2782/1634
f 1668/2781/1428 1840/2782/1634 1669/2783/1426
f 1669/2783/1426 1840/2782/1634 1841/2784/1635
f 1669/2783/1426 1841/2784/1635 1670/2785/1424
f 1670/2785/1424 1841/2784/1635 1842/2786/1636
f 1670/2785/1424 1842/2786/1636 1843/2681/1575
f 1670/2785/1424 1843/2681/1575 1671/2787/1422
f 1671/2787/1422 1843/2681/1575 1713/2683/1577
f 1804/2788/1573 1803/2680/1574 1817/2789/1637
f 1817/2789/1637 1803/2680/1574 1844/2790/1638
f 1817/2791/1637 1844/2792/1638 1845/2793/1639
f 1817/2791/1637 1845/2793/1639 1818/2794/1640
f 1818/2794/1640 1845/2793/1639 1846/2795/1641
f 1818/2794/1640 1846/2795/1641 1819/2796/1641
f 1819/2796/1641 1846/2795/1641 1847/2797/1642
f 1819/2796/1641 1847/2797/1642 1820/2798/1642
f 1820/2798/1642 1847/2797/1642 1848/2799/1643
f 1820/2798/1642 1848/2799/1643 1821/2800/1643
f 1821/2800/1643 1848/2799/1643 1849/2801/1644
f 1821/2800/1643 1849/2801/1644 1822/2802/1644
f 1822/2802/1644 1849/2801/1644 1850/2803/1645
f 1822/2802/1644 1850/2803/1645 1823/2804/1645
f 1823/2804/1645 1850/2803/1645 1851/2805/1646
f 1823/2804/1645 1851/2805/1646 1824/2806/1646
f 1824/2806/1646 1851/2805/1646 1852/2807/1647
f 1824/2806/1646 1852/2807/1647 1825/2808/1647
f 1825/2808/1647 1852/2807/1647 1853/2809/1648
f 1825/2808/1647 1853/2809/1648 1826/2810/1649
f 1826/2810/1649 1853/2809/1648 1854/2811/1650
f 1826/2810/1649 1854/2811/1650 1827/2812/1651
f 1827/2812/1651 1854/2811/1650 1855/2813/1652
f 1827/2812/1651 1855/2813/1652 1828/2814/1653
f 1828/2814/1653 1855/2813/1652 1856/2815/1654
f 1828/2814/1653 1856/2815/1654 1829/2816/1655
f 1829/2816/1655 1856/2815/1654 1857/2817/1656
f 1829/2816/1655 1857/2817/1656 1830/2818/1657
f 1857/2652/1656 1858/2819/1658 1830/2654/1657
f 1830/2654/1657 1858/2819/1658 1831/2820/1659
f 1831/2820/1659 1858/2819/1658 1859/2821/1660
f 1831/2820/1659 1859/2821/1660 1832/2822/1660
f 1832/2822/1660 1859/2821/1660 1860/2823/1661
f 1832/2822/1660 1860/2823/1661 1833/2824/1661
f 1833/2824/1661 1860/2823/1661 1861/2660/1662
f 1833/2824/1661 1861/2660/1662 1834/2661/1663
f 1834/2661/1663 1861/2660/1662 1862/2825/1664
f 1834/2661/1663 1862/2825/1664 1835/2826/1665
f 1835/2826/1665 1862/2825/1664 1863/2827/1666
f 1835/2826/1665 1863/2827/1666 1836/2828/1667
f 1836/2828/1667 1863/2827/1666 1864/2666/1668
f 1836/2828/1667 1864/2666/1668 1837/2667/1669
f 1837/2667/1669 1864/2666/1668 1865/2668/1670
f 1837/2667/1669 1865/2668/1670 1838/2669/1671
f 1838/2669/1671 1865/2668/1670 1866/2829/1672
f 1838/2669/1671 1866/2829/1672 1839/2830/1673
f 1839/2830/1673 1866/2829/1672 1867/2672/1674
f 1839/2830/1673 1867/2672/1674 1840/2673/1674
f 1840/2673/1674 1867/2672/1674 1868/2674/1675
f 1840/2673/1674 1868/2674/1675 1841/2675/1675
f 1841/2675/1675 1868/2674/1675 1869/2676/1676
f 1841/2675/1675 1869/2676/1676 1842/2677/1677
f 1842/2677/1677 1869/2676/1676 1870/2831/1678
f 1842/2677/1677 1870/2831/1678 1843/2832/1527
f 1843/2832/1527 1870/2831/1678 1761/2833/1528
f 1872/2834/306 1884/2835/305 1871/2836/320
f 1871/2836/320 1884/2835/305 1878/2837/319
f 1871/2838/320 1878/2839/319 1877/2840/302
f 1877/2840/302 1878/2839/319 1879/2841/301
f 1877/2840/302 1879/2841/301 1876/2842/1679
f 1876/2842/1679 1879/2841/301 1880/2843/1680
f 1876/2842/1679 1880/2843/1680 1875/2844/1681
f 1875/2844/1681 1880/2843/1680 1881/2845/1682
f 1875/2844/1681 1881/2845/1682 1874/2846/1683
f 1874/2846/1683 1881/2845/1682 1882/2847/1684
f 1874/2846/1683 1882/2847/1684 1873/2848/1685
f 1873/2848/1685 1882/2847/1684 1883/2849/1686
f 1873/2848/1685 1883/2849/1686 1872/2834/306
f 1872/2834/306 1883/2849/1686 1884/2835/305
f 1886/2850/322 1900/2851/321 1885/2836/320
f 1885/2836/320 1900/2851/321 1893/2837/319
f 1885/2838/320 1893/2839/319 1892/2852/318
f 1892/2852/318 1893/2839/319 1894/2853/317
f 1892/2852/318 1894/2853/317 1891/2854/316
f 1891/2854/316 1894/2853/317 1895/2855/1687
f 1891/2854/316 1895/2855/1687 1890/2856/1688
f 1890/2856/1688 1895/2855/1687 1896/2857/1689
f 1890/2856/1688 1896/2857/1689 1889/2858/1690
f 1889/2858/1690 1896/2857/1689 1897/2859/1691
f 1889/2858/1690 1897/2859/1691 1888/2860/1692
f 1888/2860/1692 1897/2859/1691 1898/2861/1693
f 1888/2860/1692 1898/2861/1693 1887/2862/1694
f 1887/2862/1694 1898/2861/1693 1899/2863/1695
f 1887/2862/1694 1899/2863/1695 1886/2850/322
f 1886/2850/322 1899/2863/1695 1900/2851/321
f 1902/2864/646 1916/2835/645 1901/2836/644
f 1901/2836/644 1916/2835/645 1909/2837/643
f 1901/2838/644 1909/2839/643 1908/2865/641
f 1908/2865/641 1909/2839/643 1910/2866/642
f 1908/2865/641 1910/2866/642 1911/2867/640
f 1908/2865/641 1911/2867/640 1907/2868/639
f 1907/2868/639 1911/2867/640 1912/2869/637
f 1907/2868/639 1912/2869/637 1906/2844/638
f 1906/2844/638 1912/2869/637 1905/2858/1696
f 1905/2858/1696 1912/2869/637 1913/2859/635
f 1905/2858/1696 1913/2859/635 1904/2870/634
f 1904/2870/634 1913/2859/635 1914/2871/633
f 1904/2870/634 1914/2871/633 1915/2849/648
f 1904/2870/634 1915/2849/648 1903/2872/647
f 1903/2872/647 1915/2849/648 1916/2835/645
f 1903/2872/647 1916/2835/645 1902/2864/646
f 1918/2834/306 1930/2835/305 1917/2836/320
f 1917/2836/320 1930/2835/305 1924/2837/319
f 1917/2838/320 1924/2839/319 1923/2840/302
f 1923/2840/302 1924/2839/319 1925/2841/301
f 1923/2840/302 1925/2841/301 1922/2842/1679
f 1922/2842/1679 1925/2841/301 1926/2843/1680
f 1922/2842/1679 1926/2843/1680 1921/2844/1681
f 1921/2844/1681 1926/2843/1680 1927/2845/1682
f 1921/2844/1681 1927/2845/1682 1920/2873/1683
f 1920/2873/1683 1927/2845/1682 1928/2847/1697
f 1920/2873/1683 1928/2847/1697 1919/2848/1685
f 1919/2848/1685 1928/2847/1697 1929/2849/1686
f 1919/2848/1685 1929/2849/1686 1918/2834/306
f 1918/2834/306 1929/2849/1686 1930/2835/305
f 1932/2850/322 1946/2851/321 1931/2836/320
f 1931/2836/320 1946/2851/321 1939/2837/319
f 1931/2838/320 1939/2839/319 1938/2852/318
f 1938/2852/318 1939/2839/319 1940/2853/317
f 1938/2852/318 1940/2853/317 1937/2854/316
f 1937/2854/316 1940/2853/317 1941/2855/1687
f 1937/2854/316 1941/2855/1687 1936/2856/1688
f 1936/2856/1688 1941/2855/1687 1942/2857/1689
f 1936/2856/1688 1942/2857/1689 1935/2858/1690
f 1935/2858/1690 1942/2857/1689 1943/2859/1691
f 1935/2858/1690 1943/2859/1691 1934/2860/1692
f 1934/2860/1692 1943/2859/1691 1944/2861/1693
f 1934/2860/1692 1944/2861/1693 1933/2862/1694
f 1933/2862/1694 1944/2861/1693 1945/2863/1695
f 1933/2862/1694 1945/2863/1695 1932/2850/322
f 1932/2850/322 1945/2863/1695 1946/2851/321
f 1948/2864/646 1962/2835/645 1947/2836/644
f 1947/2836/644 1962/2835/645 1955/2837/643
f 1947/2838/644 1955/2839/643 1954/2865/641
f 1954/2865/641 1955/2839/643 1956/2866/642
f 1954/2865/641 1956/2866/642 1957/2867/640
f 1954/2865/641 1957/2867/640 1953/2868/639
f 1953/2868/639 1957/2867/640 1958/2874/637
f 1953/2868/639 1958/2874/637 1952/2844/638
f 1952/2844/638 1958/2874/637 1951/2858/1696
f 1951/2858/1696 1958/2874/637 1959/2859/635
f 1951/2858/1696 1959/2859/635 1950/2870/634
f 1950/2870/634 1959/2859/635 1960/2871/633
f 1950/2870/634 1960/2871/633 1961/2849/648
f 1950/2870/634 1961/2849/648 1949/2872/647
f 1949/2872/647 1961/2849/648 1962/2835/645
f 1949/2872/647 1962/2835/645 1948/2864/646
f 1964/2875/630 1986/1044/630 1963/2876/150
f 1963/2876/150 1986/1044/630 1975/1042/150
f 1963/2877/150 1975/1040/150 1974/2878/629
f 1974/2878/629 1975/1040/150 1976/1038/629
f 1974/2878/629 1976/1038/629 1973/2879/628
f 1973/2879/628 1976/1038/629 1977/1060/628
f 1973/2879/628 1977/1060/628 1972/2880/45
f 1972/2880/45 1977/1060/628 1978/1058/45
f 1972/2880/45 1978/1058/45 1971/2881/627
f 1971/2881/627 1978/1058/45 1979/1056/627
f 1971/2881/627 1979/1056/627 1970/2882/626
f 1970/2882/626 1979/1056/627 1980/1054/626
f 1970/2882/626 1980/1054/626 1969/2859/145
f 1969/2859/145 1980/1054/626 1981/55/145
f 1969/2859/145 1981/55/145 1968/2883/625
f 1968/2883/625 1981/55/145 1982/1052/625
f 1968/2883/625 1982/1052/625 1967/2884/632
f 1967/2884/632 1982/1052/625 1983/1050/632
f 1967/2884/632 1983/1050/632 1966/2885/128
f 1966/2885/128 1983/1050/632 1984/1048/128
f 1966/2885/128 1984/1048/128 1965/2886/631
f 1965/2886/631 1984/1048/128 1985/1046/631
f 1965/2886/631 1985/1046/631 1964/2875/630
f 1964/2875/630 1985/1046/631 1986/1044/630
f 1964/2887/66 1963/2888/66 1878/2889/66
f 1878/2889/66 1963/2888/66 1974/2890/66
f 1878/2889/66 1974/2890/66 1879/2891/66
f 1879/2891/66 1974/2890/66 1973/2892/66
f 1879/2891/66 1973/2892/66 1880/2893/66
f 1880/2893/66 1973/2892/66 1972/2894/66
f 1880/2893/66 1972/2894/66 1971/2895/66
f 1880/2893/66 1971/2895/66 1881/2896/66
f 1881/2896/66 1971/2895/66 1970/2897/66
f 1881/2896/66 1970/2897/66 1882/2898/66
f 1882/2898/66 1970/2897/66 1969/2899/66
f 1882/2898/66 1969/2899/66 1968/2900/66
f 1882/2898/66 1968/2900/66 1967/2901/66
f 1882/2898/66 1967/2901/66 1883/2902/66
f 1883/2902/66 1967/2901/66 1966/2903/66
f 1883/2902/66 1966/2903/66 1884/2904/66
f 1884/2904/66 1966/2903/66 1965/2905/66
f 1884/2904/66 1965/2905/66 1964/2887/66
f 1884/2904/66 1964/2887/66 1878/2889/66
f 1988/2875/630 2010/1044/630 1987/2876/150
f 1987/2876/150 2010/1044/630 1999/1042/150
f 1987/2877/150 1999/1040/150 1998/2878/629
f 1998/2878/629 1999/1040/150 2000/1038/629
f 1998/2878/629 2000/1038/629 1997/2879/628
f 1997/2879/628 2000/1038/629 2001/1060/628
f 1997/2879/628 2001/1060/628 1996/2880/45
f 1996/2880/45 2001/1060/628 2002/1058/45
f 1996/2880/45 2002/1058/45 1995/2881/627
f 1995/2881/627 2002/1058/45 2003/1056/627
f 1995/2881/627 2003/1056/627 1994/2882/626
f 1994/2882/626 2003/1056/627 2004/1054/626
f 1994/2882/626 2004/1054/626 1993/2859/145
f 1993/2859/145 2004/1054/626 2005/55/145
f 1993/2859/145 2005/55/145 1992/2883/625
f 1992/2883/625 2005/55/145 2006/1052/625
f 1992/2883/625 2006/1052/625 1991/2884/632
f 1991/2884/632 2006/1052/625 2007/1050/632
f 1991/2884/632 2007/1050/632 1990/2885/128
f 1990/2885/128 2007/1050/632 2008/1048/128
f 1990/2885/128 2008/1048/128 1989/2886/631
f 1989/2886/631 2008/1048/128 2009/1046/631
f 1989/2886/631 2009/1046/631 1988/2875/630
f 1988/2875/630 2009/1046/631 2010/1044/630
f 1988/2906/66 1987/2907/66 1893/2908/66
f 1893/2908/66 1987/2907/66 1998/2909/66
f 1893/2908/66 1998/2909/66 1894/2910/66
f 1894/2910/66 1998/2909/66 1997/2911/66
f 1894/2910/66 1997/2911/66 1895/2912/66
f 1895/2912/66 1997/2911/66 1996/2913/66
f 1895/2912/66 1996/2913/66 1896/2914/66
f 1896/2914/66 1996/2913/66 1995/2915/66
f 1896/2914/66 1995/2915/66 1994/2916/66
f 1896/2914/66 1994/2916/66 1897/2917/66
f 1897/2917/66 1994/2916/66 1993/2918/66
f 1897/2917/66 1993/2918/66 1992/2919/66
f 1897/2917/66 1992/2919/66 1898/2920/66
f 1898/2920/66 1992/2919/66 1991/2921/66
f 1898/2920/66 1991/2921/66 1990/2922/66
f 1898/2920/66 1990/2922/66 1899/2923/66
f 1899/2923/66 1990/2922/66 1900/2924/66
f 1900/2924/66 1990/2922/66 1989/2925/66
f 1900/2924/66 1989/2925/66 1988/2906/66
f 1900/2924/66 1988/2906/66 1893/2908/66
f 2012/2875/630 2034/1044/630 2011/2876/150
f 2011/2876/150 2034/1044/630 2023/1042/150
f 2011/2877/150 2023/1040/150 2022/2878/629
f 2022/2878/629 2023/1040/150 2024/1038/629
f 2022/2878/629 2024/1038/629 2021/2879/628
f 2021/2879/628 2024/1038/629 2025/1060/628
f 2021/2879/628 2025/1060/628 2020/2880/45
f 2020/2880/45 2025/1060/628 2026/1058/45
f 2020/2880/45 2026/1058/45 2019/2881/627
f 2019/2881/627 2026/1058/45 2027/1056/627
f 2019/2881/627 2027/1056/627 2018/2882/626
f 2018/2882/626 2027/1056/627 2028/1054/626
f 2018/2882/626 2028/1054/626 2017/2859/145
f 2017/2859/145 2028/1054/626 2029/55/145
f 2017/2859/145 2029/55/145 2016/2883/625
f 2016/2883/625 2029/55/145 2030/1052/625
f 2016/2883/625 2030/1052/625 2015/2884/632
f 2015/2884/632 2030/1052/625 2031/1050/632
f 2015/2884/632 2031/1050/632 2014/2885/128
f 2014/2885/128 2031/1050/632 2032/1048/128
f 2014/2885/128 2032/1048/128 2013/2886/631
f 2013/2886/631 2032/1048/128 2033/1046/631
f 2013/2886/631 2033/1046/631 2012/2875/630
f 2012/2875/630 2033/1046/631 2034/1044/630
f 2012/2926/66 2011/2927/66 1909/2928/66
f 1909/2928/66 2011/2927/66 2022/2929/66
f 1909/2928/66 2022/2929/66 1910/2930/66
f 1910/2930/66 2022/2929/66 2021/2931/66
f 1910/2930/66 2021/2931/66 1911/2932/66
f 1911/2932/66 2021/2931/66 2020/2933/66
f 1911/2932/66 2020/2933/66 1912/2934/66
f 1912/2934/66 2020/2933/66 2019/2935/66
f 1912/2934/66 2019/2935/66 2018/2936/66
f 1912/2934/66 2018/2936/66 1913/2937/66
f 1913/2937/66 2018/2936/66 2017/2938/66
f 1913/2937/66 2017/2938/66 2016/2939/66
f 1913/2937/66 2016/2939/66 1914/2940/66
f 1914/2940/66 2016/2939/66 2015/2941/66
f 1914/2940/66 2015/2941/66 1915/2942/66
f 1915/2942/66 2015/2941/66 2014/2943/66
f 1915/2942/66 2014/2943/66 1916/2944/66
f 1916/2944/66 2014/2943/66 2013/2945/66
f 1916/2944/66 2013/2945/66 2012/2926/66
f 1916/2944/66 2012/2926/66 1909/2928/66
f 2036/2875/630 2058/1044/630 2035/2876/150
f 2035/2876/150 2058/1044/630 2047/1042/150
f 2035/2877/150 2047/1040/150 2046/2878/629
f 2046/2878/629 2047/1040/150 2048/1038/629
f 2046/2878/629 2048/1038/629 2045/2879/628
f 2045/2879/628 2048/1038/629 2049/1060/628
f 2045/2879/628 2049/1060/628 2044/2880/45
f 2044/2880/45 2049/1060/628 2050/1058/45
f 2044/2880/45 2050/1058/45 2043/2881/627
f 2043/2881/627 2050/1058/45 2051/1056/627
f 2043/2881/627 2051/1056/627 2042/2882/626
f 2042/2882/626 2051/1056/627 2052/1054/626
f 2042/2882/626 2052/1054/626 2041/2859/145
f 2041/2859/145 2052/1054/626 2053/55/145
f 2041/2859/145 2053/55/145 2040/2883/625
f 2040/2883/625 2053/55/145 2054/1052/625
f 2040/2883/625 2054/1052/625 2039/2884/632
f 2039/2884/632 2054/1052/625 2055/1050/632
f 2039/2884/632 2055/1050/632 2038/2885/128
f 2038/2885/128 2055/1050/632 2056/1048/128
f 2038/2885/128 2056/1048/128 2037/2886/631
f 2037/2886/631 2056/1048/128 2057/1046/631
f 2037/2886/631 2057/1046/631 2036/2875/630
f 2036/2875/630 2057/1046/631 2058/1044/630
f 2036/2946/66 2035/2947/66 1924/2948/66
f 1924/2948/66 2035/2947/66 2046/2949/66
f 1924/2948/66 2046/2949/66 1925/2950/66
f 1925/2950/66 2046/2949/66 2045/2951/66
f 1925/2950/66 2045/2951/66 1926/2952/66
f 1926/2952/66 2045/2951/66 2044/2953/66
f 1926/2952/66 2044/2953/66 2043/2954/66
f 1926/2952/66 2043/2954/66 1927/2955/66
f 1927/2955/66 2043/2954/66 2042/2956/66
f 1927/2955/66 2042/2956/66 1928/2957/66
f 1928/2957/66 2042/2956/66 2041/2958/66
f 1928/2957/66 2041/2958/66 2040/2959/66
f 1928/2957/66 2040/2959/66 2039/2960/66
f 1928/2957/66 2039/2960/66 1929/2961/66
f 1929/2961/66 2039/2960/66 2038/2962/66
f 1929/2961/66 2038/2962/66 1930/2963/66
f 1930/2963/66 2038/2962/66 2037/2964/66
f 1930/2963/66 2037/2964/66 2036/2946/66
f 1930/2963/66 2036/2946/66 1924/2948/66
f 2060/2875/630 2082/1044/630 2059/2876/150
f 2059/2876/150 2082/1044/630 2071/1042/150
f 2059/2877/150 2071/1040/150 2070/2878/629
f 2070/2878/629 2071/1040/150 2072/1038/629
f 2070/2878/629 2072/1038/629 2069/2879/628
f 2069/2879/628 2072/1038/629 2073/1060/628
f 2069/2879/628 2073/1060/628 2068/2880/45
f 2068/2880/45 2073/1060/628 2074/1058/45
f 2068/2880/45 2074/1058/45 2067/2881/627
f 2067/2881/627 2074/1058/45 2075/1056/627
f 2067/2881/627 2075/1056/627 2066/2882/626
f 2066/2882/626 2075/1056/627 2076/1054/626
f 2066/2882/626 2076/1054/626 2065/2859/145
f 2065/2859/145 2076/1054/626 2077/55/145
f 2065/2859/145 2077/55/145 2064/2883/625
f 2064/2883/625 2077/55/145 2078/1052/625
f 2064/2883/625 2078/1052/625 2063/2884/632
f 2063/2884/632 2078/1052/625 2079/1050/632
f 2063/2884/632 2079/1050/632 2062/2885/128
f 2062/2885/128 2079/1050/632 2080/1048/128
f 2062/2885/128 2080/1048/128 2061/2886/631
f 2061/2886/631 2080/1048/128 2081/1046/631
f 2061/2886/631 2081/1046/631 2060/2875/630
f 2060/2875/630 2081/1046/631 2082/1044/630
f 2060/2965/66 2059/2966/66 1939/2967/66
f 1939/2967/66 2059/2966/66 2070/2968/66
f 1939/2967/66 2070/2968/66 1940/2969/66
f 1940/2969/66 2070/2968/66 2069/2970/66
f 1940/2969/66 2069/2970/66 1941/2971/66
f 1941/2971/66 2069/2970/66 2068/2972/66
f 1941/2971/66 2068/2972/66 1942/2973/66
f 1942/2973/66 2068/2972/66 2067/2974/66
f 1942/2973/66 2067/2974/66 2066/2975/66
f 1942/2973/66 2066/2975/66 1943/2976/66
f 1943/2976/66 2066/2975/66 2065/2977/66
f 1943/2976/66 2065/2977/66 2064/2978/66
f 1943/2976/66 2064/2978/66 1944/2979/66
f 1944/2979/66 2064/2978/66 2063/2980/66
f 1944/2979/66 2063/2980/66 2062/2981/66
f 1944/2979/66 2062/2981/66 1945/2982/66
f 1945/2982/66 2062/2981/66 1946/2983/66
f 1946/2983/66 2062/2981/66 2061/2984/66
f 1946/2983/66 2061/2984/66 2060/2965/66
f 1946/2983/66 2060/2965/66 1939/2967/66
f 2084/2875/630 2106/1044/630 2083/2876/150
f 2083/2876/150 2106/1044/630 2095/1042/150
f 2083/2877/150 2095/1040/150 2094/2878/629
f 2094/2878/629 2095/1040/150 2096/1038/629
f 2094/2878/629 2096/1038/629 2093/2879/628
f 2093/2879/628 2096/1038/629 2097/1060/628
f 2093/2879/628 2097/1060/628 2092/2880/45
f 2092/2880/45 2097/1060/628 2098/1058/45
f 2092/2880/45 2098/1058/45 2091/2881/627
f 2091/2881/627 2098/1058/45 2099/1056/627
f 2091/2881/627 2099/1056/627 2090/2882/626
f 2090/2882/626 2099/1056/627 2100/1054/626
f 2090/2882/626 2100/1054/626 2089/2859/145
f 2089/2859/145 2100/1054/626 2101/55/145
f 2089/2859/145 2101/55/145 2088/2883/625
f 2088/2883/625 2101/55/145 2102/1052/625
f 2088/2883/625 2102/1052/625 2087/2884/632
f 2087/2884/632 2102/1052/625 2103/1050/632
f 2087/2884/632 2103/1050/632 2086/2885/128
f 2086/2885/128 2103/1050/632 2104/1048/128
f 2086/2885/128 2104/1048/128 2085/2886/631
f 2085/2886/631 2104/1048/128 2105/1046/631
f 2085/2886/631 2105/1046/631 2084/2875/630
f 2084/2875/630 2105/1046/631 2106/1044/630
f 2084/2985/66 2083/2986/66 1955/2987/66
f 1955/2987/66 2083/2986/66 2094/2988/66
f 1955/2987/66 2094/2988/66 1956/2989/66
f 1956/2989/66 2094/2988/66 2093/2990/66
f 1956/2989/66 2093/2990/66 1957/2991/66
f 1957/2991/66 2093/2990/66 2092/2992/66
f 1957/2991/66 2092/2992/66 1958/2993/66
f 1958/2993/66 2092/2992/66 2091/2994/66
f 1958/2993/66 2091/2994/66 2090/2995/66
f 1958/2993/66 2090/2995/66 1959/2996/66
f 1959/2996/66 2090/2995/66 2089/2997/66
f 1959/2996/66 2089/2997/66 2088/2998/66
f 1959/2996/66 2088/2998/66 1960/2999/66
f 1960/2999/66 2088/2998/66 2087/3000/66
f 1960/2999/66 2087/3000/66 1961/3001/66
f 1961/3001/66 2087/3000/66 2086/3002/66
f 1961/3001/66 2086/3002/66 1962/3003/66
f 1962/3003/66 2086/3002/66 2085/3004/66
f 1962/3003/66 2085/3004/66 2084/2985/66
f 1962/3003/66 2084/2985/66 1955/2987/66
f 1476/2417/1380 1475/2418/1380 1493/2419/1381
f 1493/2419/1381 1475/2418/1380 2107/2420/1381
f 1493/2419/1381 2107/2420/1381 2108/2421/1382
f 1515/2422/1383 1495/2423/1383 2108/2421/1382
f 2108/2421/1382 1495/2423/1383 1494/2424/1382
f 2108/2421/1382 1494/2424/1382 1493/2419/1381
f 1486/2417/1380 1485/2418/1380 1533/2419/1381
f 1533/2419/1381 1485/2418/1380 2109/2420/1381
f 1533/2419/1381 2109/2420/1381 2110/2421/1382
f 1504/2422/1383 1507/2423/1383 2110/2421/1382
f 2110/2421/1382 1507/2423/1383 1534/2424/1382
f 2110/2421/1382 1534/2424/1382 1533/2419/1381
f 1436/2286/1 2107/2378/1 1437/2287/1
f 1437/2287/1 2107/2378/1 1475/2369/1
f 1437/2287/1 1475/2369/1 1474/2371/1
f 1436/2286/1 1435/2290/1 2107/2378/1
f 2107/2378/1 1435/2290/1 2108/2382/1
f 2108/2382/1 1435/2290/1 1903/2991/1
f 1903/2991/1 1435/2290/1 1904/3005/1
f 1904/3005/1 1435/2290/1 1434/2294/1
f 1904/3005/1 1434/2294/1 1905/2996/1
f 1905/2996/1 1434/2294/1 1432/2314/1
f 1905/2996/1 1432/2314/1 1906/2999/1
f 1906/2999/1 1432/2314/1 1907/3001/1
f 1907/3001/1 1432/2314/1 1443/2316/1
f 1907/3001/1 1443/2316/1 1472/2366/1
f 1907/3001/1 1472/2366/1 1908/3006/1
f 1908/3006/1 1472/2366/1 1471/2368/1
f 1908/3006/1 1471/2368/1 1901/2987/1
f 1901/2987/1 1471/2368/1 1515/2384/1
f 1901/2987/1 1515/2384/1 1902/2989/1
f 1902/2989/1 1515/2384/1 1903/2991/1
f 1903/2991/1 1515/2384/1 2108/2382/1
f 1433/3007/1698 1429/3008/1699 1434/2294/1
f 1434/2294/1 1429/3008/1699 1432/2314/1
f 1443/2316/1 1442/2318/1 1472/2366/1
f 1472/2366/1 1442/2318/1 1473/2364/1
f 1473/2364/1 1442/2318/1 1455/2361/1
f 1455/2361/1 1442/2318/1 1441/2319/1
f 1455/2361/1 1441/2319/1 1452/3009/1
f 1452/3009/1 1441/2319/1 1456/3010/1
f 1515/2384/1 1471/2368/1 1516/2383/1
f 1516/2383/1 1471/2368/1 1517/2367/1
f 1516/2383/1 1517/2367/1 1920/3011/1
f 1920/3011/1 1517/2367/1 1921/3012/1
f 1921/3012/1 1517/2367/1 1922/3013/1
f 1922/3013/1 1517/2367/1 1523/2365/1
f 1922/3013/1 1523/2365/1 1565/2432/1
f 1922/3013/1 1565/2432/1 1923/3014/1
f 1923/3014/1 1565/2432/1 1564/2434/1
f 1923/3014/1 1564/2434/1 1917/2889/1
f 1917/2889/1 1564/2434/1 1558/2416/1
f 1917/2889/1 1558/2416/1 1918/2891/1
f 1918/2891/1 1558/2416/1 1557/2414/1
f 1918/2891/1 1557/2414/1 1919/3015/1
f 1919/3015/1 1557/2414/1 1518/2381/1
f 1919/3015/1 1518/2381/1 1516/2383/1
f 1919/3015/1 1516/2383/1 1920/3011/1
f 1523/2365/1 1522/2363/1 1565/2432/1
f 1565/2432/1 1522/2363/1 1566/2430/1
f 1566/2430/1 1522/2363/1 1560/2427/1
f 1560/2427/1 1522/2363/1 1521/2362/1
f 1560/2427/1 1521/2362/1 1465/3016/1
f 1465/3016/1 1521/2362/1 1466/3017/1
f 1558/2416/1 1564/2434/1 1579/2415/1
f 1579/2415/1 1564/2434/1 1580/2433/1
f 1579/2415/1 1580/2433/1 1935/2917/1
f 1935/2917/1 1580/2433/1 1936/3018/1
f 1936/3018/1 1580/2433/1 1586/2431/1
f 1936/3018/1 1586/2431/1 1937/2923/1
f 1937/2923/1 1586/2431/1 1633/2477/1
f 1937/2923/1 1633/2477/1 1938/2924/1
f 1938/2924/1 1633/2477/1 1632/2479/1
f 1938/2924/1 1632/2479/1 1931/2908/1
f 1931/2908/1 1632/2479/1 1626/2457/1
f 1931/2908/1 1626/2457/1 1932/2910/1
f 1932/2910/1 1626/2457/1 1625/2454/1
f 1932/2910/1 1625/2454/1 1933/3019/1
f 1933/3019/1 1625/2454/1 1581/2413/1
f 1933/3019/1 1581/2413/1 1579/2415/1
f 1933/3019/1 1579/2415/1 1934/3020/1
f 1934/3020/1 1579/2415/1 1935/2917/1
f 1586/2431/1 1585/2429/1 1633/2477/1
f 1633/2477/1 1585/2429/1 1634/2476/1
f 1634/2476/1 1585/2429/1 1628/2469/1
f 1628/2469/1 1585/2429/1 1584/2428/1
f 1628/2469/1 1584/2428/1 1461/3021/1
f 1461/3021/1 1584/2428/1 1462/3022/1
f 1632/2479/1 1654/3023/1700 1626/2457/1
f 1626/2457/1 1654/3023/1700 1653/3024/1403
f 1625/2454/1 1624/2453/1 1581/2413/1
f 1581/2413/1 1624/2453/1 1582/2411/1
f 1582/2411/1 1624/2453/1 1583/2412/1
f 1583/2412/1 1624/2453/1 1602/2452/1
f 1583/2412/1 1602/2452/1 1601/2450/1
f 1610/2449/1 1599/2404/1 1601/2450/1
f 1601/2450/1 1599/2404/1 1598/2402/1
f 1601/2450/1 1598/2402/1 1583/2412/1
f 1610/2449/1 1609/2462/1 1599/2404/1
f 1599/2404/1 1609/2462/1 1600/2406/1
f 1600/2406/1 1609/2462/1 1891/2982/1
f 1600/2406/1 1891/2982/1 1890/3025/1
f 1891/2982/1 1609/2462/1 1892/2983/1
f 1892/2983/1 1609/2462/1 1608/2466/1
f 1892/2983/1 1608/2466/1 1885/2967/1
f 1885/2967/1 1608/2466/1 1656/2490/1
f 1885/2967/1 1656/2490/1 1886/2969/1
f 1886/2969/1 1656/2490/1 2111/2488/1
f 1886/2969/1 2111/2488/1 1887/3026/1
f 1887/3026/1 2111/2488/1 1590/2441/1
f 1887/3026/1 1590/2441/1 1588/2443/1
f 1887/3026/1 1588/2443/1 1888/3027/1
f 1888/3027/1 1588/2443/1 1889/2976/1
f 1889/2976/1 1588/2443/1 1589/2408/1
f 1889/2976/1 1589/2408/1 1890/3025/1
f 1890/3025/1 1589/2408/1 1600/2406/1
f 1657/3028/1701 1655/3029/1702 1608/2466/1
f 1608/2466/1 1655/3029/1702 1656/2490/1
f 2111/2488/1 2112/2485/1 1590/2441/1
f 1590/2441/1 2112/2485/1 1591/2439/1
f 1591/2439/1 2112/2485/1 1592/2438/1
f 1592/2438/1 2112/2485/1 1596/2481/1
f 1592/2438/1 1596/2481/1 1595/3030/1
f 1595/3030/1 1593/3031/1 1592/2438/1
f 1589/2408/1 1588/2443/1 1542/2409/1
f 1542/2409/1 1588/2443/1 1587/2444/1
f 1542/2409/1 1587/2444/1 1871/2948/1
f 1871/2948/1 1587/2444/1 1872/2950/1
f 1872/2950/1 1587/2444/1 2113/2442/1
f 1872/2950/1 2113/2442/1 1873/3032/1
f 1873/3032/1 2113/2442/1 1509/2397/1
f 1873/3032/1 1509/2397/1 1505/2399/1
f 1873/3032/1 1505/2399/1 1874/3033/1
f 1874/3033/1 1505/2399/1 1508/2376/1
f 1874/3033/1 1508/2376/1 1875/3034/1
f 1875/3034/1 1508/2376/1 1876/3035/1
f 1876/3035/1 1508/2376/1 1532/2374/1
f 1876/3035/1 1532/2374/1 1543/2407/1
f 1876/3035/1 1543/2407/1 1877/3036/1
f 1877/3036/1 1543/2407/1 1542/2409/1
f 1877/3036/1 1542/2409/1 1871/2948/1
f 2113/2442/1 2114/2440/1 1509/2397/1
f 1509/2397/1 2114/2440/1 1510/2395/1
f 1510/2395/1 2114/2440/1 1511/2394/1
f 1511/2394/1 2114/2440/1 1528/2436/1
f 1511/2394/1 1528/2436/1 1527/3037/1
f 1527/3037/1 1524/3038/1 1511/2394/1
f 1508/2376/1 1505/2399/1 1490/2377/1
f 1490/2377/1 1505/2399/1 1504/2400/1
f 1490/2377/1 1504/2400/1 1947/2928/1
f 1947/2928/1 1504/2400/1 1948/2930/1
f 1948/2930/1 1504/2400/1 1949/2932/1
f 1949/2932/1 1504/2400/1 2110/2398/1
f 1949/2932/1 2110/2398/1 1396/2296/1
f 1949/2932/1 1396/2296/1 1950/3039/1
f 1950/3039/1 1396/2296/1 1394/2295/1
f 1950/3039/1 1394/2295/1 1951/2937/1
f 1951/2937/1 1394/2295/1 1391/2277/1
f 1951/2937/1 1391/2277/1 1952/2940/1
f 1952/2940/1 1391/2277/1 1953/2942/1
f 1953/2942/1 1391/2277/1 1407/2279/1
f 1953/2942/1 1407/2279/1 1491/2375/1
f 1953/2942/1 1491/2375/1 1954/3040/1
f 1954/3040/1 1491/2375/1 1490/2377/1
f 1954/3040/1 1490/2377/1 1947/2928/1
f 2110/2398/1 2109/2396/1 1396/2296/1
f 1396/2296/1 2109/2396/1 1397/2299/1
f 1397/2299/1 2109/2396/1 1398/2300/1
f 1398/2300/1 2109/2396/1 1485/2392/1
f 1398/2300/1 1485/2392/1 1484/3041/1
f 1484/3041/1 1482/3042/1 1398/2300/1
f 1394/2295/1 1393/3043/1703 1391/2277/1
f 1391/2277/1 1393/3043/1703 1388/3044/1327
f 1407/2279/1 1406/2282/1 1491/2375/1
f 1491/2375/1 1406/2282/1 1492/2373/1
f 1492/2373/1 1406/2282/1 1474/2371/1
f 1474/2371/1 1406/2282/1 1405/2288/1
f 1474/2371/1 1405/2288/1 1437/2287/1
f 1544/2405/1 1531/2372/1 1535/2403/1
f 1535/2403/1 1531/2372/1 1530/2370/1
f 1535/2403/1 1530/2370/1 1520/2380/1
f 1544/2405/1 1543/2407/1 1531/2372/1
f 1531/2372/1 1543/2407/1 1532/2374/1
f 1557/2414/1 1556/2410/1 1518/2381/1
f 1518/2381/1 1556/2410/1 1519/2379/1
f 1519/2379/1 1556/2410/1 1520/2380/1
f 1520/2380/1 1556/2410/1 1536/2401/1
f 1520/2380/1 1536/2401/1 1535/2403/1
f 1597/2417/1380 1596/2418/1380 1642/2419/1381
f 1642/2419/1381 1596/2418/1380 2112/2420/1381
f 1642/2419/1381 2112/2420/1381 2111/2421/1382
f 1656/2422/1383 1644/2423/1383 2111/2421/1382
f 2111/2421/1382 1644/2423/1383 1643/2424/1382
f 2111/2421/1382 1643/2424/1382 1642/2419/1381
f 1529/2417/1380 1528/2418/1380 1571/2419/1381
f 1571/2419/1381 1528/2418/1380 2114/2420/1381
f 1571/2419/1381 2114/2420/1381 2113/2421/1382
f 1587/2422/1383 1573/2423/1383 2113/2421/1382
f 2113/2421/1382 1573/2423/1383 1572/2424/1382
f 2113/2421/1382 1572/2424/1382 1571/2419/1381
f 1679/3045/1437 2122/3046/1436 2123/3047/1438
f 1677/3048/1416 2120/3049/1704 2121/3050/1434
f 1677/3048/1416 2119/3051/1433 2120/3049/1704
f 1675/3052/1432 2118/3053/1705 1676/3054/1420
f 1676/3054/1420 2118/3053/1705 2119/3051/1433
f 1674/3055/1429 2117/3056/1706 1675/3052/1432
f 1672/3057/1423 2115/3058/1707 2116/3059/1425
f 2117/3056/1706 2118/3053/1705 1675/3052/1432
f 1680/3060/1410 2123/3047/1438 1681/3061/1408
f 2128/3062/1468 2129/3063/1708 1708/3064/1439
f 1706/3065/1443 1705/3066/1466 1707/3067/1467
f 1703/3068/1445 2127/3069/1709 1704/3070/1464
f 1702/3071/1448 1701/3072/1463 2127/3069/1709
f 1700/3073/1453 2126/3074/1710 1701/3072/1463
f 1699/3075/1454 2125/3076/1711 1700/3073/1453
f 1697/3077/1461 2124/3078/1712 1698/3079/1462
f 1697/3077/1461 1696/3080/1460 2124/3078/1712
f 1700/3073/1453 2125/3076/1711 2126/3074/1710
f 2127/3069/1709 1703/3068/1445 1702/3071/1448
f 1754/3081/1505 2137/3082/1713 1755/3083/1521
f 1754/3081/1505 2136/3084/1520 2137/3082/1713
f 1752/3085/1519 2135/3086/1714 1753/3087/1509
f 2130/3088/1472 2131/3089/1715 2132/3090/1512
f 2135/3086/1714 2136/3084/1520 1753/3087/1509
f 2138/3091/1523 2139/3092/1525 1757/3093/1524
f 1758/3094/1526 2139/3092/1525 1729/3095/1490
f 2147/3096/1473 2148/3097/1716 1714/3098/1470
f 1739/3099/1499 2146/3100/1498 2147/3096/1473
f 1736/3101/1485 2145/3102/1717 1737/3103/1478
f 1734/3104/1481 2144/3105/1718 1735/3106/1486
f 1735/3106/1486 2144/3105/1718 2145/3102/1717
f 1732/3107/1496 2142/3108/1719 1733/3109/1480
f 2143/3110/1720 1734/3104/1481 1733/3109/1480
f 1730/3111/1493 2141/3112/1721 1731/3113/1494
f 1730/3111/1493 2140/3114/1491 2141/3112/1721
f 1733/3109/1480 2142/3108/1719 2143/3110/1720
f 2143/3110/1720 2144/3105/1718 1734/3104/1481
f 1736/3101/1485 1735/3106/1486 2145/3102/1717
f 2130/3115/1472 1457/3116/1722 2149/3117/1723
f 2149/3117/1723 2150/3118/1724 2151/3119/1725
f 2151/3119/1725 2152/3120/1726 2133/3121/1514
f 2151/3119/1725 2133/3121/1514 2132/3122/1512
f 2153/3123/1727 2154/3124/1728 1752/3125/1519
f 1752/3125/1519 2154/3124/1728 2155/3126/1729
f 1752/3125/1519 2155/3126/1729 2135/3127/1714
f 2135/3127/1714 2155/3126/1729 2156/3128/1730
f 2135/3127/1714 2156/3128/1730 2136/3129/1520
f 2136/3129/1520 2156/3128/1730 2157/3130/1731
f 2136/3129/1520 2157/3130/1731 2137/3131/1713
f 2165/3132/1732 2158/3133/1733 2159/3134/1734
f 2159/3134/1734 2160/3135/1735 2164/3136/1736
f 2164/3136/1736 2160/3135/1735 2161/3137/1737
f 2164/3136/1736 2161/3137/1737 2162/3138/1738
f 2137/3131/1713 2157/3130/1731 2158/3133/1733
f 2163/3139/1739 1729/3140/1490 2162/3138/1738
f 2162/3138/1738 1729/3140/1490 2139/3141/1525
f 2162/3138/1738 2139/3141/1525 2164/3136/1736
f 2164/3136/1736 2139/3141/1525 2138/3142/1523
f 2164/3136/1736 2138/3142/1523 2159/3134/1734
f 2159/3134/1734 2138/3142/1523 1756/3143/1522
f 2159/3134/1734 1756/3143/1522 2165/3132/1732
f 2165/3132/1732 1756/3143/1522 1755/3144/1521
f 2165/3132/1732 1755/3144/1521 2158/3133/1733
f 2158/3133/1733 1755/3144/1521 2137/3131/1713
f 1752/3125/1519 2134/3145/1516 2153/3123/1727
f 2153/3123/1727 2134/3145/1516 2152/3120/1726
f 2134/3145/1516 2133/3121/1514 2152/3120/1726
f 2151/3119/1725 2132/3122/1512 2149/3117/1723
f 2149/3117/1723 2132/3122/1512 2131/3146/1715
f 2149/3117/1723 2131/3146/1715 2130/3115/1472
f 2163/3147/1739 2166/3148/1740 2180/3149/1741
f 2180/3149/1741 2166/3148/1740 2167/3150/1742
f 2180/3149/1741 2167/3150/1742 2168/3151/1743
f 2169/3152/1744 2170/3153/1745 2142/3154/1719
f 2142/3154/1719 2170/3153/1745 2171/3155/1746
f 2142/3154/1719 2171/3155/1746 2143/3156/1720
f 2143/3156/1720 2171/3155/1746 2172/3157/1747
f 2173/3158/1748 2145/3159/1717 2144/3160/1718
f 2145/3159/1717 2174/3161/1749 1737/3162/1478
f 1737/3162/1478 2174/3161/1749 2175/3163/1750
f 1737/3162/1478 2175/3163/1750 1738/3164/1476
f 1738/3164/1476 2175/3163/1750 2176/3165/1751
f 1738/3164/1476 2176/3165/1751 2177/3166/1752
f 2173/3158/1748 2174/3161/1749 2145/3159/1717
f 1714/3167/1470 2148/3168/1716 2179/3169/1753
f 2179/3169/1753 2148/3168/1716 2178/3170/1754
f 2148/3168/1716 2147/3171/1473 2178/3170/1754
f 2178/3170/1754 2147/3171/1473 2146/3172/1498
f 2178/3170/1754 2146/3172/1498 2177/3166/1752
f 2177/3166/1752 2146/3172/1498 1738/3164/1476
f 2173/3158/1748 2144/3160/1718 2172/3157/1747
f 2172/3157/1747 2144/3160/1718 2143/3156/1720
f 2142/3154/1719 1732/3173/1496 2169/3152/1744
f 2169/3152/1744 1732/3173/1496 2168/3151/1743
f 1732/3173/1496 1731/3174/1494 2168/3151/1743
f 2168/3151/1743 1731/3174/1494 2141/3175/1721
f 2168/3151/1743 2141/3175/1721 2180/3149/1741
f 2180/3149/1741 2141/3175/1721 2140/3176/1491
f 2180/3149/1741 2140/3176/1491 2163/3147/1739
f 2163/3147/1739 2140/3176/1491 1729/3140/1490
f 2179/3177/1753 2181/3178/1755 1714/3179/1470
f 1714/3179/1470 2181/3178/1755 1672/3180/1423
f 1483/3181/1756 1525/3182/1756 1484/3183/1757
f 1484/3183/1757 1525/3182/1756 1524/3184/1758
f 1484/3183/1757 1524/3184/1758 2179/2337/1753
f 2179/2337/1753 1524/3184/1758 1527/3185/1759
f 2179/2337/1753 1527/3185/1759 2181/3186/1760
f 2181/3186/1760 1527/3185/1759 1593/3187/1761
f 2181/3186/1760 1593/3187/1761 1595/3188/1762
f 1526/3189/1756 1578/3190/1756 1527/3185/1759
f 1527/3185/1759 1578/3190/1756 1593/3187/1761
f 1594/3191/1763 1652/3192/1397 1595/3188/1762
f 1595/3188/1762 1652/3192/1397 2181/3186/1760
f 1484/3183/1757 2179/2337/1753 1482/3193/1757
f 1482/3193/1757 2179/2337/1753 1422/2339/1349
f 1482/3193/1757 1422/2339/1349 1421/3194/1764
f 1623/3195/1765 2197/3196/1766 1657/3197/1701
f 1657/3197/1701 2197/3196/1766 1655/3198/1702
f 1655/3198/1702 2197/3196/1766 2187/3199/1767
f 1655/3198/1702 2187/3199/1767 2188/3200/1768
f 1623/3195/1765 1622/3201/1769 2197/3196/1766
f 2197/3196/1766 1622/3201/1769 1621/3202/1390
f 2198/3203/1770 1620/3204/1389 1619/3205/1388
f 2198/3203/1770 1619/3205/1388 1618/3206/1384
f 1618/3206/1384 2182/3207/1771 2183/3208/1772
f 2183/3208/1772 2184/3209/1773 1618/3206/1384
f 1618/3206/1384 2184/3209/1773 2198/3203/1770
f 2184/3209/1773 2185/3210/1774 2198/3203/1770
f 2198/3203/1770 2185/3210/1774 1620/3204/1389
f 2185/3210/1774 2186/3211/1775 1620/3204/1389
f 1620/3204/1389 2186/3211/1775 1621/3202/1390
f 1621/3202/1390 2186/3211/1775 2197/3196/1766
f 2197/3196/1766 2186/3211/1775 2187/3199/1767
f 2189/3212/1776 1646/3213/1777 2188/3200/1768
f 2188/3200/1768 1646/3213/1777 2199/3214/1778
f 2188/3200/1768 2199/3214/1778 1655/3198/1702
f 1646/3213/1777 2189/3212/1776 2200/3215/1779
f 2200/3215/1779 2189/3212/1776 2190/3216/1780
f 2200/3215/1779 2190/3216/1780 1647/3217/1400
f 1647/3217/1400 2190/3216/1780 2191/3218/1781
f 1647/3217/1400 2191/3218/1781 1648/3219/1398
f 1648/3219/1398 2191/3218/1781 2192/3220/1782
f 1648/3219/1398 2192/3220/1782 2193/3221/1783
f 1648/3219/1398 2193/3221/1783 1649/3222/1399
f 1649/3222/1399 2193/3221/1783 2194/3223/1784
f 1649/3222/1399 2194/3223/1784 1650/3224/1401
f 1650/3224/1401 2194/3223/1784 2195/3225/1785
f 1650/3224/1401 2195/3225/1785 2201/3226/1786
f 2201/3226/1786 2195/3225/1785 2196/3227/1787
f 2201/3226/1786 2196/3227/1787 2181/3228/1760
f 2201/3226/1786 2181/3228/1760 1652/3229/1397
f 1652/3229/1397 1651/3230/1402 2201/3226/1786
f 2201/3226/1786 1651/3230/1402 1650/3224/1401
f 2200/3215/1779 1647/3217/1400 1646/3213/1777
f 1646/3213/1777 1645/3231/1788 2199/3214/1778
f 2199/3214/1778 1645/3231/1788 1655/3198/1702
f 1672/3232/1423 2181/3233/1755 2196/3234/1787
f 2196/3234/1787 2195/3235/1785 2194/3236/1784
f 2194/3236/1784 2193/3237/1783 1673/3238/1427
f 2194/3236/1784 1673/3238/1427 2116/3239/1425
f 2192/3240/1782 2191/3241/1781 2117/3242/1706
f 2117/3242/1706 2191/3241/1781 2190/3243/1780
f 2117/3242/1706 2190/3243/1780 2118/3244/1705
f 2118/3244/1705 2190/3243/1780 2189/3245/1776
f 2118/3244/1705 2189/3245/1776 2119/3246/1433
f 2119/3246/1433 2189/3245/1776 2188/3247/1768
f 2119/3246/1433 2188/3247/1768 2120/3248/1704
f 2203/3249/1789 2187/3250/1790 2186/3251/1775
f 2186/3251/1775 2185/3252/1774 2202/3253/1791
f 2202/3253/1791 2185/3252/1774 2184/3254/1773
f 2202/3253/1791 2184/3254/1773 2183/3255/1772
f 2120/3248/1704 2188/3247/1768 2187/3250/1790
f 2182/3207/1771 1681/3140/1408 2183/3255/1772
f 2183/3255/1772 1681/3140/1408 2123/3256/1438
f 2183/3255/1772 2123/3256/1438 2202/3253/1791
f 2202/3253/1791 2123/3256/1438 2122/3257/1436
f 2202/3253/1791 2122/3257/1436 2186/3251/1775
f 2186/3251/1775 2122/3257/1436 1678/3258/1435
f 2186/3251/1775 1678/3258/1435 2203/3249/1789
f 2203/3249/1789 1678/3258/1435 2121/3259/1434
f 2203/3249/1789 2121/3259/1434 2187/3250/1790
f 2187/3250/1790 2121/3259/1434 2120/3248/1704
f 2117/3242/1706 1674/3260/1429 2192/3240/1782
f 2192/3240/1782 1674/3260/1429 2193/3237/1783
f 1674/3260/1429 1673/3238/1427 2193/3237/1783
f 2194/3236/1784 2116/3239/1425 2196/3234/1787
f 2196/3234/1787 2116/3239/1425 2115/3261/1707
f 2196/3234/1787 2115/3261/1707 1672/3232/1423
f 2182/3262/1771 2204/3263/1792 2217/3264/1793
f 2217/3264/1793 2204/3263/1792 2205/3265/1794
f 2217/3264/1793 2205/3265/1794 2206/3266/1795
f 2207/3267/1796 2208/3268/1797 2125/3269/1711
f 2125/3269/1711 2208/3268/1797 2209/3270/1798
f 2211/3271/1799 2127/3272/1709 1701/3273/1463
f 2127/3272/1709 2212/3274/1800 1704/3275/1464
f 1704/3275/1464 2212/3274/1800 2213/3276/1801
f 1704/3275/1464 2213/3276/1801 1705/3277/1466
f 1705/3277/1466 2213/3276/1801 2214/3278/1802
f 1705/3277/1466 2214/3278/1802 2215/3279/1803
f 2211/3271/1799 2212/3274/1800 2127/3272/1709
f 1708/3280/1439 2129/3281/1708 1458/3282/1370
f 1458/3282/1370 2129/3281/1708 2216/3283/1804
f 2129/3281/1708 2128/3284/1468 2216/3283/1804
f 2216/3283/1804 2128/3284/1468 1707/3285/1467
f 2216/3283/1804 1707/3285/1467 2215/3279/1803
f 2215/3279/1803 1707/3285/1467 1705/3277/1466
f 2211/3271/1799 1701/3273/1463 2210/3286/1805
f 2210/3286/1805 1701/3273/1463 2126/3287/1710
f 2210/3286/1805 2126/3287/1710 2209/3270/1798
f 2209/3270/1798 2126/3287/1710 2125/3269/1711
f 2125/3269/1711 1699/3288/1454 2207/3267/1796
f 2207/3267/1796 1699/3288/1454 2206/3266/1795
f 1699/3288/1454 1698/3289/1462 2206/3266/1795
f 2206/3266/1795 1698/3289/1462 2124/3290/1712
f 2206/3266/1795 2124/3290/1712 2217/3264/1793
f 2217/3264/1793 2124/3290/1712 1696/3291/1460
f 2217/3264/1793 1696/3291/1460 2182/3262/1771
f 2182/3262/1771 1696/3291/1460 1681/3140/1408
f 1392/3292/1806 2221/3293/1807 1393/3294/1703
f 1393/3294/1703 2221/3293/1807 2171/3295/1808
f 1393/3294/1703 2171/3295/1808 2170/3296/1745
f 1392/3292/1806 1428/3297/1348 2221/3293/1807
f 2221/3293/1807 1428/3297/1348 2172/3298/1747
f 2172/3298/1747 1428/3297/1348 2173/3299/1748
f 2173/3299/1748 1428/3297/1348 1427/3300/1351
f 2173/3299/1748 1427/3300/1351 2174/3301/1749
f 2174/3301/1749 1427/3300/1351 2220/3302/1809
f 2174/3301/1749 2220/3302/1809 2175/3303/1750
f 2175/3303/1750 2220/3302/1809 1426/3304/1350
f 2175/3303/1750 1426/3304/1350 2176/3305/1751
f 2176/3305/1751 1426/3304/1350 1425/3306/1354
f 2176/3305/1751 1425/3306/1354 2177/3307/1752
f 2177/3307/1752 1425/3306/1354 2219/3308/1810
f 2177/3307/1752 2219/3308/1810 2178/3309/1754
f 2178/3309/1754 2219/3308/1810 1423/3310/1352
f 2178/3309/1754 1423/3310/1352 2179/3311/1753
f 2179/3311/1753 1423/3310/1352 1422/3312/1349
f 1424/3313/1353 1423/3310/1352 2219/3308/1810
f 1424/3313/1353 2219/3308/1810 1425/3306/1354
f 1426/3304/1350 2220/3302/1809 1427/3300/1351
f 2172/3298/1747 2171/3295/1808 2221/3293/1807
f 1393/3294/1703 2170/3296/1745 2222/3314/1811
f 2222/3314/1811 2170/3296/1745 2169/3315/1744
f 2222/3314/1811 2169/3315/1744 1408/3316/1341
f 1408/3316/1341 2169/3315/1744 2168/3317/1743
f 1408/3316/1341 2168/3317/1743 1409/3318/1342
f 1409/3318/1342 2168/3317/1743 2167/3319/1742
f 1409/3318/1342 2167/3319/1742 2223/3320/1812
f 2223/3320/1812 2167/3319/1742 2166/3321/1740
f 2223/3320/1812 2166/3321/1740 2218/3322/1813
f 2218/3322/1813 2166/3321/1740 2163/3139/1739
f 2163/3139/1739 1411/3323/1343 2218/3322/1813
f 2223/3320/1812 2218/3322/1813 1410/3324/1814
f 2223/3320/1812 1410/3324/1814 1409/3318/1342
f 1411/3323/1343 1410/3324/1814 2218/3322/1813
f 1408/3316/1341 1389/3325/1328 2222/3314/1811
f 2222/3314/1811 1389/3325/1328 1388/3326/1327
f 2222/3314/1811 1388/3326/1327 1393/3294/1703
f 1641/3327/1815 2227/3328/1816 1654/3329/1700
f 1654/3329/1700 2227/3328/1816 2209/3330/1798
f 1654/3329/1700 2209/3330/1798 2208/3331/1797
f 1641/3327/1815 1640/3332/1396 2227/3328/1816
f 2227/3328/1816 1640/3332/1396 2210/3333/1805
f 2210/3333/1805 1640/3332/1396 2211/3334/1799
f 2211/3334/1799 1640/3332/1396 1639/3335/1392
f 2211/3334/1799 1639/3335/1392 2212/3336/1800
f 2212/3336/1800 1639/3335/1392 2226/3337/1817
f 2212/3336/1800 2226/3337/1817 2213/3338/1801
f 2213/3338/1801 2226/3337/1817 1638/3339/1391
f 2213/3338/1801 1638/3339/1391 2214/3340/1802
f 2214/3340/1802 1638/3339/1391 1637/3341/1395
f 2214/3340/1802 1637/3341/1395 2215/3342/1803
f 2215/3342/1803 1637/3341/1395 2225/3343/1818
f 2215/3342/1803 2225/3343/1818 2216/3344/1804
f 2216/3344/1804 2225/3343/1818 1635/3345/1393
f 2216/3344/1804 1635/3345/1393 1458/3346/1370
f 1458/3346/1370 1635/3345/1393 1459/3347/1374
f 1636/3348/1394 1635/3345/1393 2225/3343/1818
f 1636/3348/1394 2225/3343/1818 1637/3341/1395
f 1638/3339/1391 2226/3337/1817 1639/3335/1392
f 2210/3333/1805 2209/3330/1798 2227/3328/1816
f 1654/3329/1700 2208/3331/1797 2228/3349/1819
f 2228/3349/1819 2208/3331/1797 2207/3350/1796
f 2228/3349/1819 2207/3350/1796 1615/3351/1387
f 1615/3351/1387 2207/3350/1796 2206/3352/1795
f 1615/3351/1387 2206/3352/1795 1616/3353/1385
f 1616/3353/1385 2206/3352/1795 2205/3354/1794
f 1616/3353/1385 2205/3354/1794 2229/3355/1820
f 2229/3355/1820 2205/3354/1794 2204/3356/1792
f 2229/3355/1820 2204/3356/1792 2224/3357/1821
f 2224/3357/1821 2204/3356/1792 2182/3207/1771
f 2182/3207/1771 1618/3206/1384 2224/3357/1821
f 2229/3355/1820 2224/3357/1821 1617/3358/1822
f 2229/3355/1820 1617/3358/1822 1616/3353/1385
f 1618/3206/1384 1617/3358/1822 2224/3357/1821
f 1615/3351/1387 1614/3359/1404 2228/3349/1819
f 2228/3349/1819 1614/3359/1404 1653/3360/1403
f 2228/3349/1819 1653/3360/1403 1654/3329/1700
f 1416/3361/1823 2230/3362/1824 1433/3363/1698
f 1433/3363/1698 2230/3362/1824 1429/3364/1699
f 1429/3364/1699 2230/3362/1824 2158/3365/1825
f 1429/3364/1699 2158/3365/1825 2157/3366/1731
f 1416/3361/1823 1415/3367/1826 2230/3362/1824
f 2230/3362/1824 1415/3367/1826 1414/3368/1346
f 2231/3369/1827 1413/3370/1345 1412/3371/1344
f 2231/3369/1827 1412/3371/1344 1411/3323/1343
f 1411/3323/1343 2163/3139/1739 2162/3372/1738
f 2162/3372/1738 2161/3373/1737 1411/3323/1343
f 1411/3323/1343 2161/3373/1737 2231/3369/1827
f 2161/3373/1737 2160/3374/1735 2231/3369/1827
f 2231/3369/1827 2160/3374/1735 1413/3370/1345
f 2160/3374/1735 2159/3375/1734 1413/3370/1345
f 1413/3370/1345 2159/3375/1734 1414/3368/1346
f 1414/3368/1346 2159/3375/1734 2230/3362/1824
f 2230/3362/1824 2159/3375/1734 2158/3365/1825
f 2156/3376/1730 1444/3377/1828 2157/3366/1731
f 2157/3366/1731 1444/3377/1828 2232/3378/1829
f 2157/3366/1731 2232/3378/1829 1429/3364/1699
f 1444/3377/1828 2156/3376/1730 2233/3379/1830
f 2233/3379/1830 2156/3376/1730 2155/3380/1729
f 2233/3379/1830 2155/3380/1729 1445/3381/1358
f 1445/3381/1358 2155/3380/1729 2154/3382/1728
f 1445/3381/1358 2154/3382/1728 1446/3383/1359
f 1446/3383/1359 2154/3382/1728 2153/3384/1727
f 1446/3383/1359 2153/3384/1727 2152/3385/1726
f 1446/3383/1359 2152/3385/1726 1447/3386/1361
f 1447/3386/1361 2152/3385/1726 2151/3387/1725
f 1447/3386/1361 2151/3387/1725 1448/3388/1362
f 1448/3388/1362 2151/3387/1725 2150/3389/1724
f 1448/3388/1362 2150/3389/1724 2234/3390/1831
f 2234/3390/1831 2150/3389/1724 2149/3391/1723
f 2234/3390/1831 2149/3391/1723 1457/3392/1367
f 2234/3390/1831 1457/3392/1367 1450/3393/1360
f 1450/3393/1360 1449/3394/1363 2234/3390/1831
f 2234/3390/1831 1449/3394/1363 1448/3388/1362
f 2233/3379/1830 1445/3381/1358 1444/3377/1828
f 1444/3377/1828 1430/3395/1832 2232/3378/1829
f 2232/3378/1829 1430/3395/1832 1429/3364/1699
f 1458/3177/1370 1457/3178/1722 1708/3179/1439
f 1708/3179/1439 1457/3178/1722 2130/3180/1472
f 2236/3396/1833 2237/3397/1834 2235/3398/1835
f 2235/3398/1835 2237/3397/1834 2238/3399/1836
f 2238/78/1836 2237/55/1834 2240/3400/1837
f 2240/3400/1837 2237/55/1834 2239/3401/1838
f 2265/3402/1839 2239/3403/1838 2271/3404/1840
f 2265/3402/1839 2271/3404/1840 2264/3405/1841
f 2264/3405/1841 2270/3406/1842 2263/3407/1843
f 2263/3407/1843 2270/3406/1842 2269/3408/1844
f 2263/3407/1843 2269/3408/1844 2262/3409/1845
f 2259/3410/1846 2260/3411/1847 2248/3412/1848
f 2259/3410/1846 2248/3412/1848 2249/3413/1849
f 2239/3403/1838 2237/3414/1834 2241/3415/1850
f 2239/3403/1838 2241/3415/1850 2242/3416/1851
f 2239/3403/1838 2242/3416/1851 2271/3404/1840
f 2271/3404/1840 2242/3416/1851 2243/3417/1852
f 2271/3404/1840 2243/3417/1852 2264/3405/1841
f 2264/3405/1841 2243/3417/1852 2244/3418/1853
f 2264/3405/1841 2244/3418/1853 2270/3406/1842
f 2270/3406/1842 2244/3418/1853 2245/3419/1854
f 2270/3406/1842 2245/3419/1854 2269/3408/1844
f 2269/3408/1844 2245/3419/1854 2246/3420/1855
f 2269/3408/1844 2246/3420/1855 2262/3409/1845
f 2262/3409/1845 2246/3420/1855 2247/3421/1856
f 2262/3409/1845 2247/3421/1856 2261/3422/1857
f 2261/3422/1857 2247/3421/1856 2248/3412/1848
f 2261/3422/1857 2248/3412/1848 2260/3411/1847
f 2259/3410/1846 2249/3413/1849 2268/3423/1858
f 2268/3423/1858 2249/3413/1849 2250/3424/1859
f 2268/3423/1858 2250/3424/1859 2258/3425/1860
f 2258/3425/1860 2250/3424/1859 2251/3426/1861
f 2258/3425/1860 2251/3426/1861 2257/3427/1862
f 2257/3427/1862 2251/3426/1861 2252/3428/1863
f 2257/3427/1862 2252/3428/1863 2267/3429/1864
f 2267/3429/1864 2252/3428/1863 2253/3430/1865
f 2267/3429/1864 2253/3430/1865 2266/3431/1866
f 2266/3431/1866 2253/3430/1865 2254/3432/1867
f 2266/3431/1866 2254/3432/1867 2255/3433/1868
f 2266/3431/1866 2255/3433/1868 2256/3434/1869
f 2266/3431/1866 2256/3434/1869 2267/3429/1864
f 2267/3429/1864 2256/3434/1869 2257/3427/1862
f 2268/3423/1858 2258/3425/1860 2259/3410/1846
f 2296/3435/1870 2272/3436/1871 2273/3437/1872
f 2296/3435/1870 2273/3437/1872 2295/3438/1873
f 2295/3438/1873 2273/3437/1872 2274/3439/1874
f 2295/3438/1873 2274/3439/1874 2294/3440/1875
f 2294/3440/1875 2274/3439/1874 2275/3441/1876
f 2294/3440/1875 2275/3441/1876 2293/3442/1877
f 2293/3442/1877 2275/3441/1876 2276/3443/1878
f 2293/3442/1877 2276/3443/1878 2302/3444/1879
f 2302/3444/1879 2276/3443/1878 2277/3445/1880
f 2302/3444/1879 2277/3445/1880 2292/3446/1881
f 2292/3446/1881 2277/3445/1880 2278/3447/1882
f 2292/3446/1881 2278/3447/1882 2291/3448/1883
f 2291/3448/1883 2278/3447/1882 2301/3449/1884
f 2290/3450/1885 2300/3451/1886 2289/3452/1887
f 2289/3452/1887 2300/3451/1886 2299/3453/1888
f 2289/3452/1887 2299/3453/1888 2288/3454/1889
f 2288/3454/1889 2299/3453/1888 2298/3455/1890
f 2288/3454/1889 2298/3455/1890 2287/3456/1891
f 2287/3456/1891 2298/3455/1890 2297/3457/1892
f 2287/3456/1891 2297/3457/1892 2286/3458/1893
f 2238/3459/1836 2240/3460/1837 2286/3458/1893
f 2238/3459/1836 2286/3458/1893 2285/3461/1894
f 2285/3461/1894 2286/3458/1893 2297/3457/1892
f 2285/3461/1894 2297/3457/1892 2284/3462/1895
f 2284/3462/1895 2297/3457/1892 2283/3463/1896
f 2283/3463/1896 2297/3457/1892 2298/3455/1890
f 2283/3463/1896 2298/3455/1890 2282/3464/1897
f 2282/3464/1897 2298/3455/1890 2299/3453/1888
f 2282/3464/1897 2299/3453/1888 2281/3465/1898
f 2281/3465/1898 2299/3453/1888 2300/3451/1886
f 2281/3465/1898 2300/3451/1886 2280/3466/1899
f 2280/3466/1899 2300/3451/1886 2290/3450/1885
f 2280/3466/1899 2290/3450/1885 2279/3467/1900
f 2279/3467/1900 2290/3450/1885 2301/3449/1884
f 2279/3467/1900 2301/3449/1884 2278/3447/1882
f 2292/3446/1881 2293/3442/1877 2302/3444/1879
f 2255/3433/1868 2254/3432/1867 2303/3468/1901
f 2255/3433/1868 2303/3468/1901 2329/3469/1902
f 2329/3469/1902 2303/3468/1901 2304/3470/1903
f 2329/3469/1902 2304/3470/1903 2328/3471/1904
f 2328/3471/1904 2304/3470/1903 2305/3472/1905
f 2328/3471/1904 2305/3472/1905 2327/3473/1906
f 2327/3473/1906 2305/3472/1905 2306/3474/1907
f 2327/3473/1906 2306/3474/1907 2326/3475/1908
f 2326/3475/1908 2306/3474/1907 2307/3476/1909
f 2326/3475/1908 2307/3476/1909 2325/3477/1910
f 2325/3477/1910 2307/3476/1909 2308/3478/1911
f 2325/3477/1910 2308/3478/1911 2324/3479/1912
f 2324/3479/1912 2308/3478/1911 2330/3480/1913
f 2316/3481/1914 2317/3482/1915 2318/3483/1916
f 2316/3481/1914 2318/3483/1916 2315/3484/1917
f 2315/3484/1917 2318/3483/1916 2319/3485/1918
f 2315/3484/1917 2319/3485/1918 2314/3486/1919
f 2314/3486/1919 2319/3485/1918 2313/3487/1920
f 2313/3487/1920 2319/3485/1918 2320/3488/1921
f 2313/3487/1920 2320/3488/1921 2312/3489/1922
f 2312/3489/1922 2320/3488/1921 2321/3490/1923
f 2312/3489/1922 2321/3490/1923 2311/3491/1924
f 2311/3491/1924 2321/3490/1923 2322/3492/1925
f 2311/3491/1924 2322/3492/1925 2310/3493/1926
f 2310/3493/1926 2322/3492/1925 2323/3494/1927
f 2310/3493/1926 2323/3494/1927 2309/3495/1928
f 2309/3495/1928 2323/3494/1927 2330/3480/1913
f 2309/3495/1928 2330/3480/1913 2308/3478/1911
f 2272/3436/1871 2331/3496/1929 2273/3497/1930
f 2273/3497/1930 2331/3496/1929 2332/3498/1931
f 2273/3497/1930 2332/3498/1931 2274/3499/1874
f 2275/3500/1876 2274/3499/1874 2334/3501/1932
f 2275/3500/1876 2334/3501/1932 2335/3502/1933
f 2332/3498/1931 2333/3503/1934 2274/3499/1874
f 2333/3503/1934 2334/3501/1932 2274/3499/1874
f 2338/3504/1935 2339/3505/1936 2279/3506/1900
f 2279/3506/1900 2339/3505/1936 2280/3507/1899
f 2280/3507/1899 2340/3508/1937 2281/3509/1938
f 2281/3509/1938 2340/3508/1937 2341/3510/1939
f 2281/3509/1938 2341/3510/1939 2282/3511/1940
f 2282/3511/1940 2341/3510/1939 2342/3512/1941
f 2282/3511/1940 2342/3512/1941 2283/3513/1896
f 2284/3514/1895 2283/3513/1896 2285/3515/1894
f 2339/3505/1936 2340/3508/1937 2280/3507/1899
f 2283/3513/1896 2342/3512/1941 2343/3516/1942
f 2283/3513/1896 2343/3516/1942 2285/3515/1894
f 2285/3515/1894 2343/3516/1942 2344/3517/1943
f 2285/3515/1894 2344/3517/1943 2238/3518/1836
f 2238/3518/1836 2344/3517/1943 2235/3519/1835
f 2338/3504/1935 2279/3506/1900 2278/3520/1944
f 2338/3504/1935 2278/3520/1944 2337/3521/1945
f 2337/3521/1945 2278/3520/1944 2277/3522/1946
f 2337/3521/1945 2277/3522/1946 2336/3523/1947
f 2336/3523/1947 2277/3522/1946 2276/3524/1948
f 2336/3523/1947 2276/3524/1948 2335/3502/1933
f 2335/3502/1933 2276/3524/1948 2275/3500/1876
f 2370/3525/1949 2345/3526/1950 2369/3527/1951
f 2368/3528/1952 2369/3527/1951 2367/3529/1953
f 2366/3530/1954 2348/3531/1955 2365/3532/1956
f 2365/3532/1956 2348/3531/1955 2349/3533/1957
f 2365/3532/1956 2349/3533/1957 2364/3534/1958
f 2351/3535/1959 2363/3536/1960 2350/3537/1961
f 2345/3526/1950 2346/3538/1962 2369/3527/1951
f 2369/3527/1951 2346/3538/1962 2367/3529/1953
f 2346/3538/1962 2347/3539/1963 2367/3529/1953
f 2367/3529/1953 2347/3539/1963 2366/3530/1954
f 2366/3530/1954 2347/3539/1963 2348/3531/1955
f 2349/3533/1957 2350/3537/1961 2364/3534/1958
f 2364/3534/1958 2350/3537/1961 2363/3536/1960
f 2351/3535/1959 2352/3540/1964 2362/3541/1965
f 2362/3541/1965 2352/3540/1964 2361/3542/1966
f 2361/3542/1966 2352/3540/1964 2353/3543/1967
f 2361/3542/1966 2353/3543/1967 2360/3544/1968
f 2371/3545/1969 2355/3546/1970 2356/3547/1971
f 2371/3545/1969 2356/3547/1971 2272/3436/1871
f 2272/3436/1871 2356/3547/1971 2331/3496/1929
f 2353/3543/1967 2354/3548/1972 2360/3544/1968
f 2360/3544/1968 2354/3548/1972 2359/3549/1973
f 2354/3548/1972 2355/3546/1970 2359/3549/1973
f 2272/3436/1871 2357/3550/1974 2371/3545/1969
f 2371/3545/1969 2357/3550/1974 2358/3551/1975
f 2371/3545/1969 2358/3551/1975 2355/3546/1970
f 2355/3546/1970 2358/3551/1975 2359/3549/1973
f 2362/3541/1965 2363/3536/1960 2351/3535/1959
f 2381/3552/1976 2382/3553/1977 2388/3554/1978
f 2381/3552/1976 2388/3554/1978 2380/3555/1979
f 2380/3555/1979 2387/3556/1980 2379/3557/1981
f 2379/3557/1981 2387/3556/1980 2386/3558/1982
f 2379/3557/1981 2386/3558/1982 2378/3559/1983
f 2375/3560/1984 2376/3561/1985 2362/3562/1986
f 2375/3560/1984 2362/3562/1986 2361/3563/1987
f 2382/3553/1977 2370/3564/1949 2369/3565/1951
f 2382/3553/1977 2369/3565/1951 2368/3566/1952
f 2382/3553/1977 2368/3566/1952 2388/3554/1978
f 2388/3554/1978 2368/3566/1952 2367/3567/1953
f 2388/3554/1978 2367/3567/1953 2380/3555/1979
f 2380/3555/1979 2367/3567/1953 2366/3568/1954
f 2380/3555/1979 2366/3568/1954 2387/3556/1980
f 2387/3556/1980 2366/3568/1954 2365/3569/1988
f 2387/3556/1980 2365/3569/1988 2386/3558/1982
f 2386/3558/1982 2365/3569/1988 2364/3570/1958
f 2386/3558/1982 2364/3570/1958 2378/3559/1983
f 2378/3559/1983 2364/3570/1958 2363/3571/1960
f 2378/3559/1983 2363/3571/1960 2377/3572/1989
f 2377/3572/1989 2363/3571/1960 2362/3562/1986
f 2377/3572/1989 2362/3562/1986 2376/3561/1985
f 2375/3560/1984 2361/3563/1987 2385/3573/1990
f 2385/3573/1990 2361/3563/1987 2360/3574/1968
f 2385/3573/1990 2360/3574/1968 2374/3575/1991
f 2374/3575/1991 2360/3574/1968 2359/3576/1973
f 2374/3575/1991 2359/3576/1973 2373/3577/1992
f 2373/3577/1992 2359/3576/1973 2358/3578/1993
f 2373/3577/1992 2358/3578/1993 2384/3579/1994
f 2384/3579/1994 2358/3578/1993 2357/3580/1974
f 2384/3579/1994 2357/3580/1974 2383/3581/1995
f 2383/3581/1995 2357/3580/1974 2272/3436/1871
f 2383/3581/1995 2272/3436/1871 2296/3435/1870
f 2383/3581/1995 2296/3435/1870 2372/3582/1996
f 2383/3581/1995 2372/3582/1996 2384/3579/1994
f 2384/3579/1994 2372/3582/1996 2373/3577/1992
f 2385/3573/1990 2374/3575/1991 2375/3560/1984
f 2316/55/1914 2370/3583/1949 2317/3401/1915
f 2317/3401/1915 2370/3583/1949 2382/3584/1977
f 2382/3585/1977 2381/3586/1976 2380/3587/1979
f 2380/3587/1979 2379/3588/1997 2382/3585/1977
f 2382/3585/1977 2379/3588/1997 2008/2922/70
f 2382/3585/1977 2008/2922/70 1984/2903/70
f 1984/2903/70 2008/2922/70 1985/2905/66
f 1985/2905/66 2008/2922/70 2007/2921/66
f 1985/2905/66 2007/2921/66 1986/2887/66
f 1986/2887/66 2007/2921/66 2006/2919/66
f 1986/2887/66 2006/2919/66 1975/2888/66
f 1975/2888/66 2006/2919/66 2005/2918/66
f 1975/2888/66 2005/2918/66 2004/2916/66
f 2379/3588/1997 2378/3589/1983 2008/2922/70
f 2008/2922/70 2378/3589/1983 2009/2925/70
f 2009/2925/70 2378/3589/1983 2377/3590/1989
f 2009/2925/70 2377/3590/1989 2010/2906/66
f 2010/2906/66 2377/3590/1989 2376/3591/1985
f 2010/2906/66 2376/3591/1985 1999/2907/66
f 1999/2907/66 2376/3591/1985 2000/2909/66
f 2000/2909/66 2376/3591/1985 2375/3592/1984
f 2000/2909/66 2375/3592/1984 2001/2911/66
f 2001/2911/66 2375/3592/1984 2374/3593/1991
f 2001/2911/66 2374/3593/1991 2002/2913/66
f 2002/2913/66 2374/3593/1991 2373/3594/1992
f 2002/2913/66 2373/3594/1992 2372/3595/1996
f 2002/2913/66 2372/3595/1996 2296/3596/1870
f 2002/2913/66 2296/3596/1870 2080/2981/66
f 2080/2981/66 2296/3596/1870 2295/3597/1873
f 2295/3597/1873 2294/3598/1875 2080/2981/66
f 2080/2981/66 2294/3598/1875 2293/3599/1877
f 2080/2981/66 2293/3599/1877 2081/2984/66
f 2081/2984/66 2293/3599/1877 2292/3600/1881
f 2081/2984/66 2292/3600/1881 2082/2965/66
f 2082/2965/66 2292/3600/1881 2291/3601/1883
f 2082/2965/66 2291/3601/1883 2071/2966/66
f 2071/2966/66 2291/3601/1883 2072/2968/66
f 2072/2968/66 2291/3601/1883 2301/3602/1884
f 2072/2968/66 2301/3602/1884 2073/2970/67
f 2073/2970/67 2301/3602/1884 2290/3603/1885
f 2073/2970/67 2290/3603/1885 2074/2972/66
f 2074/2972/66 2290/3603/1885 2289/3604/1998
f 2074/2972/66 2289/3604/1998 2240/3605/1837
f 2240/3605/1837 2289/3604/1998 2288/3606/66
f 2240/3605/1837 2288/3606/66 2287/3607/1891
f 2240/3605/1837 2287/3607/1891 2286/3608/1893
f 2074/2972/66 2240/3605/1837 2050/2953/67
f 2050/2953/67 2240/3605/1837 2239/3609/1838
f 2050/2953/67 2239/3609/1838 2026/2933/67
f 2026/2933/67 2239/3609/1838 2263/3610/1999
f 2026/2933/67 2263/3610/1999 2262/3611/1845
f 2239/3609/1838 2265/3612/1839 2264/3613/1841
f 2264/3613/1841 2263/3610/1999 2239/3609/1838
f 2026/2933/67 2262/3611/1845 2027/2935/67
f 2027/2935/67 2262/3611/1845 2261/3614/1857
f 2027/2935/67 2261/3614/1857 2028/2936/66
f 2028/2936/66 2261/3614/1857 2260/3615/1847
f 2028/2936/66 2260/3615/1847 2029/2938/66
f 2029/2938/66 2260/3615/1847 2030/2939/66
f 2030/2939/66 2260/3615/1847 2259/3616/1846
f 2030/2939/66 2259/3616/1846 2031/2941/66
f 2031/2941/66 2259/3616/1846 2258/3617/1860
f 2031/2941/66 2258/3617/1860 2032/2943/66
f 2032/2943/66 2258/3617/1860 2257/3618/1862
f 2032/2943/66 2257/3618/1862 2256/3619/1869
f 2032/2943/66 2256/3619/1869 2255/3620/1868
f 2032/2943/66 2255/3620/1868 2098/2992/66
f 2098/2992/66 2255/3620/1868 2329/3621/1902
f 2098/2992/66 2329/3621/1902 2328/3622/1904
f 2328/3622/1904 2327/3623/1906 2098/2992/66
f 2098/2992/66 2327/3623/1906 2099/2994/66
f 2099/2994/66 2327/3623/1906 2326/3624/1908
f 2099/2994/66 2326/3624/1908 2325/3625/1910
f 2324/3626/1912 2101/2997/66 2325/3625/1910
f 2325/3625/1910 2101/2997/66 2100/2995/66
f 2325/3625/1910 2100/2995/66 2099/2994/66
f 2101/2997/66 2324/3626/1912 2102/2998/66
f 2102/2998/66 2324/3626/1912 2330/3627/1913
f 2102/2998/66 2330/3627/1913 2103/3000/70
f 2103/3000/70 2330/3627/1913 2323/3628/1927
f 2103/3000/70 2323/3628/1927 2322/3629/1925
f 2321/3630/1923 2317/3631/1915 2322/3629/1925
f 2322/3629/1925 2317/3631/1915 2104/3002/66
f 2322/3629/1925 2104/3002/66 2103/3000/70
f 2321/3630/1923 2320/3632/1921 2317/3631/1915
f 2317/3631/1915 2320/3632/1921 2319/3633/1918
f 2317/3631/1915 2319/3633/1918 2318/3634/1916
f 2104/3002/66 2317/3631/1915 1984/2903/70
f 1984/2903/70 2317/3631/1915 2382/3585/1977
f 2104/3002/66 1984/2903/70 2105/3004/66
f 2105/3004/66 1984/2903/70 1983/2901/66
f 2105/3004/66 1983/2901/66 2106/2985/66
f 2106/2985/66 1983/2901/66 1982/2900/66
f 2106/2985/66 1982/2900/66 2095/2986/66
f 2095/2986/66 1982/2900/66 1981/2899/66
f 2095/2986/66 1981/2899/66 1980/2897/66
f 2095/2986/66 1980/2897/66 2096/2988/66
f 2096/2988/66 1980/2897/66 1979/2895/66
f 2096/2988/66 1979/2895/66 2097/2990/66
f 2097/2990/66 1979/2895/66 1978/2894/66
f 2097/2990/66 1978/2894/66 2098/2992/66
f 2098/2992/66 1978/2894/66 2056/2962/66
f 2098/2992/66 2056/2962/66 2032/2943/66
f 2032/2943/66 2056/2962/66 2033/2945/66
f 2033/2945/66 2056/2962/66 2055/2960/66
f 2033/2945/66 2055/2960/66 2034/2926/66
f 2034/2926/66 2055/2960/66 2054/2959/66
f 2034/2926/66 2054/2959/66 2023/2927/66
f 2023/2927/66 2054/2959/66 2053/2958/66
f 2023/2927/66 2053/2958/66 2052/2956/66
f 1977/2892/66 2002/2913/66 1978/2894/66
f 1978/2894/66 2002/2913/66 2080/2981/66
f 1978/2894/66 2080/2981/66 2056/2962/66
f 2056/2962/66 2080/2981/66 2057/2964/66
f 2057/2964/66 2080/2981/66 2079/2980/66
f 2057/2964/66 2079/2980/66 2058/2946/66
f 2058/2946/66 2079/2980/66 2078/2978/66
f 2058/2946/66 2078/2978/66 2047/2947/66
f 2047/2947/66 2078/2978/66 2077/2977/66
f 2047/2947/66 2077/2977/66 2076/2975/66
f 2002/2913/66 1977/2892/66 2003/2915/66
f 2003/2915/66 1977/2892/66 1976/2890/66
f 2003/2915/66 1976/2890/66 2004/2916/66
f 2004/2916/66 1976/2890/66 1975/2888/66
f 2026/2933/67 2025/2931/66 2050/2953/67
f 2050/2953/67 2025/2931/66 2051/2954/66
f 2051/2954/66 2025/2931/66 2024/2929/66
f 2051/2954/66 2024/2929/66 2052/2956/66
f 2052/2956/66 2024/2929/66 2023/2927/66
f 2050/2953/67 2049/2951/66 2074/2972/66
f 2074/2972/66 2049/2951/66 2075/2974/66
f 2075/2974/66 2049/2951/66 2048/2949/66
f 2075/2974/66 2048/2949/66 2076/2975/66
f 2076/2975/66 2048/2949/66 2047/2947/66
f 2345/3396/1950 2370/3635/1949 2389/3636/2000
f 2389/3636/2000 2370/3635/1949 2316/3399/1914
f 2254/3432/1867 2390/3637/2001 2303/3638/2002
f 2303/3638/2002 2390/3637/2001 2391/3639/2003
f 2303/3638/2002 2391/3639/2003 2304/3640/1903
f 2305/3641/1905 2304/3640/1903 2393/3642/2004
f 2305/3641/1905 2393/3642/2004 2394/3643/2005
f 2391/3639/2003 2392/3644/2006 2304/3640/1903
f 2392/3644/2006 2393/3642/2004 2304/3640/1903
f 2397/3645/2007 2398/3646/2008 2309/3647/1928
f 2309/3647/1928 2398/3646/2008 2310/3648/1926
f 2310/3648/1926 2399/3649/2009 2311/3650/2010
f 2311/3650/2010 2399/3649/2009 2400/3651/2011
f 2311/3650/2010 2400/3651/2011 2312/3652/2012
f 2312/3652/2012 2400/3651/2011 2401/3653/2013
f 2312/3652/2012 2401/3653/2013 2313/3654/1920
f 2314/3655/1919 2313/3654/1920 2315/3656/1917
f 2398/3646/2008 2399/3649/2009 2310/3648/1926
f 2313/3654/1920 2401/3653/2013 2402/3657/2014
f 2313/3654/1920 2402/3657/2014 2315/3656/1917
f 2315/3656/1917 2402/3657/2014 2403/3658/2015
f 2315/3656/1917 2403/3658/2015 2316/3659/1914
f 2316/3659/1914 2403/3658/2015 2389/3660/2000
f 2397/3645/2007 2309/3647/1928 2308/3661/2016
f 2397/3645/2007 2308/3661/2016 2396/3662/2017
f 2396/3662/2017 2308/3661/2016 2307/3663/2018
f 2396/3662/2017 2307/3663/2018 2395/3664/2019
f 2395/3664/2019 2307/3663/2018 2306/3665/2020
f 2395/3664/2019 2306/3665/2020 2394/3643/2005
f 2394/3643/2005 2306/3665/2020 2305/3641/1905
f 2237/3666/1834 2236/3667/1833 2241/3668/1850
f 2242/3669/1851 2241/3668/1850 2243/3670/1852
f 2244/3671/1853 2406/3672/2021 2245/3673/2022
f 2245/3673/2022 2406/3672/2021 2407/3674/2023
f 2245/3673/2022 2407/3674/2023 2246/3675/1855
f 2409/3676/2024 2247/3677/1856 2408/3678/2025
f 2236/3667/1833 2404/3679/2026 2241/3668/1850
f 2241/3668/1850 2404/3679/2026 2243/3670/1852
f 2404/3679/2026 2405/3680/2027 2243/3670/1852
f 2243/3670/1852 2405/3680/2027 2244/3671/1853
f 2244/3671/1853 2405/3680/2027 2406/3672/2021
f 2407/3674/2023 2408/3678/2025 2246/3675/1855
f 2246/3675/1855 2408/3678/2025 2247/3677/1856
f 2409/3676/2024 2410/3681/2028 2248/3682/2029
f 2248/3682/2029 2410/3681/2028 2249/3683/2030
f 2249/3683/2030 2410/3681/2028 2411/3684/2031
f 2249/3683/2030 2411/3684/2031 2250/3685/1859
f 2415/3686/2032 2413/3687/2033 2414/3688/2034
f 2415/3686/2032 2414/3688/2034 2254/3432/1867
f 2254/3432/1867 2414/3688/2034 2390/3637/2001
f 2411/3684/2031 2412/3689/2035 2250/3685/1859
f 2250/3685/1859 2412/3689/2035 2251/3690/1861
f 2412/3689/2035 2413/3687/2033 2251/3690/1861
f 2254/3432/1867 2253/3691/1865 2415/3686/2032
f 2415/3686/2032 2253/3691/1865 2252/3692/2036
f 2415/3686/2032 2252/3692/2036 2413/3687/2033
f 2413/3687/2033 2252/3692/2036 2251/3690/1861
f 2248/3682/2029 2247/3677/1856 2409/3676/2024
f 2389/3693/1 1762/3694/2037 2345/3695/2038
f 2345/3695/2038 1762/3694/2037 1761/3696/780
f 2345/3695/2038 1761/3696/780 1870/3697/2039
f 2345/3695/2038 1870/3697/2039 2346/3698/1
f 2346/3698/1 1870/3697/2039 1869/3699/1
f 2346/3698/1 1869/3699/1 2347/3700/1963
f 2347/3700/1963 1869/3699/1 1868/3701/2040
f 2347/3700/1963 1868/3701/2040 1867/3702/2041
f 2347/3700/1963 1867/3702/2041 2348/3703/1955
f 2348/3703/1955 1867/3702/2041 1866/3704/2042
f 2348/3703/1955 1866/3704/2042 2349/3705/1957
f 2349/3705/1957 1866/3704/2042 1865/3706/2043
f 2349/3705/1957 1865/3706/2043 2350/3707/1961
f 2350/3707/1961 1865/3706/2043 1864/3708/2044
f 2350/3707/1961 1864/3708/2044 1863/3709/2045
f 2350/3707/1961 1863/3709/2045 2351/3710/1959
f 2351/3710/1959 1863/3709/2045 2352/3711/1964
f 2352/3711/1964 1863/3709/2045 1862/3712/2046
f 2352/3711/1964 1862/3712/2046 2353/3713/1967
f 2353/3713/1967 1862/3712/2046 2354/3714/1972
f 2354/3714/1972 1862/3712/2046 1861/3715/2047
f 2354/3714/1972 1861/3715/2047 1860/3716/2048
f 2354/3714/1972 1860/3716/2048 2355/3717/2049
f 2355/3717/2049 1860/3716/2048 1859/3718/2050
f 2355/3717/2049 1859/3718/2050 2356/3719/1585
f 2356/3719/1585 1859/3718/2050 1858/3720/1585
f 2356/3719/1585 1858/3720/1585 2331/3721/1929
f 2331/3721/1929 1858/3720/1585 1857/3722/2051
f 1762/3694/2037 2389/3693/1 2403/3723/2052
f 1762/3694/2037 2403/3723/2052 1763/3724/2053
f 1763/3724/2053 2403/3723/2052 2402/3725/2054
f 1763/3724/2053 2402/3725/2054 1764/3726/2055
f 1764/3726/2055 2402/3725/2054 2401/3727/2013
f 1764/3726/2055 2401/3727/2013 1765/3728/2056
f 1765/3728/2056 2401/3727/2013 2400/3729/2011
f 1765/3728/2056 2400/3729/2011 1766/3730/2057
f 1766/3730/2057 2400/3729/2011 2399/3731/2009
f 1766/3730/2057 2399/3731/2009 1767/3732/2058
f 1767/3732/2058 2399/3731/2009 2398/3733/2008
f 1767/3732/2058 2398/3733/2008 1768/3734/2059
f 1768/3734/2059 2398/3733/2008 2397/3735/2007
f 1768/3734/2059 2397/3735/2007 1769/3736/2060
f 1769/3736/2060 2397/3735/2007 2396/3737/2017
f 1769/3736/2060 2396/3737/2017 1770/3738/2061
f 1770/3738/2061 2396/3737/2017 2395/3739/2019
f 1770/3738/2061 2395/3739/2019 1771/3740/2062
f 1771/3740/2062 2395/3739/2019 2394/3741/2005
f 1771/3740/2062 2394/3741/2005 1772/3742/2063
f 1772/3742/2063 2394/3741/2005 2393/3743/2004
f 1772/3742/2063 2393/3743/2004 2392/3744/2006
f 1772/3742/2063 2392/3744/2006 1773/3745/2064
f 1773/3745/2064 2392/3744/2006 2391/3746/2003
f 1773/3745/2064 2391/3746/2003 1774/3747/2065
f 1774/3747/2065 2391/3746/2003 2390/3748/2001
f 1774/3747/2065 2390/3748/2001 1775/3749/2066
f 1775/3749/2066 2390/3748/2001 1790/3750/29
f 1790/3750/29 2390/3748/2001 2414/3751/29
f 1790/3750/29 2414/3751/29 1791/3752/2067
f 1791/3752/2067 2414/3751/29 2413/3753/2068
f 1791/3752/2067 2413/3753/2068 1792/3754/2069
f 1792/3754/2069 2413/3753/2068 2412/3755/2035
f 1792/3754/2069 2412/3755/2035 1793/3756/2070
f 1793/3756/2070 2412/3755/2035 1794/3757/2071
f 1794/3757/2071 2412/3755/2035 2411/3758/2031
f 1794/3757/2071 2411/3758/2031 2410/3759/2028
f 1794/3757/2071 2410/3759/2028 1795/3760/2072
f 1795/3760/2072 2410/3759/2028 2409/3761/2024
f 1795/3760/2072 2409/3761/2024 2408/3762/2025
f 1795/3760/2072 2408/3762/2025 1796/3763/2073
f 1796/3763/2073 2408/3762/2025 1797/3764/2074
f 1797/3764/2074 2408/3762/2025 2407/3765/2023
f 1797/3764/2074 2407/3765/2023 1798/3766/2075
f 1798/3766/2075 2407/3765/2023 2406/3767/2021
f 1798/3766/2075 2406/3767/2021 1799/3768/2076
f 1799/3768/2076 2406/3767/2021 2405/3769/2027
f 1799/3768/2076 2405/3769/2027 1800/3770/2077
f 1800/3770/2077 2405/3769/2027 1801/3771/1
f 1801/3771/1 2405/3769/2027 2404/3772/1
f 1801/3771/1 2404/3772/1 1802/3773/14
f 1802/3773/14 2404/3772/1 2236/3774/25
f 1802/3773/14 2236/3774/25 1803/3775/1606
f 1803/3775/1606 2236/3774/25 1844/3776/2078
f 1844/3776/2078 2236/3774/25 2235/3777/1
f 1844/3776/2078 2235/3777/1 2344/3778/2079
f 1844/3776/2078 2344/3778/2079 1845/3779/2080
f 1845/3779/2080 2344/3778/2079 2343/3780/2081
f 1845/3779/2080 2343/3780/2081 1846/3781/2082
f 1846/3781/2082 2343/3780/2081 2342/3782/1941
f 1846/3781/2082 2342/3782/1941 1847/3783/2083
f 1847/3783/2083 2342/3782/1941 2341/3784/1939
f 1847/3783/2083 2341/3784/1939 1848/3785/2084
f 1848/3785/2084 2341/3784/1939 2340/3786/1937
f 1848/3785/2084 2340/3786/1937 1849/3787/2085
f 1849/3787/2085 2340/3786/1937 2339/3788/1936
f 1849/3787/2085 2339/3788/1936 1850/3789/2086
f 1850/3789/2086 2339/3788/1936 2338/3790/1935
f 1850/3789/2086 2338/3790/1935 1851/3791/2087
f 1851/3791/2087 2338/3790/1935 2337/3792/1945
f 1851/3791/2087 2337/3792/1945 1852/3793/2088
f 1852/3793/2088 2337/3792/1945 2336/3794/1947
f 1852/3793/2088 2336/3794/1947 1853/3795/2089
f 1853/3795/2089 2336/3794/1947 2335/3796/1933
f 1853/3795/2089 2335/3796/1933 1854/3797/2090
f 1854/3797/2090 2335/3796/1933 2334/3798/1932
f 1854/3797/2090 2334/3798/1932 2333/3799/1934
f 1854/3797/2090 2333/3799/1934 1855/3800/2091
f 1855/3800/2091 2333/3799/1934 2332/3801/1931
f 1855/3800/2091 2332/3801/1931 1856/3802/2092
f 1856/3802/2092 2332/3801/1931 2331/3721/1929
f 1856/3802/2092 2331/3721/1929 1857/3722/2051
f 2416/3803/2093 2417/3804/2094 2463/3805/1607
f 2463/3805/1607 2417/3804/2094 2462/3806/37
f 2462/3806/37 2417/3804/2094 2418/3807/1
f 2462/3806/37 2418/3807/1 2461/3808/1
f 2461/3808/1 2418/3807/1 2460/3809/1
f 2460/3809/1 2418/3807/1 2419/3810/2095
f 2460/3809/1 2419/3810/2095 2459/3811/790
f 2459/3811/790 2419/3810/2095 2420/3812/2096
f 2459/3811/790 2420/3812/2096 2421/3813/2097
f 2459/3811/790 2421/3813/2097 2458/3814/37
f 2458/3814/37 2421/3813/2097 2422/3815/34
f 2458/3814/37 2422/3815/34 2457/3816/1
f 2457/3816/1 2422/3815/34 2456/3817/2098
f 2456/3817/2098 2422/3815/34 2423/3818/2099
f 2456/3817/2098 2423/3818/2099 2455/3819/1
f 2455/3819/1 2423/3818/2099 2424/3820/2100
f 2455/3819/1 2424/3820/2100 2454/3821/1
f 2454/3821/1 2424/3820/2100 2425/3822/2101
f 2454/3821/1 2425/3822/2101 2426/3823/2102
f 2454/3821/1 2426/3823/2102 2429/3824/2103
f 2429/3824/2103 2426/3823/2102 2427/3825/2104
f 2429/3824/2103 2427/3825/2104 2428/3826/2105
f 2454/3821/1 2429/3824/2103 2453/3827/1
f 2453/3827/1 2429/3824/2103 2430/3828/2106
f 2453/3827/1 2430/3828/2106 2433/3829/1357
f 2433/3829/1357 2430/3828/2106 2432/3830/2107
f 2432/3830/2107 2430/3828/2106 2431/3831/2108
f 2433/3829/1357 2434/3832/9 2453/3827/1
f 2453/3827/1 2434/3832/9 2452/3833/9
f 2452/3833/9 2434/3832/9 2435/3834/1
f 2452/3833/9 2435/3834/1 2451/3835/1
f 2451/3835/1 2435/3834/1 2436/3836/1
f 2451/3835/1 2436/3836/1 2450/3837/1
f 2450/3837/1 2436/3836/1 2437/3838/1
f 2450/3837/1 2437/3838/1 2449/3839/1
f 2449/3839/1 2437/3838/1 2438/3840/844
f 2449/3839/1 2438/3840/844 2448/3841/1
f 2448/3841/1 2438/3840/844 2439/3842/2109
f 2448/3841/1 2439/3842/2109 2440/3843/2110
f 2448/3841/1 2440/3843/2110 2447/3844/1
f 2447/3844/1 2440/3843/2110 2441/3845/1
f 2447/3844/1 2441/3845/1 2446/3846/1
f 2446/3846/1 2441/3845/1 2442/3847/2111
f 2446/3846/1 2442/3847/2111 2445/3848/1
f 2445/3848/1 2442/3847/2111 2444/3849/1
f 2444/3849/1 2442/3847/2111 2443/3850/2112
f 2464/3851/2113 2465/3852/128 2443/3853/2112
f 2443/3853/2112 2465/3852/128 2444/3854/128
f 2466/3855/2114 2416/3856/2093 2467/55/128
f 2467/55/128 2416/3856/2093 2463/57/128
f 2454/59/128 2468/55/128 2455/3857/2115
f 2455/3857/2115 2468/55/128 2469/3858/2115
f 2455/3857/2115 2469/3858/2115 2456/3859/2116
f 2456/3859/2116 2469/3858/2115 2470/3860/2116
f 2456/3859/2116 2470/3860/2116 2457/3861/631
f 2457/3861/631 2470/3860/2116 2471/3862/631
f 2457/3861/631 2471/3862/631 2458/3863/2117
f 2458/3863/2117 2471/3862/631 2472/3864/2117
f 2458/3863/2117 2472/3864/2117 2459/3865/2118
f 2459/3865/2118 2472/3864/2117 2473/3866/2118
f 2459/3865/2118 2473/3866/2118 2460/3867/630
f 2460/3867/630 2473/3866/2118 2474/3868/630
f 2460/3867/630 2474/3868/630 2461/3869/2119
f 2461/3869/2119 2474/3868/630 2475/3870/2119
f 2461/3869/2119 2475/3870/2119 2462/3871/1553
f 2462/3871/1553 2475/3870/2119 2476/3872/1553
f 2462/3871/1553 2476/3872/1553 2463/3873/150
f 2463/3873/150 2476/3872/1553 2467/3874/150
f 2477/55/128 2468/78/128 2453/57/128
f 2453/57/128 2468/78/128 2454/79/128
f 2444/3873/145 2465/3874/145 2445/3875/2120
f 2445/3875/2120 2465/3874/145 2478/3876/2120
f 2445/3875/2120 2478/3876/2120 2446/3877/2121
f 2446/3877/2121 2478/3876/2120 2479/3878/2121
f 2446/3877/2121 2479/3878/2121 2447/3879/625
f 2447/3879/625 2479/3878/2121 2480/3880/625
f 2447/3879/625 2480/3880/625 2448/3881/2122
f 2448/3881/2122 2480/3880/625 2481/3882/2122
f 2448/3881/2122 2481/3882/2122 2449/3883/2123
f 2449/3883/2123 2481/3882/2122 2482/3884/2123
f 2449/3883/2123 2482/3884/2123 2450/3885/632
f 2450/3885/632 2482/3884/2123 2483/3886/632
f 2450/3885/632 2483/3886/632 2451/3887/2124
f 2451/3887/2124 2483/3886/632 2484/3888/2124
f 2451/3887/2124 2484/3888/2124 2452/3889/2125
f 2452/3889/2125 2484/3888/2124 2485/3890/2125
f 2452/3889/2125 2485/3890/2125 2453/98/128
f 2453/98/128 2485/3890/2125 2477/99/128
f 2486/3891/2126 2487/3892/2127 2488/3893/2128
f 2486/3891/2126 2488/3893/2128 2489/3894/2129
f 2486/3891/2126 2489/3894/2129 2468/3895/2130
f 2468/3895/2130 2489/3894/2129 2490/3896/2131
f 2468/3895/2130 2490/3896/2131 2469/3897/2130
f 2469/3897/2130 2490/3896/2131 2491/3898/2132
f 2469/3897/2130 2491/3898/2132 2470/3899/2133
f 2470/3899/2133 2491/3898/2132 2492/3900/2134
f 2470/3899/2133 2492/3900/2134 2471/3901/803
f 2471/3901/803 2492/3900/2134 2493/3902/2135
f 2471/3901/803 2493/3902/2135 2494/3903/2136
f 2471/3901/803 2494/3903/2136 2472/3904/2137
f 2472/3904/2137 2494/3903/2136 2495/3905/2138
f 2472/3904/2137 2495/3905/2138 2473/3906/803
f 2473/3906/803 2495/3905/2138 2496/3907/2139
f 2473/3906/803 2496/3907/2139 2497/3908/2140
f 2473/3906/803 2497/3908/2140 2474/3909/66
f 2474/3909/66 2497/3908/2140 2498/3910/66
f 2474/3909/66 2498/3910/66 2475/3911/66
f 2475/3911/66 2498/3910/66 2499/3912/66
f 2475/3911/66 2499/3912/66 2476/3913/66
f 2476/3913/66 2499/3912/66 2467/3914/66
f 2467/3914/66 2499/3912/66 2466/3915/66
f 2468/3895/2130 2477/3916/66 2486/3891/2126
f 2486/3891/2126 2477/3916/66 2513/3917/2141
f 2513/3917/2141 2477/3916/66 2511/3918/2142
f 2485/3919/2143 2508/3920/2144 2477/3916/66
f 2477/3916/66 2508/3920/2144 2509/3921/2145
f 2477/3916/66 2509/3921/2145 2510/3922/2146
f 2484/3923/68 2507/3924/2147 2485/3919/2143
f 2485/3919/2143 2507/3924/2147 2508/3920/2144
f 2507/3924/2147 2484/3923/68 2506/3925/2148
f 2506/3925/2148 2484/3923/68 2483/3926/2149
f 2506/3925/2148 2483/3926/2149 2505/3927/69
f 2505/3927/69 2483/3926/2149 2482/3928/66
f 2505/3927/69 2482/3928/66 2504/3929/2150
f 2504/3929/2150 2482/3928/66 2481/3930/2151
f 2504/3929/2150 2481/3930/2151 2503/3931/2152
f 2503/3931/2152 2481/3930/2151 2480/3932/2153
f 2503/3931/2152 2480/3932/2153 2502/3933/2154
f 2502/3933/2154 2480/3932/2153 2479/3934/2155
f 2502/3933/2154 2479/3934/2155 2501/3935/2156
f 2501/3935/2156 2479/3934/2155 2478/3936/2157
f 2501/3935/2156 2478/3936/2157 2500/3937/2158
f 2500/3937/2158 2478/3936/2157 2465/3938/2159
f 2500/3937/2158 2465/3938/2159 2464/3939/2113
f 2510/3922/2146 2511/3918/2142 2477/3916/66
f 2511/3918/2142 2512/3940/2160 2513/3917/2141
f 2527/3941/2161 2466/3942/2114 2526/3943/2162
f 2526/3943/2162 2466/3942/2114 2499/3944/2163
f 2526/3943/2162 2499/3944/2163 2529/3945/2164
f 2529/3945/2164 2499/3944/2163 2498/3946/2165
f 2529/3945/2164 2498/3946/2165 2524/3947/2166
f 2524/3947/2166 2498/3946/2165 2497/3948/2167
f 2524/3947/2166 2497/3948/2167 2523/3949/2168
f 2523/3949/2168 2497/3948/2167 2496/3950/2139
f 2496/3950/2139 2495/3951/2138 2494/3952/2136
f 2521/3953/2169 2494/3952/2136 2493/3954/2170
f 2521/3953/2169 2493/3954/2170 2520/3955/2171
f 2520/3955/2171 2493/3954/2170 2492/3956/2134
f 2520/3955/2171 2492/3956/2134 2491/3957/2132
f 2518/3958/2172 2491/3957/2132 2490/3959/2131
f 2528/3960/2173 2489/3961/2129 2488/3962/2128
f 2528/3960/2173 2488/3962/2128 2487/3963/2127
f 2486/3964/2126 2514/3965/2174 2515/3966/2175
f 2486/3964/2126 2515/3966/2175 2487/3963/2127
f 2487/3963/2127 2515/3966/2175 2528/3960/2173
f 2528/3960/2173 2515/3966/2175 2516/3967/2176
f 2528/3960/2173 2516/3967/2176 2489/3961/2129
f 2489/3961/2129 2516/3967/2176 2517/3968/2177
f 2489/3961/2129 2517/3968/2177 2490/3959/2131
f 2490/3959/2131 2517/3968/2177 2518/3958/2172
f 2518/3958/2172 2519/3969/2178 2491/3957/2132
f 2491/3957/2132 2519/3969/2178 2520/3955/2171
f 2521/3953/2169 2522/3970/2179 2494/3952/2136
f 2494/3952/2136 2522/3970/2179 2496/3950/2139
f 2522/3970/2179 2523/3949/2168 2496/3950/2139
f 2524/3947/2166 2525/3971/2180 2529/3945/2164
f 2525/3971/2180 2526/3943/2162 2529/3945/2164
f 2486/3972/2126 2513/3973/2141 2530/3974/2181
f 2486/3972/2126 2530/3974/2181 2514/3975/2174
f 2530/3976/2181 2512/3977/2160 2543/3978/2182
f 2543/3978/2182 2512/3977/2160 2542/3979/2183
f 2541/3980/2184 2509/3981/2145 2540/3982/2185
f 2540/3982/2185 2509/3981/2145 2508/3983/2144
f 2540/3982/2185 2508/3983/2144 2539/3984/2186
f 2539/3984/2186 2508/3983/2144 2507/3985/2147
f 2539/3984/2186 2507/3985/2147 2538/3986/2187
f 2538/3986/2187 2507/3985/2147 2506/3987/2148
f 2538/3986/2187 2506/3987/2148 2537/3988/2188
f 2537/3988/2188 2506/3987/2148 2536/3989/2189
f 2534/3990/2190 2535/3991/2191 2504/3992/2150
f 2534/3990/2190 2504/3992/2150 2503/3993/2152
f 2534/3990/2190 2503/3993/2152 2533/3994/2192
f 2533/3994/2192 2503/3993/2152 2502/3995/2154
f 2533/3994/2192 2502/3995/2154 2501/3996/2156
f 2533/3994/2192 2501/3996/2156 2532/3997/2193
f 2532/3997/2193 2501/3996/2156 2500/3998/2158
f 2532/3997/2193 2500/3998/2158 2531/3999/2194
f 2531/3999/2194 2500/3998/2158 2464/4000/2113
f 2513/4001/2141 2512/3977/2160 2530/3976/2181
f 2512/3977/2160 2511/4002/2142 2542/3979/2183
f 2542/3979/2183 2511/4002/2142 2541/3980/2184
f 2541/3980/2184 2511/4002/2142 2510/4003/2146
f 2541/3980/2184 2510/4003/2146 2509/3981/2145
f 2536/3989/2189 2506/3987/2148 2505/4004/2195
f 2536/3989/2189 2505/4004/2195 2535/3991/2191
f 2535/3991/2191 2505/4004/2195 2504/3992/2150
f 2544/214/2196 2545/215/128 2547/4005/2197
f 2547/4005/2197 2545/215/128 2546/55/128
f 2549/215/2198 2550/4006/2199 2548/221/122
f 2548/221/122 2550/4006/2199 2551/222/45
f 2550/4007/2199 2549/4008/2198 2547/4009/2197
f 2547/4009/2197 2549/4008/2198 2544/399/2196
f 2546/4010/139 2545/4011/139 2557/4012/140
f 2557/4012/140 2545/4011/139 2552/4013/140
f 2557/4012/140 2552/4013/140 2556/4014/141
f 2556/4014/141 2552/4013/140 2553/4015/141
f 2556/4014/141 2553/4015/141 2555/4016/142
f 2555/4016/142 2553/4015/141 2554/4017/142
f 2548/4018/185 2551/4019/185 2563/4020/186
f 2563/4020/186 2551/4019/185 2558/4021/186
f 2563/4020/186 2558/4021/186 2562/4022/187
f 2562/4022/187 2558/4021/186 2559/4023/187
f 2562/4022/187 2559/4023/187 2561/4024/188
f 2561/4024/188 2559/4023/187 2560/4025/188
f 2547/4026/2200 2546/4027/2201 2567/4028/2202
f 2567/4028/2202 2546/4027/2201 2557/4029/2203
f 2567/4028/2202 2557/4029/2203 2566/4030/2204
f 2566/4030/2204 2557/4029/2203 2556/4031/2205
f 2566/4030/2204 2556/4031/2205 2564/4032/2206
f 2564/4032/2206 2556/4031/2205 2555/4033/66
f 2565/4034/2207 2566/4030/2204 2564/4032/2206
f 2551/4035/66 2550/4036/2208 2558/4037/2209
f 2558/4037/2209 2550/4036/2208 2568/4038/2210
f 2558/4037/2209 2568/4038/2210 2559/4039/2211
f 2559/4039/2211 2568/4038/2210 2569/4040/2212
f 2559/4039/2211 2569/4040/2212 2560/4041/2213
f 2560/4041/2213 2569/4040/2212 2572/4042/2214
f 2572/4042/2214 2569/4040/2212 2570/4043/2215
f 2572/4042/2214 2570/4043/2215 2571/4044/2216
f 2573/4045/2217 2574/4046/2218 2577/4047/145
f 2577/4047/145 2574/4046/2218 2576/4048/145
f 2576/4048/145 2574/4046/2218 2575/4049/2219
f 2572/386/2214 2578/4050/2220 2560/55/150
f 2560/55/150 2578/4050/2220 2561/215/150
f 2561/215/150 2578/4050/2220 2579/244/2221
f 2561/215/150 2579/244/2221 2580/245/2222
f 2603/4051/2223 2575/4052/2219 2602/4053/2224
f 2601/4054/2225 2604/4055/2226 2600/4056/2227
f 2600/4056/2227 2604/4055/2226 2573/4057/2217
f 2602/4053/2224 2575/4052/2219 2574/4058/2218
f 2602/4053/2224 2574/4058/2218 2601/4054/2225
f 2601/4054/2225 2574/4058/2218 2604/4055/2226
f 2600/4056/2227 2573/4057/2217 2583/4059/2228
f 2583/4059/2228 2573/4057/2217 2580/4060/2222
f 2580/4060/2222 2579/4061/2221 2582/4062/2229
f 2582/4062/2229 2579/4061/2221 2581/4063/2230
f 2581/4063/2230 2579/4061/2221 2578/4064/2220
f 2571/4065/2216 2578/4064/2220 2572/4066/2214
f 2571/4065/2216 2581/4063/2230 2578/4064/2220
f 2582/4062/2229 3592/4067/2231 2580/4060/2222
f 2580/4060/2222 3592/4067/2231 2583/4059/2228
f 2584/269/2232 3825/4068/2233 2583/4059/2228
f 2583/4059/2228 3825/4068/2233 2600/4056/2227
f 2585/4069/2234 2591/4070/2235 3825/4068/2233
f 3825/4068/2233 2591/4070/2235 2592/4071/2236
f 2586/4072/2237 2590/4073/2238 2585/4069/2234
f 2585/4069/2234 2590/4073/2238 2591/4070/2235
f 2587/4074/2239 2589/4075/2240 2586/4072/2237
f 2586/4072/2237 2589/4075/2240 2590/4073/2238
f 2588/4076/2241 2589/4075/2240 2587/4074/2239
f 2593/4077/2242 2605/4078/2243 2592/4071/2236
f 2592/4071/2236 2605/4078/2243 2599/4079/2244
f 2596/4080/2245 2597/4081/2246 2594/4082/2247
f 2594/4082/2247 2597/4081/2246 2593/4077/2242
f 2593/4077/2242 2599/4079/2244 2605/4078/2243
f 2595/4083/2248 2596/4080/2245 2594/4082/2247
f 2592/4071/2236 2599/4079/2244 3825/4068/2233
f 3825/4068/2233 2599/4079/2244 2600/4056/2227
f 2604/4055/2226 2574/4058/2218 2573/4057/2217
f 2599/4079/2244 2593/4077/2242 2598/4084/2249
f 2593/4077/2242 2597/4081/2246 2598/4084/2249
f 2606/305/128 2607/215/128 2609/306/128
f 2609/306/128 2607/215/128 2608/55/128
f 2610/305/45 2611/215/45 2613/306/45
f 2613/306/45 2611/215/45 2612/55/45
f 2606/4085/184 2609/4086/184 2619/4087/183
f 2619/4087/183 2609/4086/184 2614/4088/183
f 2619/4087/183 2614/4088/183 2618/4089/182
f 2618/4089/182 2614/4088/183 2615/4090/182
f 2618/4089/182 2615/4090/182 2617/4091/181
f 2617/4091/181 2615/4090/182 2616/4092/181
f 2609/4093/66 2608/4094/66 2614/4095/66
f 2614/4095/66 2608/4094/66 2620/4096/66
f 2614/4095/66 2620/4096/66 2615/4097/66
f 2615/4097/66 2620/4096/66 2621/4098/66
f 2615/4097/66 2621/4098/66 2616/4099/66
f 2616/4099/66 2621/4098/66 2622/4100/66
f 2616/4099/66 2622/4100/66 2623/4101/66
f 2623/4101/66 2624/4102/66 2616/4099/66
f 2608/4010/139 2607/4011/139 2620/4012/140
f 2620/4012/140 2607/4011/139 2625/4013/140
f 2620/4012/140 2625/4013/140 2621/4014/141
f 2621/4014/141 2625/4013/140 2626/4015/141
f 2621/4014/141 2626/4015/141 2622/4016/142
f 2622/4016/142 2626/4015/141 2627/4017/142
f 2603/386/2223 2602/4103/2224 2629/55/150
f 2629/55/150 2602/4103/2224 2628/215/150
f 2628/215/150 2602/4103/2224 2601/244/2225
f 2628/215/150 2601/244/2225 2600/245/2250
f 2599/4104/2244 2598/4105/2249 2631/4106/145
f 2631/4106/145 2598/4105/2249 2597/4107/2246
f 2631/4106/145 2597/4107/2246 2630/4108/145
f 2630/4108/145 2597/4107/2246 2596/4109/2245
f 2610/4018/185 2613/4019/185 2635/4020/186
f 2635/4020/186 2613/4019/185 2632/4021/186
f 2635/4020/186 2632/4021/186 2634/4022/187
f 2634/4022/187 2632/4021/186 2633/4023/187
f 2634/4022/187 2633/4023/187 2628/4024/188
f 2628/4024/188 2633/4023/187 2629/4025/188
f 2631/4110/195 2630/4111/195 2641/4112/196
f 2641/4112/196 2630/4111/195 2636/4113/196
f 2641/4112/196 2636/4113/196 2640/4114/197
f 2640/4114/197 2636/4113/196 2637/4115/197
f 2640/4114/197 2637/4115/197 2639/4116/198
f 2639/4116/198 2637/4115/197 2638/4117/198
f 2575/4118/2219 2603/4119/2223 2576/4120/2251
f 2576/4120/2251 2603/4119/2223 2629/4121/66
f 2576/4120/2251 2629/4121/66 2633/4122/66
f 2576/4120/2251 2633/4122/66 2643/4123/66
f 2643/4123/66 2633/4122/66 2632/4124/66
f 2643/4123/66 2632/4124/66 2642/4125/66
f 2642/4125/66 2632/4124/66 2613/4126/66
f 2642/4125/66 2613/4126/66 2612/4127/66
f 2596/4128/2245 2595/4129/2248 2630/4130/2252
f 2630/4130/2252 2595/4129/2248 2644/4131/66
f 2630/4130/2252 2644/4131/66 2645/4132/66
f 2630/4130/2252 2645/4132/66 2636/4133/66
f 2636/4133/66 2645/4132/66 2646/4134/66
f 2636/4133/66 2646/4134/66 2637/4135/66
f 2637/4135/66 2646/4134/66 2647/4136/66
f 2637/4135/66 2647/4136/66 2638/4137/66
f 2648/305/128 2649/215/128 2651/306/128
f 2651/306/128 2649/215/128 2650/55/128
f 2652/305/45 2639/215/45 2647/306/45
f 2647/306/45 2639/215/45 2638/55/45
f 2650/4010/139 2649/4011/139 2658/4012/140
f 2658/4012/140 2649/4011/139 2653/4013/140
f 2658/4012/140 2653/4013/140 2657/4014/141
f 2657/4014/141 2653/4013/140 2654/4015/141
f 2657/4014/141 2654/4015/141 2656/4016/142
f 2656/4016/142 2654/4015/141 2655/4017/142
f 2652/4018/185 2647/4019/185 2661/4020/186
f 2661/4020/186 2647/4019/185 2646/4021/186
f 2661/4020/186 2646/4021/186 2660/4022/187
f 2660/4022/187 2646/4021/186 2645/4023/187
f 2660/4022/187 2645/4023/187 2659/4024/188
f 2659/4024/188 2645/4023/187 2644/4025/188
f 2648/4085/184 2651/4086/184 2667/4087/183
f 2667/4087/183 2651/4086/184 2662/4088/183
f 2667/4087/183 2662/4088/183 2666/4089/182
f 2666/4089/182 2662/4088/183 2663/4090/182
f 2666/4089/182 2663/4090/182 2665/4091/181
f 2665/4091/181 2663/4090/182 2664/4092/181
f 2651/4138/66 2650/4139/66 2662/4140/66
f 2662/4140/66 2650/4139/66 2658/4141/66
f 2662/4140/66 2658/4141/66 2663/4142/66
f 2663/4142/66 2658/4141/66 2657/4143/66
f 2663/4142/66 2657/4143/66 2664/4144/66
f 2664/4144/66 2657/4143/66 2656/4145/66
f 2664/4144/66 2656/4145/66 2668/4146/66
f 2668/4146/66 2669/4147/66 2664/4144/66
f 2595/386/2248 2594/4103/2247 2644/55/150
f 2644/55/150 2594/4103/2247 2659/215/150
f 2659/215/150 2594/4103/2247 2593/244/2242
f 2659/215/150 2593/244/2242 2592/245/2253
f 2591/380/2235 2590/4148/2238 2671/382/145
f 2671/382/145 2590/4148/2238 2589/4149/2240
f 2671/382/145 2589/4149/2240 2670/383/145
f 2670/383/145 2589/4149/2240 2588/384/2241
f 2675/4150/2254 2672/4151/2255 2673/4152/2256
f 2673/4152/2256 2674/4153/2257 2675/4150/2254
f 2673/221/2258 2676/215/122 2674/4154/2259
f 2674/4154/2259 2676/215/122 2677/55/45
f 2672/215/2255 2675/4155/2254 2678/214/128
f 2678/214/128 2675/4155/2254 2679/216/128
f 2684/4156/2260 2670/4157/2261 2681/4158/2262
f 2681/4158/2262 2670/4157/2261 2588/4159/2241
f 2681/4158/2262 2588/4159/2241 2680/4160/2263
f 2680/4160/2263 2588/4159/2241 2587/4161/2239
f 2681/4158/2262 2682/4162/2264 2684/4156/2260
f 2684/4156/2260 2682/4162/2264 2683/4163/2265
f 2683/4163/2265 2682/4162/2264 2674/4164/2257
f 2683/4163/2265 2674/4164/2257 2677/4165/2266
f 2671/4110/195 2670/4111/195 2686/4112/196
f 2686/4112/196 2670/4111/195 2684/4113/196
f 2686/4112/196 2684/4113/196 2685/4114/197
f 2685/4114/197 2684/4113/196 2683/4115/197
f 2685/4114/197 2683/4115/197 2676/4116/198
f 2676/4116/198 2683/4115/197 2677/4117/198
f 2627/4166/150 2687/215/150 2622/4167/150
f 2622/4167/150 2687/215/150 2623/55/150
f 2687/342/45 2688/215/45 2623/343/45
f 2623/343/45 2688/215/45 2624/55/45
f 2688/4166/145 2617/215/145 2624/4167/145
f 2624/4167/145 2617/215/145 2616/55/145
f 2554/4166/150 2689/215/150 2555/4167/150
f 2555/4167/150 2689/215/150 2564/55/150
f 2690/215/2267 2565/55/2268 2689/4168/2269
f 2689/4168/2269 2565/55/2268 2564/4169/45
f 2690/4170/2267 2691/4171/2270 2565/4172/2268
f 2565/4172/2268 2691/4171/2270 2692/4173/2271
f 2693/4174/2272 2694/4175/2273 2696/4176/2274
f 2696/4176/2274 2694/4175/2273 2695/4177/2275
f 2694/4168/2273 2697/215/2269 2695/4169/2275
f 2695/4169/2275 2697/215/2269 2698/55/45
f 2697/4166/145 2699/215/145 2698/4167/145
f 2698/4167/145 2699/215/145 2700/55/145
f 2655/4166/150 2701/215/150 2656/4167/150
f 2656/4167/150 2701/215/150 2668/55/150
f 2701/342/45 2702/215/45 2668/343/45
f 2668/343/45 2702/215/45 2669/55/45
f 2702/4166/145 2665/215/145 2669/4167/145
f 2669/4167/145 2665/215/145 2664/55/145
f 2577/4110/195 2576/4111/195 2704/4112/196
f 2704/4112/196 2576/4111/195 2643/4113/196
f 2704/4112/196 2643/4113/196 2703/4114/197
f 2703/4114/197 2643/4113/196 2642/4115/197
f 2703/4114/197 2642/4115/197 2611/4116/198
f 2611/4116/198 2642/4115/197 2612/4117/198
f 2705/4178/2276 2706/4179/2277 2741/4180/2278
f 2741/4180/2278 2706/4179/2277 2740/4181/2279
f 2740/4181/2279 2706/4179/2277 2707/4182/2280
f 2740/4181/2279 2707/4182/2280 2739/4183/2281
f 2739/4183/2281 2707/4182/2280 2738/4184/2282
f 2738/4184/2282 2707/4182/2280 2708/4185/2283
f 2738/4184/2282 2708/4185/2283 2737/4186/2044
f 2737/4186/2044 2708/4185/2283 2709/4187/2284
f 2737/4186/2044 2709/4187/2284 2736/4188/2285
f 2736/4188/2285 2709/4187/2284 2735/4189/2286
f 2735/4189/2286 2709/4187/2284 2710/4190/2287
f 2735/4189/2286 2710/4190/2287 2734/4191/9
f 2734/4191/9 2710/4190/2287 2711/4192/2288
f 2734/4191/9 2711/4192/2288 2733/4193/1
f 2733/4193/1 2711/4192/2288 2732/4194/2289
f 2732/4194/2289 2711/4192/2288 2712/4195/2290
f 2732/4194/2289 2712/4195/2290 2731/4196/2291
f 2731/4196/2291 2712/4195/2290 2713/4197/2292
f 2731/4196/2291 2713/4197/2292 2714/4198/2293
f 2731/4196/2291 2714/4198/2293 2730/4199/2294
f 2730/4199/2294 2714/4198/2293 2715/4200/2295
f 2730/4199/2294 2715/4200/2295 2729/4201/2296
f 2729/4201/2296 2715/4200/2295 2716/4202/2297
f 2729/4201/2296 2716/4202/2297 2728/4203/2298
f 2728/4203/2298 2716/4202/2297 2717/4204/2299
f 2728/4203/2298 2717/4204/2299 2727/4205/2300
f 2727/4205/2300 2717/4204/2299 2718/4206/2301
f 2727/4205/2300 2718/4206/2301 2726/4207/2302
f 2726/4207/2302 2718/4206/2301 2719/4208/2303
f 2726/4207/2302 2719/4208/2303 2725/4209/2304
f 2725/4209/2304 2719/4208/2303 2724/4210/2305
f 2724/4210/2305 2719/4208/2303 2720/4211/2306
f 2724/4210/2305 2720/4211/2306 2723/4212/2307
f 2723/4212/2307 2720/4211/2306 2721/4213/2308
f 2723/4212/2307 2721/4213/2308 2722/4214/2309
f 2747/4215/2310 2944/4216/2311 3025/4217/2312
f 2747/4215/2310 3025/4217/2312 2742/4218/2313
f 2743/4219/2314 2744/4220/2315 2742/4218/2313
f 2742/4218/2313 2744/4220/2315 2747/4215/2310
f 2747/4215/2310 2744/4220/2315 2745/4221/2316
f 2745/4221/2316 2746/4222/2317 2747/4215/2310
f 2760/4223/1 2749/4224/1 2761/1319/1
f 2761/1319/1 2749/4224/1 2750/4225/1
f 2761/1319/1 2750/4225/1 2768/1318/1
f 2768/1318/1 2750/4225/1 2751/4226/1
f 2768/1318/1 2751/4226/1 2767/4227/1
f 2767/4227/1 2751/4226/1 2752/4228/1
f 2767/4227/1 2752/4228/1 2766/4229/1
f 2766/4229/1 2752/4228/1 2753/4230/1
f 2766/4229/1 2753/4230/1 2754/4231/1
f 2766/4229/1 2754/4231/1 2765/1344/1
f 2765/1344/1 2754/4231/1 2755/4232/1
f 2765/1344/1 2755/4232/1 2756/4233/1
f 2765/1344/1 2756/4233/1 2764/1345/1
f 2764/1345/1 2756/4233/1 2757/4234/1
f 2764/1345/1 2757/4234/1 2763/1346/1
f 2763/1346/1 2757/4234/1 2758/4235/1
f 2763/1346/1 2758/4235/1 2762/4236/1
f 2762/4236/1 2758/4235/1 2759/4237/1
f 2762/4236/1 2759/4237/1 2760/4223/1
f 2762/4236/1 2760/4223/1 2761/1319/1
f 2769/4238/2318 2762/4239/2319 2761/2837/2320
f 2769/2838/2318 2761/2839/2320 2775/2865/2321
f 2775/2865/2321 2761/2839/2320 2768/2866/638
f 2775/2865/2321 2768/2866/638 2767/2867/639
f 2775/2865/2321 2767/2867/639 2774/2868/640
f 2774/2868/640 2767/2867/639 2766/2874/641
f 2774/2868/640 2766/2874/641 2773/2844/642
f 2773/2844/642 2766/2874/641 2772/2858/643
f 2772/2858/643 2766/2874/641 2765/2859/644
f 2772/2858/643 2765/2859/644 2771/4240/645
f 2771/4240/645 2765/2859/644 2764/2871/646
f 2771/4240/645 2764/2871/646 2763/2849/647
f 2771/4240/645 2763/2849/647 2770/2872/2322
f 2770/2872/2322 2763/2849/647 2762/4239/2319
f 2770/2872/2322 2762/4239/2319 2769/4238/2318
f 2785/4241/2323 2782/4242/2324 2784/4243/2325
f 2785/4241/2323 2784/4243/2325 2776/4244/2326
f 2776/4244/2326 2784/4243/2325 2745/4245/2316
f 2746/4246/2317 2782/4242/2324 2781/4247/2327
f 2776/4244/2326 2777/4248/2328 2785/4241/2323
f 2785/4241/2323 2777/4248/2328 2782/4242/2324
f 2782/4242/2324 2777/4248/2328 2783/4249/2329
f 2782/4242/2324 2783/4249/2329 2781/4247/2327
f 2777/4248/2328 2778/4250/2330 2779/4251/2331
f 2777/4248/2328 2779/4251/2331 2783/4249/2329
f 2779/4251/2331 2780/4252/2332 2783/4249/2329
f 2783/4249/2329 2780/4252/2332 2781/4247/2327
f 2746/4246/2317 2745/4245/2316 2782/4242/2324
f 2745/4245/2316 2784/4243/2325 2782/4242/2324
f 2787/2875/625 2809/1044/625 2786/2876/145
f 2786/2876/145 2809/1044/625 2798/1042/145
f 2786/2877/145 2798/1040/145 2797/2878/626
f 2797/2878/626 2798/1040/145 2799/1038/626
f 2797/2878/626 2799/1038/626 2796/2879/627
f 2796/2879/627 2799/1038/626 2800/1060/627
f 2796/2879/627 2800/1060/627 2795/2880/45
f 2795/2880/45 2800/1060/627 2801/1058/45
f 2795/2880/45 2801/1058/45 2794/2881/628
f 2794/2881/628 2801/1058/45 2802/1056/628
f 2794/2881/628 2802/1056/628 2793/2882/629
f 2793/2882/629 2802/1056/628 2803/1054/629
f 2793/2882/629 2803/1054/629 2792/2859/150
f 2792/2859/150 2803/1054/629 2804/55/150
f 2792/2859/150 2804/55/150 2791/2883/630
f 2791/2883/630 2804/55/150 2805/1052/630
f 2791/2883/630 2805/1052/630 2790/2884/631
f 2790/2884/631 2805/1052/630 2806/1050/631
f 2790/2884/631 2806/1050/631 2789/2885/128
f 2789/2885/128 2806/1050/631 2807/1048/128
f 2789/2885/128 2807/1048/128 2788/2886/632
f 2788/2886/632 2807/1048/128 2808/1046/632
f 2788/2886/632 2808/1046/632 2787/2875/625
f 2787/2875/625 2808/1046/632 2809/1044/625
f 2838/4253/2333 2810/4254/2334 2854/4255/2335
f 2854/4255/2335 2810/4254/2334 2811/4256/2336
f 2854/4255/2335 2811/4256/2336 2853/4257/2337
f 2853/4257/2337 2811/4256/2336 2812/4258/2338
f 2853/4257/2337 2812/4258/2338 2852/4259/2339
f 2852/4259/2339 2812/4258/2338 2813/4260/2340
f 2852/4259/2339 2813/4260/2340 2851/4261/2341
f 2851/4261/2341 2813/4260/2340 2814/4262/2342
f 2814/4262/2342 2815/4263/2343 2850/4264/2344
f 2850/4264/2344 2815/4263/2343 2816/4265/2345
f 2850/4264/2344 2816/4265/2345 2849/4266/2346
f 2849/4266/2346 2816/4265/2345 2848/4267/2347
f 2849/4266/2346 2848/4267/2347 2870/4268/2348
f 2870/4268/2348 2848/4267/2347 2869/4269/2349
f 2870/4268/2348 2869/4269/2349 2832/4270/2350
f 2832/4270/2350 2869/4269/2349 2831/4271/2351
f 2831/4271/2351 2869/4269/2349 2868/4272/2352
f 2831/4271/2351 2868/4272/2352 2867/4273/2353
f 2867/4273/2353 2868/4272/2352 2846/4274/2354
f 2867/4273/2353 2846/4274/2354 2845/4275/2355
f 2844/4276/2356 2845/4275/2355 2820/4277/2357
f 2844/4276/2356 2820/4277/2357 2821/4278/2358
f 2816/4265/2345 2817/4279/2359 2848/4267/2347
f 2848/4267/2347 2817/4279/2359 2847/4280/2360
f 2848/4267/2347 2847/4280/2360 2869/4269/2349
f 2869/4269/2349 2847/4280/2360 2868/4272/2352
f 2817/4279/2359 2818/4281/2361 2847/4280/2360
f 2847/4280/2360 2818/4281/2361 2846/4274/2354
f 2847/4280/2360 2846/4274/2354 2868/4272/2352
f 2818/4281/2361 2819/4282/2362 2846/4274/2354
f 2846/4274/2354 2819/4282/2362 2845/4275/2355
f 2819/4282/2362 2820/4277/2357 2845/4275/2355
f 2844/4276/2356 2821/4278/2358 2843/4283/2363
f 2843/4283/2363 2821/4278/2358 2822/4284/2364
f 2843/4283/2363 2822/4284/2364 2842/4285/2365
f 2842/4285/2365 2822/4284/2364 2823/4286/2366
f 2842/4285/2365 2823/4286/2366 2841/4287/2367
f 2841/4287/2367 2823/4286/2366 2824/4288/2368
f 2841/4287/2367 2824/4288/2368 2840/4289/2369
f 2840/4289/2369 2824/4288/2368 2839/4290/2370
f 2840/4289/2369 2839/4290/2370 2856/4291/2371
f 2856/4291/2371 2839/4290/2370 2855/4292/2372
f 2856/4291/2371 2855/4292/2372 2781/4293/2327
f 2781/4293/2327 2855/4292/2372 2746/4294/2317
f 2746/4294/2317 2855/4292/2372 2828/4295/2373
f 2824/4288/2368 2825/4296/2374 2839/4290/2370
f 2839/4290/2370 2825/4296/2374 2827/4297/2375
f 2825/4296/2374 2826/4298/2376 2827/4297/2375
f 2839/4290/2370 2827/4297/2375 2855/4292/2372
f 2855/4292/2372 2827/4297/2375 2828/4295/2373
f 2781/4293/2327 2780/4299/2377 2856/4291/2371
f 2856/4291/2371 2780/4299/2377 2862/4300/2378
f 2856/4291/2371 2862/4300/2378 2841/4287/2367
f 2856/4291/2371 2841/4287/2367 2840/4289/2369
f 2780/4299/2377 2779/4301/2379 2862/4300/2378
f 2862/4300/2378 2779/4301/2379 2863/4302/2380
f 2862/4300/2378 2863/4302/2380 2841/4287/2367
f 2841/4287/2367 2863/4302/2380 2842/4285/2365
f 2779/4301/2379 2778/4303/2381 2863/4302/2380
f 2863/4302/2380 2778/4303/2381 2864/4304/2382
f 2863/4302/2380 2864/4304/2382 2842/4285/2365
f 2842/4285/2365 2864/4304/2382 2843/4283/2363
f 2778/4303/2381 2829/4305/2383 2864/4304/2382
f 2864/4304/2382 2829/4305/2383 2865/4306/2384
f 2864/4304/2382 2865/4306/2384 2843/4283/2363
f 2843/4283/2363 2865/4306/2384 2844/4276/2356
f 2865/4306/2384 2829/4305/2383 2866/4307/2385
f 2866/4307/2385 2829/4305/2383 2830/4308/2386
f 2866/4307/2385 2830/4308/2386 2867/4273/2353
f 2867/4273/2353 2830/4308/2386 2831/4271/2351
f 2870/4268/2348 2832/4270/2350 2871/4309/2387
f 2870/4268/2348 2871/4309/2387 2849/4266/2346
f 2849/4266/2346 2871/4309/2387 2850/4264/2344
f 2832/4270/2350 2833/4310/2388 2871/4309/2387
f 2871/4309/2387 2833/4310/2388 2872/4311/2389
f 2871/4309/2387 2872/4311/2389 2850/4264/2344
f 2850/4264/2344 2872/4311/2389 2857/4312/2390
f 2850/4264/2344 2857/4312/2390 2814/4262/2342
f 2872/4311/2389 2833/4310/2388 2873/4313/2391
f 2872/4311/2389 2873/4313/2391 2857/4312/2390
f 2857/4312/2390 2873/4313/2391 2858/4314/2392
f 2857/4312/2390 2858/4314/2392 2814/4262/2342
f 2814/4262/2342 2858/4314/2392 2851/4261/2341
f 2833/4310/2388 2834/4315/2393 2873/4313/2391
f 2873/4313/2391 2834/4315/2393 2874/4316/2394
f 2873/4313/2391 2874/4316/2394 2858/4314/2392
f 2858/4314/2392 2874/4316/2394 2859/4317/2395
f 2858/4314/2392 2859/4317/2395 2851/4261/2341
f 2851/4261/2341 2859/4317/2395 2852/4259/2339
f 2834/4315/2393 2835/4318/2396 2874/4316/2394
f 2874/4316/2394 2835/4318/2396 2875/4319/2397
f 2874/4316/2394 2875/4319/2397 2859/4317/2395
f 2859/4317/2395 2875/4319/2397 2860/4320/2398
f 2859/4317/2395 2860/4320/2398 2852/4259/2339
f 2852/4259/2339 2860/4320/2398 2853/4257/2337
f 2875/4319/2397 2835/4318/2396 2836/4321/2399
f 2875/4319/2397 2836/4321/2399 2837/4322/2400
f 2875/4319/2397 2837/4322/2400 2861/4323/2401
f 2861/4323/2401 2837/4322/2400 2854/4255/2335
f 2854/4255/2335 2837/4322/2400 2838/4253/2333
f 2861/4323/2401 2854/4255/2335 2853/4257/2337
f 2861/4323/2401 2853/4257/2337 2860/4320/2398
f 2865/4306/2384 2866/4307/2385 2844/4276/2356
f 2844/4276/2356 2866/4307/2385 2845/4275/2355
f 2866/4307/2385 2867/4273/2353 2845/4275/2355
f 2875/4319/2397 2861/4323/2401 2860/4320/2398
f 2877/4324/2402 2878/4325/2403 2876/4326/2404
f 2876/4326/2404 2878/4325/2403 2881/4327/2405
f 2881/4327/2405 2878/4325/2403 2879/4328/2406
f 2881/4327/2405 2879/4328/2406 2880/4329/2407
f 2880/4329/2407 2879/4328/2406 2748/4330/2408
f 2787/4331/1 2786/4332/1 2882/4333/1
f 2882/4333/1 2786/4332/1 2797/4334/1
f 2882/4333/1 2797/4334/1 2889/4335/1
f 2889/4335/1 2797/4334/1 2796/4336/1
f 2889/4335/1 2796/4336/1 2795/4337/1
f 2889/4335/1 2795/4337/1 2888/1322/1
f 2888/1322/1 2795/4337/1 2887/4338/1
f 2887/4338/1 2795/4337/1 2794/4339/1
f 2887/4338/1 2794/4339/1 2793/4340/1
f 2887/4338/1 2793/4340/1 2886/1325/1
f 2886/1325/1 2793/4340/1 2792/4341/1
f 2886/1325/1 2792/4341/1 2791/4342/1
f 2886/1325/1 2791/4342/1 2885/4343/1
f 2885/4343/1 2791/4342/1 2790/4344/1
f 2885/4343/1 2790/4344/1 2884/4345/1
f 2884/4345/1 2790/4344/1 2789/4346/1
f 2884/4345/1 2789/4346/1 2788/4347/1
f 2884/4345/1 2788/4347/1 2883/4348/1
f 2883/4348/1 2788/4347/1 2787/4331/1
f 2883/4348/1 2787/4331/1 2882/4333/1
f 2760/2875/625 2901/1044/625 2749/2876/145
f 2749/2876/145 2901/1044/625 2890/1042/145
f 2749/2877/145 2890/1040/145 2750/2878/626
f 2750/2878/626 2890/1040/145 2891/1038/626
f 2750/2878/626 2891/1038/626 2751/2879/627
f 2751/2879/627 2891/1038/626 2892/1060/627
f 2751/2879/627 2892/1060/627 2752/2880/45
f 2752/2880/45 2892/1060/627 2893/1058/45
f 2752/2880/45 2893/1058/45 2753/2881/628
f 2753/2881/628 2893/1058/45 2894/1056/628
f 2753/2881/628 2894/1056/628 2754/2882/629
f 2754/2882/629 2894/1056/628 2895/1054/629
f 2754/2882/629 2895/1054/629 2755/2859/150
f 2755/2859/150 2895/1054/629 2896/55/150
f 2755/2859/150 2896/55/150 2756/2883/630
f 2756/2883/630 2896/55/150 2897/1052/630
f 2756/2883/630 2897/1052/630 2757/2884/631
f 2757/2884/631 2897/1052/630 2898/1050/631
f 2757/2884/631 2898/1050/631 2758/2885/128
f 2758/2885/128 2898/1050/631 2899/1048/128
f 2758/2885/128 2899/1048/128 2759/2886/632
f 2759/2886/632 2899/1048/128 2900/1046/632
f 2759/2886/632 2900/1046/632 2760/2875/625
f 2760/2875/625 2900/1046/632 2901/1044/625
f 2706/4349/2277 2705/4350/2276 2919/4351/2409
f 2706/4349/2277 2919/4351/2409 2920/4352/2410
f 2920/4352/2410 2919/4351/2409 2903/4353/2411
f 2920/4352/2410 2903/4353/2411 2904/4354/2412
f 2705/4350/2276 2902/4355/2413 2919/4351/2409
f 2919/4351/2409 2902/4355/2413 2903/4353/2411
f 2906/4356/2414 2907/4357/2415 2908/4358/2416
f 2917/4359/2417 2918/4360/2418 2932/4361/2419
f 2932/4361/2419 2918/4360/2418 2712/4362/2290
f 2932/4361/2419 2712/4362/2290 2931/4363/2420
f 2931/4363/2420 2712/4362/2290 2711/4364/2288
f 2931/4363/2420 2711/4364/2288 2930/4365/2421
f 2930/4365/2421 2711/4364/2288 2929/4366/2422
f 2929/4366/2422 2711/4364/2288 2710/4367/2287
f 2929/4366/2422 2710/4367/2287 2928/4368/2423
f 2928/4368/2423 2710/4367/2287 2927/4369/2424
f 2927/4369/2424 2710/4367/2287 2709/4370/2284
f 2927/4369/2424 2709/4370/2284 2926/4371/2425
f 2926/4371/2425 2709/4370/2284 2925/4372/2426
f 2925/4372/2426 2709/4370/2284 2924/4373/2427
f 2924/4373/2427 2709/4370/2284 2708/4374/2283
f 2924/4373/2427 2708/4374/2283 2923/4375/2428
f 2923/4375/2428 2708/4374/2283 2922/4376/2429
f 2922/4376/2429 2708/4374/2283 2707/4377/2280
f 2922/4376/2429 2707/4377/2280 2921/4378/2430
f 2921/4378/2430 2707/4377/2280 2706/4349/2277
f 2921/4378/2430 2706/4349/2277 2920/4352/2410
f 2920/4352/2410 2904/4354/2412 2921/4378/2430
f 2921/4378/2430 2904/4354/2412 2905/4379/2431
f 2921/4378/2430 2905/4379/2431 2922/4376/2429
f 2922/4376/2429 2905/4379/2431 2906/4356/2414
f 2922/4376/2429 2906/4356/2414 2923/4375/2428
f 2923/4375/2428 2906/4356/2414 2908/4358/2416
f 2923/4375/2428 2908/4358/2416 2924/4373/2427
f 2924/4373/2427 2908/4358/2416 2909/4380/2432
f 2924/4373/2427 2909/4380/2432 2925/4372/2426
f 2925/4372/2426 2909/4380/2432 2910/4381/2433
f 2925/4372/2426 2910/4381/2433 2926/4371/2425
f 2926/4371/2425 2910/4381/2433 2911/4382/2434
f 2926/4371/2425 2911/4382/2434 2927/4369/2424
f 2927/4369/2424 2911/4382/2434 2912/4383/2435
f 2927/4369/2424 2912/4383/2435 2928/4368/2423
f 2928/4368/2423 2912/4383/2435 2913/4384/2436
f 2928/4368/2423 2913/4384/2436 2929/4366/2422
f 2929/4366/2422 2913/4384/2436 2914/4385/2437
f 2929/4366/2422 2914/4385/2437 2930/4365/2421
f 2930/4365/2421 2914/4385/2437 2915/4386/2438
f 2930/4365/2421 2915/4386/2438 2931/4363/2420
f 2931/4363/2420 2915/4386/2438 2916/4387/2439
f 2931/4363/2420 2916/4387/2439 2932/4361/2419
f 2932/4361/2419 2916/4387/2439 2917/4359/2417
f 2959/4388/2440 2933/4389/2441 2934/4390/2442
f 2957/4391/2443 2934/4390/2442 2935/4392/2444
f 2957/4391/2443 2935/4392/2444 2972/4393/2445
f 2972/4393/2445 2935/4392/2444 2971/4394/2446
f 2972/4393/2445 2971/4394/2446 2956/4395/2447
f 2956/4395/2447 2971/4394/2446 2955/4396/2448
f 2955/4396/2448 2971/4394/2446 2970/4397/2449
f 2955/4396/2448 2970/4397/2449 2954/4398/2450
f 2954/4398/2450 2970/4397/2449 2969/4399/2451
f 2954/4398/2450 2969/4399/2451 2968/4400/2452
f 2954/4398/2450 2968/4400/2452 2953/4401/2453
f 2953/4401/2453 2968/4400/2452 2967/4402/2454
f 2953/4401/2453 2967/4402/2454 2952/4403/2455
f 2952/4403/2455 2967/4402/2454 2966/4404/2456
f 2952/4403/2455 2966/4404/2456 2951/4405/2457
f 2951/4405/2457 2966/4404/2456 2965/4406/2458
f 2951/4405/2457 2965/4406/2458 2964/4407/2459
f 2964/4407/2459 2965/4406/2458 2940/4408/2460
f 2964/4407/2459 2940/4408/2460 2941/4409/2461
f 2935/4392/2444 2936/4410/2462 2971/4394/2446
f 2971/4394/2446 2936/4410/2462 2970/4397/2449
f 2936/4410/2462 2937/4411/2463 2970/4397/2449
f 2970/4397/2449 2937/4411/2463 2969/4399/2451
f 2969/4399/2451 2937/4411/2463 2968/4400/2452
f 2937/4411/2463 2938/4412/2464 2968/4400/2452
f 2968/4400/2452 2938/4412/2464 2967/4402/2454
f 2967/4402/2454 2938/4412/2464 2939/4413/2465
f 2967/4402/2454 2939/4413/2465 2966/4404/2456
f 2966/4404/2456 2939/4413/2465 2965/4406/2458
f 2965/4406/2458 2939/4413/2465 2940/4408/2460
f 2964/4407/2459 2941/4409/2461 2963/4414/2466
f 2963/4414/2466 2941/4409/2461 2962/4415/2467
f 2962/4415/2467 2941/4409/2461 2942/4416/2468
f 2962/4415/2467 2942/4416/2468 2961/4417/2469
f 2961/4417/2469 2942/4416/2468 2943/4418/2470
f 2961/4417/2469 2943/4418/2470 2960/4419/2471
f 2960/4419/2471 2943/4418/2470 2944/4420/2311
f 2960/4419/2471 2944/4420/2311 2747/4421/2310
f 2746/4422/2317 2945/4423/2472 2747/4421/2310
f 2747/4421/2310 2945/4423/2472 2960/4419/2471
f 2945/4423/2472 2946/4424/2473 2960/4419/2471
f 2960/4419/2471 2946/4424/2473 2947/4425/2474
f 2960/4419/2471 2947/4425/2474 2961/4417/2469
f 2961/4417/2469 2947/4425/2474 2948/4426/2475
f 2961/4417/2469 2948/4426/2475 2962/4415/2467
f 2962/4415/2467 2948/4426/2475 2949/4427/2476
f 2962/4415/2467 2949/4427/2476 2963/4414/2466
f 2963/4414/2466 2949/4427/2476 2950/4428/2477
f 2963/4414/2466 2950/4428/2477 2964/4407/2459
f 2964/4407/2459 2950/4428/2477 2951/4405/2457
f 2956/4395/2447 2957/4391/2443 2972/4393/2445
f 2957/4391/2443 2958/4429/2478 2934/4390/2442
f 2958/4429/2478 2959/4388/2440 2934/4390/2442
f 2973/4430/1 2974/4431/2479 2976/55/2480
f 2976/55/2480 2974/4431/2479 2975/2788/2481
f 2981/4432/2482 2744/4433/2315 2982/4434/2483
f 2982/4434/2483 2744/4433/2315 2984/4435/2484
f 2984/4435/2484 2744/4433/2315 2743/4436/2314
f 2984/4435/2484 2977/4437/2485 2982/4434/2483
f 2982/4434/2483 2977/4437/2485 2983/4438/2486
f 2982/4434/2483 2983/4438/2486 2981/4432/2482
f 2981/4432/2482 2983/4438/2486 2980/4439/2487
f 2979/4440/2488 2980/4439/2487 2978/4441/2489
f 2978/4441/2489 2980/4439/2487 2983/4438/2486
f 2978/4441/2489 2983/4438/2486 2977/4437/2485
f 2743/4436/2314 2977/4437/2485 2984/4435/2484
f 2934/4442/2442 2933/4443/2441 2986/4444/2490
f 2986/4444/2490 2933/4443/2441 3120/4445/2491
f 2986/4444/2490 3120/4445/2491 2985/4446/2492
f 2985/4446/2492 3120/4445/2491 3121/4447/2493
f 2986/4444/2490 2987/4448/66 2934/4442/2442
f 2934/4442/2442 2987/4448/66 2935/4449/66
f 2935/4449/66 2987/4448/66 2988/4450/66
f 2935/4449/66 2988/4450/66 2936/4451/66
f 2936/4451/66 2988/4450/66 2989/4452/66
f 2936/4451/66 2989/4452/66 2937/4453/66
f 2937/4453/66 2989/4452/66 2990/4454/66
f 2937/4453/66 2990/4454/66 2938/4455/66
f 2938/4455/66 2990/4454/66 2991/4456/66
f 2938/4455/66 2991/4456/66 2939/4457/66
f 2939/4457/66 2991/4456/66 2992/4458/67
f 2939/4457/66 2992/4458/67 2993/4459/66
f 2939/4457/66 2993/4459/66 2940/4460/66
f 2940/4460/66 2993/4459/66 2994/4461/66
f 2940/4460/66 2994/4461/66 2941/4462/66
f 2941/4462/66 2994/4461/66 2995/4463/66
f 2941/4462/66 2995/4463/66 2996/4464/66
f 2941/4462/66 2996/4464/66 2942/4465/66
f 2942/4465/66 2996/4464/66 2997/4466/66
f 2942/4465/66 2997/4466/66 2943/4467/66
f 2943/4467/66 2997/4466/66 2998/4468/67
f 2943/4467/66 2998/4468/67 2944/4469/67
f 2944/4469/67 2998/4468/67 3025/4470/2312
f 3025/4470/2312 2998/4468/67 2999/4471/2494
f 3025/4470/2312 2999/4471/2494 3024/4472/2495
f 3024/4472/2495 2999/4471/2494 3000/4473/2496
f 3024/4472/2495 3000/4473/2496 3023/4474/2497
f 3023/4474/2497 3000/4473/2496 3001/4475/66
f 3023/4474/2497 3001/4475/66 3022/4476/66
f 3022/4476/66 3001/4475/66 3002/4477/66
f 3022/4476/66 3002/4477/66 3021/4478/66
f 3021/4478/66 3002/4477/66 3003/4479/66
f 3021/4478/66 3003/4479/66 3020/4480/66
f 3020/4480/66 3003/4479/66 3004/4481/66
f 3020/4480/66 3004/4481/66 3019/4482/66
f 3019/4482/66 3004/4481/66 3005/4483/66
f 3019/4482/66 3005/4483/66 3018/4484/66
f 3018/4484/66 3005/4483/66 3006/4485/66
f 3018/4484/66 3006/4485/66 3017/4486/66
f 3017/4486/66 3006/4485/66 3007/4487/66
f 3017/4486/66 3007/4487/66 3008/4488/66
f 3017/4486/66 3008/4488/66 3016/4489/68
f 3016/4489/68 3008/4488/66 3009/4490/68
f 3016/4489/68 3009/4490/68 3015/4491/66
f 3015/4491/66 3009/4490/68 3010/4492/66
f 3015/4491/66 3010/4492/66 3014/4493/256
f 3014/4493/256 3010/4492/66 3011/4494/256
f 3014/4493/256 3011/4494/256 3013/4495/66
f 3013/4495/66 3011/4494/256 3012/55/66
f 2918/4496/2418 2917/4497/2417 3038/4498/2498
f 3038/4498/2498 2917/4497/2417 3042/4499/2499
f 2917/4497/2417 2916/4500/2439 3042/4499/2499
f 3042/4499/2499 2916/4500/2439 3053/4501/2500
f 2916/4500/2439 2915/4502/2438 3053/4501/2500
f 3053/4501/2500 2915/4502/2438 3052/4503/2501
f 2915/4502/2438 2914/4504/2437 3052/4503/2501
f 3052/4503/2501 2914/4504/2437 3051/4505/2502
f 2914/4504/2437 2913/4506/2436 3051/4505/2502
f 3051/4505/2502 2913/4506/2436 3050/4507/2503
f 2913/4506/2436 2912/4508/2435 3050/4507/2503
f 3050/4507/2503 2912/4508/2435 3049/4509/2504
f 2912/4508/2435 2911/4510/2434 3049/4509/2504
f 3049/4509/2504 2911/4510/2434 3048/4511/2505
f 2911/4510/2434 2910/4512/2433 3048/4511/2505
f 3048/4511/2505 2910/4512/2433 2909/4513/2432
f 3048/4511/2505 2909/4513/2432 3047/4514/2506
f 3047/4514/2506 2909/4513/2432 2908/4515/2416
f 3047/4514/2506 2908/4515/2416 3046/4516/2507
f 3046/4516/2507 2908/4515/2416 2907/4517/2415
f 3046/4516/2507 2907/4517/2415 3045/4518/2508
f 3045/4518/2508 2907/4517/2415 2906/4519/2414
f 2906/4519/2414 2905/4520/2431 3044/4521/2509
f 3044/4521/2509 2905/4520/2431 3043/4522/2510
f 2905/4520/2431 2904/4523/2412 3043/4522/2510
f 3043/4522/2510 2904/4523/2412 3041/4524/2511
f 2904/4523/2412 2903/4525/2411 3041/4524/2511
f 3041/4524/2511 2903/4525/2411 3026/4526/2512
f 2903/4525/2411 2902/4527/2413 3026/4526/2512
f 3026/4526/2512 3054/4528/2513 3041/4524/2511
f 3054/4528/2513 3026/4526/2512 3027/4529/2514
f 3054/4528/2513 3027/4529/2514 3067/4530/2515
f 3067/4530/2515 3027/4529/2514 3029/4531/2516
f 3029/4531/2516 3027/4529/2514 3028/4532/2517
f 3029/4531/2516 3081/4533/2518 3067/4530/2515
f 3067/4530/2515 3081/4533/2518 3068/4534/2519
f 3067/4530/2515 3068/4534/2519 3054/4528/2513
f 3054/4528/2513 3068/4534/2519 3055/4535/2520
f 3054/4528/2513 3055/4535/2520 3041/4524/2511
f 3041/4524/2511 3055/4535/2520 3043/4522/2510
f 3029/4531/2516 3030/4536/2521 3081/4533/2518
f 3081/4533/2518 3030/4536/2521 3082/4537/2522
f 3081/4533/2518 3082/4537/2522 3068/4534/2519
f 3068/4534/2519 3082/4537/2522 3069/4538/2523
f 3068/4534/2519 3069/4538/2523 3055/4535/2520
f 3055/4535/2520 3069/4538/2523 3056/4539/2524
f 3055/4535/2520 3056/4539/2524 3043/4522/2510
f 3043/4522/2510 3056/4539/2524 3044/4521/2509
f 3030/4536/2521 3031/4540/2525 3082/4537/2522
f 3069/4538/2523 3082/4537/2522 3070/4541/2526
f 3069/4538/2523 3070/4541/2526 3056/4539/2524
f 3056/4539/2524 3070/4541/2526 3057/4542/2527
f 3056/4539/2524 3057/4542/2527 3044/4521/2509
f 3044/4521/2509 3057/4542/2527 2906/4519/2414
f 3082/4537/2522 3031/4540/2525 3032/4543/2528
f 3072/4544/2529 3032/4543/2528 3033/4545/2530
f 3072/4544/2529 3033/4545/2530 3078/4546/2531
f 3078/4546/2531 3033/4545/2530 3034/4547/2532
f 3078/4546/2531 3034/4547/2532 3079/4548/2533
f 3079/4548/2533 3034/4547/2532 3035/4549/2534
f 3079/4548/2533 3035/4549/2534 3083/4550/2535
f 3083/4550/2535 3035/4549/2534 3036/4551/2536
f 3083/4550/2535 3036/4551/2536 3084/4552/2537
f 3084/4552/2537 3036/4551/2536 2979/4553/2488
f 2978/4554/2489 2977/4555/2485 3080/4556/2538
f 3080/4556/2538 2977/4555/2485 3085/4557/2539
f 3080/4556/2538 3085/4557/2539 3039/4558/2540
f 3080/4556/2538 3039/4558/2540 3077/4559/2541
f 3077/4559/2541 3039/4558/2540 3066/4560/2542
f 3066/4560/2542 3039/4558/2540 3040/4561/2543
f 3066/4560/2542 3040/4561/2543 3053/4501/2500
f 3053/4501/2500 3040/4561/2543 3042/4499/2499
f 2977/4555/2485 2743/4562/2314 3085/4557/2539
f 3085/4557/2539 2743/4562/2314 3037/4563/2544
f 3085/4557/2539 3037/4563/2544 3039/4558/2540
f 3039/4558/2540 3037/4563/2544 3040/4561/2543
f 3037/4563/2544 3038/4498/2498 3040/4561/2543
f 3040/4561/2543 3038/4498/2498 3042/4499/2499
f 3045/4518/2508 2906/4519/2414 3058/4564/2545
f 3058/4564/2545 2906/4519/2414 3057/4542/2527
f 3058/4564/2545 3057/4542/2527 3071/4565/2546
f 3071/4565/2546 3057/4542/2527 3070/4541/2526
f 3071/4565/2546 3070/4541/2526 3032/4543/2528
f 3032/4543/2528 3070/4541/2526 3082/4537/2522
f 3046/4516/2507 3045/4518/2508 3059/4566/2547
f 3059/4566/2547 3045/4518/2508 3058/4564/2545
f 3059/4566/2547 3058/4564/2545 3072/4544/2529
f 3072/4544/2529 3058/4564/2545 3071/4565/2546
f 3072/4544/2529 3071/4565/2546 3032/4543/2528
f 3047/4514/2506 3046/4516/2507 3060/4567/2548
f 3060/4567/2548 3046/4516/2507 3059/4566/2547
f 3060/4567/2548 3059/4566/2547 3072/4544/2529
f 3060/4567/2548 3072/4544/2529 3078/4546/2531
f 3048/4511/2505 3047/4514/2506 3061/4568/2549
f 3061/4568/2549 3047/4514/2506 3060/4567/2548
f 3061/4568/2549 3060/4567/2548 3079/4548/2533
f 3079/4548/2533 3060/4567/2548 3078/4546/2531
f 3049/4509/2504 3048/4511/2505 3062/4569/2550
f 3062/4569/2550 3048/4511/2505 3061/4568/2549
f 3062/4569/2550 3061/4568/2549 3073/4570/2551
f 3073/4570/2551 3061/4568/2549 3079/4548/2533
f 3073/4570/2551 3079/4548/2533 3083/4550/2535
f 3050/4507/2503 3049/4509/2504 3063/4571/2552
f 3063/4571/2552 3049/4509/2504 3062/4569/2550
f 3063/4571/2552 3062/4569/2550 3074/4572/2553
f 3074/4572/2553 3062/4569/2550 3073/4570/2551
f 3074/4572/2553 3073/4570/2551 3084/4552/2537
f 3084/4552/2537 3073/4570/2551 3083/4550/2535
f 3051/4505/2502 3050/4507/2503 3064/4573/2554
f 3064/4573/2554 3050/4507/2503 3063/4571/2552
f 3064/4573/2554 3063/4571/2552 3075/4574/2555
f 3075/4574/2555 3063/4571/2552 3074/4572/2553
f 3075/4574/2555 3074/4572/2553 2979/4553/2488
f 2979/4553/2488 3074/4572/2553 3084/4552/2537
f 3052/4503/2501 3051/4505/2502 3065/4575/2556
f 3065/4575/2556 3051/4505/2502 3064/4573/2554
f 3065/4575/2556 3064/4573/2554 3076/4576/2557
f 3076/4576/2557 3064/4573/2554 3075/4574/2555
f 3076/4576/2557 3075/4574/2555 2978/4554/2489
f 2978/4554/2489 3075/4574/2555 2979/4553/2488
f 3053/4501/2500 3052/4503/2501 3066/4560/2542
f 3066/4560/2542 3052/4503/2501 3065/4575/2556
f 3066/4560/2542 3065/4575/2556 3077/4559/2541
f 3077/4559/2541 3065/4575/2556 3076/4576/2557
f 3077/4559/2541 3076/4576/2557 3080/4556/2538
f 3080/4556/2538 3076/4576/2557 2978/4554/2489
f 2777/4577/2328 2776/4578/2326 2981/4579/2482
f 2981/4579/2482 2776/4578/2326 2745/4580/2316
f 2981/4579/2482 2745/4580/2316 2744/4581/2315
f 2778/4582/2330 2980/4583/2487 2979/4584/2488
f 2980/4583/2487 2778/4582/2330 2777/4577/2328
f 2980/4583/2487 2777/4577/2328 2981/4579/2482
f 2998/2622/2558 3086/546/1574 2999/2623/2559
f 2999/2623/2559 3086/546/1574 3087/544/2560
f 3029/4585/2516 3028/4586/2517 3097/4587/1
f 3097/4587/1 3028/4586/2517 2836/4588/1
f 3097/4587/1 2836/4588/1 2835/4589/1
f 3097/4587/1 2835/4589/1 2801/4337/1
f 2801/4337/1 2835/4589/1 2834/4590/1
f 2801/4337/1 2834/4590/1 2802/4339/1
f 2802/4339/1 2834/4590/1 2833/4591/1
f 2802/4339/1 2833/4591/1 2803/4340/1
f 2803/4340/1 2833/4591/1 2804/4341/1
f 2804/4341/1 2833/4591/1 2805/4342/1
f 2805/4342/1 2833/4591/1 2806/4344/1
f 2806/4344/1 2833/4591/1 2807/4346/1
f 2807/4346/1 2833/4591/1 2832/4592/1
f 2807/4346/1 2832/4592/1 3091/4593/1
f 3091/4593/1 2832/4592/1 2831/4594/1
f 3091/4593/1 2831/4594/1 2830/4595/1
f 2830/4595/1 2829/4596/918 3091/4593/1
f 3091/4593/1 2829/4596/918 3036/4597/2561
f 3091/4593/1 3036/4597/2561 3035/4598/1
f 2778/4599/2330 2979/4600/2488 2829/4596/918
f 2829/4596/918 2979/4600/2488 3036/4597/2561
f 3035/4598/1 3034/4601/1 3091/4593/1
f 3091/4593/1 3034/4601/1 3033/4602/918
f 3091/4593/1 3033/4602/918 2899/4235/918
f 2899/4235/918 3033/4602/918 3032/4603/2528
f 2899/4235/918 3032/4603/2528 2900/4237/1585
f 2900/4237/1585 3032/4603/2528 3031/4604/2525
f 2900/4237/1585 3031/4604/2525 2901/4223/1
f 2901/4223/1 3031/4604/2525 2890/4224/1
f 2890/4224/1 3031/4604/2525 2891/4225/1
f 2891/4225/1 3031/4604/2525 2892/4226/1
f 2892/4226/1 3031/4604/2525 3030/4605/1
f 2892/4226/1 3030/4605/1 2893/4228/918
f 2893/4228/918 3030/4605/1 3029/4585/2516
f 2893/4228/918 3029/4585/2516 3097/4587/1
f 2899/4235/918 2898/4234/1 3091/4593/1
f 3091/4593/1 2898/4234/1 3090/4606/1
f 3090/4606/1 2898/4234/1 2897/4233/1
f 3090/4606/1 2897/4233/1 3089/4607/1
f 3089/4607/1 2897/4233/1 2896/4232/1
f 3089/4607/1 2896/4232/1 3088/4608/1
f 3088/4608/1 2896/4232/1 3099/4609/1
f 3099/4609/1 2896/4232/1 2895/4231/1
f 3099/4609/1 2895/4231/1 3098/4610/1
f 3098/4610/1 2895/4231/1 2894/4230/1
f 3098/4610/1 2894/4230/1 3097/4587/1
f 3097/4587/1 2894/4230/1 2893/4228/918
f 2799/4334/1 2798/4332/1 3094/4611/1
f 3094/4611/1 2798/4332/1 2809/4331/1
f 3094/4611/1 2809/4331/1 3093/4612/1
f 3093/4612/1 2809/4331/1 2808/4347/1
f 3093/4612/1 2808/4347/1 3092/4613/1
f 3092/4613/1 2808/4347/1 3091/4593/1
f 3091/4593/1 2808/4347/1 2807/4346/1
f 2801/4337/1 2800/4336/1 3097/4587/1
f 3097/4587/1 2800/4336/1 3096/4614/1
f 3096/4614/1 2800/4336/1 3095/4615/1
f 3095/4615/1 2800/4336/1 2799/4334/1
f 3095/4615/1 2799/4334/1 3094/4611/1
f 2741/4616/150 3118/4617/2562 2973/4618/2563
f 2973/4618/2563 3118/4617/2562 3119/4619/2564
f 2973/4618/2563 3119/4619/2564 2974/4620/2479
f 2741/4616/150 2740/4621/2565 3118/4617/2562
f 3118/4617/2562 2740/4621/2565 3117/4622/2566
f 3117/4622/2566 2740/4621/2565 2739/4623/2567
f 3117/4622/2566 2739/4623/2567 3116/4624/2568
f 3116/4624/2568 2739/4623/2567 2738/4625/2569
f 3116/4624/2568 2738/4625/2569 3115/4626/2570
f 3115/4626/2570 2738/4625/2569 2737/4627/2571
f 3115/4626/2570 2737/4627/2571 3114/4628/2572
f 3114/4628/2572 2737/4627/2571 2736/4629/2573
f 3114/4628/2572 2736/4629/2573 3113/4630/2574
f 3113/4630/2574 2736/4629/2573 2735/4631/2575
f 3113/4630/2574 2735/4631/2575 3112/4632/2576
f 3112/4632/2576 2735/4631/2575 2734/4633/2577
f 3112/4632/2576 2734/4633/2577 3111/4634/2578
f 3111/4634/2578 2734/4633/2577 2733/4635/2579
f 3111/4634/2578 2733/4635/2579 3110/4636/2580
f 3110/4636/2580 2733/4635/2579 2732/4637/2581
f 3110/4636/2580 2732/4637/2581 3109/4638/2582
f 3109/4638/2582 2732/4637/2581 2731/4639/2583
f 3109/4638/2582 2731/4639/2583 3108/4640/2584
f 3108/4640/2584 2731/4639/2583 2730/4641/2585
f 3108/4640/2584 2730/4641/2585 3107/4642/2586
f 3107/4642/2586 2730/4641/2585 2729/4643/2587
f 3107/4642/2586 2729/4643/2587 3106/4644/2588
f 3106/4644/2588 2729/4643/2587 2728/4645/2589
f 3106/4644/2588 2728/4645/2589 3105/4646/2590
f 3105/4646/2590 2728/4645/2589 2727/4647/2591
f 3105/4646/2590 2727/4647/2591 3104/4648/2592
f 3104/4648/2592 2727/4647/2591 2726/4649/2593
f 3104/4648/2592 2726/4649/2593 3103/4650/2594
f 3103/4650/2594 2726/4649/2593 2725/4651/2595
f 3103/4650/2594 2725/4651/2595 3102/4652/2596
f 3102/4652/2596 2725/4651/2595 2724/4653/2597
f 3102/4652/2596 2724/4653/2597 3101/4654/2598
f 3101/4654/2598 2724/4653/2597 2723/4655/2599
f 3101/4654/2598 2723/4655/2599 3100/4656/2600
f 3100/4656/2600 2723/4655/2599 2722/4657/2601
f 3123/2875/625 3089/1044/625 3122/2876/145
f 3122/2876/145 3089/1044/625 3088/1042/145
f 3122/2877/145 3088/1040/145 3133/2878/626
f 3133/2878/626 3088/1040/145 3099/1038/626
f 3133/2878/626 3099/1038/626 3132/2879/627
f 3132/2879/627 3099/1038/626 3098/1060/627
f 3132/2879/627 3098/1060/627 3131/2880/45
f 3131/2880/45 3098/1060/627 3097/1058/45
f 3131/2880/45 3097/1058/45 3130/2881/628
f 3130/2881/628 3097/1058/45 3096/1056/628
f 3130/2881/628 3096/1056/628 3129/2882/629
f 3129/2882/629 3096/1056/628 3095/1054/629
f 3129/2882/629 3095/1054/629 3128/2859/150
f 3128/2859/150 3095/1054/629 3094/55/150
f 3128/2859/150 3094/55/150 3127/2883/630
f 3127/2883/630 3094/55/150 3093/1052/630
f 3127/2883/630 3093/1052/630 3126/2884/631
f 3126/2884/631 3093/1052/630 3092/1050/631
f 3126/2884/631 3092/1050/631 3125/2885/128
f 3125/2885/128 3092/1050/631 3091/1048/128
f 3125/2885/128 3091/1048/128 3124/2886/632
f 3124/2886/632 3091/1048/128 3090/1046/632
f 3124/2886/632 3090/1046/632 3123/2875/625
f 3123/2875/625 3090/1046/632 3089/1044/625
f 3149/4658/2602 2742/4659/2313 3024/4660/2495
f 3149/4658/2602 3024/4660/2495 3148/4661/2603
f 3148/4661/2603 3024/4660/2495 3147/4662/2604
f 3147/4662/2604 3024/4660/2495 3163/4663/2605
f 3147/4662/2604 3163/4663/2605 3146/4664/2606
f 3146/4664/2606 3163/4663/2605 3162/4665/2607
f 3146/4664/2606 3162/4665/2607 3145/4666/2608
f 3145/4666/2608 3162/4665/2607 3161/4667/2609
f 3145/4666/2608 3161/4667/2609 3144/4668/2610
f 3144/4668/2610 3161/4667/2609 3160/4669/2611
f 3144/4668/2610 3160/4669/2611 3159/4670/2612
f 3159/4670/2612 3160/4669/2611 3020/4671/2613
f 3159/4670/2612 3020/4671/2613 3019/4672/2614
f 2742/4659/2313 3025/4673/2312 3024/4660/2495
f 3024/4660/2495 3023/4674/2497 3163/4663/2605
f 3163/4663/2605 3023/4674/2497 3022/4675/2615
f 3163/4663/2605 3022/4675/2615 3162/4665/2607
f 3162/4665/2607 3022/4675/2615 3161/4667/2609
f 3022/4675/2615 3021/4676/2616 3161/4667/2609
f 3161/4667/2609 3021/4676/2616 3160/4669/2611
f 3021/4676/2616 3020/4671/2613 3160/4669/2611
f 3018/4677/2617 3157/4678/2618 3019/4672/2614
f 3019/4672/2614 3157/4678/2618 3158/4679/2619
f 3019/4672/2614 3158/4679/2619 3159/4670/2612
f 3159/4670/2612 3158/4679/2619 3143/4680/2620
f 3159/4670/2612 3143/4680/2620 3144/4668/2610
f 3157/4678/2618 3018/4677/2617 3156/4681/2621
f 3156/4681/2621 3018/4677/2617 3017/4682/2622
f 3156/4681/2621 3017/4682/2622 3155/4683/2623
f 3155/4683/2623 3017/4682/2622 3154/4684/2624
f 3154/4684/2624 3017/4682/2622 3016/4685/2625
f 3154/4684/2624 3016/4685/2625 3153/4686/2626
f 3153/4686/2626 3016/4685/2625 3152/4687/2627
f 3152/4687/2627 3016/4685/2625 3015/4688/2628
f 3152/4687/2627 3015/4688/2628 3151/4689/2629
f 3151/4689/2629 3015/4688/2628 3014/4690/2630
f 3151/4689/2629 3014/4690/2630 3150/4691/2631
f 3150/4691/2631 3014/4690/2630 3013/4389/2632
f 3013/4389/2632 3134/4692/2633 3150/4691/2631
f 3150/4691/2631 3134/4692/2633 3135/4693/2634
f 3150/4691/2631 3135/4693/2634 3151/4689/2629
f 3151/4689/2629 3135/4693/2634 3136/4694/2635
f 3151/4689/2629 3136/4694/2635 3152/4687/2627
f 3152/4687/2627 3136/4694/2635 3137/4695/2636
f 3152/4687/2627 3137/4695/2636 3153/4686/2626
f 3153/4686/2626 3137/4695/2636 3138/4696/2637
f 3153/4686/2626 3138/4696/2637 3154/4684/2624
f 3154/4684/2624 3138/4696/2637 3139/4697/2638
f 3154/4684/2624 3139/4697/2638 3155/4683/2623
f 3155/4683/2623 3139/4697/2638 3140/4698/2639
f 3155/4683/2623 3140/4698/2639 3156/4681/2621
f 3156/4681/2621 3140/4698/2639 3141/4699/2640
f 3156/4681/2621 3141/4699/2640 3157/4678/2618
f 3157/4678/2618 3141/4699/2640 3142/4700/2641
f 3157/4678/2618 3142/4700/2641 3158/4679/2619
f 3158/4679/2619 3142/4700/2641 3143/4680/2620
f 3149/4658/2602 2743/4701/2314 2742/4659/2313
f 3118/4702/2642 3191/4703/2643 3119/4704/2564
f 3119/4704/2564 3191/4703/2643 3192/4705/2644
f 3191/4703/2643 3118/4702/2642 3190/4706/2645
f 3190/4706/2645 3118/4702/2642 3117/4707/66
f 3190/4706/2645 3117/4707/66 3189/4708/66
f 3189/4708/66 3117/4707/66 3188/4709/2646
f 3188/4709/2646 3117/4707/66 3116/4710/2647
f 3188/4709/2646 3116/4710/2647 3187/4711/2648
f 3187/4711/2648 3116/4710/2647 3115/4712/2649
f 3187/4711/2648 3115/4712/2649 3186/4713/2650
f 3186/4713/2650 3115/4712/2649 3114/4714/2651
f 3186/4713/2650 3114/4714/2651 3185/4715/2652
f 3185/4715/2652 3114/4714/2651 3184/4716/2653
f 3184/4716/2653 3114/4714/2651 3113/4717/2654
f 3184/4716/2653 3113/4717/2654 3183/4718/2655
f 3183/4718/2655 3113/4717/2654 3112/4719/2656
f 3183/4718/2655 3112/4719/2656 3182/4720/2657
f 3182/4720/2657 3112/4719/2656 3111/4721/2658
f 3182/4720/2657 3111/4721/2658 3181/4722/2659
f 3181/4722/2659 3111/4721/2658 3180/4723/2660
f 3180/4723/2660 3111/4721/2658 3110/4724/2661
f 3180/4723/2660 3110/4724/2661 3179/4725/2662
f 3179/4725/2662 3110/4724/2661 3178/4726/2663
f 3178/4726/2663 3110/4724/2661 3109/4727/2664
f 3178/4726/2663 3109/4727/2664 3177/4728/2665
f 3177/4728/2665 3109/4727/2664 3176/4729/2666
f 3176/4729/2666 3109/4727/2664 3108/4730/66
f 3176/4729/2666 3108/4730/66 3175/4731/66
f 3175/4731/66 3108/4730/66 3174/4732/2667
f 3174/4732/2667 3108/4730/66 3107/4733/67
f 3174/4732/2667 3107/4733/67 3106/4734/2668
f 3174/4732/2667 3106/4734/2668 3173/4735/2669
f 3173/4735/2669 3106/4734/2668 3172/4736/2670
f 3172/4736/2670 3106/4734/2668 3105/4737/2671
f 3172/4736/2670 3105/4737/2671 3171/4738/2672
f 3171/4738/2672 3105/4737/2671 3170/4739/2673
f 3170/4739/2673 3105/4737/2671 3104/4740/2674
f 3170/4739/2673 3104/4740/2674 3169/4741/2675
f 3169/4741/2675 3104/4740/2674 3103/4742/2676
f 3169/4741/2675 3103/4742/2676 3168/4743/2677
f 3168/4743/2677 3103/4742/2676 3102/4744/2678
f 3168/4743/2677 3102/4744/2678 3167/4745/2679
f 3167/4745/2679 3102/4744/2678 3166/4746/2680
f 3166/4746/2680 3102/4744/2678 3101/4747/2681
f 3166/4746/2680 3101/4747/2681 3165/4748/2682
f 3165/4748/2682 3101/4747/2681 3164/4749/2683
f 3164/4749/2683 3101/4747/2681 3100/4750/2684
f 3193/4751/2685 3194/4752/2686 3213/4753/2687
f 3214/4754/2688 3038/4755/2498 3212/4756/2689
f 3222/4757/2690 3212/4756/2689 3237/4758/2691
f 3222/4757/2690 3237/4758/2691 3238/4759/2692
f 3239/4760/2693 3238/4759/2692 3146/4761/2606
f 3239/4760/2693 3146/4761/2606 3250/4762/2694
f 3250/4762/2694 3146/4761/2606 3145/4763/2608
f 3250/4762/2694 3145/4763/2608 3144/4764/2610
f 3194/4752/2686 3195/4765/2695 3213/4753/2687
f 3213/4753/2687 3195/4765/2695 3234/4766/2696
f 3195/4765/2695 3196/4767/2697 3234/4766/2696
f 3234/4766/2696 3196/4767/2697 3221/4768/2698
f 3196/4767/2697 3197/4769/2699 3221/4768/2698
f 3221/4768/2698 3197/4769/2699 3230/4770/2700
f 3230/4770/2700 3197/4769/2699 3235/4771/2701
f 3235/4771/2701 3197/4769/2699 3198/4772/2702
f 3235/4771/2701 3198/4772/2702 3236/4773/2703
f 3236/4773/2703 3198/4772/2702 3199/4774/2704
f 3236/4773/2703 3199/4774/2704 3200/4775/2705
f 3220/4776/2706 3200/4775/2705 3201/4777/2707
f 3220/4776/2706 3201/4777/2707 3202/4778/2708
f 3220/4776/2706 3202/4778/2708 3219/4779/2709
f 3219/4779/2709 3202/4778/2708 3203/4780/2710
f 3219/4779/2709 3203/4780/2710 3218/4781/2711
f 3218/4781/2711 3203/4780/2710 3204/4782/2712
f 3218/4781/2711 3204/4782/2712 3217/4783/2713
f 3217/4783/2713 3204/4782/2712 3205/4784/2714
f 3217/4783/2713 3205/4784/2714 3216/4785/2715
f 3216/4785/2715 3205/4784/2714 3206/4786/2716
f 3216/4785/2715 3206/4786/2716 3215/4787/2717
f 3215/4787/2717 3206/4786/2716 3207/4788/2718
f 3215/4787/2717 3207/4788/2718 3214/4754/2688
f 3214/4754/2688 3207/4788/2718 3208/4789/2719
f 3214/4754/2688 3208/4789/2719 3038/4755/2498
f 3038/4755/2498 3208/4789/2719 2918/4790/2418
f 3038/4755/2498 3037/4791/2544 3212/4756/2689
f 3212/4756/2689 3037/4791/2544 3211/4792/2720
f 3212/4756/2689 3211/4792/2720 3237/4758/2691
f 3238/4759/2692 3237/4758/2691 3147/4793/2604
f 3238/4759/2692 3147/4793/2604 3146/4761/2606
f 3237/4758/2691 3211/4792/2720 3148/4794/2603
f 3237/4758/2691 3148/4794/2603 3147/4793/2604
f 3211/4792/2720 3037/4791/2544 2743/4795/2314
f 3211/4792/2720 2743/4795/2314 3149/4796/2602
f 3211/4792/2720 3149/4796/2602 3148/4794/2603
f 3250/4762/2694 3144/4764/2610 3143/4797/2620
f 3251/4798/2721 3143/4797/2620 3142/4799/2641
f 3251/4798/2721 3142/4799/2641 3141/4800/2640
f 3141/4800/2640 3140/4801/2639 3139/4802/2638
f 3137/4803/2636 3252/4804/2722 3138/4805/2637
f 3139/4802/2638 3138/4805/2637 3244/4806/2723
f 3139/4802/2638 3244/4806/2723 3243/4807/2724
f 3225/4808/2725 3226/4809/2726 3218/4781/2711
f 3225/4808/2725 3218/4781/2711 3217/4783/2713
f 3136/4810/2635 3135/4811/2634 3248/4812/2727
f 3248/4812/2727 3135/4811/2634 3249/4813/2728
f 3248/4812/2727 3249/4813/2728 3232/4814/2729
f 3232/4814/2729 3249/4813/2728 3233/4815/2730
f 3232/4814/2729 3233/4815/2730 3234/4766/2696
f 3234/4766/2696 3233/4815/2730 3213/4753/2687
f 3135/4811/2634 3134/4816/2633 3209/4817/2731
f 3135/4811/2634 3209/4817/2731 3249/4813/2728
f 3249/4813/2728 3209/4817/2731 3233/4815/2730
f 3233/4815/2730 3209/4817/2731 3210/4818/2732
f 3233/4815/2730 3210/4818/2732 3213/4753/2687
f 3210/4818/2732 3193/4751/2685 3213/4753/2687
f 3212/4756/2689 3222/4757/2690 3214/4754/2688
f 3214/4754/2688 3222/4757/2690 3215/4787/2717
f 3222/4757/2690 3223/4819/2733 3215/4787/2717
f 3215/4787/2717 3223/4819/2733 3216/4785/2715
f 3223/4819/2733 3224/4820/2734 3216/4785/2715
f 3216/4785/2715 3224/4820/2734 3217/4783/2713
f 3224/4820/2734 3225/4808/2725 3217/4783/2713
f 3226/4809/2726 3242/4821/2735 3219/4779/2709
f 3219/4779/2709 3242/4821/2735 3220/4776/2706
f 3242/4821/2735 3227/4822/2736 3220/4776/2706
f 3220/4776/2706 3227/4822/2736 3200/4775/2705
f 3229/4823/2737 3246/4824/2738 3230/4770/2700
f 3230/4770/2700 3246/4824/2738 3231/4825/2739
f 3227/4822/2736 3228/4826/2740 3200/4775/2705
f 3200/4775/2705 3228/4826/2740 3236/4773/2703
f 3228/4826/2740 3229/4823/2737 3236/4773/2703
f 3236/4773/2703 3229/4823/2737 3235/4771/2701
f 3229/4823/2737 3230/4770/2700 3235/4771/2701
f 3230/4770/2700 3231/4825/2739 3221/4768/2698
f 3231/4825/2739 3232/4814/2729 3221/4768/2698
f 3221/4768/2698 3232/4814/2729 3234/4766/2696
f 3226/4809/2726 3219/4779/2709 3218/4781/2711
f 3223/4819/2733 3222/4757/2690 3238/4759/2692
f 3224/4820/2734 3223/4819/2733 3239/4760/2693
f 3239/4760/2693 3223/4819/2733 3238/4759/2692
f 3225/4808/2725 3224/4820/2734 3240/4827/2741
f 3240/4827/2741 3224/4820/2734 3239/4760/2693
f 3240/4827/2741 3239/4760/2693 3250/4762/2694
f 3226/4809/2726 3225/4808/2725 3241/4828/2742
f 3241/4828/2742 3225/4808/2725 3240/4827/2741
f 3241/4828/2742 3240/4827/2741 3143/4797/2620
f 3143/4797/2620 3240/4827/2741 3250/4762/2694
f 3226/4809/2726 3241/4828/2742 3242/4821/2735
f 3242/4821/2735 3241/4828/2742 3251/4798/2721
f 3242/4821/2735 3251/4798/2721 3243/4807/2724
f 3243/4807/2724 3251/4798/2721 3141/4800/2640
f 3243/4807/2724 3141/4800/2640 3139/4802/2638
f 3227/4822/2736 3242/4821/2735 3243/4807/2724
f 3228/4826/2740 3227/4822/2736 3244/4806/2723
f 3244/4806/2723 3227/4822/2736 3243/4807/2724
f 3229/4823/2737 3228/4826/2740 3245/4829/2743
f 3245/4829/2743 3228/4826/2740 3244/4806/2723
f 3245/4829/2743 3244/4806/2723 3138/4805/2637
f 3246/4824/2738 3229/4823/2737 3245/4829/2743
f 3246/4824/2738 3245/4829/2743 3252/4804/2722
f 3252/4804/2722 3245/4829/2743 3138/4805/2637
f 3231/4825/2739 3246/4824/2738 3247/4830/2744
f 3247/4830/2744 3246/4824/2738 3252/4804/2722
f 3247/4830/2744 3252/4804/2722 3137/4803/2636
f 3232/4814/2729 3231/4825/2739 3248/4812/2727
f 3248/4812/2727 3231/4825/2739 3247/4830/2744
f 3248/4812/2727 3247/4830/2744 3136/4810/2635
f 3136/4810/2635 3247/4830/2744 3137/4803/2636
f 3251/4798/2721 3241/4828/2742 3143/4797/2620
f 3253/4831/2745 3261/4832/128 3262/4833/128
f 3261/4832/128 3253/4831/2745 3260/4834/2745
f 3260/4834/2745 3253/4831/2745 2810/4835/2746
f 3260/4834/2745 2810/4835/2746 3259/4836/128
f 3259/4836/128 2810/4835/2746 2838/4837/128
f 3259/4836/128 2838/4837/128 3258/4838/2747
f 3258/4838/2747 2838/4837/128 2837/4839/2747
f 3258/4838/2747 2837/4839/2747 2836/4840/128
f 3258/4838/2747 2836/4840/128 3257/4841/128
f 3257/4841/128 2836/4840/128 3028/4842/128
f 3257/4841/128 3028/4842/128 3256/4843/128
f 3256/4843/128 3028/4842/128 3027/4844/128
f 3256/4843/128 3027/4844/128 3255/4845/128
f 3255/4845/128 3027/4844/128 3254/4846/2746
f 3254/4846/2746 3027/4844/128 3026/4847/2746
f 3254/4846/2746 3026/4847/2746 2902/4848/2748
f 3254/4846/2746 2902/4848/2748 2976/4849/2749
f 2976/4849/2749 2902/4848/2748 2705/4850/2276
f 2976/4849/2749 2705/4850/2276 2973/4851/128
f 2973/4851/128 2705/4850/2276 2741/4852/2278
f 2826/4853/2376 3263/4854/2750 2827/4855/2375
f 2827/4855/2375 3263/4854/2750 3295/4856/2751
f 2827/4855/2375 3295/4856/2751 3302/4857/2752
f 2827/4855/2375 3302/4857/2752 2828/4858/2373
f 2828/4858/2373 3302/4857/2752 3314/4859/2753
f 2828/4858/2373 3314/4859/2753 2945/4860/2472
f 2945/4860/2472 3314/4859/2753 3313/4861/2754
f 2945/4860/2472 3313/4861/2754 2946/4862/2473
f 2946/4862/2473 3313/4861/2754 3312/4863/2755
f 2946/4862/2473 3312/4863/2755 2947/4864/2474
f 2947/4864/2474 3312/4863/2755 3311/4865/2756
f 2947/4864/2474 3311/4865/2756 2948/4866/2475
f 2948/4866/2475 3311/4865/2756 3310/4867/2757
f 2948/4866/2475 3310/4867/2757 2949/4868/2476
f 2949/4868/2476 3310/4867/2757 3309/4869/2758
f 2949/4868/2476 3309/4869/2758 2950/4870/2477
f 2950/4870/2477 3309/4869/2758 3308/4871/2759
f 2950/4870/2477 3308/4871/2759 2951/4872/2457
f 2951/4872/2457 3308/4871/2759 3307/4873/2760
f 2951/4872/2457 3307/4873/2760 2952/4874/2455
f 2952/4874/2455 3307/4873/2760 3306/4875/2761
f 2952/4874/2455 3306/4875/2761 2953/4876/2453
f 2953/4876/2453 3306/4875/2761 3305/4877/2762
f 2953/4876/2453 3305/4877/2762 2954/4878/2450
f 2954/4878/2450 3305/4877/2762 3298/4879/2763
f 2954/4878/2450 3298/4879/2763 3297/4880/2764
f 2954/4878/2450 3297/4880/2764 2955/4881/2448
f 2955/4881/2448 3297/4880/2764 3304/4882/2765
f 2955/4881/2448 3304/4882/2765 2956/4883/2447
f 3303/4884/2766 2956/4883/2447 3283/4885/2767
f 3303/4884/2766 3283/4885/2767 3296/4886/2768
f 3296/4886/2768 3283/4885/2767 3282/4887/2769
f 3296/4886/2768 3282/4887/2769 3281/4888/2770
f 3281/4888/2770 3282/4887/2769 3277/4889/2771
f 3281/4888/2770 3277/4889/2771 3278/4890/2772
f 3263/4854/2750 3264/4891/2773 3295/4856/2751
f 3295/4856/2751 3264/4891/2773 3294/4892/2774
f 3295/4856/2751 3294/4892/2774 3302/4857/2752
f 3302/4857/2752 3294/4892/2774 3301/4893/2775
f 3302/4857/2752 3301/4893/2775 3314/4859/2753
f 3314/4859/2753 3301/4893/2775 3313/4861/2754
f 3264/4891/2773 3265/4894/2776 3294/4892/2774
f 3294/4892/2774 3265/4894/2776 3293/4895/2777
f 3294/4892/2774 3293/4895/2777 3301/4893/2775
f 3301/4893/2775 3293/4895/2777 3300/4896/2778
f 3301/4893/2775 3300/4896/2778 3313/4861/2754
f 3313/4861/2754 3300/4896/2778 3312/4863/2755
f 3265/4894/2776 3266/4897/2779 3293/4895/2777
f 3293/4895/2777 3266/4897/2779 3292/4898/2780
f 3293/4895/2777 3292/4898/2780 3300/4896/2778
f 3300/4896/2778 3292/4898/2780 3299/4899/2781
f 3300/4896/2778 3299/4899/2781 3312/4863/2755
f 3312/4863/2755 3299/4899/2781 3311/4865/2756
f 3292/4898/2780 3266/4897/2779 3291/4900/2782
f 3291/4900/2782 3266/4897/2779 3267/4901/2783
f 3291/4900/2782 3267/4901/2783 3290/4902/2784
f 3290/4902/2784 3267/4901/2783 3268/4903/2785
f 3290/4902/2784 3268/4903/2785 3289/4904/2786
f 3289/4904/2786 3268/4903/2785 3269/4905/2787
f 3289/4904/2786 3269/4905/2787 3288/4906/2788
f 3288/4906/2788 3269/4905/2787 3270/4907/2789
f 3288/4906/2788 3270/4907/2789 3287/4908/2790
f 3287/4908/2790 3270/4907/2789 3271/4909/2791
f 3287/4908/2790 3271/4909/2791 3286/4910/2792
f 3286/4910/2792 3271/4909/2791 3272/4911/2793
f 3273/4912/2794 3285/4913/2795 3297/4880/2764
f 3297/4880/2764 3285/4913/2795 3304/4882/2765
f 3273/4912/2794 3274/4914/2796 3285/4913/2795
f 3285/4913/2795 3274/4914/2796 3284/4915/2797
f 3285/4913/2795 3284/4915/2797 3304/4882/2765
f 3304/4882/2765 3284/4915/2797 2956/4883/2447
f 3274/4914/2796 3275/4916/2798 3284/4915/2797
f 3284/4915/2797 3275/4916/2798 3283/4885/2767
f 3284/4915/2797 3283/4885/2767 2956/4883/2447
f 3275/4916/2798 3276/4917/2799 3283/4885/2767
f 3283/4885/2767 3276/4917/2799 3282/4887/2769
f 3276/4917/2799 3277/4889/2771 3282/4887/2769
f 3278/4890/2772 3279/4918/2800 3281/4888/2770
f 3281/4888/2770 3279/4918/2800 3280/4919/2801
f 3281/4888/2770 3280/4919/2801 2958/4920/2478
f 2958/4920/2478 3280/4919/2801 2959/4921/2440
f 3296/4886/2768 2958/4920/2478 2957/4922/2443
f 3296/4886/2768 2957/4922/2443 3303/4884/2766
f 3303/4884/2766 2957/4922/2443 2956/4883/2447
f 2945/4860/2472 2746/4923/2317 2828/4858/2373
f 3272/4911/2793 3273/4912/2794 3298/4879/2763
f 3298/4879/2763 3273/4912/2794 3297/4880/2764
f 3286/4910/2792 3272/4911/2793 3298/4879/2763
f 3286/4910/2792 3298/4879/2763 3305/4877/2762
f 3287/4908/2790 3286/4910/2792 3306/4875/2761
f 3306/4875/2761 3286/4910/2792 3305/4877/2762
f 3288/4906/2788 3287/4908/2790 3307/4873/2760
f 3307/4873/2760 3287/4908/2790 3306/4875/2761
f 3289/4904/2786 3288/4906/2788 3308/4871/2759
f 3308/4871/2759 3288/4906/2788 3307/4873/2760
f 3290/4902/2784 3289/4904/2786 3309/4869/2758
f 3309/4869/2758 3289/4904/2786 3308/4871/2759
f 3299/4899/2781 3292/4898/2780 3291/4900/2782
f 3291/4900/2782 3290/4902/2784 3310/4867/2757
f 3310/4867/2757 3290/4902/2784 3309/4869/2758
f 2958/4920/2478 3296/4886/2768 3281/4888/2770
f 3311/4865/2756 3299/4899/2781 3291/4900/2782
f 3311/4865/2756 3291/4900/2782 3310/4867/2757
f 2610/4126/66 2607/4094/66 2611/4127/66
f 2611/4127/66 2607/4094/66 2606/4093/66
f 2611/4127/66 2606/4093/66 2772/761/66
f 2772/761/66 2606/4093/66 2773/764/66
f 2773/764/66 2606/4093/66 2774/4924/66
f 2774/4924/66 2606/4093/66 2619/4095/66
f 2774/4924/66 2619/4095/66 2552/4029/66
f 2774/4924/66 2552/4029/66 2775/768/66
f 2775/768/66 2552/4029/66 2545/4027/66
f 2775/768/66 2545/4027/66 2769/4925/66
f 2769/4925/66 2545/4027/66 2548/4035/122
f 2769/4925/66 2548/4035/122 2770/756/66
f 2770/756/66 2548/4035/122 2563/4037/66
f 2770/756/66 2563/4037/66 2703/4125/66
f 2770/756/66 2703/4125/66 2771/4926/66
f 2771/4926/66 2703/4125/66 2611/4127/66
f 2771/4926/66 2611/4127/66 2772/761/66
f 2635/4124/66 3332/4927/66 2610/4126/66
f 2610/4126/66 3332/4927/66 3333/4928/66
f 2610/4126/66 3333/4928/66 3327/4929/66
f 2634/4122/66 2640/4135/66 2635/4124/66
f 2635/4124/66 2640/4135/66 3332/4927/66
f 2628/4121/70 2631/4130/70 2634/4122/66
f 2634/4122/66 2631/4130/70 2641/4133/66
f 2634/4122/66 2641/4133/66 2640/4135/66
f 2600/4930/2802 2599/4931/2803 2628/4121/70
f 2628/4121/70 2599/4931/2803 2631/4130/70
f 3332/4927/66 2640/4135/66 3331/457/66
f 3331/457/66 2640/4135/66 2639/4137/66
f 3331/457/66 2639/4137/66 3330/460/66
f 3330/460/66 2639/4137/66 2648/4138/66
f 3330/460/66 2648/4138/66 3329/463/66
f 3329/463/66 2648/4138/66 2667/4140/66
f 3329/463/66 2667/4140/66 3328/4932/66
f 3328/4932/66 2667/4140/66 2625/4096/66
f 3328/4932/66 2625/4096/66 2607/4094/66
f 3328/4932/66 2607/4094/66 3327/4929/66
f 3327/4929/66 2607/4094/66 2610/4126/66
f 2648/4138/66 2639/4137/66 2649/4139/66
f 2649/4139/66 2639/4137/66 2652/4136/66
f 2649/4139/66 2652/4136/66 3318/593/66
f 3318/593/66 2652/4136/66 3326/4933/66
f 3326/4933/66 2652/4136/66 3325/4934/66
f 3325/4934/66 2652/4136/66 2661/4134/66
f 3325/4934/66 2661/4134/66 3324/598/66
f 3324/598/66 2661/4134/66 2685/4163/66
f 3324/598/66 2685/4163/66 3323/4935/66
f 3323/4935/66 2685/4163/66 2676/4165/122
f 3323/4935/66 2676/4165/122 3322/602/66
f 3322/602/66 2676/4165/122 2678/4936/66
f 3322/602/66 2678/4936/66 3321/4937/66
f 3321/4937/66 2678/4936/66 3316/4938/66
f 3321/4937/66 3316/4938/66 3320/4939/66
f 3320/4939/66 3316/4938/66 2653/4141/66
f 3320/4939/66 2653/4141/66 3319/4940/66
f 3319/4940/66 2653/4141/66 2649/4139/66
f 3319/4940/66 2649/4139/66 3318/593/66
f 2661/4134/66 2660/4132/66 2685/4163/66
f 2685/4163/66 2660/4132/66 2686/4156/66
f 2686/4156/66 2660/4132/66 2671/4157/66
f 2671/4157/66 2660/4132/66 2659/4131/66
f 2671/4157/66 2659/4131/66 2591/4941/2804
f 2591/4941/2804 2659/4131/66 2592/4942/2804
f 2676/4165/122 2673/4943/2258 2678/4936/66
f 2678/4936/66 2673/4943/2258 2672/4944/66
f 3316/4938/66 3317/4945/66 2653/4141/66
f 2653/4141/66 3317/4945/66 2654/4143/66
f 2654/4143/66 3317/4945/66 2655/4145/66
f 2655/4145/66 3317/4945/66 2699/4946/66
f 2655/4145/66 2699/4946/66 2697/4947/2269
f 2697/4947/2269 2694/4948/2273 2693/4949/66
f 2697/4947/2269 2693/4949/66 2701/4146/66
f 2701/4146/66 2693/4949/66 2702/4147/66
f 2702/4147/66 2693/4949/66 2687/4101/66
f 2702/4147/66 2687/4101/66 2627/4100/66
f 2693/4949/66 2691/4950/66 2687/4101/66
f 2687/4101/66 2691/4950/66 2688/4102/66
f 2688/4102/66 2691/4950/66 2689/4032/2269
f 2688/4102/66 2689/4032/2269 2554/4033/66
f 2691/4950/66 2690/4951/2267 2689/4032/2269
f 2553/4031/66 2618/4097/66 2554/4033/66
f 2554/4033/66 2618/4097/66 2617/4099/66
f 2554/4033/66 2617/4099/66 2688/4102/66
f 2553/4031/66 2552/4029/66 2618/4097/66
f 2618/4097/66 2552/4029/66 2619/4095/66
f 2544/4952/66 2549/4953/2198 2545/4027/66
f 2545/4027/66 2549/4953/2198 2548/4035/122
f 2563/4037/66 2562/4039/66 2703/4125/66
f 2703/4125/66 2562/4039/66 2704/4123/66
f 2704/4123/66 2562/4039/66 2577/4120/70
f 2577/4120/70 2562/4039/66 2561/4041/70
f 2577/4120/70 2561/4041/70 2573/4954/2805
f 2573/4954/2805 2561/4041/70 2580/4955/2806
f 2626/4098/66 2666/4142/66 2627/4100/66
f 2627/4100/66 2666/4142/66 2665/4144/66
f 2627/4100/66 2665/4144/66 2702/4147/66
f 2626/4098/66 2625/4096/66 2666/4142/66
f 2666/4142/66 2625/4096/66 2667/4140/66
f 2701/4146/66 2655/4145/66 2697/4947/2269
f 3120/416/2491 3334/4956/2807 3121/4957/2493
f 3121/4957/2493 3334/4956/2807 3335/4958/2808
f 3337/4959/1 3338/4960/2809 3340/55/1
f 3340/55/1 3338/4960/2809 3339/2788/2810
f 3342/4961/2811 2877/4962/2402 3341/4963/2812
f 3341/4963/2812 2877/4962/2402 2876/4964/2404
f 3315/4965/2813 3343/4966/2814 3257/4967/2815
f 3257/4967/2815 3343/4966/2814 3258/4968/2816
f 3258/4968/2816 3343/4966/2814 3344/4969/2817
f 3258/4968/2816 3344/4969/2817 3259/4970/2333
f 3259/4970/2333 3344/4969/2817 3345/4971/2818
f 3259/4970/2333 3345/4971/2818 3260/4972/2818
f 2748/4973/2408 2721/4974/2308 2720/4975/2306
f 2713/4976/2292 2712/4977/2290 3355/4978/2819
f 3355/4978/2819 2712/4977/2290 2918/4979/2418
f 3355/4978/2819 2918/4979/2418 3208/4980/2719
f 3355/4978/2819 3208/4980/2719 3207/4981/2718
f 3355/4978/2819 3207/4981/2718 3354/4982/2820
f 3354/4982/2820 3207/4981/2718 3206/4983/2716
f 3354/4982/2820 3206/4983/2716 3205/4984/2714
f 3354/4982/2820 3205/4984/2714 3353/4985/2821
f 3353/4985/2821 3205/4984/2714 3204/4986/2712
f 3353/4985/2821 3204/4986/2712 3203/4987/2710
f 3353/4985/2821 3203/4987/2710 3352/4988/2822
f 3352/4988/2822 3203/4987/2710 3202/4989/2708
f 3352/4988/2822 3202/4989/2708 3201/4990/2707
f 3201/4990/2707 3200/4991/2705 3351/4992/2823
f 3351/4992/2823 3200/4991/2705 3199/4993/2704
f 3351/4992/2823 3199/4993/2704 3350/4994/2824
f 3350/4994/2824 3199/4993/2704 3198/4995/2702
f 3350/4994/2824 3198/4995/2702 3197/4996/2699
f 3350/4994/2824 3197/4996/2699 3349/4997/2825
f 3349/4997/2825 3197/4996/2699 3196/4998/2697
f 3349/4997/2825 3196/4998/2697 3348/4999/2826
f 3348/4999/2826 3196/4998/2697 3195/5000/2695
f 3348/4999/2826 3195/5000/2695 3347/5001/2827
f 3347/5001/2827 3195/5000/2695 3194/5002/2686
f 3347/5001/2827 3194/5002/2686 3193/5003/2685
f 3193/5003/2685 3346/5004/2828 3347/5001/2827
f 3347/5001/2827 3346/5004/2828 2720/4975/2306
f 3347/5001/2827 2720/4975/2306 3348/4999/2826
f 3348/4999/2826 2720/4975/2306 3349/4997/2825
f 3349/4997/2825 2720/4975/2306 2719/5005/2303
f 3349/4997/2825 2719/5005/2303 3350/4994/2824
f 3350/4994/2824 2719/5005/2303 3351/4992/2823
f 3351/4992/2823 2719/5005/2303 2718/5006/2301
f 3351/4992/2823 2718/5006/2301 3201/4990/2707
f 3201/4990/2707 2718/5006/2301 2717/5007/2299
f 3201/4990/2707 2717/5007/2299 3352/4988/2822
f 3352/4988/2822 2717/5007/2299 2716/5008/2297
f 3352/4988/2822 2716/5008/2297 3353/4985/2821
f 3353/4985/2821 2716/5008/2297 2715/5009/2295
f 3353/4985/2821 2715/5009/2295 3354/4982/2820
f 3354/4982/2820 2715/5009/2295 2714/5010/2293
f 3354/4982/2820 2714/5010/2293 3355/4978/2819
f 3355/4978/2819 2714/5010/2293 2713/4976/2292
f 3346/5004/2828 2748/4973/2408 2720/4975/2306
f 2976/55/2480 2975/5011/2481 3254/5012/2829
f 3356/5013/2830 3357/5014/2831 2985/5015/2492
f 2985/5015/2492 3357/5014/2831 2986/5016/2832
f 2986/5016/2832 3357/5014/2831 3358/5017/2833
f 2986/5016/2832 3358/5017/2833 2987/5018/2834
f 2987/5018/2834 3358/5017/2833 3359/5019/1554
f 2987/5018/2834 3359/5019/1554 2988/5020/1554
f 2988/5020/1554 3359/5019/1554 3360/5021/1556
f 2988/5020/1554 3360/5021/1556 2989/5022/2835
f 2989/5022/2835 3360/5021/1556 3361/5023/2836
f 2989/5022/2835 3361/5023/2836 2990/5024/2837
f 2990/5024/2837 3361/5023/2836 3362/5025/2838
f 2990/5024/2837 3362/5025/2838 2991/5026/2839
f 2991/5026/2839 3362/5025/2838 3363/5027/1562
f 2991/5026/2839 3363/5027/1562 2992/5028/2840
f 2992/5028/2840 3363/5027/1562 3364/5029/1564
f 2992/5028/2840 3364/5029/1564 2993/5030/1564
f 2993/5030/1564 3364/5029/1564 3365/5031/1566
f 2993/5030/1564 3365/5031/1566 2994/5032/1566
f 2994/5032/1566 3365/5031/1566 3366/5033/1568
f 2994/5032/1566 3366/5033/1568 2995/5034/1568
f 2995/5034/1568 3366/5033/1568 3367/5035/1569
f 2995/5034/1568 3367/5035/1569 2996/5036/1569
f 2996/5036/1569 3367/5035/1569 3368/5037/1570
f 2996/5036/1569 3368/5037/1570 2997/5038/2841
f 2997/5038/2841 3368/5037/1570 3369/5039/2842
f 2997/5038/2841 3369/5039/2842 2998/5040/2558
f 2998/5040/2558 3369/5039/2842 3086/5041/1574
f 2811/5042/2336 2810/5043/2334 2812/5044/2338
f 2814/5045/2342 2813/5046/2340 2815/5047/2343
f 2824/5048/2368 2823/5049/2366 2825/5050/2374
f 2812/5044/2338 2810/5043/2334 3378/5051/2843
f 3378/5051/2843 2810/5043/2334 3253/5052/2844
f 3378/5051/2843 3253/5052/2844 3370/5053/2845
f 3378/5051/2843 3370/5053/2845 3379/5054/2846
f 3379/5054/2846 3370/5053/2845 3371/5055/2847
f 3379/5054/2846 3371/5055/2847 3380/5056/2848
f 3380/5056/2848 3371/5055/2847 3381/5057/2849
f 3381/5057/2849 3371/5055/2847 3372/5058/2850
f 3381/5057/2849 3372/5058/2850 3382/5059/2851
f 3382/5059/2851 3372/5058/2850 3383/5060/2852
f 3383/5060/2852 3372/5058/2850 3373/5061/2853
f 3383/5060/2852 3373/5061/2853 3384/5062/2854
f 3384/5062/2854 3373/5061/2853 3385/5063/2855
f 3385/5063/2855 3373/5061/2853 3374/5064/2856
f 3385/5063/2855 3374/5064/2856 3386/5065/2857
f 3386/5065/2857 3374/5064/2856 3387/5066/2858
f 3387/5066/2858 3374/5064/2856 3375/5067/2859
f 3387/5066/2858 3375/5067/2859 3388/5068/2860
f 3388/5068/2860 3375/5067/2859 3376/5069/2861
f 3388/5068/2860 3376/5069/2861 3389/5070/2862
f 3389/5070/2862 3376/5069/2861 3377/5071/2863
f 3389/5070/2862 3377/5071/2863 2826/5072/2376
f 3389/5070/2862 2826/5072/2376 2825/5050/2374
f 2813/5046/2340 2812/5044/2338 3378/5051/2843
f 2815/5047/2343 2813/5046/2340 3379/5054/2846
f 3379/5054/2846 2813/5046/2340 3378/5051/2843
f 2815/5047/2343 3379/5054/2846 3380/5056/2848
f 2816/5073/2345 2815/5047/2343 3380/5056/2848
f 2816/5073/2345 3380/5056/2848 3381/5057/2849
f 2817/5074/2359 2816/5073/2345 3381/5057/2849
f 2817/5074/2359 3381/5057/2849 3382/5059/2851
f 2818/5075/2361 2817/5074/2359 3382/5059/2851
f 2818/5075/2361 3382/5059/2851 3383/5060/2852
f 2819/5076/2362 2818/5075/2361 3383/5060/2852
f 2819/5076/2362 3383/5060/2852 3384/5062/2854
f 2820/5077/2357 2819/5076/2362 3384/5062/2854
f 2820/5077/2357 3384/5062/2854 3385/5063/2855
f 2821/5078/2358 2820/5077/2357 3385/5063/2855
f 2821/5078/2358 3385/5063/2855 3386/5065/2857
f 2822/5079/2364 2821/5078/2358 3386/5065/2857
f 2822/5079/2364 3386/5065/2857 3387/5066/2858
f 2823/5049/2366 2822/5079/2364 3387/5066/2858
f 2823/5049/2366 3387/5066/2858 3388/5068/2860
f 2825/5050/2374 2823/5049/2366 3388/5068/2860
f 2825/5050/2374 3388/5068/2860 3389/5070/2862
f 2464/5080/2113 2443/5081/2112 2531/5082/2194
f 2531/5082/2194 2443/5081/2112 3336/5083/2864
f 2748/5084/2408 3346/5085/2828 3193/5086/2747
f 2748/5084/2408 3193/5086/2747 2880/5087/128
f 2880/5087/128 3193/5086/2747 3210/5088/128
f 2880/5087/128 3210/5088/128 2881/5089/128
f 2881/5089/128 3210/5088/128 3209/5090/128
f 2881/5089/128 3209/5090/128 2876/5091/128
f 2876/5091/128 3209/5090/128 3134/5092/2747
f 2876/5091/128 3134/5092/2747 3341/5093/2865
f 3341/5093/2865 3134/5092/2747 3013/5094/2866
f 3341/5093/2865 3013/5094/2866 3012/5095/2867
f 3345/5096/2868 3390/5097/2869 3260/5098/1
f 3260/5098/1 3390/5097/2869 3261/5099/1
f 3391/5100/2870 3392/5101/2871 3412/5102/2872
f 3412/5102/2872 3392/5101/2871 3411/5103/37
f 3411/5103/37 3392/5101/2871 3410/5104/1607
f 3410/5104/1607 3392/5101/2871 3393/5105/2873
f 3410/5104/1607 3393/5105/2873 3409/5106/37
f 3409/5106/37 3393/5105/2873 3394/5107/2874
f 3409/5106/37 3394/5107/2874 3408/5108/1607
f 3408/5108/1607 3394/5107/2874 3407/5109/1607
f 3407/5109/1607 3394/5107/2874 3395/5110/2875
f 3407/5109/1607 3395/5110/2875 3406/5111/1
f 3406/5111/1 3395/5110/2875 3396/5112/2876
f 3406/5111/1 3396/5112/2876 3405/5113/2877
f 3405/5113/2877 3396/5112/2876 3397/5114/2878
f 3405/5113/2877 3397/5114/2878 3377/5115/2863
f 3405/5113/2877 3377/5115/2863 3404/5116/2879
f 3404/5116/2879 3377/5115/2863 3376/5117/2861
f 3376/5117/2861 3375/5118/2859 3404/5116/2879
f 3404/5116/2879 3375/5118/2859 3374/5119/2856
f 3404/5116/2879 3374/5119/2856 3403/5120/1
f 3403/5120/1 3374/5119/2856 3373/5121/2853
f 3403/5120/1 3373/5121/2853 3402/5122/1
f 3402/5122/1 3373/5121/2853 3372/5123/2850
f 3402/5122/1 3372/5123/2850 3401/5124/1
f 3401/5124/1 3372/5123/2850 3400/5125/1
f 3400/5125/1 3372/5123/2850 3371/5126/2847
f 3400/5125/1 3371/5126/2847 3399/5127/4
f 3399/5127/4 3371/5126/2847 3370/5128/2845
f 3399/5127/4 3370/5128/2845 3398/5129/2880
f 3398/5129/2880 3370/5128/2845 3262/5130/2881
f 3262/5130/2881 3370/5128/2845 3253/5131/2844
f 2879/5132/2406 2721/5133/2308 2748/5134/2408
f 2721/5135/2308 3164/5136/2683 2722/5137/2309
f 2722/5137/2309 3164/5136/2683 3100/5138/2684
f 3164/5136/2683 2721/5135/2308 3444/5139/2882
f 3444/5139/2882 2721/5135/2308 2879/5140/2883
f 3444/5139/2882 2879/5140/2883 3413/5141/2884
f 3413/5141/2884 2879/5140/2883 2878/5142/2885
f 3413/5141/2884 2878/5142/2885 3336/5143/2864
f 3336/5143/2864 2878/5142/2885 2877/5144/2886
f 3336/5143/2864 2877/5144/2886 2531/5145/2194
f 2531/5145/2194 2877/5144/2886 3342/55/2887
f 3392/5146/2871 3391/5147/2870 3414/5148/2888
f 3392/5146/2871 3414/5148/2888 3415/5149/2889
f 3392/5146/2871 3415/5149/2889 3393/5150/2873
f 3393/5150/2873 3415/5149/2889 3416/5151/2890
f 3393/5150/2873 3416/5151/2890 3394/5152/2874
f 3394/5152/2874 3416/5151/2890 3417/5153/2891
f 3394/5152/2874 3417/5153/2891 3418/5154/2892
f 3394/5152/2874 3418/5154/2892 3395/5155/2875
f 3395/5155/2875 3418/5154/2892 3419/5156/2893
f 3395/5155/2875 3419/5156/2893 3396/5157/2876
f 3396/5157/2876 3419/5156/2893 3420/5158/2894
f 3396/5157/2876 3420/5158/2894 3421/5159/2895
f 3396/5157/2876 3421/5159/2895 3397/5160/2878
f 3397/5160/2878 3421/5159/2895 3422/5161/2896
f 3397/5160/2878 3422/5161/2896 3423/5162/2897
f 3397/5160/2878 3423/5162/2897 3377/5163/2863
f 3391/5147/2870 3278/5164/2772 3414/5148/2888
f 3377/5163/2863 3423/5162/2897 2826/5165/2376
f 2826/5165/2376 3423/5162/2897 3263/5166/2750
f 3264/5167/2773 3263/5166/2750 3265/5168/2776
f 3267/5169/2783 3266/5170/2779 3268/5171/2785
f 3270/5172/2789 3269/5173/2787 3271/5174/2791
f 3273/5175/2794 3272/5176/2793 3274/5177/2796
f 3275/5178/2798 3274/5177/2796 3276/5179/2799
f 3278/5164/2772 3277/5180/2771 3414/5148/2888
f 3415/5149/2889 3414/5148/2888 3277/5180/2771
f 3416/5151/2890 3415/5149/2889 3276/5179/2799
f 3276/5179/2799 3415/5149/2889 3277/5180/2771
f 3417/5153/2891 3416/5151/2890 3274/5177/2796
f 3274/5177/2796 3416/5151/2890 3276/5179/2799
f 3418/5154/2892 3417/5153/2891 3272/5176/2793
f 3272/5176/2793 3417/5153/2891 3274/5177/2796
f 3419/5156/2893 3418/5154/2892 3271/5174/2791
f 3271/5174/2791 3418/5154/2892 3272/5176/2793
f 3420/5158/2894 3419/5156/2893 3269/5173/2787
f 3269/5173/2787 3419/5156/2893 3271/5174/2791
f 3421/5159/2895 3420/5158/2894 3268/5171/2785
f 3268/5171/2785 3420/5158/2894 3269/5173/2787
f 3422/5161/2896 3421/5159/2895 3266/5170/2779
f 3266/5170/2779 3421/5159/2895 3268/5171/2785
f 3423/5162/2897 3422/5161/2896 3265/5168/2776
f 3265/5168/2776 3422/5161/2896 3266/5170/2779
f 3263/5166/2750 3423/5162/2897 3265/5168/2776
f 3326/2864/2898 2883/5181/2899 3318/2836/968
f 3318/2836/968 2883/5181/2899 2882/2837/1690
f 3318/2838/968 2882/2839/1690 3319/5182/1689
f 3319/5182/1689 2882/2839/1690 2889/5183/1688
f 3319/5182/1689 2889/5183/1688 3320/2854/1687
f 3320/2854/1687 2889/5183/1688 2888/2855/316
f 3320/2854/1687 2888/2855/316 3321/5184/317
f 3321/5184/317 2888/2855/316 2887/5185/318
f 3321/5184/317 2887/5185/318 3322/2858/319
f 3322/2858/319 2887/5185/318 2886/2859/320
f 3322/2858/319 2886/2859/320 3323/5186/321
f 3323/5186/321 2886/2859/320 2885/5187/322
f 3323/5186/321 2885/5187/322 3324/5188/323
f 3324/5188/323 2885/5187/322 2884/5189/324
f 3324/5188/323 2884/5189/324 3325/5190/325
f 3325/5190/325 2884/5189/324 3326/2864/2898
f 3326/2864/2898 2884/5189/324 2883/5181/2899
f 3278/5191/2900 3340/5192/2901 3424/5193/128
f 3278/5191/2900 3424/5193/128 3279/5194/128
f 3279/5194/128 3424/5193/128 3425/5195/128
f 3279/5194/128 3425/5195/128 3280/5196/1329
f 3280/5196/1329 3425/5195/128 3334/5197/128
f 3280/5196/1329 3334/5197/128 2959/5198/128
f 2959/5198/128 3334/5197/128 3120/5199/2491
f 2959/5198/128 3120/5199/2491 2933/5200/2441
f 3340/5192/2901 3278/5191/2900 3391/5201/2866
f 3412/5202/128 3337/5203/128 3391/5201/2866
f 3391/5201/2866 3337/5203/128 3340/5192/2901
f 3262/5204/145 3261/5205/2902 3398/5206/2903
f 3398/5206/2903 3261/5205/2902 3427/5207/2904
f 3398/5206/2903 3427/5207/2904 3428/5208/2905
f 3427/5207/2904 3261/5205/2902 3426/5209/2906
f 3426/5209/2906 3261/5205/2902 3390/5210/2869
f 3398/5206/2903 3428/5208/2905 3399/5211/2907
f 3399/5211/2907 3428/5208/2905 3429/5212/2908
f 3399/5211/2907 3429/5212/2908 3400/5213/2909
f 3400/5213/2909 3429/5212/2908 3430/5214/2910
f 3400/5213/2909 3430/5214/2910 3401/5215/2911
f 3401/5215/2911 3430/5214/2910 3431/5216/2912
f 3401/5215/2911 3431/5216/2912 3402/5217/632
f 3402/5217/632 3431/5216/2912 3432/5218/2913
f 3402/5217/632 3432/5218/2913 3403/5219/2914
f 3403/5219/2914 3432/5218/2913 3433/5220/2915
f 3403/5219/2914 3433/5220/2915 3404/5221/2916
f 3404/5221/2916 3433/5220/2915 3434/5222/128
f 3404/5221/2916 3434/5222/128 3405/5223/2917
f 3405/5223/2917 3434/5222/128 3435/5224/2918
f 3405/5223/2917 3435/5224/2918 3406/5225/2919
f 3406/5225/2919 3435/5224/2918 3436/5226/2920
f 3406/5225/2919 3436/5226/2920 3407/5227/631
f 3407/5227/631 3436/5226/2920 3437/5228/2921
f 3407/5227/631 3437/5228/2921 3408/5229/2922
f 3408/5229/2922 3437/5228/2921 3438/5230/2923
f 3408/5229/2922 3438/5230/2923 3409/5231/2924
f 3409/5231/2924 3438/5230/2923 3439/5232/2925
f 3409/5231/2924 3439/5232/2925 3410/5233/2926
f 3410/5233/2926 3439/5232/2925 3440/5234/2927
f 3410/5233/2926 3440/5234/2927 3411/5235/2928
f 3411/5235/2928 3440/5234/2927 3441/5236/2929
f 3411/5235/2928 3441/5236/2929 3412/5237/150
f 3412/5237/150 3441/5236/2929 3337/5238/2930
f 3337/5238/2930 3441/5236/2929 3442/5239/2931
f 3337/5238/2930 3442/5239/2931 3338/5240/2809
f 3445/5241/2932 3164/5242/2933 3444/5243/2882
f 3336/5244/2864 3443/5245/2934 3413/5246/2884
f 3334/5247/2807 3425/5248/2935 3335/5249/2808
f 3335/5249/2808 3425/5248/2935 3447/5250/2936
f 3447/5250/2936 3425/5248/2935 3424/5251/2937
f 3447/5250/2936 3424/5251/2937 3446/5252/2938
f 3446/5252/2938 3424/5251/2937 3340/5253/2939
f 3446/5252/2938 3340/5253/2939 3339/5254/2939
f 2999/5255/2559 3087/5256/2560 3448/5257/1639
f 2999/5255/2559 3448/5257/1639 3000/5258/1640
f 3000/5258/1640 3448/5257/1639 3449/5259/2940
f 3000/5258/1640 3449/5259/2940 3001/5260/2940
f 3001/5260/2940 3449/5259/2940 3450/5261/1642
f 3001/5260/2940 3450/5261/1642 3002/5262/1642
f 3002/5262/1642 3450/5261/1642 3451/5263/1643
f 3002/5262/1642 3451/5263/1643 3003/5264/1643
f 3003/5264/1643 3451/5263/1643 3452/5265/1644
f 3003/5264/1643 3452/5265/1644 3004/5266/1644
f 3004/5266/1644 3452/5265/1644 3453/5267/1645
f 3004/5266/1644 3453/5267/1645 3005/5268/1645
f 3005/5268/1645 3453/5267/1645 3454/5269/1646
f 3005/5268/1645 3454/5269/1646 3006/5270/1646
f 3006/5270/1646 3454/5269/1646 3455/5271/1647
f 3006/5270/1646 3455/5271/1647 3007/5272/1647
f 3007/5272/1647 3455/5271/1647 3456/5273/2941
f 3007/5272/1647 3456/5273/2941 3008/5274/1649
f 3008/5274/1649 3456/5273/2941 3457/5275/2942
f 3008/5274/1649 3457/5275/2942 3009/5276/2943
f 3009/5276/2943 3457/5275/2942 3458/5277/2944
f 3009/5276/2943 3458/5277/2944 3010/5278/2945
f 3010/5278/2945 3458/5277/2944 3459/5279/2946
f 3010/5278/2945 3459/5279/2946 3011/5280/2947
f 3011/5280/2947 3459/5279/2946 3341/55/2865
f 3011/5280/2947 3341/55/2865 3012/5281/2867
f 3256/5282/2948 3255/5283/2949 3460/5284/2950
f 3460/5284/2950 3255/5283/2949 3462/5285/2951
f 3462/5285/2951 3255/5283/2949 3254/5286/2829
f 3462/5285/2951 3254/5286/2829 3461/5287/2952
f 3461/5287/2952 3254/5286/2829 2975/5288/2481
f 3123/4607/1 3122/4608/1 3463/5289/1
f 3463/5289/1 3122/4608/1 3133/4609/1
f 3463/5289/1 3133/4609/1 3132/4610/1
f 3463/5289/1 3132/4610/1 3469/5290/1
f 3469/5290/1 3132/4610/1 3131/4587/1
f 3469/5290/1 3131/4587/1 3468/1341/1
f 3468/1341/1 3131/4587/1 3130/4614/1
f 3468/1341/1 3130/4614/1 3129/4615/1
f 3468/1341/1 3129/4615/1 3467/1335/1
f 3467/1335/1 3129/4615/1 3128/4611/1
f 3467/1335/1 3128/4611/1 3127/4612/1
f 3467/1335/1 3127/4612/1 3466/1336/1
f 3466/1336/1 3127/4612/1 3126/4613/1
f 3466/1336/1 3126/4613/1 3465/5291/1
f 3465/5291/1 3126/4613/1 3125/4593/1
f 3465/5291/1 3125/4593/1 3124/4606/1
f 3465/5291/1 3124/4606/1 3464/5292/1
f 3464/5292/1 3124/4606/1 3123/4607/1
f 3464/5292/1 3123/4607/1 3463/5289/1
f 3333/2864/295 3464/5181/296 3327/2836/297
f 3327/2836/297 3464/5181/296 3463/2837/298
f 3327/5293/297 3463/5294/298 3328/5295/299
f 3328/5295/299 3463/5294/298 3469/5296/300
f 3328/5295/299 3469/5296/300 3329/5297/301
f 3329/5297/301 3469/5296/300 3468/2874/302
f 3329/5297/301 3468/2874/302 3330/2858/303
f 3330/2858/303 3468/2874/302 3467/2859/304
f 3330/2858/303 3467/2859/304 3331/5298/305
f 3331/5298/305 3467/2859/304 3466/5299/306
f 3331/5298/305 3466/5299/306 3332/2872/307
f 3332/2872/307 3466/5299/306 3465/5300/308
f 3332/2872/307 3465/5300/308 3333/2864/295
f 3333/2864/295 3465/5300/308 3464/5181/296
f 3473/5301/2953 3474/5302/2954 3470/5303/2955
f 3471/5304/2956 3472/5305/2957 3192/5306/2958
f 3443/5307/2934 3336/5308/2864 3516/5309/2959
f 3516/5309/2959 3336/5308/2864 3625/5310/2960
f 3516/5309/2959 3625/5310/2960 3475/5311/2961
f 3516/5309/2959 3475/5311/2961 3503/5312/2962
f 3503/5312/2962 3475/5311/2961 3476/5313/2963
f 3503/5312/2962 3476/5313/2963 3502/5314/2964
f 3502/5314/2964 3476/5313/2963 3477/5315/2965
f 3502/5314/2964 3477/5315/2965 3501/5316/2966
f 3501/5316/2966 3477/5315/2965 3478/5317/2967
f 3501/5316/2966 3478/5317/2967 3500/5318/2968
f 3500/5318/2968 3478/5317/2967 3479/5319/2969
f 3500/5318/2968 3479/5319/2969 3480/5320/2970
f 3500/5318/2968 3480/5320/2970 3499/5321/2971
f 3499/5321/2971 3480/5320/2970 3481/5322/2972
f 3499/5321/2971 3481/5322/2972 3498/5323/2973
f 3498/5323/2973 3481/5322/2972 3482/5324/2974
f 3498/5323/2973 3482/5324/2974 3497/5325/2975
f 3497/5325/2975 3482/5324/2974 3483/5326/2976
f 3497/5325/2975 3483/5326/2976 3496/5327/2977
f 3496/5327/2977 3483/5326/2976 3484/5328/2978
f 3496/5327/2977 3484/5328/2978 3495/5329/2979
f 3495/5329/2979 3484/5328/2978 3485/5330/2980
f 3495/5329/2979 3485/5330/2980 3494/5331/2981
f 3494/5331/2981 3485/5330/2980 3486/5332/2982
f 3494/5331/2981 3486/5332/2982 3493/5333/2983
f 3493/5333/2983 3486/5332/2982 3635/5334/2984
f 3493/5333/2983 3635/5334/2984 3487/5335/2985
f 3487/5335/2985 3636/5336/2986 3489/5337/2987
f 3489/5337/2987 3636/5336/2986 3488/5338/2988
f 3489/5337/2987 3504/5339/2989 3487/5335/2985
f 3504/5339/2989 3489/5337/2987 3492/5340/2990
f 3492/5340/2990 3489/5337/2987 3490/5341/2991
f 3492/5340/2990 3490/5341/2991 3177/5342/2665
f 3492/5340/2990 3177/5342/2665 3523/5343/2992
f 3523/5343/2992 3177/5342/2665 3176/5344/2666
f 3523/5343/2992 3176/5344/2666 3175/5345/2993
f 3490/5341/2991 3178/5346/2663 3177/5342/2665
f 3523/5343/2992 3175/5345/2993 3524/5347/2994
f 3524/5347/2994 3175/5345/2993 3174/5348/2667
f 3524/5347/2994 3174/5348/2667 3525/5349/2995
f 3525/5349/2995 3174/5348/2667 3173/5350/2669
f 3169/5351/2675 3168/5352/2677 3526/5353/2996
f 3526/5353/2996 3168/5352/2677 3167/5354/2679
f 3445/5355/2932 3165/5356/2682 3164/5357/2933
f 3445/5355/2932 3444/5358/2882 3165/5356/2682
f 3165/5356/2682 3444/5358/2882 3491/5359/2997
f 3165/5356/2682 3491/5359/2997 3522/5360/2998
f 3521/5361/2999 3522/5360/2998 3514/5362/3000
f 3521/5361/2999 3514/5362/3000 3513/5363/3001
f 3513/5363/3001 3514/5362/3000 3501/5316/2966
f 3513/5363/3001 3501/5316/2966 3500/5318/2968
f 3491/5359/2997 3444/5358/2882 3413/5364/2884
f 3491/5359/2997 3413/5364/2884 3516/5309/2959
f 3516/5309/2959 3413/5364/2884 3443/5307/2934
f 3493/5333/2983 3487/5335/2985 3505/5365/3002
f 3505/5365/3002 3487/5335/2985 3504/5339/2989
f 3505/5365/3002 3504/5339/2989 3492/5340/2990
f 3505/5365/3002 3492/5340/2990 3523/5343/2992
f 3494/5331/2981 3493/5333/2983 3506/5366/3003
f 3506/5366/3003 3493/5333/2983 3505/5365/3002
f 3506/5366/3003 3505/5365/3002 3517/5367/3004
f 3517/5367/3004 3505/5365/3002 3524/5347/2994
f 3524/5347/2994 3505/5365/3002 3523/5343/2992
f 3495/5329/2979 3494/5331/2981 3507/5368/3005
f 3507/5368/3005 3494/5331/2981 3506/5366/3003
f 3507/5368/3005 3506/5366/3003 3518/5369/3006
f 3518/5369/3006 3506/5366/3003 3517/5367/3004
f 3518/5369/3006 3517/5367/3004 3525/5349/2995
f 3525/5349/2995 3517/5367/3004 3524/5347/2994
f 3496/5327/2977 3495/5329/2979 3508/5370/3007
f 3508/5370/3007 3495/5329/2979 3507/5368/3005
f 3508/5370/3007 3507/5368/3005 3519/5371/3008
f 3519/5371/3008 3507/5368/3005 3518/5369/3006
f 3519/5371/3008 3518/5369/3006 3525/5349/2995
f 3519/5371/3008 3525/5349/2995 3173/5350/2669
f 3497/5325/2975 3496/5327/2977 3509/5372/3009
f 3509/5372/3009 3496/5327/2977 3508/5370/3007
f 3509/5372/3009 3508/5370/3007 3520/5373/3010
f 3520/5373/3010 3508/5370/3007 3519/5371/3008
f 3520/5373/3010 3519/5371/3008 3172/5374/2670
f 3172/5374/2670 3519/5371/3008 3173/5350/2669
f 3498/5323/2973 3497/5325/2975 3510/5375/3011
f 3510/5375/3011 3497/5325/2975 3509/5372/3009
f 3510/5375/3011 3509/5372/3009 3520/5373/3010
f 3510/5375/3011 3520/5373/3010 3171/5376/2672
f 3171/5376/2672 3520/5373/3010 3172/5374/2670
f 3499/5321/2971 3498/5323/2973 3511/5377/3012
f 3511/5377/3012 3498/5323/2973 3510/5375/3011
f 3511/5377/3012 3510/5375/3011 3170/5378/2673
f 3170/5378/2673 3510/5375/3011 3171/5376/2672
f 3500/5318/2968 3499/5321/2971 3512/5379/3013
f 3512/5379/3013 3499/5321/2971 3511/5377/3012
f 3512/5379/3013 3511/5377/3012 3169/5351/2675
f 3169/5351/2675 3511/5377/3012 3170/5378/2673
f 3500/5318/2968 3512/5379/3013 3513/5363/3001
f 3522/5360/2998 3521/5361/2999 3166/5380/2680
f 3522/5360/2998 3166/5380/2680 3165/5356/2682
f 3502/5314/2964 3501/5316/2966 3514/5362/3000
f 3503/5312/2962 3502/5314/2964 3515/5381/3014
f 3515/5381/3014 3502/5314/2964 3514/5362/3000
f 3515/5381/3014 3514/5362/3000 3522/5360/2998
f 3516/5309/2959 3503/5312/2962 3515/5381/3014
f 3516/5309/2959 3515/5381/3014 3491/5359/2997
f 3491/5359/2997 3515/5381/3014 3522/5360/2998
f 3513/5363/3001 3512/5379/3013 3526/5353/2996
f 3526/5353/2996 3512/5379/3013 3169/5351/2675
f 3526/5353/2996 3167/5354/2679 3513/5363/3001
f 3513/5363/3001 3167/5354/2679 3521/5361/2999
f 3167/5354/2679 3166/5380/2680 3521/5361/2999
f 3315/2788/2813 3257/55/2815 3460/5382/1
f 3460/5382/1 3257/55/2815 3256/5383/1
f 3192/5384/2958 3191/5385/2643 3471/5386/2956
f 3471/5386/2956 3191/5385/2643 3472/5387/2957
f 3472/5387/2957 3191/5385/2643 3541/5388/3015
f 3541/5388/3015 3545/5389/3016 3563/5390/3017
f 3563/5390/3017 3545/5389/3016 3544/5391/3018
f 3563/5390/3017 3544/5391/3018 3564/5392/3019
f 3564/5392/3019 3544/5391/3018 3543/5393/3020
f 3564/5392/3019 3543/5393/3020 3559/5394/3021
f 3559/5394/3021 3543/5393/3020 3549/5395/3022
f 3540/5396/3023 3490/5397/2991 3489/5398/2987
f 3191/5385/2643 3190/5399/2645 3545/5389/3016
f 3191/5385/2643 3545/5389/3016 3541/5388/3015
f 3190/5399/2645 3189/5400/3024 3545/5389/3016
f 3545/5389/3016 3189/5400/3024 3544/5391/3018
f 3189/5400/3024 3188/5401/2646 3544/5391/3018
f 3544/5391/3018 3188/5401/2646 3543/5393/3020
f 3543/5393/3020 3188/5401/2646 3187/5402/2648
f 3543/5393/3020 3187/5402/2648 3549/5395/3022
f 3187/5402/2648 3186/5403/2650 3549/5395/3022
f 3549/5395/3022 3186/5403/2650 3557/5404/3025
f 3186/5403/2650 3185/5405/2652 3557/5404/3025
f 3557/5404/3025 3185/5405/2652 3556/5406/3026
f 3184/5407/2653 3183/5408/2655 3542/5409/3027
f 3542/5409/3027 3183/5408/2655 3182/5410/2657
f 3178/5411/2663 3490/5397/2991 3179/5412/2662
f 3179/5412/2662 3490/5397/2991 3540/5396/3023
f 3179/5412/2662 3540/5396/3023 3546/5413/3028
f 3540/5396/3023 3489/5398/2987 3550/5414/3029
f 3551/5415/3030 3550/5414/3029 3528/5416/3031
f 3551/5415/3030 3528/5416/3031 3529/5417/3032
f 3489/5398/2987 3488/5418/2988 3550/5414/3029
f 3550/5414/3029 3488/5418/2988 3527/5419/3033
f 3550/5414/3029 3527/5419/3033 3528/5416/3031
f 3530/5420/3034 3565/5421/3035 3529/5417/3032
f 3529/5417/3032 3565/5421/3035 3552/5422/3036
f 3529/5417/3032 3552/5422/3036 3551/5415/3030
f 3565/5421/3035 3530/5420/3034 3566/5423/3037
f 3566/5423/3037 3530/5420/3034 3531/5424/3038
f 3566/5423/3037 3531/5424/3038 3567/5425/3039
f 3567/5425/3039 3531/5424/3038 3532/5426/3040
f 3567/5425/3039 3532/5426/3040 3568/5427/3041
f 3568/5427/3041 3532/5426/3040 3533/5428/3042
f 3568/5427/3041 3533/5428/3042 3569/5429/3043
f 3569/5429/3043 3533/5428/3042 3534/5430/3044
f 3569/5429/3043 3534/5430/3044 3570/5431/3045
f 3570/5431/3045 3534/5430/3044 3535/5432/3046
f 3570/5431/3045 3535/5432/3046 3571/5433/3047
f 3571/5433/3047 3535/5432/3046 3536/5434/3048
f 3571/5433/3047 3536/5434/3048 3572/5435/3049
f 3572/5435/3049 3536/5434/3048 3537/5436/3050
f 3572/5435/3049 3537/5436/3050 3573/5437/3051
f 3573/5437/3051 3537/5436/3050 3538/5438/3052
f 3573/5437/3051 3538/5438/3052 3539/5439/3053
f 3539/5439/3053 3538/5438/3052 3474/5440/2954
f 3539/5439/3053 3474/5440/2954 3473/5307/2953
f 3470/5441/2955 3562/5442/3054 3473/5307/2953
f 3473/5307/2953 3562/5442/3054 3539/5439/3053
f 3562/5442/3054 3470/5441/2955 3541/5388/3015
f 3541/5388/3015 3470/5441/2955 3472/5387/2957
f 3179/5412/2662 3546/5413/3028 3180/5443/2660
f 3180/5443/2660 3546/5413/3028 3547/5444/3055
f 3180/5443/2660 3547/5444/3055 3181/5445/2659
f 3181/5445/2659 3547/5444/3055 3548/5446/3056
f 3181/5445/2659 3548/5446/3056 3182/5410/2657
f 3182/5410/2657 3548/5446/3056 3554/5447/3057
f 3182/5410/2657 3554/5447/3057 3542/5409/3027
f 3542/5409/3027 3554/5447/3057 3555/5448/3058
f 3542/5409/3027 3555/5448/3058 3184/5407/2653
f 3184/5407/2653 3555/5448/3058 3556/5406/3026
f 3184/5407/2653 3556/5406/3026 3185/5405/2652
f 3546/5413/3028 3540/5396/3023 3551/5415/3030
f 3551/5415/3030 3540/5396/3023 3550/5414/3029
f 3547/5444/3055 3546/5413/3028 3552/5422/3036
f 3552/5422/3036 3546/5413/3028 3551/5415/3030
f 3548/5446/3056 3547/5444/3055 3553/5449/3059
f 3553/5449/3059 3547/5444/3055 3552/5422/3036
f 3553/5449/3059 3552/5422/3036 3565/5421/3035
f 3554/5447/3057 3548/5446/3056 3553/5449/3059
f 3554/5447/3057 3553/5449/3059 3566/5423/3037
f 3566/5423/3037 3553/5449/3059 3565/5421/3035
f 3555/5448/3058 3554/5447/3057 3567/5425/3039
f 3567/5425/3039 3554/5447/3057 3566/5423/3037
f 3556/5406/3026 3555/5448/3058 3568/5427/3041
f 3568/5427/3041 3555/5448/3058 3567/5425/3039
f 3557/5404/3025 3556/5406/3026 3569/5429/3043
f 3569/5429/3043 3556/5406/3026 3568/5427/3041
f 3549/5395/3022 3557/5404/3025 3558/5450/3060
f 3558/5450/3060 3557/5404/3025 3570/5431/3045
f 3570/5431/3045 3557/5404/3025 3569/5429/3043
f 3559/5394/3021 3549/5395/3022 3558/5450/3060
f 3559/5394/3021 3558/5450/3060 3571/5433/3047
f 3571/5433/3047 3558/5450/3060 3570/5431/3045
f 3564/5392/3019 3559/5394/3021 3560/5451/3061
f 3560/5451/3061 3559/5394/3021 3572/5435/3049
f 3572/5435/3049 3559/5394/3021 3571/5433/3047
f 3563/5390/3017 3564/5392/3019 3561/5452/3062
f 3561/5452/3062 3564/5392/3019 3560/5451/3061
f 3561/5452/3062 3560/5451/3061 3573/5437/3051
f 3573/5437/3051 3560/5451/3061 3572/5435/3049
f 3541/5388/3015 3563/5390/3017 3562/5442/3054
f 3562/5442/3054 3563/5390/3017 3561/5452/3062
f 3562/5442/3054 3561/5452/3062 3539/5439/3053
f 3539/5439/3053 3561/5452/3062 3573/5437/3051
f 3530/5453/3034 3574/5454/3063 3531/5455/3038
f 3535/5456/3046 3534/5457/3044 3581/5458/3064
f 3535/5456/3046 3581/5458/3064 3582/5459/3065
f 3582/5459/3065 3581/5458/3064 2569/5460/2212
f 3582/5459/3065 2569/5460/2212 2568/5461/2210
f 3574/5454/3063 3575/5462/3066 3531/5455/3038
f 3531/5455/3038 3575/5462/3066 3578/5463/3067
f 3531/5455/3038 3578/5463/3067 3532/5464/3040
f 3532/5464/3040 3578/5463/3067 3579/5465/3068
f 3532/5464/3040 3579/5465/3068 3533/5466/3042
f 3533/5466/3042 3579/5465/3068 3580/5467/3069
f 3533/5466/3042 3580/5467/3069 3534/5457/3044
f 3534/5457/3044 3580/5467/3069 3581/5458/3064
f 3575/5462/3066 2571/5468/2216 3578/5463/3067
f 2571/5468/2216 2570/5469/2215 3579/5465/3068
f 3579/5465/3068 2570/5469/2215 3580/5467/3069
f 2568/5461/2210 2550/5470/2208 2547/5471/2200
f 2568/5461/2210 2547/5471/2200 2567/5472/2202
f 2568/5461/2210 2567/5472/2202 3584/5473/3070
f 3584/5473/3070 2567/5472/2202 3585/5474/3071
f 3585/5474/3071 3586/5475/3072 3538/5476/3052
f 3474/5477/2954 3538/5476/3052 3621/5478/3073
f 3621/5478/3073 3538/5476/3052 3586/5475/3072
f 2566/5479/2204 3586/5475/3072 2567/5472/2202
f 3586/5475/3072 2566/5479/2204 3576/5480/3074
f 3586/5475/3072 3576/5480/3074 3621/5478/3073
f 2566/5479/2204 2565/5481/2207 3576/5480/3074
f 3577/5482/3075 3538/5476/3052 3537/5483/3050
f 3579/5465/3068 3578/5463/3067 2571/5468/2216
f 2570/5469/2215 2569/5460/2212 3580/5467/3069
f 3580/5467/3069 2569/5460/2212 3581/5458/3064
f 3582/5459/3065 2568/5461/2210 3583/5484/3076
f 3583/5484/3076 2568/5461/2210 3584/5473/3070
f 3536/5485/3048 3535/5456/3046 3582/5459/3065
f 3537/5483/3050 3536/5485/3048 3583/5484/3076
f 3583/5484/3076 3536/5485/3048 3582/5459/3065
f 3537/5483/3050 3583/5484/3076 3584/5473/3070
f 3577/5482/3075 3537/5483/3050 3584/5473/3070
f 3577/5482/3075 3584/5473/3070 3585/5474/3071
f 3585/5474/3071 2567/5472/2202 3586/5475/3072
f 3538/5476/3052 3577/5482/3075 3585/5474/3071
f 2526/5486/2162 3356/5487/2830 2527/5488/2161
f 3356/5487/2830 2526/5486/2162 3357/5489/3077
f 3357/5489/3077 2526/5486/2162 2525/5490/2180
f 3357/5489/3077 2525/5490/2180 3358/5491/3078
f 3358/5491/3078 2525/5490/2180 2524/5492/2166
f 3358/5491/3078 2524/5492/2166 3359/5493/3079
f 3359/5493/3079 2524/5492/2166 2523/5494/2168
f 3359/5493/3079 2523/5494/2168 3360/5495/3080
f 3360/5495/3080 2523/5494/2168 2522/5496/3081
f 3360/5495/3080 2522/5496/3081 3361/5497/3082
f 3361/5497/3082 2522/5496/3081 2521/5498/2169
f 3361/5497/3082 2521/5498/2169 3362/5499/3083
f 3362/5499/3083 2521/5498/2169 2520/5500/2171
f 3362/5499/3083 2520/5500/2171 3363/5501/3084
f 3363/5501/3084 2520/5500/2171 2519/5502/2178
f 3363/5501/3084 2519/5502/2178 3364/5503/3085
f 3364/5503/3085 2519/5502/2178 2518/5504/2172
f 3364/5503/3085 2518/5504/2172 3365/5505/3086
f 3365/5505/3086 2518/5504/2172 2517/5506/3087
f 3365/5505/3086 2517/5506/3087 3366/5507/3088
f 3366/5507/3088 2517/5506/3087 2516/5508/3089
f 3366/5507/3088 2516/5508/3089 3367/5509/3089
f 3367/5509/3089 2516/5508/3089 2515/5510/3090
f 3367/5509/3089 2515/5510/3090 3368/5511/3091
f 3368/5511/3091 2515/5510/3090 3369/5512/3092
f 3369/5512/3092 2515/5510/3090 2514/5513/2174
f 3369/5512/3092 2514/5513/2174 3086/5514/66
f 3086/5514/66 2514/5513/2174 3087/5515/848
f 3087/5515/848 2514/5513/2174 2530/5516/2181
f 3087/5515/848 2530/5516/2181 3448/5517/66
f 3448/5517/66 2530/5516/2181 2543/5518/2182
f 3448/5517/66 2543/5518/2182 3449/5519/3093
f 3449/5519/3093 2543/5518/2182 2542/5520/2183
f 3449/5519/3093 2542/5520/2183 3450/5521/3094
f 3450/5521/3094 2542/5520/2183 2541/5522/2184
f 3450/5521/3094 2541/5522/2184 3451/5523/256
f 3451/5523/256 2541/5522/2184 2540/5524/3095
f 3451/5523/256 2540/5524/3095 3452/5525/66
f 3452/5525/66 2540/5524/3095 2539/5526/66
f 3452/5525/66 2539/5526/66 2538/5527/66
f 3452/5525/66 2538/5527/66 3453/5528/66
f 3453/5528/66 2538/5527/66 2537/5529/2188
f 3453/5528/66 2537/5529/2188 3454/5530/3096
f 3454/5530/3096 2537/5529/2188 2536/5531/2189
f 3454/5530/3096 2536/5531/2189 2535/5532/2191
f 3454/5530/3096 2535/5532/2191 3455/5533/3097
f 3455/5533/3097 2535/5532/2191 2534/5534/2190
f 3455/5533/3097 2534/5534/2190 3456/5535/3098
f 3456/5535/3098 2534/5534/2190 3457/5536/3099
f 3457/5536/3099 2534/5534/2190 2533/5537/3100
f 3457/5536/3099 2533/5537/3100 3458/5538/3101
f 3458/5538/3101 2533/5537/3100 2532/5539/3102
f 3458/5538/3101 2532/5539/3102 3459/5540/3103
f 3459/5540/3103 2532/5539/3102 2531/5541/3104
f 3459/5540/3103 2531/5541/3104 3341/5542/2812
f 3341/5542/2812 2531/5541/3104 3342/5543/2811
f 3597/5544/3105 3603/5545/3106 3527/5546/3033
f 3602/5547/3107 3528/5548/3031 3527/5546/3033
f 3528/5548/3031 3601/5549/3108 3600/5550/3109
f 3528/5548/3031 3600/5550/3109 3607/5551/3110
f 3607/5551/3110 3600/5550/3109 3614/5552/3111
f 3607/5551/3110 3614/5552/3111 3608/5553/3112
f 3608/5553/3112 3614/5552/3111 3599/5554/3113
f 3608/5553/3112 3599/5554/3113 3609/5555/3114
f 3609/5555/3114 3599/5554/3113 3598/5556/3115
f 3609/5555/3114 3598/5556/3115 3610/5557/3116
f 3610/5557/3116 3598/5556/3115 3615/5558/3117
f 3610/5557/3116 3615/5558/3117 3611/5559/3118
f 3611/5559/3118 3615/5558/3117 2571/5560/2216
f 3611/5559/3118 2571/5560/2216 3575/5561/3066
f 2581/5562/2230 3606/5563/3119 2582/5564/2229
f 2582/5564/2229 3606/5563/3119 3593/5565/3120
f 3594/5566/3121 3604/5567/3122 3595/5568/3123
f 3574/5569/3063 3612/5570/3124 3575/5561/3066
f 3575/5561/3066 3612/5570/3124 3610/5557/3116
f 3575/5561/3066 3610/5557/3116 3611/5559/3118
f 3574/5569/3063 3530/5571/3034 3613/5572/3125
f 3574/5569/3063 3613/5572/3125 3612/5570/3124
f 3612/5570/3124 3609/5555/3114 3610/5557/3116
f 3613/5572/3125 3530/5571/3034 3529/5573/3032
f 3613/5572/3125 3529/5573/3032 3607/5551/3110
f 3529/5573/3032 3528/5548/3031 3607/5551/3110
f 3591/5574/3126 3587/5575/3127 3588/5576/3128
f 3591/5574/3126 3588/5576/3128 3589/5577/3129
f 3592/5578/2231 2582/5564/2229 3593/5565/3120
f 3592/5578/2231 3593/5565/3120 3589/5577/3129
f 3591/5574/3126 3589/5577/3129 3590/5579/3130
f 3591/5574/3126 3590/5579/3130 3596/5580/3131
f 3597/5544/3105 3591/5574/3126 3596/5580/3131
f 3597/5544/3105 3596/5580/3131 3603/5545/3106
f 3597/5544/3105 3587/5575/3127 3591/5574/3126
f 3488/5581/2988 3597/5544/3105 3527/5546/3033
f 3587/5575/3127 3597/5544/3105 3488/5581/2988
f 3592/5578/2231 3589/5577/3129 2583/4059/2228
f 2583/4059/2228 3589/5577/3129 3588/5576/3128
f 3593/5565/3120 3606/5563/3119 3605/5582/3132
f 3594/5566/3121 3595/5568/3123 3590/5579/3130
f 3595/5568/3123 3596/5580/3131 3590/5579/3130
f 3593/5565/3120 3594/5566/3121 3589/5577/3129
f 3589/5577/3129 3594/5566/3121 3590/5579/3130
f 3605/5582/3132 3606/5563/3119 3598/5556/3115
f 3598/5556/3115 3606/5563/3119 2581/5562/2230
f 3598/5556/3115 2581/5562/2230 3615/5558/3117
f 3599/5554/3113 3605/5582/3132 3598/5556/3115
f 3594/5566/3121 3605/5582/3132 3599/5554/3113
f 3604/5567/3122 3594/5566/3121 3600/5550/3109
f 3600/5550/3109 3594/5566/3121 3599/5554/3113
f 3600/5550/3109 3599/5554/3113 3614/5552/3111
f 3604/5567/3122 3600/5550/3109 3601/5549/3108
f 3602/5547/3107 3601/5549/3108 3528/5548/3031
f 3601/5549/3108 3602/5547/3107 3604/5567/3122
f 3604/5567/3122 3602/5547/3107 3603/5545/3106
f 3602/5547/3107 3527/5546/3033 3603/5545/3106
f 3604/5567/3122 3596/5580/3131 3595/5568/3123
f 3607/5551/3110 3608/5553/3112 3613/5572/3125
f 3613/5572/3125 3608/5553/3112 3612/5570/3124
f 3612/5570/3124 3608/5553/3112 3609/5555/3114
f 2581/5562/2230 2571/5560/2216 3615/5558/3117
f 3603/5545/3106 3596/5580/3131 3604/5567/3122
f 3593/5565/3120 3605/5582/3132 3594/5566/3121
f 3618/5583/3133 3619/5584/3134 3616/5585/3135
f 3618/5583/3133 3616/5585/3135 3617/5586/3136
f 2696/5587/3137 2695/5588/3138 3617/5586/3136
f 2527/5589/2161 3620/5590/3139 2416/5591/2093
f 2416/5591/2093 2466/5592/2114 2527/5589/2161
f 3426/5593/2906 3390/5594/2869 3624/5595/3140
f 3624/5595/3140 3390/5594/2869 3345/5596/2868
f 3624/5595/3140 3345/5596/2868 3344/5597/3141
f 3624/5595/3140 3344/5597/3141 3623/5598/3142
f 3623/5598/3142 3344/5597/3141 3343/5599/3143
f 3623/5598/3142 3343/5599/3143 3619/5600/3134
f 3619/5600/3134 3343/5599/3143 3315/5601/3144
f 3619/5600/3134 3315/5601/3144 3616/5602/3135
f 3616/5602/3135 3315/5601/3144 2696/5603/3137
f 3616/5602/3135 2696/5603/3137 3617/5604/3136
f 3315/5601/3144 3460/5605/3145 2696/5603/3137
f 2696/5603/3137 3460/5605/3145 2692/5606/3146
f 2696/5603/3137 2692/5606/3146 2693/5607/128
f 2693/5607/128 2692/5606/3146 2691/5608/128
f 3462/5609/3147 3474/5610/2954 3460/5605/3145
f 3460/5605/3145 3474/5610/2954 3621/5611/3073
f 3460/5605/3145 3621/5611/3073 3576/5612/3074
f 3474/5610/2954 3462/5609/3147 3470/5613/2955
f 3470/5613/2955 3462/5609/3147 3472/5614/2957
f 3472/5614/2957 3462/5609/3147 3461/5615/3148
f 3472/5614/2957 3461/5615/3148 2975/5616/2481
f 3472/5614/2957 2975/5616/2481 3192/5617/2644
f 3192/5617/2644 2975/5616/2481 3119/5618/2564
f 3119/5618/2564 2975/5616/2481 2974/5619/2479
f 3622/5620/3149 2692/5606/3146 3576/5612/3074
f 3576/5612/3074 2692/5606/3146 3460/5605/3145
f 2565/5588/2207 2692/5587/3146 3622/5621/3149
f 3622/5621/3149 3576/5622/3074 2565/5588/2207
f 3625/5623/2960 3626/5624/3150 3475/5625/2961
f 3475/5625/2961 3626/5624/3150 3627/5626/3151
f 3475/5625/2961 3627/5626/3151 3476/5627/2963
f 3476/5627/2963 3627/5626/3151 3477/5628/2965
f 3639/5629/3152 3481/5630/2972 3630/5631/3153
f 3639/5629/3152 3630/5631/3153 3631/5632/3154
f 3478/5633/2967 3628/5634/3155 3479/5635/2969
f 3479/5635/2969 3628/5634/3155 3629/5636/3156
f 3479/5635/2969 3629/5636/3156 3480/5637/2970
f 3480/5637/2970 3629/5636/3156 3630/5631/3153
f 3480/5637/2970 3630/5631/3153 3481/5630/2972
f 3639/5629/3152 3631/5632/3154 3638/5638/3157
f 3638/5638/3157 3631/5632/3154 3632/5639/3158
f 3632/5639/3158 3484/5640/2978 3483/5641/2976
f 3485/5642/2980 3637/5643/3159 3486/5644/2982
f 3486/5644/2982 3637/5643/3159 3635/5645/2984
f 3487/5646/2985 3635/5645/2984 3636/5647/2986
f 3636/5647/2986 3587/5648/3127 3488/5649/2988
f 3484/5640/2978 3633/5650/3160 3485/5642/2980
f 3485/5642/2980 3633/5650/3160 3637/5643/3159
f 3633/5650/3160 3634/5651/3161 3637/5643/3159
f 3637/5643/3159 3634/5651/3161 3635/5645/2984
f 3632/5639/3158 3483/5641/2976 3638/5638/3157
f 3638/5638/3157 3483/5641/2976 3482/5652/2974
f 3638/5638/3157 3482/5652/2974 3639/5629/3152
f 3639/5629/3152 3482/5652/2974 3481/5630/2972
f 3426/5653/2906 3624/5654/3140 3640/5655/66
f 3426/5653/2906 3640/5655/66 3427/5656/66
f 3427/5656/66 3640/5655/66 3641/5657/66
f 3427/5656/66 3641/5657/66 3428/5658/66
f 3428/5658/66 3641/5657/66 3642/5659/66
f 3428/5658/66 3642/5659/66 3643/5660/3162
f 3428/5658/66 3643/5660/3162 3429/5661/66
f 3429/5661/66 3643/5660/3162 3644/5662/3163
f 3429/5661/66 3644/5662/3163 3430/5663/66
f 3430/5663/66 3644/5662/3163 3645/5664/3164
f 3430/5663/66 3645/5664/3164 3646/5665/66
f 3430/5663/66 3646/5665/66 3431/5666/66
f 3431/5666/66 3646/5665/66 3647/5667/66
f 3431/5666/66 3647/5667/66 3432/5668/66
f 3432/5668/66 3647/5667/66 3648/5669/66
f 3432/5668/66 3648/5669/66 3433/5670/66
f 3433/5670/66 3648/5669/66 3649/5671/66
f 3433/5670/66 3649/5671/66 3650/5672/66
f 3433/5670/66 3650/5672/66 3434/5673/66
f 3434/5673/66 3650/5672/66 3651/5674/66
f 3434/5673/66 3651/5674/66 3652/5675/66
f 3434/5673/66 3652/5675/66 3653/5676/66
f 3434/5673/66 3653/5676/66 3654/5677/3165
f 3434/5673/66 3654/5677/3165 3435/5678/66
f 3435/5678/66 3654/5677/3165 3655/5679/3166
f 3435/5678/66 3655/5679/3166 3656/5680/68
f 3656/5680/68 3657/5681/66 3435/5678/66
f 3435/5678/66 3657/5681/66 3436/5682/66
f 3436/5682/66 3657/5681/66 3658/5683/66
f 3436/5682/66 3658/5683/66 3437/5684/66
f 3437/5684/66 3658/5683/66 3659/5685/66
f 3437/5684/66 3659/5685/66 3438/5686/66
f 3438/5686/66 3659/5685/66 3660/5687/3167
f 3438/5686/66 3660/5687/3167 3661/5688/3168
f 3438/5686/66 3661/5688/3168 3439/5689/263
f 3439/5689/263 3661/5688/3168 3662/5690/3169
f 3439/5689/263 3662/5690/3169 3440/5691/263
f 3440/5691/263 3662/5690/3169 3663/5692/2130
f 3440/5691/263 3663/5692/2130 3664/5693/66
f 3440/5691/263 3664/5693/66 3441/5694/66
f 3441/5694/66 3664/5693/66 3665/5695/66
f 3441/5694/66 3665/5695/66 3442/5696/2931
f 3442/5696/2931 3665/5695/66 3666/5697/3170
f 3336/5698/2864 2443/5699/2112 2442/5700/2111
f 3626/5701/3150 2442/5700/2111 2441/5702/3171
f 3626/5701/3150 2441/5702/3171 3627/5703/3151
f 3627/5703/3151 2441/5702/3171 3670/5704/3172
f 3627/5703/3151 3670/5704/3172 3477/5705/2965
f 3477/5705/2965 3670/5704/3172 2439/5706/2109
f 3477/5705/2965 2439/5706/2109 3478/5707/2967
f 3478/5707/2967 2439/5706/2109 3628/5708/3155
f 3669/5709/3173 3630/5710/3153 2437/5711/3174
f 3669/5709/3173 2437/5711/3174 2436/5712/3175
f 2441/5702/3171 2440/5713/2110 3670/5704/3172
f 3670/5704/3172 2440/5713/2110 2439/5706/2109
f 2439/5706/2109 2438/5714/3176 3628/5708/3155
f 3628/5708/3155 2438/5714/3176 3629/5715/3156
f 2438/5714/3176 2437/5711/3174 3629/5715/3156
f 3629/5715/3156 2437/5711/3174 3630/5710/3153
f 3669/5709/3173 2436/5712/3175 3668/5716/3177
f 3668/5716/3177 2436/5712/3175 2435/5717/3178
f 3668/5716/3177 2435/5717/3178 3632/5718/3158
f 3632/5718/3158 2435/5717/3178 2434/5719/3179
f 3633/5720/3160 2434/5719/3179 2433/5721/3180
f 3633/5720/3160 2433/5721/3180 3667/5722/3181
f 3667/5722/3181 2433/5721/3180 2432/5723/2107
f 3667/5722/3181 2432/5723/2107 2431/5724/2108
f 3587/5725/3127 3636/5726/2986 2430/5727/2106
f 2430/5727/2106 3636/5726/2986 2431/5724/2108
f 2431/5724/2108 3636/5726/2986 3635/5728/2984
f 2431/5724/2108 3635/5728/2984 3634/5729/3161
f 2431/5724/2108 3634/5729/3161 3667/5722/3181
f 3667/5722/3181 3634/5729/3161 3633/5720/3160
f 3633/5720/3160 3484/5730/2978 2434/5719/3179
f 2434/5719/3179 3484/5730/2978 3632/5718/3158
f 3632/5718/3158 3631/5731/3154 3668/5716/3177
f 3668/5716/3177 3631/5731/3154 3669/5709/3173
f 3631/5731/3154 3630/5710/3153 3669/5709/3173
f 2442/5700/2111 3626/5701/3150 3625/5732/2960
f 2442/5700/2111 3625/5732/2960 3336/5698/2864
f 3680/5733/3182 2429/5734/2103 2428/5735/2105
f 3680/5733/3182 2428/5735/2105 2427/5736/2104
f 2425/5737/2101 2424/5738/2100 3677/5739/3183
f 3677/5739/3183 2424/5738/2100 2423/5740/2099
f 3677/5739/3183 2423/5740/2099 3676/5741/3184
f 3676/5741/3184 2423/5740/2099 3684/5742/3185
f 3676/5741/3184 3684/5742/3185 3700/5743/3186
f 3700/5743/3186 3684/5742/3185 3683/5744/3187
f 3700/5743/3186 3683/5744/3187 3699/5745/3188
f 3699/5745/3188 3683/5744/3187 3675/5746/3189
f 3675/5746/3189 3683/5744/3187 2421/5747/2097
f 3675/5746/3189 2421/5747/2097 3674/5748/3190
f 3674/5748/3190 2421/5747/2097 2420/5749/2096
f 3674/5748/3190 2420/5749/2096 3697/5750/3191
f 3697/5750/3191 2420/5749/2096 3682/5751/3192
f 3697/5750/3191 3682/5751/3192 3673/5752/3193
f 3672/5753/3194 3673/5752/3193 2418/5754/3195
f 3672/5753/3194 2418/5754/3195 3681/5755/3196
f 3681/5755/3196 2418/5754/3195 2417/5756/2094
f 2423/5740/2099 2422/5757/3197 3684/5742/3185
f 3684/5742/3185 2422/5757/3197 3683/5744/3187
f 2422/5757/3197 2421/5747/2097 3683/5744/3187
f 3682/5751/3192 2420/5749/2096 2419/5758/3198
f 3682/5751/3192 2419/5758/3198 3673/5752/3193
f 3673/5752/3193 2419/5758/3198 2418/5754/3195
f 2417/5756/2094 2416/5759/2093 3620/5760/3139
f 3620/5760/3139 3671/5761/3199 2417/5756/2094
f 2417/5756/2094 3671/5761/3199 3681/5755/3196
f 3671/5761/3199 3672/5753/3194 3681/5755/3196
f 3677/5739/3183 3702/5762/3200 2425/5737/2101
f 3702/5762/3200 3703/5763/3201 2425/5737/2101
f 2425/5737/2101 3703/5763/3201 2426/5764/2102
f 3703/5763/3201 3678/5765/3202 2426/5764/2102
f 2426/5764/2102 3678/5765/3202 2427/5736/2104
f 3678/5765/3202 3679/5766/3203 2427/5736/2104
f 2427/5736/2104 3679/5766/3203 3680/5733/3182
f 3680/5733/3182 3706/5767/3204 2429/5734/2103
f 2429/5734/2103 3706/5767/3204 3803/5768/3205
f 2985/5769/2492 3121/5770/2493 3356/5771/2830
f 3356/5771/2830 3121/5770/2493 3335/5772/3206
f 3356/5771/2830 3335/5772/3206 2527/5773/2161
f 2527/5773/2161 3335/5772/3206 3620/5774/3139
f 3620/5774/3139 3335/5772/3206 3447/5775/3207
f 3620/5774/3139 3447/5775/3207 3685/5776/3208
f 3685/5776/3208 3447/5775/3207 3446/5777/3209
f 3685/5776/3208 3446/5777/3209 3666/5778/3170
f 3666/5778/3170 3446/5777/3209 3339/5779/2810
f 3666/5778/3170 3339/5779/2810 3338/5780/2809
f 3338/5780/2809 3442/5781/2931 3666/5778/3170
f 2678/4085/184 2679/4086/184 3316/4087/183
f 3316/4087/183 2679/4086/184 3686/4088/183
f 3316/4087/183 3686/4088/183 3317/4089/182
f 3317/4089/182 3686/4088/183 3687/4090/182
f 3317/4089/182 3687/4090/182 2699/4091/181
f 2699/4091/181 3687/4090/182 2700/4092/181
f 3689/5782/3210 3624/5783/3211 3623/5784/3212
f 3688/5785/3213 3623/5784/3212 3619/5786/3134
f 3691/5787/3214 3620/5788/3139 3685/5789/3215
f 3666/5790/3216 3690/5791/3217 3685/5789/3215
f 2429/5792/2103 2583/5793/2228 2430/5794/2106
f 2430/5794/2106 2583/5793/2228 3588/5795/3128
f 2429/5792/2103 3803/5796/3205 3823/5797/3218
f 3823/5797/3218 2584/5798/2232 2429/5792/2103
f 2429/5792/2103 2584/5798/2232 2583/5793/2228
f 3588/5795/3128 3587/5799/3127 2430/5794/2106
f 2675/5800/2254 3692/5801/3219 2679/4936/66
f 2679/4936/66 3692/5801/3219 3686/4938/66
f 3686/4938/66 3692/5801/3219 3687/4945/66
f 3687/4945/66 3692/5801/3219 2698/4947/66
f 3687/4945/66 2698/4947/66 2700/4946/66
f 2698/4947/66 3692/5801/3219 2695/5802/3138
f 3803/5803/3205 3706/5804/3204 3707/5805/3220
f 3706/5804/3204 3680/5806/3182 3705/5807/3221
f 3704/5808/3222 3705/5807/3221 3678/5809/3202
f 3704/5808/3222 3678/5809/3202 3703/5810/3201
f 3680/5806/3182 3679/5811/3203 3705/5807/3221
f 3705/5807/3221 3679/5811/3203 3678/5809/3202
f 3702/5812/3200 3677/5813/3183 3701/5814/3223
f 3701/5814/3223 3677/5813/3183 3676/5815/3184
f 3697/5816/3191 3673/5817/3193 3695/5818/3224
f 3695/5818/3224 3673/5817/3193 3672/5819/3194
f 3620/5820/3139 3693/5821/3225 3671/5822/3199
f 3671/5822/3199 3693/5821/3225 3694/5823/3226
f 3671/5822/3199 3694/5823/3226 3672/5819/3194
f 3694/5823/3226 3695/5818/3224 3672/5819/3194
f 3695/5818/3224 3696/5824/3227 3697/5816/3191
f 3697/5816/3191 3698/5825/3228 3674/5826/3190
f 3674/5826/3190 3698/5825/3228 3675/5827/3189
f 3698/5825/3228 3699/5828/3188 3675/5827/3189
f 2680/5829/2263 2587/5830/2239 3719/5831/3229
f 3719/5831/3229 2587/5830/2239 3708/5832/3230
f 3719/5831/3229 3708/5832/3230 3827/5833/3231
f 3719/5831/3229 3827/5833/3231 3718/5834/3232
f 3718/5834/3232 3827/5833/3231 3710/5835/3233
f 3710/5835/3233 3827/5833/3231 3709/5836/3234
f 3710/5835/3233 3711/5837/3235 3720/5838/3236
f 3720/5838/3236 3711/5837/3235 3721/5839/3237
f 3721/5839/3237 3723/5840/3238 2681/5841/2262
f 2681/5841/2262 3723/5840/3238 2682/5842/2264
f 2675/5843/2254 2674/5844/2257 3727/5845/3239
f 2675/5843/2254 3727/5845/3239 3692/5846/3219
f 3692/5846/3219 3727/5845/3239 3730/5847/3240
f 3692/5846/3219 3730/5847/3240 2695/5848/3138
f 2695/5848/3138 3730/5847/3240 3617/5849/3136
f 3617/5849/3136 3730/5847/3240 3729/5850/3241
f 3717/5851/3242 3729/5850/3241 3716/5852/3243
f 3716/5852/3243 3725/5853/3244 3715/5854/3245
f 3712/5855/3246 3713/5856/3247 3723/5840/3238
f 3712/5855/3246 3723/5840/3238 3721/5839/3237
f 3711/5837/3235 3712/5855/3246 3721/5839/3237
f 3618/5857/3133 3717/5851/3242 3619/5858/3134
f 3729/5850/3241 3618/5857/3133 3617/5849/3136
f 3721/5839/3237 2681/5841/2262 3720/5838/3236
f 3720/5838/3236 3718/5834/3232 3710/5835/3233
f 2681/5841/2262 2680/5829/2263 3720/5838/3236
f 3720/5838/3236 2680/5829/2263 3719/5831/3229
f 3720/5838/3236 3719/5831/3229 3718/5834/3232
f 3723/5840/3238 3713/5856/3247 3722/5859/3248
f 3722/5859/3248 3713/5856/3247 3714/5860/3249
f 3722/5859/3248 3714/5860/3249 3724/5861/3250
f 3724/5861/3250 3714/5860/3249 3715/5854/3245
f 3724/5861/3250 3715/5854/3245 3726/5862/3251
f 3726/5862/3251 3715/5854/3245 3725/5853/3244
f 3726/5862/3251 3725/5853/3244 3728/5863/3252
f 3728/5863/3252 3725/5853/3244 3716/5852/3243
f 3728/5863/3252 3716/5852/3243 3729/5850/3241
f 2674/5844/2257 2682/5842/2264 3722/5859/3248
f 3722/5859/3248 2682/5842/2264 3723/5840/3238
f 2674/5844/2257 3722/5859/3248 3724/5861/3250
f 3727/5845/3239 2674/5844/2257 3724/5861/3250
f 3727/5845/3239 3724/5861/3250 3726/5862/3251
f 3727/5845/3239 3726/5862/3251 3728/5863/3252
f 3730/5847/3240 3727/5845/3239 3728/5863/3252
f 3730/5847/3240 3728/5863/3252 3729/5850/3241
f 3618/5857/3133 3729/5850/3241 3717/5851/3242
f 3652/5864/3253 3731/5865/3254 3653/5866/3255
f 3653/5866/3255 3731/5865/3254 3733/5867/3256
f 3653/5866/3255 3733/5867/3256 3654/5868/3165
f 3654/5868/3165 3733/5867/3256 3734/5869/3257
f 3654/5868/3165 3734/5869/3257 3655/5870/3166
f 3655/5870/3166 3735/5871/3258 3656/5872/3259
f 3656/5872/3259 3735/5871/3258 3736/5873/3260
f 3656/5872/3259 3736/5873/3260 3657/5874/3261
f 3657/5874/3261 3736/5873/3260 3737/5875/3262
f 3657/5874/3261 3737/5875/3262 3738/5876/3263
f 3657/5874/3261 3738/5876/3263 3658/5877/3264
f 3658/5877/3264 3738/5876/3263 3739/5878/3265
f 3658/5877/3264 3739/5878/3265 3659/5879/3266
f 3659/5879/3266 3739/5878/3265 3740/5880/3267
f 3659/5879/3266 3740/5880/3267 3660/5881/3167
f 3660/5881/3167 3740/5880/3267 3741/5882/3268
f 3660/5881/3167 3741/5882/3268 3661/5883/3168
f 3661/5883/3168 3741/5882/3268 3748/5884/3269
f 3661/5883/3168 3748/5884/3269 3749/5885/3270
f 3749/5885/3270 3748/5884/3269 3763/5886/3271
f 3749/5885/3270 3763/5886/3271 3764/5887/3272
f 3764/5887/3272 3763/5886/3271 3695/5888/3224
f 3764/5887/3272 3695/5888/3224 3765/5889/3273
f 3765/5889/3273 3695/5888/3224 3694/5890/3226
f 3765/5889/3273 3694/5890/3226 3766/5891/3274
f 3766/5891/3274 3694/5890/3226 3693/5892/3225
f 3766/5891/3274 3693/5892/3225 3753/5893/3275
f 3753/5893/3275 3693/5892/3225 3620/5894/3139
f 3753/5893/3275 3620/5894/3139 3691/5895/3214
f 3731/5865/3254 3732/5896/3276 3733/5867/3256
f 3733/5867/3256 3732/5896/3276 3746/5897/3277
f 3733/5867/3256 3746/5897/3277 3734/5869/3257
f 3734/5869/3257 3746/5897/3277 3754/5898/3278
f 3734/5869/3257 3754/5898/3278 3747/5899/3279
f 3747/5899/3279 3754/5898/3278 3704/5900/3222
f 3747/5899/3279 3704/5900/3222 3703/5901/3201
f 3754/5898/3278 3746/5897/3277 3705/5902/3221
f 3707/5903/3220 3706/5904/3204 3732/5896/3276
f 3732/5896/3276 3706/5904/3204 3746/5897/3277
f 3706/5904/3204 3705/5902/3221 3746/5897/3277
f 3705/5902/3221 3704/5900/3222 3754/5898/3278
f 3747/5899/3279 3703/5901/3201 3755/5905/3280
f 3755/5905/3280 3703/5901/3201 3702/5906/3200
f 3755/5905/3280 3702/5906/3200 3756/5907/3281
f 3756/5907/3281 3702/5906/3200 3701/5908/3223
f 3756/5907/3281 3701/5908/3223 3757/5909/3282
f 3757/5909/3282 3701/5908/3223 3676/5910/3184
f 3757/5909/3282 3676/5910/3184 3758/5911/3283
f 3758/5911/3283 3676/5910/3184 3700/5912/3186
f 3758/5911/3283 3700/5912/3186 3759/5913/3284
f 3759/5913/3284 3700/5912/3186 3699/5914/3188
f 3759/5913/3284 3699/5914/3188 3760/5915/3285
f 3760/5915/3285 3699/5914/3188 3698/5916/3228
f 3760/5915/3285 3698/5916/3228 3761/5917/3286
f 3761/5917/3286 3698/5916/3228 3697/5918/3191
f 3761/5917/3286 3697/5918/3191 3762/5919/3287
f 3762/5919/3287 3697/5918/3191 3763/5886/3271
f 3762/5919/3287 3763/5886/3271 3748/5884/3269
f 3697/5918/3191 3696/5920/3227 3763/5886/3271
f 3763/5886/3271 3696/5920/3227 3695/5888/3224
f 3753/5893/3275 3691/5895/3214 3685/5921/3215
f 3753/5893/3275 3685/5921/3215 3745/5922/3288
f 3745/5922/3288 3685/5921/3215 3690/5923/3217
f 3745/5922/3288 3690/5923/3217 3666/5924/3216
f 3666/5924/3216 3665/5925/3289 3745/5922/3288
f 3745/5922/3288 3665/5925/3289 3744/5926/3290
f 3745/5922/3288 3744/5926/3290 3753/5893/3275
f 3753/5893/3275 3744/5926/3290 3752/5927/3291
f 3753/5893/3275 3752/5927/3291 3766/5891/3274
f 3665/5925/3289 3664/5928/3292 3744/5926/3290
f 3744/5926/3290 3664/5928/3292 3743/5929/3293
f 3744/5926/3290 3743/5929/3293 3752/5927/3291
f 3752/5927/3291 3743/5929/3293 3751/5930/3294
f 3752/5927/3291 3751/5930/3294 3766/5891/3274
f 3766/5891/3274 3751/5930/3294 3765/5889/3273
f 3664/5928/3292 3663/5931/3295 3743/5929/3293
f 3743/5929/3293 3663/5931/3295 3742/5932/3296
f 3743/5929/3293 3742/5932/3296 3751/5930/3294
f 3751/5930/3294 3742/5932/3296 3750/5933/3297
f 3751/5930/3294 3750/5933/3297 3765/5889/3273
f 3765/5889/3273 3750/5933/3297 3764/5887/3272
f 3663/5931/3295 3662/5934/3169 3742/5932/3296
f 3742/5932/3296 3662/5934/3169 3750/5933/3297
f 3750/5933/3297 3662/5934/3169 3749/5885/3270
f 3750/5933/3297 3749/5885/3270 3764/5887/3272
f 3662/5934/3169 3661/5883/3168 3749/5885/3270
f 3734/5869/3257 3747/5899/3279 3655/5870/3166
f 3655/5870/3166 3747/5899/3279 3735/5871/3258
f 3747/5899/3279 3755/5905/3280 3735/5871/3258
f 3735/5871/3258 3755/5905/3280 3756/5907/3281
f 3735/5871/3258 3756/5907/3281 3736/5873/3260
f 3736/5873/3260 3756/5907/3281 3757/5909/3282
f 3736/5873/3260 3757/5909/3282 3737/5875/3262
f 3737/5875/3262 3757/5909/3282 3758/5911/3283
f 3737/5875/3262 3758/5911/3283 3738/5876/3263
f 3738/5876/3263 3758/5911/3283 3759/5913/3284
f 3738/5876/3263 3759/5913/3284 3739/5878/3265
f 3739/5878/3265 3759/5913/3284 3760/5915/3285
f 3739/5878/3265 3760/5915/3285 3740/5880/3267
f 3740/5880/3267 3760/5915/3285 3761/5917/3286
f 3740/5880/3267 3761/5917/3286 3741/5882/3268
f 3741/5882/3268 3761/5917/3286 3762/5919/3287
f 3741/5882/3268 3762/5919/3287 3748/5884/3269
f 3767/5935/3298 3772/5936/3299 3709/5937/3234
f 3709/5937/3234 3772/5936/3299 3773/5938/3300
f 3709/5937/3234 3773/5938/3300 3774/5939/3301
f 3774/5939/3301 3773/5938/3300 3790/5940/3302
f 3774/5939/3301 3790/5940/3302 3791/5941/3303
f 3792/5942/3304 3791/5941/3303 3648/5943/3305
f 3792/5942/3304 3648/5943/3305 3647/5944/3306
f 3772/5936/3299 3767/5935/3298 3771/5945/3307
f 3771/5945/3307 3767/5935/3298 3768/5946/3308
f 3771/5945/3307 3768/5946/3308 3769/5947/3309
f 3771/5945/3307 3769/5947/3309 3770/5948/3310
f 3770/5948/3310 3769/5947/3309 3707/5949/3220
f 3770/5948/3310 3707/5949/3220 3732/5950/3276
f 3770/5948/3310 3732/5950/3276 3786/5951/3311
f 3786/5951/3311 3732/5950/3276 3798/5952/3312
f 3798/5952/3312 3732/5950/3276 3731/5953/3254
f 3798/5952/3312 3731/5953/3254 3652/5954/3253
f 3652/5954/3253 3651/5955/3313 3798/5952/3312
f 3798/5952/3312 3651/5955/3313 3799/5956/3314
f 3798/5952/3312 3799/5956/3314 3786/5951/3311
f 3786/5951/3311 3799/5956/3314 3787/5957/3315
f 3786/5951/3311 3787/5957/3315 3770/5948/3310
f 3770/5948/3310 3787/5957/3315 3771/5945/3307
f 3651/5955/3313 3650/5958/3316 3799/5956/3314
f 3799/5956/3314 3650/5958/3316 3800/5959/3317
f 3799/5956/3314 3800/5959/3317 3787/5957/3315
f 3787/5957/3315 3800/5959/3317 3788/5960/3318
f 3787/5957/3315 3788/5960/3318 3771/5945/3307
f 3771/5945/3307 3788/5960/3318 3772/5936/3299
f 3800/5959/3317 3650/5958/3316 3649/5961/3319
f 3800/5959/3317 3649/5961/3319 3789/5962/3320
f 3789/5962/3320 3649/5961/3319 3790/5940/3302
f 3789/5962/3320 3790/5940/3302 3773/5938/3300
f 3649/5961/3319 3648/5943/3305 3790/5940/3302
f 3790/5940/3302 3648/5943/3305 3791/5941/3303
f 3792/5942/3304 3647/5944/3306 3793/5963/3321
f 3793/5963/3321 3647/5944/3306 3646/5964/3322
f 3793/5963/3321 3646/5964/3322 3794/5965/3323
f 3794/5965/3323 3646/5964/3322 3645/5966/3164
f 3644/5967/3163 3643/5968/3162 3795/5969/3324
f 3795/5969/3324 3643/5968/3162 3796/5970/3325
f 3795/5969/3324 3796/5970/3325 3781/5971/3326
f 3781/5971/3326 3796/5970/3325 3782/5972/3327
f 3781/5971/3326 3782/5972/3327 3715/5973/3245
f 3715/5973/3245 3782/5972/3327 3716/5974/3243
f 3716/5974/3243 3782/5972/3327 3783/5975/3328
f 3716/5974/3243 3783/5975/3328 3717/5976/3242
f 3717/5976/3242 3783/5975/3328 3784/5977/3329
f 3717/5976/3242 3784/5977/3329 3785/5978/3330
f 3688/5979/3213 3785/5978/3330 3623/5980/3212
f 3623/5980/3212 3785/5978/3330 3802/5981/3331
f 3623/5980/3212 3802/5981/3331 3689/5982/3210
f 3689/5982/3210 3802/5981/3331 3624/5983/3211
f 3624/5983/3211 3802/5981/3331 3640/5984/3332
f 3640/5984/3332 3802/5981/3331 3801/5985/3333
f 3640/5984/3332 3801/5985/3333 3641/5986/3334
f 3641/5986/3334 3801/5985/3333 3797/5987/3335
f 3641/5986/3334 3797/5987/3335 3642/5988/3336
f 3642/5988/3336 3797/5987/3335 3796/5970/3325
f 3642/5988/3336 3796/5970/3325 3643/5968/3162
f 3688/5979/3213 3619/5989/3134 3785/5978/3330
f 3785/5978/3330 3619/5989/3134 3717/5976/3242
f 3781/5971/3326 3715/5973/3245 3780/5990/3337
f 3780/5990/3337 3715/5973/3245 3714/5991/3249
f 3780/5990/3337 3714/5991/3249 3779/5992/3338
f 3779/5992/3338 3714/5991/3249 3713/5993/3247
f 3779/5992/3338 3713/5993/3247 3778/5994/3339
f 3778/5994/3339 3713/5993/3247 3712/5995/3246
f 3778/5994/3339 3712/5995/3246 3777/5996/3340
f 3777/5996/3340 3712/5995/3246 3711/5997/3235
f 3777/5996/3340 3711/5997/3235 3776/5998/3341
f 3776/5998/3341 3711/5997/3235 3775/5999/3342
f 3776/5998/3341 3775/5999/3342 3792/5942/3304
f 3792/5942/3304 3775/5999/3342 3791/5941/3303
f 3711/5997/3235 3710/6000/3233 3775/5999/3342
f 3775/5999/3342 3710/6000/3233 3774/5939/3301
f 3775/5999/3342 3774/5939/3301 3791/5941/3303
f 3710/6000/3233 3709/5937/3234 3774/5939/3301
f 3789/5962/3320 3773/5938/3300 3772/5936/3299
f 3789/5962/3320 3772/5936/3299 3788/5960/3318
f 3777/5996/3340 3776/5998/3341 3793/5963/3321
f 3793/5963/3321 3776/5998/3341 3792/5942/3304
f 3778/5994/3339 3777/5996/3340 3794/5965/3323
f 3794/5965/3323 3777/5996/3340 3793/5963/3321
f 3779/5992/3338 3778/5994/3339 3794/5965/3323
f 3779/5992/3338 3794/5965/3323 3645/5966/3164
f 3795/5969/3324 3781/5971/3326 3780/5990/3337
f 3780/5990/3337 3779/5992/3338 3644/5967/3163
f 3644/5967/3163 3779/5992/3338 3645/5966/3164
f 3783/5975/3328 3782/5972/3327 3797/5987/3335
f 3797/5987/3335 3782/5972/3327 3796/5970/3325
f 3784/5977/3329 3783/5975/3328 3797/5987/3335
f 3784/5977/3329 3797/5987/3335 3801/5985/3333
f 3789/5962/3320 3788/5960/3318 3800/5959/3317
f 3795/5969/3324 3780/5990/3337 3644/5967/3163
f 3802/5981/3331 3785/5978/3330 3784/5977/3329
f 3802/5981/3331 3784/5977/3329 3801/5985/3333
f 2586/6001/2237 3812/6002/3343 2587/6003/2239
f 2587/6003/2239 3812/6002/3343 3810/6004/3344
f 2587/6003/2239 3810/6004/3344 3806/6005/3345
f 3806/6005/3345 3810/6004/3344 3805/6006/3346
f 3805/6006/3346 3810/6004/3344 3809/6007/3347
f 3805/6006/3346 3809/6007/3347 3804/6008/3348
f 3804/6008/3348 3808/6009/3349 3767/6010/3298
f 3767/6010/3298 3808/6009/3349 3768/6011/3308
f 3768/6011/3308 3808/6009/3349 3807/6012/3350
f 3769/6013/3309 3768/6011/3308 3807/6012/3350
f 3830/6014/3351 2585/6015/2234 3825/6016/2233
f 3830/6014/3351 3829/6017/3352 2585/6015/2234
f 3816/6018/3353 3822/6019/3354 3815/6020/3355
f 3823/6021/3218 3803/6022/3205 3822/6019/3354
f 3822/6019/3354 3803/6022/3205 3815/6020/3355
f 3804/6008/3348 3767/6010/3298 3805/6006/3346
f 3805/6006/3346 3767/6010/3298 3826/6023/3356
f 3826/6023/3356 3767/6010/3298 3709/6024/3234
f 3826/6023/3356 3709/6024/3234 3827/6025/3231
f 3812/6002/3343 2586/6001/2237 3820/6026/3357
f 3812/6002/3343 3820/6026/3357 3811/6027/3358
f 3811/6027/3358 3820/6026/3357 3810/6004/3344
f 3810/6004/3344 3820/6026/3357 3818/6028/3359
f 3810/6004/3344 3818/6028/3359 3813/6029/3360
f 3810/6004/3344 3813/6029/3360 3809/6007/3347
f 3809/6007/3347 3813/6029/3360 3804/6008/3348
f 3804/6008/3348 3813/6029/3360 3814/6030/3361
f 3804/6008/3348 3814/6030/3361 3808/6009/3349
f 3808/6009/3349 3814/6030/3361 3816/6018/3353
f 3808/6009/3349 3816/6018/3353 3807/6012/3350
f 3807/6012/3350 3816/6018/3353 3815/6020/3355
f 3807/6012/3350 3815/6020/3355 3769/6013/3309
f 3769/6013/3309 3815/6020/3355 3707/6031/3220
f 3805/6006/3346 3826/6023/3356 3827/6025/3231
f 3805/6006/3346 3827/6025/3231 3806/6005/3345
f 3806/6005/3345 3827/6025/3231 3708/6032/3230
f 3708/6032/3230 2587/6003/2239 3806/6005/3345
f 3811/6027/3358 3810/6004/3344 3812/6002/3343
f 3816/6018/3353 3817/6033/3362 3822/6019/3354
f 3822/6019/3354 3817/6033/3362 3828/6034/3363
f 3822/6019/3354 3828/6034/3363 3823/6021/3218
f 3823/6021/3218 3828/6034/3363 3824/6035/3364
f 3817/6033/3362 3818/6028/3359 3819/6036/3365
f 3817/6033/3362 3819/6036/3365 3828/6034/3363
f 3828/6034/3363 3829/6017/3352 3824/6035/3364
f 3823/6021/3218 3824/6035/3364 2584/6037/2232
f 3828/6034/3363 3819/6036/3365 3829/6017/3352
f 3819/6036/3365 3820/6026/3357 3821/6038/3366
f 3819/6036/3365 3821/6038/3366 3829/6017/3352
f 3821/6038/3366 2585/6015/2234 3829/6017/3352
f 3815/6020/3355 3803/6022/3205 3707/6031/3220
f 3830/6014/3351 3825/6016/2233 3829/6017/3352
f 3825/6016/2233 3824/6035/3364 3829/6017/3352
f 3824/6035/3364 3825/6016/2233 2584/6037/2232
f 3816/6018/3353 3814/6030/3361 3817/6033/3362
f 3814/6030/3361 3813/6029/3360 3817/6033/3362
f 3817/6033/3362 3813/6029/3360 3818/6028/3359
f 3818/6028/3359 3820/6026/3357 3819/6036/3365
f 3820/6026/3357 2586/6001/2237 3821/6038/3366
f 3821/6038/3366 2586/6001/2237 2585/6015/2234
usemtl Opaque(226,23,23).002
f 3832/6039/66 3833/6040/66 3831/6041/66
f 3831/6041/66 3833/6040/66 3834/6042/66
f 3831/6041/66 3834/6042/66 3835/6043/66
f 3835/6043/66 3836/6044/66 3831/6041/66
f 3838/6045/66 3839/6046/66 3837/6047/66
f 3837/6047/66 3839/6046/66 3840/6048/66
f 3837/6047/66 3840/6048/66 3846/6049/66
f 3846/6049/66 3840/6048/66 3845/6050/66
f 3845/6050/66 3840/6048/66 3843/6051/66
f 3843/6051/66 3840/6048/66 3842/6052/66
f 3842/6052/66 3840/6048/66 3841/6053/66
f 3843/6051/66 3844/6054/66 3845/6050/66
f 3846/6049/66 3847/6055/66 3837/6047/66
f 3837/6047/66 3847/6055/66 3848/6056/66
f 3850/6057/66 3882/6058/66 3849/6059/66
f 3849/6059/66 3882/6058/66 3883/6060/66
f 3849/6059/66 3883/6060/66 3870/6061/66
f 3870/6061/66 3883/6060/66 3869/6062/66
f 3869/6062/66 3883/6060/66 3884/6063/66
f 3869/6062/66 3884/6063/66 3868/6064/66
f 3868/6064/66 3884/6063/66 3885/6065/66
f 3868/6064/66 3885/6065/66 3886/6066/66
f 3882/6058/66 3850/6057/66 3881/6067/66
f 3881/6067/66 3850/6057/66 3851/6068/66
f 3881/6067/66 3851/6068/66 3880/6069/66
f 3880/6069/66 3851/6068/66 3852/6070/66
f 3880/6069/66 3852/6070/66 3879/6071/66
f 3879/6071/66 3852/6070/66 3853/6072/66
f 3879/6071/66 3853/6072/66 3878/6073/66
f 3878/6073/66 3853/6072/66 3854/6074/66
f 3878/6073/66 3854/6074/66 3877/6075/66
f 3877/6075/66 3854/6074/66 3855/6076/66
f 3877/6075/66 3855/6076/66 3876/6077/66
f 3876/6077/66 3855/6076/66 3856/6078/66
f 3876/6077/66 3856/6078/66 3875/6079/66
f 3875/6079/66 3856/6078/66 3857/6080/66
f 3875/6079/66 3857/6080/66 3858/6081/66
f 3875/6079/66 3858/6081/66 3890/6082/66
f 3890/6082/66 3858/6081/66 3859/6083/66
f 3890/6082/66 3859/6083/66 3889/6084/66
f 3889/6084/66 3859/6083/66 3888/6085/66
f 3888/6085/66 3859/6083/66 3861/6086/66
f 3888/6085/66 3861/6086/66 3887/6087/66
f 3887/6087/66 3861/6086/66 3862/6088/66
f 3887/6087/66 3862/6088/66 3886/6066/66
f 3886/6066/66 3862/6088/66 3868/6064/66
f 3859/6083/66 3860/6089/66 3861/6086/66
f 3863/6090/66 3866/6091/66 3862/6088/66
f 3862/6088/66 3866/6091/66 3867/6092/66
f 3862/6088/66 3867/6092/66 3868/6064/66
f 3864/6093/66 3865/6094/66 3863/6090/66
f 3863/6090/66 3865/6094/66 3866/6091/66
f 3849/6059/66 3870/6061/66 3874/6095/66
f 3874/6095/66 3870/6061/66 3871/6096/66
f 3874/6095/66 3871/6096/66 3872/6097/66
f 3872/6097/66 3873/6098/66 3874/6095/66
f 3892/6099/66 3893/6100/66 3891/6101/66
f 3891/6101/66 3893/6100/66 3894/6102/66
f 3895/6103/66 3896/6104/66 3906/6105/66
f 3906/6105/66 3896/6104/66 3903/6106/66
f 3906/6105/66 3903/6106/66 3905/6107/66
f 3905/6107/66 3903/6106/66 3904/6108/66
f 3896/6104/66 3897/6109/66 3903/6106/66
f 3903/6106/66 3897/6109/66 3902/6110/66
f 3902/6110/66 3897/6109/66 3899/6111/66
f 3902/6110/66 3899/6111/66 3900/6112/66
f 3897/6109/66 3898/6113/66 3899/6111/66
f 3900/6112/66 3901/6114/66 3902/6110/66
f 3951/6115/66 3907/6116/66 3950/6117/66
f 3950/6117/66 3907/6116/66 3908/6118/66
f 3950/6117/66 3908/6118/66 3949/6119/66
f 3949/6119/66 3908/6118/66 3948/6120/66
f 3948/6120/66 3908/6118/66 3909/6121/66
f 3948/6120/66 3909/6121/66 3947/6122/66
f 3947/6122/66 3909/6121/66 3910/6123/66
f 3947/6122/66 3910/6123/66 3911/6124/66
f 3947/6122/66 3911/6124/66 3946/6125/66
f 3946/6125/66 3911/6124/66 3912/6126/66
f 3946/6125/66 3912/6126/66 3913/6127/66
f 3913/6127/66 3914/6128/66 3946/6125/66
f 3946/6125/66 3914/6128/66 3915/6129/66
f 3946/6125/66 3915/6129/66 3945/6130/66
f 3945/6130/66 3915/6129/66 3916/6131/66
f 3945/6130/66 3916/6131/66 3917/6132/66
f 3945/6130/66 3917/6132/66 3944/6133/66
f 3944/6133/66 3917/6132/66 3918/6134/66
f 3944/6133/66 3918/6134/66 3943/6135/66
f 3943/6135/66 3918/6134/66 3942/6136/66
f 3942/6136/66 3918/6134/66 3941/6137/66
f 3941/6137/66 3918/6134/66 3919/6138/66
f 3941/6137/66 3919/6138/66 3940/6139/66
f 3940/6139/66 3919/6138/66 3939/6140/66
f 3939/6140/66 3919/6138/66 3938/6141/66
f 3938/6141/66 3919/6138/66 3920/6142/66
f 3938/6141/66 3920/6142/66 3937/6143/66
f 3937/6143/66 3920/6142/66 3921/6144/66
f 3937/6143/66 3921/6144/66 3922/6145/66
f 3922/6145/66 3923/6146/66 3937/6143/66
f 3937/6143/66 3923/6146/66 3936/6147/66
f 3936/6147/66 3923/6146/66 3924/6148/66
f 3936/6147/66 3924/6148/66 3925/6149/66
f 3936/6147/66 3925/6149/66 3935/6150/66
f 3935/6150/66 3925/6149/66 3926/6151/66
f 3935/6150/66 3926/6151/66 3927/6152/66
f 3935/6150/66 3927/6152/66 3934/6153/66
f 3934/6153/66 3927/6152/66 3928/6154/66
f 3934/6153/66 3928/6154/66 3933/6155/66
f 3933/6155/66 3928/6154/66 3932/6156/66
f 3932/6156/66 3928/6154/66 3931/6157/66
f 3931/6157/66 3928/6154/66 3929/6158/66
f 3931/6157/66 3929/6158/66 3930/6159/66
f 3953/6160/66 3984/6161/66 3952/6162/66
f 3952/6162/66 3984/6161/66 3985/6163/66
f 3952/6162/66 3985/6163/66 3969/6164/66
f 3969/6164/66 3985/6163/66 3968/6165/66
f 3968/6165/66 3985/6163/66 3986/6166/66
f 3968/6165/66 3986/6166/66 3967/6167/66
f 3967/6167/66 3986/6166/66 3987/6168/66
f 3967/6167/66 3987/6168/66 3988/6169/66
f 3984/6161/66 3953/6160/66 3983/6170/66
f 3983/6170/66 3953/6160/66 3954/6171/66
f 3983/6170/66 3954/6171/66 3955/6172/66
f 3955/6172/66 3956/6173/66 3983/6170/66
f 3983/6170/66 3956/6173/66 3957/6174/66
f 3983/6170/66 3957/6174/66 3958/6175/66
f 3958/6175/66 3959/6176/66 3983/6170/66
f 3983/6170/66 3959/6176/66 3982/6177/66
f 3982/6177/66 3959/6176/66 3960/6178/66
f 3982/6177/66 3960/6178/66 3981/6179/66
f 3981/6179/66 3960/6178/66 3980/6180/66
f 3980/6180/66 3960/6178/66 3979/6181/66
f 3979/6181/66 3960/6178/66 3961/6182/66
f 3979/6181/66 3961/6182/66 3978/6183/66
f 3978/6183/66 3961/6182/66 3990/6184/66
f 3990/6184/66 3961/6182/66 3962/6185/66
f 3990/6184/66 3962/6185/66 3989/6186/66
f 3989/6186/66 3962/6185/66 3965/6187/66
f 3989/6186/66 3965/6187/66 3966/6188/66
f 3962/6185/66 3963/6189/66 3965/6187/66
f 3965/6187/66 3963/6189/66 3964/6190/66
f 3989/6186/66 3966/6188/66 3988/6169/66
f 3988/6169/66 3966/6188/66 3967/6167/66
f 3969/6164/66 3970/6191/66 3952/6162/66
f 3952/6162/66 3970/6191/66 3977/6192/66
f 3977/6192/66 3970/6191/66 3976/6193/66
f 3976/6193/66 3970/6191/66 3975/6194/66
f 3975/6194/66 3970/6191/66 3974/6195/66
f 3974/6195/66 3970/6191/66 3973/6196/66
f 3973/6196/66 3970/6191/66 3971/6197/66
f 3973/6196/66 3971/6197/66 3972/6198/66
