# WaveFront *.obj file (generated by Autodesk ATF)

mtllib L5.mtl

g shell1

v 0.100000 38.183548 583.500000
v -0.099557 38.183548 583.493355
v -1.116658 38.183548 583.242215
v -1.985385 38.183548 582.656657
v -2.599796 38.183548 581.808090
v -2.884962 38.183548 580.800000
v -2.884962 35.183548 580.800000
v -2.898328 35.183548 580.600149
v -2.898328 35.183548 580.399851
v -2.884962 35.183548 580.200000
v -2.884962 38.182370 580.200000
v -2.596191 38.160885 579.184980
v -1.986197 38.122640 578.344159
v -1.120601 38.085082 577.759590
v -0.099536 38.066073 577.506914
v 0.100000 38.065514 577.500000
v 0.299536 38.066073 577.506914
v 1.320601 38.085082 577.759590
v 2.186197 38.122640 578.344159
v 2.796191 38.160885 579.184980
v 3.084962 38.182370 580.200000
v 3.084962 35.183548 580.200000
v 3.098328 35.183548 580.399851
v 3.098328 35.183548 580.600149
v 3.084962 35.183548 580.800000
v 3.084962 38.183548 580.800000
v 2.799796 38.183548 581.808090
v 2.185385 38.183548 582.656657
v 1.316658 38.183548 583.242215
v 0.299557 38.183548 583.493355
v 0.100000 30.200000 583.500000
v 1.401651 30.200000 583.202907
v 2.445494 30.200000 582.370469
v 3.024784 30.200000 581.167563
v 3.024784 30.200000 579.832437
v 2.445494 30.200000 578.629531
v 1.401651 30.200000 577.797093
v 0.100000 30.200000 577.500000
v -1.201651 30.200000 577.797093
v -2.245494 30.200000 578.629531
v -2.824784 30.200000 579.832437
v -2.824784 30.200000 581.167563
v -2.245494 30.200000 582.370469
v -1.201651 30.200000 583.202907
v 0.100000 34.791332 650.000000
v 0.100000 38.183548 650.000000
v 0.300000 38.183548 650.000000
v 0.300000 34.791332 650.000000
v 0.300000 38.183548 697.643616
v 0.300000 34.791332 703.071162
v -0.100000 34.791332 703.071162
v -0.100000 34.791332 650.000000
v -0.100000 38.183548 650.000000
v -0.100000 38.183548 697.643616
v 2.371000 38.183548 697.643616
v 2.371000 33.763027 704.716452
v -1.129000 33.763027 704.716452
v -1.129000 38.183548 697.643616
v 0.299557 38.183548 649.993355
v 1.316658 38.183548 649.742215
v 2.185385 38.183548 649.156657
v 2.799796 38.183548 648.308090
v 3.084962 38.183548 647.300000
v 28.998165 38.183548 647.300000
v 28.998165 38.183548 671.016452
v 28.727139 38.183548 674.805892
v 27.919578 38.183548 678.518191
v 26.591921 38.183548 682.077776
v 24.771197 38.183548 685.412184
v 22.494469 38.183548 688.453536
v 19.808085 38.183548 691.139920
v 16.766732 38.183548 693.416648
v 13.432324 38.183548 695.237373
v 9.872739 38.183548 696.565029
v 6.160441 38.183548 697.372590
v -32.556165 35.183548 646.700000
v -27.756165 38.183548 646.700000
v -2.884962 38.183548 646.700000
v -2.884962 35.183548 646.700000
v -27.756165 38.183548 647.300000
v -32.556165 35.183548 647.300000
v -2.884962 35.183548 647.300000
v -2.884962 38.183548 647.300000
v -2.898328 35.183548 646.899851
v -2.898328 35.183548 647.100149
v -27.756165 38.183548 580.800000
v -0.100000 38.183548 583.500000
v -0.100000 38.183548 644.000000
v 0.100000 38.183548 644.000000
v -0.099557 38.183548 644.006645
v -1.116658 38.183548 644.257785
v -1.985385 38.183548 644.843343
v -2.599796 38.183548 645.691910
v -4.918441 38.183548 697.372590
v -8.630739 38.183548 696.565029
v -12.190324 38.183548 695.237373
v -15.524732 38.183548 693.416648
v -18.566085 38.183548 691.139920
v -21.252469 38.183548 688.453536
v -23.529197 38.183548 685.412184
v -25.349921 38.183548 682.077776
v -26.677578 38.183548 678.518191
v -27.485139 38.183548 674.805892
v -27.756165 38.183548 671.016452
v -2.599796 38.183548 648.308090
v -1.985385 38.183548 649.156657
v -1.116658 38.183548 649.742215
v -0.099557 38.183548 649.993355
v 0.299557 38.183548 644.006645
v 1.316658 38.183548 644.257785
v 2.185385 38.183548 644.843343
v 2.799796 38.183548 645.691910
v 3.084962 38.183548 646.700000
v 3.084962 35.183548 646.700000
v 3.098328 35.183548 646.899851
v 3.098328 35.183548 647.100149
v 3.084962 35.183548 647.300000
v 0.100000 33.558577 644.000000
v -1.201651 33.558577 644.297093
v -2.245494 33.558577 645.129531
v -2.824784 33.558577 646.332437
v -2.824784 33.558577 647.667563
v -2.245494 33.558577 648.870469
v -1.201651 33.558577 649.702907
v 0.100000 33.558577 650.000000
v 1.401651 33.558577 649.702907
v 2.445494 33.558577 648.870469
v 3.024784 33.558577 647.667563
v 3.024784 33.558577 646.332437
v 2.445494 33.558577 645.129531
v 1.401651 33.558577 644.297093
v 33.798165 35.183548 647.300000
v 33.798165 35.183548 646.700000
v 28.998165 38.183548 646.700000
v 0.300000 38.183548 644.000000
v 0.300000 38.183548 583.500000
v 28.998165 38.183548 580.800000
v 0.100000 33.765741 583.500000
v 0.300000 33.765741 583.500000
v 0.100000 34.791332 644.000000
v -0.100000 34.791332 644.000000
v 0.300000 34.791332 644.000000
v 0.300000 34.791332 586.871677
v -0.100000 34.791332 586.871677
v -0.100000 33.765741 583.500000
v -32.554119 35.183548 580.200000
v -27.756165 38.182370 580.200000
v -32.556165 35.183548 580.800000
v -32.556165 35.183548 580.500000
v -32.555938 35.183548 580.399997
v -32.555255 35.183548 580.299997
v -34.829000 33.763027 671.016452
v -34.829000 33.763027 580.500000
v 33.796119 35.183548 580.200000
v 33.797255 35.183548 580.299997
v 33.797938 35.183548 580.399997
v 33.798165 35.183548 580.500000
v 33.798165 35.183548 580.800000
v 28.998165 38.182370 580.200000
v 28.998165 37.878583 575.683744
v 28.998165 37.042493 571.235169
v 28.998165 35.685850 566.916793
v 28.998165 33.827717 562.789299
v 28.998165 31.494208 558.910692
v 28.998165 28.718115 555.335477
v 28.998165 25.538450 552.113895
v 28.998165 21.999896 549.291220
v 28.998165 18.152180 546.907118
v 28.998165 14.049374 544.995093
v 28.998165 9.749134 543.582013
v 28.998165 5.311891 542.687738
v 28.998165 0.800000 542.324833
v 32.643381 0.800000 544.603625
v 36.071000 0.800000 546.746453
v 36.071000 5.132990 547.129439
v 36.071000 9.380779 548.066330
v 36.071000 13.472861 549.541577
v 36.071000 17.341311 551.530690
v 36.071000 20.921919 554.000655
v 36.071000 24.155252 556.910473
v 36.071000 26.987640 560.211845
v 36.071000 29.372071 563.849973
v 36.071000 31.268965 567.764468
v 36.071000 32.646837 571.890356
v 36.071000 33.482816 576.159152
v 36.071000 33.763027 580.500000
v -27.756165 37.878583 575.683744
v -27.756165 37.042493 571.235169
v -27.756165 35.685850 566.916793
v -27.756165 33.827717 562.789299
v -27.756165 31.494208 558.910692
v -27.756165 28.718115 555.335477
v -27.756165 25.538450 552.113895
v -27.756165 21.999896 549.291220
v -27.756165 18.152180 546.907118
v -27.756165 14.049374 544.995093
v -27.756165 9.749134 543.582013
v -27.756165 5.311891 542.687738
v -27.756165 0.800000 542.324833
v 0.300000 38.065514 577.500000
v 0.300000 37.428808 572.945681
v 0.300000 36.249218 568.500933
v 0.300000 34.543853 564.230225
v 0.300000 32.337450 560.195501
v 0.300000 29.662011 556.455282
v 0.300000 26.556341 553.063817
v 0.300000 23.065487 550.070299
v 0.300000 19.240081 547.518147
v 0.300000 15.135608 545.444377
v 0.300000 10.811603 543.879069
v 0.300000 6.330781 542.844926
v 0.300000 1.758135 542.356949
v -0.100000 1.758135 542.356949
v -0.100000 6.330781 542.844926
v -0.100000 10.811603 543.879069
v -0.100000 15.135608 545.444377
v -0.100000 19.240081 547.518147
v -0.100000 23.065487 550.070299
v -0.100000 26.556341 553.063817
v -0.100000 29.662011 556.455282
v -0.100000 32.337450 560.195501
v -0.100000 34.543853 564.230225
v -0.100000 36.249218 568.500933
v -0.100000 37.428808 572.945681
v -0.100000 38.065514 577.500000
v 0.100000 32.043420 577.500000
v -0.100000 32.043420 577.500000
v 0.300000 32.043420 577.500000
v 0.300000 31.388798 573.391966
v 0.300000 30.209772 569.402683
v 0.300000 28.526041 565.598800
v 0.300000 26.365734 562.043867
v 0.300000 23.764943 558.797275
v 0.300000 20.767118 555.913263
v 0.300000 17.422343 553.440015
v 0.300000 13.786498 551.418850
v 0.300000 9.920326 549.883535
v 0.300000 5.888418 548.859720
v 0.300000 1.758135 548.364509
v -0.100000 1.758135 548.364509
v -0.100000 31.388798 573.391966
v -0.100000 30.209772 569.402683
v -0.100000 28.526041 565.598800
v -0.100000 26.365734 562.043867
v -0.100000 23.764943 558.797275
v -0.100000 20.767118 555.913263
v -0.100000 17.422343 553.440015
v -0.100000 13.786498 551.418850
v -0.100000 9.920326 549.883535
v -0.100000 5.888418 548.859720
v -33.548913 0.799998 682.571170
v -33.585950 0.800000 682.715183
v -33.669934 0.800000 682.476715
v -34.753663 0.800000 678.738629
v -35.409467 0.800000 674.902267
v -35.629000 0.800000 671.016452
v -35.629000 0.800000 546.293575
v -27.985602 0.800000 541.516452
v 29.227602 0.800000 541.516452
v 36.871000 0.800000 546.293575
v 36.871000 0.800000 552.753449
v 36.071000 0.800000 552.753449
v -31.401381 0.800000 544.603625
v -34.829000 0.800000 546.746453
v -34.829000 0.800000 671.016452
v -34.685977 0.800000 674.117949
v -34.258123 0.800000 677.193120
v -33.549068 0.800000 680.215864
v 36.871000 0.100000 552.679125
v 36.871000 0.333539 552.701940
v 36.871000 0.566877 552.726715
v 36.871000 0.100000 546.293575
v 29.227602 0.100000 541.516452
v -27.985602 0.100000 541.516452
v -35.629000 0.100000 546.293575
v -33.595753 0.100001 682.687912
v -33.669934 0.100000 682.476715
v -35.629000 0.100000 671.016452
v -34.753663 0.100000 678.738629
v -35.409467 0.100000 674.902267
v -33.692550 0.100000 682.793413
v -33.801729 0.100000 682.838001
v -33.867759 0.100000 682.843555
v -33.968623 0.100000 682.822519
v -34.035515 0.100000 682.785625
v -34.110603 0.100000 682.705846
v -34.141393 0.100000 682.643228
v -35.240910 0.100000 678.850835
v -35.906269 0.100000 674.958731
v -36.129000 0.100000 671.016452
v -36.129000 0.100000 546.182872
v -36.112086 0.100000 546.083561
v -36.063250 0.100000 545.995449
v -35.988000 0.100000 545.928471
v -28.129000 0.100000 541.016578
v 29.371000 0.100000 541.016578
v 37.230000 0.100000 545.928471
v 37.305250 0.100000 545.995449
v 37.354086 0.100000 546.083561
v 37.371000 0.100000 546.182872
v 37.371000 0.100000 552.679125
v -34.540692 33.763027 675.415184
v -33.680700 33.763027 679.738653
v -32.263740 33.763027 683.912883
v -30.314056 33.763027 687.866452
v -27.865008 33.763027 691.531712
v -24.958499 33.763027 694.845950
v -21.644260 33.763027 697.752459
v -17.979000 33.763027 700.201508
v -14.025432 33.763027 702.151192
v -9.851202 33.763027 703.568152
v -5.527733 33.763027 704.428143
v -1.129000 33.636131 704.716452
v -4.874495 33.288391 704.507108
v -8.553268 32.527227 703.888476
v -12.068001 31.381602 702.891118
v -15.338412 29.908902 701.574113
v -18.293180 28.188265 700.017647
v -20.912139 26.294359 698.298512
v -23.272304 24.220618 696.420211
v -25.379608 21.992940 694.417263
v -27.233616 19.641049 692.328282
v -28.836830 17.191759 690.197948
v -30.192949 14.671032 688.074482
v -31.304592 12.110006 686.020566
v -32.188532 9.505819 684.092764
v -32.859511 6.826673 682.367892
v -33.320934 3.992879 680.984858
v -33.468530 2.460462 680.495101
v -34.829000 5.132990 547.129439
v -34.829000 9.380779 548.066330
v -34.829000 13.472861 549.541577
v -34.829000 17.341311 551.530690
v -34.829000 20.921919 554.000655
v -34.829000 24.155252 556.910473
v -34.829000 26.987640 560.211845
v -34.829000 29.372071 563.849973
v -34.829000 31.268965 567.764468
v -34.829000 32.646837 571.890356
v -34.829000 33.482816 576.159152
v 37.371000 0.100000 671.016452
v 37.371000 0.100000 608.320875
v 37.371000 4.167571 607.634933
v 37.371000 8.089832 606.357621
v 37.371000 11.781301 604.516776
v 37.371000 15.161528 602.152517
v 37.371000 18.156846 599.316371
v 37.371000 20.701975 596.070146
v 37.371000 22.741447 592.484591
v 37.371000 24.230816 588.637848
v 37.371000 25.137622 584.613751
v 37.371000 25.442102 580.500000
v 37.371000 25.137622 576.386249
v 37.371000 24.230816 572.362152
v 37.371000 22.741447 568.515409
v 37.371000 20.701975 564.929854
v 37.371000 18.156846 561.683629
v 37.371000 15.161528 558.847483
v 37.371000 11.781301 556.483224
v 37.371000 8.089832 554.642379
v 37.371000 4.167571 553.365067
v 37.371000 4.570170 546.488401
v 37.371000 8.962432 547.373725
v 37.371000 13.201912 548.823750
v 37.371000 17.216340 550.813758
v 37.371000 20.937282 553.309826
v 37.371000 24.301307 556.269404
v 37.371000 27.251069 559.642039
v 37.371000 29.736284 563.370239
v 37.371000 31.714586 567.390448
v 37.371000 33.152251 571.634136
v 37.371000 34.024772 576.028959
v 37.371000 34.317274 580.500000
v 37.371000 34.317274 671.016452
v -33.461334 2.549479 682.819200
v -33.289306 4.249578 683.287411
v -33.040972 5.880414 683.930928
v -32.724125 7.445526 684.702866
v -31.909880 10.408225 686.473670
v -30.868995 13.183921 688.427063
v -29.611530 15.812226 690.454345
v -28.137904 18.314885 692.488770
v -26.440529 20.698689 694.498459
v -24.513259 22.960583 696.451338
v -22.353162 25.079559 698.312940
v -19.957670 27.032593 700.048527
v -17.324214 28.796658 701.623360
v -14.451595 30.347746 703.002206
v -11.357014 31.648662 704.143191
v -8.071005 32.652919 704.999802
v -4.636844 33.323027 705.533061
v -1.118143 33.636526 705.716452
v -1.119597 33.676692 705.866452
v -1.123571 33.786428 705.976259
v -1.129000 33.936330 706.016452
v -4.753696 33.613820 705.826920
v -8.289371 32.922827 705.276026
v -11.669113 31.887051 704.391675
v -14.847964 30.546278 703.215112
v -17.793889 28.949097 701.794987
v -20.490195 27.133401 700.174599
v -22.938505 25.124070 698.390696
v -25.141531 22.945209 696.479633
v -27.101985 20.620923 694.477767
v -28.823166 18.172081 692.421022
v -30.311979 15.599586 690.342657
v -31.576099 12.895615 688.277530
v -32.613020 10.033608 686.304396
v -33.411579 6.971370 684.539526
v -33.713996 5.349999 683.792091
v -33.942058 3.657798 683.194955
v -34.087419 1.899001 682.796505
v -32.260973 10.787600 686.935070
v -31.182523 12.472964 688.022844
v -29.124015 17.482312 691.981023
v -28.742599 17.377605 691.825784
v -27.757187 18.915370 693.094952
v -22.542759 25.333703 698.676177
v -20.419443 26.697637 699.832079
v -14.219395 30.736399 703.459331
v -14.046967 30.548148 703.248213
v -7.271576 33.070740 705.459075
v -7.187384 32.868451 705.238762
v -33.491426 2.448532 682.913123
v -33.535234 2.437146 682.985336
v -33.597794 2.430179 683.042447
v -33.674185 2.428136 683.080186
v -33.757854 2.431065 683.095999
v -33.826578 2.437089 683.091153
v -33.963067 2.460123 683.026709
v -33.248723 4.716845 683.570933
v -33.293584 4.697805 683.639473
v -33.356195 4.686447 683.694102
v -33.431764 4.683572 683.730834
v -33.514001 4.689207 683.747231
v -33.581300 4.699988 683.744086
v -33.714683 4.740323 683.686701
v -32.871741 6.867019 684.521950
v -32.917611 6.844305 684.586646
v -32.979964 6.831324 684.638747
v -33.054207 6.828950 684.674583
v -33.134413 6.837124 684.691841
v -33.199798 6.851389 684.690749
v -33.329259 6.903131 684.641515
v -32.378376 8.911200 685.654029
v -32.424941 8.887373 685.715401
v -32.486658 8.874512 685.765394
v -32.559182 8.873439 685.800635
v -32.636991 8.883976 685.818920
v -32.700217 8.900854 685.819916
v -32.825474 8.960124 685.778626
v -31.824917 10.726925 686.805002
v -31.871763 10.703466 686.863924
v -31.932555 10.691642 686.912444
v -32.003201 10.692169 686.947423
v -32.078571 10.704750 686.966750
v -32.139680 10.723536 686.969596
v -30.453820 14.158719 689.280017
v -30.500281 14.138507 689.335404
v -30.558407 14.130352 689.381991
v -30.624651 14.134678 689.417028
v -30.694671 14.150971 689.438558
v -30.751292 14.172565 689.444851
v -30.864425 14.242134 689.422405
v -31.606369 12.545163 688.158917
v -31.489112 12.477847 688.187192
v -31.430209 12.457527 688.182582
v -31.357446 12.443031 688.162163
v -31.288907 12.440664 688.127229
v -31.229325 12.450834 688.079812
v -29.640837 15.792553 690.551591
v -29.686685 15.774525 690.605656
v -29.743144 15.768517 690.651595
v -29.806940 15.774808 690.686823
v -29.874111 15.792794 690.709457
v -29.928389 15.815507 690.717356
v -30.037290 15.886808 690.700397
v -27.801057 18.902117 693.146946
v -27.853603 18.900543 693.191974
v -27.912089 18.910672 693.227749
v -27.973265 18.931764 693.252526
v -28.022664 18.956377 693.263417
v -28.122683 19.030148 693.256583
v -29.019478 17.409633 691.992789
v -28.967606 17.385920 691.983360
v -28.903383 17.366337 691.959641
v -28.842175 17.358107 691.924161
v -28.787580 17.361912 691.878732
v -25.517568 21.852776 695.587345
v -25.558530 21.844538 695.637781
v -25.606456 21.847395 695.682223
v -25.659114 21.861168 695.718646
v -25.713898 21.885033 695.745441
v -25.758138 21.911210 695.759058
v -25.848562 21.986571 695.761420
v -27.031374 20.531803 694.519373
v -26.936054 20.457157 694.521505
v -26.889197 20.431727 694.509219
v -26.831168 20.409209 694.483414
v -26.775533 20.397228 694.447320
v -26.725212 20.396573 694.402614
v -26.682686 20.407328 694.351447
v -23.958119 23.560237 697.067611
v -23.996854 23.555077 697.117263
v -24.041606 23.560580 697.161444
v -24.090431 23.576467 697.198276
v -24.141083 23.601883 697.226233
v -24.181996 23.628891 697.241397
v -24.266108 23.704946 697.248993
v -22.259134 25.178746 698.487845
v -22.295317 25.176597 698.536824
v -22.336648 25.184643 698.580804
v -22.381453 25.202526 698.618040
v -22.427819 25.229373 698.647088
v -22.465287 25.257122 698.663693
v -18.437874 28.106247 701.084348
v -18.468001 28.109717 701.132255
v -18.501761 28.122416 701.175958
v -18.537970 28.143875 701.213945
v -18.575296 28.173219 701.244928
v -18.605501 28.202213 701.264071
v -18.668658 28.279500 701.285222
v -20.677335 26.862127 700.026933
v -20.606844 26.785149 700.009924
v -20.572944 26.756740 699.991991
v -20.531019 26.728583 699.961932
v -20.490420 26.708838 699.924307
v -20.452755 26.698382 699.880482
v -16.313257 29.393911 702.228685
v -16.339891 29.399886 702.276161
v -16.369509 29.414630 702.319760
v -16.401144 29.437637 702.358074
v -16.433713 29.468046 702.389884
v -16.460093 29.497559 702.410112
v -16.515548 29.575105 702.435006
v -14.069809 30.556361 703.295307
v -14.095058 30.572920 703.338812
v -14.121939 30.597294 703.377407
v -14.149592 30.628640 703.409941
v -14.172015 30.658612 703.431122
v -9.138180 32.375527 704.829838
v -9.152649 32.387263 704.876332
v -9.168545 32.406655 704.919672
v -9.185431 32.433156 704.958679
v -9.202822 32.465958 704.992306
v -9.216979 32.496648 705.014945
v -9.247222 32.574846 705.048283
v -11.791872 31.743537 704.337595
v -11.752910 31.665528 704.306552
v -11.734564 31.635162 704.284562
v -11.711975 31.603015 704.251419
v -11.690015 31.577470 704.212591
v -11.669348 31.559354 704.169175
v -11.650571 31.549208 704.122409
v -7.198482 32.881132 705.285094
v -7.210689 32.901283 705.328382
v -7.223680 32.928351 705.367488
v -7.237094 32.961542 705.401391
v -7.248046 32.992425 705.424403
v -3.164768 33.506608 705.719367
v -3.168862 33.520485 705.765469
v -3.173487 33.541598 705.808667
v -3.178524 33.569393 705.847866
v -3.183839 33.603089 705.882083
v -3.188266 33.634231 705.905535
v -3.198064 33.712737 705.941820
v -5.250907 33.451413 705.758565
v -5.234203 33.372998 705.722908
v -5.226499 33.341964 705.699625
v -5.217115 33.308475 705.665524
v -5.208079 33.280973 705.626353
v -5.199635 33.260246 705.583111
v -5.192005 33.246846 705.536910
v 2.350937 33.583226 705.716452
v 2.353625 33.623328 705.866452
v 2.360969 33.732890 705.976259
v 2.371000 33.882554 706.016452
v 1.205179 33.940588 706.016452
v 0.038053 33.958520 706.016452
v 0.038600 33.658521 705.716452
v 1.195416 33.640747 705.716452
v -1.129000 34.317274 706.016452
v -5.697417 34.317274 705.717022
v -10.187667 34.317274 704.823855
v -14.522920 34.317274 703.352235
v -18.629000 34.317274 701.327341
v -22.435650 34.317274 698.783818
v -25.877737 34.317274 695.765189
v -28.896367 34.317274 692.323102
v -31.439889 34.317274 688.516452
v -33.464784 34.317274 684.410372
v -34.936404 34.317274 680.075118
v -35.829570 34.317274 675.584868
v -36.129000 34.317274 671.016452
v -36.129000 4.570170 546.488401
v -36.129000 8.962432 547.373725
v -36.129000 13.201912 548.823750
v -36.129000 17.216340 550.813758
v -36.129000 20.937282 553.309826
v -36.129000 24.301307 556.269404
v -36.129000 27.251069 559.642039
v -36.129000 29.736284 563.370239
v -36.129000 31.714586 567.390448
v -36.129000 33.152251 571.634136
v -36.129000 34.024772 576.028959
v -36.129000 34.317274 580.500000
v -36.112086 34.416584 580.500000
v -36.063250 34.504696 580.500000
v -35.988000 34.571674 580.500000
v -35.988000 34.276995 575.995753
v -35.988000 33.397982 571.568292
v -35.988000 31.949620 567.293094
v -35.988000 29.956600 563.243039
v -35.988000 27.452898 559.487170
v -35.988000 24.481195 556.089516
v -35.988000 21.092150 553.107997
v -35.988000 17.343540 550.593441
v -35.988000 13.299267 548.588715
v -35.988000 9.028275 547.127993
v -35.988000 4.603376 546.236177
v -36.091393 12.520416 548.392101
v -36.091393 18.197085 551.233225
v -36.091393 29.319288 562.387646
v -36.091393 32.143981 568.072509
v -36.091393 6.418944 546.640361
v -36.091393 3.273226 546.193091
v -36.091393 9.510100 547.375447
v -36.091393 15.424306 549.681681
v -36.091393 23.256348 555.067338
v -36.091393 20.815184 553.033545
v -36.091393 25.499826 557.317315
v -36.091393 27.526549 559.764351
v -36.091393 30.862806 565.164902
v -36.091393 33.878065 574.179023
v -36.091393 33.151923 571.085754
v -36.091393 34.316233 577.326022
v -36.112086 34.416584 671.016452
v -36.063250 34.504696 671.016452
v -35.988000 34.571674 671.016452
v -36.091393 34.462705 667.783721
v -36.091393 34.462705 664.550991
v -36.091393 34.462705 661.318260
v -36.091393 34.462705 658.085530
v -36.091393 34.462705 654.852799
v -36.091393 34.462705 651.620069
v -36.091393 34.462705 648.387339
v -36.091393 34.462705 645.154608
v -36.091393 34.462705 641.921878
v -36.091393 34.462705 638.689147
v -36.091393 34.462705 635.456417
v -36.091393 34.462705 632.223687
v -36.091393 34.462705 628.990956
v -36.091393 34.462705 625.758226
v -36.091393 34.462705 622.525495
v -36.091393 34.462705 619.292765
v -36.091393 34.462705 616.060035
v -36.091393 34.462705 612.827304
v -36.091393 34.462705 609.594574
v -36.091393 34.462705 606.361843
v -36.091393 34.462705 603.129113
v -36.091393 34.462705 599.896382
v -36.091393 34.462705 596.663652
v -36.091393 34.462705 593.430922
v -36.091393 34.462705 590.198191
v -36.091393 34.462705 586.965461
v -36.091393 34.462705 583.732730
v -1.129000 34.416584 705.999537
v -1.129000 34.504696 705.950702
v -1.129000 34.571674 705.875451
v -5.679012 34.571674 705.577228
v -10.151173 34.571674 704.687660
v -14.468962 34.571674 703.221968
v -18.558500 34.571674 701.205231
v -22.349814 34.571674 698.671955
v -25.778035 34.571674 695.665487
v -28.784504 34.571674 692.237266
v -31.317779 34.571674 688.445951
v -33.334516 34.571674 684.356413
v -34.800208 34.571674 680.038625
v -35.689776 34.571674 675.566464
v -33.730460 34.462705 683.646325
v -30.854625 34.462705 689.421780
v -19.534328 34.462705 700.742077
v -13.758873 34.462705 703.617912
v -35.496092 34.462705 677.440774
v -35.942249 34.462705 674.242374
v -34.756726 34.462705 680.584364
v -32.426051 34.462705 686.600531
v -26.966520 34.462705 694.570463
v -29.029592 34.462705 692.086000
v -24.683012 34.462705 696.853972
v -22.198549 34.462705 698.917043
v -16.713079 34.462705 702.313502
v -7.553323 34.462705 705.383543
v -10.696913 34.462705 704.644177
v -4.354923 34.462705 705.829701
v 2.371000 34.317274 706.016452
v 2.371000 34.416584 705.999537
v 2.371000 34.504696 705.950702
v 2.371000 34.571674 705.875451
v 6.939417 34.317274 705.717022
v 11.429667 34.317274 704.823855
v 15.764920 34.317274 703.352235
v 19.871000 34.317274 701.327341
v 23.677650 34.317274 698.783818
v 27.119737 34.317274 695.765189
v 30.138367 34.317274 692.323102
v 32.681889 34.317274 688.516452
v 34.706784 34.317274 684.410372
v 36.178404 34.317274 680.075118
v 37.071570 34.317274 675.584868
v 37.354086 34.416584 671.016452
v 37.305250 34.504696 671.016452
v 37.230000 34.571674 671.016452
v 36.931776 34.571674 675.566464
v 36.042208 34.571674 680.038625
v 34.576516 34.571674 684.356413
v 32.559779 34.571674 688.445951
v 30.026504 34.571674 692.237266
v 27.020035 34.571674 695.665487
v 23.591814 34.571674 698.671955
v 19.800500 34.571674 701.205231
v 15.710962 34.571674 703.221968
v 11.393173 34.571674 704.687660
v 6.921012 34.571674 705.577228
v 15.000873 34.462705 703.617912
v 20.776328 34.462705 700.742077
v 32.096625 34.462705 689.421780
v 34.972460 34.462705 683.646325
v 8.795323 34.462705 705.383543
v 5.596923 34.462705 705.829701
v 11.938913 34.462705 704.644177
v 17.955079 34.462705 702.313502
v 25.925012 34.462705 696.853972
v 23.440549 34.462705 698.917043
v 28.208520 34.462705 694.570463
v 30.271592 34.462705 692.086000
v 33.668051 34.462705 686.600531
v 36.738092 34.462705 677.440774
v 35.998726 34.462705 680.584364
v 37.184249 34.462705 674.242374
v 37.354086 34.416584 580.500000
v 37.305250 34.504696 580.500000
v 37.230000 34.571674 580.500000
v 37.333393 34.462705 583.732730
v 37.333393 34.462705 586.965461
v 37.333393 34.462705 590.198191
v 37.333393 34.462705 593.430922
v 37.333393 34.462705 596.663652
v 37.333393 34.462705 599.896382
v 37.333393 34.462705 603.129113
v 37.333393 34.462705 606.361843
v 37.333393 34.462705 609.594574
v 37.333393 34.462705 612.827304
v 37.333393 34.462705 616.060035
v 37.333393 34.462705 619.292765
v 37.333393 34.462705 622.525495
v 37.333393 34.462705 625.758226
v 37.333393 34.462705 628.990956
v 37.333393 34.462705 632.223687
v 37.333393 34.462705 635.456417
v 37.333393 34.462705 638.689147
v 37.333393 34.462705 641.921878
v 37.333393 34.462705 645.154608
v 37.333393 34.462705 648.387339
v 37.333393 34.462705 651.620069
v 37.333393 34.462705 654.852799
v 37.333393 34.462705 658.085530
v 37.333393 34.462705 661.318260
v 37.333393 34.462705 664.550991
v 37.333393 34.462705 667.783721
v 37.230000 4.603376 546.236177
v 37.230000 9.028275 547.127993
v 37.230000 13.299267 548.588715
v 37.230000 17.343540 550.593441
v 37.230000 21.092150 553.107997
v 37.230000 24.481195 556.089516
v 37.230000 27.452898 559.487170
v 37.230000 29.956600 563.243039
v 37.230000 31.949620 567.293094
v 37.230000 33.397982 571.568292
v 37.230000 34.276995 575.995753
v 37.333393 32.143981 568.072509
v 37.333393 29.319288 562.387646
v 37.333393 18.197085 551.233225
v 37.333393 12.520416 548.392101
v 37.333393 3.273226 546.193091
v 37.333393 6.418944 546.640361
v 37.333393 9.510100 547.375447
v 37.333393 15.424306 549.681681
v 37.333393 20.815184 553.033545
v 37.333393 23.256348 555.067338
v 37.333393 25.499826 557.317315
v 37.333393 27.526549 559.764351
v 37.333393 30.862806 565.164902
v 37.333393 33.151923 571.085754
v 37.333393 33.878065 574.179023
v 37.333393 34.316233 577.326022
v 34.332384 0.100000 685.280740
v 35.650737 0.100000 681.854306
v 36.602918 0.100000 678.308624
v 37.178450 0.100000 674.682707
v 5.851587 33.472660 705.841795
v 9.242108 32.722445 705.335081
v 12.484120 31.653650 704.523315
v 15.538006 30.301463 703.444549
v 18.375232 28.708406 702.142984
v 20.980578 26.907244 700.658894
v 23.354716 24.918868 699.027736
v 25.499266 22.763465 697.284679
v 27.415846 20.461223 695.464893
v 29.106381 18.029162 693.604146
v 30.574664 15.464760 691.741900
v 31.824570 12.757441 689.921225
v 32.849318 9.886430 688.222203
v 33.633117 6.822616 686.756284
v 33.926460 5.211358 686.158217
v 34.145016 3.546678 685.693663
v 34.282094 1.836055 685.393480
v -1.900000 39.483548 580.500000
v -1.632051 39.483548 581.500000
v -0.900000 39.483548 582.232051
v 0.100000 39.483548 582.500000
v 1.100000 39.483548 582.232051
v 1.832051 39.483548 581.500000
v 2.100000 39.483548 580.500000
v 1.947734 39.476128 579.734573
v 1.514213 39.458213 579.085786
v 0.865426 39.440290 578.652266
v 0.100000 39.432862 578.500000
v -0.665426 39.440290 578.652266
v -1.314213 39.458213 579.085786
v -1.747734 39.476128 579.734573
v 0.100000 38.683548 582.500000
v -0.900000 38.683548 582.232051
v -1.632051 38.683548 581.500000
v -1.900000 38.683548 580.500000
v -1.632051 38.683548 579.500000
v -0.900000 38.683548 578.767949
v 0.100000 38.683548 578.500000
v 1.100000 38.683548 578.767949
v 1.832051 38.683548 579.500000
v 2.100000 38.683548 580.500000
v 1.832051 38.683548 581.500000
v 1.100000 38.683548 582.232051
v -28.129000 39.483548 580.500000
v -28.129000 39.483548 671.016452
v -27.854179 39.483548 674.858952
v -27.035310 39.483548 678.623231
v -25.689064 39.483548 682.232657
v -23.842845 39.483548 685.613754
v -21.534239 39.483548 688.697691
v -18.810240 39.483548 691.421690
v -15.726302 39.483548 693.730297
v -12.345205 39.483548 695.576515
v -8.735779 39.483548 696.922762
v -4.971501 39.483548 697.741630
v -1.129000 39.483548 698.016452
v 2.371000 39.483548 698.016452
v 6.213501 39.483548 697.741630
v 9.977779 39.483548 696.922762
v 13.587205 39.483548 695.576515
v 16.968302 39.483548 693.730297
v 20.052240 39.483548 691.421690
v 22.776239 39.483548 688.697691
v 25.084845 39.483548 685.613754
v 26.931064 39.483548 682.232657
v 28.277310 39.483548 678.623231
v 29.096179 39.483548 674.858952
v 29.371000 39.483548 671.016452
v 29.371000 39.483548 580.500000
v 0.100000 39.483548 645.000000
v 1.100000 39.483548 645.267949
v 1.832051 39.483548 646.000000
v 2.100000 39.483548 647.000000
v 1.832051 39.483548 648.000000
v 1.100000 39.483548 648.732051
v 0.100000 39.483548 649.000000
v -0.900000 39.483548 648.732051
v -1.632051 39.483548 648.000000
v -1.900000 39.483548 647.000000
v -1.632051 39.483548 646.000000
v -0.900000 39.483548 645.267949
v 0.100000 38.683548 645.000000
v 1.100000 38.683548 645.267949
v 1.832051 38.683548 646.000000
v 2.100000 38.683548 647.000000
v 1.832051 38.683548 648.000000
v 1.100000 38.683548 648.732051
v 0.100000 38.683548 649.000000
v -0.900000 38.683548 648.732051
v -1.632051 38.683548 648.000000
v -1.900000 38.683548 647.000000
v -1.632051 38.683548 646.000000
v -0.900000 38.683548 645.267949
v 0.100000 37.683548 581.500000
v -0.400000 37.683548 581.366025
v -0.766025 37.683548 581.000000
v -0.900000 37.683548 580.500000
v -0.766025 37.683548 580.000000
v -0.400000 37.683548 579.633975
v 0.100000 37.683548 579.500000
v 0.600000 37.683548 579.633975
v 0.966025 37.683548 580.000000
v 1.100000 37.683548 580.500000
v 0.966025 37.683548 581.000000
v 0.600000 37.683548 581.366025
v 0.100000 30.200000 581.500000
v 0.600000 30.200000 581.366025
v 0.966025 30.200000 581.000000
v 1.100000 30.200000 580.500000
v 0.966025 30.200000 580.000000
v 0.600000 30.200000 579.633975
v 0.100000 30.200000 579.500000
v -0.400000 30.200000 579.633975
v -0.766025 30.200000 580.000000
v -0.900000 30.200000 580.500000
v -0.766025 30.200000 581.000000
v -0.400000 30.200000 581.366025
v 0.100000 37.683548 646.000000
v 0.600000 37.683548 646.133975
v 0.966025 37.683548 646.500000
v 1.100000 37.683548 647.000000
v 0.966025 37.683548 647.500000
v 0.600000 37.683548 647.866025
v 0.100000 37.683548 648.000000
v -0.400000 37.683548 647.866025
v -0.766025 37.683548 647.500000
v -0.900000 37.683548 647.000000
v -0.766025 37.683548 646.500000
v -0.400000 37.683548 646.133975
v 0.100000 33.558577 646.000000
v -0.400000 33.558577 646.133975
v -0.766025 33.558577 646.500000
v -0.900000 33.558577 647.000000
v -0.766025 33.558577 647.500000
v -0.400000 33.558577 647.866025
v 0.100000 33.558577 648.000000
v 0.600000 33.558577 647.866025
v 0.966025 33.558577 647.500000
v 1.100000 33.558577 647.000000
v 0.966025 33.558577 646.500000
v 0.600000 33.558577 646.133975
v 2.371000 33.581875 704.716452
v 1.205195 33.640427 704.716452
v 0.038060 33.658520 704.716452
v 36.071000 33.763027 671.016452
v 35.782692 33.763027 675.415184
v 34.922700 33.763027 679.738653
v 33.505740 33.763027 683.912883
v 31.556056 33.763027 687.866452
v 29.107008 33.763027 691.531712
v 26.200499 33.763027 694.845950
v 22.886260 33.763027 697.752459
v 19.221000 33.763027 700.201508
v 15.267432 33.763027 702.151192
v 11.093202 33.763027 703.568152
v 6.769733 33.763027 704.428143
v 29.371000 4.850838 541.315565
v 29.371000 9.531167 542.184110
v 29.371000 14.072957 543.609588
v 29.371000 18.410193 545.571281
v 29.371000 22.479830 548.040674
v 29.371000 26.222716 550.981874
v 29.371000 29.584446 554.352129
v 29.371000 32.516157 558.102452
v 29.371000 34.975234 562.178331
v 29.371000 36.925936 566.520520
v 29.371000 38.339907 571.065907
v 29.371000 39.196595 575.748420
v -28.129000 4.850838 541.315565
v -28.129000 9.531167 542.184110
v -28.129000 14.072957 543.609588
v -28.129000 18.410193 545.571281
v -28.129000 22.479830 548.040674
v -28.129000 26.222716 550.981874
v -28.129000 29.584446 554.352129
v -28.129000 32.516157 558.102452
v -28.129000 34.975234 562.178331
v -28.129000 36.925936 566.520520
v -28.129000 38.339907 571.065907
v -28.129000 39.196595 575.748420
v 33.748961 0.799999 685.180064
v 33.775249 0.800000 685.302255
v 33.784908 0.100001 685.281002
v 33.844126 0.100000 685.368509
v 33.885153 0.100000 685.403291
v 33.991564 0.100000 685.450915
v 34.053931 0.100000 685.458675
v 34.159056 0.100000 685.440996
v 34.216093 0.100000 685.413708
v 34.300620 0.100000 685.335701
v 5.728202 33.184269 705.547609
v 9.019930 32.456261 705.057545
v 12.170635 31.419784 704.271901
v 15.142229 30.107956 703.226614
v 17.907553 28.561410 701.963875
v 20.450960 26.812342 700.522495
v 22.772783 24.880912 698.936397
v 24.874551 22.786375 697.239137
v 26.757797 20.547988 695.464274
v 28.424237 18.183065 693.645729
v 29.877246 15.691435 691.820732
v 31.120836 13.063422 690.029126
v 32.150717 10.281255 688.339884
v 32.952467 7.317407 686.857485
v 33.501620 4.150124 685.725507
v 33.665882 2.491498 685.366451
v 3.528675 33.702012 705.985195
v 3.500254 33.494182 705.765220
v 8.104153 32.926153 705.530348
v 6.904998 32.971740 705.479918
v 11.392342 31.960485 704.820390
v 10.201000 32.117582 704.874162
v 14.503772 30.697840 703.830544
v 13.334678 30.956321 703.977136
v 17.408524 29.180230 702.604269
v 16.273131 29.527437 702.830209
v 19.218259 28.046375 701.676556
v 18.990147 27.871978 701.476717
v 22.529616 25.517141 699.605245
v 21.212853 26.232441 700.130797
v 24.510447 23.656595 698.097831
v 24.209734 23.508914 697.915494
v 26.311175 21.673188 696.517937
v 25.984475 21.537809 696.343451
v 27.932906 19.581159 694.890217
v 27.581960 19.458914 694.723894
v 30.033895 16.253314 692.416385
v 29.003868 17.280348 693.082566
v 31.217726 13.900298 690.787440
v 30.813938 13.814420 690.641862
v 32.452465 10.790692 688.847048
v 31.692091 11.673034 689.272031
v 33.315721 7.805320 687.303390
v 32.618149 8.768723 687.658506
v 33.299913 5.670648 686.320402
v 34.219975 1.246482 685.447247
v 33.759231 1.239343 685.326850
v 34.088054 1.236770 685.505676
v 34.030914 1.234267 685.510349
v 33.945761 1.232282 685.496195
v 33.867780 1.232490 685.458687
v 33.803803 1.234896 685.400793
v 34.157479 2.386474 685.585063
v 34.026307 2.368231 685.641989
v 33.969459 2.363512 685.646315
v 33.884668 2.359734 685.631964
v 33.806898 2.360054 685.594635
v 33.742917 2.364487 685.537266
v 33.698092 2.372746 685.464132
v 33.921183 4.619712 686.091404
v 33.792575 4.586650 686.143371
v 33.736753 4.577984 686.146534
v 33.653268 4.570823 686.131487
v 33.576310 4.570944 686.094681
v 33.512417 4.578411 686.038956
v 33.466823 4.592758 685.968386
v 33.600145 3.492524 685.680131
v 33.645327 3.480908 685.752100
v 33.709287 3.474750 685.808718
v 33.786716 3.474444 685.845801
v 33.870943 3.479955 685.860455
v 33.927344 3.486747 685.856645
v 34.057387 3.512857 685.801935
v 33.750725 5.704222 686.444956
v 33.623788 5.665178 686.493818
v 33.568652 5.654849 686.496242
v 33.486065 5.646131 686.480728
v 33.409698 5.645889 686.444201
v 33.345934 5.654231 686.389443
v 33.192572 7.756776 687.345547
v 33.139038 7.743666 687.346346
v 33.058597 7.732089 687.329745
v 32.983728 7.730702 687.293700
v 32.920451 7.739718 687.240868
v 32.873671 7.758625 687.174937
v 33.101498 6.725982 686.725996
v 33.147927 6.708072 686.793462
v 33.211488 6.699234 686.847237
v 33.287156 6.699988 686.883504
v 33.368719 6.710177 686.899541
v 33.423084 6.721980 686.897917
v 33.548180 6.766146 686.852373
v 32.335452 10.732569 688.879370
v 32.284632 10.716351 688.877708
v 32.207988 10.701048 688.859286
v 32.136014 10.697248 688.823593
v 32.074120 10.705341 688.773110
v 32.026787 10.724929 688.711162
v 32.335664 9.757158 688.171951
v 32.382897 9.737463 688.235123
v 32.445337 9.728853 688.286311
v 32.518353 9.731778 688.322072
v 32.596327 9.745907 688.339870
v 32.648084 9.761209 688.340719
v 32.767185 9.816660 688.305185
v 31.107922 13.835968 690.809614
v 31.060408 13.817343 690.805326
v 30.988559 13.798527 690.784766
v 30.920524 13.791509 690.749023
v 30.860997 13.796868 690.700396
v 31.332147 12.602474 689.850447
v 31.379427 12.583863 689.910230
v 31.439997 12.577267 689.959515
v 31.509685 12.582961 689.995192
v 31.583511 12.600439 690.014893
v 31.632376 12.618200 690.018150
v 31.745105 12.680453 689.992026
v 29.930081 16.185818 692.431127
v 29.885351 16.165727 692.424876
v 29.817636 16.144450 692.402616
v 29.753163 16.134761 692.366606
v 29.696067 16.137370 692.319015
v 29.649881 16.152269 692.262572
v 30.253112 14.997235 691.447802
v 30.299805 14.980939 691.505227
v 30.358172 14.976922 691.553293
v 30.424466 14.985277 691.589150
v 30.494276 15.005357 691.610565
v 30.540411 15.024752 691.615851
v 30.647244 15.090802 691.597470
v 28.677104 18.497670 694.066367
v 28.579506 18.427946 694.074244
v 28.537672 18.406652 694.066159
v 28.474307 18.383158 694.042247
v 28.413702 18.370836 694.005844
v 28.359458 18.370495 693.958991
v 28.314689 18.382290 693.904201
v 29.049411 17.266958 693.138136
v 29.105130 17.265808 693.185327
v 29.167706 17.276821 693.221522
v 29.233273 17.299235 693.244615
v 29.276569 17.319955 693.251798
v 29.377307 17.388663 693.240553
v 27.143308 20.641211 695.709554
v 27.051193 20.571216 695.712072
v 27.011966 20.549437 695.702677
v 26.952555 20.524723 695.677793
v 26.895494 20.510640 695.641543
v 26.843883 20.508070 695.595849
v 26.800427 20.517307 695.543022
v 27.625831 19.448773 694.777981
v 27.678503 19.450622 694.824544
v 27.737069 19.464232 694.861173
v 27.798179 19.488754 694.885887
v 27.838524 19.510573 694.894844
v 24.429788 23.583556 698.090508
v 24.395706 23.559984 698.078346
v 24.344115 23.531793 698.050632
v 24.294355 23.513335 698.013040
v 24.248847 23.505556 697.967314
v 25.119330 22.537719 697.136946
v 25.159804 22.532665 697.189261
v 25.207231 22.538991 697.235156
v 25.259288 22.556289 697.272505
v 25.313335 22.583628 697.299504
v 25.349029 22.606808 697.310909
v 25.433255 22.679357 697.315404
v 22.456379 25.443316 699.592607
v 22.425618 25.419042 699.579025
v 22.379092 25.389273 699.549960
v 22.334112 25.368612 699.511887
v 22.292693 25.358027 699.466436
v 22.256632 25.358052 699.415486
v 23.255547 24.449617 698.676030
v 23.293188 24.447939 698.727395
v 23.336693 24.457139 698.772974
v 23.384095 24.476719 698.810809
v 23.433179 24.505720 698.839212
v 23.465617 24.529656 698.852100
v 23.542613 24.603118 698.862138
v 20.367577 27.240554 701.015535
v 20.302166 27.166142 700.998057
v 20.274858 27.141263 700.983186
v 20.233602 27.110080 700.952890
v 20.193649 27.087393 700.914358
v 20.156645 27.074171 700.869116
v 20.124070 27.071008 700.818896
v 21.247224 26.234033 700.181366
v 21.286476 26.245961 700.226706
v 21.328973 26.267658 700.265012
v 21.372890 26.298154 700.294709
v 21.401941 26.322742 700.308952
v 21.471316 26.396882 700.324071
v 17.353493 29.105261 702.581450
v 17.330695 29.079737 702.565168
v 17.296319 29.047013 702.533519
v 17.262991 29.022070 702.494474
v 17.231952 29.005869 702.449434
v 17.204324 28.999049 702.399971
v 18.109999 28.446962 701.948369
v 18.139179 28.452732 701.998044
v 18.172059 28.468081 702.043140
v 18.207413 28.492381 702.082040
v 18.243888 28.524669 702.113306
v 18.268062 28.550011 702.129188
v 18.326278 28.624827 702.150491
v 14.458670 30.622443 703.803641
v 14.440119 30.596429 703.786292
v 14.412211 30.562526 703.753627
v 14.385162 30.535850 703.714199
v 14.359897 30.517338 703.669316
v 14.337258 30.507653 703.620421
v 15.317093 30.030832 703.237568
v 15.341449 30.039613 703.286642
v 15.368680 30.057398 703.331576
v 15.397853 30.083529 703.370885
v 15.427945 30.117062 703.403234
v 15.447931 30.142921 703.420250
v 15.496403 30.218181 703.445873
v 11.357672 31.884715 704.790188
v 11.343530 31.858295 704.771987
v 11.322331 31.823426 704.738519
v 11.301834 31.795330 704.698803
v 11.282691 31.774920 704.654061
v 11.265496 31.762867 704.605637
v 12.310407 31.375252 704.306085
v 12.329463 31.386577 704.354655
v 12.350683 31.406402 704.399443
v 12.373393 31.434062 704.439074
v 12.396853 31.468634 704.472300
v 12.412482 31.494928 704.490242
v 12.450680 31.570581 704.519438
v 8.080339 32.850070 705.497744
v 8.070745 32.823336 705.478933
v 8.056467 32.787732 705.444901
v 8.042763 32.758563 705.405000
v 8.030046 32.736719 705.360391
v 8.018688 32.722874 705.312338
v 9.118090 32.437904 705.110102
v 9.131432 32.451220 705.158268
v 9.146322 32.472641 705.202921
v 9.162314 32.501493 705.242773
v 9.178919 32.536878 705.276644
v 9.190044 32.563518 705.295280
v 9.217517 32.639503 705.327189
v 4.686394 33.565171 705.927063
v 4.673738 33.488819 705.893028
v 4.668793 33.461863 705.873867
v 4.661592 33.425766 705.839533
v 4.654863 33.395896 705.799565
v 4.648800 33.373132 705.755085
v 4.643576 33.358147 705.707310
v 5.779226 33.183748 705.611893
v 5.786520 33.198431 705.659750
v 5.794821 33.220948 705.704274
v 5.803890 33.250627 705.744234
v 5.813462 33.286587 705.778497
v 5.819965 33.313478 705.797571
v 5.836365 33.389743 705.831240
v 3.503388 33.509391 705.812921
v 3.507198 33.532340 705.857356
v 3.511576 33.562355 705.897318
v 3.516396 33.598563 705.931693
v 3.519777 33.625573 705.950910
v 33.055136 8.821867 687.789254
v 32.933988 8.769586 687.828067
v 32.881325 8.755315 687.828040
v 32.802084 8.742426 687.810850
v 32.728101 8.740311 687.774973
v 32.665199 8.749239 687.723004
v 32.111573 11.744958 689.410707
v 31.996685 11.684591 689.439891
v 31.946831 11.667559 689.437425
v 31.871571 11.651141 689.418367
v 31.800708 11.646413 689.382701
v 31.739439 11.653824 689.332850
v 26.223474 21.601205 696.516378
v 26.186199 21.578446 696.505761
v 26.129748 21.552003 696.479501
v 26.075458 21.535902 696.442397
v 26.026196 21.531052 696.396307
v 19.156919 27.971723 701.656845
v 19.131389 27.946572 701.641382
v 19.092846 27.914743 701.610519
v 19.055498 27.891115 701.571772
v 19.020821 27.876655 701.526617
v 16.465006 29.711783 703.036570
v 16.413224 29.636665 703.012310
v 16.391822 29.610970 702.995650
v 16.359574 29.577830 702.963640
v 16.328307 29.552277 702.924458
v 16.299150 29.535263 702.879472
v 13.488178 31.149170 704.188944
v 13.446501 31.073641 704.160849
v 13.429402 31.047482 704.143191
v 13.403705 31.013233 704.110233
v 13.378811 30.986047 704.070698
v 13.355550 30.966854 704.025864
v 10.314226 32.317293 705.090162
v 10.283133 32.241412 705.059054
v 10.270492 32.214877 705.040622
v 10.251578 32.179736 705.006939
v 10.233321 32.151242 704.967148
v 10.216289 32.130301 704.922452
v 6.976360 33.176485 705.698684
v 6.956240 33.100309 705.665492
v 6.948186 33.073492 705.646534
v 6.936253 33.037696 705.612372
v 6.924859 33.008251 705.572435
v 6.914338 32.986041 705.527868
v 33.749068 0.800000 683.309004
v 5.746338 33.181539 704.546932
v 9.008029 32.457887 704.055921
v 12.187698 31.413171 703.254976
v 15.228004 30.066850 702.167038
v 18.080458 28.453494 700.830900
v 20.706341 26.613087 699.291584
v 23.077658 24.595154 697.604410
v 25.172722 22.455314 695.830889
v 26.992467 20.240663 694.026346
v 28.626010 17.864830 692.143206
v 30.065828 15.327910 690.217027
v 31.287631 12.658142 688.322502
v 32.276701 9.878336 686.550779
v 33.023835 6.995080 685.019479
v 33.522739 3.985316 683.873445
v 33.672607 2.418511 683.504682
v 36.871000 0.800000 608.246551
v 36.071000 0.800000 608.246551
v 36.071000 4.781061 607.476791
v 36.071000 8.608797 606.138949
v 36.071000 12.202602 604.261199
v 36.071000 15.486797 601.883083
v 36.071000 18.392224 599.054678
v 36.071000 20.857699 595.835546
v 36.071000 22.831305 592.293476
v 36.071000 24.271480 588.503058
v 36.071000 25.147898 584.544110
v 36.071000 25.442102 580.500000
v 36.071000 25.147898 576.455890
v 36.071000 24.271480 572.496942
v 36.071000 22.831305 568.706524
v 36.071000 20.857699 565.164454
v 36.071000 18.392224 561.945322
v 36.071000 15.486797 559.116917
v 36.071000 12.202602 556.738801
v 36.071000 8.608797 554.861051
v 36.071000 4.781061 553.523209
v 36.871000 0.100000 608.320875
v 36.871000 0.333539 608.298060
v 36.871000 0.566877 608.273285
v 36.071000 0.800000 671.016452
v 35.810326 0.800000 675.199928
v 35.032337 0.800000 679.318685
v 33.875939 0.100000 685.076636
v 35.175396 0.100000 681.699223
v 36.113928 0.100000 678.204274
v 36.681210 0.100000 674.630243
v 36.871000 0.100000 671.016452
v 36.871000 0.800000 671.016452
v 33.875939 0.800000 685.076636
v 35.175396 0.800000 681.699223
v 36.113928 0.800000 678.204274
v 36.681210 0.800000 674.630243
vt -0.339884 0.019970 0.000000
vt -0.339884 0.000000 0.000000
vt 0.458471 0.000000 0.000000
vt -0.339884 -0.019970 0.000000
vt 0.458471 -0.134640 0.000000
vt -0.339884 -0.125275 0.000000
vt -0.339884 -0.230580 0.000000
vt 0.458471 -0.269279 0.000000
vt -0.339884 -0.335884 0.000000
vt 0.458471 -0.403919 0.000000
vt -0.339884 -0.441189 0.000000
vt -0.039884 -0.441189 0.000000
vt -0.039884 -0.461222 0.000000
vt 0.458471 -0.538559 0.000000
vt -0.039884 -0.481256 0.000000
vt -0.039884 -0.501289 0.000000
vt -0.339766 -0.501289 0.000000
vt -0.337618 -0.607375 0.000000
vt 0.458471 -0.673198 0.000000
vt -0.333793 -0.711783 0.000000
vt 0.458471 -0.807838 0.000000
vt -0.330038 -0.816769 0.000000
vt -0.328137 -0.922508 0.000000
vt 0.458471 -0.942478 0.000000
vt -0.328081 -0.942478 0.000000
vt 0.458471 0.942478 0.000000
vt -0.328081 0.942478 0.000000
vt -0.328137 0.922508 0.000000
vt 0.458471 0.807838 0.000000
vt -0.330038 0.816769 0.000000
vt -0.333793 0.711783 0.000000
vt 0.458471 0.673198 0.000000
vt -0.337618 0.607375 0.000000
vt 0.458471 0.538559 0.000000
vt -0.339766 0.501289 0.000000
vt -0.039884 0.501289 0.000000
vt -0.039884 0.481256 0.000000
vt 0.458471 0.403919 0.000000
vt -0.039884 0.461222 0.000000
vt -0.039884 0.441189 0.000000
vt -0.339884 0.441189 0.000000
vt -0.339884 0.335884 0.000000
vt 0.458471 0.269279 0.000000
vt -0.339884 0.230580 0.000000
vt 0.458471 0.134640 0.000000
vt -0.339884 0.125275 0.000000
vt 0.339222 0.000000 0.000000
vt 0.000000 -0.000000 0.000000
vt 0.339222 -0.020000 0.000000
vt -0.000000 -0.020000 0.000000
vt -2.653558 -0.169611 0.000000
vt 2.653558 -0.169611 0.000000
vt -2.110804 0.169611 0.000000
vt 2.653558 0.169611 0.000000
vt -0.000000 -0.020000 0.000000
vt 5.307116 -0.020000 0.000000
vt 0.000000 -0.000000 0.000000
vt 5.307116 0.020000 0.000000
vt 0.000000 0.020000 0.000000
vt 0.000000 -0.000000 0.000000
vt 0.339222 0.000000 0.000000
vt -0.000000 0.020000 0.000000
vt 0.339222 0.020000 0.000000
vt 2.653558 -0.169611 0.000000
vt 2.110804 0.169611 0.000000
vt -2.653558 -0.169611 0.000000
vt -2.653558 0.169611 0.000000
vt 0.172100 0.434416 0.000000
vt 0.172100 -0.205627 0.000000
vt 0.275000 0.434416 0.000000
vt 0.275000 -0.399647 0.000000
vt 0.132100 -0.205627 0.000000
vt -0.075000 -0.399647 0.000000
vt -0.075000 0.434416 0.000000
vt 0.132100 0.434416 0.000000
vt -10.898355 -0.152100 0.000000
vt -10.897690 -0.132144 0.000000
vt -10.898355 -0.132100 0.000000
vt -10.872576 -0.030434 0.000000
vt -15.662716 0.075000 0.000000
vt -15.635614 0.453944 0.000000
vt -15.554858 0.825174 0.000000
vt -10.814021 0.056439 0.000000
vt -15.422092 1.181132 0.000000
vt -15.240020 1.514573 0.000000
vt -10.729164 0.117880 0.000000
vt -15.012347 1.818708 0.000000
vt -14.743708 2.087347 0.000000
vt -13.000000 2.737716 0.000000
vt -14.439573 2.315020 0.000000
vt -14.106132 2.497092 0.000000
vt -13.750174 2.629858 0.000000
vt -13.378944 2.710614 0.000000
vt -10.628355 0.146396 0.000000
vt -10.628355 2.737716 0.000000
vt -15.662716 -0.132100 0.000000
vt 2.317872 0.300000 0.000000
vt 2.797872 -0.000000 0.000000
vt 5.284993 0.300000 0.000000
vt 5.284993 -0.000000 0.000000
vt 2.967120 0.300000 0.000000
vt 0.000000 0.300000 0.000000
vt 2.487120 -0.000000 0.000000
vt -0.000000 0.000000 0.000000
vt 0.030000 -2.642496 0.000000
vt 0.030000 0.324624 0.000000
vt 0.010015 -2.641160 0.000000
vt -0.030000 0.324624 0.000000
vt -0.010015 -2.641160 0.000000
vt -0.030000 -2.642496 0.000000
vt -10.568355 -0.450596 0.000000
vt -10.568355 -2.937716 0.000000
vt -10.467546 -0.422080 0.000000
vt -3.978355 -2.937716 0.000000
vt -4.079164 -0.422080 0.000000
vt -3.978355 -0.450596 0.000000
vt -10.382689 -0.360639 0.000000
vt -4.164021 -0.360639 0.000000
vt -10.324133 -0.273766 0.000000
vt -4.222576 -0.273766 0.000000
vt -10.298355 -0.172100 0.000000
vt -4.248355 -0.172100 0.000000
vt -4.247690 -0.172056 0.000000
vt -4.248355 -0.152100 0.000000
vt -10.298355 -0.152100 0.000000
vt -10.299019 -0.172056 0.000000
vt -15.662716 -0.172100 0.000000
vt -15.662716 -0.275000 0.000000
vt -10.898355 -0.172100 0.000000
vt -10.872576 -0.273766 0.000000
vt -10.897690 -0.172056 0.000000
vt -15.635614 -0.653944 0.000000
vt -15.554858 -1.025174 0.000000
vt -10.814021 -0.360639 0.000000
vt -15.422092 -1.381132 0.000000
vt -15.240020 -1.714573 0.000000
vt -10.729164 -0.422080 0.000000
vt -15.012347 -2.018708 0.000000
vt -14.743708 -2.287347 0.000000
vt -13.000000 -2.937716 0.000000
vt -14.439573 -2.515020 0.000000
vt -14.106132 -2.697092 0.000000
vt -13.750174 -2.829858 0.000000
vt -13.378944 -2.910614 0.000000
vt -10.628355 -2.937716 0.000000
vt -10.628355 -0.450596 0.000000
vt -10.898355 -0.152100 0.000000
vt 0.166249 0.922507 0.000000
vt 0.166249 0.942478 0.000000
vt -0.296249 0.942478 0.000000
vt -0.296249 -0.942478 0.000000
vt 0.166249 -0.942478 0.000000
vt 0.166249 -0.922507 0.000000
vt -0.296249 -0.807838 0.000000
vt 0.166249 -0.817203 0.000000
vt 0.166249 -0.711898 0.000000
vt -0.296249 -0.673198 0.000000
vt 0.166249 -0.606594 0.000000
vt -0.296249 -0.538559 0.000000
vt 0.166249 -0.501289 0.000000
vt -0.133751 -0.501289 0.000000
vt -0.133751 -0.481256 0.000000
vt -0.133751 -0.461222 0.000000
vt -0.296249 -0.403919 0.000000
vt -0.133751 -0.441189 0.000000
vt 0.166249 -0.441189 0.000000
vt 0.166249 -0.335884 0.000000
vt -0.296249 -0.269279 0.000000
vt 0.166249 -0.230580 0.000000
vt -0.296249 -0.134640 0.000000
vt 0.166249 -0.125275 0.000000
vt 0.166249 -0.019970 0.000000
vt -0.296249 0.000000 0.000000
vt 0.166249 0.000000 0.000000
vt 0.166249 0.019970 0.000000
vt -0.296249 0.134640 0.000000
vt 0.166249 0.125275 0.000000
vt 0.166249 0.230580 0.000000
vt -0.296249 0.269279 0.000000
vt 0.166249 0.335884 0.000000
vt -0.296249 0.403919 0.000000
vt 0.166249 0.441189 0.000000
vt -0.133751 0.441189 0.000000
vt -0.133751 0.461222 0.000000
vt -0.133751 0.481256 0.000000
vt -0.296249 0.538559 0.000000
vt -0.133751 0.501289 0.000000
vt 0.166249 0.501289 0.000000
vt 0.166249 0.606594 0.000000
vt -0.296249 0.673198 0.000000
vt 0.166249 0.711898 0.000000
vt -0.296249 0.807838 0.000000
vt 0.166249 0.817203 0.000000
vt 2.213672 0.300000 0.000000
vt 2.693672 0.000000 0.000000
vt 5.284993 0.300000 0.000000
vt 5.284993 0.000000 0.000000
vt -0.030000 2.642496 0.000000
vt -0.030000 -0.428824 0.000000
vt -0.010015 2.641160 0.000000
vt 0.030000 -0.428824 0.000000
vt 0.010015 2.641160 0.000000
vt 0.030000 2.642496 0.000000
vt 3.071320 0.300000 0.000000
vt 0.000000 0.300000 0.000000
vt 2.591320 0.000000 0.000000
vt 0.000000 0.000000 0.000000
vt -10.568355 0.146396 0.000000
vt -10.467546 0.117880 0.000000
vt -10.568355 2.737716 0.000000
vt -3.978355 2.737716 0.000000
vt -4.079164 0.117880 0.000000
vt -3.978355 0.146396 0.000000
vt -4.164021 0.056439 0.000000
vt -10.382689 0.056439 0.000000
vt -4.222576 -0.030434 0.000000
vt -10.324133 -0.030434 0.000000
vt -4.248355 -0.132100 0.000000
vt -10.298355 -0.132100 0.000000
vt -10.299019 -0.132144 0.000000
vt -10.298355 -0.152100 0.000000
vt -4.248355 -0.152100 0.000000
vt -4.247690 -0.132144 0.000000
vt 0.441781 0.000000 0.000000
vt 0.000000 -0.000000 0.000000
vt 0.441781 -0.020000 0.000000
vt -0.000000 -0.020000 0.000000
vt 0.000000 -0.000000 0.000000
vt 0.339222 -0.000000 0.000000
vt 0.000000 0.020000 0.000000
vt 0.339222 0.020000 0.000000
vt -3.025000 -0.118331 0.000000
vt 2.687832 -0.118331 0.000000
vt -3.025000 0.220890 0.000000
vt 3.025000 0.220890 0.000000
vt 3.025000 -0.220890 0.000000
vt -0.000000 -0.020000 0.000000
vt 0.352421 -0.020000 0.000000
vt 0.000000 -0.000000 0.000000
vt 0.352421 0.020000 0.000000
vt 0.000000 0.020000 0.000000
vt 0.000000 -0.000000 0.000000
vt 0.441781 0.000000 0.000000
vt -0.000000 0.020000 0.000000
vt 0.441781 0.020000 0.000000
vt 0.339222 -0.000000 0.000000
vt 0.000000 -0.000000 0.000000
vt 0.339222 -0.020000 0.000000
vt 0.000000 -0.020000 0.000000
vt 5.712832 -0.020000 0.000000
vt 5.712832 0.000000 0.000000
vt -0.000000 -0.020000 0.000000
vt 0.000000 0.020000 0.000000
vt 5.712832 0.020000 0.000000
vt 3.025000 -0.118331 0.000000
vt 3.025000 0.220890 0.000000
vt -2.687832 -0.118331 0.000000
vt -3.025000 0.220890 0.000000
vt -3.025000 -0.220890 0.000000
vt 1.373317 0.300000 0.000000
vt 1.853112 0.000118 0.000000
vt 4.340232 0.300000 0.000000
vt 4.340232 0.000118 0.000000
vt 2.967120 0.300000 0.000000
vt -0.000000 0.300000 0.000000
vt 2.487120 -0.000000 0.000000
vt -0.000000 0.000000 0.000000
vt -0.009910 0.797072 0.000000
vt -0.009924 -2.168689 0.000000
vt 0.000090 0.797095 0.000000
vt 0.010105 -2.168689 0.000000
vt 0.030090 0.797095 0.000000
vt 0.030090 -2.170026 0.000000
vt -0.019910 0.797004 0.000000
vt -0.029910 -2.170026 0.000000
vt -0.029910 0.796890 0.000000
vt -6.503355 0.434416 0.000000
vt -8.875000 0.434416 0.000000
vt -6.503355 -0.131623 0.000000
vt -8.875000 -0.399647 0.000000
vt -6.443355 -0.131623 0.000000
vt 0.176645 -0.399647 0.000000
vt 0.146645 -0.131623 0.000000
vt 0.176645 -0.131623 0.000000
vt 0.146645 0.434416 0.000000
vt -6.443355 0.434416 0.000000
vt -0.029910 -0.901090 0.000000
vt -0.019910 -0.901204 0.000000
vt -0.029910 2.170026 0.000000
vt -0.009924 2.168689 0.000000
vt -0.009910 -0.901272 0.000000
vt 0.000090 -0.901295 0.000000
vt 0.010105 2.168689 0.000000
vt 0.030090 -0.901295 0.000000
vt 0.030090 2.170026 0.000000
vt 1.268912 0.300000 0.000000
vt 1.748912 -0.000000 0.000000
vt 4.340232 0.300000 0.000000
vt 4.340232 0.000000 0.000000
vt 3.071116 0.300000 0.000000
vt 0.000000 0.300000 0.000000
vt 2.591320 0.000118 0.000000
vt -0.000000 0.000118 0.000000
vt -0.131623 -11.301342 0.000000
vt -0.131597 -11.291117 0.000000
vt -0.399647 -11.301342 0.000000
vt -0.131516 -11.280893 0.000000
vt -0.131382 -11.270669 0.000000
vt 0.434416 -11.273078 0.000000
vt 0.434416 -10.846383 0.000000
vt -0.399647 -10.837556 0.000000
vt 0.434416 -10.419688 0.000000
vt -0.399647 -10.373771 0.000000
vt 0.434416 -9.992993 0.000000
vt -0.399647 -9.909985 0.000000
vt 0.434416 -9.566299 0.000000
vt -0.399647 -9.446200 0.000000
vt 0.434416 -9.139604 0.000000
vt -0.399647 -8.982414 0.000000
vt 0.434416 -8.712909 0.000000
vt -0.399647 -8.518629 0.000000
vt 0.434416 -8.286214 0.000000
vt -0.399647 -8.054843 0.000000
vt 0.434416 -7.859519 0.000000
vt -0.399647 -7.591058 0.000000
vt 0.434416 -7.432825 0.000000
vt -0.399647 -7.127272 0.000000
vt 0.434416 -7.006130 0.000000
vt -0.399647 -6.663487 0.000000
vt 0.434416 -6.579435 0.000000
vt -0.399647 -6.199701 0.000000
vt 0.434416 -6.152740 0.000000
vt -0.399647 -5.735916 0.000000
vt 0.004554 -5.730829 0.000000
vt 0.434416 -5.726045 0.000000
vt -0.450596 11.965715 0.000000
vt -2.937716 11.965715 0.000000
vt -0.421719 11.864187 0.000000
vt -0.360720 11.780017 0.000000
vt -2.937716 11.512804 0.000000
vt -0.274160 11.721439 0.000000
vt -0.172100 11.695406 0.000000
vt -0.172054 11.696100 0.000000
vt -0.152100 11.695406 0.000000
vt -0.172100 11.235267 0.000000
vt -2.937716 11.059892 0.000000
vt -0.172100 10.775127 0.000000
vt -2.937716 10.606980 0.000000
vt -0.172100 10.314988 0.000000
vt -2.937716 10.154069 0.000000
vt -0.172100 9.854848 0.000000
vt -2.937716 9.701157 0.000000
vt -0.172100 9.394709 0.000000
vt -2.937716 9.248245 0.000000
vt -0.172100 8.934570 0.000000
vt -2.937716 8.795334 0.000000
vt -0.172100 8.474430 0.000000
vt -2.937716 8.342422 0.000000
vt -0.172100 8.014291 0.000000
vt -2.937716 7.889510 0.000000
vt -0.172100 7.554152 0.000000
vt -2.937716 7.436599 0.000000
vt -0.172100 7.094012 0.000000
vt -2.937716 6.983687 0.000000
vt -0.172100 6.633873 0.000000
vt -2.937716 6.530775 0.000000
vt -0.172100 6.173733 0.000000
vt -2.937716 6.077864 0.000000
vt -0.132100 6.173733 0.000000
vt 2.737716 6.077864 0.000000
vt 2.737716 6.530775 0.000000
vt -0.132100 6.633873 0.000000
vt 2.737716 6.983687 0.000000
vt -0.132100 7.094012 0.000000
vt 2.737716 7.436599 0.000000
vt -0.132100 7.554152 0.000000
vt 2.737716 7.889510 0.000000
vt -0.132100 8.014291 0.000000
vt 2.737716 8.342422 0.000000
vt -0.132100 8.474430 0.000000
vt 2.737716 8.795334 0.000000
vt -0.132100 8.934570 0.000000
vt 2.737716 9.248245 0.000000
vt -0.132100 9.394709 0.000000
vt 2.737716 9.701157 0.000000
vt -0.132100 9.854848 0.000000
vt 2.737716 10.154069 0.000000
vt -0.132100 10.314988 0.000000
vt 2.737716 10.606980 0.000000
vt -0.132100 10.775127 0.000000
vt 2.737716 11.059892 0.000000
vt -0.132100 11.235267 0.000000
vt 2.737716 11.512804 0.000000
vt -0.132100 11.695406 0.000000
vt -0.030040 11.721439 0.000000
vt -0.132146 11.696100 0.000000
vt 0.056520 11.780017 0.000000
vt 2.737716 11.965715 0.000000
vt 0.117519 11.864187 0.000000
vt 0.146396 11.965715 0.000000
vt 0.000000 -0.000000 0.000000
vt 0.602209 -0.000000 0.000000
vt 0.000000 0.020000 0.000000
vt 0.602209 0.020000 0.000000
vt -1.757153 1.815369 0.000000
vt -1.757153 1.213160 0.000000
vt -1.301721 1.751698 0.000000
vt -1.346349 1.147697 0.000000
vt -0.857246 1.633739 0.000000
vt -0.947421 1.029795 0.000000
vt -0.430175 1.463203 0.000000
vt -0.567033 0.861422 0.000000
vt -0.026703 1.242563 0.000000
vt -0.211539 0.645391 0.000000
vt 0.347319 0.975019 0.000000
vt 0.113120 0.385312 0.000000
vt 0.686466 0.664452 0.000000
vt 0.401521 0.085529 0.000000
vt 0.985818 0.315366 0.000000
vt 0.648846 -0.248948 0.000000
vt 1.241033 -0.067174 0.000000
vt 0.850962 -0.612533 0.000000
vt 1.448410 -0.477622 0.000000
vt 1.004494 -0.999150 0.000000
vt 1.604941 -0.910022 0.000000
vt 1.106875 -1.402341 0.000000
vt 1.708355 -1.358104 0.000000
vt 1.156397 -1.815369 0.000000
vt 1.757153 -1.815369 0.000000
vt 0.600756 0.020000 0.000000
vt 0.000000 0.020000 0.000000
vt 0.600756 -0.020000 0.000000
vt -0.000000 -0.020000 0.000000
vt 0.602209 -0.000000 0.000000
vt 0.000000 -0.000000 0.000000
vt 0.602209 -0.020000 0.000000
vt 0.000000 -0.020000 0.000000
vt -0.020000 0.047316 0.000000
vt -0.000000 0.047316 0.000000
vt -0.020000 0.463593 0.000000
vt 0.020000 0.463593 0.000000
vt -0.020000 0.879869 0.000000
vt 0.020000 0.879869 0.000000
vt -0.020000 1.296146 0.000000
vt 0.020000 1.296146 0.000000
vt -0.020000 1.712422 0.000000
vt 0.020000 1.712422 0.000000
vt -0.020000 2.128699 0.000000
vt 0.020000 2.128699 0.000000
vt -0.020000 2.544976 0.000000
vt 0.020000 2.544976 0.000000
vt -0.020000 2.961252 0.000000
vt 0.020000 2.961252 0.000000
vt -0.020000 3.377529 0.000000
vt 0.020000 3.377529 0.000000
vt -0.020000 3.793806 0.000000
vt 0.020000 3.793806 0.000000
vt -0.020000 4.210082 0.000000
vt 0.020000 4.210082 0.000000
vt -0.020000 4.626359 0.000000
vt 0.020000 4.626359 0.000000
vt 0.020000 0.047316 0.000000
vt -1.757153 -1.815369 0.000000
vt -1.156397 -1.815369 0.000000
vt -1.708355 -1.358104 0.000000
vt -1.106875 -1.402341 0.000000
vt -1.604941 -0.910022 0.000000
vt -1.004494 -0.999150 0.000000
vt -1.448410 -0.477622 0.000000
vt -0.850962 -0.612533 0.000000
vt -1.241033 -0.067174 0.000000
vt -0.648846 -0.248948 0.000000
vt -0.985818 0.315366 0.000000
vt -0.401521 0.085529 0.000000
vt -0.686466 0.664452 0.000000
vt -0.113120 0.385312 0.000000
vt -0.347319 0.975019 0.000000
vt 0.211539 0.645391 0.000000
vt 0.026703 1.242563 0.000000
vt 0.567033 0.861422 0.000000
vt 0.430175 1.463203 0.000000
vt 0.947421 1.029795 0.000000
vt 0.857246 1.633739 0.000000
vt 1.346349 1.147697 0.000000
vt 1.301721 1.751698 0.000000
vt 1.757153 1.213160 0.000000
vt 1.757153 1.815369 0.000000
vt 0.090585 10.221518 0.000000
vt 0.082187 10.197672 0.000000
vt 0.094289 10.207117 0.000000
vt 0.094273 9.971586 0.000000
vt -0.026186 9.823863 0.000000
vt 0.023368 9.669312 0.000000
vt -0.091767 9.440227 0.000000
vt -0.019418 9.361795 0.000000
vt -0.113720 9.051645 0.000000
vt -0.033720 9.051645 0.000000
vt -0.033720 -3.375355 0.000000
vt -0.113720 -3.420642 0.000000
vt 0.309042 -3.589637 0.000000
vt 0.650620 -3.898355 0.000000
vt 0.673564 -3.817517 0.000000
vt 6.371940 -3.898355 0.000000
vt 6.348997 -3.817517 0.000000
vt 6.713518 -3.589637 0.000000
vt 7.136280 -3.420642 0.000000
vt 7.056280 -3.375355 0.000000
vt 7.136280 -2.774655 0.000000
vt 7.056280 -2.774655 0.000000
vt -0.000000 0.649640 0.000000
vt -0.023354 0.651921 0.000000
vt -0.000000 0.011085 0.000000
vt -0.070000 0.011085 0.000000
vt -0.046688 0.654399 0.000000
vt -0.070000 0.657072 0.000000
vt -0.070000 0.014340 0.000000
vt -0.000000 0.014340 0.000000
vt -0.070000 0.915686 0.000000
vt -0.000000 0.915686 0.000000
vt -0.070000 0.014340 0.000000
vt -0.000000 0.014340 0.000000
vt -0.070000 5.735660 0.000000
vt -0.000000 5.735660 0.000000
vt -0.070000 0.011085 0.000000
vt -0.000000 0.011085 0.000000
vt -0.070000 0.912431 0.000000
vt -0.000000 0.912431 0.000000
vt 0.000000 0.025282 0.000000
vt -0.070000 0.022385 0.000000
vt -0.000000 0.000000 0.000000
vt -0.070000 0.000000 0.000000
vt -0.035000 0.000000 0.000000
vt 0.035000 0.000000 0.000000
vt -0.035000 0.389408 0.000000
vt 0.035000 0.389408 0.000000
vt -0.035000 0.778816 0.000000
vt 0.035000 0.778816 0.000000
vt -0.035000 1.168224 0.000000
vt 0.035000 1.168224 0.000000
vt -0.070000 -3.420642 0.000000
vt 0.000000 -3.420642 0.000000
vt -0.070000 9.051645 0.000000
vt -0.000000 9.051645 0.000000
vt 0.203325 10.218791 0.000000
vt 0.193645 10.229341 0.000000
vt 0.195907 10.197672 0.000000
vt 0.182727 10.233800 0.000000
vt 0.176124 10.234356 0.000000
vt 0.166038 10.232252 0.000000
vt 0.159348 10.228562 0.000000
vt 0.148761 10.214323 0.000000
vt 0.151840 10.220585 0.000000
vt 0.087534 9.823863 0.000000
vt 0.038809 9.835084 0.000000
vt 0.021953 9.440227 0.000000
vt -0.027727 9.445873 0.000000
vt 0.000000 9.051645 0.000000
vt -0.050000 9.051645 0.000000
vt 0.000000 -3.420642 0.000000
vt -0.050000 -3.431713 0.000000
vt -0.035900 -3.457153 0.000000
vt -0.043425 -3.450455 0.000000
vt -0.048309 -3.441644 0.000000
vt 0.750000 -3.948342 0.000000
vt 0.764340 -3.898355 0.000000
vt 6.500000 -3.948342 0.000000
vt 6.485660 -3.898355 0.000000
vt 7.250000 -3.420642 0.000000
vt 7.285900 -3.457153 0.000000
vt 7.300000 -3.431713 0.000000
vt 7.293425 -3.450455 0.000000
vt 7.298309 -3.441644 0.000000
vt 7.300000 -2.782088 0.000000
vt 7.250000 -2.782088 0.000000
vt -1.728131 -1.685962 0.000000
vt -1.894177 -1.715024 0.000000
vt 1.402125 -1.764528 0.000000
vt -1.894177 -2.025613 0.000000
vt 1.402125 -2.205660 0.000000
vt -1.894177 -2.336203 0.000000
vt 1.402125 -2.646792 0.000000
vt -1.894177 -2.646792 0.000000
vt 1.402125 -1.323396 0.000000
vt -1.291510 -1.489001 0.000000
vt -1.574889 -1.634810 0.000000
vt 1.402125 -0.882264 0.000000
vt -0.763177 -1.091784 0.000000
vt -1.023595 -1.303899 0.000000
vt 1.402125 -0.441132 0.000000
vt -0.255002 -0.606176 0.000000
vt -0.507074 -0.858192 0.000000
vt 1.402125 -0.000000 0.000000
vt 0.225117 -0.060093 0.000000
vt -0.010073 -0.339482 0.000000
vt 0.447884 0.230731 0.000000
vt 1.402125 0.441132 0.000000
vt 0.655258 0.532468 0.000000
vt 1.402125 0.882264 0.000000
vt 0.844649 0.845861 0.000000
vt 1.016713 1.179964 0.000000
vt 1.402125 1.323396 0.000000
vt 1.163983 1.532692 0.000000
vt 1.402125 1.764528 0.000000
vt 1.278545 1.898224 0.000000
vt 1.402125 2.205660 0.000000
vt 1.354662 2.271461 0.000000
vt 1.402125 2.646792 0.000000
vt 1.389436 2.646792 0.000000
vt 7.677000 0.080000 0.000000
vt 7.638701 0.513299 0.000000
vt -4.750000 0.080000 0.000000
vt 7.545012 0.938078 0.000000
vt 7.397487 1.347286 0.000000
vt 7.198576 1.734131 0.000000
vt 6.951580 2.092192 0.000000
vt -4.750000 3.376303 0.000000
vt 6.660598 2.415525 0.000000
vt 4.301645 3.376303 0.000000
vt 6.330461 2.698764 0.000000
vt 5.966648 2.937207 0.000000
vt 5.575198 3.126897 0.000000
vt 5.162610 3.264684 0.000000
vt 4.735730 3.348282 0.000000
vt -0.131516 11.280893 0.000000
vt -0.399647 11.301342 0.000000
vt -0.131382 11.270669 0.000000
vt -0.399647 10.837556 0.000000
vt 0.434416 10.846383 0.000000
vt 0.434416 10.419688 0.000000
vt -0.399647 10.373771 0.000000
vt 0.434416 9.992993 0.000000
vt -0.399647 9.909985 0.000000
vt 0.434416 9.566299 0.000000
vt -0.399647 9.446200 0.000000
vt 0.434416 9.139604 0.000000
vt -0.399647 8.982414 0.000000
vt 0.434416 8.712909 0.000000
vt -0.399647 8.518629 0.000000
vt 0.434416 8.286214 0.000000
vt -0.399647 8.054843 0.000000
vt 0.434416 7.859519 0.000000
vt -0.399647 7.591058 0.000000
vt 0.434416 7.432825 0.000000
vt -0.399647 7.127272 0.000000
vt 0.434416 7.006130 0.000000
vt -0.399647 6.663487 0.000000
vt 0.434416 6.579435 0.000000
vt -0.399647 6.199701 0.000000
vt 0.434416 6.152740 0.000000
vt -0.399647 5.735916 0.000000
vt 0.004554 5.730829 0.000000
vt -0.131597 11.291117 0.000000
vt -0.131623 11.301342 0.000000
vt 0.434416 5.726045 0.000000
vt 0.434416 11.273078 0.000000
vt 1.519558 0.010000 0.000000
vt 1.588152 0.416757 0.000000
vt -4.750000 0.010000 0.000000
vt 1.715883 0.808983 0.000000
vt 1.899968 1.178130 0.000000
vt 2.136393 1.516153 0.000000
vt -4.750000 3.431727 0.000000
vt 2.420008 1.815685 0.000000
vt 2.744631 2.070197 0.000000
vt 3.103186 2.274145 0.000000
vt 3.487860 2.423082 0.000000
vt 4.301645 3.431727 0.000000
vt 3.890270 2.513762 0.000000
vt 4.301645 2.544210 0.000000
vt 4.713020 2.513762 0.000000
vt 6.014621 2.973628 0.000000
vt 5.612600 3.171459 0.000000
vt 5.188232 3.315225 0.000000
vt 6.387441 2.725107 0.000000
vt 5.115430 2.423082 0.000000
vt 6.724705 2.430131 0.000000
vt 5.500104 2.274145 0.000000
vt 5.858660 2.070197 0.000000
vt 7.020663 2.093728 0.000000
vt 6.183282 1.815685 0.000000
vt 7.270269 1.721634 0.000000
vt 6.466897 1.516153 0.000000
vt 7.469270 1.320191 0.000000
vt 6.703323 1.178130 0.000000
vt 7.614273 0.896243 0.000000
vt 6.887407 0.808983 0.000000
vt 7.702805 0.457017 0.000000
vt 7.015138 0.416757 0.000000
vt 7.733358 0.010000 0.000000
vt 7.083733 0.010000 0.000000
vt 4.748749 3.402477 0.000000
vt -0.000000 0.111326 0.000000
vt -0.008731 0.281813 0.000000
vt -0.011237 0.112218 0.000000
vt -0.015177 0.281813 0.000000
vt -0.021622 0.281813 0.000000
vt -0.021622 0.523148 0.000000
vt -0.028068 0.523148 0.000000
vt -0.028068 0.764483 0.000000
vt -0.034514 0.764483 0.000000
vt -0.034514 1.005819 0.000000
vt -0.039747 1.005819 0.000000
vt -0.039747 1.229916 0.000000
vt -0.051386 1.229916 0.000000
vt -0.051386 1.454013 0.000000
vt -0.063025 1.488489 0.000000
vt -0.051386 1.678110 0.000000
vt -0.063025 1.850492 0.000000
vt -0.051386 1.902207 0.000000
vt -0.051386 2.126304 0.000000
vt -0.039747 1.902207 0.000000
vt -0.039747 2.126304 0.000000
vt -0.034514 1.902207 0.000000
vt -0.034514 2.126304 0.000000
vt -0.028068 1.902207 0.000000
vt -0.028068 2.126304 0.000000
vt -0.021622 1.902207 0.000000
vt -0.021622 2.126304 0.000000
vt -0.015177 1.902207 0.000000
vt -0.015177 2.126304 0.000000
vt -0.008731 1.902207 0.000000
vt -0.008731 2.126304 0.000000
vt -0.000000 1.899200 0.000000
vt -0.000000 2.256775 0.000000
vt -0.000000 0.290113 0.000000
vt -0.000000 0.468901 0.000000
vt -0.008731 0.523148 0.000000
vt -0.000000 0.647688 0.000000
vt -0.008731 0.764483 0.000000
vt -0.000000 0.826475 0.000000
vt -0.008731 1.005819 0.000000
vt -0.000000 1.184050 0.000000
vt -0.008731 1.229916 0.000000
vt -0.008731 1.454013 0.000000
vt -0.015177 1.454013 0.000000
vt -0.015177 1.678110 0.000000
vt -0.021622 1.678110 0.000000
vt -0.000000 1.541625 0.000000
vt -0.008731 1.678110 0.000000
vt -0.008731 2.350401 0.000000
vt -0.000000 2.614350 0.000000
vt -0.008731 2.574498 0.000000
vt -0.008731 2.798595 0.000000
vt -0.015177 2.798595 0.000000
vt -0.015177 3.074406 0.000000
vt -0.021622 3.074406 0.000000
vt -0.021622 3.350218 0.000000
vt -0.028068 3.350218 0.000000
vt -0.028068 3.626030 0.000000
vt -0.034514 3.626030 0.000000
vt -0.034514 3.901841 0.000000
vt -0.039747 3.901841 0.000000
vt -0.039747 4.177653 0.000000
vt -0.051386 4.177653 0.000000
vt -0.051386 4.453465 0.000000
vt -0.063025 4.384512 0.000000
vt -0.063025 4.746515 0.000000
vt -0.051386 4.729276 0.000000
vt -0.051386 5.005088 0.000000
vt -0.039747 4.729276 0.000000
vt -0.039747 5.005088 0.000000
vt -0.034514 4.729276 0.000000
vt -0.034514 5.005088 0.000000
vt -0.028068 4.729276 0.000000
vt -0.028068 5.005088 0.000000
vt -0.021622 4.729276 0.000000
vt -0.021622 5.005088 0.000000
vt -0.015177 4.729276 0.000000
vt -0.015177 5.005088 0.000000
vt -0.008731 4.729276 0.000000
vt -0.008731 5.005088 0.000000
vt -0.000000 4.759799 0.000000
vt -0.000000 5.117373 0.000000
vt -0.000000 2.971924 0.000000
vt -0.008731 3.074406 0.000000
vt -0.015177 3.350218 0.000000
vt -0.021622 3.626030 0.000000
vt -0.028068 3.901841 0.000000
vt -0.034514 4.177653 0.000000
vt -0.039747 4.453465 0.000000
vt -0.000000 3.329499 0.000000
vt -0.008731 3.350218 0.000000
vt -0.015177 3.626030 0.000000
vt -0.021622 3.901841 0.000000
vt -0.028068 4.177653 0.000000
vt -0.034514 4.453465 0.000000
vt -0.008731 3.626030 0.000000
vt -0.000000 3.687074 0.000000
vt -0.008731 3.901841 0.000000
vt -0.000000 4.044649 0.000000
vt -0.008731 4.177653 0.000000
vt -0.000000 4.402224 0.000000
vt -0.008731 4.453465 0.000000
vt -0.008731 5.211947 0.000000
vt -0.000000 5.474948 0.000000
vt -0.008731 5.418806 0.000000
vt -0.008731 5.625664 0.000000
vt -0.015177 5.625664 0.000000
vt -0.021008 5.832523 0.000000
vt -0.021622 5.625664 0.000000
vt -0.028068 5.625664 0.000000
vt -0.021622 5.418806 0.000000
vt -0.028068 5.418806 0.000000
vt -0.021622 5.211947 0.000000
vt -0.028068 5.211947 0.000000
vt -0.000000 5.832523 0.000000
vt -0.034514 5.625664 0.000000
vt -0.042017 5.832523 0.000000
vt -0.039747 5.625664 0.000000
vt -0.051386 5.625664 0.000000
vt -0.039747 5.418806 0.000000
vt -0.051386 5.418806 0.000000
vt -0.039747 5.211947 0.000000
vt -0.051386 5.211947 0.000000
vt -0.063025 5.832523 0.000000
vt -0.063025 5.470520 0.000000
vt -0.063025 5.108517 0.000000
vt -0.063025 4.022509 0.000000
vt -0.051386 3.901841 0.000000
vt -0.039747 3.626030 0.000000
vt -0.034514 3.350218 0.000000
vt -0.028068 3.074406 0.000000
vt -0.021622 2.798595 0.000000
vt -0.015177 2.574498 0.000000
vt -0.063025 3.660506 0.000000
vt -0.051386 3.626030 0.000000
vt -0.039747 3.350218 0.000000
vt -0.034514 3.074406 0.000000
vt -0.028068 2.798595 0.000000
vt -0.021622 2.574498 0.000000
vt -0.015177 2.350401 0.000000
vt -0.051386 3.350218 0.000000
vt -0.063025 3.298503 0.000000
vt -0.051386 3.074406 0.000000
vt -0.063025 2.936500 0.000000
vt -0.051386 2.798595 0.000000
vt -0.063025 2.574498 0.000000
vt -0.051386 2.574498 0.000000
vt -0.051386 2.350401 0.000000
vt -0.039747 2.350401 0.000000
vt -0.063025 2.212495 0.000000
vt -0.063025 1.126486 0.000000
vt -0.051386 1.005819 0.000000
vt -0.039747 0.764483 0.000000
vt -0.034514 0.523148 0.000000
vt -0.028068 0.281813 0.000000
vt -0.011279 0.040680 0.000000
vt -0.063025 0.764483 0.000000
vt -0.051386 0.764483 0.000000
vt -0.039747 0.523148 0.000000
vt -0.034514 0.281813 0.000000
vt -0.031031 0.040748 0.000000
vt -0.022137 0.040742 0.000000
vt -0.063025 0.583482 0.000000
vt -0.051386 0.523148 0.000000
vt -0.039747 0.281813 0.000000
vt -0.063025 0.402481 0.000000
vt -0.051386 0.281813 0.000000
vt -0.036014 0.040732 0.000000
vt -0.063025 0.221479 0.000000
vt -0.049520 0.040630 0.000000
vt -0.043780 0.040683 0.000000
vt -0.063025 0.040478 0.000000
vt -0.057781 0.040540 0.000000
vt -0.015177 0.523148 0.000000
vt -0.015177 0.764483 0.000000
vt -0.015177 1.005819 0.000000
vt -0.015177 1.229916 0.000000
vt -0.021622 0.764483 0.000000
vt -0.028068 1.005819 0.000000
vt -0.034514 1.229916 0.000000
vt -0.039747 1.454013 0.000000
vt -0.021622 1.005819 0.000000
vt -0.021622 1.229916 0.000000
vt -0.021622 1.454013 0.000000
vt -0.028068 1.229916 0.000000
vt -0.034514 1.454013 0.000000
vt -0.039747 1.678110 0.000000
vt -0.028068 1.454013 0.000000
vt -0.028068 1.678110 0.000000
vt -0.034514 1.678110 0.000000
vt -0.021622 2.350401 0.000000
vt -0.028068 2.350401 0.000000
vt -0.028068 2.574498 0.000000
vt -0.034514 2.350401 0.000000
vt -0.034514 2.574498 0.000000
vt -0.034514 2.798595 0.000000
vt -0.039747 2.574498 0.000000
vt -0.039747 2.798595 0.000000
vt -0.039747 3.074406 0.000000
vt -0.015177 3.901841 0.000000
vt -0.021622 4.177653 0.000000
vt -0.028068 4.453465 0.000000
vt -0.015177 4.177653 0.000000
vt -0.015177 4.453465 0.000000
vt -0.021622 4.453465 0.000000
vt -0.015177 5.211947 0.000000
vt -0.015177 5.418806 0.000000
vt -0.034514 5.211947 0.000000
vt -0.034514 5.418806 0.000000
vt 0.094248 5.526729 0.000000
vt 0.078540 5.526729 0.000000
vt 0.094248 5.410726 0.000000
vt 0.078540 5.178720 0.000000
vt 0.094248 5.294723 0.000000
vt 0.094248 5.178720 0.000000
vt 0.062832 5.526729 0.000000
vt 0.062832 5.178720 0.000000
vt 0.047124 5.410726 0.000000
vt 0.047124 5.294723 0.000000
vt 0.047124 5.526729 0.000000
vt 0.047124 5.178720 0.000000
vt 1.964177 -2.748894 0.000000
vt 1.964177 -2.353827 0.000000
vt -1.457550 -2.748894 0.000000
vt -1.457550 -2.290745 0.000000
vt 1.964177 -1.958761 0.000000
vt -1.457550 -1.832596 0.000000
vt 1.964177 -1.563695 0.000000
vt 1.784277 -1.547444 0.000000
vt 1.608398 -1.505031 0.000000
vt -1.457550 -1.374447 0.000000
vt 1.439178 -1.441109 0.000000
vt 1.277040 -1.360479 0.000000
vt 0.970817 -1.166741 0.000000
vt -1.457550 -0.916298 0.000000
vt 0.684616 -0.943800 0.000000
vt 0.414219 -0.701627 0.000000
vt -1.457550 -0.458149 0.000000
vt 0.156969 -0.445925 0.000000
vt -0.087915 -0.177676 0.000000
vt -1.457550 -0.000000 0.000000
vt -0.320343 0.102592 0.000000
vt -0.538230 0.394320 0.000000
vt -1.457550 0.458149 0.000000
vt -0.739163 0.697339 0.000000
vt -1.457550 0.916298 0.000000
vt -0.920732 1.012013 0.000000
vt -1.457550 1.374447 0.000000
vt -1.080450 1.339168 0.000000
vt -1.214528 1.678263 0.000000
vt -1.457550 1.832596 0.000000
vt -1.318105 2.027762 0.000000
vt -1.457550 2.290745 0.000000
vt -1.387205 2.385759 0.000000
vt -1.457550 2.748894 0.000000
vt -1.419456 2.748894 0.000000
vt 0.016758 0.460254 0.000000
vt 0.016758 0.009968 0.000000
vt 0.031941 0.327817 0.000000
vt 0.026880 0.009988 0.000000
vt 0.037002 0.010013 0.000000
vt 0.047124 0.010042 0.000000
vt 0.047124 0.460321 0.000000
vt 0.031941 0.645665 0.000000
vt 0.047124 0.910600 0.000000
vt 0.031941 0.963513 0.000000
vt 0.031941 1.281362 0.000000
vt 0.016758 0.910539 0.000000
vt 0.016758 1.360824 0.000000
vt 0.031941 1.599210 0.000000
vt 0.016758 1.811109 0.000000
vt 0.031941 1.917058 0.000000
vt 0.016758 2.261394 0.000000
vt 0.031941 2.234906 0.000000
vt 0.031941 2.552755 0.000000
vt 0.047124 2.261437 0.000000
vt 0.047124 2.711716 0.000000
vt 0.047124 1.360879 0.000000
vt 0.047124 1.811158 0.000000
vt 0.031941 2.870603 0.000000
vt 0.047124 3.161995 0.000000
vt 0.031941 3.188451 0.000000
vt 0.031941 3.506299 0.000000
vt 0.016758 3.161964 0.000000
vt 0.016758 3.612249 0.000000
vt 0.031941 3.824148 0.000000
vt 0.016758 4.062534 0.000000
vt 0.031941 4.141996 0.000000
vt 0.016758 4.512819 0.000000
vt 0.031941 4.459844 0.000000
vt 0.031941 4.777692 0.000000
vt 0.047124 4.512831 0.000000
vt 0.047124 4.963110 0.000000
vt 0.047124 3.612273 0.000000
vt 0.047124 4.062552 0.000000
vt 0.047124 5.413389 0.000000
vt 0.037002 5.413389 0.000000
vt 0.031941 5.095541 0.000000
vt 0.016758 4.963104 0.000000
vt 0.026880 5.413389 0.000000
vt 0.016758 5.413389 0.000000
vt 0.016758 2.711679 0.000000
vt -6.812500 0.005061 0.000000
vt -6.489227 0.000000 0.000000
vt -6.812500 0.015183 0.000000
vt -6.165954 0.000000 0.000000
vt -5.842681 0.000000 0.000000
vt -6.812500 -0.005061 0.000000
vt -5.519408 0.000000 0.000000
vt -5.196135 0.000000 0.000000
vt -4.872862 0.000000 0.000000
vt -4.549589 0.000000 0.000000
vt -4.226316 0.000000 0.000000
vt -3.903043 0.000000 0.000000
vt -3.579770 0.000000 0.000000
vt -3.256497 0.000000 0.000000
vt 2.239145 -0.015183 0.000000
vt -2.933224 0.000000 0.000000
vt -2.609950 0.000000 0.000000
vt -2.286677 0.000000 0.000000
vt -1.963404 0.000000 0.000000
vt -1.640131 0.000000 0.000000
vt -1.316858 0.000000 0.000000
vt -0.993585 0.000000 0.000000
vt 2.239145 0.005061 0.000000
vt -0.670312 0.000000 0.000000
vt -0.347039 0.000000 0.000000
vt -0.023766 0.000000 0.000000
vt 0.299507 0.000000 0.000000
vt 0.622780 0.000000 0.000000
vt 0.946053 0.000000 0.000000
vt 1.269326 0.000000 0.000000
vt 1.592599 0.000000 0.000000
vt 1.915872 0.000000 0.000000
vt 2.239145 -0.005061 0.000000
vt -6.812500 -0.015183 0.000000
vt 2.239145 0.015183 0.000000
vt -0.030366 0.000000 0.000000
vt -0.020244 0.000000 0.000000
vt -0.030366 0.457657 0.000000
vt -0.015183 0.323052 0.000000
vt -0.015183 0.646104 0.000000
vt 0.000000 0.457657 0.000000
vt -0.000000 0.915313 0.000000
vt -0.010122 0.000000 0.000000
vt 0.000000 0.000000 0.000000
vt -0.000000 1.372970 0.000000
vt -0.015183 1.292207 0.000000
vt -0.015183 0.969155 0.000000
vt -0.030366 0.915313 0.000000
vt -0.015183 1.615259 0.000000
vt -0.000000 1.830627 0.000000
vt -0.015183 1.938311 0.000000
vt -0.000000 2.288283 0.000000
vt -0.015183 2.261362 0.000000
vt -0.015183 2.584414 0.000000
vt -0.030366 2.288283 0.000000
vt -0.030366 2.745940 0.000000
vt -0.015183 2.907466 0.000000
vt -0.030366 3.203597 0.000000
vt -0.015183 3.230518 0.000000
vt -0.015183 3.553569 0.000000
vt -0.000000 3.203597 0.000000
vt 0.000000 3.661253 0.000000
vt -0.000000 2.745940 0.000000
vt -0.015183 3.876621 0.000000
vt -0.000000 4.118910 0.000000
vt -0.015183 4.199673 0.000000
vt -0.000000 4.576567 0.000000
vt -0.015183 4.522725 0.000000
vt -0.015183 4.845776 0.000000
vt -0.030366 4.576567 0.000000
vt -0.030366 5.034223 0.000000
vt -0.015183 5.168828 0.000000
vt -0.030366 5.491880 0.000000
vt -0.020244 5.491880 0.000000
vt -0.010122 5.491880 0.000000
vt -0.000000 5.034223 0.000000
vt -0.000000 5.491880 0.000000
vt -0.030366 4.118910 0.000000
vt -0.030366 3.661253 0.000000
vt -0.030366 1.830627 0.000000
vt -0.030366 1.372970 0.000000
vt -0.075000 -0.015183 0.000000
vt 0.275000 -0.015183 0.000000
vt -0.075000 -0.005061 0.000000
vt 0.275000 -0.005061 0.000000
vt 0.275000 0.005061 0.000000
vt 0.275000 0.015183 0.000000
vt -0.075000 0.015183 0.000000
vt -0.075000 0.005061 0.000000
vt -0.030366 5.491880 0.000000
vt -0.020244 5.491880 0.000000
vt -0.030366 5.949536 0.000000
vt -0.015183 5.814932 0.000000
vt -0.015183 6.137983 0.000000
vt -0.000000 5.949536 0.000000
vt -0.000000 6.407193 0.000000
vt -0.010122 5.491880 0.000000
vt 0.000000 5.491880 0.000000
vt -0.000000 6.864850 0.000000
vt -0.015183 6.784087 0.000000
vt -0.015183 6.461035 0.000000
vt -0.030366 6.407193 0.000000
vt -0.015183 7.107139 0.000000
vt 0.000000 7.322506 0.000000
vt -0.015183 7.430190 0.000000
vt 0.000000 7.780163 0.000000
vt -0.015183 7.753242 0.000000
vt -0.015183 8.076294 0.000000
vt -0.030366 7.780163 0.000000
vt -0.030366 8.237820 0.000000
vt -0.015183 8.399346 0.000000
vt -0.030366 8.695476 0.000000
vt -0.015183 8.722397 0.000000
vt -0.015183 9.045449 0.000000
vt -0.000000 8.695476 0.000000
vt 0.000000 9.153133 0.000000
vt -0.000000 8.237820 0.000000
vt -0.015183 9.368501 0.000000
vt -0.000000 9.610790 0.000000
vt -0.015183 9.691553 0.000000
vt -0.000000 10.068446 0.000000
vt -0.015183 10.014604 0.000000
vt -0.015183 10.337656 0.000000
vt -0.030366 10.068446 0.000000
vt -0.030366 10.526103 0.000000
vt -0.015183 10.660708 0.000000
vt -0.030366 10.983760 0.000000
vt -0.020244 10.983760 0.000000
vt -0.010122 10.983760 0.000000
vt 0.000000 10.526103 0.000000
vt 0.000000 10.983760 0.000000
vt -0.030366 9.610790 0.000000
vt -0.030366 9.153133 0.000000
vt -0.030366 7.322506 0.000000
vt -0.030366 6.864850 0.000000
vt -2.239145 0.005061 0.000000
vt -1.915872 -0.000000 0.000000
vt -2.239145 0.015183 0.000000
vt -1.592599 -0.000000 0.000000
vt -1.269326 -0.000000 0.000000
vt -2.239145 -0.005061 0.000000
vt -0.946053 -0.000000 0.000000
vt -0.622780 -0.000000 0.000000
vt -0.299507 -0.000000 0.000000
vt 0.023766 -0.000000 0.000000
vt 0.347039 -0.000000 0.000000
vt 0.670312 -0.000000 0.000000
vt 0.993585 -0.000000 0.000000
vt 1.316858 -0.000000 0.000000
vt 6.812500 -0.015183 0.000000
vt 1.640131 -0.000000 0.000000
vt 1.963404 -0.000000 0.000000
vt 2.286677 -0.000000 0.000000
vt 2.609950 -0.000000 0.000000
vt 2.933224 -0.000000 0.000000
vt 3.256497 -0.000000 0.000000
vt 3.579770 -0.000000 0.000000
vt 6.812500 0.005061 0.000000
vt 3.903043 -0.000000 0.000000
vt 4.226316 -0.000000 0.000000
vt 4.549589 -0.000000 0.000000
vt 4.872862 -0.000000 0.000000
vt 5.196135 -0.000000 0.000000
vt 5.519408 -0.000000 0.000000
vt 5.842681 -0.000000 0.000000
vt 6.165954 -0.000000 0.000000
vt 6.489227 -0.000000 0.000000
vt 6.812500 -0.005061 0.000000
vt -2.239145 -0.015183 0.000000
vt 6.812500 0.015183 0.000000
vt 0.047124 10.366457 0.000000
vt 0.047124 10.816736 0.000000
vt 0.031941 10.498961 0.000000
vt 0.037002 10.816765 0.000000
vt 0.026880 10.816790 0.000000
vt 0.016758 10.816809 0.000000
vt 0.016758 10.366524 0.000000
vt 0.031941 10.181113 0.000000
vt 0.016758 9.916239 0.000000
vt 0.031941 9.863265 0.000000
vt 0.031941 9.545416 0.000000
vt 0.047124 9.916178 0.000000
vt 0.047124 9.465899 0.000000
vt 0.031941 9.227568 0.000000
vt 0.047124 9.015620 0.000000
vt 0.031941 8.909720 0.000000
vt 0.047124 8.565341 0.000000
vt 0.031941 8.591872 0.000000
vt 0.031941 8.274023 0.000000
vt 0.016758 8.565384 0.000000
vt 0.016758 8.115099 0.000000
vt 0.016758 9.465954 0.000000
vt 0.016758 9.015669 0.000000
vt 0.031941 7.956175 0.000000
vt 0.016758 7.664814 0.000000
vt 0.031941 7.638327 0.000000
vt 0.031941 7.320479 0.000000
vt 0.047124 7.664783 0.000000
vt 0.047124 7.214505 0.000000
vt 0.031941 7.002630 0.000000
vt 0.047124 6.764226 0.000000
vt 0.031941 6.684782 0.000000
vt 0.047124 6.313947 0.000000
vt 0.031941 6.366934 0.000000
vt 0.031941 6.049086 0.000000
vt 0.016758 6.313959 0.000000
vt 0.016758 5.863674 0.000000
vt 0.016758 7.214529 0.000000
vt 0.016758 6.764244 0.000000
vt 0.016758 5.413389 0.000000
vt 0.026880 5.413389 0.000000
vt 0.031941 5.731237 0.000000
vt 0.047124 5.863668 0.000000
vt 0.037002 5.413389 0.000000
vt 0.047124 5.413389 0.000000
vt 0.047124 8.115062 0.000000
vt -1.790572 -1.267351 0.000000
vt -1.964177 -1.279696 0.000000
vt 1.457550 -1.374447 0.000000
vt -1.964177 -1.646995 0.000000
vt 1.457550 -1.832596 0.000000
vt -1.964177 -2.014295 0.000000
vt 1.457550 -2.290745 0.000000
vt -1.964177 -2.381594 0.000000
vt 1.457550 -2.748894 0.000000
vt -1.964177 -2.748894 0.000000
vt 1.457550 -0.916298 0.000000
vt -1.291916 -1.116398 0.000000
vt -1.453042 -1.183011 0.000000
vt -1.619510 -1.234351 0.000000
vt 1.457550 -0.458149 0.000000
vt -0.427701 -0.530824 0.000000
vt -0.698433 -0.751708 0.000000
vt -0.985534 -0.950153 0.000000
vt -0.171261 -0.293632 0.000000
vt 1.457550 -0.000000 0.000000
vt 0.071945 -0.042174 0.000000
vt 0.302169 0.222184 0.000000
vt 1.457550 0.458149 0.000000
vt 0.517709 0.498620 0.000000
vt 0.716547 0.786753 0.000000
vt 1.457550 0.916298 0.000000
vt 0.896663 1.086685 0.000000
vt 1.457550 1.374447 0.000000
vt 1.055969 1.398944 0.000000
vt 1.191188 1.722946 0.000000
vt 1.457550 1.832596 0.000000
vt 1.298067 2.057285 0.000000
vt 1.457550 2.290745 0.000000
vt 1.373089 2.400247 0.000000
vt 1.457550 2.748894 0.000000
vt 1.414078 2.748894 0.000000
vt 0.554722 -0.275000 0.000000
vt 0.552503 -0.158295 0.000000
vt 0.516627 -0.275000 0.000000
vt 0.516627 0.075000 0.000000
vt 0.554296 -0.041582 0.000000
vt 0.560099 0.075000 0.000000
vt -7.733358 0.010000 0.000000
vt 4.750000 0.010000 0.000000
vt -7.702805 0.457017 0.000000
vt -7.614273 0.896243 0.000000
vt -7.469270 1.320191 0.000000
vt -7.270269 1.721634 0.000000
vt -7.020663 2.093728 0.000000
vt -6.724705 2.430131 0.000000
vt -4.301645 3.431727 0.000000
vt -6.387441 2.725107 0.000000
vt -6.014621 2.973628 0.000000
vt -5.612600 3.171459 0.000000
vt -5.188232 3.315225 0.000000
vt -4.748749 3.402477 0.000000
vt 4.750000 3.431727 0.000000
vt 0.040000 0.418879 0.000000
vt -0.040000 0.418879 0.000000
vt 0.040000 0.314159 0.000000
vt -0.040000 0.314159 0.000000
vt 0.039258 0.235613 0.000000
vt -0.040000 0.209440 0.000000
vt 0.037466 0.157080 0.000000
vt -0.040000 0.104720 0.000000
vt 0.035674 0.078546 0.000000
vt -0.040000 -0.000000 0.000000
vt 0.034931 -0.000000 0.000000
vt 0.035674 -0.078546 0.000000
vt -0.040000 -0.104720 0.000000
vt 0.037466 -0.157080 0.000000
vt -0.040000 -0.209440 0.000000
vt 0.039258 -0.235613 0.000000
vt -0.040000 -0.314159 0.000000
vt 0.040000 -0.314159 0.000000
vt 0.040000 -0.418879 0.000000
vt -0.040000 -0.418879 0.000000
vt 0.040000 -0.523599 0.000000
vt -0.040000 -0.523599 0.000000
vt 0.040000 -0.628319 0.000000
vt -0.040000 -0.628319 0.000000
vt 0.040000 0.628319 0.000000
vt -0.040000 0.628319 0.000000
vt 0.040000 0.523599 0.000000
vt -0.040000 0.523599 0.000000
vt 3.948355 0.047900 0.000000
vt 4.048355 0.021105 0.000000
vt 3.948355 2.775000 0.000000
vt 10.498355 0.021105 0.000000
vt 10.598355 0.047900 0.000000
vt 10.425150 -0.052100 0.000000
vt 4.121560 -0.052100 0.000000
vt 10.398355 -0.152100 0.000000
vt 4.148355 -0.152100 0.000000
vt 10.425150 -0.252100 0.000000
vt 4.121560 -0.252100 0.000000
vt 10.498355 -0.325305 0.000000
vt 4.048355 -0.325305 0.000000
vt 3.948355 -2.975000 0.000000
vt 3.948355 -0.352100 0.000000
vt 10.598355 -0.352100 0.000000
vt 13.000000 -2.975000 0.000000
vt 10.698355 -0.325305 0.000000
vt 14.768124 -2.315524 0.000000
vt 15.040524 -2.043124 0.000000
vt 13.384250 -2.947518 0.000000
vt 13.760678 -2.865631 0.000000
vt 14.121621 -2.731006 0.000000
vt 14.459730 -2.546385 0.000000
vt 15.271385 -1.734730 0.000000
vt 15.456006 -1.396621 0.000000
vt 15.590631 -1.035678 0.000000
vt 10.771560 -0.252100 0.000000
vt 15.672518 -0.659250 0.000000
vt 15.700000 -0.275000 0.000000
vt 10.798355 -0.152100 0.000000
vt 15.700000 0.075000 0.000000
vt 10.771560 -0.052100 0.000000
vt 15.672518 0.459250 0.000000
vt 15.590631 0.835678 0.000000
vt 10.698355 0.021105 0.000000
vt 15.456006 1.196621 0.000000
vt 15.271385 1.534730 0.000000
vt 15.040524 1.843124 0.000000
vt 14.768124 2.115524 0.000000
vt 13.000000 2.775000 0.000000
vt 14.459730 2.346385 0.000000
vt 14.121621 2.531006 0.000000
vt 13.760678 2.665631 0.000000
vt 13.384250 2.747518 0.000000
vt 0.040000 -0.523599 0.000000
vt -0.040000 -0.523599 0.000000
vt 0.040000 -0.628319 0.000000
vt -0.040000 -0.628319 0.000000
vt 0.040000 0.628319 0.000000
vt -0.040000 0.628319 0.000000
vt 0.040000 0.523599 0.000000
vt -0.040000 0.523599 0.000000
vt 0.040000 0.418879 0.000000
vt -0.040000 0.418879 0.000000
vt 0.040000 0.314159 0.000000
vt -0.040000 0.314159 0.000000
vt 0.040000 0.209440 0.000000
vt -0.040000 0.209440 0.000000
vt 0.040000 0.104720 0.000000
vt -0.040000 0.104720 0.000000
vt 0.040000 0.000000 0.000000
vt -0.040000 -0.000000 0.000000
vt 0.040000 -0.104720 0.000000
vt -0.040000 -0.104720 0.000000
vt 0.040000 -0.209440 0.000000
vt -0.040000 -0.209440 0.000000
vt 0.040000 -0.314159 0.000000
vt -0.040000 -0.314159 0.000000
vt 0.040000 -0.418879 0.000000
vt -0.040000 -0.418879 0.000000
vt -0.070711 0.392699 0.000000
vt 0.070711 0.392699 0.000000
vt -0.070711 0.471239 0.000000
vt 0.070711 0.471239 0.000000
vt -0.070711 -0.471239 0.000000
vt 0.070711 -0.471239 0.000000
vt -0.070711 -0.392699 0.000000
vt 0.070711 -0.392699 0.000000
vt -0.070711 -0.314159 0.000000
vt 0.070711 -0.314159 0.000000
vt -0.070711 -0.235619 0.000000
vt 0.070711 -0.235619 0.000000
vt -0.070711 -0.157080 0.000000
vt 0.070711 -0.157080 0.000000
vt -0.070711 -0.078540 0.000000
vt 0.070711 -0.078540 0.000000
vt -0.070711 -0.000000 0.000000
vt 0.070711 -0.000000 0.000000
vt -0.070711 0.078540 0.000000
vt 0.070711 0.078540 0.000000
vt -0.070711 0.157080 0.000000
vt 0.070711 0.157080 0.000000
vt -0.070711 0.235619 0.000000
vt 0.070711 0.235619 0.000000
vt -0.070711 0.314159 0.000000
vt 0.070711 0.314159 0.000000
vt 0.130165 0.570291 0.000000
vt -0.000000 0.600000 0.000000
vt -0.000000 0.400000 0.000000
vt -0.130165 0.570291 0.000000
vt -0.050000 0.386603 0.000000
vt -0.234549 0.487047 0.000000
vt -0.086603 0.350000 0.000000
vt -0.292478 0.366756 0.000000
vt -0.100000 0.300000 0.000000
vt -0.292478 0.233244 0.000000
vt -0.086603 0.250000 0.000000
vt -0.234549 0.112953 0.000000
vt -0.050000 0.213397 0.000000
vt -0.130165 0.029709 0.000000
vt -0.000000 0.200000 0.000000
vt -0.000000 0.000000 0.000000
vt 0.130165 0.029709 0.000000
vt 0.050000 0.213397 0.000000
vt 0.234549 0.112953 0.000000
vt 0.086603 0.250000 0.000000
vt 0.292478 0.233244 0.000000
vt 0.100000 0.300000 0.000000
vt 0.292478 0.366756 0.000000
vt 0.086603 0.350000 0.000000
vt 0.234549 0.487047 0.000000
vt 0.050000 0.386603 0.000000
vt -0.374177 0.261799 0.000000
vt 0.374177 0.261799 0.000000
vt -0.374177 0.314159 0.000000
vt 0.374177 0.314159 0.000000
vt -0.374177 -0.314159 0.000000
vt 0.374177 -0.314159 0.000000
vt -0.374177 -0.261799 0.000000
vt 0.374177 -0.261799 0.000000
vt -0.374177 -0.209440 0.000000
vt 0.374177 -0.209440 0.000000
vt -0.374177 -0.157080 0.000000
vt 0.374177 -0.157080 0.000000
vt -0.374177 -0.104720 0.000000
vt 0.374177 -0.104720 0.000000
vt -0.374177 -0.052360 0.000000
vt 0.374177 -0.052360 0.000000
vt -0.374177 0.000000 0.000000
vt 0.374177 -0.000000 0.000000
vt -0.374177 0.052360 0.000000
vt 0.374177 0.052360 0.000000
vt -0.374177 0.104720 0.000000
vt 0.374177 0.104720 0.000000
vt -0.374177 0.157080 0.000000
vt 0.374177 0.157080 0.000000
vt -0.374177 0.209440 0.000000
vt 0.374177 0.209440 0.000000
vt 0.070711 -0.392699 0.000000
vt -0.070711 -0.392699 0.000000
vt 0.070711 -0.471239 0.000000
vt -0.070711 -0.471239 0.000000
vt 0.070711 0.471239 0.000000
vt -0.070711 0.471239 0.000000
vt 0.070711 0.392699 0.000000
vt -0.070711 0.392699 0.000000
vt 0.070711 0.314159 0.000000
vt -0.070711 0.314159 0.000000
vt 0.070711 0.235619 0.000000
vt -0.070711 0.235619 0.000000
vt 0.070711 0.157080 0.000000
vt -0.070711 0.157080 0.000000
vt 0.070711 0.078540 0.000000
vt -0.070711 0.078540 0.000000
vt 0.070711 0.000000 0.000000
vt -0.070711 -0.000000 0.000000
vt 0.070711 -0.078540 0.000000
vt -0.070711 -0.078540 0.000000
vt 0.070711 -0.157080 0.000000
vt -0.070711 -0.157080 0.000000
vt 0.070711 -0.235619 0.000000
vt -0.070711 -0.235619 0.000000
vt 0.070711 -0.314159 0.000000
vt -0.070711 -0.314159 0.000000
vt -0.130165 -0.370291 0.000000
vt 0.000000 -0.400000 0.000000
vt -0.000000 -0.200000 0.000000
vt 0.130165 -0.370291 0.000000
vt 0.050000 -0.186603 0.000000
vt 0.234549 -0.287047 0.000000
vt 0.086603 -0.150000 0.000000
vt 0.292478 -0.166756 0.000000
vt 0.100000 -0.100000 0.000000
vt 0.292478 -0.033244 0.000000
vt 0.086603 -0.050000 0.000000
vt 0.234549 0.087047 0.000000
vt 0.050000 -0.013397 0.000000
vt 0.130165 0.170291 0.000000
vt -0.000000 0.000000 0.000000
vt -0.000000 0.200000 0.000000
vt -0.130165 0.170291 0.000000
vt -0.050000 -0.013397 0.000000
vt -0.234549 0.087047 0.000000
vt -0.086603 -0.050000 0.000000
vt -0.292478 -0.033244 0.000000
vt -0.100000 -0.100000 0.000000
vt -0.292478 -0.166756 0.000000
vt -0.086603 -0.150000 0.000000
vt -0.234549 -0.287047 0.000000
vt -0.050000 -0.186603 0.000000
vt -0.206249 0.261799 0.000000
vt 0.206249 0.261799 0.000000
vt -0.206249 0.314159 0.000000
vt 0.206249 0.314159 0.000000
vt -0.206249 -0.314159 0.000000
vt 0.206249 -0.314159 0.000000
vt -0.206249 -0.261799 0.000000
vt 0.206249 -0.261799 0.000000
vt -0.206249 -0.209440 0.000000
vt 0.206249 -0.209440 0.000000
vt -0.206249 -0.157080 0.000000
vt 0.206249 -0.157080 0.000000
vt -0.206249 -0.104720 0.000000
vt 0.206249 -0.104720 0.000000
vt -0.206249 -0.052360 0.000000
vt 0.206249 -0.052360 0.000000
vt -0.206249 -0.000000 0.000000
vt 0.206249 0.000000 0.000000
vt -0.206249 0.052360 0.000000
vt 0.206249 0.052360 0.000000
vt -0.206249 0.104720 0.000000
vt 0.206249 0.104720 0.000000
vt -0.206249 0.157080 0.000000
vt 0.206249 0.157080 0.000000
vt -0.206249 0.209440 0.000000
vt 0.206249 0.209440 0.000000
vt -0.590167 0.075000 0.000000
vt -0.584312 -0.041581 0.000000
vt -0.572052 0.075000 0.000000
vt -0.582503 -0.158294 0.000000
vt -0.572052 -0.275000 0.000000
vt -0.584742 -0.275000 0.000000
vt 6.443355 0.434416 0.000000
vt -0.146645 0.434416 0.000000
vt 6.443355 -0.131623 0.000000
vt -0.146645 -0.131623 0.000000
vt -0.176645 -0.399647 0.000000
vt -0.176645 -0.131623 0.000000
vt 8.875000 -0.399647 0.000000
vt 6.503355 -0.131623 0.000000
vt 8.875000 0.434416 0.000000
vt 6.503355 0.434416 0.000000
vt 0.399647 2.369042 0.000000
vt -0.434416 2.369042 0.000000
vt 0.399647 1.974202 0.000000
vt -0.434416 1.938307 0.000000
vt 0.399647 1.579361 0.000000
vt -0.434416 1.507572 0.000000
vt 0.399647 1.184521 0.000000
vt -0.434416 1.076837 0.000000
vt 0.399647 0.789681 0.000000
vt -0.434416 0.646102 0.000000
vt 0.399647 0.394840 0.000000
vt -0.434416 0.215367 0.000000
vt 0.399647 0.000000 0.000000
vt -0.434416 -0.215367 0.000000
vt 0.399647 -0.394840 0.000000
vt -0.434416 -0.646102 0.000000
vt 0.399647 -0.789681 0.000000
vt -0.434416 -1.076837 0.000000
vt 0.399647 -1.184521 0.000000
vt -0.434416 -1.507572 0.000000
vt 0.399647 -1.579361 0.000000
vt -0.434416 -1.938307 0.000000
vt 0.399647 -1.974202 0.000000
vt -0.434416 -2.369042 0.000000
vt 0.399647 -2.369042 0.000000
vt 0.399647 2.369042 0.000000
vt -0.434416 2.369042 0.000000
vt 0.399647 1.974202 0.000000
vt -0.434416 1.938307 0.000000
vt 0.399647 1.579361 0.000000
vt -0.434416 1.507572 0.000000
vt 0.399647 1.184521 0.000000
vt -0.434416 1.076837 0.000000
vt 0.399647 0.789681 0.000000
vt -0.434416 0.646102 0.000000
vt 0.399647 0.394840 0.000000
vt -0.434416 0.215367 0.000000
vt 0.399647 0.000000 0.000000
vt -0.434416 -0.215367 0.000000
vt 0.399647 -0.394840 0.000000
vt -0.434416 -0.646102 0.000000
vt 0.399647 -0.789681 0.000000
vt -0.434416 -1.076837 0.000000
vt 0.399647 -1.184521 0.000000
vt -0.434416 -1.507572 0.000000
vt 0.399647 -1.579361 0.000000
vt -0.434416 -1.938307 0.000000
vt 0.399647 -1.974202 0.000000
vt -0.434416 -2.369042 0.000000
vt 0.399647 -2.369042 0.000000
vt -0.471699 -5.825662 0.000000
vt -0.471699 -6.272347 0.000000
vt 0.455072 -5.826994 0.000000
vt 0.455072 -6.310792 0.000000
vt -0.471699 -6.719032 0.000000
vt 0.455072 -6.794589 0.000000
vt -0.471699 -7.165717 0.000000
vt 0.455072 -7.278387 0.000000
vt -0.471699 -7.612402 0.000000
vt 0.455072 -7.762185 0.000000
vt -0.471699 -8.059087 0.000000
vt 0.455072 -8.245983 0.000000
vt -0.471699 -8.505772 0.000000
vt 0.455072 -8.729781 0.000000
vt -0.471699 -8.952457 0.000000
vt 0.455072 -9.213578 0.000000
vt -0.471699 -9.399142 0.000000
vt 0.455072 -9.697376 0.000000
vt -0.471699 -9.845827 0.000000
vt 0.455072 -10.181174 0.000000
vt -0.471699 -10.292512 0.000000
vt 0.455072 -10.664972 0.000000
vt -0.471699 -10.739197 0.000000
vt 0.455072 -11.148769 0.000000
vt -0.471699 -11.185882 0.000000
vt 0.455072 -11.632567 0.000000
vt -0.471699 -11.632567 0.000000
vt -2.775000 6.212061 0.000000
vt 2.975000 6.212061 0.000000
vt -2.775000 6.688374 0.000000
vt 2.975000 6.688374 0.000000
vt -2.775000 7.164686 0.000000
vt 2.975000 7.164686 0.000000
vt -2.775000 7.640999 0.000000
vt 2.975000 7.640999 0.000000
vt -2.775000 8.117311 0.000000
vt 2.975000 8.117311 0.000000
vt -2.775000 8.593623 0.000000
vt 2.975000 8.593623 0.000000
vt -2.775000 9.069936 0.000000
vt 2.975000 9.069936 0.000000
vt -2.775000 9.546248 0.000000
vt 2.975000 9.546248 0.000000
vt -2.775000 10.022561 0.000000
vt 2.975000 10.022561 0.000000
vt -2.775000 10.498873 0.000000
vt 2.975000 10.498873 0.000000
vt -2.775000 10.975185 0.000000
vt 2.975000 10.975185 0.000000
vt -2.775000 11.451498 0.000000
vt 2.975000 11.451498 0.000000
vt -2.775000 11.927810 0.000000
vt 2.975000 11.927810 0.000000
vt 0.152100 12.204037 0.000000
vt 0.228643 12.219282 0.000000
vt 2.975000 12.404123 0.000000
vt 0.293521 12.262671 0.000000
vt 0.336873 12.327575 0.000000
vt 0.352100 12.404123 0.000000
vt 0.075557 12.219282 0.000000
vt -2.775000 12.404123 0.000000
vt 0.010679 12.262671 0.000000
vt -0.032673 12.327575 0.000000
vt -0.047900 12.404123 0.000000
vt -0.471699 5.825662 0.000000
vt 0.455072 5.826994 0.000000
vt -0.471699 6.272347 0.000000
vt 0.455072 6.310792 0.000000
vt -0.471699 6.719032 0.000000
vt 0.455072 6.794589 0.000000
vt -0.471699 7.165717 0.000000
vt 0.455072 7.278387 0.000000
vt -0.471699 7.612402 0.000000
vt 0.455072 7.762185 0.000000
vt -0.471699 8.059087 0.000000
vt 0.455072 8.245983 0.000000
vt -0.471699 8.505772 0.000000
vt 0.455072 8.729781 0.000000
vt -0.471699 8.952457 0.000000
vt 0.455072 9.213578 0.000000
vt -0.471699 9.399142 0.000000
vt 0.455072 9.697376 0.000000
vt -0.471699 9.845827 0.000000
vt 0.455072 10.181174 0.000000
vt -0.471699 10.292512 0.000000
vt 0.455072 10.664972 0.000000
vt -0.471699 10.739197 0.000000
vt 0.455072 11.148769 0.000000
vt -0.471699 11.185882 0.000000
vt 0.455072 11.632567 0.000000
vt -0.471699 11.632567 0.000000
vt -8.875000 -0.455072 0.000000
vt 0.176645 -0.455072 0.000000
vt -8.875000 0.471699 0.000000
vt 0.176645 0.471699 0.000000
vt -0.455072 2.429197 0.000000
vt -0.455072 2.024331 0.000000
vt 0.471699 2.429197 0.000000
vt 0.471699 1.987525 0.000000
vt -0.455072 1.619465 0.000000
vt 0.471699 1.545853 0.000000
vt -0.455072 1.214599 0.000000
vt 0.471699 1.104181 0.000000
vt -0.455072 0.809732 0.000000
vt 0.471699 0.662508 0.000000
vt -0.455072 0.404866 0.000000
vt 0.471699 0.220836 0.000000
vt -0.455072 -0.000000 0.000000
vt 0.471699 -0.220836 0.000000
vt -0.455072 -0.404866 0.000000
vt 0.471699 -0.662508 0.000000
vt -0.455072 -0.809732 0.000000
vt 0.471699 -1.104181 0.000000
vt -0.455072 -1.214599 0.000000
vt 0.471699 -1.545853 0.000000
vt -0.455072 -1.619465 0.000000
vt 0.471699 -1.987525 0.000000
vt -0.455072 -2.024331 0.000000
vt 0.471699 -2.429197 0.000000
vt -0.455072 -2.429197 0.000000
vt -0.275000 -0.455072 0.000000
vt 0.075000 -0.455072 0.000000
vt -0.275000 0.471699 0.000000
vt 0.075000 0.471699 0.000000
vt -0.455072 2.429197 0.000000
vt -0.455072 2.024331 0.000000
vt 0.471699 2.429197 0.000000
vt 0.471699 1.987525 0.000000
vt -0.455072 1.619465 0.000000
vt 0.471699 1.545853 0.000000
vt -0.455072 1.214599 0.000000
vt 0.471699 1.104181 0.000000
vt -0.455072 0.809732 0.000000
vt 0.471699 0.662508 0.000000
vt -0.455072 0.404866 0.000000
vt 0.471699 0.220836 0.000000
vt -0.455072 0.000000 0.000000
vt 0.471699 -0.220836 0.000000
vt -0.455072 -0.404866 0.000000
vt 0.471699 -0.662508 0.000000
vt -0.455072 -0.809732 0.000000
vt 0.471699 -1.104181 0.000000
vt -0.455072 -1.214599 0.000000
vt 0.471699 -1.545853 0.000000
vt -0.455072 -1.619465 0.000000
vt 0.471699 -1.987525 0.000000
vt -0.455072 -2.024331 0.000000
vt 0.471699 -2.429197 0.000000
vt -0.455072 -2.429197 0.000000
vt -0.176645 -0.455072 0.000000
vt 8.875000 -0.455072 0.000000
vt -0.176645 0.471699 0.000000
vt 8.875000 0.471699 0.000000
vt -0.000000 5.331780 0.000000
vt -0.000000 5.503773 0.000000
vt -0.009127 5.458426 0.000000
vt -0.009624 5.503178 0.000000
vt -0.015774 5.458426 0.000000
vt -0.017789 5.574357 0.000000
vt -0.021916 5.574346 0.000000
vt -0.009658 5.574399 0.000000
vt -0.030886 5.574345 0.000000
vt -0.022420 5.458426 0.000000
vt -0.015774 5.342289 0.000000
vt -0.022420 5.342289 0.000000
vt -0.015774 5.226153 0.000000
vt -0.022420 5.226153 0.000000
vt -0.015774 5.110016 0.000000
vt -0.022420 5.110016 0.000000
vt -0.015774 4.993879 0.000000
vt -0.022420 4.993879 0.000000
vt -0.015774 4.877742 0.000000
vt -0.022420 4.877742 0.000000
vt -0.015774 4.761606 0.000000
vt -0.022420 4.761606 0.000000
vt -0.015774 4.645469 0.000000
vt -0.022420 4.645469 0.000000
vt -0.015774 4.529332 0.000000
vt -0.022420 4.529332 0.000000
vt -0.015774 4.413196 0.000000
vt -0.022420 4.413196 0.000000
vt -0.015774 4.297059 0.000000
vt -0.022420 4.297059 0.000000
vt -0.015774 4.180922 0.000000
vt -0.022420 4.180922 0.000000
vt -0.015774 4.026073 0.000000
vt -0.022420 4.026073 0.000000
vt -0.015774 3.871224 0.000000
vt -0.022420 3.871224 0.000000
vt -0.015774 3.716375 0.000000
vt -0.022420 3.716375 0.000000
vt -0.015774 3.561526 0.000000
vt -0.022420 3.561526 0.000000
vt -0.015774 3.406677 0.000000
vt -0.022420 3.406677 0.000000
vt -0.015774 3.251828 0.000000
vt -0.022420 3.251828 0.000000
vt -0.022420 3.096269 0.000000
vt -0.029067 3.096387 0.000000
vt -0.029067 2.942130 0.000000
vt -0.035713 2.942130 0.000000
vt -0.029067 2.787281 0.000000
vt -0.035713 2.787281 0.000000
vt -0.029067 2.632432 0.000000
vt -0.035713 2.632432 0.000000
vt -0.029067 2.477583 0.000000
vt -0.035713 2.477583 0.000000
vt -0.029067 2.322734 0.000000
vt -0.035713 2.322734 0.000000
vt -0.029067 2.167886 0.000000
vt -0.035713 2.167886 0.000000
vt -0.029067 2.013037 0.000000
vt -0.035713 2.013037 0.000000
vt -0.029067 1.858188 0.000000
vt -0.035713 1.858188 0.000000
vt -0.029067 1.742051 0.000000
vt -0.035713 1.742051 0.000000
vt -0.029067 1.625914 0.000000
vt -0.035713 1.625914 0.000000
vt -0.029067 1.509777 0.000000
vt -0.035713 1.509777 0.000000
vt -0.029067 1.393641 0.000000
vt -0.035713 1.393641 0.000000
vt -0.029067 1.277504 0.000000
vt -0.035713 1.277504 0.000000
vt -0.029067 1.161367 0.000000
vt -0.035713 1.161367 0.000000
vt -0.029067 1.045231 0.000000
vt -0.035713 1.045231 0.000000
vt -0.029067 0.929094 0.000000
vt -0.035713 0.929094 0.000000
vt -0.029067 0.812957 0.000000
vt -0.035713 0.812957 0.000000
vt -0.029067 0.696820 0.000000
vt -0.035713 0.696820 0.000000
vt -0.029067 0.580684 0.000000
vt -0.035713 0.580684 0.000000
vt -0.029067 0.464547 0.000000
vt -0.035713 0.464547 0.000000
vt -0.029067 0.348410 0.000000
vt -0.035713 0.348410 0.000000
vt -0.029067 0.232273 0.000000
vt -0.035713 0.232273 0.000000
vt -0.029067 0.116137 0.000000
vt -0.035713 0.116137 0.000000
vt -0.041665 0.000000 0.000000
vt -0.040126 0.116137 0.000000
vt -0.051312 0.116137 0.000000
vt -0.051312 0.232273 0.000000
vt -0.062498 0.348410 0.000000
vt -0.051312 0.348410 0.000000
vt -0.051312 0.464547 0.000000
vt -0.040126 0.348410 0.000000
vt -0.040126 0.464547 0.000000
vt -0.035713 5.574359 0.000000
vt -0.035713 5.458426 0.000000
vt -0.029067 5.458426 0.000000
vt -0.040126 5.458426 0.000000
vt -0.043924 5.574403 0.000000
vt -0.051312 5.458426 0.000000
vt -0.048769 5.574439 0.000000
vt -0.057634 5.574517 0.000000
vt -0.062498 5.574563 0.000000
vt -0.062498 5.400358 0.000000
vt -0.051312 5.342289 0.000000
vt -0.062498 5.226153 0.000000
vt -0.051312 5.226153 0.000000
vt -0.051312 5.110016 0.000000
vt -0.040126 5.110016 0.000000
vt -0.040126 4.993879 0.000000
vt -0.035713 4.993879 0.000000
vt -0.035713 4.877742 0.000000
vt -0.029067 4.877742 0.000000
vt -0.029067 4.761606 0.000000
vt -0.062498 5.051948 0.000000
vt -0.051312 4.993879 0.000000
vt -0.040126 4.877742 0.000000
vt -0.035713 4.761606 0.000000
vt -0.029067 4.645469 0.000000
vt -0.062498 4.877742 0.000000
vt -0.051312 4.877742 0.000000
vt -0.040126 4.761606 0.000000
vt -0.035713 4.645469 0.000000
vt -0.029067 4.529332 0.000000
vt -0.051312 4.761606 0.000000
vt -0.062498 4.529332 0.000000
vt -0.051312 4.645469 0.000000
vt -0.051312 4.529332 0.000000
vt -0.040126 4.529332 0.000000
vt -0.040126 4.413196 0.000000
vt -0.035713 4.413196 0.000000
vt -0.035713 4.297059 0.000000
vt -0.029067 4.297059 0.000000
vt -0.029067 4.180922 0.000000
vt -0.051312 4.413196 0.000000
vt -0.062498 4.180922 0.000000
vt -0.051312 4.297059 0.000000
vt -0.051312 4.180922 0.000000
vt -0.040126 4.180922 0.000000
vt -0.040126 4.026073 0.000000
vt -0.035713 4.026073 0.000000
vt -0.035713 3.871224 0.000000
vt -0.029067 3.871224 0.000000
vt -0.029067 3.716375 0.000000
vt -0.051312 4.026073 0.000000
vt -0.062498 3.832512 0.000000
vt -0.051312 3.871224 0.000000
vt -0.051312 3.716375 0.000000
vt -0.040126 3.716375 0.000000
vt -0.040126 3.561526 0.000000
vt -0.035713 3.561526 0.000000
vt -0.035713 3.406677 0.000000
vt -0.029067 3.406677 0.000000
vt -0.029067 3.251828 0.000000
vt -0.062498 3.484102 0.000000
vt -0.051312 3.561526 0.000000
vt -0.040126 3.406677 0.000000
vt -0.035713 3.251828 0.000000
vt -0.062498 3.135692 0.000000
vt -0.051312 3.251828 0.000000
vt -0.051312 3.406677 0.000000
vt -0.062498 2.787281 0.000000
vt -0.051312 2.942130 0.000000
vt -0.051312 3.096781 0.000000
vt -0.040126 3.251828 0.000000
vt -0.062498 2.438871 0.000000
vt -0.051312 2.632432 0.000000
vt -0.051312 2.787281 0.000000
vt -0.040126 2.787281 0.000000
vt -0.040126 2.942130 0.000000
vt -0.062498 2.090461 0.000000
vt -0.051312 2.322734 0.000000
vt -0.051312 2.477583 0.000000
vt -0.040126 2.477583 0.000000
vt -0.040126 2.632432 0.000000
vt -0.062498 1.742051 0.000000
vt -0.051312 1.858188 0.000000
vt -0.051312 2.013037 0.000000
vt -0.051312 2.167886 0.000000
vt -0.040126 2.013037 0.000000
vt -0.040126 2.167886 0.000000
vt -0.062498 1.393641 0.000000
vt -0.051312 1.625914 0.000000
vt -0.051312 1.742051 0.000000
vt -0.040126 1.742051 0.000000
vt -0.040126 1.858188 0.000000
vt -0.062498 1.045231 0.000000
vt -0.051312 1.277504 0.000000
vt -0.051312 1.393641 0.000000
vt -0.051312 1.509777 0.000000
vt -0.040126 1.393641 0.000000
vt -0.040126 1.509777 0.000000
vt -0.062498 0.696820 0.000000
vt -0.051312 0.929094 0.000000
vt -0.051312 1.045231 0.000000
vt -0.051312 1.161367 0.000000
vt -0.040126 1.045231 0.000000
vt -0.040126 1.161367 0.000000
vt -0.051312 0.580684 0.000000
vt -0.051312 0.696820 0.000000
vt -0.051312 0.812957 0.000000
vt -0.040126 0.696820 0.000000
vt -0.040126 0.812957 0.000000
vt -0.062498 0.000000 0.000000
vt -0.020832 0.000000 0.000000
vt -0.022420 0.116137 0.000000
vt -0.022420 0.232273 0.000000
vt -0.022420 0.348410 0.000000
vt -0.022420 0.464547 0.000000
vt -0.022420 0.580684 0.000000
vt -0.022420 0.696820 0.000000
vt -0.022420 0.812957 0.000000
vt -0.022420 0.929094 0.000000
vt -0.022420 1.045231 0.000000
vt -0.022420 1.161367 0.000000
vt -0.022420 1.277504 0.000000
vt -0.022420 1.393641 0.000000
vt -0.022420 1.509777 0.000000
vt -0.022420 1.625914 0.000000
vt -0.022420 1.742051 0.000000
vt -0.022420 1.858188 0.000000
vt -0.022420 2.013037 0.000000
vt -0.022420 2.167886 0.000000
vt -0.022420 2.322734 0.000000
vt -0.022420 2.477583 0.000000
vt -0.022420 2.632432 0.000000
vt -0.022420 2.787281 0.000000
vt -0.022420 2.942130 0.000000
vt -0.015774 3.096152 0.000000
vt -0.009127 3.251828 0.000000
vt -0.009127 3.406677 0.000000
vt -0.009127 3.561526 0.000000
vt -0.009127 3.716375 0.000000
vt -0.009127 3.871224 0.000000
vt -0.009127 4.026073 0.000000
vt -0.009127 4.180922 0.000000
vt -0.009127 4.297059 0.000000
vt -0.009127 4.413196 0.000000
vt -0.009127 4.529332 0.000000
vt -0.009127 4.645469 0.000000
vt -0.009127 4.761606 0.000000
vt -0.009127 4.877742 0.000000
vt -0.009127 4.993879 0.000000
vt -0.009127 5.110016 0.000000
vt -0.009127 5.226153 0.000000
vt -0.009127 5.342289 0.000000
vt -0.000000 0.000000 0.000000
vt -0.009127 0.116137 0.000000
vt -0.015774 0.116137 0.000000
vt -0.000000 0.343986 0.000000
vt -0.009127 0.232273 0.000000
vt -0.015774 0.232273 0.000000
vt -0.015774 0.348410 0.000000
vt -0.000000 0.687972 0.000000
vt -0.009127 0.464547 0.000000
vt -0.009127 0.348410 0.000000
vt -0.000000 1.031957 0.000000
vt -0.009127 0.812957 0.000000
vt -0.009127 0.696820 0.000000
vt -0.009127 0.580684 0.000000
vt -0.015774 0.696820 0.000000
vt -0.015774 0.580684 0.000000
vt -0.000000 1.375943 0.000000
vt -0.009127 1.161367 0.000000
vt -0.009127 1.045231 0.000000
vt -0.009127 0.929094 0.000000
vt -0.015774 1.045231 0.000000
vt -0.015774 0.929094 0.000000
vt -0.000000 1.719929 0.000000
vt -0.009127 1.509777 0.000000
vt -0.009127 1.393641 0.000000
vt -0.009127 1.277504 0.000000
vt -0.015774 1.393641 0.000000
vt -0.015774 1.277504 0.000000
vt -0.000000 2.063915 0.000000
vt -0.009127 1.858188 0.000000
vt -0.009127 1.742051 0.000000
vt -0.009127 1.625914 0.000000
vt -0.015774 1.742051 0.000000
vt -0.015774 1.625914 0.000000
vt -0.000000 2.407901 0.000000
vt -0.009127 2.167886 0.000000
vt -0.009127 2.013037 0.000000
vt -0.015774 2.013037 0.000000
vt -0.015774 1.858188 0.000000
vt -0.000000 2.751887 0.000000
vt -0.009127 2.632432 0.000000
vt -0.009127 2.477583 0.000000
vt -0.009127 2.322734 0.000000
vt -0.015774 2.477583 0.000000
vt -0.015774 2.322734 0.000000
vt -0.000000 3.095872 0.000000
vt -0.009127 2.942130 0.000000
vt -0.009127 2.787281 0.000000
vt -0.015774 2.787281 0.000000
vt -0.015774 2.632432 0.000000
vt -0.000000 3.439858 0.000000
vt -0.009127 3.096034 0.000000
vt -0.015774 2.942130 0.000000
vt -0.000000 3.783844 0.000000
vt -0.000000 4.127830 0.000000
vt -0.000000 4.471816 0.000000
vt -0.000000 4.815801 0.000000
vt -0.000000 5.159787 0.000000
vt -0.015774 0.464547 0.000000
vt -0.015774 0.812957 0.000000
vt -0.015774 1.161367 0.000000
vt -0.015774 1.509777 0.000000
vt -0.040126 2.322734 0.000000
vt -0.015774 2.167886 0.000000
vt -0.040126 5.342289 0.000000
vt -0.040126 5.226153 0.000000
vt -0.035713 5.342289 0.000000
vt -0.035713 5.226153 0.000000
vt -0.035713 5.110016 0.000000
vt -0.029067 5.342289 0.000000
vt -0.029067 5.226153 0.000000
vt -0.029067 5.110016 0.000000
vt -0.029067 4.993879 0.000000
vt -0.040126 4.645469 0.000000
vt -0.035713 4.529332 0.000000
vt -0.029067 4.413196 0.000000
vt -0.040126 4.297059 0.000000
vt -0.035713 4.180922 0.000000
vt -0.029067 4.026073 0.000000
vt -0.040126 3.871224 0.000000
vt -0.035713 3.716375 0.000000
vt -0.029067 3.561526 0.000000
vt -0.040126 3.096583 0.000000
vt -0.035713 3.096505 0.000000
vt -0.040126 1.625914 0.000000
vt -0.040126 1.277504 0.000000
vt -0.040126 0.929094 0.000000
vt -0.040126 0.580684 0.000000
vt -0.040126 0.232273 0.000000
vt -0.360900 10.494146 0.000000
vt -0.548006 10.494146 0.000000
vt -0.380468 10.332101 0.000000
vt -0.566645 10.324773 0.000000
vt -0.417344 10.174696 0.000000
vt -0.602551 10.158081 0.000000
vt -0.531948 9.869513 0.000000
vt -0.715749 9.836499 0.000000
vt -0.685078 9.571569 0.000000
vt -0.863988 9.529354 0.000000
vt -0.862250 9.276424 0.000000
vt -1.032913 9.232598 0.000000
vt -1.051703 8.982724 0.000000
vt -1.212073 8.941771 0.000000
vt -1.244321 8.690929 0.000000
vt -1.394573 8.653247 0.000000
vt -1.432635 8.402515 0.000000
vt -1.576427 8.363847 0.000000
vt -1.613089 8.115789 0.000000
vt -1.753914 8.071235 0.000000
vt -1.790441 7.816219 0.000000
vt -1.923640 7.774436 0.000000
vt -1.959158 7.504735 0.000000
vt -2.082249 7.472345 0.000000
vt -2.113090 7.183950 0.000000
vt -2.226387 7.163568 0.000000
vt -2.246704 6.856108 0.000000
vt -2.352661 6.846598 0.000000
vt -2.355498 6.523465 0.000000
vt -2.457190 6.521635 0.000000
vt -2.435592 6.188634 0.000000
vt -2.535755 6.189825 0.000000
vt -2.584761 5.852560 0.000000
vt -2.601645 5.512339 0.000000
vt -2.501645 5.514350 0.000000
vt -2.484693 5.854394 0.000000
vt -2.501645 5.397616 0.000000
vt -2.601645 5.396638 0.000000
vt -2.501645 5.280883 0.000000
vt -2.601645 5.280937 0.000000
vt -2.601645 5.165236 0.000000
vt -2.501645 5.164150 0.000000
vt -2.583306 4.811807 0.000000
vt -2.480711 4.787790 0.000000
vt -2.529980 4.461759 0.000000
vt -2.418848 4.411922 0.000000
vt -2.444319 4.118012 0.000000
vt -2.319112 4.042061 0.000000
vt -2.330221 3.782170 0.000000
vt -2.187411 3.683217 0.000000
vt -2.192336 3.455563 0.000000
vt -2.031765 3.341143 0.000000
vt -2.034853 3.138484 0.000000
vt -1.859851 3.017818 0.000000
vt -1.861294 2.829328 0.000000
vt -1.672021 2.703526 0.000000
vt -1.675134 2.526658 0.000000
vt -1.471726 2.396773 0.000000
vt -1.479846 2.229402 0.000000
vt -1.262828 2.097195 0.000000
vt -1.278877 1.936664 0.000000
vt -1.049795 1.804369 0.000000
vt -1.075434 1.646133 0.000000
vt -0.837448 1.518046 0.000000
vt -0.872706 1.354673 0.000000
vt -0.632057 1.238778 0.000000
vt -0.677367 1.058137 0.000000
vt -0.439276 0.963690 0.000000
vt -0.500287 0.750776 0.000000
vt -0.266789 0.687426 0.000000
vt -0.423093 0.591074 0.000000
vt -0.128486 0.400230 0.000000
vt -0.358741 0.426094 0.000000
vt -0.311920 0.255196 0.000000
vt -0.079510 0.246266 0.000000
vt -0.287117 0.080008 0.000000
vt -0.051586 0.080008 0.000000
vt 7.090000 8.447498 0.000000
vt 7.220000 8.105018 0.000000
vt 7.170000 8.447498 0.000000
vt 7.220000 8.517894 0.000000
vt 7.170000 8.470963 0.000000
vt 7.170000 8.494429 0.000000
vt 7.170000 8.517894 0.000000
vt 7.090000 8.041662 0.000000
vt 7.220000 7.692142 0.000000
vt 7.090000 7.635826 0.000000
vt 7.220000 7.279266 0.000000
vt 7.090000 7.229989 0.000000
vt 7.220000 6.866390 0.000000
vt 7.090000 6.824153 0.000000
vt 7.220000 6.453514 0.000000
vt 7.090000 6.418317 0.000000
vt 7.220000 6.040639 0.000000
vt 7.090000 6.012480 0.000000
vt 7.220000 5.627763 0.000000
vt 7.090000 5.606644 0.000000
vt 7.220000 5.214887 0.000000
vt 7.090000 5.200808 0.000000
vt 7.220000 4.802011 0.000000
vt 7.090000 4.794972 0.000000
vt 7.220000 4.389135 0.000000
vt 7.090000 4.389135 0.000000
vt 7.090000 3.983299 0.000000
vt 7.220000 3.976259 0.000000
vt 7.090000 3.577463 0.000000
vt 7.220000 3.563383 0.000000
vt 7.090000 3.171626 0.000000
vt 7.220000 3.150508 0.000000
vt 7.090000 2.765790 0.000000
vt 7.220000 2.737632 0.000000
vt 7.090000 2.359954 0.000000
vt 7.220000 2.324756 0.000000
vt 7.090000 1.954117 0.000000
vt 7.220000 1.911880 0.000000
vt 7.090000 1.548281 0.000000
vt 7.220000 1.499004 0.000000
vt 7.090000 1.142445 0.000000
vt 7.220000 1.086128 0.000000
vt 7.090000 0.736608 0.000000
vt 7.220000 0.673253 0.000000
vt 7.090000 0.330772 0.000000
vt 7.170000 0.330772 0.000000
vt 7.220000 0.260377 0.000000
vt 7.170000 0.307307 0.000000
vt 7.170000 0.283842 0.000000
vt 7.170000 0.260377 0.000000
vt 1.894177 -2.646792 0.000000
vt 1.894177 -2.227362 0.000000
vt -1.402125 -2.646792 0.000000
vt -1.402125 -2.205660 0.000000
vt 1.894177 -1.807933 0.000000
vt -1.402125 -1.764528 0.000000
vt 1.894177 -1.388503 0.000000
vt 1.732326 -1.367495 0.000000
vt -1.402125 -1.323396 0.000000
vt 1.575646 -1.327690 0.000000
vt 1.274669 -1.202692 0.000000
vt 0.986344 -1.032288 0.000000
vt -1.402125 -0.882264 0.000000
vt 0.708363 -0.829345 0.000000
vt 0.441386 -0.603867 0.000000
vt -1.402125 -0.441132 0.000000
vt 0.187694 -0.363330 0.000000
vt -0.049889 -0.113978 0.000000
vt -1.402125 -0.000000 0.000000
vt -0.271354 0.142364 0.000000
vt -1.402125 0.441132 0.000000
vt -0.485338 0.416934 0.000000
vt -0.687131 0.708054 0.000000
vt -1.402125 0.882264 0.000000
vt -0.871172 1.012540 0.000000
vt -1.402125 1.323396 0.000000
vt -1.032508 1.327645 0.000000
vt -1.167140 1.650680 0.000000
vt -1.402125 1.764528 0.000000
vt -1.271611 1.978712 0.000000
vt -1.402125 2.205660 0.000000
vt -1.343976 2.308690 0.000000
vt -1.402125 2.646792 0.000000
vt -1.384010 2.646792 0.000000
vt -1.526990 0.080000 0.000000
vt 4.750000 0.080000 0.000000
vt -1.603966 0.478106 0.000000
vt -1.737750 0.860880 0.000000
vt -1.925525 1.220260 0.000000
vt -2.163337 1.548680 0.000000
vt 4.750000 3.376303 0.000000
vt -2.446177 1.839222 0.000000
vt -2.768091 2.085770 0.000000
vt -3.122298 2.283130 0.000000
vt -3.501339 2.427148 0.000000
vt -4.301645 3.376303 0.000000
vt -3.897234 2.514790 0.000000
vt -4.301645 2.544210 0.000000
vt -4.735730 3.348282 0.000000
vt -5.162610 3.264684 0.000000
vt -5.575198 3.126897 0.000000
vt -5.966648 2.937207 0.000000
vt -4.706056 2.514790 0.000000
vt -6.330461 2.698764 0.000000
vt -5.101951 2.427148 0.000000
vt -6.660598 2.415525 0.000000
vt -5.480993 2.283130 0.000000
vt -5.835200 2.085770 0.000000
vt -6.951580 2.092192 0.000000
vt -6.157113 1.839222 0.000000
vt -7.198576 1.734131 0.000000
vt -6.439953 1.548680 0.000000
vt -7.397488 1.347286 0.000000
vt -6.677765 1.220260 0.000000
vt -7.545012 0.938078 0.000000
vt -6.865540 0.860880 0.000000
vt -7.638701 0.513299 0.000000
vt -6.999324 0.478106 0.000000
vt -7.677000 0.080000 0.000000
vt -7.076300 0.080000 0.000000
vt -0.151761 2.782088 0.000000
vt -0.101761 2.782088 0.000000
vt -0.151761 9.051645 0.000000
vt -0.101761 9.051645 0.000000
vt -0.121016 9.418271 0.000000
vt -0.170740 9.413024 0.000000
vt -0.178569 9.780862 0.000000
vt -0.227468 9.770427 0.000000
vt -0.273787 10.135431 0.000000
vt -0.321321 10.119922 0.000000
vt -0.405622 10.478074 0.000000
vt -0.451267 10.457664 0.000000
vt -0.417251 10.491371 0.000000
vt -0.422955 10.494100 0.000000
vt -0.408799 10.483570 0.000000
vt -0.433468 10.495868 0.000000
vt -0.439704 10.495092 0.000000
vt -0.450345 10.490329 0.000000
vt -0.454448 10.486851 0.000000
vt -0.460370 10.478100 0.000000
vt -0.070000 2.774655 0.000000
vt -0.046688 2.777328 0.000000
vt -0.070000 9.051645 0.000000
vt -0.023354 2.779806 0.000000
vt -0.000000 9.051645 0.000000
vt -0.000000 2.782088 0.000000
vt -0.035000 0.000000 0.000000
vt 0.035000 0.000000 0.000000
vt -0.035000 0.362043 0.000000
vt 0.035000 0.362043 0.000000
vt -0.035000 0.724087 0.000000
vt 0.035000 0.724087 0.000000
vt -0.035000 1.086130 0.000000
vt 0.035000 1.086130 0.000000
vt -0.035000 1.448173 0.000000
vt 0.035000 1.448173 0.000000
vt -0.070000 0.024707 0.000000
vt -0.070000 -0.000000 0.000000
vt -0.000000 0.022372 0.000000
vt -0.000000 0.000000 0.000000
vt -0.080000 2.774655 0.000000
vt 0.000000 2.774655 0.000000
vt -0.080000 9.051645 0.000000
vt -0.000000 9.051645 0.000000
vt -0.018979 9.413024 0.000000
vt -0.075707 9.770427 0.000000
vt -0.106067 9.469993 0.000000
vt -0.169560 10.119922 0.000000
vt -0.183866 9.881868 0.000000
vt -0.299506 10.457664 0.000000
vt -0.312193 10.280900 0.000000
vt -0.309575 10.480226 0.000000
vt -0.312204 10.468006 0.000000
vn 0.006652 0.000000 0.099779
vn -0.000000 0.000000 0.100000
vn -0.000000 0.000000 0.100000
vn -0.006652 0.000000 0.099779
vn -0.043388 0.000000 0.090097
vn -0.040555 0.000000 0.091407
vn -0.069513 0.000000 0.071889
vn -0.078183 -0.000000 0.062349
vn -0.089993 -0.000000 0.043603
vn -0.097493 -0.000000 0.022252
vn -0.099499 -0.000000 0.010000
vn -0.099499 -0.000000 0.010000
vn -0.099944 -0.000000 0.003338
vn -0.097493 -0.000000 -0.022252
vn -0.099944 -0.000000 -0.003338
vn -0.099499 -0.000000 -0.010000
vn -0.099499 -0.000000 -0.010000
vn -0.089879 -0.000000 -0.043837
vn -0.078183 -0.000000 -0.062349
vn -0.069540 -0.000000 -0.071862
vn -0.043388 -0.000000 -0.090097
vn -0.040687 -0.000000 -0.091348
vn -0.006652 -0.000000 -0.099779
vn 0.000000 -0.000000 -0.100000
vn 0.000000 -0.000000 -0.100000
vn 0.006652 -0.000000 -0.099779
vn 0.043388 -0.000000 -0.090097
vn 0.040687 -0.000000 -0.091348
vn 0.069540 -0.000000 -0.071862
vn 0.078183 0.000000 -0.062349
vn 0.089879 0.000000 -0.043837
vn 0.097493 0.000000 -0.022252
vn 0.099499 0.000000 -0.010000
vn 0.099499 0.000000 -0.010000
vn 0.099944 0.000000 -0.003338
vn 0.097493 0.000000 0.022252
vn 0.099944 0.000000 0.003338
vn 0.099499 0.000000 0.010000
vn 0.099499 0.000000 0.010000
vn 0.089993 0.000000 0.043603
vn 0.078183 0.000000 0.062349
vn 0.069513 0.000000 0.071889
vn 0.043388 0.000000 0.090097
vn 0.040555 0.000000 0.091407
vn 0.000000 0.000000 -0.100000
vn 0.000000 0.000000 -0.100000
vn 0.000000 0.000000 -0.100000
vn 0.000000 0.000000 -0.100000
vn 0.100000 0.000000 0.000000
vn 0.100000 0.000000 0.000000
vn 0.100000 0.000000 0.000000
vn 0.100000 0.000000 0.000000
vn 0.000000 -0.100000 -0.000000
vn 0.000000 -0.100000 -0.000000
vn 0.000000 -0.100000 -0.000000
vn 0.000000 -0.100000 -0.000000
vn 0.000000 -0.100000 -0.000000
vn 0.000000 0.000000 -0.100000
vn 0.000000 0.000000 -0.100000
vn -0.100000 -0.000000 -0.000000
vn -0.100000 -0.000000 -0.000000
vn -0.100000 -0.000000 -0.000000
vn -0.100000 -0.000000 -0.000000
vn 0.000000 -0.084800 -0.053000
vn 0.000000 -0.084800 -0.053000
vn 0.000000 -0.084800 -0.053000
vn 0.000000 -0.084800 -0.053000
vn 0.000000 -0.084800 -0.053000
vn 0.000000 -0.084800 -0.053000
vn 0.000000 -0.084800 -0.053000
vn 0.000000 -0.084800 -0.053000
vn 0.000000 -0.100000 -0.000000
vn 0.000000 -0.100000 -0.000000
vn 0.000000 -0.100000 -0.000000
vn 0.000000 -0.100000 -0.000000
vn 0.000000 -0.100000 -0.000000
vn 0.000000 -0.100000 -0.000000
vn 0.000000 -0.100000 -0.000000
vn 0.000000 -0.100000 -0.000000
vn 0.000000 -0.100000 -0.000000
vn 0.000000 -0.100000 -0.000000
vn 0.000000 -0.100000 -0.000000
vn 0.000000 -0.100000 -0.000000
vn 0.000000 -0.100000 -0.000000
vn 0.000000 -0.100000 -0.000000
vn 0.000000 -0.100000 -0.000000
vn 0.000000 -0.100000 -0.000000
vn 0.000000 -0.100000 -0.000000
vn 0.000000 -0.100000 -0.000000
vn 0.000000 -0.100000 -0.000000
vn 0.000000 -0.100000 -0.000000
vn 0.000000 -0.100000 -0.000000
vn 0.000000 0.000000 -0.100000
vn 0.000000 0.000000 -0.100000
vn 0.000000 0.000000 -0.100000
vn 0.000000 0.000000 -0.100000
vn -0.000000 -0.000000 0.100000
vn -0.000000 -0.000000 0.100000
vn -0.000000 -0.000000 0.100000
vn -0.000000 -0.000000 0.100000
vn 0.000000 -0.100000 -0.000000
vn 0.000000 -0.100000 -0.000000
vn 0.000000 -0.100000 -0.000000
vn 0.000000 -0.100000 -0.000000
vn 0.000000 -0.100000 -0.000000
vn 0.000000 -0.100000 -0.000000
vn 0.000000 -0.100000 -0.000000
vn 0.000000 -0.100000 -0.000000
vn 0.000000 -0.100000 -0.000000
vn 0.000000 -0.100000 -0.000000
vn 0.000000 -0.100000 -0.000000
vn 0.000000 -0.100000 -0.000000
vn 0.000000 -0.100000 -0.000000
vn 0.000000 -0.100000 -0.000000
vn 0.000000 -0.100000 -0.000000
vn 0.000000 -0.100000 -0.000000
vn 0.000000 -0.100000 -0.000000
vn 0.000000 -0.100000 -0.000000
vn 0.000000 -0.100000 -0.000000
vn 0.000000 -0.100000 -0.000000
vn 0.000000 -0.100000 -0.000000
vn 0.000000 -0.100000 -0.000000
vn 0.000000 -0.100000 -0.000000
vn 0.000000 -0.100000 -0.000000
vn 0.000000 -0.100000 -0.000000
vn 0.000000 -0.100000 -0.000000
vn 0.000000 -0.100000 -0.000000
vn 0.000000 -0.100000 -0.000000
vn 0.000000 -0.100000 -0.000000
vn 0.000000 -0.100000 -0.000000
vn 0.000000 -0.100000 -0.000000
vn 0.000000 -0.100000 -0.000000
vn 0.000000 -0.100000 -0.000000
vn 0.000000 -0.100000 -0.000000
vn 0.000000 -0.100000 -0.000000
vn 0.000000 -0.100000 -0.000000
vn 0.000000 -0.100000 -0.000000
vn 0.000000 -0.100000 -0.000000
vn 0.000000 -0.100000 -0.000000
vn 0.000000 -0.100000 -0.000000
vn 0.000000 -0.100000 -0.000000
vn 0.000000 -0.100000 -0.000000
vn -0.006652 0.000000 -0.099779
vn 0.000000 0.000000 -0.100000
vn 0.000000 0.000000 -0.100000
vn 0.006652 0.000000 -0.099779
vn 0.043388 0.000000 -0.090097
vn 0.040555 0.000000 -0.091407
vn 0.069513 0.000000 -0.071889
vn 0.078183 0.000000 -0.062349
vn 0.089993 0.000000 -0.043603
vn 0.097493 0.000000 -0.022252
vn 0.099499 0.000000 -0.010000
vn 0.099499 0.000000 -0.010000
vn 0.099944 0.000000 -0.003338
vn 0.099944 0.000000 0.003338
vn 0.097493 0.000000 0.022252
vn 0.099499 0.000000 0.010000
vn 0.099499 0.000000 0.010000
vn 0.089993 0.000000 0.043603
vn 0.078183 0.000000 0.062349
vn 0.069513 0.000000 0.071889
vn 0.043388 -0.000000 0.090097
vn 0.040555 -0.000000 0.091407
vn 0.006652 -0.000000 0.099779
vn -0.000000 -0.000000 0.100000
vn -0.000000 -0.000000 0.100000
vn -0.006652 -0.000000 0.099779
vn -0.043388 -0.000000 0.090097
vn -0.040555 -0.000000 0.091407
vn -0.069513 -0.000000 0.071889
vn -0.078183 -0.000000 0.062349
vn -0.089993 -0.000000 0.043603
vn -0.097493 -0.000000 0.022252
vn -0.099499 -0.000000 0.010000
vn -0.099499 -0.000000 0.010000
vn -0.099944 -0.000000 0.003338
vn -0.099944 -0.000000 -0.003338
vn -0.097493 -0.000000 -0.022252
vn -0.099499 -0.000000 -0.010000
vn -0.099499 -0.000000 -0.010000
vn -0.089993 -0.000000 -0.043603
vn -0.078183 -0.000000 -0.062349
vn -0.069513 -0.000000 -0.071889
vn -0.043388 0.000000 -0.090097
vn -0.040555 0.000000 -0.091407
vn -0.000000 -0.000000 0.100000
vn -0.000000 -0.000000 0.100000
vn -0.000000 -0.000000 0.100000
vn -0.000000 -0.000000 0.100000
vn 0.000000 -0.100000 -0.000000
vn 0.000000 -0.100000 -0.000000
vn 0.000000 -0.100000 -0.000000
vn 0.000000 -0.100000 -0.000000
vn 0.000000 -0.100000 -0.000000
vn 0.000000 -0.100000 -0.000000
vn 0.000000 0.000000 -0.100000
vn 0.000000 0.000000 -0.100000
vn 0.000000 0.000000 -0.100000
vn 0.000000 0.000000 -0.100000
vn 0.000000 -0.100000 -0.000000
vn 0.000000 -0.100000 -0.000000
vn 0.000000 -0.100000 -0.000000
vn 0.000000 -0.100000 -0.000000
vn 0.000000 -0.100000 -0.000000
vn 0.000000 -0.100000 -0.000000
vn 0.000000 -0.100000 -0.000000
vn 0.000000 -0.100000 -0.000000
vn 0.000000 -0.100000 -0.000000
vn 0.000000 -0.100000 -0.000000
vn 0.000000 -0.100000 -0.000000
vn 0.000000 -0.100000 -0.000000
vn 0.000000 -0.100000 -0.000000
vn 0.000000 -0.100000 -0.000000
vn 0.000000 -0.000000 -0.100000
vn 0.000000 -0.000000 -0.100000
vn 0.000000 -0.000000 -0.100000
vn 0.000000 -0.000000 -0.100000
vn -0.000000 -0.000000 0.100000
vn -0.000000 -0.000000 0.100000
vn -0.000000 -0.000000 0.100000
vn -0.000000 -0.000000 0.100000
vn 0.100000 0.000000 0.000000
vn 0.100000 0.000000 0.000000
vn 0.100000 0.000000 0.000000
vn 0.100000 0.000000 0.000000
vn 0.100000 0.000000 0.000000
vn 0.000000 -0.095672 0.029101
vn 0.000000 -0.095672 0.029101
vn 0.000000 -0.095672 0.029101
vn 0.000000 -0.095672 0.029101
vn 0.000000 -0.095672 0.029101
vn 0.000000 -0.000000 -0.100000
vn 0.000000 -0.000000 -0.100000
vn -0.000000 -0.000000 0.100000
vn -0.000000 -0.000000 0.100000
vn 0.000000 -0.100000 -0.000000
vn 0.000000 -0.100000 -0.000000
vn 0.000000 -0.100000 -0.000000
vn 0.000000 -0.100000 -0.000000
vn 0.000000 -0.100000 -0.000000
vn -0.100000 -0.000000 -0.000000
vn -0.100000 -0.000000 -0.000000
vn -0.100000 -0.000000 -0.000000
vn -0.100000 -0.000000 -0.000000
vn -0.100000 -0.000000 -0.000000
vn 0.000000 0.000000 -0.100000
vn 0.000000 0.000000 -0.100000
vn 0.000000 0.000000 -0.100000
vn 0.000000 0.000000 -0.100000
vn -0.000000 -0.000000 0.100000
vn -0.000000 -0.000000 0.100000
vn -0.000000 -0.000000 0.100000
vn -0.000000 -0.000000 0.100000
vn 0.000000 -0.100000 -0.000000
vn 0.000000 -0.100000 -0.000000
vn 0.000000 -0.100000 -0.000000
vn 0.000000 -0.100000 -0.000000
vn 0.000000 -0.100000 -0.000000
vn 0.000000 -0.100000 -0.000000
vn 0.000000 -0.100000 -0.000000
vn 0.000000 -0.100000 -0.000000
vn 0.000000 -0.100000 -0.000000
vn 0.053000 -0.084800 0.000000
vn 0.053000 -0.084800 0.000000
vn 0.053000 -0.084800 0.000000
vn 0.053000 -0.084800 0.000000
vn 0.053000 -0.084800 0.000000
vn 0.053000 -0.084800 0.000000
vn 0.053000 -0.084800 0.000000
vn 0.053000 -0.084800 0.000000
vn 0.053000 -0.084800 0.000000
vn 0.053000 -0.084800 0.000000
vn 0.000000 -0.100000 -0.000000
vn 0.000000 -0.100000 -0.000000
vn 0.000000 -0.100000 -0.000000
vn 0.000000 -0.100000 -0.000000
vn 0.000000 -0.100000 -0.000000
vn 0.000000 -0.100000 -0.000000
vn 0.000000 -0.100000 -0.000000
vn 0.000000 -0.100000 -0.000000
vn 0.000000 -0.100000 -0.000000
vn -0.000000 -0.000000 0.100000
vn -0.000000 -0.000000 0.100000
vn -0.000000 -0.000000 0.100000
vn -0.000000 -0.000000 0.100000
vn 0.000000 0.000000 -0.100000
vn 0.000000 0.000000 -0.100000
vn 0.000000 0.000000 -0.100000
vn 0.000000 0.000000 -0.100000
vn -0.053000 -0.084800 -0.000000
vn -0.053000 -0.084799 0.000241
vn -0.053000 -0.084800 -0.000000
vn -0.053000 -0.084798 0.000482
vn -0.053000 -0.084797 0.000723
vn -0.053000 -0.084797 0.000666
vn -0.053000 -0.084123 0.010696
vn -0.053000 -0.084096 0.010903
vn -0.053000 -0.082266 0.020576
vn -0.053000 -0.081996 0.021624
vn -0.053000 -0.079253 0.030166
vn -0.053000 -0.078536 0.031987
vn -0.053000 -0.075126 0.039333
vn -0.053000 -0.073771 0.041819
vn -0.053000 -0.069944 0.047947
vn -0.053000 -0.067783 0.050956
vn -0.053000 -0.063779 0.055887
vn -0.053000 -0.060669 0.059248
vn -0.053000 -0.056717 0.063041
vn -0.053000 -0.052548 0.066556
vn -0.053000 -0.048858 0.069310
vn -0.053000 -0.043555 0.072760
vn -0.053000 -0.040313 0.074605
vn -0.053000 -0.033839 0.077756
vn -0.053000 -0.031202 0.078851
vn -0.053000 -0.023561 0.081461
vn -0.053000 -0.021651 0.081989
vn -0.053000 -0.012892 0.083814
vn -0.053000 -0.011797 0.083975
vn -0.053000 -0.002009 0.084776
vn -0.053000 -0.001889 0.084779
vn -0.053000 -0.001777 0.084781
vn 0.000000 -0.099997 0.000786
vn 0.000000 -0.099997 0.000786
vn 0.000000 -0.099941 0.003444
vn 0.000000 -0.099840 0.005646
vn 0.000000 -0.099201 0.012613
vn 0.000000 -0.099742 0.007177
vn 0.000000 -0.099691 0.007857
vn 0.000000 -0.099692 0.007839
vn 0.000000 -0.099691 0.007857
vn 0.000000 -0.098023 0.019784
vn 0.000000 -0.097012 0.024264
vn 0.000000 -0.094934 0.031425
vn 0.000000 -0.093459 0.035573
vn 0.000000 -0.090468 0.042609
vn 0.000000 -0.088592 0.046383
vn 0.000000 -0.084689 0.053176
vn 0.000000 -0.082481 0.056541
vn 0.000000 -0.077683 0.062971
vn 0.000000 -0.075211 0.065904
vn 0.000000 -0.069549 0.071853
vn -0.000000 -0.066883 0.074341
vn -0.000000 -0.060407 0.079693
vn -0.000000 -0.057616 0.081734
vn -0.000000 -0.050388 0.086377
vn -0.000000 -0.047539 0.087977
vn -0.000000 -0.039639 0.091808
vn -0.000000 -0.036794 0.092985
vn -0.000000 -0.028315 0.095908
vn -0.000000 -0.025532 0.096686
vn -0.000000 -0.016580 0.098616
vn -0.000000 -0.013911 0.099028
vn -0.000000 -0.004604 0.099894
vn -0.000000 -0.002095 0.099978
vn -0.000000 -0.004604 0.099894
vn -0.000000 -0.002095 0.099978
vn -0.000000 -0.013911 0.099028
vn -0.000000 -0.016580 0.098616
vn -0.000000 -0.025532 0.096686
vn -0.000000 -0.028315 0.095908
vn -0.000000 -0.036794 0.092985
vn -0.000000 -0.039639 0.091808
vn -0.000000 -0.047539 0.087977
vn -0.000000 -0.050388 0.086377
vn -0.000000 -0.057616 0.081734
vn -0.000000 -0.060407 0.079693
vn -0.000000 -0.066883 0.074341
vn 0.000000 -0.069549 0.071853
vn 0.000000 -0.075211 0.065904
vn 0.000000 -0.077683 0.062971
vn 0.000000 -0.082481 0.056541
vn 0.000000 -0.084689 0.053176
vn 0.000000 -0.088592 0.046383
vn 0.000000 -0.090468 0.042609
vn 0.000000 -0.093459 0.035573
vn 0.000000 -0.094934 0.031425
vn 0.000000 -0.097012 0.024264
vn 0.000000 -0.098023 0.019784
vn 0.000000 -0.099201 0.012613
vn 0.000000 -0.099691 0.007857
vn 0.000000 -0.099742 0.007177
vn 0.000000 -0.099692 0.007839
vn 0.000000 -0.099840 0.005646
vn 0.000000 -0.099997 0.000786
vn 0.000000 -0.099941 0.003444
vn 0.000000 -0.099997 0.000786
vn -0.000000 0.000000 0.100000
vn -0.000000 0.000000 0.100000
vn -0.000000 0.000000 0.100000
vn -0.000000 0.000000 0.100000
vn 0.100000 0.000000 0.000000
vn 0.100000 0.000000 0.000000
vn 0.100000 0.000000 0.000000
vn 0.100000 0.000000 0.000000
vn 0.100000 0.000000 0.000000
vn 0.100000 0.000000 0.000000
vn 0.100000 0.000000 0.000000
vn 0.100000 0.000000 0.000000
vn 0.100000 0.000000 0.000000
vn 0.100000 0.000000 0.000000
vn 0.100000 0.000000 0.000000
vn 0.100000 0.000000 0.000000
vn 0.100000 0.000000 0.000000
vn 0.100000 0.000000 0.000000
vn 0.100000 0.000000 0.000000
vn 0.100000 0.000000 0.000000
vn 0.100000 0.000000 0.000000
vn 0.100000 0.000000 0.000000
vn 0.100000 0.000000 0.000000
vn 0.100000 0.000000 0.000000
vn 0.100000 0.000000 0.000000
vn 0.100000 0.000000 0.000000
vn 0.100000 0.000000 0.000000
vn 0.100000 0.000000 0.000000
vn 0.100000 0.000000 0.000000
vn 0.000000 -0.100000 -0.000000
vn 0.000000 -0.100000 -0.000000
vn 0.000000 -0.100000 -0.000000
vn 0.000000 -0.100000 -0.000000
vn -0.000000 0.000000 0.100000
vn -0.000000 0.000000 0.100000
vn 0.000000 -0.099565 0.009322
vn 0.000000 -0.099565 0.009322
vn 0.000000 -0.097531 0.022086
vn 0.000000 -0.097531 0.022086
vn 0.000000 -0.093867 0.034481
vn 0.000000 -0.093867 0.034481
vn 0.000000 -0.088635 0.046301
vn 0.000000 -0.088635 0.046301
vn 0.000000 -0.081923 0.057346
vn 0.000000 -0.081923 0.057346
vn 0.000000 -0.073842 0.067434
vn 0.000000 -0.073842 0.067434
vn -0.000000 -0.064527 0.076395
vn -0.000000 -0.064527 0.076395
vn -0.000000 -0.054134 0.084080
vn -0.000000 -0.054134 0.084080
vn -0.000000 -0.042837 0.090360
vn -0.000000 -0.042837 0.090360
vn -0.000000 -0.030824 0.095131
vn -0.000000 -0.030824 0.095131
vn -0.000000 -0.018296 0.098312
vn -0.000000 -0.018296 0.098312
vn -0.000000 -0.005463 0.099851
vn -0.000000 -0.005463 0.099851
vn 0.000000 -0.099565 0.009322
vn -0.100000 -0.000000 -0.000000
vn -0.100000 -0.000000 -0.000000
vn -0.100000 -0.000000 -0.000000
vn -0.100000 -0.000000 -0.000000
vn -0.100000 -0.000000 -0.000000
vn -0.100000 -0.000000 -0.000000
vn -0.100000 -0.000000 -0.000000
vn -0.100000 -0.000000 -0.000000
vn -0.100000 -0.000000 -0.000000
vn -0.100000 -0.000000 -0.000000
vn -0.100000 -0.000000 -0.000000
vn -0.100000 -0.000000 -0.000000
vn -0.100000 -0.000000 -0.000000
vn -0.100000 -0.000000 -0.000000
vn -0.100000 -0.000000 -0.000000
vn -0.100000 -0.000000 -0.000000
vn -0.100000 -0.000000 -0.000000
vn -0.100000 -0.000000 -0.000000
vn -0.100000 -0.000000 -0.000000
vn -0.100000 -0.000000 -0.000000
vn -0.100000 -0.000000 -0.000000
vn -0.100000 -0.000000 -0.000000
vn -0.100000 -0.000000 -0.000000
vn -0.100000 -0.000000 -0.000000
vn -0.100000 -0.000000 -0.000000
vn 0.000000 -0.100000 -0.000000
vn 0.000000 -0.100000 -0.000000
vn 0.000000 -0.100000 -0.000000
vn 0.000000 -0.100000 -0.000000
vn 0.000000 -0.100000 -0.000000
vn 0.000000 -0.100000 -0.000000
vn 0.000000 -0.100000 -0.000000
vn 0.000000 -0.100000 -0.000000
vn 0.000000 -0.100000 -0.000000
vn 0.000000 -0.100000 -0.000000
vn 0.000000 -0.100000 -0.000000
vn 0.000000 -0.100000 -0.000000
vn 0.000000 -0.100000 -0.000000
vn 0.000000 -0.100000 -0.000000
vn 0.000000 -0.100000 -0.000000
vn 0.000000 -0.100000 -0.000000
vn 0.000000 -0.100000 -0.000000
vn 0.000000 -0.100000 -0.000000
vn 0.000000 -0.100000 -0.000000
vn 0.000000 -0.100000 -0.000000
vn 0.000000 -0.100000 -0.000000
vn 0.000000 -0.100000 -0.000000
vn -0.100000 -0.000000 -0.000000
vn -0.100000 -0.000000 -0.000000
vn -0.100000 -0.000000 -0.000000
vn -0.100000 -0.000000 -0.000000
vn -0.100000 -0.000000 -0.000000
vn -0.100000 -0.000000 -0.000000
vn -0.053000 -0.000000 0.084800
vn -0.053000 -0.000000 0.084800
vn -0.053000 -0.000000 0.084800
vn -0.053000 -0.000000 0.084800
vn -0.000000 -0.000000 0.100000
vn -0.000000 -0.000000 0.100000
vn -0.000000 -0.000000 0.100000
vn -0.000000 -0.000000 0.100000
vn 0.053000 0.000000 0.084800
vn 0.053000 0.000000 0.084800
vn 0.053000 0.000000 0.084800
vn 0.053000 0.000000 0.084800
vn 0.094322 0.000000 -0.033218
vn 0.094322 0.000000 -0.033218
vn 0.094322 0.000000 -0.033218
vn 0.094322 0.000000 -0.033218
vn 0.100000 0.000000 0.000000
vn 0.100000 0.000000 0.000000
vn 0.099364 0.000000 -0.011263
vn 0.099364 0.000000 -0.011263
vn 0.097463 0.000000 -0.022383
vn 0.097463 0.000000 -0.022383
vn 0.100000 0.000000 0.000000
vn 0.100000 0.000000 0.000000
vn 0.000000 -0.100000 -0.000000
vn 0.000000 -0.100000 -0.000000
vn 0.000000 -0.100000 -0.000000
vn 0.000000 -0.100000 -0.000000
vn 0.000000 -0.100000 -0.000000
vn 0.000000 -0.100000 -0.000000
vn 0.000000 -0.100000 -0.000000
vn 0.000000 -0.100000 -0.000000
vn 0.000000 -0.100000 -0.000000
vn 0.000000 -0.100000 -0.000000
vn 0.000000 -0.100000 -0.000000
vn 0.000000 -0.100000 -0.000000
vn 0.000000 -0.100000 -0.000000
vn 0.000000 -0.100000 -0.000000
vn 0.000000 -0.100000 -0.000000
vn 0.000000 -0.100000 -0.000000
vn 0.000000 -0.100000 -0.000000
vn 0.000000 -0.100000 -0.000000
vn 0.000000 -0.100000 -0.000000
vn 0.000000 -0.100000 -0.000000
vn 0.000000 -0.100000 -0.000000
vn 0.000000 -0.100000 -0.000000
vn 0.000000 -0.100000 -0.000000
vn 0.000000 -0.100000 -0.000000
vn 0.000000 -0.100000 -0.000000
vn 0.000000 -0.100000 -0.000000
vn 0.000000 -0.100000 -0.000000
vn 0.000000 -0.100000 -0.000000
vn 0.000000 -0.100000 -0.000000
vn 0.000000 -0.100000 -0.000000
vn 0.000000 -0.100000 -0.000000
vn 0.095963 0.000000 -0.028127
vn 0.096202 0.000000 -0.027298
vn 0.096593 0.000000 -0.025882
vn 0.098306 0.000000 -0.018328
vn 0.099144 0.000000 -0.013053
vn 0.099576 0.000000 -0.009203
vn 0.100000 0.000000 0.000000
vn 0.100000 0.000000 0.000000
vn 0.092388 0.000000 -0.038268
vn 0.094156 0.000000 -0.033684
vn 0.095525 0.000000 -0.029580
vn 0.086603 0.000000 -0.050000
vn 0.089542 0.000000 -0.044523
vn 0.092165 0.000000 -0.038802
vn 0.079335 0.000000 -0.060876
vn 0.082220 0.000000 -0.056919
vn 0.086243 0.000000 -0.050617
vn 0.070711 0.000000 -0.070711
vn 0.071960 0.000000 -0.069439
vn 0.077463 0.000000 -0.063241
vn 0.065708 0.000000 -0.075383
vn 0.060876 0.000000 -0.079335
vn 0.058704 0.000000 -0.080956
vn 0.050000 0.000000 -0.086603
vn 0.050933 0.000000 -0.086057
vn 0.042165 0.000000 -0.090676
vn 0.038268 0.000000 -0.092388
vn 0.032460 0.000000 -0.094585
vn 0.025882 0.000000 -0.096593
vn 0.022030 0.000000 -0.097543
vn 0.013053 0.000000 -0.099144
vn 0.011114 0.000000 -0.099380
vn 0.000000 0.000000 -0.100000
vn 0.000000 0.000000 -0.100000
vn 0.100000 0.000000 0.000000
vn 0.100000 0.000000 0.000000
vn 0.100000 0.000000 0.000000
vn 0.100000 0.000000 0.000000
vn 0.100000 0.000000 0.000000
vn 0.100000 0.000000 0.000000
vn 0.100000 0.000000 0.000000
vn 0.100000 0.000000 0.000000
vn 0.100000 0.000000 0.000000
vn 0.100000 0.000000 0.000000
vn 0.100000 0.000000 0.000000
vn 0.100000 0.000000 0.000000
vn 0.100000 0.000000 0.000000
vn 0.053000 -0.084798 0.000482
vn 0.053000 -0.084797 0.000723
vn 0.053000 -0.084096 0.010903
vn 0.053000 -0.084123 0.010696
vn 0.053000 -0.082266 0.020576
vn 0.053000 -0.081996 0.021624
vn 0.053000 -0.079253 0.030166
vn 0.053000 -0.078536 0.031987
vn 0.053000 -0.075126 0.039333
vn 0.053000 -0.073771 0.041819
vn 0.053000 -0.069944 0.047947
vn 0.053000 -0.067783 0.050956
vn 0.053000 -0.063779 0.055887
vn 0.053000 -0.060669 0.059248
vn 0.053000 -0.056717 0.063041
vn 0.053000 -0.052548 0.066556
vn 0.053000 -0.048858 0.069310
vn 0.053000 -0.043555 0.072760
vn 0.053000 -0.040313 0.074605
vn 0.053000 -0.033839 0.077756
vn 0.053000 -0.031202 0.078851
vn 0.053000 -0.023561 0.081461
vn 0.053000 -0.021651 0.081989
vn 0.053000 -0.012892 0.083814
vn 0.053000 -0.011797 0.083975
vn 0.053000 -0.002009 0.084776
vn 0.053000 -0.001889 0.084779
vn 0.053000 -0.084799 0.000241
vn 0.053000 -0.001777 0.084781
vn 0.053000 -0.084797 0.000666
vn 0.100000 0.000000 0.000000
vn 0.100000 0.000000 0.000000
vn 0.100000 0.000000 0.000000
vn 0.100000 0.000000 0.000000
vn 0.100000 0.000000 0.000000
vn 0.100000 0.000000 0.000000
vn 0.100000 0.000000 0.000000
vn 0.100000 0.000000 0.000000
vn 0.100000 0.000000 0.000000
vn 0.100000 0.000000 0.000000
vn 0.100000 0.000000 0.000000
vn 0.100000 0.000000 0.000000
vn 0.100000 0.000000 0.000000
vn 0.100000 0.000000 0.000000
vn 0.100000 0.000000 0.000000
vn 0.100000 0.000000 0.000000
vn 0.100000 0.000000 0.000000
vn 0.100000 0.000000 0.000000
vn 0.100000 0.000000 0.000000
vn 0.100000 0.000000 0.000000
vn 0.100000 0.000000 0.000000
vn 0.100000 0.000000 0.000000
vn 0.100000 0.000000 0.000000
vn 0.100000 0.000000 0.000000
vn 0.100000 0.000000 0.000000
vn 0.100000 0.000000 0.000000
vn 0.100000 0.000000 0.000000
vn 0.100000 0.000000 0.000000
vn 0.100000 0.000000 0.000000
vn 0.100000 0.000000 0.000000
vn 0.100000 0.000000 0.000000
vn 0.100000 0.000000 0.000000
vn 0.100000 0.000000 0.000000
vn 0.100000 0.000000 0.000000
vn 0.100000 0.000000 0.000000
vn 0.100000 0.000000 0.000000
vn 0.099971 -0.002414 0.000008
vn 0.091784 -0.014276 0.037039
vn 0.087789 -0.005464 0.047574
vn 0.077374 -0.018031 0.060730
vn 0.055853 -0.020446 0.080389
vn 0.053791 -0.035932 0.076259
vn 0.029130 -0.036871 0.088272
vn 0.027006 -0.047730 0.083621
vn 0.000492 -0.045011 0.089296
vn -0.000609 -0.050982 0.086026
vn -0.022231 -0.045232 0.086370
vn -0.022388 -0.048587 0.084487
vn -0.062707 -0.027309 0.072953
vn -0.061281 -0.028501 0.073704
vn -0.087008 -0.000071 0.049291
vn -0.059547 -0.029140 0.074867
vn -0.083375 -0.000033 0.055215
vn -0.057561 -0.029409 0.076301
vn -0.055435 -0.029577 0.077795
vn -0.021324 -0.053180 0.081959
vn -0.020642 -0.053804 0.081726
vn -0.002857 -0.060901 0.079265
vn -0.003015 -0.061858 0.078514
vn 0.019362 -0.066863 0.071795
vn 0.018235 -0.068352 0.070678
vn 0.040278 -0.068912 0.060240
vn 0.038320 -0.071046 0.059026
vn 0.059531 -0.066844 0.044586
vn 0.056914 -0.069740 0.043557
vn 0.074659 -0.060895 0.026791
vn 0.071759 -0.064567 0.026111
vn 0.088239 -0.047052 0.000128
vn 0.083852 -0.054487 0.000114
vn 0.099713 -0.007573 0.000045
vn 0.099203 -0.012598 0.000021
vn 0.090068 -0.025792 0.034966
vn 0.098457 -0.017500 -0.000013
vn 0.087767 -0.034946 0.032798
vn 0.097512 -0.022166 0.000046
vn 0.085274 -0.041968 0.031098
vn 0.095104 -0.030906 0.000044
vn 0.082794 -0.047629 0.029610
vn 0.080152 -0.052634 0.028378
vn 0.064715 -0.059934 0.047116
vn 0.062095 -0.063685 0.045699
vn 0.042235 -0.066504 0.061591
vn 0.091971 -0.039260 0.000005
vn 0.077430 -0.056999 0.027491
vn 0.068738 -0.068007 0.025496
vn 0.078847 -0.061508 0.000100
vn 0.065616 -0.071208 0.024980
vn 0.062349 -0.074240 0.024515
vn 0.048807 -0.076951 0.041188
vn 0.045272 -0.079478 0.040419
vn 0.030081 -0.077612 0.055422
vn 0.027580 -0.079072 0.054654
vn 0.012795 -0.073174 0.066947
vn 0.011632 -0.073846 0.066419
vn -0.002271 -0.064497 0.076387
vn -0.001871 -0.064656 0.076263
vn -0.012048 -0.054876 0.082725
vn -0.010255 -0.054807 0.083012
vn -0.028713 -0.028946 0.091311
vn -0.024167 -0.028812 0.092660
vn -0.039179 -0.000010 0.092006
vn -0.030132 -0.000044 0.095352
vn -0.019434 -0.028710 0.093798
vn -0.014481 -0.028621 0.094716
vn -0.006426 -0.054695 0.083470
vn -0.004409 -0.054667 0.083618
vn -0.000241 -0.064907 0.076073
vn 0.000350 -0.064987 0.076004
vn 0.007273 -0.075581 0.065074
vn 0.006124 -0.075887 0.064836
vn 0.014550 -0.084027 0.052228
vn 0.011711 -0.084661 0.051917
vn 0.021529 -0.090129 0.037593
vn 0.017065 -0.091198 0.037306
vn 0.027766 -0.093494 0.022087
vn 0.021863 -0.095097 0.021875
vn 0.034118 -0.094000 0.000045
vn 0.024227 -0.097021 -0.000022
vn 0.073157 -0.068177 0.000063
vn 0.058094 -0.077780 0.023987
vn 0.041592 -0.081798 0.039739
vn 0.025032 -0.080365 0.053989
vn 0.010504 -0.074404 0.065982
vn -0.001372 -0.064755 0.076190
vn -0.008370 -0.054740 0.083268
vn 0.066716 -0.074492 0.000008
vn 0.053579 -0.081094 0.023517
vn 0.037780 -0.083904 0.039150
vn 0.022455 -0.081494 0.053428
vn 0.009428 -0.074857 0.065632
vn -0.000815 -0.064829 0.076135
vn 0.048818 -0.084157 0.023115
vn 0.059533 -0.080348 -0.000018
vn 0.043840 -0.086942 0.022786
vn 0.051674 -0.085614 0.000006
vn 0.038686 -0.089420 0.022527
vn 0.043235 -0.090170 0.000053
vn 0.033355 -0.091597 0.022305
vn 0.017318 -0.096057 0.021752
vn 0.014064 -0.099006 -0.000020
vn 0.012775 -0.096783 0.021675
vn 0.008195 -0.097289 0.021627
vn 0.006828 -0.092681 0.036928
vn 0.003133 -0.086504 0.050072
vn 0.005262 -0.085574 0.051472
vn 0.003585 -0.076370 0.064458
vn 0.007401 -0.085350 0.051581
vn 0.004410 -0.076241 0.064559
vn 0.009544 -0.085049 0.051726
vn 0.005254 -0.076081 0.064684
vn 0.003619 -0.099934 -0.000000
vn 0.001810 -0.065169 0.075827
vn 0.001808 -0.049936 0.086620
vn 0.000316 -0.054701 0.083712
vn -0.002960 -0.028554 0.095791
vn -0.001292 -0.054674 0.083720
vn -0.006850 -0.028556 0.095591
vn -0.002861 -0.054663 0.083689
vn -0.010677 -0.028574 0.095234
vn -0.000000 -0.000000 0.100000
vn -0.010373 -0.000012 0.099461
vn -0.020394 -0.000027 0.097898
vn -0.047580 -0.000019 0.087956
vn -0.033061 -0.029112 0.089775
vn -0.013710 -0.054910 0.082443
vn -0.002583 -0.064265 0.076573
vn 0.013982 -0.072378 0.067571
vn 0.032524 -0.075982 0.056294
vn 0.051567 -0.074749 0.041875
vn -0.055297 -0.000058 0.083320
vn -0.037171 -0.029272 0.088099
vn -0.015246 -0.054896 0.082182
vn -0.002815 -0.063948 0.076830
vn 0.015182 -0.071450 0.068296
vn 0.034459 -0.074528 0.057080
vn 0.054254 -0.072374 0.042645
vn -0.041044 -0.029411 0.086316
vn -0.062296 -0.000069 0.078226
vn -0.044683 -0.029519 0.084451
vn -0.068578 -0.000045 0.072780
vn -0.048094 -0.029598 0.082528
vn -0.074168 -0.000014 0.067075
vn -0.050702 -0.029641 0.080937
vn -0.053154 -0.029651 0.079344
vn -0.019860 -0.054239 0.081632
vn -0.079091 -0.000007 0.061193
vn -0.089931 0.000036 0.043731
vn -0.063877 -0.025560 0.072570
vn -0.021902 -0.040125 0.088940
vn 0.001949 -0.034993 0.093657
vn 0.030959 -0.021122 0.092711
vn 0.087801 -0.000673 0.047860
vn -0.092241 -0.000036 0.038620
vn -0.064910 -0.022850 0.072557
vn -0.021127 -0.031308 0.092593
vn 0.003338 -0.020145 0.097893
vn 0.019379 -0.000902 0.098100
vn 0.054908 -0.000884 0.083572
vn -0.093102 -0.000010 0.036498
vn -0.065437 -0.017902 0.073468
vn -0.020230 -0.018079 0.096249
vn -0.093745 0.000022 0.034811
vn -0.065583 -0.010383 0.074774
vn -0.002968 -0.000849 0.099952
vn -0.094164 -0.000013 0.033661
vn -0.059082 -0.000509 0.080679
vn -0.036865 -0.000683 0.092954
vn -0.094321 -0.000000 0.033219
vn -0.083997 -0.000208 0.054263
vn 0.075314 -0.032029 0.057463
vn 0.072667 -0.042442 0.054020
vn 0.069951 -0.049757 0.051294
vn 0.067366 -0.055314 0.049012
vn 0.051255 -0.046935 0.071903
vn 0.025106 -0.054485 0.080007
vn -0.001509 -0.054988 0.083511
vn -0.022313 -0.050929 0.083117
vn 0.048800 -0.054144 0.068462
vn 0.046544 -0.059350 0.065660
vn 0.044322 -0.063434 0.063338
vn 0.023423 -0.059171 0.077137
vn -0.002215 -0.057858 0.081533
vn -0.021930 -0.052351 0.082332
vn 0.021863 -0.062672 0.074795
vn 0.020523 -0.065108 0.073074
vn -0.002641 -0.059706 0.080176
vn 0.036375 -0.072915 0.057968
vn 0.017161 -0.069590 0.069733
vn 0.016159 -0.070590 0.068963
vn -0.003091 -0.062592 0.077928
vn -0.003064 -0.063120 0.077501
vn -0.002978 -0.063535 0.077165
vn -0.018958 -0.054503 0.081670
vn -0.017971 -0.054678 0.081776
vn -0.016664 -0.054822 0.081956
vn 0.033860 -0.085786 0.038655
vn 0.019874 -0.082459 0.052967
vn 0.008369 -0.075238 0.065339
vn 0.029865 -0.087435 0.038251
vn 0.025780 -0.088873 0.037908
vn 0.017261 -0.083293 0.052577
vn 0.013645 -0.091841 0.037135
vn 0.010243 -0.092331 0.037013
vn 0.000811 -0.065047 0.075949
vn 0.001295 -0.065107 0.075890
vn -0.006688 -0.099776 -0.000000
vn -0.005792 -0.086409 0.050000
vn -0.003254 -0.099947 -0.000000
vn 0.003134 -0.086546 0.050000
vn 0.000182 -0.100000 -0.000000
vn -0.003344 -0.049888 0.086603
vn 0.001810 -0.049967 0.086603
vn -0.000000 -0.000000 0.100000
vn -0.000000 -0.000000 0.100000
vn -0.000000 -0.000000 0.100000
vn 0.000000 -0.000000 0.100000
vn -0.100000 -0.000000 -0.000000
vn -0.099364 -0.000000 0.011264
vn -0.100000 -0.000000 -0.000000
vn -0.099144 -0.000000 0.013053
vn -0.097463 -0.000000 0.022384
vn -0.096593 -0.000000 0.025882
vn -0.094321 -0.000000 0.033219
vn -0.094166 -0.000000 0.033657
vn -0.093751 -0.000000 0.034796
vn -0.092388 -0.000000 0.038268
vn -0.093100 -0.000000 0.036502
vn -0.092234 -0.000000 0.038637
vn -0.089956 -0.000000 0.043680
vn -0.086603 -0.000000 0.050000
vn -0.086993 -0.000000 0.049318
vn -0.083375 -0.000000 0.055214
vn -0.079335 -0.000000 0.060876
vn -0.079122 -0.000000 0.061153
vn -0.074208 -0.000000 0.067032
vn -0.070711 -0.000000 0.070711
vn -0.068608 -0.000000 0.072753
vn -0.062313 -0.000000 0.078212
vn -0.060876 -0.000000 0.079335
vn -0.055316 -0.000000 0.083307
vn -0.050000 -0.000000 0.086603
vn -0.047613 -0.000000 0.087937
vn -0.038268 -0.000000 0.092388
vn -0.039198 -0.000000 0.091998
vn -0.030115 -0.000000 0.095358
vn -0.025882 -0.000000 0.096593
vn -0.020458 -0.000000 0.097885
vn -0.013053 -0.000000 0.099144
vn -0.010357 -0.000000 0.099462
vn -0.000000 -0.000000 0.100000
vn -0.000000 -0.000000 0.100000
vn -0.053000 0.011291 -0.084045
vn -0.053000 0.000245 -0.084799
vn -0.087464 0.004604 -0.048258
vn -0.078083 0.000181 -0.062474
vn -0.094362 0.000096 -0.033103
vn -0.100000 -0.000000 0.000000
vn -0.100000 -0.000000 0.000000
vn -0.087464 0.009029 -0.047629
vn -0.100000 -0.000000 0.000000
vn -0.087464 0.013377 -0.046595
vn -0.087464 0.017612 -0.045164
vn -0.053000 0.022145 -0.081857
vn -0.053000 0.032621 -0.078274
vn -0.087464 0.021697 -0.043350
vn -0.053000 0.042541 -0.073357
vn -0.087464 0.025597 -0.041168
vn -0.053000 0.051736 -0.067189
vn -0.087464 0.029280 -0.038636
vn -0.087464 0.032713 -0.035775
vn -0.100000 0.000000 -0.000000
vn -0.100000 0.000000 -0.000000
vn -0.100000 -0.000000 -0.000000
vn -0.100000 -0.000000 0.000000
vn -0.087464 0.035869 -0.032610
vn -0.100000 -0.000000 0.000000
vn -0.087464 0.038720 -0.029168
vn -0.087464 0.041242 -0.025478
vn -0.053000 0.067338 -0.051542
vn -0.053000 0.073480 -0.042329
vn -0.087464 0.043413 -0.021571
vn -0.053000 0.078368 -0.032395
vn -0.087464 0.045215 -0.017481
vn -0.053000 0.081921 -0.021908
vn -0.087464 0.046633 -0.013243
vn -0.087464 0.047654 -0.008891
vn -0.100000 0.000000 -0.000000
vn -0.100000 0.000000 -0.000000
vn -0.100000 -0.000000 -0.000000
vn -0.100000 -0.000000 -0.000000
vn -0.100000 0.000000 -0.000000
vn -0.094362 0.033103 -0.000000
vn -0.087464 0.048271 -0.004465
vn -0.053000 0.084077 -0.011048
vn -0.078083 0.062474 -0.000000
vn -0.053000 0.084800 -0.000000
vn -0.053000 0.060049 -0.059876
vn -0.094362 0.033103 -0.000000
vn -0.087464 0.048477 -0.000000
vn -0.100000 -0.000000 -0.000000
vn -0.087464 0.048477 -0.000000
vn -0.087464 0.048477 -0.000000
vn -0.078083 0.062474 -0.000000
vn -0.087464 0.048477 -0.000000
vn -0.087464 0.048477 -0.000000
vn -0.087464 0.048477 -0.000000
vn -0.087464 0.048477 -0.000000
vn -0.087464 0.048477 -0.000000
vn -0.087464 0.048477 -0.000000
vn -0.087464 0.048477 -0.000000
vn -0.087464 0.048477 -0.000000
vn -0.087464 0.048477 -0.000000
vn -0.087464 0.048477 -0.000000
vn -0.087464 0.048477 -0.000000
vn -0.087464 0.048477 -0.000000
vn -0.087464 0.048477 -0.000000
vn -0.087464 0.048477 -0.000000
vn -0.087464 0.048477 -0.000000
vn -0.094362 0.033103 -0.000000
vn -0.087464 0.048477 -0.000000
vn -0.087464 0.048477 -0.000000
vn -0.087464 0.048477 -0.000000
vn -0.087464 0.048477 -0.000000
vn -0.087464 0.048477 -0.000000
vn -0.087464 0.048477 -0.000000
vn -0.087464 0.048477 -0.000000
vn -0.087464 0.048477 -0.000000
vn -0.087464 0.048477 -0.000000
vn -0.053000 0.084800 -0.000000
vn -0.100000 -0.000000 -0.000000
vn -0.052546 0.084800 0.006918
vn -0.087091 0.048477 0.008070
vn -0.085975 0.048477 0.016072
vn -0.081558 0.048477 0.031596
vn -0.084125 0.048477 0.023936
vn -0.051194 0.084800 0.013717
vn -0.078295 0.048477 0.038986
vn -0.074364 0.048477 0.046044
vn -0.069798 0.048477 0.052709
vn -0.064637 0.048477 0.058924
vn -0.042048 0.084800 0.032264
vn -0.037477 0.084800 0.037477
vn -0.058924 0.048477 0.064637
vn -0.032264 0.084800 0.042048
vn -0.052709 0.048477 0.069798
vn -0.046044 0.048477 0.074364
vn -0.038986 0.048477 0.078295
vn -0.031596 0.048477 0.081558
vn -0.023936 0.048477 0.084125
vn -0.016072 0.048477 0.085975
vn -0.013717 0.084800 0.051194
vn -0.006918 0.084800 0.052546
vn -0.008070 0.048477 0.087091
vn -0.000000 0.084800 0.053000
vn -0.000000 0.062474 0.078083
vn -0.000000 0.033103 0.094362
vn -0.020282 0.084800 0.048966
vn -0.026500 0.084800 0.045899
vn -0.045899 0.084800 0.026500
vn -0.048966 0.084800 0.020282
vn -0.000000 0.084800 0.053000
vn -0.000000 0.084800 0.053000
vn -0.000000 0.062474 0.078083
vn -0.000000 0.062474 0.078083
vn -0.000000 0.033103 0.094362
vn -0.000000 0.000000 0.100000
vn -0.000000 0.000000 0.100000
vn -0.000000 0.033103 0.094362
vn -0.000000 0.084800 0.053000
vn -0.000000 0.062474 0.078083
vn 0.006918 0.084800 0.052546
vn 0.008070 0.048477 0.087091
vn 0.016072 0.048477 0.085975
vn 0.013053 0.000000 0.099144
vn 0.025882 0.000000 0.096593
vn -0.000000 0.033103 0.094362
vn -0.000000 -0.000000 0.100000
vn 0.038268 0.000000 0.092388
vn 0.031596 0.048477 0.081558
vn 0.023936 0.048477 0.084125
vn 0.013717 0.084800 0.051194
vn 0.038986 0.048477 0.078295
vn 0.050000 0.000000 0.086603
vn 0.046044 0.048477 0.074364
vn 0.060876 -0.000000 0.079335
vn 0.052709 0.048477 0.069798
vn 0.058924 0.048477 0.064637
vn 0.032264 0.084800 0.042048
vn 0.037477 0.084800 0.037477
vn 0.064637 0.048477 0.058924
vn 0.042048 0.084800 0.032264
vn 0.069798 0.048477 0.052709
vn 0.074364 0.048477 0.046044
vn 0.079335 0.000000 0.060876
vn 0.086603 0.000000 0.050000
vn 0.070711 0.000000 0.070711
vn 0.078295 0.048477 0.038986
vn 0.092388 0.000000 0.038268
vn 0.081558 0.048477 0.031596
vn 0.096593 0.000000 0.025882
vn 0.084125 0.048477 0.023936
vn 0.085975 0.048477 0.016072
vn 0.051194 0.084800 0.013717
vn 0.052546 0.084800 0.006918
vn 0.087091 0.048477 0.008070
vn 0.053000 0.084800 0.000000
vn 0.078083 0.062474 0.000000
vn 0.094362 0.033103 0.000000
vn 0.099144 0.000000 0.013053
vn 0.048966 0.084800 0.020282
vn 0.045899 0.084800 0.026500
vn 0.026500 0.084800 0.045899
vn 0.020282 0.084800 0.048966
vn 0.094362 0.033103 0.000000
vn 0.087464 0.048477 0.000000
vn 0.087464 0.048477 0.000000
vn 0.087464 0.048477 0.000000
vn 0.078083 0.062474 0.000000
vn 0.087464 0.048477 0.000000
vn 0.087464 0.048477 0.000000
vn 0.087464 0.048477 0.000000
vn 0.087464 0.048477 0.000000
vn 0.087464 0.048477 0.000000
vn 0.087464 0.048477 0.000000
vn 0.087464 0.048477 0.000000
vn 0.087464 0.048477 0.000000
vn 0.053000 0.084800 0.000000
vn 0.087464 0.048477 0.000000
vn 0.087464 0.048477 0.000000
vn 0.087464 0.048477 0.000000
vn 0.087464 0.048477 0.000000
vn 0.087464 0.048477 0.000000
vn 0.087464 0.048477 0.000000
vn 0.087464 0.048477 0.000000
vn 0.094362 0.033103 0.000000
vn 0.087464 0.048477 0.000000
vn 0.087464 0.048477 0.000000
vn 0.087464 0.048477 0.000000
vn 0.087464 0.048477 0.000000
vn 0.087464 0.048477 0.000000
vn 0.087464 0.048477 0.000000
vn 0.087464 0.048477 0.000000
vn 0.087464 0.048477 0.000000
vn 0.087464 0.048477 0.000000
vn 0.078083 0.062474 0.000000
vn 0.053000 0.084800 0.000000
vn 0.100000 0.000000 0.000000
vn 0.100000 -0.000000 0.000000
vn 0.100000 0.000000 0.000000
vn 0.087464 0.004604 -0.048258
vn 0.094362 0.000096 -0.033103
vn 0.078083 0.000181 -0.062474
vn 0.053000 0.000245 -0.084799
vn 0.053000 0.011291 -0.084045
vn 0.087464 0.009029 -0.047629
vn 0.053000 0.022145 -0.081857
vn 0.087464 0.013377 -0.046595
vn 0.087464 0.017612 -0.045164
vn 0.087464 0.021697 -0.043350
vn 0.087464 0.025597 -0.041168
vn 0.087464 0.029280 -0.038636
vn 0.087464 0.032713 -0.035775
vn 0.053000 0.051736 -0.067189
vn 0.053000 0.060049 -0.059876
vn 0.053000 0.032621 -0.078274
vn 0.053000 0.042541 -0.073357
vn 0.087464 0.035869 -0.032610
vn 0.053000 0.067338 -0.051542
vn 0.087464 0.038720 -0.029168
vn 0.087464 0.041242 -0.025478
vn 0.087464 0.043413 -0.021571
vn 0.087464 0.045215 -0.017481
vn 0.087464 0.046633 -0.013243
vn 0.087464 0.047654 -0.008891
vn 0.053000 0.081921 -0.021908
vn 0.053000 0.084077 -0.011048
vn 0.053000 0.073480 -0.042329
vn 0.053000 0.078368 -0.032395
vn 0.087464 0.048271 -0.004465
vn 0.091174 0.000000 0.041077
vn 0.091318 0.000000 0.040755
vn 0.095085 0.000000 0.030965
vn 0.097805 0.000000 0.020835
vn 0.099450 0.000000 0.010475
vn 0.089318 0.000000 0.044970
vn 0.090158 0.000000 0.043262
vn 0.090783 0.000000 0.041935
vn 0.080582 0.000000 0.059216
vn 0.084156 0.000000 0.054016
vn 0.087082 0.000000 0.049160
vn 0.076387 0.000000 0.064537
vn 0.071558 0.000000 0.069854
vn 0.066082 0.000000 0.075054
vn 0.059955 0.000000 0.080034
vn 0.053170 0.000000 0.084693
vn 0.045726 0.000000 0.088933
vn 0.037621 0.000000 0.092654
vn 0.028895 -0.000000 0.095734
vn 0.019632 -0.000000 0.098054
vn 0.009945 -0.000000 0.099504
vn -0.000000 -0.000000 0.100000
vn -0.100000 -0.000000 -0.000000
vn -0.100000 -0.000000 -0.000000
vn 0.086603 0.000000 -0.050000
vn 0.086603 0.000000 -0.050000
vn 0.100000 0.000000 0.000000
vn 0.100000 0.000000 0.000000
vn 0.092387 0.000000 0.038271
vn 0.086603 0.000000 0.050000
vn 0.070711 0.000000 0.070711
vn 0.050000 0.000000 0.086603
vn 0.038271 0.000000 0.092387
vn -0.000000 0.000000 0.100000
vn -0.000000 0.000000 0.100000
vn -0.038271 0.000000 0.092387
vn -0.050000 0.000000 0.086603
vn -0.070711 0.000000 0.070711
vn -0.086603 -0.000000 0.050000
vn -0.092387 -0.000000 0.038271
vn -0.100000 -0.000000 0.000000
vn -0.100000 -0.000000 -0.000000
vn -0.086603 -0.000000 -0.050000
vn -0.086603 -0.000000 -0.050000
vn -0.050000 -0.000000 -0.086603
vn -0.050000 -0.000000 -0.086603
vn 0.000000 -0.000000 -0.100000
vn 0.000000 -0.000000 -0.100000
vn 0.050000 -0.000000 -0.086603
vn 0.050000 -0.000000 -0.086603
vn -0.000000 0.100000 0.000000
vn -0.000000 0.100000 0.000000
vn -0.000000 0.100000 0.000000
vn -0.000000 0.100000 0.000000
vn -0.000000 0.100000 0.000000
vn -0.000000 0.100000 0.000000
vn -0.000000 0.100000 0.000000
vn -0.000000 0.100000 0.000000
vn -0.000000 0.100000 0.000000
vn -0.000000 0.100000 0.000000
vn -0.000000 0.100000 0.000000
vn -0.000000 0.100000 0.000000
vn -0.000000 0.100000 0.000000
vn -0.000000 0.100000 0.000000
vn -0.000000 0.100000 0.000000
vn -0.000000 0.100000 0.000000
vn -0.000000 0.100000 0.000000
vn -0.000000 0.100000 0.000000
vn -0.000000 0.100000 0.000000
vn -0.000000 0.100000 0.000000
vn -0.000000 0.100000 0.000000
vn -0.000000 0.100000 0.000000
vn -0.000000 0.100000 0.000000
vn -0.000000 0.100000 0.000000
vn -0.000000 0.100000 0.000000
vn -0.000000 0.100000 0.000000
vn -0.000000 0.100000 0.000000
vn -0.000000 0.100000 0.000000
vn -0.000000 0.100000 0.000000
vn -0.000000 0.100000 0.000000
vn -0.000000 0.100000 0.000000
vn -0.000000 0.100000 0.000000
vn -0.000000 0.100000 0.000000
vn -0.000000 0.100000 0.000000
vn -0.000000 0.100000 0.000000
vn -0.000000 0.100000 0.000000
vn -0.000000 0.100000 0.000000
vn -0.000000 0.100000 0.000000
vn -0.000000 0.100000 0.000000
vn -0.000000 0.100000 0.000000
vn -0.000000 0.100000 0.000000
vn -0.000000 0.100000 0.000000
vn -0.000000 0.100000 0.000000
vn -0.000000 0.100000 0.000000
vn -0.000000 0.100000 0.000000
vn -0.050000 -0.000000 0.086603
vn -0.050000 -0.000000 0.086603
vn -0.000000 -0.000000 0.100000
vn -0.000000 -0.000000 0.100000
vn 0.050000 -0.000000 0.086603
vn 0.050000 -0.000000 0.086603
vn 0.086603 0.000000 0.050000
vn 0.086603 0.000000 0.050000
vn 0.100000 0.000000 -0.000000
vn 0.100000 0.000000 0.000000
vn 0.086603 0.000000 -0.050000
vn 0.086603 0.000000 -0.050000
vn 0.050000 0.000000 -0.086603
vn 0.050000 0.000000 -0.086603
vn 0.000000 0.000000 -0.100000
vn 0.000000 0.000000 -0.100000
vn -0.050000 0.000000 -0.086603
vn -0.050000 0.000000 -0.086603
vn -0.086603 -0.000000 -0.050000
vn -0.086603 -0.000000 -0.050000
vn -0.100000 -0.000000 -0.000000
vn -0.100000 -0.000000 0.000000
vn -0.086603 -0.000000 0.050000
vn -0.086603 -0.000000 0.050000
vn 0.035355 0.070711 -0.061237
vn 0.035355 0.070711 -0.061237
vn -0.000000 0.070711 -0.070711
vn -0.000000 0.070711 -0.070711
vn -0.035355 0.070711 -0.061237
vn -0.035355 0.070711 -0.061237
vn -0.061237 0.070711 -0.035355
vn -0.061237 0.070711 -0.035355
vn -0.070711 0.070711 -0.000000
vn -0.070711 0.070711 -0.000000
vn -0.061237 0.070711 0.035355
vn -0.061237 0.070711 0.035355
vn -0.035355 0.070711 0.061237
vn -0.035355 0.070711 0.061237
vn -0.000000 0.070711 0.070711
vn -0.000000 0.070711 0.070711
vn 0.035355 0.070711 0.061237
vn 0.035355 0.070711 0.061237
vn 0.061237 0.070711 0.035355
vn 0.061237 0.070711 0.035355
vn 0.070711 0.070711 -0.000000
vn 0.070711 0.070711 -0.000000
vn 0.061237 0.070711 -0.035355
vn 0.061237 0.070711 -0.035355
vn 0.000000 -0.100000 0.000000
vn 0.000000 -0.100000 0.000000
vn 0.000000 -0.100000 0.000000
vn 0.000000 -0.100000 0.000000
vn 0.000000 -0.100000 0.000000
vn 0.000000 -0.100000 0.000000
vn 0.000000 -0.100000 0.000000
vn 0.000000 -0.100000 0.000000
vn 0.000000 -0.100000 0.000000
vn 0.000000 -0.100000 0.000000
vn 0.000000 -0.100000 0.000000
vn 0.000000 -0.100000 0.000000
vn 0.000000 -0.100000 0.000000
vn 0.000000 -0.100000 0.000000
vn 0.000000 -0.100000 0.000000
vn 0.000000 -0.100000 0.000000
vn 0.000000 -0.100000 0.000000
vn 0.000000 -0.100000 0.000000
vn 0.000000 -0.100000 0.000000
vn 0.000000 -0.100000 0.000000
vn 0.000000 -0.100000 0.000000
vn 0.000000 -0.100000 0.000000
vn 0.000000 -0.100000 0.000000
vn 0.000000 -0.100000 0.000000
vn 0.000000 -0.100000 0.000000
vn 0.000000 -0.100000 0.000000
vn 0.050000 -0.000000 -0.086603
vn 0.050000 -0.000000 -0.086603
vn 0.000000 -0.000000 -0.100000
vn 0.000000 -0.000000 -0.100000
vn -0.050000 -0.000000 -0.086603
vn -0.050000 -0.000000 -0.086603
vn -0.086603 -0.000000 -0.050000
vn -0.086603 -0.000000 -0.050000
vn -0.100000 -0.000000 -0.000000
vn -0.100000 -0.000000 -0.000000
vn -0.086603 -0.000000 0.050000
vn -0.086603 -0.000000 0.050000
vn -0.050000 0.000000 0.086603
vn -0.050000 0.000000 0.086603
vn -0.000000 0.000000 0.100000
vn -0.000000 0.000000 0.100000
vn 0.050000 0.000000 0.086603
vn 0.050000 0.000000 0.086603
vn 0.086603 0.000000 0.050000
vn 0.086603 0.000000 0.050000
vn 0.100000 0.000000 -0.000000
vn 0.100000 0.000000 -0.000000
vn 0.086603 0.000000 -0.050000
vn 0.086603 0.000000 -0.050000
vn 0.035355 0.070711 0.061237
vn 0.035355 0.070711 0.061237
vn -0.000000 0.070711 0.070711
vn -0.000000 0.070711 0.070711
vn -0.035355 0.070711 0.061237
vn -0.035355 0.070711 0.061237
vn -0.061237 0.070711 0.035355
vn -0.061237 0.070711 0.035355
vn -0.070711 0.070711 0.000000
vn -0.070711 0.070711 0.000000
vn -0.061237 0.070711 -0.035355
vn -0.061237 0.070711 -0.035355
vn -0.035355 0.070711 -0.061237
vn -0.035355 0.070711 -0.061237
vn -0.000000 0.070711 -0.070711
vn -0.000000 0.070711 -0.070711
vn 0.035355 0.070711 -0.061237
vn 0.035355 0.070711 -0.061237
vn 0.061237 0.070711 -0.035355
vn 0.061237 0.070711 -0.035355
vn 0.070711 0.070711 0.000000
vn 0.070711 0.070711 0.000000
vn 0.061237 0.070711 0.035355
vn 0.061237 0.070711 0.035355
vn 0.000000 -0.100000 -0.000000
vn 0.000000 -0.100000 -0.000000
vn 0.000000 -0.100000 -0.000000
vn 0.000000 -0.100000 -0.000000
vn 0.000000 -0.100000 -0.000000
vn 0.000000 -0.100000 -0.000000
vn 0.000000 -0.100000 -0.000000
vn 0.000000 -0.100000 -0.000000
vn 0.000000 -0.100000 -0.000000
vn 0.000000 -0.100000 -0.000000
vn 0.000000 -0.100000 -0.000000
vn 0.000000 -0.100000 -0.000000
vn 0.000000 -0.100000 -0.000000
vn 0.000000 -0.100000 -0.000000
vn 0.000000 -0.100000 -0.000000
vn 0.000000 -0.100000 -0.000000
vn 0.000000 -0.100000 -0.000000
vn 0.000000 -0.100000 -0.000000
vn 0.000000 -0.100000 -0.000000
vn 0.000000 -0.100000 -0.000000
vn 0.000000 -0.100000 -0.000000
vn 0.000000 -0.100000 -0.000000
vn 0.000000 -0.100000 -0.000000
vn 0.000000 -0.100000 -0.000000
vn 0.000000 -0.100000 -0.000000
vn 0.000000 -0.100000 -0.000000
vn 0.050000 -0.000000 0.086603
vn 0.050000 -0.000000 0.086603
vn -0.000000 -0.000000 0.100000
vn -0.000000 -0.000000 0.100000
vn -0.050000 -0.000000 0.086603
vn -0.050000 -0.000000 0.086603
vn -0.086603 -0.000000 0.050000
vn -0.086603 -0.000000 0.050000
vn -0.100000 -0.000000 0.000000
vn -0.100000 -0.000000 -0.000000
vn -0.086603 -0.000000 -0.050000
vn -0.086603 -0.000000 -0.050000
vn -0.050000 0.000000 -0.086603
vn -0.050000 0.000000 -0.086603
vn -0.000000 0.000000 -0.100000
vn 0.000000 0.000000 -0.100000
vn 0.050000 0.000000 -0.086603
vn 0.050000 0.000000 -0.086603
vn 0.086603 0.000000 -0.050000
vn 0.086603 0.000000 -0.050000
vn 0.100000 0.000000 0.000000
vn 0.100000 0.000000 -0.000000
vn 0.086603 0.000000 0.050000
vn 0.086603 0.000000 0.050000
vn 0.000000 0.000000 -0.100000
vn 0.000000 0.000000 -0.100000
vn 0.000000 0.000000 -0.100000
vn 0.000000 0.000000 -0.100000
vn -0.053000 -0.084800 -0.000000
vn -0.053000 -0.084800 -0.000000
vn -0.053000 -0.084800 -0.000000
vn -0.053000 -0.084800 -0.000000
vn -0.053000 -0.084800 -0.000000
vn -0.053000 -0.084800 -0.000000
vn -0.053000 -0.084800 -0.000000
vn -0.053000 -0.084800 -0.000000
vn -0.006918 -0.084800 -0.052546
vn -0.007543 -0.084800 -0.052460
vn -0.013717 -0.084800 -0.051194
vn -0.014932 -0.084800 -0.050853
vn -0.020282 -0.084800 -0.048966
vn -0.022017 -0.084800 -0.048210
vn -0.026500 -0.084800 -0.045899
vn -0.028654 -0.084800 -0.044586
vn -0.032264 -0.084800 -0.042048
vn -0.034708 -0.084800 -0.040055
vn -0.037477 -0.084800 -0.037477
vn -0.040055 -0.084800 -0.034708
vn -0.042048 -0.084800 -0.032264
vn -0.044586 -0.084800 -0.028654
vn -0.045899 -0.084800 -0.026500
vn -0.048210 -0.084800 -0.022017
vn -0.048966 -0.084800 -0.020282
vn -0.050853 -0.084800 -0.014932
vn -0.051194 -0.084800 -0.013717
vn -0.052460 -0.084800 -0.007543
vn -0.052546 -0.084800 -0.006918
vn 0.052546 -0.084800 -0.006918
vn 0.052460 -0.084800 -0.007543
vn 0.051194 -0.084800 -0.013717
vn 0.050853 -0.084800 -0.014932
vn 0.048966 -0.084800 -0.020282
vn 0.048210 -0.084800 -0.022017
vn 0.045899 -0.084800 -0.026500
vn 0.044586 -0.084800 -0.028654
vn 0.042048 -0.084800 -0.032264
vn 0.040055 -0.084800 -0.034708
vn 0.037477 -0.084800 -0.037477
vn 0.034708 -0.084800 -0.040055
vn 0.032264 -0.084800 -0.042048
vn 0.028654 -0.084800 -0.044586
vn 0.026500 -0.084800 -0.045899
vn 0.022017 -0.084800 -0.048210
vn 0.020282 -0.084800 -0.048966
vn 0.014932 -0.084800 -0.050853
vn 0.013717 -0.084800 -0.051194
vn 0.007543 -0.084800 -0.052460
vn 0.006918 -0.084800 -0.052546
vn 0.053000 0.000215 -0.084800
vn 0.053000 0.010418 -0.084157
vn 0.053000 0.000245 -0.084799
vn 0.053000 0.020470 -0.082292
vn 0.053000 0.030225 -0.079230
vn 0.053000 0.039540 -0.075017
vn 0.053000 0.048281 -0.069714
vn 0.053000 0.056319 -0.063397
vn 0.053000 0.063539 -0.056158
vn 0.053000 0.069836 -0.048104
vn 0.053000 0.075117 -0.039350
vn 0.053000 0.079307 -0.030024
vn 0.053000 0.082344 -0.020262
vn 0.053000 0.084184 -0.010205
vn 0.053000 0.084800 0.000000
vn 0.000000 0.000253 -0.100000
vn 0.000000 0.000253 -0.100000
vn 0.000000 0.012286 -0.099242
vn 0.000000 0.012286 -0.099242
vn 0.000000 0.024140 -0.097043
vn 0.000000 0.024140 -0.097043
vn 0.000000 0.035643 -0.093432
vn 0.000000 0.035643 -0.093432
vn 0.000000 0.046628 -0.088464
vn 0.000000 0.046628 -0.088464
vn 0.000000 0.056935 -0.082210
vn 0.000000 0.056935 -0.082210
vn 0.000000 0.066414 -0.074761
vn 0.000000 0.066414 -0.074761
vn -0.000000 0.074929 -0.066225
vn -0.000000 0.074929 -0.066225
vn -0.000000 0.082354 -0.056726
vn -0.000000 0.082354 -0.056726
vn -0.000000 0.088582 -0.046403
vn -0.000000 0.088582 -0.046403
vn -0.000000 0.093522 -0.035406
vn -0.000000 0.093522 -0.035406
vn -0.000000 0.097103 -0.023894
vn -0.000000 0.097103 -0.023894
vn -0.000000 0.099273 -0.012034
vn -0.000000 0.099273 -0.012034
vn -0.000000 0.099872 -0.005065
vn -0.000000 0.099890 -0.004680
vn -0.000000 0.099936 -0.003582
vn -0.000000 0.099981 -0.001939
vn -0.000000 0.099890 -0.004680
vn -0.000000 0.099936 -0.003582
vn -0.000000 0.099981 -0.001939
vn -0.053000 0.000215 -0.084800
vn -0.053000 0.000245 -0.084799
vn -0.053000 0.010418 -0.084157
vn -0.053000 0.011291 -0.084045
vn -0.053000 0.020470 -0.082292
vn -0.053000 0.022145 -0.081857
vn -0.053000 0.030225 -0.079230
vn -0.053000 0.032621 -0.078274
vn -0.053000 0.039540 -0.075017
vn -0.053000 0.042541 -0.073357
vn -0.053000 0.048281 -0.069714
vn -0.053000 0.051736 -0.067189
vn -0.053000 0.056319 -0.063397
vn -0.053000 0.060049 -0.059876
vn -0.053000 0.063539 -0.056158
vn -0.053000 0.067338 -0.051542
vn -0.053000 0.069836 -0.048104
vn -0.053000 0.073480 -0.042329
vn -0.053000 0.075117 -0.039350
vn -0.053000 0.078368 -0.032395
vn -0.053000 0.079307 -0.030024
vn -0.053000 0.081921 -0.021908
vn -0.053000 0.082344 -0.020262
vn -0.053000 0.084077 -0.011048
vn -0.053000 0.084184 -0.010205
vn -0.053000 0.084800 -0.000000
vn -0.053000 0.084800 -0.000000
vn 0.053000 0.084800 0.000000
vn -0.000000 0.084800 0.053000
vn -0.000000 0.084800 0.053000
vn 0.007543 0.084800 0.052460
vn 0.013717 0.084800 0.051194
vn 0.014932 0.084800 0.050853
vn 0.022017 0.084800 0.048210
vn 0.028654 0.084800 0.044586
vn 0.032264 0.084800 0.042048
vn 0.034708 0.084800 0.040055
vn 0.037477 0.084800 0.037477
vn 0.040055 0.084800 0.034708
vn 0.042048 0.084800 0.032264
vn 0.044586 0.084800 0.028654
vn 0.048210 0.084800 0.022017
vn 0.050853 0.084800 0.014932
vn 0.051194 0.084800 0.013717
vn 0.052460 0.084800 0.007543
vn -0.000000 0.084800 0.053000
vn -0.053000 0.084800 -0.000000
vn -0.052546 0.084800 0.006918
vn -0.053000 0.084800 -0.000000
vn -0.052460 0.084800 0.007543
vn -0.051194 0.084800 0.013717
vn -0.050853 0.084800 0.014932
vn -0.048966 0.084800 0.020282
vn -0.048210 0.084800 0.022017
vn -0.045899 0.084800 0.026500
vn -0.044586 0.084800 0.028654
vn -0.040055 0.084800 0.034708
vn -0.034708 0.084800 0.040055
vn -0.028654 0.084800 0.044586
vn -0.026500 0.084800 0.045899
vn -0.022017 0.084800 0.048210
vn -0.014932 0.084800 0.050853
vn -0.007543 0.084800 0.052460
vn -0.099726 -0.007400 0.000022
vn -0.099971 -0.002402 0.000005
vn -0.092032 -0.006662 0.038545
vn -0.091296 -0.004420 0.040566
vn -0.077299 -0.008150 0.062916
vn -0.071453 -0.000686 0.069957
vn -0.057466 -0.000725 0.081836
vn -0.091311 -0.000547 0.040767
vn -0.022778 -0.000725 0.097369
vn -0.055459 -0.008991 0.082725
vn -0.076783 -0.015211 0.062234
vn -0.054949 -0.016734 0.081857
vn -0.076013 -0.021841 0.061197
vn -0.054192 -0.023944 0.080560
vn -0.075018 -0.028013 0.059896
vn -0.053223 -0.030585 0.078942
vn -0.073862 -0.033485 0.058507
vn -0.052119 -0.036371 0.077206
vn -0.072608 -0.038256 0.057137
vn -0.050947 -0.041305 0.075487
vn -0.071320 -0.042368 0.055843
vn -0.049774 -0.045449 0.073871
vn -0.070007 -0.046050 0.054575
vn -0.048598 -0.049080 0.072315
vn -0.068651 -0.049426 0.053330
vn -0.047401 -0.052344 0.070804
vn -0.067259 -0.052507 0.052147
vn -0.046193 -0.055258 0.069374
vn -0.065839 -0.055306 0.051054
vn -0.044988 -0.057836 0.068051
vn -0.064407 -0.057834 0.050070
vn -0.043802 -0.060098 0.066855
vn -0.062513 -0.060804 0.048939
vn -0.042281 -0.062651 0.065477
vn -0.060657 -0.063397 0.047974
vn -0.040839 -0.064779 0.064311
vn -0.058780 -0.065800 0.047067
vn -0.039407 -0.066699 0.063233
vn -0.056883 -0.068025 0.046227
vn -0.037988 -0.068427 0.062246
vn -0.054976 -0.070074 0.045468
vn -0.036591 -0.069971 0.061361
vn -0.053069 -0.071950 0.044798
vn -0.035227 -0.071336 0.060583
vn -0.033892 -0.072549 0.059900
vn -0.015347 -0.067662 0.072016
vn -0.014710 -0.068376 0.071473
vn 0.004238 -0.059492 0.080267
vn -0.014078 -0.069032 0.070968
vn 0.004059 -0.059852 0.080008
vn -0.013457 -0.069630 0.070502
vn 0.003850 -0.060167 0.079781
vn -0.012850 -0.070173 0.070076
vn 0.003610 -0.060442 0.079585
vn -0.012258 -0.070665 0.069686
vn 0.003337 -0.060678 0.079417
vn -0.011683 -0.071109 0.069333
vn 0.003029 -0.060879 0.079276
vn -0.011130 -0.071506 0.069015
vn 0.002683 -0.061047 0.079158
vn -0.010600 -0.071859 0.068731
vn 0.002298 -0.061186 0.079063
vn -0.010221 -0.072097 0.068538
vn 0.001982 -0.061273 0.079004
vn -0.009857 -0.072314 0.068363
vn 0.001643 -0.061346 0.078955
vn -0.009507 -0.072513 0.068202
vn 0.001283 -0.061410 0.078912
vn -0.009156 -0.072702 0.068048
vn 0.000916 -0.061473 0.078869
vn -0.008804 -0.072883 0.067901
vn 0.000542 -0.061534 0.078824
vn -0.008449 -0.073057 0.067759
vn 0.000161 -0.061595 0.078778
vn -0.008090 -0.073224 0.067623
vn -0.000228 -0.061656 0.078731
vn -0.007726 -0.073384 0.067492
vn -0.000625 -0.061716 0.078681
vn -0.007357 -0.073537 0.067366
vn -0.001030 -0.061776 0.078630
vn -0.006987 -0.073681 0.067248
vn -0.001443 -0.061836 0.078576
vn -0.006629 -0.073814 0.067138
vn -0.001865 -0.061897 0.078520
vn -0.006282 -0.073937 0.067036
vn -0.002298 -0.061957 0.078460
vn -0.005945 -0.074051 0.066941
vn -0.002743 -0.062019 0.078398
vn -0.005617 -0.074157 0.066852
vn -0.003202 -0.062081 0.078331
vn -0.005297 -0.074256 0.066769
vn -0.003677 -0.062144 0.078260
vn -0.003340 -0.049834 0.086634
vn -0.002538 -0.053076 0.084714
vn 0.000423 -0.027736 0.096076
vn 0.002666 -0.027721 0.096044
vn 0.009964 0.000008 0.099502
vn 0.004875 -0.027710 0.095960
vn 0.007059 -0.027704 0.095826
vn -0.000559 -0.052989 0.084805
vn 0.000402 -0.052951 0.084829
vn -0.001547 -0.000678 0.099986
vn -0.001424 -0.008389 0.099637
vn -0.030113 -0.009065 0.094927
vn 0.018092 -0.007529 0.098061
vn 0.033680 -0.000531 0.094156
vn 0.061318 -0.004312 0.078876
vn 0.052226 -0.000414 0.085278
vn 0.080876 -0.000151 0.058814
vn 0.091318 -0.000000 0.040755
vn 0.091170 -0.000009 0.041085
vn 0.061283 -0.007961 0.078620
vn 0.090775 0.000007 0.041952
vn 0.061231 -0.011317 0.078248
vn 0.061145 -0.014375 0.077812
vn 0.018986 -0.025243 0.094881
vn 0.019355 -0.029819 0.093468
vn 0.000545 -0.033347 0.094275
vn 0.001132 -0.037619 0.092647
vn -0.026319 -0.041071 0.087295
vn -0.025400 -0.044997 0.085616
vn 0.090158 -0.000031 0.043261
vn 0.060976 -0.016955 0.077424
vn 0.019669 -0.033595 0.092112
vn 0.001663 -0.041082 0.091157
vn -0.024493 -0.048379 0.084021
vn 0.089322 -0.000028 0.044962
vn 0.060705 -0.019056 0.077148
vn 0.019907 -0.036625 0.090897
vn 0.002169 -0.044021 0.089763
vn -0.023585 -0.051377 0.082487
vn 0.060330 -0.020699 0.077019
vn 0.087074 0.000076 0.049175
vn 0.059893 -0.022059 0.076982
vn 0.059402 -0.023246 0.077013
vn 0.020288 -0.041405 0.088736
vn 0.020412 -0.043323 0.087787
vn 0.003107 -0.048831 0.087212
vn 0.003501 -0.050737 0.086102
vn -0.021830 -0.056288 0.079719
vn -0.021014 -0.058239 0.078528
vn 0.058843 -0.024265 0.077128
vn 0.084194 0.000011 0.053958
vn 0.058205 -0.025125 0.077336
vn 0.057482 -0.025826 0.077646
vn 0.020446 -0.046299 0.086246
vn 0.020280 -0.047690 0.085524
vn 0.004133 -0.054014 0.084056
vn 0.004315 -0.055282 0.083218
vn -0.019145 -0.062048 0.076049
vn -0.018295 -0.063527 0.075031
vn 0.056376 -0.026516 0.078222
vn 0.080620 0.000045 0.059164
vn 0.055128 -0.026969 0.078953
vn 0.053800 -0.027333 0.079740
vn 0.019630 -0.049551 0.084613
vn 0.019220 -0.050249 0.084295
vn 0.004539 -0.057270 0.081851
vn 0.004563 -0.058019 0.081320
vn -0.016713 -0.065929 0.073308
vn -0.016003 -0.066868 0.072612
vn 0.076432 0.000074 0.064484
vn 0.052388 -0.027618 0.080578
vn 0.018740 -0.050806 0.084069
vn 0.004513 -0.058617 0.080893
vn 0.071611 0.000104 0.069799
vn 0.049281 -0.027956 0.082401
vn 0.050884 -0.027824 0.081465
vn 0.066137 0.000099 0.075006
vn 0.045793 -0.028075 0.084350
vn 0.047573 -0.028025 0.083375
vn 0.018178 -0.051230 0.083935
vn 0.060008 0.000065 0.079994
vn 0.042004 -0.028129 0.086281
vn 0.043936 -0.028109 0.085320
vn 0.016130 -0.052026 0.083863
vn 0.016853 -0.051803 0.083860
vn 0.053209 0.000044 0.084669
vn 0.037906 -0.028123 0.088160
vn 0.039994 -0.028133 0.087229
vn 0.014564 -0.052370 0.083936
vn 0.015368 -0.052215 0.083890
vn 0.045739 0.000051 0.088926
vn 0.031157 -0.028011 0.090800
vn 0.033488 -0.028059 0.089951
vn 0.035738 -0.028097 0.089069
vn 0.011881 -0.052664 0.084175
vn 0.012822 -0.052592 0.084081
vn 0.037634 0.000054 0.092648
vn 0.027506 -0.027925 0.091998
vn 0.029354 -0.027969 0.091411
vn 0.010115 -0.052738 0.084359
vn 0.010891 -0.052713 0.084278
vn 0.028934 0.000029 0.095723
vn 0.021735 -0.027821 0.093560
vn 0.023692 -0.027849 0.093076
vn 0.025615 -0.027884 0.092555
vn 0.007641 -0.052775 0.084596
vn 0.008482 -0.052763 0.084523
vn 0.019593 0.000033 0.098062
vn 0.015637 -0.027752 0.094791
vn 0.017710 -0.027774 0.094419
vn 0.019742 -0.027796 0.094009
vn 0.005035 -0.052822 0.084761
vn 0.005918 -0.052805 0.084715
vn 0.009223 -0.027704 0.095642
vn 0.011375 -0.027712 0.095408
vn 0.013521 -0.027730 0.095122
vn 0.002288 -0.052887 0.084839
vn 0.003218 -0.052863 0.084824
vn -0.005789 -0.086376 0.050057
vn -0.006753 -0.084187 0.053545
vn -0.007850 -0.084040 0.053626
vn -0.008947 -0.083872 0.053717
vn -0.010046 -0.083682 0.053818
vn -0.011152 -0.083468 0.053932
vn -0.012267 -0.083229 0.054060
vn -0.013394 -0.082961 0.054204
vn -0.014511 -0.082671 0.054360
vn -0.015607 -0.082362 0.054524
vn -0.016685 -0.082036 0.054696
vn -0.017745 -0.081693 0.054876
vn -0.018792 -0.081331 0.055065
vn -0.019826 -0.080951 0.055262
vn -0.020850 -0.080550 0.055470
vn -0.021879 -0.080120 0.055696
vn -0.022915 -0.079659 0.055941
vn -0.024302 -0.078992 0.056300
vn -0.025692 -0.078264 0.056698
vn -0.027080 -0.077475 0.057134
vn -0.028464 -0.076622 0.057609
vn -0.029840 -0.075705 0.058123
vn -0.031206 -0.074721 0.058677
vn -0.032559 -0.073668 0.059270
vn -0.051157 -0.073678 0.044209
vn -0.067604 -0.068601 0.026900
vn -0.069805 -0.066179 0.027342
vn -0.071965 -0.063605 0.027846
vn -0.074071 -0.060884 0.028402
vn -0.076115 -0.058017 0.028993
vn -0.078096 -0.054997 0.029603
vn -0.080058 -0.051686 0.030320
vn -0.081504 -0.048978 0.030956
vn -0.082909 -0.046075 0.031672
vn -0.084263 -0.042973 0.032452
vn -0.085556 -0.039666 0.033269
vn -0.086784 -0.036147 0.034086
vn -0.087962 -0.032324 0.034897
vn -0.089082 -0.028039 0.035753
vn -0.090092 -0.023270 0.036631
vn -0.090947 -0.018027 0.037465
vn -0.091600 -0.012489 0.038124
vn -0.009089 -0.096948 0.022768
vn -0.008041 -0.091893 0.038613
vn -0.016711 -0.098594 -0.000018
vn -0.011637 -0.096667 0.022805
vn -0.009894 -0.091685 0.038677
vn -0.011738 -0.091437 0.038749
vn -0.026459 -0.096436 -0.000021
vn -0.016676 -0.095904 0.022898
vn -0.014163 -0.096319 0.022848
vn -0.035937 -0.093320 0.000031
vn -0.024198 -0.094232 0.023126
vn -0.021687 -0.094864 0.023034
vn -0.019182 -0.095420 0.022959
vn -0.017263 -0.090433 0.039038
vn -0.015417 -0.090813 0.038927
vn -0.044698 -0.089454 0.000031
vn -0.031457 -0.091984 0.023440
vn -0.029092 -0.092786 0.023333
vn -0.026674 -0.093536 0.023228
vn -0.022755 -0.089024 0.039457
vn -0.020957 -0.089530 0.039308
vn -0.052828 -0.084907 -0.000017
vn -0.038269 -0.089277 0.023772
vn -0.036041 -0.090229 0.023659
vn -0.033771 -0.091132 0.023549
vn -0.027956 -0.087311 0.039940
vn -0.026251 -0.087915 0.039773
vn -0.060419 -0.079684 -0.000043
vn -0.044777 -0.086090 0.024156
vn -0.042632 -0.087211 0.024016
vn -0.040462 -0.088273 0.023889
vn -0.032950 -0.085290 0.040496
vn -0.031297 -0.086003 0.040298
vn -0.067380 -0.073892 -0.000020
vn -0.050349 -0.082823 0.024602
vn -0.047592 -0.084506 0.024366
vn -0.036780 -0.083449 0.041031
vn -0.034598 -0.084531 0.040713
vn -0.073647 -0.067647 0.000027
vn -0.058203 -0.077226 0.025466
vn -0.055659 -0.079179 0.025153
vn -0.053040 -0.081046 0.024865
vn -0.043167 -0.079726 0.042194
vn -0.041070 -0.081046 0.041772
vn -0.079208 -0.061041 0.000043
vn -0.063057 -0.073075 0.026151
vn -0.060669 -0.075191 0.025799
vn -0.047249 -0.076854 0.043140
vn -0.045228 -0.078329 0.042650
vn -0.084128 -0.054061 0.000019
vn -0.065353 -0.070894 0.026515
vn -0.049229 -0.075301 0.043661
vn -0.088463 -0.046629 0.000032
vn -0.092153 -0.038831 -0.000048
vn -0.095238 -0.030490 -0.000003
vn -0.097604 -0.021760 0.000047
vn -0.099237 -0.012332 0.000001
vn -0.013577 -0.091147 0.038831
vn -0.019120 -0.090002 0.039167
vn -0.024519 -0.088486 0.039612
vn -0.029637 -0.086674 0.040115
vn 0.013716 -0.052495 0.084001
vn -0.038939 -0.082287 0.041384
vn 0.018293 -0.013947 0.097318
vn 0.018603 -0.019862 0.096226
vn -0.001117 -0.015555 0.098776
vn -0.000651 -0.022172 0.097509
vn -0.000067 -0.028200 0.095941
vn -0.029674 -0.016838 0.094000
vn -0.029018 -0.024041 0.092628
vn -0.028186 -0.030630 0.090925
vn -0.027265 -0.036305 0.089098
vn 0.020112 -0.039177 0.089781
vn 0.002657 -0.046599 0.088439
vn -0.022692 -0.054007 0.081045
vn 0.020469 -0.044949 0.086952
vn 0.003825 -0.052334 0.085126
vn -0.020025 -0.060362 0.077172
vn 0.019981 -0.048705 0.085021
vn 0.004453 -0.056360 0.082484
vn -0.017481 -0.064818 0.074115
vn 0.017535 -0.051541 0.083881
vn 0.004391 -0.059085 0.080558
vn 0.009311 -0.052753 0.084442
vn 0.006787 -0.052789 0.084660
vn 0.004135 -0.052842 0.084798
vn 0.001350 -0.052917 0.084841
vn -0.001538 -0.053031 0.084767
vn -0.099972 -0.002377 -0.000000
vn -0.099972 -0.002377 -0.000000
vn -0.099742 -0.007185 -0.000000
vn -0.099726 -0.007402 -0.000000
vn -0.099297 -0.011840 -0.000000
vn -0.099237 -0.012330 -0.000000
vn -0.097817 -0.020782 -0.000000
vn -0.097608 -0.021741 -0.000000
vn -0.095596 -0.029348 -0.000000
vn -0.095221 -0.030545 -0.000000
vn -0.092659 -0.037608 -0.000000
vn -0.092161 -0.038811 -0.000000
vn -0.089029 -0.045539 -0.000000
vn -0.088468 -0.046619 -0.000000
vn -0.084752 -0.053077 -0.000000
vn -0.084152 -0.054022 -0.000000
vn -0.079898 -0.060136 -0.000000
vn -0.079202 -0.061049 -0.000000
vn -0.074492 -0.066715 -0.000000
vn -0.073602 -0.067696 -0.000000
vn -0.068267 -0.073073 -0.000000
vn -0.067355 -0.073914 -0.000000
vn -0.061222 -0.079069 -0.000000
vn -0.060459 -0.079654 -0.000000
vn -0.053420 -0.084536 -0.000000
vn -0.052907 -0.084858 -0.000000
vn -0.044946 -0.089330 -0.000000
vn -0.044693 -0.089457 -0.000000
vn -0.035913 -0.093329 -0.000000
vn -0.035862 -0.093348 -0.000000
vn -0.026466 -0.096434 -0.000000
vn -0.026500 -0.096425 -0.000000
vn -0.016722 -0.098592 -0.000000
vn -0.006747 -0.099772 -0.000000
vn -0.016775 -0.098583 -0.000000
vn -0.003284 -0.099946 -0.000000
vn 0.000184 -0.100000 -0.000000
vn 0.003651 -0.099933 -0.000000
vn 0.014073 -0.099005 -0.000000
vn 0.014780 -0.098902 -0.000000
vn 0.024275 -0.097009 -0.000000
vn 0.025709 -0.096639 -0.000000
vn 0.034039 -0.094028 0.000000
vn 0.036152 -0.093237 0.000000
vn 0.043236 -0.090170 0.000000
vn 0.045868 -0.088860 0.000000
vn 0.051769 -0.085557 0.000000
vn 0.054647 -0.083748 0.000000
vn 0.059587 -0.080308 0.000000
vn 0.062427 -0.078121 0.000000
vn 0.066702 -0.074504 0.000000
vn 0.069439 -0.071960 0.000000
vn 0.073123 -0.068213 0.000000
vn 0.075700 -0.065341 0.000000
vn 0.078854 -0.061498 0.000000
vn 0.081209 -0.058354 0.000000
vn 0.083898 -0.054416 0.000000
vn 0.085972 -0.051077 0.000000
vn 0.088277 -0.046980 0.000000
vn 0.090001 -0.043588 0.000000
vn 0.092009 -0.039170 0.000000
vn 0.093303 -0.035979 0.000000
vn 0.095099 -0.030922 0.000000
vn 0.095929 -0.028242 0.000000
vn 0.097523 -0.022121 0.000000
vn 0.097922 -0.020282 0.000000
vn 0.098462 -0.017471 0.000000
vn 0.099294 -0.011863 0.000000
vn 0.099200 -0.012626 0.000000
vn 0.099713 -0.007575 0.000000
vn 0.099732 -0.007310 0.000000
vn 0.099972 -0.002377 0.000000
vn 0.099972 -0.002377 0.000000
vn 0.000000 -0.011810 -0.099300
vn 0.000000 -0.023862 -0.097111
vn 0.000000 -0.011810 -0.099300
vn 0.000000 -0.009305 -0.099566
vn 0.000000 -0.010976 -0.099396
vn 0.000000 -0.010141 -0.099484
vn 0.000000 -0.009305 -0.099566
vn 0.000000 -0.026058 -0.096545
vn 0.000000 -0.037899 -0.092540
vn 0.000000 -0.039756 -0.091757
vn 0.000000 -0.051110 -0.085952
vn 0.000000 -0.052618 -0.085037
vn 0.000000 -0.063208 -0.077491
vn 0.000000 -0.064372 -0.076526
vn 0.000000 -0.073927 -0.067341
vn 0.000000 -0.074770 -0.066404
vn 0.000000 -0.083036 -0.055723
vn 0.000000 -0.083593 -0.054883
vn 0.000000 -0.090335 -0.042891
vn 0.000000 -0.090656 -0.042207
vn 0.000000 -0.095665 -0.029124
vn 0.000000 -0.095811 -0.028642
vn 0.000000 -0.098910 -0.014722
vn 0.000000 -0.098947 -0.014473
vn 0.000000 -0.100000 -0.000000
vn 0.000000 -0.100000 -0.000000
vn 0.000000 -0.098947 0.014473
vn 0.000000 -0.098910 0.014722
vn 0.000000 -0.095811 0.028642
vn 0.000000 -0.095665 0.029124
vn 0.000000 -0.090656 0.042207
vn 0.000000 -0.090335 0.042891
vn 0.000000 -0.083593 0.054883
vn 0.000000 -0.083036 0.055723
vn 0.000000 -0.074770 0.066404
vn 0.000000 -0.073927 0.067341
vn -0.000000 -0.064372 0.076526
vn -0.000000 -0.063208 0.077491
vn -0.000000 -0.052618 0.085037
vn -0.000000 -0.051110 0.085952
vn -0.000000 -0.039756 0.091757
vn -0.000000 -0.037899 0.092540
vn -0.000000 -0.026058 0.096545
vn -0.000000 -0.023862 0.097111
vn -0.000000 -0.011810 0.099300
vn -0.000000 -0.011810 0.099300
vn -0.000000 -0.009305 0.099566
vn -0.000000 -0.010976 0.099396
vn -0.000000 -0.010141 0.099484
vn -0.000000 -0.009305 0.099566
vn -0.100000 -0.000000 -0.000000
vn -0.099226 -0.000000 -0.012414
vn -0.100000 -0.000000 -0.000000
vn -0.099144 -0.000000 -0.013053
vn -0.096918 -0.000000 -0.024636
vn -0.096593 -0.000000 -0.025882
vn -0.093110 -0.000000 -0.036476
vn -0.092881 -0.000000 -0.037056
vn -0.092388 -0.000000 -0.038268
vn -0.092437 -0.000000 -0.038151
vn -0.090958 -0.000000 -0.041552
vn -0.088742 -0.000000 -0.046096
vn -0.086603 -0.000000 -0.050000
vn -0.085807 -0.000000 -0.051354
vn -0.082181 -0.000000 -0.056976
vn -0.079335 -0.000000 -0.060876
vn -0.077909 -0.000000 -0.062691
vn -0.073061 -0.000000 -0.068279
vn -0.070711 -0.000000 -0.070711
vn -0.067661 -0.000000 -0.073634
vn -0.060876 -0.000000 -0.079335
vn -0.061444 -0.000000 -0.078896
vn -0.054408 -0.000000 -0.083903
vn -0.050000 -0.000000 -0.086603
vn -0.046616 -0.000000 -0.088470
vn -0.038268 -0.000000 -0.092388
vn -0.038152 -0.000000 -0.092436
vn -0.029130 0.000000 -0.095663
vn -0.025882 0.000000 -0.096593
vn -0.019695 0.000000 -0.098041
vn -0.013053 0.000000 -0.099144
vn -0.010016 0.000000 -0.099497
vn -0.100000 -0.000000 -0.000000
vn -0.100000 -0.000000 -0.000000
vn -0.100000 -0.000000 -0.000000
vn -0.100000 -0.000000 -0.000000
vn -0.100000 -0.000000 -0.000000
vn -0.100000 -0.000000 -0.000000
vn -0.100000 -0.000000 -0.000000
vn -0.100000 -0.000000 -0.000000
vn -0.100000 -0.000000 -0.000000
vn -0.100000 -0.000000 -0.000000
vn -0.100000 -0.000000 -0.000000
vn -0.100000 -0.000000 -0.000000
vn -0.100000 -0.000000 -0.000000
vn -0.100000 -0.000000 -0.000000
vn -0.100000 -0.000000 -0.000000
vn -0.100000 -0.000000 -0.000000
vn -0.100000 -0.000000 -0.000000
vn -0.100000 -0.000000 -0.000000
vn -0.100000 -0.000000 -0.000000
vn -0.100000 -0.000000 -0.000000
vn -0.100000 -0.000000 -0.000000
vn -0.100000 -0.000000 -0.000000
vn -0.100000 -0.000000 -0.000000
vn -0.100000 -0.000000 -0.000000
vn -0.100000 -0.000000 -0.000000
vn -0.100000 -0.000000 -0.000000
vn -0.100000 -0.000000 -0.000000
vn -0.100000 -0.000000 -0.000000
vn -0.100000 -0.000000 -0.000000
vn -0.100000 -0.000000 -0.000000
vn -0.100000 -0.000000 -0.000000
vn -0.100000 -0.000000 -0.000000
vn -0.100000 -0.000000 -0.000000
vn -0.100000 -0.000000 -0.000000
vn 0.000000 -0.100000 -0.000000
vn 0.000000 -0.100000 -0.000000
vn 0.000000 -0.100000 -0.000000
vn 0.000000 -0.100000 -0.000000
vn 0.000000 -0.100000 -0.000000
vn 0.000000 -0.100000 -0.000000
vn 0.000000 -0.100000 -0.000000
vn 0.000000 -0.100000 -0.000000
vn 0.000000 -0.100000 -0.000000
vn 0.000000 -0.100000 -0.000000
vn 0.000000 -0.100000 -0.000000
vn 0.000000 -0.100000 -0.000000
vn 0.000000 -0.100000 -0.000000
vn 0.000000 -0.100000 -0.000000
vn 0.000000 -0.100000 -0.000000
vn 0.000000 -0.100000 -0.000000
vn 0.000000 -0.100000 -0.000000
vn 0.000000 -0.100000 -0.000000
vn 0.000000 -0.100000 -0.000000
vn 0.000000 -0.100000 -0.000000
vn -0.100000 -0.000000 -0.000000
vn -0.100000 -0.000000 -0.000000
vn -0.100000 -0.000000 -0.000000
vn -0.100000 -0.000000 -0.000000
vn -0.100000 -0.000000 -0.000000
vn -0.100000 -0.000000 -0.000000
vn -0.099450 -0.000000 -0.010475
vn -0.099450 -0.000000 -0.010475
vn -0.097806 -0.000000 -0.020834
vn -0.097806 -0.000000 -0.020834
vn -0.095085 -0.000000 -0.030965
vn -0.095085 -0.000000 -0.030965
vn -0.091319 -0.000000 -0.040754
vn -0.091319 -0.000000 -0.040754
vn -0.091319 -0.000000 -0.040754
vn -0.091319 -0.000000 -0.040754
vn 0.000000 -0.100000 -0.000000
vn 0.000000 -0.100000 -0.000000
vn 0.000000 -0.100000 -0.000000
vn 0.000000 -0.100000 -0.000000
vn 0.000000 -0.100000 -0.000000
vn 0.000000 -0.100000 -0.000000
vn 0.000000 -0.100000 -0.000000
vn 0.000000 -0.100000 -0.000000
vn 0.000000 -0.100000 -0.000000
vn 0.000000 -0.100000 -0.000000
vn 0.000000 -0.100000 -0.000000
vn 0.000000 -0.100000 -0.000000
vn 0.000000 -0.100000 -0.000000
usemtl Opaque(246,246,243)
f 30/1/1 1/2/2 31/3/3
f 31/3/3 1/2/2 2/4/4
f 31/3/3 2/4/4 44/5/5
f 44/5/5 2/4/4 3/6/6
f 44/5/5 3/6/6 4/7/7
f 44/5/5 4/7/7 43/8/8
f 43/8/8 4/7/7 5/9/9
f 43/8/8 5/9/9 42/10/10
f 42/10/10 5/9/9 6/11/11
f 42/10/10 6/11/11 7/12/12
f 7/12/12 8/13/13 42/10/10
f 42/10/10 8/13/13 41/14/14
f 41/14/14 8/13/13 9/15/15
f 41/14/14 9/15/15 10/16/16
f 10/16/16 11/17/17 41/14/14
f 41/14/14 11/17/17 12/18/18
f 41/14/14 12/18/18 40/19/19
f 40/19/19 12/18/18 13/20/20
f 40/19/19 13/20/20 39/21/21
f 39/21/21 13/20/20 14/22/22
f 39/21/21 14/22/22 15/23/23
f 39/21/21 15/23/23 38/24/24
f 38/24/24 15/23/23 16/25/25
f 38/26/24 16/27/25 17/28/26
f 38/26/24 17/28/26 37/29/27
f 37/29/27 17/28/26 18/30/28
f 37/29/27 18/30/28 19/31/29
f 37/29/27 19/31/29 36/32/30
f 36/32/30 19/31/29 20/33/31
f 36/32/30 20/33/31 35/34/32
f 35/34/32 20/33/31 21/35/33
f 35/34/32 21/35/33 22/36/34
f 22/36/34 23/37/35 35/34/32
f 35/34/32 23/37/35 34/38/36
f 34/38/36 23/37/35 24/39/37
f 34/38/36 24/39/37 25/40/38
f 25/40/38 26/41/39 34/38/36
f 34/38/36 26/41/39 27/42/40
f 34/38/36 27/42/40 33/43/41
f 33/43/41 27/42/40 28/44/42
f 33/43/41 28/44/42 32/45/43
f 32/45/43 28/44/42 29/46/44
f 32/45/43 29/46/44 30/1/1
f 32/45/43 30/1/1 31/3/3
f 45/47/45 46/48/46 48/49/47
f 48/49/47 46/48/46 47/50/48
f 50/51/49 48/52/50 49/53/51
f 49/53/51 48/52/50 47/54/52
f 48/55/53 50/56/54 45/57/55
f 45/57/55 50/56/54 51/58/56
f 45/57/55 51/58/56 52/59/57
f 46/60/46 45/61/45 53/62/58
f 53/62/58 45/61/45 52/63/59
f 51/64/60 54/65/61 52/66/62
f 52/66/62 54/65/61 53/67/63
f 54/68/64 51/69/65 58/70/66
f 58/70/66 51/69/65 57/71/67
f 57/71/67 51/69/65 50/72/68
f 57/71/67 50/72/68 56/73/69
f 56/73/69 50/72/68 55/74/70
f 55/74/70 50/72/68 49/75/71
f 46/76/72 59/77/73 47/78/74
f 47/78/74 59/77/73 60/79/75
f 47/78/74 60/79/75 55/80/76
f 55/80/76 60/79/75 75/81/77
f 75/81/77 60/79/75 74/82/78
f 74/82/78 60/79/75 61/83/79
f 74/82/78 61/83/79 73/84/80
f 73/84/80 61/83/79 72/85/81
f 72/85/81 61/83/79 62/86/82
f 72/85/81 62/86/82 71/87/83
f 71/87/83 62/86/82 70/88/84
f 70/88/84 62/86/82 65/89/85
f 70/88/84 65/89/85 69/90/86
f 69/90/86 65/89/85 68/91/87
f 68/91/87 65/89/85 67/92/88
f 67/92/88 65/89/85 66/93/89
f 63/94/90 64/95/91 62/86/82
f 62/86/82 64/95/91 65/89/85
f 55/80/76 49/96/92 47/78/74
f 76/97/93 77/98/94 79/99/95
f 79/99/95 77/98/94 78/100/96
f 81/101/97 82/102/98 80/103/99
f 80/103/99 82/102/98 83/104/100
f 82/105/101 81/106/102 85/107/103
f 85/107/103 81/106/102 76/108/104
f 85/107/103 76/108/104 84/109/105
f 84/109/105 76/108/104 79/110/106
f 78/111/107 77/112/108 93/113/109
f 93/113/109 77/112/108 86/114/110
f 93/113/109 86/114/110 5/115/111
f 5/115/111 86/114/110 6/116/112
f 93/113/109 5/115/111 92/117/113
f 92/117/113 5/115/111 4/118/114
f 92/117/113 4/118/114 91/119/115
f 91/119/115 4/118/114 3/120/116
f 91/119/115 3/120/116 88/121/117
f 88/121/117 3/120/116 87/122/118
f 87/122/118 3/120/116 2/123/119
f 87/122/118 2/123/119 1/124/120
f 89/125/121 90/126/122 88/121/117
f 88/121/117 90/126/122 91/119/115
f 54/127/123 58/128/124 53/129/125
f 53/129/125 58/128/124 107/130/126
f 53/129/125 107/130/126 108/131/127
f 58/128/124 94/132/128 107/130/126
f 107/130/126 94/132/128 95/133/129
f 107/130/126 95/133/129 106/134/130
f 106/134/130 95/133/129 96/135/131
f 106/134/130 96/135/131 97/136/132
f 106/134/130 97/136/132 105/137/133
f 105/137/133 97/136/132 98/138/134
f 105/137/133 98/138/134 99/139/135
f 105/137/133 99/139/135 104/140/136
f 104/140/136 99/139/135 100/141/137
f 104/140/136 100/141/137 101/142/138
f 101/142/138 102/143/139 104/140/136
f 104/140/136 102/143/139 103/144/140
f 80/145/141 83/146/142 104/140/136
f 104/140/136 83/146/142 105/137/133
f 108/131/127 46/147/72 53/129/125
f 90/148/143 89/149/144 118/150/145
f 118/151/145 89/152/144 109/153/146
f 118/151/145 109/153/146 131/154/147
f 131/154/147 109/153/146 110/155/148
f 131/154/147 110/155/148 111/156/149
f 131/154/147 111/156/149 130/157/150
f 130/157/150 111/156/149 112/158/151
f 130/157/150 112/158/151 129/159/152
f 129/159/152 112/158/151 113/160/153
f 129/159/152 113/160/153 114/161/154
f 114/161/154 115/162/155 129/159/152
f 129/159/152 115/162/155 116/163/156
f 129/159/152 116/163/156 128/164/157
f 128/164/157 116/163/156 117/165/158
f 128/164/157 117/165/158 63/166/159
f 63/166/159 62/167/160 128/164/157
f 128/164/157 62/167/160 127/168/161
f 127/168/161 62/167/160 61/169/162
f 127/168/161 61/169/162 126/170/163
f 126/170/163 61/169/162 60/171/164
f 126/170/163 60/171/164 59/172/165
f 126/170/163 59/172/165 125/173/166
f 125/173/166 59/172/165 46/174/167
f 125/173/166 46/174/167 108/175/168
f 125/173/166 108/175/168 124/176/169
f 124/176/169 108/175/168 107/177/170
f 124/176/169 107/177/170 106/178/171
f 124/176/169 106/178/171 123/179/172
f 123/179/172 106/178/171 105/180/173
f 123/179/172 105/180/173 122/181/174
f 122/181/174 105/180/173 83/182/175
f 122/181/174 83/182/175 82/183/176
f 82/183/176 85/184/177 122/181/174
f 122/181/174 85/184/177 84/185/178
f 122/181/174 84/185/178 121/186/179
f 121/186/179 84/185/178 79/187/180
f 121/186/179 79/187/180 78/188/181
f 78/188/181 93/189/182 121/186/179
f 121/186/179 93/189/182 120/190/183
f 120/190/183 93/189/182 92/191/184
f 120/190/183 92/191/184 119/192/185
f 119/192/185 92/191/184 91/193/186
f 119/192/185 91/193/186 90/148/143
f 119/192/185 90/148/143 118/150/145
f 132/194/187 64/195/188 117/196/189
f 117/196/189 64/195/188 63/197/190
f 114/198/191 133/199/192 115/200/193
f 115/200/193 133/199/192 132/201/194
f 115/200/193 132/201/194 116/202/195
f 116/202/195 132/201/194 117/203/196
f 133/204/197 114/205/198 134/206/199
f 134/206/199 114/205/198 113/207/200
f 113/208/201 112/209/202 134/210/203
f 134/210/203 112/209/202 137/211/204
f 137/211/204 112/209/202 27/212/205
f 137/211/204 27/212/205 26/213/206
f 27/212/205 112/209/202 28/214/207
f 28/214/207 112/209/202 111/215/208
f 28/214/207 111/215/208 29/216/209
f 29/216/209 111/215/208 110/217/210
f 29/216/209 110/217/210 136/218/211
f 136/218/211 110/217/210 135/219/212
f 135/219/212 110/217/210 109/220/213
f 135/219/212 109/220/213 89/221/121
f 1/222/120 30/223/214 136/218/211
f 136/218/211 30/223/214 29/216/209
f 138/224/215 1/225/216 139/226/217
f 139/226/217 1/225/216 136/227/218
f 140/228/219 89/229/220 141/230/221
f 141/230/221 89/229/220 88/231/222
f 142/232/223 143/233/224 135/234/225
f 135/234/225 143/233/224 136/235/226
f 136/235/226 143/233/224 139/236/227
f 139/237/228 143/238/229 138/239/230
f 138/239/230 143/238/229 144/240/231
f 138/239/230 144/240/231 145/241/232
f 1/242/216 138/243/215 87/244/233
f 87/244/233 138/243/215 145/245/234
f 89/246/220 140/247/219 135/248/235
f 135/248/235 140/247/219 142/249/236
f 142/250/237 140/251/238 143/252/239
f 143/252/239 140/251/238 144/253/240
f 144/253/240 140/251/238 141/254/241
f 141/255/242 88/256/243 144/257/244
f 144/257/244 88/256/243 87/258/245
f 144/257/244 87/258/245 145/259/246
f 146/260/247 147/261/248 10/262/249
f 10/262/249 147/261/248 11/263/250
f 148/264/251 7/265/252 86/266/253
f 86/266/253 7/265/252 6/267/254
f 150/268/255 9/269/256 149/270/257
f 149/270/257 9/269/256 8/271/258
f 149/270/257 8/271/258 148/272/259
f 148/272/259 8/271/258 7/273/260
f 150/268/255 151/274/261 9/269/256
f 9/269/256 151/274/261 10/275/262
f 10/275/262 151/274/261 146/276/263
f 80/277/264 104/278/265 81/279/266
f 81/279/266 104/278/265 152/280/267
f 81/279/266 152/280/267 76/281/268
f 76/281/268 152/280/267 153/282/269
f 76/281/268 153/282/269 148/283/270
f 148/283/270 153/282/269 149/284/271
f 86/285/272 77/286/273 148/283/270
f 148/283/270 77/286/273 76/281/268
f 154/287/274 155/288/275 22/289/276
f 22/289/276 155/288/275 23/290/277
f 23/290/277 155/288/275 156/291/278
f 23/290/277 156/291/278 157/292/279
f 23/290/277 157/292/279 24/293/280
f 24/293/280 157/292/279 158/294/281
f 24/293/280 158/294/281 25/295/282
f 158/296/283 137/297/284 25/298/285
f 25/298/285 137/297/284 26/299/286
f 154/300/287 22/301/288 159/302/289
f 159/302/289 22/301/288 21/303/290
f 157/304/291 156/305/292 186/306/293
f 186/306/293 156/305/292 155/307/294
f 186/306/293 155/307/294 154/308/295
f 159/309/296 160/310/297 154/308/295
f 154/308/295 160/310/297 185/311/298
f 154/308/295 185/311/298 186/306/293
f 160/310/297 161/312/299 185/311/298
f 185/311/298 161/312/299 184/313/300
f 184/313/300 161/312/299 162/314/301
f 184/313/300 162/314/301 183/315/302
f 183/315/302 162/314/301 163/316/303
f 183/315/302 163/316/303 182/317/304
f 182/317/304 163/316/303 164/318/305
f 182/317/304 164/318/305 181/319/306
f 181/319/306 164/318/305 165/320/307
f 181/319/306 165/320/307 180/321/308
f 180/321/308 165/320/307 166/322/309
f 180/321/308 166/322/309 179/323/310
f 179/323/310 166/322/309 167/324/311
f 179/323/310 167/324/311 178/325/312
f 178/325/312 167/324/311 168/326/313
f 178/325/312 168/326/313 177/327/314
f 177/327/314 168/326/313 169/328/315
f 177/327/314 169/328/315 176/329/316
f 176/329/316 169/328/315 170/330/317
f 176/329/316 170/330/317 175/331/318
f 175/331/318 170/330/317 171/332/319
f 175/331/318 171/332/319 174/333/320
f 174/333/320 171/332/319 173/334/321
f 173/334/321 171/332/319 172/335/322
f 11/336/323 147/337/324 12/338/325
f 12/338/325 147/337/324 13/339/326
f 13/339/326 147/337/324 187/340/327
f 13/339/326 187/340/327 14/341/328
f 14/341/328 187/340/327 225/342/329
f 14/341/328 225/342/329 15/343/330
f 15/343/330 225/342/329 16/344/331
f 225/342/329 187/340/327 224/345/332
f 224/345/332 187/340/327 188/346/333
f 224/345/332 188/346/333 223/347/334
f 223/347/334 188/346/333 189/348/335
f 223/347/334 189/348/335 222/349/336
f 222/349/336 189/348/335 190/350/337
f 222/349/336 190/350/337 221/351/338
f 221/351/338 190/350/337 191/352/339
f 221/351/338 191/352/339 220/353/340
f 220/353/340 191/352/339 192/354/341
f 220/353/340 192/354/341 219/355/342
f 219/355/342 192/354/341 193/356/343
f 219/355/342 193/356/343 218/357/344
f 218/357/344 193/356/343 194/358/345
f 218/357/344 194/358/345 217/359/346
f 217/359/346 194/358/345 195/360/347
f 217/359/346 195/360/347 216/361/348
f 216/361/348 195/360/347 196/362/349
f 216/361/348 196/362/349 215/363/350
f 215/363/350 196/362/349 197/364/351
f 215/363/350 197/364/351 214/365/352
f 214/365/352 197/364/351 198/366/353
f 214/365/352 198/366/353 213/367/354
f 213/367/354 198/366/353 199/368/355
f 213/367/354 199/368/355 212/369/356
f 212/369/356 199/368/355 172/370/357
f 212/369/356 172/370/357 171/371/358
f 212/369/356 171/371/358 211/372/359
f 211/372/359 171/371/358 170/373/360
f 211/372/359 170/373/360 210/374/361
f 210/374/361 170/373/360 169/375/362
f 210/374/361 169/375/362 209/376/363
f 209/376/363 169/375/362 168/377/364
f 209/376/363 168/377/364 208/378/365
f 208/378/365 168/377/364 167/379/366
f 208/378/365 167/379/366 207/380/367
f 207/380/367 167/379/366 166/381/368
f 207/380/367 166/381/368 206/382/369
f 206/382/369 166/381/368 165/383/370
f 206/382/369 165/383/370 205/384/371
f 205/384/371 165/383/370 164/385/372
f 205/384/371 164/385/372 204/386/373
f 204/386/373 164/385/372 163/387/374
f 204/386/373 163/387/374 203/388/375
f 203/388/375 163/387/374 162/389/376
f 203/388/375 162/389/376 202/390/377
f 202/390/377 162/389/376 161/391/378
f 202/390/377 161/391/378 201/392/379
f 201/392/379 161/391/378 160/393/380
f 201/392/379 160/393/380 200/394/381
f 200/394/381 160/393/380 18/395/382
f 200/394/381 18/395/382 17/396/383
f 18/395/382 160/393/380 19/397/384
f 19/397/384 160/393/380 159/398/385
f 19/397/384 159/398/385 20/399/386
f 20/399/386 159/398/385 21/400/387
f 17/396/383 16/344/331 200/394/381
f 226/401/388 16/402/389 227/403/390
f 227/403/390 16/402/389 225/404/391
f 200/405/392 228/406/393 201/407/394
f 201/407/394 228/406/393 229/408/395
f 201/407/394 229/408/395 202/409/396
f 202/409/396 229/408/395 230/410/397
f 202/409/396 230/410/397 203/411/398
f 203/411/398 230/410/397 231/412/399
f 203/411/398 231/412/399 204/413/400
f 204/413/400 231/412/399 232/414/401
f 204/413/400 232/414/401 205/415/402
f 205/415/402 232/414/401 233/416/403
f 205/415/402 233/416/403 206/417/404
f 206/417/404 233/416/403 234/418/405
f 206/417/404 234/418/405 207/419/406
f 207/419/406 234/418/405 235/420/407
f 207/419/406 235/420/407 208/421/408
f 208/421/408 235/420/407 236/422/409
f 208/421/408 236/422/409 209/423/410
f 209/423/410 236/422/409 237/424/411
f 209/423/410 237/424/411 210/425/412
f 210/425/412 237/424/411 238/426/413
f 210/425/412 238/426/413 211/427/414
f 211/427/414 238/426/413 239/428/415
f 211/427/414 239/428/415 212/429/416
f 240/430/417 213/431/418 239/432/419
f 239/432/419 213/431/418 212/433/420
f 16/434/389 226/435/388 200/436/421
f 200/436/421 226/435/388 228/437/422
f 228/438/423 226/439/424 229/440/425
f 229/440/425 226/439/424 241/441/426
f 229/440/425 241/441/426 230/442/427
f 230/442/427 241/441/426 242/443/428
f 230/442/427 242/443/428 231/444/429
f 231/444/429 242/443/428 243/445/430
f 231/444/429 243/445/430 232/446/431
f 232/446/431 243/445/430 244/447/432
f 232/446/431 244/447/432 233/448/433
f 233/448/433 244/447/432 245/449/434
f 233/448/433 245/449/434 234/450/435
f 234/450/435 245/449/434 246/451/436
f 234/450/435 246/451/436 235/452/437
f 235/452/437 246/451/436 247/453/438
f 235/452/437 247/453/438 236/454/439
f 236/454/439 247/453/438 248/455/440
f 236/454/439 248/455/440 237/456/441
f 237/456/441 248/455/440 249/457/442
f 237/456/441 249/457/442 238/458/443
f 238/458/443 249/457/442 250/459/444
f 238/458/443 250/459/444 239/460/445
f 239/460/445 250/459/444 240/461/446
f 226/439/424 227/462/447 241/441/426
f 213/463/448 240/464/449 214/465/450
f 214/465/450 240/464/449 250/466/451
f 214/465/450 250/466/451 215/467/452
f 215/467/452 250/466/451 249/468/453
f 215/467/452 249/468/453 216/469/454
f 216/469/454 249/468/453 248/470/455
f 216/469/454 248/470/455 217/471/456
f 217/471/456 248/470/455 247/472/457
f 217/471/456 247/472/457 218/473/458
f 218/473/458 247/472/457 246/474/459
f 218/473/458 246/474/459 219/475/460
f 219/475/460 246/474/459 245/476/461
f 219/475/460 245/476/461 220/477/462
f 220/477/462 245/476/461 244/478/463
f 220/477/462 244/478/463 221/479/464
f 221/479/464 244/478/463 243/480/465
f 221/479/464 243/480/465 222/481/466
f 222/481/466 243/480/465 242/482/467
f 222/481/466 242/482/467 223/483/468
f 223/483/468 242/482/467 241/484/469
f 223/483/468 241/484/469 224/485/470
f 224/485/470 241/484/469 227/486/471
f 224/485/470 227/486/471 225/487/472
f 252/488/473 253/489/474 251/490/475
f 251/490/475 253/489/474 268/491/476
f 268/491/476 253/489/474 254/492/477
f 268/491/476 254/492/477 267/493/478
f 267/493/478 254/492/477 255/494/479
f 267/493/478 255/494/479 266/495/480
f 266/495/480 255/494/479 256/496/481
f 266/495/480 256/496/481 265/497/482
f 265/497/482 256/496/481 264/498/483
f 264/498/483 256/496/481 257/499/484
f 264/498/483 257/499/484 263/500/485
f 263/500/485 257/499/484 258/501/486
f 263/500/485 258/501/486 199/502/487
f 199/502/487 258/501/486 259/503/488
f 199/502/487 259/503/488 172/504/489
f 172/504/489 259/503/488 173/505/490
f 173/505/490 259/503/488 260/506/491
f 173/505/490 260/506/491 174/507/492
f 174/507/492 260/506/491 261/508/493
f 174/507/492 261/508/493 262/509/494
f 269/510/495 270/511/496 272/512/497
f 272/512/497 270/511/496 260/513/498
f 260/513/498 270/511/496 271/514/499
f 260/513/498 271/514/499 261/515/500
f 259/516/501 273/517/502 260/518/503
f 260/518/503 273/517/502 272/519/504
f 258/520/505 274/521/506 259/522/507
f 259/522/507 274/521/506 273/523/508
f 257/524/509 275/525/510 258/526/511
f 258/526/511 275/525/510 274/527/512
f 252/528/513 276/529/514 253/530/515
f 253/530/515 276/529/514 277/531/516
f 278/532/517 256/533/518 280/534/519
f 280/534/519 256/533/518 255/535/520
f 280/534/519 255/535/520 279/536/521
f 279/536/521 255/535/520 254/537/522
f 279/536/521 254/537/522 277/538/516
f 277/538/516 254/537/522 253/539/515
f 275/540/523 257/541/524 278/542/517
f 278/542/517 257/541/524 256/543/518
f 276/544/525 281/545/526 277/546/527
f 277/546/527 281/545/526 282/547/528
f 277/546/527 282/547/528 283/548/529
f 283/548/529 284/549/530 277/546/527
f 277/546/527 284/549/530 285/550/531
f 277/546/527 285/550/531 287/551/532
f 287/551/532 285/550/531 286/552/533
f 277/546/527 287/551/532 279/553/534
f 279/553/534 287/551/532 288/554/535
f 279/553/534 288/554/535 280/555/536
f 280/555/536 288/554/535 289/556/537
f 280/555/536 289/556/537 278/557/538
f 278/557/538 289/556/537 290/558/539
f 278/557/538 290/558/539 275/559/540
f 275/559/540 290/558/539 291/560/541
f 275/559/540 291/560/541 294/561/542
f 294/561/542 291/560/541 293/562/543
f 293/562/543 291/560/541 292/563/544
f 294/561/542 295/564/545 275/559/540
f 275/559/540 295/564/545 274/565/546
f 274/565/546 295/564/545 296/566/547
f 274/565/546 296/566/547 273/567/548
f 273/567/548 296/566/547 272/568/549
f 272/568/549 296/566/547 297/569/550
f 272/568/549 297/569/550 300/570/551
f 300/570/551 297/569/550 298/571/552
f 300/570/551 298/571/552 299/572/553
f 300/570/551 301/573/554 272/568/549
f 272/568/549 301/573/554 269/574/555
f 329/575/556 268/576/557 303/577/558
f 303/577/558 268/576/557 267/578/559
f 303/577/558 267/578/559 302/579/560
f 302/579/560 267/578/559 266/580/561
f 302/579/560 266/580/561 152/581/562
f 152/581/562 266/580/561 265/582/563
f 304/583/564 327/584/565 303/577/558
f 303/577/558 327/584/565 328/585/566
f 303/577/558 328/585/566 329/575/556
f 305/586/567 325/587/568 304/583/564
f 304/583/564 325/587/568 326/588/569
f 304/583/564 326/588/569 327/584/565
f 306/589/570 323/590/571 305/586/567
f 305/586/567 323/590/571 324/591/572
f 305/586/567 324/591/572 325/587/568
f 307/592/573 321/593/574 306/589/570
f 306/589/570 321/593/574 322/594/575
f 306/589/570 322/594/575 323/590/571
f 321/593/574 307/592/573 320/595/576
f 320/595/576 307/592/573 308/596/577
f 320/595/576 308/596/577 319/597/578
f 319/597/578 308/596/577 309/598/579
f 319/597/578 309/598/579 318/599/580
f 318/599/580 309/598/579 317/600/581
f 317/600/581 309/598/579 310/601/582
f 317/600/581 310/601/582 316/602/583
f 316/602/583 310/601/582 311/603/584
f 316/602/583 311/603/584 315/604/585
f 315/604/585 311/603/584 312/605/586
f 315/604/585 312/605/586 314/606/587
f 314/606/587 312/605/586 57/607/588
f 314/606/587 57/607/588 313/608/589
f 264/609/590 330/610/591 265/611/563
f 265/611/563 330/610/591 331/612/592
f 265/611/563 331/612/592 332/613/593
f 332/613/593 333/614/594 265/611/563
f 265/611/563 333/614/594 334/615/595
f 265/611/563 334/615/595 152/616/562
f 152/616/562 334/615/595 335/617/596
f 152/616/562 335/617/596 153/618/597
f 153/618/597 335/617/596 336/619/598
f 153/618/597 336/619/598 337/620/599
f 337/620/599 338/621/600 153/618/597
f 153/618/597 338/621/600 339/622/601
f 153/618/597 339/622/601 340/623/602
f 151/624/603 153/625/269 146/626/604
f 146/626/604 153/625/269 340/627/605
f 146/626/604 340/627/605 187/628/606
f 187/628/606 340/627/605 188/629/607
f 188/629/607 340/627/605 339/630/608
f 188/629/607 339/630/608 189/631/609
f 189/631/609 339/630/608 338/632/610
f 189/631/609 338/632/610 190/633/611
f 190/633/611 338/632/610 337/634/612
f 190/633/611 337/634/612 191/635/613
f 191/635/613 337/634/612 336/636/614
f 191/635/613 336/636/614 192/637/615
f 192/637/615 336/636/614 335/638/616
f 192/637/615 335/638/616 193/639/617
f 193/639/617 335/638/616 334/640/618
f 193/639/617 334/640/618 194/641/619
f 194/641/619 334/640/618 333/642/620
f 194/641/619 333/642/620 195/643/621
f 195/643/621 333/642/620 332/644/622
f 195/643/621 332/644/622 196/645/623
f 196/645/623 332/644/622 331/646/624
f 196/645/623 331/646/624 197/647/625
f 197/647/625 331/646/624 330/648/626
f 197/647/625 330/648/626 198/649/627
f 198/649/627 330/648/626 264/650/628
f 198/649/627 264/650/628 263/651/629
f 151/624/603 150/652/630 153/625/269
f 153/625/269 150/652/630 149/653/271
f 263/651/629 199/654/631 198/649/627
f 187/628/606 147/655/632 146/626/604
f 342/656/633 343/657/634 341/658/635
f 341/658/635 343/657/634 344/659/636
f 341/658/635 344/659/636 345/660/637
f 345/660/637 346/661/638 341/658/635
f 341/658/635 346/661/638 374/662/639
f 374/662/639 346/661/638 347/663/640
f 374/662/639 347/663/640 348/664/641
f 348/664/641 349/665/642 374/662/639
f 374/662/639 349/665/642 350/666/643
f 374/662/639 350/666/643 373/667/644
f 373/667/644 350/666/643 351/668/645
f 373/667/644 351/668/645 352/669/646
f 353/670/647 369/671/648 352/669/646
f 352/669/646 369/671/648 370/672/649
f 352/669/646 370/672/649 371/673/650
f 369/671/648 353/670/647 368/674/651
f 368/674/651 353/670/647 354/675/652
f 368/674/651 354/675/652 367/676/653
f 367/676/653 354/675/652 355/677/654
f 367/676/653 355/677/654 356/678/655
f 367/676/653 356/678/655 366/679/656
f 366/679/656 356/678/655 357/680/657
f 366/679/656 357/680/657 365/681/658
f 365/681/658 357/680/657 358/682/659
f 365/681/658 358/682/659 364/683/660
f 364/683/660 358/682/659 359/684/661
f 364/683/660 359/684/661 363/685/662
f 363/685/662 359/684/661 360/686/663
f 363/685/662 360/686/663 362/687/664
f 362/687/664 360/686/663 361/688/665
f 362/687/664 361/688/665 300/689/666
f 300/689/666 361/688/665 301/690/667
f 371/673/650 372/691/668 352/669/646
f 352/669/646 372/691/668 373/667/644
f 251/692/669 424/693/670 252/694/671
f 252/694/671 424/693/670 425/695/672
f 252/694/671 425/695/672 426/696/673
f 426/696/673 425/695/672 433/697/674
f 426/696/673 433/697/674 434/698/675
f 434/698/675 433/697/674 441/699/676
f 434/698/675 441/699/676 442/700/677
f 442/700/677 441/699/676 449/701/678
f 442/700/677 449/701/678 450/702/679
f 450/702/679 449/701/678 457/703/680
f 450/702/679 457/703/680 413/704/681
f 413/704/681 457/703/680 465/705/682
f 413/704/681 465/705/682 407/706/683
f 407/706/683 465/705/682 464/707/684
f 407/706/683 464/707/684 406/708/685
f 406/708/685 464/707/684 477/709/686
f 406/708/685 477/709/686 415/710/687
f 415/710/687 477/709/686 476/711/688
f 415/710/687 476/711/688 484/712/689
f 484/712/689 476/711/688 475/713/690
f 484/712/689 475/713/690 485/714/691
f 485/714/691 475/713/690 474/715/692
f 485/714/691 474/715/692 486/716/693
f 486/716/693 474/715/692 473/717/694
f 486/716/693 473/717/694 487/718/695
f 487/718/695 473/717/694 472/719/696
f 487/718/695 472/719/696 488/720/697
f 488/720/697 472/719/696 471/721/698
f 488/720/697 471/721/698 416/722/699
f 416/722/699 471/721/698 381/723/700
f 416/722/699 381/723/700 382/724/701
f 251/692/669 375/725/702 424/693/670
f 424/693/670 375/725/702 376/726/703
f 424/693/670 376/726/703 431/727/704
f 431/727/704 376/726/703 377/728/705
f 431/727/704 377/728/705 438/729/706
f 438/729/706 377/728/705 378/730/707
f 438/729/706 378/730/707 445/731/708
f 445/731/708 378/730/707 379/732/709
f 445/731/708 379/732/709 452/733/710
f 452/733/710 379/732/709 414/734/711
f 452/733/710 414/734/711 470/735/712
f 470/735/712 414/734/711 459/736/713
f 470/735/712 459/736/713 460/737/714
f 460/737/714 459/736/713 473/717/694
f 460/737/714 473/717/694 474/715/692
f 379/732/709 380/738/715 414/734/711
f 414/734/711 380/738/715 458/739/716
f 414/734/711 458/739/716 459/736/713
f 459/736/713 458/739/716 472/719/696
f 459/736/713 472/719/696 473/717/694
f 380/738/715 381/723/700 458/739/716
f 458/739/716 381/723/700 471/721/698
f 458/739/716 471/721/698 472/719/696
f 416/722/699 382/724/701 417/740/717
f 417/740/717 382/724/701 383/741/718
f 417/740/717 383/741/718 502/742/719
f 502/742/719 383/741/718 489/743/720
f 502/742/719 489/743/720 490/744/721
f 490/744/721 489/743/720 504/745/722
f 490/744/721 504/745/722 505/746/723
f 505/746/723 504/745/722 512/747/724
f 505/746/723 512/747/724 513/748/725
f 513/748/725 512/747/724 526/749/726
f 513/748/725 526/749/726 525/750/727
f 525/750/727 526/749/726 520/751/728
f 525/750/727 520/751/728 521/752/729
f 521/752/729 520/751/728 534/753/730
f 521/752/729 534/753/730 535/754/731
f 535/754/731 534/753/730 420/755/732
f 535/754/731 420/755/732 399/756/733
f 399/756/733 420/755/732 398/757/734
f 398/757/734 420/755/732 548/758/735
f 398/757/734 548/758/735 547/759/736
f 547/759/736 548/758/735 549/760/737
f 547/759/736 549/760/737 546/761/738
f 546/761/738 549/760/737 550/762/739
f 546/761/738 550/762/739 545/763/740
f 545/763/740 550/762/739 551/764/741
f 545/763/740 551/764/741 544/765/742
f 544/765/742 551/764/741 552/766/743
f 544/765/742 552/766/743 543/767/744
f 543/767/744 552/766/743 553/768/745
f 543/767/744 553/768/745 542/769/746
f 542/769/746 553/768/745 554/770/747
f 542/769/746 554/770/747 541/771/748
f 541/771/748 554/770/747 389/772/749
f 541/771/748 389/772/749 390/773/750
f 383/741/718 384/774/751 489/743/720
f 489/743/720 384/774/751 503/775/752
f 489/743/720 503/775/752 504/745/722
f 504/745/722 503/775/752 511/776/753
f 504/745/722 511/776/753 512/747/724
f 512/747/724 511/776/753 527/777/754
f 512/747/724 527/777/754 526/749/726
f 526/749/726 527/777/754 519/778/755
f 526/749/726 519/778/755 520/751/728
f 520/751/728 519/778/755 533/779/756
f 520/751/728 533/779/756 534/753/730
f 534/753/730 533/779/756 540/780/757
f 534/753/730 540/780/757 420/755/732
f 420/755/732 540/780/757 548/758/735
f 384/774/751 385/781/758 503/775/752
f 503/775/752 385/781/758 510/782/759
f 503/775/752 510/782/759 511/776/753
f 511/776/753 510/782/759 528/783/760
f 511/776/753 528/783/760 527/777/754
f 527/777/754 528/783/760 518/784/761
f 527/777/754 518/784/761 519/778/755
f 519/778/755 518/784/761 532/785/762
f 519/778/755 532/785/762 533/779/756
f 533/779/756 532/785/762 539/786/763
f 533/779/756 539/786/763 540/780/757
f 540/780/757 539/786/763 549/760/737
f 540/780/757 549/760/737 548/758/735
f 510/782/759 385/781/758 419/787/764
f 419/787/764 385/781/758 386/788/765
f 419/787/764 386/788/765 516/789/766
f 516/789/766 386/788/765 387/790/767
f 516/789/766 387/790/767 529/791/768
f 529/791/768 387/790/767 388/792/769
f 529/791/768 388/792/769 421/793/770
f 421/793/770 388/792/769 389/772/749
f 421/793/770 389/772/749 554/770/747
f 541/771/748 390/773/750 423/794/771
f 423/794/771 390/773/750 391/795/772
f 423/794/771 391/795/772 573/796/773
f 573/796/773 391/795/772 560/797/774
f 573/796/773 560/797/774 561/798/775
f 561/798/775 560/797/774 393/799/776
f 561/798/775 393/799/776 562/800/777
f 562/800/777 393/799/776 563/801/778
f 562/800/777 563/801/778 571/802/779
f 571/802/779 563/801/778 570/803/780
f 571/802/779 570/803/780 556/804/781
f 556/804/781 570/803/780 557/805/782
f 556/804/781 557/805/782 543/767/744
f 543/767/744 557/805/782 544/765/742
f 391/795/772 392/806/783 560/797/774
f 560/797/774 392/806/783 393/799/776
f 563/801/778 393/799/776 564/807/784
f 564/807/784 393/799/776 394/808/785
f 564/807/784 394/808/785 565/809/786
f 565/809/786 394/808/785 566/810/787
f 565/809/786 566/810/787 568/811/788
f 568/811/788 566/810/787 567/812/789
f 568/811/788 567/812/789 559/813/790
f 559/813/790 567/812/789 422/814/791
f 559/813/790 422/814/791 546/761/738
f 546/761/738 422/814/791 547/759/736
f 394/808/785 395/815/792 566/810/787
f 566/810/787 395/815/792 396/816/793
f 566/810/787 396/816/793 567/812/789
f 567/812/789 396/816/793 422/814/791
f 396/816/793 397/817/794 422/814/791
f 422/814/791 397/817/794 547/759/736
f 397/817/794 398/757/734 547/759/736
f 399/756/733 400/818/795 535/754/731
f 535/754/731 400/818/795 522/819/796
f 535/754/731 522/819/796 521/752/729
f 521/752/729 522/819/796 524/820/797
f 521/752/729 524/820/797 525/750/727
f 525/750/727 524/820/797 514/821/798
f 525/750/727 514/821/798 513/748/725
f 513/748/725 514/821/798 506/822/799
f 513/748/725 506/822/799 505/746/723
f 505/746/723 506/822/799 491/823/800
f 505/746/723 491/823/800 490/744/721
f 490/744/721 491/823/800 501/824/801
f 490/744/721 501/824/801 502/742/719
f 502/742/719 501/824/801 417/740/717
f 400/818/795 401/825/802 522/819/796
f 522/819/796 401/825/802 523/826/803
f 522/819/796 523/826/803 524/820/797
f 524/820/797 523/826/803 515/827/804
f 524/820/797 515/827/804 514/821/798
f 514/821/798 515/827/804 507/828/805
f 514/821/798 507/828/805 506/822/799
f 506/822/799 507/828/805 492/829/806
f 506/822/799 492/829/806 491/823/800
f 491/823/800 492/829/806 500/830/807
f 491/823/800 500/830/807 501/824/801
f 501/824/801 500/830/807 478/831/808
f 501/824/801 478/831/808 417/740/717
f 417/740/717 478/831/808 416/722/699
f 523/826/803 401/825/802 418/832/809
f 418/832/809 401/825/802 402/833/810
f 418/832/809 402/833/810 509/834/811
f 509/834/811 402/833/810 403/835/812
f 509/834/811 403/835/812 495/836/813
f 495/836/813 403/835/812 404/837/814
f 495/836/813 404/837/814 496/838/815
f 496/838/815 404/837/814 483/839/816
f 496/838/815 483/839/816 482/840/817
f 482/840/817 483/839/816 484/712/689
f 482/840/817 484/712/689 485/714/691
f 404/837/814 405/841/818 483/839/816
f 483/839/816 405/841/818 415/710/687
f 483/839/816 415/710/687 484/712/689
f 405/841/818 406/708/685 415/710/687
f 407/706/683 408/842/819 413/704/681
f 413/704/681 408/842/819 451/843/820
f 413/704/681 451/843/820 450/702/679
f 450/702/679 451/843/820 443/844/821
f 450/702/679 443/844/821 442/700/677
f 442/700/677 443/844/821 435/845/822
f 442/700/677 435/845/822 434/698/675
f 434/698/675 435/845/822 427/846/823
f 434/698/675 427/846/823 426/696/673
f 426/696/673 427/846/823 276/847/824
f 426/696/673 276/847/824 252/694/671
f 408/842/819 409/848/825 451/843/820
f 451/843/820 409/848/825 444/849/826
f 451/843/820 444/849/826 443/844/821
f 443/844/821 444/849/826 436/850/827
f 443/844/821 436/850/827 435/845/822
f 435/845/822 436/850/827 428/851/828
f 435/845/822 428/851/828 427/846/823
f 427/846/823 428/851/828 282/852/829
f 427/846/823 282/852/829 281/853/830
f 409/848/825 410/854/831 444/849/826
f 444/849/826 410/854/831 437/855/832
f 444/849/826 437/855/832 436/850/827
f 436/850/827 437/855/832 429/856/833
f 436/850/827 429/856/833 428/851/828
f 428/851/828 429/856/833 282/852/829
f 410/854/831 411/857/834 437/855/832
f 437/855/832 411/857/834 430/858/835
f 437/855/832 430/858/835 429/856/833
f 429/856/833 430/858/835 283/859/836
f 429/856/833 283/859/836 282/852/829
f 411/857/834 412/860/837 430/858/835
f 430/858/835 412/860/837 285/861/838
f 430/858/835 285/861/838 284/862/839
f 287/863/840 286/864/841 412/860/837
f 412/860/837 286/864/841 285/861/838
f 284/862/839 283/859/836 430/858/835
f 281/853/830 276/847/824 427/846/823
f 425/695/672 424/693/670 432/865/842
f 432/865/842 424/693/670 431/727/704
f 432/865/842 431/727/704 439/866/843
f 439/866/843 431/727/704 438/729/706
f 439/866/843 438/729/706 446/867/844
f 446/867/844 438/729/706 445/731/708
f 446/867/844 445/731/708 453/868/845
f 453/868/845 445/731/708 452/733/710
f 453/868/845 452/733/710 470/735/712
f 425/695/672 432/865/842 433/697/674
f 433/697/674 432/865/842 440/869/846
f 433/697/674 440/869/846 441/699/676
f 441/699/676 440/869/846 448/870/847
f 441/699/676 448/870/847 449/701/678
f 449/701/678 448/870/847 456/871/848
f 449/701/678 456/871/848 457/703/680
f 457/703/680 456/871/848 466/872/849
f 457/703/680 466/872/849 465/705/682
f 465/705/682 466/872/849 464/707/684
f 440/869/846 432/865/842 439/866/843
f 440/869/846 439/866/843 447/873/850
f 447/873/850 439/866/843 446/867/844
f 447/873/850 446/867/844 454/874/851
f 454/874/851 446/867/844 453/868/845
f 454/874/851 453/868/845 469/875/852
f 469/875/852 453/868/845 470/735/712
f 469/875/852 470/735/712 460/737/714
f 440/869/846 447/873/850 448/870/847
f 448/870/847 447/873/850 455/876/853
f 448/870/847 455/876/853 456/871/848
f 456/871/848 455/876/853 467/877/854
f 456/871/848 467/877/854 466/872/849
f 466/872/849 467/877/854 463/878/855
f 466/872/849 463/878/855 464/707/684
f 464/707/684 463/878/855 477/709/686
f 455/876/853 447/873/850 454/874/851
f 455/876/853 454/874/851 468/879/856
f 468/879/856 454/874/851 469/875/852
f 468/879/856 469/875/852 461/880/857
f 461/880/857 469/875/852 460/737/714
f 461/880/857 460/737/714 474/715/692
f 461/880/857 462/881/858 468/879/856
f 468/879/856 462/881/858 467/877/854
f 468/879/856 467/877/854 455/876/853
f 467/877/854 462/881/858 463/878/855
f 463/878/855 462/881/858 476/711/688
f 463/878/855 476/711/688 477/709/686
f 474/715/692 475/713/690 461/880/857
f 461/880/857 475/713/690 462/881/858
f 475/713/690 476/711/688 462/881/858
f 488/720/697 416/722/699 478/831/808
f 487/718/695 488/720/697 479/882/859
f 479/882/859 488/720/697 478/831/808
f 479/882/859 478/831/808 500/830/807
f 486/716/693 487/718/695 480/883/860
f 480/883/860 487/718/695 479/882/859
f 480/883/860 479/882/859 499/884/861
f 499/884/861 479/882/859 500/830/807
f 499/884/861 500/830/807 492/829/806
f 485/714/691 486/716/693 481/885/862
f 481/885/862 486/716/693 480/883/860
f 481/885/862 480/883/860 498/886/863
f 498/886/863 480/883/860 499/884/861
f 498/886/863 499/884/861 493/887/864
f 493/887/864 499/884/861 492/829/806
f 493/887/864 492/829/806 507/828/805
f 485/714/691 481/885/862 482/840/817
f 482/840/817 481/885/862 497/888/865
f 482/840/817 497/888/865 496/838/815
f 496/838/815 497/888/865 495/836/813
f 497/888/865 481/885/862 498/886/863
f 497/888/865 498/886/863 494/889/866
f 494/889/866 498/886/863 493/887/864
f 494/889/866 493/887/864 508/890/867
f 508/890/867 493/887/864 507/828/805
f 508/890/867 507/828/805 515/827/804
f 509/834/811 495/836/813 494/889/866
f 494/889/866 495/836/813 497/888/865
f 509/834/811 494/889/866 508/890/867
f 418/832/809 509/834/811 508/890/867
f 418/832/809 508/890/867 515/827/804
f 523/826/803 418/832/809 515/827/804
f 516/789/766 517/891/868 419/787/764
f 419/787/764 517/891/868 528/783/760
f 419/787/764 528/783/760 510/782/759
f 528/783/760 517/891/868 518/784/761
f 518/784/761 517/891/868 531/892/869
f 518/784/761 531/892/869 532/785/762
f 532/785/762 531/892/869 538/893/870
f 532/785/762 538/893/870 539/786/763
f 539/786/763 538/893/870 550/762/739
f 539/786/763 550/762/739 549/760/737
f 517/891/868 516/789/766 530/894/871
f 530/894/871 516/789/766 529/791/768
f 530/894/871 529/791/768 536/895/872
f 536/895/872 529/791/768 421/793/770
f 536/895/872 421/793/770 553/768/745
f 553/768/745 421/793/770 554/770/747
f 517/891/868 530/894/871 531/892/869
f 531/892/869 530/894/871 537/896/873
f 531/892/869 537/896/873 538/893/870
f 538/893/870 537/896/873 551/764/741
f 538/893/870 551/764/741 550/762/739
f 537/896/873 530/894/871 536/895/872
f 553/768/745 552/766/743 536/895/872
f 536/895/872 552/766/743 537/896/873
f 552/766/743 551/764/741 537/896/873
f 556/804/781 543/767/744 542/769/746
f 542/769/746 541/771/748 555/897/874
f 555/897/874 541/771/748 423/794/771
f 555/897/874 423/794/771 572/898/875
f 572/898/875 423/794/771 573/796/773
f 572/898/875 573/796/773 561/798/775
f 559/813/790 546/761/738 545/763/740
f 545/763/740 544/765/742 558/899/876
f 558/899/876 544/765/742 557/805/782
f 558/899/876 557/805/782 569/900/877
f 569/900/877 557/805/782 570/803/780
f 569/900/877 570/803/780 564/807/784
f 564/807/784 570/803/780 563/801/778
f 571/802/779 556/804/781 555/897/874
f 555/897/874 556/804/781 542/769/746
f 571/802/779 555/897/874 572/898/875
f 568/811/788 559/813/790 558/899/876
f 558/899/876 559/813/790 545/763/740
f 568/811/788 558/899/876 569/900/877
f 571/802/779 572/898/875 562/800/777
f 562/800/777 572/898/875 561/798/775
f 568/811/788 569/900/877 565/809/786
f 565/809/786 569/900/877 564/807/784
f 574/901/878 575/902/879 581/903/880
f 581/903/880 575/902/879 393/904/881
f 581/903/880 393/904/881 580/905/882
f 580/905/882 393/904/881 392/906/783
f 575/902/879 576/907/883 393/904/881
f 393/904/881 576/907/883 394/908/884
f 394/908/884 576/907/883 578/909/885
f 394/908/884 578/909/885 579/910/886
f 576/907/883 577/911/887 578/909/885
f 579/910/886 395/912/888 394/908/884
f 290/913/889 289/914/890 594/915/891
f 594/915/891 289/914/890 593/916/892
f 593/916/892 289/914/890 288/917/893
f 593/916/892 288/917/893 592/918/894
f 592/918/894 288/917/893 287/919/895
f 592/918/894 287/919/895 412/920/896
f 412/920/896 411/921/897 592/918/894
f 592/918/894 411/921/897 591/922/898
f 591/922/898 411/921/897 410/923/899
f 591/922/898 410/923/899 409/924/900
f 409/924/900 408/925/901 591/922/898
f 591/922/898 408/925/901 590/926/902
f 590/926/902 408/925/901 407/927/903
f 590/926/902 407/927/903 406/928/904
f 590/926/902 406/928/904 589/929/905
f 589/929/905 406/928/904 405/930/906
f 589/929/905 405/930/906 404/931/907
f 589/929/905 404/931/907 588/932/908
f 588/932/908 404/931/907 403/933/909
f 588/932/908 403/933/909 402/934/910
f 588/932/908 402/934/910 587/935/911
f 587/935/911 402/934/910 401/936/912
f 587/935/911 401/936/912 586/937/913
f 586/937/913 401/936/912 400/938/914
f 586/937/913 400/938/914 585/939/915
f 585/939/915 400/938/914 399/940/916
f 585/939/915 399/940/916 398/941/917
f 585/939/915 398/941/917 584/942/918
f 584/942/918 398/941/917 397/943/919
f 584/942/918 397/943/919 583/944/920
f 583/944/920 397/943/919 396/945/921
f 583/944/920 396/945/921 582/946/922
f 582/946/922 396/945/921 395/947/923
f 620/948/924 294/949/925 626/950/926
f 626/950/926 294/949/925 293/951/927
f 626/950/926 293/951/927 292/952/928
f 292/952/928 291/953/929 626/950/926
f 626/950/926 291/953/929 595/954/930
f 626/950/926 595/954/930 625/955/931
f 625/955/931 595/954/930 596/956/932
f 625/955/931 596/956/932 627/957/933
f 627/957/933 596/956/932 621/958/934
f 627/957/933 621/958/934 619/959/935
f 619/959/935 621/958/934 618/960/936
f 618/960/936 621/958/934 628/961/937
f 618/960/936 628/961/937 617/962/938
f 617/962/938 628/961/937 622/963/939
f 617/962/938 622/963/939 616/964/940
f 616/964/940 622/963/939 630/965/941
f 616/964/940 630/965/941 629/966/942
f 629/966/942 630/965/941 599/967/943
f 629/966/942 599/967/943 600/968/944
f 596/956/932 597/969/945 621/958/934
f 621/958/934 597/969/945 628/961/937
f 597/969/945 598/970/946 628/961/937
f 628/961/937 598/970/946 622/963/939
f 598/970/946 599/967/943 622/963/939
f 622/963/939 599/967/943 630/965/941
f 629/966/942 600/968/944 631/971/947
f 631/971/947 600/968/944 601/972/948
f 631/971/947 601/972/948 632/973/949
f 632/973/949 601/972/948 623/974/950
f 632/973/949 623/974/950 614/975/951
f 614/975/951 623/974/950 613/976/952
f 613/976/952 623/974/950 633/977/953
f 613/976/952 633/977/953 612/978/954
f 612/978/954 633/977/953 624/979/955
f 612/978/954 624/979/955 611/980/956
f 611/980/956 624/979/955 635/981/957
f 611/980/956 635/981/957 634/982/958
f 634/982/958 635/981/957 604/983/959
f 634/982/958 604/983/959 605/984/960
f 601/972/948 602/985/961 623/974/950
f 623/974/950 602/985/961 633/977/953
f 602/985/961 603/986/962 633/977/953
f 633/977/953 603/986/962 624/979/955
f 603/986/962 604/983/959 624/979/955
f 624/979/955 604/983/959 635/981/957
f 606/987/963 607/988/964 605/984/960
f 605/984/960 607/988/964 636/989/965
f 605/984/960 636/989/965 634/982/958
f 634/982/958 636/989/965 610/990/966
f 634/982/958 610/990/966 611/980/956
f 607/988/964 608/991/967 636/989/965
f 636/989/965 608/991/967 609/992/968
f 636/989/965 609/992/968 610/990/966
f 632/973/949 614/975/951 631/971/947
f 631/971/947 614/975/951 615/993/969
f 631/971/947 615/993/969 629/966/942
f 629/966/942 615/993/969 616/964/940
f 627/957/933 619/959/935 625/955/931
f 625/955/931 619/959/935 620/948/924
f 625/955/931 620/948/924 626/950/926
f 637/994/970 640/995/971 594/996/972
f 594/996/972 640/995/971 641/997/973
f 594/996/972 641/997/973 642/998/974
f 642/998/974 641/997/973 638/999/975
f 642/998/974 638/999/975 643/1000/976
f 643/1000/976 638/999/975 644/1001/977
f 643/1000/976 644/1001/977 594/996/972
f 594/996/972 644/1001/977 645/1002/978
f 594/996/972 645/1002/978 646/1003/979
f 646/1003/979 645/1002/978 638/999/975
f 646/1003/979 638/999/975 647/1004/980
f 647/1004/980 638/999/975 648/1005/981
f 647/1004/980 648/1005/981 594/996/972
f 594/996/972 648/1005/981 649/1006/982
f 594/996/972 649/1006/982 650/1007/983
f 650/1007/983 649/1006/982 609/1008/968
f 650/1007/983 609/1008/968 651/1009/984
f 651/1009/984 609/1008/968 652/1010/985
f 651/1009/984 652/1010/985 594/996/972
f 594/996/972 652/1010/985 653/1011/986
f 594/996/972 653/1011/986 654/1012/987
f 654/1012/987 653/1011/986 609/1008/968
f 654/1012/987 609/1008/968 655/1013/988
f 655/1013/988 609/1008/968 656/1014/989
f 655/1013/988 656/1014/989 594/996/972
f 594/996/972 656/1014/989 657/1015/990
f 594/996/972 657/1015/990 607/1016/991
f 607/1016/991 657/1015/990 658/1017/992
f 607/1016/991 658/1017/992 659/1018/993
f 659/1018/993 658/1017/992 609/1008/968
f 659/1018/993 609/1008/968 660/1019/994
f 660/1019/994 609/1008/968 661/1020/995
f 660/1019/994 661/1020/995 607/1016/991
f 607/1016/991 661/1020/995 662/1021/996
f 607/1016/991 662/1021/996 663/1022/997
f 663/1022/997 662/1021/996 609/1008/968
f 663/1022/997 609/1008/968 664/1023/998
f 664/1023/998 609/1008/968 665/1024/999
f 664/1023/998 665/1024/999 607/1016/991
f 607/1016/991 665/1024/999 666/1025/1000
f 607/1016/991 666/1025/1000 608/1026/967
f 608/1026/967 666/1025/1000 609/1008/968
f 609/1008/968 666/1025/1000 665/1024/999
f 637/994/970 638/999/975 640/995/971
f 640/995/971 638/999/975 641/997/973
f 639/1027/1001 609/1008/968 638/999/975
f 638/999/975 609/1008/968 649/1006/982
f 638/999/975 649/1006/982 648/1005/981
f 607/1016/991 606/1028/1002 594/996/972
f 643/1000/976 594/996/972 642/998/974
f 638/999/975 645/1002/978 644/1001/977
f 647/1004/980 594/996/972 646/1003/979
f 651/1009/984 594/996/972 650/1007/983
f 609/1008/968 653/1011/986 652/1010/985
f 655/1013/988 594/996/972 654/1012/987
f 657/1015/990 656/1014/989 609/1008/968
f 609/1008/968 658/1017/992 657/1015/990
f 660/1019/994 607/1016/991 659/1018/993
f 609/1008/968 662/1021/996 661/1020/995
f 664/1023/998 607/1016/991 663/1022/997
f 639/1029/1001 638/1030/975 680/1031/1003
f 680/1031/1003 638/1030/975 686/1032/1004
f 680/1031/1003 686/1032/1004 685/1033/1005
f 685/1033/1005 686/1032/1004 593/1034/892
f 685/1033/1005 593/1034/892 592/1035/894
f 638/1030/975 637/1036/970 686/1032/1004
f 686/1032/1004 637/1036/970 594/1037/972
f 686/1032/1004 594/1037/972 593/1034/892
f 591/1038/898 681/1039/1006 592/1035/894
f 592/1035/894 681/1039/1006 687/1040/1007
f 592/1035/894 687/1040/1007 685/1033/1005
f 685/1033/1005 687/1040/1007 679/1041/1008
f 685/1033/1005 679/1041/1008 680/1031/1003
f 681/1039/1006 591/1038/898 688/1042/1009
f 688/1042/1009 591/1038/898 590/1043/902
f 688/1042/1009 590/1043/902 682/1044/1010
f 682/1044/1010 590/1043/902 589/1045/905
f 682/1044/1010 589/1045/905 690/1046/1011
f 690/1046/1011 589/1045/905 689/1047/1012
f 690/1046/1011 689/1047/1012 676/1048/1013
f 676/1048/1013 689/1047/1012 675/1049/1014
f 675/1049/1014 689/1047/1012 691/1050/1015
f 675/1049/1014 691/1050/1015 674/1051/1016
f 674/1051/1016 691/1050/1015 692/1052/1017
f 674/1051/1016 692/1052/1017 683/1053/1018
f 683/1053/1018 692/1052/1017 587/1054/911
f 683/1053/1018 587/1054/911 586/1055/913
f 589/1045/905 588/1056/908 689/1047/1012
f 689/1047/1012 588/1056/908 691/1050/1015
f 588/1056/908 587/1054/911 691/1050/1015
f 691/1050/1015 587/1054/911 692/1052/1017
f 683/1053/1018 586/1055/913 693/1057/1019
f 693/1057/1019 586/1055/913 585/1058/915
f 693/1057/1019 585/1058/915 684/1059/1020
f 684/1059/1020 585/1058/915 584/1060/918
f 684/1059/1020 584/1060/918 695/1061/1021
f 695/1061/1021 584/1060/918 694/1062/1022
f 695/1061/1021 694/1062/1022 671/1063/1023
f 671/1063/1023 694/1062/1022 670/1064/1024
f 670/1064/1024 694/1062/1022 696/1065/1025
f 670/1064/1024 696/1065/1025 669/1066/1026
f 669/1066/1026 696/1065/1025 668/1067/1027
f 668/1067/1027 696/1065/1025 667/1068/1028
f 667/1068/1028 696/1065/1025 583/1069/920
f 667/1068/1028 583/1069/920 582/1070/922
f 584/1060/918 583/1069/920 694/1062/1022
f 694/1062/1022 583/1069/920 696/1065/1025
f 695/1061/1021 671/1063/1023 684/1059/1020
f 684/1059/1020 671/1063/1023 672/1071/1029
f 684/1059/1020 672/1071/1029 693/1057/1019
f 693/1057/1019 672/1071/1029 673/1072/1030
f 693/1057/1019 673/1072/1030 683/1053/1018
f 683/1053/1018 673/1072/1030 674/1051/1016
f 690/1046/1011 676/1048/1013 682/1044/1010
f 682/1044/1010 676/1048/1013 677/1073/1031
f 682/1044/1010 677/1073/1031 688/1042/1009
f 688/1042/1009 677/1073/1031 678/1074/1032
f 688/1042/1009 678/1074/1032 681/1039/1006
f 681/1039/1006 678/1074/1032 679/1041/1008
f 681/1039/1006 679/1041/1008 687/1040/1007
f 700/1075/1033 669/1076/1034 699/1077/1035
f 699/1077/1035 669/1076/1034 668/1078/1036
f 699/1077/1035 668/1078/1036 667/1079/1037
f 582/1080/1038 697/1081/1039 667/1079/1037
f 667/1079/1037 697/1081/1039 698/1082/1040
f 667/1079/1037 698/1082/1040 699/1077/1035
f 700/1083/1041 699/1084/1042 725/1085/1043
f 725/1085/1043 699/1084/1042 731/1086/1044
f 725/1085/1043 731/1086/1044 730/1087/1045
f 730/1087/1045 731/1086/1044 701/1088/1046
f 730/1087/1045 701/1088/1046 702/1089/1047
f 699/1084/1042 698/1090/1048 731/1086/1044
f 731/1086/1044 698/1090/1048 697/1091/1049
f 731/1086/1044 697/1091/1049 701/1088/1046
f 703/1092/1050 726/1093/1051 702/1089/1047
f 702/1089/1047 726/1093/1051 732/1094/1052
f 702/1089/1047 732/1094/1052 730/1087/1045
f 730/1087/1045 732/1094/1052 724/1095/1053
f 730/1087/1045 724/1095/1053 725/1085/1043
f 726/1093/1051 703/1092/1050 733/1096/1054
f 733/1096/1054 703/1092/1050 704/1097/1055
f 733/1096/1054 704/1097/1055 727/1098/1056
f 727/1098/1056 704/1097/1055 705/1099/1057
f 727/1098/1056 705/1099/1057 735/1100/1058
f 735/1100/1058 705/1099/1057 734/1101/1059
f 735/1100/1058 734/1101/1059 721/1102/1060
f 721/1102/1060 734/1101/1059 720/1103/1061
f 720/1103/1061 734/1101/1059 736/1104/1062
f 720/1103/1061 736/1104/1062 719/1105/1063
f 719/1105/1063 736/1104/1062 737/1106/1064
f 719/1105/1063 737/1106/1064 728/1107/1065
f 728/1107/1065 737/1106/1064 707/1108/1066
f 728/1107/1065 707/1108/1066 708/1109/1067
f 705/1099/1057 706/1110/1068 734/1101/1059
f 734/1101/1059 706/1110/1068 736/1104/1062
f 706/1110/1068 707/1108/1066 736/1104/1062
f 736/1104/1062 707/1108/1066 737/1106/1064
f 728/1107/1065 708/1109/1067 738/1111/1069
f 738/1111/1069 708/1109/1067 709/1112/1070
f 738/1111/1069 709/1112/1070 729/1113/1071
f 729/1113/1071 709/1112/1070 710/1114/1072
f 729/1113/1071 710/1114/1072 740/1115/1073
f 740/1115/1073 710/1114/1072 739/1116/1074
f 740/1115/1073 739/1116/1074 716/1117/1075
f 716/1117/1075 739/1116/1074 715/1118/1076
f 715/1118/1076 739/1116/1074 741/1119/1077
f 715/1118/1076 741/1119/1077 714/1120/1078
f 714/1120/1078 741/1119/1077 713/1121/1079
f 713/1121/1079 741/1119/1077 712/1122/1080
f 712/1122/1080 741/1119/1077 711/1123/1081
f 712/1122/1080 711/1123/1081 374/1124/639
f 710/1114/1072 711/1123/1081 739/1116/1074
f 739/1116/1074 711/1123/1081 741/1119/1077
f 740/1115/1073 716/1117/1075 729/1113/1071
f 729/1113/1071 716/1117/1075 717/1125/1082
f 729/1113/1071 717/1125/1082 738/1111/1069
f 738/1111/1069 717/1125/1082 718/1126/1083
f 738/1111/1069 718/1126/1083 728/1107/1065
f 728/1107/1065 718/1126/1083 719/1105/1063
f 735/1100/1058 721/1102/1060 727/1098/1056
f 727/1098/1056 721/1102/1060 722/1127/1084
f 727/1098/1056 722/1127/1084 733/1096/1054
f 733/1096/1054 722/1127/1084 723/1128/1085
f 733/1096/1054 723/1128/1085 726/1093/1051
f 726/1093/1051 723/1128/1085 724/1095/1053
f 726/1093/1051 724/1095/1053 732/1094/1052
f 742/1129/1086 745/1130/1087 373/1131/644
f 373/1131/644 745/1130/1087 746/1132/1088
f 373/1131/644 746/1132/1088 747/1133/1089
f 747/1133/1089 746/1132/1088 743/1134/1090
f 747/1133/1089 743/1134/1090 748/1135/1091
f 748/1135/1091 743/1134/1090 749/1136/1092
f 748/1135/1091 749/1136/1092 373/1131/644
f 373/1131/644 749/1136/1092 750/1137/1093
f 373/1131/644 750/1137/1093 751/1138/1094
f 751/1138/1094 750/1137/1093 743/1134/1090
f 751/1138/1094 743/1134/1090 752/1139/1095
f 752/1139/1095 743/1134/1090 753/1140/1096
f 752/1139/1095 753/1140/1096 373/1131/644
f 373/1131/644 753/1140/1096 754/1141/1097
f 373/1131/644 754/1141/1097 755/1142/1098
f 755/1142/1098 754/1141/1097 714/1143/1099
f 755/1142/1098 714/1143/1099 756/1144/1100
f 756/1144/1100 714/1143/1099 757/1145/1101
f 756/1144/1100 757/1145/1101 373/1131/644
f 373/1131/644 757/1145/1101 758/1146/1102
f 373/1131/644 758/1146/1102 759/1147/1103
f 759/1147/1103 758/1146/1102 714/1143/1099
f 759/1147/1103 714/1143/1099 760/1148/1104
f 760/1148/1104 714/1143/1099 761/1149/1105
f 760/1148/1104 761/1149/1105 373/1131/644
f 373/1131/644 761/1149/1105 762/1150/1106
f 373/1131/644 762/1150/1106 712/1151/1107
f 712/1151/1107 762/1150/1106 763/1152/1108
f 712/1151/1107 763/1152/1108 764/1153/1109
f 764/1153/1109 763/1152/1108 714/1143/1099
f 764/1153/1109 714/1143/1099 765/1154/1110
f 765/1154/1110 714/1143/1099 766/1155/1111
f 765/1154/1110 766/1155/1111 712/1151/1107
f 712/1151/1107 766/1155/1111 767/1156/1112
f 712/1151/1107 767/1156/1112 768/1157/1113
f 768/1157/1113 767/1156/1112 714/1143/1099
f 768/1157/1113 714/1143/1099 769/1158/1114
f 769/1158/1114 714/1143/1099 770/1159/1115
f 769/1158/1114 770/1159/1115 712/1151/1107
f 712/1151/1107 770/1159/1115 771/1160/1116
f 712/1151/1107 771/1160/1116 713/1161/1117
f 713/1161/1117 771/1160/1116 714/1143/1099
f 714/1143/1099 771/1160/1116 770/1159/1115
f 742/1129/1086 743/1134/1090 745/1130/1087
f 745/1130/1087 743/1134/1090 746/1132/1088
f 744/1162/1118 714/1143/1099 743/1134/1090
f 743/1134/1090 714/1143/1099 754/1141/1097
f 743/1134/1090 754/1141/1097 753/1140/1096
f 712/1151/1107 374/1163/1119 373/1131/644
f 748/1135/1091 373/1131/644 747/1133/1089
f 743/1134/1090 750/1137/1093 749/1136/1092
f 752/1139/1095 373/1131/644 751/1138/1094
f 756/1144/1100 373/1131/644 755/1142/1098
f 714/1143/1099 758/1146/1102 757/1145/1101
f 760/1148/1104 373/1131/644 759/1147/1103
f 762/1150/1106 761/1149/1105 714/1143/1099
f 714/1143/1099 763/1152/1108 762/1150/1106
f 765/1154/1110 712/1151/1107 764/1153/1109
f 714/1143/1099 767/1156/1112 766/1155/1111
f 769/1158/1114 712/1151/1107 768/1157/1113
f 362/1164/1120 300/1165/1121 787/1166/1122
f 787/1166/1122 300/1165/1121 299/1167/1123
f 787/1166/1122 299/1167/1123 298/1168/1124
f 297/1169/1125 772/1170/1126 298/1168/1124
f 298/1168/1124 772/1170/1126 787/1166/1122
f 787/1166/1122 772/1170/1126 788/1171/1127
f 788/1171/1127 772/1170/1126 773/1172/1128
f 788/1171/1127 773/1172/1128 789/1173/1129
f 789/1173/1129 773/1172/1128 786/1174/1130
f 789/1173/1129 786/1174/1130 363/1175/662
f 363/1175/662 786/1174/1130 364/1176/660
f 364/1176/660 786/1174/1130 790/1177/1131
f 364/1176/660 790/1177/1131 365/1178/658
f 365/1178/658 790/1177/1131 785/1179/1132
f 365/1178/658 785/1179/1132 366/1180/656
f 366/1180/656 785/1179/1132 791/1181/1133
f 366/1180/656 791/1181/1133 792/1182/1134
f 792/1182/1134 791/1181/1133 776/1183/1135
f 792/1182/1134 776/1183/1135 777/1184/1136
f 773/1172/1128 774/1185/1137 786/1174/1130
f 786/1174/1130 774/1185/1137 790/1177/1131
f 774/1185/1137 775/1186/1138 790/1177/1131
f 790/1177/1131 775/1186/1138 785/1179/1132
f 775/1186/1138 776/1183/1135 785/1179/1132
f 785/1179/1132 776/1183/1135 791/1181/1133
f 792/1182/1134 777/1184/1136 793/1187/1139
f 793/1187/1139 777/1184/1136 778/1188/1140
f 793/1187/1139 778/1188/1140 794/1189/1141
f 794/1189/1141 778/1188/1140 784/1190/1142
f 794/1189/1141 784/1190/1142 368/1191/651
f 368/1191/651 784/1190/1142 369/1192/648
f 369/1192/648 784/1190/1142 795/1193/1143
f 369/1192/648 795/1193/1143 370/1194/649
f 370/1194/649 795/1193/1143 783/1195/1144
f 370/1194/649 783/1195/1144 371/1196/650
f 371/1196/650 783/1195/1144 796/1197/1145
f 371/1196/650 796/1197/1145 797/1198/1146
f 797/1198/1146 796/1197/1145 781/1199/1147
f 797/1198/1146 781/1199/1147 782/1200/1148
f 778/1188/1140 779/1201/1149 784/1190/1142
f 784/1190/1142 779/1201/1149 795/1193/1143
f 779/1201/1149 780/1202/1150 795/1193/1143
f 795/1193/1143 780/1202/1150 783/1195/1144
f 780/1202/1150 781/1199/1147 783/1195/1144
f 783/1195/1144 781/1199/1147 796/1197/1145
f 744/1203/1118 743/1204/1090 782/1200/1148
f 782/1200/1148 743/1204/1090 798/1205/1151
f 782/1200/1148 798/1205/1151 797/1198/1146
f 797/1198/1146 798/1205/1151 372/1206/668
f 797/1198/1146 372/1206/668 371/1196/650
f 743/1204/1090 742/1207/1086 798/1205/1151
f 798/1205/1151 742/1207/1086 373/1208/644
f 798/1205/1151 373/1208/644 372/1206/668
f 794/1189/1141 368/1191/651 793/1187/1139
f 793/1187/1139 368/1191/651 367/1209/653
f 793/1187/1139 367/1209/653 792/1182/1134
f 792/1182/1134 367/1209/653 366/1180/656
f 789/1173/1129 363/1175/662 788/1171/1127
f 788/1171/1127 363/1175/662 362/1164/1120
f 788/1171/1127 362/1164/1120 787/1166/1122
f 819/1210/1152 799/1211/1153 709/1212/1070
f 709/1212/1070 799/1211/1153 800/1213/1154
f 709/1212/1070 800/1213/1154 710/1214/1072
f 710/1214/1072 800/1213/1154 801/1215/1155
f 710/1214/1072 801/1215/1155 711/1216/1081
f 711/1216/1081 801/1215/1155 802/1217/1156
f 711/1216/1081 802/1217/1156 374/1218/639
f 374/1218/639 802/1217/1156 341/1219/635
f 708/1220/1067 816/1221/1157 709/1212/1070
f 709/1212/1070 816/1221/1157 817/1222/1158
f 709/1212/1070 817/1222/1158 818/1223/1159
f 707/1224/1066 813/1225/1160 708/1220/1067
f 708/1220/1067 813/1225/1160 814/1226/1161
f 708/1220/1067 814/1226/1161 815/1227/1162
f 813/1225/1160 707/1224/1066 812/1228/1163
f 812/1228/1163 707/1224/1066 706/1229/1068
f 812/1228/1163 706/1229/1068 811/1230/1164
f 811/1230/1164 706/1229/1068 810/1231/1165
f 810/1231/1165 706/1229/1068 705/1232/1057
f 810/1231/1165 705/1232/1057 809/1233/1166
f 809/1233/1166 705/1232/1057 808/1234/1167
f 808/1234/1167 705/1232/1057 704/1235/1055
f 808/1234/1167 704/1235/1055 807/1236/1168
f 807/1236/1168 704/1235/1055 703/1237/1050
f 807/1236/1168 703/1237/1050 806/1238/1169
f 806/1238/1169 703/1237/1050 805/1239/1170
f 805/1239/1170 703/1237/1050 702/1240/1047
f 805/1239/1170 702/1240/1047 804/1241/1171
f 804/1241/1171 702/1240/1047 701/1242/1046
f 804/1241/1171 701/1242/1046 803/1243/1172
f 803/1243/1172 701/1242/1046 697/1244/1039
f 803/1243/1172 697/1244/1039 577/1245/887
f 815/1227/1162 816/1221/1157 708/1220/1067
f 818/1223/1159 819/1210/1152 709/1212/1070
f 395/1246/1173 579/1247/886 582/1248/922
f 582/1248/922 579/1247/886 697/1249/1039
f 697/1249/1039 579/1247/886 578/1250/885
f 697/1249/1039 578/1250/885 577/1251/887
f 291/1252/1174 290/1253/889 595/1254/930
f 595/1254/930 290/1253/889 596/1255/1175
f 596/1255/1175 290/1253/889 597/1256/945
f 597/1256/945 290/1253/889 598/1257/946
f 598/1257/946 290/1253/889 599/1258/943
f 599/1258/943 290/1253/889 600/1259/944
f 600/1259/944 290/1253/889 606/1260/1002
f 600/1259/944 606/1260/1002 601/1261/948
f 601/1261/948 606/1260/1002 602/1262/961
f 602/1262/961 606/1260/1002 603/1263/962
f 603/1263/962 606/1260/1002 604/1264/959
f 604/1264/959 606/1260/1002 605/1265/960
f 290/1253/889 594/1266/891 606/1260/1002
f 821/1267/1176 836/1268/1177 820/1269/1178
f 820/1269/1178 836/1268/1177 837/1270/1179
f 820/1269/1178 837/1270/1179 833/1271/1180
f 833/1271/1180 837/1270/1179 838/1272/1181
f 833/1271/1180 838/1272/1181 832/1273/1182
f 832/1273/1182 838/1272/1181 839/1274/1183
f 832/1273/1182 839/1274/1183 831/1275/1184
f 831/1275/1184 839/1274/1183 840/1276/1185
f 831/1275/1184 840/1276/1185 830/1277/1186
f 830/1277/1186 840/1276/1185 829/1278/1187
f 829/1278/1187 840/1276/1185 841/1279/1188
f 829/1278/1187 841/1279/1188 828/1280/1189
f 828/1280/1189 841/1279/1188 842/1281/1190
f 828/1280/1189 842/1281/1190 827/1282/1191
f 827/1282/1191 842/1281/1190 843/1283/1192
f 827/1282/1191 843/1283/1192 826/1284/1193
f 826/1284/1193 843/1283/1192 825/1285/1194
f 825/1285/1194 843/1283/1192 844/1286/1195
f 825/1285/1194 844/1286/1195 824/1287/1196
f 824/1287/1196 844/1286/1195 845/1288/1197
f 824/1287/1196 845/1288/1197 823/1289/1198
f 823/1289/1198 845/1288/1197 834/1290/1199
f 823/1291/1198 834/1292/1199 822/1293/1200
f 822/1293/1200 834/1292/1199 835/1294/1201
f 822/1293/1200 835/1294/1201 821/1267/1176
f 821/1267/1176 835/1294/1201 836/1268/1177
f 826/1295/1202 825/1296/1203 871/1297/1204
f 871/1297/1204 825/1296/1203 874/1298/1205
f 871/1297/1204 874/1298/1205 875/1299/1206
f 874/1298/1205 825/1296/1203 873/1300/1207
f 873/1300/1207 825/1296/1203 824/1301/1208
f 873/1300/1207 824/1301/1208 872/1302/1209
f 872/1302/1209 824/1301/1208 823/1303/1210
f 872/1302/1209 823/1303/1210 883/1304/1211
f 883/1304/1211 823/1303/1210 822/1305/1212
f 883/1304/1211 822/1305/1212 882/1306/1213
f 882/1306/1213 822/1305/1212 821/1307/1214
f 882/1306/1213 821/1307/1214 846/1308/1215
f 846/1308/1215 821/1307/1214 820/1309/1216
f 882/1306/1213 846/1308/1215 881/1310/1217
f 881/1310/1217 846/1308/1215 847/1311/1218
f 881/1310/1217 847/1311/1218 880/1312/1219
f 880/1312/1219 847/1311/1218 852/1313/1220
f 880/1312/1219 852/1313/1220 853/1314/1221
f 848/1315/1222 849/1316/1223 847/1311/1218
f 847/1311/1218 849/1316/1223 850/1317/1224
f 847/1311/1218 850/1317/1224 851/1318/1225
f 851/1318/1225 852/1313/1220 847/1311/1218
f 853/1314/1221 854/1319/1226 880/1312/1219
f 880/1312/1219 854/1319/1226 855/1320/1227
f 880/1312/1219 855/1320/1227 856/1321/1228
f 880/1312/1219 856/1321/1228 879/1322/1229
f 879/1322/1229 856/1321/1228 857/1323/1230
f 879/1322/1229 857/1323/1230 858/1324/1231
f 879/1322/1229 858/1324/1231 878/1325/1232
f 878/1325/1232 858/1324/1231 859/1326/1233
f 878/1325/1232 859/1326/1233 877/1327/1234
f 877/1327/1234 859/1326/1233 860/1328/1235
f 877/1327/1234 860/1328/1235 861/1329/1236
f 877/1327/1234 861/1329/1236 876/1330/1237
f 876/1330/1237 861/1329/1236 862/1331/1238
f 876/1330/1237 862/1331/1238 863/1332/1239
f 863/1332/1239 864/1333/1240 876/1330/1237
f 876/1330/1237 864/1333/1240 865/1334/1241
f 876/1330/1237 865/1334/1241 870/1335/1242
f 870/1335/1242 865/1334/1241 866/1336/1243
f 870/1335/1242 866/1336/1243 867/1337/1244
f 867/1337/1244 868/1338/1245 870/1335/1242
f 870/1335/1242 868/1338/1245 869/1339/1246
f 876/1330/1237 870/1335/1242 875/1299/1206
f 875/1299/1206 870/1335/1242 871/1297/1204
f 885/1340/1247 873/1341/1248 884/1342/1249
f 884/1342/1249 873/1341/1248 872/1343/1250
f 884/1344/1249 872/1345/1250 895/1346/1251
f 895/1346/1251 872/1345/1250 883/1347/1252
f 895/1346/1251 883/1347/1252 894/1348/1253
f 894/1348/1253 883/1347/1252 882/1349/1254
f 894/1348/1253 882/1349/1254 893/1350/1255
f 893/1350/1255 882/1349/1254 881/1351/1256
f 893/1350/1255 881/1351/1256 892/1352/1257
f 892/1352/1257 881/1351/1256 880/1353/1258
f 892/1352/1257 880/1353/1258 891/1354/1259
f 891/1354/1259 880/1353/1258 879/1355/1260
f 891/1354/1259 879/1355/1260 890/1356/1261
f 890/1356/1261 879/1355/1260 878/1357/1262
f 890/1356/1261 878/1357/1262 889/1358/1263
f 889/1358/1263 878/1357/1262 877/1359/1264
f 889/1358/1263 877/1359/1264 888/1360/1265
f 888/1360/1265 877/1359/1264 876/1361/1266
f 888/1360/1265 876/1361/1266 887/1362/1267
f 887/1362/1267 876/1361/1266 875/1363/1268
f 887/1362/1267 875/1363/1268 886/1364/1269
f 886/1364/1269 875/1363/1268 874/1365/1270
f 886/1364/1269 874/1365/1270 885/1340/1247
f 885/1340/1247 874/1365/1270 873/1341/1248
f 897/1366/1271 835/1367/1272 896/1368/1273
f 896/1368/1273 835/1367/1272 834/1369/1274
f 896/1370/1273 834/1371/1274 907/1372/1275
f 907/1372/1275 834/1371/1274 845/1373/1276
f 907/1372/1275 845/1373/1276 906/1374/1277
f 906/1374/1277 845/1373/1276 844/1375/1278
f 906/1374/1277 844/1375/1278 905/1376/1279
f 905/1376/1279 844/1375/1278 843/1377/1280
f 905/1376/1279 843/1377/1280 904/1378/1281
f 904/1378/1281 843/1377/1280 842/1379/1282
f 904/1378/1281 842/1379/1282 903/1380/1283
f 903/1380/1283 842/1379/1282 841/1381/1284
f 903/1380/1283 841/1381/1284 902/1382/1285
f 902/1382/1285 841/1381/1284 840/1383/1286
f 902/1382/1285 840/1383/1286 901/1384/1287
f 901/1384/1287 840/1383/1286 839/1385/1288
f 901/1384/1287 839/1385/1288 900/1386/1289
f 900/1386/1289 839/1385/1288 838/1387/1290
f 900/1386/1289 838/1387/1290 899/1388/1291
f 899/1388/1291 838/1387/1290 837/1389/1292
f 899/1388/1291 837/1389/1292 898/1390/1293
f 898/1390/1293 837/1389/1292 836/1391/1294
f 898/1390/1293 836/1391/1294 897/1366/1271
f 897/1366/1271 836/1391/1294 835/1367/1272
f 32/1392/1295 31/1393/1296 908/1394/1297
f 908/1394/1297 31/1393/1296 44/1395/1298
f 908/1394/1297 44/1395/1298 919/1396/1299
f 919/1396/1299 44/1395/1298 43/1397/1300
f 919/1396/1299 43/1397/1300 918/1398/1301
f 918/1398/1301 43/1397/1300 42/1399/1302
f 918/1398/1301 42/1399/1302 917/1400/1303
f 917/1400/1303 42/1399/1302 41/1401/1304
f 917/1400/1303 41/1401/1304 916/1402/1305
f 916/1402/1305 41/1401/1304 40/1403/1306
f 916/1402/1305 40/1403/1306 915/1404/1307
f 915/1404/1307 40/1403/1306 39/1405/1308
f 915/1404/1307 39/1405/1308 914/1406/1309
f 914/1406/1309 39/1405/1308 38/1407/1310
f 914/1406/1309 38/1407/1310 37/1408/1311
f 914/1406/1309 37/1408/1311 913/1409/1312
f 913/1409/1312 37/1408/1311 36/1410/1313
f 913/1409/1312 36/1410/1313 912/1411/1314
f 912/1411/1314 36/1410/1313 35/1412/1315
f 912/1411/1314 35/1412/1315 911/1413/1316
f 911/1413/1316 35/1412/1315 34/1414/1317
f 911/1413/1316 34/1414/1317 910/1415/1318
f 910/1415/1318 34/1414/1317 33/1416/1319
f 910/1415/1318 33/1416/1319 909/1417/1320
f 909/1417/1320 33/1416/1319 32/1392/1295
f 909/1417/1320 32/1392/1295 908/1394/1297
f 919/1418/1321 897/1419/1322 908/1420/1323
f 908/1420/1323 897/1419/1322 896/1421/1324
f 908/1422/1323 896/1423/1324 909/1424/1325
f 909/1424/1325 896/1423/1324 907/1425/1326
f 909/1424/1325 907/1425/1326 910/1426/1327
f 910/1426/1327 907/1425/1326 906/1427/1328
f 910/1426/1327 906/1427/1328 911/1428/1329
f 911/1428/1329 906/1427/1328 905/1429/1330
f 911/1428/1329 905/1429/1330 912/1430/1331
f 912/1430/1331 905/1429/1330 904/1431/1332
f 912/1430/1331 904/1431/1332 913/1432/1333
f 913/1432/1333 904/1431/1332 903/1433/1334
f 913/1432/1333 903/1433/1334 914/1434/1335
f 914/1434/1335 903/1433/1334 902/1435/1336
f 914/1434/1335 902/1435/1336 915/1436/1337
f 915/1436/1337 902/1435/1336 901/1437/1338
f 915/1436/1337 901/1437/1338 916/1438/1339
f 916/1438/1339 901/1437/1338 900/1439/1340
f 916/1438/1339 900/1439/1340 917/1440/1341
f 917/1440/1341 900/1439/1340 899/1441/1342
f 917/1440/1341 899/1441/1342 918/1442/1343
f 918/1442/1343 899/1441/1342 898/1443/1344
f 918/1442/1343 898/1443/1344 919/1418/1321
f 919/1418/1321 898/1443/1344 897/1419/1322
f 895/1444/1345 931/1445/1346 884/1446/1347
f 884/1446/1347 931/1445/1346 920/1447/1348
f 884/1448/1347 920/1449/1348 885/1450/1349
f 885/1450/1349 920/1449/1348 921/1451/1350
f 885/1450/1349 921/1451/1350 886/1452/1351
f 886/1452/1351 921/1451/1350 922/1453/1352
f 886/1452/1351 922/1453/1352 887/1454/1353
f 887/1454/1353 922/1453/1352 923/1455/1354
f 887/1454/1353 923/1455/1354 888/1456/1355
f 888/1456/1355 923/1455/1354 924/1457/1356
f 888/1456/1355 924/1457/1356 889/1458/1357
f 889/1458/1357 924/1457/1356 925/1459/1358
f 889/1458/1357 925/1459/1358 890/1460/1359
f 890/1460/1359 925/1459/1358 926/1461/1360
f 890/1460/1359 926/1461/1360 891/1462/1361
f 891/1462/1361 926/1461/1360 927/1463/1362
f 891/1462/1361 927/1463/1362 892/1464/1363
f 892/1464/1363 927/1463/1362 928/1465/1364
f 892/1464/1363 928/1465/1364 893/1466/1365
f 893/1466/1365 928/1465/1364 929/1467/1366
f 893/1466/1365 929/1467/1366 894/1468/1367
f 894/1468/1367 929/1467/1366 930/1469/1368
f 894/1468/1367 930/1469/1368 895/1444/1345
f 895/1444/1345 930/1469/1368 931/1445/1346
f 119/1470/1369 118/1471/1370 932/1472/1371
f 932/1472/1371 118/1471/1370 131/1473/1372
f 932/1472/1371 131/1473/1372 943/1474/1373
f 943/1474/1373 131/1473/1372 130/1475/1374
f 943/1474/1373 130/1475/1374 942/1476/1375
f 942/1476/1375 130/1475/1374 129/1477/1376
f 942/1476/1375 129/1477/1376 941/1478/1377
f 941/1478/1377 129/1477/1376 128/1479/1378
f 941/1478/1377 128/1479/1378 940/1480/1379
f 940/1480/1379 128/1479/1378 127/1481/1380
f 940/1480/1379 127/1481/1380 939/1482/1381
f 939/1482/1381 127/1481/1380 126/1483/1382
f 939/1482/1381 126/1483/1382 938/1484/1383
f 938/1484/1383 126/1483/1382 125/1485/1384
f 938/1484/1383 125/1485/1384 124/1486/1385
f 938/1484/1383 124/1486/1385 937/1487/1386
f 937/1487/1386 124/1486/1385 123/1488/1387
f 937/1487/1386 123/1488/1387 936/1489/1388
f 936/1489/1388 123/1488/1387 122/1490/1389
f 936/1489/1388 122/1490/1389 935/1491/1390
f 935/1491/1390 122/1490/1389 121/1492/1391
f 935/1491/1390 121/1492/1391 934/1493/1392
f 934/1493/1392 121/1492/1391 120/1494/1393
f 934/1493/1392 120/1494/1393 933/1495/1394
f 933/1495/1394 120/1494/1393 119/1470/1369
f 933/1495/1394 119/1470/1369 932/1472/1371
f 931/1496/1395 933/1497/1396 920/1498/1397
f 920/1498/1397 933/1497/1396 932/1499/1398
f 920/1500/1397 932/1501/1398 921/1502/1399
f 921/1502/1399 932/1501/1398 943/1503/1400
f 921/1502/1399 943/1503/1400 922/1504/1401
f 922/1504/1401 943/1503/1400 942/1505/1402
f 922/1504/1401 942/1505/1402 923/1506/1403
f 923/1506/1403 942/1505/1402 941/1507/1404
f 923/1506/1403 941/1507/1404 924/1508/1405
f 924/1508/1405 941/1507/1404 940/1509/1406
f 924/1508/1405 940/1509/1406 925/1510/1407
f 925/1510/1407 940/1509/1406 939/1511/1408
f 925/1510/1407 939/1511/1408 926/1512/1409
f 926/1512/1409 939/1511/1408 938/1513/1410
f 926/1512/1409 938/1513/1410 927/1514/1411
f 927/1514/1411 938/1513/1410 937/1515/1412
f 927/1514/1411 937/1515/1412 928/1516/1413
f 928/1516/1413 937/1515/1412 936/1517/1414
f 928/1516/1413 936/1517/1414 929/1518/1415
f 929/1518/1415 936/1517/1414 935/1519/1416
f 929/1518/1415 935/1519/1416 930/1520/1417
f 930/1520/1417 935/1519/1416 934/1521/1418
f 930/1520/1417 934/1521/1418 931/1496/1395
f 931/1496/1395 934/1521/1418 933/1497/1396
f 944/1522/1419 945/1523/1420 56/1524/1421
f 56/1524/1421 945/1523/1420 946/1525/1422
f 56/1524/1421 946/1525/1422 57/1526/588
f 57/1526/588 946/1525/1422 313/1527/589
f 134/1528/1423 137/1529/1424 133/1530/1425
f 133/1530/1425 137/1529/1424 158/1531/1426
f 133/1530/1425 158/1531/1426 186/1532/293
f 186/1532/293 158/1531/1426 157/1533/291
f 186/1532/293 947/1534/1427 133/1530/1425
f 133/1530/1425 947/1534/1427 132/1535/1428
f 132/1535/1428 947/1534/1427 65/1536/1429
f 132/1535/1428 65/1536/1429 64/1537/1430
f 56/1538/69 55/1539/70 958/1540/1431
f 958/1540/1431 55/1539/70 75/1541/1432
f 958/1540/1431 75/1541/1432 957/1542/1433
f 957/1542/1433 75/1541/1432 74/1543/1434
f 957/1542/1433 74/1543/1434 956/1544/1435
f 956/1544/1435 74/1543/1434 73/1545/1436
f 956/1544/1435 73/1545/1436 955/1546/1437
f 955/1546/1437 73/1545/1436 72/1547/1438
f 955/1546/1437 72/1547/1438 954/1548/1439
f 954/1548/1439 72/1547/1438 71/1549/1440
f 954/1548/1439 71/1549/1440 953/1550/1441
f 953/1550/1441 71/1549/1440 70/1551/1442
f 953/1550/1441 70/1551/1442 952/1552/1443
f 952/1552/1443 70/1551/1442 69/1553/1444
f 952/1552/1443 69/1553/1444 951/1554/1445
f 951/1554/1445 69/1553/1444 68/1555/1446
f 951/1554/1445 68/1555/1446 950/1556/1447
f 950/1556/1447 68/1555/1446 67/1557/1448
f 950/1556/1447 67/1557/1448 949/1558/1449
f 949/1558/1449 67/1557/1448 66/1559/1450
f 949/1558/1449 66/1559/1450 948/1560/1451
f 948/1560/1451 66/1559/1450 65/1561/1429
f 948/1560/1451 65/1561/1429 947/1562/1427
f 152/1563/267 104/1564/265 302/1565/1452
f 302/1565/1452 104/1564/265 103/1566/1453
f 302/1565/1452 103/1566/1453 303/1567/1454
f 303/1567/1454 103/1566/1453 102/1568/1455
f 303/1567/1454 102/1568/1455 304/1569/1456
f 304/1569/1456 102/1568/1455 101/1570/1457
f 304/1569/1456 101/1570/1457 305/1571/1458
f 305/1571/1458 101/1570/1457 100/1572/1459
f 305/1571/1458 100/1572/1459 306/1573/1460
f 306/1573/1460 100/1572/1459 99/1574/1461
f 306/1573/1460 99/1574/1461 307/1575/1462
f 307/1575/1462 99/1574/1461 98/1576/1463
f 307/1575/1462 98/1576/1463 308/1577/1464
f 308/1577/1464 98/1576/1463 97/1578/1465
f 308/1577/1464 97/1578/1465 309/1579/1466
f 309/1579/1466 97/1578/1465 96/1580/1467
f 309/1579/1466 96/1580/1467 310/1581/1468
f 310/1581/1468 96/1580/1467 95/1582/1469
f 310/1581/1468 95/1582/1469 311/1583/1470
f 311/1583/1470 95/1582/1469 94/1584/1471
f 311/1583/1470 94/1584/1471 312/1585/1472
f 312/1585/1472 94/1584/1471 58/1586/66
f 312/1585/1472 58/1586/66 57/1587/67
f 296/1588/1473 959/1589/1474 297/1590/1475
f 297/1590/1475 959/1589/1474 772/1591/1126
f 772/1591/1126 959/1589/1474 960/1592/1476
f 772/1591/1126 960/1592/1476 773/1593/1128
f 773/1593/1128 960/1592/1476 961/1594/1477
f 773/1593/1128 961/1594/1477 774/1595/1137
f 774/1595/1137 961/1594/1477 962/1596/1478
f 774/1595/1137 962/1596/1478 775/1597/1138
f 775/1597/1138 962/1596/1478 963/1598/1479
f 775/1597/1138 963/1598/1479 776/1599/1135
f 776/1599/1135 963/1598/1479 964/1600/1480
f 776/1599/1135 964/1600/1480 777/1601/1136
f 777/1601/1136 964/1600/1480 965/1602/1481
f 777/1601/1136 965/1602/1481 778/1603/1140
f 778/1603/1140 965/1602/1481 966/1604/1482
f 778/1603/1140 966/1604/1482 779/1605/1149
f 779/1605/1149 966/1604/1482 967/1606/1483
f 779/1605/1149 967/1606/1483 780/1607/1150
f 780/1607/1150 967/1606/1483 968/1608/1484
f 780/1607/1150 968/1608/1484 781/1609/1147
f 781/1609/1147 968/1608/1484 969/1610/1485
f 781/1609/1147 969/1610/1485 782/1611/1148
f 782/1611/1148 969/1610/1485 970/1612/1486
f 782/1611/1148 970/1612/1486 744/1613/1118
f 744/1613/1118 970/1612/1486 871/1614/1487
f 296/1615/1488 295/1616/1489 959/1617/1490
f 959/1617/1490 295/1616/1489 971/1618/1491
f 959/1617/1490 971/1618/1491 960/1619/1492
f 960/1619/1492 971/1618/1491 972/1620/1493
f 960/1619/1492 972/1620/1493 961/1621/1494
f 961/1621/1494 972/1620/1493 973/1622/1495
f 961/1621/1494 973/1622/1495 962/1623/1496
f 962/1623/1496 973/1622/1495 974/1624/1497
f 962/1623/1496 974/1624/1497 963/1625/1498
f 963/1625/1498 974/1624/1497 975/1626/1499
f 963/1625/1498 975/1626/1499 964/1627/1500
f 964/1627/1500 975/1626/1499 976/1628/1501
f 964/1627/1500 976/1628/1501 965/1629/1502
f 965/1629/1502 976/1628/1501 977/1630/1503
f 965/1629/1502 977/1630/1503 966/1631/1504
f 966/1631/1504 977/1630/1503 978/1632/1505
f 966/1631/1504 978/1632/1505 967/1633/1506
f 967/1633/1506 978/1632/1505 979/1634/1507
f 967/1633/1506 979/1634/1507 968/1635/1508
f 968/1635/1508 979/1634/1507 980/1636/1509
f 968/1635/1508 980/1636/1509 969/1637/1510
f 969/1637/1510 980/1636/1509 981/1638/1511
f 969/1637/1510 981/1638/1511 970/1639/1512
f 970/1639/1512 981/1638/1511 982/1640/1513
f 970/1639/1512 982/1640/1513 830/1641/1514
f 830/1641/1514 982/1640/1513 831/1642/1515
f 831/1642/1515 982/1640/1513 846/1643/1215
f 831/1642/1515 846/1643/1215 832/1644/1516
f 832/1644/1516 846/1643/1215 833/1645/1517
f 833/1645/1517 846/1643/1215 820/1646/1216
f 830/1641/1514 829/1647/1518 970/1639/1512
f 970/1639/1512 829/1647/1518 871/1648/1204
f 871/1648/1204 829/1647/1518 828/1649/1519
f 871/1648/1204 828/1649/1519 827/1650/1520
f 827/1650/1520 826/1651/1202 871/1648/1204
f 295/1652/1521 294/1653/1522 971/1654/1523
f 971/1654/1523 294/1653/1522 620/1655/1524
f 971/1654/1523 620/1655/1524 972/1656/1525
f 972/1656/1525 620/1655/1524 619/1657/1526
f 972/1656/1525 619/1657/1526 973/1658/1527
f 973/1658/1527 619/1657/1526 618/1659/1528
f 973/1658/1527 618/1659/1528 974/1660/1529
f 974/1660/1529 618/1659/1528 617/1661/1530
f 974/1660/1529 617/1661/1530 975/1662/1531
f 975/1662/1531 617/1661/1530 616/1663/1532
f 975/1662/1531 616/1663/1532 976/1664/1533
f 976/1664/1533 616/1663/1532 615/1665/1534
f 976/1664/1533 615/1665/1534 977/1666/1535
f 977/1666/1535 615/1665/1534 614/1667/1536
f 977/1666/1535 614/1667/1536 978/1668/1537
f 978/1668/1537 614/1667/1536 613/1669/1538
f 978/1668/1537 613/1669/1538 979/1670/1539
f 979/1670/1539 613/1669/1538 612/1671/1540
f 979/1670/1539 612/1671/1540 980/1672/1541
f 980/1672/1541 612/1671/1540 611/1673/1542
f 980/1672/1541 611/1673/1542 981/1674/1543
f 981/1674/1543 611/1673/1542 610/1675/1544
f 981/1674/1543 610/1675/1544 982/1676/1545
f 982/1676/1545 610/1675/1544 609/1677/1546
f 982/1676/1545 609/1677/1546 846/1678/1547
f 714/1679/1099 744/1680/1118 870/1681/1548
f 870/1681/1548 744/1680/1118 871/1682/1487
f 700/1683/1549 725/1684/1043 859/1685/1550
f 859/1685/1550 725/1684/1043 860/1686/1551
f 860/1686/1551 725/1684/1043 724/1687/1552
f 860/1686/1551 724/1687/1552 861/1688/1553
f 861/1688/1553 724/1687/1552 723/1689/1085
f 861/1688/1553 723/1689/1085 862/1690/1554
f 862/1690/1554 723/1689/1085 722/1691/1084
f 862/1690/1554 722/1691/1084 863/1692/1555
f 863/1692/1555 722/1691/1084 721/1693/1556
f 863/1692/1555 721/1693/1556 864/1694/1557
f 864/1694/1557 721/1693/1556 720/1695/1558
f 864/1694/1557 720/1695/1558 865/1696/1559
f 865/1696/1559 720/1695/1558 719/1697/1560
f 865/1696/1559 719/1697/1560 866/1698/1561
f 866/1698/1561 719/1697/1560 718/1699/1083
f 866/1698/1561 718/1699/1083 867/1700/1562
f 867/1700/1562 718/1699/1083 717/1701/1082
f 867/1700/1562 717/1701/1082 868/1702/1563
f 868/1702/1563 717/1701/1082 716/1703/1564
f 868/1702/1563 716/1703/1564 869/1704/1565
f 869/1704/1565 716/1703/1564 715/1705/1076
f 869/1704/1565 715/1705/1076 870/1706/1548
f 870/1706/1548 715/1705/1076 714/1707/1099
f 669/1708/1034 700/1709/1549 858/1710/1566
f 858/1710/1566 700/1709/1549 859/1711/1550
f 639/1712/1567 680/1713/1568 847/1714/1569
f 847/1714/1569 680/1713/1568 848/1715/1570
f 848/1715/1570 680/1713/1568 679/1716/1571
f 848/1715/1570 679/1716/1571 849/1717/1572
f 849/1717/1572 679/1716/1571 678/1718/1573
f 849/1717/1572 678/1718/1573 850/1719/1574
f 850/1719/1574 678/1718/1573 677/1720/1575
f 850/1719/1574 677/1720/1575 851/1721/1576
f 851/1721/1576 677/1720/1575 676/1722/1013
f 851/1721/1576 676/1722/1013 852/1723/1577
f 852/1723/1577 676/1722/1013 675/1724/1014
f 852/1723/1577 675/1724/1014 853/1725/1578
f 853/1725/1578 675/1724/1014 674/1726/1016
f 853/1725/1578 674/1726/1016 854/1727/1579
f 854/1727/1579 674/1726/1016 673/1728/1580
f 854/1727/1579 673/1728/1580 855/1729/1581
f 855/1729/1581 673/1728/1580 672/1730/1029
f 855/1729/1581 672/1730/1029 856/1731/1582
f 856/1731/1582 672/1730/1029 671/1732/1023
f 856/1731/1582 671/1732/1023 857/1733/1583
f 857/1733/1583 671/1732/1023 670/1734/1024
f 857/1733/1583 670/1734/1024 858/1735/1566
f 858/1735/1566 670/1734/1024 669/1736/1034
f 609/1737/1546 639/1738/1001 846/1739/1547
f 846/1739/1547 639/1738/1001 847/1740/1569
f 1008/1741/1584 983/1742/1585 1039/1743/1586
f 1039/1743/1586 983/1742/1585 984/1744/1587
f 1039/1743/1586 984/1744/1587 1044/1745/1588
f 1044/1745/1588 984/1744/1587 986/1746/1589
f 1044/1745/1588 986/1746/1589 987/1747/1590
f 984/1744/1587 985/1748/1591 986/1746/1589
f 987/1747/1590 988/1749/1592 1044/1745/1588
f 1044/1745/1588 988/1749/1592 1043/1750/1593
f 1044/1745/1588 1043/1750/1593 1050/1751/1594
f 1050/1751/1594 1043/1750/1593 1049/1752/1595
f 1050/1751/1594 1049/1752/1595 1060/1753/1596
f 1060/1753/1596 1049/1752/1595 1061/1754/1597
f 1060/1753/1596 1061/1754/1597 1057/1755/1598
f 1057/1755/1598 1061/1754/1597 1056/1756/1599
f 1057/1755/1598 1056/1756/1599 1071/1757/1600
f 1071/1757/1600 1056/1756/1599 1070/1758/1601
f 1071/1757/1600 1070/1758/1601 1079/1759/1602
f 1079/1759/1602 1070/1758/1601 1080/1760/1603
f 1079/1759/1602 1080/1760/1603 1076/1761/1604
f 1076/1761/1604 1080/1760/1603 1075/1762/1605
f 1076/1761/1604 1075/1762/1605 1262/1763/1606
f 1262/1763/1606 1075/1762/1605 1261/1764/1607
f 1262/1763/1606 1261/1764/1607 1092/1765/1608
f 1092/1765/1608 1261/1764/1607 1093/1766/1609
f 1092/1765/1608 1093/1766/1609 1089/1767/1610
f 1089/1767/1610 1093/1766/1609 1088/1768/1611
f 1089/1767/1610 1088/1768/1611 1268/1769/1612
f 1268/1769/1612 1088/1768/1611 1267/1770/1613
f 1268/1769/1612 1267/1770/1613 1104/1771/1614
f 1104/1771/1614 1267/1770/1613 1105/1772/1615
f 1104/1771/1614 1105/1772/1615 1102/1773/1616
f 1102/1773/1616 1105/1772/1615 1101/1774/1617
f 1102/1773/1616 1101/1774/1617 1117/1775/1618
f 1117/1775/1618 1101/1774/1617 1118/1776/1619
f 1117/1775/1618 1118/1776/1619 1114/1777/1620
f 1114/1777/1620 1118/1776/1619 1113/1778/1621
f 1114/1777/1620 1113/1778/1621 1130/1779/1622
f 1130/1779/1622 1113/1778/1621 1131/1780/1623
f 1130/1779/1622 1131/1780/1623 1128/1781/1624
f 1128/1781/1624 1131/1780/1623 1127/1782/1625
f 1128/1781/1624 1127/1782/1625 1143/1783/1626
f 1143/1783/1626 1127/1782/1625 1144/1784/1627
f 1143/1783/1626 1144/1784/1627 1140/1785/1628
f 1140/1785/1628 1144/1784/1627 1139/1786/1629
f 1140/1785/1628 1139/1786/1629 1271/1787/1630
f 1271/1787/1630 1139/1786/1629 1270/1788/1631
f 1271/1787/1630 1270/1788/1631 1156/1789/1632
f 1156/1789/1632 1270/1788/1631 1157/1790/1633
f 1156/1789/1632 1157/1790/1633 1150/1791/1634
f 1150/1791/1634 1157/1790/1633 1149/1792/1635
f 1150/1791/1634 1149/1792/1635 1169/1793/1636
f 1169/1793/1636 1149/1792/1635 1170/1794/1637
f 1169/1793/1636 1170/1794/1637 1162/1795/1638
f 1162/1795/1638 1170/1794/1637 1161/1796/1639
f 1162/1795/1638 1161/1796/1639 1182/1797/1640
f 1182/1797/1640 1161/1796/1639 1183/1798/1641
f 1182/1797/1640 1183/1798/1641 1176/1799/1642
f 1176/1799/1642 1183/1798/1641 1175/1800/1643
f 1176/1799/1642 1175/1800/1643 1276/1801/1644
f 1276/1801/1644 1175/1800/1643 1275/1802/1645
f 1276/1801/1644 1275/1802/1645 1195/1803/1646
f 1195/1803/1646 1275/1802/1645 1196/1804/1647
f 1195/1803/1646 1196/1804/1647 1188/1805/1648
f 1188/1805/1648 1196/1804/1647 1187/1806/1649
f 1188/1805/1648 1187/1806/1649 1282/1807/1650
f 1282/1807/1650 1187/1806/1649 1281/1808/1651
f 1282/1807/1650 1281/1808/1651 1208/1809/1652
f 1208/1809/1652 1281/1808/1651 1209/1810/1653
f 1208/1809/1652 1209/1810/1653 1201/1811/1654
f 1201/1811/1654 1209/1810/1653 1200/1812/1655
f 1201/1811/1654 1200/1812/1655 1288/1813/1656
f 1288/1813/1656 1200/1812/1655 1287/1814/1657
f 1288/1813/1656 1287/1814/1657 1221/1815/1658
f 1221/1815/1658 1287/1814/1657 1222/1816/1659
f 1221/1815/1658 1222/1816/1659 1214/1817/1660
f 1214/1817/1660 1222/1816/1659 1213/1818/1661
f 1214/1817/1660 1213/1818/1661 1294/1819/1662
f 1294/1819/1662 1213/1818/1661 1293/1820/1663
f 1294/1819/1662 1293/1820/1663 1234/1821/1664
f 1234/1821/1664 1293/1820/1663 1235/1822/1665
f 1234/1821/1664 1235/1822/1665 1227/1823/1666
f 1227/1823/1666 1235/1822/1665 1226/1824/1667
f 1227/1823/1666 1226/1824/1667 1300/1825/1668
f 1300/1825/1668 1226/1824/1667 1299/1826/1669
f 1300/1825/1668 1299/1826/1669 1248/1827/1670
f 1248/1827/1670 1299/1826/1669 1249/1828/1671
f 1248/1827/1670 1249/1828/1671 1241/1829/1672
f 1241/1829/1672 1249/1828/1671 1240/1830/1673
f 1241/1829/1672 1240/1830/1673 1254/1831/1674
f 1254/1831/1674 1240/1830/1673 1255/1832/1675
f 1254/1831/1674 1255/1832/1675 576/1833/1676
f 576/1833/1676 1255/1832/1675 1256/1834/1677
f 576/1833/1676 1256/1834/1677 1009/1835/1678
f 1009/1835/1678 1256/1834/1677 1238/1836/1679
f 1009/1835/1678 1238/1836/1679 803/1837/1680
f 803/1837/1680 1238/1836/1679 1251/1838/1681
f 803/1837/1680 1251/1838/1681 1297/1839/1682
f 1297/1839/1682 1251/1838/1681 1250/1840/1683
f 1297/1839/1682 1250/1840/1683 1298/1841/1684
f 1298/1841/1684 1250/1840/1683 1249/1828/1671
f 1298/1841/1684 1249/1828/1671 1299/1826/1669
f 989/1842/1685 1041/1843/1686 988/1749/1592
f 988/1749/1592 1041/1843/1686 1042/1844/1687
f 988/1749/1592 1042/1844/1687 1043/1750/1593
f 1043/1750/1593 1042/1844/1687 1049/1752/1595
f 1041/1843/1686 989/1842/1685 1040/1845/1688
f 1040/1845/1688 989/1842/1685 990/1846/1689
f 1040/1845/1688 990/1846/1689 1038/1847/1690
f 1038/1847/1690 990/1846/1689 991/1848/1691
f 1038/1847/1690 991/1848/1691 992/1849/1692
f 799/1850/1693 819/1851/1694 992/1849/1692
f 992/1849/1692 819/1851/1694 1038/1847/1690
f 1038/1847/1690 819/1851/1694 1045/1852/1695
f 1045/1852/1695 819/1851/1694 818/1853/1696
f 1045/1852/1695 818/1853/1696 1065/1854/1697
f 1065/1854/1697 818/1853/1696 1052/1855/1698
f 1065/1854/1697 1052/1855/1698 1053/1856/1699
f 1053/1856/1699 1052/1855/1698 1067/1857/1700
f 1053/1856/1699 1067/1857/1700 1068/1858/1701
f 1068/1858/1701 1067/1857/1700 1082/1859/1702
f 1068/1858/1701 1082/1859/1702 1081/1860/1703
f 1081/1860/1703 1082/1859/1702 1074/1861/1704
f 1081/1860/1703 1074/1861/1704 1075/1762/1605
f 1075/1762/1605 1074/1861/1704 1261/1764/1607
f 818/1853/1696 817/1862/1705 1052/1855/1698
f 1052/1855/1698 817/1862/1705 1066/1863/1706
f 1052/1855/1698 1066/1863/1706 1067/1857/1700
f 1067/1857/1700 1066/1863/1706 1083/1864/1707
f 1067/1857/1700 1083/1864/1707 1082/1859/1702
f 1082/1859/1702 1083/1864/1707 1073/1865/1708
f 1082/1859/1702 1073/1865/1708 1074/1861/1704
f 1074/1861/1704 1073/1865/1708 1260/1866/1709
f 1074/1861/1704 1260/1866/1709 1261/1764/1607
f 1261/1764/1607 1260/1866/1709 1093/1766/1609
f 817/1862/1705 816/1867/1710 1066/1863/1706
f 1066/1863/1706 816/1867/1710 1084/1868/1711
f 1066/1863/1706 1084/1868/1711 1083/1864/1707
f 1083/1864/1707 1084/1868/1711 1072/1869/1712
f 1083/1864/1707 1072/1869/1712 1073/1865/1708
f 1073/1865/1708 1072/1869/1712 1259/1870/1713
f 1073/1865/1708 1259/1870/1713 1260/1866/1709
f 1260/1866/1709 1259/1870/1713 1094/1871/1714
f 1260/1866/1709 1094/1871/1714 1093/1766/1609
f 1093/1766/1609 1094/1871/1714 1088/1768/1611
f 1084/1868/1711 816/1867/1710 1035/1872/1715
f 1035/1872/1715 816/1867/1710 815/1873/1716
f 1035/1872/1715 815/1873/1716 1257/1874/1717
f 1257/1874/1717 815/1873/1716 1097/1875/1718
f 1257/1874/1717 1097/1875/1718 1096/1876/1719
f 1096/1876/1719 1097/1875/1718 1085/1877/1720
f 1096/1876/1719 1085/1877/1720 1086/1878/1721
f 1086/1878/1721 1085/1877/1720 1265/1879/1722
f 1086/1878/1721 1265/1879/1722 1266/1880/1723
f 1266/1880/1723 1265/1879/1722 1106/1881/1724
f 1266/1880/1723 1106/1881/1724 1105/1772/1615
f 1105/1772/1615 1106/1881/1724 1101/1774/1617
f 1097/1875/1718 815/1873/1716 1033/1882/1725
f 1033/1882/1725 815/1873/1716 814/1883/1726
f 1033/1882/1725 814/1883/1726 1263/1884/1727
f 1263/1884/1727 814/1883/1726 1109/1885/1728
f 1263/1884/1727 1109/1885/1728 1108/1886/1729
f 1108/1886/1729 1109/1885/1728 1098/1887/1730
f 1108/1886/1729 1098/1887/1730 1099/1888/1731
f 1099/1888/1731 1098/1887/1730 1120/1889/1732
f 1099/1888/1731 1120/1889/1732 1119/1890/1733
f 1119/1890/1733 1120/1889/1732 1112/1891/1734
f 1119/1890/1733 1112/1891/1734 1113/1778/1621
f 1113/1778/1621 1112/1891/1734 1131/1780/1623
f 1109/1885/1728 814/1883/1726 1031/1892/1735
f 1031/1892/1735 814/1883/1726 813/1893/1736
f 1031/1892/1735 813/1893/1736 1122/1894/1737
f 1122/1894/1737 813/1893/1736 1029/1895/1738
f 1122/1894/1737 1029/1895/1738 1110/1896/1739
f 1110/1896/1739 1029/1895/1738 1134/1897/1740
f 1110/1896/1739 1134/1897/1740 1133/1898/1741
f 1133/1898/1741 1134/1897/1740 1125/1899/1742
f 1133/1898/1741 1125/1899/1742 1126/1900/1743
f 1126/1900/1743 1125/1899/1742 1145/1901/1744
f 1126/1900/1743 1145/1901/1744 1144/1784/1627
f 1144/1784/1627 1145/1901/1744 1139/1786/1629
f 813/1893/1736 812/1902/1745 1029/1895/1738
f 1029/1895/1738 812/1902/1745 1135/1903/1746
f 1029/1895/1738 1135/1903/1746 1134/1897/1740
f 1134/1897/1740 1135/1903/1746 1124/1904/1747
f 1134/1897/1740 1124/1904/1747 1125/1899/1742
f 1125/1899/1742 1124/1904/1747 1146/1905/1748
f 1125/1899/1742 1146/1905/1748 1145/1901/1744
f 1145/1901/1744 1146/1905/1748 1139/1786/1629
f 811/1906/1749 1027/1907/1750 812/1902/1745
f 812/1902/1745 1027/1907/1750 1123/1908/1751
f 812/1902/1745 1123/1908/1751 1135/1903/1746
f 1135/1903/1746 1123/1908/1751 1124/1904/1747
f 810/1909/1752 1025/1910/1753 811/1906/1749
f 811/1906/1749 1025/1910/1753 1136/1911/1754
f 811/1906/1749 1136/1911/1754 1027/1907/1750
f 1027/1907/1750 1136/1911/1754 1147/1912/1755
f 1027/1907/1750 1147/1912/1755 1123/1908/1751
f 1123/1908/1751 1147/1912/1755 1124/1904/1747
f 809/1913/1756 1023/1914/1757 810/1909/1752
f 810/1909/1752 1023/1914/1757 1159/1915/1758
f 810/1909/1752 1159/1915/1758 1025/1910/1753
f 1025/1910/1753 1159/1915/1758 1158/1916/1759
f 1025/1910/1753 1158/1916/1759 1269/1917/1760
f 1269/1917/1760 1158/1916/1759 1157/1790/1633
f 1269/1917/1760 1157/1790/1633 1270/1788/1631
f 808/1918/1761 1021/1919/1762 809/1913/1756
f 809/1913/1756 1021/1919/1762 1172/1920/1763
f 809/1913/1756 1172/1920/1763 1023/1914/1757
f 1023/1914/1757 1172/1920/1763 1171/1921/1764
f 1023/1914/1757 1171/1921/1764 1148/1922/1765
f 1148/1922/1765 1171/1921/1764 1170/1794/1637
f 1148/1922/1765 1170/1794/1637 1149/1792/1635
f 807/1923/1766 1019/1924/1767 808/1918/1761
f 808/1918/1761 1019/1924/1767 1173/1925/1768
f 808/1918/1761 1173/1925/1768 1185/1926/1769
f 1185/1926/1769 1173/1925/1768 1174/1927/1770
f 1185/1926/1769 1174/1927/1770 1184/1928/1771
f 1184/1928/1771 1174/1927/1770 1175/1800/1643
f 1184/1928/1771 1175/1800/1643 1183/1798/1641
f 806/1929/1772 1017/1930/1773 807/1923/1766
f 807/1923/1766 1017/1930/1773 1198/1931/1774
f 807/1923/1766 1198/1931/1774 1019/1924/1767
f 1019/1924/1767 1198/1931/1774 1197/1932/1775
f 1019/1924/1767 1197/1932/1775 1274/1933/1776
f 1274/1933/1776 1197/1932/1775 1196/1804/1647
f 1274/1933/1776 1196/1804/1647 1275/1802/1645
f 805/1934/1777 1015/1935/1778 806/1929/1772
f 806/1929/1772 1015/1935/1778 1211/1936/1779
f 806/1929/1772 1211/1936/1779 1279/1937/1780
f 1279/1937/1780 1211/1936/1779 1210/1938/1781
f 1279/1937/1780 1210/1938/1781 1280/1939/1782
f 1280/1939/1782 1210/1938/1781 1209/1810/1653
f 1280/1939/1782 1209/1810/1653 1281/1808/1651
f 804/1940/1783 1013/1941/1784 805/1934/1777
f 805/1934/1777 1013/1941/1784 1224/1942/1785
f 805/1934/1777 1224/1942/1785 1285/1943/1786
f 1285/1943/1786 1224/1942/1785 1223/1944/1787
f 1285/1943/1786 1223/1944/1787 1286/1945/1788
f 1286/1945/1788 1223/1944/1787 1222/1816/1659
f 1286/1945/1788 1222/1816/1659 1287/1814/1657
f 803/1837/1680 1011/1946/1789 804/1940/1783
f 804/1940/1783 1011/1946/1789 1237/1947/1790
f 804/1940/1783 1237/1947/1790 1291/1948/1791
f 1291/1948/1791 1237/1947/1790 1236/1949/1792
f 1291/1948/1791 1236/1949/1792 1292/1950/1793
f 1292/1950/1793 1236/1949/1792 1235/1822/1665
f 1292/1950/1793 1235/1822/1665 1293/1820/1663
f 803/1837/1680 577/1951/887 1009/1835/1678
f 1009/1835/1678 577/1951/887 576/1833/1676
f 576/1833/1676 575/1952/1794 1254/1831/1674
f 1254/1831/1674 575/1952/1794 1253/1953/1795
f 1254/1831/1674 1253/1953/1795 1241/1829/1672
f 1241/1829/1672 1253/1953/1795 1242/1954/1796
f 1241/1829/1672 1242/1954/1796 1248/1827/1670
f 1248/1827/1670 1242/1954/1796 1247/1955/1797
f 1248/1827/1670 1247/1955/1797 1300/1825/1668
f 1300/1825/1668 1247/1955/1797 1301/1956/1798
f 1300/1825/1668 1301/1956/1798 1227/1823/1666
f 1227/1823/1666 1301/1956/1798 1228/1957/1799
f 1227/1823/1666 1228/1957/1799 1234/1821/1664
f 1234/1821/1664 1228/1957/1799 1233/1958/1800
f 1234/1821/1664 1233/1958/1800 1294/1819/1662
f 1294/1819/1662 1233/1958/1800 1295/1959/1801
f 1294/1819/1662 1295/1959/1801 1214/1817/1660
f 1214/1817/1660 1295/1959/1801 1215/1960/1802
f 1214/1817/1660 1215/1960/1802 1221/1815/1658
f 1221/1815/1658 1215/1960/1802 1220/1961/1803
f 1221/1815/1658 1220/1961/1803 1288/1813/1656
f 1288/1813/1656 1220/1961/1803 1289/1962/1804
f 1288/1813/1656 1289/1962/1804 1201/1811/1654
f 1201/1811/1654 1289/1962/1804 1202/1963/1805
f 1201/1811/1654 1202/1963/1805 1208/1809/1652
f 1208/1809/1652 1202/1963/1805 1207/1964/1806
f 1208/1809/1652 1207/1964/1806 1282/1807/1650
f 1282/1807/1650 1207/1964/1806 1283/1965/1807
f 1282/1807/1650 1283/1965/1807 1188/1805/1648
f 1188/1805/1648 1283/1965/1807 1189/1966/1808
f 1188/1805/1648 1189/1966/1808 1195/1803/1646
f 1195/1803/1646 1189/1966/1808 1194/1967/1809
f 1195/1803/1646 1194/1967/1809 1276/1801/1644
f 1276/1801/1644 1194/1967/1809 1277/1968/1810
f 1276/1801/1644 1277/1968/1810 1176/1799/1642
f 1176/1799/1642 1277/1968/1810 1177/1969/1811
f 1176/1799/1642 1177/1969/1811 1182/1797/1640
f 1182/1797/1640 1177/1969/1811 1181/1970/1812
f 1182/1797/1640 1181/1970/1812 1162/1795/1638
f 1162/1795/1638 1181/1970/1812 1163/1971/1813
f 1162/1795/1638 1163/1971/1813 1169/1793/1636
f 1169/1793/1636 1163/1971/1813 1168/1972/1814
f 1169/1793/1636 1168/1972/1814 1150/1791/1634
f 1150/1791/1634 1168/1972/1814 1151/1973/1815
f 1150/1791/1634 1151/1973/1815 1156/1789/1632
f 1156/1789/1632 1151/1973/1815 1155/1974/1816
f 1156/1789/1632 1155/1974/1816 1271/1787/1630
f 1271/1787/1630 1155/1974/1816 1272/1975/1817
f 1271/1787/1630 1272/1975/1817 1140/1785/1628
f 1140/1785/1628 1272/1975/1817 1141/1976/1818
f 1140/1785/1628 1141/1976/1818 1143/1783/1626
f 1143/1783/1626 1141/1976/1818 1028/1977/1819
f 1143/1783/1626 1028/1977/1819 1128/1781/1624
f 1128/1781/1624 1028/1977/1819 1129/1978/1820
f 1128/1781/1624 1129/1978/1820 1130/1779/1622
f 1130/1779/1622 1129/1978/1820 1030/1979/1821
f 1130/1779/1622 1030/1979/1821 1114/1777/1620
f 1114/1777/1620 1030/1979/1821 1115/1980/1822
f 1114/1777/1620 1115/1980/1822 1117/1775/1618
f 1117/1775/1618 1115/1980/1822 1116/1981/1823
f 1117/1775/1618 1116/1981/1823 1102/1773/1616
f 1102/1773/1616 1116/1981/1823 1032/1982/1824
f 1102/1773/1616 1032/1982/1824 1104/1771/1614
f 1104/1771/1614 1032/1982/1824 1103/1983/1825
f 1104/1771/1614 1103/1983/1825 1268/1769/1612
f 1268/1769/1612 1103/1983/1825 1034/1984/1826
f 1268/1769/1612 1034/1984/1826 1089/1767/1610
f 1089/1767/1610 1034/1984/1826 1090/1985/1827
f 1089/1767/1610 1090/1985/1827 1092/1765/1608
f 1092/1765/1608 1090/1985/1827 1091/1986/1828
f 1092/1765/1608 1091/1986/1828 1262/1763/1606
f 1262/1763/1606 1091/1986/1828 1036/1987/1829
f 1262/1763/1606 1036/1987/1829 1076/1761/1604
f 1076/1761/1604 1036/1987/1829 1077/1988/1830
f 1076/1761/1604 1077/1988/1830 1079/1759/1602
f 1079/1759/1602 1077/1988/1830 1078/1989/1831
f 1079/1759/1602 1078/1989/1831 1071/1757/1600
f 1071/1757/1600 1078/1989/1831 1037/1990/1832
f 1071/1757/1600 1037/1990/1832 1057/1755/1598
f 1057/1755/1598 1037/1990/1832 1058/1991/1833
f 1057/1755/1598 1058/1991/1833 1060/1753/1596
f 1060/1753/1596 1058/1991/1833 1059/1992/1834
f 1060/1753/1596 1059/1992/1834 1050/1751/1594
f 1050/1751/1594 1059/1992/1834 1051/1993/1835
f 1050/1751/1594 1051/1993/1835 1044/1745/1588
f 1044/1745/1588 1051/1993/1835 1039/1743/1586
f 574/1994/878 1010/1995/1836 575/1952/1794
f 575/1952/1794 1010/1995/1836 1252/1996/1837
f 575/1952/1794 1252/1996/1837 1253/1953/1795
f 1253/1953/1795 1252/1996/1837 1242/1954/1796
f 574/1994/878 993/1997/1838 1010/1995/1836
f 1010/1995/1836 993/1997/1838 1244/1998/1839
f 1010/1995/1836 1244/1998/1839 1243/1999/1840
f 1243/1999/1840 1244/1998/1839 1246/2000/1841
f 1243/1999/1840 1246/2000/1841 1247/1955/1797
f 1247/1955/1797 1246/2000/1841 1301/1956/1798
f 994/2001/1842 1012/2002/1843 993/1997/1838
f 993/1997/1838 1012/2002/1843 1245/2003/1844
f 993/1997/1838 1245/2003/1844 1244/1998/1839
f 1244/1998/1839 1245/2003/1844 1246/2000/1841
f 995/2004/1845 1014/2005/1846 994/2001/1842
f 994/2001/1842 1014/2005/1846 1231/2006/1847
f 994/2001/1842 1231/2006/1847 1230/2007/1848
f 1230/2007/1848 1231/2006/1847 1232/2008/1849
f 1230/2007/1848 1232/2008/1849 1229/2009/1850
f 1229/2009/1850 1232/2008/1849 1233/1958/1800
f 1229/2009/1850 1233/1958/1800 1228/1957/1799
f 996/2010/1851 1016/2011/1852 995/2004/1845
f 995/2004/1845 1016/2011/1852 1218/2012/1853
f 995/2004/1845 1218/2012/1853 1217/2013/1854
f 1217/2013/1854 1218/2012/1853 1219/2014/1855
f 1217/2013/1854 1219/2014/1855 1216/2015/1856
f 1216/2015/1856 1219/2014/1855 1220/1961/1803
f 1216/2015/1856 1220/1961/1803 1215/1960/1802
f 997/2016/1857 1018/2017/1858 996/2010/1851
f 996/2010/1851 1018/2017/1858 1205/2018/1859
f 996/2010/1851 1205/2018/1859 1204/2019/1860
f 1204/2019/1860 1205/2018/1859 1206/2020/1861
f 1204/2019/1860 1206/2020/1861 1203/2021/1862
f 1203/2021/1862 1206/2020/1861 1207/1964/1806
f 1203/2021/1862 1207/1964/1806 1202/1963/1805
f 998/2022/1863 1020/2023/1864 997/2016/1857
f 997/2016/1857 1020/2023/1864 1192/2024/1865
f 997/2016/1857 1192/2024/1865 1191/2025/1866
f 1191/2025/1866 1192/2024/1865 1193/2026/1867
f 1191/2025/1866 1193/2026/1867 1190/2027/1868
f 1190/2027/1868 1193/2026/1867 1194/1967/1809
f 1190/2027/1868 1194/1967/1809 1189/1966/1808
f 999/2028/1869 1022/2029/1870 998/2022/1863
f 998/2022/1863 1022/2029/1870 1179/2030/1871
f 998/2022/1863 1179/2030/1871 1020/2023/1864
f 1020/2023/1864 1179/2030/1871 1178/2031/1872
f 1020/2023/1864 1178/2031/1872 1278/2032/1873
f 1278/2032/1873 1178/2031/1872 1177/1969/1811
f 1278/2032/1873 1177/1969/1811 1277/1968/1810
f 1000/2033/1874 1024/2034/1875 999/2028/1869
f 999/2028/1869 1024/2034/1875 1166/2035/1876
f 999/2028/1869 1166/2035/1876 1165/2036/1877
f 1165/2036/1877 1166/2035/1876 1167/2037/1878
f 1165/2036/1877 1167/2037/1878 1164/2038/1879
f 1164/2038/1879 1167/2037/1878 1168/1972/1814
f 1164/2038/1879 1168/1972/1814 1163/1971/1813
f 1001/2039/1880 1026/2040/1881 1000/2033/1874
f 1000/2033/1874 1026/2040/1881 1153/2041/1882
f 1000/2033/1874 1153/2041/1882 1024/2034/1875
f 1024/2034/1875 1153/2041/1882 1154/2042/1883
f 1024/2034/1875 1154/2042/1883 1152/2043/1884
f 1152/2043/1884 1154/2042/1883 1155/1974/1816
f 1152/2043/1884 1155/1974/1816 1151/1973/1815
f 1002/2044/1885 1028/1977/1819 1001/2039/1880
f 1001/2039/1880 1028/1977/1819 1142/2045/1886
f 1001/2039/1880 1142/2045/1886 1026/2040/1881
f 1026/2040/1881 1142/2045/1886 1273/2046/1887
f 1026/2040/1881 1273/2046/1887 1153/2041/1882
f 1153/2041/1882 1273/2046/1887 1154/2042/1883
f 1003/2047/1888 1030/1979/1821 1002/2044/1885
f 1002/2044/1885 1030/1979/1821 1129/1978/1820
f 1002/2044/1885 1129/1978/1820 1028/1977/1819
f 1004/2048/1889 1032/1982/1824 1003/2047/1888
f 1003/2047/1888 1032/1982/1824 1116/1981/1823
f 1003/2047/1888 1116/1981/1823 1115/1980/1822
f 1005/2049/1890 1034/1984/1826 1004/2048/1889
f 1004/2048/1889 1034/1984/1826 1103/1983/1825
f 1004/2048/1889 1103/1983/1825 1032/1982/1824
f 1006/2050/1891 1036/1987/1829 1005/2049/1890
f 1005/2049/1890 1036/1987/1829 1091/1986/1828
f 1005/2049/1890 1091/1986/1828 1090/1985/1827
f 1007/2051/1892 1037/1990/1832 1006/2050/1891
f 1006/2050/1891 1037/1990/1832 1078/1989/1831
f 1006/2050/1891 1078/1989/1831 1077/1988/1830
f 1008/1741/1584 1059/1992/1834 1007/2051/1892
f 1007/2051/1892 1059/1992/1834 1058/1991/1833
f 1007/2051/1892 1058/1991/1833 1037/1990/1832
f 1011/1946/1789 803/1837/1680 1297/1839/1682
f 994/2001/1842 1230/2007/1848 1012/2002/1843
f 1012/2002/1843 1230/2007/1848 1229/2009/1850
f 1012/2002/1843 1229/2009/1850 1302/2052/1893
f 1302/2052/1893 1229/2009/1850 1228/1957/1799
f 1302/2052/1893 1228/1957/1799 1301/1956/1798
f 1013/1941/1784 804/1940/1783 1291/1948/1791
f 995/2004/1845 1217/2013/1854 1014/2005/1846
f 1014/2005/1846 1217/2013/1854 1216/2015/1856
f 1014/2005/1846 1216/2015/1856 1296/2053/1894
f 1296/2053/1894 1216/2015/1856 1215/1960/1802
f 1296/2053/1894 1215/1960/1802 1295/1959/1801
f 1015/1935/1778 805/1934/1777 1285/1943/1786
f 996/2010/1851 1204/2019/1860 1016/2011/1852
f 1016/2011/1852 1204/2019/1860 1203/2021/1862
f 1016/2011/1852 1203/2021/1862 1290/2054/1895
f 1290/2054/1895 1203/2021/1862 1202/1963/1805
f 1290/2054/1895 1202/1963/1805 1289/1962/1804
f 1017/1930/1773 806/1929/1772 1279/1937/1780
f 997/2016/1857 1191/2025/1866 1018/2017/1858
f 1018/2017/1858 1191/2025/1866 1190/2027/1868
f 1018/2017/1858 1190/2027/1868 1284/2055/1896
f 1284/2055/1896 1190/2027/1868 1189/1966/1808
f 1284/2055/1896 1189/1966/1808 1283/1965/1807
f 808/1918/1761 1185/1926/1769 1021/1919/1762
f 1021/1919/1762 1185/1926/1769 1184/1928/1771
f 1021/1919/1762 1184/1928/1771 1160/2056/1897
f 1160/2056/1897 1184/1928/1771 1183/1798/1641
f 1160/2056/1897 1183/1798/1641 1161/1796/1639
f 999/2028/1869 1165/2036/1877 1022/2029/1870
f 1022/2029/1870 1165/2036/1877 1164/2038/1879
f 1022/2029/1870 1164/2038/1879 1180/2057/1898
f 1180/2057/1898 1164/2038/1879 1163/1971/1813
f 1180/2057/1898 1163/1971/1813 1181/1970/1812
f 1030/1979/1821 1003/2047/1888 1115/1980/1822
f 1034/1984/1826 1005/2049/1890 1090/1985/1827
f 1036/1987/1829 1006/2050/1891 1077/1988/1830
f 1040/1845/1688 1038/1847/1690 1046/2058/1899
f 1046/2058/1899 1038/1847/1690 1045/1852/1695
f 1046/2058/1899 1045/1852/1695 1064/2059/1900
f 1064/2059/1900 1045/1852/1695 1065/1854/1697
f 1064/2059/1900 1065/1854/1697 1053/1856/1699
f 1041/1843/1686 1040/1845/1688 1047/2060/1901
f 1047/2060/1901 1040/1845/1688 1046/2058/1899
f 1047/2060/1901 1046/2058/1899 1063/2061/1902
f 1063/2061/1902 1046/2058/1899 1064/2059/1900
f 1063/2061/1902 1064/2059/1900 1054/2062/1903
f 1054/2062/1903 1064/2059/1900 1053/1856/1699
f 1054/2062/1903 1053/1856/1699 1068/1858/1701
f 1042/1844/1687 1041/1843/1686 1048/2063/1904
f 1048/2063/1904 1041/1843/1686 1047/2060/1901
f 1048/2063/1904 1047/2060/1901 1062/2064/1905
f 1062/2064/1905 1047/2060/1901 1063/2061/1902
f 1062/2064/1905 1063/2061/1902 1055/2065/1906
f 1055/2065/1906 1063/2061/1902 1054/2062/1903
f 1055/2065/1906 1054/2062/1903 1069/2066/1907
f 1069/2066/1907 1054/2062/1903 1068/1858/1701
f 1069/2066/1907 1068/1858/1701 1081/1860/1703
f 1059/1992/1834 1008/1741/1584 1051/1993/1835
f 1051/1993/1835 1008/1741/1584 1039/1743/1586
f 1061/1754/1597 1049/1752/1595 1048/2063/1904
f 1048/2063/1904 1049/1752/1595 1042/1844/1687
f 1061/1754/1597 1048/2063/1904 1062/2064/1905
f 1061/1754/1597 1062/2064/1905 1056/1756/1599
f 1056/1756/1599 1062/2064/1905 1055/2065/1906
f 1056/1756/1599 1055/2065/1906 1070/1758/1601
f 1070/1758/1601 1055/2065/1906 1069/2066/1907
f 1070/1758/1601 1069/2066/1907 1080/1760/1603
f 1080/1760/1603 1069/2066/1907 1081/1860/1703
f 1080/1760/1603 1081/1860/1703 1075/1762/1605
f 1084/1868/1711 1035/1872/1715 1072/1869/1712
f 1072/1869/1712 1035/1872/1715 1258/2067/1908
f 1072/1869/1712 1258/2067/1908 1259/1870/1713
f 1259/1870/1713 1258/2067/1908 1095/2068/1909
f 1259/1870/1713 1095/2068/1909 1094/1871/1714
f 1094/1871/1714 1095/2068/1909 1087/2069/1910
f 1094/1871/1714 1087/2069/1910 1088/1768/1611
f 1088/1768/1611 1087/2069/1910 1267/1770/1613
f 1097/1875/1718 1033/1882/1725 1085/1877/1720
f 1085/1877/1720 1033/1882/1725 1264/2070/1911
f 1085/1877/1720 1264/2070/1911 1265/1879/1722
f 1265/1879/1722 1264/2070/1911 1107/2071/1912
f 1265/1879/1722 1107/2071/1912 1106/1881/1724
f 1106/1881/1724 1107/2071/1912 1100/2072/1913
f 1106/1881/1724 1100/2072/1913 1101/1774/1617
f 1101/1774/1617 1100/2072/1913 1118/1776/1619
f 1096/1876/1719 1086/1878/1721 1095/2068/1909
f 1095/2068/1909 1086/1878/1721 1087/2069/1910
f 1267/1770/1613 1087/2069/1910 1266/1880/1723
f 1266/1880/1723 1087/2069/1910 1086/1878/1721
f 1257/1874/1717 1096/1876/1719 1258/2067/1908
f 1258/2067/1908 1096/1876/1719 1095/2068/1909
f 1109/1885/1728 1031/1892/1735 1098/1887/1730
f 1098/1887/1730 1031/1892/1735 1121/2073/1914
f 1098/1887/1730 1121/2073/1914 1120/1889/1732
f 1120/1889/1732 1121/2073/1914 1111/2074/1915
f 1120/1889/1732 1111/2074/1915 1112/1891/1734
f 1112/1891/1734 1111/2074/1915 1132/2075/1916
f 1112/1891/1734 1132/2075/1916 1131/1780/1623
f 1131/1780/1623 1132/2075/1916 1127/1782/1625
f 1108/1886/1729 1099/1888/1731 1107/2071/1912
f 1107/2071/1912 1099/1888/1731 1100/2072/1913
f 1118/1776/1619 1100/2072/1913 1119/1890/1733
f 1119/1890/1733 1100/2072/1913 1099/1888/1731
f 1266/1880/1723 1105/1772/1615 1267/1770/1613
f 1263/1884/1727 1108/1886/1729 1264/2070/1911
f 1264/2070/1911 1108/1886/1729 1107/2071/1912
f 1122/1894/1737 1110/1896/1739 1121/2073/1914
f 1121/2073/1914 1110/1896/1739 1111/2074/1915
f 1132/2075/1916 1111/2074/1915 1133/1898/1741
f 1133/1898/1741 1111/2074/1915 1110/1896/1739
f 1118/1776/1619 1119/1890/1733 1113/1778/1621
f 1031/1892/1735 1122/1894/1737 1121/2073/1914
f 1146/1905/1748 1124/1904/1747 1147/1912/1755
f 1132/2075/1916 1133/1898/1741 1126/1900/1743
f 1144/1784/1627 1127/1782/1625 1126/1900/1743
f 1126/1900/1743 1127/1782/1625 1132/2075/1916
f 1146/1905/1748 1147/1912/1755 1137/2076/1917
f 1137/2076/1917 1147/1912/1755 1136/1911/1754
f 1137/2076/1917 1136/1911/1754 1025/1910/1753
f 1139/1786/1629 1146/1905/1748 1138/2077/1918
f 1138/2077/1918 1146/1905/1748 1137/2076/1917
f 1138/2077/1918 1137/2076/1917 1269/1917/1760
f 1269/1917/1760 1137/2076/1917 1025/1910/1753
f 1270/1788/1631 1139/1786/1629 1138/2077/1918
f 1270/1788/1631 1138/2077/1918 1269/1917/1760
f 1273/2046/1887 1142/2045/1886 1141/1976/1818
f 1141/1976/1818 1142/2045/1886 1028/1977/1819
f 1273/2046/1887 1141/1976/1818 1272/1975/1817
f 1158/1916/1759 1159/1915/1758 1148/1922/1765
f 1148/1922/1765 1159/1915/1758 1023/1914/1757
f 1157/1790/1633 1158/1916/1759 1149/1792/1635
f 1149/1792/1635 1158/1916/1759 1148/1922/1765
f 1166/2035/1876 1024/2034/1875 1152/2043/1884
f 1168/1972/1814 1167/2037/1878 1151/1973/1815
f 1151/1973/1815 1167/2037/1878 1152/2043/1884
f 1167/2037/1878 1166/2035/1876 1152/2043/1884
f 1272/1975/1817 1155/1974/1816 1154/2042/1883
f 1272/1975/1817 1154/2042/1883 1273/2046/1887
f 1171/1921/1764 1172/1920/1763 1160/2056/1897
f 1160/2056/1897 1172/1920/1763 1021/1919/1762
f 1170/1794/1637 1171/1921/1764 1161/1796/1639
f 1161/1796/1639 1171/1921/1764 1160/2056/1897
f 1275/1802/1645 1175/1800/1643 1174/1927/1770
f 1019/1924/1767 1274/1933/1776 1173/1925/1768
f 1173/1925/1768 1274/1933/1776 1174/1927/1770
f 1274/1933/1776 1275/1802/1645 1174/1927/1770
f 1180/2057/1898 1181/1970/1812 1178/2031/1872
f 1178/2031/1872 1181/1970/1812 1177/1969/1811
f 1022/2029/1870 1180/2057/1898 1179/2030/1871
f 1179/2030/1871 1180/2057/1898 1178/2031/1872
f 1197/1932/1775 1198/1931/1774 1186/2078/1919
f 1186/2078/1919 1198/1931/1774 1017/1930/1773
f 1186/2078/1919 1017/1930/1773 1280/1939/1782
f 1280/1939/1782 1017/1930/1773 1279/1937/1780
f 1196/1804/1647 1197/1932/1775 1187/1806/1649
f 1187/1806/1649 1197/1932/1775 1186/2078/1919
f 1187/1806/1649 1186/2078/1919 1281/1808/1651
f 1281/1808/1651 1186/2078/1919 1280/1939/1782
f 1277/1968/1810 1194/1967/1809 1193/2026/1867
f 1020/2023/1864 1278/2032/1873 1192/2024/1865
f 1192/2024/1865 1278/2032/1873 1193/2026/1867
f 1278/2032/1873 1277/1968/1810 1193/2026/1867
f 1210/1938/1781 1211/1936/1779 1199/2079/1920
f 1199/2079/1920 1211/1936/1779 1015/1935/1778
f 1199/2079/1920 1015/1935/1778 1286/1945/1788
f 1286/1945/1788 1015/1935/1778 1285/1943/1786
f 1209/1810/1653 1210/1938/1781 1200/1812/1655
f 1200/1812/1655 1210/1938/1781 1199/2079/1920
f 1200/1812/1655 1199/2079/1920 1287/1814/1657
f 1287/1814/1657 1199/2079/1920 1286/1945/1788
f 1283/1965/1807 1207/1964/1806 1206/2020/1861
f 1018/2017/1858 1284/2055/1896 1205/2018/1859
f 1205/2018/1859 1284/2055/1896 1206/2020/1861
f 1284/2055/1896 1283/1965/1807 1206/2020/1861
f 1223/1944/1787 1224/1942/1785 1212/2080/1921
f 1212/2080/1921 1224/1942/1785 1013/1941/1784
f 1212/2080/1921 1013/1941/1784 1292/1950/1793
f 1292/1950/1793 1013/1941/1784 1291/1948/1791
f 1222/1816/1659 1223/1944/1787 1213/1818/1661
f 1213/1818/1661 1223/1944/1787 1212/2080/1921
f 1213/1818/1661 1212/2080/1921 1293/1820/1663
f 1293/1820/1663 1212/2080/1921 1292/1950/1793
f 1289/1962/1804 1220/1961/1803 1219/2014/1855
f 1016/2011/1852 1290/2054/1895 1218/2012/1853
f 1218/2012/1853 1290/2054/1895 1219/2014/1855
f 1290/2054/1895 1289/1962/1804 1219/2014/1855
f 1236/1949/1792 1237/1947/1790 1225/2081/1922
f 1225/2081/1922 1237/1947/1790 1011/1946/1789
f 1225/2081/1922 1011/1946/1789 1298/1841/1684
f 1298/1841/1684 1011/1946/1789 1297/1839/1682
f 1235/1822/1665 1236/1949/1792 1226/1824/1667
f 1226/1824/1667 1236/1949/1792 1225/2081/1922
f 1226/1824/1667 1225/2081/1922 1299/1826/1669
f 1299/1826/1669 1225/2081/1922 1298/1841/1684
f 1295/1959/1801 1233/1958/1800 1232/2008/1849
f 1014/2005/1846 1296/2053/1894 1231/2006/1847
f 1231/2006/1847 1296/2053/1894 1232/2008/1849
f 1296/2053/1894 1295/1959/1801 1232/2008/1849
f 1250/1840/1683 1251/1838/1681 1239/2082/1923
f 1239/2082/1923 1251/1838/1681 1238/1836/1679
f 1239/2082/1923 1238/1836/1679 1256/1834/1677
f 1249/1828/1671 1250/1840/1683 1240/1830/1673
f 1240/1830/1673 1250/1840/1683 1239/2082/1923
f 1240/1830/1673 1239/2082/1923 1255/1832/1675
f 1255/1832/1675 1239/2082/1923 1256/1834/1677
f 1247/1955/1797 1242/1954/1796 1243/1999/1840
f 1243/1999/1840 1242/1954/1796 1252/1996/1837
f 1243/1999/1840 1252/1996/1837 1010/1995/1836
f 1012/2002/1843 1302/2052/1893 1245/2003/1844
f 1245/2003/1844 1302/2052/1893 1246/2000/1841
f 1302/2052/1893 1301/1956/1798 1246/2000/1841
f 1257/1874/1717 1258/2067/1908 1035/1872/1715
f 1263/1884/1727 1264/2070/1911 1033/1882/1725
f 1303/2083/1924 983/2084/1925 1319/2085/1926
f 1319/2085/1926 983/2084/1925 1008/2086/1927
f 1319/2085/1926 1008/2086/1927 1318/2087/1928
f 1318/2087/1928 1008/2086/1927 1007/2088/1929
f 1318/2087/1928 1007/2088/1929 1317/2089/1930
f 1317/2089/1930 1007/2088/1929 1006/2090/1931
f 1317/2089/1930 1006/2090/1931 1316/2091/1932
f 1316/2091/1932 1006/2090/1931 1005/2092/1933
f 1316/2091/1932 1005/2092/1933 1315/2093/1934
f 1315/2093/1934 1005/2092/1933 1004/2094/1935
f 1315/2093/1934 1004/2094/1935 1314/2095/1936
f 1314/2095/1936 1004/2094/1935 1003/2096/1937
f 1314/2095/1936 1003/2096/1937 1313/2097/1938
f 1313/2097/1938 1003/2096/1937 1002/2098/1939
f 1313/2097/1938 1002/2098/1939 1312/2099/1940
f 1312/2099/1940 1002/2098/1939 1001/2100/1941
f 1312/2099/1940 1001/2100/1941 1311/2101/1942
f 1311/2101/1942 1001/2100/1941 1000/2102/1943
f 1311/2101/1942 1000/2102/1943 1310/2103/1944
f 1310/2103/1944 1000/2102/1943 999/2104/1945
f 1310/2103/1944 999/2104/1945 1309/2105/1946
f 1309/2105/1946 999/2104/1945 998/2106/1947
f 1309/2105/1946 998/2106/1947 1308/2107/1948
f 1308/2107/1948 998/2106/1947 997/2108/1949
f 1308/2107/1948 997/2108/1949 1307/2109/1950
f 1307/2109/1950 997/2108/1949 996/2110/1951
f 1307/2109/1950 996/2110/1951 1306/2111/1952
f 1306/2111/1952 996/2110/1951 995/2112/1953
f 1306/2111/1952 995/2112/1953 1305/2113/1954
f 1305/2113/1954 995/2112/1953 994/2114/1955
f 1305/2113/1954 994/2114/1955 993/2115/1956
f 574/2116/878 944/2117/1957 993/2115/1956
f 993/2115/1956 944/2117/1957 1304/2118/1958
f 993/2115/1956 1304/2118/1958 1305/2113/1954
f 944/2117/1957 574/2116/878 945/2119/1959
f 945/2119/1959 574/2116/878 581/2120/880
f 945/2119/1959 581/2120/880 946/2121/1960
f 946/2121/1960 581/2120/880 580/2122/882
f 946/2121/1960 580/2122/882 392/2123/783
f 946/2121/1960 392/2123/783 313/2124/1961
f 313/2124/1961 392/2123/783 391/2125/1962
f 313/2124/1961 391/2125/1962 314/2126/1963
f 314/2126/1963 391/2125/1962 390/2127/1964
f 314/2126/1963 390/2127/1964 315/2128/1965
f 315/2128/1965 390/2127/1964 389/2129/1966
f 315/2128/1965 389/2129/1966 316/2130/1967
f 316/2130/1967 389/2129/1966 388/2131/1968
f 316/2130/1967 388/2131/1968 317/2132/1969
f 317/2132/1969 388/2131/1968 387/2133/1970
f 317/2132/1969 387/2133/1970 318/2134/1971
f 318/2134/1971 387/2133/1970 386/2135/1972
f 318/2134/1971 386/2135/1972 319/2136/1973
f 319/2136/1973 386/2135/1972 385/2137/1974
f 319/2136/1973 385/2137/1974 320/2138/1975
f 320/2138/1975 385/2137/1974 384/2139/1976
f 320/2138/1975 384/2139/1976 321/2140/1977
f 321/2140/1977 384/2139/1976 383/2141/1978
f 321/2140/1977 383/2141/1978 322/2142/1979
f 322/2142/1979 383/2141/1978 382/2143/1980
f 322/2142/1979 382/2143/1980 323/2144/1981
f 323/2144/1981 382/2143/1980 381/2145/1982
f 323/2144/1981 381/2145/1982 324/2146/1983
f 324/2146/1983 381/2145/1982 380/2147/1984
f 324/2146/1983 380/2147/1984 325/2148/1985
f 325/2148/1985 380/2147/1984 379/2149/1986
f 325/2148/1985 379/2149/1986 326/2150/1987
f 326/2150/1987 379/2149/1986 378/2151/1988
f 326/2150/1987 378/2151/1988 327/2152/1989
f 327/2152/1989 378/2151/1988 377/2153/1990
f 327/2152/1989 377/2153/1990 328/2154/1991
f 328/2154/1991 377/2153/1990 376/2155/1992
f 328/2154/1991 376/2155/1992 375/2156/1993
f 328/2154/1991 375/2156/1993 329/2157/1994
f 329/2157/1994 375/2156/1993 251/2158/1995
f 329/2157/1994 251/2158/1995 268/2159/1996
f 1321/2160/1997 343/2161/1998 1320/2162/1999
f 1320/2162/1999 343/2161/1998 342/2163/2000
f 1320/2162/1999 342/2163/2000 1343/2164/2001
f 1343/2164/2001 342/2163/2000 1342/2165/2002
f 1342/2165/2002 342/2163/2000 1341/2166/2003
f 1321/2160/1997 1322/2167/2004 343/2161/1998
f 343/2161/1998 1322/2167/2004 344/2168/2005
f 344/2168/2005 1322/2167/2004 1323/2169/2006
f 344/2168/2005 1323/2169/2006 345/2170/2007
f 345/2170/2007 1323/2169/2006 1324/2171/2008
f 345/2170/2007 1324/2171/2008 346/2172/2009
f 346/2172/2009 1324/2171/2008 1325/2173/2010
f 346/2172/2009 1325/2173/2010 347/2174/2011
f 347/2174/2011 1325/2173/2010 1326/2175/2012
f 347/2174/2011 1326/2175/2012 348/2176/2013
f 348/2176/2013 1326/2175/2012 1327/2177/2014
f 348/2176/2013 1327/2177/2014 349/2178/2015
f 349/2178/2015 1327/2177/2014 1328/2179/2016
f 349/2178/2015 1328/2179/2016 350/2180/2017
f 350/2180/2017 1328/2179/2016 1329/2181/2018
f 350/2180/2017 1329/2181/2018 351/2182/2019
f 351/2182/2019 1329/2181/2018 1330/2183/2020
f 351/2182/2019 1330/2183/2020 352/2184/2021
f 352/2184/2021 1330/2183/2020 1331/2185/2022
f 352/2184/2021 1331/2185/2022 1332/2186/2023
f 352/2184/2021 1332/2186/2023 353/2187/2024
f 353/2187/2024 1332/2186/2023 1333/2188/2025
f 353/2187/2024 1333/2188/2025 354/2189/2026
f 354/2189/2026 1333/2188/2025 1334/2190/2027
f 354/2189/2026 1334/2190/2027 355/2191/2028
f 355/2191/2028 1334/2190/2027 1335/2192/2029
f 355/2191/2028 1335/2192/2029 356/2193/2030
f 356/2193/2030 1335/2192/2029 1336/2194/2031
f 356/2193/2030 1336/2194/2031 357/2195/2032
f 357/2195/2032 1336/2194/2031 1337/2196/2033
f 357/2195/2032 1337/2196/2033 358/2197/2034
f 358/2197/2034 1337/2196/2033 1338/2198/2035
f 358/2197/2034 1338/2198/2035 359/2199/2036
f 359/2199/2036 1338/2198/2035 1339/2200/2037
f 359/2199/2036 1339/2200/2037 360/2201/2038
f 360/2201/2038 1339/2200/2037 1340/2202/2039
f 360/2201/2038 1340/2202/2039 361/2203/2040
f 361/2203/2040 1340/2202/2039 262/2204/2041
f 361/2203/2040 262/2204/2041 261/2205/2042
f 361/2203/2040 261/2205/2042 301/2206/2043
f 301/2206/2043 261/2205/2042 271/2207/2044
f 301/2206/2043 271/2207/2044 270/2208/2045
f 270/2208/2045 269/2209/2046 301/2206/2043
f 1344/2210/2047 1345/2211/2048 947/2212/2049
f 947/2212/2049 1345/2211/2048 948/2213/2050
f 948/2213/2050 1345/2211/2048 1346/2214/2051
f 948/2213/2050 1346/2214/2051 949/2215/2052
f 949/2215/2052 1346/2214/2051 1303/2216/2053
f 949/2215/2052 1303/2216/2053 1319/2217/2054
f 949/2215/2052 1319/2217/2054 950/2218/2055
f 950/2218/2055 1319/2217/2054 1318/2219/2056
f 950/2218/2055 1318/2219/2056 1317/2220/2057
f 1317/2220/2057 1316/2221/2058 950/2218/2055
f 950/2218/2055 1316/2221/2058 951/2222/2059
f 951/2222/2059 1316/2221/2058 1315/2223/2060
f 951/2222/2059 1315/2223/2060 1314/2224/2061
f 951/2222/2059 1314/2224/2061 952/2225/2062
f 952/2225/2062 1314/2224/2061 1313/2226/2063
f 952/2225/2062 1313/2226/2063 1312/2227/2064
f 952/2225/2062 1312/2227/2064 953/2228/2065
f 953/2228/2065 1312/2227/2064 1311/2229/2066
f 953/2228/2065 1311/2229/2066 954/2230/2067
f 954/2230/2067 1311/2229/2066 1310/2231/2068
f 954/2230/2067 1310/2231/2068 1309/2232/2069
f 954/2230/2067 1309/2232/2069 955/2233/2070
f 955/2233/2070 1309/2232/2069 1308/2234/2071
f 955/2233/2070 1308/2234/2071 956/2235/2072
f 956/2235/2072 1308/2234/2071 1307/2236/2073
f 956/2235/2072 1307/2236/2073 1306/2237/2074
f 956/2235/2072 1306/2237/2074 957/2238/2075
f 957/2238/2075 1306/2237/2074 1305/2239/2076
f 957/2238/2075 1305/2239/2076 958/2240/2077
f 958/2240/2077 1305/2239/2076 1304/2241/2078
f 958/2240/2077 1304/2241/2078 56/2242/1421
f 56/2242/1421 1304/2241/2078 944/2243/1419
f 1321/2244/2079 1344/2245/2047 1322/2246/2080
f 1322/2246/2080 1344/2245/2047 1323/2247/2081
f 1323/2247/2081 1344/2245/2047 1324/2248/2082
f 1324/2248/2082 1344/2245/2047 1325/2249/2083
f 1325/2249/2083 1344/2245/2047 947/2250/2049
f 1325/2249/2083 947/2250/2049 1326/2251/2084
f 1326/2251/2084 947/2250/2049 1327/2252/2085
f 1327/2252/2085 947/2250/2049 1328/2253/2086
f 1328/2253/2086 947/2250/2049 1329/2254/2087
f 1329/2254/2087 947/2250/2049 186/2255/2088
f 1329/2254/2087 186/2255/2088 1330/2256/2089
f 1330/2256/2089 186/2255/2088 1331/2257/2090
f 1331/2257/2090 186/2255/2088 185/2258/2091
f 1331/2257/2090 185/2258/2091 184/2259/2092
f 184/2259/2092 183/2260/2093 1331/2257/2090
f 1331/2257/2090 183/2260/2093 182/2261/2094
f 1331/2257/2090 182/2261/2094 1332/2262/2095
f 1332/2262/2095 182/2261/2094 181/2263/2096
f 1332/2262/2095 181/2263/2096 1333/2264/2097
f 1333/2264/2097 181/2263/2096 180/2265/2098
f 1333/2264/2097 180/2265/2098 1334/2266/2099
f 1334/2266/2099 180/2265/2098 1335/2267/2100
f 1335/2267/2100 180/2265/2098 179/2268/2101
f 1335/2267/2100 179/2268/2101 1336/2269/2102
f 1336/2269/2102 179/2268/2101 178/2270/2103
f 1336/2269/2102 178/2270/2103 1337/2271/2104
f 1337/2271/2104 178/2270/2103 177/2272/2105
f 1337/2271/2104 177/2272/2105 1338/2273/2106
f 1338/2273/2106 177/2272/2105 176/2274/2107
f 1338/2273/2106 176/2274/2107 1339/2275/2108
f 1339/2275/2108 176/2274/2107 175/2276/2109
f 1339/2275/2108 175/2276/2109 1340/2277/2110
f 1340/2277/2110 175/2276/2109 174/2278/2111
f 1340/2277/2110 174/2278/2111 262/2279/2112
f 1341/2280/2113 342/2281/2114 1351/2282/2115
f 1351/2282/2115 342/2281/2114 341/2283/2116
f 1351/2282/2115 341/2283/2116 802/2284/2117
f 1351/2282/2115 802/2284/2117 1350/2285/2118
f 1350/2285/2118 802/2284/2117 801/2286/2119
f 1350/2285/2118 801/2286/2119 1349/2287/2120
f 1349/2287/2120 801/2286/2119 800/2288/2121
f 1349/2287/2120 800/2288/2121 1348/2289/2122
f 1348/2289/2122 800/2288/2121 799/2290/2123
f 1348/2289/2122 799/2290/2123 1347/2291/2124
f 1347/2291/2124 799/2290/2123 991/2292/2125
f 1347/2291/2124 991/2292/2125 990/2293/2126
f 799/2290/2123 992/2294/2127 991/2292/2125
f 990/2293/2126 989/2295/2128 1347/2291/2124
f 1347/2291/2124 989/2295/2128 988/2296/2129
f 1347/2291/2124 988/2296/2129 987/2297/2130
f 987/2297/2130 986/2298/2131 1347/2291/2124
f 1347/2291/2124 986/2298/2131 985/2299/2132
f 1320/2300/2133 1343/2301/2134 1352/2302/2135
f 1352/2302/2135 1343/2301/2134 1342/2303/2136
f 1352/2302/2135 1342/2303/2136 1351/2304/2137
f 1351/2304/2137 1342/2303/2136 1341/2305/2138
f 1352/2306/2135 1351/2307/2137 1356/2308/2139
f 1356/2308/2139 1351/2307/2137 1350/2309/2140
f 1356/2308/2139 1350/2309/2140 1355/2310/2141
f 1355/2310/2141 1350/2309/2140 1349/2311/2142
f 1355/2310/2141 1349/2311/2142 1354/2312/2143
f 1354/2312/2143 1349/2311/2142 1348/2313/2144
f 1354/2312/2143 1348/2313/2144 1353/2314/2145
f 1353/2314/2145 1348/2313/2144 1347/2315/2146
f 984/2316/2147 1353/2317/2145 985/2318/2148
f 985/2318/2148 1353/2317/2145 1347/2319/2146
f 1321/2320/2149 1320/2321/2150 1344/2322/2151
f 1344/2322/2151 1320/2321/2150 1352/2323/2152
f 1344/2322/2151 1352/2323/2152 1356/2324/2153
f 1356/2324/2153 1355/2325/2154 1344/2322/2151
f 1344/2322/2151 1355/2325/2154 1345/2326/2155
f 1345/2326/2155 1355/2325/2154 1354/2327/2156
f 1345/2326/2155 1354/2327/2156 1346/2328/2157
f 1346/2328/2157 1354/2327/2156 1353/2329/2158
f 1346/2328/2157 1353/2329/2158 1303/2330/2159
f 1303/2330/2159 1353/2329/2158 984/2331/2160
f 1303/2330/2159 984/2331/2160 983/2332/2161
g shell2

v 0.100000 -34.791332 650.000000
v 0.100000 -38.183548 650.000000
v -0.100000 -38.183548 650.000000
v -0.100000 -34.791332 650.000000
v 0.300000 -34.791332 703.071162
v 0.300000 -38.183548 697.643616
v 0.300000 -38.183548 650.000000
v 0.300000 -34.791332 650.000000
v -0.100000 -34.791332 703.071162
v -0.100000 -38.183548 697.643616
v -1.129000 -38.183548 697.643616
v -1.129000 -33.763027 704.716452
v 2.371000 -33.763027 704.716452
v 2.371000 -38.183548 697.643616
v -0.099557 -38.183548 649.993355
v -1.116658 -38.183548 649.742215
v -1.985385 -38.183548 649.156657
v -2.599796 -38.183548 648.308090
v -2.884962 -38.183548 647.300000
v -27.756165 -38.183548 647.300000
v -27.756165 -38.183548 671.016452
v -27.485139 -38.183548 674.805892
v -26.677578 -38.183548 678.518191
v -25.349921 -38.183548 682.077776
v -23.529197 -38.183548 685.412184
v -21.252469 -38.183548 688.453536
v -18.566085 -38.183548 691.139920
v -15.524732 -38.183548 693.416648
v -12.190324 -38.183548 695.237373
v -8.630739 -38.183548 696.565029
v -4.918441 -38.183548 697.372590
v 0.100000 -32.043420 577.500000
v 0.100000 -38.065514 577.500000
v 0.300000 -38.065514 577.500000
v 0.300000 -32.043420 577.500000
v 0.300000 -1.758135 548.364509
v 0.300000 -5.888418 548.859720
v 0.300000 -9.920326 549.883535
v 0.300000 -13.786498 551.418850
v 0.300000 -17.422343 553.440015
v 0.300000 -20.767118 555.913263
v 0.300000 -23.764943 558.797275
v 0.300000 -26.365734 562.043867
v 0.300000 -28.526041 565.598800
v 0.300000 -30.209772 569.402683
v 0.300000 -31.388798 573.391966
v 0.300000 -37.428808 572.945681
v 0.300000 -36.249218 568.500933
v 0.300000 -34.543853 564.230225
v 0.300000 -32.337450 560.195501
v 0.300000 -29.662011 556.455282
v 0.300000 -26.556341 553.063817
v 0.300000 -23.065487 550.070299
v 0.300000 -19.240081 547.518147
v 0.300000 -15.135608 545.444377
v 0.300000 -10.811603 543.879069
v 0.300000 -6.330781 542.844926
v 0.300000 -1.758135 542.356949
v -0.100000 -1.758135 548.364509
v -0.100000 -1.758135 542.356949
v -0.100000 -32.043420 577.500000
v -0.100000 -38.065514 577.500000
v -0.100000 -5.888418 548.859720
v -0.100000 -9.920326 549.883535
v -0.100000 -13.786498 551.418850
v -0.100000 -17.422343 553.440015
v -0.100000 -20.767118 555.913263
v -0.100000 -23.764943 558.797275
v -0.100000 -26.365734 562.043867
v -0.100000 -28.526041 565.598800
v -0.100000 -30.209772 569.402683
v -0.100000 -31.388798 573.391966
v -0.100000 -6.330781 542.844926
v -0.100000 -10.811603 543.879069
v -0.100000 -15.135608 545.444377
v -0.100000 -19.240081 547.518147
v -0.100000 -23.065487 550.070299
v -0.100000 -26.556341 553.063817
v -0.100000 -29.662011 556.455282
v -0.100000 -32.337450 560.195501
v -0.100000 -34.543853 564.230225
v -0.100000 -36.249218 568.500933
v -0.100000 -37.428808 572.945681
v 3.084962 -38.182370 580.200000
v 28.998165 -38.182370 580.200000
v 28.998165 -37.863855 575.569295
v 28.998165 -36.985819 571.011452
v 28.998165 -35.561238 566.593824
v 28.998165 -33.611161 562.381689
v 28.998165 -31.164407 558.437291
v 28.998165 -28.257130 554.818918
v 28.998165 -24.932293 551.580039
v 28.998165 -21.239027 548.768516
v 28.998165 -17.231909 546.425894
v 28.998165 -12.970151 544.586791
v 28.998165 -8.516731 543.278384
v 28.998165 -3.937458 542.520008
v 28.998165 0.700000 542.322868
v -27.756165 0.700000 542.322868
v -27.756165 -3.937458 542.520008
v -27.756165 -8.516731 543.278384
v -27.756165 -12.970151 544.586791
v -27.756165 -17.231909 546.425894
v -27.756165 -21.239027 548.768516
v -27.756165 -24.932293 551.580039
v -27.756165 -28.257130 554.818918
v -27.756165 -31.164407 558.437291
v -27.756165 -33.611161 562.381689
v -27.756165 -35.561238 566.593824
v -27.756165 -36.985819 571.011452
v -27.756165 -37.863855 575.569295
v -27.756165 -38.182370 580.200000
v -2.884962 -38.182370 580.200000
v -2.596191 -38.160885 579.184980
v -1.986197 -38.122640 578.344159
v -1.120601 -38.085082 577.759590
v -0.099536 -38.066073 577.506914
v 0.299536 -38.066073 577.506914
v 1.320601 -38.085082 577.759590
v 2.186197 -38.122640 578.344159
v 2.796191 -38.160885 579.184980
v 33.798165 -35.183548 580.500000
v 33.797938 -35.183548 580.399997
v 33.797255 -35.183548 580.299997
v 33.796119 -35.183548 580.200000
v 3.084962 -35.183548 580.200000
v 3.098328 -35.183548 580.399851
v 3.098328 -35.183548 580.600149
v 3.084962 -35.183548 580.800000
v 33.798165 -35.183548 580.800000
v 28.998165 -38.183548 580.800000
v 3.084962 -38.183548 580.800000
v 28.998165 -38.183548 646.700000
v 33.798165 -35.183548 646.700000
v 33.798165 -35.183548 647.300000
v 28.998165 -38.183548 647.300000
v 28.998165 -38.183548 671.016452
v 36.071000 -33.763027 671.016452
v 36.071000 -33.763027 580.500000
v 2.799796 -38.183548 581.808090
v 2.185385 -38.183548 582.656657
v 1.316658 -38.183548 583.242215
v 0.299557 -38.183548 583.493355
v 0.100000 -38.183548 583.500000
v 0.300000 -38.183548 583.500000
v 0.300000 -38.183548 644.000000
v 0.100000 -38.183548 644.000000
v 0.299557 -38.183548 644.006645
v 1.316658 -38.183548 644.257785
v 2.185385 -38.183548 644.843343
v 2.799796 -38.183548 645.691910
v 3.084962 -38.183548 646.700000
v -32.554119 -35.183548 580.200000
v -2.884962 -35.183548 580.200000
v -32.556165 -35.183548 580.800000
v -27.756165 -38.183548 580.800000
v -2.884962 -38.183548 580.800000
v -2.884962 -35.183548 580.800000
v -32.555255 -35.183548 580.299997
v -32.555938 -35.183548 580.399997
v -32.556165 -35.183548 580.500000
v -2.898328 -35.183548 580.600149
v -2.898328 -35.183548 580.399851
v -31.401368 0.700000 544.601527
v -34.829000 0.700000 546.744231
v -34.829000 -3.769979 546.948112
v -34.829000 -8.173741 547.741308
v -34.829000 -12.433937 549.109887
v -34.829000 -16.475739 551.029812
v -34.829000 -20.228157 553.467360
v -34.829000 -23.625281 556.379717
v -34.829000 -26.607444 559.715730
v -34.829000 -29.122266 563.416804
v -34.829000 -31.125576 567.417933
v -34.829000 -32.582187 571.648839
v -34.829000 -33.466515 576.035209
v -34.829000 -33.763027 580.500000
v -27.756165 -38.183548 646.700000
v -2.884962 -38.183548 646.700000
v -2.599796 -38.183548 645.691910
v -1.985385 -38.183548 644.843343
v -1.116658 -38.183548 644.257785
v -0.099557 -38.183548 644.006645
v -0.100000 -38.183548 644.000000
v -0.100000 -38.183548 583.500000
v -0.099557 -38.183548 583.493355
v -1.116658 -38.183548 583.242215
v -1.985385 -38.183548 582.656657
v -2.599796 -38.183548 581.808090
v 0.100000 -34.791332 644.000000
v 0.300000 -34.791332 644.000000
v 0.100000 -33.765741 583.500000
v -0.100000 -33.765741 583.500000
v 0.300000 -34.791332 586.871677
v 0.300000 -33.765741 583.500000
v -0.100000 -34.791332 586.871677
v -0.100000 -34.791332 644.000000
v 3.084962 -35.183548 647.300000
v 3.084962 -38.183548 647.300000
v 3.084962 -35.183548 646.700000
v 3.098328 -35.183548 646.899851
v 3.098328 -35.183548 647.100149
v 6.160441 -38.183548 697.372590
v 9.872739 -38.183548 696.565029
v 13.432324 -38.183548 695.237373
v 16.766732 -38.183548 693.416648
v 19.808085 -38.183548 691.139920
v 22.494469 -38.183548 688.453536
v 24.771197 -38.183548 685.412184
v 26.591921 -38.183548 682.077776
v 27.919578 -38.183548 678.518191
v 28.727139 -38.183548 674.805892
v 2.799796 -38.183548 648.308090
v 2.185385 -38.183548 649.156657
v 1.316658 -38.183548 649.742215
v 0.299557 -38.183548 649.993355
v -32.556165 -35.183548 646.700000
v -2.884962 -35.183548 646.700000
v -32.556165 -35.183548 647.300000
v -2.884962 -35.183548 647.300000
v -2.898328 -35.183548 647.100149
v -2.898328 -35.183548 646.899851
v 0.100000 -33.558577 644.000000
v 1.401651 -33.558577 644.297093
v 2.445494 -33.558577 645.129531
v 3.024784 -33.558577 646.332437
v 3.024784 -33.558577 647.667563
v 2.445494 -33.558577 648.870469
v 1.401651 -33.558577 649.702907
v 0.100000 -33.558577 650.000000
v -1.201651 -33.558577 649.702907
v -2.245494 -33.558577 648.870469
v -2.824784 -33.558577 647.667563
v -2.824784 -33.558577 646.332437
v -2.245494 -33.558577 645.129531
v -1.201651 -33.558577 644.297093
v -33.551297 0.700000 682.512539
v -33.551297 0.700000 680.208006
v -34.259120 0.700000 677.187767
v -34.686228 0.700000 674.115237
v -34.829000 0.700000 671.016452
v 32.643368 0.700000 544.601527
v 36.071000 0.700000 546.744231
v 36.071000 0.700000 552.741738
v 36.771000 0.700000 552.741738
v 36.771000 0.700000 546.349000
v 29.198922 0.700000 541.616452
v -27.956922 0.700000 541.616452
v -35.529000 0.700000 546.349000
v -35.529000 0.700000 671.016452
v -35.310104 0.700000 674.891004
v -34.656200 0.700000 678.716246
v -33.575612 0.700000 682.443497
v 36.771000 0.700000 608.258262
v 36.071000 0.700000 608.258262
v 36.071000 0.700000 671.016452
v 35.810579 0.700000 675.197906
v 35.033340 0.700000 679.314736
v 33.751297 0.700000 683.303313
v 33.751297 0.700000 685.110551
v 33.784621 0.700000 685.035882
v 35.080311 0.700000 681.668258
v 36.016123 0.700000 678.183440
v 36.581760 0.700000 674.619768
v 36.771000 0.700000 671.016452
v 33.758428 -0.100000 685.094572
v 33.784621 -0.100000 685.035882
v 35.080311 -0.100000 681.668258
v 36.016123 -0.100000 678.183440
v 36.581760 -0.100000 674.619768
v 36.771000 -0.100000 671.016452
v 36.771000 -0.100000 608.338841
v 36.771000 0.166920 608.314540
v 36.771000 0.433595 608.287679
v 33.758428 -0.100000 685.158481
v 33.781224 -0.100000 685.272403
v 33.844750 -0.100000 685.369142
v 33.941179 -0.100000 685.434409
v 34.001399 -0.100000 685.453044
v 34.064082 -0.100000 685.458653
v 34.176435 -0.100000 685.434180
v 34.266503 -0.100000 685.374882
v 34.332384 -0.100000 685.280740
v 35.650737 -0.100000 681.854306
v 36.602918 -0.100000 678.308624
v 37.178450 -0.100000 674.682707
v 37.371000 -0.100000 671.016452
v 37.371000 -0.100000 608.338841
v 37.371000 -4.121720 608.395002
v 37.371000 -8.109837 607.873177
v 37.371000 -11.981719 606.784179
v 37.371000 -15.657140 605.150573
v 37.371000 -19.059944 603.006207
v 37.371000 -22.119626 600.395511
v 37.371000 -24.772789 597.372581
v 37.371000 -26.964459 594.000050
v 37.371000 -28.649225 590.347797
v 37.371000 -29.792179 586.491499
v 37.371000 -30.369638 582.511056
v 37.371000 -30.369638 578.488944
v 37.371000 -29.792179 574.508501
v 37.371000 -28.649225 570.652203
v 37.371000 -26.964459 566.999950
v 37.371000 -24.772789 563.627419
v 37.371000 -22.119626 560.604489
v 37.371000 -19.059944 557.993793
v 37.371000 -15.657140 555.849427
v 37.371000 -11.981719 554.215821
v 37.371000 -8.109837 553.126823
v 37.371000 -4.121720 552.604998
v 37.371000 -0.100000 552.661159
v 36.771000 -0.100000 552.661159
v 36.771000 0.166920 552.685460
v 36.771000 0.433595 552.712321
v 36.071000 -3.388326 552.572022
v 36.071000 -7.457602 553.001213
v 36.071000 -11.420563 554.020109
v 36.071000 -15.192226 555.606858
v 36.071000 -18.691707 557.727435
v 36.071000 -21.843961 560.336363
v 36.071000 -24.581389 563.377695
v 36.071000 -26.845288 566.786210
v 36.071000 -28.587108 570.488813
v 36.071000 -29.769498 574.406104
v 36.071000 -30.367100 578.454077
v 36.071000 -30.367100 582.545923
v 36.071000 -29.769498 586.593896
v 36.071000 -28.587108 590.511187
v 36.071000 -26.845288 594.213790
v 36.071000 -24.581389 597.622305
v 36.071000 -21.843961 600.663637
v 36.071000 -18.691707 603.272565
v 36.071000 -15.192226 605.393142
v 36.071000 -11.420563 606.979891
v 36.071000 -7.457602 607.998787
v 36.071000 -3.388326 608.427978
v 36.771000 -0.100000 546.349000
v 29.198922 -0.100000 541.616452
v -27.956922 -0.100000 541.616452
v -35.529000 -0.100000 546.349000
v -35.529000 -0.100000 671.016452
v -35.310104 -0.100000 674.891004
v -34.656200 -0.100000 678.716246
v -33.575612 -0.100000 682.443497
v -33.558428 -0.100000 682.492290
v 37.371000 -0.100000 546.182872
v 37.354086 -0.100000 546.083561
v 37.305250 -0.100000 545.995449
v 37.230000 -0.100000 545.928471
v 29.371000 -0.100000 541.016578
v -28.129000 -0.100000 541.016578
v -35.988000 -0.100000 545.928471
v -36.063250 -0.100000 545.995449
v -36.112086 -0.100000 546.083561
v -36.129000 -0.100000 546.182872
v -36.129000 -0.100000 671.016452
v -35.906269 -0.100000 674.958731
v -35.240910 -0.100000 678.850835
v -34.141393 -0.100000 682.643228
v -34.082259 -0.100000 682.743087
v -34.035515 -0.100000 682.785625
v -33.930095 -0.100000 682.834903
v -33.815194 -0.100000 682.840347
v -33.704984 -0.100000 682.801157
v -33.619235 -0.100000 682.724511
v -33.566794 -0.100000 682.612905
v -33.558428 -0.100000 682.543577
v 33.743845 -1.006924 683.323170
v 33.654149 -2.663156 683.550927
v 33.487939 -4.266008 683.957157
v 33.250896 -5.824013 684.511736
v 32.578960 -8.834474 685.954256
v 31.648983 -11.728657 687.704429
v 30.468827 -14.513014 689.621904
v 29.053021 -17.164449 691.601708
v 27.423452 -19.654755 693.556004
v 25.605963 -21.962158 695.425843
v 23.513444 -24.180526 697.259086
v 21.126160 -26.282752 699.014962
v 18.465028 -28.206731 700.625004
v 15.559966 -29.897542 702.027972
v 12.451008 -31.310568 703.173608
v 9.190054 -32.407375 704.018827
v 5.839397 -33.165590 704.537453
v 2.371000 -33.581875 704.716452
v 1.205195 -33.640427 704.716452
v 0.038060 -33.658520 704.716452
v -1.129000 -33.636131 704.716452
v -4.777558 -33.303261 704.518332
v -8.336049 -32.583762 703.936303
v -11.785661 -31.489998 702.986978
v -15.058244 -30.051777 701.702732
v -18.097373 -28.314953 700.132517
v -20.862273 -26.333946 698.334609
v -23.319930 -24.174019 696.378438
v -25.451142 -21.909788 694.342902
v -27.311987 -19.530860 692.231966
v -28.956965 -16.988012 690.024194
v -30.360187 -14.320127 687.784917
v -31.511201 -11.559988 685.597623
v -32.404919 -8.740308 683.564835
v -33.049394 -5.832706 681.822827
v -33.279856 -4.323848 681.116477
v -33.446160 -2.750004 680.571227
v -33.541507 -1.080237 680.242923
v -33.505287 -1.882995 682.695983
v -33.362257 -3.626031 683.091879
v -33.137910 -5.303059 683.684890
v -32.840566 -6.909983 684.426520
v -32.056222 -9.945461 686.174291
v -31.038189 -12.782844 688.126215
v -29.796446 -15.463228 690.171437
v -28.333148 -18.012724 692.233211
v -26.641293 -20.439496 694.274537
v -24.714517 -22.742973 696.260527
v -22.549570 -24.902458 698.155627
v -20.143702 -26.893994 699.924177
v -17.494167 -28.693624 701.530514
v -14.599293 -30.276630 702.938567
v -11.475490 -31.605455 704.105388
v -8.154307 -32.632002 704.982410
v -4.679954 -33.316867 705.528591
v -1.118143 -33.636526 705.716452
v 0.038600 -33.658521 705.716452
v 1.195416 -33.640747 705.716452
v 2.350937 -33.583226 705.716452
v 5.771155 -33.176967 705.543275
v 9.102855 -32.433407 705.040955
v 12.288576 -31.374078 704.236398
v 15.289420 -30.033863 703.167211
v 18.077411 -28.454928 701.876965
v 20.637592 -26.669749 700.405574
v 22.970554 -24.699020 698.788464
v 25.077812 -22.562732 697.060792
v 26.960881 -20.280876 695.257716
v 28.621644 -17.870314 693.414732
v 30.064250 -15.328573 691.569428
v 31.293041 -12.645212 689.762553
v 32.301036 -9.799668 688.074588
v 33.071696 -6.763100 686.619624
v 33.359823 -5.166173 686.027129
v 33.574415 -3.516250 685.567241
v 33.709015 -1.820728 685.270125
v 37.371000 -4.570170 546.488401
v 37.371000 -8.962432 547.373725
v 37.371000 -13.201912 548.823750
v 37.371000 -17.216340 550.813758
v 37.371000 -20.937282 553.309826
v 37.371000 -24.301307 556.269404
v 37.371000 -27.251069 559.642039
v 37.371000 -29.736284 563.370239
v 37.371000 -31.714586 567.390448
v 37.371000 -33.152251 571.634136
v 37.371000 -34.024772 576.028959
v 37.371000 -34.317274 580.500000
v 37.354086 -34.416584 580.500000
v 37.305250 -34.504696 580.500000
v 37.230000 -34.571674 580.500000
v 37.230000 -34.276995 575.995753
v 37.230000 -33.397982 571.568292
v 37.230000 -31.949620 567.293094
v 37.230000 -29.956600 563.243039
v 37.230000 -27.452898 559.487170
v 37.230000 -24.481195 556.089516
v 37.230000 -21.092150 553.107997
v 37.230000 -17.343540 550.593441
v 37.230000 -13.299267 548.588715
v 37.230000 -9.028275 547.127993
v 37.230000 -4.603376 546.236177
v 37.333393 -12.520416 548.392101
v 37.333393 -18.197085 551.233225
v 37.333393 -29.319288 562.387646
v 37.333393 -32.143981 568.072509
v 37.333393 -6.418944 546.640361
v 37.333393 -3.273226 546.193091
v 37.333393 -9.510100 547.375447
v 37.333393 -15.424306 549.681681
v 37.333393 -23.256348 555.067338
v 37.333393 -20.815184 553.033545
v 37.333393 -25.499826 557.317315
v 37.333393 -27.526549 559.764351
v 37.333393 -30.862806 565.164902
v 37.333393 -33.878065 574.179023
v 37.333393 -33.151923 571.085754
v 37.333393 -34.316233 577.326022
v 37.371000 -34.317274 671.016452
v 37.354086 -34.416584 671.016452
v 37.305250 -34.504696 671.016452
v 37.230000 -34.571674 671.016452
v 37.333393 -34.462705 667.783721
v 37.333393 -34.462705 664.550991
v 37.333393 -34.462705 661.318260
v 37.333393 -34.462705 658.085530
v 37.333393 -34.462705 654.852799
v 37.333393 -34.462705 651.620069
v 37.333393 -34.462705 648.387339
v 37.333393 -34.462705 645.154608
v 37.333393 -34.462705 641.921878
v 37.333393 -34.462705 638.689147
v 37.333393 -34.462705 635.456417
v 37.333393 -34.462705 632.223687
v 37.333393 -34.462705 628.990956
v 37.333393 -34.462705 625.758226
v 37.333393 -34.462705 622.525495
v 37.333393 -34.462705 619.292765
v 37.333393 -34.462705 616.060035
v 37.333393 -34.462705 612.827304
v 37.333393 -34.462705 609.594574
v 37.333393 -34.462705 606.361843
v 37.333393 -34.462705 603.129113
v 37.333393 -34.462705 599.896382
v 37.333393 -34.462705 596.663652
v 37.333393 -34.462705 593.430922
v 37.333393 -34.462705 590.198191
v 37.333393 -34.462705 586.965461
v 37.333393 -34.462705 583.732730
v 37.071570 -34.317274 675.584868
v 36.178404 -34.317274 680.075118
v 34.706784 -34.317274 684.410372
v 32.681889 -34.317274 688.516452
v 30.138367 -34.317274 692.323102
v 27.119737 -34.317274 695.765189
v 23.677650 -34.317274 698.783818
v 19.871000 -34.317274 701.327341
v 15.764920 -34.317274 703.352235
v 11.429667 -34.317274 704.823855
v 6.939417 -34.317274 705.717022
v 2.371000 -34.317274 706.016452
v 2.371000 -34.416584 705.999537
v 2.371000 -34.504696 705.950702
v 2.371000 -34.571674 705.875451
v 6.921012 -34.571674 705.577228
v 11.393173 -34.571674 704.687660
v 15.710962 -34.571674 703.221968
v 19.800500 -34.571674 701.205231
v 23.591814 -34.571674 698.671955
v 27.020035 -34.571674 695.665487
v 30.026504 -34.571674 692.237266
v 32.559779 -34.571674 688.445951
v 34.576516 -34.571674 684.356413
v 36.042208 -34.571674 680.038625
v 36.931776 -34.571674 675.566464
v 34.972460 -34.462705 683.646325
v 32.096625 -34.462705 689.421780
v 20.776328 -34.462705 700.742077
v 15.000873 -34.462705 703.617912
v 36.738092 -34.462705 677.440774
v 37.184249 -34.462705 674.242374
v 35.998726 -34.462705 680.584364
v 33.668051 -34.462705 686.600531
v 28.208520 -34.462705 694.570463
v 30.271592 -34.462705 692.086000
v 25.925012 -34.462705 696.853972
v 23.440549 -34.462705 698.917043
v 17.955079 -34.462705 702.313502
v 8.795323 -34.462705 705.383543
v 11.938913 -34.462705 704.644177
v 5.596923 -34.462705 705.829701
v -1.129000 -34.317274 706.016452
v -1.129000 -34.416584 705.999537
v -1.129000 -34.504696 705.950702
v -1.129000 -34.571674 705.875451
v -5.697417 -34.317274 705.717022
v -10.187667 -34.317274 704.823855
v -14.522920 -34.317274 703.352235
v -18.629000 -34.317274 701.327341
v -22.435650 -34.317274 698.783818
v -25.877737 -34.317274 695.765189
v -28.896367 -34.317274 692.323102
v -31.439889 -34.317274 688.516452
v -33.464784 -34.317274 684.410372
v -34.936404 -34.317274 680.075118
v -35.829570 -34.317274 675.584868
v -36.129000 -34.317274 671.016452
v -36.112086 -34.416584 671.016452
v -36.063250 -34.504696 671.016452
v -35.988000 -34.571674 671.016452
v -35.689776 -34.571674 675.566464
v -34.800208 -34.571674 680.038625
v -33.334516 -34.571674 684.356413
v -31.317779 -34.571674 688.445951
v -28.784504 -34.571674 692.237266
v -25.778035 -34.571674 695.665487
v -22.349814 -34.571674 698.671955
v -18.558500 -34.571674 701.205231
v -14.468962 -34.571674 703.221968
v -10.151173 -34.571674 704.687660
v -5.679012 -34.571674 705.577228
v -13.758873 -34.462705 703.617912
v -19.534328 -34.462705 700.742077
v -30.854625 -34.462705 689.421780
v -33.730460 -34.462705 683.646325
v -7.553323 -34.462705 705.383543
v -4.354923 -34.462705 705.829701
v -10.696913 -34.462705 704.644177
v -16.713079 -34.462705 702.313502
v -24.683012 -34.462705 696.853972
v -22.198549 -34.462705 698.917043
v -26.966520 -34.462705 694.570463
v -29.029592 -34.462705 692.086000
v -32.426051 -34.462705 686.600531
v -35.496092 -34.462705 677.440774
v -34.756726 -34.462705 680.584364
v -35.942249 -34.462705 674.242374
v -36.129000 -34.317274 580.500000
v -36.112086 -34.416584 580.500000
v -36.063250 -34.504696 580.500000
v -35.988000 -34.571674 580.500000
v -36.091393 -34.462705 583.732730
v -36.091393 -34.462705 586.965461
v -36.091393 -34.462705 590.198191
v -36.091393 -34.462705 593.430922
v -36.091393 -34.462705 596.663652
v -36.091393 -34.462705 599.896382
v -36.091393 -34.462705 603.129113
v -36.091393 -34.462705 606.361843
v -36.091393 -34.462705 609.594574
v -36.091393 -34.462705 612.827304
v -36.091393 -34.462705 616.060035
v -36.091393 -34.462705 619.292765
v -36.091393 -34.462705 622.525495
v -36.091393 -34.462705 625.758226
v -36.091393 -34.462705 628.990956
v -36.091393 -34.462705 632.223687
v -36.091393 -34.462705 635.456417
v -36.091393 -34.462705 638.689147
v -36.091393 -34.462705 641.921878
v -36.091393 -34.462705 645.154608
v -36.091393 -34.462705 648.387339
v -36.091393 -34.462705 651.620069
v -36.091393 -34.462705 654.852799
v -36.091393 -34.462705 658.085530
v -36.091393 -34.462705 661.318260
v -36.091393 -34.462705 664.550991
v -36.091393 -34.462705 667.783721
v -35.988000 -4.603376 546.236177
v -35.988000 -9.028275 547.127993
v -35.988000 -13.299267 548.588715
v -35.988000 -17.343540 550.593441
v -35.988000 -21.092150 553.107997
v -35.988000 -24.481195 556.089516
v -35.988000 -27.452898 559.487170
v -35.988000 -29.956600 563.243039
v -35.988000 -31.949620 567.293094
v -35.988000 -33.397982 571.568292
v -35.988000 -34.276995 575.995753
v -36.129000 -34.024772 576.028959
v -36.129000 -33.152251 571.634136
v -36.129000 -31.714586 567.390448
v -36.129000 -29.736284 563.370239
v -36.129000 -27.251069 559.642039
v -36.129000 -24.301307 556.269404
v -36.129000 -20.937282 553.309826
v -36.129000 -17.216340 550.813758
v -36.129000 -13.201912 548.823750
v -36.129000 -8.962432 547.373725
v -36.129000 -4.570170 546.488401
v -36.091393 -32.143981 568.072509
v -36.091393 -29.319288 562.387646
v -36.091393 -18.197085 551.233225
v -36.091393 -12.520416 548.392101
v -36.091393 -3.273226 546.193091
v -36.091393 -6.418944 546.640361
v -36.091393 -9.510100 547.375447
v -36.091393 -15.424306 549.681681
v -36.091393 -20.815184 553.033545
v -36.091393 -23.256348 555.067338
v -36.091393 -25.499826 557.317315
v -36.091393 -27.526549 559.764351
v -36.091393 -30.862806 565.164902
v -36.091393 -33.151923 571.085754
v -36.091393 -33.878065 574.179023
v -36.091393 -34.316233 577.326022
v 29.371000 -39.483548 580.500000
v 29.371000 -39.196595 575.748420
v 29.371000 -38.339907 571.065907
v 29.371000 -36.925936 566.520520
v 29.371000 -34.975234 562.178331
v 29.371000 -32.516157 558.102452
v 29.371000 -29.584446 554.352129
v 29.371000 -26.222716 550.981874
v 29.371000 -22.479830 548.040674
v 29.371000 -18.410193 545.571281
v 29.371000 -14.072957 543.609588
v 29.371000 -9.531167 542.184110
v 29.371000 -4.850838 541.315565
v 29.371000 -39.483548 671.016452
v 2.371000 -39.483548 698.016452
v 6.213501 -39.483548 697.741630
v 9.977779 -39.483548 696.922762
v 13.587205 -39.483548 695.576515
v 16.968302 -39.483548 693.730297
v 20.052240 -39.483548 691.421690
v 22.776239 -39.483548 688.697691
v 25.084845 -39.483548 685.613754
v 26.931064 -39.483548 682.232657
v 28.277310 -39.483548 678.623231
v 29.096179 -39.483548 674.858952
v -1.129000 -39.483548 698.016452
v -28.129000 -39.483548 671.016452
v -27.854179 -39.483548 674.858952
v -27.035310 -39.483548 678.623231
v -25.689064 -39.483548 682.232657
v -23.842845 -39.483548 685.613754
v -21.534239 -39.483548 688.697691
v -18.810240 -39.483548 691.421690
v -15.726302 -39.483548 693.730297
v -12.345205 -39.483548 695.576515
v -8.735779 -39.483548 696.922762
v -4.971501 -39.483548 697.741630
v -28.129000 -39.483548 580.500000
v -28.129000 -4.850838 541.315565
v -28.129000 -9.531167 542.184110
v -28.129000 -14.072957 543.609588
v -28.129000 -18.410193 545.571281
v -28.129000 -22.479830 548.040674
v -28.129000 -26.222716 550.981874
v -28.129000 -29.584446 554.352129
v -28.129000 -32.516157 558.102452
v -28.129000 -34.975234 562.178331
v -28.129000 -36.925936 566.520520
v -28.129000 -38.339907 571.065907
v -28.129000 -39.196595 575.748420
v 2.353625 -33.623328 705.866452
v 2.360969 -33.732890 705.976259
v 2.371000 -33.882554 706.016452
v 5.851590 -33.472665 705.841772
v 9.242098 -32.722458 705.335094
v 12.484047 -31.653658 704.523556
v 15.537849 -30.301461 703.445095
v 18.375037 -28.708411 702.143658
v 20.980390 -26.907275 700.659508
v 23.354510 -24.918931 699.028378
v 25.498937 -22.763549 697.285730
v 27.415215 -20.461299 695.467029
v 29.105259 -18.029193 693.608079
v 30.573294 -15.464734 691.746794
v 31.823735 -12.757385 689.924281
v 32.849476 -9.886396 688.221731
v 33.633685 -6.822670 686.754229
v 33.926866 -5.211460 686.156655
v 34.145209 -3.546779 685.692855
v 34.282144 -1.836100 685.393252
v 33.055332 -8.821698 687.788003
v 32.618077 -8.768983 687.656275
v 32.110871 -11.744813 689.412682
v 31.691123 -11.673325 689.273086
v 30.936344 -14.499034 691.195802
v 30.537064 -14.409693 691.047316
v 29.544095 -17.107299 693.038686
v 29.167697 -17.001159 692.880925
v 27.931957 -19.581136 694.892932
v 27.580721 -19.459233 694.725841
v 26.095335 -21.927304 696.719888
v 25.771495 -21.790642 696.543676
v 24.031792 -24.133737 698.483174
v 23.737565 -23.983374 698.298248
v 21.739830 -26.180155 700.147406
v 21.477434 -26.017237 699.954337
v 19.217952 -28.046244 701.677202
v 18.989608 -27.872007 701.476728
v 16.464733 -29.711637 703.037161
v 16.272660 -29.527409 702.830187
v 13.487997 -31.149022 704.189257
v 13.334338 -30.956256 703.976854
v 10.314142 -32.317147 705.090188
v 10.200798 -32.117490 704.873610
v 6.976323 -33.176333 705.698615
v 6.904893 -32.971621 705.479282
v 3.528658 -33.701852 705.985145
v 3.500220 -33.494043 705.764608
v 33.758834 -1.239433 685.325754
v 33.803313 -1.234951 685.400066
v 33.867353 -1.232519 685.458285
v 33.945525 -1.232300 685.496011
v 34.030935 -1.234288 685.510247
v 34.087506 -1.236762 685.505676
v 34.219769 -1.246482 685.447320
v 33.697750 -2.372927 685.462768
v 33.742487 -2.364599 685.536267
v 33.806532 -2.360116 685.593959
v 33.884494 -2.359775 685.631504
v 33.969542 -2.363558 685.645936
v 34.025825 -2.368223 685.641708
v 34.157338 -2.386487 685.584851
v 33.466701 -4.593054 685.966152
v 33.512216 -4.578577 686.037076
v 33.576179 -4.571017 686.093112
v 33.653331 -4.570857 686.130129
v 33.737071 -4.578029 686.145256
v 33.792342 -4.586599 686.142173
v 33.921290 -4.619708 686.090270
v 34.057337 -3.513018 685.801338
v 33.926938 -3.487017 685.856013
v 33.871090 -3.480357 685.859745
v 33.786597 -3.474922 685.845030
v 33.708968 -3.475344 685.807752
v 33.644932 -3.481660 685.750836
v 33.599826 -3.493464 685.678527
v 33.299922 -5.670948 686.317725
v 33.345870 -5.654375 686.387111
v 33.409707 -5.645924 686.442174
v 33.486269 -5.646119 686.478907
v 33.569112 -5.654853 686.494501
v 33.623703 -5.665068 686.492147
v 33.750977 -5.704173 686.443347
v 32.873746 -7.758891 687.172132
v 32.920468 -7.739801 687.238388
v 32.983827 -7.730658 687.291508
v 33.058891 -7.731992 687.327749
v 33.139581 -7.743591 687.344430
v 33.192586 -7.756557 687.343682
v 33.316060 -7.805174 687.301591
v 33.548500 -6.766171 686.850538
v 33.423047 -6.722059 686.896070
v 33.369209 -6.710435 686.897655
v 33.287377 -6.700301 686.881568
v 33.211500 -6.699673 686.845131
v 33.147845 -6.708707 686.791090
v 33.101467 -6.726865 686.723319
v 32.184018 -10.243832 688.437840
v 32.231277 -10.223980 688.500681
v 32.293545 -10.215489 688.551770
v 32.366238 -10.218800 688.587677
v 32.443790 -10.233553 688.605871
v 32.494571 -10.249145 688.607158
v 32.612933 -10.306038 688.573328
v 32.933868 -8.769349 687.826743
v 32.881727 -8.755237 687.826674
v 32.802241 -8.742324 687.809403
v 32.728065 -8.740259 687.773333
v 32.665078 -8.749314 687.721086
v 31.141453 -13.060824 690.147684
v 31.188662 -13.042447 690.207238
v 31.248954 -13.036215 690.256499
v 31.318211 -13.042380 690.292370
v 31.391517 -13.060404 690.312485
v 31.439391 -13.078285 690.316142
v 31.551294 -13.141366 690.291644
v 31.995701 -11.684424 689.441758
v 31.946347 -11.667592 689.439272
v 31.870863 -11.651143 689.420125
v 31.799816 -11.646448 689.384279
v 31.738452 -11.653960 689.334180
v 29.879273 -15.722684 691.960288
v 29.925682 -15.707135 692.017319
v 29.983370 -15.703928 692.065297
v 30.048704 -15.713111 692.101413
v 30.117408 -15.733989 692.123456
v 30.162207 -15.753589 692.129335
v 30.267400 -15.820556 692.113388
v 30.827769 -14.433823 691.215921
v 30.781416 -14.415033 691.211131
v 30.710375 -14.395538 691.190047
v 30.643028 -14.387864 691.154081
v 30.583966 -14.392632 691.105521
v 28.401720 -18.246286 693.804388
v 28.446621 -18.234171 693.859495
v 28.501159 -18.234262 693.906596
v 28.562176 -18.246420 693.943137
v 28.626004 -18.269835 693.967047
v 28.667598 -18.290812 693.974980
v 28.765818 -18.360434 693.966824
v 29.442350 -17.038878 693.050652
v 29.399136 -17.018553 693.043726
v 29.332836 -16.996370 693.020740
v 29.269615 -16.985690 692.984429
v 29.213437 -16.987271 692.936931
v 26.704101 -20.641021 695.640464
v 26.746856 -20.632651 695.694053
v 26.797756 -20.636129 695.740539
v 26.854101 -20.651158 695.777595
v 26.912791 -20.676845 695.803290
v 26.951036 -20.698958 695.813128
v 27.041916 -20.770430 695.812156
v 27.837354 -19.510514 694.897430
v 27.797416 -19.488944 694.888527
v 27.736124 -19.464364 694.863712
v 27.677402 -19.450753 694.826920
v 27.624625 -19.448969 694.780150
v 24.782712 -22.905603 697.431072
v 24.822730 -22.901063 697.483409
v 24.869548 -22.907878 697.529436
v 24.920892 -22.925626 697.567035
v 24.974185 -22.953359 697.594408
v 25.008928 -22.976434 697.606011
v 25.092023 -23.049253 697.611701
v 26.008289 -21.855105 696.717462
v 25.971776 -21.832491 696.706724
v 25.915752 -21.805753 696.680175
v 25.861867 -21.789343 696.642849
v 25.812954 -21.784185 696.596610
v 22.635868 -25.021428 699.140804
v 22.672580 -25.020677 699.192110
v 22.714885 -25.030701 699.237799
v 22.760909 -25.050982 699.275940
v 22.808545 -25.080544 699.304866
v 22.839625 -25.104434 699.318083
v 22.914457 -25.178218 699.329883
v 23.952767 -24.060395 698.474357
v 23.919836 -24.036896 698.461928
v 23.869339 -24.008221 698.433761
v 23.820615 -23.989181 698.395890
v 23.776001 -23.980741 698.350045
v 20.262077 -26.968273 700.734446
v 20.294929 -26.971149 700.784905
v 20.332304 -26.984181 700.830344
v 20.372692 -27.006777 700.869002
v 20.414410 -27.037959 700.899334
v 20.441662 -27.062537 700.914002
v 20.507724 -27.137010 700.931319
v 21.669318 -26.105998 700.132770
v 21.640131 -26.081751 700.118806
v 21.595421 -26.051352 700.089158
v 21.552176 -26.029885 700.050754
v 21.512284 -26.018327 700.005199
v 17.203823 -28.999037 702.399989
v 17.231495 -29.005784 702.449641
v 17.262608 -29.021970 702.494859
v 17.296030 -29.046954 702.534057
v 17.330511 -29.079768 702.565817
v 17.353079 -29.105019 702.581956
v 17.408232 -29.180087 702.604907
v 18.325937 -28.624713 702.151164
v 18.267552 -28.549825 702.129750
v 18.243606 -28.524763 702.114014
v 18.206998 -28.492402 702.082648
v 18.171521 -28.468078 702.043608
v 18.138541 -28.452762 701.998344
v 18.109293 -28.447086 701.948489
v 14.336870 -30.507599 703.620239
v 14.359548 -30.517223 703.669319
v 14.384874 -30.535728 703.714377
v 14.412000 -30.562453 703.753955
v 14.439992 -30.596450 703.786734
v 14.458357 -30.622189 703.803928
v 14.503558 -30.697692 703.830963
v 15.496122 -30.218051 703.446402
v 15.447511 -30.142704 703.420660
v 15.427713 -30.117126 703.403801
v 15.397510 -30.083510 703.371347
v 15.368234 -30.057343 703.331895
v 15.340918 -30.039577 703.286793
v 15.316502 -30.030870 703.237541
v 11.265251 -31.762784 704.605160
v 11.282476 -31.774784 704.653766
v 11.301665 -31.795195 704.698680
v 11.322220 -31.823345 704.738546
v 11.343483 -31.858312 704.772129
v 11.357484 -31.884454 704.790164
v 11.392229 -31.960339 704.820497
v 12.450507 -31.570445 704.519652
v 12.412199 -31.494690 704.490332
v 12.396716 -31.468677 704.472555
v 12.373169 -31.434015 704.439220
v 12.350379 -31.406309 704.399444
v 12.329092 -31.386490 704.354488
v 12.309987 -31.375228 704.305740
v 8.018555 -32.722764 705.311709
v 8.029931 -32.736563 705.359941
v 8.042679 -32.758414 705.404722
v 8.056421 -32.787641 705.444771
v 8.070743 -32.823346 705.478918
v 8.080241 -32.849800 705.497555
v 8.104106 -32.926004 705.530291
v 9.217435 -32.639361 705.327166
v 9.189884 -32.563262 705.295129
v 9.178864 -32.536904 705.276666
v 9.162196 -32.501421 705.242682
v 9.146147 -32.472515 705.202683
v 9.131211 -32.451093 705.157861
v 9.117836 -32.437828 705.109518
v 4.643519 -33.358013 705.706687
v 4.648749 -33.372958 705.754639
v 4.654825 -33.395734 705.799287
v 4.661572 -33.425665 705.839403
v 4.668794 -33.461865 705.873853
v 4.673689 -33.488539 705.892837
v 4.686371 -33.565013 705.927003
v 5.836326 -33.389590 705.831174
v 5.819883 -33.313205 705.797374
v 5.813442 -33.286595 705.778477
v 5.803834 -33.250534 705.744098
v 5.794734 -33.220795 705.703991
v 5.786409 -33.198269 705.659299
v 5.779099 -33.183630 705.611264
v 3.519743 -33.625291 705.950727
v 3.516396 -33.598563 705.931688
v 3.511562 -33.562253 705.897197
v 3.507173 -33.532175 705.857088
v 3.503356 -33.509213 705.812484
v 6.956161 -33.100036 705.665292
v 6.948188 -33.073499 705.646510
v 6.936219 -33.037602 705.612232
v 6.924792 -33.008097 705.572147
v 6.914248 -32.985878 705.527410
v 10.282981 -32.241148 705.058950
v 10.270467 -32.214892 705.040687
v 10.251495 -32.179652 705.006888
v 10.233186 -32.151103 704.966949
v 10.216113 -32.130158 704.922080
v 13.446229 -31.073385 704.161030
v 13.429303 -31.047502 704.143530
v 13.403528 -31.013157 704.110459
v 13.378563 -30.985921 704.070774
v 13.355246 -30.966731 704.025765
v 16.412837 -29.636418 703.012768
v 16.391651 -29.610996 702.996256
v 16.359304 -29.577765 702.964134
v 16.327949 -29.552168 702.924800
v 16.298723 -29.535166 702.879637
v 19.156474 -27.971496 701.657360
v 19.131200 -27.946615 701.642031
v 19.092540 -27.914700 701.611058
v 19.055086 -27.891036 701.572158
v 19.020328 -27.876600 701.526821
v -1.119597 -33.676692 705.866452
v -1.123571 -33.786428 705.976259
v -1.129000 -33.936330 706.016452
v 0.038053 -33.958520 706.016452
v 1.205179 -33.940588 706.016452
v -34.087360 -1.898927 682.796823
v -33.941846 -3.657552 683.196044
v -33.713575 -5.349586 683.794111
v -33.411014 -6.970888 684.542110
v -32.612875 -10.033514 686.304961
v -31.576918 -12.896265 688.273762
v -30.313296 -15.600606 690.336690
v -28.824206 -18.172885 692.416322
v -27.102522 -20.621343 694.475333
v -25.141767 -22.945405 696.478534
v -22.938634 -25.124188 698.390060
v -20.490325 -27.133524 700.173942
v -17.794043 -28.949240 701.794207
v -14.848088 -30.546395 703.214470
v -11.669157 -31.887100 704.391412
v -8.289358 -32.922826 705.276041
v -4.753681 -33.613814 705.826961
v -5.928693 -33.337746 705.671505
v -12.716840 -31.385535 704.026366
v -18.668930 -28.279789 701.284480
v -24.128223 -23.844544 697.369617
v -23.822354 -23.698697 697.188116
v -25.974625 -21.840064 695.633626
v -25.641917 -21.706920 695.460680
v -27.631179 -19.729486 693.838263
v -27.273460 -19.609877 693.674257
v -29.767041 -16.383877 691.088598
v -29.375222 -16.286030 690.938423
v -30.965701 -14.028531 689.253813
v -30.553439 -13.946174 689.112888
v -31.987156 -11.562186 687.459924
v -31.556390 -11.496062 687.327954
v -32.825299 -8.960027 685.780203
v -33.963206 -2.460075 683.027041
v -33.827106 -2.437067 683.091567
v -33.757756 -2.430975 683.096532
v -33.674264 -2.428047 683.080777
v -33.598003 -2.430066 683.043187
v -33.535487 -2.436986 682.986294
v -33.491621 -2.448308 682.914328
v -33.714565 -4.740121 683.688234
v -33.581565 -4.699850 683.745703
v -33.513655 -4.688952 683.748944
v -33.431595 -4.683320 683.732603
v -33.356159 -4.686151 683.696010
v -33.293598 -4.697419 683.641586
v -33.248688 -4.716338 683.573275
v -33.328892 -6.902989 684.644004
v -33.199773 -6.851462 684.693391
v -33.133784 -6.837103 684.694583
v -33.053739 -6.829005 684.677415
v -32.979616 -6.831393 684.641742
v -32.917306 -6.844330 684.589864
v -32.871383 -6.866958 684.525413
v -32.700394 -8.900835 685.821589
v -32.636593 -8.883776 685.820643
v -32.558953 -8.873250 685.802413
v -32.486561 -8.874273 685.767295
v -32.424905 -8.887025 685.717477
v -32.378313 -8.910700 685.656299
v -32.429606 -10.279781 686.600857
v -32.307529 -10.216939 686.637335
v -32.245249 -10.198446 686.635038
v -32.169334 -10.186440 686.616069
v -32.098263 -10.186356 686.581162
v -32.037242 -10.198453 686.532439
v -31.990421 -10.221998 686.473071
v -30.852336 -13.959159 689.277093
v -30.794892 -13.937464 689.271008
v -30.724654 -13.921417 689.249687
v -30.658222 -13.917343 689.214793
v -30.599960 -13.925742 689.168278
v -31.076923 -12.736751 688.211476
v -31.123719 -12.714906 688.267956
v -31.183050 -12.705023 688.315025
v -31.251148 -12.707648 688.349807
v -31.323372 -12.722357 688.370294
v -31.382484 -12.743084 688.375128
v -31.498838 -12.810732 688.347602
v -29.659750 -16.312061 691.104040
v -29.605710 -16.288758 691.095633
v -29.539565 -16.270298 691.072734
v -29.476660 -16.263416 691.037555
v -29.420820 -16.268738 690.991948
v -29.986190 -15.128893 690.023767
v -30.032316 -15.109981 690.078166
v -30.089419 -15.103099 690.124188
v -30.154124 -15.108580 690.159207
v -30.222342 -15.125859 690.181321
v -30.278100 -15.148393 690.188586
v -30.388460 -15.219094 690.169305
v -28.389058 -18.638484 692.926163
v -28.288129 -18.564959 692.934354
v -28.237627 -18.540294 692.923778
v -28.175785 -18.519614 692.899340
v -28.116695 -18.509975 692.863761
v -28.063674 -18.512099 692.818792
v -28.019516 -18.525935 692.766732
v -28.719884 -17.418182 691.853766
v -28.764824 -17.402589 691.906516
v -28.819303 -17.398857 691.951776
v -28.880335 -17.407127 691.987144
v -28.944354 -17.426720 692.010819
v -28.996642 -17.450730 692.020328
v -29.100793 -17.523477 692.008579
v -26.826510 -20.796985 694.741791
v -26.732299 -20.722238 694.743221
v -26.685481 -20.696396 694.730614
v -26.628145 -20.673669 694.704699
v -26.573138 -20.661366 694.668660
v -26.523305 -20.660277 694.624148
v -26.481069 -20.670509 694.573274
v -27.316715 -19.597835 693.725696
v -27.368186 -19.597321 693.770420
v -27.425267 -19.608307 693.806225
v -27.484881 -19.630031 693.831410
v -27.533559 -19.655304 693.843019
v -24.044866 -23.768521 697.361728
v -24.003863 -23.741169 697.346331
v -23.953669 -23.715675 697.318352
v -23.905265 -23.699624 697.281594
v -23.860857 -23.693869 697.237565
v -24.755541 -22.717261 696.333545
v -24.795425 -22.710618 696.383403
v -24.841753 -22.714818 696.427545
v -24.892446 -22.729629 696.464039
v -24.945098 -22.754213 696.491327
v -24.988100 -22.781071 696.505810
v -25.075229 -22.856679 696.510662
v -22.090036 -25.725904 699.021038
v -22.014467 -25.649306 699.007520
v -21.977544 -25.621101 698.990446
v -21.932369 -25.593965 698.961211
v -21.888684 -25.575616 698.923982
v -21.848311 -25.566925 698.880173
v -21.812850 -25.568267 698.831483
v -22.841465 -24.649819 698.021876
v -22.878501 -24.646751 698.070928
v -22.920933 -24.653996 698.114839
v -22.967009 -24.671218 698.151834
v -23.014719 -24.697554 698.180454
v -23.053703 -24.725346 698.196709
v -23.133223 -24.801680 698.207474
v -18.605927 -28.202598 701.263466
v -18.575444 -28.173313 701.244173
v -18.538196 -28.144023 701.213266
v -18.502059 -28.122589 701.175383
v -18.468354 -28.109876 701.131803
v -18.438261 -28.106356 701.084027
v -20.179719 -26.880188 699.993881
v -20.212639 -26.881326 700.042068
v -20.249792 -26.892076 700.085735
v -20.289798 -26.912007 700.123286
v -20.331093 -26.940249 700.153375
v -20.364864 -26.969007 700.171592
v -20.434330 -27.045901 700.188976
v -16.792890 -29.420471 702.297006
v -16.736588 -29.343054 702.272698
v -16.709474 -29.313308 702.252439
v -16.676372 -29.283084 702.220803
v -16.644219 -29.260289 702.182630
v -16.614120 -29.245782 702.139140
v -16.587065 -29.240064 702.091741
v -12.674783 -31.307719 703.996469
v -12.654711 -31.277195 703.974586
v -12.630258 -31.245394 703.941736
v -12.606482 -31.220297 703.903091
v -12.584112 -31.202733 703.859759
v -12.563806 -31.193238 703.812999
v -14.626442 -30.273313 703.005968
v -14.650248 -30.281023 703.053020
v -14.676584 -30.297145 703.096420
v -14.704633 -30.321154 703.134839
v -14.733488 -30.352209 703.167117
v -14.757144 -30.382361 703.188236
v -14.806493 -30.459968 703.215501
v -10.533385 -32.182721 704.715128
v -10.498829 -32.104735 704.683010
v -10.482415 -32.073899 704.660489
v -10.462451 -32.041468 704.627167
v -10.443049 -32.015452 704.588343
v -10.424777 -31.996662 704.545081
v -10.408147 -31.985642 704.498579
v -5.909746 -33.259492 705.636284
v -5.900875 -33.228203 705.612884
v -5.890166 -33.194869 705.578920
v -5.879826 -33.167534 705.539866
v -5.870137 -33.146984 705.496722
v -5.861353 -33.133768 705.450599
v -8.169151 -32.636143 705.048285
v -8.181942 -32.648408 705.094572
v -8.195990 -32.668197 705.137770
v -8.210918 -32.694959 705.176728
v -8.226306 -32.727899 705.210421
v -8.238991 -32.758989 705.233448
v -8.265851 -32.837116 705.267347
v -3.541906 -33.677816 705.919633
v -3.530977 -33.599455 705.883574
v -3.525957 -33.568026 705.859946
v -3.519975 -33.534424 705.825822
v -3.514280 -33.506708 705.786724
v -3.509024 -33.485653 705.743630
v -3.504342 -33.471811 705.697632
v -25.683020 -21.698500 695.511036
v -25.731130 -21.701171 695.555363
v -25.783999 -21.714760 695.591641
v -25.839006 -21.738450 695.618265
v -25.883925 -21.764828 695.631838
v -31.603268 -11.473187 687.385783
v -31.663503 -11.462093 687.433615
v -31.733131 -11.463426 687.468430
v -31.807230 -11.476841 687.488167
v -31.867939 -11.496557 687.491770
v 0.100000 -30.280588 583.500000
v 1.248451 -30.304317 583.271473
v 2.221317 -30.361462 582.621324
v 2.871471 -30.418491 581.648456
v 3.100000 -30.442102 580.500000
v 2.871471 -30.418491 579.351544
v 2.221317 -30.361462 578.378676
v 1.248451 -30.304317 577.728527
v 0.100000 -30.280588 577.500000
v -1.048451 -30.304317 577.728527
v -2.021317 -30.361462 578.378676
v -2.671471 -30.418491 579.351544
v -2.900000 -30.442102 580.500000
v -2.671471 -30.418491 581.648456
v -2.021317 -30.361462 582.621324
v -1.048451 -30.304317 583.271473
v 0.100000 -30.424203 581.500000
v -0.282698 -30.426825 581.423873
v -0.607107 -30.433154 581.207107
v -0.823873 -30.439482 580.882698
v -0.900000 -30.442102 580.500000
v -0.823873 -30.439482 580.117302
v -0.607107 -30.433154 579.792893
v -0.282698 -30.426825 579.576127
v 0.100000 -30.424203 579.500000
v 0.482698 -30.426825 579.576127
v 0.807107 -30.433154 579.792893
v 1.023873 -30.439482 580.117302
v 1.100000 -30.442102 580.500000
v 1.023873 -30.439482 580.882698
v 0.807107 -30.433154 581.207107
v 0.482698 -30.426825 581.423873
v 36.071000 -3.769979 546.948112
v 36.071000 -8.173741 547.741308
v 36.071000 -12.433937 549.109887
v 36.071000 -16.475739 551.029812
v 36.071000 -20.228157 553.467360
v 36.071000 -23.625281 556.379717
v 36.071000 -26.607444 559.715730
v 36.071000 -29.122266 563.416804
v 36.071000 -31.125576 567.417933
v 36.071000 -32.582187 571.648839
v 36.071000 -33.466515 576.035209
v 0.100000 -38.683548 582.500000
v 1.100000 -38.683548 582.232051
v 1.832051 -38.683548 581.500000
v 2.100000 -38.683548 580.500000
v 1.832051 -38.683548 579.500000
v 1.100000 -38.683548 578.767949
v 0.100000 -38.683548 578.500000
v -0.900000 -38.683548 578.767949
v -1.632051 -38.683548 579.500000
v -1.900000 -38.683548 580.500000
v -1.632051 -38.683548 581.500000
v -0.900000 -38.683548 582.232051
v 2.100000 -39.483548 580.500000
v 1.832051 -39.483548 581.500000
v 1.100000 -39.483548 582.232051
v 0.100000 -39.483548 582.500000
v -0.900000 -39.483548 582.232051
v -1.632051 -39.483548 581.500000
v -1.900000 -39.483548 580.500000
v -1.747734 -39.476128 579.734573
v -1.314213 -39.458213 579.085786
v -0.665426 -39.440290 578.652266
v 0.100000 -39.432862 578.500000
v 0.865426 -39.440290 578.652266
v 1.514213 -39.458213 579.085786
v 1.947734 -39.476128 579.734573
v 0.100000 -39.483548 645.000000
v 1.100000 -39.483548 645.267949
v 1.832051 -39.483548 646.000000
v 2.100000 -39.483548 647.000000
v 1.832051 -39.483548 648.000000
v 1.100000 -39.483548 648.732051
v 0.100000 -39.483548 649.000000
v -0.900000 -39.483548 648.732051
v -1.632051 -39.483548 648.000000
v -1.900000 -39.483548 647.000000
v -1.632051 -39.483548 646.000000
v -0.900000 -39.483548 645.267949
v 0.100000 -38.683548 645.000000
v -0.900000 -38.683548 645.267949
v -1.632051 -38.683548 646.000000
v -1.900000 -38.683548 647.000000
v -1.632051 -38.683548 648.000000
v -0.900000 -38.683548 648.732051
v 0.100000 -38.683548 649.000000
v 1.100000 -38.683548 648.732051
v 1.832051 -38.683548 648.000000
v 2.100000 -38.683548 647.000000
v 1.832051 -38.683548 646.000000
v 1.100000 -38.683548 645.267949
v 0.100000 -37.683548 581.500000
v 0.600000 -37.683548 581.366025
v 0.966025 -37.683548 581.000000
v 1.100000 -37.683548 580.500000
v 0.966025 -37.683548 580.000000
v 0.600000 -37.683548 579.633975
v 0.100000 -37.683548 579.500000
v -0.400000 -37.683548 579.633975
v -0.766025 -37.683548 580.000000
v -0.900000 -37.683548 580.500000
v -0.766025 -37.683548 581.000000
v -0.400000 -37.683548 581.366025
v 0.100000 -37.683548 646.000000
v -0.400000 -37.683548 646.133975
v -0.766025 -37.683548 646.500000
v -0.900000 -37.683548 647.000000
v -0.766025 -37.683548 647.500000
v -0.400000 -37.683548 647.866025
v 0.100000 -37.683548 648.000000
v 0.600000 -37.683548 647.866025
v 0.966025 -37.683548 647.500000
v 1.100000 -37.683548 647.000000
v 0.966025 -37.683548 646.500000
v 0.600000 -37.683548 646.133975
v 0.100000 -33.558577 646.000000
v -0.400000 -33.558577 646.133975
v -0.766025 -33.558577 646.500000
v -0.900000 -33.558577 647.000000
v -0.766025 -33.558577 647.500000
v -0.400000 -33.558577 647.866025
v 0.100000 -33.558577 648.000000
v 0.600000 -33.558577 647.866025
v 0.966025 -33.558577 647.500000
v 1.100000 -33.558577 647.000000
v 0.966025 -33.558577 646.500000
v 0.600000 -33.558577 646.133975
v 35.782692 -33.763027 675.415184
v 34.922700 -33.763027 679.738653
v 33.505740 -33.763027 683.912883
v 31.556056 -33.763027 687.866452
v 29.107008 -33.763027 691.531712
v 26.200499 -33.763027 694.845950
v 22.886260 -33.763027 697.752459
v 19.221000 -33.763027 700.201508
v 15.267432 -33.763027 702.151192
v 11.093202 -33.763027 703.568152
v 6.769733 -33.763027 704.428143
v -34.829000 -33.763027 671.016452
v -34.540692 -33.763027 675.415184
v -33.680700 -33.763027 679.738653
v -32.263740 -33.763027 683.912883
v -30.314056 -33.763027 687.866452
v -27.865008 -33.763027 691.531712
v -24.958499 -33.763027 694.845950
v -21.644260 -33.763027 697.752459
v -17.979000 -33.763027 700.201508
v -14.025432 -33.763027 702.151192
v -9.851202 -33.763027 703.568152
v -5.527733 -33.763027 704.428143
vt -0.339222 -0.000000 0.000000
vt 0.000000 0.000000 0.000000
vt -0.339222 0.020000 0.000000
vt -0.000000 0.020000 0.000000
vt 2.653558 -0.169611 0.000000
vt 2.110804 0.169611 0.000000
vt -2.653558 -0.169611 0.000000
vt -2.653558 0.169611 0.000000
vt -0.000000 0.020000 0.000000
vt -5.307116 0.020000 0.000000
vt -0.000000 -0.000000 0.000000
vt -5.307116 -0.020000 0.000000
vt 0.000000 -0.020000 0.000000
vt 0.000000 0.000000 0.000000
vt -0.339222 -0.000000 0.000000
vt -0.000000 -0.020000 0.000000
vt -0.339222 -0.020000 0.000000
vt -2.653558 -0.169611 0.000000
vt 2.653558 -0.169611 0.000000
vt -2.110804 0.169611 0.000000
vt 2.653558 0.169611 0.000000
vt 0.132100 -0.434416 0.000000
vt 0.132100 0.205627 0.000000
vt -0.075000 -0.434416 0.000000
vt -0.075000 0.399647 0.000000
vt 0.275000 0.399647 0.000000
vt 0.172100 0.205627 0.000000
vt 0.275000 -0.434416 0.000000
vt 0.172100 -0.434416 0.000000
vt -0.837284 -0.172100 0.000000
vt -5.601645 -0.172100 0.000000
vt -0.837284 -0.275000 0.000000
vt -5.627424 -0.273766 0.000000
vt -0.864386 -0.653944 0.000000
vt -0.945142 -1.025174 0.000000
vt -5.685979 -0.360639 0.000000
vt -1.077908 -1.381132 0.000000
vt -1.259980 -1.714573 0.000000
vt -5.770836 -0.422080 0.000000
vt -1.487653 -2.018708 0.000000
vt -1.756292 -2.287347 0.000000
vt -3.500000 -2.937716 0.000000
vt -2.060427 -2.515020 0.000000
vt -2.393868 -2.697092 0.000000
vt -2.749826 -2.829858 0.000000
vt -3.121056 -2.910614 0.000000
vt -5.601645 -0.152100 0.000000
vt -5.602310 -0.172056 0.000000
vt -5.871645 -0.450596 0.000000
vt -5.871645 -2.937716 0.000000
vt -0.000000 -0.000000 0.000000
vt -0.602209 -0.000000 0.000000
vt 0.000000 -0.020000 0.000000
vt -0.602209 -0.020000 0.000000
vt -1.757153 -1.815369 0.000000
vt -1.156397 -1.815369 0.000000
vt -1.708355 -1.358104 0.000000
vt -1.106875 -1.402341 0.000000
vt -1.604941 -0.910022 0.000000
vt -1.004494 -0.999150 0.000000
vt -1.448410 -0.477622 0.000000
vt -0.850962 -0.612533 0.000000
vt -1.241033 -0.067174 0.000000
vt -0.648846 -0.248948 0.000000
vt -0.985818 0.315366 0.000000
vt -0.401521 0.085529 0.000000
vt -0.686466 0.664452 0.000000
vt -0.113120 0.385312 0.000000
vt -0.347319 0.975019 0.000000
vt 0.211539 0.645391 0.000000
vt 0.026703 1.242563 0.000000
vt 0.567033 0.861422 0.000000
vt 0.430175 1.463203 0.000000
vt 0.947421 1.029795 0.000000
vt 0.857246 1.633739 0.000000
vt 1.346349 1.147697 0.000000
vt 1.301721 1.751698 0.000000
vt 1.757153 1.213160 0.000000
vt 1.757153 1.815369 0.000000
vt -0.600756 -0.020000 0.000000
vt 0.000000 -0.020000 0.000000
vt -0.600756 0.020000 0.000000
vt -0.000000 0.020000 0.000000
vt -0.602209 -0.000000 0.000000
vt -0.000000 -0.000000 0.000000
vt -0.602209 0.020000 0.000000
vt 0.000000 0.020000 0.000000
vt 0.020000 0.047316 0.000000
vt 0.020000 0.463593 0.000000
vt -0.000000 0.047316 0.000000
vt -0.020000 0.463593 0.000000
vt -0.020000 0.047316 0.000000
vt -0.020000 0.879869 0.000000
vt 0.020000 0.879869 0.000000
vt -0.020000 1.296146 0.000000
vt 0.020000 1.296146 0.000000
vt -0.020000 1.712422 0.000000
vt 0.020000 1.712422 0.000000
vt -0.020000 2.128699 0.000000
vt 0.020000 2.128699 0.000000
vt -0.020000 2.544976 0.000000
vt 0.020000 2.544976 0.000000
vt -0.020000 2.961252 0.000000
vt 0.020000 2.961252 0.000000
vt -0.020000 3.377529 0.000000
vt 0.020000 3.377529 0.000000
vt -0.020000 3.793806 0.000000
vt 0.020000 3.793806 0.000000
vt -0.020000 4.210082 0.000000
vt 0.020000 4.210082 0.000000
vt -0.020000 4.626359 0.000000
vt 0.020000 4.626359 0.000000
vt -1.757153 1.815369 0.000000
vt -1.757153 1.213160 0.000000
vt -1.301721 1.751698 0.000000
vt -1.346349 1.147697 0.000000
vt -0.857246 1.633739 0.000000
vt -0.947421 1.029795 0.000000
vt -0.430175 1.463203 0.000000
vt -0.567033 0.861422 0.000000
vt -0.026703 1.242563 0.000000
vt -0.211539 0.645391 0.000000
vt 0.347319 0.975019 0.000000
vt 0.113120 0.385312 0.000000
vt 0.686466 0.664452 0.000000
vt 0.401521 0.085529 0.000000
vt 0.985818 0.315366 0.000000
vt 0.648846 -0.248948 0.000000
vt 1.241033 -0.067174 0.000000
vt 0.850962 -0.612533 0.000000
vt 1.448410 -0.477622 0.000000
vt 1.004494 -0.999150 0.000000
vt 1.604941 -0.910022 0.000000
vt 1.106875 -1.402341 0.000000
vt 1.708355 -1.358104 0.000000
vt 1.156397 -1.815369 0.000000
vt 1.757153 -1.815369 0.000000
vt 0.146396 0.030000 0.000000
vt 2.737716 0.030000 0.000000
vt 0.117519 0.131528 0.000000
vt 0.056520 0.215699 0.000000
vt -0.030040 0.274277 0.000000
vt 2.737716 0.494451 0.000000
vt -0.132100 0.300310 0.000000
vt -0.132100 0.760449 0.000000
vt 2.737716 0.958902 0.000000
vt -0.132100 1.220588 0.000000
vt 2.737716 1.423353 0.000000
vt -0.132100 1.680728 0.000000
vt 2.737716 1.887804 0.000000
vt -0.132100 2.140867 0.000000
vt 2.737716 2.352255 0.000000
vt -0.132100 2.601006 0.000000
vt 2.737716 2.816706 0.000000
vt -0.132100 3.061146 0.000000
vt 2.737716 3.281156 0.000000
vt -0.132100 3.521285 0.000000
vt 2.737716 3.745607 0.000000
vt -0.132100 3.981425 0.000000
vt 2.737716 4.210058 0.000000
vt -0.132100 4.441564 0.000000
vt 2.737716 4.674509 0.000000
vt -0.132100 4.901703 0.000000
vt 2.737716 5.138960 0.000000
vt -0.132100 5.361843 0.000000
vt 2.737716 5.603411 0.000000
vt -0.132100 5.821982 0.000000
vt 2.737716 6.067862 0.000000
vt -2.937716 6.067862 0.000000
vt -0.172100 5.821982 0.000000
vt -2.937716 5.603411 0.000000
vt -0.172100 5.361843 0.000000
vt -2.937716 5.138960 0.000000
vt -0.172100 4.901703 0.000000
vt -2.937716 4.674509 0.000000
vt -0.172100 4.441564 0.000000
vt -2.937716 4.210058 0.000000
vt -0.172100 3.981425 0.000000
vt -2.937716 3.745607 0.000000
vt -0.172100 3.521285 0.000000
vt -2.937716 3.281156 0.000000
vt -0.172100 3.061146 0.000000
vt -2.937716 2.816706 0.000000
vt -0.172100 2.601006 0.000000
vt -2.937716 2.352255 0.000000
vt -0.172100 2.140867 0.000000
vt -2.937716 1.887804 0.000000
vt -0.172100 1.680728 0.000000
vt -2.937716 1.423353 0.000000
vt -0.172100 1.220588 0.000000
vt -2.937716 0.958902 0.000000
vt -0.172100 0.760449 0.000000
vt -2.937716 0.494451 0.000000
vt -0.172100 0.300310 0.000000
vt -0.274160 0.274277 0.000000
vt -0.172054 0.299616 0.000000
vt -2.937716 0.030000 0.000000
vt -0.360720 0.215699 0.000000
vt -0.421719 0.131528 0.000000
vt -0.450596 0.030000 0.000000
vt -0.152100 0.300310 0.000000
vt -0.132146 0.299616 0.000000
vt 0.009910 -0.901272 0.000000
vt 0.009924 2.168689 0.000000
vt -0.000090 -0.901295 0.000000
vt -0.010105 2.168689 0.000000
vt -0.030090 -0.901295 0.000000
vt -0.030090 2.170026 0.000000
vt 0.019910 -0.901204 0.000000
vt 0.029910 2.170026 0.000000
vt 0.029910 -0.901090 0.000000
vt -1.268912 0.300000 0.000000
vt -4.340232 0.300000 0.000000
vt -1.748912 -0.000000 0.000000
vt -4.340232 0.000000 0.000000
vt -3.071116 0.300000 0.000000
vt -2.591320 0.000118 0.000000
vt 0.000000 0.300000 0.000000
vt 0.000000 0.000118 0.000000
vt -8.426645 0.131623 0.000000
vt -8.396645 0.131623 0.000000
vt -8.426645 0.399647 0.000000
vt -1.806645 0.131623 0.000000
vt 0.625000 0.399647 0.000000
vt -1.746645 0.131623 0.000000
vt 0.625000 -0.434416 0.000000
vt -1.746645 -0.434416 0.000000
vt -8.396645 -0.434416 0.000000
vt -1.806645 -0.434416 0.000000
vt -12.521645 0.146396 0.000000
vt -12.420836 0.117880 0.000000
vt -12.521645 2.737716 0.000000
vt -5.931645 2.737716 0.000000
vt -6.032454 0.117880 0.000000
vt -5.931645 0.146396 0.000000
vt -6.117311 0.056439 0.000000
vt -12.335979 0.056439 0.000000
vt -6.175867 -0.030434 0.000000
vt -12.277424 -0.030434 0.000000
vt -6.201645 -0.132100 0.000000
vt -12.251645 -0.132100 0.000000
vt -12.252310 -0.132144 0.000000
vt -12.251645 -0.152100 0.000000
vt -6.201645 -0.152100 0.000000
vt -6.200981 -0.132144 0.000000
vt -1.373317 0.300000 0.000000
vt -4.340232 0.300000 0.000000
vt -1.853112 0.000118 0.000000
vt -4.340232 0.000118 0.000000
vt -2.967120 0.300000 0.000000
vt -2.487120 -0.000000 0.000000
vt -0.000000 0.300000 0.000000
vt 0.000000 0.000000 0.000000
vt 0.029910 0.796890 0.000000
vt 0.019910 0.797004 0.000000
vt 0.029910 -2.170026 0.000000
vt 0.009924 -2.168689 0.000000
vt 0.009910 0.797072 0.000000
vt -0.000090 0.797095 0.000000
vt -0.010105 -2.168689 0.000000
vt -0.030090 0.797095 0.000000
vt -0.030090 -2.170026 0.000000
vt -0.131623 -0.000000 0.000000
vt -0.131597 0.010225 0.000000
vt -0.399647 0.000000 0.000000
vt -0.131516 0.020449 0.000000
vt -0.131382 0.030673 0.000000
vt 0.434416 0.028264 0.000000
vt 0.434416 0.465830 0.000000
vt -0.399647 0.477105 0.000000
vt 0.434416 0.903396 0.000000
vt -0.399647 0.954210 0.000000
vt 0.434416 1.340962 0.000000
vt -0.399647 1.431315 0.000000
vt 0.434416 1.778528 0.000000
vt -0.399647 1.908420 0.000000
vt 0.434416 2.216094 0.000000
vt -0.399647 2.385524 0.000000
vt 0.434416 2.653660 0.000000
vt -0.399647 2.862629 0.000000
vt 0.434416 3.091226 0.000000
vt -0.399647 3.339734 0.000000
vt 0.434416 3.528792 0.000000
vt -0.399647 3.816839 0.000000
vt 0.434416 3.966358 0.000000
vt -0.399647 4.293944 0.000000
vt 0.434416 4.403924 0.000000
vt -0.399647 4.771049 0.000000
vt 0.434416 4.841490 0.000000
vt -0.399647 5.248154 0.000000
vt 0.434416 5.279056 0.000000
vt 0.004556 5.720808 0.000000
vt 0.434416 5.716623 0.000000
vt -0.399647 5.725259 0.000000
vt -12.521645 -0.450596 0.000000
vt -12.521645 -2.937716 0.000000
vt -12.420836 -0.422080 0.000000
vt -5.931645 -2.937716 0.000000
vt -6.032454 -0.422080 0.000000
vt -5.931645 -0.450596 0.000000
vt -12.335979 -0.360639 0.000000
vt -6.117311 -0.360639 0.000000
vt -12.277424 -0.273766 0.000000
vt -6.175867 -0.273766 0.000000
vt -12.251645 -0.172100 0.000000
vt -6.201645 -0.172100 0.000000
vt -6.200981 -0.172056 0.000000
vt -6.201645 -0.152100 0.000000
vt -12.251645 -0.152100 0.000000
vt -12.252310 -0.172056 0.000000
vt -0.000000 -0.000000 0.000000
vt -0.339222 0.000000 0.000000
vt 0.000000 -0.020000 0.000000
vt -0.339222 -0.020000 0.000000
vt -0.441781 -0.000000 0.000000
vt 0.000000 0.000000 0.000000
vt -0.441781 0.020000 0.000000
vt -0.000000 0.020000 0.000000
vt 3.025000 -0.118331 0.000000
vt 3.025000 0.220890 0.000000
vt -2.687832 -0.118331 0.000000
vt -3.025000 0.220890 0.000000
vt -3.025000 -0.220890 0.000000
vt -0.000000 0.020000 0.000000
vt -0.352421 0.020000 0.000000
vt -0.000000 -0.000000 0.000000
vt -0.352421 -0.020000 0.000000
vt 0.000000 -0.020000 0.000000
vt 0.000000 0.000000 0.000000
vt -0.441781 -0.000000 0.000000
vt -0.000000 -0.020000 0.000000
vt -0.441781 -0.020000 0.000000
vt -0.339222 0.000000 0.000000
vt -0.000000 -0.000000 0.000000
vt -0.339222 0.020000 0.000000
vt 0.000000 0.020000 0.000000
vt -5.712832 -0.020000 0.000000
vt 0.000000 -0.020000 0.000000
vt -5.712832 -0.000000 0.000000
vt -0.000000 0.020000 0.000000
vt -5.712832 0.020000 0.000000
vt -3.025000 -0.118331 0.000000
vt 2.687832 -0.118331 0.000000
vt -3.025000 0.220890 0.000000
vt 3.025000 0.220890 0.000000
vt 3.025000 -0.220890 0.000000
vt -2.213672 0.300000 0.000000
vt -5.284993 0.300000 0.000000
vt -2.693672 -0.000000 0.000000
vt -5.284993 0.000000 0.000000
vt -0.030000 2.642496 0.000000
vt -0.030000 -0.428824 0.000000
vt -0.010015 2.641160 0.000000
vt 0.030000 -0.428824 0.000000
vt 0.010015 2.641160 0.000000
vt 0.030000 2.642496 0.000000
vt -3.071320 0.300000 0.000000
vt -2.591320 -0.000000 0.000000
vt 0.000000 0.300000 0.000000
vt -0.000000 0.000000 0.000000
vt -0.837284 -0.132100 0.000000
vt -0.837284 0.075000 0.000000
vt -5.601645 -0.132100 0.000000
vt -5.627424 -0.030434 0.000000
vt -5.602310 -0.132144 0.000000
vt -0.864386 0.453944 0.000000
vt -0.945142 0.825174 0.000000
vt -5.685979 0.056439 0.000000
vt -1.077908 1.181132 0.000000
vt -1.259980 1.514573 0.000000
vt -5.770836 0.117880 0.000000
vt -1.487653 1.818708 0.000000
vt -1.756292 2.087347 0.000000
vt -3.500000 2.737716 0.000000
vt -2.060427 2.315020 0.000000
vt -2.393868 2.497092 0.000000
vt -2.749826 2.629858 0.000000
vt -3.121056 2.710614 0.000000
vt -5.871645 2.737716 0.000000
vt -5.871645 0.146396 0.000000
vt -5.601645 -0.152100 0.000000
vt -2.317872 0.300000 0.000000
vt -5.284993 0.300000 0.000000
vt -2.797872 0.000000 0.000000
vt -5.284993 0.000000 0.000000
vt -2.967120 0.300000 0.000000
vt -2.487120 0.000000 0.000000
vt -0.000000 0.300000 0.000000
vt 0.000000 0.000000 0.000000
vt 0.030000 -2.642496 0.000000
vt 0.030000 0.324624 0.000000
vt 0.010015 -2.641160 0.000000
vt -0.030000 0.324624 0.000000
vt -0.010015 -2.641160 0.000000
vt -0.030000 -2.642496 0.000000
vt 0.296249 -0.807838 0.000000
vt -0.166249 -0.922507 0.000000
vt 0.296249 -0.942478 0.000000
vt -0.166249 -0.942478 0.000000
vt 0.296249 0.942478 0.000000
vt -0.166249 0.942478 0.000000
vt -0.166249 0.922507 0.000000
vt 0.296249 -0.673198 0.000000
vt -0.166249 -0.711898 0.000000
vt -0.166249 -0.817203 0.000000
vt -0.166249 -0.606594 0.000000
vt 0.296249 -0.538559 0.000000
vt -0.166249 -0.501289 0.000000
vt 0.133751 -0.501289 0.000000
vt 0.133751 -0.481256 0.000000
vt 0.133751 -0.461222 0.000000
vt 0.296249 -0.403919 0.000000
vt 0.133751 -0.441189 0.000000
vt -0.166249 -0.441189 0.000000
vt -0.166249 -0.335884 0.000000
vt 0.296249 -0.269279 0.000000
vt -0.166249 -0.230580 0.000000
vt 0.296249 -0.134640 0.000000
vt -0.166249 -0.125275 0.000000
vt -0.166249 -0.019970 0.000000
vt 0.296249 -0.000000 0.000000
vt -0.166249 0.000000 0.000000
vt -0.166249 0.019970 0.000000
vt 0.296249 0.134640 0.000000
vt -0.166249 0.125275 0.000000
vt -0.166249 0.230580 0.000000
vt 0.296249 0.269279 0.000000
vt -0.166249 0.335884 0.000000
vt 0.296249 0.403919 0.000000
vt -0.166249 0.441189 0.000000
vt 0.133751 0.441189 0.000000
vt 0.133751 0.461222 0.000000
vt 0.133751 0.481256 0.000000
vt 0.296249 0.538559 0.000000
vt 0.133751 0.501289 0.000000
vt -0.166249 0.501289 0.000000
vt -0.166249 0.606594 0.000000
vt 0.296249 0.673198 0.000000
vt -0.166249 0.711898 0.000000
vt 0.296249 0.807838 0.000000
vt -0.166249 0.817203 0.000000
vt -0.197770 10.201254 0.000000
vt -0.197770 9.970801 0.000000
vt -0.195339 10.194350 0.000000
vt -0.087280 9.821625 0.000000
vt -0.126988 9.668777 0.000000
vt -0.021890 9.439100 0.000000
vt -0.084277 9.361524 0.000000
vt -0.000000 9.051645 0.000000
vt -0.070000 9.051645 0.000000
vt -0.070000 -3.375577 0.000000
vt -0.000000 -3.415100 0.000000
vt -0.412763 -3.589847 0.000000
vt -0.757208 -3.888355 0.000000
vt -0.777284 -3.817713 0.000000
vt -6.452716 -3.817713 0.000000
vt -6.472792 -3.888355 0.000000
vt -6.817237 -3.589847 0.000000
vt -7.230000 -3.415100 0.000000
vt -7.160000 -3.375577 0.000000
vt -7.230000 -2.775826 0.000000
vt -7.160000 -2.775826 0.000000
vt -0.103720 2.775826 0.000000
vt -0.033720 2.775826 0.000000
vt -0.103720 9.051645 0.000000
vt -0.033720 9.051645 0.000000
vt -0.084796 9.411977 0.000000
vt -0.028232 9.768344 0.000000
vt -0.007678 9.469791 0.000000
vt 0.065349 10.116826 0.000000
vt 0.070046 9.881474 0.000000
vt 0.194918 10.453588 0.000000
vt 0.198250 10.280331 0.000000
vt 0.198250 10.461055 0.000000
vt 0.000000 0.008177 0.000000
vt -0.080000 0.006427 0.000000
vt -0.000000 0.000000 0.000000
vt -0.080000 0.000000 0.000000
vt 0.040000 1.443975 0.000000
vt -0.040000 1.443975 0.000000
vt 0.040000 1.082982 0.000000
vt -0.040000 1.082982 0.000000
vt 0.040000 0.721988 0.000000
vt -0.040000 0.721988 0.000000
vt 0.040000 0.360994 0.000000
vt -0.040000 0.360994 0.000000
vt 0.040000 0.000000 0.000000
vt -0.040000 0.000000 0.000000
vt -0.080000 9.051645 0.000000
vt -0.053308 2.781454 0.000000
vt 0.000000 9.051645 0.000000
vt -0.026640 2.778768 0.000000
vt 0.000000 2.775826 0.000000
vt -0.080000 2.783884 0.000000
vt 0.301257 10.465848 0.000000
vt 0.298978 10.477240 0.000000
vt 0.301257 10.459457 0.000000
vt 0.298638 10.453588 0.000000
vt 0.292625 10.486914 0.000000
vt 0.282982 10.493441 0.000000
vt 0.276960 10.495304 0.000000
vt 0.270692 10.495865 0.000000
vt 0.259456 10.493418 0.000000
vt 0.169069 10.116826 0.000000
vt 0.250450 10.487488 0.000000
vt 0.243862 10.478074 0.000000
vt 0.112026 10.135431 0.000000
vt 0.075488 9.768344 0.000000
vt 0.016808 9.780862 0.000000
vt 0.018924 9.411977 0.000000
vt 0.000000 9.051645 0.000000
vt -0.040745 9.418271 0.000000
vt -0.060000 9.051645 0.000000
vt -0.060000 2.783884 0.000000
vt -0.000000 2.783884 0.000000
vt 7.160000 -4.709839 0.000000
vt 7.160000 -4.683036 0.000000
vt 7.090000 -4.709839 0.000000
vt 7.160000 -4.656234 0.000000
vt 7.160000 -4.629431 0.000000
vt 7.090000 -4.300288 0.000000
vt 7.220000 -4.629431 0.000000
vt 7.220000 -4.226872 0.000000
vt 7.090000 -3.890736 0.000000
vt 7.220000 -3.824313 0.000000
vt 7.090000 -3.481185 0.000000
vt 7.220000 -3.421754 0.000000
vt 7.090000 -3.071634 0.000000
vt 7.220000 -3.019194 0.000000
vt 7.090000 -2.662083 0.000000
vt 7.220000 -2.616635 0.000000
vt 7.090000 -2.252532 0.000000
vt 7.220000 -2.214076 0.000000
vt 7.090000 -1.842980 0.000000
vt 7.220000 -1.811517 0.000000
vt 7.090000 -1.433429 0.000000
vt 7.220000 -1.408957 0.000000
vt 7.090000 -1.023878 0.000000
vt 7.220000 -1.006398 0.000000
vt 7.090000 -0.614327 0.000000
vt 7.220000 -0.603839 0.000000
vt 7.090000 -0.204776 0.000000
vt 7.220000 -0.201280 0.000000
vt 7.220000 0.201280 0.000000
vt 7.090000 0.204776 0.000000
vt 7.220000 0.603839 0.000000
vt 7.090000 0.614327 0.000000
vt 7.220000 1.006398 0.000000
vt 7.090000 1.023878 0.000000
vt 7.220000 1.408957 0.000000
vt 7.090000 1.433429 0.000000
vt 7.220000 1.811517 0.000000
vt 7.090000 1.842980 0.000000
vt 7.220000 2.214076 0.000000
vt 7.090000 2.252532 0.000000
vt 7.220000 2.616635 0.000000
vt 7.090000 2.662083 0.000000
vt 7.220000 3.019194 0.000000
vt 7.090000 3.071634 0.000000
vt 7.220000 3.421754 0.000000
vt 7.090000 3.481185 0.000000
vt 7.220000 3.824313 0.000000
vt 7.090000 3.890736 0.000000
vt 7.220000 4.226872 0.000000
vt 7.090000 4.300288 0.000000
vt 7.220000 4.629431 0.000000
vt 7.160000 4.629431 0.000000
vt 7.090000 4.709839 0.000000
vt 7.160000 4.656234 0.000000
vt 7.160000 4.683036 0.000000
vt 7.160000 4.709839 0.000000
vt 0.000000 0.655901 0.000000
vt -0.026640 0.652960 0.000000
vt 0.000000 0.016627 0.000000
vt -0.053308 0.650273 0.000000
vt -0.080000 0.016627 0.000000
vt -0.080000 0.647843 0.000000
vt 0.000000 0.910143 0.000000
vt -0.080000 0.910143 0.000000
vt 0.000000 0.017208 0.000000
vt -0.080000 0.017208 0.000000
vt 0.000000 5.732792 0.000000
vt -0.080000 5.732792 0.000000
vt -0.000000 0.017208 0.000000
vt -0.080000 0.017208 0.000000
vt 0.000000 0.909563 0.000000
vt -0.080000 0.909563 0.000000
vt 0.000000 0.016627 0.000000
vt -0.080000 0.016627 0.000000
vt -0.080000 -3.415100 0.000000
vt -0.000000 -3.415100 0.000000
vt -0.080000 9.051645 0.000000
vt 0.000000 9.051645 0.000000
vt -0.040000 0.000000 0.000000
vt 0.040000 0.000000 0.000000
vt -0.040000 0.388279 0.000000
vt 0.040000 0.388279 0.000000
vt -0.040000 0.776558 0.000000
vt 0.040000 0.776558 0.000000
vt -0.040000 1.164837 0.000000
vt 0.040000 1.164837 0.000000
vt -0.000000 0.000000 0.000000
vt -0.000000 0.005173 0.000000
vt -0.080000 -0.000000 0.000000
vt -0.080000 0.007320 0.000000
vt -7.391761 -2.783884 0.000000
vt -7.451761 -2.783884 0.000000
vt -7.391761 -3.415100 0.000000
vt -7.451761 -3.431713 0.000000
vt -7.437661 -3.457153 0.000000
vt -7.445186 -3.450455 0.000000
vt -7.450069 -3.441644 0.000000
vt -6.651761 -3.948342 0.000000
vt -6.634553 -3.888355 0.000000
vt -0.901761 -3.948342 0.000000
vt -0.918968 -3.888355 0.000000
vt -0.161761 -3.415100 0.000000
vt -0.115861 -3.457153 0.000000
vt -0.101761 -3.431713 0.000000
vt -0.108336 -3.450455 0.000000
vt -0.103452 -3.441644 0.000000
vt -0.101761 9.051645 0.000000
vt -0.161761 9.051645 0.000000
vt -0.124034 9.445873 0.000000
vt -0.183650 9.439100 0.000000
vt -0.190570 9.835084 0.000000
vt -0.249041 9.821625 0.000000
vt -0.300521 10.214323 0.000000
vt -0.357099 10.194350 0.000000
vt -0.311109 10.228562 0.000000
vt -0.321651 10.233490 0.000000
vt -0.306435 10.224309 0.000000
vt -0.333141 10.234035 0.000000
vt -0.344162 10.230116 0.000000
vt -0.352737 10.222451 0.000000
vt -0.357981 10.211290 0.000000
vt -0.358818 10.204358 0.000000
vt -0.358818 10.199229 0.000000
vt -0.541055 -5.357082 0.000000
vt -0.360331 -5.357082 0.000000
vt -0.539457 -5.277077 0.000000
vt -0.362317 -5.186370 0.000000
vt -0.545848 -5.277077 0.000000
vt -0.557013 -5.104914 0.000000
vt -0.385093 -5.020491 0.000000
vt -0.586724 -4.934809 0.000000
vt -0.425716 -4.859336 0.000000
vt -0.632713 -4.768411 0.000000
vt -0.481174 -4.701730 0.000000
vt -0.691962 -4.606123 0.000000
vt -0.625426 -4.393170 0.000000
vt -0.837459 -4.292727 0.000000
vt -0.800443 -4.089076 0.000000
vt -1.006255 -3.990749 0.000000
vt -0.992190 -3.786560 0.000000
vt -1.186943 -3.695516 0.000000
vt -1.190171 -3.485883 0.000000
vt -1.371473 -3.403155 0.000000
vt -1.385600 -3.188175 0.000000
vt -1.555772 -3.110326 0.000000
vt -1.572584 -2.894356 0.000000
vt -1.736079 -2.814379 0.000000
vt -1.755909 -2.589295 0.000000
vt -1.908846 -2.514226 0.000000
vt -1.931496 -2.271079 0.000000
vt -2.070557 -2.208754 0.000000
vt -2.092500 -1.942567 0.000000
vt -2.217696 -1.896539 0.000000
vt -2.232797 -1.606296 0.000000
vt -2.346721 -1.576001 0.000000
vt -2.347361 -1.264647 0.000000
vt -2.453640 -1.247207 0.000000
vt -2.431883 -0.920448 0.000000
vt -2.534095 -0.911349 0.000000
vt -2.483745 -0.576759 0.000000
vt -2.584327 -0.569840 0.000000
vt -2.501645 -0.227273 0.000000
vt -2.601645 -0.225262 0.000000
vt -2.501645 -0.110539 0.000000
vt -2.601645 -0.109561 0.000000
vt -2.501645 0.006194 0.000000
vt -2.601645 0.006140 0.000000
vt -2.601645 0.121841 0.000000
vt -2.501645 0.122927 0.000000
vt -2.582859 0.479625 0.000000
vt -2.481833 0.489480 0.000000
vt -2.528241 0.833906 0.000000
vt -2.423630 0.852709 0.000000
vt -2.440539 1.181676 0.000000
vt -2.328698 1.214773 0.000000
vt -2.323857 1.521301 0.000000
vt -2.200273 1.572410 0.000000
vt -2.183051 1.851389 0.000000
vt -2.043252 1.922612 0.000000
vt -2.022418 2.171789 0.000000
vt -1.863461 2.262892 0.000000
vt -1.845563 2.484192 0.000000
vt -1.667844 2.590214 0.000000
vt -1.656053 2.790058 0.000000
vt -1.464290 2.901273 0.000000
vt -1.457454 3.090461 0.000000
vt -1.253197 3.203403 0.000000
vt -1.253321 3.386389 0.000000
vt -1.032419 3.506361 0.000000
vt -1.047144 3.680440 0.000000
vt -0.808492 3.807903 0.000000
vt -0.842621 3.975933 0.000000
vt -0.589762 4.107054 0.000000
vt -0.647429 4.277475 0.000000
vt -0.386484 4.402938 0.000000
vt -0.472652 4.591108 0.000000
vt -0.212283 4.700848 0.000000
vt -0.398489 4.754548 0.000000
vt -0.141648 4.853496 0.000000
vt -0.339188 4.923764 0.000000
vt -0.087123 5.011770 0.000000
vt -0.299598 5.098676 0.000000
vt -0.054292 5.179035 0.000000
vt -0.284358 5.277077 0.000000
vt -0.279229 5.277077 0.000000
vt -0.050801 5.357082 0.000000
vt -0.281254 5.357082 0.000000
vt 0.016758 -10.366524 0.000000
vt 0.016758 -10.816809 0.000000
vt 0.031941 -10.498961 0.000000
vt 0.026880 -10.816790 0.000000
vt 0.037002 -10.816765 0.000000
vt 0.047124 -10.816736 0.000000
vt 0.047124 -10.366457 0.000000
vt 0.031941 -10.181113 0.000000
vt 0.047124 -9.916178 0.000000
vt 0.031941 -9.863265 0.000000
vt 0.031941 -9.545416 0.000000
vt 0.016758 -9.916239 0.000000
vt 0.016758 -9.465954 0.000000
vt 0.031941 -9.227568 0.000000
vt 0.016758 -9.015669 0.000000
vt 0.031941 -8.909720 0.000000
vt 0.016758 -8.565384 0.000000
vt 0.031941 -8.591872 0.000000
vt 0.031941 -8.274023 0.000000
vt 0.047124 -8.565341 0.000000
vt 0.047124 -8.115062 0.000000
vt 0.047124 -9.465899 0.000000
vt 0.047124 -9.015620 0.000000
vt 0.031941 -7.956175 0.000000
vt 0.047124 -7.664783 0.000000
vt 0.031941 -7.638327 0.000000
vt 0.031941 -7.320479 0.000000
vt 0.016758 -7.664814 0.000000
vt 0.016758 -7.214529 0.000000
vt 0.031941 -7.002630 0.000000
vt 0.016758 -6.764244 0.000000
vt 0.031941 -6.684782 0.000000
vt 0.016758 -6.313959 0.000000
vt 0.031941 -6.366934 0.000000
vt 0.031941 -6.049086 0.000000
vt 0.047124 -6.313947 0.000000
vt 0.047124 -5.863668 0.000000
vt 0.047124 -7.214505 0.000000
vt 0.047124 -6.764226 0.000000
vt 0.047124 -5.413389 0.000000
vt 0.037002 -5.413389 0.000000
vt 0.031941 -5.731237 0.000000
vt 0.016758 -5.863674 0.000000
vt 0.026880 -5.413389 0.000000
vt 0.016758 -5.413389 0.000000
vt 0.016758 -8.115099 0.000000
vt -2.687500 0.005061 0.000000
vt -2.364227 0.000000 0.000000
vt -2.687500 0.015183 0.000000
vt -2.040954 0.000000 0.000000
vt -1.717681 0.000000 0.000000
vt -2.687500 -0.005061 0.000000
vt -1.394408 0.000000 0.000000
vt -1.071135 0.000000 0.000000
vt -0.747862 0.000000 0.000000
vt -0.424589 0.000000 0.000000
vt -0.101316 0.000000 0.000000
vt 0.221957 0.000000 0.000000
vt 0.545230 0.000000 0.000000
vt 0.868503 0.000000 0.000000
vt 6.364145 -0.015183 0.000000
vt 1.191776 0.000000 0.000000
vt 1.515050 0.000000 0.000000
vt 1.838323 0.000000 0.000000
vt 2.161596 0.000000 0.000000
vt 2.484869 0.000000 0.000000
vt 2.808142 0.000000 0.000000
vt 3.131415 0.000000 0.000000
vt 6.364145 0.005061 0.000000
vt 3.454688 0.000000 0.000000
vt 3.777961 0.000000 0.000000
vt 4.101234 0.000000 0.000000
vt 4.424507 0.000000 0.000000
vt 4.747780 0.000000 0.000000
vt 5.071053 0.000000 0.000000
vt 5.394326 0.000000 0.000000
vt 5.717599 0.000000 0.000000
vt 6.040872 0.000000 0.000000
vt 6.364145 -0.005061 0.000000
vt -2.687500 -0.015183 0.000000
vt 6.364145 0.015183 0.000000
vt -0.030366 0.000000 0.000000
vt -0.020244 0.000000 0.000000
vt -0.030366 0.457657 0.000000
vt -0.015183 0.323052 0.000000
vt -0.015183 0.646104 0.000000
vt -0.000000 0.457657 0.000000
vt 0.000000 0.915313 0.000000
vt -0.010122 0.000000 0.000000
vt 0.000000 0.000000 0.000000
vt 0.000000 1.372970 0.000000
vt -0.015183 1.292207 0.000000
vt -0.015183 0.969155 0.000000
vt -0.030366 0.915313 0.000000
vt -0.015183 1.615259 0.000000
vt -0.000000 1.830627 0.000000
vt -0.015183 1.938311 0.000000
vt 0.000000 2.288283 0.000000
vt -0.015183 2.261362 0.000000
vt -0.015183 2.584414 0.000000
vt -0.030366 2.288283 0.000000
vt -0.030366 2.745940 0.000000
vt -0.015183 2.907466 0.000000
vt -0.030366 3.203597 0.000000
vt -0.015183 3.230518 0.000000
vt -0.015183 3.553569 0.000000
vt -0.000000 3.203597 0.000000
vt -0.000000 3.661253 0.000000
vt 0.000000 2.745940 0.000000
vt -0.015183 3.876621 0.000000
vt 0.000000 4.118910 0.000000
vt -0.015183 4.199673 0.000000
vt 0.000000 4.576567 0.000000
vt -0.015183 4.522725 0.000000
vt -0.015183 4.845776 0.000000
vt -0.030366 4.576567 0.000000
vt -0.030366 5.034223 0.000000
vt -0.015183 5.168828 0.000000
vt -0.030366 5.491880 0.000000
vt -0.020244 5.491880 0.000000
vt -0.010122 5.491880 0.000000
vt 0.000000 5.034223 0.000000
vt 0.000000 5.491880 0.000000
vt -0.030366 4.118910 0.000000
vt -0.030366 3.661253 0.000000
vt -0.030366 1.830627 0.000000
vt -0.030366 1.372970 0.000000
vt -0.275000 -0.015183 0.000000
vt 0.075000 -0.015183 0.000000
vt -0.275000 -0.005061 0.000000
vt 0.075000 -0.005061 0.000000
vt 0.075000 0.005061 0.000000
vt 0.075000 0.015183 0.000000
vt -0.275000 0.015183 0.000000
vt -0.275000 0.005061 0.000000
vt -0.030366 5.491880 0.000000
vt -0.020244 5.491880 0.000000
vt -0.030366 5.949536 0.000000
vt -0.015183 5.814932 0.000000
vt -0.015183 6.137983 0.000000
vt 0.000000 5.949536 0.000000
vt 0.000000 6.407193 0.000000
vt -0.010122 5.491880 0.000000
vt 0.000000 5.491880 0.000000
vt 0.000000 6.864850 0.000000
vt -0.015183 6.784087 0.000000
vt -0.015183 6.461035 0.000000
vt -0.030366 6.407193 0.000000
vt -0.015183 7.107139 0.000000
vt -0.000000 7.322506 0.000000
vt -0.015183 7.430190 0.000000
vt 0.000000 7.780163 0.000000
vt -0.015183 7.753242 0.000000
vt -0.015183 8.076294 0.000000
vt -0.030366 7.780163 0.000000
vt -0.030366 8.237820 0.000000
vt -0.015183 8.399346 0.000000
vt -0.030366 8.695476 0.000000
vt -0.015183 8.722397 0.000000
vt -0.015183 9.045449 0.000000
vt 0.000000 8.695476 0.000000
vt 0.000000 9.153133 0.000000
vt 0.000000 8.237820 0.000000
vt -0.015183 9.368501 0.000000
vt 0.000000 9.610790 0.000000
vt -0.015183 9.691553 0.000000
vt 0.000000 10.068446 0.000000
vt -0.015183 10.014604 0.000000
vt -0.015183 10.337656 0.000000
vt -0.030366 10.068446 0.000000
vt -0.030366 10.526103 0.000000
vt -0.015183 10.660708 0.000000
vt -0.030366 10.983760 0.000000
vt -0.020244 10.983760 0.000000
vt -0.010122 10.983760 0.000000
vt -0.000000 10.526103 0.000000
vt 0.000000 10.983760 0.000000
vt -0.030366 9.610790 0.000000
vt -0.030366 9.153133 0.000000
vt -0.030366 7.322506 0.000000
vt -0.030366 6.864850 0.000000
vt -6.364145 0.005061 0.000000
vt -6.040872 0.000000 0.000000
vt -6.364145 0.015183 0.000000
vt -5.717599 0.000000 0.000000
vt -5.394326 0.000000 0.000000
vt -6.364145 -0.005061 0.000000
vt -5.071053 0.000000 0.000000
vt -4.747780 0.000000 0.000000
vt -4.424507 0.000000 0.000000
vt -4.101234 0.000000 0.000000
vt -3.777961 0.000000 0.000000
vt -3.454688 0.000000 0.000000
vt -3.131415 0.000000 0.000000
vt -2.808142 0.000000 0.000000
vt 2.687500 -0.015183 0.000000
vt -2.484869 0.000000 0.000000
vt -2.161596 0.000000 0.000000
vt -1.838323 0.000000 0.000000
vt -1.515050 0.000000 0.000000
vt -1.191776 0.000000 0.000000
vt -0.868503 0.000000 0.000000
vt -0.545230 0.000000 0.000000
vt 2.687500 0.005061 0.000000
vt -0.221957 0.000000 0.000000
vt 0.101316 0.000000 0.000000
vt 0.424589 0.000000 0.000000
vt 0.747862 0.000000 0.000000
vt 1.071135 0.000000 0.000000
vt 1.394408 0.000000 0.000000
vt 1.717681 0.000000 0.000000
vt 2.040954 0.000000 0.000000
vt 2.364227 0.000000 0.000000
vt 2.687500 -0.005061 0.000000
vt -6.364145 -0.015183 0.000000
vt 2.687500 0.015183 0.000000
vt 0.047124 -0.460321 0.000000
vt 0.047124 -0.010042 0.000000
vt 0.031941 -0.327817 0.000000
vt 0.037002 -0.010013 0.000000
vt 0.026880 -0.009988 0.000000
vt 0.016758 -0.009968 0.000000
vt 0.016758 -0.460254 0.000000
vt 0.031941 -0.645665 0.000000
vt 0.016758 -0.910539 0.000000
vt 0.031941 -0.963513 0.000000
vt 0.031941 -1.281362 0.000000
vt 0.047124 -0.910600 0.000000
vt 0.047124 -1.360879 0.000000
vt 0.031941 -1.599210 0.000000
vt 0.047124 -1.811158 0.000000
vt 0.031941 -1.917058 0.000000
vt 0.047124 -2.261437 0.000000
vt 0.031941 -2.234906 0.000000
vt 0.031941 -2.552755 0.000000
vt 0.016758 -2.261394 0.000000
vt 0.016758 -2.711679 0.000000
vt 0.016758 -1.360824 0.000000
vt 0.016758 -1.811109 0.000000
vt 0.031941 -2.870603 0.000000
vt 0.016758 -3.161964 0.000000
vt 0.031941 -3.188451 0.000000
vt 0.031941 -3.506299 0.000000
vt 0.047124 -3.161995 0.000000
vt 0.047124 -3.612273 0.000000
vt 0.031941 -3.824148 0.000000
vt 0.047124 -4.062552 0.000000
vt 0.031941 -4.141996 0.000000
vt 0.047124 -4.512831 0.000000
vt 0.031941 -4.459844 0.000000
vt 0.031941 -4.777692 0.000000
vt 0.016758 -4.512819 0.000000
vt 0.016758 -4.963104 0.000000
vt 0.016758 -3.612249 0.000000
vt 0.016758 -4.062534 0.000000
vt 0.016758 -5.413389 0.000000
vt 0.026880 -5.413389 0.000000
vt 0.031941 -5.095541 0.000000
vt 0.047124 -4.963110 0.000000
vt 0.037002 -5.413389 0.000000
vt 0.047124 -5.413389 0.000000
vt 0.047124 -2.711716 0.000000
vt -0.471699 -5.806906 0.000000
vt 0.455072 -5.805573 0.000000
vt -0.471699 -5.360221 0.000000
vt 0.455072 -5.321775 0.000000
vt -0.471699 -4.913535 0.000000
vt 0.455072 -4.837978 0.000000
vt -0.471699 -4.466850 0.000000
vt 0.455072 -4.354180 0.000000
vt -0.471699 -4.020165 0.000000
vt 0.455072 -3.870382 0.000000
vt -0.471699 -3.573480 0.000000
vt 0.455072 -3.386584 0.000000
vt -0.471699 -3.126795 0.000000
vt 0.455072 -2.902787 0.000000
vt -0.471699 -2.680110 0.000000
vt 0.455072 -2.418989 0.000000
vt -0.471699 -2.233425 0.000000
vt 0.455072 -1.935191 0.000000
vt -0.471699 -1.786740 0.000000
vt 0.455072 -1.451393 0.000000
vt -0.471699 -1.340055 0.000000
vt 0.455072 -0.967596 0.000000
vt -0.471699 -0.893370 0.000000
vt 0.455072 -0.483798 0.000000
vt -0.471699 -0.446685 0.000000
vt 0.455072 -0.000000 0.000000
vt -0.471699 -0.000000 0.000000
vt 8.426645 0.455072 0.000000
vt -0.625000 0.455072 0.000000
vt 8.426645 -0.471699 0.000000
vt -0.625000 -0.471699 0.000000
vt -0.455072 2.429197 0.000000
vt -0.455072 2.024331 0.000000
vt 0.471699 2.429197 0.000000
vt 0.471699 1.987525 0.000000
vt -0.455072 1.619465 0.000000
vt 0.471699 1.545853 0.000000
vt -0.455072 1.214599 0.000000
vt 0.471699 1.104181 0.000000
vt -0.455072 0.809732 0.000000
vt 0.471699 0.662508 0.000000
vt -0.455072 0.404866 0.000000
vt 0.471699 0.220836 0.000000
vt -0.455072 0.000000 0.000000
vt 0.471699 -0.220836 0.000000
vt -0.455072 -0.404866 0.000000
vt 0.471699 -0.662508 0.000000
vt -0.455072 -0.809732 0.000000
vt 0.471699 -1.104181 0.000000
vt -0.455072 -1.214599 0.000000
vt 0.471699 -1.545853 0.000000
vt -0.455072 -1.619465 0.000000
vt 0.471699 -1.987525 0.000000
vt -0.455072 -2.024331 0.000000
vt 0.471699 -2.429197 0.000000
vt -0.455072 -2.429197 0.000000
vt 0.075000 0.455072 0.000000
vt -0.275000 0.455072 0.000000
vt 0.075000 -0.471699 0.000000
vt -0.275000 -0.471699 0.000000
vt -0.455072 2.429197 0.000000
vt -0.455072 2.024331 0.000000
vt 0.471699 2.429197 0.000000
vt 0.471699 1.987525 0.000000
vt -0.455072 1.619465 0.000000
vt 0.471699 1.545853 0.000000
vt -0.455072 1.214599 0.000000
vt 0.471699 1.104181 0.000000
vt -0.455072 0.809732 0.000000
vt 0.471699 0.662508 0.000000
vt -0.455072 0.404866 0.000000
vt 0.471699 0.220836 0.000000
vt -0.455072 -0.000000 0.000000
vt 0.471699 -0.220836 0.000000
vt -0.455072 -0.404866 0.000000
vt 0.471699 -0.662508 0.000000
vt -0.455072 -0.809732 0.000000
vt 0.471699 -1.104181 0.000000
vt -0.455072 -1.214599 0.000000
vt 0.471699 -1.545853 0.000000
vt -0.455072 -1.619465 0.000000
vt 0.471699 -1.987525 0.000000
vt -0.455072 -2.024331 0.000000
vt 0.471699 -2.429197 0.000000
vt -0.455072 -2.429197 0.000000
vt 0.625000 0.455072 0.000000
vt -8.426645 0.455072 0.000000
vt 0.625000 -0.471699 0.000000
vt -8.426645 -0.471699 0.000000
vt -0.471699 5.806906 0.000000
vt -0.471699 5.360221 0.000000
vt 0.455072 5.805573 0.000000
vt 0.455072 5.321775 0.000000
vt -0.471699 4.913535 0.000000
vt 0.455072 4.837978 0.000000
vt -0.471699 4.466850 0.000000
vt 0.455072 4.354180 0.000000
vt -0.471699 4.020165 0.000000
vt 0.455072 3.870382 0.000000
vt -0.471699 3.573480 0.000000
vt 0.455072 3.386584 0.000000
vt -0.471699 3.126795 0.000000
vt 0.455072 2.902787 0.000000
vt -0.471699 2.680110 0.000000
vt 0.455072 2.418989 0.000000
vt -0.471699 2.233425 0.000000
vt 0.455072 1.935191 0.000000
vt -0.471699 1.786740 0.000000
vt 0.455072 1.451393 0.000000
vt -0.471699 1.340055 0.000000
vt 0.455072 0.967596 0.000000
vt -0.471699 0.893370 0.000000
vt 0.455072 0.483798 0.000000
vt -0.471699 0.446685 0.000000
vt 0.455072 -0.000000 0.000000
vt -0.471699 -0.000000 0.000000
vt -0.062497 0.040470 0.000000
vt -0.053650 0.040552 0.000000
vt -0.062497 0.214651 0.000000
vt -0.051289 0.156590 0.000000
vt -0.051289 0.272711 0.000000
vt -0.040081 0.156590 0.000000
vt -0.040081 0.272711 0.000000
vt -0.035713 0.156590 0.000000
vt -0.035713 0.272711 0.000000
vt -0.029046 0.156590 0.000000
vt -0.029046 0.272711 0.000000
vt -0.022379 0.156590 0.000000
vt -0.022379 0.272711 0.000000
vt -0.015712 0.156590 0.000000
vt -0.015712 0.272711 0.000000
vt -0.009044 0.156590 0.000000
vt -0.009044 0.272711 0.000000
vt -0.000000 0.214737 0.000000
vt -0.000000 0.388915 0.000000
vt -0.045351 0.040619 0.000000
vt -0.036491 0.040670 0.000000
vt -0.031656 0.040686 0.000000
vt -0.026825 0.040691 0.000000
vt -0.017857 0.040676 0.000000
vt -0.008942 0.040629 0.000000
vt -0.000000 0.040559 0.000000
vt -0.000000 0.563093 0.000000
vt -0.009044 0.504952 0.000000
vt -0.009044 0.388903 0.000000
vt -0.015712 0.388894 0.000000
vt -0.022379 0.388885 0.000000
vt -0.029046 0.388876 0.000000
vt -0.035713 0.388867 0.000000
vt -0.040081 0.388861 0.000000
vt -0.051289 0.388846 0.000000
vt -0.062497 0.388832 0.000000
vt -0.009044 0.621073 0.000000
vt -0.000000 0.737271 0.000000
vt -0.009044 0.737260 0.000000
vt -0.009044 0.853314 0.000000
vt -0.015712 0.853314 0.000000
vt -0.015712 0.969434 0.000000
vt -0.022379 0.969434 0.000000
vt -0.022379 1.143615 0.000000
vt -0.029046 1.143615 0.000000
vt -0.029046 1.317796 0.000000
vt -0.035713 1.317796 0.000000
vt -0.035713 1.491977 0.000000
vt -0.040081 1.491977 0.000000
vt -0.040081 1.666158 0.000000
vt -0.051289 1.666158 0.000000
vt -0.051289 1.840339 0.000000
vt -0.062497 1.782278 0.000000
vt -0.051289 2.014519 0.000000
vt -0.062497 2.130640 0.000000
vt -0.051289 2.188700 0.000000
vt -0.051289 2.362881 0.000000
vt -0.040081 2.188700 0.000000
vt -0.040081 2.362881 0.000000
vt -0.035713 2.188700 0.000000
vt -0.035713 2.362881 0.000000
vt -0.029046 2.188700 0.000000
vt -0.029046 2.362881 0.000000
vt -0.022379 2.188700 0.000000
vt -0.022379 2.362881 0.000000
vt -0.015712 2.188700 0.000000
vt -0.015712 2.362881 0.000000
vt -0.009044 2.188700 0.000000
vt -0.009044 2.362881 0.000000
vt -0.000000 2.130696 0.000000
vt -0.000000 2.479052 0.000000
vt -0.009044 0.969434 0.000000
vt -0.000000 1.085627 0.000000
vt -0.009044 1.143615 0.000000
vt -0.009044 1.317796 0.000000
vt -0.015712 1.317796 0.000000
vt -0.015712 1.491977 0.000000
vt -0.022379 1.491977 0.000000
vt -0.022379 1.666158 0.000000
vt -0.029046 1.666158 0.000000
vt -0.029046 1.840339 0.000000
vt -0.035713 1.840339 0.000000
vt -0.035713 2.014519 0.000000
vt -0.040081 2.014519 0.000000
vt -0.000000 1.433983 0.000000
vt -0.009044 1.491977 0.000000
vt -0.015712 1.666158 0.000000
vt -0.022379 1.840339 0.000000
vt -0.029046 2.014519 0.000000
vt -0.009044 1.666158 0.000000
vt -0.000000 1.782340 0.000000
vt -0.009044 1.840339 0.000000
vt -0.009044 2.014519 0.000000
vt -0.015712 2.014519 0.000000
vt -0.000000 2.827408 0.000000
vt -0.009044 2.711243 0.000000
vt -0.009044 2.537062 0.000000
vt -0.015712 2.537062 0.000000
vt -0.022379 2.537062 0.000000
vt -0.029046 2.537062 0.000000
vt -0.035713 2.537062 0.000000
vt -0.040081 2.537062 0.000000
vt -0.051289 2.537062 0.000000
vt -0.062497 2.479002 0.000000
vt -0.000000 3.175764 0.000000
vt -0.009044 3.059604 0.000000
vt -0.009044 2.885424 0.000000
vt -0.015712 2.885424 0.000000
vt -0.015712 2.711243 0.000000
vt -0.022379 2.885424 0.000000
vt -0.022379 2.711243 0.000000
vt -0.029046 2.885424 0.000000
vt -0.029046 2.711243 0.000000
vt -0.035713 2.885424 0.000000
vt -0.035713 2.711243 0.000000
vt -0.040081 2.885424 0.000000
vt -0.040081 2.711243 0.000000
vt -0.051289 2.885424 0.000000
vt -0.051289 2.711243 0.000000
vt -0.062497 2.827363 0.000000
vt -0.000000 3.524120 0.000000
vt -0.009044 3.407966 0.000000
vt -0.009044 3.233785 0.000000
vt -0.015712 3.233785 0.000000
vt -0.015712 3.059604 0.000000
vt -0.022379 3.233785 0.000000
vt -0.022379 3.059604 0.000000
vt -0.029046 3.233785 0.000000
vt -0.029046 3.059604 0.000000
vt -0.035713 3.233785 0.000000
vt -0.035713 3.059604 0.000000
vt -0.040081 3.233785 0.000000
vt -0.040081 3.059604 0.000000
vt -0.051289 3.233785 0.000000
vt -0.051289 3.059604 0.000000
vt -0.062497 3.175725 0.000000
vt -0.000000 3.872476 0.000000
vt -0.009044 3.756328 0.000000
vt -0.009044 3.582147 0.000000
vt -0.015712 3.582147 0.000000
vt -0.015712 3.407966 0.000000
vt -0.022379 3.582147 0.000000
vt -0.022379 3.407966 0.000000
vt -0.029046 3.582147 0.000000
vt -0.029046 3.407966 0.000000
vt -0.035713 3.582147 0.000000
vt -0.035713 3.407966 0.000000
vt -0.040081 3.582147 0.000000
vt -0.040081 3.407966 0.000000
vt -0.051289 3.582147 0.000000
vt -0.051289 3.407966 0.000000
vt -0.062497 3.524087 0.000000
vt -0.000000 4.220832 0.000000
vt -0.009044 4.104689 0.000000
vt -0.009044 3.988569 0.000000
vt -0.009044 3.872472 0.000000
vt -0.015712 3.988569 0.000000
vt -0.015712 3.872469 0.000000
vt -0.022379 3.988569 0.000000
vt -0.022379 3.872466 0.000000
vt -0.029046 3.988569 0.000000
vt -0.029046 3.872463 0.000000
vt -0.035713 3.988569 0.000000
vt -0.035713 3.872460 0.000000
vt -0.040081 3.988569 0.000000
vt -0.040081 3.872458 0.000000
vt -0.051289 3.988569 0.000000
vt -0.051289 3.872453 0.000000
vt -0.062497 3.872448 0.000000
vt -0.051289 3.756328 0.000000
vt -0.000000 4.569188 0.000000
vt -0.009044 4.453051 0.000000
vt -0.009044 4.336931 0.000000
vt -0.009044 4.220829 0.000000
vt -0.015712 4.336931 0.000000
vt -0.015712 4.220827 0.000000
vt -0.022379 4.336931 0.000000
vt -0.022379 4.220824 0.000000
vt -0.029046 4.336931 0.000000
vt -0.029046 4.220822 0.000000
vt -0.035713 4.336931 0.000000
vt -0.035713 4.220820 0.000000
vt -0.040081 4.336931 0.000000
vt -0.040081 4.220818 0.000000
vt -0.051289 4.336931 0.000000
vt -0.051289 4.220814 0.000000
vt -0.062497 4.220810 0.000000
vt -0.051289 4.104689 0.000000
vt -0.000000 4.917545 0.000000
vt -0.009044 4.801413 0.000000
vt -0.009044 4.685292 0.000000
vt -0.009044 4.569186 0.000000
vt -0.015712 4.685292 0.000000
vt -0.015712 4.569184 0.000000
vt -0.022379 4.685292 0.000000
vt -0.022379 4.569182 0.000000
vt -0.029046 4.685292 0.000000
vt -0.029046 4.569181 0.000000
vt -0.035713 4.685292 0.000000
vt -0.035713 4.569179 0.000000
vt -0.040081 4.685292 0.000000
vt -0.040081 4.569178 0.000000
vt -0.051289 4.685292 0.000000
vt -0.051289 4.569175 0.000000
vt -0.062497 4.569172 0.000000
vt -0.051289 4.453051 0.000000
vt -0.000000 5.265901 0.000000
vt -0.009044 5.149774 0.000000
vt -0.009044 5.033654 0.000000
vt -0.009044 4.917543 0.000000
vt -0.015712 5.033654 0.000000
vt -0.015712 4.917542 0.000000
vt -0.022379 5.033654 0.000000
vt -0.022379 4.917541 0.000000
vt -0.029046 5.033654 0.000000
vt -0.029046 4.917539 0.000000
vt -0.035713 5.033654 0.000000
vt -0.035713 4.917538 0.000000
vt -0.040081 5.033654 0.000000
vt -0.040081 4.917537 0.000000
vt -0.051289 5.033654 0.000000
vt -0.051289 4.917535 0.000000
vt -0.062497 4.917533 0.000000
vt -0.051289 4.801413 0.000000
vt -0.000000 5.614257 0.000000
vt -0.009044 5.498136 0.000000
vt -0.009044 5.382016 0.000000
vt -0.009044 5.265900 0.000000
vt -0.015712 5.382016 0.000000
vt -0.015712 5.265899 0.000000
vt -0.022379 5.382016 0.000000
vt -0.022379 5.265899 0.000000
vt -0.029046 5.382016 0.000000
vt -0.029046 5.265898 0.000000
vt -0.035713 5.382016 0.000000
vt -0.035713 5.265897 0.000000
vt -0.040081 5.382016 0.000000
vt -0.040081 5.265897 0.000000
vt -0.051289 5.382016 0.000000
vt -0.051289 5.265896 0.000000
vt -0.062497 5.265895 0.000000
vt -0.051289 5.149774 0.000000
vt -0.020831 5.614257 0.000000
vt -0.015712 5.498136 0.000000
vt -0.041664 5.614257 0.000000
vt -0.029046 5.498136 0.000000
vt -0.022379 5.498136 0.000000
vt -0.062497 5.614257 0.000000
vt -0.051289 5.498136 0.000000
vt -0.040081 5.498136 0.000000
vt -0.035713 5.498136 0.000000
vt -0.062497 1.433917 0.000000
vt -0.051289 1.491977 0.000000
vt -0.040081 1.317796 0.000000
vt -0.035713 1.143615 0.000000
vt -0.029046 0.969434 0.000000
vt -0.022379 0.853314 0.000000
vt -0.015712 0.737252 0.000000
vt -0.051289 1.317796 0.000000
vt -0.062497 1.085555 0.000000
vt -0.051289 1.143615 0.000000
vt -0.051289 0.969434 0.000000
vt -0.040081 0.969434 0.000000
vt -0.040081 0.853314 0.000000
vt -0.035713 0.853314 0.000000
vt -0.035713 0.737227 0.000000
vt -0.029046 0.737235 0.000000
vt -0.029046 0.621073 0.000000
vt -0.022379 0.621073 0.000000
vt -0.022379 0.504952 0.000000
vt -0.015712 0.504952 0.000000
vt -0.062497 0.737193 0.000000
vt -0.051289 0.853314 0.000000
vt -0.040081 0.737221 0.000000
vt -0.035713 0.621073 0.000000
vt -0.029046 0.504952 0.000000
vt -0.062497 0.563012 0.000000
vt -0.051289 0.621073 0.000000
vt -0.051289 0.737207 0.000000
vt -0.051289 0.504952 0.000000
vt -0.015712 3.756328 0.000000
vt -0.022379 3.756328 0.000000
vt -0.029046 3.756328 0.000000
vt -0.035713 3.756328 0.000000
vt -0.040081 3.756328 0.000000
vt -0.015712 4.104689 0.000000
vt -0.022379 4.104689 0.000000
vt -0.029046 4.104689 0.000000
vt -0.035713 4.104689 0.000000
vt -0.040081 4.104689 0.000000
vt -0.015712 4.453051 0.000000
vt -0.022379 4.453051 0.000000
vt -0.029046 4.453051 0.000000
vt -0.035713 4.453051 0.000000
vt -0.040081 4.453051 0.000000
vt -0.015712 4.801413 0.000000
vt -0.022379 4.801413 0.000000
vt -0.029046 4.801413 0.000000
vt -0.035713 4.801413 0.000000
vt -0.040081 4.801413 0.000000
vt -0.015712 5.149774 0.000000
vt -0.022379 5.149774 0.000000
vt -0.029046 5.149774 0.000000
vt -0.035713 5.149774 0.000000
vt -0.040081 5.149774 0.000000
vt -0.015712 0.621073 0.000000
vt -0.022379 0.737243 0.000000
vt -0.029046 0.853314 0.000000
vt -0.035713 0.969434 0.000000
vt -0.040081 1.143615 0.000000
vt -0.035713 0.504952 0.000000
vt -0.040081 0.504952 0.000000
vt -0.040081 0.621073 0.000000
vt -0.015712 1.143615 0.000000
vt -0.022379 1.317796 0.000000
vt -0.029046 1.491977 0.000000
vt -0.035713 1.666158 0.000000
vt -0.040081 1.840339 0.000000
vt -0.015712 1.840339 0.000000
vt -0.022379 2.014519 0.000000
vt 0.094248 -5.178720 0.000000
vt 0.078540 -5.178720 0.000000
vt 0.094248 -5.294723 0.000000
vt 0.078540 -5.526729 0.000000
vt 0.094248 -5.410726 0.000000
vt 0.094248 -5.526729 0.000000
vt 0.062832 -5.526729 0.000000
vt 0.062832 -5.178720 0.000000
vt 0.047124 -5.294723 0.000000
vt 0.047124 -5.178720 0.000000
vt 0.047124 -5.410726 0.000000
vt 0.047124 -5.526729 0.000000
vt -0.000000 5.792757 0.000000
vt -0.005244 5.792701 0.000000
vt -0.000000 5.611734 0.000000
vt -0.014541 5.792620 0.000000
vt -0.008787 5.551478 0.000000
vt -0.023236 5.792579 0.000000
vt -0.015219 5.551478 0.000000
vt -0.021651 5.551478 0.000000
vt -0.015219 5.310109 0.000000
vt -0.021651 5.310109 0.000000
vt -0.021651 5.068690 0.000000
vt -0.028082 5.068697 0.000000
vt -0.028082 4.827372 0.000000
vt -0.034514 4.827372 0.000000
vt -0.028082 4.666460 0.000000
vt -0.034514 4.666460 0.000000
vt -0.028082 4.505547 0.000000
vt -0.034514 4.505547 0.000000
vt -0.028082 4.344598 0.000000
vt -0.034514 4.344605 0.000000
vt -0.034514 4.183723 0.000000
vt -0.039796 4.183723 0.000000
vt -0.034514 4.022810 0.000000
vt -0.039796 4.022810 0.000000
vt -0.034514 3.861898 0.000000
vt -0.039796 3.861898 0.000000
vt -0.034514 3.700985 0.000000
vt -0.039796 3.700985 0.000000
vt -0.034514 3.540073 0.000000
vt -0.039796 3.540073 0.000000
vt -0.034514 3.379160 0.000000
vt -0.039796 3.379160 0.000000
vt -0.034514 3.218248 0.000000
vt -0.039796 3.218248 0.000000
vt -0.034514 3.057336 0.000000
vt -0.039796 3.057336 0.000000
vt -0.039796 2.896407 0.000000
vt -0.051411 2.896415 0.000000
vt -0.051411 2.735511 0.000000
vt -0.063026 2.896423 0.000000
vt -0.063026 2.534370 0.000000
vt -0.032057 5.792579 0.000000
vt -0.028082 5.551478 0.000000
vt -0.028082 5.310109 0.000000
vt -0.034514 5.310109 0.000000
vt -0.034514 5.068705 0.000000
vt -0.039796 5.310109 0.000000
vt -0.039796 5.068712 0.000000
vt -0.051411 5.310109 0.000000
vt -0.051411 5.068726 0.000000
vt -0.063026 5.249767 0.000000
vt -0.063026 5.068741 0.000000
vt -0.034514 5.551478 0.000000
vt -0.040747 5.792619 0.000000
vt -0.039796 5.551478 0.000000
vt -0.049521 5.792694 0.000000
vt -0.051411 5.551478 0.000000
vt -0.054269 5.792745 0.000000
vt -0.063026 5.611820 0.000000
vt -0.063026 5.792847 0.000000
vt -0.063026 5.430794 0.000000
vt -0.051411 4.827372 0.000000
vt -0.063026 4.706688 0.000000
vt -0.051411 4.666460 0.000000
vt -0.051411 4.505547 0.000000
vt -0.039796 4.505547 0.000000
vt -0.051411 4.344623 0.000000
vt -0.039796 4.344610 0.000000
vt -0.051411 4.183723 0.000000
vt -0.063026 4.344635 0.000000
vt -0.063026 3.982582 0.000000
vt -0.051411 4.022810 0.000000
vt -0.051411 3.861898 0.000000
vt -0.063026 3.620529 0.000000
vt -0.051411 3.700985 0.000000
vt -0.063026 3.258476 0.000000
vt -0.051411 3.379160 0.000000
vt -0.051411 3.540073 0.000000
vt -0.051411 3.057336 0.000000
vt -0.051411 3.218248 0.000000
vt -0.063026 2.172317 0.000000
vt -0.051411 2.413686 0.000000
vt -0.051411 2.574598 0.000000
vt -0.039796 2.574598 0.000000
vt -0.039796 2.735511 0.000000
vt -0.034514 2.574598 0.000000
vt -0.034514 2.735511 0.000000
vt -0.028082 2.574598 0.000000
vt -0.028082 2.735511 0.000000
vt -0.021651 2.574598 0.000000
vt -0.021651 2.735511 0.000000
vt -0.015219 2.574598 0.000000
vt -0.015219 2.735511 0.000000
vt -0.008787 2.574598 0.000000
vt -0.008787 2.735511 0.000000
vt -0.000000 2.534331 0.000000
vt -0.000000 2.896379 0.000000
vt -0.063026 1.810265 0.000000
vt -0.051411 1.930949 0.000000
vt -0.051411 2.172311 0.000000
vt -0.039796 2.413686 0.000000
vt -0.051411 1.689580 0.000000
vt -0.063026 1.448212 0.000000
vt -0.051411 1.448208 0.000000
vt -0.051411 1.206843 0.000000
vt -0.039796 1.448203 0.000000
vt -0.039796 1.206843 0.000000
vt -0.034514 1.448202 0.000000
vt -0.034514 1.206843 0.000000
vt -0.028082 1.448199 0.000000
vt -0.028082 1.206843 0.000000
vt -0.021651 1.448197 0.000000
vt -0.021651 1.206843 0.000000
vt -0.015219 1.448195 0.000000
vt -0.015219 1.206843 0.000000
vt -0.008787 1.448192 0.000000
vt -0.008787 1.206843 0.000000
vt -0.000000 1.448189 0.000000
vt -0.000000 1.086142 0.000000
vt -0.008787 0.965474 0.000000
vt -0.000000 0.724095 0.000000
vt -0.008787 0.724096 0.000000
vt -0.008787 0.482737 0.000000
vt -0.015219 0.482737 0.000000
vt -0.008787 0.241369 0.000000
vt -0.015219 0.241369 0.000000
vt -0.000000 0.000000 0.000000
vt -0.021651 0.241369 0.000000
vt -0.021008 0.000000 0.000000
vt -0.028082 0.241369 0.000000
vt -0.034514 0.241369 0.000000
vt -0.034514 0.482737 0.000000
vt -0.039796 0.482737 0.000000
vt -0.034514 0.724101 0.000000
vt -0.039796 0.724102 0.000000
vt -0.034514 0.965474 0.000000
vt -0.039796 0.965474 0.000000
vt -0.063026 1.086159 0.000000
vt -0.051411 0.965474 0.000000
vt -0.051411 0.724104 0.000000
vt -0.051411 0.482737 0.000000
vt -0.039796 0.241369 0.000000
vt -0.042017 0.000000 0.000000
vt -0.063026 0.724106 0.000000
vt -0.063026 0.362053 0.000000
vt -0.051411 0.241369 0.000000
vt -0.063026 0.000000 0.000000
vt -0.000000 0.362047 0.000000
vt -0.008787 1.689580 0.000000
vt -0.000000 1.810237 0.000000
vt -0.008787 1.930949 0.000000
vt -0.000000 2.172284 0.000000
vt -0.008787 2.172289 0.000000
vt -0.008787 2.413686 0.000000
vt -0.015219 2.172292 0.000000
vt -0.015219 2.413686 0.000000
vt -0.021651 2.172296 0.000000
vt -0.021651 2.413686 0.000000
vt -0.028082 2.172299 0.000000
vt -0.028082 2.413686 0.000000
vt -0.034514 2.413686 0.000000
vt -0.000000 3.258426 0.000000
vt -0.008787 3.057336 0.000000
vt -0.008787 2.896385 0.000000
vt -0.000000 3.620473 0.000000
vt -0.008787 3.379160 0.000000
vt -0.008787 3.218248 0.000000
vt -0.015219 3.218248 0.000000
vt -0.015219 3.057336 0.000000
vt -0.021651 3.218248 0.000000
vt -0.021651 3.057336 0.000000
vt -0.028082 3.218248 0.000000
vt -0.028082 3.057336 0.000000
vt -0.000000 3.982521 0.000000
vt -0.008787 3.861898 0.000000
vt -0.008787 3.700985 0.000000
vt -0.008787 3.540073 0.000000
vt -0.015219 3.700985 0.000000
vt -0.015219 3.540073 0.000000
vt -0.021651 3.700985 0.000000
vt -0.021651 3.540073 0.000000
vt -0.028082 3.700985 0.000000
vt -0.028082 3.540073 0.000000
vt -0.000000 4.344568 0.000000
vt -0.008787 4.183723 0.000000
vt -0.008787 4.022810 0.000000
vt -0.015219 4.022810 0.000000
vt -0.015219 3.861898 0.000000
vt -0.021651 4.022810 0.000000
vt -0.021651 3.861898 0.000000
vt -0.028082 4.022810 0.000000
vt -0.028082 3.861898 0.000000
vt -0.000000 4.706615 0.000000
vt -0.008787 4.505547 0.000000
vt -0.008787 4.344577 0.000000
vt -0.015219 4.183723 0.000000
vt -0.000000 5.068663 0.000000
vt -0.008787 4.827372 0.000000
vt -0.008787 4.666460 0.000000
vt -0.015219 4.666460 0.000000
vt -0.015219 4.505547 0.000000
vt -0.021651 4.666460 0.000000
vt -0.021651 4.505547 0.000000
vt -0.008787 5.068674 0.000000
vt -0.000000 5.249686 0.000000
vt -0.008787 5.310109 0.000000
vt -0.000000 5.430710 0.000000
vt -0.015219 3.379160 0.000000
vt -0.021651 3.379160 0.000000
vt -0.028082 3.379160 0.000000
vt -0.015219 5.068682 0.000000
vt -0.021651 4.827372 0.000000
vt -0.039796 4.827372 0.000000
vt -0.039796 4.666460 0.000000
vt -0.015219 4.827372 0.000000
vt -0.028082 4.183723 0.000000
vt -0.021651 4.344591 0.000000
vt -0.021651 4.183723 0.000000
vt -0.015219 4.344584 0.000000
vt -0.034514 2.896403 0.000000
vt -0.028082 2.896399 0.000000
vt -0.021651 2.896394 0.000000
vt -0.015219 2.896389 0.000000
vt -0.039796 2.172305 0.000000
vt -0.034514 2.172302 0.000000
vt -0.039796 1.930949 0.000000
vt -0.034514 1.930949 0.000000
vt -0.034514 1.689580 0.000000
vt -0.028082 1.689580 0.000000
vt -0.039796 1.689580 0.000000
vt -0.028082 1.930949 0.000000
vt -0.021651 1.930949 0.000000
vt -0.021651 1.689580 0.000000
vt -0.015219 1.930949 0.000000
vt -0.015219 1.689580 0.000000
vt -0.028082 0.965474 0.000000
vt -0.021651 0.965474 0.000000
vt -0.015219 0.965474 0.000000
vt -0.028082 0.724100 0.000000
vt -0.021651 0.724099 0.000000
vt -0.015219 0.724097 0.000000
vt -0.028082 0.482737 0.000000
vt -0.021651 0.482737 0.000000
vt -1.984177 -2.748894 0.000000
vt -1.984177 -2.381594 0.000000
vt -5.405905 -2.748894 0.000000
vt -5.405905 -2.290745 0.000000
vt -1.984177 -2.014295 0.000000
vt -5.405905 -1.832596 0.000000
vt -1.984177 -1.646995 0.000000
vt -5.405905 -1.374447 0.000000
vt -1.984177 -1.279696 0.000000
vt -2.157787 -1.267374 0.000000
vt -2.328855 -1.234433 0.000000
vt -2.495323 -1.183170 0.000000
vt -2.656444 -1.116607 0.000000
vt -5.405905 -0.916298 0.000000
vt -2.962817 -0.950202 0.000000
vt -3.249916 -0.751405 0.000000
vt -3.520651 -0.530349 0.000000
vt -5.405905 -0.458149 0.000000
vt -3.777097 -0.293259 0.000000
vt -5.405905 -0.000000 0.000000
vt -4.020307 -0.041977 0.000000
vt -4.250532 0.222278 0.000000
vt -5.405905 0.458149 0.000000
vt -4.466070 0.498675 0.000000
vt -4.664905 0.786802 0.000000
vt -5.405905 0.916298 0.000000
vt -4.845019 1.086733 0.000000
vt -5.405905 1.374447 0.000000
vt -5.004324 1.398979 0.000000
vt -5.139543 1.722960 0.000000
vt -5.405905 1.832596 0.000000
vt -5.246423 2.057286 0.000000
vt -5.405905 2.290745 0.000000
vt -5.321444 2.400246 0.000000
vt -5.405905 2.748894 0.000000
vt -5.362433 2.748894 0.000000
vt 7.341988 -0.275000 0.000000
vt 7.380082 -0.275000 0.000000
vt 7.344207 -0.158295 0.000000
vt 7.380082 0.075000 0.000000
vt 7.342414 -0.041582 0.000000
vt 7.336610 0.075000 0.000000
vt 2.164070 -1.547412 0.000000
vt 1.984177 -1.563695 0.000000
vt 5.405905 -1.832596 0.000000
vt 1.984177 -1.958761 0.000000
vt 5.405905 -2.290745 0.000000
vt 1.984177 -2.353827 0.000000
vt 5.405905 -2.748894 0.000000
vt 1.984177 -2.748894 0.000000
vt 2.339933 -1.504921 0.000000
vt 5.405905 -1.374447 0.000000
vt 2.509136 -1.440906 0.000000
vt 2.671266 -1.360218 0.000000
vt 2.977529 -1.166684 0.000000
vt 5.405905 -0.916298 0.000000
vt 3.263804 -0.944168 0.000000
vt 3.534238 -0.702197 0.000000
vt 5.405905 -0.458149 0.000000
vt 3.791466 -0.446360 0.000000
vt 4.036312 -0.177893 0.000000
vt 5.405905 -0.000000 0.000000
vt 4.268718 0.102500 0.000000
vt 4.486596 0.394270 0.000000
vt 5.405905 0.458149 0.000000
vt 4.687530 0.697291 0.000000
vt 5.405905 0.916298 0.000000
vt 4.869101 1.011963 0.000000
vt 5.405905 1.374447 0.000000
vt 5.028817 1.339132 0.000000
vt 5.162887 1.678251 0.000000
vt 5.405905 1.832596 0.000000
vt 5.266460 2.027764 0.000000
vt 5.405905 2.290745 0.000000
vt 5.335559 2.385761 0.000000
vt 5.405905 2.748894 0.000000
vt 5.367810 2.748894 0.000000
vt 3.492900 -4.689715 0.000000
vt 3.607745 -4.666739 0.000000
vt 3.378055 -4.666739 0.000000
vt 3.280768 -4.601472 0.000000
vt 3.705032 -4.601472 0.000000
vt 3.215753 -4.504013 0.000000
vt 3.770047 -4.504013 0.000000
vt 3.492900 -4.489157 0.000000
vt 3.531170 -4.481539 0.000000
vt 3.563611 -4.459853 0.000000
vt 3.585287 -4.427406 0.000000
vt 3.792900 -4.389135 0.000000
vt 3.592900 -4.389135 0.000000
vt 3.585287 -4.350864 0.000000
vt 3.563611 -4.318417 0.000000
vt 3.770047 -4.274257 0.000000
vt 3.531170 -4.296731 0.000000
vt 3.492900 -4.289114 0.000000
vt 3.215753 -4.274257 0.000000
vt 3.454630 -4.296731 0.000000
vt 3.422189 -4.318417 0.000000
vt 3.192900 -4.389135 0.000000
vt 3.400513 -4.350864 0.000000
vt 3.392900 -4.389135 0.000000
vt 3.400513 -4.427406 0.000000
vt 3.422189 -4.459853 0.000000
vt 3.454630 -4.481539 0.000000
vt 3.280768 -4.176798 0.000000
vt 3.705032 -4.176798 0.000000
vt 3.378055 -4.111531 0.000000
vt 3.607745 -4.111531 0.000000
vt 3.492900 -4.088556 0.000000
vt -1.525819 0.070000 0.000000
vt -1.508847 -0.338833 0.000000
vt 4.750000 0.070000 0.000000
vt -1.551766 -0.745760 0.000000
vt -1.653656 -1.142056 0.000000
vt -1.812331 -1.519223 0.000000
vt 4.750000 -3.376303 0.000000
vt -2.024389 -1.869171 0.000000
vt -2.285281 -2.184396 0.000000
vt -2.589415 -2.458139 0.000000
vt -2.930266 -2.684529 0.000000
vt -3.300526 -2.858711 0.000000
vt -4.301645 -3.376303 0.000000
vt -3.692256 -2.976950 0.000000
vt -4.097053 -3.036710 0.000000
vt -4.506238 -3.036710 0.000000
vt -4.748124 -3.346651 0.000000
vt -5.186761 -3.258219 0.000000
vt -4.911035 -2.976950 0.000000
vt -5.609852 -3.112558 0.000000
vt -5.302764 -2.858711 0.000000
vt -6.009965 -2.912227 0.000000
vt -5.673024 -2.684529 0.000000
vt -6.380072 -2.660744 0.000000
vt -6.013876 -2.458139 0.000000
vt -6.713673 -2.362528 0.000000
vt -6.318009 -2.184396 0.000000
vt -7.004909 -2.022816 0.000000
vt -6.578902 -1.869171 0.000000
vt -7.248664 -1.647574 0.000000
vt -6.790959 -1.519223 0.000000
vt -7.440656 -1.243394 0.000000
vt -6.949634 -1.142056 0.000000
vt -7.577514 -0.817374 0.000000
vt -7.051524 -0.745760 0.000000
vt -7.656834 -0.376998 0.000000
vt -7.094443 -0.338833 0.000000
vt -7.677222 0.070000 0.000000
vt -7.077471 0.070000 0.000000
vt 0.040000 -0.523599 0.000000
vt -0.040000 -0.523599 0.000000
vt 0.040000 -0.628319 0.000000
vt -0.040000 -0.628319 0.000000
vt 0.040000 0.628319 0.000000
vt -0.040000 0.628319 0.000000
vt 0.040000 0.523599 0.000000
vt -0.040000 0.523599 0.000000
vt 0.040000 0.418879 0.000000
vt -0.040000 0.418879 0.000000
vt 0.040000 0.314159 0.000000
vt -0.040000 0.314159 0.000000
vt -0.039258 0.235613 0.000000
vt -0.040000 -0.418879 0.000000
vt 0.040000 -0.418879 0.000000
vt -0.040000 -0.314159 0.000000
vt 0.040000 -0.314159 0.000000
vt -0.039258 -0.235613 0.000000
vt 0.040000 -0.209440 0.000000
vt -0.037466 -0.157080 0.000000
vt 0.040000 -0.104720 0.000000
vt -0.035674 -0.078546 0.000000
vt 0.040000 -0.000000 0.000000
vt -0.034931 0.000000 0.000000
vt -0.035674 0.078546 0.000000
vt 0.040000 0.104720 0.000000
vt -0.037466 0.157080 0.000000
vt 0.040000 0.209440 0.000000
vt 2.975000 6.192061 0.000000
vt -2.775000 6.192061 0.000000
vt 2.975000 5.715749 0.000000
vt -2.775000 5.715749 0.000000
vt 2.975000 5.239436 0.000000
vt -2.775000 5.239436 0.000000
vt 2.975000 4.763124 0.000000
vt -2.775000 4.763124 0.000000
vt 2.975000 4.286812 0.000000
vt -2.775000 4.286812 0.000000
vt 2.975000 3.810499 0.000000
vt -2.775000 3.810499 0.000000
vt 2.975000 3.334187 0.000000
vt -2.775000 3.334187 0.000000
vt 2.975000 2.857874 0.000000
vt -2.775000 2.857874 0.000000
vt 2.975000 2.381562 0.000000
vt -2.775000 2.381562 0.000000
vt 2.975000 1.905250 0.000000
vt -2.775000 1.905250 0.000000
vt 2.975000 1.428937 0.000000
vt -2.775000 1.428937 0.000000
vt 2.975000 0.952625 0.000000
vt -2.775000 0.952625 0.000000
vt 2.975000 0.476312 0.000000
vt -2.775000 0.476312 0.000000
vt 0.152100 0.200086 0.000000
vt -2.775000 0.000000 0.000000
vt 0.075557 0.184841 0.000000
vt 0.010679 0.141452 0.000000
vt -0.032673 0.076547 0.000000
vt -0.047900 -0.000000 0.000000
vt 2.975000 -0.000000 0.000000
vt 0.228643 0.184841 0.000000
vt 0.293521 0.141452 0.000000
vt 0.336873 0.076547 0.000000
vt 0.352100 -0.000000 0.000000
vt 0.040000 -0.523599 0.000000
vt -0.040000 -0.523599 0.000000
vt 0.040000 -0.628319 0.000000
vt -0.040000 -0.628319 0.000000
vt 0.040000 0.628319 0.000000
vt -0.040000 0.628319 0.000000
vt 0.040000 0.523599 0.000000
vt -0.040000 0.523599 0.000000
vt 0.040000 0.418879 0.000000
vt -0.040000 0.418879 0.000000
vt 0.040000 0.314159 0.000000
vt -0.040000 0.314159 0.000000
vt 0.040000 0.209440 0.000000
vt -0.040000 0.209440 0.000000
vt 0.040000 0.104720 0.000000
vt -0.040000 0.104720 0.000000
vt 0.040000 0.000000 0.000000
vt -0.040000 0.000000 0.000000
vt 0.040000 -0.104720 0.000000
vt -0.040000 -0.104720 0.000000
vt 0.040000 -0.209440 0.000000
vt -0.040000 -0.209440 0.000000
vt 0.040000 -0.314159 0.000000
vt -0.040000 -0.314159 0.000000
vt 0.040000 -0.418879 0.000000
vt -0.040000 -0.418879 0.000000
vt 0.070711 -0.392699 0.000000
vt -0.070711 -0.392699 0.000000
vt 0.070711 -0.471239 0.000000
vt -0.070711 -0.471239 0.000000
vt 0.070711 0.471239 0.000000
vt -0.070711 0.471239 0.000000
vt 0.070711 0.392699 0.000000
vt -0.070711 0.392699 0.000000
vt 0.070711 0.314159 0.000000
vt -0.070711 0.314159 0.000000
vt 0.070711 0.235619 0.000000
vt -0.070711 0.235619 0.000000
vt 0.070711 0.157080 0.000000
vt -0.070711 0.157080 0.000000
vt 0.070711 0.078540 0.000000
vt -0.070711 0.078540 0.000000
vt 0.070711 0.000000 0.000000
vt -0.070711 -0.000000 0.000000
vt 0.070711 -0.078540 0.000000
vt -0.070711 -0.078540 0.000000
vt 0.070711 -0.157080 0.000000
vt -0.070711 -0.157080 0.000000
vt 0.070711 -0.235619 0.000000
vt -0.070711 -0.235619 0.000000
vt 0.070711 -0.314159 0.000000
vt -0.070711 -0.314159 0.000000
vt 0.339884 0.922507 0.000000
vt 0.339884 0.942478 0.000000
vt -0.450412 0.942478 0.000000
vt -0.450412 -0.942478 0.000000
vt 0.339884 -0.942478 0.000000
vt 0.339884 -0.922507 0.000000
vt -0.448039 -0.824625 0.000000
vt 0.339884 -0.817203 0.000000
vt -0.442324 -0.706859 0.000000
vt 0.339884 -0.711898 0.000000
vt 0.339884 -0.606594 0.000000
vt -0.436621 -0.589093 0.000000
vt 0.339884 -0.501289 0.000000
vt 0.039884 -0.501289 0.000000
vt -0.434260 -0.471239 0.000000
vt 0.039884 -0.481256 0.000000
vt 0.039884 -0.461222 0.000000
vt 0.039884 -0.441189 0.000000
vt -0.436621 -0.353385 0.000000
vt 0.337618 -0.335103 0.000000
vt -0.442324 -0.235619 0.000000
vt 0.333793 -0.230695 0.000000
vt 0.330038 -0.125709 0.000000
vt 0.339766 -0.441189 0.000000
vt -0.448039 -0.117853 0.000000
vt 0.328137 -0.019970 0.000000
vt -0.450412 0.000000 0.000000
vt 0.328081 -0.000000 0.000000
vt 0.328137 0.019970 0.000000
vt -0.448039 0.117853 0.000000
vt 0.330038 0.125709 0.000000
vt -0.442324 0.235619 0.000000
vt 0.333793 0.230695 0.000000
vt 0.337618 0.335103 0.000000
vt -0.436621 0.353385 0.000000
vt 0.339766 0.441189 0.000000
vt 0.039884 0.441189 0.000000
vt -0.434260 0.471239 0.000000
vt 0.039884 0.461222 0.000000
vt 0.039884 0.481256 0.000000
vt 0.039884 0.501289 0.000000
vt -0.436621 0.589093 0.000000
vt 0.339884 0.606594 0.000000
vt -0.442324 0.706859 0.000000
vt 0.339884 0.711898 0.000000
vt 0.339884 0.817203 0.000000
vt 0.339884 0.501289 0.000000
vt -0.448039 0.824625 0.000000
vt -0.374177 0.261799 0.000000
vt 0.351495 0.274888 0.000000
vt -0.374177 0.314159 0.000000
vt 0.351757 0.314159 0.000000
vt -0.374177 -0.314159 0.000000
vt 0.351757 -0.314159 0.000000
vt 0.351495 -0.274888 0.000000
vt 0.350862 0.235619 0.000000
vt -0.374177 0.209440 0.000000
vt 0.350229 0.196351 0.000000
vt -0.374177 0.157080 0.000000
vt 0.349967 0.157080 0.000000
vt 0.350229 0.117808 0.000000
vt -0.374177 0.104720 0.000000
vt 0.350862 0.078540 0.000000
vt -0.374177 0.052360 0.000000
vt 0.351495 0.039272 0.000000
vt -0.374177 0.000000 0.000000
vt 0.351757 0.000000 0.000000
vt 0.351495 -0.039272 0.000000
vt -0.374177 -0.052360 0.000000
vt 0.350862 -0.078540 0.000000
vt -0.374177 -0.104720 0.000000
vt 0.350229 -0.117808 0.000000
vt -0.374177 -0.157080 0.000000
vt 0.349967 -0.157080 0.000000
vt 0.350229 -0.196351 0.000000
vt -0.374177 -0.209440 0.000000
vt 0.350862 -0.235619 0.000000
vt -0.374177 -0.261799 0.000000
vt -0.070711 0.392699 0.000000
vt 0.070711 0.392699 0.000000
vt -0.070711 0.471239 0.000000
vt 0.070711 0.471239 0.000000
vt -0.070711 -0.471239 0.000000
vt 0.070711 -0.471239 0.000000
vt -0.070711 -0.392699 0.000000
vt 0.070711 -0.392699 0.000000
vt -0.070711 -0.314159 0.000000
vt 0.070711 -0.314159 0.000000
vt -0.070711 -0.235619 0.000000
vt 0.070711 -0.235619 0.000000
vt -0.070711 -0.157080 0.000000
vt 0.070711 -0.157080 0.000000
vt -0.070711 -0.078540 0.000000
vt 0.070711 -0.078540 0.000000
vt -0.070711 -0.000000 0.000000
vt 0.070711 0.000000 0.000000
vt -0.070711 0.078540 0.000000
vt 0.070711 0.078540 0.000000
vt -0.070711 0.157080 0.000000
vt 0.070711 0.157080 0.000000
vt -0.070711 0.235619 0.000000
vt 0.070711 0.235619 0.000000
vt -0.070711 0.314159 0.000000
vt 0.070711 0.314159 0.000000
vt -0.206249 0.261799 0.000000
vt 0.206249 0.261799 0.000000
vt -0.206249 0.314159 0.000000
vt 0.206249 0.314159 0.000000
vt -0.206249 -0.314159 0.000000
vt 0.206249 -0.314159 0.000000
vt -0.206249 -0.261799 0.000000
vt 0.206249 -0.261799 0.000000
vt -0.206249 -0.209440 0.000000
vt 0.206249 -0.209440 0.000000
vt -0.206249 -0.157080 0.000000
vt 0.206249 -0.157080 0.000000
vt -0.206249 -0.104720 0.000000
vt 0.206249 -0.104720 0.000000
vt -0.206249 -0.052360 0.000000
vt 0.206249 -0.052360 0.000000
vt -0.206249 -0.000000 0.000000
vt 0.206249 0.000000 0.000000
vt -0.206249 0.052360 0.000000
vt 0.206249 0.052360 0.000000
vt -0.206249 0.104720 0.000000
vt 0.206249 0.104720 0.000000
vt -0.206249 0.157080 0.000000
vt 0.206249 0.157080 0.000000
vt -0.206249 0.209440 0.000000
vt 0.206249 0.209440 0.000000
vt -0.130165 -0.570291 0.000000
vt -0.000000 -0.600000 0.000000
vt -0.000000 -0.400000 0.000000
vt 0.130165 -0.570291 0.000000
vt 0.050000 -0.386603 0.000000
vt 0.234549 -0.487047 0.000000
vt 0.086603 -0.350000 0.000000
vt 0.292478 -0.366756 0.000000
vt 0.100000 -0.300000 0.000000
vt 0.292478 -0.233244 0.000000
vt 0.086603 -0.250000 0.000000
vt 0.234549 -0.112953 0.000000
vt 0.050000 -0.213397 0.000000
vt 0.130165 -0.029709 0.000000
vt 0.000000 -0.200000 0.000000
vt 0.000000 -0.000000 0.000000
vt -0.130165 -0.029709 0.000000
vt -0.050000 -0.213397 0.000000
vt -0.234549 -0.112953 0.000000
vt -0.086603 -0.250000 0.000000
vt -0.292478 -0.233244 0.000000
vt -0.100000 -0.300000 0.000000
vt -0.292478 -0.366756 0.000000
vt -0.086603 -0.350000 0.000000
vt -0.234549 -0.487047 0.000000
vt -0.050000 -0.386603 0.000000
vt 5.332365 2.646792 0.000000
vt 5.290736 2.299336 0.000000
vt 5.350480 2.646792 0.000000
vt 5.350480 2.205660 0.000000
vt 5.214915 1.960135 0.000000
vt 5.350480 1.764528 0.000000
vt 5.105234 1.623121 0.000000
vt 5.350480 1.323396 0.000000
vt 4.963932 1.291653 0.000000
vt 4.794850 0.968918 0.000000
vt 5.350480 0.882264 0.000000
vt 4.602453 0.657777 0.000000
vt 5.350480 0.441132 0.000000
vt 4.392230 0.361332 0.000000
vt 5.350480 -0.000000 0.000000
vt 4.170393 0.083053 0.000000
vt 3.939653 -0.177774 0.000000
vt 5.350480 -0.441132 0.000000
vt 3.690622 -0.432292 0.000000
vt 3.425479 -0.675743 0.000000
vt 5.350480 -0.882264 0.000000
vt 3.147043 -0.900942 0.000000
vt 2.857625 -1.099163 0.000000
vt 5.350480 -1.323396 0.000000
vt 2.556579 -1.258313 0.000000
vt 2.400778 -1.318624 0.000000
vt 2.240493 -1.362515 0.000000
vt 5.350480 -1.764528 0.000000
vt 2.074870 -1.386993 0.000000
vt 1.904177 -1.389114 0.000000
vt 1.904177 -1.808340 0.000000
vt 5.350480 -2.205660 0.000000
vt 1.904177 -2.227566 0.000000
vt 5.350480 -2.646792 0.000000
vt 1.904177 -2.646792 0.000000
vt -4.750000 -3.376303 0.000000
vt 7.004909 -2.022816 0.000000
vt -4.750000 0.070000 0.000000
vt 7.248664 -1.647574 0.000000
vt 7.440656 -1.243394 0.000000
vt 6.713673 -2.362528 0.000000
vt 4.301645 -3.376303 0.000000
vt 6.380072 -2.660744 0.000000
vt 6.009965 -2.912227 0.000000
vt 5.609852 -3.112558 0.000000
vt 5.186761 -3.258219 0.000000
vt 4.748124 -3.346651 0.000000
vt 7.577514 -0.817374 0.000000
vt 7.656834 -0.376998 0.000000
vt 7.677222 0.070000 0.000000
vt 8.426645 0.131623 0.000000
vt 8.426645 0.399647 0.000000
vt 8.396645 0.131623 0.000000
vt 1.806645 0.131623 0.000000
vt 8.396645 -0.434416 0.000000
vt 1.806645 -0.434416 0.000000
vt -0.625000 0.399647 0.000000
vt 1.746645 0.131623 0.000000
vt -0.625000 -0.434416 0.000000
vt 1.746645 -0.434416 0.000000
vt 0.399647 2.369042 0.000000
vt -0.434416 2.369042 0.000000
vt 0.399647 1.974202 0.000000
vt -0.434416 1.938307 0.000000
vt 0.399647 1.579361 0.000000
vt -0.434416 1.507572 0.000000
vt 0.399647 1.184521 0.000000
vt -0.434416 1.076837 0.000000
vt 0.399647 0.789681 0.000000
vt -0.434416 0.646102 0.000000
vt 0.399647 0.394840 0.000000
vt -0.434416 0.215367 0.000000
vt 0.399647 -0.000000 0.000000
vt -0.434416 -0.215367 0.000000
vt 0.399647 -0.394840 0.000000
vt -0.434416 -0.646102 0.000000
vt 0.399647 -0.789681 0.000000
vt -0.434416 -1.076837 0.000000
vt 0.399647 -1.184521 0.000000
vt -0.434416 -1.507572 0.000000
vt 0.399647 -1.579361 0.000000
vt -0.434416 -1.938307 0.000000
vt 0.399647 -1.974202 0.000000
vt -0.434416 -2.369042 0.000000
vt 0.399647 -2.369042 0.000000
vt 0.399647 2.369042 0.000000
vt -0.434416 2.369042 0.000000
vt 0.399647 1.974202 0.000000
vt -0.434416 1.938307 0.000000
vt 0.399647 1.579361 0.000000
vt -0.434416 1.507572 0.000000
vt 0.399647 1.184521 0.000000
vt -0.434416 1.076837 0.000000
vt 0.399647 0.789681 0.000000
vt -0.434416 0.646102 0.000000
vt 0.399647 0.394840 0.000000
vt -0.434416 0.215367 0.000000
vt 0.399647 -0.000000 0.000000
vt -0.434416 -0.215367 0.000000
vt 0.399647 -0.394840 0.000000
vt -0.434416 -0.646102 0.000000
vt 0.399647 -0.789681 0.000000
vt -0.434416 -1.076837 0.000000
vt 0.399647 -1.184521 0.000000
vt -0.434416 -1.507572 0.000000
vt 0.399647 -1.579361 0.000000
vt -0.434416 -1.938307 0.000000
vt 0.399647 -1.974202 0.000000
vt -0.434416 -2.369042 0.000000
vt 0.399647 -2.369042 0.000000
vt -0.131516 -0.020449 0.000000
vt -0.399647 0.000000 0.000000
vt -0.131382 -0.030673 0.000000
vt -0.399647 -0.477105 0.000000
vt 0.434416 -0.465830 0.000000
vt 0.434416 -0.903396 0.000000
vt -0.399647 -0.954210 0.000000
vt 0.434416 -1.340962 0.000000
vt -0.399647 -1.431315 0.000000
vt 0.434416 -1.778528 0.000000
vt -0.399647 -1.908420 0.000000
vt 0.434416 -2.216094 0.000000
vt -0.399647 -2.385524 0.000000
vt 0.434416 -2.653660 0.000000
vt -0.399647 -2.862629 0.000000
vt 0.434416 -3.091226 0.000000
vt -0.399647 -3.339734 0.000000
vt 0.434416 -3.528792 0.000000
vt -0.399647 -3.816839 0.000000
vt 0.434416 -3.966358 0.000000
vt -0.399647 -4.293944 0.000000
vt 0.434416 -4.403924 0.000000
vt -0.399647 -4.771049 0.000000
vt 0.434416 -4.841490 0.000000
vt -0.399647 -5.248154 0.000000
vt 0.434416 -5.279056 0.000000
vt 0.004556 -5.720808 0.000000
vt 0.434416 -5.716623 0.000000
vt -0.131597 -0.010225 0.000000
vt -0.131623 0.000000 0.000000
vt -0.399647 -5.725259 0.000000
vt 0.434416 -0.028264 0.000000
vt -1.904177 -2.026158 0.000000
vt -1.904177 -1.715841 0.000000
vt -5.350480 -1.764528 0.000000
vt -2.082201 -1.712215 0.000000
vt -2.249178 -1.678028 0.000000
vt -2.406562 -1.621022 0.000000
vt -2.557448 -1.546721 0.000000
vt -5.350480 -1.323396 0.000000
vt -2.848208 -1.360956 0.000000
vt -3.130176 -1.138856 0.000000
vt -5.350480 -0.882264 0.000000
vt -3.406190 -0.891632 0.000000
vt -3.672979 -0.627300 0.000000
vt -5.350480 -0.441132 0.000000
vt -3.927263 -0.351899 0.000000
vt -4.165156 -0.070411 0.000000
vt -5.350480 -0.000000 0.000000
vt -4.391579 0.224395 0.000000
vt -5.350480 0.441132 0.000000
vt -4.607572 0.538624 0.000000
vt -5.350480 0.882264 0.000000
vt -4.805673 0.868563 0.000000
vt -4.979355 1.210793 0.000000
vt -5.350480 1.323396 0.000000
vt -5.123177 1.562510 0.000000
vt -5.350480 1.764528 0.000000
vt -5.232554 1.920467 0.000000
vt -5.350480 2.205660 0.000000
vt -5.304504 2.281219 0.000000
vt -5.350480 2.646792 0.000000
vt -5.337791 2.646792 0.000000
vt -5.350480 -2.205660 0.000000
vt -1.904177 -2.336475 0.000000
vt -5.350480 -2.646792 0.000000
vt -1.904177 -2.646792 0.000000
vt -7.311968 -0.275000 0.000000
vt -7.314207 -0.158294 0.000000
vt -7.324657 -0.275000 0.000000
vt -7.324657 0.075000 0.000000
vt -7.312398 -0.041581 0.000000
vt -7.306542 0.075000 0.000000
vt 12.551645 -0.352100 0.000000
vt 12.451645 -0.325305 0.000000
vt 12.551645 -2.975000 0.000000
vt 6.001645 -0.325305 0.000000
vt 5.901645 -0.352100 0.000000
vt 6.074850 -0.252100 0.000000
vt 12.378440 -0.252100 0.000000
vt 6.101645 -0.152100 0.000000
vt 12.351645 -0.152100 0.000000
vt 6.074850 -0.052100 0.000000
vt 12.378440 -0.052100 0.000000
vt 6.001645 0.021105 0.000000
vt 12.451645 0.021105 0.000000
vt 12.551645 2.775000 0.000000
vt 12.551645 0.047900 0.000000
vt 5.901645 0.047900 0.000000
vt 3.500000 2.775000 0.000000
vt 5.801645 0.021105 0.000000
vt 1.731876 2.115524 0.000000
vt 1.459476 1.843124 0.000000
vt 3.115750 2.747518 0.000000
vt 2.739322 2.665631 0.000000
vt 2.378379 2.531006 0.000000
vt 2.040270 2.346385 0.000000
vt 1.228615 1.534730 0.000000
vt 1.043994 1.196621 0.000000
vt 0.909369 0.835678 0.000000
vt 5.728440 -0.052100 0.000000
vt 0.827482 0.459250 0.000000
vt 0.800000 0.075000 0.000000
vt 5.701645 -0.152100 0.000000
vt 0.800000 -0.275000 0.000000
vt 5.728440 -0.252100 0.000000
vt 0.827482 -0.659250 0.000000
vt 0.909369 -1.035678 0.000000
vt 5.801645 -0.325305 0.000000
vt 1.043994 -1.396621 0.000000
vt 1.228615 -1.734730 0.000000
vt 1.459476 -2.043124 0.000000
vt 1.731876 -2.315524 0.000000
vt 3.500000 -2.975000 0.000000
vt 2.040270 -2.546385 0.000000
vt 2.378379 -2.731006 0.000000
vt 2.739322 -2.865631 0.000000
vt 3.115750 -2.947518 0.000000
vt -7.733358 -0.010000 0.000000
vt -7.702805 -0.457017 0.000000
vt 4.750000 -0.010000 0.000000
vt -7.614273 -0.896243 0.000000
vt -7.469270 -1.320191 0.000000
vt -7.270269 -1.721634 0.000000
vt -7.020663 -2.093728 0.000000
vt 4.750000 -3.431727 0.000000
vt -6.724705 -2.430131 0.000000
vt -4.301645 -3.431727 0.000000
vt -6.387441 -2.725107 0.000000
vt -6.014621 -2.973628 0.000000
vt -5.612600 -3.171459 0.000000
vt -5.188232 -3.315225 0.000000
vt -4.748749 -3.402477 0.000000
vt 1.517761 -0.010000 0.000000
vt -4.750000 -0.010000 0.000000
vt 1.512145 -0.412172 0.000000
vt 1.564327 -0.810984 0.000000
vt 1.673227 -1.198172 0.000000
vt 1.836588 -1.565714 0.000000
vt -4.750000 -3.431727 0.000000
vt 2.051024 -1.905994 0.000000
vt 2.312094 -2.211963 0.000000
vt 2.614387 -2.477279 0.000000
vt 2.951640 -2.696446 0.000000
vt 3.316865 -2.864923 0.000000
vt 4.301645 -3.431727 0.000000
vt 3.702495 -2.979218 0.000000
vt 4.100540 -3.036964 0.000000
vt 4.502751 -3.036964 0.000000
vt 4.748749 -3.402477 0.000000
vt 5.188232 -3.315225 0.000000
vt 4.900795 -2.979218 0.000000
vt 5.612600 -3.171459 0.000000
vt 5.286425 -2.864923 0.000000
vt 6.014621 -2.973628 0.000000
vt 5.651650 -2.696446 0.000000
vt 6.387441 -2.725107 0.000000
vt 5.988903 -2.477279 0.000000
vt 6.724705 -2.430131 0.000000
vt 6.291196 -2.211963 0.000000
vt 7.020663 -2.093728 0.000000
vt 6.552266 -1.905994 0.000000
vt 7.270269 -1.721634 0.000000
vt 6.766702 -1.565714 0.000000
vt 7.469270 -1.320191 0.000000
vt 6.930063 -1.198172 0.000000
vt 7.614273 -0.896243 0.000000
vt 7.038963 -0.810984 0.000000
vt 7.702805 -0.457017 0.000000
vt 7.091145 -0.412172 0.000000
vt 7.733358 -0.010000 0.000000
vt 7.085529 -0.010000 0.000000
vn 0.000000 0.000000 -0.100000
vn 0.000000 0.000000 -0.100000
vn 0.000000 0.000000 -0.100000
vn 0.000000 0.000000 -0.100000
vn 0.100000 0.000000 0.000000
vn 0.100000 0.000000 0.000000
vn 0.100000 0.000000 0.000000
vn 0.100000 0.000000 0.000000
vn -0.000000 0.100000 0.000000
vn -0.000000 0.100000 0.000000
vn -0.000000 0.100000 0.000000
vn -0.000000 0.100000 0.000000
vn -0.000000 0.100000 0.000000
vn 0.000000 0.000000 -0.100000
vn 0.000000 0.000000 -0.100000
vn -0.100000 -0.000000 -0.000000
vn -0.100000 -0.000000 -0.000000
vn -0.100000 -0.000000 -0.000000
vn -0.100000 -0.000000 -0.000000
vn -0.000000 0.084800 -0.053000
vn -0.000000 0.084800 -0.053000
vn -0.000000 0.084800 -0.053000
vn -0.000000 0.084800 -0.053000
vn -0.000000 0.084800 -0.053000
vn -0.000000 0.084800 -0.053000
vn -0.000000 0.084800 -0.053000
vn -0.000000 0.084800 -0.053000
vn -0.000000 0.100000 0.000000
vn -0.000000 0.100000 0.000000
vn -0.000000 0.100000 0.000000
vn -0.000000 0.100000 0.000000
vn -0.000000 0.100000 0.000000
vn -0.000000 0.100000 0.000000
vn -0.000000 0.100000 0.000000
vn -0.000000 0.100000 0.000000
vn -0.000000 0.100000 0.000000
vn -0.000000 0.100000 0.000000
vn -0.000000 0.100000 0.000000
vn -0.000000 0.100000 0.000000
vn -0.000000 0.100000 0.000000
vn -0.000000 0.100000 0.000000
vn -0.000000 0.100000 0.000000
vn -0.000000 0.100000 0.000000
vn -0.000000 0.100000 0.000000
vn -0.000000 0.100000 0.000000
vn -0.000000 0.100000 0.000000
vn -0.000000 0.100000 0.000000
vn -0.000000 0.100000 0.000000
vn -0.000000 -0.000000 0.100000
vn -0.000000 -0.000000 0.100000
vn -0.000000 -0.000000 0.100000
vn -0.000000 -0.000000 0.100000
vn 0.100000 0.000000 0.000000
vn 0.100000 0.000000 0.000000
vn 0.100000 0.000000 0.000000
vn 0.100000 0.000000 0.000000
vn 0.100000 0.000000 0.000000
vn 0.100000 0.000000 0.000000
vn 0.100000 0.000000 0.000000
vn 0.100000 0.000000 0.000000
vn 0.100000 0.000000 0.000000
vn 0.100000 0.000000 0.000000
vn 0.100000 0.000000 0.000000
vn 0.100000 0.000000 0.000000
vn 0.100000 0.000000 0.000000
vn 0.100000 0.000000 0.000000
vn 0.100000 0.000000 0.000000
vn 0.100000 0.000000 0.000000
vn 0.100000 0.000000 0.000000
vn 0.100000 0.000000 0.000000
vn 0.100000 0.000000 0.000000
vn 0.100000 0.000000 0.000000
vn 0.100000 0.000000 0.000000
vn 0.100000 0.000000 0.000000
vn 0.100000 0.000000 0.000000
vn 0.100000 0.000000 0.000000
vn 0.100000 0.000000 0.000000
vn -0.000000 0.100000 0.000000
vn -0.000000 0.100000 0.000000
vn -0.000000 0.100000 0.000000
vn -0.000000 0.100000 0.000000
vn -0.000000 -0.000000 0.100000
vn -0.000000 -0.000000 0.100000
vn -0.000000 0.099565 0.009322
vn -0.000000 0.097531 0.022086
vn -0.000000 0.099565 0.009322
vn -0.000000 0.097531 0.022086
vn -0.000000 0.099565 0.009322
vn -0.000000 0.093867 0.034481
vn -0.000000 0.093867 0.034481
vn -0.000000 0.088635 0.046301
vn -0.000000 0.088635 0.046301
vn -0.000000 0.081923 0.057346
vn -0.000000 0.081923 0.057346
vn -0.000000 0.073842 0.067434
vn -0.000000 0.073842 0.067434
vn -0.000000 0.064527 0.076395
vn -0.000000 0.064527 0.076395
vn -0.000000 0.054134 0.084080
vn -0.000000 0.054134 0.084080
vn -0.000000 0.042837 0.090360
vn -0.000000 0.042837 0.090360
vn -0.000000 0.030824 0.095131
vn -0.000000 0.030824 0.095131
vn -0.000000 0.018296 0.098312
vn -0.000000 0.018296 0.098312
vn -0.000000 0.005463 0.099851
vn -0.000000 0.005463 0.099851
vn -0.100000 -0.000000 -0.000000
vn -0.100000 -0.000000 -0.000000
vn -0.100000 -0.000000 -0.000000
vn -0.100000 -0.000000 -0.000000
vn -0.100000 -0.000000 -0.000000
vn -0.100000 -0.000000 -0.000000
vn -0.100000 -0.000000 -0.000000
vn -0.100000 -0.000000 -0.000000
vn -0.100000 -0.000000 -0.000000
vn -0.100000 -0.000000 -0.000000
vn -0.100000 -0.000000 -0.000000
vn -0.100000 -0.000000 -0.000000
vn -0.100000 -0.000000 -0.000000
vn -0.100000 -0.000000 -0.000000
vn -0.100000 -0.000000 -0.000000
vn -0.100000 -0.000000 -0.000000
vn -0.100000 -0.000000 -0.000000
vn -0.100000 -0.000000 -0.000000
vn -0.100000 -0.000000 -0.000000
vn -0.100000 -0.000000 -0.000000
vn -0.100000 -0.000000 -0.000000
vn -0.100000 -0.000000 -0.000000
vn -0.100000 -0.000000 -0.000000
vn -0.100000 -0.000000 -0.000000
vn -0.100000 -0.000000 -0.000000
vn -0.000000 0.099997 0.000786
vn -0.000000 0.099997 0.000786
vn -0.000000 0.099941 0.003444
vn -0.000000 0.099840 0.005646
vn -0.000000 0.099742 0.007177
vn -0.000000 0.099163 0.012913
vn -0.000000 0.099691 0.007857
vn -0.000000 0.098023 0.019784
vn -0.000000 0.096863 0.024850
vn -0.000000 0.094934 0.031425
vn -0.000000 0.093132 0.036419
vn -0.000000 0.090468 0.042609
vn -0.000000 0.088025 0.047451
vn -0.000000 0.084689 0.053176
vn -0.000000 0.081617 0.057781
vn -0.000000 0.077683 0.062971
vn -0.000000 0.074003 0.067257
vn -0.000000 0.069549 0.071853
vn -0.000000 0.065296 0.075739
vn -0.000000 0.060407 0.079693
vn -0.000000 0.055624 0.083103
vn -0.000000 0.050388 0.086377
vn -0.000000 0.045129 0.089238
vn -0.000000 0.039639 0.091808
vn -0.000000 0.033968 0.094054
vn -0.000000 0.028315 0.095908
vn -0.000000 0.022305 0.097481
vn -0.000000 0.016580 0.098616
vn -0.000000 0.010312 0.099467
vn -0.000000 0.004604 0.099894
vn -0.000000 -0.001833 0.099983
vn -0.000000 -0.001833 0.099983
vn -0.000000 0.004604 0.099894
vn -0.000000 0.010312 0.099467
vn -0.000000 0.016580 0.098616
vn -0.000000 0.022305 0.097481
vn -0.000000 0.028315 0.095908
vn -0.000000 0.033968 0.094054
vn -0.000000 0.039639 0.091808
vn -0.000000 0.045129 0.089238
vn -0.000000 0.050388 0.086377
vn -0.000000 0.055624 0.083103
vn -0.000000 0.060407 0.079693
vn -0.000000 0.065296 0.075739
vn -0.000000 0.069549 0.071853
vn -0.000000 0.074003 0.067257
vn -0.000000 0.077683 0.062971
vn -0.000000 0.081617 0.057781
vn -0.000000 0.084689 0.053176
vn -0.000000 0.088025 0.047451
vn -0.000000 0.090468 0.042609
vn -0.000000 0.093132 0.036419
vn -0.000000 0.094934 0.031425
vn -0.000000 0.096863 0.024850
vn -0.000000 0.098023 0.019784
vn -0.000000 0.099163 0.012913
vn -0.000000 0.099691 0.007857
vn -0.000000 0.099742 0.007177
vn -0.000000 0.099692 0.007839
vn -0.000000 0.099997 0.000786
vn -0.000000 0.099840 0.005646
vn -0.000000 0.099941 0.003444
vn -0.000000 0.099997 0.000786
vn -0.000000 0.099691 0.007857
vn -0.000000 0.099692 0.007839
vn -0.000000 0.100000 0.000000
vn -0.000000 0.100000 0.000000
vn -0.000000 0.100000 0.000000
vn -0.000000 0.100000 0.000000
vn -0.000000 0.100000 0.000000
vn -0.000000 0.100000 0.000000
vn -0.000000 0.100000 0.000000
vn -0.000000 0.100000 0.000000
vn -0.000000 0.100000 0.000000
vn -0.000000 -0.000000 0.100000
vn -0.000000 -0.000000 0.100000
vn -0.000000 -0.000000 0.100000
vn -0.000000 -0.000000 0.100000
vn 0.000000 0.000000 -0.100000
vn 0.000000 0.000000 -0.100000
vn 0.000000 0.000000 -0.100000
vn 0.000000 0.000000 -0.100000
vn -0.053000 0.084800 -0.000000
vn -0.053000 0.084800 -0.000000
vn -0.053000 0.084800 -0.000000
vn -0.053000 0.084800 -0.000000
vn -0.053000 0.084800 -0.000000
vn -0.053000 0.084800 -0.000000
vn -0.053000 0.084800 -0.000000
vn -0.053000 0.084800 -0.000000
vn -0.053000 0.084800 -0.000000
vn -0.053000 0.084800 -0.000000
vn -0.000000 0.100000 0.000000
vn -0.000000 0.100000 0.000000
vn -0.000000 0.100000 0.000000
vn -0.000000 0.100000 0.000000
vn -0.000000 0.100000 0.000000
vn -0.000000 0.100000 0.000000
vn -0.000000 0.100000 0.000000
vn -0.000000 0.100000 0.000000
vn -0.000000 0.100000 0.000000
vn -0.000000 0.100000 0.000000
vn -0.000000 0.100000 0.000000
vn -0.000000 0.100000 0.000000
vn -0.000000 0.100000 0.000000
vn -0.000000 0.100000 0.000000
vn -0.000000 0.100000 0.000000
vn -0.000000 0.100000 0.000000
vn 0.000000 0.000000 -0.100000
vn 0.000000 0.000000 -0.100000
vn 0.000000 0.000000 -0.100000
vn 0.000000 0.000000 -0.100000
vn -0.000000 -0.000000 0.100000
vn -0.000000 -0.000000 0.100000
vn -0.000000 -0.000000 0.100000
vn -0.000000 -0.000000 0.100000
vn -0.000000 0.100000 0.000000
vn -0.000000 0.100000 0.000000
vn -0.000000 0.100000 0.000000
vn -0.000000 0.100000 0.000000
vn -0.000000 0.100000 0.000000
vn -0.000000 0.100000 0.000000
vn -0.000000 0.100000 0.000000
vn -0.000000 0.100000 0.000000
vn -0.000000 0.100000 0.000000
vn 0.053000 0.084800 0.000000
vn 0.053000 0.084799 0.000241
vn 0.053000 0.084800 0.000000
vn 0.053000 0.084798 0.000482
vn 0.053000 0.084797 0.000723
vn 0.053000 0.084797 0.000666
vn 0.053000 0.084090 0.010950
vn 0.053000 0.084055 0.011214
vn 0.053000 0.082140 0.021073
vn 0.053000 0.081834 0.022231
vn 0.053000 0.078976 0.030883
vn 0.053000 0.078176 0.032857
vn 0.053000 0.074645 0.040238
vn 0.053000 0.073144 0.042906
vn 0.053000 0.069211 0.048998
vn 0.053000 0.066828 0.052202
vn 0.053000 0.062755 0.057034
vn 0.053000 0.059338 0.060581
vn 0.053000 0.055371 0.064227
vn 0.053000 0.050805 0.067896
vn 0.053000 0.047169 0.070471
vn 0.053000 0.041381 0.074018
vn 0.053000 0.038269 0.075673
vn 0.053000 0.031229 0.078840
vn 0.053000 0.028805 0.079758
vn 0.053000 0.020529 0.082277
vn 0.053000 0.018914 0.082664
vn 0.053000 0.009469 0.084270
vn 0.053000 0.008744 0.084348
vn 0.053000 -0.001653 0.084784
vn 0.053000 -0.001555 0.084786
vn 0.053000 -0.001758 0.084782
vn -0.000000 0.100000 0.000000
vn -0.000000 0.100000 0.000000
vn -0.000000 0.100000 0.000000
vn -0.000000 0.100000 0.000000
vn -0.000000 0.100000 0.000000
vn -0.000000 0.100000 0.000000
vn -0.000000 0.100000 0.000000
vn -0.000000 0.100000 0.000000
vn -0.000000 0.100000 0.000000
vn -0.000000 0.100000 0.000000
vn -0.000000 0.100000 0.000000
vn -0.000000 0.100000 0.000000
vn -0.000000 0.100000 0.000000
vn -0.000000 0.100000 0.000000
vn -0.000000 0.000000 0.100000
vn -0.000000 0.000000 0.100000
vn -0.000000 0.000000 0.100000
vn -0.000000 0.000000 0.100000
vn 0.000000 0.000000 -0.100000
vn 0.000000 0.000000 -0.100000
vn 0.000000 0.000000 -0.100000
vn 0.000000 0.000000 -0.100000
vn 0.100000 0.000000 0.000000
vn 0.100000 0.000000 0.000000
vn 0.100000 0.000000 0.000000
vn 0.100000 0.000000 0.000000
vn 0.100000 0.000000 0.000000
vn -0.000000 0.095672 0.029101
vn -0.000000 0.095672 0.029101
vn -0.000000 0.095672 0.029101
vn -0.000000 0.095672 0.029101
vn -0.000000 0.095672 0.029101
vn 0.000000 0.000000 -0.100000
vn 0.000000 0.000000 -0.100000
vn -0.000000 0.000000 0.100000
vn -0.000000 0.000000 0.100000
vn -0.000000 0.100000 0.000000
vn -0.000000 0.100000 0.000000
vn -0.000000 0.100000 0.000000
vn -0.000000 0.100000 0.000000
vn -0.000000 0.100000 0.000000
vn -0.100000 -0.000000 -0.000000
vn -0.100000 -0.000000 -0.000000
vn -0.100000 -0.000000 -0.000000
vn -0.100000 -0.000000 -0.000000
vn -0.100000 -0.000000 -0.000000
vn -0.000000 -0.000000 0.100000
vn -0.000000 -0.000000 0.100000
vn -0.000000 -0.000000 0.100000
vn -0.000000 -0.000000 0.100000
vn -0.000000 0.100000 0.000000
vn -0.000000 0.100000 0.000000
vn -0.000000 0.100000 0.000000
vn -0.000000 0.100000 0.000000
vn -0.000000 0.100000 0.000000
vn -0.000000 0.100000 0.000000
vn 0.000000 0.000000 -0.100000
vn 0.000000 0.000000 -0.100000
vn 0.000000 0.000000 -0.100000
vn 0.000000 0.000000 -0.100000
vn -0.000000 0.100000 0.000000
vn -0.000000 0.100000 0.000000
vn -0.000000 0.100000 0.000000
vn -0.000000 0.100000 0.000000
vn -0.000000 0.100000 0.000000
vn -0.000000 0.100000 0.000000
vn -0.000000 0.100000 0.000000
vn -0.000000 0.100000 0.000000
vn -0.000000 0.100000 0.000000
vn -0.000000 0.100000 0.000000
vn -0.000000 0.100000 0.000000
vn -0.000000 0.100000 0.000000
vn -0.000000 0.100000 0.000000
vn -0.000000 0.100000 0.000000
vn -0.000000 0.100000 0.000000
vn -0.000000 0.100000 0.000000
vn -0.000000 0.100000 0.000000
vn -0.000000 0.100000 0.000000
vn -0.000000 0.100000 0.000000
vn -0.000000 0.100000 0.000000
vn 0.000000 0.000000 -0.100000
vn 0.000000 0.000000 -0.100000
vn 0.000000 0.000000 -0.100000
vn 0.000000 0.000000 -0.100000
vn -0.000000 -0.000000 0.100000
vn -0.000000 -0.000000 0.100000
vn -0.000000 -0.000000 0.100000
vn -0.000000 -0.000000 0.100000
vn -0.000000 0.100000 0.000000
vn -0.000000 0.100000 0.000000
vn -0.000000 0.100000 0.000000
vn -0.000000 0.100000 0.000000
vn -0.000000 0.100000 0.000000
vn -0.000000 0.100000 0.000000
vn 0.043388 0.000000 -0.090097
vn 0.006652 0.000000 -0.099779
vn 0.000000 0.000000 -0.100000
vn 0.000000 0.000000 -0.100000
vn -0.006652 0.000000 -0.099779
vn 0.078183 0.000000 -0.062349
vn 0.069513 0.000000 -0.071889
vn 0.040555 0.000000 -0.091407
vn 0.089993 0.000000 -0.043603
vn 0.097493 0.000000 -0.022252
vn 0.099499 0.000000 -0.010000
vn 0.099499 0.000000 -0.010000
vn 0.099944 0.000000 -0.003338
vn 0.099944 0.000000 0.003338
vn 0.097493 0.000000 0.022252
vn 0.099499 0.000000 0.010000
vn 0.099499 0.000000 0.010000
vn 0.089993 0.000000 0.043603
vn 0.078183 0.000000 0.062349
vn 0.069513 0.000000 0.071889
vn 0.043388 -0.000000 0.090097
vn 0.040555 -0.000000 0.091407
vn 0.006652 -0.000000 0.099779
vn -0.000000 -0.000000 0.100000
vn -0.000000 -0.000000 0.100000
vn -0.006652 -0.000000 0.099779
vn -0.043388 -0.000000 0.090097
vn -0.040555 -0.000000 0.091407
vn -0.069513 -0.000000 0.071889
vn -0.078183 -0.000000 0.062349
vn -0.089993 -0.000000 0.043603
vn -0.097493 -0.000000 0.022252
vn -0.099499 -0.000000 0.010000
vn -0.099499 -0.000000 0.010000
vn -0.099944 -0.000000 0.003338
vn -0.099944 -0.000000 -0.003338
vn -0.097493 -0.000000 -0.022252
vn -0.099499 -0.000000 -0.010000
vn -0.099499 -0.000000 -0.010000
vn -0.089993 -0.000000 -0.043603
vn -0.078183 -0.000000 -0.062349
vn -0.069513 -0.000000 -0.071889
vn -0.043388 0.000000 -0.090097
vn -0.040555 0.000000 -0.091407
vn -0.000000 0.100000 0.000000
vn -0.000000 0.100000 0.000000
vn -0.000000 0.100000 0.000000
vn -0.000000 0.100000 0.000000
vn -0.000000 0.100000 0.000000
vn -0.000000 0.100000 0.000000
vn -0.000000 0.100000 0.000000
vn -0.000000 0.100000 0.000000
vn -0.000000 0.100000 0.000000
vn -0.000000 0.100000 0.000000
vn -0.000000 0.100000 0.000000
vn -0.000000 0.100000 0.000000
vn -0.000000 0.100000 0.000000
vn -0.000000 0.100000 0.000000
vn -0.000000 0.100000 0.000000
vn -0.000000 0.100000 0.000000
vn -0.000000 0.100000 0.000000
vn -0.000000 0.100000 0.000000
vn -0.000000 0.100000 0.000000
vn -0.000000 0.100000 0.000000
vn -0.000000 0.100000 0.000000
vn -0.000000 0.100000 0.000000
vn -0.000000 0.100000 0.000000
vn -0.000000 0.100000 0.000000
vn -0.000000 0.100000 0.000000
vn -0.000000 0.100000 0.000000
vn -0.000000 0.100000 0.000000
vn -0.000000 0.100000 0.000000
vn -0.000000 0.100000 0.000000
vn -0.000000 0.100000 0.000000
vn -0.000000 0.100000 0.000000
vn -0.000000 0.100000 0.000000
vn -0.000000 0.100000 0.000000
vn 0.091319 0.000000 0.040754
vn 0.091319 0.000000 0.040754
vn 0.091319 0.000000 0.040754
vn 0.091319 0.000000 0.040754
vn 0.095085 0.000000 0.030965
vn 0.095085 0.000000 0.030965
vn 0.097806 0.000000 0.020834
vn 0.097806 0.000000 0.020834
vn 0.099450 0.000000 0.010475
vn 0.099450 0.000000 0.010475
vn 0.100000 0.000000 0.000000
vn 0.100000 0.000000 0.000000
vn 0.100000 0.000000 0.000000
vn 0.100000 0.000000 0.000000
vn 0.100000 0.000000 0.000000
vn 0.100000 0.000000 0.000000
vn -0.000000 0.100000 0.000000
vn -0.000000 0.100000 0.000000
vn -0.000000 0.100000 0.000000
vn -0.000000 0.100000 0.000000
vn -0.000000 0.100000 0.000000
vn -0.000000 0.100000 0.000000
vn -0.000000 0.100000 0.000000
vn -0.000000 0.100000 0.000000
vn -0.000000 0.100000 0.000000
vn -0.000000 0.100000 0.000000
vn -0.000000 0.100000 0.000000
vn -0.000000 0.100000 0.000000
vn -0.000000 0.100000 0.000000
vn -0.000000 0.100000 0.000000
vn -0.000000 0.100000 0.000000
vn -0.000000 0.100000 0.000000
vn -0.000000 0.100000 0.000000
vn -0.000000 0.100000 0.000000
vn -0.000000 0.100000 0.000000
vn -0.000000 0.100000 0.000000
vn -0.000000 0.100000 0.000000
vn 0.000000 -0.011452 -0.099342
vn 0.000000 -0.010499 -0.099447
vn 0.000000 -0.011452 -0.099342
vn 0.000000 -0.009544 -0.099543
vn 0.000000 -0.008589 -0.099630
vn 0.000000 0.003179 -0.099949
vn 0.000000 -0.008589 -0.099630
vn 0.000000 0.005804 -0.099831
vn 0.000000 0.017742 -0.098413
vn 0.000000 0.020077 -0.097964
vn 0.000000 0.031925 -0.094767
vn 0.000000 0.033933 -0.094067
vn 0.000000 0.045423 -0.089088
vn 0.000000 0.047087 -0.088220
vn 0.000000 0.057947 -0.081499
vn 0.000000 0.059265 -0.080546
vn -0.000000 0.069229 -0.072162
vn -0.000000 0.070215 -0.071203
vn -0.000000 0.079026 -0.061278
vn -0.000000 0.079710 -0.060384
vn -0.000000 0.087128 -0.049079
vn -0.000000 0.087554 -0.048314
vn -0.000000 0.093361 -0.035828
vn -0.000000 0.093584 -0.035244
vn -0.000000 0.097593 -0.021809
vn -0.000000 0.097674 -0.021443
vn -0.000000 0.099732 -0.007322
vn -0.000000 0.099741 -0.007197
vn -0.000000 0.099741 0.007197
vn -0.000000 0.099732 0.007322
vn -0.000000 0.097674 0.021443
vn -0.000000 0.097593 0.021809
vn -0.000000 0.093584 0.035244
vn -0.000000 0.093361 0.035828
vn -0.000000 0.087554 0.048314
vn -0.000000 0.087128 0.049079
vn -0.000000 0.079710 0.060384
vn -0.000000 0.079026 0.061278
vn -0.000000 0.070215 0.071203
vn -0.000000 0.069229 0.072162
vn -0.000000 0.059265 0.080546
vn -0.000000 0.057947 0.081499
vn -0.000000 0.047087 0.088220
vn -0.000000 0.045423 0.089088
vn -0.000000 0.033933 0.094067
vn -0.000000 0.031925 0.094767
vn -0.000000 0.020077 0.097964
vn -0.000000 0.017742 0.098413
vn -0.000000 0.005804 0.099831
vn -0.000000 0.003179 0.099949
vn -0.000000 -0.008589 0.099630
vn -0.000000 -0.008589 0.099630
vn -0.000000 -0.011452 0.099342
vn -0.000000 -0.009544 0.099543
vn -0.000000 -0.010499 0.099447
vn -0.000000 -0.011452 0.099342
vn 0.100000 0.000000 0.000000
vn 0.100000 0.000000 0.000000
vn 0.100000 0.000000 0.000000
vn 0.100000 0.000000 0.000000
vn 0.100000 0.000000 0.000000
vn 0.100000 0.000000 0.000000
vn 0.053000 0.000000 -0.084800
vn 0.053000 0.000000 -0.084800
vn 0.053000 0.000000 -0.084800
vn 0.053000 0.000000 -0.084800
vn 0.000000 0.000000 -0.100000
vn 0.000000 0.000000 -0.100000
vn 0.000000 0.000000 -0.100000
vn 0.000000 0.000000 -0.100000
vn -0.053000 -0.000000 -0.084800
vn -0.053000 -0.000000 -0.084800
vn -0.053000 -0.000000 -0.084800
vn -0.053000 -0.000000 -0.084800
vn -0.100000 -0.000000 -0.000000
vn -0.100000 -0.000000 -0.000000
vn -0.100000 -0.000000 -0.000000
vn -0.100000 -0.000000 -0.000000
vn -0.099364 -0.000000 0.011263
vn -0.099364 -0.000000 0.011263
vn -0.097463 -0.000000 0.022383
vn -0.097463 -0.000000 0.022383
vn -0.094322 -0.000000 0.033218
vn -0.094322 -0.000000 0.033218
vn -0.094322 -0.000000 0.033218
vn -0.094322 -0.000000 0.033218
vn -0.000000 0.100000 0.000000
vn -0.000000 0.100000 0.000000
vn -0.000000 0.100000 0.000000
vn -0.000000 0.100000 0.000000
vn -0.000000 0.100000 0.000000
vn -0.000000 0.100000 0.000000
vn -0.000000 0.100000 0.000000
vn -0.000000 0.100000 0.000000
vn -0.000000 0.100000 0.000000
vn -0.000000 0.100000 0.000000
vn -0.000000 0.100000 0.000000
vn -0.000000 0.100000 0.000000
vn -0.000000 0.100000 0.000000
vn -0.000000 0.100000 0.000000
vn -0.000000 0.100000 0.000000
vn -0.000000 0.100000 0.000000
vn -0.000000 0.100000 0.000000
vn -0.000000 0.100000 0.000000
vn -0.000000 0.100000 0.000000
vn -0.000000 0.100000 0.000000
vn -0.000000 0.100000 0.000000
vn -0.000000 0.100000 0.000000
vn -0.000000 0.100000 0.000000
vn -0.000000 0.100000 0.000000
vn -0.000000 0.100000 0.000000
vn -0.000000 0.100000 0.000000
vn -0.000000 0.100000 0.000000
vn -0.000000 0.100000 0.000000
vn -0.000000 0.100000 0.000000
vn -0.000000 0.100000 0.000000
vn -0.000000 0.100000 0.000000
vn -0.000000 0.100000 0.000000
vn -0.000000 0.100000 0.000000
vn -0.099978 -0.002080 -0.000000
vn -0.099978 -0.002080 -0.000000
vn -0.100000 0.000297 -0.000000
vn -0.099955 0.002992 -0.000000
vn -0.100000 0.000297 -0.000000
vn -0.099854 0.005409 -0.000000
vn -0.099687 0.007912 -0.000000
vn -0.099453 0.010447 -0.000000
vn -0.099194 0.012674 -0.000000
vn -0.098815 0.015349 -0.000000
vn -0.098492 0.017303 -0.000000
vn -0.097960 0.020093 -0.000000
vn -0.096494 0.026247 -0.000000
vn -0.095668 0.029114 -0.000000
vn -0.093732 0.034846 -0.000000
vn -0.092675 0.037569 -0.000000
vn -0.090226 0.043118 -0.000000
vn -0.089027 0.045543 -0.000000
vn -0.086020 0.050996 -0.000000
vn -0.084741 0.053094 -0.000000
vn -0.081179 0.058395 -0.000000
vn -0.079807 0.060257 -0.000000
vn -0.075779 0.065250 -0.000000
vn -0.074207 0.067032 -0.000000
vn -0.069562 0.071841 -0.000000
vn -0.067943 0.073374 -0.000000
vn -0.062469 0.078087 -0.000000
vn -0.061013 0.079230 -0.000000
vn -0.054563 0.083803 -0.000000
vn -0.053412 0.084541 -0.000000
vn -0.045932 0.088827 -0.000000
vn -0.045131 0.089237 -0.000000
vn -0.036695 0.093024 -0.000000
vn -0.036212 0.093213 -0.000000
vn -0.027007 0.096284 0.000000
vn -0.026747 0.096357 0.000000
vn -0.017052 0.098535 0.000000
vn -0.016849 0.098570 0.000000
vn -0.006747 0.099772 0.000000
vn -0.006688 0.099776 0.000000
vn -0.003284 0.099946 0.000000
vn -0.003254 0.099947 0.000000
vn 0.000184 0.100000 0.000000
vn 0.000182 0.100000 0.000000
vn 0.003619 0.099934 0.000000
vn 0.003651 0.099933 0.000000
vn 0.014202 0.098986 0.000000
vn 0.014491 0.098944 0.000000
vn 0.024523 0.096947 0.000000
vn 0.025064 0.096808 0.000000
vn 0.034391 0.093900 0.000000
vn 0.035313 0.093558 0.000000
vn 0.043675 0.089958 0.000000
vn 0.045036 0.089285 0.000000
vn 0.052273 0.085250 0.000000
vn 0.054065 0.084125 0.000000
vn 0.060139 0.079895 0.000000
vn 0.062279 0.078239 0.000000
vn 0.067285 0.073978 0.000000
vn 0.069582 0.071822 0.000000
vn 0.073721 0.067567 0.000000
vn 0.075913 0.065094 0.000000
vn 0.079450 0.060727 0.000000
vn 0.081442 0.058027 0.000000
vn 0.084475 0.053516 0.000000
vn 0.086329 0.050472 0.000000
vn 0.088822 0.045941 0.000000
vn 0.090498 0.042545 0.000000
vn 0.092508 0.037976 0.000000
vn 0.093917 0.034345 0.000000
vn 0.095535 0.029548 0.000000
vn 0.096570 0.025967 0.000000
vn 0.097870 0.020530 0.000000
vn 0.098487 0.017329 0.000000
vn 0.098751 0.015756 0.000000
vn 0.099171 0.012846 0.000000
vn 0.099418 0.010773 0.000000
vn 0.099666 0.008170 0.000000
vn 0.099843 0.005594 0.000000
vn 0.099948 0.003209 0.000000
vn 0.100000 0.000297 0.000000
vn 0.100000 0.000297 0.000000
vn 0.099978 -0.002080 0.000000
vn 0.099978 -0.002080 0.000000
vn 0.053000 -0.011291 -0.084045
vn 0.053000 -0.000245 -0.084799
vn 0.087464 -0.004604 -0.048258
vn 0.078083 -0.000181 -0.062474
vn 0.094362 -0.000096 -0.033103
vn 0.100000 0.000000 0.000000
vn 0.100000 -0.000000 -0.000000
vn 0.087464 -0.009029 -0.047629
vn 0.100000 -0.000000 -0.000000
vn 0.087464 -0.013377 -0.046595
vn 0.087464 -0.017612 -0.045164
vn 0.053000 -0.022145 -0.081857
vn 0.053000 -0.032621 -0.078274
vn 0.087464 -0.021697 -0.043350
vn 0.053000 -0.042541 -0.073357
vn 0.087464 -0.025597 -0.041168
vn 0.053000 -0.051736 -0.067189
vn 0.087464 -0.029280 -0.038636
vn 0.087464 -0.032713 -0.035775
vn 0.100000 -0.000000 -0.000000
vn 0.100000 -0.000000 -0.000000
vn 0.100000 -0.000000 -0.000000
vn 0.100000 -0.000000 -0.000000
vn 0.087464 -0.035869 -0.032610
vn 0.100000 -0.000000 -0.000000
vn 0.087464 -0.038720 -0.029168
vn 0.087464 -0.041242 -0.025478
vn 0.053000 -0.067338 -0.051542
vn 0.053000 -0.073480 -0.042329
vn 0.087464 -0.043413 -0.021571
vn 0.053000 -0.078368 -0.032395
vn 0.087464 -0.045215 -0.017481
vn 0.053000 -0.081921 -0.021908
vn 0.087464 -0.046633 -0.013243
vn 0.087464 -0.047654 -0.008891
vn 0.100000 -0.000000 -0.000000
vn 0.100000 -0.000000 -0.000000
vn 0.100000 -0.000000 -0.000000
vn 0.100000 -0.000000 -0.000000
vn 0.100000 -0.000000 0.000000
vn 0.094362 -0.033103 0.000000
vn 0.087464 -0.048271 -0.004465
vn 0.053000 -0.084077 -0.011048
vn 0.078083 -0.062474 0.000000
vn 0.053000 -0.084800 0.000000
vn 0.053000 -0.060049 -0.059876
vn 0.094362 -0.033103 0.000000
vn 0.087464 -0.048477 0.000000
vn 0.100000 0.000000 0.000000
vn 0.087464 -0.048477 0.000000
vn 0.087464 -0.048477 0.000000
vn 0.078083 -0.062474 0.000000
vn 0.087464 -0.048477 0.000000
vn 0.087464 -0.048477 0.000000
vn 0.087464 -0.048477 0.000000
vn 0.087464 -0.048477 0.000000
vn 0.087464 -0.048477 0.000000
vn 0.087464 -0.048477 0.000000
vn 0.087464 -0.048477 0.000000
vn 0.087464 -0.048477 0.000000
vn 0.053000 -0.084800 0.000000
vn 0.087464 -0.048477 0.000000
vn 0.087464 -0.048477 0.000000
vn 0.087464 -0.048477 0.000000
vn 0.087464 -0.048477 0.000000
vn 0.087464 -0.048477 0.000000
vn 0.087464 -0.048477 0.000000
vn 0.087464 -0.048477 0.000000
vn 0.094362 -0.033103 0.000000
vn 0.087464 -0.048477 0.000000
vn 0.087464 -0.048477 0.000000
vn 0.087464 -0.048477 0.000000
vn 0.087464 -0.048477 0.000000
vn 0.087464 -0.048477 0.000000
vn 0.087464 -0.048477 0.000000
vn 0.087464 -0.048477 0.000000
vn 0.087464 -0.048477 0.000000
vn 0.087464 -0.048477 0.000000
vn 0.078083 -0.062474 0.000000
vn 0.053000 -0.084800 0.000000
vn 0.100000 0.000000 0.000000
vn 0.052546 -0.084800 0.006918
vn 0.087091 -0.048477 0.008070
vn 0.085975 -0.048477 0.016072
vn 0.099144 0.000000 0.013053
vn 0.096593 0.000000 0.025882
vn 0.092388 0.000000 0.038268
vn 0.081558 -0.048477 0.031596
vn 0.084125 -0.048477 0.023936
vn 0.051194 -0.084800 0.013717
vn 0.078295 -0.048477 0.038986
vn 0.086603 0.000000 0.050000
vn 0.074364 -0.048477 0.046044
vn 0.079335 0.000000 0.060876
vn 0.069798 -0.048477 0.052709
vn 0.064637 -0.048477 0.058924
vn 0.042048 -0.084800 0.032264
vn 0.037477 -0.084800 0.037477
vn 0.058924 -0.048477 0.064637
vn 0.032264 -0.084800 0.042048
vn 0.052709 -0.048477 0.069798
vn 0.046044 -0.048477 0.074364
vn 0.060876 -0.000000 0.079335
vn 0.050000 0.000000 0.086603
vn 0.070711 0.000000 0.070711
vn 0.038986 -0.048477 0.078295
vn 0.038268 0.000000 0.092388
vn 0.031596 -0.048477 0.081558
vn 0.025882 0.000000 0.096593
vn 0.023936 -0.048477 0.084125
vn 0.016072 -0.048477 0.085975
vn 0.013717 -0.084800 0.051194
vn 0.006918 -0.084800 0.052546
vn 0.008070 -0.048477 0.087091
vn 0.000000 -0.084800 0.053000
vn -0.000000 -0.062474 0.078083
vn -0.000000 -0.033103 0.094362
vn 0.013053 0.000000 0.099144
vn -0.000000 -0.000000 0.100000
vn 0.020282 -0.084800 0.048966
vn 0.026500 -0.084800 0.045899
vn 0.045899 -0.084800 0.026500
vn 0.048966 -0.084800 0.020282
vn 0.000000 -0.084800 0.053000
vn -0.000000 -0.062474 0.078083
vn -0.000000 -0.000000 0.100000
vn -0.000000 -0.033103 0.094362
vn 0.000000 -0.084800 0.053000
vn -0.006918 -0.084800 0.052546
vn -0.008070 -0.048477 0.087091
vn -0.016072 -0.048477 0.085975
vn -0.013053 -0.000000 0.099144
vn -0.025882 -0.000000 0.096593
vn -0.038268 -0.000000 0.092388
vn -0.031596 -0.048477 0.081558
vn -0.023936 -0.048477 0.084125
vn -0.013717 -0.084800 0.051194
vn -0.038986 -0.048477 0.078295
vn -0.050000 -0.000000 0.086603
vn -0.046044 -0.048477 0.074364
vn -0.060876 -0.000000 0.079335
vn -0.052709 -0.048477 0.069798
vn -0.058924 -0.048477 0.064637
vn -0.032264 -0.084800 0.042048
vn -0.037477 -0.084800 0.037477
vn -0.064637 -0.048477 0.058924
vn -0.042048 -0.084800 0.032264
vn -0.069798 -0.048477 0.052709
vn -0.074364 -0.048477 0.046044
vn -0.079335 -0.000000 0.060876
vn -0.086603 -0.000000 0.050000
vn -0.070711 -0.000000 0.070711
vn -0.078295 -0.048477 0.038986
vn -0.092388 -0.000000 0.038268
vn -0.081558 -0.048477 0.031596
vn -0.096593 -0.000000 0.025882
vn -0.084125 -0.048477 0.023936
vn -0.085975 -0.048477 0.016072
vn -0.051194 -0.084800 0.013717
vn -0.052546 -0.084800 0.006918
vn -0.087091 -0.048477 0.008070
vn -0.053000 -0.084800 -0.000000
vn -0.078083 -0.062474 -0.000000
vn -0.094362 -0.033103 -0.000000
vn -0.099144 -0.000000 0.013053
vn -0.100000 0.000000 -0.000000
vn -0.048966 -0.084800 0.020282
vn -0.045899 -0.084800 0.026500
vn -0.026500 -0.084800 0.045899
vn -0.020282 -0.084800 0.048966
vn -0.094362 -0.033103 -0.000000
vn -0.087464 -0.048477 -0.000000
vn -0.100000 0.000000 -0.000000
vn -0.087464 -0.048477 -0.000000
vn -0.087464 -0.048477 -0.000000
vn -0.078083 -0.062474 -0.000000
vn -0.087464 -0.048477 -0.000000
vn -0.087464 -0.048477 -0.000000
vn -0.087464 -0.048477 -0.000000
vn -0.087464 -0.048477 -0.000000
vn -0.087464 -0.048477 -0.000000
vn -0.087464 -0.048477 -0.000000
vn -0.087464 -0.048477 -0.000000
vn -0.087464 -0.048477 -0.000000
vn -0.087464 -0.048477 -0.000000
vn -0.087464 -0.048477 -0.000000
vn -0.087464 -0.048477 -0.000000
vn -0.087464 -0.048477 -0.000000
vn -0.087464 -0.048477 -0.000000
vn -0.087464 -0.048477 -0.000000
vn -0.087464 -0.048477 -0.000000
vn -0.087464 -0.048477 -0.000000
vn -0.087464 -0.048477 -0.000000
vn -0.087464 -0.048477 -0.000000
vn -0.087464 -0.048477 -0.000000
vn -0.087464 -0.048477 -0.000000
vn -0.087464 -0.048477 -0.000000
vn -0.087464 -0.048477 -0.000000
vn -0.087464 -0.048477 -0.000000
vn -0.087464 -0.048477 -0.000000
vn -0.053000 -0.084800 -0.000000
vn -0.100000 -0.000000 -0.000000
vn -0.100000 -0.000000 0.000000
vn -0.087464 -0.004604 -0.048258
vn -0.094362 -0.000096 -0.033103
vn -0.078083 -0.000181 -0.062474
vn -0.053000 -0.000245 -0.084799
vn -0.053000 -0.011291 -0.084045
vn -0.087464 -0.009029 -0.047629
vn -0.053000 -0.022145 -0.081857
vn -0.087464 -0.013377 -0.046595
vn -0.087464 -0.017612 -0.045164
vn -0.100000 -0.000000 -0.000000
vn -0.100000 -0.000000 -0.000000
vn -0.087464 -0.021697 -0.043350
vn -0.100000 -0.000000 -0.000000
vn -0.087464 -0.025597 -0.041168
vn -0.100000 0.000000 0.000000
vn -0.087464 -0.029280 -0.038636
vn -0.087464 -0.032713 -0.035775
vn -0.053000 -0.051736 -0.067189
vn -0.053000 -0.060049 -0.059876
vn -0.053000 -0.032621 -0.078274
vn -0.053000 -0.042541 -0.073357
vn -0.087464 -0.035869 -0.032610
vn -0.053000 -0.067338 -0.051542
vn -0.087464 -0.038720 -0.029168
vn -0.087464 -0.041242 -0.025478
vn -0.100000 0.000000 0.000000
vn -0.100000 -0.000000 -0.000000
vn -0.087464 -0.043413 -0.021571
vn -0.100000 -0.000000 -0.000000
vn -0.087464 -0.045215 -0.017481
vn -0.100000 -0.000000 -0.000000
vn -0.087464 -0.046633 -0.013243
vn -0.087464 -0.047654 -0.008891
vn -0.053000 -0.081921 -0.021908
vn -0.053000 -0.084077 -0.011048
vn -0.053000 -0.073480 -0.042329
vn -0.053000 -0.078368 -0.032395
vn -0.087464 -0.048271 -0.004465
vn -0.100000 -0.000000 -0.000000
vn -0.100000 -0.000000 -0.000000
vn 0.053000 -0.000215 -0.084800
vn 0.053000 -0.000245 -0.084799
vn 0.053000 -0.010418 -0.084157
vn 0.053000 -0.020470 -0.082292
vn 0.053000 -0.030225 -0.079230
vn 0.053000 -0.039540 -0.075017
vn 0.053000 -0.048281 -0.069714
vn 0.053000 -0.056319 -0.063397
vn 0.053000 -0.063539 -0.056158
vn 0.053000 -0.069836 -0.048104
vn 0.053000 -0.075117 -0.039350
vn 0.053000 -0.079307 -0.030024
vn 0.053000 -0.082344 -0.020262
vn 0.053000 -0.084184 -0.010205
vn 0.053000 -0.084800 0.000000
vn 0.053000 -0.084800 0.000000
vn 0.053000 -0.084800 0.000000
vn 0.052460 -0.084800 0.007543
vn 0.051194 -0.084800 0.013717
vn 0.050853 -0.084800 0.014932
vn 0.048210 -0.084800 0.022017
vn 0.044586 -0.084800 0.028654
vn 0.042048 -0.084800 0.032264
vn 0.040055 -0.084800 0.034708
vn 0.037477 -0.084800 0.037477
vn 0.034708 -0.084800 0.040055
vn 0.032264 -0.084800 0.042048
vn 0.028654 -0.084800 0.044586
vn 0.022017 -0.084800 0.048210
vn 0.014932 -0.084800 0.050853
vn 0.013717 -0.084800 0.051194
vn 0.007543 -0.084800 0.052460
vn 0.000000 -0.084800 0.053000
vn 0.000000 -0.084800 0.053000
vn 0.000000 -0.084800 0.053000
vn 0.000000 -0.084800 0.053000
vn -0.007543 -0.084800 0.052460
vn -0.014932 -0.084800 0.050853
vn -0.022017 -0.084800 0.048210
vn -0.026500 -0.084800 0.045899
vn -0.028654 -0.084800 0.044586
vn -0.034708 -0.084800 0.040055
vn -0.040055 -0.084800 0.034708
vn -0.044586 -0.084800 0.028654
vn -0.048210 -0.084800 0.022017
vn -0.048966 -0.084800 0.020282
vn -0.050853 -0.084800 0.014932
vn -0.051194 -0.084800 0.013717
vn -0.052460 -0.084800 0.007543
vn -0.052546 -0.084800 0.006918
vn -0.053000 -0.084800 -0.000000
vn -0.053000 -0.084800 -0.000000
vn -0.053000 -0.084800 -0.000000
vn -0.053000 -0.084800 -0.000000
vn -0.053000 -0.000215 -0.084800
vn -0.053000 -0.010418 -0.084157
vn -0.053000 -0.000245 -0.084799
vn -0.053000 -0.011291 -0.084045
vn -0.053000 -0.020470 -0.082292
vn -0.053000 -0.022145 -0.081857
vn -0.053000 -0.030225 -0.079230
vn -0.053000 -0.032621 -0.078274
vn -0.053000 -0.039540 -0.075017
vn -0.053000 -0.042541 -0.073357
vn -0.053000 -0.048281 -0.069714
vn -0.053000 -0.051736 -0.067189
vn -0.053000 -0.056319 -0.063397
vn -0.053000 -0.060049 -0.059876
vn -0.053000 -0.063539 -0.056158
vn -0.053000 -0.067338 -0.051542
vn -0.053000 -0.069836 -0.048104
vn -0.053000 -0.073480 -0.042329
vn -0.053000 -0.075117 -0.039350
vn -0.053000 -0.078368 -0.032395
vn -0.053000 -0.079307 -0.030024
vn -0.053000 -0.081921 -0.021908
vn -0.053000 -0.082344 -0.020262
vn -0.053000 -0.084077 -0.011048
vn -0.053000 -0.084184 -0.010205
vn 0.091318 0.000000 0.040755
vn 0.069274 0.000274 0.072118
vn 0.091170 0.000004 0.041087
vn 0.061241 0.004308 0.078936
vn 0.061207 0.007955 0.078679
vn 0.017903 0.007522 0.098096
vn 0.018105 0.013937 0.097355
vn -0.001424 0.008371 0.099639
vn -0.001118 0.015525 0.098781
vn -0.030197 0.009049 0.094901
vn -0.029759 0.016809 0.093978
vn -0.055608 0.008972 0.082627
vn -0.055100 0.016700 0.081762
vn -0.077474 0.008125 0.062704
vn -0.076960 0.015166 0.062025
vn -0.092168 0.006630 0.038224
vn -0.091740 0.012430 0.037805
vn -0.099853 0.005418 0.000015
vn -0.099456 0.010418 0.000005
vn 0.039307 0.000499 0.091949
vn 0.002012 0.000667 0.099978
vn -0.019518 0.000720 0.098074
vn -0.039193 0.000739 0.091997
vn -0.071235 0.000687 0.070180
vn -0.092505 0.000532 0.037982
vn -0.100000 0.000297 -0.000000
vn -0.098812 0.015365 -0.000019
vn -0.090244 0.023171 0.036321
vn -0.091092 0.017949 0.037149
vn -0.076194 0.021783 0.060991
vn -0.054345 0.023904 0.080469
vn -0.029104 0.024007 0.092610
vn -0.000651 0.022135 0.097517
vn 0.018418 0.019854 0.096263
vn 0.061157 0.011313 0.078306
vn 0.090773 -0.000014 0.041956
vn -0.089238 0.027934 0.035444
vn -0.097955 0.020122 0.000013
vn -0.088121 0.032226 0.034587
vn -0.086942 0.036061 0.033775
vn -0.071503 0.042339 0.055630
vn -0.070180 0.046043 0.054357
vn -0.048732 0.049120 0.072197
vn -0.046915 0.053905 0.069951
vn -0.023189 0.052816 0.081687
vn -0.021878 0.056368 0.079649
vn 0.003518 0.050809 0.086059
vn 0.003964 0.053081 0.084656
vn 0.020239 0.047003 0.085913
vn 0.019960 0.048330 0.085239
vn 0.055673 0.026850 0.078610
vn 0.054206 0.027282 0.079482
vn 0.080612 -0.000031 0.059175
vn 0.052645 0.027615 0.080411
vn 0.076412 -0.000074 0.064507
vn 0.050976 0.027854 0.081398
vn 0.049187 0.028003 0.082441
vn 0.018620 0.050808 0.084094
vn 0.018005 0.051294 0.083933
vn 0.004527 0.057913 0.081398
vn 0.004480 0.058595 0.080910
vn -0.016886 0.065789 0.073394
vn -0.016082 0.066861 0.072602
vn -0.036879 0.069772 0.061415
vn -0.035344 0.071325 0.060527
vn -0.055351 0.069790 0.045448
vn -0.053211 0.071918 0.044681
vn -0.070213 0.065792 0.027231
vn -0.067746 0.068531 0.026721
vn -0.084705 0.053151 0.000086
vn -0.079799 0.060267 0.000078
vn -0.085708 0.039596 0.032960
vn -0.095679 0.029079 0.000012
vn -0.083734 0.044495 0.031761
vn -0.081633 0.048931 0.030689
vn -0.065976 0.055323 0.050857
vn -0.063816 0.059010 0.049450
vn -0.043315 0.061165 0.066201
vn -0.041653 0.063768 0.064797
vn -0.019638 0.061271 0.076552
vn -0.018679 0.063004 0.075376
vn 0.004380 0.055980 0.082747
vn 0.004488 0.057045 0.082011
vn 0.019139 0.050159 0.084367
vn -0.092653 0.037623 -0.000022
vn -0.079444 0.052921 0.029800
vn -0.061706 0.062119 0.048307
vn -0.040046 0.066001 0.063562
vn -0.017757 0.064507 0.074321
vn -0.077229 0.056472 0.029095
vn -0.089003 0.045590 0.000098
vn -0.074966 0.059759 0.028443
vn -0.072625 0.062866 0.027812
vn -0.057489 0.067450 0.046320
vn -0.074247 0.066988 0.000050
vn -0.062611 0.073560 0.025863
vn -0.065226 0.071098 0.026280
vn -0.051068 0.073856 0.044014
vn -0.033844 0.072688 0.059758
vn -0.015342 0.067754 0.071931
vn 0.004349 0.059123 0.080533
vn 0.017295 0.051646 0.083867
vn 0.047273 0.028080 0.083527
vn 0.071592 -0.000106 0.069818
vn -0.067968 0.073351 -0.000004
vn -0.057076 0.078181 0.025101
vn -0.059894 0.075922 0.025468
vn -0.046629 0.077414 0.042812
vn -0.048876 0.075685 0.043392
vn -0.030798 0.075116 0.058388
vn -0.032330 0.073947 0.059047
vn -0.013904 0.069279 0.070761
vn -0.014617 0.068555 0.071320
vn 0.003972 0.059970 0.079924
vn 0.004179 0.059577 0.080207
vn 0.015719 0.052182 0.083845
vn 0.016533 0.051938 0.083840
vn 0.043156 0.028171 0.085697
vn 0.045263 0.028135 0.084615
vn 0.066125 -0.000097 0.075017
vn -0.060973 0.079261 -0.000030
vn -0.051151 0.082373 0.024461
vn -0.054160 0.080333 0.024764
vn -0.041980 0.080573 0.041781
vn -0.044329 0.079043 0.042274
vn -0.027689 0.077192 0.057225
vn -0.029249 0.076196 0.057781
vn -0.012527 0.070511 0.069794
vn -0.013206 0.069929 0.070253
vn 0.003439 0.060595 0.079476
vn 0.003727 0.060308 0.079681
vn 0.013929 0.052540 0.083938
vn 0.014852 0.052381 0.083879
vn 0.038647 0.028186 0.087818
vn 0.040952 0.028188 0.086766
vn 0.060002 -0.000060 0.079998
vn -0.053326 0.084595 -0.000003
vn -0.044884 0.086090 0.023959
vn -0.048055 0.084294 0.024193
vn -0.037154 0.083332 0.040930
vn -0.039586 0.082003 0.041333
vn -0.024551 0.078940 0.056264
vn -0.026121 0.078106 0.056719
vn -0.011238 0.071487 0.069017
vn -0.011869 0.071029 0.069383
vn 0.002727 0.061031 0.079169
vn 0.003107 0.060834 0.079307
vn 0.011907 0.052750 0.084117
vn 0.012948 0.052662 0.084018
vn 0.033730 0.028126 0.089840
vn 0.036240 0.028164 0.088845
vn 0.053207 -0.000038 0.084670
vn -0.045126 0.089239 0.000045
vn -0.038362 0.089288 0.023580
vn -0.040560 0.088280 0.023696
vn -0.042733 0.087215 0.023821
vn -0.031383 0.086036 0.040161
vn -0.033040 0.085321 0.040357
vn -0.020914 0.080590 0.055389
vn -0.021945 0.080160 0.055613
vn -0.009893 0.072343 0.068328
vn -0.010257 0.072126 0.068502
vn 0.001639 0.061349 0.078954
vn 0.001980 0.061276 0.079002
vn 0.009229 0.052847 0.084392
vn 0.010030 0.052833 0.084310
vn 0.027464 0.027987 0.091992
vn 0.029313 0.028031 0.091406
vn 0.045737 -0.000045 0.088928
vn 0.031115 0.028073 0.090795
vn -0.036287 0.093184 0.000039
vn -0.031536 0.092007 0.023244
vn -0.033855 0.091150 0.023355
vn -0.036129 0.090244 0.023466
vn -0.026326 0.087955 0.039635
vn -0.028034 0.087349 0.039803
vn -0.017802 0.081736 0.054794
vn -0.018850 0.081373 0.054983
vn -0.008837 0.072912 0.067866
vn -0.009190 0.072730 0.068013
vn 0.000535 0.061534 0.078824
vn 0.000909 0.061473 0.078868
vn 0.006716 0.052881 0.084608
vn 0.007566 0.052868 0.084544
vn 0.021697 0.027878 0.093552
vn 0.023652 0.027908 0.093068
vn 0.037627 -0.000052 0.092651
vn 0.025574 0.027944 0.092548
vn -0.026708 0.096367 -0.000020
vn -0.024257 0.094266 0.022925
vn -0.026741 0.093566 0.023028
vn -0.029165 0.092812 0.023135
vn -0.021016 0.089579 0.039165
vn -0.022820 0.089070 0.039316
vn -0.014556 0.082719 0.054274
vn -0.015656 0.082409 0.054440
vn -0.007752 0.073414 0.067456
vn -0.008119 0.073254 0.067587
vn -0.000631 0.061715 0.078682
vn -0.000235 0.061655 0.078731
vn 0.004081 0.052933 0.084743
vn 0.004975 0.052914 0.084707
vn 0.015608 0.027805 0.094780
vn 0.017677 0.027828 0.094409
vn 0.028926 -0.000029 0.095725
vn 0.019706 0.027852 0.094000
vn -0.016837 0.098572 -0.000019
vn -0.016711 0.095946 0.022695
vn -0.019225 0.095460 0.022756
vn -0.021739 0.094901 0.022831
vn -0.015455 0.090869 0.038780
vn -0.017309 0.090487 0.038892
vn -0.011180 0.083521 0.053844
vn -0.012300 0.083280 0.053973
vn -0.006645 0.073847 0.067100
vn -0.007006 0.073714 0.067210
vn -0.001866 0.061896 0.078520
vn -0.001445 0.061835 0.078577
vn 0.001317 0.053010 0.084784
vn 0.002248 0.052979 0.084783
vn 0.009207 0.027757 0.095628
vn 0.011354 0.027765 0.095395
vn 0.019590 -0.000033 0.098062
vn 0.013496 0.027783 0.095110
vn -0.006688 0.099776 0.000000
vn -0.009100 0.096994 0.022568
vn -0.011656 0.096712 0.022604
vn -0.014191 0.096363 0.022645
vn -0.009912 0.091745 0.038531
vn -0.011762 0.091496 0.038603
vn -0.007863 0.084094 0.053538
vn -0.008965 0.083926 0.053628
vn -0.005624 0.074191 0.066814
vn -0.005954 0.074085 0.066903
vn -0.003202 0.062081 0.078331
vn -0.002743 0.062018 0.078398
vn -0.001554 0.053125 0.084708
vn -0.000581 0.053082 0.084746
vn 0.002658 0.027774 0.096029
vn 0.004865 0.027763 0.095945
vn 0.009965 -0.000008 0.099502
vn 0.007046 0.027757 0.095812
vn -0.005789 0.086376 0.050057
vn -0.008051 0.091953 0.038468
vn -0.003340 0.049834 0.086634
vn -0.005301 0.074290 0.066730
vn -0.006761 0.084242 0.053457
vn 0.000000 0.000000 0.100000
vn 0.000417 0.027790 0.096060
vn -0.002548 0.053170 0.084655
vn -0.003677 0.062144 0.078260
vn 0.084202 0.000012 0.053944
vn 0.057012 0.026225 0.077858
vn 0.020316 0.045085 0.086917
vn 0.002910 0.047827 0.087773
vn -0.024557 0.048438 0.083969
vn -0.049919 0.045464 0.073764
vn -0.072796 0.038204 0.056931
vn 0.058142 0.025232 0.077349
vn 0.087087 -0.000066 0.049152
vn 0.059076 0.023871 0.077073
vn 0.059838 0.022131 0.077004
vn 0.019960 0.039277 0.089772
vn 0.019749 0.036694 0.090904
vn 0.001677 0.041103 0.091147
vn 0.001140 0.037612 0.092650
vn -0.026400 0.041071 0.087271
vn -0.027351 0.036280 0.089082
vn -0.052276 0.036334 0.077117
vn -0.053380 0.030538 0.078855
vn -0.075205 0.027942 0.059694
vn 0.089327 0.000022 0.044951
vn 0.060271 0.020748 0.077051
vn 0.019501 0.033631 0.092134
vn 0.000548 0.033317 0.094285
vn -0.028274 0.030593 0.090910
vn 0.090158 0.000024 0.043260
vn 0.060909 0.016964 0.077475
vn 0.060641 0.019082 0.077191
vn 0.061074 0.014373 0.077868
vn -0.034693 0.084559 0.040572
vn -0.022984 0.079697 0.055858
vn -0.010638 0.071888 0.068695
vn 0.002296 0.061190 0.079060
vn 0.010802 0.052808 0.084230
vn -0.029719 0.086710 0.039978
vn -0.019887 0.080991 0.055181
vn -0.009542 0.072541 0.068167
vn 0.001277 0.061412 0.078911
vn 0.008404 0.052856 0.084472
vn -0.024589 0.088529 0.039472
vn -0.016738 0.082081 0.054613
vn -0.008480 0.073086 0.067724
vn 0.000153 0.061595 0.078779
vn 0.005853 0.052897 0.084662
vn -0.019173 0.090054 0.039022
vn -0.013433 0.083011 0.054118
vn -0.007379 0.073568 0.067329
vn -0.001034 0.061775 0.078631
vn 0.003171 0.052955 0.084769
vn -0.013608 0.091205 0.038685
vn -0.010069 0.083736 0.053730
vn -0.006294 0.073971 0.066998
vn -0.002298 0.061957 0.078460
vn 0.000375 0.053044 0.084771
vn -0.074052 0.033418 0.058306
vn -0.051101 0.041290 0.075391
vn -0.025473 0.045028 0.085578
vn 0.002188 0.044070 0.089739
vn 0.020209 0.042528 0.088221
vn -0.000067 0.028160 0.095953
vn 0.018804 0.025238 0.094918
vn 0.019179 0.029830 0.093500
vn -0.068115 0.051015 0.052515
vn -0.045091 0.057900 0.067929
vn -0.020678 0.059162 0.077925
vn 0.004219 0.054707 0.083603
vn 0.019581 0.049337 0.084749
vn -0.059610 0.064894 0.047280
vn -0.038451 0.068000 0.062430
vn 0.003134 0.086546 0.050000
vn -0.005792 0.086409 0.050000
vn -0.003344 0.049888 0.086603
vn 0.001810 0.049967 0.086603
vn -0.000000 -0.000000 0.100000
vn -0.000000 -0.000000 0.100000
vn -0.000000 -0.000000 0.100000
vn -0.000000 0.000000 0.100000
vn 0.100000 0.000297 -0.000000
vn 0.097194 0.000490 0.023516
vn 0.099842 0.005627 0.000037
vn 0.080054 0.000754 0.059923
vn 0.091688 0.014336 0.037254
vn 0.050795 0.000894 0.086134
vn 0.077253 0.018083 0.060868
vn 0.055748 0.020491 0.080451
vn 0.075185 0.032103 0.057591
vn 0.053680 0.035988 0.076311
vn 0.051148 0.046955 0.071966
vn 0.026951 0.047737 0.083635
vn 0.025071 0.054420 0.080062
vn -0.000587 0.050921 0.086062
vn 0.023866 0.057887 0.077972
vn -0.001243 0.053894 0.084225
vn 0.022705 0.060743 0.076123
vn -0.001820 0.056282 0.082638
vn 0.021623 0.063034 0.074560
vn -0.002283 0.058129 0.081338
vn -0.002600 0.059472 0.080351
vn -0.022178 0.052084 0.082434
vn -0.002788 0.060425 0.079631
vn -0.021775 0.052762 0.082110
vn -0.002941 0.061230 0.079008
vn -0.021326 0.053311 0.081873
vn -0.003054 0.061905 0.078476
vn -0.020827 0.053750 0.081714
vn -0.003119 0.062456 0.078035
vn -0.020270 0.054085 0.081633
vn -0.003127 0.062890 0.077685
vn -0.019648 0.054319 0.081629
vn -0.003079 0.063224 0.077416
vn -0.018959 0.054470 0.081692
vn -0.003009 0.063512 0.077183
vn -0.018235 0.054587 0.081779
vn -0.017477 0.054678 0.081884
vn -0.046485 0.029511 0.083476
vn -0.044450 0.029456 0.084596
vn -0.068584 0.000057 0.072776
vn -0.062295 0.000074 0.078226
vn 0.014935 0.000895 0.098874
vn 0.030900 0.021162 0.092722
vn 0.029068 0.036919 0.088273
vn 0.001947 0.035042 0.093639
vn 0.000497 0.045020 0.089291
vn -0.021332 0.031313 0.092544
vn -0.022093 0.040081 0.088912
vn -0.065515 0.017900 0.073399
vn -0.064979 0.022815 0.072507
vn -0.093101 0.000018 0.036499
vn -0.092240 0.000038 0.038623
vn 0.003337 0.020186 0.097885
vn -0.024173 0.000758 0.097031
vn -0.020440 0.018094 0.096202
vn -0.059082 0.000509 0.080679
vn -0.065664 0.010388 0.074701
vn -0.074685 0.000340 0.066499
vn -0.094164 0.000019 0.033661
vn -0.094321 0.000000 0.033219
vn -0.093745 -0.000013 0.034811
vn -0.063933 0.025474 0.072551
vn -0.089926 -0.000059 0.043742
vn -0.063113 0.026764 0.072804
vn -0.062176 0.027775 0.073231
vn -0.022552 0.049567 0.083872
vn -0.061098 0.028515 0.073851
vn -0.022444 0.051052 0.083006
vn -0.059862 0.028982 0.074677
vn -0.087001 0.000040 0.049304
vn -0.083378 0.000027 0.055210
vn -0.058480 0.029226 0.075670
vn -0.057020 0.029405 0.076708
vn -0.079104 0.000024 0.061177
vn -0.055480 0.029529 0.077782
vn -0.074180 0.000034 0.067062
vn -0.052140 0.029616 0.080027
vn -0.053856 0.029598 0.078889
vn -0.048445 0.029555 0.082338
vn -0.050330 0.029591 0.081186
vn -0.055294 0.000059 0.083322
vn -0.040148 0.029318 0.086767
vn -0.042338 0.029392 0.085695
vn -0.015855 0.054787 0.082140
vn -0.016684 0.054744 0.082005
vn -0.002674 0.064171 0.076648
vn -0.002808 0.063983 0.076800
vn 0.013153 0.072910 0.067165
vn 0.013841 0.072441 0.067533
vn 0.028355 0.078589 0.054952
vn 0.029805 0.077730 0.055404
vn 0.042751 0.081046 0.040049
vn 0.044882 0.079683 0.040450
vn 0.055021 0.080039 0.023799
vn 0.057632 0.078096 0.024076
vn 0.067307 0.073958 0.000001
vn 0.073756 0.067528 0.000049
vn -0.047578 0.000020 0.087956
vn -0.033102 0.029048 0.089780
vn -0.036715 0.029190 0.088317
vn -0.014988 0.054810 0.082288
vn -0.029310 0.028904 0.091134
vn -0.039185 0.000013 0.092003
vn -0.025361 0.028782 0.092349
vn -0.021271 0.028689 0.093405
vn -0.008927 0.054655 0.083266
vn -0.007234 0.054612 0.083458
vn -0.000964 0.064811 0.076148
vn -0.000468 0.064879 0.076095
vn 0.008612 0.075130 0.065432
vn 0.007665 0.075440 0.065193
vn 0.017881 0.083070 0.052722
vn 0.015542 0.083737 0.052408
vn 0.026762 0.088510 0.038076
vn 0.023097 0.089654 0.037797
vn 0.034650 0.091072 0.022479
vn 0.029842 0.092803 0.022293
vn 0.043673 0.089959 0.000030
vn 0.034471 0.093871 0.000037
vn 0.024810 0.094316 0.022112
vn 0.024476 0.096958 -0.000020
vn 0.019552 0.095584 0.021943
vn 0.014267 0.096539 0.021834
vn 0.011356 0.092147 0.037148
vn 0.008950 0.097190 0.021770
vn 0.007389 0.092594 0.037038
vn 0.005612 0.085506 0.051548
vn 0.003133 0.086504 0.050072
vn 0.003718 0.076328 0.064500
vn 0.001723 0.065159 0.075838
vn 0.001131 0.065088 0.075910
vn -0.001845 0.054569 0.083779
vn 0.000575 0.065018 0.075976
vn -0.003678 0.054564 0.083721
vn 0.000045 0.064948 0.076038
vn -0.005485 0.054581 0.083611
vn -0.030140 0.000048 0.095350
vn -0.017018 0.028609 0.094297
vn -0.012600 0.028537 0.095010
vn -0.008143 0.028502 0.095506
vn 0.000030 0.054595 0.083782
vn 0.001808 0.049936 0.086620
vn -0.020397 0.000030 0.097898
vn -0.010371 0.000012 0.099461
vn -0.003620 0.028496 0.095786
vn 0.014191 0.098988 -0.000019
vn 0.039275 0.089125 0.022676
vn 0.052186 0.085303 -0.000019
vn 0.043771 0.086944 0.022911
vn 0.060097 0.079927 -0.000032
vn 0.048129 0.084530 0.023200
vn 0.052325 0.081901 0.023543
vn 0.037227 0.084139 0.039176
vn 0.040573 0.082338 0.039677
vn 0.024660 0.080493 0.053970
vn 0.026888 0.079392 0.054534
vn 0.011462 0.073904 0.066384
vn 0.012470 0.073337 0.066829
vn -0.002515 0.064329 0.076521
vn 0.079442 0.060737 0.000057
vn 0.062594 0.073979 0.024680
vn 0.060156 0.076075 0.024370
vn 0.084446 0.053562 0.000044
vn 0.067214 0.069572 0.025339
vn 0.064944 0.071813 0.025002
vn 0.050982 0.075182 0.041816
vn 0.048998 0.076751 0.041334
vn 0.034032 0.074813 0.056964
vn 0.032645 0.075844 0.056410
vn 0.015925 0.070766 0.068838
vn 0.015229 0.071371 0.068368
vn 0.088809 0.045968 0.000046
vn 0.073709 0.062097 0.026665
vn 0.071603 0.064714 0.026175
vn 0.069435 0.067207 0.025729
vn 0.056764 0.069848 0.043579
vn 0.054848 0.071764 0.042914
vn 0.038195 0.071123 0.059015
vn 0.036789 0.072490 0.058239
vn 0.018147 0.068409 0.070646
vn 0.017366 0.069323 0.069948
vn 0.092499 0.038000 -0.000036
vn 0.077715 0.056498 0.027720
vn 0.075746 0.059360 0.027183
vn 0.060523 0.065590 0.045109
vn 0.058658 0.067790 0.044315
vn 0.041025 0.067949 0.060826
vn 0.039609 0.069610 0.059879
vn 0.019797 0.066159 0.072326
vn 0.018960 0.067356 0.071440
vn 0.095551 0.029496 0.000070
vn 0.081579 0.049907 0.029227
vn 0.079666 0.053364 0.028385
vn 0.062361 0.063237 0.045958
vn 0.097857 0.020592 0.000028
vn 0.085171 0.042016 0.031315
vn 0.083419 0.046129 0.030222
vn 0.068006 0.053817 0.049788
vn 0.066133 0.057403 0.048285
vn 0.047110 0.057930 0.066519
vn 0.045510 0.061187 0.064692
vn 0.087654 0.035036 0.033004
vn 0.098747 0.015782 0.000000
vn 0.089961 0.025887 0.035170
vn 0.099420 0.010754 0.000048
vn 0.052920 0.073538 0.042328
vn 0.035401 0.073715 0.057558
vn 0.016626 0.070103 0.069349
vn 0.072536 0.042493 0.054156
vn 0.048714 0.054096 0.068560
vn -0.022402 0.045113 0.086389
vn -0.022526 0.047600 0.085011
vn 0.069837 0.049751 0.051455
vn 0.020655 0.064800 0.073310
vn 0.043940 0.063907 0.063128
vn 0.042442 0.066124 0.061857
vn 0.064237 0.060536 0.046999
vn -0.002919 0.063764 0.076978
vn 0.014534 0.071929 0.067934
vn 0.031235 0.076816 0.055890
vn 0.046965 0.078251 0.040879
vn -0.013612 0.054809 0.082527
vn -0.002226 0.064518 0.076371
vn -0.012142 0.054775 0.082779
vn -0.001871 0.064653 0.076266
vn -0.001444 0.064744 0.076198
vn 0.009536 0.074788 0.065695
vn -0.010574 0.054716 0.083032
vn 0.010481 0.074386 0.066007
vn 0.022411 0.081470 0.053483
vn 0.020154 0.082324 0.053072
vn 0.033800 0.085770 0.038744
vn 0.030312 0.087224 0.038382
vn 0.006685 0.075720 0.064976
vn 0.013116 0.084327 0.052124
vn 0.019285 0.090658 0.037540
vn 0.005672 0.075968 0.064782
vn 0.010599 0.084833 0.051875
vn 0.015319 0.091505 0.037311
vn 0.004682 0.076169 0.064625
vn 0.008099 0.085223 0.051685
vn 0.100000 0.000000 0.000000
vn 0.099450 0.000000 0.010475
vn 0.097805 0.000000 0.020835
vn 0.095085 0.000000 0.030965
vn 0.091318 0.000000 0.040755
vn 0.091174 0.000000 0.041076
vn 0.090784 0.000000 0.041933
vn 0.090160 0.000000 0.043258
vn 0.089321 0.000000 0.044964
vn 0.087083 0.000000 0.049159
vn 0.084152 0.000000 0.054023
vn 0.080574 0.000000 0.059227
vn 0.076380 0.000000 0.064545
vn 0.071554 0.000000 0.069858
vn 0.066080 0.000000 0.075056
vn 0.059953 0.000000 0.080035
vn 0.053169 0.000000 0.084694
vn 0.045725 0.000000 0.088934
vn 0.037620 0.000000 0.092654
vn 0.028894 -0.000000 0.095735
vn 0.019632 -0.000000 0.098054
vn 0.009945 -0.000000 0.099504
vn 0.000000 -0.000000 0.100000
vn -0.000000 -0.000000 0.100000
vn -0.094166 -0.000000 0.033658
vn -0.094321 -0.000000 0.033219
vn -0.097463 -0.000000 0.022384
vn -0.099364 -0.000000 0.011264
vn -0.100000 -0.000000 -0.000000
vn -0.093750 -0.000000 0.034798
vn -0.093098 -0.000000 0.036507
vn -0.092232 -0.000000 0.038644
vn -0.089955 -0.000000 0.043682
vn -0.086998 -0.000000 0.049309
vn -0.083384 -0.000000 0.055201
vn -0.079130 -0.000000 0.061143
vn -0.074212 -0.000000 0.067027
vn -0.068610 -0.000000 0.072751
vn -0.062314 -0.000000 0.078211
vn -0.055318 -0.000000 0.083306
vn -0.047615 -0.000000 0.087937
vn -0.039199 -0.000000 0.091997
vn -0.030115 -0.000000 0.095358
vn -0.020458 -0.000000 0.097885
vn -0.010357 -0.000000 0.099462
vn -0.000000 0.099422 -0.010736
vn -0.000000 0.099507 -0.009919
vn -0.000000 0.099507 -0.009919
vn -0.000000 0.099711 -0.007592
vn -0.000000 0.099711 -0.007592
vn -0.000000 0.099915 -0.004110
vn -0.000000 0.099915 -0.004110
vn -0.000000 0.099936 -0.003579
vn -0.000000 0.099945 -0.003306
vn -0.000000 0.099968 -0.002531
vn -0.000000 0.099991 -0.001370
vn -0.000000 0.100000 -0.000000
vn -0.000000 0.100000 -0.000000
vn -0.000000 0.099991 0.001370
vn -0.000000 0.099968 0.002531
vn -0.000000 0.099915 0.004110
vn -0.000000 0.099945 0.003306
vn -0.000000 0.099936 0.003579
vn -0.000000 0.099915 0.004110
vn -0.000000 0.099945 0.003306
vn -0.000000 0.099968 0.002531
vn -0.000000 0.100000 -0.000000
vn -0.000000 0.099991 0.001370
vn -0.000000 0.100000 -0.000000
vn -0.000000 0.099991 -0.001370
vn -0.000000 0.099968 -0.002531
vn -0.000000 0.099945 -0.003306
vn -0.000000 0.099711 0.007592
vn -0.000000 0.099711 0.007592
vn -0.000000 0.099507 0.009919
vn -0.000000 0.099507 0.009919
vn -0.000000 0.099422 0.010736
vn -0.100000 -0.000000 -0.000000
vn -0.100000 -0.000000 -0.000000
vn -0.100000 -0.000000 -0.000000
vn -0.100000 -0.000000 -0.000000
vn -0.100000 -0.000000 -0.000000
vn -0.100000 -0.000000 -0.000000
vn -0.100000 -0.000000 -0.000000
vn -0.100000 -0.000000 -0.000000
vn -0.100000 -0.000000 -0.000000
vn -0.100000 -0.000000 -0.000000
vn -0.100000 -0.000000 -0.000000
vn -0.100000 -0.000000 -0.000000
vn -0.100000 -0.000000 -0.000000
vn -0.100000 -0.000000 -0.000000
vn -0.100000 -0.000000 -0.000000
vn -0.100000 -0.000000 -0.000000
vn -0.100000 -0.000000 -0.000000
vn -0.100000 -0.000000 -0.000000
vn -0.100000 -0.000000 -0.000000
vn -0.100000 -0.000000 -0.000000
vn -0.100000 -0.000000 -0.000000
vn -0.100000 -0.000000 -0.000000
vn -0.100000 -0.000000 -0.000000
vn -0.100000 -0.000000 -0.000000
vn -0.100000 -0.000000 -0.000000
vn -0.100000 -0.000000 -0.000000
vn -0.100000 -0.000000 -0.000000
vn -0.100000 -0.000000 -0.000000
vn -0.100000 -0.000000 -0.000000
vn -0.100000 -0.000000 -0.000000
vn -0.100000 -0.000000 -0.000000
vn -0.100000 -0.000000 -0.000000
vn -0.100000 -0.000000 -0.000000
vn -0.100000 -0.000000 -0.000000
vn -0.100000 -0.000000 -0.000000
vn -0.100000 -0.000000 -0.000000
vn -0.100000 -0.000000 -0.000000
vn -0.100000 -0.000000 -0.000000
vn -0.100000 -0.000000 -0.000000
vn -0.050000 -0.000000 -0.086603
vn -0.050000 -0.000000 -0.086603
vn 0.000000 -0.000000 -0.100000
vn 0.000000 -0.000000 -0.100000
vn 0.050000 -0.000000 -0.086603
vn 0.050000 -0.000000 -0.086603
vn 0.086603 0.000000 -0.050000
vn 0.086603 0.000000 -0.050000
vn 0.100000 0.000000 -0.000000
vn 0.100000 0.000000 0.000000
vn 0.092387 0.000000 0.038271
vn -0.086603 -0.000000 -0.050000
vn -0.086603 -0.000000 -0.050000
vn -0.100000 -0.000000 0.000000
vn -0.100000 -0.000000 -0.000000
vn -0.092387 -0.000000 0.038271
vn -0.086603 -0.000000 0.050000
vn -0.070711 0.000000 0.070711
vn -0.050000 0.000000 0.086603
vn -0.038271 0.000000 0.092387
vn -0.000000 0.000000 0.100000
vn -0.000000 0.000000 0.100000
vn 0.038271 0.000000 0.092387
vn 0.050000 0.000000 0.086603
vn 0.070711 0.000000 0.070711
vn 0.086603 0.000000 0.050000
vn 0.000000 -0.000253 -0.100000
vn 0.000000 -0.000253 -0.100000
vn 0.000000 -0.012286 -0.099242
vn 0.000000 -0.012286 -0.099242
vn 0.000000 -0.024140 -0.097043
vn 0.000000 -0.024140 -0.097043
vn 0.000000 -0.035643 -0.093432
vn 0.000000 -0.035643 -0.093432
vn 0.000000 -0.046628 -0.088464
vn 0.000000 -0.046628 -0.088464
vn 0.000000 -0.056935 -0.082210
vn 0.000000 -0.056935 -0.082210
vn 0.000000 -0.066414 -0.074761
vn 0.000000 -0.066414 -0.074761
vn 0.000000 -0.074929 -0.066225
vn 0.000000 -0.074929 -0.066225
vn 0.000000 -0.082354 -0.056726
vn 0.000000 -0.082354 -0.056726
vn 0.000000 -0.088582 -0.046403
vn 0.000000 -0.088582 -0.046403
vn 0.000000 -0.093522 -0.035406
vn 0.000000 -0.093522 -0.035406
vn 0.000000 -0.097103 -0.023894
vn 0.000000 -0.097103 -0.023894
vn 0.000000 -0.099273 -0.012034
vn 0.000000 -0.099273 -0.012034
vn 0.000000 -0.099872 -0.005065
vn 0.000000 -0.100000 -0.000000
vn 0.000000 -0.099890 -0.004680
vn 0.000000 -0.099936 -0.003582
vn 0.000000 -0.099981 -0.001939
vn 0.000000 -0.100000 0.000000
vn 0.000000 -0.100000 -0.000000
vn 0.000000 -0.099890 -0.004680
vn 0.000000 -0.099936 -0.003582
vn 0.000000 -0.099981 -0.001939
vn 0.000000 -0.100000 0.000000
vn -0.050000 -0.000000 0.086603
vn -0.050000 -0.000000 0.086603
vn -0.000000 -0.000000 0.100000
vn -0.000000 -0.000000 0.100000
vn 0.050000 -0.000000 0.086603
vn 0.050000 -0.000000 0.086603
vn 0.086603 0.000000 0.050000
vn 0.086603 0.000000 0.050000
vn 0.100000 0.000000 -0.000000
vn 0.100000 0.000000 0.000000
vn 0.086603 0.000000 -0.050000
vn 0.086603 0.000000 -0.050000
vn 0.050000 0.000000 -0.086603
vn 0.050000 0.000000 -0.086603
vn 0.000000 0.000000 -0.100000
vn 0.000000 0.000000 -0.100000
vn -0.050000 0.000000 -0.086603
vn -0.050000 0.000000 -0.086603
vn -0.086603 -0.000000 -0.050000
vn -0.086603 -0.000000 -0.050000
vn -0.100000 -0.000000 -0.000000
vn -0.100000 -0.000000 0.000000
vn -0.086603 -0.000000 0.050000
vn -0.086603 -0.000000 0.050000
vn 0.035355 -0.070711 -0.061237
vn 0.035355 -0.070711 -0.061237
vn 0.000000 -0.070711 -0.070711
vn 0.000000 -0.070711 -0.070711
vn -0.035355 -0.070711 -0.061237
vn -0.035355 -0.070711 -0.061237
vn -0.061237 -0.070711 -0.035355
vn -0.061237 -0.070711 -0.035355
vn -0.070711 -0.070711 0.000000
vn -0.070711 -0.070711 0.000000
vn -0.061237 -0.070711 0.035355
vn -0.061237 -0.070711 0.035355
vn -0.035355 -0.070711 0.061237
vn -0.035355 -0.070711 0.061237
vn 0.000000 -0.070711 0.070711
vn 0.000000 -0.070711 0.070711
vn 0.035355 -0.070711 0.061237
vn 0.035355 -0.070711 0.061237
vn 0.061237 -0.070711 0.035355
vn 0.061237 -0.070711 0.035355
vn 0.070711 -0.070711 0.000000
vn 0.070711 -0.070711 0.000000
vn 0.061237 -0.070711 -0.035355
vn 0.061237 -0.070711 -0.035355
vn -0.006652 0.000000 0.099779
vn -0.000000 0.000000 0.100000
vn -0.000000 0.000000 0.100000
vn 0.006652 0.000000 0.099779
vn 0.038282 0.000000 0.092382
vn 0.040555 0.000000 0.091407
vn 0.070711 0.000000 0.070711
vn 0.069513 0.000000 0.071889
vn 0.089993 0.000000 0.043603
vn 0.092382 0.000000 0.038282
vn 0.099499 0.000000 0.010000
vn 0.099499 0.000000 0.010000
vn 0.100000 0.000000 0.000000
vn 0.099944 0.000000 0.003338
vn 0.099944 0.000000 -0.003338
vn 0.099499 0.000000 -0.010000
vn 0.092382 0.000000 -0.038282
vn 0.089879 0.000000 -0.043837
vn 0.070711 -0.000000 -0.070711
vn 0.069540 -0.000000 -0.071862
vn 0.040687 -0.000000 -0.091348
vn 0.099499 0.000000 -0.010000
vn 0.038282 -0.000000 -0.092382
vn 0.006652 -0.000000 -0.099779
vn 0.000000 -0.000000 -0.100000
vn 0.000000 -0.000000 -0.100000
vn -0.006652 -0.000000 -0.099779
vn -0.038282 -0.000000 -0.092382
vn -0.040687 -0.000000 -0.091348
vn -0.070711 -0.000000 -0.070711
vn -0.069540 -0.000000 -0.071862
vn -0.089879 -0.000000 -0.043837
vn -0.092382 -0.000000 -0.038282
vn -0.099499 -0.000000 -0.010000
vn -0.099499 -0.000000 -0.010000
vn -0.100000 -0.000000 -0.000000
vn -0.099944 -0.000000 -0.003338
vn -0.099944 -0.000000 0.003338
vn -0.099499 -0.000000 0.010000
vn -0.092382 -0.000000 0.038282
vn -0.089993 -0.000000 0.043603
vn -0.070711 0.000000 0.070711
vn -0.069513 0.000000 0.071889
vn -0.040555 0.000000 0.091407
vn -0.099499 -0.000000 0.010000
vn -0.038282 0.000000 0.092382
vn 0.050000 -0.000000 -0.086603
vn 0.038270 -0.000000 -0.092387
vn 0.000000 -0.000000 -0.100000
vn 0.000000 -0.000000 -0.100000
vn -0.038270 -0.000000 -0.092387
vn 0.070711 -0.000000 -0.070711
vn 0.086603 0.000000 -0.050000
vn 0.092387 0.000000 -0.038270
vn 0.100000 0.000000 0.000000
vn 0.100000 0.000000 0.000000
vn 0.092387 0.000000 0.038270
vn 0.086603 0.000000 0.050000
vn 0.070711 0.000000 0.070711
vn 0.050000 0.000000 0.086603
vn 0.038270 0.000000 0.092387
vn -0.000000 0.000000 0.100000
vn -0.000000 0.000000 0.100000
vn -0.038270 0.000000 0.092387
vn -0.050000 0.000000 0.086603
vn -0.070711 0.000000 0.070711
vn -0.086603 -0.000000 0.050000
vn -0.092387 -0.000000 0.038270
vn -0.100000 -0.000000 0.000000
vn -0.100000 -0.000000 -0.000000
vn -0.092387 -0.000000 -0.038270
vn -0.086603 -0.000000 -0.050000
vn -0.070711 -0.000000 -0.070711
vn -0.050000 -0.000000 -0.086603
vn 0.035355 -0.070711 0.061237
vn 0.035355 -0.070711 0.061237
vn 0.000000 -0.070711 0.070711
vn 0.000000 -0.070711 0.070711
vn -0.035355 -0.070711 0.061237
vn -0.035355 -0.070711 0.061237
vn -0.061237 -0.070711 0.035355
vn -0.061237 -0.070711 0.035355
vn -0.070711 -0.070711 -0.000000
vn -0.070711 -0.070711 -0.000000
vn -0.061237 -0.070711 -0.035355
vn -0.061237 -0.070711 -0.035355
vn -0.035355 -0.070711 -0.061237
vn -0.035355 -0.070711 -0.061237
vn 0.000000 -0.070711 -0.070711
vn 0.000000 -0.070711 -0.070711
vn 0.035355 -0.070711 -0.061237
vn 0.035355 -0.070711 -0.061237
vn 0.061237 -0.070711 -0.035355
vn 0.061237 -0.070711 -0.035355
vn 0.070711 -0.070711 -0.000000
vn 0.070711 -0.070711 -0.000000
vn 0.061237 -0.070711 0.035355
vn 0.061237 -0.070711 0.035355
vn 0.050000 -0.000000 0.086603
vn 0.050000 -0.000000 0.086603
vn -0.000000 -0.000000 0.100000
vn -0.000000 -0.000000 0.100000
vn -0.050000 -0.000000 0.086603
vn -0.050000 -0.000000 0.086603
vn -0.086603 -0.000000 0.050000
vn -0.086603 -0.000000 0.050000
vn -0.100000 -0.000000 0.000000
vn -0.100000 -0.000000 -0.000000
vn -0.086603 -0.000000 -0.050000
vn -0.086603 -0.000000 -0.050000
vn -0.050000 0.000000 -0.086603
vn -0.050000 0.000000 -0.086603
vn 0.000000 0.000000 -0.100000
vn 0.000000 0.000000 -0.100000
vn 0.050000 0.000000 -0.086603
vn 0.050000 0.000000 -0.086603
vn 0.086603 0.000000 -0.050000
vn 0.086603 0.000000 -0.050000
vn 0.100000 0.000000 0.000000
vn 0.100000 0.000000 -0.000000
vn 0.086603 0.000000 0.050000
vn 0.086603 0.000000 0.050000
vn -0.000000 0.100000 0.000000
vn -0.000000 0.100000 0.000000
vn -0.000000 0.100000 0.000000
vn -0.000000 0.100000 0.000000
vn -0.000000 0.100000 0.000000
vn -0.000000 0.100000 0.000000
vn -0.000000 0.100000 0.000000
vn -0.000000 0.100000 0.000000
vn -0.000000 0.100000 0.000000
vn -0.000000 0.100000 0.000000
vn -0.000000 0.100000 0.000000
vn -0.000000 0.100000 0.000000
vn -0.000000 0.100000 0.000000
vn -0.000000 0.100000 0.000000
vn -0.000000 0.100000 0.000000
vn -0.000000 0.100000 0.000000
vn -0.000000 0.100000 0.000000
vn -0.000000 0.100000 0.000000
vn -0.000000 0.100000 0.000000
vn -0.000000 0.100000 0.000000
vn -0.000000 0.100000 0.000000
vn -0.000000 0.100000 0.000000
vn -0.000000 0.100000 0.000000
vn -0.000000 0.100000 0.000000
vn -0.000000 0.100000 0.000000
vn -0.000000 0.100000 0.000000
vn 0.000000 0.000000 -0.100000
vn -0.010292 0.000000 -0.099469
vn 0.000000 0.000000 -0.100000
vn -0.013053 0.000000 -0.099144
vn -0.020235 0.000000 -0.097931
vn -0.025882 0.000000 -0.096593
vn -0.029911 0.000000 -0.095422
vn -0.038268 -0.000000 -0.092388
vn -0.039137 -0.000000 -0.092023
vn -0.047757 -0.000000 -0.087859
vn -0.050000 -0.000000 -0.086603
vn -0.055654 -0.000000 -0.083082
vn -0.060876 -0.000000 -0.079335
vn -0.062738 -0.000000 -0.077872
vn -0.070711 -0.000000 -0.070711
vn -0.068947 -0.000000 -0.072432
vn -0.074341 -0.000000 -0.066884
vn -0.079335 -0.000000 -0.060876
vn -0.079175 -0.000000 -0.061084
vn -0.083378 -0.000000 -0.055210
vn -0.086603 -0.000000 -0.050000
vn -0.086878 -0.000000 -0.049519
vn -0.089639 -0.000000 -0.044326
vn -0.092388 -0.000000 -0.038268
vn -0.091632 -0.000000 -0.040045
vn -0.092334 -0.000000 -0.038399
vn -0.092826 -0.000000 -0.037193
vn -0.096593 -0.000000 -0.025882
vn -0.093094 -0.000000 -0.036518
vn -0.093117 -0.000000 -0.036460
vn -0.096921 -0.000000 -0.024624
vn -0.099144 -0.000000 -0.013053
vn -0.099227 -0.000000 -0.012408
vn 0.100000 0.000000 0.000000
vn 0.100000 0.000000 0.000000
vn 0.100000 0.000000 0.000000
vn 0.100000 0.000000 0.000000
vn 0.100000 0.000000 0.000000
vn 0.100000 0.000000 0.000000
vn 0.100000 0.000000 0.000000
vn 0.100000 0.000000 0.000000
vn 0.100000 0.000000 0.000000
vn 0.100000 0.000000 0.000000
vn 0.100000 0.000000 0.000000
vn 0.100000 0.000000 0.000000
vn 0.100000 0.000000 0.000000
vn 0.100000 0.000000 0.000000
vn 0.100000 0.000000 0.000000
vn 0.053000 0.084800 0.000000
vn 0.053000 0.084800 0.000000
vn 0.053000 0.084800 0.000000
vn 0.053000 0.084800 0.000000
vn 0.053000 0.084800 0.000000
vn 0.053000 0.084800 0.000000
vn 0.053000 0.084800 0.000000
vn 0.053000 0.084800 0.000000
vn 0.006918 0.084800 -0.052546
vn 0.007543 0.084800 -0.052460
vn 0.013717 0.084800 -0.051194
vn 0.014932 0.084800 -0.050853
vn 0.020282 0.084800 -0.048966
vn 0.022017 0.084800 -0.048210
vn 0.026500 0.084800 -0.045899
vn 0.028654 0.084800 -0.044586
vn 0.032264 0.084800 -0.042048
vn 0.034708 0.084800 -0.040055
vn 0.037477 0.084800 -0.037477
vn 0.040055 0.084800 -0.034708
vn 0.042048 0.084800 -0.032264
vn 0.044586 0.084800 -0.028654
vn 0.045899 0.084800 -0.026500
vn 0.048210 0.084800 -0.022017
vn 0.048966 0.084800 -0.020282
vn 0.050853 0.084800 -0.014932
vn 0.051194 0.084800 -0.013717
vn 0.052460 0.084800 -0.007543
vn 0.052546 0.084800 -0.006918
vn -0.052546 0.084800 -0.006918
vn -0.052460 0.084800 -0.007543
vn -0.051194 0.084800 -0.013717
vn -0.050853 0.084800 -0.014932
vn -0.048966 0.084800 -0.020282
vn -0.048210 0.084800 -0.022017
vn -0.045899 0.084800 -0.026500
vn -0.044586 0.084800 -0.028654
vn -0.042048 0.084800 -0.032264
vn -0.040055 0.084800 -0.034708
vn -0.037477 0.084800 -0.037477
vn -0.034708 0.084800 -0.040055
vn -0.032264 0.084800 -0.042048
vn -0.028654 0.084800 -0.044586
vn -0.026500 0.084800 -0.045899
vn -0.022017 0.084800 -0.048210
vn -0.020282 0.084800 -0.048966
vn -0.014932 0.084800 -0.050853
vn -0.013717 0.084800 -0.051194
vn -0.007543 0.084800 -0.052460
vn -0.006918 0.084800 -0.052546
vn -0.053000 0.084798 0.000482
vn -0.053000 0.084797 0.000723
vn -0.053000 0.084055 0.011214
vn -0.053000 0.084090 0.010950
vn -0.053000 0.082140 0.021073
vn -0.053000 0.081834 0.022231
vn -0.053000 0.078976 0.030883
vn -0.053000 0.078176 0.032857
vn -0.053000 0.074645 0.040238
vn -0.053000 0.073144 0.042906
vn -0.053000 0.069211 0.048998
vn -0.053000 0.066828 0.052202
vn -0.053000 0.062755 0.057034
vn -0.053000 0.059338 0.060581
vn -0.053000 0.055371 0.064227
vn -0.053000 0.050805 0.067896
vn -0.053000 0.047169 0.070471
vn -0.053000 0.041381 0.074018
vn -0.053000 0.038269 0.075673
vn -0.053000 0.031229 0.078840
vn -0.053000 0.028805 0.079758
vn -0.053000 0.020529 0.082277
vn -0.053000 0.018914 0.082664
vn -0.053000 0.009469 0.084270
vn -0.053000 0.008744 0.084348
vn -0.053000 -0.001653 0.084784
vn -0.053000 -0.001555 0.084786
vn -0.053000 0.084799 0.000241
vn -0.053000 -0.001758 0.084782
vn -0.053000 0.084797 0.000666
vn 0.098309 0.000000 -0.018313
vn 0.096209 0.000000 -0.027275
vn 0.096593 0.000000 -0.025882
vn 0.096179 0.000000 -0.027378
vn 0.095897 0.000000 -0.028352
vn 0.095403 0.000000 -0.029970
vn 0.094719 0.000000 -0.032066
vn 0.092388 0.000000 -0.038268
vn 0.092809 0.000000 -0.037236
vn 0.090155 0.000000 -0.043268
vn 0.086603 0.000000 -0.050000
vn 0.086741 0.000000 -0.049759
vn 0.082576 0.000000 -0.056403
vn 0.079335 0.000000 -0.060876
vn 0.077696 0.000000 -0.062955
vn 0.072173 0.000000 -0.069218
vn 0.070711 0.000000 -0.070711
vn 0.065849 0.000000 -0.075259
vn 0.060876 0.000000 -0.079335
vn 0.058556 0.000000 -0.081063
vn 0.050000 0.000000 -0.086603
vn 0.050352 0.000000 -0.086399
vn 0.041333 0.000000 -0.091058
vn 0.038268 0.000000 -0.092388
vn 0.031622 0.000000 -0.094868
vn 0.025882 0.000000 -0.096593
vn 0.021386 0.000000 -0.097686
vn 0.013053 0.000000 -0.099144
vn 0.010827 0.000000 -0.099412
vn 0.000000 0.000000 -0.100000
vn 0.000000 0.000000 -0.100000
vn 0.099144 0.000000 -0.013053
vn 0.099576 0.000000 -0.009195
vn 0.000000 0.000000 -0.100000
vn 0.000000 0.000000 -0.100000
vn 0.000000 -0.100000 -0.000000
vn 0.000000 -0.100000 -0.000000
vn 0.000000 -0.100000 -0.000000
vn 0.000000 -0.100000 -0.000000
vn 0.000000 -0.100000 -0.000000
vn 0.000000 -0.100000 -0.000000
vn 0.000000 -0.100000 -0.000000
vn 0.000000 -0.100000 -0.000000
vn 0.000000 -0.100000 -0.000000
vn 0.000000 -0.100000 -0.000000
vn 0.000000 -0.100000 -0.000000
vn 0.000000 -0.100000 -0.000000
vn 0.000000 -0.100000 -0.000000
vn 0.000000 -0.100000 -0.000000
vn 0.000000 -0.100000 -0.000000
vn 0.000000 -0.100000 -0.000000
vn 0.000000 -0.100000 -0.000000
vn 0.000000 -0.100000 -0.000000
vn 0.000000 -0.100000 -0.000000
vn 0.000000 -0.100000 -0.000000
vn 0.000000 -0.100000 -0.000000
vn 0.000000 -0.100000 -0.000000
vn 0.000000 -0.100000 -0.000000
vn 0.000000 -0.100000 -0.000000
vn 0.000000 -0.100000 -0.000000
vn 0.000000 -0.100000 -0.000000
vn 0.000000 -0.100000 -0.000000
vn 0.000000 -0.100000 -0.000000
vn 0.000000 -0.100000 -0.000000
vn 0.000000 -0.100000 -0.000000
vn 0.000000 -0.100000 -0.000000
vn 0.000000 -0.100000 -0.000000
vn 0.000000 -0.100000 -0.000000
vn 0.000000 -0.100000 -0.000000
vn 0.000000 -0.100000 -0.000000
vn 0.000000 -0.100000 -0.000000
vn 0.000000 -0.100000 -0.000000
vn 0.000000 -0.100000 -0.000000
vn 0.000000 -0.100000 -0.000000
vn 0.000000 -0.100000 -0.000000
vn 0.000000 -0.100000 -0.000000
vn -0.100000 -0.000000 -0.000000
vn -0.100000 -0.000000 -0.000000
vn 0.100000 0.000000 0.000000
vn 0.100000 0.000000 0.000000
vn 0.100000 0.000000 0.000000
vn 0.100000 0.000000 0.000000
vn 0.100000 0.000000 0.000000
vn 0.100000 0.000000 0.000000
vn 0.100000 0.000000 0.000000
vn 0.100000 0.000000 0.000000
vn 0.100000 0.000000 0.000000
vn 0.100000 0.000000 0.000000
vn 0.100000 0.000000 0.000000
vn 0.100000 0.000000 0.000000
vn 0.100000 0.000000 0.000000
vn 0.100000 0.000000 0.000000
vn 0.100000 0.000000 0.000000
vn 0.100000 0.000000 0.000000
vn 0.100000 0.000000 0.000000
vn 0.100000 0.000000 0.000000
vn 0.100000 0.000000 0.000000
vn 0.100000 0.000000 0.000000
vn 0.100000 0.000000 0.000000
vn 0.100000 0.000000 0.000000
vn 0.100000 0.000000 0.000000
vn 0.100000 0.000000 0.000000
vn 0.100000 0.000000 0.000000
vn 0.100000 0.000000 0.000000
vn 0.100000 0.000000 0.000000
vn 0.100000 0.000000 0.000000
vn 0.100000 0.000000 0.000000
vn 0.100000 0.000000 0.000000
vn 0.100000 0.000000 0.000000
vn 0.100000 0.000000 0.000000
vn 0.100000 0.000000 0.000000
vn 0.100000 0.000000 0.000000
vn 0.100000 0.000000 0.000000
vn 0.100000 0.000000 0.000000
f 1357/2333/2162 1358/2334/2163 1360/2335/2164
f 1360/2335/2164 1358/2334/2163 1359/2336/2165
f 1361/2337/2166 1362/2338/2167 1364/2339/2168
f 1364/2339/2168 1362/2338/2167 1363/2340/2169
f 1360/2341/2170 1365/2342/2171 1357/2343/2172
f 1357/2343/2172 1365/2342/2171 1361/2344/2173
f 1357/2343/2172 1361/2344/2173 1364/2345/2174
f 1358/2346/2163 1357/2347/2162 1363/2348/2175
f 1363/2348/2175 1357/2347/2162 1364/2349/2176
f 1365/2350/2177 1360/2351/2178 1366/2352/2179
f 1366/2352/2179 1360/2351/2178 1359/2353/2180
f 1362/2354/2181 1361/2355/2182 1370/2356/2183
f 1370/2356/2183 1361/2355/2182 1369/2357/2184
f 1369/2357/2184 1361/2355/2182 1368/2358/2185
f 1368/2358/2185 1361/2355/2182 1365/2359/2186
f 1368/2358/2185 1365/2359/2186 1367/2360/2187
f 1367/2360/2187 1365/2359/2186 1366/2361/2188
f 1366/2362/2189 1359/2363/2190 1367/2364/2191
f 1367/2364/2191 1359/2363/2190 1372/2365/2192
f 1367/2364/2191 1372/2365/2192 1387/2366/2193
f 1387/2366/2193 1372/2365/2192 1386/2367/2194
f 1386/2367/2194 1372/2365/2192 1373/2368/2195
f 1386/2367/2194 1373/2368/2195 1385/2369/2196
f 1385/2369/2196 1373/2368/2195 1384/2370/2197
f 1384/2370/2197 1373/2368/2195 1374/2371/2198
f 1384/2370/2197 1374/2371/2198 1383/2372/2199
f 1383/2372/2199 1374/2371/2198 1382/2373/2200
f 1382/2373/2200 1374/2371/2198 1377/2374/2201
f 1382/2373/2200 1377/2374/2201 1381/2375/2202
f 1381/2375/2202 1377/2374/2201 1380/2376/2203
f 1380/2376/2203 1377/2374/2201 1379/2377/2204
f 1379/2377/2204 1377/2374/2201 1378/2378/2205
f 1358/2379/2206 1371/2380/2207 1359/2363/2190
f 1359/2363/2190 1371/2380/2207 1372/2365/2192
f 1374/2371/2198 1375/2381/2208 1377/2374/2201
f 1377/2374/2201 1375/2381/2208 1376/2382/2209
f 1388/2383/2210 1389/2384/2211 1391/2385/2212
f 1391/2385/2212 1389/2384/2211 1390/2386/2213
f 1414/2387/2214 1392/2388/2215 1413/2389/2216
f 1413/2389/2216 1392/2388/2215 1393/2390/2217
f 1413/2389/2216 1393/2390/2217 1412/2391/2218
f 1412/2391/2218 1393/2390/2217 1394/2392/2219
f 1412/2391/2218 1394/2392/2219 1411/2393/2220
f 1411/2393/2220 1394/2392/2219 1395/2394/2221
f 1411/2393/2220 1395/2394/2221 1410/2395/2222
f 1410/2395/2222 1395/2394/2221 1396/2396/2223
f 1410/2395/2222 1396/2396/2223 1409/2397/2224
f 1409/2397/2224 1396/2396/2223 1397/2398/2225
f 1409/2397/2224 1397/2398/2225 1408/2399/2226
f 1408/2399/2226 1397/2398/2225 1398/2400/2227
f 1408/2399/2226 1398/2400/2227 1407/2401/2228
f 1407/2401/2228 1398/2400/2227 1399/2402/2229
f 1407/2401/2228 1399/2402/2229 1406/2403/2230
f 1406/2403/2230 1399/2402/2229 1400/2404/2231
f 1406/2403/2230 1400/2404/2231 1405/2405/2232
f 1405/2405/2232 1400/2404/2231 1401/2406/2233
f 1405/2405/2232 1401/2406/2233 1404/2407/2234
f 1404/2407/2234 1401/2406/2233 1402/2408/2235
f 1404/2407/2234 1402/2408/2235 1403/2409/2236
f 1403/2409/2236 1402/2408/2235 1391/2410/2237
f 1403/2409/2236 1391/2410/2237 1390/2411/2238
f 1392/2412/2239 1414/2413/2240 1415/2414/2241
f 1415/2414/2241 1414/2413/2240 1416/2415/2242
f 1389/2416/2211 1388/2417/2210 1418/2418/2243
f 1418/2418/2243 1388/2417/2210 1417/2419/2244
f 1391/2420/2245 1402/2421/2246 1388/2422/2247
f 1388/2422/2247 1402/2421/2246 1428/2423/2248
f 1388/2422/2247 1428/2423/2248 1417/2424/2249
f 1428/2423/2248 1402/2421/2246 1427/2425/2250
f 1427/2425/2250 1402/2421/2246 1401/2426/2251
f 1427/2425/2250 1401/2426/2251 1426/2427/2252
f 1426/2427/2252 1401/2426/2251 1400/2428/2253
f 1426/2427/2252 1400/2428/2253 1425/2429/2254
f 1425/2429/2254 1400/2428/2253 1399/2430/2255
f 1425/2429/2254 1399/2430/2255 1424/2431/2256
f 1424/2431/2256 1399/2430/2255 1398/2432/2257
f 1424/2431/2256 1398/2432/2257 1423/2433/2258
f 1423/2433/2258 1398/2432/2257 1397/2434/2259
f 1423/2433/2258 1397/2434/2259 1422/2435/2260
f 1422/2435/2260 1397/2434/2259 1396/2436/2261
f 1422/2435/2260 1396/2436/2261 1421/2437/2262
f 1421/2437/2262 1396/2436/2261 1395/2438/2263
f 1421/2437/2262 1395/2438/2263 1420/2439/2264
f 1420/2439/2264 1395/2438/2263 1394/2440/2265
f 1420/2439/2264 1394/2440/2265 1419/2441/2266
f 1419/2441/2266 1394/2440/2265 1393/2442/2267
f 1419/2441/2266 1393/2442/2267 1415/2443/2268
f 1415/2443/2268 1393/2442/2267 1392/2444/2269
f 1418/2445/2270 1417/2446/2271 1439/2447/2272
f 1439/2447/2272 1417/2446/2271 1428/2448/2273
f 1439/2447/2272 1428/2448/2273 1438/2449/2274
f 1438/2449/2274 1428/2448/2273 1427/2450/2275
f 1438/2449/2274 1427/2450/2275 1437/2451/2276
f 1437/2451/2276 1427/2450/2275 1426/2452/2277
f 1437/2451/2276 1426/2452/2277 1436/2453/2278
f 1436/2453/2278 1426/2452/2277 1425/2454/2279
f 1436/2453/2278 1425/2454/2279 1435/2455/2280
f 1435/2455/2280 1425/2454/2279 1424/2456/2281
f 1435/2455/2280 1424/2456/2281 1434/2457/2282
f 1434/2457/2282 1424/2456/2281 1423/2458/2283
f 1434/2457/2282 1423/2458/2283 1433/2459/2284
f 1433/2459/2284 1423/2458/2283 1422/2460/2285
f 1433/2459/2284 1422/2460/2285 1432/2461/2286
f 1432/2461/2286 1422/2460/2285 1421/2462/2287
f 1432/2461/2286 1421/2462/2287 1431/2463/2288
f 1431/2463/2288 1421/2462/2287 1420/2464/2289
f 1431/2463/2288 1420/2464/2289 1430/2465/2290
f 1430/2465/2290 1420/2464/2289 1419/2466/2291
f 1430/2465/2290 1419/2466/2291 1429/2467/2292
f 1429/2467/2292 1419/2466/2291 1415/2468/2293
f 1429/2467/2292 1415/2468/2293 1416/2469/2294
f 1440/2470/2295 1441/2471/2296 1477/2472/2297
f 1477/2472/2297 1441/2471/2296 1476/2473/2298
f 1476/2473/2298 1441/2471/2296 1475/2474/2299
f 1475/2474/2299 1441/2471/2296 1442/2475/2300
f 1475/2474/2299 1442/2475/2300 1390/2476/2301
f 1390/2476/2301 1442/2475/2300 1403/2477/2302
f 1403/2477/2302 1442/2475/2300 1443/2478/2303
f 1403/2477/2302 1443/2478/2303 1404/2479/2304
f 1404/2479/2304 1443/2478/2303 1444/2480/2305
f 1404/2479/2304 1444/2480/2305 1405/2481/2306
f 1405/2481/2306 1444/2480/2305 1445/2482/2307
f 1405/2481/2306 1445/2482/2307 1406/2483/2308
f 1406/2483/2308 1445/2482/2307 1446/2484/2309
f 1406/2483/2308 1446/2484/2309 1407/2485/2310
f 1407/2485/2310 1446/2484/2309 1447/2486/2311
f 1407/2485/2310 1447/2486/2311 1408/2487/2312
f 1408/2487/2312 1447/2486/2311 1448/2488/2313
f 1408/2487/2312 1448/2488/2313 1409/2489/2314
f 1409/2489/2314 1448/2488/2313 1449/2490/2315
f 1409/2489/2314 1449/2490/2315 1410/2491/2316
f 1410/2491/2316 1449/2490/2315 1450/2492/2317
f 1410/2491/2316 1450/2492/2317 1411/2493/2318
f 1411/2493/2318 1450/2492/2317 1451/2494/2319
f 1411/2493/2318 1451/2494/2319 1412/2495/2320
f 1412/2495/2320 1451/2494/2319 1452/2496/2321
f 1412/2495/2320 1452/2496/2321 1413/2497/2322
f 1413/2497/2322 1452/2496/2321 1453/2498/2323
f 1413/2497/2322 1453/2498/2323 1414/2499/2324
f 1414/2499/2324 1453/2498/2323 1454/2500/2325
f 1414/2499/2324 1454/2500/2325 1455/2501/2326
f 1414/2499/2324 1455/2501/2326 1416/2502/2327
f 1416/2502/2327 1455/2501/2326 1456/2503/2328
f 1416/2502/2327 1456/2503/2328 1429/2504/2329
f 1429/2504/2329 1456/2503/2328 1457/2505/2330
f 1429/2504/2329 1457/2505/2330 1430/2506/2331
f 1430/2506/2331 1457/2505/2330 1458/2507/2332
f 1430/2506/2331 1458/2507/2332 1431/2508/2333
f 1431/2508/2333 1458/2507/2332 1459/2509/2334
f 1431/2508/2333 1459/2509/2334 1432/2510/2335
f 1432/2510/2335 1459/2509/2334 1460/2511/2336
f 1432/2510/2335 1460/2511/2336 1433/2512/2337
f 1433/2512/2337 1460/2511/2336 1461/2513/2338
f 1433/2512/2337 1461/2513/2338 1434/2514/2339
f 1434/2514/2339 1461/2513/2338 1462/2515/2340
f 1434/2514/2339 1462/2515/2340 1435/2516/2341
f 1435/2516/2341 1462/2515/2340 1463/2517/2342
f 1435/2516/2341 1463/2517/2342 1436/2518/2343
f 1436/2518/2343 1463/2517/2342 1464/2519/2344
f 1436/2518/2343 1464/2519/2344 1437/2520/2345
f 1437/2520/2345 1464/2519/2344 1465/2521/2346
f 1437/2520/2345 1465/2521/2346 1438/2522/2347
f 1438/2522/2347 1465/2521/2346 1466/2523/2348
f 1438/2522/2347 1466/2523/2348 1439/2524/2349
f 1439/2524/2349 1466/2523/2348 1467/2525/2350
f 1439/2524/2349 1467/2525/2350 1418/2526/2351
f 1418/2526/2351 1467/2525/2350 1472/2527/2352
f 1418/2526/2351 1472/2527/2352 1473/2528/2353
f 1467/2525/2350 1468/2529/2354 1472/2527/2352
f 1472/2527/2352 1468/2529/2354 1471/2530/2355
f 1471/2530/2355 1468/2529/2354 1470/2531/2356
f 1470/2531/2356 1468/2529/2354 1469/2532/2357
f 1473/2528/2353 1389/2533/2358 1418/2526/2351
f 1389/2533/2358 1474/2534/2359 1390/2476/2301
f 1390/2476/2301 1474/2534/2359 1475/2474/2299
f 1479/2535/2360 1483/2536/2361 1478/2537/2362
f 1478/2537/2362 1483/2536/2361 1484/2538/2363
f 1478/2537/2362 1484/2538/2363 1486/2539/2364
f 1486/2539/2364 1484/2538/2363 1485/2540/2365
f 1479/2535/2360 1480/2541/2366 1483/2536/2361
f 1483/2536/2361 1480/2541/2366 1482/2542/2367
f 1482/2542/2367 1480/2541/2366 1481/2543/2368
f 1486/2544/2369 1485/2545/2370 1487/2546/2371
f 1487/2546/2371 1485/2545/2370 1488/2547/2372
f 1481/2548/2373 1441/2549/2374 1482/2550/2375
f 1482/2550/2375 1441/2549/2374 1440/2551/2376
f 1478/2552/2377 1486/2553/2378 1495/2554/2379
f 1495/2554/2379 1486/2553/2378 1490/2555/2380
f 1495/2554/2379 1490/2555/2380 1494/2556/2381
f 1494/2556/2381 1490/2555/2380 1491/2557/2382
f 1494/2556/2381 1491/2557/2382 1493/2558/2383
f 1493/2558/2383 1491/2557/2382 1492/2559/2384
f 1487/2560/2385 1489/2561/2386 1486/2553/2378
f 1486/2553/2378 1489/2561/2386 1490/2555/2380
f 1488/2562/2387 1496/2563/2388 1487/2564/2389
f 1487/2564/2389 1496/2563/2388 1489/2565/2390
f 1489/2565/2390 1496/2563/2388 1507/2566/2391
f 1489/2565/2390 1507/2566/2391 1508/2567/2392
f 1507/2566/2391 1496/2563/2388 1506/2568/2393
f 1506/2568/2393 1496/2563/2388 1497/2569/2394
f 1506/2568/2393 1497/2569/2394 1505/2570/2395
f 1505/2570/2395 1497/2569/2394 1498/2571/2396
f 1505/2570/2395 1498/2571/2396 1502/2572/2397
f 1502/2572/2397 1498/2571/2396 1501/2573/2398
f 1501/2573/2398 1498/2571/2396 1499/2574/2399
f 1501/2573/2398 1499/2574/2399 1500/2575/2400
f 1503/2576/2401 1504/2577/2402 1502/2572/2397
f 1502/2572/2397 1504/2577/2402 1505/2570/2395
f 1509/2578/2403 1510/2579/2404 1468/2580/2405
f 1468/2580/2405 1510/2579/2404 1469/2581/2406
f 1511/2582/2407 1512/2583/2408 1514/2584/2409
f 1514/2584/2409 1512/2583/2408 1513/2585/2410
f 1509/2586/2411 1515/2587/2412 1510/2588/2413
f 1510/2588/2413 1515/2587/2412 1519/2589/2414
f 1519/2589/2414 1515/2587/2412 1516/2590/2415
f 1519/2589/2414 1516/2590/2415 1517/2591/2416
f 1519/2589/2414 1517/2591/2416 1518/2592/2417
f 1518/2592/2417 1517/2591/2416 1511/2593/2418
f 1518/2592/2417 1511/2593/2418 1514/2594/2419
f 1517/2595/2420 1516/2596/2421 1533/2597/2422
f 1533/2597/2422 1516/2596/2421 1515/2598/2423
f 1533/2597/2422 1515/2598/2423 1509/2599/2424
f 1468/2600/2425 1467/2601/2426 1509/2599/2424
f 1509/2599/2424 1467/2601/2426 1532/2602/2427
f 1509/2599/2424 1532/2602/2427 1533/2597/2422
f 1467/2601/2426 1466/2603/2428 1532/2602/2427
f 1532/2602/2427 1466/2603/2428 1531/2604/2429
f 1531/2604/2429 1466/2603/2428 1465/2605/2430
f 1531/2604/2429 1465/2605/2430 1530/2606/2431
f 1530/2606/2431 1465/2605/2430 1464/2607/2432
f 1530/2606/2431 1464/2607/2432 1529/2608/2433
f 1529/2608/2433 1464/2607/2432 1463/2609/2434
f 1529/2608/2433 1463/2609/2434 1528/2610/2435
f 1528/2610/2435 1463/2609/2434 1462/2611/2436
f 1528/2610/2435 1462/2611/2436 1527/2612/2437
f 1527/2612/2437 1462/2611/2436 1461/2613/2438
f 1527/2612/2437 1461/2613/2438 1526/2614/2439
f 1526/2614/2439 1461/2613/2438 1460/2615/2440
f 1526/2614/2439 1460/2615/2440 1525/2616/2441
f 1525/2616/2441 1460/2615/2440 1459/2617/2442
f 1525/2616/2441 1459/2617/2442 1524/2618/2443
f 1524/2618/2443 1459/2617/2442 1458/2619/2444
f 1524/2618/2443 1458/2619/2444 1523/2620/2445
f 1523/2620/2445 1458/2619/2444 1457/2621/2446
f 1523/2620/2445 1457/2621/2446 1522/2622/2447
f 1522/2622/2447 1457/2621/2446 1456/2623/2448
f 1522/2622/2447 1456/2623/2448 1520/2624/2449
f 1520/2624/2449 1456/2623/2448 1455/2625/2450
f 1520/2624/2449 1521/2626/2451 1522/2622/2447
f 1513/2627/2452 1512/2628/2453 1545/2629/2454
f 1545/2629/2454 1512/2628/2453 1534/2630/2455
f 1545/2629/2454 1534/2630/2455 1536/2631/2456
f 1536/2631/2456 1534/2630/2455 1535/2632/2457
f 1545/2629/2454 1536/2631/2456 1544/2633/2458
f 1544/2633/2458 1536/2631/2456 1537/2634/2459
f 1544/2633/2458 1537/2634/2459 1543/2635/2460
f 1543/2635/2460 1537/2634/2459 1538/2636/2461
f 1543/2635/2460 1538/2636/2461 1541/2637/2462
f 1541/2637/2462 1538/2636/2461 1540/2638/2463
f 1540/2638/2463 1538/2636/2461 1539/2639/2464
f 1540/2638/2463 1539/2639/2464 1503/2640/2401
f 1500/2641/2400 1542/2642/2465 1541/2637/2462
f 1541/2637/2462 1542/2642/2465 1543/2635/2460
f 1546/2643/2466 1503/2644/2467 1547/2645/2468
f 1547/2645/2468 1503/2644/2467 1502/2646/2469
f 1548/2647/2470 1500/2648/2471 1549/2649/2472
f 1549/2649/2472 1500/2648/2471 1541/2650/2473
f 1547/2651/2474 1502/2652/2475 1550/2653/2476
f 1550/2653/2476 1502/2652/2475 1501/2654/2477
f 1550/2653/2476 1501/2654/2477 1551/2655/2478
f 1549/2656/2479 1552/2657/2480 1548/2658/2481
f 1548/2658/2481 1552/2657/2480 1550/2659/2482
f 1548/2658/2481 1550/2659/2482 1551/2660/2483
f 1500/2661/2471 1548/2662/2470 1501/2663/2484
f 1501/2663/2484 1548/2662/2470 1551/2664/2485
f 1503/2665/2467 1546/2666/2466 1540/2667/2486
f 1540/2667/2486 1546/2666/2466 1553/2668/2487
f 1547/2669/2488 1550/2670/2489 1546/2671/2490
f 1546/2671/2490 1550/2670/2489 1552/2672/2491
f 1546/2671/2490 1552/2672/2491 1553/2673/2492
f 1553/2674/2493 1552/2675/2494 1540/2676/2495
f 1540/2676/2495 1552/2675/2494 1541/2677/2496
f 1541/2677/2496 1552/2675/2494 1549/2678/2497
f 1491/2679/2498 1554/2680/2499 1492/2681/2500
f 1492/2681/2500 1554/2680/2499 1555/2682/2501
f 1554/2683/2502 1491/2684/2503 1558/2685/2504
f 1558/2685/2504 1491/2684/2503 1490/2686/2505
f 1558/2685/2504 1490/2686/2505 1557/2687/2506
f 1557/2687/2506 1490/2686/2505 1556/2688/2507
f 1490/2689/2508 1489/2690/2509 1556/2691/2510
f 1556/2691/2510 1489/2690/2509 1508/2692/2511
f 1362/2693/2512 1370/2694/2513 1363/2695/2514
f 1363/2695/2514 1370/2694/2513 1571/2696/2515
f 1363/2695/2514 1571/2696/2515 1572/2697/2516
f 1370/2694/2513 1559/2698/2517 1571/2696/2515
f 1571/2696/2515 1559/2698/2517 1560/2699/2518
f 1571/2696/2515 1560/2699/2518 1570/2700/2519
f 1570/2700/2519 1560/2699/2518 1561/2701/2520
f 1570/2700/2519 1561/2701/2520 1562/2702/2521
f 1570/2700/2519 1562/2702/2521 1569/2703/2522
f 1569/2703/2522 1562/2702/2521 1563/2704/2523
f 1569/2703/2522 1563/2704/2523 1564/2705/2524
f 1569/2703/2522 1564/2705/2524 1493/2706/2525
f 1493/2706/2525 1564/2705/2524 1565/2707/2526
f 1493/2706/2525 1565/2707/2526 1566/2708/2527
f 1566/2708/2527 1567/2709/2528 1493/2706/2525
f 1493/2706/2525 1567/2709/2528 1568/2710/2529
f 1493/2706/2525 1492/2711/2530 1569/2703/2522
f 1569/2703/2522 1492/2711/2530 1555/2712/2531
f 1572/2697/2516 1358/2713/2206 1363/2695/2514
f 1573/2714/2532 1574/2715/2533 1534/2716/2534
f 1534/2716/2534 1574/2715/2533 1535/2717/2535
f 1575/2718/2536 1376/2719/2537 1576/2720/2538
f 1576/2720/2538 1376/2719/2537 1375/2721/2539
f 1574/2722/2540 1573/2723/2541 1578/2724/2542
f 1578/2724/2542 1573/2723/2541 1575/2725/2543
f 1578/2724/2542 1575/2725/2543 1577/2726/2544
f 1577/2726/2544 1575/2725/2543 1576/2727/2545
f 1580/2728/2546 1504/2729/2547 1579/2730/2548
f 1579/2730/2548 1504/2729/2547 1503/2731/2549
f 1579/2732/2548 1503/2733/2549 1539/2734/2550
f 1581/2735/2551 1506/2736/2552 1580/2728/2546
f 1580/2728/2546 1506/2736/2552 1505/2737/2553
f 1580/2728/2546 1505/2737/2553 1504/2729/2547
f 1506/2736/2552 1581/2735/2551 1507/2738/2554
f 1507/2738/2554 1581/2735/2551 1582/2739/2555
f 1507/2738/2554 1582/2739/2555 1508/2740/2556
f 1508/2740/2556 1582/2739/2555 1556/2741/2557
f 1556/2741/2557 1582/2739/2555 1557/2742/2558
f 1557/2742/2558 1582/2739/2555 1558/2743/2559
f 1558/2743/2559 1582/2739/2555 1583/2744/2560
f 1558/2743/2559 1583/2744/2560 1554/2745/2561
f 1554/2745/2561 1583/2744/2560 1555/2746/2562
f 1555/2746/2562 1583/2744/2560 1569/2747/2563
f 1569/2747/2563 1583/2744/2560 1584/2748/2564
f 1569/2747/2563 1584/2748/2564 1570/2749/2565
f 1570/2749/2565 1584/2748/2564 1585/2750/2566
f 1570/2749/2565 1585/2750/2566 1571/2751/2567
f 1571/2751/2567 1585/2750/2566 1572/2752/2568
f 1572/2752/2568 1585/2750/2566 1586/2753/2569
f 1572/2752/2568 1586/2753/2569 1358/2754/2570
f 1358/2754/2570 1586/2753/2569 1371/2755/2571
f 1371/2755/2571 1586/2753/2569 1587/2756/2572
f 1371/2755/2571 1587/2756/2572 1372/2757/2573
f 1372/2757/2573 1587/2756/2572 1373/2758/2574
f 1373/2758/2574 1587/2756/2572 1588/2759/2575
f 1373/2758/2574 1588/2759/2575 1374/2760/2576
f 1374/2760/2576 1588/2759/2575 1589/2761/2577
f 1374/2760/2576 1589/2761/2577 1375/2762/2578
f 1375/2762/2578 1589/2761/2577 1576/2763/2579
f 1576/2763/2579 1589/2761/2577 1577/2764/2580
f 1577/2764/2580 1589/2761/2577 1578/2765/2581
f 1578/2765/2581 1589/2761/2577 1590/2766/2582
f 1578/2765/2581 1590/2766/2582 1574/2767/2583
f 1574/2767/2583 1590/2766/2582 1535/2768/2584
f 1535/2768/2584 1590/2766/2582 1536/2769/2585
f 1536/2769/2585 1590/2766/2582 1591/2770/2586
f 1536/2769/2585 1591/2770/2586 1537/2771/2587
f 1537/2771/2587 1591/2770/2586 1592/2772/2588
f 1537/2771/2587 1592/2772/2588 1538/2773/2589
f 1538/2773/2589 1592/2772/2588 1539/2734/2550
f 1539/2734/2550 1592/2772/2588 1579/2732/2548
f 1593/2774/2590 1594/2775/2591 1609/2776/2592
f 1609/2776/2592 1594/2775/2591 1608/2777/2593
f 1608/2777/2593 1594/2775/2591 1595/2778/2594
f 1608/2777/2593 1595/2778/2594 1607/2779/2595
f 1607/2779/2595 1595/2778/2594 1596/2780/2596
f 1607/2779/2595 1596/2780/2596 1606/2781/2597
f 1606/2781/2597 1596/2780/2596 1597/2782/2598
f 1606/2781/2597 1597/2782/2598 1521/2783/2599
f 1606/2781/2597 1521/2783/2599 1605/2784/2600
f 1605/2784/2600 1521/2783/2599 1520/2785/2601
f 1605/2784/2600 1520/2785/2601 1604/2786/2602
f 1604/2786/2602 1520/2785/2601 1455/2787/2603
f 1604/2786/2602 1455/2787/2603 1454/2788/2604
f 1604/2786/2602 1454/2788/2604 1603/2789/2605
f 1603/2789/2605 1454/2788/2604 1598/2790/2606
f 1603/2789/2605 1598/2790/2606 1602/2791/2607
f 1602/2791/2607 1598/2790/2606 1599/2792/2608
f 1602/2791/2607 1599/2792/2608 1601/2793/2609
f 1601/2793/2609 1599/2792/2608 1600/2794/2610
f 1610/2795/2611 1611/2796/2612 1621/2797/2613
f 1621/2797/2613 1611/2796/2612 1612/2798/2614
f 1621/2797/2613 1612/2798/2614 1620/2799/2615
f 1620/2799/2615 1612/2798/2614 1619/2800/2616
f 1619/2800/2616 1612/2798/2614 1613/2801/2617
f 1619/2800/2616 1613/2801/2617 1618/2802/2618
f 1618/2802/2618 1613/2801/2617 1614/2803/2619
f 1618/2802/2618 1614/2803/2619 1617/2804/2620
f 1617/2804/2620 1614/2803/2619 1615/2805/2621
f 1617/2804/2620 1615/2805/2621 1616/2806/2622
f 1616/2807/2623 1622/2808/2624 1617/2809/2625
f 1617/2809/2625 1622/2808/2624 1623/2810/2626
f 1617/2811/2625 1623/2812/2626 1618/2813/2627
f 1618/2813/2627 1623/2812/2626 1624/2814/2628
f 1618/2813/2627 1624/2814/2628 1619/2815/2629
f 1619/2815/2629 1624/2814/2628 1625/2816/2630
f 1619/2815/2629 1625/2816/2630 1620/2817/2631
f 1620/2817/2631 1625/2816/2630 1626/2818/2632
f 1620/2817/2631 1626/2818/2632 1621/2819/2633
f 1621/2819/2633 1626/2818/2632 1627/2820/2634
f 1627/2821/2634 1629/2822/2635 1621/2823/2633
f 1621/2823/2633 1629/2822/2635 1630/2824/2636
f 1621/2823/2633 1630/2824/2636 1610/2825/2637
f 1627/2821/2634 1628/2826/2638 1629/2822/2635
f 1631/2827/2639 1632/2828/2640 1622/2829/2641
f 1622/2829/2641 1632/2828/2640 1623/2830/2642
f 1623/2830/2642 1632/2828/2640 1633/2831/2643
f 1623/2830/2642 1633/2831/2643 1634/2832/2644
f 1634/2832/2644 1635/2833/2645 1623/2830/2642
f 1623/2830/2642 1635/2833/2645 1636/2834/2646
f 1623/2830/2642 1636/2834/2646 1637/2835/2647
f 1623/2830/2642 1637/2835/2647 1624/2836/2648
f 1624/2836/2648 1637/2835/2647 1638/2837/2649
f 1624/2836/2648 1638/2837/2649 1639/2838/2650
f 1639/2838/2650 1640/2839/2651 1624/2836/2648
f 1624/2836/2648 1640/2839/2651 1625/2840/2652
f 1625/2840/2652 1640/2839/2651 1641/2841/2653
f 1625/2840/2652 1641/2841/2653 1626/2842/2654
f 1626/2842/2654 1641/2841/2653 1627/2843/2655
f 1627/2843/2655 1641/2841/2653 1642/2844/2656
f 1627/2843/2655 1642/2844/2656 1643/2845/2657
f 1644/2846/2658 1628/2847/2659 1643/2845/2657
f 1643/2845/2657 1628/2847/2659 1627/2843/2655
f 1610/2848/2660 1630/2849/2661 1611/2850/2662
f 1611/2850/2662 1630/2849/2661 1629/2851/2663
f 1611/2850/2662 1629/2851/2663 1628/2852/2664
f 1611/2850/2662 1628/2852/2664 1692/2853/2665
f 1692/2853/2665 1628/2852/2664 1644/2854/2666
f 1692/2853/2665 1644/2854/2666 1645/2855/2667
f 1692/2853/2665 1645/2855/2667 1691/2856/2668
f 1691/2856/2668 1645/2855/2667 1646/2857/2669
f 1691/2856/2668 1646/2857/2669 1690/2858/2670
f 1690/2858/2670 1646/2857/2669 1647/2859/2671
f 1690/2858/2670 1647/2859/2671 1689/2860/2672
f 1689/2860/2672 1647/2859/2671 1648/2861/2673
f 1689/2860/2672 1648/2861/2673 1688/2862/2674
f 1688/2862/2674 1648/2861/2673 1649/2863/2675
f 1688/2862/2674 1649/2863/2675 1687/2864/2676
f 1687/2864/2676 1649/2863/2675 1650/2865/2677
f 1687/2864/2676 1650/2865/2677 1686/2866/2678
f 1686/2866/2678 1650/2865/2677 1651/2867/2679
f 1686/2866/2678 1651/2867/2679 1685/2868/2680
f 1685/2868/2680 1651/2867/2679 1652/2869/2681
f 1685/2868/2680 1652/2869/2681 1684/2870/2682
f 1684/2870/2682 1652/2869/2681 1653/2871/2683
f 1684/2870/2682 1653/2871/2683 1683/2872/2684
f 1683/2872/2684 1653/2871/2683 1654/2873/2685
f 1683/2872/2684 1654/2873/2685 1682/2874/2686
f 1682/2874/2686 1654/2873/2685 1655/2875/2687
f 1682/2874/2686 1655/2875/2687 1656/2876/2688
f 1682/2874/2686 1656/2876/2688 1681/2877/2689
f 1681/2877/2689 1656/2876/2688 1657/2878/2690
f 1681/2877/2689 1657/2878/2690 1680/2879/2691
f 1680/2879/2691 1657/2878/2690 1658/2880/2692
f 1680/2879/2691 1658/2880/2692 1679/2881/2693
f 1679/2881/2693 1658/2880/2692 1659/2882/2694
f 1679/2881/2693 1659/2882/2694 1678/2883/2695
f 1678/2883/2695 1659/2882/2694 1660/2884/2696
f 1678/2883/2695 1660/2884/2696 1677/2885/2697
f 1677/2885/2697 1660/2884/2696 1661/2886/2698
f 1677/2885/2697 1661/2886/2698 1676/2887/2699
f 1676/2887/2699 1661/2886/2698 1662/2888/2700
f 1676/2887/2699 1662/2888/2700 1675/2889/2701
f 1675/2889/2701 1662/2888/2700 1663/2890/2702
f 1675/2889/2701 1663/2890/2702 1674/2891/2703
f 1674/2891/2703 1663/2890/2702 1664/2892/2704
f 1674/2891/2703 1664/2892/2704 1673/2893/2705
f 1673/2893/2705 1664/2892/2704 1665/2894/2706
f 1673/2893/2705 1665/2894/2706 1672/2895/2707
f 1672/2895/2707 1665/2894/2706 1666/2896/2708
f 1672/2895/2707 1666/2896/2708 1671/2897/2709
f 1671/2897/2709 1666/2896/2708 1667/2898/2710
f 1671/2897/2709 1667/2898/2710 1668/2899/2711
f 1671/2897/2709 1668/2899/2711 1600/2900/2712
f 1600/2900/2712 1668/2899/2711 1669/2901/2713
f 1600/2900/2712 1669/2901/2713 1670/2902/2714
f 1670/2902/2714 1601/2903/2715 1600/2900/2712
f 1601/2904/2716 1670/2905/2717 1602/2906/2718
f 1602/2906/2718 1670/2905/2717 1669/2907/2719
f 1602/2906/2718 1669/2907/2719 1693/2908/2720
f 1693/2908/2720 1669/2907/2719 1668/2909/2721
f 1602/2910/2722 1693/2911/2723 1603/2912/2724
f 1603/2912/2724 1693/2911/2723 1694/2913/2725
f 1603/2914/2726 1694/2915/2727 1604/2916/2728
f 1604/2916/2728 1694/2915/2727 1695/2917/2729
f 1604/2918/2730 1695/2919/2731 1605/2920/2732
f 1605/2920/2732 1695/2919/2731 1696/2921/2733
f 1605/2922/2734 1696/2923/2735 1606/2924/2736
f 1606/2924/2736 1696/2923/2735 1697/2925/2737
f 1606/2926/2736 1697/2927/2737 1607/2928/2738
f 1607/2928/2738 1697/2927/2737 1698/2929/2739
f 1607/2928/2738 1698/2929/2739 1608/2930/2740
f 1608/2930/2740 1698/2929/2739 1699/2931/2741
f 1608/2930/2740 1699/2931/2741 1609/2932/2742
f 1609/2932/2742 1699/2931/2741 1700/2933/2743
f 1700/2934/2743 1701/2935/2744 1609/2936/2742
f 1609/2936/2742 1701/2935/2744 1593/2937/2745
f 1668/2938/2746 1667/2939/2747 1693/2940/2748
f 1693/2940/2748 1667/2939/2747 1702/2941/2749
f 1693/2940/2748 1702/2941/2749 1705/2942/2750
f 1705/2942/2750 1702/2941/2749 1704/2943/2751
f 1704/2943/2751 1702/2941/2749 1703/2944/2752
f 1705/2942/2750 1706/2945/2753 1693/2940/2748
f 1693/2940/2748 1706/2945/2753 1694/2946/2754
f 1694/2946/2754 1706/2945/2753 1707/2947/2755
f 1694/2946/2754 1707/2947/2755 1695/2948/2756
f 1695/2948/2756 1707/2947/2755 1696/2949/2757
f 1696/2949/2757 1707/2947/2755 1708/2950/2758
f 1696/2949/2757 1708/2950/2758 1711/2951/2759
f 1711/2951/2759 1708/2950/2758 1709/2952/2760
f 1711/2951/2759 1709/2952/2760 1710/2953/2761
f 1711/2951/2759 1712/2954/2762 1696/2949/2757
f 1696/2949/2757 1712/2954/2762 1697/2955/2763
f 1697/2955/2763 1712/2954/2762 1713/2956/2764
f 1697/2955/2763 1713/2956/2764 1698/2957/2765
f 1698/2957/2765 1713/2956/2764 1714/2958/2766
f 1698/2957/2765 1714/2958/2766 1699/2959/2767
f 1699/2959/2767 1714/2958/2766 1715/2960/2768
f 1699/2959/2767 1715/2960/2768 1700/2961/2769
f 1700/2961/2769 1715/2960/2768 1717/2962/2770
f 1700/2961/2769 1717/2962/2770 1718/2963/2771
f 1715/2960/2768 1716/2964/2772 1717/2962/2770
f 1718/2963/2771 1719/2965/2773 1700/2961/2769
f 1700/2961/2769 1719/2965/2773 1720/2966/2774
f 1700/2961/2769 1720/2966/2774 1721/2967/2775
f 1721/2967/2775 1722/2968/2776 1700/2961/2769
f 1700/2961/2769 1722/2968/2776 1723/2969/2777
f 1700/2961/2769 1723/2969/2777 1701/2970/2778
f 1616/2971/2779 1615/2972/2780 1622/2973/2781
f 1622/2973/2781 1615/2972/2780 1724/2974/2782
f 1622/2973/2781 1724/2974/2782 1631/2975/2783
f 1631/2975/2783 1724/2974/2782 1799/2976/2784
f 1799/2976/2784 1724/2974/2782 1725/2977/2785
f 1799/2976/2784 1725/2977/2785 1798/2978/2786
f 1798/2978/2786 1725/2977/2785 1726/2979/2787
f 1798/2978/2786 1726/2979/2787 1797/2980/2788
f 1797/2980/2788 1726/2979/2787 1727/2981/2789
f 1797/2980/2788 1727/2981/2789 1796/2982/2790
f 1796/2982/2790 1727/2981/2789 1728/2983/2791
f 1796/2982/2790 1728/2983/2791 1795/2984/2792
f 1795/2984/2792 1728/2983/2791 1729/2985/2793
f 1795/2984/2792 1729/2985/2793 1794/2986/2794
f 1794/2986/2794 1729/2985/2793 1730/2987/2795
f 1794/2986/2794 1730/2987/2795 1793/2988/2796
f 1793/2988/2796 1730/2987/2795 1731/2989/2797
f 1793/2988/2796 1731/2989/2797 1792/2990/2798
f 1792/2990/2798 1731/2989/2797 1732/2991/2799
f 1792/2990/2798 1732/2991/2799 1791/2992/2800
f 1791/2992/2800 1732/2991/2799 1733/2993/2801
f 1791/2992/2800 1733/2993/2801 1790/2994/2802
f 1790/2994/2802 1733/2993/2801 1734/2995/2803
f 1790/2994/2802 1734/2995/2803 1789/2996/2804
f 1789/2996/2804 1734/2995/2803 1735/2997/2805
f 1789/2996/2804 1735/2997/2805 1788/2998/2806
f 1788/2998/2806 1735/2997/2805 1736/2999/2807
f 1788/2998/2806 1736/2999/2807 1787/3000/2808
f 1787/3000/2808 1736/2999/2807 1737/3001/2809
f 1787/3000/2808 1737/3001/2809 1786/3002/2810
f 1786/3002/2810 1737/3001/2809 1738/3003/2811
f 1786/3002/2810 1738/3003/2811 1785/3004/2812
f 1785/3004/2812 1738/3003/2811 1739/3005/2813
f 1785/3004/2812 1739/3005/2813 1784/3006/2814
f 1784/3006/2814 1739/3005/2813 1740/3007/2815
f 1784/3006/2814 1740/3007/2815 1783/3008/2816
f 1783/3008/2816 1740/3007/2815 1741/3009/2817
f 1783/3008/2816 1741/3009/2817 1782/3010/2818
f 1782/3010/2818 1741/3009/2817 1742/3011/2819
f 1782/3010/2818 1742/3011/2819 1781/3012/2820
f 1781/3012/2820 1742/3011/2819 1743/3013/2821
f 1781/3012/2820 1743/3013/2821 1780/3014/2822
f 1780/3014/2822 1743/3013/2821 1779/3015/2823
f 1779/3015/2823 1743/3013/2821 1744/3016/2824
f 1779/3015/2823 1744/3016/2824 1778/3017/2825
f 1778/3017/2825 1744/3016/2824 1745/3018/2826
f 1778/3017/2825 1745/3018/2826 1777/3019/2827
f 1777/3019/2827 1745/3018/2826 1746/3020/2828
f 1777/3019/2827 1746/3020/2828 1776/3021/2829
f 1776/3021/2829 1746/3020/2828 1747/3022/2830
f 1776/3021/2829 1747/3022/2830 1775/3023/2831
f 1775/3023/2831 1747/3022/2830 1748/3024/2832
f 1775/3023/2831 1748/3024/2832 1774/3025/2833
f 1774/3025/2833 1748/3024/2832 1749/3026/2834
f 1774/3025/2833 1749/3026/2834 1773/3027/2835
f 1773/3027/2835 1749/3026/2834 1750/3028/2836
f 1773/3027/2835 1750/3028/2836 1772/3029/2837
f 1772/3029/2837 1750/3028/2836 1751/3030/2838
f 1772/3029/2837 1751/3030/2838 1771/3031/2839
f 1771/3031/2839 1751/3030/2838 1752/3032/2840
f 1771/3031/2839 1752/3032/2840 1770/3033/2841
f 1770/3033/2841 1752/3032/2840 1753/3034/2842
f 1770/3033/2841 1753/3034/2842 1769/3035/2843
f 1769/3035/2843 1753/3034/2842 1754/3036/2844
f 1769/3035/2843 1754/3036/2844 1768/3037/2845
f 1768/3037/2845 1754/3036/2844 1755/3038/2846
f 1768/3037/2845 1755/3038/2846 1767/3039/2847
f 1767/3039/2847 1755/3038/2846 1756/3040/2848
f 1767/3039/2847 1756/3040/2848 1766/3041/2849
f 1766/3041/2849 1756/3040/2848 1757/3042/2850
f 1766/3041/2849 1757/3042/2850 1765/3043/2851
f 1765/3043/2851 1757/3042/2850 1758/3044/2852
f 1765/3043/2851 1758/3044/2852 1764/3045/2853
f 1764/3045/2853 1758/3044/2852 1759/3046/2854
f 1764/3045/2853 1759/3046/2854 1763/3047/2855
f 1763/3047/2855 1759/3046/2854 1760/3048/2856
f 1763/3047/2855 1760/3048/2856 1762/3049/2857
f 1762/3049/2857 1760/3048/2856 1761/3050/2858
f 1762/3049/2857 1761/3050/2858 1723/3051/2859
f 1723/3051/2859 1761/3050/2858 1701/3052/2860
f 1701/3052/2860 1761/3050/2858 1594/3053/2861
f 1701/3052/2860 1594/3053/2861 1593/3054/2862
f 1825/3055/2863 1705/3056/2864 1831/3057/2865
f 1831/3057/2865 1705/3056/2864 1704/3058/2866
f 1831/3057/2865 1704/3058/2866 1703/3059/2867
f 1703/3059/2867 1702/3060/2868 1831/3057/2865
f 1831/3057/2865 1702/3060/2868 1800/3061/2869
f 1831/3057/2865 1800/3061/2869 1830/3062/2870
f 1830/3062/2870 1800/3061/2869 1801/3063/2871
f 1830/3062/2870 1801/3063/2871 1832/3064/2872
f 1832/3064/2872 1801/3063/2871 1826/3065/2873
f 1832/3064/2872 1826/3065/2873 1824/3066/2874
f 1824/3066/2874 1826/3065/2873 1823/3067/2875
f 1823/3067/2875 1826/3065/2873 1833/3068/2876
f 1823/3067/2875 1833/3068/2876 1822/3069/2877
f 1822/3069/2877 1833/3068/2876 1827/3070/2878
f 1822/3069/2877 1827/3070/2878 1821/3071/2879
f 1821/3071/2879 1827/3070/2878 1835/3072/2880
f 1821/3071/2879 1835/3072/2880 1834/3073/2881
f 1834/3073/2881 1835/3072/2880 1804/3074/2882
f 1834/3073/2881 1804/3074/2882 1805/3075/2883
f 1801/3063/2871 1802/3076/2884 1826/3065/2873
f 1826/3065/2873 1802/3076/2884 1833/3068/2876
f 1802/3076/2884 1803/3077/2885 1833/3068/2876
f 1833/3068/2876 1803/3077/2885 1827/3070/2878
f 1803/3077/2885 1804/3074/2882 1827/3070/2878
f 1827/3070/2878 1804/3074/2882 1835/3072/2880
f 1834/3073/2881 1805/3075/2883 1836/3078/2886
f 1836/3078/2886 1805/3075/2883 1806/3079/2887
f 1836/3078/2886 1806/3079/2887 1837/3080/2888
f 1837/3080/2888 1806/3079/2887 1828/3081/2889
f 1837/3080/2888 1828/3081/2889 1819/3082/2890
f 1819/3082/2890 1828/3081/2889 1818/3083/2891
f 1818/3083/2891 1828/3081/2889 1838/3084/2892
f 1818/3083/2891 1838/3084/2892 1817/3085/2893
f 1817/3085/2893 1838/3084/2892 1829/3086/2894
f 1817/3085/2893 1829/3086/2894 1816/3087/2895
f 1816/3087/2895 1829/3086/2894 1840/3088/2896
f 1816/3087/2895 1840/3088/2896 1839/3089/2897
f 1839/3089/2897 1840/3088/2896 1809/3090/2898
f 1839/3089/2897 1809/3090/2898 1810/3091/2899
f 1806/3079/2887 1807/3092/2900 1828/3081/2889
f 1828/3081/2889 1807/3092/2900 1838/3084/2892
f 1807/3092/2900 1808/3093/2901 1838/3084/2892
f 1838/3084/2892 1808/3093/2901 1829/3086/2894
f 1808/3093/2901 1809/3090/2898 1829/3086/2894
f 1829/3086/2894 1809/3090/2898 1840/3088/2896
f 1811/3094/2902 1812/3095/2903 1810/3091/2899
f 1810/3091/2899 1812/3095/2903 1841/3096/2904
f 1810/3091/2899 1841/3096/2904 1839/3089/2897
f 1839/3089/2897 1841/3096/2904 1815/3097/2905
f 1839/3089/2897 1815/3097/2905 1816/3087/2895
f 1812/3095/2903 1813/3098/2906 1841/3096/2904
f 1841/3096/2904 1813/3098/2906 1814/3099/2907
f 1841/3096/2904 1814/3099/2907 1815/3097/2905
f 1837/3080/2888 1819/3082/2890 1836/3078/2886
f 1836/3078/2886 1819/3082/2890 1820/3100/2908
f 1836/3078/2886 1820/3100/2908 1834/3073/2881
f 1834/3073/2881 1820/3100/2908 1821/3071/2879
f 1832/3064/2872 1824/3066/2874 1830/3062/2870
f 1830/3062/2870 1824/3066/2874 1825/3055/2863
f 1830/3062/2870 1825/3055/2863 1831/3057/2865
f 1843/3101/2909 1846/3102/2910 1842/3103/2911
f 1842/3103/2911 1846/3102/2910 1847/3104/2912
f 1842/3103/2911 1847/3104/2912 1848/3105/2913
f 1848/3105/2913 1847/3104/2912 1844/3106/2914
f 1848/3105/2913 1844/3106/2914 1849/3107/2915
f 1849/3107/2915 1844/3106/2914 1850/3108/2916
f 1849/3107/2915 1850/3108/2916 1842/3103/2911
f 1842/3103/2911 1850/3108/2916 1851/3109/2917
f 1842/3103/2911 1851/3109/2917 1852/3110/2918
f 1852/3110/2918 1851/3109/2917 1844/3106/2914
f 1852/3110/2918 1844/3106/2914 1853/3111/2919
f 1853/3111/2919 1844/3106/2914 1854/3112/2920
f 1853/3111/2919 1854/3112/2920 1842/3103/2911
f 1842/3103/2911 1854/3112/2920 1855/3113/2921
f 1842/3103/2911 1855/3113/2921 1856/3114/2922
f 1856/3114/2922 1855/3113/2921 1814/3115/2923
f 1856/3114/2922 1814/3115/2923 1857/3116/2924
f 1857/3116/2924 1814/3115/2923 1858/3117/2925
f 1857/3116/2924 1858/3117/2925 1842/3103/2911
f 1842/3103/2911 1858/3117/2925 1859/3118/2926
f 1842/3103/2911 1859/3118/2926 1860/3119/2927
f 1860/3119/2927 1859/3118/2926 1814/3115/2923
f 1860/3119/2927 1814/3115/2923 1861/3120/2928
f 1861/3120/2928 1814/3115/2923 1862/3121/2929
f 1861/3120/2928 1862/3121/2929 1842/3103/2911
f 1842/3103/2911 1862/3121/2929 1863/3122/2930
f 1842/3103/2911 1863/3122/2930 1812/3123/2931
f 1812/3123/2931 1863/3122/2930 1864/3124/2932
f 1812/3123/2931 1864/3124/2932 1865/3125/2933
f 1865/3125/2933 1864/3124/2932 1814/3115/2923
f 1865/3125/2933 1814/3115/2923 1866/3126/2934
f 1866/3126/2934 1814/3115/2923 1867/3127/2935
f 1866/3126/2934 1867/3127/2935 1812/3123/2931
f 1812/3123/2931 1867/3127/2935 1868/3128/2936
f 1812/3123/2931 1868/3128/2936 1869/3129/2937
f 1869/3129/2937 1868/3128/2936 1814/3115/2923
f 1869/3129/2937 1814/3115/2923 1870/3130/2938
f 1870/3130/2938 1814/3115/2923 1871/3131/2939
f 1870/3130/2938 1871/3131/2939 1812/3123/2931
f 1812/3123/2931 1871/3131/2939 1872/3132/2940
f 1812/3123/2931 1872/3132/2940 1813/3133/2941
f 1813/3133/2941 1872/3132/2940 1814/3115/2923
f 1814/3115/2923 1872/3132/2940 1871/3131/2939
f 1843/3101/2909 1844/3106/2914 1846/3102/2910
f 1846/3102/2910 1844/3106/2914 1847/3104/2912
f 1845/3134/2942 1814/3115/2923 1844/3106/2914
f 1844/3106/2914 1814/3115/2923 1855/3113/2921
f 1844/3106/2914 1855/3113/2921 1854/3112/2920
f 1812/3123/2931 1811/3135/2943 1842/3103/2911
f 1849/3107/2915 1842/3103/2911 1848/3105/2913
f 1844/3106/2914 1851/3109/2917 1850/3108/2916
f 1853/3111/2919 1842/3103/2911 1852/3110/2918
f 1857/3116/2924 1842/3103/2911 1856/3114/2922
f 1814/3115/2923 1859/3118/2926 1858/3117/2925
f 1861/3120/2928 1842/3103/2911 1860/3119/2927
f 1863/3122/2930 1862/3121/2929 1814/3115/2923
f 1814/3115/2923 1864/3124/2932 1863/3122/2930
f 1866/3126/2934 1812/3123/2931 1865/3125/2933
f 1814/3115/2923 1868/3128/2936 1867/3127/2935
f 1870/3130/2938 1812/3123/2931 1869/3129/2937
f 1845/3136/2942 1844/3137/2914 1898/3138/2944
f 1898/3138/2944 1844/3137/2914 1904/3139/2945
f 1898/3138/2944 1904/3139/2945 1903/3140/2946
f 1903/3140/2946 1904/3139/2945 1873/3141/2947
f 1903/3140/2946 1873/3141/2947 1874/3142/2948
f 1844/3137/2914 1843/3143/2909 1904/3139/2945
f 1904/3139/2945 1843/3143/2909 1842/3144/2911
f 1904/3139/2945 1842/3144/2911 1873/3141/2947
f 1875/3145/2949 1899/3146/2950 1874/3142/2948
f 1874/3142/2948 1899/3146/2950 1905/3147/2951
f 1874/3142/2948 1905/3147/2951 1903/3140/2946
f 1903/3140/2946 1905/3147/2951 1897/3148/2952
f 1903/3140/2946 1897/3148/2952 1898/3138/2944
f 1899/3146/2950 1875/3145/2949 1906/3149/2953
f 1906/3149/2953 1875/3145/2949 1876/3150/2954
f 1906/3149/2953 1876/3150/2954 1900/3151/2955
f 1900/3151/2955 1876/3150/2954 1877/3152/2956
f 1900/3151/2955 1877/3152/2956 1908/3153/2957
f 1908/3153/2957 1877/3152/2956 1907/3154/2958
f 1908/3153/2957 1907/3154/2958 1894/3155/2959
f 1894/3155/2959 1907/3154/2958 1893/3156/2960
f 1893/3156/2960 1907/3154/2958 1909/3157/2961
f 1893/3156/2960 1909/3157/2961 1892/3158/2962
f 1892/3158/2962 1909/3157/2961 1910/3159/2963
f 1892/3158/2962 1910/3159/2963 1901/3160/2964
f 1901/3160/2964 1910/3159/2963 1879/3161/2965
f 1901/3160/2964 1879/3161/2965 1880/3162/2966
f 1877/3152/2956 1878/3163/2967 1907/3154/2958
f 1907/3154/2958 1878/3163/2967 1909/3157/2961
f 1878/3163/2967 1879/3161/2965 1909/3157/2961
f 1909/3157/2961 1879/3161/2965 1910/3159/2963
f 1901/3160/2964 1880/3162/2966 1911/3164/2968
f 1911/3164/2968 1880/3162/2966 1881/3165/2969
f 1911/3164/2968 1881/3165/2969 1902/3166/2970
f 1902/3166/2970 1881/3165/2969 1882/3167/2971
f 1902/3166/2970 1882/3167/2971 1913/3168/2972
f 1913/3168/2972 1882/3167/2971 1912/3169/2973
f 1913/3168/2972 1912/3169/2973 1889/3170/2974
f 1889/3170/2974 1912/3169/2973 1888/3171/2975
f 1888/3171/2975 1912/3169/2973 1914/3172/2976
f 1888/3171/2975 1914/3172/2976 1887/3173/2977
f 1887/3173/2977 1914/3172/2976 1886/3174/2978
f 1886/3174/2978 1914/3172/2976 1885/3175/2979
f 1885/3175/2979 1914/3172/2976 1883/3176/2980
f 1885/3175/2979 1883/3176/2980 1884/3177/2981
f 1882/3167/2971 1883/3176/2980 1912/3169/2973
f 1912/3169/2973 1883/3176/2980 1914/3172/2976
f 1913/3168/2972 1889/3170/2974 1902/3166/2970
f 1902/3166/2970 1889/3170/2974 1890/3178/2982
f 1902/3166/2970 1890/3178/2982 1911/3164/2968
f 1911/3164/2968 1890/3178/2982 1891/3179/2983
f 1911/3164/2968 1891/3179/2983 1901/3160/2964
f 1901/3160/2964 1891/3179/2983 1892/3158/2962
f 1908/3153/2957 1894/3155/2959 1900/3151/2955
f 1900/3151/2955 1894/3155/2959 1895/3180/2984
f 1900/3151/2955 1895/3180/2984 1906/3149/2953
f 1906/3149/2953 1895/3180/2984 1896/3181/2985
f 1906/3149/2953 1896/3181/2985 1899/3146/2950
f 1899/3146/2950 1896/3181/2985 1897/3148/2952
f 1899/3146/2950 1897/3148/2952 1905/3147/2951
f 1918/3182/2986 1887/3183/2977 1917/3184/2987
f 1917/3184/2987 1887/3183/2977 1886/3185/2978
f 1917/3184/2987 1886/3185/2978 1885/3186/2979
f 1884/3187/2981 1915/3188/2988 1885/3186/2979
f 1885/3186/2979 1915/3188/2988 1916/3189/2989
f 1885/3186/2979 1916/3189/2989 1917/3184/2987
f 1918/3190/2990 1917/3191/2987 1944/3192/2991
f 1944/3192/2991 1917/3191/2987 1950/3193/2992
f 1944/3192/2991 1950/3193/2992 1949/3194/2993
f 1949/3194/2993 1950/3193/2992 1919/3195/2994
f 1949/3194/2993 1919/3195/2994 1920/3196/2995
f 1917/3191/2987 1916/3197/2989 1950/3193/2992
f 1950/3193/2992 1916/3197/2989 1915/3198/2988
f 1950/3193/2992 1915/3198/2988 1919/3195/2994
f 1921/3199/2996 1945/3200/2997 1920/3196/2995
f 1920/3196/2995 1945/3200/2997 1951/3201/2998
f 1920/3196/2995 1951/3201/2998 1949/3194/2993
f 1949/3194/2993 1951/3201/2998 1943/3202/2999
f 1949/3194/2993 1943/3202/2999 1944/3192/2991
f 1945/3200/2997 1921/3199/2996 1952/3203/3000
f 1952/3203/3000 1921/3199/2996 1922/3204/3001
f 1952/3203/3000 1922/3204/3001 1946/3205/3002
f 1946/3205/3002 1922/3204/3001 1923/3206/3003
f 1946/3205/3002 1923/3206/3003 1954/3207/3004
f 1954/3207/3004 1923/3206/3003 1953/3208/3005
f 1954/3207/3004 1953/3208/3005 1940/3209/3006
f 1940/3209/3006 1953/3208/3005 1939/3210/3007
f 1939/3210/3007 1953/3208/3005 1955/3211/3008
f 1939/3210/3007 1955/3211/3008 1938/3212/3009
f 1938/3212/3009 1955/3211/3008 1956/3213/3010
f 1938/3212/3009 1956/3213/3010 1947/3214/3011
f 1947/3214/3011 1956/3213/3010 1925/3215/3012
f 1947/3214/3011 1925/3215/3012 1926/3216/3013
f 1923/3206/3003 1924/3217/3014 1953/3208/3005
f 1953/3208/3005 1924/3217/3014 1955/3211/3008
f 1924/3217/3014 1925/3215/3012 1955/3211/3008
f 1955/3211/3008 1925/3215/3012 1956/3213/3010
f 1947/3214/3011 1926/3216/3013 1957/3218/3015
f 1957/3218/3015 1926/3216/3013 1927/3219/3016
f 1957/3218/3015 1927/3219/3016 1948/3220/3017
f 1948/3220/3017 1927/3219/3016 1928/3221/3018
f 1948/3220/3017 1928/3221/3018 1959/3222/3019
f 1959/3222/3019 1928/3221/3018 1958/3223/3020
f 1959/3222/3019 1958/3223/3020 1935/3224/3021
f 1935/3224/3021 1958/3223/3020 1934/3225/3022
f 1934/3225/3022 1958/3223/3020 1960/3226/3023
f 1934/3225/3022 1960/3226/3023 1933/3227/3024
f 1933/3227/3024 1960/3226/3023 1932/3228/3025
f 1932/3228/3025 1960/3226/3023 1931/3229/3026
f 1931/3229/3026 1960/3226/3023 1929/3230/3027
f 1931/3229/3026 1929/3230/3027 1930/3231/3028
f 1928/3221/3018 1929/3230/3027 1958/3223/3020
f 1958/3223/3020 1929/3230/3027 1960/3226/3023
f 1959/3222/3019 1935/3224/3021 1948/3220/3017
f 1948/3220/3017 1935/3224/3021 1936/3232/3029
f 1948/3220/3017 1936/3232/3029 1957/3218/3015
f 1957/3218/3015 1936/3232/3029 1937/3233/3030
f 1957/3218/3015 1937/3233/3030 1947/3214/3011
f 1947/3214/3011 1937/3233/3030 1938/3212/3009
f 1954/3207/3004 1940/3209/3006 1946/3205/3002
f 1946/3205/3002 1940/3209/3006 1941/3234/3031
f 1946/3205/3002 1941/3234/3031 1952/3203/3000
f 1952/3203/3000 1941/3234/3031 1942/3235/3032
f 1952/3203/3000 1942/3235/3032 1945/3200/2997
f 1945/3200/2997 1942/3235/3032 1943/3202/2999
f 1945/3200/2997 1943/3202/2999 1951/3201/2998
f 1962/3236/3033 1965/3237/3034 1961/3238/3035
f 1961/3238/3035 1965/3237/3034 1966/3239/3036
f 1961/3238/3035 1966/3239/3036 1967/3240/3037
f 1967/3240/3037 1966/3239/3036 1963/3241/3038
f 1967/3240/3037 1963/3241/3038 1968/3242/3039
f 1968/3242/3039 1963/3241/3038 1969/3243/3040
f 1968/3242/3039 1969/3243/3040 1961/3238/3035
f 1961/3238/3035 1969/3243/3040 1970/3244/3041
f 1961/3238/3035 1970/3244/3041 1971/3245/3042
f 1971/3245/3042 1970/3244/3041 1963/3241/3038
f 1971/3245/3042 1963/3241/3038 1972/3246/3043
f 1972/3246/3043 1963/3241/3038 1973/3247/3044
f 1972/3246/3043 1973/3247/3044 1961/3238/3035
f 1961/3238/3035 1973/3247/3044 1974/3248/3045
f 1961/3238/3035 1974/3248/3045 1975/3249/3046
f 1975/3249/3046 1974/3248/3045 1933/3250/3024
f 1975/3249/3046 1933/3250/3024 1976/3251/3047
f 1976/3251/3047 1933/3250/3024 1977/3252/3048
f 1976/3251/3047 1977/3252/3048 1961/3238/3035
f 1961/3238/3035 1977/3252/3048 1978/3253/3049
f 1961/3238/3035 1978/3253/3049 1979/3254/3050
f 1979/3254/3050 1978/3253/3049 1933/3250/3024
f 1979/3254/3050 1933/3250/3024 1980/3255/3051
f 1980/3255/3051 1933/3250/3024 1981/3256/3052
f 1980/3255/3051 1981/3256/3052 1961/3238/3035
f 1961/3238/3035 1981/3256/3052 1982/3257/3053
f 1961/3238/3035 1982/3257/3053 1931/3258/3026
f 1931/3258/3026 1982/3257/3053 1983/3259/3054
f 1931/3258/3026 1983/3259/3054 1984/3260/3055
f 1984/3260/3055 1983/3259/3054 1933/3250/3024
f 1984/3260/3055 1933/3250/3024 1985/3261/3056
f 1985/3261/3056 1933/3250/3024 1986/3262/3057
f 1985/3261/3056 1986/3262/3057 1931/3258/3026
f 1931/3258/3026 1986/3262/3057 1987/3263/3058
f 1931/3258/3026 1987/3263/3058 1988/3264/3059
f 1988/3264/3059 1987/3263/3058 1933/3250/3024
f 1988/3264/3059 1933/3250/3024 1989/3265/3060
f 1989/3265/3060 1933/3250/3024 1990/3266/3061
f 1989/3265/3060 1990/3266/3061 1931/3258/3026
f 1931/3258/3026 1990/3266/3061 1991/3267/3062
f 1931/3258/3026 1991/3267/3062 1932/3268/3025
f 1932/3268/3025 1991/3267/3062 1933/3250/3024
f 1933/3250/3024 1991/3267/3062 1990/3266/3061
f 1962/3236/3033 1963/3241/3038 1965/3237/3034
f 1965/3237/3034 1963/3241/3038 1966/3239/3036
f 1964/3269/3063 1933/3250/3024 1963/3241/3038
f 1963/3241/3038 1933/3250/3024 1974/3248/3045
f 1963/3241/3038 1974/3248/3045 1973/3247/3044
f 1931/3258/3026 1930/3270/3028 1961/3238/3035
f 1968/3242/3039 1961/3238/3035 1967/3240/3037
f 1963/3241/3038 1970/3244/3041 1969/3243/3040
f 1972/3246/3043 1961/3238/3035 1971/3245/3042
f 1976/3251/3047 1961/3238/3035 1975/3249/3046
f 1933/3250/3024 1978/3253/3049 1977/3252/3048
f 1980/3255/3051 1961/3238/3035 1979/3254/3050
f 1982/3257/3053 1981/3256/3052 1933/3250/3024
f 1933/3250/3024 1983/3259/3054 1982/3257/3053
f 1985/3261/3056 1931/3258/3026 1984/3260/3055
f 1933/3250/3024 1987/3263/3058 1986/3262/3057
f 1989/3265/3060 1931/3258/3026 1988/3264/3059
f 2013/3271/3064 1711/3272/3065 2018/3273/3066
f 2018/3273/3066 1711/3272/3065 1710/3274/3067
f 2018/3273/3066 1710/3274/3067 1709/3275/3068
f 1708/3276/3069 1992/3277/3070 1709/3275/3068
f 1709/3275/3068 1992/3277/3070 2018/3273/3066
f 2018/3273/3066 1992/3277/3070 2019/3278/3071
f 2019/3278/3071 1992/3277/3070 1993/3279/3072
f 2019/3278/3071 1993/3279/3072 2020/3280/3073
f 2020/3280/3073 1993/3279/3072 2017/3281/3074
f 2020/3280/3073 2017/3281/3074 2012/3282/3075
f 2012/3282/3075 2017/3281/3074 2011/3283/3076
f 2011/3283/3076 2017/3281/3074 2021/3284/3077
f 2011/3283/3076 2021/3284/3077 2010/3285/3078
f 2010/3285/3078 2021/3284/3077 2016/3286/3079
f 2010/3285/3078 2016/3286/3079 2009/3287/3080
f 2009/3287/3080 2016/3286/3079 2022/3288/3081
f 2009/3287/3080 2022/3288/3081 2023/3289/3082
f 2023/3289/3082 2022/3288/3081 1996/3290/3083
f 2023/3289/3082 1996/3290/3083 1997/3291/3084
f 1993/3279/3072 1994/3292/3085 2017/3281/3074
f 2017/3281/3074 1994/3292/3085 2021/3284/3077
f 1994/3292/3085 1995/3293/3086 2021/3284/3077
f 2021/3284/3077 1995/3293/3086 2016/3286/3079
f 1995/3293/3086 1996/3290/3083 2016/3286/3079
f 2016/3286/3079 1996/3290/3083 2022/3288/3081
f 2023/3289/3082 1997/3291/3084 2024/3294/3087
f 2024/3294/3087 1997/3291/3084 1998/3295/3088
f 2024/3294/3087 1998/3295/3088 2025/3296/3089
f 2025/3296/3089 1998/3295/3088 2015/3297/3090
f 2025/3296/3089 2015/3297/3090 2007/3298/3091
f 2007/3298/3091 2015/3297/3090 2006/3299/3092
f 2006/3299/3092 2015/3297/3090 2026/3300/3093
f 2006/3299/3092 2026/3300/3093 2005/3301/3094
f 2005/3301/3094 2026/3300/3093 2014/3302/3095
f 2005/3301/3094 2014/3302/3095 2004/3303/3096
f 2004/3303/3096 2014/3302/3095 2027/3304/3097
f 2004/3303/3096 2027/3304/3097 2028/3305/3098
f 2028/3305/3098 2027/3304/3097 2001/3306/3099
f 2028/3305/3098 2001/3306/3099 2002/3307/3100
f 1998/3295/3088 1999/3308/3101 2015/3297/3090
f 2015/3297/3090 1999/3308/3101 2026/3300/3093
f 1999/3308/3101 2000/3309/3102 2026/3300/3093
f 2026/3300/3093 2000/3309/3102 2014/3302/3095
f 2000/3309/3102 2001/3306/3099 2014/3302/3095
f 2014/3302/3095 2001/3306/3099 2027/3304/3097
f 1964/3310/3063 1963/3311/3038 2002/3307/3100
f 2002/3307/3100 1963/3311/3038 2029/3312/3103
f 2002/3307/3100 2029/3312/3103 2028/3305/3098
f 2028/3305/3098 2029/3312/3103 2003/3313/3104
f 2028/3305/3098 2003/3313/3104 2004/3303/3096
f 1963/3311/3038 1962/3314/3033 2029/3312/3103
f 2029/3312/3103 1962/3314/3033 1961/3315/3035
f 2029/3312/3103 1961/3315/3035 2003/3313/3104
f 2025/3296/3089 2007/3298/3091 2024/3294/3087
f 2024/3294/3087 2007/3298/3091 2008/3316/3105
f 2024/3294/3087 2008/3316/3105 2023/3289/3082
f 2023/3289/3082 2008/3316/3105 2009/3287/3080
f 2020/3280/3073 2012/3282/3075 2019/3278/3071
f 2019/3278/3071 2012/3282/3075 2013/3271/3064
f 2019/3278/3071 2013/3271/3064 2018/3273/3066
f 1706/3317/3106 1705/3318/3107 2042/3319/3108
f 2042/3319/3108 1705/3318/3107 1825/3320/2863
f 2042/3319/3108 1825/3320/2863 2041/3321/3109
f 2041/3321/3109 1825/3320/2863 1824/3322/2874
f 2041/3321/3109 1824/3322/2874 2040/3323/3110
f 2040/3323/3110 1824/3322/2874 1823/3324/2875
f 2040/3323/3110 1823/3324/2875 2039/3325/3111
f 2039/3325/3111 1823/3324/2875 1822/3326/2877
f 2039/3325/3111 1822/3326/2877 2038/3327/3112
f 2038/3327/3112 1822/3326/2877 1821/3328/2879
f 2038/3327/3112 1821/3328/2879 2037/3329/3113
f 2037/3329/3113 1821/3328/2879 1820/3330/2908
f 2037/3329/3113 1820/3330/2908 2036/3331/3114
f 2036/3331/3114 1820/3330/2908 1819/3332/2890
f 2036/3331/3114 1819/3332/2890 2035/3333/3115
f 2035/3333/3115 1819/3332/2890 1818/3334/2891
f 2035/3333/3115 1818/3334/2891 2034/3335/3116
f 2034/3335/3116 1818/3334/2891 1817/3336/2893
f 2034/3335/3116 1817/3336/2893 2033/3337/3117
f 2033/3337/3117 1817/3336/2893 1816/3338/2895
f 2033/3337/3117 1816/3338/2895 2032/3339/3118
f 2032/3339/3118 1816/3338/2895 1815/3340/2905
f 2032/3339/3118 1815/3340/2905 2031/3341/3119
f 2031/3341/3119 1815/3340/2905 1814/3342/2907
f 2031/3341/3119 1814/3342/2907 2030/3343/3120
f 1814/3344/2907 1845/3345/3121 2030/3346/3120
f 2030/3346/3120 1845/3345/3121 2043/3347/3122
f 1845/3348/3121 1898/3349/2944 2043/3350/3122
f 2043/3350/3122 1898/3349/2944 2054/3351/3123
f 2054/3351/3123 1898/3349/2944 1897/3352/3124
f 2054/3351/3123 1897/3352/3124 2053/3353/3125
f 2053/3353/3125 1897/3352/3124 1896/3354/2985
f 2053/3353/3125 1896/3354/2985 2052/3355/3126
f 2052/3355/3126 1896/3354/2985 1895/3356/2984
f 2052/3355/3126 1895/3356/2984 2051/3357/3127
f 2051/3357/3127 1895/3356/2984 1894/3358/3128
f 2051/3357/3127 1894/3358/3128 2050/3359/3129
f 2050/3359/3129 1894/3358/3128 1893/3360/3130
f 2050/3359/3129 1893/3360/3130 2049/3361/3131
f 2049/3361/3131 1893/3360/3130 1892/3362/3132
f 2049/3361/3131 1892/3362/3132 2048/3363/3133
f 2048/3363/3133 1892/3362/3132 1891/3364/2983
f 2048/3363/3133 1891/3364/2983 2047/3365/3134
f 2047/3365/3134 1891/3364/2983 1890/3366/2982
f 2047/3365/3134 1890/3366/2982 2046/3367/3135
f 2046/3367/3135 1890/3366/2982 1889/3368/3136
f 2046/3367/3135 1889/3368/3136 2045/3369/3137
f 2045/3369/3137 1889/3368/3136 1888/3370/2975
f 2045/3369/3137 1888/3370/2975 2044/3371/3138
f 2044/3371/3138 1888/3370/2975 1887/3372/3139
f 1887/3373/3139 1918/3374/3140 2044/3375/3138
f 2044/3375/3138 1918/3374/3140 2055/3376/3141
f 1918/3377/3140 1944/3378/2991 2055/3379/3141
f 2055/3379/3141 1944/3378/2991 2066/3380/3142
f 2066/3380/3142 1944/3378/2991 1943/3381/2999
f 2066/3380/3142 1943/3381/2999 2065/3382/3143
f 2065/3382/3143 1943/3381/2999 1942/3383/3032
f 2065/3382/3143 1942/3383/3032 2064/3384/3144
f 2064/3384/3144 1942/3383/3032 1941/3385/3145
f 2064/3384/3144 1941/3385/3145 2063/3386/3146
f 2063/3386/3146 1941/3385/3145 1940/3387/3006
f 2063/3386/3146 1940/3387/3006 2062/3388/3147
f 2062/3388/3147 1940/3387/3006 1939/3389/3007
f 2062/3388/3147 1939/3389/3007 2061/3390/3148
f 2061/3390/3148 1939/3389/3007 1938/3391/3009
f 2061/3390/3148 1938/3391/3009 2060/3392/3149
f 2060/3392/3149 1938/3391/3009 1937/3393/3030
f 2060/3392/3149 1937/3393/3030 2059/3394/3150
f 2059/3394/3150 1937/3393/3030 1936/3395/3151
f 2059/3394/3150 1936/3395/3151 2058/3396/3152
f 2058/3396/3152 1936/3395/3151 1935/3397/3153
f 2058/3396/3152 1935/3397/3153 2057/3398/3154
f 2057/3398/3154 1935/3397/3153 1934/3399/3155
f 2057/3398/3154 1934/3399/3155 2056/3400/3156
f 2056/3400/3156 1934/3399/3155 1933/3401/3157
f 1933/3402/3157 1964/3403/3158 2056/3404/3156
f 2056/3404/3156 1964/3403/3158 2067/3405/3159
f 1707/3406/3160 2068/3407/3161 1708/3408/3162
f 1708/3408/3162 2068/3407/3161 1992/3409/3163
f 1992/3409/3163 2068/3407/3161 2069/3410/3164
f 1992/3409/3163 2069/3410/3164 1993/3411/3165
f 1993/3411/3165 2069/3410/3164 2070/3412/3166
f 1993/3411/3165 2070/3412/3166 1994/3413/3167
f 1994/3413/3167 2070/3412/3166 2071/3414/3168
f 1994/3413/3167 2071/3414/3168 1995/3415/3169
f 1995/3415/3169 2071/3414/3168 2072/3416/3170
f 1995/3415/3169 2072/3416/3170 1996/3417/3171
f 1996/3417/3171 2072/3416/3170 2073/3418/3172
f 1996/3417/3171 2073/3418/3172 1997/3419/3173
f 1997/3419/3173 2073/3418/3172 2074/3420/3174
f 1997/3419/3173 2074/3420/3174 1998/3421/3175
f 1998/3421/3175 2074/3420/3174 2075/3422/3176
f 1998/3421/3175 2075/3422/3176 1999/3423/3177
f 1999/3423/3177 2075/3422/3176 2076/3424/3178
f 1999/3423/3177 2076/3424/3178 2000/3425/3179
f 2000/3425/3179 2076/3424/3178 2077/3426/3180
f 2000/3425/3179 2077/3426/3180 2001/3427/3181
f 2001/3427/3181 2077/3426/3180 2078/3428/3182
f 2001/3427/3181 2078/3428/3182 2002/3429/3183
f 2002/3429/3183 2078/3428/3182 2079/3430/3184
f 2002/3429/3183 2079/3430/3184 1964/3431/3158
f 1964/3431/3158 2079/3430/3184 2067/3432/3159
f 1639/3433/3185 1638/3434/3186 2099/3435/3187
f 2099/3435/3187 1638/3434/3186 2134/3436/3188
f 2099/3435/3187 2134/3436/3188 2141/3437/3189
f 2141/3437/3189 2134/3436/3188 2133/3438/3190
f 2141/3437/3189 2133/3438/3190 2140/3439/3191
f 2140/3439/3191 2133/3438/3190 2132/3440/3192
f 2140/3439/3191 2132/3440/3192 2139/3441/3193
f 2139/3441/3193 2132/3440/3192 2131/3442/3194
f 2139/3441/3193 2131/3442/3194 2138/3443/3195
f 2138/3443/3195 2131/3442/3194 2130/3444/3196
f 2138/3443/3195 2130/3444/3196 2137/3445/3197
f 2137/3445/3197 2130/3444/3196 2129/3446/3198
f 2137/3445/3197 2129/3446/3198 2136/3447/3199
f 2136/3447/3199 2129/3446/3198 2128/3448/3200
f 2136/3447/3199 2128/3448/3200 2135/3449/3201
f 2135/3449/3201 2128/3448/3200 1799/3450/3202
f 2135/3449/3201 1799/3450/3202 1798/3451/3203
f 1638/3434/3186 1637/3452/3204 2134/3436/3188
f 2134/3436/3188 1637/3452/3204 2133/3438/3190
f 1637/3452/3204 1636/3453/3205 2133/3438/3190
f 2133/3438/3190 1636/3453/3205 1635/3454/3206
f 2133/3438/3190 1635/3454/3206 2132/3440/3192
f 2132/3440/3192 1635/3454/3206 1634/3455/3207
f 2132/3440/3192 1634/3455/3207 2131/3442/3194
f 2131/3442/3194 1634/3455/3207 1633/3456/3208
f 2131/3442/3194 1633/3456/3208 2130/3444/3196
f 2130/3444/3196 1633/3456/3208 1632/3457/3209
f 2130/3444/3196 1632/3457/3209 2129/3446/3198
f 2129/3446/3198 1632/3457/3209 2128/3448/3200
f 1632/3457/3209 1631/3458/3210 2128/3448/3200
f 2128/3448/3200 1631/3458/3210 1799/3450/3202
f 1797/3459/3211 2142/3460/3212 1798/3451/3203
f 1798/3451/3203 2142/3460/3212 2155/3461/3213
f 1798/3451/3203 2155/3461/3213 2135/3449/3201
f 2135/3449/3201 2155/3461/3213 2154/3462/3214
f 2135/3449/3201 2154/3462/3214 2136/3447/3199
f 2136/3447/3199 2154/3462/3214 2153/3463/3215
f 2136/3447/3199 2153/3463/3215 2137/3445/3197
f 2137/3445/3197 2153/3463/3215 2152/3464/3216
f 2137/3445/3197 2152/3464/3216 2138/3443/3195
f 2138/3443/3195 2152/3464/3216 2151/3465/3217
f 2138/3443/3195 2151/3465/3217 2139/3441/3193
f 2139/3441/3193 2151/3465/3217 2150/3466/3218
f 2139/3441/3193 2150/3466/3218 2140/3439/3191
f 2140/3439/3191 2150/3466/3218 2149/3467/3219
f 2140/3439/3191 2149/3467/3219 2141/3437/3189
f 2141/3437/3189 2149/3467/3219 2098/3468/3220
f 2141/3437/3189 2098/3468/3220 2099/3435/3187
f 2142/3460/3212 1797/3459/3211 2156/3469/3221
f 2156/3469/3221 1797/3459/3211 1796/3470/3222
f 2156/3469/3221 1796/3470/3222 2176/3471/3223
f 2176/3471/3223 1796/3470/3222 2163/3472/3224
f 2176/3471/3223 2163/3472/3224 2164/3473/3225
f 2164/3473/3225 2163/3472/3224 2188/3474/3226
f 2164/3473/3225 2188/3474/3226 2187/3475/3227
f 2187/3475/3227 2188/3474/3226 2179/3476/3228
f 2187/3475/3227 2179/3476/3228 2180/3477/3229
f 2180/3477/3229 2179/3476/3228 2198/3478/3230
f 2180/3477/3229 2198/3478/3230 2197/3479/3231
f 2197/3479/3231 2198/3478/3230 2193/3480/3232
f 2197/3479/3231 2193/3480/3232 2194/3481/3233
f 2194/3481/3233 2193/3480/3232 2208/3482/3234
f 2194/3481/3233 2208/3482/3234 2104/3483/3235
f 2104/3483/3235 2208/3482/3234 2207/3484/3236
f 2104/3483/3235 2207/3484/3236 2093/3485/3237
f 2093/3485/3237 2207/3484/3236 2106/3486/3238
f 2093/3485/3237 2106/3486/3238 2092/3487/3239
f 2092/3487/3239 2106/3486/3238 2219/3488/3240
f 2092/3487/3239 2219/3488/3240 2108/3489/3241
f 2108/3489/3241 2219/3488/3240 2218/3490/3242
f 2108/3489/3241 2218/3490/3242 2232/3491/3243
f 2232/3491/3243 2218/3490/3242 2217/3492/3244
f 2232/3491/3243 2217/3492/3244 2233/3493/3245
f 2233/3493/3245 2217/3492/3244 2216/3494/3246
f 2233/3493/3245 2216/3494/3246 2234/3495/3247
f 2234/3495/3247 2216/3494/3246 2215/3496/3248
f 2234/3495/3247 2215/3496/3248 2235/3497/3249
f 2235/3497/3249 2215/3496/3248 2214/3498/3250
f 2235/3497/3249 2214/3498/3250 2236/3499/3251
f 2236/3499/3251 2214/3498/3250 2213/3500/3252
f 2236/3499/3251 2213/3500/3252 2109/3501/3253
f 2109/3501/3253 2213/3500/3252 1792/3502/3254
f 2109/3501/3253 1792/3502/3254 1791/3503/3255
f 2163/3472/3224 1796/3470/3222 2101/3504/3256
f 2101/3504/3256 1796/3470/3222 1795/3505/3257
f 2101/3504/3256 1795/3505/3257 2177/3506/3258
f 2177/3506/3258 1795/3505/3257 2103/3507/3259
f 2177/3506/3258 2103/3507/3259 2200/3508/3260
f 2200/3508/3260 2103/3507/3259 2190/3509/3261
f 2200/3508/3260 2190/3509/3261 2191/3510/3262
f 2191/3510/3262 2190/3509/3261 2211/3511/3263
f 2191/3510/3262 2211/3511/3263 2210/3512/3264
f 2210/3512/3264 2211/3511/3263 2204/3513/3265
f 2210/3512/3264 2204/3513/3265 2205/3514/3266
f 2205/3514/3266 2204/3513/3265 2221/3515/3267
f 2205/3514/3266 2221/3515/3267 2220/3516/3268
f 2220/3516/3268 2221/3515/3267 2218/3490/3242
f 2220/3516/3268 2218/3490/3242 2219/3488/3240
f 1795/3505/3257 1794/3517/3269 2103/3507/3259
f 2103/3507/3259 1794/3517/3269 2189/3518/3270
f 2103/3507/3259 2189/3518/3270 2190/3509/3261
f 2190/3509/3261 2189/3518/3270 2212/3519/3271
f 2190/3509/3261 2212/3519/3271 2211/3511/3263
f 2211/3511/3263 2212/3519/3271 2203/3520/3272
f 2211/3511/3263 2203/3520/3272 2204/3513/3265
f 2204/3513/3265 2203/3520/3272 2222/3521/3273
f 2204/3513/3265 2222/3521/3273 2221/3515/3267
f 2221/3515/3267 2222/3521/3273 2217/3492/3244
f 2221/3515/3267 2217/3492/3244 2218/3490/3242
f 2189/3518/3270 1794/3517/3269 2105/3522/3274
f 2105/3522/3274 1794/3517/3269 1793/3523/3275
f 2105/3522/3274 1793/3523/3275 2201/3524/3276
f 2201/3524/3276 1793/3523/3275 2107/3525/3277
f 2201/3524/3276 2107/3525/3277 2224/3526/3278
f 2224/3526/3278 2107/3525/3277 2214/3498/3250
f 2224/3526/3278 2214/3498/3250 2215/3496/3248
f 1793/3523/3275 1792/3502/3254 2107/3525/3277
f 2107/3525/3277 1792/3502/3254 2213/3500/3252
f 2107/3525/3277 2213/3500/3252 2214/3498/3250
f 1790/3527/3279 2111/3528/3280 1791/3503/3255
f 1791/3503/3255 2111/3528/3280 2225/3529/3281
f 1791/3503/3255 2225/3529/3281 2109/3501/3253
f 2109/3501/3253 2225/3529/3281 2226/3530/3282
f 2109/3501/3253 2226/3530/3282 2236/3499/3251
f 2236/3499/3251 2226/3530/3282 2227/3531/3283
f 2236/3499/3251 2227/3531/3283 2235/3497/3249
f 2235/3497/3249 2227/3531/3283 2228/3532/3284
f 2235/3497/3249 2228/3532/3284 2234/3495/3247
f 2234/3495/3247 2228/3532/3284 2229/3533/3285
f 2234/3495/3247 2229/3533/3285 2233/3493/3245
f 2233/3493/3245 2229/3533/3285 2230/3534/3286
f 2233/3493/3245 2230/3534/3286 2232/3491/3243
f 2232/3491/3243 2230/3534/3286 2231/3535/3287
f 2232/3491/3243 2231/3535/3287 2108/3489/3241
f 2108/3489/3241 2231/3535/3287 2091/3536/3288
f 2108/3489/3241 2091/3536/3288 2092/3487/3239
f 1789/3537/3289 2113/3538/3290 1790/3527/3279
f 1790/3527/3279 2113/3538/3290 2237/3539/3291
f 1790/3527/3279 2237/3539/3291 2111/3528/3280
f 2111/3528/3280 2237/3539/3291 2238/3540/3292
f 2111/3528/3280 2238/3540/3292 2248/3541/3293
f 2248/3541/3293 2238/3540/3292 2239/3542/3294
f 2248/3541/3293 2239/3542/3294 2247/3543/3295
f 2247/3543/3295 2239/3542/3294 2240/3544/3296
f 2247/3543/3295 2240/3544/3296 2246/3545/3297
f 2246/3545/3297 2240/3544/3296 2241/3546/3298
f 2246/3545/3297 2241/3546/3298 2245/3547/3299
f 2245/3547/3299 2241/3546/3298 2242/3548/3300
f 2245/3547/3299 2242/3548/3300 2244/3549/3301
f 2244/3549/3301 2242/3548/3300 2243/3550/3302
f 2244/3549/3301 2243/3550/3302 2110/3551/3303
f 2110/3551/3303 2243/3550/3302 2090/3552/3304
f 2110/3551/3303 2090/3552/3304 2091/3536/3288
f 1788/3553/3305 2115/3554/3306 1789/3537/3289
f 1789/3537/3289 2115/3554/3306 2249/3555/3307
f 1789/3537/3289 2249/3555/3307 2113/3538/3290
f 2113/3538/3290 2249/3555/3307 2250/3556/3308
f 2113/3538/3290 2250/3556/3308 2260/3557/3309
f 2260/3557/3309 2250/3556/3308 2251/3558/3310
f 2260/3557/3309 2251/3558/3310 2259/3559/3311
f 2259/3559/3311 2251/3558/3310 2252/3560/3312
f 2259/3559/3311 2252/3560/3312 2258/3561/3313
f 2258/3561/3313 2252/3560/3312 2253/3562/3314
f 2258/3561/3313 2253/3562/3314 2257/3563/3315
f 2257/3563/3315 2253/3562/3314 2254/3564/3316
f 2257/3563/3315 2254/3564/3316 2256/3565/3317
f 2256/3565/3317 2254/3564/3316 2255/3566/3318
f 2256/3565/3317 2255/3566/3318 2112/3567/3319
f 2112/3567/3319 2255/3566/3318 2089/3568/3320
f 2112/3567/3319 2089/3568/3320 2090/3552/3304
f 1787/3569/3321 2117/3570/3322 1788/3553/3305
f 1788/3553/3305 2117/3570/3322 2261/3571/3323
f 1788/3553/3305 2261/3571/3323 2115/3554/3306
f 2115/3554/3306 2261/3571/3323 2262/3572/3324
f 2115/3554/3306 2262/3572/3324 2272/3573/3325
f 2272/3573/3325 2262/3572/3324 2263/3574/3326
f 2272/3573/3325 2263/3574/3326 2271/3575/3327
f 2271/3575/3327 2263/3574/3326 2264/3576/3328
f 2271/3575/3327 2264/3576/3328 2270/3577/3329
f 2270/3577/3329 2264/3576/3328 2265/3578/3330
f 2270/3577/3329 2265/3578/3330 2269/3579/3331
f 2269/3579/3331 2265/3578/3330 2266/3580/3332
f 2269/3579/3331 2266/3580/3332 2268/3581/3333
f 2268/3581/3333 2266/3580/3332 2267/3582/3334
f 2268/3581/3333 2267/3582/3334 2114/3583/3335
f 2114/3583/3335 2267/3582/3334 2088/3584/3336
f 2114/3583/3335 2088/3584/3336 2089/3568/3320
f 1786/3585/3337 2119/3586/3338 1787/3569/3321
f 1787/3569/3321 2119/3586/3338 2273/3587/3339
f 1787/3569/3321 2273/3587/3339 2286/3588/3340
f 2286/3588/3340 2273/3587/3339 2274/3589/3341
f 2286/3588/3340 2274/3589/3341 2285/3590/3342
f 2285/3590/3342 2274/3589/3341 2275/3591/3343
f 2285/3590/3342 2275/3591/3343 2284/3592/3344
f 2284/3592/3344 2275/3591/3343 2276/3593/3345
f 2284/3592/3344 2276/3593/3345 2283/3594/3346
f 2283/3594/3346 2276/3593/3345 2277/3595/3347
f 2283/3594/3346 2277/3595/3347 2282/3596/3348
f 2282/3596/3348 2277/3595/3347 2278/3597/3349
f 2282/3596/3348 2278/3597/3349 2281/3598/3350
f 2281/3598/3350 2278/3597/3349 2279/3599/3351
f 2281/3598/3350 2279/3599/3351 2280/3600/3352
f 2280/3600/3352 2279/3599/3351 2087/3601/3353
f 2280/3600/3352 2087/3601/3353 2116/3602/3354
f 2116/3602/3354 2087/3601/3353 2088/3584/3336
f 2116/3602/3354 2088/3584/3336 2267/3582/3334
f 1785/3603/3355 2121/3604/3356 1786/3585/3337
f 1786/3585/3337 2121/3604/3356 2287/3605/3357
f 1786/3585/3337 2287/3605/3357 2300/3606/3358
f 2300/3606/3358 2287/3605/3357 2288/3607/3359
f 2300/3606/3358 2288/3607/3359 2299/3608/3360
f 2299/3608/3360 2288/3607/3359 2289/3609/3361
f 2299/3608/3360 2289/3609/3361 2298/3610/3362
f 2298/3610/3362 2289/3609/3361 2290/3611/3363
f 2298/3610/3362 2290/3611/3363 2297/3612/3364
f 2297/3612/3364 2290/3611/3363 2291/3613/3365
f 2297/3612/3364 2291/3613/3365 2296/3614/3366
f 2296/3614/3366 2291/3613/3365 2292/3615/3367
f 2296/3614/3366 2292/3615/3367 2295/3616/3368
f 2295/3616/3368 2292/3615/3367 2293/3617/3369
f 2295/3616/3368 2293/3617/3369 2294/3618/3370
f 2294/3618/3370 2293/3617/3369 2086/3619/3371
f 2294/3618/3370 2086/3619/3371 2118/3620/3372
f 2118/3620/3372 2086/3619/3371 2087/3601/3353
f 2118/3620/3372 2087/3601/3353 2279/3599/3351
f 1784/3621/3373 2123/3622/3374 1785/3603/3355
f 1785/3603/3355 2123/3622/3374 2301/3623/3375
f 1785/3603/3355 2301/3623/3375 2314/3624/3376
f 2314/3624/3376 2301/3623/3375 2302/3625/3377
f 2314/3624/3376 2302/3625/3377 2313/3626/3378
f 2313/3626/3378 2302/3625/3377 2303/3627/3379
f 2313/3626/3378 2303/3627/3379 2312/3628/3380
f 2312/3628/3380 2303/3627/3379 2304/3629/3381
f 2312/3628/3380 2304/3629/3381 2311/3630/3382
f 2311/3630/3382 2304/3629/3381 2305/3631/3383
f 2311/3630/3382 2305/3631/3383 2310/3632/3384
f 2310/3632/3384 2305/3631/3383 2306/3633/3385
f 2310/3632/3384 2306/3633/3385 2309/3634/3386
f 2309/3634/3386 2306/3633/3385 2307/3635/3387
f 2309/3634/3386 2307/3635/3387 2308/3636/3388
f 2308/3636/3388 2307/3635/3387 2085/3637/3389
f 2308/3636/3388 2085/3637/3389 2120/3638/3390
f 2120/3638/3390 2085/3637/3389 2086/3619/3371
f 2120/3638/3390 2086/3619/3371 2293/3617/3369
f 1783/3639/3391 2125/3640/3392 1784/3621/3373
f 1784/3621/3373 2125/3640/3392 2315/3641/3393
f 1784/3621/3373 2315/3641/3393 2328/3642/3394
f 2328/3642/3394 2315/3641/3393 2316/3643/3395
f 2328/3642/3394 2316/3643/3395 2327/3644/3396
f 2327/3644/3396 2316/3643/3395 2317/3645/3397
f 2327/3644/3396 2317/3645/3397 2326/3646/3398
f 2326/3646/3398 2317/3645/3397 2318/3647/3399
f 2326/3646/3398 2318/3647/3399 2325/3648/3400
f 2325/3648/3400 2318/3647/3399 2319/3649/3401
f 2325/3648/3400 2319/3649/3401 2324/3650/3402
f 2324/3650/3402 2319/3649/3401 2320/3651/3403
f 2324/3650/3402 2320/3651/3403 2323/3652/3404
f 2323/3652/3404 2320/3651/3403 2321/3653/3405
f 2323/3652/3404 2321/3653/3405 2322/3654/3406
f 2322/3654/3406 2321/3653/3405 2084/3655/3407
f 2322/3654/3406 2084/3655/3407 2122/3656/3408
f 2122/3656/3408 2084/3655/3407 2085/3637/3389
f 2122/3656/3408 2085/3637/3389 2307/3635/3387
f 1782/3657/3409 2127/3658/3410 1783/3639/3391
f 1783/3639/3391 2127/3658/3410 2329/3659/3411
f 1783/3639/3391 2329/3659/3411 2342/3660/3412
f 2342/3660/3412 2329/3659/3411 2330/3661/3413
f 2342/3660/3412 2330/3661/3413 2341/3662/3414
f 2341/3662/3414 2330/3661/3413 2331/3663/3415
f 2341/3662/3414 2331/3663/3415 2340/3664/3416
f 2340/3664/3416 2331/3663/3415 2332/3665/3417
f 2340/3664/3416 2332/3665/3417 2339/3666/3418
f 2339/3666/3418 2332/3665/3417 2333/3667/3419
f 2339/3666/3418 2333/3667/3419 2338/3668/3420
f 2338/3668/3420 2333/3667/3419 2334/3669/3421
f 2338/3668/3420 2334/3669/3421 2337/3670/3422
f 2337/3670/3422 2334/3669/3421 2335/3671/3423
f 2337/3670/3422 2335/3671/3423 2336/3672/3424
f 2336/3672/3424 2335/3671/3423 2083/3673/3425
f 2336/3672/3424 2083/3673/3425 2124/3674/3426
f 2124/3674/3426 2083/3673/3425 2084/3655/3407
f 2124/3674/3426 2084/3655/3407 2321/3653/3405
f 1782/3657/3409 2080/3675/3427 2127/3658/3410
f 2127/3658/3410 2080/3675/3427 2347/3676/3428
f 2127/3658/3410 2347/3676/3428 2329/3659/3411
f 2329/3659/3411 2347/3676/3428 2330/3661/3413
f 2081/3677/3429 2345/3678/3430 2080/3675/3427
f 2080/3675/3427 2345/3678/3430 2346/3679/3431
f 2080/3675/3427 2346/3679/3431 2347/3676/3428
f 2347/3676/3428 2346/3679/3431 2330/3661/3413
f 2082/3680/3432 2126/3681/3433 2081/3677/3429
f 2081/3677/3429 2126/3681/3433 2343/3682/3434
f 2081/3677/3429 2343/3682/3434 2344/3683/3435
f 2344/3683/3435 2343/3682/3434 2333/3667/3419
f 2344/3683/3435 2333/3667/3419 2332/3665/3417
f 2082/3680/3432 2083/3673/3425 2126/3681/3433
f 2126/3681/3433 2083/3673/3425 2335/3671/3423
f 2126/3681/3433 2335/3671/3423 2334/3669/3421
f 2093/3485/3237 2094/3684/3436 2104/3483/3235
f 2104/3483/3235 2094/3684/3436 2195/3685/3437
f 2104/3483/3235 2195/3685/3437 2194/3481/3233
f 2194/3481/3233 2195/3685/3437 2196/3686/3438
f 2194/3481/3233 2196/3686/3438 2197/3479/3231
f 2197/3479/3231 2196/3686/3438 2181/3687/3439
f 2197/3479/3231 2181/3687/3439 2180/3477/3229
f 2180/3477/3229 2181/3687/3439 2186/3688/3440
f 2180/3477/3229 2186/3688/3440 2187/3475/3227
f 2187/3475/3227 2186/3688/3440 2165/3689/3441
f 2187/3475/3227 2165/3689/3441 2164/3473/3225
f 2164/3473/3225 2165/3689/3441 2175/3690/3442
f 2164/3473/3225 2175/3690/3442 2176/3471/3223
f 2176/3471/3223 2175/3690/3442 2156/3469/3221
f 2195/3685/3437 2094/3684/3436 2102/3691/3443
f 2102/3691/3443 2094/3684/3436 2095/3692/3444
f 2102/3691/3443 2095/3692/3444 2183/3693/3445
f 2183/3693/3445 2095/3692/3444 2100/3694/3446
f 2183/3693/3445 2100/3694/3446 2184/3695/3447
f 2184/3695/3447 2100/3694/3446 2168/3696/3448
f 2184/3695/3447 2168/3696/3448 2167/3697/3449
f 2167/3697/3449 2168/3696/3448 2172/3698/3450
f 2167/3697/3449 2172/3698/3450 2173/3699/3451
f 2173/3699/3451 2172/3698/3450 2159/3700/3452
f 2173/3699/3451 2159/3700/3452 2158/3701/3453
f 2158/3701/3453 2159/3700/3452 2144/3702/3454
f 2158/3701/3453 2144/3702/3454 2143/3703/3455
f 2143/3703/3455 2144/3702/3454 2154/3462/3214
f 2143/3703/3455 2154/3462/3214 2155/3461/3213
f 2095/3692/3444 2096/3704/3456 2100/3694/3446
f 2100/3694/3446 2096/3704/3456 2169/3705/3457
f 2100/3694/3446 2169/3705/3457 2168/3696/3448
f 2168/3696/3448 2169/3705/3457 2171/3706/3458
f 2168/3696/3448 2171/3706/3458 2172/3698/3450
f 2172/3698/3450 2171/3706/3458 2160/3707/3459
f 2172/3698/3450 2160/3707/3459 2159/3700/3452
f 2159/3700/3452 2160/3707/3459 2145/3708/3460
f 2159/3700/3452 2145/3708/3460 2144/3702/3454
f 2144/3702/3454 2145/3708/3460 2153/3463/3215
f 2144/3702/3454 2153/3463/3215 2154/3462/3214
f 2097/3709/3461 2162/3710/3462 2096/3704/3456
f 2096/3704/3456 2162/3710/3462 2170/3711/3463
f 2096/3704/3456 2170/3711/3463 2169/3705/3457
f 2169/3705/3457 2170/3711/3463 2171/3706/3458
f 2162/3710/3462 2097/3709/3461 2148/3712/3464
f 2148/3712/3464 2097/3709/3461 2098/3468/3220
f 2148/3712/3464 2098/3468/3220 2149/3467/3219
f 2091/3536/3288 2231/3535/3287 2110/3551/3303
f 2110/3551/3303 2231/3535/3287 2230/3534/3286
f 2110/3551/3303 2230/3534/3286 2244/3549/3301
f 2244/3549/3301 2230/3534/3286 2229/3533/3285
f 2244/3549/3301 2229/3533/3285 2245/3547/3299
f 2245/3547/3299 2229/3533/3285 2228/3532/3284
f 2245/3547/3299 2228/3532/3284 2246/3545/3297
f 2246/3545/3297 2228/3532/3284 2227/3531/3283
f 2246/3545/3297 2227/3531/3283 2247/3543/3295
f 2247/3543/3295 2227/3531/3283 2226/3530/3282
f 2247/3543/3295 2226/3530/3282 2248/3541/3293
f 2248/3541/3293 2226/3530/3282 2225/3529/3281
f 2248/3541/3293 2225/3529/3281 2111/3528/3280
f 2090/3552/3304 2243/3550/3302 2112/3567/3319
f 2112/3567/3319 2243/3550/3302 2242/3548/3300
f 2112/3567/3319 2242/3548/3300 2256/3565/3317
f 2256/3565/3317 2242/3548/3300 2241/3546/3298
f 2256/3565/3317 2241/3546/3298 2257/3563/3315
f 2257/3563/3315 2241/3546/3298 2240/3544/3296
f 2257/3563/3315 2240/3544/3296 2258/3561/3313
f 2258/3561/3313 2240/3544/3296 2239/3542/3294
f 2258/3561/3313 2239/3542/3294 2259/3559/3311
f 2259/3559/3311 2239/3542/3294 2238/3540/3292
f 2259/3559/3311 2238/3540/3292 2260/3557/3309
f 2260/3557/3309 2238/3540/3292 2237/3539/3291
f 2260/3557/3309 2237/3539/3291 2113/3538/3290
f 2089/3568/3320 2255/3566/3318 2114/3583/3335
f 2114/3583/3335 2255/3566/3318 2254/3564/3316
f 2114/3583/3335 2254/3564/3316 2268/3581/3333
f 2268/3581/3333 2254/3564/3316 2253/3562/3314
f 2268/3581/3333 2253/3562/3314 2269/3579/3331
f 2269/3579/3331 2253/3562/3314 2252/3560/3312
f 2269/3579/3331 2252/3560/3312 2270/3577/3329
f 2270/3577/3329 2252/3560/3312 2251/3558/3310
f 2270/3577/3329 2251/3558/3310 2271/3575/3327
f 2271/3575/3327 2251/3558/3310 2250/3556/3308
f 2271/3575/3327 2250/3556/3308 2272/3573/3325
f 2272/3573/3325 2250/3556/3308 2249/3555/3307
f 2272/3573/3325 2249/3555/3307 2115/3554/3306
f 1787/3569/3321 2286/3588/3340 2117/3570/3322
f 2117/3570/3322 2286/3588/3340 2285/3590/3342
f 2117/3570/3322 2285/3590/3342 2372/3713/3465
f 2372/3713/3465 2285/3590/3342 2284/3592/3344
f 2372/3713/3465 2284/3592/3344 2371/3714/3466
f 2371/3714/3466 2284/3592/3344 2283/3594/3346
f 2371/3714/3466 2283/3594/3346 2370/3715/3467
f 2370/3715/3467 2283/3594/3346 2282/3596/3348
f 2370/3715/3467 2282/3596/3348 2369/3716/3468
f 2369/3716/3468 2282/3596/3348 2281/3598/3350
f 2369/3716/3468 2281/3598/3350 2368/3717/3469
f 2368/3717/3469 2281/3598/3350 2280/3600/3352
f 2368/3717/3469 2280/3600/3352 2116/3602/3354
f 1786/3585/3337 2300/3606/3358 2119/3586/3338
f 2119/3586/3338 2300/3606/3358 2299/3608/3360
f 2119/3586/3338 2299/3608/3360 2367/3718/3470
f 2367/3718/3470 2299/3608/3360 2298/3610/3362
f 2367/3718/3470 2298/3610/3362 2366/3719/3471
f 2366/3719/3471 2298/3610/3362 2297/3612/3364
f 2366/3719/3471 2297/3612/3364 2365/3720/3472
f 2365/3720/3472 2297/3612/3364 2296/3614/3366
f 2365/3720/3472 2296/3614/3366 2364/3721/3473
f 2364/3721/3473 2296/3614/3366 2295/3616/3368
f 2364/3721/3473 2295/3616/3368 2363/3722/3474
f 2363/3722/3474 2295/3616/3368 2294/3618/3370
f 2363/3722/3474 2294/3618/3370 2118/3620/3372
f 1785/3603/3355 2314/3624/3376 2121/3604/3356
f 2121/3604/3356 2314/3624/3376 2313/3626/3378
f 2121/3604/3356 2313/3626/3378 2362/3723/3475
f 2362/3723/3475 2313/3626/3378 2312/3628/3380
f 2362/3723/3475 2312/3628/3380 2361/3724/3476
f 2361/3724/3476 2312/3628/3380 2311/3630/3382
f 2361/3724/3476 2311/3630/3382 2360/3725/3477
f 2360/3725/3477 2311/3630/3382 2310/3632/3384
f 2360/3725/3477 2310/3632/3384 2359/3726/3478
f 2359/3726/3478 2310/3632/3384 2309/3634/3386
f 2359/3726/3478 2309/3634/3386 2358/3727/3479
f 2358/3727/3479 2309/3634/3386 2308/3636/3388
f 2358/3727/3479 2308/3636/3388 2120/3638/3390
f 1784/3621/3373 2328/3642/3394 2123/3622/3374
f 2123/3622/3374 2328/3642/3394 2327/3644/3396
f 2123/3622/3374 2327/3644/3396 2357/3728/3480
f 2357/3728/3480 2327/3644/3396 2326/3646/3398
f 2357/3728/3480 2326/3646/3398 2356/3729/3481
f 2356/3729/3481 2326/3646/3398 2325/3648/3400
f 2356/3729/3481 2325/3648/3400 2355/3730/3482
f 2355/3730/3482 2325/3648/3400 2324/3650/3402
f 2355/3730/3482 2324/3650/3402 2354/3731/3483
f 2354/3731/3483 2324/3650/3402 2323/3652/3404
f 2354/3731/3483 2323/3652/3404 2353/3732/3484
f 2353/3732/3484 2323/3652/3404 2322/3654/3406
f 2353/3732/3484 2322/3654/3406 2122/3656/3408
f 1783/3639/3391 2342/3660/3412 2125/3640/3392
f 2125/3640/3392 2342/3660/3412 2341/3662/3414
f 2125/3640/3392 2341/3662/3414 2352/3733/3485
f 2352/3733/3485 2341/3662/3414 2340/3664/3416
f 2352/3733/3485 2340/3664/3416 2351/3734/3486
f 2351/3734/3486 2340/3664/3416 2339/3666/3418
f 2351/3734/3486 2339/3666/3418 2350/3735/3487
f 2350/3735/3487 2339/3666/3418 2338/3668/3420
f 2350/3735/3487 2338/3668/3420 2349/3736/3488
f 2349/3736/3488 2338/3668/3420 2337/3670/3422
f 2349/3736/3488 2337/3670/3422 2348/3737/3489
f 2348/3737/3489 2337/3670/3422 2336/3672/3424
f 2348/3737/3489 2336/3672/3424 2124/3674/3426
f 2155/3461/3213 2142/3460/3212 2143/3703/3455
f 2143/3703/3455 2142/3460/3212 2157/3738/3490
f 2143/3703/3455 2157/3738/3490 2158/3701/3453
f 2158/3701/3453 2157/3738/3490 2174/3739/3491
f 2158/3701/3453 2174/3739/3491 2173/3699/3451
f 2173/3699/3451 2174/3739/3491 2166/3740/3492
f 2173/3699/3451 2166/3740/3492 2167/3697/3449
f 2167/3697/3449 2166/3740/3492 2185/3741/3493
f 2167/3697/3449 2185/3741/3493 2184/3695/3447
f 2184/3695/3447 2185/3741/3493 2182/3742/3494
f 2184/3695/3447 2182/3742/3494 2183/3693/3445
f 2183/3693/3445 2182/3742/3494 2102/3691/3443
f 2152/3464/3216 2153/3463/3215 2145/3708/3460
f 2151/3465/3217 2152/3464/3216 2146/3743/3495
f 2146/3743/3495 2152/3464/3216 2145/3708/3460
f 2146/3743/3495 2145/3708/3460 2160/3707/3459
f 2150/3466/3218 2151/3465/3217 2147/3744/3496
f 2147/3744/3496 2151/3465/3217 2146/3743/3495
f 2147/3744/3496 2146/3743/3495 2161/3745/3497
f 2161/3745/3497 2146/3743/3495 2160/3707/3459
f 2161/3745/3497 2160/3707/3459 2171/3706/3458
f 2149/3467/3219 2150/3466/3218 2148/3712/3464
f 2148/3712/3464 2150/3466/3218 2147/3744/3496
f 2148/3712/3464 2147/3744/3496 2162/3710/3462
f 2162/3710/3462 2147/3744/3496 2161/3745/3497
f 2162/3710/3462 2161/3745/3497 2170/3711/3463
f 2170/3711/3463 2161/3745/3497 2171/3706/3458
f 2142/3460/3212 2156/3469/3221 2157/3738/3490
f 2157/3738/3490 2156/3469/3221 2175/3690/3442
f 2157/3738/3490 2175/3690/3442 2174/3739/3491
f 2174/3739/3491 2175/3690/3442 2165/3689/3441
f 2174/3739/3491 2165/3689/3441 2166/3740/3492
f 2166/3740/3492 2165/3689/3441 2186/3688/3440
f 2166/3740/3492 2186/3688/3440 2185/3741/3493
f 2185/3741/3493 2186/3688/3440 2181/3687/3439
f 2185/3741/3493 2181/3687/3439 2182/3742/3494
f 2182/3742/3494 2181/3687/3439 2196/3686/3438
f 2182/3742/3494 2196/3686/3438 2102/3691/3443
f 2102/3691/3443 2196/3686/3438 2195/3685/3437
f 2177/3506/3258 2178/3746/3498 2101/3504/3256
f 2101/3504/3256 2178/3746/3498 2188/3474/3226
f 2101/3504/3256 2188/3474/3226 2163/3472/3224
f 2188/3474/3226 2178/3746/3498 2179/3476/3228
f 2179/3476/3228 2178/3746/3498 2199/3747/3499
f 2179/3476/3228 2199/3747/3499 2198/3478/3230
f 2198/3478/3230 2199/3747/3499 2192/3748/3500
f 2198/3478/3230 2192/3748/3500 2193/3480/3232
f 2193/3480/3232 2192/3748/3500 2209/3749/3501
f 2193/3480/3232 2209/3749/3501 2208/3482/3234
f 2208/3482/3234 2209/3749/3501 2206/3750/3502
f 2208/3482/3234 2206/3750/3502 2207/3484/3236
f 2207/3484/3236 2206/3750/3502 2106/3486/3238
f 2199/3747/3499 2178/3746/3498 2200/3508/3260
f 2200/3508/3260 2178/3746/3498 2177/3506/3258
f 2199/3747/3499 2200/3508/3260 2191/3510/3262
f 2199/3747/3499 2191/3510/3262 2192/3748/3500
f 2192/3748/3500 2191/3510/3262 2210/3512/3264
f 2192/3748/3500 2210/3512/3264 2209/3749/3501
f 2209/3749/3501 2210/3512/3264 2205/3514/3266
f 2209/3749/3501 2205/3514/3266 2206/3750/3502
f 2206/3750/3502 2205/3514/3266 2220/3516/3268
f 2206/3750/3502 2220/3516/3268 2106/3486/3238
f 2106/3486/3238 2220/3516/3268 2219/3488/3240
f 2201/3524/3276 2202/3751/3503 2105/3522/3274
f 2105/3522/3274 2202/3751/3503 2212/3519/3271
f 2105/3522/3274 2212/3519/3271 2189/3518/3270
f 2212/3519/3271 2202/3751/3503 2203/3520/3272
f 2203/3520/3272 2202/3751/3503 2223/3752/3504
f 2203/3520/3272 2223/3752/3504 2222/3521/3273
f 2222/3521/3273 2223/3752/3504 2216/3494/3246
f 2222/3521/3273 2216/3494/3246 2217/3492/3244
f 2223/3752/3504 2202/3751/3503 2224/3526/3278
f 2224/3526/3278 2202/3751/3503 2201/3524/3276
f 2223/3752/3504 2224/3526/3278 2215/3496/3248
f 2215/3496/3248 2216/3494/3246 2223/3752/3504
f 2117/3570/3322 2372/3713/3465 2261/3571/3323
f 2261/3571/3323 2372/3713/3465 2262/3572/3324
f 2372/3713/3465 2371/3714/3466 2262/3572/3324
f 2262/3572/3324 2371/3714/3466 2263/3574/3326
f 2371/3714/3466 2370/3715/3467 2263/3574/3326
f 2263/3574/3326 2370/3715/3467 2264/3576/3328
f 2370/3715/3467 2369/3716/3468 2264/3576/3328
f 2264/3576/3328 2369/3716/3468 2265/3578/3330
f 2116/3602/3354 2267/3582/3334 2266/3580/3332
f 2369/3716/3468 2368/3717/3469 2265/3578/3330
f 2265/3578/3330 2368/3717/3469 2266/3580/3332
f 2368/3717/3469 2116/3602/3354 2266/3580/3332
f 2119/3586/3338 2367/3718/3470 2273/3587/3339
f 2273/3587/3339 2367/3718/3470 2274/3589/3341
f 2367/3718/3470 2366/3719/3471 2274/3589/3341
f 2274/3589/3341 2366/3719/3471 2275/3591/3343
f 2366/3719/3471 2365/3720/3472 2275/3591/3343
f 2275/3591/3343 2365/3720/3472 2276/3593/3345
f 2365/3720/3472 2364/3721/3473 2276/3593/3345
f 2276/3593/3345 2364/3721/3473 2277/3595/3347
f 2118/3620/3372 2279/3599/3351 2278/3597/3349
f 2364/3721/3473 2363/3722/3474 2277/3595/3347
f 2277/3595/3347 2363/3722/3474 2278/3597/3349
f 2363/3722/3474 2118/3620/3372 2278/3597/3349
f 2121/3604/3356 2362/3723/3475 2287/3605/3357
f 2287/3605/3357 2362/3723/3475 2288/3607/3359
f 2362/3723/3475 2361/3724/3476 2288/3607/3359
f 2288/3607/3359 2361/3724/3476 2289/3609/3361
f 2361/3724/3476 2360/3725/3477 2289/3609/3361
f 2289/3609/3361 2360/3725/3477 2290/3611/3363
f 2360/3725/3477 2359/3726/3478 2290/3611/3363
f 2290/3611/3363 2359/3726/3478 2291/3613/3365
f 2120/3638/3390 2293/3617/3369 2292/3615/3367
f 2359/3726/3478 2358/3727/3479 2291/3613/3365
f 2291/3613/3365 2358/3727/3479 2292/3615/3367
f 2358/3727/3479 2120/3638/3390 2292/3615/3367
f 2123/3622/3374 2357/3728/3480 2301/3623/3375
f 2301/3623/3375 2357/3728/3480 2302/3625/3377
f 2357/3728/3480 2356/3729/3481 2302/3625/3377
f 2302/3625/3377 2356/3729/3481 2303/3627/3379
f 2356/3729/3481 2355/3730/3482 2303/3627/3379
f 2303/3627/3379 2355/3730/3482 2304/3629/3381
f 2355/3730/3482 2354/3731/3483 2304/3629/3381
f 2304/3629/3381 2354/3731/3483 2305/3631/3383
f 2122/3656/3408 2307/3635/3387 2306/3633/3385
f 2354/3731/3483 2353/3732/3484 2305/3631/3383
f 2305/3631/3383 2353/3732/3484 2306/3633/3385
f 2353/3732/3484 2122/3656/3408 2306/3633/3385
f 2125/3640/3392 2352/3733/3485 2315/3641/3393
f 2315/3641/3393 2352/3733/3485 2316/3643/3395
f 2352/3733/3485 2351/3734/3486 2316/3643/3395
f 2316/3643/3395 2351/3734/3486 2317/3645/3397
f 2351/3734/3486 2350/3735/3487 2317/3645/3397
f 2317/3645/3397 2350/3735/3487 2318/3647/3399
f 2350/3735/3487 2349/3736/3488 2318/3647/3399
f 2318/3647/3399 2349/3736/3488 2319/3649/3401
f 2124/3674/3426 2321/3653/3405 2320/3651/3403
f 2349/3736/3488 2348/3737/3489 2319/3649/3401
f 2319/3649/3401 2348/3737/3489 2320/3651/3403
f 2348/3737/3489 2124/3674/3426 2320/3651/3403
f 2330/3661/3413 2346/3679/3431 2331/3663/3415
f 2331/3663/3415 2346/3679/3431 2345/3678/3430
f 2331/3663/3415 2345/3678/3430 2332/3665/3417
f 2332/3665/3417 2345/3678/3430 2344/3683/3435
f 2126/3681/3433 2334/3669/3421 2343/3682/3434
f 2343/3682/3434 2334/3669/3421 2333/3667/3419
f 2345/3678/3430 2081/3677/3429 2344/3683/3435
f 1779/3753/2823 2373/3754/3505 1780/3755/2822
f 1780/3755/2822 2373/3754/3505 2080/3756/3506
f 1780/3755/2822 2080/3756/3506 1781/3757/2820
f 1781/3757/2820 2080/3756/3506 1782/3758/2818
f 2080/3756/3506 2373/3754/3505 2081/3759/3507
f 2081/3759/3507 2373/3754/3505 2374/3760/3508
f 2081/3759/3507 2374/3760/3508 2376/3761/3509
f 2376/3761/3509 2374/3760/3508 2375/3762/3510
f 2376/3761/3509 2377/3763/3511 2081/3759/3507
f 2081/3759/3507 2377/3763/3511 2082/3764/3512
f 1723/3765/3513 1722/3766/3514 1762/3767/3515
f 1762/3767/3515 1722/3766/3514 1721/3768/3516
f 1762/3767/3515 1721/3768/3516 2417/3769/3517
f 2417/3769/3517 1721/3768/3516 1720/3770/3518
f 2417/3769/3517 1720/3770/3518 2416/3771/3519
f 2416/3771/3519 1720/3770/3518 2415/3772/3520
f 2416/3771/3519 2415/3772/3520 2423/3773/3521
f 2423/3773/3521 2415/3772/3520 2422/3774/3522
f 2423/3773/3521 2422/3774/3522 2429/3775/3523
f 2429/3775/3523 2422/3774/3522 2428/3776/3524
f 2429/3775/3523 2428/3776/3524 2434/3777/3525
f 2434/3777/3525 2428/3776/3524 2433/3778/3526
f 2434/3777/3525 2433/3778/3526 2441/3779/3527
f 2441/3779/3527 2433/3778/3526 2440/3780/3528
f 2441/3779/3527 2440/3780/3528 2588/3781/3529
f 2588/3781/3529 2440/3780/3528 2589/3782/3530
f 2588/3781/3529 2589/3782/3530 2453/3783/3531
f 2453/3783/3531 2589/3782/3530 2454/3784/3532
f 2453/3783/3531 2454/3784/3532 2446/3785/3533
f 2446/3785/3533 2454/3784/3532 2445/3786/3534
f 2446/3785/3533 2445/3786/3534 2466/3787/3535
f 2466/3787/3535 2445/3786/3534 2467/3788/3536
f 2466/3787/3535 2467/3788/3536 2458/3789/3537
f 2458/3789/3537 2467/3788/3536 2457/3790/3538
f 2458/3789/3537 2457/3790/3538 2480/3791/3539
f 2480/3791/3539 2457/3790/3538 2481/3792/3540
f 2480/3791/3539 2481/3792/3540 2471/3793/3541
f 2471/3793/3541 2481/3792/3540 2470/3794/3542
f 2471/3793/3541 2470/3794/3542 2493/3795/3543
f 2493/3795/3543 2470/3794/3542 2494/3796/3544
f 2493/3795/3543 2494/3796/3544 2485/3797/3545
f 2485/3797/3545 2494/3796/3544 2484/3798/3546
f 2485/3797/3545 2484/3798/3546 2584/3799/3547
f 2584/3799/3547 2484/3798/3546 2585/3800/3548
f 2584/3799/3547 2585/3800/3548 2505/3801/3549
f 2505/3801/3549 2585/3800/3548 2506/3802/3550
f 2505/3801/3549 2506/3802/3550 2398/3803/3551
f 2398/3803/3551 2506/3802/3550 2387/3804/3552
f 2398/3803/3551 2387/3804/3552 2388/3805/3553
f 1720/3770/3518 1719/3806/3554 2415/3772/3520
f 2415/3772/3520 1719/3806/3554 2414/3807/3555
f 2415/3772/3520 2414/3807/3555 2422/3774/3522
f 2422/3774/3522 2414/3807/3555 2421/3808/3556
f 2422/3774/3522 2421/3808/3556 2428/3776/3524
f 2428/3776/3524 2421/3808/3556 2420/3809/3557
f 2428/3776/3524 2420/3809/3557 2427/3810/3558
f 2427/3810/3558 2420/3809/3557 2419/3811/3559
f 2427/3810/3558 2419/3811/3559 2426/3812/3560
f 2426/3812/3560 2419/3811/3559 2418/3813/3561
f 2426/3812/3560 2418/3813/3561 2425/3814/3562
f 2425/3814/3562 2418/3813/3561 2380/3815/3563
f 2425/3814/3562 2380/3815/3563 2381/3816/3564
f 2414/3807/3555 1719/3806/3554 2413/3817/3565
f 2413/3817/3565 1719/3806/3554 1718/3818/3566
f 2413/3817/3565 1718/3818/3566 2412/3819/3567
f 2412/3819/3567 1718/3818/3566 1717/3820/3568
f 2412/3819/3567 1717/3820/3568 2411/3821/3569
f 2411/3821/3569 1717/3820/3568 1716/3822/3570
f 2411/3821/3569 1716/3822/3570 2378/3823/3571
f 2378/3823/3571 1716/3822/3570 1715/3824/3572
f 2378/3823/3571 2379/3825/3573 2411/3821/3569
f 2411/3821/3569 2379/3825/3573 2418/3813/3561
f 2411/3821/3569 2418/3813/3561 2419/3811/3559
f 2379/3825/3573 2380/3815/3563 2418/3813/3561
f 2425/3814/3562 2381/3816/3564 2410/3826/3574
f 2410/3826/3574 2381/3816/3564 2382/3827/3575
f 2410/3826/3574 2382/3827/3575 2438/3828/3576
f 2438/3828/3576 2382/3827/3575 2408/3829/3577
f 2438/3828/3576 2408/3829/3577 2590/3830/3578
f 2590/3830/3578 2408/3829/3577 2456/3831/3579
f 2590/3830/3578 2456/3831/3579 2455/3832/3580
f 2455/3832/3580 2456/3831/3579 2406/3833/3581
f 2455/3832/3580 2406/3833/3581 2445/3786/3534
f 2445/3786/3534 2406/3833/3581 2467/3788/3536
f 2382/3827/3575 2383/3834/3582 2408/3829/3577
f 2408/3829/3577 2383/3834/3582 2456/3831/3579
f 2456/3831/3579 2383/3834/3582 2406/3833/3581
f 2406/3833/3581 2383/3834/3582 2384/3835/3583
f 2406/3833/3581 2384/3835/3583 2468/3836/3584
f 2468/3836/3584 2384/3835/3583 2404/3837/3585
f 2468/3836/3584 2404/3837/3585 2457/3790/3538
f 2457/3790/3538 2404/3837/3585 2481/3792/3540
f 2384/3835/3583 2385/3838/3586 2404/3837/3585
f 2404/3837/3585 2385/3838/3586 2482/3839/3587
f 2404/3837/3585 2482/3839/3587 2481/3792/3540
f 2481/3792/3540 2482/3839/3587 2470/3794/3542
f 2386/3840/3588 2402/3841/3589 2385/3838/3586
f 2385/3838/3586 2402/3841/3589 2469/3842/3590
f 2385/3838/3586 2469/3842/3590 2482/3839/3587
f 2482/3839/3587 2469/3842/3590 2470/3794/3542
f 2387/3804/3552 2400/3843/3591 2386/3840/3588
f 2386/3840/3588 2400/3843/3591 2483/3844/3592
f 2386/3840/3588 2483/3844/3592 2402/3841/3589
f 2402/3841/3589 2483/3844/3592 2484/3798/3546
f 2402/3841/3589 2484/3798/3546 2494/3796/3544
f 2389/3845/3593 2507/3846/3594 2388/3805/3553
f 2388/3805/3553 2507/3846/3594 2520/3847/3595
f 2388/3805/3553 2520/3847/3595 2398/3803/3551
f 2398/3803/3551 2520/3847/3595 2519/3848/3596
f 2398/3803/3551 2519/3848/3596 2495/3849/3597
f 2495/3849/3597 2519/3848/3596 2518/3850/3598
f 2495/3849/3597 2518/3850/3598 2496/3851/3599
f 2496/3851/3599 2518/3850/3598 2517/3852/3600
f 2496/3851/3599 2517/3852/3600 2497/3853/3601
f 2497/3853/3601 2517/3852/3600 2516/3854/3602
f 2497/3853/3601 2516/3854/3602 2498/3855/3603
f 2498/3855/3603 2516/3854/3602 2515/3856/3604
f 2498/3855/3603 2515/3856/3604 2499/3857/3605
f 2499/3857/3605 2515/3856/3604 2514/3858/3606
f 2499/3857/3605 2514/3858/3606 2399/3859/3607
f 2399/3859/3607 2514/3858/3606 1772/3860/3608
f 2399/3859/3607 1772/3860/3608 1771/3861/3609
f 2390/3862/3610 2397/3863/3611 2389/3845/3593
f 2389/3845/3593 2397/3863/3611 2533/3864/3612
f 2389/3845/3593 2533/3864/3612 2507/3846/3594
f 2507/3846/3594 2533/3864/3612 2508/3865/3613
f 2507/3846/3594 2508/3865/3613 2520/3847/3595
f 2520/3847/3595 2508/3865/3613 2519/3848/3596
f 2397/3863/3611 2390/3862/3610 2534/3866/3614
f 2534/3866/3614 2390/3862/3610 2391/3867/3615
f 2534/3866/3614 2391/3867/3615 2553/3868/3616
f 2553/3868/3616 2391/3867/3615 2396/3869/3617
f 2553/3868/3616 2396/3869/3617 2552/3870/3618
f 2552/3870/3618 2396/3869/3617 2541/3871/3619
f 2552/3870/3618 2541/3871/3619 2551/3872/3620
f 2551/3872/3620 2541/3871/3619 2542/3873/3621
f 2551/3872/3620 2542/3873/3621 2550/3874/3622
f 2550/3874/3622 2542/3873/3621 2543/3875/3623
f 2550/3874/3622 2543/3875/3623 2549/3876/3624
f 2549/3876/3624 2543/3875/3623 2544/3877/3625
f 2549/3876/3624 2544/3877/3625 2548/3878/3626
f 2548/3878/3626 2544/3877/3625 2545/3879/3627
f 2548/3878/3626 2545/3879/3627 2547/3880/3628
f 2547/3880/3628 2545/3879/3627 2546/3881/3629
f 2547/3880/3628 2546/3881/3629 1775/3882/3630
f 1775/3882/3630 2546/3881/3629 1776/3883/3631
f 1776/3883/3631 2546/3881/3629 2560/3884/3632
f 1776/3883/3631 2560/3884/3632 1777/3885/3633
f 1777/3885/3633 2560/3884/3632 2567/3886/3634
f 1777/3885/3633 2567/3886/3634 2566/3887/3635
f 2566/3887/3635 2567/3886/3634 2565/3888/3636
f 2566/3887/3635 2565/3888/3636 2580/3889/3637
f 2580/3889/3637 2565/3888/3636 2579/3890/3638
f 2580/3889/3637 2579/3890/3638 1779/3891/2823
f 1779/3891/2823 2579/3890/3638 2578/3892/3639
f 1779/3891/2823 2578/3892/3639 2373/3893/3640
f 2373/3893/3640 2578/3892/3639 2577/3894/3641
f 2373/3893/3640 2577/3894/3641 2576/3895/3642
f 2576/3895/3642 2577/3894/3641 2562/3896/3643
f 2576/3895/3642 2562/3896/3643 2561/3897/3644
f 2561/3897/3644 2562/3896/3643 2571/3898/3645
f 2561/3897/3644 2571/3898/3645 2572/3899/3646
f 2572/3899/3646 2571/3898/3645 2556/3900/3647
f 2572/3899/3646 2556/3900/3647 2555/3901/3648
f 2555/3901/3648 2556/3900/3647 2541/3871/3619
f 2555/3901/3648 2541/3871/3619 2396/3869/3617
f 2391/3867/3615 2392/3902/3649 2396/3869/3617
f 2396/3869/3617 2392/3902/3649 2554/3903/3650
f 2396/3869/3617 2554/3903/3650 2555/3901/3648
f 2555/3901/3648 2554/3903/3650 2573/3904/3651
f 2555/3901/3648 2573/3904/3651 2572/3899/3646
f 2572/3899/3646 2573/3904/3651 2395/3905/3652
f 2572/3899/3646 2395/3905/3652 2561/3897/3644
f 2561/3897/3644 2395/3905/3652 2575/3906/3653
f 2561/3897/3644 2575/3906/3653 2576/3895/3642
f 2576/3895/3642 2575/3906/3653 2374/3907/3654
f 2576/3895/3642 2374/3907/3654 2373/3893/3640
f 2392/3902/3649 2393/3908/3655 2554/3903/3650
f 2554/3903/3650 2393/3908/3655 2573/3904/3651
f 2573/3904/3651 2393/3908/3655 2395/3905/3652
f 2395/3905/3652 2393/3908/3655 2394/3909/3656
f 2395/3905/3652 2394/3909/3656 2574/3910/3657
f 2574/3910/3657 2394/3909/3656 2375/3911/3510
f 2574/3910/3657 2375/3911/3510 2374/3907/3654
f 1779/3891/2823 1778/3912/3658 2580/3889/3637
f 2580/3889/3637 1778/3912/3658 2566/3887/3635
f 1778/3912/3658 1777/3885/3633 2566/3887/3635
f 2547/3880/3628 1775/3882/3630 2540/3913/3659
f 2540/3913/3659 1775/3882/3630 1774/3914/3660
f 2540/3913/3659 1774/3914/3660 2526/3915/3661
f 2526/3915/3661 1774/3914/3660 1773/3916/3662
f 2526/3915/3661 1773/3916/3662 2527/3917/3663
f 2527/3917/3663 1773/3916/3662 2513/3918/3664
f 2527/3917/3663 2513/3918/3664 2528/3919/3665
f 2528/3919/3665 2513/3918/3664 2512/3920/3666
f 2528/3919/3665 2512/3920/3666 2529/3921/3667
f 2529/3921/3667 2512/3920/3666 2511/3922/3668
f 2529/3921/3667 2511/3922/3668 2530/3923/3669
f 2530/3923/3669 2511/3922/3668 2510/3924/3670
f 2530/3923/3669 2510/3924/3670 2509/3925/3671
f 2509/3925/3671 2510/3924/3670 2518/3850/3598
f 2509/3925/3671 2518/3850/3598 2519/3848/3596
f 1773/3916/3662 1772/3860/3608 2513/3918/3664
f 2513/3918/3664 1772/3860/3608 2514/3858/3606
f 2513/3918/3664 2514/3858/3606 2515/3856/3604
f 1770/3926/3672 2401/3927/3673 1771/3861/3609
f 1771/3861/3609 2401/3927/3673 2500/3928/3674
f 1771/3861/3609 2500/3928/3674 2399/3859/3607
f 2399/3859/3607 2500/3928/3674 2499/3857/3605
f 1769/3929/3675 2403/3930/3676 1770/3926/3672
f 1770/3926/3672 2403/3930/3676 2489/3931/3677
f 1770/3926/3672 2489/3931/3677 2401/3927/3673
f 2401/3927/3673 2489/3931/3677 2488/3932/3678
f 2401/3927/3673 2488/3932/3678 2581/3933/3679
f 2581/3933/3679 2488/3932/3678 2487/3934/3680
f 2581/3933/3679 2487/3934/3680 2582/3935/3681
f 2582/3935/3681 2487/3934/3680 2486/3936/3682
f 2582/3935/3681 2486/3936/3682 2583/3937/3683
f 2583/3937/3683 2486/3936/3682 2485/3797/3545
f 2583/3937/3683 2485/3797/3545 2584/3799/3547
f 1768/3938/3684 2405/3939/3685 1769/3929/3675
f 1769/3929/3675 2405/3939/3685 2476/3940/3686
f 1769/3929/3675 2476/3940/3686 2475/3941/3687
f 2475/3941/3687 2476/3940/3686 2477/3942/3688
f 2475/3941/3687 2477/3942/3688 2474/3943/3689
f 2474/3943/3689 2477/3942/3688 2478/3944/3690
f 2474/3943/3689 2478/3944/3690 2473/3945/3691
f 2473/3945/3691 2478/3944/3690 2479/3946/3692
f 2473/3945/3691 2479/3946/3692 2472/3947/3693
f 2472/3947/3693 2479/3946/3692 2480/3791/3539
f 2472/3947/3693 2480/3791/3539 2471/3793/3541
f 1767/3948/3694 2407/3949/3695 1768/3938/3684
f 1768/3938/3684 2407/3949/3695 2462/3950/3696
f 1768/3938/3684 2462/3950/3696 2405/3939/3685
f 2405/3939/3685 2462/3950/3696 2463/3951/3697
f 2405/3939/3685 2463/3951/3697 2461/3952/3698
f 2461/3952/3698 2463/3951/3697 2464/3953/3699
f 2461/3952/3698 2464/3953/3699 2460/3954/3700
f 2460/3954/3700 2464/3953/3699 2465/3955/3701
f 2460/3954/3700 2465/3955/3701 2459/3956/3702
f 2459/3956/3702 2465/3955/3701 2466/3787/3535
f 2459/3956/3702 2466/3787/3535 2458/3789/3537
f 1766/3957/3703 2409/3958/3704 1767/3948/3694
f 1767/3948/3694 2409/3958/3704 2450/3959/3705
f 1767/3948/3694 2450/3959/3705 2407/3949/3695
f 2407/3949/3695 2450/3959/3705 2449/3960/3706
f 2407/3949/3695 2449/3960/3706 2462/3950/3696
f 2462/3950/3696 2449/3960/3706 2463/3951/3697
f 1765/3961/3707 2437/3962/3708 1766/3957/3703
f 1766/3957/3703 2437/3962/3708 2444/3963/3709
f 1766/3957/3703 2444/3963/3709 2409/3958/3704
f 2409/3958/3704 2444/3963/3709 2443/3964/3710
f 2409/3958/3704 2443/3964/3710 2586/3965/3711
f 2586/3965/3711 2443/3964/3710 2442/3966/3712
f 2586/3965/3711 2442/3966/3712 2587/3967/3713
f 2587/3967/3713 2442/3966/3712 2441/3779/3527
f 2587/3967/3713 2441/3779/3527 2588/3781/3529
f 2437/3962/3708 1765/3961/3707 2431/3968/3714
f 2431/3968/3714 1765/3961/3707 1764/3969/3715
f 2431/3968/3714 1764/3969/3715 2424/3970/3716
f 2424/3970/3716 1764/3969/3715 1763/3971/3717
f 2424/3970/3716 1763/3971/3717 2417/3769/3517
f 2417/3769/3517 1763/3971/3717 1762/3767/3515
f 2387/3804/3552 2506/3802/3550 2400/3843/3591
f 2400/3843/3591 2506/3802/3550 2585/3800/3548
f 2400/3843/3591 2585/3800/3548 2483/3844/3592
f 2483/3844/3592 2585/3800/3548 2484/3798/3546
f 1769/3929/3675 2475/3941/3687 2403/3930/3676
f 2403/3930/3676 2475/3941/3687 2474/3943/3689
f 2403/3930/3676 2474/3943/3689 2490/3972/3718
f 2490/3972/3718 2474/3943/3689 2473/3945/3691
f 2490/3972/3718 2473/3945/3691 2491/3973/3719
f 2491/3973/3719 2473/3945/3691 2472/3947/3693
f 2491/3973/3719 2472/3947/3693 2492/3974/3720
f 2492/3974/3720 2472/3947/3693 2471/3793/3541
f 2492/3974/3720 2471/3793/3541 2493/3795/3543
f 2467/3788/3536 2406/3833/3581 2468/3836/3584
f 2411/3821/3569 2419/3811/3559 2412/3819/3567
f 2412/3819/3567 2419/3811/3559 2420/3809/3557
f 2412/3819/3567 2420/3809/3557 2413/3817/3565
f 2413/3817/3565 2420/3809/3557 2421/3808/3556
f 2413/3817/3565 2421/3808/3556 2414/3807/3555
f 2424/3970/3716 2417/3769/3517 2416/3771/3519
f 2424/3970/3716 2416/3771/3519 2423/3773/3521
f 2424/3970/3716 2423/3773/3521 2430/3975/3721
f 2430/3975/3721 2423/3773/3521 2429/3775/3523
f 2430/3975/3721 2429/3775/3523 2435/3976/3722
f 2435/3976/3722 2429/3775/3523 2434/3777/3525
f 2435/3976/3722 2434/3777/3525 2442/3966/3712
f 2442/3966/3712 2434/3777/3525 2441/3779/3527
f 2426/3812/3560 2425/3814/3562 2410/3826/3574
f 2433/3778/3526 2428/3776/3524 2427/3810/3558
f 2427/3810/3558 2426/3812/3560 2432/3977/3723
f 2432/3977/3723 2426/3812/3560 2410/3826/3574
f 2432/3977/3723 2410/3826/3574 2439/3978/3724
f 2439/3978/3724 2410/3826/3574 2438/3828/3576
f 2439/3978/3724 2438/3828/3576 2590/3830/3578
f 2424/3970/3716 2430/3975/3721 2431/3968/3714
f 2431/3968/3714 2430/3975/3721 2436/3979/3725
f 2431/3968/3714 2436/3979/3725 2437/3962/3708
f 2437/3962/3708 2436/3979/3725 2444/3963/3709
f 2436/3979/3725 2430/3975/3721 2435/3976/3722
f 2440/3780/3528 2433/3778/3526 2432/3977/3723
f 2432/3977/3723 2433/3778/3526 2427/3810/3558
f 2440/3780/3528 2432/3977/3723 2439/3978/3724
f 2442/3966/3712 2443/3964/3710 2435/3976/3722
f 2435/3976/3722 2443/3964/3710 2436/3979/3725
f 2443/3964/3710 2444/3963/3709 2436/3979/3725
f 2589/3782/3530 2440/3780/3528 2439/3978/3724
f 2589/3782/3530 2439/3978/3724 2590/3830/3578
f 2455/3832/3580 2445/3786/3534 2454/3784/3532
f 2446/3785/3533 2447/3980/3726 2453/3783/3531
f 2453/3783/3531 2447/3980/3726 2452/3981/3727
f 2453/3783/3531 2452/3981/3727 2588/3781/3529
f 2588/3781/3529 2452/3981/3727 2587/3967/3713
f 2447/3980/3726 2448/3982/3728 2452/3981/3727
f 2452/3981/3727 2448/3982/3728 2451/3983/3729
f 2452/3981/3727 2451/3983/3729 2586/3965/3711
f 2586/3965/3711 2451/3983/3729 2409/3958/3704
f 2466/3787/3535 2465/3955/3701 2446/3785/3533
f 2446/3785/3533 2465/3955/3701 2447/3980/3726
f 2448/3982/3728 2449/3960/3706 2451/3983/3729
f 2451/3983/3729 2449/3960/3706 2450/3959/3705
f 2451/3983/3729 2450/3959/3705 2409/3958/3704
f 2465/3955/3701 2464/3953/3699 2447/3980/3726
f 2447/3980/3726 2464/3953/3699 2448/3982/3728
f 2464/3953/3699 2463/3951/3697 2448/3982/3728
f 2448/3982/3728 2463/3951/3697 2449/3960/3706
f 2587/3967/3713 2452/3981/3727 2586/3965/3711
f 2590/3830/3578 2455/3832/3580 2454/3784/3532
f 2590/3830/3578 2454/3784/3532 2589/3782/3530
f 2467/3788/3536 2468/3836/3584 2457/3790/3538
f 2480/3791/3539 2479/3946/3692 2458/3789/3537
f 2458/3789/3537 2479/3946/3692 2459/3956/3702
f 2479/3946/3692 2478/3944/3690 2459/3956/3702
f 2459/3956/3702 2478/3944/3690 2460/3954/3700
f 2476/3940/3686 2405/3939/3685 2461/3952/3698
f 2478/3944/3690 2477/3942/3688 2460/3954/3700
f 2460/3954/3700 2477/3942/3688 2461/3952/3698
f 2477/3942/3688 2476/3940/3686 2461/3952/3698
f 2494/3796/3544 2470/3794/3542 2469/3842/3590
f 2402/3841/3589 2494/3796/3544 2469/3842/3590
f 2492/3974/3720 2493/3795/3543 2486/3936/3682
f 2486/3936/3682 2493/3795/3543 2485/3797/3545
f 2491/3973/3719 2492/3974/3720 2487/3934/3680
f 2487/3934/3680 2492/3974/3720 2486/3936/3682
f 2490/3972/3718 2491/3973/3719 2488/3932/3678
f 2488/3932/3678 2491/3973/3719 2487/3934/3680
f 2403/3930/3676 2490/3972/3718 2489/3931/3677
f 2489/3931/3677 2490/3972/3718 2488/3932/3678
f 2398/3803/3551 2495/3849/3597 2505/3801/3549
f 2505/3801/3549 2495/3849/3597 2504/3984/3730
f 2505/3801/3549 2504/3984/3730 2584/3799/3547
f 2584/3799/3547 2504/3984/3730 2503/3985/3731
f 2584/3799/3547 2503/3985/3731 2583/3937/3683
f 2583/3937/3683 2503/3985/3731 2582/3935/3681
f 2503/3985/3731 2504/3984/3730 2496/3851/3599
f 2496/3851/3599 2504/3984/3730 2495/3849/3597
f 2496/3851/3599 2497/3853/3601 2503/3985/3731
f 2503/3985/3731 2497/3853/3601 2502/3986/3732
f 2503/3985/3731 2502/3986/3732 2582/3935/3681
f 2582/3935/3681 2502/3986/3732 2581/3933/3679
f 2497/3853/3601 2498/3855/3603 2502/3986/3732
f 2502/3986/3732 2498/3855/3603 2501/3987/3733
f 2502/3986/3732 2501/3987/3733 2581/3933/3679
f 2581/3933/3679 2501/3987/3733 2401/3927/3673
f 2498/3855/3603 2499/3857/3605 2501/3987/3733
f 2501/3987/3733 2499/3857/3605 2500/3928/3674
f 2501/3987/3733 2500/3928/3674 2401/3927/3673
f 2519/3848/3596 2508/3865/3613 2509/3925/3671
f 2509/3925/3671 2508/3865/3613 2532/3988/3734
f 2509/3925/3671 2532/3988/3734 2531/3989/3735
f 2531/3989/3735 2532/3988/3734 2521/3990/3736
f 2531/3989/3735 2521/3990/3736 2522/3991/3737
f 2522/3991/3737 2521/3990/3736 2536/3992/3738
f 2522/3991/3737 2536/3992/3738 2537/3993/3739
f 2537/3993/3739 2536/3992/3738 2551/3872/3620
f 2537/3993/3739 2551/3872/3620 2550/3874/3622
f 2532/3988/3734 2508/3865/3613 2533/3864/3612
f 2517/3852/3600 2518/3850/3598 2510/3924/3670
f 2516/3854/3602 2517/3852/3600 2511/3922/3668
f 2511/3922/3668 2517/3852/3600 2510/3924/3670
f 2515/3856/3604 2516/3854/3602 2512/3920/3666
f 2512/3920/3666 2516/3854/3602 2511/3922/3668
f 2512/3920/3666 2513/3918/3664 2515/3856/3604
f 2533/3864/3612 2397/3863/3611 2532/3988/3734
f 2532/3988/3734 2397/3863/3611 2521/3990/3736
f 2521/3990/3736 2397/3863/3611 2535/3994/3740
f 2535/3994/3740 2397/3863/3611 2534/3866/3614
f 2535/3994/3740 2534/3866/3614 2553/3868/3616
f 2529/3921/3667 2530/3923/3669 2523/3995/3741
f 2523/3995/3741 2530/3923/3669 2522/3991/3737
f 2523/3995/3741 2522/3991/3737 2537/3993/3739
f 2528/3919/3665 2529/3921/3667 2524/3996/3742
f 2524/3996/3742 2529/3921/3667 2523/3995/3741
f 2524/3996/3742 2523/3995/3741 2538/3997/3743
f 2538/3997/3743 2523/3995/3741 2537/3993/3739
f 2538/3997/3743 2537/3993/3739 2550/3874/3622
f 2527/3917/3663 2528/3919/3665 2525/3998/3744
f 2525/3998/3744 2528/3919/3665 2524/3996/3742
f 2525/3998/3744 2524/3996/3742 2539/3999/3745
f 2539/3999/3745 2524/3996/3742 2538/3997/3743
f 2539/3999/3745 2538/3997/3743 2549/3876/3624
f 2549/3876/3624 2538/3997/3743 2550/3874/3622
f 2540/3913/3659 2526/3915/3661 2525/3998/3744
f 2525/3998/3744 2526/3915/3661 2527/3917/3663
f 2540/3913/3659 2525/3998/3744 2539/3999/3745
f 2509/3925/3671 2531/3989/3735 2530/3923/3669
f 2530/3923/3669 2531/3989/3735 2522/3991/3737
f 2521/3990/3736 2535/3994/3740 2536/3992/3738
f 2536/3992/3738 2535/3994/3740 2552/3870/3618
f 2536/3992/3738 2552/3870/3618 2551/3872/3620
f 2552/3870/3618 2535/3994/3740 2553/3868/3616
f 2549/3876/3624 2548/3878/3626 2539/3999/3745
f 2539/3999/3745 2548/3878/3626 2540/3913/3659
f 2541/3871/3619 2556/3900/3647 2542/3873/3621
f 2542/3873/3621 2556/3900/3647 2557/4000/3746
f 2542/3873/3621 2557/4000/3746 2543/3875/3623
f 2543/3875/3623 2557/4000/3746 2558/4001/3747
f 2543/3875/3623 2558/4001/3747 2544/3877/3625
f 2544/3877/3625 2558/4001/3747 2559/4002/3748
f 2544/3877/3625 2559/4002/3748 2545/3879/3627
f 2545/3879/3627 2559/4002/3748 2560/3884/3632
f 2545/3879/3627 2560/3884/3632 2546/3881/3629
f 2540/3913/3659 2548/3878/3626 2547/3880/3628
f 2556/3900/3647 2571/3898/3645 2557/4000/3746
f 2557/4000/3746 2571/3898/3645 2570/4003/3749
f 2557/4000/3746 2570/4003/3749 2558/4001/3747
f 2558/4001/3747 2570/4003/3749 2569/4004/3750
f 2558/4001/3747 2569/4004/3750 2559/4002/3748
f 2559/4002/3748 2569/4004/3750 2568/4005/3751
f 2559/4002/3748 2568/4005/3751 2560/3884/3632
f 2560/3884/3632 2568/4005/3751 2567/3886/3634
f 2570/4003/3749 2571/3898/3645 2562/3896/3643
f 2569/4004/3750 2570/4003/3749 2563/4006/3752
f 2563/4006/3752 2570/4003/3749 2562/3896/3643
f 2563/4006/3752 2562/3896/3643 2577/3894/3641
f 2568/4005/3751 2569/4004/3750 2564/4007/3753
f 2564/4007/3753 2569/4004/3750 2563/4006/3752
f 2564/4007/3753 2563/4006/3752 2578/3892/3639
f 2578/3892/3639 2563/4006/3752 2577/3894/3641
f 2567/3886/3634 2568/4005/3751 2565/3888/3636
f 2565/3888/3636 2568/4005/3751 2564/4007/3753
f 2565/3888/3636 2564/4007/3753 2579/3890/3638
f 2579/3890/3638 2564/4007/3753 2578/3892/3639
f 2374/3907/3654 2575/3906/3653 2574/3910/3657
f 2574/3910/3657 2575/3906/3653 2395/3905/3652
f 1643/4008/3754 1642/4009/3755 1842/4010/2911
f 1842/4010/2911 1642/4009/3755 1873/4011/2947
f 1873/4011/2947 1642/4009/3755 1641/4012/3756
f 1873/4011/2947 1641/4012/3756 1874/4013/2948
f 1874/4013/2948 1641/4012/3756 1640/4014/3757
f 1874/4013/2948 1640/4014/3757 1875/4015/2949
f 1875/4015/2949 1640/4014/3757 1639/4016/3758
f 1875/4015/2949 1639/4016/3758 2099/4017/3759
f 2099/4017/3759 2098/4018/3760 1875/4015/2949
f 1875/4015/2949 2098/4018/3760 2097/4019/3761
f 1875/4015/2949 2097/4019/3761 2096/4020/3762
f 1875/4015/2949 2096/4020/3762 1876/4021/2954
f 1876/4021/2954 2096/4020/3762 2095/4022/3763
f 1876/4021/2954 2095/4022/3763 2094/4023/3764
f 2094/4023/3764 2093/4024/3765 1876/4021/2954
f 1876/4021/2954 2093/4024/3765 1877/4025/2956
f 1877/4025/2956 2093/4024/3765 2092/4026/3766
f 1877/4025/2956 2092/4026/3766 1878/4027/2967
f 1878/4027/2967 2092/4026/3766 2091/4028/3767
f 1878/4027/2967 2091/4028/3767 2090/4029/3768
f 1878/4027/2967 2090/4029/3768 1879/4030/2965
f 1879/4030/2965 2090/4029/3768 2089/4031/3769
f 1879/4030/2965 2089/4031/3769 2088/4032/3770
f 1879/4030/2965 2088/4032/3770 1880/4033/2966
f 1880/4033/2966 2088/4032/3770 2087/4034/3771
f 1880/4033/2966 2087/4034/3771 1881/4035/2969
f 1881/4035/2969 2087/4034/3771 2086/4036/3772
f 1881/4035/2969 2086/4036/3772 2085/4037/3773
f 1881/4035/2969 2085/4037/3773 1882/4038/2971
f 1882/4038/2971 2085/4037/3773 2084/4039/3774
f 1882/4038/2971 2084/4039/3774 1883/4040/2980
f 1883/4040/2980 2084/4039/3774 2083/4041/3775
f 1883/4040/2980 2083/4041/3775 1884/4042/2981
f 1884/4042/2981 2083/4041/3775 2082/4043/3776
f 2375/4044/3510 1915/4045/2988 2376/4046/3509
f 2376/4046/3509 1915/4045/2988 1884/4047/2981
f 2376/4046/3509 1884/4047/2981 2377/4048/3511
f 2377/4048/3511 1884/4047/2981 2082/4049/3777
f 2378/4050/3778 1715/4051/3779 1928/4052/3018
f 1928/4052/3018 1715/4051/3779 1714/4053/3780
f 1928/4052/3018 1714/4053/3780 1929/4054/3027
f 1929/4054/3027 1714/4053/3780 1713/4055/3781
f 1929/4054/3027 1713/4055/3781 1930/4056/3028
f 1930/4056/3028 1713/4055/3781 1712/4057/3782
f 2378/4050/3778 1928/4052/3018 2379/4058/3783
f 2379/4058/3783 1928/4052/3018 1927/4059/3016
f 2379/4058/3783 1927/4059/3016 2380/4060/3784
f 2380/4060/3784 1927/4059/3016 2381/4061/3785
f 2381/4061/3785 1927/4059/3016 2382/4062/3786
f 2382/4062/3786 1927/4059/3016 1926/4063/3013
f 2382/4062/3786 1926/4063/3013 2383/4064/3787
f 2383/4064/3787 1926/4063/3013 2384/4065/3788
f 2384/4065/3788 1926/4063/3013 1925/4066/3012
f 2384/4065/3788 1925/4066/3012 2385/4067/3789
f 2385/4067/3789 1925/4066/3012 2386/4068/3790
f 2386/4068/3790 1925/4066/3012 1924/4069/3014
f 2386/4068/3790 1924/4069/3014 2387/4070/3791
f 2387/4070/3791 1924/4069/3014 2388/4071/3792
f 2388/4071/3792 1924/4069/3014 1923/4072/3003
f 2388/4071/3792 1923/4072/3003 2389/4073/3793
f 2389/4073/3793 1923/4072/3003 1922/4074/3001
f 2389/4073/3793 1922/4074/3001 2390/4075/3794
f 2390/4075/3794 1922/4074/3001 1921/4076/2996
f 2390/4075/3794 1921/4076/2996 2391/4077/3795
f 2391/4077/3795 1921/4076/2996 2392/4078/3796
f 2392/4078/3796 1921/4076/2996 1920/4079/2995
f 2392/4078/3796 1920/4079/2995 2393/4080/3797
f 2393/4080/3797 1920/4079/2995 1919/4081/2994
f 2393/4080/3797 1919/4081/2994 2394/4082/3798
f 2394/4082/3798 1919/4081/2994 1915/4083/2988
f 2394/4082/3798 1915/4083/2988 2375/4084/3510
f 2591/4085/3799 2592/4086/3800 2606/4087/3801
f 2606/4087/3801 2592/4086/3800 2605/4088/3802
f 2605/4088/3802 2592/4086/3800 2593/4089/3803
f 2605/4088/3802 2593/4089/3803 2604/4090/3804
f 2604/4090/3804 2593/4089/3803 2594/4091/3805
f 2604/4090/3804 2594/4091/3805 2607/4092/3806
f 2607/4092/3806 2594/4091/3805 2622/4093/3807
f 2622/4093/3807 2594/4091/3805 2621/4094/3808
f 2621/4094/3808 2594/4091/3805 2620/4095/3809
f 2620/4095/3809 2594/4091/3805 2595/4096/3810
f 2620/4095/3809 2595/4096/3810 2619/4097/3811
f 2619/4097/3811 2595/4096/3810 2618/4098/3812
f 2618/4098/3812 2595/4096/3810 2617/4099/3813
f 2617/4099/3813 2595/4096/3810 2596/4100/3814
f 2617/4099/3813 2596/4100/3814 2616/4101/3815
f 2616/4101/3815 2596/4100/3814 2615/4102/3816
f 2615/4102/3816 2596/4100/3814 2602/4103/3817
f 2615/4102/3816 2602/4103/3817 2614/4104/3818
f 2614/4104/3818 2602/4103/3817 2613/4105/3819
f 2613/4105/3819 2602/4103/3817 2603/4106/3820
f 2613/4105/3819 2603/4106/3820 2612/4107/3821
f 2612/4107/3821 2603/4106/3820 2611/4108/3822
f 2611/4108/3822 2603/4106/3820 2610/4109/3823
f 2610/4109/3823 2603/4106/3820 2604/4090/3804
f 2610/4109/3823 2604/4090/3804 2609/4110/3824
f 2609/4110/3824 2604/4090/3804 2608/4111/3825
f 2608/4111/3825 2604/4090/3804 2607/4092/3806
f 2602/4103/3817 2596/4100/3814 2601/4112/3826
f 2601/4112/3826 2596/4100/3814 2597/4113/3827
f 2601/4112/3826 2597/4113/3827 2600/4114/3828
f 2600/4114/3828 2597/4113/3827 2598/4115/3829
f 2600/4114/3828 2598/4115/3829 2599/4116/3830
f 1611/4117/3831 1692/4118/3832 1612/4119/3833
f 1612/4119/3833 1692/4118/3832 1691/4120/3834
f 1612/4119/3833 1691/4120/3834 1690/4121/3835
f 1690/4121/3835 1689/4122/3836 1612/4119/3833
f 1612/4119/3833 1689/4122/3836 1494/4123/3837
f 1494/4123/3837 1689/4122/3836 1688/4124/3838
f 1494/4123/3837 1688/4124/3838 1687/4125/3839
f 1687/4125/3839 1686/4126/3840 1494/4123/3837
f 1494/4123/3837 1686/4126/3840 1685/4127/3841
f 1494/4123/3837 1685/4127/3841 1684/4128/3842
f 1494/4123/3837 1684/4128/3842 1495/4129/3843
f 1495/4129/3843 1684/4128/3842 1683/4130/3844
f 1495/4129/3843 1683/4130/3844 1682/4131/3845
f 1682/4131/3845 1681/4132/3846 1495/4129/3843
f 1495/4129/3843 1681/4132/3846 2633/4133/3847
f 2633/4133/3847 1681/4132/3846 2632/4134/3848
f 2632/4134/3848 1681/4132/3846 1680/4135/3849
f 2632/4134/3848 1680/4135/3849 2631/4136/3850
f 2631/4136/3850 1680/4135/3849 1679/4137/3851
f 2631/4136/3850 1679/4137/3851 2630/4138/3852
f 2630/4138/3852 1679/4137/3851 1678/4139/3853
f 2630/4138/3852 1678/4139/3853 2629/4140/3854
f 2629/4140/3854 1678/4139/3853 1677/4141/3855
f 2629/4140/3854 1677/4141/3855 2628/4142/3856
f 2628/4142/3856 1677/4141/3855 1676/4143/3857
f 2628/4142/3856 1676/4143/3857 2627/4144/3858
f 2627/4144/3858 1676/4143/3857 1675/4145/3859
f 2627/4144/3858 1675/4145/3859 2626/4146/3860
f 2626/4146/3860 1675/4145/3859 1674/4147/3861
f 2626/4146/3860 1674/4147/3861 2625/4148/3862
f 2625/4148/3862 1674/4147/3861 1673/4149/3863
f 2625/4148/3862 1673/4149/3863 2624/4150/3864
f 2624/4150/3864 1673/4149/3863 1672/4151/3865
f 2624/4150/3864 1672/4151/3865 2623/4152/3866
f 2623/4152/3866 1672/4151/3865 1671/4153/3867
f 2623/4152/3866 1671/4153/3867 1599/4154/3868
f 1599/4154/3868 1671/4153/3867 1600/4155/3869
f 2635/4156/3870 2648/4157/3871 2634/4158/3872
f 2634/4158/3872 2648/4157/3871 2649/4159/3873
f 2634/4160/3872 2649/4161/3873 2645/4162/3874
f 2645/4162/3874 2649/4161/3873 2650/4163/3875
f 2645/4162/3874 2650/4163/3875 2644/4164/3876
f 2644/4164/3876 2650/4163/3875 2651/4165/3877
f 2644/4164/3876 2651/4165/3877 2643/4166/3878
f 2643/4166/3878 2651/4165/3877 2652/4167/3879
f 2643/4166/3878 2652/4167/3879 2653/4168/3880
f 2648/4157/3871 2635/4156/3870 2647/4169/3881
f 2647/4169/3881 2635/4156/3870 2636/4170/3882
f 2647/4169/3881 2636/4170/3882 2646/4171/3883
f 2646/4171/3883 2636/4170/3882 2637/4172/3884
f 2646/4171/3883 2637/4172/3884 2659/4173/3885
f 2659/4173/3885 2637/4172/3884 2638/4174/3886
f 2659/4173/3885 2638/4174/3886 2658/4175/3887
f 2658/4175/3887 2638/4174/3886 2639/4176/3888
f 2658/4175/3887 2639/4176/3888 2657/4177/3889
f 2657/4177/3889 2639/4176/3888 2640/4178/3890
f 2657/4177/3889 2640/4178/3890 2656/4179/3891
f 2656/4179/3891 2640/4178/3890 2655/4180/3892
f 2655/4180/3892 2640/4178/3890 2641/4181/3893
f 2655/4180/3892 2641/4181/3893 2654/4182/3894
f 2654/4182/3894 2641/4181/3893 2642/4183/3895
f 2654/4182/3894 2642/4183/3895 2653/4168/3880
f 2653/4168/3880 2642/4183/3895 2643/4166/3878
f 1707/4184/3896 1706/4185/3897 2068/4186/3898
f 2068/4186/3898 1706/4185/3897 2042/4187/3899
f 2068/4186/3898 2042/4187/3899 2069/4188/3900
f 2069/4188/3900 2042/4187/3899 2041/4189/3901
f 2069/4188/3900 2041/4189/3901 2070/4190/3902
f 2070/4190/3902 2041/4189/3901 2040/4191/3903
f 2070/4190/3902 2040/4191/3903 2071/4192/3904
f 2071/4192/3904 2040/4191/3903 2039/4193/3905
f 2071/4192/3904 2039/4193/3905 2072/4194/3906
f 2072/4194/3906 2039/4193/3905 2038/4195/3907
f 2072/4194/3906 2038/4195/3907 2073/4196/3908
f 2073/4196/3908 2038/4195/3907 2037/4197/3909
f 2073/4196/3908 2037/4197/3909 2074/4198/3910
f 2074/4198/3910 2037/4197/3909 2036/4199/3911
f 2074/4198/3910 2036/4199/3911 2075/4200/3912
f 2075/4200/3912 2036/4199/3911 2035/4201/3913
f 2075/4200/3912 2035/4201/3913 2076/4202/3914
f 2076/4202/3914 2035/4201/3913 2034/4203/3915
f 2076/4202/3914 2034/4203/3915 2077/4204/3916
f 2077/4204/3916 2034/4203/3915 2033/4205/3917
f 2077/4204/3916 2033/4205/3917 2078/4206/3918
f 2078/4206/3918 2033/4205/3917 2032/4207/3919
f 2078/4206/3918 2032/4207/3919 2079/4208/3920
f 2079/4208/3920 2032/4207/3919 2031/4209/3921
f 2079/4208/3920 2031/4209/3921 2656/4210/3922
f 2656/4210/3922 2031/4209/3921 2030/4211/3923
f 2656/4210/3922 2030/4211/3923 2657/4212/3924
f 2657/4212/3924 2030/4211/3923 2658/4213/3925
f 2658/4213/3925 2030/4211/3923 2659/4214/3926
f 2659/4214/3926 2030/4211/3923 2646/4215/3927
f 2079/4208/3920 2656/4210/3922 2067/4216/3928
f 2067/4216/3928 2656/4210/3922 2655/4217/3929
f 2067/4216/3928 2655/4217/3929 2654/4218/3930
f 2654/4218/3930 2653/4219/3931 2067/4216/3928
f 2067/4216/3928 2653/4219/3931 2652/4220/3932
f 2661/4221/3933 2683/4222/3934 2660/4223/3935
f 2660/4223/3935 2683/4222/3934 2672/4224/3936
f 2660/4225/3935 2672/4226/3936 2671/4227/3937
f 2671/4227/3937 2672/4226/3936 2673/4228/3938
f 2671/4227/3937 2673/4228/3938 2670/4229/3939
f 2670/4229/3939 2673/4228/3938 2674/4230/3940
f 2670/4229/3939 2674/4230/3940 2669/4231/3941
f 2669/4231/3941 2674/4230/3940 2675/4232/3942
f 2669/4231/3941 2675/4232/3942 2668/4233/3943
f 2668/4233/3943 2675/4232/3942 2676/4234/3944
f 2668/4233/3943 2676/4234/3944 2667/4235/3945
f 2667/4235/3945 2676/4234/3944 2677/4236/3946
f 2667/4235/3945 2677/4236/3946 2666/4237/3947
f 2666/4237/3947 2677/4236/3946 2678/4238/3948
f 2666/4237/3947 2678/4238/3948 2665/4239/3949
f 2665/4239/3949 2678/4238/3948 2679/4240/3950
f 2665/4239/3949 2679/4240/3950 2664/4241/3951
f 2664/4241/3951 2679/4240/3950 2680/4242/3952
f 2664/4241/3951 2680/4242/3952 2663/4243/3953
f 2663/4243/3953 2680/4242/3952 2681/4244/3954
f 2663/4243/3953 2681/4244/3954 2662/4245/3955
f 2662/4245/3955 2681/4244/3954 2682/4246/3956
f 2662/4245/3955 2682/4246/3956 2661/4221/3933
f 2661/4221/3933 2682/4246/3956 2683/4222/3934
f 2645/4247/3957 2695/4248/3958 2634/4249/3959
f 2634/4249/3959 2695/4248/3958 2684/4250/3960
f 2634/4251/3959 2684/4252/3960 2635/4253/3961
f 2635/4253/3961 2684/4252/3960 2685/4254/3962
f 2635/4253/3961 2685/4254/3962 2636/4255/3963
f 2636/4255/3963 2685/4254/3962 2686/4256/3964
f 2636/4255/3963 2686/4256/3964 2637/4257/3965
f 2637/4257/3965 2686/4256/3964 2687/4258/3966
f 2637/4257/3965 2687/4258/3966 2638/4259/3967
f 2638/4259/3967 2687/4258/3966 2688/4260/3968
f 2638/4259/3967 2688/4260/3968 2639/4261/3969
f 2639/4261/3969 2688/4260/3968 2689/4262/3970
f 2639/4261/3969 2689/4262/3970 2640/4263/3971
f 2640/4263/3971 2689/4262/3970 2690/4264/3972
f 2640/4263/3971 2690/4264/3972 2641/4265/3973
f 2641/4265/3973 2690/4264/3972 2691/4266/3974
f 2641/4265/3973 2691/4266/3974 2642/4267/3975
f 2642/4267/3975 2691/4266/3974 2692/4268/3976
f 2642/4267/3975 2692/4268/3976 2643/4269/3977
f 2643/4269/3977 2692/4268/3976 2693/4270/3978
f 2643/4269/3977 2693/4270/3978 2644/4271/3979
f 2644/4271/3979 2693/4270/3978 2694/4272/3980
f 2644/4271/3979 2694/4272/3980 2645/4247/3957
f 2645/4247/3957 2694/4272/3980 2695/4248/3958
f 1542/4273/3981 1500/4274/3982 2591/4275/3983
f 2591/4276/3983 1500/4277/3982 1499/4278/3984
f 2591/4276/3983 1499/4278/3984 2592/4279/3985
f 2592/4279/3985 1499/4278/3984 1498/4280/3986
f 2592/4279/3985 1498/4280/3986 2593/4281/3987
f 2593/4281/3987 1498/4280/3986 1497/4282/3988
f 2593/4281/3987 1497/4282/3988 1496/4283/3989
f 2593/4281/3987 1496/4283/3989 2594/4284/3990
f 2594/4284/3990 1496/4283/3989 1488/4285/3991
f 2594/4284/3990 1488/4285/3991 1485/4286/3992
f 2594/4284/3990 1485/4286/3992 2595/4287/3993
f 2595/4287/3993 1485/4286/3992 1484/4288/3994
f 2595/4287/3993 1484/4288/3994 1483/4289/3995
f 1483/4289/3995 1482/4290/3996 2595/4287/3993
f 2595/4287/3993 1482/4290/3996 2596/4291/3997
f 2596/4291/3997 1482/4290/3996 1477/4292/3998
f 2596/4291/3997 1477/4292/3998 2597/4293/3999
f 2597/4293/3999 1477/4292/3998 1476/4294/4000
f 2597/4293/3999 1476/4294/4000 1475/4295/4001
f 1482/4290/3996 1440/4296/4002 1477/4292/3998
f 2597/4293/3999 1475/4295/4001 2598/4297/4003
f 2598/4297/4003 1475/4295/4001 1474/4298/4004
f 2598/4297/4003 1474/4298/4004 2599/4299/4005
f 2599/4299/4005 1474/4298/4004 1389/4300/4006
f 2599/4299/4005 1389/4300/4006 1473/4301/4007
f 2599/4299/4005 1473/4301/4007 2600/4302/4008
f 2600/4302/4008 1473/4301/4007 1472/4303/4009
f 2600/4302/4008 1472/4303/4009 2601/4304/4010
f 2601/4304/4010 1472/4303/4009 1471/4305/4011
f 2601/4304/4010 1471/4305/4011 1470/4306/4012
f 2601/4304/4010 1470/4306/4012 2602/4307/4013
f 2602/4307/4013 1470/4306/4012 1469/4308/4014
f 2602/4307/4013 1469/4308/4014 1510/4309/4015
f 2602/4307/4013 1510/4309/4015 2603/4310/4016
f 2603/4310/4016 1510/4309/4015 1519/4311/4017
f 2603/4310/4016 1519/4311/4017 1518/4312/4018
f 1518/4312/4018 1514/4313/4019 2603/4310/4016
f 2603/4310/4016 1514/4313/4019 2604/4314/4020
f 2604/4314/4020 1514/4313/4019 1545/4315/4021
f 2604/4314/4020 1545/4315/4021 2605/4316/4022
f 2605/4316/4022 1545/4315/4021 1544/4317/4023
f 2605/4316/4022 1544/4317/4023 1543/4318/4024
f 1514/4313/4019 1513/4319/4025 1545/4315/4021
f 2605/4316/4022 1543/4318/4024 2606/4320/4026
f 2606/4320/4026 1543/4318/4024 1542/4273/3981
f 2606/4320/4026 1542/4273/3981 2591/4275/3983
f 2695/4321/4027 2608/4322/4028 2684/4323/4029
f 2684/4323/4029 2608/4322/4028 2607/4324/4030
f 2684/4325/4029 2607/4326/4030 2622/4327/4031
f 2608/4322/4028 2695/4321/4027 2609/4328/4032
f 2609/4328/4032 2695/4321/4027 2694/4329/4033
f 2609/4328/4032 2694/4329/4033 2610/4330/4034
f 2610/4330/4034 2694/4329/4033 2693/4331/4035
f 2610/4330/4034 2693/4331/4035 2611/4332/4036
f 2611/4332/4036 2693/4331/4035 2612/4333/4037
f 2612/4333/4037 2693/4331/4035 2692/4334/4038
f 2612/4333/4037 2692/4334/4038 2613/4335/4039
f 2613/4335/4039 2692/4334/4038 2691/4336/4040
f 2613/4335/4039 2691/4336/4040 2614/4337/4041
f 2614/4337/4041 2691/4336/4040 2690/4338/4042
f 2614/4337/4041 2690/4338/4042 2615/4339/4043
f 2615/4339/4043 2690/4338/4042 2616/4340/4044
f 2616/4340/4044 2690/4338/4042 2689/4341/4045
f 2616/4340/4044 2689/4341/4045 2617/4342/4046
f 2617/4342/4046 2689/4341/4045 2688/4343/4047
f 2617/4342/4046 2688/4343/4047 2618/4344/4048
f 2618/4344/4048 2688/4343/4047 2687/4345/4049
f 2618/4344/4048 2687/4345/4049 2619/4346/4050
f 2619/4346/4050 2687/4345/4049 2620/4347/4051
f 2620/4347/4051 2687/4345/4049 2686/4348/4052
f 2620/4347/4051 2686/4348/4052 2621/4349/4053
f 2621/4349/4053 2686/4348/4052 2685/4350/4054
f 2621/4349/4053 2685/4350/4054 2622/4327/4031
f 2622/4327/4031 2685/4350/4054 2684/4325/4029
f 2697/4351/4055 2673/4352/4056 2696/4353/4057
f 2696/4353/4057 2673/4352/4056 2672/4354/4058
f 2696/4355/4057 2672/4356/4058 2707/4357/4059
f 2707/4357/4059 2672/4356/4058 2683/4358/4060
f 2707/4357/4059 2683/4358/4060 2706/4359/4061
f 2706/4359/4061 2683/4358/4060 2682/4360/4062
f 2706/4359/4061 2682/4360/4062 2705/4361/4063
f 2705/4361/4063 2682/4360/4062 2681/4362/4064
f 2705/4361/4063 2681/4362/4064 2704/4363/4065
f 2704/4363/4065 2681/4362/4064 2680/4364/4066
f 2704/4363/4065 2680/4364/4066 2703/4365/4067
f 2703/4365/4067 2680/4364/4066 2679/4366/4068
f 2703/4365/4067 2679/4366/4068 2702/4367/4069
f 2702/4367/4069 2679/4366/4068 2678/4368/4070
f 2702/4367/4069 2678/4368/4070 2701/4369/4071
f 2701/4369/4071 2678/4368/4070 2677/4370/4072
f 2701/4369/4071 2677/4370/4072 2700/4371/4073
f 2700/4371/4073 2677/4370/4072 2676/4372/4074
f 2700/4371/4073 2676/4372/4074 2699/4373/4075
f 2699/4373/4075 2676/4372/4074 2675/4374/4076
f 2699/4373/4075 2675/4374/4076 2698/4375/4077
f 2698/4375/4077 2675/4374/4076 2674/4376/4078
f 2698/4375/4077 2674/4376/4078 2697/4351/4055
f 2697/4351/4055 2674/4376/4078 2673/4352/4056
f 2709/4377/4079 2697/4378/4080 2708/4379/4081
f 2708/4379/4081 2697/4378/4080 2696/4380/4082
f 2708/4381/4081 2696/4382/4082 2719/4383/4083
f 2719/4383/4083 2696/4382/4082 2707/4384/4084
f 2719/4383/4083 2707/4384/4084 2718/4385/4085
f 2718/4385/4085 2707/4384/4084 2706/4386/4086
f 2718/4385/4085 2706/4386/4086 2717/4387/4087
f 2717/4387/4087 2706/4386/4086 2705/4388/4088
f 2717/4387/4087 2705/4388/4088 2716/4389/4089
f 2716/4389/4089 2705/4388/4088 2704/4390/4090
f 2716/4389/4089 2704/4390/4090 2715/4391/4091
f 2715/4391/4091 2704/4390/4090 2703/4392/4092
f 2715/4391/4091 2703/4392/4092 2714/4393/4093
f 2714/4393/4093 2703/4392/4092 2702/4394/4094
f 2714/4393/4093 2702/4394/4094 2713/4395/4095
f 2713/4395/4095 2702/4394/4094 2701/4396/4096
f 2713/4395/4095 2701/4396/4096 2712/4397/4097
f 2712/4397/4097 2701/4396/4096 2700/4398/4098
f 2712/4397/4097 2700/4398/4098 2711/4399/4099
f 2711/4399/4099 2700/4398/4098 2699/4400/4100
f 2711/4399/4099 2699/4400/4100 2710/4401/4101
f 2710/4401/4101 2699/4400/4100 2698/4402/4102
f 2710/4401/4101 2698/4402/4102 2709/4377/4079
f 2709/4377/4079 2698/4402/4102 2697/4378/4080
f 1580/4403/4103 1579/4404/4104 2708/4405/4105
f 2708/4405/4105 1579/4404/4104 1592/4406/4106
f 2708/4405/4105 1592/4406/4106 2709/4407/4107
f 2709/4407/4107 1592/4406/4106 1591/4408/4108
f 2709/4407/4107 1591/4408/4108 2710/4409/4109
f 2710/4409/4109 1591/4408/4108 1590/4410/4110
f 2710/4409/4109 1590/4410/4110 2711/4411/4111
f 2711/4411/4111 1590/4410/4110 1589/4412/4112
f 2711/4411/4111 1589/4412/4112 2712/4413/4113
f 2712/4413/4113 1589/4412/4112 1588/4414/4114
f 2712/4413/4113 1588/4414/4114 2713/4415/4115
f 2713/4415/4115 1588/4414/4114 1587/4416/4116
f 2713/4415/4115 1587/4416/4116 2714/4417/4117
f 2714/4417/4117 1587/4416/4116 1586/4418/4118
f 2714/4417/4117 1586/4418/4118 1585/4419/4119
f 2714/4417/4117 1585/4419/4119 2715/4420/4120
f 2715/4420/4120 1585/4419/4119 1584/4421/4121
f 2715/4420/4120 1584/4421/4121 2716/4422/4122
f 2716/4422/4122 1584/4421/4121 1583/4423/4123
f 2716/4422/4122 1583/4423/4123 2717/4424/4124
f 2717/4424/4124 1583/4423/4123 1582/4425/4125
f 2717/4424/4124 1582/4425/4125 2718/4426/4126
f 2718/4426/4126 1582/4425/4125 1581/4427/4127
f 2718/4426/4126 1581/4427/4127 2719/4428/4128
f 2719/4428/4128 1581/4427/4127 1580/4403/4103
f 2719/4428/4128 1580/4403/4103 2708/4405/4105
f 1741/4429/4129 1740/4430/4130 1369/4431/4131
f 1369/4431/4131 1740/4430/4130 2730/4432/4132
f 2730/4432/4132 1740/4430/4130 1739/4433/4133
f 2730/4432/4132 1739/4433/4133 2729/4434/4134
f 2729/4434/4134 1739/4433/4133 1738/4435/4135
f 2729/4434/4134 1738/4435/4135 2728/4436/4136
f 2728/4436/4136 1738/4435/4135 1737/4437/4137
f 2728/4436/4136 1737/4437/4137 1736/4438/4138
f 2728/4436/4136 1736/4438/4138 2727/4439/4139
f 2727/4439/4139 1736/4438/4138 1735/4440/4140
f 2727/4439/4139 1735/4440/4140 2726/4441/4141
f 2726/4441/4141 1735/4440/4140 1734/4442/4142
f 2726/4441/4141 1734/4442/4142 2725/4443/4143
f 2725/4443/4143 1734/4442/4142 1733/4444/4144
f 2725/4443/4143 1733/4444/4144 1732/4445/4145
f 2725/4443/4143 1732/4445/4145 2724/4446/4146
f 2724/4446/4146 1732/4445/4145 1731/4447/4147
f 2724/4446/4146 1731/4447/4147 1730/4448/4148
f 2724/4446/4146 1730/4448/4148 2723/4449/4149
f 2723/4449/4149 1730/4448/4148 1729/4450/4150
f 2723/4449/4149 1729/4450/4150 1728/4451/4151
f 2723/4449/4149 1728/4451/4151 2722/4452/4152
f 2722/4452/4152 1728/4451/4151 1727/4453/4153
f 2722/4452/4152 1727/4453/4153 1726/4454/4154
f 1726/4454/4154 1725/4455/4155 2722/4452/4152
f 2722/4452/4152 1725/4455/4155 2721/4456/4156
f 2721/4456/4156 1725/4455/4155 1724/4457/4157
f 2721/4456/4156 1724/4457/4157 1615/4458/4158
f 1615/4458/4158 1614/4459/4159 2721/4456/4156
f 2721/4456/4156 1614/4459/4159 2720/4460/4160
f 2720/4460/4160 1614/4459/4159 1613/4461/4161
f 2720/4460/4160 1613/4461/4161 1494/4462/3837
f 1494/4462/3837 1613/4461/4161 1612/4463/3833
f 2731/4464/4162 1526/4465/4163 1597/4466/4164
f 1597/4466/4164 1526/4465/4163 1525/4467/4165
f 1597/4466/4164 1525/4467/4165 1524/4468/4166
f 1526/4465/4163 2731/4464/4162 1527/4469/4167
f 1527/4469/4167 2731/4464/4162 1533/4470/4168
f 1527/4469/4167 1533/4470/4168 1528/4471/4169
f 1528/4471/4169 1533/4470/4168 1529/4472/4170
f 1529/4472/4170 1533/4470/4168 1530/4473/4171
f 1530/4473/4171 1533/4470/4168 1531/4474/4172
f 1531/4474/4172 1533/4470/4168 1532/4475/4173
f 1524/4468/4166 1523/4476/4174 1597/4466/4164
f 1597/4466/4164 1523/4476/4174 1522/4477/4175
f 1597/4466/4164 1522/4477/4175 1521/4478/4176
f 1517/4479/2420 1533/4480/2422 1511/4481/4177
f 1511/4481/4177 1533/4480/2422 1573/4482/4178
f 1511/4481/4177 1573/4482/4178 1512/4483/4179
f 1512/4483/4179 1573/4482/4178 1534/4484/4180
f 1533/4480/2422 2731/4485/4181 1573/4482/4178
f 1573/4482/4178 2731/4485/4181 1575/4486/4182
f 1575/4486/4182 2731/4485/4181 1377/4487/4183
f 1575/4486/4182 1377/4487/4183 1376/4488/4184
f 1368/4489/2185 1367/4490/2187 2742/4491/4185
f 2742/4491/4185 1367/4490/2187 1387/4492/4186
f 2742/4491/4185 1387/4492/4186 2741/4493/4187
f 2741/4493/4187 1387/4492/4186 1386/4494/4188
f 2741/4493/4187 1386/4494/4188 2740/4495/4189
f 2740/4495/4189 1386/4494/4188 1385/4496/4190
f 2740/4495/4189 1385/4496/4190 2739/4497/4191
f 2739/4497/4191 1385/4496/4190 1384/4498/4192
f 2739/4497/4191 1384/4498/4192 2738/4499/4193
f 2738/4499/4193 1384/4498/4192 1383/4500/4194
f 2738/4499/4193 1383/4500/4194 2737/4501/4195
f 2737/4501/4195 1383/4500/4194 1382/4502/4196
f 2737/4501/4195 1382/4502/4196 2736/4503/4197
f 2736/4503/4197 1382/4502/4196 1381/4504/4198
f 2736/4503/4197 1381/4504/4198 2735/4505/4199
f 2735/4505/4199 1381/4504/4198 1380/4506/4200
f 2735/4505/4199 1380/4506/4200 2734/4507/4201
f 2734/4507/4201 1380/4506/4200 1379/4508/4202
f 2734/4507/4201 1379/4508/4202 2733/4509/4203
f 2733/4509/4203 1379/4508/4202 1378/4510/4204
f 2733/4509/4203 1378/4510/4204 2732/4511/4205
f 2732/4511/4205 1378/4510/4204 1377/4512/4183
f 2732/4511/4205 1377/4512/4183 2731/4513/4181
f 1494/4514/2381 1493/4515/2383 2720/4516/4206
f 2720/4516/4206 1493/4515/2383 1568/4517/4207
f 2720/4516/4206 1568/4517/4207 2721/4518/4208
f 2721/4518/4208 1568/4517/4207 1567/4519/4209
f 2721/4518/4208 1567/4519/4209 2722/4520/4210
f 2722/4520/4210 1567/4519/4209 1566/4521/4211
f 2722/4520/4210 1566/4521/4211 2723/4522/4212
f 2723/4522/4212 1566/4521/4211 1565/4523/4213
f 2723/4522/4212 1565/4523/4213 2724/4524/4214
f 2724/4524/4214 1565/4523/4213 1564/4525/4215
f 2724/4524/4214 1564/4525/4215 2725/4526/4216
f 2725/4526/4216 1564/4525/4215 1563/4527/4217
f 2725/4526/4216 1563/4527/4217 2726/4528/4218
f 2726/4528/4218 1563/4527/4217 1562/4529/4219
f 2726/4528/4218 1562/4529/4219 2727/4530/4220
f 2727/4530/4220 1562/4529/4219 1561/4531/4221
f 2727/4530/4220 1561/4531/4221 2728/4532/4222
f 2728/4532/4222 1561/4531/4221 1560/4533/4223
f 2728/4532/4222 1560/4533/4223 2729/4534/4224
f 2729/4534/4224 1560/4533/4223 1559/4535/4225
f 2729/4534/4224 1559/4535/4225 2730/4536/4226
f 2730/4536/4226 1559/4535/4225 1370/4537/2183
f 2730/4536/4226 1370/4537/2183 1369/4538/2184
f 1480/4539/4227 1495/4540/2379 1481/4541/4228
f 1481/4541/4228 1495/4540/2379 2633/4542/4229
f 1481/4541/4228 2633/4542/4229 1442/4543/4230
f 1442/4543/4230 2633/4542/4229 1443/4544/4231
f 1443/4544/4231 2633/4542/4229 2632/4545/4232
f 1443/4544/4231 2632/4545/4232 1444/4546/4233
f 1444/4546/4233 2632/4545/4232 2631/4547/4234
f 1444/4546/4233 2631/4547/4234 1445/4548/4235
f 1445/4548/4235 2631/4547/4234 2630/4549/4236
f 1445/4548/4235 2630/4549/4236 1446/4550/4237
f 1446/4550/4237 2630/4549/4236 2629/4551/4238
f 1446/4550/4237 2629/4551/4238 1447/4552/4239
f 1447/4552/4239 2629/4551/4238 2628/4553/4240
f 1447/4552/4239 2628/4553/4240 1448/4554/4241
f 1448/4554/4241 2628/4553/4240 2627/4555/4242
f 1448/4554/4241 2627/4555/4242 1449/4556/4243
f 1449/4556/4243 2627/4555/4242 2626/4557/4244
f 1449/4556/4243 2626/4557/4244 1450/4558/4245
f 1450/4558/4245 2626/4557/4244 2625/4559/4246
f 1450/4558/4245 2625/4559/4246 1451/4560/4247
f 1451/4560/4247 2625/4559/4246 2624/4561/4248
f 1451/4560/4247 2624/4561/4248 1452/4562/4249
f 1452/4562/4249 2624/4561/4248 2623/4563/4250
f 1452/4562/4249 2623/4563/4250 1453/4564/4251
f 1453/4564/4251 2623/4563/4250 1598/4565/4252
f 1453/4564/4251 1598/4565/4252 1454/4566/4253
f 1480/4539/4227 1479/4567/4254 1495/4540/2379
f 1495/4540/2379 1479/4567/4254 1478/4568/2377
f 2623/4563/4250 1599/4569/4255 1598/4565/4252
f 1442/4543/4230 1441/4570/4256 1481/4541/4228
f 1595/4571/4257 1594/4572/4258 2733/4573/4259
f 2733/4573/4259 1594/4572/4258 1761/4574/4260
f 2733/4573/4259 1761/4574/4260 1760/4575/4261
f 1760/4575/4261 1759/4576/4262 2733/4573/4259
f 2733/4573/4259 1759/4576/4262 1758/4577/4263
f 2733/4573/4259 1758/4577/4263 2734/4578/4264
f 2734/4578/4264 1758/4577/4263 1757/4579/4265
f 2734/4578/4264 1757/4579/4265 1756/4580/4266
f 2734/4578/4264 1756/4580/4266 2735/4581/4267
f 2735/4581/4267 1756/4580/4266 1755/4582/4268
f 2735/4581/4267 1755/4582/4268 1754/4583/4269
f 2735/4581/4267 1754/4583/4269 2736/4584/4270
f 2736/4584/4270 1754/4583/4269 1753/4585/4271
f 2736/4584/4270 1753/4585/4271 1752/4586/4272
f 2736/4584/4270 1752/4586/4272 2737/4587/4273
f 2737/4587/4273 1752/4586/4272 1751/4588/4274
f 2737/4587/4273 1751/4588/4274 2738/4589/4275
f 2738/4589/4275 1751/4588/4274 1750/4590/4276
f 2738/4589/4275 1750/4590/4276 2739/4591/4277
f 2739/4591/4277 1750/4590/4276 1749/4592/4278
f 2739/4591/4277 1749/4592/4278 1748/4593/4279
f 2739/4591/4277 1748/4593/4279 2740/4594/4280
f 2740/4594/4280 1748/4593/4279 1747/4595/4281
f 2740/4594/4280 1747/4595/4281 2741/4596/4282
f 2741/4596/4282 1747/4595/4281 1746/4597/4283
f 2741/4596/4282 1746/4597/4283 2742/4598/4284
f 2742/4598/4284 1746/4597/4283 1745/4599/4285
f 2742/4598/4284 1745/4599/4285 1368/4600/4286
f 1368/4600/4286 1745/4599/4285 1744/4601/4287
f 2733/4573/4259 2732/4602/4288 1595/4571/4257
f 1595/4571/4257 2732/4602/4288 1596/4603/4289
f 1596/4603/4289 2732/4602/4288 2731/4604/4162
f 1596/4603/4289 2731/4604/4162 1597/4605/4164
f 1744/4606/4287 1743/4607/4290 1368/4608/4286
f 1368/4608/4286 1743/4607/4290 1369/4609/4131
f 1369/4609/4131 1743/4607/4290 1742/4610/4291
f 1369/4609/4131 1742/4610/4291 1741/4611/4129
f 2652/4612/3932 2651/4613/4292 2067/4614/3928
f 2067/4614/3928 2651/4613/4292 2670/4615/4293
f 2067/4614/3928 2670/4615/4293 2669/4616/4294
f 2670/4615/4293 2651/4613/4292 2671/4617/4295
f 2671/4617/4295 2651/4613/4292 2650/4618/4296
f 2671/4617/4295 2650/4618/4296 2660/4619/4297
f 2660/4619/4297 2650/4618/4296 2649/4620/4298
f 2660/4619/4297 2649/4620/4298 2661/4621/4299
f 2661/4621/4299 2649/4620/4298 2648/4622/4300
f 2661/4621/4299 2648/4622/4300 2662/4623/4301
f 2662/4623/4301 2648/4622/4300 2647/4624/4302
f 2662/4623/4301 2647/4624/4302 2030/4625/3923
f 2030/4625/3923 2647/4624/4302 2646/4626/3927
f 2662/4623/4301 2030/4625/3923 2663/4627/4303
f 2663/4627/4303 2030/4625/3923 2043/4628/4304
f 2663/4627/4303 2043/4628/4304 2664/4629/4305
f 2664/4629/4305 2043/4628/4304 2050/4630/4306
f 2664/4629/4305 2050/4630/4306 2049/4631/4307
f 2054/4632/4308 2053/4633/4309 2043/4628/4304
f 2043/4628/4304 2053/4633/4309 2052/4634/4310
f 2043/4628/4304 2052/4634/4310 2051/4635/4311
f 2051/4635/4311 2050/4630/4306 2043/4628/4304
f 2049/4631/4307 2048/4636/4312 2664/4629/4305
f 2664/4629/4305 2048/4636/4312 2047/4637/4313
f 2664/4629/4305 2047/4637/4313 2046/4638/4314
f 2664/4629/4305 2046/4638/4314 2665/4639/4315
f 2665/4639/4315 2046/4638/4314 2045/4640/4316
f 2665/4639/4315 2045/4640/4316 2044/4641/4317
f 2665/4639/4315 2044/4641/4317 2666/4642/4318
f 2666/4642/4318 2044/4641/4317 2055/4643/4319
f 2666/4642/4318 2055/4643/4319 2667/4644/4320
f 2667/4644/4320 2055/4643/4319 2066/4645/4321
f 2667/4644/4320 2066/4645/4321 2065/4646/4322
f 2667/4644/4320 2065/4646/4322 2668/4647/4323
f 2668/4647/4323 2065/4646/4322 2064/4648/4324
f 2668/4647/4323 2064/4648/4324 2063/4649/4325
f 2063/4649/4325 2062/4650/4326 2668/4647/4323
f 2668/4647/4323 2062/4650/4326 2061/4651/4327
f 2668/4647/4323 2061/4651/4327 2056/4652/4328
f 2056/4652/4328 2061/4651/4327 2060/4653/4329
f 2056/4652/4328 2060/4653/4329 2059/4654/4330
f 2059/4654/4330 2058/4655/4331 2056/4652/4328
f 2056/4652/4328 2058/4655/4331 2057/4656/4332
f 2668/4647/4323 2056/4652/4328 2669/4616/4294
f 2669/4616/4294 2056/4652/4328 2067/4614/3928
f 1711/4657/4333 2013/4658/3064 1712/4659/3782
f 1712/4659/3782 2013/4658/3064 2012/4660/3075
f 1712/4659/3782 2012/4660/3075 2011/4661/3076
f 2011/4661/3076 2010/4662/3078 1712/4659/3782
f 1712/4659/3782 2010/4662/3078 2009/4663/4334
f 1712/4659/3782 2009/4663/4334 1930/4664/3028
f 1930/4664/3028 2009/4663/4334 2008/4665/3105
f 1930/4664/3028 2008/4665/3105 1961/4666/3035
f 1961/4666/3035 2008/4665/3105 2007/4667/3091
f 1961/4666/3035 2007/4667/3091 2006/4668/3092
f 2006/4668/3092 2005/4669/3094 1961/4666/3035
f 1961/4666/3035 2005/4669/3094 2004/4670/3096
f 1961/4666/3035 2004/4670/3096 2003/4671/3104
f 1644/4672/4335 1643/4673/3754 1645/4674/4336
f 1645/4674/4336 1643/4673/3754 1646/4675/4337
f 1646/4675/4337 1643/4673/3754 1647/4676/4338
f 1647/4676/4338 1643/4673/3754 1648/4677/4339
f 1648/4677/4339 1643/4673/3754 1842/4678/2911
f 1648/4677/4339 1842/4678/2911 1649/4679/4340
f 1649/4679/4340 1842/4678/2911 1650/4680/4341
f 1650/4680/4341 1842/4678/2911 1651/4681/4342
f 1651/4681/4342 1842/4678/2911 1652/4682/4343
f 1652/4682/4343 1842/4678/2911 1653/4683/4344
f 1653/4683/4344 1842/4678/2911 1811/4684/2943
f 1653/4683/4344 1811/4684/2943 1654/4685/4345
f 1654/4685/4345 1811/4684/2943 1655/4686/4346
f 1655/4686/4346 1811/4684/2943 1656/4687/4347
f 1656/4687/4347 1811/4684/2943 1810/4688/4348
f 1656/4687/4347 1810/4688/4348 1809/4689/4349
f 1656/4687/4347 1809/4689/4349 1657/4690/4350
f 1657/4690/4350 1809/4689/4349 1808/4691/4351
f 1657/4690/4350 1808/4691/4351 1658/4692/4352
f 1658/4692/4352 1808/4691/4351 1807/4693/4353
f 1658/4692/4352 1807/4693/4353 1659/4694/4354
f 1659/4694/4354 1807/4693/4353 1806/4695/4355
f 1659/4694/4354 1806/4695/4355 1660/4696/4356
f 1660/4696/4356 1806/4695/4355 1805/4697/4357
f 1660/4696/4356 1805/4697/4357 1661/4698/4358
f 1661/4698/4358 1805/4697/4357 1804/4699/4359
f 1661/4698/4358 1804/4699/4359 1662/4700/4360
f 1662/4700/4360 1804/4699/4359 1803/4701/4361
f 1662/4700/4360 1803/4701/4361 1663/4702/4362
f 1663/4702/4362 1803/4701/4361 1802/4703/4363
f 1663/4702/4362 1802/4703/4363 1664/4704/4364
f 1664/4704/4364 1802/4703/4363 1801/4705/4365
f 1664/4704/4364 1801/4705/4365 1665/4706/4366
f 1665/4706/4366 1801/4705/4365 1800/4707/4367
f 1665/4706/4366 1800/4707/4367 1666/4708/4368
f 1666/4708/4368 1800/4707/4367 1702/4709/4369
f 1666/4708/4368 1702/4709/4369 1667/4710/4370
g shell3

v -5.400000 -31.380173 643.423930
v -5.566829 -31.350476 643.422163
v -5.733497 -31.319891 643.420344
v -5.900000 -31.288421 643.418472
v -5.400000 -31.288421 643.418472
v -6.400000 -31.188384 643.495343
v -6.400000 -30.288421 644.186899
v -5.400000 -30.288421 644.186899
v -6.400000 -31.188384 716.700000
v -6.400000 -30.788719 761.521589
v -6.400000 -30.288421 760.266874
v -5.400000 -30.978758 761.998195
v -5.400000 -30.288421 760.266874
v -5.400000 -31.380173 716.700000
v 31.400000 -0.000000 780.700000
v 31.095391 4.356118 780.700000
v 30.187491 8.627449 780.700000
v 28.693973 12.730857 780.700000
v 26.643905 16.586473 780.700000
v 24.077191 20.119252 780.700000
v 21.043788 23.260433 780.700000
v 17.602738 25.948876 780.700000
v 13.821017 28.132254 780.700000
v 9.772232 29.768069 780.700000
v 5.535188 30.824483 780.700000
v 1.192354 31.280933 780.700000
v -3.171741 31.128535 780.700000
v -7.472155 30.370256 780.700000
v -11.625186 29.020855 780.700000
v -15.550000 27.106595 780.700000
v -19.170204 24.664737 780.700000
v -22.415336 21.742807 780.700000
v -25.222232 18.397678 780.700000
v -27.536260 14.694460 780.700000
v -29.312379 10.705230 780.700000
v -30.516020 6.507636 780.700000
v -31.123755 2.183378 780.700000
v -31.123755 -2.183378 780.700000
v -30.516020 -6.507636 780.700000
v -29.312379 -10.705230 780.700000
v -27.536260 -14.694460 780.700000
v -25.222232 -18.397678 780.700000
v -22.415336 -21.742807 780.700000
v -19.170204 -24.664737 780.700000
v -15.550000 -27.106595 780.700000
v -11.625186 -29.020855 780.700000
v -7.472155 -30.370256 780.700000
v -3.171741 -31.128535 780.700000
v 1.192354 -31.280933 780.700000
v 5.535188 -30.824483 780.700000
v 9.772232 -29.768069 780.700000
v 13.821017 -28.132254 780.700000
v 17.602738 -25.948876 780.700000
v 21.043788 -23.260433 780.700000
v 24.077191 -20.119252 780.700000
v 26.643905 -16.586473 780.700000
v 28.693973 -12.730857 780.700000
v 30.187491 -8.627449 780.700000
v 31.095391 -4.356118 780.700000
v 6.600000 31.188384 716.700000
v 10.784526 30.013433 716.700000
v 14.770189 28.279866 716.700000
v 18.482807 26.019948 716.700000
v 21.853280 23.275740 716.700000
v 24.818876 20.098319 716.700000
v 27.324399 16.546824 716.700000
v 29.323215 12.687356 716.700000
v 30.778122 8.591747 716.700000
v 31.662041 4.336227 716.700000
v 31.958520 -0.000000 716.700000
v 31.662041 -4.336227 716.700000
v 30.778122 -8.591747 716.700000
v 29.323215 -12.687356 716.700000
v 27.324399 -16.546824 716.700000
v 24.818876 -20.098319 716.700000
v 21.853280 -23.275740 716.700000
v 18.482807 -26.019948 716.700000
v 14.770189 -28.279866 716.700000
v 10.784526 -30.013433 716.700000
v 6.600000 -31.188384 716.700000
v 6.600000 -30.788719 761.521589
v 5.600000 -30.978758 761.998195
v 5.600000 -31.380173 716.700000
v 3.942425 -31.625955 716.700000
v 2.274220 -31.784242 716.700000
v 0.600000 -31.854596 716.700000
v 0.600000 -31.521617 754.850886
v -0.400000 -31.521617 754.850886
v -0.400000 -31.854596 716.700000
v -2.074220 -31.784242 716.700000
v -3.742425 -31.625955 716.700000
v -10.584526 -30.013433 716.700000
v -14.570189 -28.279866 716.700000
v -18.282807 -26.019948 716.700000
v -21.653280 -23.275740 716.700000
v -24.618876 -20.098319 716.700000
v -27.124399 -16.546824 716.700000
v -29.123215 -12.687356 716.700000
v -30.578122 -8.591747 716.700000
v -31.462041 -4.336227 716.700000
v -31.758520 -0.000000 716.700000
v -31.462041 4.336227 716.700000
v -30.578122 8.591747 716.700000
v -29.123215 12.687356 716.700000
v -27.124399 16.546824 716.700000
v -24.618876 20.098319 716.700000
v -21.653280 23.275740 716.700000
v -18.282807 26.019948 716.700000
v -14.570189 28.279866 716.700000
v -10.584526 30.013433 716.700000
v -6.400000 31.188384 716.700000
v -6.400000 30.788719 761.521589
v -5.400000 30.978758 761.998195
v -5.400000 31.380173 716.700000
v -3.742425 31.625955 716.700000
v -2.074220 31.784242 716.700000
v -0.400000 31.854596 716.700000
v -0.400000 31.521617 754.850886
v 0.600000 31.521617 754.850886
v 0.600000 31.854596 716.700000
v 2.274220 31.784242 716.700000
v 3.942425 31.625955 716.700000
v 5.600000 31.380173 716.700000
v 5.600000 30.978758 761.998195
v 6.600000 30.788719 761.521589
v 5.600000 -31.380173 643.423930
v 5.600000 -30.288421 760.266874
v 5.600000 -30.288421 644.186899
v 5.600000 -31.288421 643.418472
v 6.600000 -30.288421 760.266874
v 6.600000 -31.188384 643.495343
v 6.600000 -30.288421 644.186899
v 6.100000 -31.288421 643.418472
v 5.933497 -31.319891 643.420344
v 5.766829 -31.350476 643.422163
v 6.600000 31.188384 643.495343
v 6.100000 31.288421 643.418472
v 5.933497 31.319891 643.420344
v 5.766829 31.350476 643.422163
v 5.600000 31.380173 643.423930
v 0.600000 31.854596 649.958040
v 1.653007 31.820598 649.565910
v 2.468443 31.770337 648.840308
v 2.978939 31.728207 647.841845
v 3.089341 31.717986 646.751836
v 2.790813 31.744675 645.674061
v 2.132265 31.793627 644.793380
v 1.187981 31.839931 644.204272
v 0.100000 31.858520 644.000000
v -0.987981 31.839931 644.204272
v -1.932265 31.793627 644.793380
v -2.590813 31.744675 645.674061
v -2.889341 31.717986 646.751836
v -2.778939 31.728207 647.841845
v -2.268443 31.770337 648.840308
v -1.453007 31.820598 649.565910
v -0.400000 31.854596 649.958040
v -5.400000 31.380173 643.423930
v -5.566829 31.350476 643.422163
v -5.733497 31.319891 643.420344
v -5.900000 31.288421 643.418472
v -6.400000 31.188384 643.495343
v -0.400000 -31.854596 649.958040
v -1.453007 -31.820598 649.565910
v -2.268443 -31.770337 648.840308
v -2.778939 -31.728207 647.841845
v -2.889341 -31.717986 646.751836
v -2.590813 -31.744675 645.674061
v -1.932265 -31.793627 644.793380
v -0.987981 -31.839931 644.204272
v 0.100000 -31.858520 644.000000
v 1.187981 -31.839931 644.204272
v 2.132265 -31.793627 644.793380
v 2.790813 -31.744675 645.674061
v 3.089341 -31.717986 646.751836
v 2.978939 -31.728207 647.841845
v 2.468443 -31.770337 648.840308
v 1.653007 -31.820598 649.565910
v 0.600000 -31.854596 649.958040
v 15.789004 27.727611 675.997645
v 19.301576 25.421738 677.326880
v 22.480139 22.673656 678.529717
v 25.269401 19.531168 679.585235
v 27.620844 16.048938 680.475073
v 29.493565 12.287538 681.183752
v 30.854988 8.312398 681.698944
v 31.681432 4.192664 682.011689
v 31.958520 -0.000000 682.116545
v 31.681432 -4.192664 682.011689
v 30.854988 -8.312398 681.698944
v 29.493565 -12.287538 681.183752
v 27.620844 -16.048938 680.475073
v 25.269401 -19.531168 679.585235
v 22.480139 -22.673656 678.529717
v 19.301576 -25.421738 677.326880
v 15.789004 -27.727611 675.997645
v 14.492264 -28.421559 675.395109
v 13.273089 -29.006620 674.599493
v 12.179638 -29.479608 673.637520
v 11.222907 -29.853413 672.497522
v 10.413238 -30.142896 671.172282
v 9.811132 -30.342608 669.711299
v 9.448982 -30.456482 668.176993
v 9.328282 -30.492689 666.644918
v 9.328282 -30.492689 646.200000
v 9.056349 -30.573666 644.847385
v 8.292641 -30.787105 643.714669
v 7.160389 -31.066318 642.963416
v 5.828282 -31.339305 642.700000
v 2.018707 -31.800689 642.700000
v -1.818707 -31.800689 642.700000
v -5.628282 -31.339305 642.700000
v -6.960389 -31.066318 642.963416
v -8.092641 -30.787105 643.714669
v -8.856349 -30.573666 644.847385
v -9.128282 -30.492689 646.200000
v -9.128282 -30.492689 665.534214
v -9.256154 -30.454290 667.111554
v -9.639825 -30.333364 668.688896
v -10.276899 -30.121004 670.184162
v -11.128535 -29.813876 671.530850
v -12.130008 -29.417484 672.677007
v -13.279539 -28.911863 673.641374
v -14.553306 -28.288086 674.424492
v -15.898655 -27.550105 674.998331
v -19.349857 -25.232287 676.176053
v -22.469862 -22.484808 677.240753
v -25.205542 -19.354452 678.174303
v -27.510313 -15.894524 678.960805
v -29.344929 -12.163940 679.586867
v -30.678149 -8.226226 680.041828
v -31.487272 -4.148433 680.317941
v -31.758520 -0.000000 680.410504
v -31.487272 4.148433 680.317941
v -30.678149 8.226226 680.041828
v -29.344929 12.163940 679.586867
v -27.510313 15.894524 678.960805
v -25.205542 19.354452 678.174303
v -22.469862 22.484808 677.240753
v -19.349857 25.232287 676.176053
v -15.898655 27.550105 674.998331
v -14.553306 28.288086 674.424492
v -13.279539 28.911863 673.641374
v -12.130008 29.417484 672.677007
v -11.128535 29.813876 671.530850
v -10.276899 30.121004 670.184162
v -9.639825 30.333364 668.688896
v -9.256154 30.454290 667.111554
v -9.128282 30.492689 665.534214
v -9.128282 30.492689 646.200000
v -8.856349 30.573666 644.847385
v -8.092641 30.787105 643.714669
v -6.960389 31.066318 642.963416
v -5.628282 31.339305 642.700000
v -1.818707 31.800689 642.700000
v 2.018707 31.800689 642.700000
v 5.828282 31.339305 642.700000
v 7.160389 31.066318 642.963416
v 8.292641 30.787105 643.714669
v 9.056349 30.573666 644.847385
v 9.328282 30.492689 646.200000
v 9.328282 30.492689 666.644918
v 9.448982 30.456482 668.176993
v 9.811132 30.342608 669.711299
v 10.413238 30.142896 671.172282
v 11.222907 29.853413 672.497522
v 12.179638 29.479608 673.637520
v 13.273089 29.006620 674.599493
v 14.492264 28.421559 675.395109
v 0.600000 -31.058520 649.958040
v 0.267361 -31.058520 649.995328
v -0.067361 -31.058520 649.995328
v -0.400000 -31.058520 649.958040
v -0.400000 -31.058520 689.525629
v 0.600000 -31.058520 689.525629
v -0.400000 -29.720678 752.993111
v -0.400000 -29.720678 692.276470
v 0.600000 -29.720678 692.276470
v 0.600000 -29.720678 752.993111
v -5.400000 30.288421 760.266874
v -5.400000 30.288421 644.186899
v -5.400000 31.288421 643.418472
v -6.400000 30.288421 760.266874
v -6.400000 30.288421 644.186899
v 5.600000 31.288421 643.418472
v 6.600000 30.288421 644.186899
v 5.600000 30.288421 644.186899
v 6.600000 30.288421 760.266874
v 5.600000 30.288421 760.266874
v -0.400000 29.720678 752.993111
v 0.600000 29.720678 752.993111
v -0.400000 31.058520 649.958040
v -0.400000 31.058520 689.525629
v -0.400000 29.720678 692.276470
v 0.600000 29.720678 692.276470
v 0.600000 31.058520 689.525629
v 0.600000 31.058520 649.958040
v -0.067361 31.058520 649.995328
v 0.267361 31.058520 649.995328
v 0.100000 30.100000 644.000000
v -1.201651 30.100000 644.297093
v -2.245494 30.100000 645.129531
v -2.824784 30.100000 646.332437
v -2.824784 30.100000 647.667563
v -2.245494 30.100000 648.870469
v -1.201651 30.100000 649.702907
v 0.100000 30.100000 650.000000
v 1.401651 30.100000 649.702907
v 2.445494 30.100000 648.870469
v 3.024784 30.100000 647.667563
v 3.024784 30.100000 646.332437
v 2.445494 30.100000 645.129531
v 1.401651 30.100000 644.297093
v -5.628282 -32.863071 642.700000
v -6.961013 -32.602710 642.963672
v -8.093571 -32.336667 643.715589
v -8.856849 -32.133619 644.848578
v -9.128282 -32.056722 646.200000
v -9.128282 -32.056722 665.534214
v 33.458577 -0.000000 716.700000
v 33.147873 -4.542326 716.700000
v 32.221550 -9.000036 716.700000
v 30.696864 -13.290093 716.700000
v 28.602215 -17.332581 716.700000
v 25.976625 -21.052196 716.700000
v 22.869001 -24.379648 716.700000
v 19.337235 -27.252953 716.700000
v 15.447115 -29.618587 716.700000
v 11.271107 -31.432483 716.700000
v 6.887003 -32.660852 716.700000
v 2.376470 -33.280810 716.700000
v -2.176470 -33.280810 716.700000
v -6.687003 -32.660852 716.700000
v -11.071107 -31.432483 716.700000
v -15.247115 -29.618587 716.700000
v -19.137235 -27.252953 716.700000
v -22.669001 -24.379648 716.700000
v -25.776625 -21.052196 716.700000
v -28.402215 -17.332581 716.700000
v -30.496864 -13.290093 716.700000
v -32.021550 -9.000036 716.700000
v -32.947873 -4.542326 716.700000
v -33.258577 -0.000000 716.700000
v -32.947873 4.542326 716.700000
v -32.021550 9.000036 716.700000
v -30.496864 13.290093 716.700000
v -28.402215 17.332581 716.700000
v -25.776625 21.052196 716.700000
v -22.669001 24.379648 716.700000
v -19.137235 27.252953 716.700000
v -15.247115 29.618587 716.700000
v -11.071107 31.432483 716.700000
v -6.687003 32.660852 716.700000
v -2.176470 33.280810 716.700000
v 2.376470 33.280810 716.700000
v 6.887003 32.660852 716.700000
v 11.271107 31.432483 716.700000
v 15.447115 29.618587 716.700000
v 19.337235 27.252953 716.700000
v 22.869001 24.379648 716.700000
v 25.976625 21.052196 716.700000
v 28.602215 17.332581 716.700000
v 30.696864 13.290093 716.700000
v 32.221550 9.000036 716.700000
v 33.147873 4.542326 716.700000
v 15.789004 -29.438916 675.997645
v 19.396632 -27.210928 677.362851
v 22.692494 -24.543306 678.610077
v 25.623338 -21.479149 679.719173
v 28.141814 -18.067963 680.672220
v 30.207231 -14.364862 681.453819
v 31.786220 -10.429674 682.051343
v 32.853269 -6.325978 682.455138
v 33.391139 -2.120077 682.658679
v 33.391139 2.120077 682.658679
v 32.853269 6.325978 682.455138
v 31.786220 10.429674 682.051343
v 30.207231 14.364862 681.453819
v 28.141814 18.067963 680.672220
v 25.623338 21.479149 679.719173
v 22.692494 24.543306 678.610077
v 19.396632 27.210928 677.362851
v 15.789004 29.438916 675.997645
v 14.482960 30.097909 675.390008
v 13.259545 30.652460 674.589282
v 12.166629 31.099695 673.624216
v 11.211900 31.453145 672.482186
v 10.405845 31.726590 671.157819
v 9.807594 31.915081 669.700190
v 9.448050 32.022553 668.171081
v 9.328282 32.056722 666.644918
v 9.328282 32.056722 646.200000
v 9.056849 32.133619 644.848578
v 8.293571 32.336667 643.715589
v 7.161013 32.602710 642.963672
v 5.828282 32.863071 642.700000
v 2.017880 33.303399 642.700000
v -1.817880 33.303399 642.700000
v -5.628282 32.863071 642.700000
v -6.961013 32.602710 642.963672
v -8.093571 32.336667 643.715589
v -8.856849 32.133619 644.848578
v -9.128282 32.056722 646.200000
v -9.128282 32.056722 665.534214
v -9.255101 32.020504 667.105055
v -9.635819 31.906439 668.676711
v -10.268559 31.706116 670.168381
v -11.116201 31.416129 671.514268
v -12.115220 31.041589 672.662565
v -13.264443 30.563577 673.630569
v -14.543030 29.972447 674.419226
v -15.898655 29.271790 674.998331
v -19.449053 27.030153 676.209903
v -22.689731 24.360271 677.315783
v -25.569345 21.304444 678.298451
v -28.042275 17.911086 679.142337
v -30.069340 14.233959 679.834072
v -31.618425 10.331319 680.362697
v -32.664988 6.264999 680.719836
v -33.192448 2.099420 680.899832
v -33.192448 -2.099420 680.899832
v -32.664988 -6.264999 680.719836
v -31.618425 -10.331319 680.362697
v -30.069340 -14.233959 679.834072
v -28.042275 -17.911086 679.142337
v -25.569345 -21.304444 678.298451
v -22.689731 -24.360271 677.315783
v -19.449053 -27.030153 676.209903
v -15.898655 -29.271790 674.998331
v -14.543030 -29.972447 674.419226
v -13.264443 -30.563577 673.630569
v -12.115220 -31.041589 672.662565
v -11.116201 -31.416129 671.514268
v -10.268559 -31.706116 670.168381
v -9.635819 -31.906439 668.676711
v -9.255101 -32.020504 667.105055
v -1.817880 -33.303399 642.700000
v 2.017880 -33.303399 642.700000
v 5.828282 -32.863071 642.700000
v 7.161013 -32.602710 642.963672
v 8.293571 -32.336667 643.715589
v 9.056849 -32.133619 644.848578
v 9.328282 -32.056722 646.200000
v 9.328282 -32.056722 666.644918
v 9.448050 -32.022553 668.171081
v 9.807594 -31.915081 669.700190
v 10.405845 -31.726590 671.157819
v 11.211900 -31.453145 672.482186
v 12.166629 -31.099695 673.624216
v 13.259545 -30.652460 674.589282
v 14.482960 -30.097909 675.390008
v 0.100000 33.358577 645.200000
v 0.777664 33.351693 645.339869
v 1.347066 33.335259 645.734526
v 1.722913 33.319075 646.317718
v 1.853863 33.312439 647.000026
v 1.722784 33.319082 647.682604
v 1.347011 33.335261 648.265527
v 0.777380 33.351698 648.660253
v 0.100000 33.358577 648.800000
v -0.577380 33.351698 648.660253
v -1.147011 33.335261 648.265527
v -1.522784 33.319082 647.682604
v -1.653863 33.312439 647.000026
v -1.522913 33.319075 646.317718
v -1.147066 33.335259 645.734526
v -0.577664 33.351693 645.339869
v 0.100000 -33.358577 645.200000
v -0.577380 -33.351698 645.339747
v -1.147011 -33.335261 645.734473
v -1.522784 -33.319082 646.317396
v -1.653863 -33.312439 646.999974
v -1.522913 -33.319075 647.682282
v -1.147066 -33.335259 648.265474
v -0.577664 -33.351693 648.660131
v 0.100000 -33.358577 648.800000
v 0.777664 -33.351693 648.660131
v 1.347066 -33.335259 648.265474
v 1.722913 -33.319075 647.682282
v 1.853863 -33.312439 646.999974
v 1.722784 -33.319082 646.317396
v 1.347011 -33.335261 645.734473
v 0.777380 -33.351698 645.339747
v 25.925885 -0.000000 782.700000
v 25.623217 3.942303 782.700000
v 24.722306 7.792202 782.700000
v 23.244269 11.459458 782.700000
v 21.223750 14.858114 782.700000
v 18.708108 17.908508 782.700000
v 15.756308 20.539143 782.700000
v 12.437537 22.688357 782.700000
v 8.829585 24.305775 782.700000
v 5.017019 25.353487 782.700000
v 1.089202 25.806934 782.700000
v -2.861801 25.655489 782.700000
v -6.743382 24.902700 782.700000
v -10.464560 23.566214 782.700000
v -13.938113 21.677355 782.700000
v -17.082625 19.280398 782.700000
v -19.824391 16.431524 782.700000
v -22.099146 13.197510 782.700000
v -23.853572 9.654157 782.700000
v -25.046546 5.884519 782.700000
v -25.650107 1.976952 782.700000
v -25.650107 -1.976952 782.700000
v -25.046546 -5.884519 782.700000
v -23.853572 -9.654157 782.700000
v -22.099146 -13.197510 782.700000
v -19.824391 -16.431524 782.700000
v -17.082625 -19.280398 782.700000
v -13.938113 -21.677355 782.700000
v -10.464560 -23.566214 782.700000
v -6.743382 -24.902700 782.700000
v -2.861801 -25.655489 782.700000
v 1.089202 -25.806934 782.700000
v 5.017019 -25.353487 782.700000
v 8.829585 -24.305775 782.700000
v 12.437537 -22.688357 782.700000
v 15.756308 -20.539143 782.700000
v 18.708108 -17.908508 782.700000
v 21.223750 -14.858114 782.700000
v 23.244269 -11.459458 782.700000
v 24.722306 -7.792202 782.700000
v 25.623217 -3.942303 782.700000
v 25.925885 -0.000000 780.700000
v 25.623217 -3.942303 780.700000
v 24.722306 -7.792202 780.700000
v 23.244269 -11.459458 780.700000
v 21.223750 -14.858114 780.700000
v 18.708108 -17.908508 780.700000
v 15.756308 -20.539143 780.700000
v 12.437537 -22.688357 780.700000
v 8.829585 -24.305775 780.700000
v 5.017019 -25.353487 780.700000
v 1.089202 -25.806934 780.700000
v -2.861801 -25.655489 780.700000
v -6.743382 -24.902700 780.700000
v -10.464560 -23.566214 780.700000
v -13.938113 -21.677355 780.700000
v -17.082625 -19.280398 780.700000
v -19.824391 -16.431524 780.700000
v -22.099146 -13.197510 780.700000
v -23.853572 -9.654157 780.700000
v -25.046546 -5.884519 780.700000
v -25.650107 -1.976952 780.700000
v -25.650107 1.976952 780.700000
v -25.046546 5.884519 780.700000
v -23.853572 9.654157 780.700000
v -22.099146 13.197510 780.700000
v -19.824391 16.431524 780.700000
v -17.082625 19.280398 780.700000
v -13.938113 21.677355 780.700000
v -10.464560 23.566214 780.700000
v -6.743382 24.902700 780.700000
v -2.861801 25.655489 780.700000
v 1.089202 25.806934 780.700000
v 5.017019 25.353487 780.700000
v 8.829585 24.305775 780.700000
v 12.437537 22.688357 780.700000
v 15.756308 20.539143 780.700000
v 18.708108 17.908508 780.700000
v 21.223750 14.858114 780.700000
v 23.244269 11.459458 780.700000
v 24.722306 7.792202 780.700000
v 25.623217 3.942303 780.700000
v 32.882603 -0.000000 782.700000
v 32.577264 -4.463897 782.700000
v 31.666936 -8.844641 782.700000
v 30.168574 -13.060625 782.700000
v 28.110092 -17.033315 782.700000
v 25.529836 -20.688706 782.700000
v 22.475869 -23.958706 782.700000
v 19.005082 -26.782400 782.700000
v 15.182130 -29.107189 782.700000
v 11.078226 -30.889766 782.700000
v 6.769818 -32.096925 782.700000
v 2.337164 -32.706180 782.700000
v -2.137164 -32.706180 782.700000
v -6.569818 -32.096925 782.700000
v -10.878226 -30.889766 782.700000
v -14.982130 -29.107189 782.700000
v -18.805082 -26.782400 782.700000
v -22.275869 -23.958706 782.700000
v -25.329836 -20.688706 782.700000
v -27.910092 -17.033315 782.700000
v -29.968574 -13.060625 782.700000
v -31.466936 -8.844641 782.700000
v -32.377264 -4.463897 782.700000
v -32.682603 -0.000000 782.700000
v -32.377264 4.463897 782.700000
v -31.466936 8.844641 782.700000
v -29.968574 13.060625 782.700000
v -27.910092 17.033315 782.700000
v -25.329836 20.688706 782.700000
v -22.275869 23.958706 782.700000
v -18.805082 26.782400 782.700000
v -14.982130 29.107189 782.700000
v -10.878226 30.889766 782.700000
v -6.569818 32.096925 782.700000
v -2.137164 32.706180 782.700000
v 2.337164 32.706180 782.700000
v 6.769818 32.096925 782.700000
v 11.078226 30.889766 782.700000
v 15.182130 29.107189 782.700000
v 19.005082 26.782400 782.700000
v 22.475869 23.958706 782.700000
v 25.529836 20.688706 782.700000
v 28.110092 17.033315 782.700000
v 30.168574 13.060625 782.700000
v 31.666936 8.844641 782.700000
v 32.577264 4.463897 782.700000
v 0.100000 30.100000 646.000000
v -0.400000 30.100000 646.133975
v -0.766025 30.100000 646.500000
v -0.900000 30.100000 647.000000
v -0.766025 30.100000 647.500000
v -0.400000 30.100000 647.866025
v 0.100000 30.100000 648.000000
v 0.600000 30.100000 647.866025
v 0.966025 30.100000 647.500000
v 1.100000 30.100000 647.000000
v 0.966025 30.100000 646.500000
v 0.600000 30.100000 646.133975
v 0.100000 32.558577 646.000000
v -0.400000 32.558577 646.133975
v -0.766025 32.558577 646.500000
v -0.900000 32.558577 647.000000
v -0.766025 32.558577 647.500000
v -0.400000 32.558577 647.866025
v 0.100000 32.558577 648.000000
v 0.600000 32.558577 647.866025
v 0.966025 32.558577 647.500000
v 1.100000 32.558577 647.000000
v 0.966025 32.558577 646.500000
v 0.600000 32.558577 646.133975
v 0.100000 -30.100000 644.000000
v -1.201651 -30.100000 644.297093
v -2.245494 -30.100000 645.129531
v -2.824784 -30.100000 646.332437
v -2.824784 -30.100000 647.667563
v -2.245494 -30.100000 648.870469
v -1.201651 -30.100000 649.702907
v 0.100000 -30.100000 650.000000
v 1.401651 -30.100000 649.702907
v 2.445494 -30.100000 648.870469
v 3.024784 -30.100000 647.667563
v 3.024784 -30.100000 646.332437
v 2.445494 -30.100000 645.129531
v 1.401651 -30.100000 644.297093
v 0.100000 -30.100000 646.000000
v 0.600000 -30.100000 646.133975
v 0.966025 -30.100000 646.500000
v 1.100000 -30.100000 647.000000
v 0.966025 -30.100000 647.500000
v 0.600000 -30.100000 647.866025
v 0.100000 -30.100000 648.000000
v -0.400000 -30.100000 647.866025
v -0.766025 -30.100000 647.500000
v -0.900000 -30.100000 647.000000
v -0.766025 -30.100000 646.500000
v -0.400000 -30.100000 646.133975
v 0.100000 -32.558577 646.000000
v 0.600000 -32.558577 646.133975
v 0.966025 -32.558577 646.500000
v 1.100000 -32.558577 647.000000
v 0.966025 -32.558577 647.500000
v 0.600000 -32.558577 647.866025
v 0.100000 -32.558577 648.000000
v -0.400000 -32.558577 647.866025
v -0.766025 -32.558577 647.500000
v -0.900000 -32.558577 647.000000
v -0.766025 -32.558577 646.500000
v -0.400000 -32.558577 646.133975
vt 0.055822 0.050000 0.000000
vt 0.058797 0.033317 0.000000
vt 0.065013 0.050000 0.000000
vt 0.061861 0.016650 0.000000
vt 0.065013 -0.000000 0.000000
vt 0.012616 -0.050000 0.000000
vt 0.126114 -0.050000 0.000000
vt 0.000000 -0.000000 0.000000
vt 0.126114 0.050000 0.000000
vt -0.000000 0.050000 0.000000
vt 5.960130 0.007547 0.000000
vt -1.360336 0.007547 0.000000
vt 5.890974 -0.082449 0.000000
vt -5.842495 -0.032419 0.000000
vt -5.717023 -0.082449 0.000000
vt 0.186388 0.050000 0.000000
vt -0.000000 0.050000 0.000000
vt 0.135078 -0.050000 0.000000
vt 0.000000 -0.050000 0.000000
vt 11.607997 0.050000 0.000000
vt -0.000000 0.050000 0.000000
vt 11.607997 -0.050000 0.000000
vt 0.000000 -0.050000 0.000000
vt -5.967271 0.026726 0.000000
vt -5.967817 0.017551 0.000000
vt 1.360336 0.026726 0.000000
vt -5.890974 -0.082449 0.000000
vt 5.890156 -0.013416 0.000000
vt 5.717023 -0.082449 0.000000
vt -3.200122 9.479987 0.000000
vt 3.200122 9.489757 0.000000
vt -3.200122 9.920917 0.000000
vt 3.200122 9.920917 0.000000
vt -3.200122 -9.920917 0.000000
vt 3.200122 -9.920917 0.000000
vt 3.200122 -9.489757 0.000000
vt 3.200122 9.058597 0.000000
vt -3.200122 9.039058 0.000000
vt 3.200122 8.627437 0.000000
vt -3.200122 8.598128 0.000000
vt 3.200122 8.196277 0.000000
vt -3.200122 8.157198 0.000000
vt 3.200122 7.765117 0.000000
vt -3.200122 7.716269 0.000000
vt 3.200122 7.333957 0.000000
vt -3.200122 7.275339 0.000000
vt 3.200122 6.902797 0.000000
vt -3.200122 6.834410 0.000000
vt 3.200122 6.471637 0.000000
vt -3.200122 6.393480 0.000000
vt 3.200122 6.040477 0.000000
vt -3.200122 5.952550 0.000000
vt 3.200122 5.609317 0.000000
vt -1.282208 5.617500 0.000000
vt -3.200122 5.511621 0.000000
vt -1.329870 5.515338 0.000000
vt 3.200122 5.508382 0.000000
vt 3.200122 5.342262 0.000000
vt -3.200122 5.070691 0.000000
vt 3.200122 5.176142 0.000000
vt 3.200122 5.010022 0.000000
vt -0.615112 5.010546 0.000000
vt -0.615112 4.910371 0.000000
vt -3.200122 4.629761 0.000000
vt 3.200122 4.744775 0.000000
vt 3.200122 4.578655 0.000000
vt -1.329870 4.405579 0.000000
vt 3.200122 4.412535 0.000000
vt -3.200122 4.188832 0.000000
vt -1.282208 4.303417 0.000000
vt 3.200122 4.311600 0.000000
vt 3.200122 3.880440 0.000000
vt -3.200122 3.747902 0.000000
vt 3.200122 3.449280 0.000000
vt -3.200122 3.306972 0.000000
vt 3.200122 3.018120 0.000000
vt -3.200122 2.866043 0.000000
vt 3.200122 2.586960 0.000000
vt -3.200122 2.425113 0.000000
vt 3.200122 2.155800 0.000000
vt -3.200122 1.984183 0.000000
vt 3.200122 1.724640 0.000000
vt -3.200122 1.543254 0.000000
vt 3.200122 1.293480 0.000000
vt -3.200122 1.102324 0.000000
vt 3.200122 0.862320 0.000000
vt -3.200122 0.661394 0.000000
vt 3.200122 0.431160 0.000000
vt -3.200122 0.220465 0.000000
vt 3.200122 -0.000000 0.000000
vt -3.200122 -0.220465 0.000000
vt 3.200122 -0.431160 0.000000
vt -3.200122 -0.661394 0.000000
vt 3.200122 -0.862320 0.000000
vt -3.200122 -1.102324 0.000000
vt 3.200122 -1.293480 0.000000
vt -3.200122 -1.543254 0.000000
vt 3.200122 -1.724640 0.000000
vt -3.200122 -1.984183 0.000000
vt 3.200122 -2.155800 0.000000
vt -3.200122 -2.425113 0.000000
vt 3.200122 -2.586960 0.000000
vt -3.200122 -2.866043 0.000000
vt 3.200122 -3.018120 0.000000
vt -3.200122 -3.306972 0.000000
vt 3.200122 -3.449280 0.000000
vt -3.200122 -3.747902 0.000000
vt 3.200122 -3.880440 0.000000
vt -3.200122 -4.188832 0.000000
vt 3.200122 -4.311600 0.000000
vt -1.282208 -4.303417 0.000000
vt -1.329870 -4.405579 0.000000
vt -3.200122 -4.629761 0.000000
vt 3.200122 -4.578655 0.000000
vt 3.200122 -4.744775 0.000000
vt -0.615112 -4.910371 0.000000
vt 3.200122 -4.910895 0.000000
vt -3.200122 -5.070691 0.000000
vt -0.615112 -5.010546 0.000000
vt 3.200122 -5.010022 0.000000
vt 3.200122 -5.176142 0.000000
vt 3.200122 -5.342262 0.000000
vt -3.200122 -5.511621 0.000000
vt 3.200122 -5.508382 0.000000
vt -1.329870 -5.515338 0.000000
vt -1.282208 -5.617500 0.000000
vt -3.200122 -5.952550 0.000000
vt 3.200122 -5.609317 0.000000
vt 3.200122 -6.040477 0.000000
vt -3.200122 -6.393480 0.000000
vt 3.200122 -6.471637 0.000000
vt -3.200122 -6.834410 0.000000
vt 3.200122 -6.902797 0.000000
vt -3.200122 -7.275339 0.000000
vt 3.200122 -7.333957 0.000000
vt -3.200122 -7.716269 0.000000
vt 3.200122 -7.765117 0.000000
vt -3.200122 -8.157198 0.000000
vt 3.200122 -8.196277 0.000000
vt -3.200122 -8.598128 0.000000
vt 3.200122 -8.627437 0.000000
vt -3.200122 -9.039058 0.000000
vt 3.200122 -9.058597 0.000000
vt -3.200122 -9.479987 0.000000
vt 3.200122 -4.412535 0.000000
vt 3.200122 4.910895 0.000000
vt 5.967271 0.026726 0.000000
vt -1.360336 0.026726 0.000000
vt 5.967817 0.017551 0.000000
vt 5.890974 -0.082449 0.000000
vt -5.890156 -0.013416 0.000000
vt -5.717023 -0.082449 0.000000
vt -0.186388 0.050000 0.000000
vt -0.135078 -0.050000 0.000000
vt -0.000000 0.050000 0.000000
vt 0.000000 -0.050000 0.000000
vt -5.960130 0.007547 0.000000
vt -5.890974 -0.082449 0.000000
vt 1.360336 0.007547 0.000000
vt 5.842495 -0.032419 0.000000
vt 5.717023 -0.082449 0.000000
vt -11.607997 -0.050000 0.000000
vt 0.000000 -0.050000 0.000000
vt -11.607997 0.050000 0.000000
vt -0.000000 0.050000 0.000000
vt -0.012616 -0.050000 0.000000
vt 0.000000 -0.000000 0.000000
vt -0.126114 -0.050000 0.000000
vt -0.126114 0.050000 0.000000
vt -0.000000 0.050000 0.000000
vt -0.065013 -0.000000 0.000000
vt -0.061861 0.016650 0.000000
vt -0.065013 0.050000 0.000000
vt -0.058797 0.033317 0.000000
vt -0.055822 0.050000 0.000000
vt -3.700000 -6.093894 0.000000
vt 1.305508 -5.940571 0.000000
vt -3.700000 -5.658921 0.000000
vt 3.673658 -5.716275 0.000000
vt 3.620466 -5.658921 0.000000
vt 3.700000 -5.580285 0.000000
vt 3.628153 -5.607929 0.000000
vt 3.627966 -5.590984 0.000000
vt 3.627784 -5.574039 0.000000
vt 3.627607 -5.557094 0.000000
vt 3.700000 -5.196311 0.000000
vt 3.294816 -5.303699 0.000000
vt 3.402594 -5.273727 0.000000
vt 3.490662 -5.207689 0.000000
vt 3.549573 -5.113144 0.000000
vt 3.570000 -5.004325 0.000000
vt 3.700000 -4.812338 0.000000
vt 3.549573 -4.895505 0.000000
vt 3.490662 -4.800960 0.000000
vt 3.402594 -4.734922 0.000000
vt 3.294816 -4.704950 0.000000
vt 3.627607 -4.451555 0.000000
vt -3.700000 -4.619144 0.000000
vt -3.700000 -4.451555 0.000000
vt -3.700000 -6.528866 0.000000
vt 0.510051 -6.362428 0.000000
vt 0.606248 -6.243283 0.000000
vt 0.720248 -6.140562 0.000000
vt -3.700000 -6.963839 0.000000
vt 0.370235 -6.644759 0.000000
vt 0.430489 -6.497670 0.000000
vt 0.237312 -7.065246 0.000000
vt -3.700000 -7.398812 0.000000
vt 0.117028 -7.485732 0.000000
vt -3.700000 -7.833785 0.000000
vt 0.011476 -7.906218 0.000000
vt -3.700000 -8.268758 0.000000
vt -0.077507 -8.326704 0.000000
vt -3.700000 -8.703731 0.000000
vt -0.148375 -8.747190 0.000000
vt -3.700000 -9.138703 0.000000
vt -0.199894 -9.167677 0.000000
vt -3.700000 -9.573676 0.000000
vt -0.231169 -9.588163 0.000000
vt -3.700000 -10.008649 0.000000
vt -0.241654 -10.008649 0.000000
vt -0.241654 10.008649 0.000000
vt -3.700000 10.008649 0.000000
vt -0.231169 9.588163 0.000000
vt -3.700000 9.573676 0.000000
vt -0.199894 9.167677 0.000000
vt -3.700000 9.138703 0.000000
vt -0.148375 8.747190 0.000000
vt -3.700000 8.703731 0.000000
vt -0.077507 8.326704 0.000000
vt -3.700000 8.268758 0.000000
vt 0.011476 7.906218 0.000000
vt -3.700000 7.833785 0.000000
vt 0.117028 7.485732 0.000000
vt -3.700000 7.398812 0.000000
vt 0.237312 7.065246 0.000000
vt -3.700000 6.963839 0.000000
vt 0.370235 6.644759 0.000000
vt -3.700000 6.528866 0.000000
vt 0.430489 6.497670 0.000000
vt 0.510051 6.362428 0.000000
vt -3.700000 6.093894 0.000000
vt 0.606248 6.243283 0.000000
vt 0.720248 6.140562 0.000000
vt 0.852772 6.054572 0.000000
vt 0.998870 5.991135 0.000000
vt 1.152301 5.953172 0.000000
vt -3.700000 5.658921 0.000000
vt 1.305508 5.940571 0.000000
vt 3.598533 5.832898 0.000000
vt 3.485262 5.912197 0.000000
vt 3.673658 5.716275 0.000000
vt 3.620466 5.658921 0.000000
vt 3.700000 5.580285 0.000000
vt 3.628153 5.607929 0.000000
vt 3.627966 5.590984 0.000000
vt 3.627784 5.574039 0.000000
vt 3.627607 5.557094 0.000000
vt 3.700000 5.196311 0.000000
vt 3.294816 5.303699 0.000000
vt 3.402594 5.273727 0.000000
vt -3.700000 5.557094 0.000000
vt -3.700000 5.389505 0.000000
vt -3.700000 5.221916 0.000000
vt 3.185816 5.292611 0.000000
vt 3.085969 5.241388 0.000000
vt 3.013409 5.159687 0.000000
vt -3.700000 5.054327 0.000000
vt 2.974196 5.054327 0.000000
vt 3.490662 5.207689 0.000000
vt 3.549573 5.113144 0.000000
vt 3.570000 5.004325 0.000000
vt 3.700000 4.812338 0.000000
vt 3.549573 4.895505 0.000000
vt 3.490662 4.800960 0.000000
vt 3.402594 4.734922 0.000000
vt 3.294816 4.704950 0.000000
vt 3.700000 4.428364 0.000000
vt 3.627607 4.451555 0.000000
vt 3.627784 4.434610 0.000000
vt -3.700000 4.619144 0.000000
vt 3.185816 4.716038 0.000000
vt -3.700000 4.786733 0.000000
vt 3.085969 4.767261 0.000000
vt 3.013409 4.848962 0.000000
vt 2.974196 4.954322 0.000000
vt -3.700000 4.954322 0.000000
vt -3.700000 4.451555 0.000000
vt 3.627966 4.417665 0.000000
vt 3.628153 4.400720 0.000000
vt 3.620466 4.349728 0.000000
vt 3.673658 4.292375 0.000000
vt -3.700000 4.349728 0.000000
vt 3.598533 4.175751 0.000000
vt -3.700000 3.914755 0.000000
vt 1.416579 4.068078 0.000000
vt 1.258845 4.054727 0.000000
vt 1.101110 4.014500 0.000000
vt 0.951584 3.947345 0.000000
vt 0.816915 3.856809 0.000000
vt 0.702299 3.749096 0.000000
vt -3.700000 3.479783 0.000000
vt 0.605863 3.623505 0.000000
vt 0.527551 3.481660 0.000000
vt 0.470167 3.328197 0.000000
vt -3.700000 3.044810 0.000000
vt 0.352395 2.912173 0.000000
vt -3.700000 2.609837 0.000000
vt 0.245925 2.496148 0.000000
vt -3.700000 2.174864 0.000000
vt 0.152570 2.080123 0.000000
vt -3.700000 1.739891 0.000000
vt 0.073919 1.664099 0.000000
vt -3.700000 1.304918 0.000000
vt 0.011313 1.248074 0.000000
vt -3.700000 0.869946 0.000000
vt -0.034183 0.832049 0.000000
vt -3.700000 0.434973 0.000000
vt -0.061794 0.416025 0.000000
vt -3.700000 0.000000 0.000000
vt -0.071050 0.000000 0.000000
vt -0.061794 -0.416025 0.000000
vt -3.700000 -0.434973 0.000000
vt -0.034183 -0.832049 0.000000
vt -3.700000 -0.869946 0.000000
vt 0.011313 -1.248074 0.000000
vt -3.700000 -1.304918 0.000000
vt 0.073919 -1.664099 0.000000
vt -3.700000 -1.739891 0.000000
vt 0.152570 -2.080123 0.000000
vt -3.700000 -2.174864 0.000000
vt 0.245925 -2.496148 0.000000
vt -3.700000 -2.609837 0.000000
vt 0.352395 -2.912173 0.000000
vt -3.700000 -3.044810 0.000000
vt 0.470167 -3.328197 0.000000
vt -3.700000 -3.479783 0.000000
vt 0.527551 -3.481660 0.000000
vt 0.605863 -3.623505 0.000000
vt -3.700000 -3.914755 0.000000
vt 0.702299 -3.749096 0.000000
vt 0.816915 -3.856809 0.000000
vt 0.951584 -3.947345 0.000000
vt 1.101110 -4.014500 0.000000
vt 1.258845 -4.054727 0.000000
vt -3.700000 -4.349728 0.000000
vt 1.416579 -4.068078 0.000000
vt 3.598533 -4.175751 0.000000
vt 3.485262 -4.096452 0.000000
vt 3.673658 -4.292375 0.000000
vt 3.620466 -4.349728 0.000000
vt 3.700000 -4.428364 0.000000
vt 3.628153 -4.400720 0.000000
vt 3.627966 -4.417665 0.000000
vt 3.627784 -4.434610 0.000000
vt -3.700000 -4.786733 0.000000
vt 3.185816 -4.716038 0.000000
vt 3.085969 -4.767261 0.000000
vt 3.013409 -4.848962 0.000000
vt -3.700000 -4.954322 0.000000
vt 2.974196 -4.954322 0.000000
vt -3.700000 -5.389505 0.000000
vt 3.185816 -5.292611 0.000000
vt -3.700000 -5.221916 0.000000
vt 3.085969 -5.241388 0.000000
vt 3.013409 -5.159687 0.000000
vt 2.974196 -5.054327 0.000000
vt -3.700000 -5.054327 0.000000
vt -3.700000 -5.557094 0.000000
vt 0.852772 -6.054572 0.000000
vt 0.998870 -5.991135 0.000000
vt 1.152301 -5.953172 0.000000
vt 3.350000 -5.940571 0.000000
vt 3.485262 -5.912197 0.000000
vt 3.598533 -5.832898 0.000000
vt 3.350000 -4.068078 0.000000
vt 3.350000 4.068078 0.000000
vt 3.485262 4.096452 0.000000
vt 3.350000 5.940571 0.000000
vt -0.013146 -0.050000 0.000000
vt -0.016875 -0.016736 0.000000
vt -3.969905 -0.050000 0.000000
vt -0.016875 0.016736 0.000000
vt -3.969905 0.050000 0.000000
vt -0.013146 0.050000 0.000000
vt 5.255446 0.026892 0.000000
vt 5.255446 0.106500 0.000000
vt 1.298687 0.026892 0.000000
vt -1.418750 0.106500 0.000000
vt -5.233839 0.073202 0.000000
vt -5.048061 -0.106892 0.000000
vt 1.023603 -0.106892 0.000000
vt -5.255446 0.026892 0.000000
vt -1.298687 0.026892 0.000000
vt -5.255446 0.106500 0.000000
vt 1.418750 0.106500 0.000000
vt 5.233839 0.073202 0.000000
vt 5.048061 -0.106892 0.000000
vt -1.023603 -0.106892 0.000000
vt -0.258741 -0.050000 0.000000
vt 0.000000 -0.050000 0.000000
vt -0.258741 0.050000 0.000000
vt -0.000000 0.050000 0.000000
vt -6.071664 -0.050000 0.000000
vt 0.000000 -0.050000 0.000000
vt -6.071664 0.050000 0.000000
vt -0.000000 0.050000 0.000000
vt -0.305891 -0.050000 0.000000
vt 0.000000 -0.050000 0.000000
vt -0.305891 0.050000 0.000000
vt -0.000000 0.050000 0.000000
vt 5.967271 0.026726 0.000000
vt -1.360336 0.026726 0.000000
vt 5.967817 0.017551 0.000000
vt 5.890974 -0.082449 0.000000
vt -5.890156 -0.013416 0.000000
vt -5.717023 -0.082449 0.000000
vt -0.186388 0.050000 0.000000
vt -0.135078 -0.050000 0.000000
vt 0.000000 0.050000 0.000000
vt -0.000000 -0.050000 0.000000
vt -5.960130 0.007547 0.000000
vt -5.890974 -0.082449 0.000000
vt 1.360336 0.007547 0.000000
vt 5.842495 -0.032419 0.000000
vt 5.717023 -0.082449 0.000000
vt -11.607997 -0.050000 0.000000
vt -0.000000 -0.050000 0.000000
vt -11.607997 0.050000 0.000000
vt 0.000000 0.050000 0.000000
vt -0.012616 -0.050000 0.000000
vt 0.000000 -0.000000 0.000000
vt -0.126114 -0.050000 0.000000
vt -0.126114 0.050000 0.000000
vt -0.000000 0.050000 0.000000
vt -0.065013 -0.000000 0.000000
vt -0.061861 0.016650 0.000000
vt -0.065013 0.050000 0.000000
vt -0.058797 0.033317 0.000000
vt -0.055822 0.050000 0.000000
vt 0.055822 0.050000 0.000000
vt 0.058797 0.033317 0.000000
vt 0.065013 0.050000 0.000000
vt 0.061861 0.016650 0.000000
vt 0.065013 -0.000000 0.000000
vt 0.012616 -0.050000 0.000000
vt 0.126114 -0.050000 0.000000
vt 0.000000 -0.000000 0.000000
vt 0.126114 0.050000 0.000000
vt 0.000000 0.050000 0.000000
vt 5.960130 0.007547 0.000000
vt -1.360336 0.007547 0.000000
vt 5.890974 -0.082449 0.000000
vt -5.842495 -0.032419 0.000000
vt -5.717023 -0.082449 0.000000
vt 0.186388 0.050000 0.000000
vt 0.000000 0.050000 0.000000
vt 0.135078 -0.050000 0.000000
vt -0.000000 -0.050000 0.000000
vt 11.607997 0.050000 0.000000
vt 0.000000 0.050000 0.000000
vt 11.607997 -0.050000 0.000000
vt -0.000000 -0.050000 0.000000
vt -5.967271 0.026726 0.000000
vt -5.967817 0.017551 0.000000
vt 1.360336 0.026726 0.000000
vt -5.890974 -0.082449 0.000000
vt 5.890156 -0.013416 0.000000
vt 5.717023 -0.082449 0.000000
vt 0.258741 0.050000 0.000000
vt 0.000000 0.050000 0.000000
vt 0.258741 -0.050000 0.000000
vt -0.000000 -0.050000 0.000000
vt 5.048061 -0.106892 0.000000
vt 5.233839 0.073202 0.000000
vt -1.298687 0.026892 0.000000
vt 1.418750 0.106500 0.000000
vt -5.255446 0.106500 0.000000
vt -5.255446 0.026892 0.000000
vt -1.023603 -0.106892 0.000000
vt 5.255446 0.106500 0.000000
vt -1.418750 0.106500 0.000000
vt 1.298687 0.026892 0.000000
vt -5.233839 0.073202 0.000000
vt -5.048061 -0.106892 0.000000
vt 1.023603 -0.106892 0.000000
vt 5.255446 0.026892 0.000000
vt 6.071664 0.050000 0.000000
vt 0.000000 0.050000 0.000000
vt 6.071664 -0.050000 0.000000
vt -0.000000 -0.050000 0.000000
vt 0.305891 0.050000 0.000000
vt 0.000000 0.050000 0.000000
vt 0.305891 -0.050000 0.000000
vt -0.000000 -0.050000 0.000000
vt 0.013146 0.050000 0.000000
vt 0.016875 0.016736 0.000000
vt 3.969905 0.050000 0.000000
vt 3.969905 -0.050000 0.000000
vt 0.016875 -0.016736 0.000000
vt 0.013146 -0.050000 0.000000
vt -0.066936 0.050234 0.000000
vt 0.012671 0.050234 0.000000
vt -0.162788 0.134640 0.000000
vt 0.009272 0.163280 0.000000
vt -0.162788 0.269279 0.000000
vt 0.004245 0.273069 0.000000
vt 0.000032 0.385894 0.000000
vt -0.162788 0.403919 0.000000
vt -0.000990 0.496087 0.000000
vt -0.162788 0.538559 0.000000
vt 0.001679 0.608592 0.000000
vt -0.162788 0.673198 0.000000
vt 0.006574 0.719191 0.000000
vt -0.162788 0.807838 0.000000
vt 0.011205 0.831140 0.000000
vt -0.162788 0.942478 0.000000
vt 0.013064 0.942478 0.000000
vt -0.162788 -0.942478 0.000000
vt 0.013064 -0.942478 0.000000
vt 0.011205 -0.831140 0.000000
vt -0.162788 -0.807838 0.000000
vt 0.006574 -0.719191 0.000000
vt -0.162788 -0.673198 0.000000
vt 0.001679 -0.608592 0.000000
vt -0.162788 -0.538559 0.000000
vt -0.000990 -0.496087 0.000000
vt -0.162788 -0.403919 0.000000
vt 0.000032 -0.385894 0.000000
vt -0.162788 -0.269279 0.000000
vt 0.004245 -0.273069 0.000000
vt 0.009272 -0.163280 0.000000
vt -0.162788 -0.134640 0.000000
vt 0.012671 -0.050234 0.000000
vt -0.066936 -0.050234 0.000000
vt -0.162788 0.000000 0.000000
vt -0.066936 -0.016745 0.000000
vt -0.066936 0.016745 0.000000
vt 3.205672 0.274889 0.000000
vt 3.049269 0.274889 0.000000
vt 3.213362 0.136141 0.000000
vt 3.057367 0.136012 0.000000
vt 3.233667 -0.001352 0.000000
vt 3.078711 -0.001483 0.000000
vt 3.260271 -0.138165 0.000000
vt 3.106632 -0.138233 0.000000
vt 3.286307 -0.274889 0.000000
vt 3.133931 -0.274889 0.000000
vt -2.648794 -3.205672 0.000000
vt -0.715373 -3.205672 0.000000
vt -2.648794 -3.049269 0.000000
vt -0.715373 -3.049269 0.000000
vt 3.700000 -10.024258 0.000000
vt 0.295868 -10.267755 0.000000
vt 3.700000 -10.479906 0.000000
vt 3.700000 10.479906 0.000000
vt 0.295868 10.692057 0.000000
vt 0.295868 10.267755 0.000000
vt 3.700000 10.024258 0.000000
vt 0.275514 9.843454 0.000000
vt 3.700000 9.568610 0.000000
vt 0.235134 9.419152 0.000000
vt 3.700000 9.112962 0.000000
vt 0.175382 8.994851 0.000000
vt 3.700000 8.657314 0.000000
vt 0.097222 8.570550 0.000000
vt 3.700000 8.201666 0.000000
vt 0.001917 8.146248 0.000000
vt 3.700000 7.746017 0.000000
vt -0.108992 7.721947 0.000000
vt 3.700000 7.290369 0.000000
vt -0.233715 7.297645 0.000000
vt -0.370235 6.873344 0.000000
vt 0.275514 -9.843454 0.000000
vt 3.700000 -9.568610 0.000000
vt 0.235134 -9.419152 0.000000
vt 3.700000 -9.112962 0.000000
vt 0.175382 -8.994851 0.000000
vt 3.700000 -8.657314 0.000000
vt 0.097222 -8.570550 0.000000
vt 3.700000 -8.201666 0.000000
vt 0.001917 -8.146248 0.000000
vt 3.700000 -7.746017 0.000000
vt -0.108992 -7.721947 0.000000
vt 3.700000 -7.290369 0.000000
vt -0.233715 -7.297645 0.000000
vt -0.370235 -6.873344 0.000000
vt 3.700000 -6.834721 0.000000
vt -0.430999 -6.727043 0.000000
vt -0.511072 -6.592708 0.000000
vt 3.700000 -6.379073 0.000000
vt -0.607578 -6.474612 0.000000
vt -0.721781 -6.372802 0.000000
vt -0.854218 -6.287682 0.000000
vt -0.999981 -6.224957 0.000000
vt -1.152892 -6.187431 0.000000
vt -1.305508 -6.174977 0.000000
vt 3.700000 -5.923425 0.000000
vt -3.598441 -6.067781 0.000000
vt -3.673633 -5.951436 0.000000
vt -3.700000 -5.815634 0.000000
vt 3.700000 -5.467777 0.000000
vt -3.700000 -5.431847 0.000000
vt -3.270003 -5.415420 0.000000
vt -3.338260 -5.402295 0.000000
vt 3.700000 -5.012129 0.000000
vt -3.090000 -5.239953 0.000000
vt -3.103987 -5.307724 0.000000
vt -3.143453 -5.364689 0.000000
vt 3.700000 -4.556481 0.000000
vt -3.700000 -4.664272 0.000000
vt -3.270003 -5.064486 0.000000
vt -3.201772 -5.077598 0.000000
vt 3.700000 -4.100833 0.000000
vt -1.102329 -4.251997 0.000000
vt -1.259495 -4.291741 0.000000
vt -1.416579 -4.304929 0.000000
vt 3.700000 -3.645185 0.000000
vt -0.606943 -3.864863 0.000000
vt -0.703744 -3.989339 0.000000
vt -0.818573 -4.096036 0.000000
vt 3.700000 -3.189537 0.000000
vt -0.470167 -3.571374 0.000000
vt -0.528077 -3.723987 0.000000
vt -0.349010 -3.151213 0.000000
vt 3.700000 -2.733889 0.000000
vt -0.238422 -2.731051 0.000000
vt -0.140155 -2.310889 0.000000
vt 3.700000 -2.278240 0.000000
vt -0.055766 -1.890728 0.000000
vt 3.700000 -1.822592 0.000000
vt 0.013407 -1.470566 0.000000
vt 3.700000 -1.366944 0.000000
vt 0.066270 -1.050404 0.000000
vt 3.700000 -0.911296 0.000000
vt 0.101984 -0.630243 0.000000
vt 3.700000 -0.455648 0.000000
vt 0.119983 -0.210081 0.000000
vt 3.700000 0.000000 0.000000
vt 0.119983 0.210081 0.000000
vt 3.700000 0.455648 0.000000
vt 0.101984 0.630243 0.000000
vt 3.700000 0.911296 0.000000
vt 0.066270 1.050404 0.000000
vt 3.700000 1.366944 0.000000
vt 0.013407 1.470566 0.000000
vt 3.700000 1.822592 0.000000
vt -0.055766 1.890728 0.000000
vt 3.700000 2.278240 0.000000
vt -0.140155 2.310889 0.000000
vt 3.700000 2.733889 0.000000
vt -0.238422 2.731051 0.000000
vt -0.349010 3.151213 0.000000
vt 3.700000 3.189537 0.000000
vt -0.470167 3.571374 0.000000
vt 3.700000 3.645185 0.000000
vt -0.528077 3.723987 0.000000
vt -0.606943 3.864863 0.000000
vt 3.700000 4.100833 0.000000
vt -0.703744 3.989339 0.000000
vt -0.818573 4.096036 0.000000
vt -0.953162 4.185627 0.000000
vt -1.102329 4.251997 0.000000
vt -1.259495 4.291741 0.000000
vt -1.416579 4.304929 0.000000
vt 3.700000 4.556481 0.000000
vt -3.598441 4.412125 0.000000
vt -3.673633 4.528470 0.000000
vt -3.700000 4.664272 0.000000
vt 3.700000 5.012129 0.000000
vt -3.700000 5.048059 0.000000
vt -3.269997 5.064486 0.000000
vt -3.338228 5.077598 0.000000
vt 3.700000 5.467777 0.000000
vt -3.090000 5.239953 0.000000
vt -3.103975 5.172210 0.000000
vt -3.143447 5.115223 0.000000
vt 3.700000 5.923425 0.000000
vt -3.700000 5.815634 0.000000
vt -3.269997 5.415420 0.000000
vt -3.201740 5.402295 0.000000
vt 3.700000 6.379073 0.000000
vt -0.999981 6.224957 0.000000
vt -1.152892 6.187431 0.000000
vt -1.305508 6.174977 0.000000
vt 3.700000 6.834721 0.000000
vt -0.511072 6.592708 0.000000
vt -0.607578 6.474612 0.000000
vt -0.721781 6.372802 0.000000
vt -0.430999 6.727043 0.000000
vt -0.854218 6.287682 0.000000
vt -3.350000 6.174977 0.000000
vt -3.485142 6.146765 0.000000
vt -3.598441 6.067781 0.000000
vt -3.673633 5.951436 0.000000
vt -3.700000 5.431847 0.000000
vt -3.338228 5.402308 0.000000
vt -3.396547 5.364689 0.000000
vt -3.436013 5.307724 0.000000
vt -3.450000 5.239953 0.000000
vt -3.436013 5.172182 0.000000
vt -3.396547 5.115217 0.000000
vt -3.485142 4.333141 0.000000
vt -3.350000 4.304929 0.000000
vt -0.953162 -4.185627 0.000000
vt -3.350000 -4.304929 0.000000
vt -3.485142 -4.333141 0.000000
vt -3.598441 -4.412125 0.000000
vt -3.673633 -4.528470 0.000000
vt -3.700000 -5.048059 0.000000
vt -3.338260 -5.077611 0.000000
vt -3.396553 -5.115223 0.000000
vt -3.436025 -5.172210 0.000000
vt -3.450000 -5.239953 0.000000
vt -3.436025 -5.307696 0.000000
vt -3.396553 -5.364683 0.000000
vt -3.485142 -6.146765 0.000000
vt -3.350000 -6.174977 0.000000
vt -3.143447 5.364683 0.000000
vt -3.103975 5.307696 0.000000
vt -3.201740 5.077611 0.000000
vt -3.143453 -5.115217 0.000000
vt -3.103987 -5.172182 0.000000
vt -3.201772 -5.402308 0.000000
vt 3.286307 0.274889 0.000000
vt 3.133931 0.274889 0.000000
vt 3.260271 0.138165 0.000000
vt 3.106632 0.138233 0.000000
vt 3.078711 0.001483 0.000000
vt 3.233667 0.001352 0.000000
vt 3.057367 -0.136012 0.000000
vt 3.213362 -0.136141 0.000000
vt 3.049269 -0.274889 0.000000
vt 3.205672 -0.274889 0.000000
vt 2.735277 -3.049269 0.000000
vt 0.690785 -3.049269 0.000000
vt 2.735277 -3.205672 0.000000
vt 0.690785 -3.205672 0.000000
vt -3.133931 0.274889 0.000000
vt -3.286307 0.274889 0.000000
vt -3.106632 0.138233 0.000000
vt -3.260271 0.138165 0.000000
vt -3.078711 0.001483 0.000000
vt -3.233667 0.001352 0.000000
vt -3.213362 -0.136141 0.000000
vt -3.057367 -0.136012 0.000000
vt -3.205672 -0.274889 0.000000
vt -3.049269 -0.274889 0.000000
vt 2.735277 3.205672 0.000000
vt 0.690785 3.205672 0.000000
vt 2.735277 3.049269 0.000000
vt 0.690785 3.049269 0.000000
vt -3.205672 0.274889 0.000000
vt -3.213362 0.136141 0.000000
vt -3.049269 0.274889 0.000000
vt -3.057367 0.136012 0.000000
vt -3.233667 -0.001352 0.000000
vt -3.078711 -0.001483 0.000000
vt -3.260271 -0.138165 0.000000
vt -3.106632 -0.138233 0.000000
vt -3.286307 -0.274889 0.000000
vt -3.133931 -0.274889 0.000000
vt -2.648794 3.049269 0.000000
vt -0.715373 3.049269 0.000000
vt -2.648794 3.205672 0.000000
vt -0.715373 3.205672 0.000000
vt -3.205672 -0.604514 0.000000
vt -3.049269 -0.604514 0.000000
vt -3.202255 -0.451259 0.000000
vt -3.045648 -0.450661 0.000000
vt -3.191508 -0.293987 0.000000
vt -3.034261 -0.292821 0.000000
vt -3.172659 -0.136244 0.000000
vt -3.014290 -0.134619 0.000000
vt -3.145315 0.018979 0.000000
vt -2.985341 0.020867 0.000000
vt -3.109969 0.167989 0.000000
vt -2.947961 0.169850 0.000000
vt -3.065246 0.313941 0.000000
vt -2.900662 0.315638 0.000000
vt -3.009791 0.460325 0.000000
vt -2.842156 0.461387 0.000000
vt -2.943892 0.604514 0.000000
vt -2.772761 0.604514 0.000000
vt 2.056361 -2.943892 0.000000
vt 2.056361 -2.772761 0.000000
vt 1.670631 -2.721093 0.000000
vt 1.680794 -2.542174 0.000000
vt 1.340940 -2.267366 0.000000
vt 1.318235 -2.454331 0.000000
vt 1.042711 -1.953117 0.000000
vt 1.004867 -2.147915 0.000000
vt 0.791293 -1.604894 0.000000
vt 0.735590 -1.806796 0.000000
vt 0.591060 -1.228754 0.000000
vt 0.514754 -1.436486 0.000000
vt 0.445496 -0.831240 0.000000
vt 0.345928 -1.042967 0.000000
vt 0.357132 -0.419266 0.000000
vt 0.231838 -0.632598 0.000000
vt 0.174329 -0.212008 0.000000
vt 0.327505 0.000000 0.000000
vt 0.174329 0.212008 0.000000
vt 0.357132 0.419266 0.000000
vt 0.231838 0.632598 0.000000
vt 0.345928 1.042967 0.000000
vt 0.445496 0.831240 0.000000
vt 0.514754 1.436486 0.000000
vt 0.591060 1.228754 0.000000
vt 0.735590 1.806796 0.000000
vt 0.791293 1.604894 0.000000
vt 1.004867 2.147915 0.000000
vt 1.042711 1.953117 0.000000
vt 1.318235 2.454331 0.000000
vt 1.340940 2.267366 0.000000
vt 1.670631 2.721093 0.000000
vt 1.680794 2.542174 0.000000
vt 2.056361 2.772761 0.000000
vt 2.056361 2.943892 0.000000
vt -2.755011 -0.620969 0.000000
vt -2.828809 -0.474565 0.000000
vt -2.927179 -0.620969 0.000000
vt -2.997245 -0.473410 0.000000
vt -2.891186 -0.324864 0.000000
vt -3.056358 -0.323007 0.000000
vt -2.941748 -0.174649 0.000000
vt -3.104159 -0.172581 0.000000
vt -2.981388 -0.022278 0.000000
vt -3.141613 -0.020211 0.000000
vt -3.012100 0.137259 0.000000
vt -3.170612 0.139044 0.000000
vt -3.033336 0.299991 0.000000
vt -3.190644 0.301273 0.000000
vt -3.045429 0.462531 0.000000
vt -3.202050 0.463190 0.000000
vt -3.049269 0.620969 0.000000
vt -3.205672 0.620969 0.000000
vt 2.772761 0.604514 0.000000
vt 2.842156 0.461387 0.000000
vt 2.943892 0.604514 0.000000
vt 3.009791 0.460325 0.000000
vt 2.900662 0.315638 0.000000
vt 3.065246 0.313941 0.000000
vt 2.947961 0.169850 0.000000
vt 3.109969 0.167989 0.000000
vt 2.985341 0.020867 0.000000
vt 3.145315 0.018979 0.000000
vt 3.014290 -0.134619 0.000000
vt 3.172659 -0.136244 0.000000
vt 3.034261 -0.292821 0.000000
vt 3.191508 -0.293987 0.000000
vt 3.045648 -0.450661 0.000000
vt 3.202255 -0.451259 0.000000
vt 3.049269 -0.604514 0.000000
vt 3.205672 -0.604514 0.000000
vt 3.205672 0.620969 0.000000
vt 3.049269 0.620969 0.000000
vt 3.202050 0.463190 0.000000
vt 3.045429 0.462531 0.000000
vt 3.190644 0.301273 0.000000
vt 3.033336 0.299991 0.000000
vt 3.170612 0.139044 0.000000
vt 3.012100 0.137259 0.000000
vt 3.141613 -0.020211 0.000000
vt 2.981388 -0.022278 0.000000
vt 3.104159 -0.172581 0.000000
vt 2.941748 -0.174649 0.000000
vt 3.056358 -0.323007 0.000000
vt 2.891186 -0.324864 0.000000
vt 2.997245 -0.473410 0.000000
vt 2.828809 -0.474565 0.000000
vt 2.927179 -0.620969 0.000000
vt 2.755011 -0.620969 0.000000
vt -2.337545 -2.927179 0.000000
vt -1.962402 -2.703015 0.000000
vt -2.337545 -2.755011 0.000000
vt -1.972884 -2.523229 0.000000
vt -1.643217 -2.248481 0.000000
vt -1.619985 -2.436027 0.000000
vt -1.354159 -1.935445 0.000000
vt -1.315718 -2.130444 0.000000
vt -1.110631 -1.589452 0.000000
vt -1.054423 -1.791109 0.000000
vt -0.916782 -1.216394 0.000000
vt -0.840239 -1.423396 0.000000
vt -0.775911 -0.822623 0.000000
vt -0.676559 -1.033132 0.000000
vt -0.690417 -0.414843 0.000000
vt -0.565977 -0.626500 0.000000
vt -0.510244 -0.209942 0.000000
vt -0.661756 0.000000 0.000000
vt -0.510244 0.209942 0.000000
vt -0.690417 0.414843 0.000000
vt -0.565977 0.626500 0.000000
vt -0.676559 1.033132 0.000000
vt -0.775911 0.822623 0.000000
vt -0.840239 1.423396 0.000000
vt -0.916782 1.216394 0.000000
vt -1.054423 1.791109 0.000000
vt -1.110631 1.589452 0.000000
vt -1.315718 2.130444 0.000000
vt -1.354159 1.935445 0.000000
vt -1.619985 2.436027 0.000000
vt -1.643217 2.248481 0.000000
vt -1.962402 2.703015 0.000000
vt -1.972884 2.523229 0.000000
vt -2.337545 2.755011 0.000000
vt -2.337545 2.927179 0.000000
vt -3.758680 3.133931 0.000000
vt -3.377723 3.180069 0.000000
vt -3.758680 3.286307 0.000000
vt -3.377640 3.330340 0.000000
vt -2.993981 3.180069 0.000000
vt -2.994064 3.330340 0.000000
vt -2.613024 3.286307 0.000000
vt -2.613024 3.133931 0.000000
vt -2.613024 -3.133931 0.000000
vt -2.993981 -3.180069 0.000000
vt -2.613024 -3.286307 0.000000
vt -2.994064 -3.330340 0.000000
vt -3.377723 -3.180069 0.000000
vt -3.377640 -3.330340 0.000000
vt -3.758680 -3.286307 0.000000
vt -3.758680 -3.133931 0.000000
vt -0.100000 7.717664 0.000000
vt 0.100000 7.717664 0.000000
vt -0.100000 8.113441 0.000000
vt 0.100000 8.113441 0.000000
vt -0.100000 -8.113441 0.000000
vt 0.100000 -8.113441 0.000000
vt -0.100000 -7.717664 0.000000
vt 0.100000 -7.717664 0.000000
vt -0.100000 -7.321886 0.000000
vt 0.100000 -7.321886 0.000000
vt -0.100000 -6.926108 0.000000
vt 0.100000 -6.926108 0.000000
vt -0.100000 -6.530331 0.000000
vt 0.100000 -6.530331 0.000000
vt -0.100000 -6.134553 0.000000
vt 0.100000 -6.134553 0.000000
vt -0.100000 -5.738775 0.000000
vt 0.100000 -5.738775 0.000000
vt -0.100000 -5.342998 0.000000
vt 0.100000 -5.342998 0.000000
vt -0.100000 -4.947220 0.000000
vt 0.100000 -4.947220 0.000000
vt -0.100000 -4.551443 0.000000
vt 0.100000 -4.551443 0.000000
vt -0.100000 -4.155665 0.000000
vt 0.100000 -4.155665 0.000000
vt -0.100000 -3.759887 0.000000
vt 0.100000 -3.759887 0.000000
vt -0.100000 -3.364110 0.000000
vt 0.100000 -3.364110 0.000000
vt -0.100000 -2.968332 0.000000
vt 0.100000 -2.968332 0.000000
vt -0.100000 -2.572555 0.000000
vt 0.100000 -2.572555 0.000000
vt -0.100000 -2.176777 0.000000
vt 0.100000 -2.176777 0.000000
vt -0.100000 -1.780999 0.000000
vt 0.100000 -1.780999 0.000000
vt -0.100000 -1.385222 0.000000
vt 0.100000 -1.385222 0.000000
vt -0.100000 -0.989444 0.000000
vt 0.100000 -0.989444 0.000000
vt -0.100000 -0.593666 0.000000
vt 0.100000 -0.593666 0.000000
vt -0.100000 -0.197889 0.000000
vt 0.100000 -0.197889 0.000000
vt -0.100000 0.197889 0.000000
vt 0.100000 0.197889 0.000000
vt -0.100000 0.593666 0.000000
vt 0.100000 0.593666 0.000000
vt -0.100000 0.989444 0.000000
vt 0.100000 0.989444 0.000000
vt -0.100000 1.385222 0.000000
vt 0.100000 1.385222 0.000000
vt -0.100000 1.780999 0.000000
vt 0.100000 1.780999 0.000000
vt -0.100000 2.176777 0.000000
vt 0.100000 2.176777 0.000000
vt -0.100000 2.572555 0.000000
vt 0.100000 2.572555 0.000000
vt -0.100000 2.968332 0.000000
vt 0.100000 2.968332 0.000000
vt -0.100000 3.364110 0.000000
vt 0.100000 3.364110 0.000000
vt -0.100000 3.759887 0.000000
vt 0.100000 3.759887 0.000000
vt -0.100000 4.155665 0.000000
vt 0.100000 4.155665 0.000000
vt -0.100000 4.551443 0.000000
vt 0.100000 4.551443 0.000000
vt -0.100000 4.947220 0.000000
vt 0.100000 4.947220 0.000000
vt -0.100000 5.342998 0.000000
vt 0.100000 5.342998 0.000000
vt -0.100000 5.738775 0.000000
vt 0.100000 5.738775 0.000000
vt -0.100000 6.134553 0.000000
vt 0.100000 6.134553 0.000000
vt -0.100000 6.530331 0.000000
vt 0.100000 6.530331 0.000000
vt -0.100000 6.926108 0.000000
vt 0.100000 6.926108 0.000000
vt -0.100000 7.321886 0.000000
vt 0.100000 7.321886 0.000000
vt -5.682128 0.435612 0.000000
vt -5.712589 -0.000000 0.000000
vt -5.165177 -0.000000 0.000000
vt -5.682128 -0.435612 0.000000
vt -5.134910 -0.394230 0.000000
vt -5.591338 -0.862745 0.000000
vt -5.044819 -0.779220 0.000000
vt -5.441986 -1.273086 0.000000
vt -4.897015 -1.145946 0.000000
vt -5.236979 -1.658647 0.000000
vt -4.694964 -1.485811 0.000000
vt -4.980308 -2.011925 0.000000
vt -4.443399 -1.790851 0.000000
vt -4.676967 -2.326043 0.000000
vt -4.148219 -2.053914 0.000000
vt -4.332862 -2.594888 0.000000
vt -3.816342 -2.268836 0.000000
vt -3.954690 -2.813225 0.000000
vt -3.455547 -2.430578 0.000000
vt -3.549812 -2.976807 0.000000
vt -3.074290 -2.535349 0.000000
vt -3.126107 -3.082448 0.000000
vt -2.681509 -2.580693 0.000000
vt -2.691824 -3.128093 0.000000
vt -2.255414 -3.112854 0.000000
vt -2.286408 -2.565549 0.000000
vt -1.825373 -3.037026 0.000000
vt -1.898250 -2.490270 0.000000
vt -1.410070 -2.902085 0.000000
vt -1.526133 -2.356621 0.000000
vt -1.017589 -2.710660 0.000000
vt -1.178777 -2.167736 0.000000
vt -0.655568 -2.466474 0.000000
vt -0.864326 -1.928040 0.000000
vt -0.331055 -2.174281 0.000000
vt -0.590149 -1.643152 0.000000
vt -0.050365 -1.839768 0.000000
vt -0.362674 -1.319751 0.000000
vt 0.181037 -1.469446 0.000000
vt -0.187231 -0.965416 0.000000
vt 0.358649 -1.070523 0.000000
vt -0.067934 -0.588452 0.000000
vt 0.479013 -0.650764 0.000000
vt -0.007578 -0.197695 0.000000
vt 0.539787 -0.218338 0.000000
vt -0.007578 0.197695 0.000000
vt 0.539787 0.218338 0.000000
vt 0.479013 0.650764 0.000000
vt -0.067934 0.588452 0.000000
vt 0.358649 1.070523 0.000000
vt -0.187231 0.965416 0.000000
vt 0.181037 1.469446 0.000000
vt -0.362674 1.319751 0.000000
vt -0.050365 1.839768 0.000000
vt -0.590149 1.643152 0.000000
vt -0.331055 2.174281 0.000000
vt -0.864326 1.928040 0.000000
vt -0.655568 2.466474 0.000000
vt -1.178777 2.167736 0.000000
vt -1.017589 2.710660 0.000000
vt -1.526133 2.356621 0.000000
vt -1.410070 2.902085 0.000000
vt -1.898250 2.490270 0.000000
vt -1.825373 3.037026 0.000000
vt -2.286408 2.565549 0.000000
vt -2.255414 3.112854 0.000000
vt -2.681509 2.580693 0.000000
vt -2.691824 3.128093 0.000000
vt -3.126107 3.082448 0.000000
vt -3.074290 2.535349 0.000000
vt -3.549812 2.976807 0.000000
vt -3.455547 2.430578 0.000000
vt -3.954690 2.813225 0.000000
vt -3.816342 2.268836 0.000000
vt -4.332862 2.594888 0.000000
vt -4.148219 2.053914 0.000000
vt -4.676967 2.326043 0.000000
vt -4.443399 1.790851 0.000000
vt -4.980308 2.011925 0.000000
vt -4.694964 1.485811 0.000000
vt -5.236979 1.658647 0.000000
vt -4.897015 1.145946 0.000000
vt -5.441986 1.273086 0.000000
vt -5.044819 0.779220 0.000000
vt -5.591338 0.862745 0.000000
vt -5.134910 0.394230 0.000000
vt 3.300126 -9.937718 0.000000
vt -3.300126 -9.937718 0.000000
vt 3.300126 -10.389432 0.000000
vt -3.300126 -10.389432 0.000000
vt 3.300126 10.389432 0.000000
vt -3.300126 10.389432 0.000000
vt 3.300126 9.937718 0.000000
vt -3.300126 9.937718 0.000000
vt 3.300126 9.486003 0.000000
vt -3.300126 9.486003 0.000000
vt 3.300126 9.034289 0.000000
vt -3.300126 9.034289 0.000000
vt 3.300126 8.582574 0.000000
vt -3.300126 8.582574 0.000000
vt 3.300126 8.130860 0.000000
vt -3.300126 8.130860 0.000000
vt 3.300126 7.679146 0.000000
vt -3.300126 7.679146 0.000000
vt 3.300126 7.227431 0.000000
vt -3.300126 7.227431 0.000000
vt 3.300126 6.775717 0.000000
vt -3.300126 6.775717 0.000000
vt 3.300126 6.324002 0.000000
vt -3.300126 6.324002 0.000000
vt 3.300126 5.872288 0.000000
vt -3.300126 5.872288 0.000000
vt 3.300126 5.420573 0.000000
vt -3.300126 5.420573 0.000000
vt 3.300126 4.968859 0.000000
vt -3.300126 4.968859 0.000000
vt 3.300126 4.517144 0.000000
vt -3.300126 4.517144 0.000000
vt 3.300126 4.065430 0.000000
vt -3.300126 4.065430 0.000000
vt 3.300126 3.613716 0.000000
vt -3.300126 3.613716 0.000000
vt 3.300126 3.162001 0.000000
vt -3.300126 3.162001 0.000000
vt 3.300126 2.710287 0.000000
vt -3.300126 2.710287 0.000000
vt 3.300126 2.258572 0.000000
vt -3.300126 2.258572 0.000000
vt 3.300126 1.806858 0.000000
vt -3.300126 1.806858 0.000000
vt 3.300126 1.355143 0.000000
vt -3.300126 1.355143 0.000000
vt 3.300126 0.903429 0.000000
vt -3.300126 0.903429 0.000000
vt 3.300126 0.451714 0.000000
vt -3.300126 0.451714 0.000000
vt 3.300126 0.000000 0.000000
vt -3.300126 -0.000000 0.000000
vt 3.300126 -0.451714 0.000000
vt -3.300126 -0.451714 0.000000
vt 3.300126 -0.903429 0.000000
vt -3.300126 -0.903429 0.000000
vt 3.300126 -1.355143 0.000000
vt -3.300126 -1.355143 0.000000
vt 3.300126 -1.806858 0.000000
vt -3.300126 -1.806858 0.000000
vt 3.300126 -2.258572 0.000000
vt -3.300126 -2.258572 0.000000
vt 3.300126 -2.710287 0.000000
vt -3.300126 -2.710287 0.000000
vt 3.300126 -3.162001 0.000000
vt -3.300126 -3.162001 0.000000
vt 3.300126 -3.613716 0.000000
vt -3.300126 -3.613716 0.000000
vt 3.300126 -4.065430 0.000000
vt -3.300126 -4.065430 0.000000
vt 3.300126 -4.517144 0.000000
vt -3.300126 -4.517144 0.000000
vt 3.300126 -4.968859 0.000000
vt -3.300126 -4.968859 0.000000
vt 3.300126 -5.420573 0.000000
vt -3.300126 -5.420573 0.000000
vt 3.300126 -5.872288 0.000000
vt -3.300126 -5.872288 0.000000
vt 3.300126 -6.324002 0.000000
vt -3.300126 -6.324002 0.000000
vt 3.300126 -6.775717 0.000000
vt -3.300126 -6.775717 0.000000
vt 3.300126 -7.227431 0.000000
vt -3.300126 -7.227431 0.000000
vt 3.300126 -7.679146 0.000000
vt -3.300126 -7.679146 0.000000
vt 3.300126 -8.130860 0.000000
vt -3.300126 -8.130860 0.000000
vt 3.300126 -8.582574 0.000000
vt -3.300126 -8.582574 0.000000
vt 3.300126 -9.034289 0.000000
vt -3.300126 -9.034289 0.000000
vt 3.300126 -9.486003 0.000000
vt -3.300126 -9.486003 0.000000
vt 6.525987 -0.446390 0.000000
vt 6.556521 -0.000000 0.000000
vt 5.860849 -0.000000 0.000000
vt 6.525987 0.446390 0.000000
vt 5.830582 0.394230 0.000000
vt 6.434954 0.884464 0.000000
vt 5.740491 0.779220 0.000000
vt 6.285118 1.306062 0.000000
vt 5.592687 1.145946 0.000000
vt 6.079270 1.703331 0.000000
vt 5.390635 1.485811 0.000000
vt 5.821244 2.068871 0.000000
vt 5.139071 1.790851 0.000000
vt 5.515847 2.395871 0.000000
vt 4.843891 2.053914 0.000000
vt 5.168769 2.678240 0.000000
vt 4.512014 2.268836 0.000000
vt 4.786473 2.910719 0.000000
vt 4.151219 2.430578 0.000000
vt 4.376083 3.088977 0.000000
vt 3.945242 3.209693 0.000000
vt 3.769962 2.535349 0.000000
vt 3.501977 3.270618 0.000000
vt 3.377181 2.580693 0.000000
vt 3.054544 3.270618 0.000000
vt 2.982080 2.565549 0.000000
vt 2.611279 3.209693 0.000000
vt 2.593922 2.490270 0.000000
vt 2.180438 3.088977 0.000000
vt 2.221804 2.356621 0.000000
vt 1.770047 2.910719 0.000000
vt 1.874449 2.167736 0.000000
vt 1.387752 2.678240 0.000000
vt 1.559998 1.928040 0.000000
vt 1.040673 2.395871 0.000000
vt 1.285821 1.643152 0.000000
vt 0.735277 2.068871 0.000000
vt 0.477251 1.703331 0.000000
vt 1.058346 1.319751 0.000000
vt 0.271403 1.306062 0.000000
vt 0.882903 0.965416 0.000000
vt 0.121567 0.884464 0.000000
vt 0.763606 0.588452 0.000000
vt 0.030534 0.446390 0.000000
vt 0.703250 0.197695 0.000000
vt -0.000000 -0.000000 0.000000
vt 0.703250 -0.197695 0.000000
vt 0.030534 -0.446390 0.000000
vt 0.763606 -0.588452 0.000000
vt 0.121567 -0.884464 0.000000
vt 0.882903 -0.965416 0.000000
vt 0.271403 -1.306062 0.000000
vt 1.058346 -1.319751 0.000000
vt 0.477251 -1.703331 0.000000
vt 1.285821 -1.643152 0.000000
vt 0.735277 -2.068871 0.000000
vt 1.040673 -2.395871 0.000000
vt 1.559998 -1.928040 0.000000
vt 1.387752 -2.678240 0.000000
vt 1.874449 -2.167736 0.000000
vt 1.770047 -2.910719 0.000000
vt 2.221804 -2.356621 0.000000
vt 2.180438 -3.088977 0.000000
vt 2.593922 -2.490270 0.000000
vt 2.611279 -3.209693 0.000000
vt 2.982080 -2.565549 0.000000
vt 3.054544 -3.270618 0.000000
vt 3.377181 -2.580693 0.000000
vt 3.501977 -3.270618 0.000000
vt 3.769962 -2.535349 0.000000
vt 3.945242 -3.209693 0.000000
vt 4.151219 -2.430578 0.000000
vt 4.376083 -3.088977 0.000000
vt 4.786473 -2.910719 0.000000
vt 4.512014 -2.268836 0.000000
vt 5.168769 -2.678240 0.000000
vt 4.843891 -2.053914 0.000000
vt 5.515847 -2.395871 0.000000
vt 5.139071 -1.790851 0.000000
vt 5.821244 -2.068871 0.000000
vt 5.390635 -1.485811 0.000000
vt 6.079270 -1.703331 0.000000
vt 5.592687 -1.145946 0.000000
vt 6.285118 -1.306062 0.000000
vt 5.740491 -0.779220 0.000000
vt 6.434954 -0.884464 0.000000
vt 5.830582 -0.394230 0.000000
vt -0.130165 -0.370291 0.000000
vt 0.000000 -0.400000 0.000000
vt -0.000000 -0.200000 0.000000
vt 0.130165 -0.370291 0.000000
vt 0.050000 -0.186603 0.000000
vt 0.234549 -0.287047 0.000000
vt 0.086603 -0.150000 0.000000
vt 0.292478 -0.166756 0.000000
vt 0.100000 -0.100000 0.000000
vt 0.292478 -0.033244 0.000000
vt 0.086603 -0.050000 0.000000
vt 0.234549 0.087047 0.000000
vt 0.050000 -0.013397 0.000000
vt 0.130165 0.170291 0.000000
vt -0.000000 0.000000 0.000000
vt -0.000000 0.200000 0.000000
vt -0.130165 0.170291 0.000000
vt -0.050000 -0.013397 0.000000
vt -0.234549 0.087047 0.000000
vt -0.086603 -0.050000 0.000000
vt -0.292478 -0.033244 0.000000
vt -0.100000 -0.100000 0.000000
vt -0.292478 -0.166756 0.000000
vt -0.086603 -0.150000 0.000000
vt -0.234549 -0.287047 0.000000
vt -0.050000 -0.186603 0.000000
vt -0.122929 0.261799 0.000000
vt 0.122929 0.261799 0.000000
vt -0.122929 0.314159 0.000000
vt 0.122929 0.314159 0.000000
vt -0.122929 -0.314159 0.000000
vt 0.122929 -0.314159 0.000000
vt -0.122929 -0.261799 0.000000
vt 0.122929 -0.261799 0.000000
vt -0.122929 -0.209440 0.000000
vt 0.122929 -0.209440 0.000000
vt -0.122929 -0.157080 0.000000
vt 0.122929 -0.157080 0.000000
vt -0.122929 -0.104720 0.000000
vt 0.122929 -0.104720 0.000000
vt -0.122929 -0.052360 0.000000
vt 0.122929 -0.052360 0.000000
vt -0.122929 -0.000000 0.000000
vt 0.122929 0.000000 0.000000
vt -0.122929 0.052360 0.000000
vt 0.122929 0.052360 0.000000
vt -0.122929 0.104720 0.000000
vt 0.122929 0.104720 0.000000
vt -0.122929 0.157080 0.000000
vt 0.122929 0.157080 0.000000
vt -0.122929 0.209440 0.000000
vt 0.122929 0.209440 0.000000
vt 0.055595 0.385565 0.000000
vt 0.056569 0.439823 0.000000
vt -0.056569 0.439823 0.000000
vt -0.056569 -0.439823 0.000000
vt 0.056569 -0.439823 0.000000
vt 0.055595 -0.385565 0.000000
vt -0.056569 -0.366519 0.000000
vt 0.053271 -0.330893 0.000000
vt -0.056569 -0.293215 0.000000
vt 0.050982 -0.275628 0.000000
vt -0.056569 -0.219911 0.000000
vt 0.050044 -0.219909 0.000000
vt 0.050983 -0.164168 0.000000
vt -0.056569 -0.146608 0.000000
vt 0.053271 -0.108924 0.000000
vt -0.056569 -0.073304 0.000000
vt 0.055596 -0.054233 0.000000
vt -0.056569 -0.000000 0.000000
vt 0.056569 -0.000000 0.000000
vt 0.055596 0.054233 0.000000
vt -0.056569 0.073304 0.000000
vt 0.053271 0.108924 0.000000
vt -0.056569 0.146608 0.000000
vt 0.050983 0.164168 0.000000
vt -0.056569 0.219911 0.000000
vt 0.050044 0.219909 0.000000
vt 0.050982 0.275628 0.000000
vt -0.056569 0.293215 0.000000
vt 0.053271 0.330893 0.000000
vt -0.056569 0.366519 0.000000
vt -0.130165 -0.570291 0.000000
vt -0.000000 -0.600000 0.000000
vt -0.000000 -0.400000 0.000000
vt 0.130165 -0.570291 0.000000
vt 0.050000 -0.386603 0.000000
vt 0.234549 -0.487047 0.000000
vt 0.086603 -0.350000 0.000000
vt 0.292478 -0.366756 0.000000
vt 0.100000 -0.300000 0.000000
vt 0.292478 -0.233244 0.000000
vt 0.086603 -0.250000 0.000000
vt 0.234549 -0.112953 0.000000
vt 0.050000 -0.213397 0.000000
vt 0.130165 -0.029709 0.000000
vt 0.000000 -0.200000 0.000000
vt 0.000000 0.000000 0.000000
vt -0.130165 -0.029709 0.000000
vt -0.050000 -0.213397 0.000000
vt -0.234549 -0.112953 0.000000
vt -0.086603 -0.250000 0.000000
vt -0.292478 -0.233244 0.000000
vt -0.100000 -0.300000 0.000000
vt -0.292478 -0.366756 0.000000
vt -0.086603 -0.350000 0.000000
vt -0.234549 -0.487047 0.000000
vt -0.050000 -0.386603 0.000000
vt 0.162788 -0.807838 0.000000
vt -0.011205 -0.831140 0.000000
vt 0.162788 -0.942478 0.000000
vt -0.013064 -0.942478 0.000000
vt 0.162788 0.942478 0.000000
vt -0.013064 0.942478 0.000000
vt -0.011205 0.831140 0.000000
vt -0.006574 -0.719191 0.000000
vt 0.162788 -0.673198 0.000000
vt -0.001679 -0.608592 0.000000
vt 0.162788 -0.538559 0.000000
vt 0.000990 -0.496087 0.000000
vt 0.162788 -0.403919 0.000000
vt -0.000032 -0.385894 0.000000
vt 0.162788 -0.269279 0.000000
vt -0.004245 -0.273069 0.000000
vt -0.009272 -0.163280 0.000000
vt 0.162788 -0.134640 0.000000
vt -0.012671 -0.050234 0.000000
vt 0.066936 -0.050234 0.000000
vt 0.162788 -0.000000 0.000000
vt 0.066936 -0.016745 0.000000
vt 0.066936 0.016745 0.000000
vt 0.066936 0.050234 0.000000
vt 0.162788 0.134640 0.000000
vt -0.009272 0.163280 0.000000
vt 0.162788 0.269279 0.000000
vt -0.004245 0.273069 0.000000
vt -0.000032 0.385894 0.000000
vt 0.162788 0.403919 0.000000
vt 0.000990 0.496087 0.000000
vt 0.162788 0.538559 0.000000
vt -0.001679 0.608592 0.000000
vt 0.162788 0.673198 0.000000
vt -0.006574 0.719191 0.000000
vt 0.162788 0.807838 0.000000
vt -0.012671 0.050234 0.000000
vt -0.122929 0.261799 0.000000
vt 0.122929 0.261799 0.000000
vt -0.122929 0.314159 0.000000
vt 0.122929 0.314159 0.000000
vt -0.122929 -0.314159 0.000000
vt 0.122929 -0.314159 0.000000
vt -0.122929 -0.261799 0.000000
vt 0.122929 -0.261799 0.000000
vt -0.122929 -0.209440 0.000000
vt 0.122929 -0.209440 0.000000
vt -0.122929 -0.157080 0.000000
vt 0.122929 -0.157080 0.000000
vt -0.122929 -0.104720 0.000000
vt 0.122929 -0.104720 0.000000
vt -0.122929 -0.052360 0.000000
vt 0.122929 -0.052360 0.000000
vt -0.122929 -0.000000 0.000000
vt 0.122929 0.000000 0.000000
vt -0.122929 0.052360 0.000000
vt 0.122929 0.052360 0.000000
vt -0.122929 0.104720 0.000000
vt 0.122929 0.104720 0.000000
vt -0.122929 0.157080 0.000000
vt 0.122929 0.157080 0.000000
vt -0.122929 0.209440 0.000000
vt 0.122929 0.209440 0.000000
vt -0.056569 0.366519 0.000000
vt 0.055596 0.385589 0.000000
vt -0.056569 0.439823 0.000000
vt 0.056569 0.439823 0.000000
vt -0.056569 -0.439823 0.000000
vt 0.056569 -0.439823 0.000000
vt 0.055596 -0.385589 0.000000
vt 0.053271 0.330899 0.000000
vt -0.056569 0.293215 0.000000
vt 0.050983 0.275655 0.000000
vt -0.056569 0.219911 0.000000
vt 0.050044 0.219914 0.000000
vt 0.050982 0.164195 0.000000
vt -0.056569 0.146608 0.000000
vt 0.053271 0.108930 0.000000
vt -0.056569 0.073304 0.000000
vt 0.055595 0.054258 0.000000
vt -0.056569 -0.000000 0.000000
vt 0.056569 0.000000 0.000000
vt 0.055595 -0.054258 0.000000
vt -0.056569 -0.073304 0.000000
vt 0.053271 -0.108930 0.000000
vt -0.056569 -0.146608 0.000000
vt 0.050982 -0.164195 0.000000
vt -0.056569 -0.219911 0.000000
vt 0.050044 -0.219914 0.000000
vt 0.050983 -0.275655 0.000000
vt -0.056569 -0.293215 0.000000
vt 0.053271 -0.330899 0.000000
vt -0.056569 -0.366519 0.000000
vn 0.000000 -0.005938 -0.099824
vn 0.000000 -0.005938 -0.099824
vn 0.000000 -0.005938 -0.099824
vn 0.000000 -0.005938 -0.099824
vn 0.000000 -0.005938 -0.099824
vn 0.000000 0.060931 -0.079293
vn 0.000000 0.060931 -0.079293
vn 0.000000 0.060931 -0.079293
vn 0.000000 0.060931 -0.079293
vn 0.000000 0.060931 -0.079293
vn -0.100000 -0.000000 -0.000000
vn -0.100000 -0.000000 -0.000000
vn -0.100000 -0.000000 -0.000000
vn -0.100000 -0.000000 -0.000000
vn -0.100000 -0.000000 -0.000000
vn -0.000000 0.092888 0.037038
vn -0.000000 0.092888 0.037038
vn -0.000000 0.092888 0.037038
vn -0.000000 0.092888 0.037038
vn -0.000000 0.100000 -0.000000
vn -0.000000 0.100000 -0.000000
vn -0.000000 0.100000 -0.000000
vn -0.000000 0.100000 -0.000000
vn 0.100000 0.000000 0.000000
vn 0.100000 0.000000 0.000000
vn 0.100000 0.000000 0.000000
vn 0.100000 0.000000 0.000000
vn 0.100000 0.000000 0.000000
vn 0.100000 0.000000 0.000000
vn -0.099023 -0.013917 -0.000873
vn -0.099066 -0.013610 -0.000873
vn -0.099996 -0.000000 -0.000873
vn -0.099996 -0.000000 -0.000873
vn -0.099066 0.013610 -0.000873
vn -0.096291 -0.026967 -0.000873
vn -0.096123 -0.027563 -0.000873
vn -0.091725 -0.039823 -0.000873
vn -0.091351 -0.040672 -0.000873
vn -0.085451 -0.051936 -0.000873
vn -0.084802 -0.052990 -0.000873
vn -0.077587 -0.063084 -0.000873
vn -0.076602 -0.064276 -0.000873
vn -0.068278 -0.073057 -0.000873
vn -0.066911 -0.074312 -0.000873
vn -0.057699 -0.081670 -0.000873
vn -0.055917 -0.082901 -0.000873
vn -0.046046 -0.088764 -0.000873
vn -0.043835 -0.089876 -0.000873
vn -0.033536 -0.094205 -0.000873
vn -0.030901 -0.095102 -0.000873
vn -0.020402 -0.097893 -0.000873
vn -0.020656 -0.097840 -0.000873
vn -0.017364 -0.098477 -0.000873
vn -0.017480 -0.098457 -0.000873
vn -0.017263 -0.098495 -0.000873
vn -0.012060 -0.099266 -0.000873
vn -0.003490 -0.099935 -0.000873
vn -0.006824 -0.099763 -0.000873
vn -0.001569 -0.099984 -0.000873
vn -0.001586 -0.099984 -0.000873
vn 0.001586 -0.099984 -0.000873
vn 0.010452 -0.099448 -0.000873
vn 0.006824 -0.099763 -0.000873
vn 0.012060 -0.099266 -0.000873
vn 0.017480 -0.098457 -0.000873
vn 0.017263 -0.098495 -0.000873
vn 0.024191 -0.097026 -0.000873
vn 0.020656 -0.097840 -0.000873
vn 0.020402 -0.097893 -0.000873
vn 0.033536 -0.094205 -0.000873
vn 0.037459 -0.092715 -0.000873
vn 0.046046 -0.088764 -0.000873
vn 0.049998 -0.086599 -0.000873
vn 0.057699 -0.081670 -0.000873
vn 0.061564 -0.078798 -0.000873
vn 0.068278 -0.073057 -0.000873
vn 0.071931 -0.069463 -0.000873
vn 0.077587 -0.063084 -0.000873
vn 0.080899 -0.058776 -0.000873
vn 0.085451 -0.051936 -0.000873
vn 0.088291 -0.046945 -0.000873
vn 0.091725 -0.039823 -0.000873
vn 0.093966 -0.034201 -0.000873
vn 0.096291 -0.026967 -0.000873
vn 0.097811 -0.020790 -0.000873
vn 0.099066 -0.013610 -0.000873
vn 0.099753 -0.006975 -0.000873
vn 0.099996 0.000000 -0.000873
vn 0.099753 0.006975 -0.000873
vn 0.099066 0.013610 -0.000873
vn 0.097811 0.020790 -0.000873
vn 0.096291 0.026967 -0.000873
vn 0.093966 0.034201 -0.000873
vn 0.091725 0.039823 -0.000873
vn 0.088291 0.046945 -0.000873
vn 0.085451 0.051936 -0.000873
vn 0.080899 0.058776 -0.000873
vn 0.077587 0.063084 -0.000873
vn 0.071931 0.069463 -0.000873
vn 0.068278 0.073057 -0.000873
vn 0.061564 0.078798 -0.000873
vn 0.057699 0.081670 -0.000873
vn 0.049998 0.086599 -0.000873
vn 0.046046 0.088764 -0.000873
vn 0.037459 0.092715 -0.000873
vn 0.033536 0.094205 -0.000873
vn 0.024191 0.097026 -0.000873
vn 0.020402 0.097893 -0.000873
vn 0.020656 0.097840 -0.000873
vn 0.017480 0.098457 -0.000873
vn 0.010452 0.099448 -0.000873
vn 0.012060 0.099266 -0.000873
vn 0.006824 0.099763 -0.000873
vn 0.001586 0.099984 -0.000873
vn 0.001569 0.099984 -0.000873
vn -0.003490 0.099935 -0.000873
vn -0.001586 0.099984 -0.000873
vn -0.001569 0.099984 -0.000873
vn -0.006824 0.099763 -0.000873
vn -0.012060 0.099266 -0.000873
vn -0.017364 0.098477 -0.000873
vn -0.017263 0.098495 -0.000873
vn -0.017480 0.098457 -0.000873
vn -0.020656 0.097840 -0.000873
vn -0.030901 0.095102 -0.000873
vn -0.020402 0.097893 -0.000873
vn -0.033536 0.094205 -0.000873
vn -0.043835 0.089876 -0.000873
vn -0.046046 0.088764 -0.000873
vn -0.055917 0.082901 -0.000873
vn -0.057699 0.081670 -0.000873
vn -0.066911 0.074312 -0.000873
vn -0.068278 0.073057 -0.000873
vn -0.076602 0.064276 -0.000873
vn -0.077587 0.063084 -0.000873
vn -0.084802 0.052990 -0.000873
vn -0.085451 0.051936 -0.000873
vn -0.091351 0.040672 -0.000873
vn -0.091725 0.039823 -0.000873
vn -0.096123 0.027563 -0.000873
vn -0.096291 0.026967 -0.000873
vn -0.099023 0.013917 -0.000873
vn 0.017263 0.098495 -0.000873
vn 0.001569 -0.099984 -0.000873
vn -0.100000 -0.000000 -0.000000
vn -0.100000 -0.000000 -0.000000
vn -0.100000 -0.000000 -0.000000
vn -0.100000 -0.000000 -0.000000
vn -0.100000 -0.000000 -0.000000
vn -0.100000 -0.000000 -0.000000
vn -0.000000 0.092888 0.037038
vn -0.000000 0.092888 0.037038
vn -0.000000 0.092888 0.037038
vn -0.000000 0.092888 0.037038
vn 0.100000 0.000000 0.000000
vn 0.100000 0.000000 0.000000
vn 0.100000 0.000000 0.000000
vn 0.100000 0.000000 0.000000
vn 0.100000 0.000000 0.000000
vn -0.000000 0.100000 -0.000000
vn -0.000000 0.100000 -0.000000
vn -0.000000 0.100000 -0.000000
vn -0.000000 0.100000 -0.000000
vn 0.000000 0.060931 -0.079293
vn 0.000000 0.060931 -0.079293
vn 0.000000 0.060931 -0.079293
vn 0.000000 0.060931 -0.079293
vn 0.000000 0.060931 -0.079293
vn 0.000000 -0.005938 -0.099824
vn 0.000000 -0.005938 -0.099824
vn 0.000000 -0.005938 -0.099824
vn 0.000000 -0.005938 -0.099824
vn 0.000000 -0.005938 -0.099824
vn -0.033537 0.094208 0.000000
vn -0.028966 0.095713 0.000000
vn -0.020403 0.097897 0.000000
vn -0.022162 0.097513 0.000000
vn -0.020403 0.097897 0.000000
vn -0.017980 0.098370 0.000000
vn -0.018833 0.098211 0.000000
vn -0.018311 0.098309 0.000000
vn -0.017787 0.098405 0.000000
vn -0.017264 0.098499 0.000000
vn -0.006023 0.099818 0.000000
vn -0.009383 0.099559 0.000000
vn -0.008446 0.099643 0.000000
vn -0.006379 0.099796 0.000000
vn -0.003415 0.099942 0.000000
vn -0.000000 0.100000 0.000000
vn 0.006023 0.099818 0.000000
vn 0.003415 0.099942 0.000000
vn 0.006379 0.099796 0.000000
vn 0.008446 0.099643 0.000000
vn 0.009383 0.099559 0.000000
vn 0.017264 0.098499 0.000000
vn 0.012061 0.099270 0.000000
vn 0.017264 0.098499 0.000000
vn -0.046048 0.088767 -0.000000
vn -0.041350 0.091051 -0.000000
vn -0.037917 0.092533 -0.000000
vn -0.034914 0.093707 -0.000000
vn -0.057701 0.081673 -0.000000
vn -0.049246 0.087034 -0.000000
vn -0.045177 0.089214 -0.000000
vn -0.060271 0.079796 -0.000000
vn -0.068281 0.073060 -0.000000
vn -0.070249 0.071170 -0.000000
vn -0.077590 0.063086 -0.000000
vn -0.079004 0.061306 -0.000000
vn -0.085454 0.051938 -0.000000
vn -0.086385 0.050376 -0.000000
vn -0.091728 0.039824 -0.000000
vn -0.092263 0.038569 -0.000000
vn -0.096295 0.026968 -0.000000
vn -0.096536 0.026092 -0.000000
vn -0.099069 0.013611 -0.000000
vn -0.099130 0.013160 -0.000000
vn -0.100000 -0.000000 -0.000000
vn -0.100000 -0.000000 -0.000000
vn -0.099130 -0.013160 -0.000000
vn -0.099069 -0.013611 -0.000000
vn -0.096536 -0.026092 -0.000000
vn -0.096295 -0.026968 -0.000000
vn -0.092263 -0.038569 -0.000000
vn -0.091728 -0.039824 -0.000000
vn -0.086385 -0.050376 -0.000000
vn -0.085454 -0.051938 -0.000000
vn -0.079004 -0.061306 -0.000000
vn -0.077590 -0.063086 -0.000000
vn -0.070249 -0.071170 -0.000000
vn -0.068281 -0.073060 -0.000000
vn -0.060271 -0.079796 -0.000000
vn -0.057701 -0.081673 -0.000000
vn -0.049246 -0.087034 -0.000000
vn -0.046048 -0.088767 -0.000000
vn -0.045177 -0.089214 -0.000000
vn -0.041350 -0.091051 -0.000000
vn -0.033537 -0.094208 -0.000000
vn -0.037917 -0.092533 -0.000000
vn -0.034914 -0.093707 -0.000000
vn -0.032372 -0.094615 -0.000000
vn -0.030482 -0.095241 -0.000000
vn -0.029345 -0.095598 -0.000000
vn -0.020403 -0.097897 -0.000000
vn -0.028966 -0.095713 -0.000000
vn -0.025716 -0.096637 -0.000000
vn -0.028113 -0.095967 -0.000000
vn -0.022162 -0.097513 -0.000000
vn -0.020403 -0.097897 -0.000000
vn -0.017980 -0.098370 -0.000000
vn -0.018833 -0.098211 -0.000000
vn -0.018311 -0.098309 -0.000000
vn -0.017787 -0.098405 -0.000000
vn -0.017264 -0.098499 -0.000000
vn -0.006023 -0.099818 -0.000000
vn -0.009383 -0.099559 -0.000000
vn -0.008446 -0.099643 -0.000000
vn -0.017264 -0.098499 -0.000000
vn -0.012061 -0.099270 -0.000000
vn -0.006825 -0.099767 -0.000000
vn -0.009037 -0.099591 -0.000000
vn -0.007434 -0.099723 -0.000000
vn -0.004875 -0.099881 -0.000000
vn -0.001569 -0.099988 -0.000000
vn -0.001569 -0.099988 -0.000000
vn -0.006379 -0.099796 -0.000000
vn -0.003415 -0.099942 -0.000000
vn -0.000000 -0.100000 -0.000000
vn 0.006023 -0.099818 -0.000000
vn 0.003415 -0.099942 -0.000000
vn 0.006379 -0.099796 -0.000000
vn 0.008446 -0.099643 -0.000000
vn 0.009383 -0.099559 -0.000000
vn 0.017980 -0.098370 -0.000000
vn 0.017264 -0.098499 -0.000000
vn 0.017787 -0.098405 -0.000000
vn 0.012061 -0.099270 -0.000000
vn 0.009037 -0.099591 -0.000000
vn 0.006825 -0.099767 -0.000000
vn 0.007434 -0.099723 -0.000000
vn 0.004875 -0.099881 -0.000000
vn 0.001569 -0.099988 -0.000000
vn 0.001569 -0.099988 -0.000000
vn 0.017264 -0.098499 -0.000000
vn 0.018311 -0.098309 -0.000000
vn 0.018833 -0.098211 -0.000000
vn 0.020403 -0.097897 -0.000000
vn 0.022162 -0.097513 -0.000000
vn 0.020403 -0.097897 -0.000000
vn 0.025716 -0.096637 -0.000000
vn 0.033537 -0.094208 -0.000000
vn 0.028966 -0.095713 -0.000000
vn 0.029367 -0.095591 -0.000000
vn 0.030572 -0.095212 -0.000000
vn 0.032572 -0.094547 -0.000000
vn 0.035245 -0.093583 0.000000
vn 0.038389 -0.092338 0.000000
vn 0.046048 -0.088767 0.000000
vn 0.041998 -0.090753 0.000000
vn 0.045996 -0.088794 0.000000
vn 0.050218 -0.086476 0.000000
vn 0.057701 -0.081673 0.000000
vn 0.061051 -0.079201 0.000000
vn 0.068281 -0.073060 0.000000
vn 0.070844 -0.070577 0.000000
vn 0.077590 -0.063086 0.000000
vn 0.079431 -0.060751 0.000000
vn 0.085454 -0.051938 0.000000
vn 0.086665 -0.049891 0.000000
vn 0.091728 -0.039824 0.000000
vn 0.092424 -0.038181 0.000000
vn 0.096295 -0.026968 0.000000
vn 0.096609 -0.025821 0.000000
vn 0.099069 -0.013611 0.000000
vn 0.099149 -0.013021 0.000000
vn 0.100000 0.000000 0.000000
vn 0.100000 0.000000 0.000000
vn 0.099149 0.013021 0.000000
vn 0.099069 0.013611 0.000000
vn 0.096609 0.025821 0.000000
vn 0.096295 0.026968 0.000000
vn 0.092424 0.038181 0.000000
vn 0.091728 0.039824 0.000000
vn 0.086665 0.049891 0.000000
vn 0.085454 0.051938 0.000000
vn 0.079431 0.060751 0.000000
vn 0.077590 0.063086 0.000000
vn 0.070844 0.070577 0.000000
vn 0.068281 0.073060 0.000000
vn 0.061051 0.079201 0.000000
vn 0.057701 0.081673 0.000000
vn 0.050218 0.086476 0.000000
vn 0.046048 0.088767 0.000000
vn 0.045996 0.088794 0.000000
vn 0.041998 0.090753 0.000000
vn 0.033537 0.094208 0.000000
vn 0.038389 0.092338 0.000000
vn 0.035245 0.093583 0.000000
vn 0.032572 0.094547 0.000000
vn 0.030572 0.095212 0.000000
vn 0.029367 0.095591 0.000000
vn 0.020403 0.097897 0.000000
vn 0.028966 0.095713 0.000000
vn 0.025716 0.096637 0.000000
vn 0.028113 0.095967 0.000000
vn 0.022162 0.097513 0.000000
vn 0.020403 0.097897 0.000000
vn 0.017980 0.098370 0.000000
vn 0.018833 0.098211 0.000000
vn 0.018311 0.098309 0.000000
vn 0.017787 0.098405 0.000000
vn 0.006825 0.099767 0.000000
vn 0.009037 0.099591 0.000000
vn 0.007434 0.099723 0.000000
vn 0.004875 0.099881 0.000000
vn 0.001569 0.099988 0.000000
vn 0.001569 0.099988 0.000000
vn -0.012061 0.099270 0.000000
vn -0.009037 0.099591 0.000000
vn -0.006825 0.099767 0.000000
vn -0.007434 0.099723 0.000000
vn -0.004875 0.099881 0.000000
vn -0.001569 0.099988 0.000000
vn -0.001569 0.099988 0.000000
vn -0.017264 0.098499 0.000000
vn -0.032372 0.094615 0.000000
vn -0.030482 0.095241 0.000000
vn -0.029345 0.095598 0.000000
vn -0.028966 0.095713 0.000000
vn -0.028113 0.095967 0.000000
vn -0.025716 0.096637 0.000000
vn 0.028966 0.095713 0.000000
vn 0.028966 -0.095713 -0.000000
vn 0.028113 -0.095967 -0.000000
vn -0.028966 -0.095713 -0.000000
vn -0.000000 0.100000 0.000000
vn -0.000000 0.100000 0.000000
vn -0.000000 0.100000 0.000000
vn -0.000000 0.100000 0.000000
vn -0.000000 0.100000 0.000000
vn -0.000000 0.100000 0.000000
vn -0.100000 -0.000000 -0.000000
vn -0.100000 -0.000000 -0.000000
vn -0.100000 -0.000000 -0.000000
vn -0.100000 -0.000000 -0.000000
vn -0.100000 -0.000000 -0.000000
vn -0.100000 -0.000000 -0.000000
vn -0.100000 -0.000000 -0.000000
vn 0.100000 0.000000 0.000000
vn 0.100000 0.000000 0.000000
vn 0.100000 0.000000 0.000000
vn 0.100000 0.000000 0.000000
vn 0.100000 0.000000 0.000000
vn 0.100000 0.000000 0.000000
vn 0.100000 0.000000 0.000000
vn -0.000000 0.071800 0.069604
vn -0.000000 0.071800 0.069604
vn -0.000000 0.071800 0.069604
vn -0.000000 0.071800 0.069604
vn -0.000000 0.100000 0.000000
vn -0.000000 0.100000 0.000000
vn -0.000000 0.100000 0.000000
vn -0.000000 0.100000 0.000000
vn -0.000000 0.089929 -0.043736
vn -0.000000 0.089929 -0.043736
vn -0.000000 0.089929 -0.043736
vn -0.000000 0.089929 -0.043736
vn 0.100000 0.000000 0.000000
vn 0.100000 0.000000 0.000000
vn 0.100000 0.000000 0.000000
vn 0.100000 0.000000 0.000000
vn 0.100000 0.000000 0.000000
vn 0.100000 0.000000 0.000000
vn 0.000000 -0.092888 0.037038
vn 0.000000 -0.092888 0.037038
vn 0.000000 -0.092888 0.037038
vn 0.000000 -0.092888 0.037038
vn -0.100000 -0.000000 -0.000000
vn -0.100000 -0.000000 -0.000000
vn -0.100000 -0.000000 -0.000000
vn -0.100000 -0.000000 -0.000000
vn -0.100000 -0.000000 -0.000000
vn 0.000000 -0.100000 -0.000000
vn 0.000000 -0.100000 -0.000000
vn 0.000000 -0.100000 -0.000000
vn 0.000000 -0.100000 -0.000000
vn 0.000000 -0.060931 -0.079293
vn 0.000000 -0.060931 -0.079293
vn 0.000000 -0.060931 -0.079293
vn 0.000000 -0.060931 -0.079293
vn 0.000000 -0.060931 -0.079293
vn 0.000000 0.005938 -0.099824
vn 0.000000 0.005938 -0.099824
vn 0.000000 0.005938 -0.099824
vn 0.000000 0.005938 -0.099824
vn 0.000000 0.005938 -0.099824
vn 0.000000 0.005938 -0.099824
vn 0.000000 0.005938 -0.099824
vn 0.000000 0.005938 -0.099824
vn 0.000000 0.005938 -0.099824
vn 0.000000 0.005938 -0.099824
vn 0.000000 -0.060931 -0.079293
vn 0.000000 -0.060931 -0.079293
vn 0.000000 -0.060931 -0.079293
vn 0.000000 -0.060931 -0.079293
vn 0.000000 -0.060931 -0.079293
vn 0.100000 0.000000 0.000000
vn 0.100000 0.000000 0.000000
vn 0.100000 0.000000 0.000000
vn 0.100000 0.000000 0.000000
vn 0.100000 0.000000 0.000000
vn 0.000000 -0.092888 0.037038
vn 0.000000 -0.092888 0.037038
vn 0.000000 -0.092888 0.037038
vn 0.000000 -0.092888 0.037038
vn 0.000000 -0.100000 -0.000000
vn 0.000000 -0.100000 -0.000000
vn 0.000000 -0.100000 -0.000000
vn 0.000000 -0.100000 -0.000000
vn -0.100000 -0.000000 -0.000000
vn -0.100000 -0.000000 -0.000000
vn -0.100000 -0.000000 -0.000000
vn -0.100000 -0.000000 -0.000000
vn -0.100000 -0.000000 -0.000000
vn -0.100000 -0.000000 -0.000000
vn 0.000000 -0.071800 0.069604
vn 0.000000 -0.071800 0.069604
vn 0.000000 -0.071800 0.069604
vn 0.000000 -0.071800 0.069604
vn -0.100000 -0.000000 -0.000000
vn -0.100000 -0.000000 -0.000000
vn -0.100000 -0.000000 -0.000000
vn -0.100000 -0.000000 -0.000000
vn -0.100000 -0.000000 -0.000000
vn -0.100000 -0.000000 -0.000000
vn -0.100000 -0.000000 -0.000000
vn 0.100000 0.000000 0.000000
vn 0.100000 0.000000 0.000000
vn 0.100000 0.000000 0.000000
vn 0.100000 0.000000 0.000000
vn 0.100000 0.000000 0.000000
vn 0.100000 0.000000 0.000000
vn 0.100000 0.000000 0.000000
vn 0.000000 -0.100000 -0.000000
vn 0.000000 -0.100000 -0.000000
vn 0.000000 -0.100000 -0.000000
vn 0.000000 -0.100000 -0.000000
vn 0.000000 -0.089929 -0.043736
vn 0.000000 -0.089929 -0.043736
vn 0.000000 -0.089929 -0.043736
vn 0.000000 -0.089929 -0.043736
vn 0.000000 -0.100000 -0.000000
vn 0.000000 -0.100000 -0.000000
vn 0.000000 -0.100000 -0.000000
vn 0.000000 -0.100000 -0.000000
vn 0.000000 -0.100000 -0.000000
vn 0.000000 -0.100000 -0.000000
vn -0.016667 -0.000000 0.098601
vn -0.016667 -0.000000 0.098601
vn -0.043388 -0.000000 0.090097
vn -0.051779 -0.000000 0.085551
vn -0.078183 -0.000000 0.062349
vn -0.078965 -0.000000 0.061356
vn -0.095981 -0.000000 0.028066
vn -0.097493 -0.000000 0.022252
vn -0.099657 -0.000000 -0.008273
vn -0.097493 -0.000000 -0.022252
vn -0.089701 -0.000000 -0.044201
vn -0.078183 -0.000000 -0.062349
vn -0.067745 -0.000000 -0.073557
vn -0.043388 0.000000 -0.090097
vn -0.036266 0.000000 -0.093192
vn 0.000000 0.000000 -0.100000
vn 0.000000 0.000000 -0.100000
vn 0.036266 0.000000 -0.093192
vn 0.043388 0.000000 -0.090097
vn 0.067745 0.000000 -0.073557
vn 0.078183 0.000000 -0.062349
vn 0.089701 0.000000 -0.044201
vn 0.097493 0.000000 -0.022252
vn 0.099657 0.000000 -0.008273
vn 0.097493 0.000000 0.022252
vn 0.095981 0.000000 0.028066
vn 0.078183 0.000000 0.062349
vn 0.078965 0.000000 0.061356
vn 0.051779 -0.000000 0.085551
vn 0.043388 -0.000000 0.090097
vn 0.016667 -0.000000 0.098601
vn 0.016667 -0.000000 0.098601
vn -0.000000 -0.000000 0.100000
vn 0.005579 -0.000000 0.099844
vn -0.005579 -0.000000 0.099844
vn -0.100000 -0.000000 -0.000000
vn -0.100000 -0.000000 -0.000000
vn -0.092245 -0.000000 -0.038612
vn -0.092231 -0.000000 -0.038646
vn -0.070437 -0.000000 -0.070983
vn -0.070410 -0.000000 -0.071010
vn -0.038078 -0.000000 -0.092467
vn -0.038060 -0.000000 -0.092474
vn 0.000000 0.000000 -0.100000
vn 0.000000 0.000000 -0.100000
vn -0.100000 -0.000000 -0.000000
vn -0.100000 -0.000000 -0.000000
vn 0.099069 -0.013617 0.000000
vn 0.099798 -0.006355 0.000000
vn 0.100000 0.000000 0.000000
vn 0.099798 0.006355 0.000000
vn 0.099069 0.013617 0.000000
vn 0.098185 0.018964 0.000000
vn 0.096292 0.026980 0.000000
vn 0.094987 0.031265 0.000000
vn 0.091721 0.039840 0.000000
vn 0.090253 0.043062 0.000000
vn 0.085442 0.051958 0.000000
vn 0.084062 0.054163 0.000000
vn 0.077571 0.063109 0.000000
vn 0.076512 0.064389 0.000000
vn 0.068255 0.073084 0.000000
vn 0.067726 0.073574 0.000000
vn 0.057668 0.081697 0.000000
vn 0.057846 0.081571 0.000000
vn 0.047031 0.088250 0.000000
vn 0.098185 -0.018964 0.000000
vn 0.096292 -0.026980 0.000000
vn 0.094987 -0.031265 0.000000
vn 0.091721 -0.039840 0.000000
vn 0.090253 -0.043062 0.000000
vn 0.085442 -0.051958 0.000000
vn 0.084062 -0.054163 0.000000
vn 0.077571 -0.063109 0.000000
vn 0.076512 -0.064389 0.000000
vn 0.068255 -0.073084 0.000000
vn 0.067726 -0.073574 0.000000
vn 0.057668 -0.081697 0.000000
vn 0.057846 -0.081571 0.000000
vn 0.047031 -0.088250 0.000000
vn 0.046007 -0.088789 0.000000
vn 0.043117 -0.090227 0.000000
vn 0.039450 -0.091890 0.000000
vn 0.033488 -0.094226 -0.000000
vn 0.036172 -0.093228 0.000000
vn 0.033311 -0.094289 -0.000000
vn 0.030894 -0.095108 -0.000000
vn 0.029101 -0.095672 -0.000000
vn 0.028022 -0.095993 -0.000000
vn 0.027664 -0.096097 -0.000000
vn 0.020346 -0.097908 -0.000000
vn 0.024562 -0.096937 -0.000000
vn 0.021167 -0.097734 -0.000000
vn 0.017172 -0.098515 -0.000000
vn 0.006824 -0.099767 -0.000000
vn 0.005749 -0.099835 -0.000000
vn 0.005258 -0.099862 -0.000000
vn 0.004865 -0.099882 -0.000000
vn -0.006824 -0.099767 -0.000000
vn 0.000000 -0.100000 -0.000000
vn 0.002031 -0.099979 -0.000000
vn 0.003738 -0.099930 -0.000000
vn -0.020346 -0.097908 -0.000000
vn -0.017172 -0.098515 -0.000000
vn -0.005258 -0.099862 -0.000000
vn -0.004865 -0.099882 -0.000000
vn -0.033488 -0.094226 -0.000000
vn -0.029185 -0.095646 -0.000000
vn -0.028044 -0.095987 -0.000000
vn -0.027664 -0.096097 -0.000000
vn -0.046007 -0.088789 -0.000000
vn -0.040064 -0.091624 -0.000000
vn -0.036618 -0.093054 -0.000000
vn -0.033623 -0.094178 -0.000000
vn -0.057668 -0.081697 -0.000000
vn -0.047960 -0.087749 -0.000000
vn -0.043896 -0.089850 -0.000000
vn -0.058603 -0.081029 -0.000000
vn -0.068255 -0.073084 -0.000000
vn -0.068317 -0.073026 -0.000000
vn -0.076950 -0.063865 -0.000000
vn -0.077571 -0.063109 -0.000000
vn -0.084363 -0.053693 -0.000000
vn -0.085442 -0.051958 -0.000000
vn -0.090440 -0.042670 -0.000000
vn -0.091721 -0.039840 -0.000000
vn -0.095083 -0.030971 -0.000000
vn -0.096292 -0.026980 -0.000000
vn -0.098221 -0.018781 -0.000000
vn -0.099069 -0.013617 -0.000000
vn -0.099802 -0.006293 -0.000000
vn -0.100000 -0.000000 -0.000000
vn -0.099802 0.006293 -0.000000
vn -0.099069 0.013617 -0.000000
vn -0.098221 0.018781 -0.000000
vn -0.096292 0.026980 -0.000000
vn -0.095083 0.030971 -0.000000
vn -0.091721 0.039840 -0.000000
vn -0.090440 0.042670 -0.000000
vn -0.085442 0.051958 -0.000000
vn -0.084363 0.053693 -0.000000
vn -0.077571 0.063109 -0.000000
vn -0.076950 0.063865 -0.000000
vn -0.068255 0.073084 -0.000000
vn -0.068317 0.073026 -0.000000
vn -0.058603 0.081029 -0.000000
vn -0.057668 0.081697 -0.000000
vn -0.047960 0.087749 -0.000000
vn -0.046007 0.088789 -0.000000
vn -0.043896 0.089850 -0.000000
vn -0.040064 0.091624 -0.000000
vn -0.033488 0.094226 0.000000
vn -0.036618 0.093054 -0.000000
vn -0.033623 0.094178 0.000000
vn -0.031082 0.095047 0.000000
vn -0.029185 0.095646 0.000000
vn -0.028044 0.095987 0.000000
vn -0.027664 0.096097 0.000000
vn -0.020346 0.097908 0.000000
vn -0.024562 0.096937 0.000000
vn -0.021167 0.097734 0.000000
vn -0.017172 0.098515 0.000000
vn -0.006824 0.099767 0.000000
vn -0.005749 0.099835 0.000000
vn -0.005258 0.099862 0.000000
vn -0.004865 0.099882 0.000000
vn 0.006824 0.099767 0.000000
vn 0.000000 0.100000 0.000000
vn -0.002031 0.099979 0.000000
vn -0.003738 0.099930 0.000000
vn 0.020346 0.097908 0.000000
vn 0.017172 0.098515 0.000000
vn 0.005258 0.099862 0.000000
vn 0.004865 0.099882 0.000000
vn 0.033488 0.094226 0.000000
vn 0.029101 0.095672 0.000000
vn 0.028022 0.095993 0.000000
vn 0.027664 0.096097 0.000000
vn 0.046007 0.088789 0.000000
vn 0.039450 0.091890 0.000000
vn 0.036172 0.093228 0.000000
vn 0.033311 0.094289 0.000000
vn 0.043117 0.090227 0.000000
vn 0.030894 0.095108 0.000000
vn 0.027664 0.096097 0.000000
vn 0.026850 0.096328 0.000000
vn 0.024562 0.096937 0.000000
vn 0.021167 0.097734 0.000000
vn 0.005749 0.099835 0.000000
vn 0.004865 0.099882 0.000000
vn 0.003738 0.099930 0.000000
vn 0.002031 0.099979 0.000000
vn -0.000000 0.100000 0.000000
vn -0.002031 0.099979 0.000000
vn -0.003738 0.099930 0.000000
vn -0.026850 0.096328 0.000000
vn -0.027664 0.096097 0.000000
vn -0.031082 -0.095047 -0.000000
vn -0.027664 -0.096097 -0.000000
vn -0.026850 -0.096328 -0.000000
vn -0.024562 -0.096937 -0.000000
vn -0.021167 -0.097734 -0.000000
vn -0.005749 -0.099835 -0.000000
vn -0.004865 -0.099882 -0.000000
vn -0.003738 -0.099930 -0.000000
vn -0.002031 -0.099979 -0.000000
vn 0.000000 -0.100000 -0.000000
vn 0.002031 -0.099979 -0.000000
vn 0.003738 -0.099930 -0.000000
vn 0.026850 -0.096328 -0.000000
vn 0.027664 -0.096097 -0.000000
vn 0.003738 0.099930 0.000000
vn 0.002031 0.099979 0.000000
vn -0.004865 0.099882 0.000000
vn -0.003738 -0.099930 -0.000000
vn -0.002031 -0.099979 -0.000000
vn 0.004865 -0.099882 -0.000000
vn 0.000000 0.000000 -0.100000
vn 0.000000 0.000000 -0.100000
vn 0.038078 0.000000 -0.092467
vn 0.038060 0.000000 -0.092474
vn 0.070410 0.000000 -0.071010
vn 0.070437 0.000000 -0.070983
vn 0.092231 0.000000 -0.038646
vn 0.092245 0.000000 -0.038612
vn 0.100000 0.000000 0.000000
vn 0.100000 0.000000 0.000000
vn 0.100000 0.000000 0.000000
vn 0.100000 0.000000 0.000000
vn 0.000000 0.000000 -0.100000
vn 0.000000 0.000000 -0.100000
vn 0.038060 0.000000 -0.092474
vn 0.038078 0.000000 -0.092467
vn 0.070410 0.000000 -0.071010
vn 0.070437 0.000000 -0.070983
vn 0.092245 0.000000 -0.038612
vn 0.092231 0.000000 -0.038646
vn 0.100000 0.000000 -0.000000
vn 0.100000 0.000000 -0.000000
vn 0.100000 0.000000 0.000000
vn 0.100000 0.000000 0.000000
vn -0.100000 -0.000000 -0.000000
vn -0.092245 -0.000000 -0.038612
vn -0.100000 -0.000000 -0.000000
vn -0.092231 -0.000000 -0.038646
vn -0.070437 -0.000000 -0.070983
vn -0.070410 -0.000000 -0.071010
vn -0.038078 -0.000000 -0.092467
vn -0.038060 -0.000000 -0.092474
vn 0.000000 0.000000 -0.100000
vn 0.000000 0.000000 -0.100000
vn -0.100000 -0.000000 -0.000000
vn -0.100000 -0.000000 -0.000000
vn 0.098828 0.000000 -0.015266
vn 0.098819 0.000000 -0.015325
vn 0.095217 0.000000 -0.030556
vn 0.095182 0.000000 -0.030667
vn 0.089235 0.000000 -0.045134
vn 0.089162 0.000000 -0.045279
vn 0.081184 0.000000 -0.058387
vn 0.081074 0.000000 -0.058541
vn 0.071617 0.000000 -0.069793
vn 0.071487 0.000000 -0.069926
vn 0.060705 0.000000 -0.079466
vn 0.060570 0.000000 -0.079569
vn 0.048464 0.000000 -0.087471
vn 0.048372 0.000000 -0.087523
vn 0.035393 0.000000 -0.093527
vn 0.035393 0.000000 -0.093527
vn 0.035393 0.000000 -0.093527
vn 0.035393 0.000000 -0.093527
vn 0.035393 0.000000 -0.093527
vn 0.035393 0.000000 -0.093527
vn 0.035393 0.000000 -0.093527
vn 0.035393 0.000000 -0.093527
vn 0.035393 0.000000 -0.093527
vn 0.035393 0.000000 -0.093527
vn 0.035393 0.000000 -0.093527
vn 0.035393 0.000000 -0.093527
vn 0.035393 0.000000 -0.093527
vn 0.035393 0.000000 -0.093527
vn 0.035393 0.000000 -0.093527
vn 0.035393 0.000000 -0.093527
vn 0.035393 0.000000 -0.093527
vn 0.035393 0.000000 -0.093527
vn 0.035393 0.000000 -0.093527
vn 0.035393 0.000000 -0.093527
vn 0.035393 0.000000 -0.093527
vn 0.035393 0.000000 -0.093527
vn 0.035393 0.000000 -0.093527
vn 0.035393 0.000000 -0.093527
vn 0.035393 0.000000 -0.093527
vn 0.035393 0.000000 -0.093527
vn 0.035393 0.000000 -0.093527
vn 0.035393 0.000000 -0.093527
vn 0.035393 0.000000 -0.093527
vn 0.035393 0.000000 -0.093527
vn 0.035393 0.000000 -0.093527
vn 0.035393 0.000000 -0.093527
vn 0.035393 0.000000 -0.093527
vn 0.035393 0.000000 -0.093527
vn 0.035393 0.000000 -0.093527
vn -0.032296 -0.000000 -0.094641
vn -0.045757 -0.000000 -0.088917
vn -0.032296 -0.000000 -0.094641
vn -0.045860 -0.000000 -0.088864
vn -0.058507 -0.000000 -0.081098
vn -0.058657 -0.000000 -0.080990
vn -0.069984 -0.000000 -0.071430
vn -0.070132 -0.000000 -0.071285
vn -0.080015 -0.000000 -0.059980
vn -0.080139 -0.000000 -0.059814
vn -0.088528 -0.000000 -0.046507
vn -0.088610 -0.000000 -0.046349
vn -0.094893 -0.000000 -0.031550
vn -0.094933 -0.000000 -0.031428
vn -0.098747 -0.000000 -0.015778
vn -0.098758 -0.000000 -0.015713
vn 0.048372 0.000000 -0.087523
vn 0.048464 0.000000 -0.087471
vn 0.060570 0.000000 -0.079569
vn 0.060705 0.000000 -0.079466
vn 0.071487 0.000000 -0.069926
vn 0.071617 0.000000 -0.069793
vn 0.081074 0.000000 -0.058541
vn 0.081184 0.000000 -0.058387
vn 0.089162 0.000000 -0.045279
vn 0.089235 0.000000 -0.045134
vn 0.095182 0.000000 -0.030667
vn 0.095217 0.000000 -0.030556
vn 0.098819 0.000000 -0.015325
vn 0.098828 0.000000 -0.015266
vn -0.098758 -0.000000 -0.015713
vn -0.098747 -0.000000 -0.015778
vn -0.094933 -0.000000 -0.031428
vn -0.094893 -0.000000 -0.031550
vn -0.088610 -0.000000 -0.046349
vn -0.088528 -0.000000 -0.046507
vn -0.080139 -0.000000 -0.059814
vn -0.080015 -0.000000 -0.059980
vn -0.070132 -0.000000 -0.071285
vn -0.069984 -0.000000 -0.071430
vn -0.058657 -0.000000 -0.080990
vn -0.058507 -0.000000 -0.081098
vn -0.045860 -0.000000 -0.088864
vn -0.045757 -0.000000 -0.088917
vn -0.032296 -0.000000 -0.094641
vn -0.032296 -0.000000 -0.094641
vn -0.032296 -0.000000 -0.094641
vn -0.032296 -0.000000 -0.094641
vn -0.032296 -0.000000 -0.094641
vn -0.032296 -0.000000 -0.094641
vn -0.032296 -0.000000 -0.094641
vn -0.032296 -0.000000 -0.094641
vn -0.032296 -0.000000 -0.094641
vn -0.032296 -0.000000 -0.094641
vn -0.032296 -0.000000 -0.094641
vn -0.032296 -0.000000 -0.094641
vn -0.032296 -0.000000 -0.094641
vn -0.032296 -0.000000 -0.094641
vn -0.032296 -0.000000 -0.094641
vn -0.032296 -0.000000 -0.094641
vn -0.032296 -0.000000 -0.094641
vn -0.032296 -0.000000 -0.094641
vn -0.032296 -0.000000 -0.094641
vn -0.032296 -0.000000 -0.094641
vn -0.032296 -0.000000 -0.094641
vn -0.032296 -0.000000 -0.094641
vn -0.032296 -0.000000 -0.094641
vn -0.032296 -0.000000 -0.094641
vn -0.032296 -0.000000 -0.094641
vn -0.032296 -0.000000 -0.094641
vn -0.032296 -0.000000 -0.094641
vn -0.032296 -0.000000 -0.094641
vn -0.032296 -0.000000 -0.094641
vn -0.032296 -0.000000 -0.094641
vn -0.032296 -0.000000 -0.094641
vn -0.032296 -0.000000 -0.094641
vn -0.032296 -0.000000 -0.094641
vn 0.000000 0.000000 -0.100000
vn 0.000000 0.000000 -0.100000
vn 0.000000 0.000000 -0.100000
vn 0.000000 0.000000 -0.100000
vn 0.000000 0.000000 -0.100000
vn 0.000000 0.000000 -0.100000
vn 0.000000 0.000000 -0.100000
vn 0.000000 0.000000 -0.100000
vn -0.098828 -0.015265 -0.000000
vn -0.098828 -0.015265 -0.000000
vn -0.100000 -0.000000 -0.000000
vn -0.100000 -0.000000 -0.000000
vn -0.098828 0.015265 -0.000000
vn -0.098828 0.015265 -0.000000
vn -0.095340 0.030172 -0.000000
vn -0.095340 0.030172 -0.000000
vn -0.089617 0.044372 -0.000000
vn -0.089617 0.044372 -0.000000
vn -0.081793 0.057532 -0.000000
vn -0.081793 0.057532 -0.000000
vn -0.072052 0.069343 -0.000000
vn -0.072052 0.069343 -0.000000
vn -0.060623 0.079529 -0.000000
vn -0.060623 0.079529 -0.000000
vn -0.047772 0.087851 -0.000000
vn -0.047772 0.087851 -0.000000
vn -0.033802 0.094114 -0.000000
vn -0.033802 0.094114 -0.000000
vn -0.019039 0.098171 0.000000
vn -0.019039 0.098171 0.000000
vn -0.003830 0.099927 0.000000
vn -0.003830 0.099927 0.000000
vn 0.011468 0.099340 0.000000
vn 0.011468 0.099340 0.000000
vn 0.026498 0.096425 0.000000
vn 0.026498 0.096425 0.000000
vn 0.040907 0.091250 0.000000
vn 0.040907 0.091250 0.000000
vn 0.054357 0.083937 0.000000
vn 0.054357 0.083937 0.000000
vn 0.066533 0.074655 0.000000
vn 0.066533 0.074655 0.000000
vn 0.077149 0.063624 0.000000
vn 0.077149 0.063624 0.000000
vn 0.085957 0.051102 0.000000
vn 0.085957 0.051102 0.000000
vn 0.092750 0.037382 0.000000
vn 0.092750 0.037382 0.000000
vn 0.097370 0.022785 0.000000
vn 0.097370 0.022785 0.000000
vn 0.099707 0.007655 0.000000
vn 0.099707 0.007655 0.000000
vn 0.099707 -0.007655 0.000000
vn 0.099707 -0.007655 0.000000
vn 0.097370 -0.022785 0.000000
vn 0.097370 -0.022785 0.000000
vn 0.092750 -0.037382 0.000000
vn 0.092750 -0.037382 0.000000
vn 0.085957 -0.051102 0.000000
vn 0.085957 -0.051102 0.000000
vn 0.077149 -0.063624 0.000000
vn 0.077149 -0.063624 0.000000
vn 0.066533 -0.074655 0.000000
vn 0.066533 -0.074655 0.000000
vn 0.054357 -0.083937 0.000000
vn 0.054357 -0.083937 0.000000
vn 0.040907 -0.091250 0.000000
vn 0.040907 -0.091250 0.000000
vn 0.026498 -0.096425 -0.000000
vn 0.026498 -0.096425 -0.000000
vn 0.011468 -0.099340 -0.000000
vn 0.011468 -0.099340 -0.000000
vn -0.003830 -0.099927 -0.000000
vn -0.003830 -0.099927 -0.000000
vn -0.019039 -0.098171 -0.000000
vn -0.019039 -0.098171 -0.000000
vn -0.033802 -0.094114 -0.000000
vn -0.033802 -0.094114 -0.000000
vn -0.047772 -0.087851 -0.000000
vn -0.047772 -0.087851 -0.000000
vn -0.060623 -0.079529 -0.000000
vn -0.060623 -0.079529 -0.000000
vn -0.072052 -0.069343 -0.000000
vn -0.072052 -0.069343 -0.000000
vn -0.081793 -0.057532 -0.000000
vn -0.081793 -0.057532 -0.000000
vn -0.089617 -0.044372 -0.000000
vn -0.089617 -0.044372 -0.000000
vn -0.095340 -0.030172 -0.000000
vn -0.095340 -0.030172 -0.000000
vn 0.000000 0.000000 -0.100000
vn 0.000000 0.000000 -0.100000
vn 0.000000 0.000000 -0.100000
vn 0.000000 0.000000 -0.100000
vn 0.000000 0.000000 -0.100000
vn 0.000000 0.000000 -0.100000
vn 0.000000 0.000000 -0.100000
vn 0.000000 0.000000 -0.100000
vn 0.000000 0.000000 -0.100000
vn 0.000000 0.000000 -0.100000
vn 0.000000 0.000000 -0.100000
vn 0.000000 0.000000 -0.100000
vn 0.000000 0.000000 -0.100000
vn 0.000000 0.000000 -0.100000
vn 0.000000 0.000000 -0.100000
vn 0.000000 0.000000 -0.100000
vn 0.000000 0.000000 -0.100000
vn 0.000000 0.000000 -0.100000
vn 0.000000 0.000000 -0.100000
vn 0.000000 0.000000 -0.100000
vn 0.000000 0.000000 -0.100000
vn 0.000000 0.000000 -0.100000
vn 0.000000 0.000000 -0.100000
vn 0.000000 0.000000 -0.100000
vn 0.000000 0.000000 -0.100000
vn 0.000000 0.000000 -0.100000
vn 0.000000 0.000000 -0.100000
vn 0.000000 0.000000 -0.100000
vn 0.000000 0.000000 -0.100000
vn 0.000000 0.000000 -0.100000
vn 0.000000 0.000000 -0.100000
vn 0.000000 0.000000 -0.100000
vn 0.000000 0.000000 -0.100000
vn 0.000000 0.000000 -0.100000
vn 0.000000 0.000000 -0.100000
vn 0.000000 0.000000 -0.100000
vn 0.000000 0.000000 -0.100000
vn 0.000000 0.000000 -0.100000
vn 0.000000 0.000000 -0.100000
vn 0.000000 0.000000 -0.100000
vn 0.000000 0.000000 -0.100000
vn 0.000000 0.000000 -0.100000
vn 0.000000 0.000000 -0.100000
vn 0.000000 0.000000 -0.100000
vn 0.000000 0.000000 -0.100000
vn 0.000000 0.000000 -0.100000
vn 0.000000 0.000000 -0.100000
vn 0.000000 0.000000 -0.100000
vn 0.000000 0.000000 -0.100000
vn 0.000000 0.000000 -0.100000
vn 0.000000 0.000000 -0.100000
vn 0.000000 0.000000 -0.100000
vn 0.000000 0.000000 -0.100000
vn 0.000000 0.000000 -0.100000
vn 0.000000 0.000000 -0.100000
vn 0.000000 0.000000 -0.100000
vn 0.000000 0.000000 -0.100000
vn 0.000000 0.000000 -0.100000
vn 0.000000 0.000000 -0.100000
vn 0.000000 0.000000 -0.100000
vn 0.000000 0.000000 -0.100000
vn 0.000000 0.000000 -0.100000
vn 0.000000 0.000000 -0.100000
vn 0.000000 0.000000 -0.100000
vn 0.000000 0.000000 -0.100000
vn 0.000000 0.000000 -0.100000
vn 0.000000 0.000000 -0.100000
vn 0.000000 0.000000 -0.100000
vn 0.000000 0.000000 -0.100000
vn 0.000000 0.000000 -0.100000
vn 0.000000 0.000000 -0.100000
vn 0.000000 0.000000 -0.100000
vn 0.000000 0.000000 -0.100000
vn 0.000000 0.000000 -0.100000
vn 0.000000 0.000000 -0.100000
vn 0.000000 0.000000 -0.100000
vn 0.000000 0.000000 -0.100000
vn 0.000000 0.000000 -0.100000
vn 0.000000 0.000000 -0.100000
vn 0.000000 0.000000 -0.100000
vn 0.000000 0.000000 -0.100000
vn 0.000000 0.000000 -0.100000
vn 0.000000 0.000000 -0.100000
vn 0.000000 0.000000 -0.100000
vn 0.000000 0.000000 -0.100000
vn 0.000000 0.000000 -0.100000
vn 0.099065 -0.013616 0.000873
vn 0.099065 -0.013616 0.000873
vn 0.099996 0.000000 0.000873
vn 0.099996 0.000000 0.000873
vn 0.099065 0.013616 0.000873
vn 0.099065 0.013616 0.000873
vn 0.096288 0.026979 0.000873
vn 0.096288 0.026979 0.000873
vn 0.091718 0.039839 0.000873
vn 0.091718 0.039839 0.000873
vn 0.085439 0.051956 0.000873
vn 0.085439 0.051956 0.000873
vn 0.077568 0.063106 0.000873
vn 0.077568 0.063106 0.000873
vn 0.068253 0.073081 0.000873
vn 0.068253 0.073081 0.000873
vn 0.057666 0.081694 0.000873
vn 0.057666 0.081694 0.000873
vn 0.046005 0.088785 0.000873
vn 0.046005 0.088785 0.000873
vn 0.033487 0.094223 0.000873
vn 0.033487 0.094223 0.000873
vn 0.020345 0.097905 0.000873
vn 0.020345 0.097905 0.000873
vn 0.006824 0.099763 0.000873
vn 0.006824 0.099763 0.000873
vn -0.006824 0.099763 0.000873
vn -0.006824 0.099763 0.000873
vn -0.020345 0.097905 0.000873
vn -0.020345 0.097905 0.000873
vn -0.033487 0.094223 0.000873
vn -0.033487 0.094223 0.000873
vn -0.046005 0.088785 0.000873
vn -0.046005 0.088785 0.000873
vn -0.057666 0.081694 0.000873
vn -0.057666 0.081694 0.000873
vn -0.068253 0.073081 0.000873
vn -0.068253 0.073081 0.000873
vn -0.077568 0.063106 0.000873
vn -0.077568 0.063106 0.000873
vn -0.085439 0.051956 0.000873
vn -0.085439 0.051956 0.000873
vn -0.091718 0.039839 0.000873
vn -0.091718 0.039839 0.000873
vn -0.096288 0.026979 0.000873
vn -0.096288 0.026979 0.000873
vn -0.099065 0.013616 0.000873
vn -0.099065 0.013616 0.000873
vn -0.099996 -0.000000 0.000873
vn -0.099996 -0.000000 0.000873
vn -0.099065 -0.013616 0.000873
vn -0.099065 -0.013616 0.000873
vn -0.096288 -0.026979 0.000873
vn -0.096288 -0.026979 0.000873
vn -0.091718 -0.039839 0.000873
vn -0.091718 -0.039839 0.000873
vn -0.085439 -0.051956 0.000873
vn -0.085439 -0.051956 0.000873
vn -0.077568 -0.063106 0.000873
vn -0.077568 -0.063106 0.000873
vn -0.068253 -0.073081 0.000873
vn -0.068253 -0.073081 0.000873
vn -0.057666 -0.081694 0.000873
vn -0.057666 -0.081694 0.000873
vn -0.046005 -0.088785 0.000873
vn -0.046005 -0.088785 0.000873
vn -0.033487 -0.094223 0.000873
vn -0.033487 -0.094223 0.000873
vn -0.020345 -0.097905 0.000873
vn -0.020345 -0.097905 0.000873
vn -0.006824 -0.099763 0.000873
vn -0.006824 -0.099763 0.000873
vn 0.006824 -0.099763 0.000873
vn 0.006824 -0.099763 0.000873
vn 0.020345 -0.097905 0.000873
vn 0.020345 -0.097905 0.000873
vn 0.033487 -0.094223 0.000873
vn 0.033487 -0.094223 0.000873
vn 0.046005 -0.088785 0.000873
vn 0.046005 -0.088785 0.000873
vn 0.057666 -0.081694 0.000873
vn 0.057666 -0.081694 0.000873
vn 0.068253 -0.073081 0.000873
vn 0.068253 -0.073081 0.000873
vn 0.077568 -0.063106 0.000873
vn 0.077568 -0.063106 0.000873
vn 0.085439 -0.051956 0.000873
vn 0.085439 -0.051956 0.000873
vn 0.091718 -0.039839 0.000873
vn 0.091718 -0.039839 0.000873
vn 0.096288 -0.026979 0.000873
vn 0.096288 -0.026979 0.000873
vn -0.000000 -0.000000 0.100000
vn -0.000000 -0.000000 0.100000
vn -0.000000 -0.000000 0.100000
vn -0.000000 -0.000000 0.100000
vn -0.000000 -0.000000 0.100000
vn -0.000000 -0.000000 0.100000
vn -0.000000 -0.000000 0.100000
vn -0.000000 -0.000000 0.100000
vn -0.000000 -0.000000 0.100000
vn -0.000000 -0.000000 0.100000
vn -0.000000 -0.000000 0.100000
vn -0.000000 -0.000000 0.100000
vn -0.000000 -0.000000 0.100000
vn -0.000000 -0.000000 0.100000
vn -0.000000 -0.000000 0.100000
vn -0.000000 -0.000000 0.100000
vn -0.000000 -0.000000 0.100000
vn -0.000000 -0.000000 0.100000
vn -0.000000 -0.000000 0.100000
vn -0.000000 -0.000000 0.100000
vn -0.000000 -0.000000 0.100000
vn -0.000000 -0.000000 0.100000
vn -0.000000 -0.000000 0.100000
vn -0.000000 -0.000000 0.100000
vn -0.000000 -0.000000 0.100000
vn -0.000000 -0.000000 0.100000
vn -0.000000 -0.000000 0.100000
vn -0.000000 -0.000000 0.100000
vn -0.000000 -0.000000 0.100000
vn -0.000000 -0.000000 0.100000
vn -0.000000 -0.000000 0.100000
vn -0.000000 -0.000000 0.100000
vn -0.000000 -0.000000 0.100000
vn -0.000000 -0.000000 0.100000
vn -0.000000 -0.000000 0.100000
vn -0.000000 -0.000000 0.100000
vn -0.000000 -0.000000 0.100000
vn -0.000000 -0.000000 0.100000
vn -0.000000 -0.000000 0.100000
vn -0.000000 -0.000000 0.100000
vn -0.000000 -0.000000 0.100000
vn -0.000000 -0.000000 0.100000
vn -0.000000 -0.000000 0.100000
vn -0.000000 -0.000000 0.100000
vn -0.000000 -0.000000 0.100000
vn -0.000000 -0.000000 0.100000
vn -0.000000 -0.000000 0.100000
vn -0.000000 -0.000000 0.100000
vn -0.000000 -0.000000 0.100000
vn -0.000000 -0.000000 0.100000
vn -0.000000 -0.000000 0.100000
vn -0.000000 -0.000000 0.100000
vn -0.000000 -0.000000 0.100000
vn -0.000000 -0.000000 0.100000
vn -0.000000 -0.000000 0.100000
vn -0.000000 -0.000000 0.100000
vn -0.000000 -0.000000 0.100000
vn -0.000000 -0.000000 0.100000
vn -0.000000 -0.000000 0.100000
vn -0.000000 -0.000000 0.100000
vn -0.000000 -0.000000 0.100000
vn -0.000000 -0.000000 0.100000
vn -0.000000 -0.000000 0.100000
vn -0.000000 -0.000000 0.100000
vn -0.000000 -0.000000 0.100000
vn -0.000000 -0.000000 0.100000
vn -0.000000 -0.000000 0.100000
vn -0.000000 -0.000000 0.100000
vn -0.000000 -0.000000 0.100000
vn -0.000000 -0.000000 0.100000
vn -0.000000 -0.000000 0.100000
vn -0.000000 -0.000000 0.100000
vn -0.000000 -0.000000 0.100000
vn -0.000000 -0.000000 0.100000
vn -0.000000 -0.000000 0.100000
vn -0.000000 -0.000000 0.100000
vn -0.000000 -0.000000 0.100000
vn -0.000000 -0.000000 0.100000
vn -0.000000 -0.000000 0.100000
vn -0.000000 -0.000000 0.100000
vn -0.000000 -0.000000 0.100000
vn -0.000000 -0.000000 0.100000
vn -0.000000 -0.000000 0.100000
vn -0.000000 -0.000000 0.100000
vn -0.000000 -0.000000 0.100000
vn -0.000000 -0.000000 0.100000
vn -0.000000 -0.000000 0.100000
vn 0.000000 -0.100000 -0.000000
vn 0.000000 -0.100000 -0.000000
vn 0.000000 -0.100000 -0.000000
vn 0.000000 -0.100000 -0.000000
vn 0.000000 -0.100000 -0.000000
vn 0.000000 -0.100000 -0.000000
vn 0.000000 -0.100000 -0.000000
vn 0.000000 -0.100000 -0.000000
vn 0.000000 -0.100000 -0.000000
vn 0.000000 -0.100000 -0.000000
vn 0.000000 -0.100000 -0.000000
vn 0.000000 -0.100000 -0.000000
vn 0.000000 -0.100000 -0.000000
vn 0.000000 -0.100000 -0.000000
vn 0.000000 -0.100000 -0.000000
vn 0.000000 -0.100000 -0.000000
vn 0.000000 -0.100000 -0.000000
vn 0.000000 -0.100000 -0.000000
vn 0.000000 -0.100000 -0.000000
vn 0.000000 -0.100000 -0.000000
vn 0.000000 -0.100000 -0.000000
vn 0.000000 -0.100000 -0.000000
vn 0.000000 -0.100000 -0.000000
vn 0.000000 -0.100000 -0.000000
vn 0.000000 -0.100000 -0.000000
vn 0.000000 -0.100000 -0.000000
vn 0.050000 -0.000000 0.086603
vn 0.050000 -0.000000 0.086603
vn -0.000000 -0.000000 0.100000
vn -0.000000 -0.000000 0.100000
vn -0.050000 -0.000000 0.086603
vn -0.050000 -0.000000 0.086603
vn -0.086603 -0.000000 0.050000
vn -0.086603 -0.000000 0.050000
vn -0.100000 -0.000000 0.000000
vn -0.100000 -0.000000 -0.000000
vn -0.086603 -0.000000 -0.050000
vn -0.086603 -0.000000 -0.050000
vn -0.050000 0.000000 -0.086603
vn -0.050000 0.000000 -0.086603
vn 0.000000 0.000000 -0.100000
vn 0.000000 0.000000 -0.100000
vn 0.050000 0.000000 -0.086603
vn 0.050000 0.000000 -0.086603
vn 0.086603 0.000000 -0.050000
vn 0.086603 0.000000 -0.050000
vn 0.100000 0.000000 0.000000
vn 0.100000 0.000000 -0.000000
vn 0.086603 0.000000 0.050000
vn 0.086603 0.000000 0.050000
vn -0.026723 0.070711 0.065466
vn -0.000000 0.070711 0.070711
vn -0.000000 0.070711 0.070711
vn 0.026723 0.070711 0.065466
vn 0.035355 0.070711 0.061237
vn 0.049632 0.070711 0.050365
vn 0.061237 0.070711 0.035355
vn 0.065185 0.070711 0.027404
vn 0.070711 0.070711 0.000000
vn 0.070711 0.070711 -0.000001
vn 0.065179 0.070711 -0.027417
vn 0.061237 0.070711 -0.035355
vn 0.049630 0.070711 -0.050367
vn 0.035355 0.070711 -0.061237
vn 0.026712 0.070711 -0.065471
vn -0.000000 0.070711 -0.070711
vn 0.000000 0.070711 -0.070711
vn -0.026712 0.070711 -0.065471
vn -0.035355 0.070711 -0.061237
vn -0.049630 0.070711 -0.050367
vn -0.061237 0.070711 -0.035355
vn -0.065179 0.070711 -0.027417
vn -0.070711 0.070711 0.000000
vn -0.070711 0.070711 -0.000001
vn -0.065185 0.070711 0.027404
vn -0.061237 0.070711 0.035355
vn -0.049632 0.070711 0.050365
vn -0.035355 0.070711 0.061237
vn -0.000000 0.100000 0.000000
vn -0.000000 0.100000 0.000000
vn -0.000000 0.100000 0.000000
vn -0.000000 0.100000 0.000000
vn -0.000000 0.100000 0.000000
vn -0.000000 0.100000 0.000000
vn -0.000000 0.100000 0.000000
vn -0.000000 0.100000 0.000000
vn -0.000000 0.100000 0.000000
vn -0.000000 0.100000 0.000000
vn -0.000000 0.100000 0.000000
vn -0.000000 0.100000 0.000000
vn -0.000000 0.100000 0.000000
vn -0.000000 0.100000 0.000000
vn -0.000000 0.100000 0.000000
vn -0.000000 0.100000 0.000000
vn -0.000000 0.100000 0.000000
vn -0.000000 0.100000 0.000000
vn -0.000000 0.100000 0.000000
vn -0.000000 0.100000 0.000000
vn -0.000000 0.100000 0.000000
vn -0.000000 0.100000 0.000000
vn -0.000000 0.100000 0.000000
vn -0.000000 0.100000 0.000000
vn -0.000000 0.100000 0.000000
vn -0.000000 0.100000 0.000000
vn 0.043388 0.000000 -0.090097
vn 0.036266 0.000000 -0.093192
vn 0.000000 0.000000 -0.100000
vn 0.000000 0.000000 -0.100000
vn -0.036266 0.000000 -0.093192
vn 0.067745 0.000000 -0.073557
vn 0.078183 0.000000 -0.062349
vn 0.089701 0.000000 -0.044201
vn 0.097493 0.000000 -0.022252
vn 0.099657 0.000000 -0.008273
vn 0.097493 0.000000 0.022252
vn 0.095981 0.000000 0.028066
vn 0.078183 0.000000 0.062349
vn 0.078965 0.000000 0.061356
vn 0.051779 -0.000000 0.085551
vn 0.043388 -0.000000 0.090097
vn 0.016667 -0.000000 0.098601
vn 0.016667 -0.000000 0.098601
vn -0.000000 -0.000000 0.100000
vn 0.005579 -0.000000 0.099844
vn -0.005579 -0.000000 0.099844
vn -0.016667 -0.000000 0.098601
vn -0.043388 -0.000000 0.090097
vn -0.051779 -0.000000 0.085551
vn -0.078183 -0.000000 0.062349
vn -0.078965 -0.000000 0.061356
vn -0.095981 -0.000000 0.028066
vn -0.097493 -0.000000 0.022252
vn -0.099657 -0.000000 -0.008273
vn -0.097493 -0.000000 -0.022252
vn -0.089701 -0.000000 -0.044201
vn -0.078183 -0.000000 -0.062349
vn -0.067745 -0.000000 -0.073557
vn -0.043388 0.000000 -0.090097
vn -0.016667 -0.000000 0.098601
vn 0.050000 -0.000000 0.086603
vn 0.050000 -0.000000 0.086603
vn -0.000000 -0.000000 0.100000
vn -0.000000 -0.000000 0.100000
vn -0.050000 -0.000000 0.086603
vn -0.050000 -0.000000 0.086603
vn -0.086603 -0.000000 0.050000
vn -0.086603 -0.000000 0.050000
vn -0.100000 -0.000000 -0.000000
vn -0.100000 -0.000000 -0.000000
vn -0.086603 -0.000000 -0.050000
vn -0.086603 -0.000000 -0.050000
vn -0.050000 0.000000 -0.086603
vn -0.050000 0.000000 -0.086603
vn 0.000000 0.000000 -0.100000
vn 0.000000 0.000000 -0.100000
vn 0.050000 0.000000 -0.086603
vn 0.050000 0.000000 -0.086603
vn 0.086603 0.000000 -0.050000
vn 0.086603 0.000000 -0.050000
vn 0.100000 0.000000 -0.000000
vn 0.100000 0.000000 -0.000000
vn 0.086603 0.000000 0.050000
vn 0.086603 0.000000 0.050000
vn 0.035355 -0.070711 0.061237
vn 0.026712 -0.070711 0.065471
vn 0.000000 -0.070711 0.070711
vn 0.000000 -0.070711 0.070711
vn -0.026712 -0.070711 0.065471
vn 0.049630 -0.070711 0.050367
vn 0.061237 -0.070711 0.035355
vn 0.065179 -0.070711 0.027417
vn 0.070711 -0.070711 -0.000000
vn 0.070711 -0.070711 0.000001
vn 0.065185 -0.070711 -0.027404
vn 0.061237 -0.070711 -0.035355
vn 0.049632 -0.070711 -0.050365
vn 0.035355 -0.070711 -0.061237
vn 0.026723 -0.070711 -0.065466
vn 0.000000 -0.070711 -0.070711
vn 0.000000 -0.070711 -0.070711
vn -0.026723 -0.070711 -0.065466
vn -0.035355 -0.070711 -0.061237
vn -0.049632 -0.070711 -0.050365
vn -0.061237 -0.070711 -0.035355
vn -0.065185 -0.070711 -0.027404
vn -0.070711 -0.070711 -0.000000
vn -0.070711 -0.070711 0.000001
vn -0.065179 -0.070711 0.027417
vn -0.061237 -0.070711 0.035355
vn -0.049630 -0.070711 0.050367
vn -0.035355 -0.070711 0.061237
f 2743/4711/4371 2744/4712/4372 2747/4713/4373
f 2747/4713/4373 2744/4712/4372 2745/4714/4374
f 2747/4713/4373 2745/4714/4374 2746/4715/4375
f 2748/4716/4376 2749/4717/4377 2746/4718/4378
f 2746/4718/4378 2749/4717/4377 2750/4719/4379
f 2746/4718/4378 2750/4719/4379 2747/4720/4380
f 2748/4721/4381 2751/4722/4382 2749/4723/4383
f 2749/4723/4383 2751/4722/4382 2752/4724/4384
f 2749/4723/4383 2752/4724/4384 2753/4725/4385
f 2754/4726/4386 2755/4727/4387 2752/4728/4388
f 2752/4728/4388 2755/4727/4387 2753/4729/4389
f 2755/4730/4390 2750/4731/4391 2753/4732/4392
f 2753/4732/4392 2750/4731/4391 2749/4733/4393
f 2743/4734/4394 2747/4735/4395 2756/4736/4396
f 2756/4736/4396 2747/4735/4395 2750/4737/4397
f 2756/4736/4396 2750/4737/4397 2754/4738/4398
f 2754/4738/4398 2750/4737/4397 2755/4739/4399
f 2758/4740/4400 2811/4741/4401 2757/4742/4402
f 2757/4742/4402 2811/4741/4401 2812/4743/4403
f 2757/4744/4402 2812/4745/4403 2813/4746/4404
f 2811/4741/4401 2758/4740/4400 2810/4747/4405
f 2810/4747/4405 2758/4740/4400 2759/4748/4406
f 2810/4747/4405 2759/4748/4406 2809/4749/4407
f 2809/4749/4407 2759/4748/4406 2760/4750/4408
f 2809/4749/4407 2760/4750/4408 2808/4751/4409
f 2808/4751/4409 2760/4750/4408 2761/4752/4410
f 2808/4751/4409 2761/4752/4410 2807/4753/4411
f 2807/4753/4411 2761/4752/4410 2762/4754/4412
f 2807/4753/4411 2762/4754/4412 2806/4755/4413
f 2806/4755/4413 2762/4754/4412 2763/4756/4414
f 2806/4755/4413 2763/4756/4414 2805/4757/4415
f 2805/4757/4415 2763/4756/4414 2764/4758/4416
f 2805/4757/4415 2764/4758/4416 2804/4759/4417
f 2804/4759/4417 2764/4758/4416 2765/4760/4418
f 2804/4759/4417 2765/4760/4418 2803/4761/4419
f 2803/4761/4419 2765/4760/4418 2766/4762/4420
f 2803/4761/4419 2766/4762/4420 2802/4763/4421
f 2802/4763/4421 2766/4762/4420 2867/4764/4422
f 2867/4764/4422 2766/4762/4420 2767/4765/4423
f 2867/4764/4422 2767/4765/4423 2866/4766/4424
f 2866/4766/4424 2767/4765/4423 2865/4767/4425
f 2865/4767/4425 2767/4765/4423 2864/4768/4426
f 2864/4768/4426 2767/4765/4423 2768/4769/4427
f 2864/4768/4426 2768/4769/4427 2863/4770/4428
f 2863/4770/4428 2768/4769/4427 2862/4771/4429
f 2862/4771/4429 2768/4769/4427 2861/4772/4430
f 2861/4772/4430 2768/4769/4427 2860/4773/4431
f 2860/4773/4431 2768/4769/4427 2769/4774/4432
f 2860/4773/4431 2769/4774/4432 2858/4775/4433
f 2858/4775/4433 2769/4774/4432 2857/4776/4434
f 2857/4776/4434 2769/4774/4432 2855/4777/4435
f 2857/4776/4434 2855/4777/4435 2856/4778/4436
f 2769/4774/4432 2770/4779/4437 2855/4777/4435
f 2855/4777/4435 2770/4779/4437 2854/4780/4438
f 2854/4780/4438 2770/4779/4437 2853/4781/4439
f 2853/4781/4439 2770/4779/4437 2852/4782/4440
f 2852/4782/4440 2770/4779/4437 2771/4783/4441
f 2852/4782/4440 2771/4783/4441 2851/4784/4442
f 2851/4784/4442 2771/4783/4441 2772/4785/4443
f 2851/4784/4442 2772/4785/4443 2850/4786/4444
f 2850/4786/4444 2772/4785/4443 2773/4787/4445
f 2850/4786/4444 2773/4787/4445 2849/4788/4446
f 2849/4788/4446 2773/4787/4445 2774/4789/4447
f 2849/4788/4446 2774/4789/4447 2848/4790/4448
f 2848/4790/4448 2774/4789/4447 2775/4791/4449
f 2848/4790/4448 2775/4791/4449 2847/4792/4450
f 2847/4792/4450 2775/4791/4449 2776/4793/4451
f 2847/4792/4450 2776/4793/4451 2846/4794/4452
f 2846/4794/4452 2776/4793/4451 2777/4795/4453
f 2846/4794/4452 2777/4795/4453 2845/4796/4454
f 2845/4796/4454 2777/4795/4453 2778/4797/4455
f 2845/4796/4454 2778/4797/4455 2844/4798/4456
f 2844/4798/4456 2778/4797/4455 2779/4799/4457
f 2844/4798/4456 2779/4799/4457 2843/4800/4458
f 2843/4800/4458 2779/4799/4457 2780/4801/4459
f 2843/4800/4458 2780/4801/4459 2842/4802/4460
f 2842/4802/4460 2780/4801/4459 2781/4803/4461
f 2842/4802/4460 2781/4803/4461 2841/4804/4462
f 2841/4804/4462 2781/4803/4461 2782/4805/4463
f 2841/4804/4462 2782/4805/4463 2840/4806/4464
f 2840/4806/4464 2782/4805/4463 2783/4807/4465
f 2840/4806/4464 2783/4807/4465 2839/4808/4466
f 2839/4808/4466 2783/4807/4465 2784/4809/4467
f 2839/4808/4466 2784/4809/4467 2838/4810/4468
f 2838/4810/4468 2784/4809/4467 2785/4811/4469
f 2838/4810/4468 2785/4811/4469 2837/4812/4470
f 2837/4812/4470 2785/4811/4469 2786/4813/4471
f 2837/4812/4470 2786/4813/4471 2836/4814/4472
f 2836/4814/4472 2786/4813/4471 2787/4815/4473
f 2836/4814/4472 2787/4815/4473 2835/4816/4474
f 2835/4816/4474 2787/4815/4473 2788/4817/4475
f 2835/4816/4474 2788/4817/4475 2834/4818/4476
f 2834/4818/4476 2788/4817/4475 2789/4819/4477
f 2834/4818/4476 2789/4819/4477 2751/4820/4478
f 2751/4820/4478 2789/4819/4477 2752/4821/4479
f 2752/4821/4479 2789/4819/4477 2754/4822/4480
f 2754/4822/4480 2789/4819/4477 2790/4823/4481
f 2754/4822/4480 2790/4823/4481 2833/4824/4482
f 2833/4824/4482 2790/4823/4481 2832/4825/4483
f 2832/4825/4483 2790/4823/4481 2830/4826/4484
f 2832/4825/4483 2830/4826/4484 2831/4827/4485
f 2790/4823/4481 2791/4828/4486 2830/4826/4484
f 2830/4826/4484 2791/4828/4486 2829/4829/4487
f 2829/4829/4487 2791/4828/4486 2828/4830/4488
f 2828/4830/4488 2791/4828/4486 2827/4831/4489
f 2827/4831/4489 2791/4828/4486 2826/4832/4490
f 2826/4832/4490 2791/4828/4486 2792/4833/4491
f 2826/4832/4490 2792/4833/4491 2825/4834/4492
f 2825/4834/4492 2792/4833/4491 2824/4835/4493
f 2824/4835/4493 2792/4833/4491 2823/4836/4494
f 2823/4836/4494 2792/4833/4491 2793/4837/4495
f 2823/4836/4494 2793/4837/4495 2822/4838/4496
f 2822/4838/4496 2793/4837/4495 2821/4839/4497
f 2821/4839/4497 2793/4837/4495 2794/4840/4498
f 2821/4839/4497 2794/4840/4498 2820/4841/4499
f 2820/4841/4499 2794/4840/4498 2795/4842/4500
f 2820/4841/4499 2795/4842/4500 2819/4843/4501
f 2819/4843/4501 2795/4842/4500 2796/4844/4502
f 2819/4843/4501 2796/4844/4502 2818/4845/4503
f 2818/4845/4503 2796/4844/4502 2797/4846/4504
f 2818/4845/4503 2797/4846/4504 2817/4847/4505
f 2817/4847/4505 2797/4846/4504 2798/4848/4506
f 2817/4847/4505 2798/4848/4506 2816/4849/4507
f 2816/4849/4507 2798/4848/4506 2799/4850/4508
f 2816/4849/4507 2799/4850/4508 2815/4851/4509
f 2815/4851/4509 2799/4850/4508 2800/4852/4510
f 2815/4851/4509 2800/4852/4510 2814/4853/4511
f 2814/4853/4511 2800/4852/4510 2801/4854/4512
f 2814/4853/4511 2801/4854/4512 2813/4746/4404
f 2813/4746/4404 2801/4854/4512 2757/4744/4402
f 2833/4824/4482 2756/4855/4513 2754/4822/4480
f 2858/4775/4433 2859/4856/4514 2860/4773/4431
f 2868/4857/4515 2825/4858/4516 2871/4859/4517
f 2871/4859/4517 2825/4858/4516 2870/4860/4518
f 2870/4860/4518 2825/4858/4516 2824/4861/4519
f 2870/4860/4518 2824/4861/4519 2869/4862/4520
f 2824/4863/4521 2823/4864/4522 2869/4865/4523
f 2869/4865/4523 2823/4864/4522 2872/4866/4524
f 2873/4867/4525 2874/4868/4526 2822/4869/4527
f 2822/4869/4527 2874/4868/4526 2823/4870/4528
f 2823/4870/4528 2874/4868/4526 2872/4871/4529
f 2872/4872/4530 2874/4873/4531 2869/4874/4532
f 2869/4874/4532 2874/4873/4531 2870/4875/4533
f 2873/4876/4534 2875/4877/4535 2874/4878/4536
f 2874/4878/4536 2875/4877/4535 2870/4879/4537
f 2870/4879/4537 2875/4877/4535 2871/4880/4538
f 2875/4881/4539 2876/4882/4540 2871/4883/4541
f 2871/4883/4541 2876/4882/4540 2877/4884/4542
f 2871/4883/4541 2877/4884/4542 2868/4885/4543
f 2821/4886/4544 2946/4887/4545 2822/4888/4546
f 2822/4888/4546 2946/4887/4545 2950/4889/4547
f 2822/4888/4546 2950/4889/4547 2873/4890/4548
f 2873/4890/4548 2950/4889/4547 2951/4891/4549
f 2873/4890/4548 2951/4891/4549 2875/4892/4550
f 2875/4892/4550 2951/4891/4549 2876/4893/4551
f 2876/4893/4551 2951/4891/4549 2877/4894/4552
f 2877/4894/4552 2951/4891/4549 2868/4895/4553
f 2868/4895/4553 2951/4891/4549 2952/4896/4554
f 2868/4895/4553 2952/4896/4554 2917/4897/4555
f 2917/4897/4555 2952/4896/4554 2916/4898/4556
f 2916/4898/4556 2952/4896/4554 2915/4899/4557
f 2915/4899/4557 2952/4896/4554 2914/4900/4558
f 2914/4900/4558 2952/4896/4554 2913/4901/4559
f 2913/4901/4559 2952/4896/4554 2953/4902/4560
f 2913/4901/4559 2953/4902/4560 2912/4903/4561
f 2912/4903/4561 2953/4902/4560 2911/4904/4562
f 2911/4904/4562 2953/4902/4560 2910/4905/4563
f 2910/4905/4563 2953/4902/4560 2909/4906/4564
f 2909/4906/4564 2953/4902/4560 2743/4907/4565
f 2909/4906/4564 2743/4907/4565 2833/4908/4566
f 2833/4908/4566 2743/4907/4565 2756/4909/4567
f 2820/4910/4568 2940/4911/4569 2821/4886/4544
f 2821/4886/4544 2940/4911/4569 2941/4912/4570
f 2821/4886/4544 2941/4912/4570 2942/4913/4571
f 2819/4914/4572 2938/4915/4573 2820/4910/4568
f 2820/4910/4568 2938/4915/4573 2939/4916/4574
f 2820/4910/4568 2939/4916/4574 2940/4911/4569
f 2938/4915/4573 2819/4914/4572 2937/4917/4575
f 2937/4917/4575 2819/4914/4572 2818/4918/4576
f 2937/4917/4575 2818/4918/4576 2936/4919/4577
f 2936/4919/4577 2818/4918/4576 2817/4920/4578
f 2936/4919/4577 2817/4920/4578 2935/4921/4579
f 2935/4921/4579 2817/4920/4578 2816/4922/4580
f 2935/4921/4579 2816/4922/4580 2934/4923/4581
f 2934/4923/4581 2816/4922/4580 2815/4924/4582
f 2934/4923/4581 2815/4924/4582 2933/4925/4583
f 2933/4925/4583 2815/4924/4582 2814/4926/4584
f 2933/4925/4583 2814/4926/4584 2932/4927/4585
f 2932/4927/4585 2814/4926/4584 2813/4928/4586
f 2932/4927/4585 2813/4928/4586 2931/4929/4587
f 2931/4929/4587 2813/4928/4586 2812/4930/4588
f 2931/4929/4587 2812/4930/4588 2930/4931/4589
f 2930/4932/4589 2812/4933/4588 2929/4934/4590
f 2929/4934/4590 2812/4933/4588 2811/4935/4591
f 2929/4934/4590 2811/4935/4591 2928/4936/4592
f 2928/4936/4592 2811/4935/4591 2810/4937/4593
f 2928/4936/4592 2810/4937/4593 2927/4938/4594
f 2927/4938/4594 2810/4937/4593 2809/4939/4595
f 2927/4938/4594 2809/4939/4595 2926/4940/4596
f 2926/4940/4596 2809/4939/4595 2808/4941/4597
f 2926/4940/4596 2808/4941/4597 2925/4942/4598
f 2925/4942/4598 2808/4941/4597 2807/4943/4599
f 2925/4942/4598 2807/4943/4599 2924/4944/4600
f 2924/4944/4600 2807/4943/4599 2806/4945/4601
f 2924/4944/4600 2806/4945/4601 2923/4946/4602
f 2923/4946/4602 2806/4945/4601 2805/4947/4603
f 2923/4946/4602 2805/4947/4603 2922/4948/4604
f 2922/4948/4604 2805/4947/4603 2804/4949/4605
f 2922/4948/4604 2804/4949/4605 3011/4950/4606
f 3011/4950/4606 2804/4949/4605 3010/4951/4607
f 3010/4951/4607 2804/4949/4605 2803/4952/4608
f 3010/4951/4607 2803/4952/4608 3009/4953/4609
f 3009/4953/4609 2803/4952/4608 3008/4954/4610
f 3008/4954/4610 2803/4952/4608 3007/4955/4611
f 3007/4955/4611 2803/4952/4608 3006/4956/4612
f 3006/4956/4612 2803/4952/4608 3005/4957/4613
f 3005/4957/4613 2803/4952/4608 2802/4958/4614
f 3005/4957/4613 2802/4958/4614 3004/4959/4615
f 3004/4959/4615 2802/4958/4614 3001/4960/4616
f 3004/4959/4615 3001/4960/4616 3002/4961/4617
f 3001/4960/4616 2802/4958/4614 3000/4962/4618
f 3000/4962/4618 2802/4958/4614 2878/4963/4619
f 3000/4962/4618 2878/4963/4619 2999/4964/4620
f 2999/4964/4620 2878/4963/4619 2879/4965/4621
f 2999/4964/4620 2879/4965/4621 2880/4966/4622
f 2880/4966/4622 2881/4967/4623 2999/4964/4620
f 2999/4964/4620 2881/4967/4623 2882/4968/4624
f 2999/4964/4620 2882/4968/4624 2998/4969/4625
f 2998/4969/4625 2882/4968/4624 2887/4970/4626
f 2998/4969/4625 2887/4970/4626 2888/4971/4627
f 2865/4972/4628 2864/4973/4629 2882/4968/4624
f 2882/4968/4624 2864/4973/4629 2887/4970/4626
f 2864/4973/4629 2863/4974/4630 2887/4970/4626
f 2887/4970/4626 2863/4974/4630 2886/4975/4631
f 2886/4975/4631 2863/4974/4630 2885/4976/4632
f 2885/4976/4632 2863/4974/4630 2884/4977/4633
f 2884/4977/4633 2863/4974/4630 2862/4978/4634
f 2884/4977/4633 2862/4978/4634 2883/4979/4635
f 2888/4971/4627 2889/4980/4636 2998/4969/4625
f 2998/4969/4625 2889/4980/4636 2890/4981/4637
f 2998/4969/4625 2890/4981/4637 2891/4982/4638
f 2998/4969/4625 2891/4982/4638 2997/4983/4639
f 2997/4983/4639 2891/4982/4638 2892/4984/4640
f 2997/4983/4639 2892/4984/4640 2893/4985/4641
f 2893/4985/4641 2894/4986/4642 2997/4983/4639
f 2997/4983/4639 2894/4986/4642 2895/4987/4643
f 2997/4983/4639 2895/4987/4643 2996/4988/4644
f 2996/4988/4644 2895/4987/4643 2900/4989/4645
f 2996/4988/4644 2900/4989/4645 2901/4990/4646
f 2900/4989/4645 2895/4987/4643 2857/4991/4647
f 2857/4991/4647 2895/4987/4643 2896/4992/4648
f 2857/4991/4647 2896/4992/4648 2858/4993/4649
f 2858/4993/4649 2896/4992/4648 2897/4994/4650
f 2858/4993/4649 2897/4994/4650 2898/4995/4651
f 2899/4996/4652 2859/4997/4653 2898/4995/4651
f 2898/4995/4651 2859/4997/4653 2858/4993/4649
f 2857/4991/4647 2856/4998/4654 2900/4989/4645
f 2901/4990/4646 2902/4999/4655 2996/4988/4644
f 2996/4988/4644 2902/4999/4655 2903/5000/4656
f 2996/4988/4644 2903/5000/4656 2904/5001/4657
f 2996/4988/4644 2904/5001/4657 2995/5002/4658
f 2995/5002/4658 2904/5001/4657 2853/5003/4659
f 2995/5002/4658 2853/5003/4659 2994/5004/4660
f 2994/5004/4660 2853/5003/4659 2852/5005/4661
f 2994/5004/4660 2852/5005/4661 2991/5006/4662
f 2991/5006/4662 2852/5005/4661 2990/5007/4663
f 2990/5007/4663 2852/5005/4661 2989/5008/4664
f 2989/5008/4664 2852/5005/4661 2988/5009/4665
f 2988/5009/4665 2852/5005/4661 2987/5010/4666
f 2987/5010/4666 2852/5005/4661 2986/5011/4667
f 2986/5011/4667 2852/5005/4661 2851/5012/4668
f 2986/5011/4667 2851/5012/4668 2985/5013/4669
f 2985/5013/4669 2851/5012/4668 2984/5014/4670
f 2984/5014/4670 2851/5012/4668 2983/5015/4671
f 2983/5015/4671 2851/5012/4668 2850/5016/4672
f 2983/5015/4671 2850/5016/4672 2982/5017/4673
f 2982/5017/4673 2850/5016/4672 2849/5018/4674
f 2982/5017/4673 2849/5018/4674 2981/5019/4675
f 2981/5019/4675 2849/5018/4674 2848/5020/4676
f 2981/5019/4675 2848/5020/4676 2980/5021/4677
f 2980/5021/4677 2848/5020/4676 2847/5022/4678
f 2980/5021/4677 2847/5022/4678 2979/5023/4679
f 2979/5023/4679 2847/5022/4678 2846/5024/4680
f 2979/5023/4679 2846/5024/4680 2978/5025/4681
f 2978/5025/4681 2846/5024/4680 2845/5026/4682
f 2978/5025/4681 2845/5026/4682 2977/5027/4683
f 2977/5027/4683 2845/5026/4682 2844/5028/4684
f 2977/5027/4683 2844/5028/4684 2976/5029/4685
f 2976/5029/4685 2844/5028/4684 2843/5030/4686
f 2976/5029/4685 2843/5030/4686 2975/5031/4687
f 2975/5031/4687 2843/5030/4686 2974/5032/4688
f 2974/5032/4688 2843/5030/4686 2842/5033/4689
f 2974/5032/4688 2842/5033/4689 2973/5034/4690
f 2973/5034/4690 2842/5033/4689 2841/5035/4691
f 2973/5034/4690 2841/5035/4691 2972/5036/4692
f 2972/5036/4692 2841/5035/4691 2840/5037/4693
f 2972/5036/4692 2840/5037/4693 2971/5038/4694
f 2971/5038/4694 2840/5037/4693 2839/5039/4695
f 2971/5038/4694 2839/5039/4695 2970/5040/4696
f 2970/5040/4696 2839/5039/4695 2838/5041/4697
f 2970/5040/4696 2838/5041/4697 2969/5042/4698
f 2969/5042/4698 2838/5041/4697 2837/5043/4699
f 2969/5042/4698 2837/5043/4699 2968/5044/4700
f 2968/5044/4700 2837/5043/4699 2836/5045/4701
f 2968/5044/4700 2836/5045/4701 2967/5046/4702
f 2967/5046/4702 2836/5045/4701 2835/5047/4703
f 2967/5046/4702 2835/5047/4703 2966/5048/4704
f 2966/5048/4704 2835/5047/4703 2965/5049/4705
f 2965/5049/4705 2835/5047/4703 2834/5050/4706
f 2965/5049/4705 2834/5050/4706 2964/5051/4707
f 2964/5051/4707 2834/5050/4706 2963/5052/4708
f 2963/5052/4708 2834/5050/4706 2962/5053/4709
f 2962/5053/4709 2834/5050/4706 2961/5054/4710
f 2961/5054/4710 2834/5050/4706 2960/5055/4711
f 2960/5055/4711 2834/5050/4706 2751/5056/4712
f 2960/5055/4711 2751/5056/4712 2959/5057/4713
f 2959/5057/4713 2751/5056/4712 2956/5058/4714
f 2959/5057/4713 2956/5058/4714 2957/5059/4715
f 2956/5058/4714 2751/5056/4712 2955/5060/4716
f 2955/5060/4716 2751/5056/4712 2748/5061/4717
f 2955/5060/4716 2748/5061/4717 2954/5062/4718
f 2954/5062/4718 2748/5061/4717 2746/5063/4719
f 2954/5062/4718 2746/5063/4719 2745/5064/4720
f 2745/5064/4720 2744/5065/4721 2954/5062/4718
f 2954/5062/4718 2744/5065/4721 2743/4907/4565
f 2954/5062/4718 2743/4907/4565 2953/4902/4560
f 2833/4908/4566 2832/5066/4722 2909/4906/4564
f 2909/4906/4564 2832/5066/4722 2908/5067/4723
f 2908/5067/4723 2832/5066/4722 2907/5068/4724
f 2907/5068/4724 2832/5066/4722 2906/5069/4725
f 2906/5069/4725 2832/5066/4722 2831/5070/4726
f 2906/5069/4725 2831/5070/4726 2905/5071/4727
f 2868/4895/4553 2917/4897/4555 2826/5072/4728
f 2826/5072/4728 2917/4897/4555 2918/5073/4729
f 2826/5072/4728 2918/5073/4729 2827/5074/4730
f 2827/5074/4730 2918/5073/4729 2919/5075/4731
f 2827/5074/4730 2919/5075/4731 2920/5076/4732
f 2921/5077/4733 2828/5078/4734 2920/5076/4732
f 2920/5076/4732 2828/5078/4734 2827/5074/4730
f 2826/5072/4728 2825/5079/4735 2868/4895/4553
f 2942/4913/4571 2943/5080/4736 2821/4886/4544
f 2821/4886/4544 2943/5080/4736 2944/5081/4737
f 2821/4886/4544 2944/5081/4737 2945/5082/4738
f 2945/5082/4738 2946/4887/4545 2821/4886/4544
f 2947/5083/4739 2948/5084/4740 2946/4887/4545
f 2946/4887/4545 2948/5084/4740 2949/5085/4741
f 2946/4887/4545 2949/5085/4741 2950/4889/4547
f 2957/5059/4715 2958/5086/4742 2959/5057/4713
f 2992/5087/4743 2993/5088/4744 2991/5006/4662
f 2991/5006/4662 2993/5088/4744 2994/5004/4660
f 3002/4961/4617 3003/5089/4745 3004/4959/4615
f 3012/5090/4746 3013/5091/4747 3017/5092/4748
f 3017/5092/4748 3013/5091/4747 3014/5093/4749
f 3017/5092/4748 3014/5093/4749 3016/5094/4750
f 3016/5094/4750 3014/5093/4749 3015/5095/4751
f 3015/5096/4752 2905/5097/4753 3016/5098/4754
f 3016/5098/4754 2905/5097/4753 2831/5099/4755
f 3016/5098/4754 2831/5099/4755 2830/5100/4756
f 2830/5100/4756 3018/5101/4757 3016/5098/4754
f 3016/5098/4754 3018/5101/4757 3019/5102/4758
f 3012/5103/4759 3017/5104/4760 2921/5105/4761
f 2921/5105/4761 3017/5104/4760 2828/5106/4762
f 2828/5106/4762 3017/5104/4760 2829/5107/4763
f 2829/5107/4763 3017/5104/4760 3021/5108/4764
f 3021/5108/4764 3017/5104/4760 3020/5109/4765
f 2829/5110/4766 3021/5111/4767 2830/5112/4768
f 2830/5112/4768 3021/5111/4767 3018/5113/4769
f 3021/5114/4770 3020/5115/4771 3018/5116/4772
f 3018/5116/4772 3020/5115/4771 3019/5117/4773
f 3020/5118/4774 3017/5119/4775 3019/5120/4776
f 3019/5120/4776 3017/5119/4775 3016/5121/4777
f 2900/5122/4778 2856/5123/4779 3024/5124/4780
f 3024/5124/4780 2856/5123/4779 3023/5125/4781
f 3023/5125/4781 2856/5123/4779 2855/5126/4782
f 3023/5125/4781 2855/5126/4782 3022/5127/4783
f 2855/5128/4784 2854/5129/4785 3022/5130/4786
f 3022/5130/4786 2854/5129/4785 3025/5131/4787
f 2904/5132/4788 3026/5133/4789 2853/5134/4790
f 2853/5134/4790 3026/5133/4789 2854/5135/4791
f 2854/5135/4791 3026/5133/4789 3025/5136/4792
f 3025/5137/4793 3026/5138/4794 3022/5139/4795
f 3022/5139/4795 3026/5138/4794 3023/5140/4796
f 2904/5141/4797 2903/5142/4798 3026/5143/4799
f 3026/5143/4799 2903/5142/4798 3023/5144/4800
f 3023/5144/4800 2903/5142/4798 3024/5145/4801
f 2903/5146/4802 2902/5147/4803 3024/5148/4804
f 3024/5148/4804 2902/5147/4803 2901/5149/4805
f 3024/5148/4804 2901/5149/4805 2900/5150/4806
f 2882/5151/4807 2881/5152/4808 3027/5153/4809
f 3027/5153/4809 2881/5152/4808 2880/5154/4810
f 3027/5153/4809 2880/5154/4810 2879/5155/4811
f 2878/5156/4812 3028/5157/4813 2879/5158/4814
f 2879/5158/4814 3028/5157/4813 3029/5159/4815
f 2879/5158/4814 3029/5159/4815 3027/5160/4816
f 2878/5161/4817 2802/5162/4818 3028/5163/4819
f 3028/5163/4819 2802/5162/4818 2867/5164/4820
f 3028/5163/4819 2867/5164/4820 3030/5165/4821
f 2866/5166/4822 3031/5167/4823 2867/5168/4824
f 2867/5168/4824 3031/5167/4823 3030/5169/4825
f 3031/5170/4826 3029/5171/4827 3030/5172/4828
f 3030/5172/4828 3029/5171/4827 3028/5173/4829
f 2882/5174/4830 3027/5175/4831 2865/5176/4832
f 2865/5176/4832 3027/5175/4831 3029/5177/4833
f 2865/5176/4832 3029/5177/4833 2866/5178/4834
f 2866/5178/4834 3029/5177/4833 3031/5179/4835
f 2860/5180/4836 3032/5181/4837 2861/5182/4838
f 2861/5182/4838 3032/5181/4837 3033/5183/4839
f 3032/5184/4840 2860/5185/4841 3035/5186/4842
f 3035/5186/4842 2860/5185/4841 2859/5187/4843
f 3035/5186/4842 2859/5187/4843 2899/5188/4844
f 2899/5188/4844 3034/5189/4845 3035/5186/4842
f 3035/5186/4842 3036/5190/4846 3032/5184/4840
f 2883/5191/4847 2862/5192/4848 3038/5193/4849
f 3038/5193/4849 2862/5192/4848 2861/5194/4850
f 3038/5193/4849 2861/5194/4850 3033/5195/4851
f 3033/5195/4851 3037/5196/4852 3038/5193/4849
f 3038/5193/4849 3039/5197/4853 2883/5191/4847
f 3032/5198/4854 3036/5199/4855 3033/5200/4856
f 3033/5200/4856 3036/5199/4855 3037/5201/4857
f 3036/5202/4858 3035/5203/4859 3037/5204/4860
f 3037/5204/4860 3035/5203/4859 3038/5205/4861
f 3034/5206/4862 3040/5207/4863 3035/5208/4864
f 3035/5208/4864 3040/5207/4863 3038/5209/4865
f 3038/5209/4865 3040/5207/4863 3041/5210/4866
f 3038/5209/4865 3041/5210/4866 3039/5211/4867
f 3034/5212/4868 2899/5213/4869 3048/5214/4870
f 3048/5214/4870 2899/5213/4869 2898/5215/4871
f 3048/5214/4870 2898/5215/4871 3047/5216/4872
f 3047/5216/4872 2898/5215/4871 2897/5217/4873
f 3047/5216/4872 2897/5217/4873 2896/5218/4874
f 3047/5216/4872 2896/5218/4874 3046/5219/4875
f 3046/5219/4875 2896/5218/4874 2895/5220/4876
f 3046/5219/4875 2895/5220/4876 3045/5221/4877
f 3045/5221/4877 2895/5220/4876 2894/5222/4878
f 3045/5221/4877 2894/5222/4878 3044/5223/4879
f 3044/5223/4879 2894/5222/4878 2893/5224/4880
f 3044/5223/4879 2893/5224/4880 3043/5225/4881
f 3043/5225/4881 2893/5224/4880 2892/5226/4882
f 3043/5225/4881 2892/5226/4882 3042/5227/4883
f 3042/5227/4883 2892/5226/4882 2891/5228/4884
f 3042/5229/4883 2891/5230/4884 2890/5231/4885
f 3042/5229/4883 2890/5231/4885 3055/5232/4886
f 3055/5232/4886 2890/5231/4885 2889/5233/4887
f 3055/5232/4886 2889/5233/4887 3054/5234/4888
f 3054/5234/4888 2889/5233/4887 2888/5235/4889
f 3054/5234/4888 2888/5235/4889 3053/5236/4890
f 3053/5236/4890 2888/5235/4889 2887/5237/4891
f 3053/5236/4890 2887/5237/4891 3052/5238/4892
f 3052/5238/4892 2887/5237/4891 2886/5239/4893
f 3052/5238/4892 2886/5239/4893 3051/5240/4894
f 3051/5240/4894 2886/5239/4893 2885/5241/4895
f 3051/5240/4894 2885/5241/4895 2884/5242/4896
f 3051/5240/4894 2884/5242/4896 3050/5243/4897
f 3050/5243/4897 2884/5242/4896 2883/5244/4898
f 3050/5243/4897 2883/5244/4898 3039/5245/4899
f 3050/5243/4897 3039/5245/4899 3049/5246/4900
f 3049/5246/4900 3039/5245/4899 3041/5247/4901
f 3049/5246/4900 3041/5247/4901 3040/5248/4902
f 3040/5248/4902 3034/5212/4868 3049/5246/4900
f 3049/5246/4900 3034/5212/4868 3048/5214/4870
f 3060/5249/4903 2958/5250/4904 3059/5251/4905
f 3059/5251/4905 2958/5250/4904 2957/5252/4906
f 3059/5251/4905 2957/5252/4906 3058/5253/4907
f 3058/5253/4907 2957/5252/4906 2956/5254/4908
f 3058/5253/4907 2956/5254/4908 3057/5255/4909
f 3057/5255/4909 2956/5254/4908 2955/5256/4910
f 3057/5255/4909 2955/5256/4910 3056/5257/4911
f 3056/5257/4911 2955/5256/4910 2954/5258/4912
f 3060/5259/4903 3061/5260/4913 2958/5261/4904
f 2958/5261/4904 3061/5260/4913 2959/5262/4914
f 3063/5263/4915 3116/5264/4916 3062/5265/4917
f 3062/5266/4917 3116/5267/4916 3117/5268/4918
f 3062/5266/4917 3117/5268/4918 3107/5269/4919
f 3107/5269/4919 3117/5268/4918 3118/5270/4920
f 3107/5269/4919 3118/5270/4920 3106/5271/4921
f 3106/5271/4921 3118/5270/4920 3119/5272/4922
f 3106/5271/4921 3119/5272/4922 3105/5273/4923
f 3105/5273/4923 3119/5272/4922 3120/5274/4924
f 3105/5273/4923 3120/5274/4924 3104/5275/4925
f 3104/5275/4925 3120/5274/4924 3121/5276/4926
f 3104/5275/4925 3121/5276/4926 3103/5277/4927
f 3103/5277/4927 3121/5276/4926 3122/5278/4928
f 3103/5277/4927 3122/5278/4928 3102/5279/4929
f 3102/5279/4929 3122/5278/4928 3123/5280/4930
f 3102/5279/4929 3123/5280/4930 3101/5281/4931
f 3101/5281/4931 3123/5280/4930 3124/5282/4932
f 3101/5281/4931 3124/5282/4932 3125/5283/4933
f 3116/5264/4916 3063/5263/4915 3115/5284/4934
f 3115/5284/4934 3063/5263/4915 3064/5285/4935
f 3115/5284/4934 3064/5285/4935 3114/5286/4936
f 3114/5286/4936 3064/5285/4935 3065/5287/4937
f 3114/5286/4936 3065/5287/4937 3113/5288/4938
f 3113/5288/4938 3065/5287/4937 3066/5289/4939
f 3113/5288/4938 3066/5289/4939 3112/5290/4940
f 3112/5290/4940 3066/5289/4939 3067/5291/4941
f 3112/5290/4940 3067/5291/4941 3111/5292/4942
f 3111/5292/4942 3067/5291/4941 3068/5293/4943
f 3111/5292/4942 3068/5293/4943 3110/5294/4944
f 3110/5294/4944 3068/5293/4943 3069/5295/4945
f 3110/5294/4944 3069/5295/4945 3109/5296/4946
f 3109/5296/4946 3069/5295/4945 3108/5297/4947
f 3108/5297/4947 3069/5295/4945 3070/5298/4948
f 3108/5297/4947 3070/5298/4948 3193/5299/4949
f 3193/5299/4949 3070/5298/4948 3192/5300/4950
f 3192/5300/4950 3070/5298/4948 3071/5301/4951
f 3192/5300/4950 3071/5301/4951 3191/5302/4952
f 3191/5302/4952 3071/5301/4951 3190/5303/4953
f 3190/5303/4953 3071/5301/4951 3189/5304/4954
f 3189/5304/4954 3071/5301/4951 3188/5305/4955
f 3188/5305/4955 3071/5301/4951 3187/5306/4956
f 3187/5306/4956 3071/5301/4951 3186/5307/4957
f 3186/5307/4957 3071/5301/4951 3072/5308/4958
f 3186/5307/4957 3072/5308/4958 3183/5309/4959
f 3183/5309/4959 3072/5308/4958 3182/5310/4960
f 3182/5310/4960 3072/5308/4958 3181/5311/4961
f 3181/5311/4961 3072/5308/4958 3073/5312/4962
f 3181/5311/4961 3073/5312/4962 3180/5313/4963
f 3180/5313/4963 3073/5312/4962 3222/5314/4964
f 3180/5313/4963 3222/5314/4964 3223/5315/4965
f 3074/5316/4966 3218/5317/4967 3073/5312/4962
f 3073/5312/4962 3218/5317/4967 3219/5318/4968
f 3073/5312/4962 3219/5318/4968 3220/5319/4969
f 3075/5320/4970 3056/5321/4971 3074/5316/4966
f 3074/5316/4966 3056/5321/4971 3214/5322/4972
f 3074/5316/4966 3214/5322/4972 3215/5323/4973
f 3076/5324/4974 3177/5325/4975 3075/5320/4970
f 3075/5320/4970 3177/5325/4975 3178/5326/4976
f 3075/5320/4970 3178/5326/4976 3061/5327/4977
f 3077/5328/4978 3173/5329/4979 3076/5324/4974
f 3076/5324/4974 3173/5329/4979 3174/5330/4980
f 3076/5324/4974 3174/5330/4980 3175/5331/4981
f 3078/5332/4982 3171/5333/4983 3077/5328/4978
f 3077/5328/4978 3171/5333/4983 3172/5334/4984
f 3077/5328/4978 3172/5334/4984 3173/5329/4979
f 3171/5333/4983 3078/5332/4982 3170/5335/4985
f 3170/5335/4985 3078/5332/4982 3079/5336/4986
f 3170/5335/4985 3079/5336/4986 3169/5337/4987
f 3169/5337/4987 3079/5336/4986 3168/5338/4988
f 3168/5338/4988 3079/5336/4986 3080/5339/4989
f 3168/5338/4988 3080/5339/4989 3167/5340/4990
f 3167/5340/4990 3080/5339/4989 3081/5341/4991
f 3167/5340/4990 3081/5341/4991 3166/5342/4992
f 3166/5342/4992 3081/5341/4991 3082/5343/4993
f 3166/5342/4992 3082/5343/4993 3165/5344/4994
f 3165/5344/4994 3082/5343/4993 3083/5345/4995
f 3165/5344/4994 3083/5345/4995 3164/5346/4996
f 3164/5346/4996 3083/5345/4995 3084/5347/4997
f 3164/5346/4996 3084/5347/4997 3163/5348/4998
f 3163/5348/4998 3084/5347/4997 3085/5349/4999
f 3163/5348/4998 3085/5349/4999 3162/5350/5000
f 3162/5350/5000 3085/5349/4999 3086/5351/5001
f 3162/5350/5000 3086/5351/5001 3161/5352/5002
f 3161/5352/5002 3086/5351/5001 3087/5353/5003
f 3161/5352/5002 3087/5353/5003 3160/5354/5004
f 3160/5354/5004 3087/5353/5003 3088/5355/5005
f 3160/5354/5004 3088/5355/5005 3159/5356/5006
f 3159/5356/5006 3088/5355/5005 3089/5357/5007
f 3159/5356/5006 3089/5357/5007 3158/5358/5008
f 3158/5358/5008 3089/5357/5007 3090/5359/5009
f 3158/5358/5008 3090/5359/5009 3157/5360/5010
f 3157/5360/5010 3090/5359/5009 3091/5361/5011
f 3157/5360/5010 3091/5361/5011 3156/5362/5012
f 3156/5362/5012 3091/5361/5011 3155/5363/5013
f 3155/5363/5013 3091/5361/5011 3092/5364/5014
f 3155/5363/5013 3092/5364/5014 3154/5365/5015
f 3154/5365/5015 3092/5364/5014 3093/5366/5016
f 3154/5365/5015 3093/5366/5016 3153/5367/5017
f 3153/5367/5017 3093/5366/5016 3152/5368/5018
f 3152/5368/5018 3093/5366/5016 3094/5369/5019
f 3152/5368/5018 3094/5369/5019 3151/5370/5020
f 3151/5370/5020 3094/5369/5019 3150/5371/5021
f 3150/5371/5021 3094/5369/5019 3149/5372/5022
f 3149/5372/5022 3094/5369/5019 3148/5373/5023
f 3148/5373/5023 3094/5369/5019 3147/5374/5024
f 3147/5374/5024 3094/5369/5019 3146/5375/5025
f 3146/5375/5025 3094/5369/5019 3095/5376/5026
f 3146/5375/5025 3095/5376/5026 3143/5377/5027
f 3143/5377/5027 3095/5376/5026 3142/5378/5028
f 3142/5378/5028 3095/5376/5026 3141/5379/5029
f 3141/5379/5029 3095/5376/5026 3096/5380/5030
f 3141/5379/5029 3096/5380/5030 3140/5381/5031
f 3140/5381/5031 3096/5380/5030 3206/5382/5032
f 3140/5381/5031 3206/5382/5032 3207/5383/5033
f 3097/5384/5034 3202/5385/5035 3096/5380/5030
f 3096/5380/5030 3202/5385/5035 3203/5386/5036
f 3096/5380/5030 3203/5386/5036 3204/5387/5037
f 3098/5388/5038 3138/5389/5039 3097/5384/5034
f 3097/5384/5034 3138/5389/5039 3198/5390/5040
f 3097/5384/5034 3198/5390/5040 3199/5391/5041
f 3099/5392/5042 3131/5393/5043 3098/5388/5038
f 3098/5388/5038 3131/5393/5043 3132/5394/5044
f 3098/5388/5038 3132/5394/5044 3133/5395/5045
f 3100/5396/5046 3127/5397/5047 3099/5392/5042
f 3099/5392/5042 3127/5397/5047 3128/5398/5048
f 3099/5392/5042 3128/5398/5048 3129/5399/5049
f 3101/5281/4931 3125/5283/4933 3100/5396/5046
f 3100/5396/5046 3125/5283/4933 3126/5400/5050
f 3100/5396/5046 3126/5400/5050 3127/5397/5047
f 3129/5399/5049 3130/5401/5051 3099/5392/5042
f 3099/5392/5042 3130/5401/5051 3131/5393/5043
f 3134/5402/5052 3135/5403/5053 3133/5395/5045
f 3133/5395/5045 3135/5403/5053 3136/5404/5054
f 3133/5395/5045 3136/5404/5054 3098/5388/5038
f 3098/5388/5038 3136/5404/5054 3137/5405/5055
f 3098/5388/5038 3137/5405/5055 3138/5389/5039
f 3138/5389/5039 3139/5406/5056 3198/5390/5040
f 3198/5390/5040 3139/5406/5056 3197/5407/5057
f 3197/5407/5057 3139/5406/5056 3196/5408/5058
f 3196/5408/5058 3139/5406/5056 3195/5409/5059
f 3195/5409/5059 3139/5406/5056 3194/5410/5060
f 3194/5410/5060 3139/5406/5056 3140/5381/5031
f 3194/5410/5060 3140/5381/5031 3209/5411/5061
f 3209/5411/5061 3140/5381/5031 3208/5412/5062
f 3208/5412/5062 3140/5381/5031 3207/5383/5033
f 3143/5377/5027 3144/5413/5063 3146/5375/5025
f 3146/5375/5025 3144/5413/5063 3145/5414/5064
f 3175/5331/4981 3176/5415/5065 3076/5324/4974
f 3076/5324/4974 3176/5415/5065 3177/5325/4975
f 3060/5416/5066 3059/5417/5067 3061/5327/4977
f 3061/5327/4977 3059/5417/5067 3058/5418/5068
f 3061/5327/4977 3058/5418/5068 3075/5320/4970
f 3075/5320/4970 3058/5418/5068 3057/5419/5069
f 3075/5320/4970 3057/5419/5069 3056/5321/4971
f 3056/5321/4971 3179/5420/5070 3214/5322/4972
f 3214/5322/4972 3179/5420/5070 3213/5421/5071
f 3213/5421/5071 3179/5420/5070 3212/5422/5072
f 3212/5422/5072 3179/5420/5070 3211/5423/5073
f 3211/5423/5073 3179/5420/5070 3210/5424/5074
f 3210/5424/5074 3179/5420/5070 3180/5313/4963
f 3210/5424/5074 3180/5313/4963 3225/5425/5075
f 3225/5425/5075 3180/5313/4963 3224/5426/5076
f 3224/5426/5076 3180/5313/4963 3223/5315/4965
f 3183/5309/4959 3184/5427/5077 3186/5307/4957
f 3186/5307/4957 3184/5427/5077 3185/5428/5078
f 3199/5391/5041 3200/5429/5079 3097/5384/5034
f 3097/5384/5034 3200/5429/5079 3201/5430/5080
f 3097/5384/5034 3201/5430/5080 3202/5385/5035
f 3204/5387/5037 3205/5431/5081 3096/5380/5030
f 3096/5380/5030 3205/5431/5081 3206/5382/5032
f 3215/5323/4973 3216/5432/5082 3074/5316/4966
f 3074/5316/4966 3216/5432/5082 3217/5433/5083
f 3074/5316/4966 3217/5433/5083 3218/5317/4967
f 3220/5319/4969 3221/5434/5084 3073/5312/4962
f 3073/5312/4962 3221/5434/5084 3222/5314/4964
f 3181/5435/5085 2951/5436/5086 3182/5437/5087
f 3182/5437/5087 2951/5436/5086 2950/5438/5088
f 3182/5437/5087 2950/5438/5088 2949/5439/5089
f 3182/5437/5087 2949/5439/5089 3183/5440/5090
f 3183/5440/5090 2949/5439/5089 2948/5441/5091
f 3183/5440/5090 2948/5441/5091 3184/5442/5092
f 3184/5442/5092 2948/5441/5091 2947/5443/5093
f 3184/5442/5092 2947/5443/5093 3185/5444/5094
f 2947/5445/5093 2946/5446/5095 3185/5447/5094
f 3185/5447/5094 2946/5446/5095 3186/5448/5096
f 2999/5449/5097 3138/5450/5098 3000/5451/5099
f 3000/5451/5099 3138/5450/5098 3137/5452/5100
f 3000/5451/5099 3137/5452/5100 3001/5453/5101
f 3001/5453/5101 3137/5452/5100 3136/5454/5102
f 3001/5453/5101 3136/5454/5102 3135/5455/5103
f 3001/5453/5101 3135/5455/5103 3002/5456/5104
f 3002/5456/5104 3135/5455/5103 3134/5457/5105
f 3002/5456/5104 3134/5457/5105 3003/5458/5106
f 3134/5459/5105 3133/5460/5107 3003/5461/5106
f 3003/5461/5106 3133/5460/5107 3004/5462/5108
f 3145/5463/5109 3144/5464/5110 2992/5465/5111
f 2992/5465/5111 3144/5464/5110 2993/5466/5112
f 2993/5466/5112 3144/5464/5110 3143/5467/5113
f 2993/5466/5112 3143/5467/5113 2994/5468/5114
f 2994/5468/5114 3143/5467/5113 3142/5469/5115
f 2994/5468/5114 3142/5469/5115 2995/5470/5116
f 2995/5470/5116 3142/5469/5115 3141/5471/5117
f 2995/5470/5116 3141/5471/5117 2996/5472/5118
f 2992/5473/5111 2991/5474/5119 3145/5475/5109
f 3145/5475/5109 2991/5474/5119 3146/5476/5120
f 3186/5477/5096 2946/5478/5095 3187/5479/5121
f 3187/5479/5121 2946/5478/5095 2945/5480/5122
f 3187/5479/5121 2945/5480/5122 3188/5481/5123
f 3188/5481/5123 2945/5480/5122 2944/5482/5124
f 3188/5481/5123 2944/5482/5124 3189/5483/5125
f 3189/5483/5125 2944/5482/5124 2943/5484/5126
f 3189/5483/5125 2943/5484/5126 3190/5485/5127
f 3190/5485/5127 2943/5484/5126 2942/5486/5128
f 3190/5485/5127 2942/5486/5128 3191/5487/5129
f 3191/5487/5129 2942/5486/5128 2941/5488/5130
f 3191/5487/5129 2941/5488/5130 3192/5489/5131
f 3192/5489/5131 2941/5488/5130 2940/5490/5132
f 3192/5489/5131 2940/5490/5132 3193/5491/5133
f 3193/5491/5133 2940/5490/5132 2939/5492/5134
f 3193/5491/5133 2939/5492/5134 3108/5493/5135
f 3108/5493/5135 2939/5492/5134 2938/5494/5136
f 3108/5495/5135 2938/5496/5136 3109/5497/5137
f 3109/5497/5137 2938/5496/5136 2937/5498/5138
f 3109/5497/5137 2937/5498/5138 2936/5499/5139
f 3109/5497/5137 2936/5499/5139 3110/5500/5140
f 3110/5500/5140 2936/5499/5139 2935/5501/5141
f 3110/5500/5140 2935/5501/5141 3111/5502/5142
f 3111/5502/5142 2935/5501/5141 2934/5503/5143
f 3111/5502/5142 2934/5503/5143 3112/5504/5144
f 3112/5504/5144 2934/5503/5143 2933/5505/5145
f 3112/5504/5144 2933/5505/5145 3113/5506/5146
f 3113/5506/5146 2933/5505/5145 2932/5507/5147
f 3113/5506/5146 2932/5507/5147 3114/5508/5148
f 3114/5508/5148 2932/5507/5147 2931/5509/5149
f 3114/5508/5148 2931/5509/5149 3115/5510/5150
f 3115/5510/5150 2931/5509/5149 3116/5511/5151
f 3116/5511/5151 2931/5509/5149 2930/5512/5152
f 3116/5511/5151 2930/5512/5152 3117/5513/5153
f 3117/5513/5153 2930/5512/5152 2929/5514/5154
f 3117/5513/5153 2929/5514/5154 3118/5515/5155
f 3118/5515/5155 2929/5514/5154 3119/5516/5156
f 3119/5516/5156 2929/5514/5154 2928/5517/5157
f 3119/5516/5156 2928/5517/5157 3120/5518/5158
f 3120/5518/5158 2928/5517/5157 2927/5519/5159
f 3120/5518/5158 2927/5519/5159 3121/5520/5160
f 3121/5520/5160 2927/5519/5159 2926/5521/5161
f 3121/5520/5160 2926/5521/5161 3122/5522/5162
f 3122/5522/5162 2926/5521/5161 2925/5523/5163
f 3122/5522/5162 2925/5523/5163 3123/5524/5164
f 3123/5524/5164 2925/5523/5163 2924/5525/5165
f 3123/5524/5164 2924/5525/5165 3124/5526/5166
f 3124/5526/5166 2924/5525/5165 2923/5527/5167
f 3124/5526/5166 2923/5527/5167 2922/5528/5168
f 2922/5528/5168 3125/5529/5169 3124/5526/5166
f 2967/5530/5170 2966/5531/5171 3171/5532/5172
f 3171/5532/5172 2966/5531/5171 3172/5533/5173
f 3172/5533/5173 2966/5531/5171 2965/5534/5174
f 3172/5533/5173 2965/5534/5174 3173/5535/5175
f 3173/5535/5175 2965/5534/5174 2964/5536/5176
f 3173/5535/5175 2964/5536/5176 3174/5537/5177
f 3174/5537/5177 2964/5536/5176 2963/5538/5178
f 3174/5537/5177 2963/5538/5178 3175/5539/5179
f 3175/5539/5179 2963/5538/5178 2962/5540/5180
f 3175/5539/5179 2962/5540/5180 3176/5541/5181
f 3176/5541/5181 2962/5540/5180 2961/5542/5182
f 3176/5541/5181 2961/5542/5182 3177/5543/5183
f 3177/5543/5183 2961/5542/5182 2960/5544/5184
f 3177/5543/5183 2960/5544/5184 3178/5545/5185
f 3178/5545/5185 2960/5544/5184 2959/5546/4914
f 3178/5545/5185 2959/5546/4914 3061/5547/4913
f 2922/5548/5168 3011/5549/5186 3125/5550/5169
f 3125/5550/5169 3011/5549/5186 3126/5551/5187
f 3126/5551/5187 3011/5549/5186 3010/5552/5188
f 3126/5551/5187 3010/5552/5188 3127/5553/5189
f 3127/5553/5189 3010/5552/5188 3009/5554/5190
f 3127/5553/5189 3009/5554/5190 3128/5555/5191
f 3128/5555/5191 3009/5554/5190 3008/5556/5192
f 3128/5555/5191 3008/5556/5192 3129/5557/5193
f 3129/5557/5193 3008/5556/5192 3007/5558/5194
f 3129/5557/5193 3007/5558/5194 3130/5559/5195
f 3130/5559/5195 3007/5558/5194 3006/5560/5196
f 3130/5559/5195 3006/5560/5196 3131/5561/5197
f 3131/5561/5197 3006/5560/5196 3005/5562/5198
f 3131/5561/5197 3005/5562/5198 3132/5563/5199
f 3132/5563/5199 3005/5562/5198 3004/5564/5108
f 3132/5563/5199 3004/5564/5108 3133/5565/5107
f 3146/5566/5120 2991/5567/5119 3147/5568/5200
f 3147/5568/5200 2991/5567/5119 2990/5569/5201
f 3147/5568/5200 2990/5569/5201 3148/5570/5202
f 3148/5570/5202 2990/5569/5201 2989/5571/5203
f 3148/5570/5202 2989/5571/5203 3149/5572/5204
f 3149/5572/5204 2989/5571/5203 2988/5573/5205
f 3149/5572/5204 2988/5573/5205 3150/5574/5206
f 3150/5574/5206 2988/5573/5205 2987/5575/5207
f 3150/5574/5206 2987/5575/5207 3151/5576/5208
f 3151/5576/5208 2987/5575/5207 2986/5577/5209
f 3151/5576/5208 2986/5577/5209 3152/5578/5210
f 3152/5578/5210 2986/5577/5209 2985/5579/5211
f 3152/5578/5210 2985/5579/5211 3153/5580/5212
f 3153/5580/5212 2985/5579/5211 2984/5581/5213
f 3153/5580/5212 2984/5581/5213 3154/5582/5214
f 3154/5582/5214 2984/5581/5213 2983/5583/5215
f 3171/5584/5172 3170/5585/5216 2967/5586/5170
f 2967/5586/5170 3170/5585/5216 2968/5587/5217
f 2968/5587/5217 3170/5585/5216 2969/5588/5218
f 2969/5588/5218 3170/5585/5216 3169/5589/5219
f 2969/5588/5218 3169/5589/5219 2970/5590/5220
f 2970/5590/5220 3169/5589/5219 3168/5591/5221
f 2970/5590/5220 3168/5591/5221 2971/5592/5222
f 2971/5592/5222 3168/5591/5221 3167/5593/5223
f 2971/5592/5222 3167/5593/5223 2972/5594/5224
f 2972/5594/5224 3167/5593/5223 3166/5595/5225
f 2972/5594/5224 3166/5595/5225 2973/5596/5226
f 2973/5596/5226 3166/5595/5225 3165/5597/5227
f 2973/5596/5226 3165/5597/5227 2974/5598/5228
f 2974/5598/5228 3165/5597/5227 3164/5599/5229
f 2974/5598/5228 3164/5599/5229 3163/5600/5230
f 2974/5598/5228 3163/5600/5230 2975/5601/5231
f 2975/5601/5231 3163/5600/5230 3162/5602/5232
f 2975/5601/5231 3162/5602/5232 2976/5603/5233
f 2976/5603/5233 3162/5602/5232 3161/5604/5234
f 2976/5603/5233 3161/5604/5234 3160/5605/5235
f 2976/5603/5233 3160/5605/5235 2977/5606/5236
f 2977/5606/5236 3160/5605/5235 3159/5607/5237
f 2977/5606/5236 3159/5607/5237 2978/5608/5238
f 2978/5608/5238 3159/5607/5237 3158/5609/5239
f 2978/5608/5238 3158/5609/5239 2979/5610/5240
f 2979/5610/5240 3158/5609/5239 3157/5611/5241
f 2979/5610/5240 3157/5611/5241 2980/5612/5242
f 2980/5612/5242 3157/5611/5241 3156/5613/5243
f 2980/5612/5242 3156/5613/5243 2981/5614/5244
f 2981/5614/5244 3156/5613/5243 3155/5615/5245
f 2981/5614/5244 3155/5615/5245 2982/5616/5246
f 2982/5616/5246 3155/5615/5245 2983/5617/5215
f 2983/5617/5215 3155/5615/5245 3154/5618/5214
f 2999/5619/5097 2998/5620/5247 3138/5621/5098
f 3138/5621/5098 2998/5620/5247 3139/5622/5248
f 3139/5622/5248 2998/5620/5247 2997/5623/5249
f 3139/5622/5248 2997/5623/5249 3140/5624/5250
f 3140/5624/5250 2997/5623/5249 3141/5625/5117
f 3141/5625/5117 2997/5623/5249 2996/5626/5118
f 2954/5627/4912 2953/5628/5251 3056/5629/4911
f 3056/5629/4911 2953/5628/5251 3179/5630/5252
f 3179/5630/5252 2953/5628/5251 2952/5631/5253
f 3179/5630/5252 2952/5631/5253 3180/5632/5254
f 3180/5632/5254 2952/5631/5253 3181/5633/5085
f 3181/5633/5085 2952/5631/5253 2951/5634/5086
f 3227/5635/5255 3307/5636/5256 3226/5637/5257
f 3226/5637/5257 3307/5636/5256 3267/5638/5258
f 3226/5639/5257 3267/5640/5258 3266/5641/5259
f 3266/5641/5259 3267/5640/5258 3268/5642/5260
f 3266/5641/5259 3268/5642/5260 3265/5643/5261
f 3265/5643/5261 3268/5642/5260 3269/5644/5262
f 3265/5643/5261 3269/5644/5262 3264/5645/5263
f 3264/5645/5263 3269/5644/5262 3270/5646/5264
f 3264/5645/5263 3270/5646/5264 3263/5647/5265
f 3263/5647/5265 3270/5646/5264 3271/5648/5266
f 3263/5647/5265 3271/5648/5266 3262/5649/5267
f 3262/5649/5267 3271/5648/5266 3272/5650/5268
f 3262/5649/5267 3272/5650/5268 3261/5651/5269
f 3261/5651/5269 3272/5650/5268 3273/5652/5270
f 3261/5651/5269 3273/5652/5270 3260/5653/5271
f 3260/5653/5271 3273/5652/5270 3274/5654/5272
f 3260/5653/5271 3274/5654/5272 3259/5655/5273
f 3259/5655/5273 3274/5654/5272 3275/5656/5274
f 3259/5655/5273 3275/5656/5274 3258/5657/5275
f 3258/5657/5275 3275/5656/5274 3276/5658/5276
f 3258/5657/5275 3276/5658/5276 3257/5659/5277
f 3257/5659/5277 3276/5658/5276 3277/5660/5278
f 3257/5659/5277 3277/5660/5278 3256/5661/5279
f 3256/5661/5279 3277/5660/5278 3278/5662/5280
f 3256/5661/5279 3278/5662/5280 3255/5663/5281
f 3255/5663/5281 3278/5662/5280 3279/5664/5282
f 3255/5663/5281 3279/5664/5282 3254/5665/5283
f 3254/5665/5283 3279/5664/5282 3280/5666/5284
f 3254/5665/5283 3280/5666/5284 3253/5667/5285
f 3253/5667/5285 3280/5666/5284 3281/5668/5286
f 3253/5667/5285 3281/5668/5286 3252/5669/5287
f 3252/5669/5287 3281/5668/5286 3282/5670/5288
f 3252/5669/5287 3282/5670/5288 3251/5671/5289
f 3251/5671/5289 3282/5670/5288 3283/5672/5290
f 3251/5671/5289 3283/5672/5290 3250/5673/5291
f 3250/5673/5291 3283/5672/5290 3284/5674/5292
f 3250/5673/5291 3284/5674/5292 3249/5675/5293
f 3249/5675/5293 3284/5674/5292 3285/5676/5294
f 3249/5675/5293 3285/5676/5294 3248/5677/5295
f 3248/5677/5295 3285/5676/5294 3286/5678/5296
f 3248/5677/5295 3286/5678/5296 3247/5679/5297
f 3247/5679/5297 3286/5678/5296 3287/5680/5298
f 3247/5679/5297 3287/5680/5298 3246/5681/5299
f 3246/5681/5299 3287/5680/5298 3288/5682/5300
f 3246/5681/5299 3288/5682/5300 3245/5683/5301
f 3245/5683/5301 3288/5682/5300 3289/5684/5302
f 3245/5683/5301 3289/5684/5302 3244/5685/5303
f 3244/5685/5303 3289/5684/5302 3290/5686/5304
f 3244/5685/5303 3290/5686/5304 3243/5687/5305
f 3243/5687/5305 3290/5686/5304 3291/5688/5306
f 3243/5687/5305 3291/5688/5306 3242/5689/5307
f 3242/5689/5307 3291/5688/5306 3292/5690/5308
f 3242/5689/5307 3292/5690/5308 3241/5691/5309
f 3241/5691/5309 3292/5690/5308 3293/5692/5310
f 3241/5691/5309 3293/5692/5310 3240/5693/5311
f 3240/5693/5311 3293/5692/5310 3294/5694/5312
f 3240/5693/5311 3294/5694/5312 3239/5695/5313
f 3239/5695/5313 3294/5694/5312 3295/5696/5314
f 3239/5695/5313 3295/5696/5314 3238/5697/5315
f 3238/5697/5315 3295/5696/5314 3296/5698/5316
f 3238/5697/5315 3296/5698/5316 3237/5699/5317
f 3237/5699/5317 3296/5698/5316 3297/5700/5318
f 3237/5699/5317 3297/5700/5318 3236/5701/5319
f 3236/5701/5319 3297/5700/5318 3298/5702/5320
f 3236/5701/5319 3298/5702/5320 3235/5703/5321
f 3235/5703/5321 3298/5702/5320 3299/5704/5322
f 3235/5703/5321 3299/5704/5322 3234/5705/5323
f 3234/5705/5323 3299/5704/5322 3300/5706/5324
f 3234/5705/5323 3300/5706/5324 3233/5707/5325
f 3233/5707/5325 3300/5706/5324 3301/5708/5326
f 3233/5707/5325 3301/5708/5326 3232/5709/5327
f 3232/5709/5327 3301/5708/5326 3302/5710/5328
f 3232/5709/5327 3302/5710/5328 3231/5711/5329
f 3231/5711/5329 3302/5710/5328 3303/5712/5330
f 3231/5711/5329 3303/5712/5330 3230/5713/5331
f 3230/5713/5331 3303/5712/5330 3304/5714/5332
f 3230/5713/5331 3304/5714/5332 3229/5715/5333
f 3229/5715/5333 3304/5714/5332 3305/5716/5334
f 3229/5715/5333 3305/5716/5334 3228/5717/5335
f 3228/5717/5335 3305/5716/5334 3306/5718/5336
f 3228/5717/5335 3306/5718/5336 3227/5635/5255
f 3227/5635/5255 3306/5718/5336 3307/5636/5256
f 2758/5719/5337 2757/5720/5338 3267/5721/5339
f 3267/5721/5339 2757/5720/5338 2801/5722/5340
f 3267/5721/5339 2801/5722/5340 3268/5723/5341
f 3268/5723/5341 2801/5722/5340 2800/5724/5342
f 3268/5723/5341 2800/5724/5342 3269/5725/5343
f 3269/5725/5343 2800/5724/5342 2799/5726/5344
f 3269/5725/5343 2799/5726/5344 3270/5727/5345
f 3270/5727/5345 2799/5726/5344 2798/5728/5346
f 3270/5727/5345 2798/5728/5346 3271/5729/5347
f 3271/5729/5347 2798/5728/5346 2797/5730/5348
f 3271/5729/5347 2797/5730/5348 3272/5731/5349
f 3272/5731/5349 2797/5730/5348 2796/5732/5350
f 3272/5731/5349 2796/5732/5350 3273/5733/5351
f 3273/5733/5351 2796/5732/5350 2795/5734/5352
f 3273/5733/5351 2795/5734/5352 3274/5735/5353
f 3274/5735/5353 2795/5734/5352 2794/5736/5354
f 3274/5735/5353 2794/5736/5354 3275/5737/5355
f 3275/5737/5355 2794/5736/5354 2793/5738/5356
f 3275/5737/5355 2793/5738/5356 3276/5739/5357
f 3276/5739/5357 2793/5738/5356 2792/5740/5358
f 3276/5739/5357 2792/5740/5358 3277/5741/5359
f 3277/5741/5359 2792/5740/5358 2791/5742/5360
f 3277/5741/5359 2791/5742/5360 2790/5743/5361
f 3277/5741/5359 2790/5743/5361 3278/5744/5362
f 3278/5744/5362 2790/5743/5361 2789/5745/5363
f 3278/5744/5362 2789/5745/5363 3279/5746/5364
f 3279/5746/5364 2789/5745/5363 2788/5747/5365
f 3279/5746/5364 2788/5747/5365 3280/5748/5366
f 3280/5748/5366 2788/5747/5365 2787/5749/5367
f 3280/5748/5366 2787/5749/5367 3281/5750/5368
f 3281/5750/5368 2787/5749/5367 2786/5751/5369
f 3281/5750/5368 2786/5751/5369 3282/5752/5370
f 3282/5752/5370 2786/5751/5369 2785/5753/5371
f 3282/5752/5370 2785/5753/5371 3283/5754/5372
f 3283/5754/5372 2785/5753/5371 2784/5755/5373
f 3283/5754/5372 2784/5755/5373 3284/5756/5374
f 3284/5756/5374 2784/5755/5373 2783/5757/5375
f 3284/5756/5374 2783/5757/5375 3285/5758/5376
f 3285/5758/5376 2783/5757/5375 2782/5759/5377
f 3285/5758/5376 2782/5759/5377 3286/5760/5378
f 3286/5760/5378 2782/5759/5377 2781/5761/5379
f 3286/5760/5378 2781/5761/5379 3287/5762/5380
f 3287/5762/5380 2781/5761/5379 2780/5763/5381
f 3287/5762/5380 2780/5763/5381 3288/5764/5382
f 3288/5764/5382 2780/5763/5381 2779/5765/5383
f 3288/5764/5382 2779/5765/5383 2778/5766/5384
f 3288/5764/5382 2778/5766/5384 3289/5767/5385
f 3289/5767/5385 2778/5766/5384 2777/5768/5386
f 3289/5767/5385 2777/5768/5386 3290/5769/5387
f 3290/5769/5387 2777/5768/5386 2776/5770/5388
f 3290/5769/5387 2776/5770/5388 3291/5771/5389
f 3291/5771/5389 2776/5770/5388 2775/5772/5390
f 3291/5771/5389 2775/5772/5390 3292/5773/5391
f 3292/5773/5391 2775/5772/5390 2774/5774/5392
f 3292/5773/5391 2774/5774/5392 3293/5775/5393
f 3293/5775/5393 2774/5774/5392 2773/5776/5394
f 3293/5775/5393 2773/5776/5394 3294/5777/5395
f 3294/5777/5395 2773/5776/5394 2772/5778/5396
f 3294/5777/5395 2772/5778/5396 3295/5779/5397
f 3295/5779/5397 2772/5778/5396 2771/5780/5398
f 3295/5779/5397 2771/5780/5398 3296/5781/5399
f 3296/5781/5399 2771/5780/5398 2770/5782/5400
f 3296/5781/5399 2770/5782/5400 3297/5783/5401
f 3297/5783/5401 2770/5782/5400 2769/5784/5402
f 3297/5783/5401 2769/5784/5402 3298/5785/5403
f 3298/5785/5403 2769/5784/5402 2768/5786/5404
f 3298/5785/5403 2768/5786/5404 2767/5787/5405
f 3298/5785/5403 2767/5787/5405 3299/5788/5406
f 3299/5788/5406 2767/5787/5405 2766/5789/5407
f 3299/5788/5406 2766/5789/5407 3300/5790/5408
f 3300/5790/5408 2766/5789/5407 2765/5791/5409
f 3300/5790/5408 2765/5791/5409 3301/5792/5410
f 3301/5792/5410 2765/5791/5409 2764/5793/5411
f 3301/5792/5410 2764/5793/5411 3302/5794/5412
f 3302/5794/5412 2764/5793/5411 2763/5795/5413
f 3302/5794/5412 2763/5795/5413 3303/5796/5414
f 3303/5796/5414 2763/5795/5413 2762/5797/5415
f 3303/5796/5414 2762/5797/5415 3304/5798/5416
f 3304/5798/5416 2762/5797/5415 2761/5799/5417
f 3304/5798/5416 2761/5799/5417 3305/5800/5418
f 3305/5800/5418 2761/5799/5417 2760/5801/5419
f 3305/5800/5418 2760/5801/5419 3306/5802/5420
f 3306/5802/5420 2760/5801/5419 2759/5803/5421
f 3306/5802/5420 2759/5803/5421 3307/5804/5422
f 3307/5804/5422 2759/5803/5421 2758/5719/5337
f 3307/5804/5422 2758/5719/5337 3267/5721/5339
f 3309/5805/5423 3063/5806/5424 3308/5807/5425
f 3308/5807/5425 3063/5806/5424 3062/5808/5426
f 3308/5809/5425 3062/5810/5426 3353/5811/5427
f 3353/5811/5427 3062/5810/5426 3107/5812/5428
f 3353/5811/5427 3107/5812/5428 3352/5813/5429
f 3352/5813/5429 3107/5812/5428 3106/5814/5430
f 3352/5813/5429 3106/5814/5430 3351/5815/5431
f 3351/5815/5431 3106/5814/5430 3105/5816/5432
f 3351/5815/5431 3105/5816/5432 3350/5817/5433
f 3350/5817/5433 3105/5816/5432 3104/5818/5434
f 3350/5817/5433 3104/5818/5434 3349/5819/5435
f 3349/5819/5435 3104/5818/5434 3103/5820/5436
f 3349/5819/5435 3103/5820/5436 3348/5821/5437
f 3348/5821/5437 3103/5820/5436 3102/5822/5438
f 3348/5821/5437 3102/5822/5438 3347/5823/5439
f 3347/5823/5439 3102/5822/5438 3101/5824/5440
f 3347/5823/5439 3101/5824/5440 3346/5825/5441
f 3346/5825/5441 3101/5824/5440 3100/5826/5442
f 3346/5825/5441 3100/5826/5442 3345/5827/5443
f 3345/5827/5443 3100/5826/5442 3099/5828/5444
f 3345/5827/5443 3099/5828/5444 3344/5829/5445
f 3344/5829/5445 3099/5828/5444 3098/5830/5446
f 3344/5829/5445 3098/5830/5446 3343/5831/5447
f 3343/5831/5447 3098/5830/5446 3097/5832/5448
f 3343/5831/5447 3097/5832/5448 3342/5833/5449
f 3342/5833/5449 3097/5832/5448 3096/5834/5450
f 3342/5833/5449 3096/5834/5450 3341/5835/5451
f 3341/5835/5451 3096/5834/5450 3095/5836/5452
f 3341/5835/5451 3095/5836/5452 3340/5837/5453
f 3340/5837/5453 3095/5836/5452 3094/5838/5454
f 3340/5837/5453 3094/5838/5454 3339/5839/5455
f 3339/5839/5455 3094/5838/5454 3093/5840/5456
f 3339/5839/5455 3093/5840/5456 3338/5841/5457
f 3338/5841/5457 3093/5840/5456 3092/5842/5458
f 3338/5841/5457 3092/5842/5458 3337/5843/5459
f 3337/5843/5459 3092/5842/5458 3091/5844/5460
f 3337/5843/5459 3091/5844/5460 3336/5845/5461
f 3336/5845/5461 3091/5844/5460 3090/5846/5462
f 3336/5845/5461 3090/5846/5462 3335/5847/5463
f 3335/5847/5463 3090/5846/5462 3089/5848/5464
f 3335/5847/5463 3089/5848/5464 3334/5849/5465
f 3334/5849/5465 3089/5848/5464 3088/5850/5466
f 3334/5849/5465 3088/5850/5466 3333/5851/5467
f 3333/5851/5467 3088/5850/5466 3087/5852/5468
f 3333/5851/5467 3087/5852/5468 3332/5853/5469
f 3332/5853/5469 3087/5852/5468 3086/5854/5470
f 3332/5853/5469 3086/5854/5470 3331/5855/5471
f 3331/5855/5471 3086/5854/5470 3085/5856/5472
f 3331/5855/5471 3085/5856/5472 3330/5857/5473
f 3330/5857/5473 3085/5856/5472 3084/5858/5474
f 3330/5857/5473 3084/5858/5474 3329/5859/5475
f 3329/5859/5475 3084/5858/5474 3083/5860/5476
f 3329/5859/5475 3083/5860/5476 3328/5861/5477
f 3328/5861/5477 3083/5860/5476 3082/5862/5478
f 3328/5861/5477 3082/5862/5478 3327/5863/5479
f 3327/5863/5479 3082/5862/5478 3081/5864/5480
f 3327/5863/5479 3081/5864/5480 3326/5865/5481
f 3326/5865/5481 3081/5864/5480 3080/5866/5482
f 3326/5865/5481 3080/5866/5482 3325/5867/5483
f 3325/5867/5483 3080/5866/5482 3079/5868/5484
f 3325/5867/5483 3079/5868/5484 3324/5869/5485
f 3324/5869/5485 3079/5868/5484 3078/5870/5486
f 3324/5869/5485 3078/5870/5486 3323/5871/5487
f 3323/5871/5487 3078/5870/5486 3077/5872/5488
f 3323/5871/5487 3077/5872/5488 3322/5873/5489
f 3322/5873/5489 3077/5872/5488 3076/5874/5490
f 3322/5873/5489 3076/5874/5490 3321/5875/5491
f 3321/5875/5491 3076/5874/5490 3075/5876/5492
f 3321/5875/5491 3075/5876/5492 3320/5877/5493
f 3320/5877/5493 3075/5876/5492 3074/5878/5494
f 3320/5877/5493 3074/5878/5494 3319/5879/5495
f 3319/5879/5495 3074/5878/5494 3073/5880/5496
f 3319/5879/5495 3073/5880/5496 3318/5881/5497
f 3318/5881/5497 3073/5880/5496 3072/5882/5498
f 3318/5881/5497 3072/5882/5498 3317/5883/5499
f 3317/5883/5499 3072/5882/5498 3071/5884/5500
f 3317/5883/5499 3071/5884/5500 3316/5885/5501
f 3316/5885/5501 3071/5884/5500 3070/5886/5502
f 3316/5885/5501 3070/5886/5502 3315/5887/5503
f 3315/5887/5503 3070/5886/5502 3069/5888/5504
f 3315/5887/5503 3069/5888/5504 3314/5889/5505
f 3314/5889/5505 3069/5888/5504 3068/5890/5506
f 3314/5889/5505 3068/5890/5506 3313/5891/5507
f 3313/5891/5507 3068/5890/5506 3067/5892/5508
f 3313/5891/5507 3067/5892/5508 3312/5893/5509
f 3312/5893/5509 3067/5892/5508 3066/5894/5510
f 3312/5893/5509 3066/5894/5510 3311/5895/5511
f 3311/5895/5511 3066/5894/5510 3065/5896/5512
f 3311/5895/5511 3065/5896/5512 3310/5897/5513
f 3310/5897/5513 3065/5896/5512 3064/5898/5514
f 3310/5897/5513 3064/5898/5514 3309/5805/5423
f 3309/5805/5423 3064/5898/5514 3063/5806/5424
f 3309/5899/5515 3308/5900/5516 3226/5901/5517
f 3226/5901/5517 3308/5900/5516 3353/5902/5518
f 3226/5901/5517 3353/5902/5518 3227/5903/5519
f 3227/5903/5519 3353/5902/5518 3352/5904/5520
f 3227/5903/5519 3352/5904/5520 3228/5905/5521
f 3228/5905/5521 3352/5904/5520 3351/5906/5522
f 3228/5905/5521 3351/5906/5522 3229/5907/5523
f 3229/5907/5523 3351/5906/5522 3350/5908/5524
f 3229/5907/5523 3350/5908/5524 3230/5909/5525
f 3230/5909/5525 3350/5908/5524 3349/5910/5526
f 3230/5909/5525 3349/5910/5526 3231/5911/5527
f 3231/5911/5527 3349/5910/5526 3348/5912/5528
f 3231/5911/5527 3348/5912/5528 3232/5913/5529
f 3232/5913/5529 3348/5912/5528 3347/5914/5530
f 3232/5913/5529 3347/5914/5530 3233/5915/5531
f 3233/5915/5531 3347/5914/5530 3346/5916/5532
f 3233/5915/5531 3346/5916/5532 3234/5917/5533
f 3234/5917/5533 3346/5916/5532 3345/5918/5534
f 3234/5917/5533 3345/5918/5534 3344/5919/5535
f 3234/5917/5533 3344/5919/5535 3235/5920/5536
f 3235/5920/5536 3344/5919/5535 3343/5921/5537
f 3235/5920/5536 3343/5921/5537 3236/5922/5538
f 3236/5922/5538 3343/5921/5537 3342/5923/5539
f 3236/5922/5538 3342/5923/5539 3237/5924/5540
f 3237/5924/5540 3342/5923/5539 3341/5925/5541
f 3237/5924/5540 3341/5925/5541 3238/5926/5542
f 3238/5926/5542 3341/5925/5541 3340/5927/5543
f 3238/5926/5542 3340/5927/5543 3239/5928/5544
f 3239/5928/5544 3340/5927/5543 3339/5929/5545
f 3239/5928/5544 3339/5929/5545 3240/5930/5546
f 3240/5930/5546 3339/5929/5545 3338/5931/5547
f 3240/5930/5546 3338/5931/5547 3241/5932/5548
f 3241/5932/5548 3338/5931/5547 3337/5933/5549
f 3241/5932/5548 3337/5933/5549 3242/5934/5550
f 3242/5934/5550 3337/5933/5549 3336/5935/5551
f 3242/5934/5550 3336/5935/5551 3335/5936/5552
f 3242/5934/5550 3335/5936/5552 3243/5937/5553
f 3243/5937/5553 3335/5936/5552 3334/5938/5554
f 3243/5937/5553 3334/5938/5554 3244/5939/5555
f 3244/5939/5555 3334/5938/5554 3333/5940/5556
f 3244/5939/5555 3333/5940/5556 3245/5941/5557
f 3245/5941/5557 3333/5940/5556 3332/5942/5558
f 3245/5941/5557 3332/5942/5558 3246/5943/5559
f 3246/5943/5559 3332/5942/5558 3331/5944/5560
f 3246/5943/5559 3331/5944/5560 3247/5945/5561
f 3247/5945/5561 3331/5944/5560 3330/5946/5562
f 3247/5945/5561 3330/5946/5562 3248/5947/5563
f 3248/5947/5563 3330/5946/5562 3329/5948/5564
f 3248/5947/5563 3329/5948/5564 3249/5949/5565
f 3249/5949/5565 3329/5948/5564 3328/5950/5566
f 3249/5949/5565 3328/5950/5566 3250/5951/5567
f 3250/5951/5567 3328/5950/5566 3327/5952/5568
f 3250/5951/5567 3327/5952/5568 3251/5953/5569
f 3251/5953/5569 3327/5952/5568 3326/5954/5570
f 3251/5953/5569 3326/5954/5570 3325/5955/5571
f 3251/5953/5569 3325/5955/5571 3252/5956/5572
f 3252/5956/5572 3325/5955/5571 3324/5957/5573
f 3252/5956/5572 3324/5957/5573 3253/5958/5574
f 3253/5958/5574 3324/5957/5573 3323/5959/5575
f 3253/5958/5574 3323/5959/5575 3254/5960/5576
f 3254/5960/5576 3323/5959/5575 3322/5961/5577
f 3254/5960/5576 3322/5961/5577 3255/5962/5578
f 3255/5962/5578 3322/5961/5577 3321/5963/5579
f 3255/5962/5578 3321/5963/5579 3256/5964/5580
f 3256/5964/5580 3321/5963/5579 3320/5965/5581
f 3256/5964/5580 3320/5965/5581 3257/5966/5582
f 3257/5966/5582 3320/5965/5581 3319/5967/5583
f 3257/5966/5582 3319/5967/5583 3258/5968/5584
f 3258/5968/5584 3319/5967/5583 3318/5969/5585
f 3258/5968/5584 3318/5969/5585 3259/5970/5586
f 3259/5970/5586 3318/5969/5585 3317/5971/5587
f 3259/5970/5586 3317/5971/5587 3316/5972/5588
f 3259/5970/5586 3316/5972/5588 3260/5973/5589
f 3260/5973/5589 3316/5972/5588 3315/5974/5590
f 3260/5973/5589 3315/5974/5590 3261/5975/5591
f 3261/5975/5591 3315/5974/5590 3314/5976/5592
f 3261/5975/5591 3314/5976/5592 3262/5977/5593
f 3262/5977/5593 3314/5976/5592 3313/5978/5594
f 3262/5977/5593 3313/5978/5594 3263/5979/5595
f 3263/5979/5595 3313/5978/5594 3312/5980/5596
f 3263/5979/5595 3312/5980/5596 3264/5981/5597
f 3264/5981/5597 3312/5980/5596 3311/5982/5598
f 3264/5981/5597 3311/5982/5598 3265/5983/5599
f 3265/5983/5599 3311/5982/5598 3310/5984/5600
f 3265/5983/5599 3310/5984/5600 3266/5985/5601
f 3266/5985/5601 3310/5984/5600 3309/5899/5515
f 3266/5985/5601 3309/5899/5515 3226/5901/5517
f 3043/5986/5602 3042/5987/5603 3354/5988/5604
f 3354/5988/5604 3042/5987/5603 3055/5989/5605
f 3354/5988/5604 3055/5989/5605 3365/5990/5606
f 3365/5990/5606 3055/5989/5605 3054/5991/5607
f 3365/5990/5606 3054/5991/5607 3364/5992/5608
f 3364/5992/5608 3054/5991/5607 3053/5993/5609
f 3364/5992/5608 3053/5993/5609 3363/5994/5610
f 3363/5994/5610 3053/5993/5609 3052/5995/5611
f 3363/5994/5610 3052/5995/5611 3362/5996/5612
f 3362/5996/5612 3052/5995/5611 3051/5997/5613
f 3362/5996/5612 3051/5997/5613 3361/5998/5614
f 3361/5998/5614 3051/5997/5613 3050/5999/5615
f 3361/5998/5614 3050/5999/5615 3360/6000/5616
f 3360/6000/5616 3050/5999/5615 3049/6001/5617
f 3360/6000/5616 3049/6001/5617 3048/6002/5618
f 3360/6000/5616 3048/6002/5618 3359/6003/5619
f 3359/6003/5619 3048/6002/5618 3047/6004/5620
f 3359/6003/5619 3047/6004/5620 3358/6005/5621
f 3358/6005/5621 3047/6004/5620 3046/6006/5622
f 3358/6005/5621 3046/6006/5622 3357/6007/5623
f 3357/6007/5623 3046/6006/5622 3045/6008/5624
f 3357/6007/5623 3045/6008/5624 3356/6009/5625
f 3356/6009/5625 3045/6008/5624 3044/6010/5626
f 3356/6009/5625 3044/6010/5626 3355/6011/5627
f 3355/6011/5627 3044/6010/5626 3043/5986/5602
f 3355/6011/5627 3043/5986/5602 3354/5988/5604
f 3367/6012/5628 3355/6013/5629 3366/6014/5630
f 3366/6014/5630 3355/6013/5629 3354/6015/5631
f 3366/6016/5630 3354/6017/5631 3377/6018/5632
f 3377/6018/5632 3354/6017/5631 3365/6019/5633
f 3377/6018/5632 3365/6019/5633 3376/6020/5634
f 3376/6020/5634 3365/6019/5633 3364/6021/5635
f 3376/6020/5634 3364/6021/5635 3375/6022/5636
f 3375/6022/5636 3364/6021/5635 3363/6023/5637
f 3375/6022/5636 3363/6023/5637 3374/6024/5638
f 3374/6024/5638 3363/6023/5637 3362/6025/5639
f 3374/6024/5638 3362/6025/5639 3373/6026/5640
f 3373/6026/5640 3362/6025/5639 3361/6027/5641
f 3373/6026/5640 3361/6027/5641 3372/6028/5642
f 3372/6028/5642 3361/6027/5641 3360/6029/5643
f 3372/6028/5642 3360/6029/5643 3371/6030/5644
f 3371/6030/5644 3360/6029/5643 3359/6031/5645
f 3371/6030/5644 3359/6031/5645 3370/6032/5646
f 3370/6032/5646 3359/6031/5645 3358/6033/5647
f 3370/6032/5646 3358/6033/5647 3369/6034/5648
f 3369/6034/5648 3358/6033/5647 3357/6035/5649
f 3369/6034/5648 3357/6035/5649 3368/6036/5650
f 3368/6036/5650 3357/6035/5649 3356/6037/5651
f 3368/6036/5650 3356/6037/5651 3367/6012/5628
f 3367/6012/5628 3356/6037/5651 3355/6013/5629
f 3195/6038/5652 3194/6039/5653 3366/6040/5654
f 3366/6041/5654 3194/6042/5653 3209/6043/5655
f 3366/6041/5654 3209/6043/5655 3367/6044/5656
f 3367/6044/5656 3209/6043/5655 3208/6045/5657
f 3367/6044/5656 3208/6045/5657 3368/6046/5658
f 3368/6046/5658 3208/6045/5657 3207/6047/5659
f 3368/6046/5658 3207/6047/5659 3369/6048/5660
f 3369/6048/5660 3207/6047/5659 3206/6049/5661
f 3369/6048/5660 3206/6049/5661 3205/6050/5662
f 3369/6048/5660 3205/6050/5662 3370/6051/5663
f 3370/6051/5663 3205/6050/5662 3204/6052/5664
f 3370/6051/5663 3204/6052/5664 3371/6053/5665
f 3371/6053/5665 3204/6052/5664 3203/6054/5666
f 3371/6053/5665 3203/6054/5666 3372/6055/5667
f 3372/6055/5667 3203/6054/5666 3202/6056/5668
f 3372/6055/5667 3202/6056/5668 3201/6057/5669
f 3372/6055/5667 3201/6057/5669 3373/6058/5670
f 3373/6058/5670 3201/6057/5669 3200/6059/5671
f 3373/6058/5670 3200/6059/5671 3374/6060/5672
f 3374/6060/5672 3200/6059/5671 3199/6061/5673
f 3374/6060/5672 3199/6061/5673 3375/6062/5674
f 3375/6062/5674 3199/6061/5673 3198/6063/5675
f 3375/6062/5674 3198/6063/5675 3197/6064/5676
f 3375/6062/5674 3197/6064/5676 3376/6065/5677
f 3376/6065/5677 3197/6064/5676 3196/6066/5678
f 3376/6065/5677 3196/6066/5678 3377/6067/5679
f 3377/6067/5679 3196/6066/5678 3195/6038/5652
f 3377/6067/5679 3195/6038/5652 3366/6040/5654
f 3391/6068/5680 3378/6069/5681 3392/6070/5682
f 3392/6070/5682 3378/6069/5681 3379/6071/5683
f 3392/6070/5682 3379/6071/5683 3403/6072/5684
f 3403/6072/5684 3379/6071/5683 3380/6073/5685
f 3403/6072/5684 3380/6073/5685 3402/6074/5686
f 3402/6074/5686 3380/6073/5685 3381/6075/5687
f 3402/6074/5686 3381/6075/5687 3401/6076/5688
f 3401/6076/5688 3381/6075/5687 3382/6077/5689
f 3401/6076/5688 3382/6077/5689 3400/6078/5690
f 3400/6078/5690 3382/6077/5689 3383/6079/5691
f 3400/6078/5690 3383/6079/5691 3399/6080/5692
f 3399/6080/5692 3383/6079/5691 3384/6081/5693
f 3399/6080/5692 3384/6081/5693 3398/6082/5694
f 3398/6082/5694 3384/6081/5693 3385/6083/5695
f 3398/6082/5694 3385/6083/5695 3386/6084/5696
f 3398/6082/5694 3386/6084/5696 3397/6085/5697
f 3397/6085/5697 3386/6084/5696 3387/6086/5698
f 3397/6085/5697 3387/6086/5698 3396/6087/5699
f 3396/6087/5699 3387/6086/5698 3388/6088/5700
f 3396/6087/5699 3388/6088/5700 3395/6089/5701
f 3395/6089/5701 3388/6088/5700 3389/6090/5702
f 3395/6089/5701 3389/6090/5702 3394/6091/5703
f 3394/6091/5703 3389/6090/5702 3390/6092/5704
f 3394/6091/5703 3390/6092/5704 3393/6093/5705
f 3393/6093/5705 3390/6092/5704 3391/6068/5680
f 3393/6093/5705 3391/6068/5680 3392/6070/5682
f 3391/6094/5706 2914/6095/5707 3378/6096/5708
f 3378/6096/5708 2914/6095/5707 2913/6097/5709
f 3378/6098/5708 2913/6099/5709 2912/6100/5710
f 2914/6095/5707 3391/6094/5706 2915/6101/5711
f 2915/6101/5711 3391/6094/5706 3390/6102/5712
f 2915/6101/5711 3390/6102/5712 2916/6103/5713
f 2916/6103/5713 3390/6102/5712 3389/6104/5714
f 2916/6103/5713 3389/6104/5714 2917/6105/5715
f 2917/6105/5715 3389/6104/5714 3388/6106/5716
f 2917/6105/5715 3388/6106/5716 2918/6107/5717
f 2918/6107/5717 3388/6106/5716 3387/6108/5718
f 2918/6107/5717 3387/6108/5718 2919/6109/5719
f 2919/6109/5719 3387/6108/5718 2920/6110/5720
f 2920/6110/5720 3387/6108/5718 3386/6111/5721
f 2920/6110/5720 3386/6111/5721 2921/6112/5722
f 2921/6112/5722 3386/6111/5721 3012/6113/5723
f 3012/6113/5723 3386/6111/5721 3385/6114/5724
f 3012/6113/5723 3385/6114/5724 3013/6115/5725
f 3013/6115/5725 3385/6114/5724 3014/6116/5726
f 3014/6116/5726 3385/6114/5724 3015/6117/5727
f 3015/6117/5727 3385/6114/5724 3384/6118/5728
f 3015/6117/5727 3384/6118/5728 2906/6119/5729
f 2906/6119/5729 3384/6118/5728 3383/6120/5730
f 2906/6119/5729 3383/6120/5730 2907/6121/5731
f 2907/6121/5731 3383/6120/5730 2908/6122/5732
f 2908/6122/5732 3383/6120/5730 3382/6123/5733
f 2908/6122/5732 3382/6123/5733 2909/6124/5734
f 2909/6124/5734 3382/6123/5733 3381/6125/5735
f 2909/6124/5734 3381/6125/5735 2910/6126/5736
f 2910/6126/5736 3381/6125/5735 3380/6127/5737
f 2910/6126/5736 3380/6127/5737 2911/6128/5738
f 2911/6128/5738 3380/6127/5737 3379/6129/5739
f 2911/6128/5738 3379/6129/5739 2912/6100/5710
f 2912/6100/5710 3379/6129/5739 3378/6098/5708
f 2906/6119/5729 2905/6130/5740 3015/6117/5727
f 3403/6131/5741 3415/6132/5742 3392/6133/5743
f 3392/6133/5743 3415/6132/5742 3404/6134/5744
f 3392/6135/5743 3404/6136/5744 3393/6137/5745
f 3393/6137/5745 3404/6136/5744 3405/6138/5746
f 3393/6137/5745 3405/6138/5746 3394/6139/5747
f 3394/6139/5747 3405/6138/5746 3406/6140/5748
f 3394/6139/5747 3406/6140/5748 3395/6141/5749
f 3395/6141/5749 3406/6140/5748 3407/6142/5750
f 3395/6141/5749 3407/6142/5750 3396/6143/5751
f 3396/6143/5751 3407/6142/5750 3408/6144/5752
f 3396/6143/5751 3408/6144/5752 3397/6145/5753
f 3397/6145/5753 3408/6144/5752 3409/6146/5754
f 3397/6145/5753 3409/6146/5754 3398/6147/5755
f 3398/6147/5755 3409/6146/5754 3410/6148/5756
f 3398/6147/5755 3410/6148/5756 3399/6149/5757
f 3399/6149/5757 3410/6148/5756 3411/6150/5758
f 3399/6149/5757 3411/6150/5758 3400/6151/5759
f 3400/6151/5759 3411/6150/5758 3412/6152/5760
f 3400/6151/5759 3412/6152/5760 3401/6153/5761
f 3401/6153/5761 3412/6152/5760 3413/6154/5762
f 3401/6153/5761 3413/6154/5762 3402/6155/5763
f 3402/6155/5763 3413/6154/5762 3414/6156/5764
f 3402/6155/5763 3414/6156/5764 3403/6131/5741
f 3403/6131/5741 3414/6156/5764 3415/6132/5742
f 3415/6157/5765 3211/6158/5766 3404/6159/5767
f 3404/6159/5767 3211/6158/5766 3210/6160/5768
f 3404/6161/5767 3210/6162/5768 3225/6163/5769
f 3211/6158/5766 3415/6157/5765 3212/6164/5770
f 3212/6164/5770 3415/6157/5765 3414/6165/5771
f 3212/6164/5770 3414/6165/5771 3213/6166/5772
f 3213/6166/5772 3414/6165/5771 3413/6167/5773
f 3213/6166/5772 3413/6167/5773 3214/6168/5774
f 3214/6168/5774 3413/6167/5773 3215/6169/5775
f 3215/6169/5775 3413/6167/5773 3412/6170/5776
f 3215/6169/5775 3412/6170/5776 3216/6171/5777
f 3216/6171/5777 3412/6170/5776 3411/6172/5778
f 3216/6171/5777 3411/6172/5778 3217/6173/5779
f 3217/6173/5779 3411/6172/5778 3410/6174/5780
f 3217/6173/5779 3410/6174/5780 3218/6175/5781
f 3218/6175/5781 3410/6174/5780 3219/6176/5782
f 3219/6176/5782 3410/6174/5780 3409/6177/5783
f 3219/6176/5782 3409/6177/5783 3220/6178/5784
f 3220/6178/5784 3409/6177/5783 3408/6179/5785
f 3220/6178/5784 3408/6179/5785 3221/6180/5786
f 3221/6180/5786 3408/6179/5785 3407/6181/5787
f 3221/6180/5786 3407/6181/5787 3222/6182/5788
f 3222/6182/5788 3407/6181/5787 3223/6183/5789
f 3223/6183/5789 3407/6181/5787 3406/6184/5790
f 3223/6183/5789 3406/6184/5790 3224/6185/5791
f 3224/6185/5791 3406/6184/5790 3405/6186/5792
f 3224/6185/5791 3405/6186/5792 3225/6163/5769
f 3225/6163/5769 3405/6186/5792 3404/6161/5767
g 实体4

v 32.982600 -0.000000 782.700873
v 32.676329 -4.477513 782.700873
v 31.763224 -8.871619 782.700873
v 30.260292 -13.100464 782.700873
v 28.195531 -17.085271 782.700873
v 25.607404 -20.751812 782.700873
v 22.544122 -24.031786 782.700873
v 19.062748 -26.864094 782.700873
v 15.228134 -29.195974 782.700873
v 11.111712 -30.983989 782.700873
v 6.790163 -32.194830 782.700873
v 2.343988 -32.805943 782.700873
v -2.143988 -32.805943 782.700873
v -6.590163 -32.194830 782.700873
v -10.911712 -30.983989 782.700873
v -15.028134 -29.195974 782.700873
v -18.862748 -26.864094 782.700873
v -22.344122 -24.031786 782.700873
v -25.407404 -20.751812 782.700873
v -27.995531 -17.085271 782.700873
v -30.060292 -13.100464 782.700873
v -31.563224 -8.871619 782.700873
v -32.476329 -4.477513 782.700873
v -32.782600 -0.000000 782.700873
v -32.476329 4.477513 782.700873
v -31.563224 8.871619 782.700873
v -30.060292 13.100464 782.700873
v -27.995531 17.085271 782.700873
v -25.407404 20.751812 782.700873
v -22.344122 24.031786 782.700873
v -18.862748 26.864094 782.700873
v -15.028134 29.195974 782.700873
v -10.911712 30.983989 782.700873
v -6.590163 32.194830 782.700873
v -2.143988 32.805943 782.700873
v 2.343988 32.805943 782.700873
v 6.790163 32.194830 782.700873
v 11.111712 30.983989 782.700873
v 15.228134 29.195974 782.700873
v 19.062748 26.864094 782.700873
v 22.544122 24.031786 782.700873
v 25.607404 20.751812 782.700873
v 28.195531 17.085271 782.700873
v 30.260292 13.100464 782.700873
v 31.763224 8.871619 782.700873
v 32.676329 4.477513 782.700873
v 33.026234 -0.000000 777.700873
v 32.719557 4.483455 777.700873
v 31.805240 8.883392 777.700873
v 30.300314 13.117847 777.700873
v 28.232813 17.107943 777.700873
v 25.641251 20.779349 777.700873
v 22.573904 24.063676 777.700873
v 19.087911 26.899742 777.700873
v 15.248209 29.234716 777.700873
v 11.126324 31.025104 777.700873
v 6.799040 32.237552 777.700873
v 2.346966 32.849475 777.700873
v -2.146966 32.849475 777.700873
v -6.599040 32.237552 777.700873
v -10.926324 31.025104 777.700873
v -15.048209 29.234716 777.700873
v -18.887911 26.899742 777.700873
v -22.373904 24.063676 777.700873
v -25.441251 20.779349 777.700873
v -28.032813 17.107943 777.700873
v -30.100314 13.117847 777.700873
v -31.605240 8.883392 777.700873
v -32.519557 4.483455 777.700873
v -32.826234 -0.000000 777.700873
v -32.519557 -4.483455 777.700873
v -31.605240 -8.883392 777.700873
v -30.100314 -13.117847 777.700873
v -28.032813 -17.107943 777.700873
v -25.441251 -20.779349 777.700873
v -22.373904 -24.063676 777.700873
v -18.887911 -26.899742 777.700873
v -15.048209 -29.234716 777.700873
v -10.926324 -31.025104 777.700873
v -6.599040 -32.237552 777.700873
v -2.146966 -32.849475 777.700873
v 2.346966 -32.849475 777.700873
v 6.799040 -32.237552 777.700873
v 11.126324 -31.025104 777.700873
v 15.248209 -29.234716 777.700873
v 19.087911 -26.899742 777.700873
v 22.573904 -24.063676 777.700873
v 25.641251 -20.779349 777.700873
v 28.232813 -17.107943 777.700873
v 30.300314 -13.117847 777.700873
v 31.805240 -8.883392 777.700873
v 32.719557 -4.483455 777.700873
vt 3.300126 -9.887783 0.000000
vt 2.800107 -9.887783 0.000000
vt 3.300126 -10.337227 0.000000
vt 2.800107 -10.337227 0.000000
vt 3.300126 10.337227 0.000000
vt 2.800107 10.337227 0.000000
vt 3.300126 9.887783 0.000000
vt 2.800107 9.887783 0.000000
vt 3.300126 9.438338 0.000000
vt 2.800107 9.438338 0.000000
vt 3.300126 8.988893 0.000000
vt 2.800107 8.988893 0.000000
vt 3.300126 8.539449 0.000000
vt 2.800107 8.539449 0.000000
vt 3.300126 8.090004 0.000000
vt 2.800107 8.090004 0.000000
vt 3.300126 7.640559 0.000000
vt 2.800107 7.640559 0.000000
vt 3.300126 7.191115 0.000000
vt 2.800107 7.191115 0.000000
vt 3.300126 6.741670 0.000000
vt 2.800107 6.741670 0.000000
vt 3.300126 6.292225 0.000000
vt 2.800107 6.292225 0.000000
vt 3.300126 5.842781 0.000000
vt 2.800107 5.842781 0.000000
vt 3.300126 5.393336 0.000000
vt 2.800107 5.393336 0.000000
vt 3.300126 4.943891 0.000000
vt 2.800107 4.943891 0.000000
vt 3.300126 4.494447 0.000000
vt 2.800107 4.494447 0.000000
vt 3.300126 4.045002 0.000000
vt 2.800107 4.045002 0.000000
vt 3.300126 3.595557 0.000000
vt 2.800107 3.595557 0.000000
vt 3.300126 3.146113 0.000000
vt 2.800107 3.146113 0.000000
vt 3.300126 2.696668 0.000000
vt 2.800107 2.696668 0.000000
vt 3.300126 2.247223 0.000000
vt 2.800107 2.247223 0.000000
vt 3.300126 1.797779 0.000000
vt 2.800107 1.797779 0.000000
vt 3.300126 1.348334 0.000000
vt 2.800107 1.348334 0.000000
vt 3.300126 0.898889 0.000000
vt 2.800107 0.898889 0.000000
vt 3.300126 0.449445 0.000000
vt 2.800107 0.449445 0.000000
vt 3.300126 0.000000 0.000000
vt 2.800107 -0.000000 0.000000
vt 3.300126 -0.449445 0.000000
vt 2.800107 -0.449445 0.000000
vt 3.300126 -0.898889 0.000000
vt 2.800107 -0.898889 0.000000
vt 3.300126 -1.348334 0.000000
vt 2.800107 -1.348334 0.000000
vt 3.300126 -1.797779 0.000000
vt 2.800107 -1.797779 0.000000
vt 3.300126 -2.247223 0.000000
vt 2.800107 -2.247223 0.000000
vt 3.300126 -2.696668 0.000000
vt 2.800107 -2.696668 0.000000
vt 3.300126 -3.146113 0.000000
vt 2.800107 -3.146113 0.000000
vt 3.300126 -3.595557 0.000000
vt 2.800107 -3.595557 0.000000
vt 3.300126 -4.045002 0.000000
vt 2.800107 -4.045002 0.000000
vt 3.300126 -4.494447 0.000000
vt 2.800107 -4.494447 0.000000
vt 3.300126 -4.943891 0.000000
vt 2.800107 -4.943891 0.000000
vt 3.300126 -5.393336 0.000000
vt 2.800107 -5.393336 0.000000
vt 3.300126 -5.842781 0.000000
vt 2.800107 -5.842781 0.000000
vt 3.300126 -6.292225 0.000000
vt 2.800107 -6.292225 0.000000
vt 3.300126 -6.741670 0.000000
vt 2.800107 -6.741670 0.000000
vt 3.300126 -7.191115 0.000000
vt 2.800107 -7.191115 0.000000
vt 3.300126 -7.640559 0.000000
vt 2.800107 -7.640559 0.000000
vt 3.300126 -8.090004 0.000000
vt 2.800107 -8.090004 0.000000
vt 3.300126 -8.539449 0.000000
vt 2.800107 -8.539449 0.000000
vt 3.300126 -8.988893 0.000000
vt 2.800107 -8.988893 0.000000
vt 3.300126 -9.438338 0.000000
vt 2.800107 -9.438338 0.000000
vn 0.099065 -0.013616 0.000873
vn 0.099065 -0.013616 0.000873
vn 0.099996 0.000000 0.000873
vn 0.099996 0.000000 0.000873
vn 0.099065 0.013616 0.000873
vn 0.099065 0.013616 0.000873
vn 0.096288 0.026979 0.000873
vn 0.096288 0.026979 0.000873
vn 0.091718 0.039839 0.000873
vn 0.091718 0.039839 0.000873
vn 0.085439 0.051956 0.000873
vn 0.085439 0.051956 0.000873
vn 0.077568 0.063106 0.000873
vn 0.077568 0.063106 0.000873
vn 0.068253 0.073081 0.000873
vn 0.068253 0.073081 0.000873
vn 0.057666 0.081694 0.000873
vn 0.057666 0.081694 0.000873
vn 0.046005 0.088785 0.000873
vn 0.046005 0.088785 0.000873
vn 0.033487 0.094223 0.000873
vn 0.033487 0.094223 0.000873
vn 0.020345 0.097905 0.000873
vn 0.020345 0.097905 0.000873
vn 0.006824 0.099763 0.000873
vn 0.006824 0.099763 0.000873
vn -0.006824 0.099763 0.000873
vn -0.006824 0.099763 0.000873
vn -0.020345 0.097905 0.000873
vn -0.020345 0.097905 0.000873
vn -0.033487 0.094223 0.000873
vn -0.033487 0.094223 0.000873
vn -0.046005 0.088785 0.000873
vn -0.046005 0.088785 0.000873
vn -0.057666 0.081694 0.000873
vn -0.057666 0.081694 0.000873
vn -0.068253 0.073081 0.000873
vn -0.068253 0.073081 0.000873
vn -0.077568 0.063106 0.000873
vn -0.077568 0.063106 0.000873
vn -0.085439 0.051956 0.000873
vn -0.085439 0.051956 0.000873
vn -0.091718 0.039839 0.000873
vn -0.091718 0.039839 0.000873
vn -0.096288 0.026979 0.000873
vn -0.096288 0.026979 0.000873
vn -0.099065 0.013616 0.000873
vn -0.099065 0.013616 0.000873
vn -0.099996 -0.000000 0.000873
vn -0.099996 -0.000000 0.000873
vn -0.099065 -0.013616 0.000873
vn -0.099065 -0.013616 0.000873
vn -0.096288 -0.026979 0.000873
vn -0.096288 -0.026979 0.000873
vn -0.091718 -0.039839 0.000873
vn -0.091718 -0.039839 0.000873
vn -0.085439 -0.051956 0.000873
vn -0.085439 -0.051956 0.000873
vn -0.077568 -0.063106 0.000873
vn -0.077568 -0.063106 0.000873
vn -0.068253 -0.073081 0.000873
vn -0.068253 -0.073081 0.000873
vn -0.057666 -0.081694 0.000873
vn -0.057666 -0.081694 0.000873
vn -0.046005 -0.088785 0.000873
vn -0.046005 -0.088785 0.000873
vn -0.033487 -0.094223 0.000873
vn -0.033487 -0.094223 0.000873
vn -0.020345 -0.097905 0.000873
vn -0.020345 -0.097905 0.000873
vn -0.006824 -0.099763 0.000873
vn -0.006824 -0.099763 0.000873
vn 0.006824 -0.099763 0.000873
vn 0.006824 -0.099763 0.000873
vn 0.020345 -0.097905 0.000873
vn 0.020345 -0.097905 0.000873
vn 0.033487 -0.094223 0.000873
vn 0.033487 -0.094223 0.000873
vn 0.046005 -0.088785 0.000873
vn 0.046005 -0.088785 0.000873
vn 0.057666 -0.081694 0.000873
vn 0.057666 -0.081694 0.000873
vn 0.068253 -0.073081 0.000873
vn 0.068253 -0.073081 0.000873
vn 0.077568 -0.063106 0.000873
vn 0.077568 -0.063106 0.000873
vn 0.085439 -0.051956 0.000873
vn 0.085439 -0.051956 0.000873
vn 0.091718 -0.039839 0.000873
vn 0.091718 -0.039839 0.000873
vn 0.096288 -0.026979 0.000873
vn 0.096288 -0.026979 0.000873
usemtl Opaque(226,23,23)
f 3417/6187/5793 3507/6188/5794 3416/6189/5795
f 3416/6189/5795 3507/6188/5794 3462/6190/5796
f 3416/6191/5795 3462/6192/5796 3461/6193/5797
f 3461/6193/5797 3462/6192/5796 3463/6194/5798
f 3461/6193/5797 3463/6194/5798 3460/6195/5799
f 3460/6195/5799 3463/6194/5798 3464/6196/5800
f 3460/6195/5799 3464/6196/5800 3459/6197/5801
f 3459/6197/5801 3464/6196/5800 3465/6198/5802
f 3459/6197/5801 3465/6198/5802 3458/6199/5803
f 3458/6199/5803 3465/6198/5802 3466/6200/5804
f 3458/6199/5803 3466/6200/5804 3457/6201/5805
f 3457/6201/5805 3466/6200/5804 3467/6202/5806
f 3457/6201/5805 3467/6202/5806 3456/6203/5807
f 3456/6203/5807 3467/6202/5806 3468/6204/5808
f 3456/6203/5807 3468/6204/5808 3455/6205/5809
f 3455/6205/5809 3468/6204/5808 3469/6206/5810
f 3455/6205/5809 3469/6206/5810 3454/6207/5811
f 3454/6207/5811 3469/6206/5810 3470/6208/5812
f 3454/6207/5811 3470/6208/5812 3453/6209/5813
f 3453/6209/5813 3470/6208/5812 3471/6210/5814
f 3453/6209/5813 3471/6210/5814 3452/6211/5815
f 3452/6211/5815 3471/6210/5814 3472/6212/5816
f 3452/6211/5815 3472/6212/5816 3451/6213/5817
f 3451/6213/5817 3472/6212/5816 3473/6214/5818
f 3451/6213/5817 3473/6214/5818 3450/6215/5819
f 3450/6215/5819 3473/6214/5818 3474/6216/5820
f 3450/6215/5819 3474/6216/5820 3449/6217/5821
f 3449/6217/5821 3474/6216/5820 3475/6218/5822
f 3449/6217/5821 3475/6218/5822 3448/6219/5823
f 3448/6219/5823 3475/6218/5822 3476/6220/5824
f 3448/6219/5823 3476/6220/5824 3447/6221/5825
f 3447/6221/5825 3476/6220/5824 3477/6222/5826
f 3447/6221/5825 3477/6222/5826 3446/6223/5827
f 3446/6223/5827 3477/6222/5826 3478/6224/5828
f 3446/6223/5827 3478/6224/5828 3445/6225/5829
f 3445/6225/5829 3478/6224/5828 3479/6226/5830
f 3445/6225/5829 3479/6226/5830 3444/6227/5831
f 3444/6227/5831 3479/6226/5830 3480/6228/5832
f 3444/6227/5831 3480/6228/5832 3443/6229/5833
f 3443/6229/5833 3480/6228/5832 3481/6230/5834
f 3443/6229/5833 3481/6230/5834 3442/6231/5835
f 3442/6231/5835 3481/6230/5834 3482/6232/5836
f 3442/6231/5835 3482/6232/5836 3441/6233/5837
f 3441/6233/5837 3482/6232/5836 3483/6234/5838
f 3441/6233/5837 3483/6234/5838 3440/6235/5839
f 3440/6235/5839 3483/6234/5838 3484/6236/5840
f 3440/6235/5839 3484/6236/5840 3439/6237/5841
f 3439/6237/5841 3484/6236/5840 3485/6238/5842
f 3439/6237/5841 3485/6238/5842 3438/6239/5843
f 3438/6239/5843 3485/6238/5842 3486/6240/5844
f 3438/6239/5843 3486/6240/5844 3437/6241/5845
f 3437/6241/5845 3486/6240/5844 3487/6242/5846
f 3437/6241/5845 3487/6242/5846 3436/6243/5847
f 3436/6243/5847 3487/6242/5846 3488/6244/5848
f 3436/6243/5847 3488/6244/5848 3435/6245/5849
f 3435/6245/5849 3488/6244/5848 3489/6246/5850
f 3435/6245/5849 3489/6246/5850 3434/6247/5851
f 3434/6247/5851 3489/6246/5850 3490/6248/5852
f 3434/6247/5851 3490/6248/5852 3433/6249/5853
f 3433/6249/5853 3490/6248/5852 3491/6250/5854
f 3433/6249/5853 3491/6250/5854 3432/6251/5855
f 3432/6251/5855 3491/6250/5854 3492/6252/5856
f 3432/6251/5855 3492/6252/5856 3431/6253/5857
f 3431/6253/5857 3492/6252/5856 3493/6254/5858
f 3431/6253/5857 3493/6254/5858 3430/6255/5859
f 3430/6255/5859 3493/6254/5858 3494/6256/5860
f 3430/6255/5859 3494/6256/5860 3429/6257/5861
f 3429/6257/5861 3494/6256/5860 3495/6258/5862
f 3429/6257/5861 3495/6258/5862 3428/6259/5863
f 3428/6259/5863 3495/6258/5862 3496/6260/5864
f 3428/6259/5863 3496/6260/5864 3427/6261/5865
f 3427/6261/5865 3496/6260/5864 3497/6262/5866
f 3427/6261/5865 3497/6262/5866 3426/6263/5867
f 3426/6263/5867 3497/6262/5866 3498/6264/5868
f 3426/6263/5867 3498/6264/5868 3425/6265/5869
f 3425/6265/5869 3498/6264/5868 3499/6266/5870
f 3425/6265/5869 3499/6266/5870 3424/6267/5871
f 3424/6267/5871 3499/6266/5870 3500/6268/5872
f 3424/6267/5871 3500/6268/5872 3423/6269/5873
f 3423/6269/5873 3500/6268/5872 3501/6270/5874
f 3423/6269/5873 3501/6270/5874 3422/6271/5875
f 3422/6271/5875 3501/6270/5874 3502/6272/5876
f 3422/6271/5875 3502/6272/5876 3421/6273/5877
f 3421/6273/5877 3502/6272/5876 3503/6274/5878
f 3421/6273/5877 3503/6274/5878 3420/6275/5879
f 3420/6275/5879 3503/6274/5878 3504/6276/5880
f 3420/6275/5879 3504/6276/5880 3419/6277/5881
f 3419/6277/5881 3504/6276/5880 3505/6278/5882
f 3419/6277/5881 3505/6278/5882 3418/6279/5883
f 3418/6279/5883 3505/6278/5882 3506/6280/5884
f 3418/6279/5883 3506/6280/5884 3417/6187/5793
f 3417/6187/5793 3506/6280/5884 3507/6188/5794
# 3507 vertices
# 6280 texture params
# 5884 normals
# 6938 facets

# 4 groups
